Date,SessionTime,DriverAhead,DistanceToDriverAhead,Time,RPM,Speed,nGear,Throttle,Brake,DRS,Source,Distance,RelativeDistance,Status,X,Y,Z
2026-09-12 14:37:57.040,0 days 00:51:54.510000,,426.50999999999993,0 days 00:00:00,11091.375072,246.4250048,6,100.0,False,0,interpolation,0.0506981465904929,9.470418996043501e-06,OnTrack,5559.880129487268,-1361.843674936302,7255.999999999998
2026-09-12 14:37:57.134,0 days 00:51:54.604000,,426.50999999999993,0 days 00:00:00.094000,11144.250144,249.9500096,6,100.0,False,0,pos,6.60714059088247,0.001234214541743384,OnTrack,5498.0,-1372.0,7256.0
2026-09-12 14:37:57.162,0 days 00:51:54.632000,,426.50999999999993,0 days 00:00:00.122000,11160.0,251.0,6,100.0,False,0,car,8.569444444444441,0.0016007731033588844,OnTrack,5479.276418964638,-1375.0186443393682,7256.0
2026-09-12 14:37:57.254,0 days 00:51:54.724000,,426.50999999999993,0 days 00:00:00.214000,11160.0,252.7250048,6,100.0,False,0,pos,15.047110800913662,0.0028108018448009344,OnTrack,5417.0,-1385.0,7256.0
2026-09-12 14:37:57.322,0 days 00:51:54.792000,23,426.50999999999993,0 days 00:00:00.282000,11160.0,254.0,6,100.0,False,0,car,19.858333333333327,0.003709538708561642,OnTrack,5370.566784371235,-1392.593561299009,7256.0
2026-09-12 14:37:57.482,0 days 00:51:54.952000,23,418.6433333333326,0 days 00:00:00.442000,11692.0,257.0,6,100.0,False,0,car,31.28055555555555,0.005843210994140811,OnTrack,5260.075677426546,-1411.1402149354158,7256.000000000001
2026-09-12 14:37:57.575,0 days 00:51:55.045000,23,413.8124900266661,0 days 00:00:00.535000,11281.80272457143,260.3214354285714,6,100.0,False,0,pos,38.081945951097296,0.00711371141936791,OnTrack,5195.0,-1422.0,7256.0
2026-09-12 14:37:57.762,0 days 00:51:55.232000,23,404.0988888888888,0 days 00:00:00.722000,10457.0,267.0,6,100.0,False,0,car,52.04722222222222,0.009722426462766751,OnTrack,5062.179349923081,-1443.7879421507664,7255.999999999999
2026-09-12 14:37:57.815,0 days 00:51:55.285000,23,401.25749012090245,0 days 00:00:00.775000,10503.963716816224,267.7243760948518,6,100.0,False,0,pos,56.02976021544503,0.01046636496939759,OnTrack,5024.0,-1450.0,7256.0
2026-09-12 14:37:58.035,0 days 00:51:55.505000,23,389.46304739592136,0 days 00:00:00.995000,10698.906740788083,270.73120936948203,6,100.0,False,0,pos,72.65971296889197,0.013572841853684424,OnTrack,4863.0,-1476.0,7256.0
2026-09-12 14:37:58.201,0 days 00:51:55.671000,23,380.56361111111147,0 days 00:00:01.161000,10846.0,273.0,7,100.0,False,0,car,85.33805555555556,0.015941157552499405,OnTrack,4740.8889038592915,-1495.4130447151372,7255.99999999999
2026-09-12 14:37:58.215,0 days 00:51:55.685000,23,379.789715146667,0 days 00:00:01.175000,10856.281344,273.2625024,7,100.0,False,0,pos,86.4129606476759,0.016141949934232538,OnTrack,4731.0,-1497.0,7256.0
2026-09-12 14:37:58.315,0 days 00:51:55.785000,23,374.2619373688892,0 days 00:00:01.275000,10929.718844,275.1375024,7,100.0,False,0,pos,94.11628304149065,0.01758093134947646,OnTrack,4657.0,-1509.0,7256.0
2026-09-12 14:37:58.521,0 days 00:51:55.991000,23,362.87472222222243,0 days 00:00:01.481000,11081.0,279.0,7,100.0,False,0,car,110.13805555555555,0.020573800102511763,OnTrack,4405.0456870637745,-1550.211500979643,7255.999999998594
2026-09-12 14:37:58.575,0 days 00:51:56.045000,23,359.814714968889,0 days 00:00:01.535000,11098.1643264,279.964288,7,100.0,False,0,pos,114.37564514898031,0.021365382274285513,OnTrack,4351.0,-1559.0,7256.0
2026-09-12 14:37:58.801,0 days 00:51:56.271000,23,347.0080555555552,0 days 00:00:01.761000,11170.0,284.0,7,100.0,False,0,car,132.22694444444443,0.02470000681820377,OnTrack,4252.432384792707,-1574.5289524729963,7256.000000013397
2026-09-12 14:37:58.895,0 days 00:51:56.365000,23,341.65527048888885,0 days 00:00:01.855000,11244.0251008,284.5875008,7,100.0,False,0,pos,139.65824147489244,0.0260881738676003,OnTrack,4212.0,-1581.0,7256.0
2026-09-12 14:37:58.961,0 days 00:51:56.431000,23,337.8969444444446,0 days 00:00:01.921000,11296.0,285.0,7,100.0,False,0,car,144.8936111111111,0.027066141453962776,OnTrack,4170.86973484936,-1587.725415136095,7255.999999979081
2026-09-12 14:37:59.121,0 days 00:51:56.591000,23,328.65249999999946,0 days 00:00:02.081000,11367.0,288.0,7,100.0,False,0,car,157.6936111111111,0.02945718277009818,OnTrack,4038.016339417711,-1609.647067883703,7255.999999947087
2026-09-12 14:37:59.175,0 days 00:51:56.645000,23,325.47249246222174,0 days 00:00:02.135000,11386.125045333334,288.9000021333333,7,100.0,False,0,pos,162.04861107455346,0.03027069721106372,OnTrack,3993.0,-1617.0,7256.0
2026-09-12 14:37:59.361,0 days 00:51:56.831000,23,314.51916666666637,0 days 00:00:02.321000,11452.0,292.0,7,100.0,False,0,car,177.1602777777778,0.03309355810505413,OnTrack,3845.784178810281,-1640.6941671232823,7256.000000186761
2026-09-12 14:37:59.395,0 days 00:51:56.865000,23,312.4980479466663,0 days 00:00:02.355000,11466.79005568,292.34000128,7,100.0,False,0,pos,179.93400241287947,0.03361169015209403,OnTrack,3819.0,-1645.0,7256.0
2026-09-12 14:37:59.561,0 days 00:51:57.031000,23,302.6302777777772,0 days 00:00:02.521000,11539.0,294.0,7,100.0,False,0,car,193.4936111111111,0.03614462645116441,OnTrack,3686.2753364041464,-1666.4333460995588,7255.99999822807
2026-09-12 14:37:59.635,0 days 00:51:57.105000,23,298.2519368711108,0 days 00:00:02.595000,11576.000064,293.5374992,7,100.0,False,0,pos,199.5192272401361,0.03727021216363869,OnTrack,3627.0,-1676.0,7256.0
2026-09-12 14:37:59.721,0 days 00:51:57.191000,23,293.1636111111111,0 days 00:00:02.681000,11619.0,293.0,7,100.0,False,0,car,206.51583333333335,0.03857717890126051,OnTrack,3558.485012904669,-1687.0260474000213,7256.000005516319
2026-09-12 14:37:59.815,0 days 00:51:57.285000,23,287.57582572444437,0 days 00:00:02.775000,11610.187488,293.2937504,7,100.0,False,0,pos,214.17368772432073,0.04000766688890112,OnTrack,3483.0,-1699.0,7256.0
2026-09-12 14:37:59.975,0 days 00:51:57.445000,23,278.0647146133332,0 days 00:00:02.935000,11595.187488,293.7937504,7,100.0,False,0,pos,227.24012258243008,0.042448478263927,OnTrack,3353.0,-1719.0,7256.0
2026-09-12 14:38:00.041,0 days 00:51:57.511000,23,274.14138888888874,0 days 00:00:03.001000,11589.0,294.0,7,100.0,False,0,car,232.64916666666667,0.04345888825503697,OnTrack,3302.9604486647436,-1726.6660764918686,7256.000125006283
2026-09-12 14:38:00.215,0 days 00:51:57.685000,23,263.70138120888913,0 days 00:00:03.175000,11611.992874057143,295.2428580571429,7,100.0,False,0,pos,246.96338435488786,0.04613278559102864,OnTrack,3176.0,-1746.0,7256.0
2026-09-12 14:38:00.315,0 days 00:51:57.785000,23,257.70138120888936,0 days 00:00:03.275000,11625.20715977143,295.95714377142855,7,100.0,False,0,pos,255.17945858853972,0.04766754910267685,OnTrack,3095.0,-1758.0,7256.0
2026-09-12 14:38:00.321,0 days 00:51:57.791000,23,257.34138888888936,0 days 00:00:03.281000,11626.0,296.0,7,100.0,False,0,car,255.6713888888889,0.04775944173336386,OnTrack,3089.5776882994687,-1758.7834838374285,7256.000235786002
2026-09-12 14:38:00.521,0 days 00:51:57.991000,23,245.45250000000027,0 days 00:00:03.481000,11812.0,294.0,7,100.0,False,0,car,272.0047222222222,0.05081051007947414,OnTrack,2869.043392502059,-1789.3393389910036,7256.023539439998
2026-09-12 14:38:00.635,0 days 00:51:58.105000,23,238.77082583111132,0 days 00:00:03.595000,11643.4935608,292.9312488,7,100.0,False,0,pos,281.26199155526376,0.05253976894274724,OnTrack,2754.0,-1805.0,7256.0
2026-09-12 14:38:00.841,0 days 00:51:58.311000,23,226.69694444444457,0 days 00:00:03.801000,11339.0,291.0,7,100.0,False,0,car,297.8713888888889,0.055642406072497784,OnTrack,2620.7721236853945,-1823.2369459148738,7255.828899162797
2026-09-12 14:38:01.001,0 days 00:51:58.471000,23,217.4969444444439,0 days 00:00:03.961000,11266.0,287.0,7,100.0,False,0,car,310.6269444444444,0.058025145161841055,OnTrack,2535.294462668965,-1834.957168875641,7255.914706761689
2026-09-12 14:38:01.035,0 days 00:51:58.505000,23,215.71193772444397,0 days 00:00:03.995000,11189.434327138462,285.8230724923077,7,93.46151384615385,False,0,pos,313.31493959555917,0.058527262932457226,OnTrack,2513.0,-1838.0,7256.0
2026-09-12 14:38:01.295,0 days 00:51:58.765000,23,202.06193772444442,0 days 00:00:04.255000,10603.934327138462,276.8230724923077,7,43.46151384615384,False,0,pos,333.5647739276773,0.06230993406784722,OnTrack,2308.0,-1866.0,7257.0
2026-09-12 14:38:01.435,0 days 00:51:58.905000,23,194.71193772444465,0 days 00:00:04.395000,10288.66509636923,271.9769186461538,7,16.538436923076922,False,0,pos,343.70494311104187,0.06420411871394312,OnTrack,2200.0,-1881.0,7257.0
2026-09-12 14:38:01.521,0 days 00:51:58.991000,23,190.1969444444448,0 days 00:00:04.481000,10095.0,269.0,7,0.0,True,0,car,349.48249999999996,0.0652833669348667,OnTrack,2138.1694963549694,-1889.4715297991297,7256.984667768366
2026-09-12 14:38:01.694,0 days 00:51:59.164000,23,184.09388211555566,0 days 00:00:04.654000,10326.3877568,242.18497024,7,0.0,True,0,pos,360.0641930143787,0.06726002827799489,OnTrack,2009.0,-1907.0,7257.0
2026-09-12 14:38:01.914,0 days 00:51:59.384000,23,176.33278003555537,0 days 00:00:04.874000,10620.6374144,208.08500992,7,0.0,True,0,pos,372.1109442292456,0.06951036264361608,OnTrack,1806.0,-1935.0,7257.0
2026-09-12 14:38:01.921,0 days 00:51:59.391000,23,176.08583333333314,0 days 00:00:04.881000,10630.0,207.0,7,0.0,True,0,car,372.48249999999996,0.0695797692997975,OnTrack,1800.333408032932,-1935.791564419387,7257.000019885688
2026-09-12 14:38:02.081,0 days 00:51:59.551000,23,171.41916666666702,0 days 00:00:05.041000,11190.0,185.0,7,0.0,True,0,car,380.7047222222222,0.07111568125634282,OnTrack,1694.3364238584304,-1950.8247520710543,7257.003949107542
2026-09-12 14:38:02.274,0 days 00:51:59.744000,23,167.18388932871545,0 days 00:00:05.234000,10694.793645732361,167.8291832778211,7,0.0,True,0,pos,389.4346524838562,0.07274643312685436,OnTrack,1607.0,-1964.0,7257.0
2026-09-12 14:38:02.362,0 days 00:51:59.832000,23,165.25277777777825,0 days 00:00:05.322000,10469.0,160.0,7,0.0,True,0,car,393.19361111111107,0.07344860698493327,OnTrack,1574.144572188527,-1969.3385857420312,7256.9880637346605
2026-09-12 14:38:02.682,0 days 00:52:00.152000,23,159.4750000000003,0 days 00:00:05.642000,10943.0,148.0,5,0.0,True,0,car,406.34916666666663,0.07590606611540578,OnTrack,1478.2493345862576,-1988.6460165315589,7256.9607729238205
2026-09-12 14:38:02.754,0 days 00:52:00.224000,23,158.53500000000014,0 days 00:00:05.714000,11161.314285714287,144.14285714285714,5,0.0,True,0,pos,409.1108198205132,0.076421943208506,OnTrack,1454.0,-1995.0,7257.0
2026-09-12 14:38:02.954,0 days 00:52:00.424000,23,155.9238888888885,0 days 00:00:05.914000,11767.742857142857,133.42857142857142,5,0.0,True,0,pos,416.40943046911735,0.0777853244281309,OnTrack,1381.0,-2017.0,7257.0
2026-09-12 14:38:02.962,0 days 00:52:00.432000,23,155.81944444444406,0 days 00:00:05.922000,11792.0,133.0,3,0.0,True,0,car,416.69361111111107,0.07783840940127564,OnTrack,1378.301365932945,-2017.9433937989268,7256.975473070924
2026-09-12 14:38:03.134,0 days 00:52:00.604000,23,154.29055327999978,0 days 00:00:06.094000,11302.27704888889,128.2222151111111,3,0.0,True,0,pos,422.6722742383487,0.07895522428818817,OnTrack,1322.0,-2043.0,7256.0
2026-09-12 14:38:03.314,0 days 00:52:00.784000,23,152.6905555555555,0 days 00:00:06.274000,10789.777777777777,123.22222222222223,3,0.0,True,0,pos,428.72746484213906,0.08008633451558955,OnTrack,1247.0,-2095.0,7255.0
2026-09-12 14:38:03.322,0 days 00:52:00.792000,23,152.6194444444444,0 days 00:00:06.282000,10767.0,123.0,2,0.0,True,0,car,428.9936111111111,0.0801360506659995,OnTrack,1244.0170312370785,-2097.5050871306644,7254.970178474625
2026-09-12 14:38:03.722,0 days 00:52:01.192000,23,150.1749999999994,0 days 00:00:06.682000,10223.0,116.0,2,0.0,False,0,car,441.8825,0.0825436964357192,OnTrack,1157.6274295694195,-2214.216161353873,7254.978839300126
2026-09-12 14:38:03.754,0 days 00:52:01.224000,23,150.0327777777773,0 days 00:00:06.714000,10211.6,114.6,2,2.2,False,0,pos,442.8607216220752,0.08272642833530659,OnTrack,1154.0,-2221.0,7255.0
2026-09-12 14:38:03.882,0 days 00:52:01.352000,23,149.46388888888896,0 days 00:00:06.842000,10166.0,109.0,2,11.0,False,0,car,446.7269444444444,0.08344863915606211,OnTrack,1142.858740658039,-2243.0061309436346,7255.03650140812
2026-09-12 14:38:04.082,0 days 00:52:01.552000,23,148.3527777777776,0 days 00:00:07.042000,10305.0,111.0,2,37.0,False,0,car,452.8936111111111,0.08460057312347109,OnTrack,1130.893784467365,-2275.096603627765,7255.002045100606
2026-09-12 14:38:04.095,0 days 00:52:01.565000,23,148.2697209955554,0 days 00:00:07.055000,10329.104522666667,111.1625024,2,37.70417706666667,False,0,pos,453.300023997477,0.08467649109243287,OnTrack,1130.0,-2278.0,7255.0
2026-09-12 14:38:04.322,0 days 00:52:01.792000,23,146.8194444444445,0 days 00:00:07.282000,10750.0,114.0,2,50.0,False,0,car,460.49361111111114,0.0860202539049265,OnTrack,1111.6894752458556,-2344.781743439175,7254.979469514973
2026-09-12 14:38:04.415,0 days 00:52:01.885000,23,145.96694279834864,0 days 00:00:07.375000,10687.48213398151,114.38830972682291,2,40.29225682942706,False,0,pos,463.4856214942023,0.08657916175213565,OnTrack,1103.0,-2376.0,7255.0
2026-09-12 14:38:04.635,0 days 00:52:02.105000,23,143.950276401132,0 days 00:00:07.595000,10539.59071324049,115.30688997987274,2,17.327750503181562,False,0,pos,470.63941165233643,0.08791549048924982,OnTrack,1080.0,-2450.0,7255.0
2026-09-12 14:38:04.801,0 days 00:52:02.271000,23,142.4286111111108,0 days 00:00:07.761000,10428.0,116.0,2,0.0,False,0,car,475.9280555555556,0.08890340971416583,OnTrack,1059.9619871746113,-2499.9597445208083,7254.4301091526195
2026-09-12 14:38:05.055,0 days 00:52:02.525000,23,140.38249896888854,0 days 00:00:08.015000,10225.954443636363,112.53636189090909,2,0.0,False,0,pos,483.72924818231377,0.0903606732989869,OnTrack,1022.0,-2564.0,7253.0
2026-09-12 14:38:05.235,0 days 00:52:02.705000,23,138.93249896888855,0 days 00:00:08.195000,10082.772625454545,110.08181643636364,2,0.0,False,0,pos,489.1897981587514,0.09138070459605602,OnTrack,985.0,-2601.0,7252.0
2026-09-12 14:38:05.241,0 days 00:52:02.711000,23,138.88416666666632,0 days 00:00:08.201000,10078.0,110.0,2,0.0,False,0,car,489.37250000000006,0.09141483331878722,OnTrack,983.4374904093645,-2602.224369526914,7251.953074884692
2026-09-12 14:38:05.435,0 days 00:52:02.905000,23,137.21361000888888,0 days 00:00:08.395000,10201.19008128,110.48500032,2,22.310014719999998,False,0,pos,495.3038885663651,0.09252281731286785,OnTrack,922.0,-2641.0,7250.0
2026-09-12 14:38:05.641,0 days 00:52:03.111000,23,135.43972222222254,0 days 00:00:08.601000,10332.0,111.0,2,46.0,False,0,car,501.70583333333343,0.09371870125360521,OnTrack,848.7473304787162,-2670.4880313065255,7248.12565291537
2026-09-12 14:38:05.795,0 days 00:52:03.265000,23,133.81416531555587,0 days 00:00:08.755000,10926.650494254545,113.80000232727272,2,56.150008436363635,False,0,pos,506.5992196898851,0.09463278632816212,OnTrack,799.0,-2685.0,7247.0
2026-09-12 14:38:06.081,0 days 00:52:03.551000,23,130.7952777777781,0 days 00:00:09.041000,12031.0,119.0,2,75.0,False,0,car,516.2502777777779,0.096435604971332,OnTrack,730.774425318034,-2698.389839537239,7245.523749812067
2026-09-12 14:38:06.215,0 days 00:52:03.685000,23,128.85972037333337,0 days 00:00:09.175000,11391.1493888,127.13572205714286,2,68.2999936,False,0,pos,521.239116125699,0.09736752048769136,OnTrack,695.0,-2703.0,7245.0
2026-09-12 14:38:06.361,0 days 00:52:03.831000,23,126.75083333333305,0 days 00:00:09.321000,10694.0,136.0,2,61.0,False,0,car,526.8280555555557,0.09841153494786056,OnTrack,646.555956667575,-2708.814714234628,7244.492323404248
2026-09-12 14:38:06.455,0 days 00:52:03.925000,23,125.36694255999993,0 days 00:00:09.415000,10756.442942171429,137.00714422857143,2,68.38572434285715,False,0,pos,530.3940540822066,0.09907766383930587,OnTrack,609.0,-2713.0,7244.0
2026-09-12 14:38:06.641,0 days 00:52:04.111000,23,122.62861111111147,0 days 00:00:09.601000,10880.0,139.0,3,83.0,False,0,car,537.6391666666668,0.10043105161504785,OnTrack,520.3619540644611,-2722.050353171259,7242.427711344467
2026-09-12 14:38:06.715,0 days 00:52:04.185000,23,121.18971973333348,0 days 00:00:09.675000,11134.889329777778,143.31667413333332,3,86.49445048888889,False,0,pos,540.7418901597107,0.10101064068258,OnTrack,488.0,-2725.0,7242.0
2026-09-12 14:38:07.001,0 days 00:52:04.471000,23,115.62861111111044,0 days 00:00:09.961000,12120.0,160.0,3,100.0,False,0,car,553.6391666666668,0.10341985326021712,OnTrack,393.71593985797176,-2730.8306404359814,7242.020857553533
2026-09-12 14:38:07.015,0 days 00:52:04.485000,23,115.33694177777713,0 days 00:00:09.975000,12080.7996416,160.5250048,3,100.0,False,0,pos,554.2834743766385,0.10354021000668956,OnTrack,389.0,-2731.0,7242.0
2026-09-12 14:38:07.241,0 days 00:52:04.711000,23,110.62861111111067,0 days 00:00:10.201000,11448.0,169.0,3,100.0,False,0,car,564.9058333333335,0.1055244677520238,OnTrack,295.7606008155803,-2730.6941508756313,7241.0937958959
2026-09-12 14:38:07.275,0 days 00:52:04.745000,23,109.74082999111072,0 days 00:00:10.235000,11487.9501504,170.6291728,3,100.0,False,0,pos,566.5824161017521,0.10583765358555579,OnTrack,275.0,-2729.0,7241.0
2026-09-12 14:38:07.475,0 days 00:52:04.945000,23,104.51860776888874,0 days 00:00:10.435000,11722.9501504,180.21250613333333,3,100.0,False,0,pos,576.9393803309445,0.10777233556850388,OnTrack,124.0,-2709.0,7241.0
2026-09-12 14:38:07.721,0 days 00:52:05.191000,23,98.09527777777794,0 days 00:00:10.681000,12012.0,192.0,4,100.0,False,0,car,590.5058333333334,0.11030655038429461,OnTrack,1.0019672546611358,-2675.282340036911,7241.902447992691
2026-09-12 14:38:07.875,0 days 00:52:05.345000,23,93.60360737777809,0 days 00:00:10.835000,11790.410926933333,198.84445013333334,4,100.0,False,0,pos,599.2944395757942,0.11194826293405784,OnTrack,-54.0,-2653.0,7243.0
2026-09-12 14:38:08.081,0 days 00:52:05.551000,23,87.59527777777828,0 days 00:00:11.041000,11494.0,208.0,5,100.0,False,0,car,611.3058333333335,0.11419199252301467,OnTrack,-124.35517787045522,-2622.936524258118,7245.133097180003
2026-09-12 14:38:08.155,0 days 00:52:05.625000,23,85.35471834666724,0 days 00:00:11.115000,11434.7998976,209.8500032,5,100.0,False,0,pos,615.6564155471993,0.11500468172790507,OnTrack,-153.0,-2609.0,7246.0
2026-09-12 14:38:08.321,0 days 00:52:05.791000,23,80.32861111111185,0 days 00:00:11.281000,11302.0,214.0,5,100.0,False,0,car,625.5725000000001,0.11685700732329059,OnTrack,-228.37935740631,-2568.3756423622985,7248.045693032867
2026-09-12 14:38:08.534,0 days 00:52:06.004000,23,73.34693815111115,0 days 00:00:11.494000,11443.4084608,221.6916736,5,100.0,False,0,pos,638.9074440822006,0.11934797624898563,OnTrack,-343.0,-2493.0,7251.0
2026-09-12 14:38:08.681,0 days 00:52:06.151000,23,68.52861111111065,0 days 00:00:11.641000,11541.0,227.0,5,100.0,False,0,car,648.2725,0.12109736965737447,OnTrack,-428.7485417304803,-2423.601436617983,7253.296215653623
2026-09-12 14:38:08.734,0 days 00:52:06.204000,23,66.79138190497954,0 days 00:00:11.694000,11181.5202939708,227.98758160997033,5,100.0,False,0,pos,651.6440327171048,0.12172717231560103,OnTrack,-457.0,-2399.0,7254.0
2026-09-12 14:38:08.842,0 days 00:52:06.312000,23,63.25138888888853,0 days 00:00:11.802000,10449.0,230.0,5,100.0,False,0,car,658.5586111111111,0.12301881627057963,OnTrack,-506.59951617244377,-2353.0873662010126,7255.071745467998
2026-09-12 14:38:09.002,0 days 00:52:06.472000,23,57.74027777777826,0 days 00:00:11.962000,10696.0,237.0,6,100.0,False,0,car,669.0919444444444,0.12498644402031606,OnTrack,-564.1110804296262,-2292.0111155440813,7255.9989797285625
2026-09-12 14:38:09.114,0 days 00:52:06.584000,23,53.789166666666965,0 days 00:00:12.074000,10820.32,239.8,6,100.0,False,0,pos,676.5811978702897,0.12638543733033206,OnTrack,-606.0,-2242.0,7257.0
2026-09-12 14:38:09.202,0 days 00:52:06.672000,23,50.684722222222376,0 days 00:00:12.162000,10918.0,242.0,6,100.0,False,0,car,682.536388888889,0.12749786762493748,OnTrack,-641.4886806307496,-2196.9824291898008,7258.092131569623
2026-09-12 14:38:09.274,0 days 00:52:06.744000,23,48.064722222222336,0 days 00:00:12.234000,10997.875,243.8,6,100.0,False,0,pos,687.4633704583727,0.12841822828872443,OnTrack,-671.0,-2158.0,7259.0
2026-09-12 14:38:09.494,0 days 00:52:06.964000,23,40.05915735111111,0 days 00:00:12.454000,11241.937784,249.3000064,6,100.0,False,0,pos,702.7873580895593,0.1312807507538897,OnTrack,-757.0,-2036.0,7261.0
2026-09-12 14:38:09.522,0 days 00:52:06.992000,23,39.04027777777776,0 days 00:00:12.482000,11273.0,250.0,6,100.0,False,0,car,704.7586111111111,0.1316489810210059,OnTrack,-767.102208387164,-2020.7141207758075,7261.175975436566
2026-09-12 14:38:09.654,0 days 00:52:07.124000,23,34.12693491555623,0 days 00:00:12.614000,11416.5502784,254.125008,6,100.0,False,0,pos,714.1038681887112,0.13339467600400967,OnTrack,-813.0,-1949.0,7262.0
2026-09-12 14:38:09.682,0 days 00:52:07.152000,23,33.084722222223036,0 days 00:00:12.642000,11447.0,255.0,6,100.0,False,0,car,716.0919444444445,0.13376604885300078,OnTrack,-822.8812102481527,-1933.4567295031063,7262.264227960892
2026-09-12 14:38:09.882,0 days 00:52:07.352000,23,25.695833333333667,0 days 00:00:12.842000,11705.0,257.0,6,100.0,False,0,car,730.3697222222223,0.13643313920997477,OnTrack,-895.947499130261,-1818.1942808367253,7265.044662870747
2026-09-12 14:38:09.954,0 days 00:52:07.424000,23,22.955833333333175,0 days 00:00:12.914000,11516.0,259.7,6,100.0,False,0,pos,735.5977692306211,0.13740973892870756,OnTrack,-923.0,-1775.0,7266.0
2026-09-12 14:38:10.042,0 days 00:52:07.512000,23,19.606944444443684,0 days 00:00:13.002000,11285.0,263.0,6,100.0,False,0,car,742.0586111111112,0.13861662485630674,OnTrack,-956.4966305087282,-1721.0248338162207,7266.992466299867
2026-09-12 14:38:10.134,0 days 00:52:07.604000,23,15.978045457777593,0 days 00:00:13.094000,11136.937088,265.3000064,6,100.0,False,0,pos,748.8904144028256,0.13989280641366605,OnTrack,-991.0,-1665.0,7268.0
2026-09-12 14:38:10.214,0 days 00:52:07.684000,23,12.82248990222254,0 days 00:00:13.174000,11008.187088,267.3000064,6,100.0,False,0,pos,754.8951817476877,0.14101449757111495,OnTrack,-1021.0,-1616.0,7269.0
2026-09-12 14:38:10.362,0 days 00:52:07.832000,23,6.984722222223468,0 days 00:00:13.322000,10770.0,271.0,7,100.0,False,0,car,766.1474999999999,0.14311643177764488,OnTrack,-1098.4995912753118,-1488.2478092770637,7271.089709985527
2026-09-12 14:38:10.495,0 days 00:52:07.965000,23,515.0095887122967,0 days 00:00:13.455000,10857.558459733333,275.43333973333336,7,100.0,False,0,pos,776.4128092158559,0.14503399259467747,OnTrack,-1174.0,-1363.0,7273.0
2026-09-12 14:38:10.602,0 days 00:52:08.072000,27,923.7199999999996,0 days 00:00:13.562000,10928.0,279.0,7,100.0,False,0,car,784.7475,0.14659091369015415,OnTrack,-1225.557762824626,-1276.925991187174,7274.418728304577
2026-09-12 14:38:10.935,0 days 00:52:08.405000,27,919.0024972799997,0 days 00:00:13.895000,11330.09773184,283.99500288,7,100.0,False,0,pos,811.0263360507913,0.15149980296651283,OnTrack,-1341.0,-1082.0,7278.0
2026-09-12 14:38:11.002,0 days 00:52:08.472000,27,918.0533333333331,0 days 00:00:13.962000,11411.0,285.0,7,100.0,False,0,car,816.4141666666667,0.15250625027955167,OnTrack,-1358.3387378159446,-1052.6735994821765,7278.5171314197705
2026-09-12 14:38:11.315,0 days 00:52:08.785000,27,913.0105524622219,0 days 00:00:14.275000,10748.22209344,293.60750528,7,100.0,False,0,pos,842.0813965794083,0.1573008914664354,OnTrack,-1448.0,-904.0,7281.0
2026-09-12 14:38:11.402,0 days 00:52:08.872000,27,911.6088888888885,0 days 00:00:14.362000,10564.0,296.0,7,100.0,False,0,car,849.3030555555556,0.15864989810573293,OnTrack,-1493.7982167201687,-829.8406088425605,7282.268824074339
2026-09-12 14:38:11.561,0 days 00:52:09.031000,27,908.914722222222,0 days 00:00:14.521000,10442.0,300.0,7,100.0,False,0,car,862.5530555555556,0.16112499946813874,OnTrack,-1593.898798960994,-668.7636698466271,7285.035432590901
2026-09-12 14:38:11.635,0 days 00:52:09.105000,27,907.6813867555554,0 days 00:00:14.595000,10513.092980114287,300.2642861714286,7,100.0,False,0,pos,868.724341771315,0.16227779636779321,OnTrack,-1630.0,-611.0,7286.0
2026-09-12 14:38:11.841,0 days 00:52:09.311000,27,904.2480555555553,0 days 00:00:14.801000,10711.0,301.0,8,100.0,False,0,car,885.9641666666666,0.1654981974308968,OnTrack,-1688.33698640633,-519.0322247330663,7287.418530664066
2026-09-12 14:38:11.915,0 days 00:52:09.385000,27,902.9119421333331,0 days 00:00:14.875000,10756.14007808,302.8500032,8,100.0,False,0,pos,892.2161793927954,0.16666607405098885,OnTrack,-1710.0,-485.0,7288.0
2026-09-12 14:38:12.041,0 days 00:52:09.511000,27,900.6369444444443,0 days 00:00:15.001000,10833.0,306.0,8,100.0,False,0,car,902.9641666666665,0.16867379917888914,OnTrack,-1758.950434103076,-407.66160939037695,7289.449946960097
2026-09-12 14:38:12.721,0 days 00:52:10.191000,27,873.6258333333333,0 days 00:00:15.681000,11230.0,319.0,8,100.0,False,0,car,963.2197222222221,0.17992954315232865,OnTrack,-2145.577444731823,207.3727836608345,7301.846434061303
2026-09-12 14:38:12.735,0 days 00:52:10.205000,27,873.0269389688888,0 days 00:00:15.695000,11239.4500864,319.0875008,8,100.0,False,0,pos,964.4637285125565,0.18016192365527567,OnTrack,-2151.0,216.0,7302.0
2026-09-12 14:38:12.881,0 days 00:52:10.351000,27,866.7813888888885,0 days 00:00:15.841000,11338.0,320.0,8,100.0,False,0,car,977.4419444444444,0.18258625572581247,OnTrack,-2197.885057945875,290.5609640512165,7303.218782167733
2026-09-12 14:38:13.121,0 days 00:52:10.591000,27,853.9813888888887,0 days 00:00:16.081000,11428.0,325.0,8,100.0,False,0,car,999.108611111111,0.18663359128697918,OnTrack,-2268.268993040103,402.82477753418493,7304.8508681179765
2026-09-12 14:38:13.135,0 days 00:52:10.605000,27,853.1374922844442,0 days 00:00:16.095000,11430.03001856,325.1750016,8,100.0,False,0,pos,1000.3822569197786,0.18687150845499845,OnTrack,-2274.0,412.0,7305.0
2026-09-12 14:38:13.295,0 days 00:52:10.765000,27,843.4930478399996,0 days 00:00:16.255000,11453.23001856,327.1750016,8,100.0,False,0,pos,1015.0004210235123,0.18960218301266055,OnTrack,-2350.0,534.0,7307.0
2026-09-12 14:38:13.495,0 days 00:52:10.965000,27,831.4374922844438,0 days 00:00:16.455000,11482.23001856,329.6750016,8,100.0,False,0,pos,1033.3824059078736,0.1930359396791515,OnTrack,-2445.0,688.0,7309.0
2026-09-12 14:38:13.521,0 days 00:52:10.991000,27,829.8702777777771,0 days 00:00:16.481000,11486.0,330.0,8,100.0,False,0,car,1035.775277777778,0.1934829283904921,OnTrack,-2456.3703503623105,706.4769615954082,7309.202002938377
2026-09-12 14:38:13.775,0 days 00:52:11.245000,27,813.7130474133326,0 days 00:00:16.735000,11624.99451448889,331.4111118222222,8,100.0,False,0,pos,1059.18830129911,0.19785648359167615,OnTrack,-2578.0,906.0,7312.0
2026-09-12 14:38:13.881,0 days 00:52:11.351000,27,806.970277777777,0 days 00:00:16.841000,11683.0,332.0,8,100.0,False,0,car,1068.975277777778,0.19968469180421836,OnTrack,-2662.8033979782954,1047.4970524334108,7315.339636049138
2026-09-12 14:38:13.995,0 days 00:52:11.465000,27,799.3069358399993,0 days 00:00:16.955000,11705.325025066666,332.47500053333334,8,100.0,False,0,pos,1079.5102104576372,0.20165261831205025,OnTrack,-2750.0,1193.0,7319.0
2026-09-12 14:38:14.121,0 days 00:52:11.591000,27,790.8369444444438,0 days 00:00:17.081000,11730.0,333.0,8,100.0,False,0,car,1091.1752777777779,0.20383165408689066,OnTrack,-2801.574701302899,1277.749603574416,7321.014428253706
2026-09-12 14:38:14.395,0 days 00:52:11.865000,27,772.0374912177772,0 days 00:00:17.355000,11771.9562696,334.7125008,8,100.0,False,0,pos,1116.6590405631728,0.20859202359552143,OnTrack,-2864.0,1408.0,7323.0
2026-09-12 14:38:14.441,0 days 00:52:11.911000,27,768.8813888888883,0 days 00:00:17.401000,11779.0,335.0,8,100.0,False,0,car,1120.9530555555557,0.20939414603762235,OnTrack,-2891.5705077942666,1469.3713825382122,7324.060068119419
2026-09-12 14:38:14.555,0 days 00:52:12.025000,27,761.0597134399994,0 days 00:00:17.515000,11785.333340444444,335.63333404444444,8,100.0,False,0,pos,1131.6143027477135,0.2113856681093397,OnTrack,-2970.0,1646.0,7327.0
2026-09-12 14:38:14.801,0 days 00:52:12.271000,27,744.1813888888883,0 days 00:00:17.761000,11799.0,337.0,8,100.0,False,0,car,1154.6530555555557,0.21568930950276013,OnTrack,-3066.8063989811717,1884.9762709919712,7328.6985726333605
2026-09-12 14:38:14.974,0 days 00:52:12.444000,27,732.5038759288882,0 days 00:00:17.934000,11805.178578285715,336.3821421714286,8,100.0,False,0,pos,1170.8015888214259,0.21870585717726657,OnTrack,-3110.0,2013.0,7329.0
2026-09-12 14:38:15.081,0 days 00:52:12.551000,27,725.2813888888882,0 days 00:00:18.041000,11809.0,336.0,8,100.0,False,0,car,1180.7863888888892,0.22057101885653663,OnTrack,-3138.6928922277516,2102.7461012652348,7329.806259162032
2026-09-12 14:38:15.281,0 days 00:52:12.751000,27,711.9480555555549,0 days 00:00:18.241000,11747.0,336.0,8,100.0,False,0,car,1199.4530555555557,0.22405795410923407,OnTrack,-3194.397780738825,2284.997171689412,7332.372954408201
2026-09-12 14:38:15.414,0 days 00:52:12.884000,27,703.9310981164882,0 days 00:00:18.374000,11726.368387611015,334.89473505059016,8,100.0,False,0,pos,1211.8043679625098,0.22636518053685306,OnTrack,-3225.0,2388.0,7334.0
2026-09-12 14:38:15.642,0 days 00:52:13.112000,27,690.187777777777,0 days 00:00:18.602000,11691.0,333.0,8,100.0,False,0,car,1232.8455555555558,0.23029567654275376,OnTrack,-3261.3915851611237,2516.0082945479094,7336.203663493921
2026-09-12 14:38:15.854,0 days 00:52:13.324000,27,677.821096177777,0 days 00:00:18.814000,11589.7109888,330.6444416,8,100.0,False,0,pos,1252.2746910224866,0.23392504104574,OnTrack,-3300.0,2693.0,7339.0
2026-09-12 14:38:16.002,0 days 00:52:13.472000,27,669.187777777777,0 days 00:00:18.962000,11519.0,329.0,8,100.0,False,0,car,1265.7455555555557,0.23644139992563304,OnTrack,-3340.1842946877064,2900.3985350923604,7342.024993654112
2026-09-12 14:38:16.054,0 days 00:52:13.524000,27,666.2266520888882,0 days 00:00:19.014000,11495.07988224,327.95999488,8,100.0,False,0,pos,1270.4581600014092,0.23732171492068296,OnTrack,-3352.0,2963.0,7343.0
2026-09-12 14:38:16.202,0 days 00:52:13.672000,27,657.7988888888883,0 days 00:00:19.162000,11427.0,325.0,8,100.0,False,0,car,1283.8011111111111,0.23981417955993858,OnTrack,-3371.4832928838573,3070.5684359902198,7345.063205339497
2026-09-12 14:38:16.394,0 days 00:52:13.864000,27,647.5055555555549,0 days 00:00:19.354000,11337.24,322.6,8,100.0,False,0,pos,1300.910396440899,0.2430101958187723,OnTrack,-3382.0,3179.0,7348.0
2026-09-12 14:38:16.602,0 days 00:52:14.072000,27,636.3544444444437,0 days 00:00:19.562000,11240.0,320.0,8,100.0,False,0,car,1319.3566666666668,0.24645596099364808,OnTrack,-3399.4902623935745,3438.02000122529,7354.078924835099
2026-09-12 14:38:16.674,0 days 00:52:14.144000,27,632.4944444444438,0 days 00:00:19.634000,11219.3,320.0,8,100.0,False,0,pos,1325.7651051331782,0.2476530579581278,OnTrack,-3404.0,3519.0,7356.0
2026-09-12 14:38:16.762,0 days 00:52:14.232000,27,627.7766666666662,0 days 00:00:19.722000,11194.0,320.0,8,100.0,False,0,car,1333.578888888889,0.24911267356713188,OnTrack,-3407.236735295852,3595.0824852448,7357.87466306202
2026-09-12 14:38:17.002,0 days 00:52:14.472000,27,616.1099999999994,0 days 00:00:19.962000,11013.0,315.0,8,100.0,False,0,car,1354.5788888888887,0.2530354757264165,OnTrack,-3405.089207736183,3729.3230093747834,7361.43808451477
2026-09-12 14:38:17.034,0 days 00:52:14.504000,27,614.5899999999995,0 days 00:00:19.994000,10974.4,314.2,8,100.0,False,0,pos,1357.3547427521876,0.2535540055135026,OnTrack,-3404.0,3752.0,7362.0
2026-09-12 14:38:17.162,0 days 00:52:14.632000,27,608.5099999999995,0 days 00:00:20.122000,10820.0,311.0,8,100.0,False,0,car,1368.401111111111,0.2556174682587711,OnTrack,-3397.9681995599244,3860.224662940872,7364.564765883025
2026-09-12 14:38:17.255,0 days 00:52:14.725000,27,604.5058250666664,0 days 00:00:20.215000,10781.40492032,308.20999424,8,100.0,False,0,pos,1376.3519064149025,0.25710267763904454,OnTrack,-3392.0,3943.0,7366.0
2026-09-12 14:38:17.362,0 days 00:52:14.832000,27,599.8988888888887,0 days 00:00:20.322000,10737.0,305.0,8,100.0,False,0,car,1385.3455555555554,0.2587826922232732,OnTrack,-3383.494207765364,4031.957124051079,7366.621955202783
2026-09-12 14:38:17.435,0 days 00:52:14.905000,27,597.404715662222,0 days 00:00:20.395000,10588.2621088,300.437488,8,89.2780968,False,0,pos,1391.3358007088436,0.25990167063384295,OnTrack,-3375.0,4097.0,7367.0
2026-09-12 14:38:17.682,0 days 00:52:15.152000,27,588.965555555555,0 days 00:00:20.642000,10085.0,285.0,8,53.0,True,0,car,1410.6788888888887,0.2635149614947912,OnTrack,-3326.7807911951827,4358.459122670564,7369.882283511844
2026-09-12 14:38:17.695,0 days 00:52:15.165000,27,588.647773084444,0 days 00:00:20.655000,10065.69471488,283.56997888,8,49.55494912,True,0,pos,1411.653880597855,0.2636970900462778,OnTrack,-3324.0,4371.0,7370.0
2026-09-12 14:38:17.882,0 days 00:52:15.352000,27,584.0766666666664,0 days 00:00:20.842000,9788.0,263.0,8,0.0,True,0,car,1425.2899999999997,0.2662443185527062,OnTrack,-3284.360735966272,4522.443231009948,7370.787506682192
2026-09-12 14:38:18.082,0 days 00:52:15.552000,27,580.2433333333329,0 days 00:00:21.042000,9700.0,252.0,8,0.0,True,0,car,1439.29,0.26885951999222935,OnTrack,-3241.8102579145443,4649.861072478605,7370.960724726837
2026-09-12 14:38:18.095,0 days 00:52:15.565000,27,580.2324998415789,0 days 00:00:21.055000,9766.481609989014,250.51934053476583,8,0.0,True,0,pos,1440.1381506978591,0.2690179546297989,OnTrack,-3239.0,4658.0,7371.0
2026-09-12 14:38:18.455,0 days 00:52:15.925000,27,579.9324998853148,0 days 00:00:21.415000,11607.483619501249,209.51706860799,8,0.0,True,0,pos,1460.4584555475908,0.2728137896651251,OnTrack,-3159.0,4876.0,7373.0
2026-09-12 14:38:18.521,0 days 00:52:15.991000,27,579.8774999999996,0 days 00:00:21.481000,11945.0,202.0,8,0.0,True,0,car,1463.9227777777778,0.2734609254139363,OnTrack,-3143.872429444716,4914.032758537741,7373.337013085871
2026-09-12 14:38:18.801,0 days 00:52:16.271000,27,581.7441666666664,0 days 00:00:21.761000,10898.0,183.0,7,0.0,True,0,car,1478.156111111111,0.2761197135441181,OnTrack,-3080.1073516986603,5064.132422327819,7374.441453772727
2026-09-12 14:38:18.935,0 days 00:52:16.405000,27,583.5308350399995,0 days 00:00:21.895000,11175.491931733333,169.5999872,7,0.0,True,0,pos,1484.2253506076731,0.2772534481061337,OnTrack,-3056.0,5117.0,7375.0
2026-09-12 14:38:19.041,0 days 00:52:16.511000,27,584.944166666666,0 days 00:00:22.001000,11395.0,159.0,4,0.0,True,0,car,1488.756111111111,0.2780997946340427,OnTrack,-3041.0559419565197,5147.715116632708,7375.497177050196
2026-09-12 14:38:19.201,0 days 00:52:16.671000,27,587.8330555555551,0 days 00:00:22.161000,10667.0,147.0,3,0.0,True,0,car,1495.2894444444444,0.27932022197248685,OnTrack,-3023.8026653485285,5180.119360489939,7376.325848427947
2026-09-12 14:38:19.335,0 days 00:52:16.805000,27,590.8480584355552,0 days 00:00:22.295000,10222.406718171429,140.2999936,3,0.0,True,0,pos,1500.3472158549666,0.280265014192028,OnTrack,-3004.0,5224.0,7377.0
2026-09-12 14:38:19.481,0 days 00:52:16.951000,27,594.1330555555553,0 days 00:00:22.441000,9738.0,133.0,3,0.0,True,0,car,1505.6338888888888,0.2812525652583567,OnTrack,-2974.466736963497,5296.313249798314,7377.683575229441
2026-09-12 14:38:19.575,0 days 00:52:17.045000,27,596.4047253155551,0 days 00:00:22.535000,9568.7997696,131.2374976,3,0.0,True,0,pos,1509.0509172899758,0.28189086651502915,OnTrack,-2959.0,5337.0,7378.0
2026-09-12 14:38:19.641,0 days 00:52:17.111000,27,597.9997222222216,0 days 00:00:22.601000,9450.0,130.0,3,0.0,True,0,car,1511.4116666666666,0.2823318547413345,OnTrack,-2952.4686976585876,5356.302718527968,7378.132162260526
2026-09-12 14:38:19.815,0 days 00:52:17.285000,27,602.8330591111106,0 days 00:00:22.775000,9498.937536,125.1062464,3,9.2437568,True,0,pos,1517.351494220341,0.28344141513911214,OnTrack,-2946.0,5390.0,7378.0
2026-09-12 14:38:19.961,0 days 00:52:17.431000,27,606.8886111111108,0 days 00:00:22.921000,9540.0,121.0,3,17.0,False,0,car,1522.167222222222,0.28434099362503157,OnTrack,-2940.5064931386414,5436.253550723124,7377.174516545091
2026-09-12 14:38:20.035,0 days 00:52:17.505000,27,609.0880593599996,0 days 00:00:22.995000,9390.678313142856,120.20714148571429,3,19.114289371428573,False,0,pos,1524.594157140727,0.28479434531735326,OnTrack,-2940.0,5461.0,7377.0
2026-09-12 14:38:20.241,0 days 00:52:17.711000,27,615.2108333333329,0 days 00:00:23.201000,8975.0,118.0,3,25.0,False,0,car,1531.345,0.2860554034576079,OnTrack,-2953.214952747073,5522.035307161631,7377.960677694578
2026-09-12 14:38:20.255,0 days 00:52:17.725000,27,615.6308371733328,0 days 00:00:23.215000,8997.61020672,118.14000128,3,25.63000576,False,0,pos,1531.8074321701108,0.2861417858345333,OnTrack,-2955.0,5526.0,7378.0
2026-09-12 14:38:20.441,0 days 00:52:17.911000,27,621.2108333333326,0 days 00:00:23.401000,9298.0,120.0,3,34.0,False,0,car,1538.0116666666668,0.2873007374764284,OnTrack,-2987.866468932559,5580.353692001087,7377.867566006181
2026-09-12 14:38:20.495,0 days 00:52:17.965000,27,622.8158371377771,0 days 00:00:23.455000,9332.650082133334,120.60000142222222,3,34.60000142222222,False,0,pos,1539.840324224253,0.2876423308962137,OnTrack,-2997.0,5601.0,7378.0
2026-09-12 14:38:20.795,0 days 00:52:18.265000,27,631.732503804444,0 days 00:00:23.755000,9525.150082133334,123.93333475555555,3,37.933334755555556,False,0,pos,1550.2021555780502,0.28957792205853844,OnTrack,-3026.0,5745.0,7381.0
2026-09-12 14:38:20.801,0 days 00:52:18.271000,27,631.9108333333329,0 days 00:00:23.761000,9529.0,124.0,3,38.0,False,0,car,1550.4116666666669,0.2896170587514346,OnTrack,-3026.1408224469715,5747.022934646624,7381.0540134952125
2026-09-12 14:38:20.961,0 days 00:52:18.431000,27,636.6219444444437,0 days 00:00:23.921000,9047.0,126.0,3,20.0,False,0,car,1556.0116666666668,0.29066313932724386,OnTrack,-3023.129658427115,5779.668184301465,7382.113150895668
2026-09-12 14:38:21.135,0 days 00:52:18.605000,27,641.5519480711105,0 days 00:00:24.095000,9764.025527466667,126.0,3,48.2750208,False,0,pos,1562.0657283879007,0.2917940386792676,OnTrack,-3009.0,5812.0,7383.0
2026-09-12 14:38:21.201,0 days 00:52:18.671000,27,643.4219444444439,0 days 00:00:24.161000,10036.0,126.0,3,59.0,False,0,car,1564.4116666666669,0.2922322601909577,OnTrack,-3001.7696510625196,5835.359673489407,7383.4209058761435
2026-09-12 14:38:21.454,0 days 00:52:18.924000,27,649.6063935822218,0 days 00:00:24.414000,9930.583253333334,132.3250048,3,51.97221688888889,False,0,pos,1573.820941481525,0.29398991369386385,OnTrack,-2973.0,5956.0,7385.0
2026-09-12 14:38:21.561,0 days 00:52:19.031000,27,652.221944444444,0 days 00:00:24.521000,9886.0,135.0,3,49.0,False,0,car,1577.9116666666669,0.2947540615790693,OnTrack,-2967.8853267015443,5999.140237485008,7385.236323976153
2026-09-12 14:38:21.721,0 days 00:52:19.191000,27,655.9997222222219,0 days 00:00:24.681000,10486.0,140.0,3,64.0,False,0,car,1584.133888888889,0.29591637332996845,OnTrack,-2967.9344139308696,6052.026531080846,7385.126082953539
2026-09-12 14:38:21.814,0 days 00:52:19.284000,27,657.9372267367459,0 days 00:00:24.774000,10792.784947196003,143.85893015340883,3,68.6307161840906,False,0,pos,1587.914006406149,0.2966224996708759,OnTrack,-2969.0,6079.0,7385.0
2026-09-12 14:38:21.962,0 days 00:52:19.432000,27,661.0205555555551,0 days 00:00:24.922000,11281.0,150.0,3,76.0,False,0,car,1594.1755555555558,0.29779215769581685,OnTrack,-2971.343226574952,6116.976008821952,7384.761183124119
2026-09-12 14:38:22.174,0 days 00:52:19.644000,27,664.9072269155552,0 days 00:00:25.134000,11396.7168064,157.9500096,3,97.2000256,False,0,pos,1603.5229844250994,0.299538258369779,OnTrack,-2979.0,6175.0,7384.0
2026-09-12 14:38:22.202,0 days 00:52:19.672000,27,665.4205555555552,0 days 00:00:25.162000,11412.0,159.0,3,100.0,False,0,car,1604.7755555555557,0.2997722387857415,OnTrack,-2980.725633768067,6184.620147908489,7383.823701832997
2026-09-12 14:38:22.402,0 days 00:52:19.872000,27,668.6427777777776,0 days 00:00:25.362000,10748.0,164.0,3,100.0,False,0,car,1613.8866666666668,0.3014741952781295,OnTrack,-3000.1750732795604,6270.48033533054,7382.1180585682105
2026-09-12 14:38:22.414,0 days 00:52:19.884000,27,668.7594469333332,0 days 00:00:25.374000,10770.450478933333,164.65001386666665,3,100.0,False,0,pos,1614.4548977959603,0.30158034091150876,OnTrack,-3002.0,6277.0,7382.0
2026-09-12 14:38:22.614,0 days 00:52:20.084000,27,670.7038913777774,0 days 00:00:25.574000,11144.6171456,175.4833472,3,100.0,False,0,pos,1624.2895814643261,0.303417460831992,OnTrack,-3041.0,6403.0,7380.0
2026-09-12 14:38:22.642,0 days 00:52:20.112000,27,670.9761111111106,0 days 00:00:25.602000,11197.0,177.0,4,100.0,False,0,car,1625.686666666667,0.3036784364914419,OnTrack,-3046.3710975933213,6420.478261192347,7379.775454161435
2026-09-12 14:38:22.882,0 days 00:52:20.352000,27,672.8427777777774,0 days 00:00:25.842000,11757.0,182.0,4,100.0,False,0,car,1637.8200000000002,0.30594494440569525,OnTrack,-3085.6791741680886,6555.999679888865,7378.549070420475
2026-09-12 14:38:22.994,0 days 00:52:20.464000,27,673.0916666666662,0 days 00:00:25.954000,11409.45,187.25,4,100.0,False,0,pos,1643.7750039194927,0.3070573397501683,OnTrack,-3099.0,6605.0,7378.0
2026-09-12 14:38:23.202,0 days 00:52:20.672000,27,673.5538888888884,0 days 00:00:26.162000,10764.0,197.0,4,100.0,False,0,car,1655.3311111111113,0.3092160217617972,OnTrack,-3114.5034940785763,6667.215543519126,7376.665688835343
2026-09-12 14:38:23.394,0 days 00:52:20.864000,27,673.2872222222215,0 days 00:00:26.354000,10919.52,203.72,4,100.0,False,0,pos,1666.411920097486,0.31128591801981487,OnTrack,-3141.0,6751.0,7377.0
2026-09-12 14:38:23.602,0 days 00:52:21.072000,27,672.9983333333325,0 days 00:00:26.562000,11088.0,211.0,5,100.0,False,0,car,1678.775555555556,0.31359544639464937,OnTrack,-3199.849914339747,6913.021040936039,7380.487547017259
2026-09-12 14:38:23.634,0 days 00:52:21.104000,27,672.9005555555548,0 days 00:00:26.594000,11106.88,212.28,5,100.0,False,0,pos,1680.7028227796402,0.3139554601102759,OnTrack,-3208.0,6934.0,7381.0
2026-09-12 14:38:23.802,0 days 00:52:21.272000,27,672.3872222222217,0 days 00:00:26.762000,11206.0,219.0,5,100.0,False,0,car,1690.9422222222224,0.3158681809789968,OnTrack,-3239.342127451736,7005.476845143537,7382.947909450646
2026-09-12 14:38:23.955,0 days 00:52:21.425000,27,671.8772215822215,0 days 00:00:26.915000,11134.9186608,222.187504,5,100.0,False,0,pos,1700.478597366987,0.31764957683659834,OnTrack,-3265.0,7052.0,7384.0
2026-09-12 14:38:24.282,0 days 00:52:21.752000,27,670.7872222222213,0 days 00:00:27.242000,10983.0,229.0,5,100.0,False,0,car,1721.4755555555557,0.3215718107851948,OnTrack,-3361.8533865366503,7225.669243988789,7384.996696587463
2026-09-12 14:38:24.295,0 days 00:52:21.765000,27,670.7258324266658,0 days 00:00:27.255000,10969.5123008,229.29250432,5,100.0,False,0,pos,1722.324398379355,0.3217303747119612,OnTrack,-3368.0,7237.0,7385.0
2026-09-12 14:38:24.435,0 days 00:52:21.905000,27,670.0647213155547,0 days 00:00:27.395000,10824.2623008,232.44250432,5,100.0,False,0,pos,1731.532030214069,0.32345036128544274,OnTrack,-3440.0,7371.0,7385.0
2026-09-12 14:38:24.682,0 days 00:52:22.152000,27,668.8983333333326,0 days 00:00:27.642000,10568.0,238.0,6,100.0,False,0,car,1747.92,0.3265116357265162,OnTrack,-3494.600404392132,7477.213618928282,7386.941927831943
2026-09-12 14:38:24.815,0 days 00:52:22.285000,27,668.6027773511107,0 days 00:00:27.775000,10650.2938688,238.0,6,100.0,False,0,pos,1756.7137955479338,0.3281543176390754,OnTrack,-3517.0,7535.0,7391.0
2026-09-12 14:38:24.842,0 days 00:52:22.312000,27,668.5427777777775,0 days 00:00:27.802000,10667.0,238.0,6,100.0,False,0,car,1758.4977777777779,0.32848756570304477,OnTrack,-3523.125858327322,7551.473822351633,7392.186053509897
2026-09-12 14:38:25.042,0 days 00:52:22.512000,27,668.3205555555553,0 days 00:00:28.002000,10688.0,238.0,6,100.0,False,0,car,1771.72,0.33095747817370547,OnTrack,-3579.5266215997503,7708.82115404084,7403.913571298231
2026-09-12 14:38:25.095,0 days 00:52:22.565000,27,668.2469441974894,0 days 00:00:28.055000,10686.004177404739,238.4435161322802,6,100.0,False,0,pos,1775.234975156965,0.3316140758944471,OnTrack,-3592.0,7746.0,7407.0
2026-09-12 14:38:25.281,0 days 00:52:22.751000,27,667.9886111111107,0 days 00:00:28.241000,10679.0,240.0,6,100.0,False,0,car,1787.6533333333334,0.3339338264786866,OnTrack,-3619.935490453607,7841.72589934866,7416.521981245332
2026-09-12 14:38:25.395,0 days 00:52:22.865000,27,667.893611004444,0 days 00:00:28.355000,10547.8998528,240.0,6,63.424958933333336,False,0,pos,1795.3802156725926,0.33537720889416206,OnTrack,-3634.0,7900.0,7422.0
2026-09-12 14:38:25.521,0 days 00:52:22.991000,27,667.7886111111106,0 days 00:00:28.481000,10403.0,240.0,6,23.0,True,0,car,1803.6533333333336,0.33692262812385587,OnTrack,-3652.4936481282243,7980.064974998111,7428.176500674486
2026-09-12 14:38:25.575,0 days 00:52:23.045000,27,668.3886125333329,0 days 00:00:28.535000,10331.74983111111,233.84998542222223,6,19.54999182222222,True,0,pos,1806.9807850293696,0.33754419644281425,OnTrack,-3661.0,8017.0,7431.0
2026-09-12 14:38:25.881,0 days 00:52:23.351000,27,671.7886111111109,0 days 00:00:28.841000,9928.0,199.0,6,0.0,True,0,car,1823.5533333333335,0.3406399501700351,OnTrack,-3711.963375152918,8233.068220840418,7449.1562164137395
2026-09-12 14:38:25.975,0 days 00:52:23.445000,27,674.0863920177775,0 days 00:00:28.935000,9841.4415488,189.5999872,6,0.0,True,0,pos,1827.9949657966802,0.3414696475708906,OnTrack,-3726.0,8289.0,7454.0
2026-09-12 14:38:26.315,0 days 00:52:23.785000,27,682.3975031288883,0 days 00:00:29.275000,9528.358215466667,155.59998720000002,6,0.0,True,0,pos,1841.9590462606125,0.3440781392373829,OnTrack,-3770.0,8438.0,7466.0
2026-09-12 14:38:26.361,0 days 00:52:23.831000,27,683.5219444444438,0 days 00:00:29.321000,9486.0,151.0,4,0.0,True,0,car,1843.686666666667,0.3444008589068731,OnTrack,-3777.051428045343,8457.595227774416,7467.195661096475
2026-09-12 14:38:26.435,0 days 00:52:23.905000,27,685.8652818311105,0 days 00:00:29.395000,9450.8499392,145.4499904,4,0.0,True,0,pos,1846.3977808147993,0.34490729530850933,OnTrack,-3789.0,8489.0,7469.0
2026-09-12 14:38:26.655,0 days 00:52:24.125000,27,692.8319484977774,0 days 00:00:29.615000,9346.3499392,128.9499904,4,0.0,True,0,pos,1854.0802416608242,0.346342379784481,OnTrack,-3826.0,8572.0,7474.0
2026-09-12 14:38:26.681,0 days 00:52:24.151000,27,693.6552777777774,0 days 00:00:29.641000,9334.0,127.0,3,0.0,True,0,car,1854.9755555555557,0.34650962451207584,OnTrack,-3830.6020960504366,8580.888008281952,7474.5477321687395
2026-09-12 14:38:26.841,0 days 00:52:24.311000,27,698.9441666666664,0 days 00:00:29.801000,9864.0,122.0,3,0.0,True,0,car,1860.397777777778,0.34752249618071657,OnTrack,-3860.1324313862224,8631.547663961739,7477.701837612796
2026-09-12 14:38:26.975,0 days 00:52:24.445000,27,699.02442716,0 days 00:00:29.935000,9689.7998336,116.1374944,3,0.0,True,0,pos,1864.601039196646,0.3483076658459534,OnTrack,-3886.0,8670.0,7480.0
2026-09-12 14:38:27.161,0 days 00:52:24.631000,44,699.1358333333335,0 days 00:00:30.121000,9448.0,108.0,2,0.0,True,0,car,1869.9977777777779,0.3493157771678181,OnTrack,-3923.111506589288,8719.167566845037,7482.60556300855
2026-09-12 14:38:27.195,0 days 00:52:24.665000,44,699.2491670933335,0 days 00:00:30.155000,9374.38972288,106.46999424,2,0.0,True,0,pos,1870.9524328434572,0.3494941068322476,OnTrack,-3930.0,8728.0,7483.0
2026-09-12 14:38:27.361,0 days 00:52:24.831000,44,699.8025000000005,0 days 00:00:30.321000,9015.0,99.0,2,0.0,True,0,car,1875.4977777777779,0.350343177733345,OnTrack,-3963.169889970376,8771.15034333395,7484.567590388409
2026-09-12 14:38:27.415,0 days 00:52:24.885000,44,700.2375010311116,0 days 00:00:30.375000,8900.65472896,98.3249984,2,0.0,True,0,pos,1876.9506534147256,0.35061457505171595,OnTrack,-3972.0,8785.0,7485.0
2026-09-12 14:38:27.555,0 days 00:52:25.025000,44,701.3652788088893,0 days 00:00:30.515000,8604.20472896,96.5749984,2,0.0,True,0,pos,1880.665877737018,0.35130857933713106,OnTrack,-3988.0,8820.0,7486.0
2026-09-12 14:38:27.761,0 days 00:52:25.231000,44,703.0247222222226,0 days 00:00:30.721000,8168.0,94.0,2,0.0,True,0,car,1885.9422222222222,0.35229420102949716,OnTrack,-3990.3061266497457,8871.55594768614,7486.97085688917
2026-09-12 14:38:27.775,0 days 00:52:25.245000,44,703.1880570488893,0 days 00:00:30.735000,8176.75008,93.6499968,2,0.11666773333333333,True,0,pos,1886.2907241907615,0.3523593012330543,OnTrack,-3989.0,8876.0,7487.0
2026-09-12 14:38:27.955,0 days 00:52:25.425000,44,705.2880570488896,0 days 00:00:30.915000,8289.25008,89.1499968,2,1.6166677333333335,True,0,pos,1890.6836734988312,0.35317990461549836,OnTrack,-3959.0,8940.0,7487.0
2026-09-12 14:38:28.001,0 days 00:52:25.471000,44,705.824722222223,0 days 00:00:30.961000,8318.0,88.0,2,2.0,False,0,car,1891.8088888888888,0.3533900949660592,OnTrack,-3951.853840341526,8952.141754245264,7486.973026596731
2026-09-12 14:38:28.361,0 days 00:52:25.831000,44,710.7247222222231,0 days 00:00:31.321000,8685.0,90.0,2,26.0,False,0,car,1900.8088888888888,0.3550712958914669,OnTrack,-3905.280625974779,8991.801963078962,7486.338263342399
2026-09-12 14:38:28.414,0 days 00:52:25.884000,44,711.4461140112097,0 days 00:00:31.374000,8773.22395715735,90.3291938699901,2,34.229846749752745,False,0,pos,1902.1482350464673,0.35532148589141827,OnTrack,-3892.0,9003.0,7486.0
2026-09-12 14:38:28.522,0 days 00:52:25.992000,44,712.9161111111118,0 days 00:00:31.482000,8953.0,91.0,2,51.0,False,0,car,1904.878611111111,0.3558315204210394,OnTrack,-3857.322726783579,9034.457865815535,7485.058018669918
2026-09-12 14:38:28.634,0 days 00:52:26.104000,44,714.5027777777784,0 days 00:00:31.594000,9458.05,92.05,2,53.8,False,0,pos,1907.6988736637902,0.35635834575586794,OnTrack,-3825.0,9065.0,7484.0
2026-09-12 14:38:28.842,0 days 00:52:26.312000,44,717.4494444444449,0 days 00:00:31.802000,10396.0,94.0,2,59.0,False,0,car,1913.2341666666666,0.35739233905796114,OnTrack,-3808.0119506434303,9082.31852308875,7482.464406498304
2026-09-12 14:38:28.894,0 days 00:52:26.364000,44,717.9694470044449,0 days 00:00:31.854000,10491.333802666666,97.32223857777778,2,60.15556124444444,False,0,pos,1914.7782551689286,0.3576807749489517,OnTrack,-3803.0,9087.0,7482.0
2026-09-12 14:38:29.202,0 days 00:52:26.672000,44,721.049444444445,0 days 00:00:32.162000,11056.0,117.0,2,67.0,False,0,car,1924.9341666666667,0.3595779002609912,OnTrack,-3737.682308290128,9146.2876191614,7478.159609604232
2026-09-12 14:38:29.214,0 days 00:52:26.684000,44,721.1494465777783,0 days 00:00:32.174000,11081.3505408,117.4500096,2,66.5499904,False,0,pos,1925.3414209215707,0.3596539753976824,OnTrack,-3735.0,9149.0,7478.0
2026-09-12 14:38:29.362,0 days 00:52:26.832000,44,722.3827777777781,0 days 00:00:32.322000,11394.0,123.0,2,61.0,False,0,car,1930.4008333333334,0.360599074156424,OnTrack,-3704.302632352694,9182.90257569881,7476.050772945493
2026-09-12 14:38:29.494,0 days 00:52:26.964000,44,723.4461131733336,0 days 00:00:32.454000,10767.4112848,124.6500032,2,54.812488,False,0,pos,1935.0055265676144,0.36145923132605645,OnTrack,-3679.0,9216.0,7474.0
2026-09-12 14:38:29.654,0 days 00:52:27.124000,44,724.7350020622225,0 days 00:00:32.614000,10007.9112848,126.6500032,2,47.312488,False,0,pos,1940.6881244869107,0.36252074120168315,OnTrack,-3650.0,9261.0,7471.0
2026-09-12 14:38:29.682,0 days 00:52:27.152000,44,724.9605555555559,0 days 00:00:32.642000,9875.0,127.0,2,46.0,False,0,car,1941.6897222222224,0.3627078397616268,OnTrack,-3645.60535575451,9268.787424883476,7470.561913185417
2026-09-12 14:38:29.854,0 days 00:52:27.324000,44,726.2505574755559,0 days 00:00:32.814000,10086.56031488,129.58000384,2,47.72000256,False,0,pos,1947.8918969795645,0.3638664066440249,OnTrack,-3623.0,9325.0,7468.0
2026-09-12 14:38:29.882,0 days 00:52:27.352000,44,726.4605555555559,0 days 00:00:32.842000,10121.0,130.0,3,48.0,False,0,car,1948.9119444444445,0.364056951615349,OnTrack,-3619.688345159625,9338.739327314732,7467.369856300027
2026-09-12 14:38:30.074,0 days 00:52:27.544000,44,727.7405555555559,0 days 00:00:33.034000,10083.285714285714,132.05714285714285,3,45.25714285714286,False,0,pos,1955.9894667083317,0.3653790335019758,OnTrack,-3601.0,9451.0,7462.0
2026-09-12 14:38:30.162,0 days 00:52:27.632000,44,728.3272222222226,0 days 00:00:33.122000,10066.0,133.0,3,44.0,False,0,car,1959.256388888889,0.36598929490121884,OnTrack,-3597.1138041245154,9485.266928328761,7460.167198038796
2026-09-12 14:38:30.475,0 days 00:52:27.945000,44,730.153056675556,0 days 00:00:33.435000,10688.522604088888,135.60833493333334,3,59.6500096,False,0,pos,1971.015260877593,0.36818585339779214,OnTrack,-3605.0,9548.0,7456.0
2026-09-12 14:38:30.522,0 days 00:52:27.992000,44,730.4272222222226,0 days 00:00:33.482000,10782.0,136.0,3,62.0,False,0,car,1972.856388888889,0.3685297762996127,OnTrack,-3607.9991978182034,9563.392706038041,7455.167843505997
2026-09-12 14:38:30.675,0 days 00:52:28.145000,44,730.9372228622223,0 days 00:00:33.635000,11227.99555968,144.41501056,3,76.53501824,False,0,pos,1979.045892825655,0.36968597627142447,OnTrack,-3621.0,9622.0,7452.0
2026-09-12 14:38:30.722,0 days 00:52:28.192000,44,731.0938888888888,0 days 00:00:33.682000,11365.0,147.0,3,81.0,False,0,car,1981.0230555555556,0.3700553104726679,OnTrack,-3626.1810075563494,9638.626805200945,7450.94155118653
2026-09-12 14:38:30.835,0 days 00:52:28.305000,44,730.9055552355555,0 days 00:00:33.795000,11503.70773568,151.80250816,3,85.80250816,False,0,pos,1985.9393997085892,0.3709736840659682,OnTrack,-3644.0,9682.0,7448.0
2026-09-12 14:38:31.075,0 days 00:52:28.545000,44,730.5055552355557,0 days 00:00:34.035000,11798.30773568,162.00250816,3,96.00250816,False,0,pos,1997.0184470565423,0.3730432512497475,OnTrack,-3720.0,9831.0,7439.0
2026-09-12 14:38:31.122,0 days 00:52:28.592000,44,730.4272222222223,0 days 00:00:34.082000,11856.0,164.0,3,98.0,False,0,car,1999.2452777777778,0.373459223457444,OnTrack,-3734.3208074573627,9858.905854471002,7437.45409143316
2026-09-12 14:38:31.482,0 days 00:52:28.952000,44,728.5272222222222,0 days 00:00:34.442000,11179.0,176.0,4,99.0,False,0,car,2016.8452777777777,0.37674690526713017,OnTrack,-3818.9505789875707,10030.637774035966,7429.173137741016
2026-09-12 14:38:31.535,0 days 00:52:29.005000,44,728.1297207822222,0 days 00:00:34.495000,11267.1128192,178.6500096,4,99.3312512,False,0,pos,2019.5206814771045,0.37724667095325765,OnTrack,-3830.0,10054.0,7428.0
2026-09-12 14:38:31.642,0 days 00:52:29.112000,44,727.3272222222222,0 days 00:00:34.602000,11445.0,184.0,4,100.0,False,0,car,2025.0230555555554,0.3782745149968833,OnTrack,-3851.937439781477,10101.030956810753,7425.515001338336
2026-09-12 14:38:31.895,0 days 00:52:29.365000,44,724.5863874376109,0 days 00:00:34.855000,11526.61294644004,194.88172619200546,4,100.0,False,0,pos,2038.7719032821863,0.3808428011659168,OnTrack,-3898.0,10205.0,7420.0
2026-09-12 14:38:31.921,0 days 00:52:29.391000,44,724.3047222222224,0 days 00:00:34.881000,11535.0,196.0,4,100.0,False,0,car,2040.2130555555557,0.3811120085587659,OnTrack,-3901.7819360428,10214.277714630529,7419.586909704359
2026-09-12 14:38:32.081,0 days 00:52:29.551000,44,722.4825000000001,0 days 00:00:35.041000,10517.0,201.0,4,100.0,False,0,car,2049.146388888889,0.38278075614398543,OnTrack,-3921.00703759111,10265.636051768879,7417.713585621025
2026-09-12 14:38:32.215,0 days 00:52:29.685000,44,720.8819429155553,0 days 00:00:35.175000,10648.208458666666,203.23333546666666,4,100.0,False,0,pos,2056.7514389267353,0.38420138027302986,OnTrack,-3936.0,10318.0,7416.0
2026-09-12 14:38:32.321,0 days 00:52:29.791000,44,719.6158333333328,0 days 00:00:35.281000,10752.0,205.0,5,100.0,False,0,car,2062.813055555556,0.3853336908825675,OnTrack,-3948.904056814148,10372.473548024689,7414.12475590495
2026-09-12 14:38:32.435,0 days 00:52:29.905000,44,718.2858318399997,0 days 00:00:35.395000,10843.77010304,206.14000128,5,100.0,False,0,pos,2069.346215613976,0.38655408585323997,OnTrack,-3962.0,10438.0,7412.0
2026-09-12 14:38:32.521,0 days 00:52:29.991000,44,717.2824999999998,0 days 00:00:35.481000,10913.0,207.0,5,100.0,False,0,car,2074.313055555556,0.387481892065033,OnTrack,-3970.0123477269262,10487.839485234728,7410.620166914439
2026-09-12 14:38:32.681,0 days 00:52:30.151000,44,715.326944444444,0 days 00:00:35.641000,11069.0,211.0,5,100.0,False,0,car,2083.6908333333336,0.3892336619181738,OnTrack,-3980.9835464233547,10580.872208112083,7408.431111448542
2026-09-12 14:38:32.775,0 days 00:52:30.245000,44,714.0997205511106,0 days 00:00:35.735000,11123.0500736,212.88000256,5,100.0,False,0,pos,2089.276868853498,0.3902771339277139,OnTrack,-3986.0,10634.0,7407.0
2026-09-12 14:38:32.881,0 days 00:52:30.351000,44,712.7158333333327,0 days 00:00:35.841000,11184.0,215.0,5,100.0,False,0,car,2095.6352777777784,0.39146488536856067,OnTrack,-3990.655642521392,10692.89382986507,7405.156183041668
2026-09-12 14:38:32.935,0 days 00:52:30.405000,44,711.9808315911107,0 days 00:00:35.895000,11222.61009152,215.81000192,5,100.0,False,0,pos,2098.89529009976,0.39207385600551137,OnTrack,-3993.0,10728.0,7404.0
2026-09-12 14:38:33.081,0 days 00:52:30.551000,44,709.993611111111,0 days 00:00:36.041000,11327.0,218.0,5,100.0,False,0,car,2107.746388888889,0.3937272421694179,OnTrack,-3999.954445028145,10849.588821741834,7399.957960507688
2026-09-12 14:38:33.155,0 days 00:52:30.625000,44,709.0069427377776,0 days 00:00:36.115000,11370.4750752,218.0,5,100.0,False,0,pos,2112.221169070171,0.3945631315673921,OnTrack,-4003.0,10908.0,7398.0
2026-09-12 14:38:33.321,0 days 00:52:30.791000,44,706.7936111111107,0 days 00:00:36.281000,11468.0,218.0,5,100.0,False,0,car,2122.2797222222225,0.39644207033044665,OnTrack,-4007.34873524905,11002.35668243772,7394.787764168431
2026-09-12 14:38:33.521,0 days 00:52:30.991000,44,703.9602777777773,0 days 00:00:36.481000,11599.0,222.0,5,100.0,False,0,car,2134.613055555556,0.39874593826526467,OnTrack,-4009.6481342595825,11085.716832091224,7391.685841712804
2026-09-12 14:38:33.555,0 days 00:52:31.025000,44,703.4502758577773,0 days 00:00:36.515000,11617.7000704,222.68000256,5,100.0,False,0,pos,2136.7348117875363,0.3991422825475641,OnTrack,-4010.0,11103.0,7391.0
2026-09-12 14:38:33.721,0 days 00:52:31.191000,44,700.9602777777777,0 days 00:00:36.681000,11709.0,226.0,5,100.0,False,0,car,2147.168611111111,0.40109131733404324,OnTrack,-4011.418651637752,11201.337897183219,7386.982745408957
2026-09-12 14:38:33.795,0 days 00:52:31.265000,44,699.8913870399999,0 days 00:00:36.755000,11768.6626032,226.4625008,5,100.0,False,0,pos,2151.8274544823253,0.40196158975482266,OnTrack,-4011.0,11252.0,7385.0
2026-09-12 14:38:33.881,0 days 00:52:31.351000,44,698.6491666666666,0 days 00:00:36.841000,11838.0,227.0,5,100.0,False,0,car,2157.2575,0.4029759228158583,OnTrack,-4009.2650652365687,11315.852687758974,7382.6278298210755
2026-09-12 14:38:34.015,0 days 00:52:31.485000,44,696.6763870044446,0 days 00:00:36.975000,11894.9500544,228.6750016,5,100.0,False,0,pos,2165.779732539475,0.4045678767305143,OnTrack,-4005.0,11415.0,7379.0
2026-09-12 14:38:34.041,0 days 00:52:31.511000,44,696.2936111111112,0 days 00:00:37.001000,11906.0,229.0,5,100.0,False,0,car,2167.4352777777776,0.4048771327512576,OnTrack,-4004.1673467230316,11432.060171091127,7378.347108854953
2026-09-12 14:38:34.361,0 days 00:52:31.831000,44,691.9380555555563,0 days 00:00:37.321000,12028.0,229.0,5,49.0,False,0,car,2187.790833333333,0.40867955262205624,OnTrack,-3990.0137393401737,11608.579470051332,7370.932277477519
2026-09-12 14:38:34.395,0 days 00:52:31.865000,44,691.5224984355563,0 days 00:00:37.355000,11995.4873776,229.0,5,47.2999936,False,0,pos,2189.955211686181,0.4090838587209163,OnTrack,-3987.0,11631.0,7370.0
2026-09-12 14:38:34.521,0 days 00:52:31.991000,44,689.9825000000005,0 days 00:00:37.481000,11875.0,229.0,5,41.0,False,0,car,2197.968611111111,0.4105807625574556,OnTrack,-3972.7162880262504,11723.872867266276,7366.259005142148
2026-09-12 14:38:34.575,0 days 00:52:32.045000,44,689.4124986488895,0 days 00:00:37.535000,11840.43991808,228.45999872,5,41.81000192,False,0,pos,2201.387846846022,0.41121947614431337,OnTrack,-3966.0,11761.0,7365.0
2026-09-12 14:38:34.721,0 days 00:52:32.191000,44,687.8713888888897,0 days 00:00:37.681000,11747.0,227.0,5,44.0,False,0,car,2210.579722222222,0.41293651940972437,OnTrack,-3943.4665179796198,11847.262756323169,7363.153928039811
2026-09-12 14:38:34.734,0 days 00:52:32.204000,44,687.7630539339568,0 days 00:00:37.694000,11744.651055182765,226.87850285428095,5,44.445489534303206,False,0,pos,2211.394236549112,0.4130886707697383,OnTrack,-3940.0,11856.0,7363.0
2026-09-12 14:38:35.014,0 days 00:52:32.484000,44,685.42972013541,0 days 00:00:37.974000,11694.059144784378,224.26167990264022,5,54.04050702365249,False,0,pos,2228.8146114498018,0.4163427985924038,OnTrack,-3817.0,12079.0,7359.0
2026-09-12 14:38:35.042,0 days 00:52:32.512000,44,685.196388888889,0 days 00:00:38.002000,11689.0,224.0,5,55.0,False,0,car,2230.5530555555556,0.41666754013011076,OnTrack,-3806.9432979076687,12094.237952618441,7358.709461140226
2026-09-12 14:38:35.374,0 days 00:52:32.844000,44,683.2597207288889,0 days 00:00:38.334000,11766.19005952,224.0,5,84.0500224,False,0,pos,2251.193980782928,0.4205232670849473,OnTrack,-3721.0,12178.0,7357.0
2026-09-12 14:38:35.442,0 days 00:52:32.912000,44,682.8630555555555,0 days 00:00:38.402000,11782.0,224.0,5,90.0,False,0,car,2255.4419444444443,0.42131678713370735,OnTrack,-3691.872993856274,12203.016253420114,7356.647921603764
2026-09-12 14:38:35.534,0 days 00:52:33.004000,44,682.3774986488891,0 days 00:00:38.494000,11761.75994368,224.92000256,5,94.6000128,False,0,pos,2261.204355360776,0.4223932060853869,OnTrack,-3643.0,12244.0,7356.0
2026-09-12 14:38:35.642,0 days 00:52:33.112000,44,681.8075000000003,0 days 00:00:38.602000,11738.0,226.0,5,100.0,False,0,car,2267.9974999999995,0.423662166202486,OnTrack,-3571.760782975643,12298.462620606248,7354.793528308301
2026-09-12 14:38:35.842,0 days 00:52:33.312000,44,681.0297222222225,0 days 00:00:38.802000,11576.0,227.0,5,19.0,True,0,car,2280.608611111111,0.42601792305475483,OnTrack,-3433.3441707041156,12396.615223139746,7352.121632822906
2026-09-12 14:38:35.854,0 days 00:52:33.324000,44,681.0463892444448,0 days 00:00:38.814000,11560.15966208,226.6999936,5,18.57999104,True,0,pos,2281.3556316620306,0.42615746657047765,OnTrack,-3427.0,12401.0,7352.0
2026-09-12 14:38:36.194,0 days 00:52:33.664000,44,681.5186111111119,0 days 00:00:39.154000,11111.36,218.2,5,6.679999999999999,True,0,pos,2301.9002377163324,0.4299952010938808,OnTrack,-3314.0,12493.0,7350.0
2026-09-12 14:38:36.242,0 days 00:52:33.712000,44,681.5852777777786,0 days 00:00:39.202000,11048.0,217.0,5,5.0,True,0,car,2304.7197222222217,0.430521881089489,OnTrack,-3295.563912162801,12516.87342558325,7349.710850998478
2026-09-12 14:38:36.494,0 days 00:52:33.964000,44,683.4052796266675,0 days 00:00:39.454000,10761.699709155555,209.29999217777777,5,5.7000007111111115,True,0,pos,2319.22997534191,0.43323239786423573,OnTrack,-3190.0,12677.0,7348.0
2026-09-12 14:38:36.602,0 days 00:52:34.072000,44,684.1852777777785,0 days 00:00:39.562000,10639.0,206.0,5,6.0,False,0,car,2325.3197222222216,0.4343699632076444,OnTrack,-3163.117429486882,12727.356773733829,7347.387950292067
2026-09-12 14:38:36.802,0 days 00:52:34.272000,44,686.2408333333342,0 days 00:00:39.762000,10415.0,200.0,5,6.0,False,0,car,2336.430833333333,0.4364455199056787,OnTrack,-3143.1250407702632,12799.331753129743,7346.4503492063795
2026-09-12 14:38:36.895,0 days 00:52:34.365000,44,687.4033357333338,0 days 00:00:39.855000,10376.471349028572,199.33571291428572,5,7.660717714285714,False,0,pos,2341.554959376465,0.43740270717741414,OnTrack,-3137.0,12853.0,7346.0
2026-09-12 14:38:37.082,0 days 00:52:34.552000,44,689.7408333333333,0 days 00:00:40.042000,10299.0,198.0,5,11.0,False,0,car,2351.830833333333,0.4393222414891541,OnTrack,-3127.5527311675683,12999.749725809363,7345.10154450451
2026-09-12 14:38:37.115,0 days 00:52:34.585000,44,690.1716691733333,0 days 00:00:40.075000,10315.5917632,198.1833344,5,18.5167104,False,0,pos,2353.648711684256,0.43966182135202636,OnTrack,-3127.0,13022.0,7345.0
2026-09-12 14:38:37.435,0 days 00:52:34.905000,44,694.3494469511108,0 days 00:00:40.395000,10476.480652088889,199.96111217777778,5,91.4055992888889,False,0,pos,2371.435421133003,0.4429843805059365,OnTrack,-3144.0,13149.0,7345.0
2026-09-12 14:38:37.442,0 days 00:52:34.912000,44,694.4408333333331,0 days 00:00:40.402000,10480.0,200.0,5,93.0,False,0,car,2371.830833333333,0.4430582435456157,OnTrack,-3144.8006430655687,13151.76291167443,7345.004119005494
2026-09-12 14:38:37.695,0 days 00:52:35.165000,44,697.7438913955554,0 days 00:00:40.655000,10880.282446628571,206.3250048,5,99.3250048,False,0,pos,2386.3513136886613,0.4457706707690316,OnTrack,-3192.0,13289.0,7346.0
2026-09-12 14:38:37.722,0 days 00:52:35.192000,44,698.0963888888887,0 days 00:00:40.682000,10923.0,207.0,5,100.0,False,0,car,2387.930833333333,0.44606572520106724,OnTrack,-3200.618993625044,13311.279750415346,7346.426088147031
2026-09-12 14:38:37.895,0 days 00:52:35.365000,44,700.1627800711111,0 days 00:00:40.855000,11126.70772608,210.89250432,5,100.0,False,0,pos,2398.197133119273,0.44798347105669345,OnTrack,-3262.0,13465.0,7350.0
2026-09-12 14:38:38.122,0 days 00:52:35.592000,44,702.874166666667,0 days 00:00:41.082000,11394.0,216.0,5,100.0,False,0,car,2411.930833333333,0.45054892766882115,OnTrack,-3290.6455776672306,13538.763574750648,7351.442159587287
2026-09-12 14:38:38.195,0 days 00:52:35.665000,44,703.5636129244446,0 days 00:00:41.155000,11417.0406856,217.140628,5,100.0,False,0,pos,2416.3750266368224,0.4513791034348786,OnTrack,-3300.0,13564.0,7352.0
2026-09-12 14:38:38.395,0 days 00:52:35.865000,44,705.4525018133329,0 days 00:00:41.355000,11480.1656856,220.265628,5,100.0,False,0,pos,2428.650870551746,0.4536722323404264,OnTrack,-3342.0,13677.0,7355.0
2026-09-12 14:38:38.442,0 days 00:52:35.912000,44,705.8963888888884,0 days 00:00:41.402000,11495.0,221.0,5,100.0,False,0,car,2431.5752777777775,0.45421851191094564,OnTrack,-3352.33947325707,13705.053254236615,7355.878410064127
2026-09-12 14:38:38.641,0 days 00:52:36.111000,44,706.8361111111117,0 days 00:00:41.601000,11793.0,227.0,5,100.0,False,0,car,2444.123333333333,0.45656248997895316,OnTrack,-3394.357385420245,13820.180526303862,7359.863602468118
2026-09-12 14:38:38.715,0 days 00:52:36.185000,44,706.7949999288893,0 days 00:00:41.675000,11533.999552,227.9250016,5,100.0,False,0,pos,2448.8323542567286,0.45744213557163954,OnTrack,-3410.0,13863.0,7361.0
2026-09-12 14:38:38.881,0 days 00:52:36.351000,44,706.702777777778,0 days 00:00:41.841000,10953.0,230.0,5,100.0,False,0,car,2459.4566666666665,0.4594267582222404,OnTrack,-3445.8763329443254,13960.58050566346,7362.818019749932
2026-09-12 14:38:38.895,0 days 00:52:36.365000,44,706.6444439111114,0 days 00:00:41.855000,10924.066402133334,230.11666773333334,5,100.0,False,0,pos,2460.355675443168,0.4595946931541297,OnTrack,-3449.0,13969.0,7363.0
2026-09-12 14:38:39.095,0 days 00:52:36.565000,44,705.8111105777776,0 days 00:00:42.055000,10510.7330688,231.7833344,5,100.0,False,0,pos,2473.2432473479503,0.46200209291108296,OnTrack,-3495.0,14092.0,7366.0
2026-09-12 14:38:39.121,0 days 00:52:36.591000,44,705.7027777777776,0 days 00:00:42.081000,10457.0,232.0,6,100.0,False,0,car,2474.923333333333,0.462315933145904,OnTrack,-3500.95548284713,14107.96826505445,7366.228141957604
2026-09-12 14:38:39.275,0 days 00:52:36.745000,44,704.3338877511112,0 days 00:00:42.235000,10478.56001792,232.77000064,6,100.0,False,0,pos,2484.8907311422486,0.46417784408148793,OnTrack,-3534.0,14202.0,7367.0
2026-09-12 14:38:39.321,0 days 00:52:36.791000,44,703.9250000000002,0 days 00:00:42.281000,10485.0,233.0,6,100.0,False,0,car,2487.8677777777775,0.4647339566991138,OnTrack,-3542.0162163345817,14230.10661306948,7367.429452914179
2026-09-12 14:38:39.475,0 days 00:52:36.945000,44,701.7433315200004,0 days 00:00:42.435000,10494.625008,233.0,6,100.0,False,0,pos,2497.823143286953,0.46659361999986915,OnTrack,-3562.0,14325.0,7369.0
2026-09-12 14:38:39.641,0 days 00:52:37.111000,44,699.3916666666673,0 days 00:00:42.601000,10505.0,233.0,6,100.0,False,0,car,2508.5788888888887,0.4686027943842496,OnTrack,-3572.3396203351504,14430.378379283708,7368.3666376098445
2026-09-12 14:38:39.695,0 days 00:52:37.165000,44,698.4166643555561,0 days 00:00:42.655000,10525.475048533333,233.45000106666666,6,100.0,False,0,pos,2512.0938654468678,0.46925939236670083,OnTrack,-3573.0,14465.0,7368.0
2026-09-12 14:38:39.855,0 days 00:52:37.325000,44,695.5277754666668,0 days 00:00:42.815000,10586.1417152,234.7833344,6,100.0,False,0,pos,2522.54524203884,0.4712117105887239,OnTrack,-3567.0,14568.0,7367.0
2026-09-12 14:38:39.881,0 days 00:52:37.351000,44,695.0583333333334,0 days 00:00:42.841000,10596.0,235.0,6,100.0,False,0,car,2524.2455555555557,0.4715293293284779,OnTrack,-3564.9772218730245,14584.815997931491,7366.801697760211
2026-09-12 14:38:40.055,0 days 00:52:37.525000,44,690.7566635022223,0 days 00:00:43.015000,10646.5687872,235.5437504,6,100.0,False,0,pos,2535.6333545107727,0.47365657134424105,OnTrack,-3544.0,14697.0,7365.0
2026-09-12 14:38:40.201,0 days 00:52:37.671000,44,687.1472222222224,0 days 00:00:43.161000,10689.0,236.0,6,100.0,False,0,car,2545.2233333333334,0.4754479803743665,OnTrack,-3516.134599981769,14787.877685339283,7362.583397929434
2026-09-12 14:38:40.315,0 days 00:52:37.785000,44,683.8855518933336,0 days 00:00:43.275000,10701.6954688,236.7772736,6,100.0,False,0,pos,2552.7459959733096,0.4768532145290174,OnTrack,-3488.0,14857.0,7360.0
2026-09-12 14:38:40.455,0 days 00:52:37.925000,44,679.8799963377784,0 days 00:00:43.415000,10717.286377890909,237.73181905454547,6,100.0,False,0,pos,2562.0260460321338,0.47858672883420905,OnTrack,-3447.0,14939.0,7356.0
2026-09-12 14:38:40.641,0 days 00:52:38.111000,44,674.5583333333343,0 days 00:00:43.601000,10738.0,239.0,6,100.0,False,0,car,2574.434444444444,0.48090461893349834,OnTrack,-3389.82215390561,15033.152917566053,7350.189362351567
2026-09-12 14:38:40.755,0 days 00:52:38.225000,44,670.7583290666677,0 days 00:00:43.715000,10816.216754488889,240.26666808888888,6,100.0,False,0,pos,2582.08583164149,0.4823338988486458,OnTrack,-3332.0,15099.0,7346.0
2026-09-12 14:38:40.975,0 days 00:52:38.445000,44,663.4249957333343,0 days 00:00:43.935000,10967.161198933334,242.71111253333333,6,100.0,False,0,pos,2596.964181127769,0.48511317606252025,OnTrack,-3163.0,15250.0,7337.0
2026-09-12 14:38:41.001,0 days 00:52:38.471000,44,662.5583333333343,0 days 00:00:43.961000,10985.0,243.0,6,100.0,False,0,car,2598.7344444444443,0.4854438614320992,OnTrack,-3146.016442956754,15263.554740585165,7336.203302802886
2026-09-12 14:38:41.161,0 days 00:52:38.631000,44,657.0472222222229,0 days 00:00:44.121000,11097.0,246.0,6,100.0,False,0,car,2609.6677777777777,0.4874862092229649,OnTrack,-3068.9908387744313,15316.16712514476,7333.131951141673
2026-09-12 14:38:41.321,0 days 00:52:38.791000,44,651.4916666666677,0 days 00:00:44.281000,11253.0,246.0,6,100.0,False,0,car,2620.6011111111106,0.48952855701383047,OnTrack,-3015.1090459426423,15336.30839854885,7331.316421152008
2026-09-12 14:38:41.414,0 days 00:52:38.884000,44,648.1333264000008,0 days 00:00:44.374000,11348.3251968,247.7437536,6,100.0,False,0,pos,2627.012636108369,0.49072623054257103,OnTrack,-2971.0,15353.0,7329.0
2026-09-12 14:38:41.481,0 days 00:52:38.951000,44,645.7138888888894,0 days 00:00:44.441000,11417.0,249.0,6,100.0,False,0,car,2631.6677777777777,0.49159581148507264,OnTrack,-2932.946883857272,15367.677149059133,7326.7214106154015
2026-09-12 14:38:41.574,0 days 00:52:39.044000,44,642.2005476017437,0 days 00:00:44.534000,11468.280489925082,250.73832169237568,6,100.0,False,0,pos,2638.1836712056183,0.4928129810473775,OnTrack,-2866.0,15389.0,7323.0
2026-09-12 14:38:41.802,0 days 00:52:39.272000,44,633.5872222222233,0 days 00:00:44.762000,11594.0,255.0,6,100.0,False,0,car,2654.4052777777774,0.4958431788230123,OnTrack,-2627.086582409646,15426.988300527995,7313.849110276992
2026-09-12 14:38:41.834,0 days 00:52:39.304000,44,632.3427777777789,0 days 00:00:44.794000,11598.0,256.0,6,100.0,False,0,pos,2656.706482835261,0.49627304416436724,OnTrack,-2600.0,15430.0,7313.0
2026-09-12 14:38:41.962,0 days 00:52:39.432000,44,627.3650000000011,0 days 00:00:44.922000,11614.0,260.0,6,100.0,False,0,car,2665.9608333333326,0.4980017577889678,OnTrack,-2525.53684939012,15435.523574829147,7311.199355821643
2026-09-12 14:38:42.174,0 days 00:52:39.644000,44,619.238323520001,0 days 00:00:45.134000,11774.9876944,261.9875024,6,100.0,False,0,pos,2681.39802929738,0.5008854275823519,OnTrack,-2442.0,15426.0,7311.0
2026-09-12 14:38:42.282,0 days 00:52:39.752000,44,615.0983333333343,0 days 00:00:45.242000,11857.0,263.0,6,100.0,False,0,car,2689.3386111111104,0.5023687290816318,OnTrack,-2365.2415829287424,15415.196469128707,7310.317701961659
2026-09-12 14:38:42.334,0 days 00:52:39.804000,44,613.1483237333342,0 days 00:00:45.294000,11799.7997184,263.78000384,6,100.0,False,0,pos,2693.18438834713,0.5030871206647549,OnTrack,-2327.0,15409.0,7310.0
2026-09-12 14:38:42.574,0 days 00:52:40.044000,44,604.1483237333342,0 days 00:00:45.534000,11535.7997184,267.38000384,6,100.0,False,0,pos,2711.1087139209026,0.5064353865249701,OnTrack,-2157.0,15363.0,7310.0
2026-09-12 14:38:42.682,0 days 00:52:40.152000,44,600.0983333333343,0 days 00:00:45.642000,11417.0,269.0,6,100.0,False,0,car,2719.2274999999995,0.5079519765993439,OnTrack,-2049.1224041851574,15314.929449219397,7311.585242969297
2026-09-12 14:38:42.834,0 days 00:52:40.304000,44,594.6094444444453,0 days 00:00:45.794000,11114.68888888889,270.26666666666665,6,100.0,False,0,pos,2730.691303719273,0.5100934163128479,OnTrack,-1891.0,15231.0,7315.0
2026-09-12 14:38:43.042,0 days 00:52:40.512000,44,587.0983333333343,0 days 00:00:46.002000,10701.0,272.0,7,100.0,False,0,car,2746.4274999999993,0.5130329393961316,OnTrack,-1754.7289635380168,15129.664657243622,7320.127722248632
2026-09-12 14:38:43.254,0 days 00:52:40.724000,44,579.7372133333341,0 days 00:00:46.214000,10862.6501952,272.8833344,7,100.0,False,0,pos,2762.4986827127227,0.5160350379793568,OnTrack,-1674.0,15046.0,7325.0
2026-09-12 14:38:43.282,0 days 00:52:40.752000,44,578.7650000000008,0 days 00:00:46.242000,10884.0,273.0,7,100.0,False,0,car,2764.627499999999,0.5164327012675116,OnTrack,-1664.7430021141615,15036.639964692493,7325.550525484231
2026-09-12 14:38:43.595,0 days 00:52:41.065000,44,568.9402717511118,0 days 00:00:46.555000,10970.85755328,274.56500096,7,100.0,False,0,pos,2788.5325025454563,0.5208981582009891,OnTrack,-1560.0,14903.0,7334.0
2026-09-12 14:38:43.682,0 days 00:52:41.152000,44,566.2094444444451,0 days 00:00:46.642000,10995.0,275.0,7,100.0,False,0,car,2795.1830555555553,0.5221404821871058,OnTrack,-1514.517937319432,14818.59305724931,7339.650356646437
2026-09-12 14:38:43.855,0 days 00:52:41.325000,44,561.3077723377785,0 days 00:00:46.815000,10963.545419636364,275.0,7,100.0,False,0,pos,2808.3941989745904,0.524608325136192,OnTrack,-1423.0,14631.0,7352.0
2026-09-12 14:38:44.122,0 days 00:52:41.592000,44,553.7427777777784,0 days 00:00:47.082000,10915.0,275.0,7,100.0,False,0,car,2828.794166666666,0.5284190411986592,OnTrack,-1382.15858309658,14508.16556702535,7357.814890183511
2026-09-12 14:38:44.255,0 days 00:52:41.725000,44,550.1961059911115,0 days 00:00:47.215000,10953.2375552,275.5541674666667,7,100.0,False,0,pos,2838.989255079356,0.53032348476244,OnTrack,-1373.0,14439.0,7361.0
2026-09-12 14:38:44.355,0 days 00:52:41.825000,44,547.5294393244445,0 days 00:00:47.315000,10981.9875552,275.9708341333333,7,100.0,False,0,pos,2846.657640799798,0.5317559400035057,OnTrack,-1362.0,14363.0,7365.0
2026-09-12 14:38:44.362,0 days 00:52:41.832000,44,547.3427777777779,0 days 00:00:47.322000,10984.0,276.0,7,100.0,False,0,car,2847.194166666666,0.5318561630906039,OnTrack,-1361.3184984010334,14357.697254345774,7365.259579869836
2026-09-12 14:38:44.595,0 days 00:52:42.065000,44,541.5177729777779,0 days 00:00:47.555000,10923.808283733333,276.0,7,100.0,False,0,pos,2865.0392511838754,0.5351896267133051,OnTrack,-1355.0,14178.0,7372.0
2026-09-12 14:38:44.722,0 days 00:52:42.192000,44,538.3427777777779,0 days 00:00:47.682000,10891.0,276.0,7,100.0,False,0,car,2874.794166666666,0.5370118459285209,OnTrack,-1372.24978223443,14030.114124192587,7376.982020824388
2026-09-12 14:38:44.835,0 days 00:52:42.305000,44,535.5491619200003,0 days 00:00:47.795000,10944.95759168,276.56500096,7,100.0,False,0,pos,2883.506653642528,0.5386393393914567,OnTrack,-1392.0,13903.0,7381.0
2026-09-12 14:38:45.122,0 days 00:52:42.592000,44,528.4538888888897,0 days 00:00:48.082000,11082.0,278.0,7,100.0,False,0,car,2905.683055555555,0.5427818935490559,OnTrack,-1428.6045832704026,13747.647710853815,7383.375395969079
2026-09-12 14:38:45.282,0 days 00:52:42.752000,44,524.4094444444454,0 days 00:00:48.242000,10982.0,277.0,7,100.0,False,0,car,2917.9941666666655,0.5450816103704778,OnTrack,-1464.976752430843,13660.525862601193,7381.248294845096
2026-09-12 14:38:45.295,0 days 00:52:42.765000,44,524.0627727040982,0 days 00:00:48.255000,10983.492714957132,277.0542805438957,7,100.0,False,0,pos,2918.995916557292,0.5452687373530498,OnTrack,-1469.0,13651.0,7381.0
2026-09-12 14:38:45.535,0 days 00:52:43.005000,44,517.6627735592127,0 days 00:00:48.495000,11011.050122548626,278.05636809267736,7,100.0,False,0,pos,2937.559888722811,0.5487364892623735,OnTrack,-1561.0,13438.0,7375.0
2026-09-12 14:38:45.761,0 days 00:52:43.231000,44,511.63611111111186,0 days 00:00:48.721000,11037.0,279.0,7,100.0,False,0,car,2955.1166666666654,0.5520160971875275,OnTrack,-1628.1328940628632,13304.348147642671,7369.700459156114
2026-09-12 14:38:45.895,0 days 00:52:43.365000,44,507.91388533333435,0 days 00:00:48.855000,11026.1124896,279.4187504,7,100.0,False,0,pos,2965.5430254516596,0.5539637420806348,OnTrack,-1671.0,13231.0,7366.0
2026-09-12 14:38:46.081,0 days 00:52:43.551000,44,502.7472222222236,0 days 00:00:49.041000,11011.0,280.0,7,100.0,False,0,car,2980.005555555554,0.5566653441911241,OnTrack,-1746.9600403161216,13107.410893732349,7359.489705873475
2026-09-12 14:38:46.155,0 days 00:52:43.625000,44,500.7327742933347,0 days 00:00:49.115000,11009.1499968,279.7357138285714,7,100.0,False,0,pos,2985.743633648293,0.5577372177688547,OnTrack,-1777.0,13060.0,7357.0
2026-09-12 14:38:46.335,0 days 00:52:43.805000,44,495.8327742933347,0 days 00:00:49.295000,11004.6499968,279.0928566857143,7,100.0,False,0,pos,2999.6871195061494,0.5603418623608144,OnTrack,-1856.0,12944.0,7351.0
2026-09-12 14:38:46.361,0 days 00:52:43.831000,44,495.12500000000136,0 days 00:00:49.321000,11004.0,279.0,7,100.0,False,0,car,3001.7055555555544,0.560718906422385,OnTrack,-1873.7008567429084,12920.340137026791,7349.764664094419
2026-09-12 14:38:46.521,0 days 00:52:43.991000,44,490.63611111111186,0 days 00:00:49.481000,11006.0,280.0,7,100.0,False,0,car,3014.149999999999,0.5630435299241834,OnTrack,-2012.1012548671777,12743.13690922701,7340.540243682672
2026-09-12 14:38:46.555,0 days 00:52:44.025000,44,489.682218631112,0 days 00:00:49.515000,11004.2999936,280.0,7,100.0,False,0,pos,3016.795006172726,0.5635376173492165,OnTrack,-2037.0,12712.0,7339.0
2026-09-12 14:38:46.721,0 days 00:52:44.191000,44,485.02500000000146,0 days 00:00:49.681000,10996.0,280.0,7,100.0,False,0,car,3029.7055555555544,0.5659493093014312,OnTrack,-2114.0175095637537,12619.534140705116,7335.1353051315255
2026-09-12 14:38:46.895,0 days 00:52:44.365000,44,480.0949963733343,0 days 00:00:49.855000,10994.549998933333,280.0,7,100.0,False,0,pos,3043.2400216014325,0.5684775489504568,OnTrack,-2169.0,12559.0,7334.0
2026-09-12 14:38:46.961,0 days 00:52:44.431000,44,478.2250000000008,0 days 00:00:49.921000,10994.0,280.0,7,100.0,False,0,car,3048.3722222222214,0.5694362445541287,OnTrack,-2197.9860553864255,12526.24630753012,7333.342137842977
2026-09-12 14:38:47.121,0 days 00:52:44.591000,44,473.7361111111113,0 days 00:00:50.081000,11002.0,280.0,7,100.0,False,0,car,3060.816666666666,0.5717608680559271,OnTrack,-2283.2895617103886,12428.650913098227,7331.48374908167
2026-09-12 14:38:47.195,0 days 00:52:44.665000,44,471.57777404444477,0 days 00:00:50.155000,10996.81999104,280.37000064,7,100.0,False,0,pos,3066.5897915194355,0.5728392883720348,OnTrack,-2323.0,12383.0,7331.0
2026-09-12 14:38:47.321,0 days 00:52:44.791000,44,467.9027777777783,0 days 00:00:50.281000,10988.0,281.0,7,100.0,False,0,car,3076.427777777777,0.5746770252166651,OnTrack,-2388.0786645461612,12307.969059963272,7330.923644427692
2026-09-12 14:38:47.415,0 days 00:52:44.885000,44,464.95221820444493,0 days 00:00:50.375000,10995.99001088,280.52999936,7,100.0,False,0,pos,3083.7455738926756,0.5760439902833665,OnTrack,-2435.0,12254.0,7331.0
2026-09-12 14:38:47.521,0 days 00:52:44.991000,44,461.62500000000045,0 days 00:00:50.481000,11005.0,280.0,7,100.0,False,0,car,3091.9833333333327,0.577582804593913,OnTrack,-2487.0956837618037,12194.421836181453,7330.8718192622
2026-09-12 14:38:47.575,0 days 00:52:45.045000,44,459.884995875556,0 days 00:00:50.535000,10837.937104,279.6624992,7,100.0,False,0,pos,3096.178354080511,0.5783664349008308,OnTrack,-2517.0,12160.0,7331.0
2026-09-12 14:38:47.681,0 days 00:52:45.151000,44,456.4694444444449,0 days 00:00:50.641000,10510.0,279.0,7,100.0,False,0,car,3104.3833333333323,0.5798991258689191,OnTrack,-2586.941964749051,12078.682701452992,7331.983512799431
2026-09-12 14:38:47.835,0 days 00:52:45.305000,44,451.5072180977784,0 days 00:00:50.795000,10527.9666816,275.791664,7,100.0,False,0,pos,3116.137769961538,0.5820948558396954,OnTrack,-2689.0,11959.0,7334.0
2026-09-12 14:38:47.921,0 days 00:52:45.391000,44,448.73611111111177,0 days 00:00:50.881000,10538.0,274.0,7,100.0,False,0,car,3122.649999999999,0.5833113410804874,OnTrack,-2728.300938804221,11912.602269781599,7334.645852288428
2026-09-12 14:38:48.121,0 days 00:52:45.591000,44,442.125,0 days 00:00:51.081000,10536.0,272.0,7,100.0,False,0,car,3137.7611111111105,0.586134098189814,OnTrack,-2788.9728212377313,11839.12482818823,7335.484248041581
2026-09-12 14:38:48.174,0 days 00:52:45.644000,44,440.3583265810994,0 days 00:00:51.134000,10479.697604126624,271.33956133872874,7,83.48903346821851,False,0,pos,3141.794581442386,0.5868875508624299,OnTrack,-2810.0,11813.0,7336.0
2026-09-12 14:38:48.374,0 days 00:52:45.844000,44,433.6916585852529,0 days 00:00:51.334000,10267.236502576749,268.84734900383285,7,21.183725095820574,False,0,pos,3156.9050813241065,0.5897101937940437,OnTrack,-2909.0,11689.0,7339.0
2026-09-12 14:38:48.442,0 days 00:52:45.912000,44,431.4250000000002,0 days 00:00:51.402000,10195.0,268.0,7,0.0,True,0,car,3161.657777777777,0.5905979979802761,OnTrack,-2939.487206307103,11651.086534137454,7339.919474778763
2026-09-12 14:38:48.654,0 days 00:52:46.124000,44,427.1261059200003,0 days 00:00:51.614000,10575.01045888,239.37996544,7,0.0,True,0,pos,3174.8311733967994,0.5930587896364385,OnTrack,-3031.0,11525.0,7342.0
2026-09-12 14:38:48.842,0 days 00:52:46.312000,44,423.3138888888893,0 days 00:00:51.802000,10912.0,214.0,7,0.0,True,0,car,3185.435555555555,0.5950396893140694,OnTrack,-3134.912117963479,11346.046149504582,7342.95384528518
2026-09-12 14:38:48.854,0 days 00:52:46.324000,44,423.1105512177782,0 days 00:00:51.814000,10942.700654933333,213.249984,7,0.0,True,0,pos,3186.106820601715,0.5951650816937136,OnTrack,-3140.0,11337.0,7343.0
2026-09-12 14:38:49.082,0 days 00:52:46.552000,44,419.24722222222226,0 days 00:00:52.042000,11526.0,199.0,5,0.0,True,0,car,3198.7022222222217,0.5975179040115223,OnTrack,-3184.443981225677,11254.566373055446,7343.702008809324
2026-09-12 14:38:49.174,0 days 00:52:46.644000,44,417.86721838222246,0 days 00:00:52.134000,11201.124096,194.9749888,5,0.0,True,0,pos,3203.6628503040424,0.5984445498472734,OnTrack,-3196.0,11231.0,7344.0
2026-09-12 14:38:49.242,0 days 00:52:46.712000,44,416.8472222222226,0 days 00:00:52.202000,10961.0,192.0,5,0.0,True,0,car,3207.235555555555,0.5991119315556125,OnTrack,-3207.1725408699695,11208.340629255888,7344.250687681335
2026-09-12 14:38:49.442,0 days 00:52:46.912000,44,414.56944444444434,0 days 00:00:52.402000,11521.0,178.0,4,0.0,True,0,car,3217.124444444444,0.600959177016863,OnTrack,-3252.300826138928,11108.137068624357,7344.9518745552805
2026-09-12 14:38:49.474,0 days 00:52:46.944000,44,414.3027777777778,0 days 00:00:52.434000,11630.0,175.4,4,0.0,True,0,pos,3218.627960612221,0.6012400339916,OnTrack,-3261.0,11085.0,7345.0
2026-09-12 14:38:49.602,0 days 00:52:47.072000,44,413.23611111111177,0 days 00:00:52.562000,12066.0,165.0,4,0.0,True,0,car,3224.457777777777,0.6023290444375655,OnTrack,-3298.14641503561,10976.084288667229,7345.006336823699
2026-09-12 14:38:49.634,0 days 00:52:47.104000,44,413.07611111111174,0 days 00:00:52.594000,12006.654545454545,164.2,4,0.0,True,0,pos,3225.88106925299,0.6025949154314826,OnTrack,-3306.0,10951.0,7345.0
2026-09-12 14:38:50.042,0 days 00:52:47.512000,44,411.0361111111115,0 days 00:00:53.002000,11250.0,154.0,3,0.0,True,0,car,3243.2799999999997,0.6058450374840355,OnTrack,-3331.151892159938,10788.279762718641,7345.08755246449
2026-09-12 14:38:50.095,0 days 00:52:47.565000,44,410.8005547022227,0 days 00:00:53.055000,11164.5371904,153.6687488,3,0.0,True,0,pos,3245.5391783435075,0.6062670522308985,OnTrack,-3330.0,10773.0,7345.0
2026-09-12 14:38:50.202,0 days 00:52:47.672000,44,410.3250000000007,0 days 00:00:53.162000,10992.0,153.0,3,0.0,True,0,car,3250.0799999999995,0.6071152781832324,OnTrack,-3326.6908511307274,10740.588044010663,7344.709437077792
2026-09-12 14:38:50.522,0 days 00:52:47.992000,44,410.0583333333343,0 days 00:00:53.482000,11375.0,146.0,3,40.0,False,0,car,3263.057777777777,0.6095395284065364,OnTrack,-3303.6548728323264,10636.190326046397,7343.081616373302
2026-09-12 14:38:50.535,0 days 00:52:48.005000,44,410.0763891555565,0 days 00:00:53.495000,11369.438806755556,145.96388835555555,3,40.541674666666665,False,0,pos,3263.578093966759,0.6096367235241387,OnTrack,-3302.0,10632.0,7343.0
2026-09-12 14:38:50.815,0 days 00:52:48.285000,44,410.4652780444454,0 days 00:00:53.775000,11249.661028977778,145.18611057777778,3,52.20834133333334,False,0,pos,3274.8085950547797,0.6117345822821357,OnTrack,-3250.0,10544.0,7341.0
2026-09-12 14:38:50.882,0 days 00:52:48.352000,44,410.5583333333343,0 days 00:00:53.842000,11221.0,145.0,3,55.0,False,0,car,3277.557777777777,0.612248129897471,OnTrack,-3231.9149226414856,10523.670948088753,7340.464110871648
2026-09-12 14:38:51.055,0 days 00:52:48.525000,44,410.702500160001,0 days 00:00:54.015000,10973.295179636363,149.3250048,3,64.82955636363636,False,0,pos,3284.817684849474,0.61360428128495,OnTrack,-3179.0,10474.0,7339.0
2026-09-12 14:38:51.322,0 days 00:52:48.792000,44,410.9250000000011,0 days 00:00:54.282000,10591.0,156.0,3,80.0,False,0,car,3296.6244444444437,0.6158097851912977,OnTrack,-3092.9869595382856,10404.5074104503,7336.418898983684
2026-09-12 14:38:51.355,0 days 00:52:48.825000,44,410.88833312000105,0 days 00:00:54.315000,10627.7127136,157.48500864,3,81.6500096,False,0,pos,3298.1511937155833,0.6160949821121317,OnTrack,-3078.0,10393.0,7336.0
2026-09-12 14:38:51.575,0 days 00:52:49.045000,44,410.6438886755564,0 days 00:00:54.535000,10872.4627136,167.38500864,3,92.6500096,False,0,pos,3308.700443482456,0.6180655830532896,OnTrack,-2963.0,10306.0,7333.0
2026-09-12 14:38:51.722,0 days 00:52:49.192000,44,410.4805555555563,0 days 00:00:54.682000,11036.0,174.0,4,100.0,False,0,car,3315.957777777777,0.6194212538458772,OnTrack,-2927.89229913033,10281.089408774544,7332.321896160018
2026-09-12 14:38:51.835,0 days 00:52:49.305000,44,410.22944401777875,0 days 00:00:54.795000,11349.5755328,177.76667306666667,4,100.0,False,0,pos,3321.6030894105206,0.620475798639342,OnTrack,-2902.0,10263.0,7332.0
2026-09-12 14:38:51.962,0 days 00:52:49.432000,44,409.94722222222344,0 days 00:00:54.922000,11702.0,182.0,4,100.0,False,0,car,3328.0911111111104,0.6216877617601306,OnTrack,-2851.6560977691306,10226.21872774974,7331.278235070751
2026-09-12 14:38:52.015,0 days 00:52:49.485000,44,409.74111040579726,0 days 00:00:54.975000,11514.25641083257,184.32602676844604,4,100.0,False,0,pos,3330.869440714442,0.6222067540157095,OnTrack,-2831.0,10211.0,7331.0
2026-09-12 14:38:52.281,0 days 00:52:49.751000,44,408.70666666666784,0 days 00:00:55.241000,10572.0,196.0,4,100.0,False,0,car,3345.4588888888884,0.6249320644348278,OnTrack,-2763.1544505786433,10160.458939612477,7330.426333710139
2026-09-12 14:38:52.415,0 days 00:52:49.885000,44,407.6644434488898,0 days 00:00:55.375000,10834.5565008,203.1187568,4,100.0,False,0,pos,3353.235576557128,0.6263847504908779,OnTrack,-2723.0,10130.0,7330.0
2026-09-12 14:38:52.575,0 days 00:52:50.045000,44,406.41999900444506,0 days 00:00:55.535000,11148.0565008,211.6187568,4,100.0,False,0,pos,3362.8176991224664,0.6281746919713466,OnTrack,-2652.0,10076.0,7329.0
2026-09-12 14:38:52.601,0 days 00:52:50.071000,44,406.21777777777834,0 days 00:00:55.561000,11199.0,213.0,5,100.0,False,0,car,3364.392222222222,0.6284688130482782,OnTrack,-2637.440121195459,10064.94055147599,7328.790999661593
2026-09-12 14:38:52.795,0 days 00:52:50.265000,44,404.4394432711117,0 days 00:00:55.755000,11576.607392,219.2357184,5,100.0,False,0,pos,3376.291640821732,0.6306916256662014,OnTrack,-2511.0,9969.0,7327.0
2026-09-12 14:38:52.881,0 days 00:52:50.351000,44,403.65111111111173,0 days 00:00:55.841000,11744.0,222.0,5,100.0,False,0,car,3381.6588888888887,0.6316942281570234,OnTrack,-2457.4932583521254,9928.380572634249,7326.270677989733
2026-09-12 14:38:53.201,0 days 00:52:50.671000,44,400.45111111111146,0 days 00:00:56.161000,12194.0,230.0,5,100.0,False,0,car,3402.103333333333,0.6355132524814063,OnTrack,-2285.211302755158,9790.21236066695,7324.162974205176
2026-09-12 14:38:53.235,0 days 00:52:50.705000,44,400.11110983111143,0 days 00:00:56.195000,12023.99936,230.72857417142856,5,100.0,False,0,pos,3404.3062154262775,0.6359247510828755,OnTrack,-2269.0,9775.0,7324.0
2026-09-12 14:38:53.481,0 days 00:52:50.951000,44,397.6511111111113,0 days 00:00:56.441000,10794.0,236.0,5,100.0,False,0,car,3420.458888888889,0.6389420721465588,OnTrack,-2163.3611307660353,9659.711830174829,7323.1781373473195
2026-09-12 14:38:53.655,0 days 00:52:51.125000,44,395.52444288000027,0 days 00:00:56.615000,10999.75515136,240.78500352,5,100.0,False,0,pos,3432.2659961302465,0.6411476409932875,OnTrack,-2110.0,9590.0,7323.0
2026-09-12 14:38:53.881,0 days 00:52:51.351000,44,392.7622222222226,0 days 00:00:56.841000,11267.0,247.0,6,100.0,False,0,car,3447.903333333333,0.6440686971907034,OnTrack,-2067.99079820977,9516.500109548913,7323.034625947227
2026-09-12 14:38:53.895,0 days 00:52:51.365000,44,392.5599981511115,0 days 00:00:56.855000,11276.8000896,247.21000192,6,100.0,False,0,pos,3448.873845969472,0.6442499890509252,OnTrack,-2065.0,9510.0,7323.0
2026-09-12 14:38:54.081,0 days 00:52:51.551000,44,389.8733333333339,0 days 00:00:57.041000,11407.0,250.0,6,100.0,False,0,car,3461.792222222222,0.6466631430632461,OnTrack,-2017.6922324958273,9394.991349569607,7322.107907261981
2026-09-12 14:38:54.115,0 days 00:52:51.585000,44,389.3161090133339,0 days 00:00:57.075000,11403.25998592,250.34000128,6,100.0,False,0,pos,3464.161389588662,0.6471057037709024,OnTrack,-2010.0,9372.0,7322.0
2026-09-12 14:38:54.281,0 days 00:52:51.751000,44,386.5955555555561,0 days 00:00:57.241000,11385.0,252.0,6,100.0,False,0,car,3475.792222222222,0.6492783445027692,OnTrack,-1982.1382407275319,9259.54654455363,7321.975211076399
2026-09-12 14:38:54.315,0 days 00:52:51.785000,44,385.858886115556,0 days 00:00:57.275000,11409.2250912,252.531252,6,100.0,False,0,pos,3478.1973072423953,0.6497276146318359,OnTrack,-1978.0,9236.0,7322.0
2026-09-12 14:38:54.514,0 days 00:52:51.984000,44,381.54722360888906,0 days 00:00:57.474000,11551.0124544,255.640624,6,100.0,False,0,pos,3492.418355141034,0.6523841078415534,OnTrack,-1962.0,9095.0,7322.0
2026-09-12 14:38:54.601,0 days 00:52:52.071000,44,379.6622222222222,0 days 00:00:57.561000,11613.0,257.0,6,100.0,False,0,car,3498.6366666666663,0.6535456890739275,OnTrack,-1957.932286291996,9034.771153137108,7321.791723595195
2026-09-12 14:38:54.794,0 days 00:52:52.264000,44,375.05166672751835,0 days 00:00:57.754000,11701.338307291799,257.0,6,100.0,False,0,pos,3512.4098219500565,0.656118515897063,OnTrack,-1953.0,8900.0,7321.0
2026-09-12 14:38:54.802,0 days 00:52:52.272000,44,374.86055555555595,0 days 00:00:57.762000,11705.0,257.0,6,100.0,False,0,car,3512.985833333333,0.6562261148826865,OnTrack,-1952.8547023036779,8894.093694579315,7320.966784872663
2026-09-12 14:38:55.034,0 days 00:52:52.504000,44,368.22277777777805,0 days 00:00:57.994000,10466.7,262.8,6,100.0,False,0,pos,3529.928835316722,0.659391069395315,OnTrack,-1950.0,8720.0,7320.0
2026-09-12 14:38:55.042,0 days 00:52:52.512000,44,367.99388888888916,0 days 00:00:58.002000,10424.0,263.0,6,100.0,False,0,car,3530.5191666666665,0.6595013433521844,OnTrack,-1949.9201125972158,8714.555921749223,7319.964368738368
2026-09-12 14:38:55.214,0 days 00:52:52.684000,44,362.1649913244447,0 days 00:00:58.174000,10513.2251328,265.687504,6,100.0,False,0,pos,3543.2918485710775,0.6618872816452549,OnTrack,-1948.0,8604.0,7319.0
2026-09-12 14:38:55.362,0 days 00:52:52.832000,44,357.1494444444447,0 days 00:00:58.322000,10590.0,268.0,7,100.0,False,0,car,3554.3413888888886,0.6639513369127698,OnTrack,-1945.058725094658,8494.795564005082,7317.443811551243
2026-09-12 14:38:55.414,0 days 00:52:52.884000,44,355.2427683911115,0 days 00:00:58.374000,10599.88004864,268.26000128,7,100.0,False,0,pos,3558.224327839069,0.6646766703079192,OnTrack,-1944.0,8457.0,7317.0
2026-09-12 14:38:55.562,0 days 00:52:53.032000,44,349.8161111111117,0 days 00:00:58.522000,10628.0,269.0,7,100.0,False,0,car,3569.285833333333,0.6667429606716258,OnTrack,-1941.1167381507435,8357.244726188777,7316.438804154078
2026-09-12 14:38:55.654,0 days 00:52:53.124000,44,346.08498961777843,0 days 00:00:58.614000,10661.7334272,269.3833344,7,100.0,False,0,pos,3576.180456326175,0.668030876955615,OnTrack,-1935.0,8280.0,7316.0
2026-09-12 14:38:55.802,0 days 00:52:53.272000,44,340.0827777777786,0 days 00:00:58.762000,10716.0,270.0,7,100.0,False,0,car,3587.285833333333,0.6701053625224411,OnTrack,-1914.0678048367893,8113.493521829856,7314.525652982715
2026-09-12 14:38:55.854,0 days 00:52:53.324000,44,337.8727668977785,0 days 00:00:58.814000,10720.333354666667,270.0,7,100.0,False,0,pos,3591.1846357503814,0.6708336592148327,OnTrack,-1906.0,8060.0,7314.0
2026-09-12 14:38:56.042,0 days 00:52:53.512000,44,329.8827777777783,0 days 00:00:59.002000,10736.0,270.0,7,100.0,False,0,car,3605.285833333333,0.6734677643732565,OnTrack,-1879.9572644827,7930.976506361142,7312.599824664374
2026-09-12 14:38:56.294,0 days 00:52:53.764000,44,318.4027661155566,0 days 00:00:59.254000,10690.09995337143,270.9000009142857,7,100.0,False,0,pos,3624.263195417655,0.6770127375619186,OnTrack,-1835.0,7817.0,7312.0
2026-09-12 14:38:56.322,0 days 00:52:53.792000,44,317.1272222222233,0 days 00:00:59.282000,10685.0,271.0,7,100.0,False,0,car,3626.36361111111,0.6774050954294273,OnTrack,-1827.7177246526164,7799.681803803108,7312.027885194369
2026-09-12 14:38:56.514,0 days 00:52:53.984000,44,308.22055555555664,0 days 00:00:59.474000,10640.0,269.2,7,100.0,False,0,pos,3640.688885236274,0.6800810581089768,OnTrack,-1767.0,7666.0,7312.0
2026-09-12 14:38:56.615,0 days 00:52:54.085000,44,303.5352688711122,0 days 00:00:59.575000,10616.32808,268.2531232,7,100.0,False,0,pos,3648.1850318232846,0.6814813390622072,OnTrack,-1730.0,7601.0,7311.0
2026-09-12 14:38:56.642,0 days 00:52:54.112000,44,302.28277777777885,0 days 00:00:59.602000,10610.0,268.0,7,100.0,False,0,car,3650.185833333332,0.6818550889900127,OnTrack,-1719.509644658878,7583.867988265393,7310.813422503816
2026-09-12 14:38:56.882,0 days 00:52:54.352000,44,290.94944444444536,0 days 00:00:59.842000,10566.0,266.0,7,100.0,False,0,car,3667.9191666666657,0.6851676774800753,OnTrack,-1617.6471457295647,7436.300573701289,7310.984057450765
2026-09-12 14:38:56.895,0 days 00:52:54.365000,44,290.32832416000093,0 days 00:00:59.855000,10564.374976,265.95357074285715,7,100.0,False,0,pos,3668.877795786885,0.6853467494983015,OnTrack,-1612.0,7429.0,7311.0
2026-09-12 14:38:57.095,0 days 00:52:54.565000,44,280.7727686044454,0 days 00:01:00.055000,10539.374976,265.23928502857143,7,100.0,False,0,pos,3683.604920838938,0.6880977779723134,OnTrack,-1514.0,7319.0,7311.0
2026-09-12 14:38:57.162,0 days 00:52:54.632000,44,277.5716666666676,0 days 00:01:00.122000,10531.0,265.0,7,100.0,False,0,car,3688.530277777777,0.6890178351549288,OnTrack,-1465.097621260878,7273.879203830876,7311.010060222868
2026-09-12 14:38:57.315,0 days 00:52:54.785000,44,270.3041575466675,0 days 00:01:00.275000,10507.09372,264.5218744,7,100.0,False,0,pos,3699.7628355373695,0.6911160780993869,OnTrack,-1334.0,7166.0,7311.0
2026-09-12 14:38:57.482,0 days 00:52:54.952000,44,262.37166666666735,0 days 00:01:00.442000,10481.0,264.0,7,100.0,False,0,car,3711.9969444444437,0.693401410901177,OnTrack,-1207.3695314285615,7084.10339192564,7310.614766793557
2026-09-12 14:38:57.695,0 days 00:52:55.165000,44,252.6683245866675,0 days 00:01:00.655000,10459.2562304,263.5562496,7,100.0,False,0,pos,3727.5571005815336,0.6963080496675286,OnTrack,-1078.0,7022.0,7310.0
2026-09-12 14:38:57.962,0 days 00:52:55.432000,44,240.50500000000102,0 days 00:01:00.922000,10432.0,263.0,7,100.0,False,0,car,3747.0636111111103,0.699951867840173,OnTrack,-963.4250329615929,6977.197994332665,7309.925861094149
2026-09-12 14:38:58.055,0 days 00:52:55.525000,44,236.29415797333405,0 days 00:01:01.015000,10428.5124928,263.5812512,7,100.0,False,0,pos,3753.880782210879,0.7012253161025723,OnTrack,-913.0,6963.0,7310.0
2026-09-12 14:38:58.122,0 days 00:52:55.592000,44,233.26055555555604,0 days 00:01:01.082000,10426.0,264.0,7,100.0,False,0,car,3758.796944444444,0.7021436557132972,OnTrack,-869.200953019836,6951.944338038697,7310.070358973015
2026-09-12 14:38:58.275,0 days 00:52:55.745000,44,226.58804718222265,0 days 00:01:01.235000,10415.071414857142,264.0,7,100.0,False,0,pos,3770.032510975682,0.7042424606966078,OnTrack,-755.0,6928.0,7310.0
2026-09-12 14:38:58.402,0 days 00:52:55.872000,44,221.04944444444482,0 days 00:01:01.362000,10406.0,264.0,7,100.0,False,0,car,3779.330277777777,0.7059792844912643,OnTrack,-661.5122472986959,6916.34567724868,7309.198521082307
2026-09-12 14:38:58.595,0 days 00:52:56.065000,44,213.22221443555605,0 days 00:01:01.555000,10405.3107136,262.6214272,7,100.0,False,0,pos,3793.3648903942,0.7086009515710943,OnTrack,-520.0,6907.0,7308.0
2026-09-12 14:38:58.615,0 days 00:52:56.085000,44,212.41110332444495,0 days 00:01:01.575000,10405.23928502857,262.47857005714286,7,100.0,False,0,pos,3794.820346190829,0.708872830863559,OnTrack,-505.0,6906.0,7308.0
2026-09-12 14:38:58.682,0 days 00:52:56.152000,44,209.69388888888943,0 days 00:01:01.642000,10405.0,262.0,7,100.0,False,0,car,3799.708055555555,0.7097858554754591,OnTrack,-452.9243488305799,6903.711413356244,7307.919376762889
2026-09-12 14:38:58.895,0 days 00:52:56.365000,44,201.2330498697274,0 days 00:01:01.855000,10412.634413732607,263.5268827465215,7,100.0,False,0,pos,3815.3435653403462,0.7127065703109494,OnTrack,-281.0,6904.0,7307.0
2026-09-12 14:38:58.961,0 days 00:52:56.431000,44,198.6113888888899,0 days 00:01:01.921000,10415.0,264.0,7,100.0,False,0,car,3820.1680555555545,0.7136077855792192,OnTrack,-232.95900042389616,6904.223357384191,7306.689354897734
2026-09-12 14:38:59.115,0 days 00:52:56.585000,44,192.9219397155562,0 days 00:01:02.075000,10392.8624816,261.1124976,7,100.0,False,0,pos,3831.335543599125,0.7156938734940337,OnTrack,-119.0,6905.0,7306.0
2026-09-12 14:38:59.121,0 days 00:52:56.591000,44,192.7002777777784,0 days 00:01:02.081000,10392.0,261.0,7,100.0,True,0,car,3831.768055555555,0.715774666771967,OnTrack,-113.90164602509108,6905.065857693512,7305.975586905429
2026-09-12 14:38:59.321,0 days 00:52:56.791000,44,186.1447222222232,0 days 00:01:02.281000,9703.0,253.0,7,0.0,True,0,car,3845.82361111111,0.7184002459949802,OnTrack,78.52797420080766,6908.684221318147,7305.259287701909
2026-09-12 14:38:59.395,0 days 00:52:56.865000,44,184.93194234666763,0 days 00:01:02.355000,9908.14479928889,244.16109582222222,7,0.0,True,0,pos,3850.5540070529346,0.7192838844433069,OnTrack,136.0,6910.0,7305.0
2026-09-12 14:38:59.655,0 days 00:52:57.125000,44,180.67083123555645,0 days 00:01:02.615000,10628.922577066667,213.10554026666665,7,0.0,True,0,pos,3865.3824513368177,0.7220538393602426,OnTrack,253.0,6915.0,7304.0
2026-09-12 14:38:59.681,0 days 00:52:57.151000,44,180.24472222222312,0 days 00:01:02.641000,10701.0,210.0,7,0.0,True,0,car,3866.82361111111,0.722323048154265,OnTrack,266.3977303594698,6916.108981421609,7303.890094653076
2026-09-12 14:38:59.875,0 days 00:52:57.345000,44,178.25083201777858,0 days 00:01:02.835000,11438.2004864,196.41999103999999,7,0.0,True,0,pos,3877.3983087273073,0.7242984027562934,OnTrack,383.0,6929.0,7303.0
2026-09-12 14:38:59.881,0 days 00:52:57.351000,44,178.18916666666746,0 days 00:01:02.841000,11461.0,196.0,7,0.0,True,0,car,3877.712499999999,0.7243570937183385,OnTrack,386.365969152671,6929.518907015007,7302.970078182536
2026-09-12 14:39:00.135,0 days 00:52:57.605000,44,177.9069443022228,0 days 00:01:03.095000,10722.0183776,178.5374912,7,0.0,True,0,pos,3890.1520088294774,0.7266807952467537,OnTrack,521.0,6965.0,7301.0
2026-09-12 14:39:00.201,0 days 00:52:57.671000,44,177.83361111111162,0 days 00:01:03.161000,10530.0,174.0,5,0.0,True,0,car,3893.179166666666,0.7272462686420021,OnTrack,566.3747268797779,6983.44836489809,7299.872255203913
2026-09-12 14:39:00.395,0 days 00:52:57.865000,44,178.9652785244457,0 days 00:01:03.355000,11220.64045568,158.47998976,5,0.0,True,0,pos,3901.7009773117084,0.728838143746735,OnTrack,700.0,7045.0,7296.0
2026-09-12 14:39:00.401,0 days 00:52:57.871000,44,179.00027777777905,0 days 00:01:03.361000,11242.0,158.0,4,0.0,True,0,car,3901.9569444444433,0.728885958433449,OnTrack,702.7455599446909,7046.334663749472,7295.915902638284
2026-09-12 14:39:00.561,0 days 00:52:58.031000,44,180.51138888889,0 days 00:01:03.521000,10653.0,149.0,3,0.0,True,0,car,3908.5791666666655,0.7301229902254774,OnTrack,740.7991622488042,7066.8172308298845,7294.634292265333
2026-09-12 14:39:00.675,0 days 00:52:58.145000,44,182.72805804444582,0 days 00:01:03.635000,10789.23015296,142.72999296,3,0.0,True,0,pos,3912.9099392228636,0.7309319789842785,OnTrack,762.0,7079.0,7294.0
2026-09-12 14:39:00.895,0 days 00:52:58.365000,44,187.00583582222413,0 days 00:01:03.855000,11052.13015296,130.62999296,3,0.0,True,0,pos,3920.481207722694,0.7323462927185481,OnTrack,840.0,7118.0,7292.0
2026-09-12 14:39:00.961,0 days 00:52:58.431000,44,188.28916666666873,0 days 00:01:03.921000,11131.0,127.0,2,0.0,True,0,car,3922.6902777777764,0.7327589472319809,OnTrack,863.4501585049757,7128.632483609032,7291.220770047791
2026-09-12 14:39:01.154,0 days 00:52:58.624000,44,193.00694288000207,0 days 00:01:04.114000,10718.117994057144,120.79643062857143,2,0.0,True,0,pos,3929.052385829942,0.733947389670297,OnTrack,926.0,7153.0,7289.0
2026-09-12 14:39:01.241,0 days 00:52:58.711000,44,195.13361111111317,0 days 00:01:04.201000,10532.0,118.0,2,0.0,True,0,car,3931.868055555554,0.7344733570645571,OnTrack,952.4155673748877,7160.792289570225,7288.469804829255
2026-09-12 14:39:01.454,0 days 00:52:58.924000,44,200.75445079130466,0 days 00:01:04.414000,10175.736252523559,114.96796810658348,2,0.0,True,0,pos,3938.627178938461,0.7357359620074779,OnTrack,1020.0,7168.0,7287.0
2026-09-12 14:39:01.522,0 days 00:52:58.992000,44,202.54888888889127,0 days 00:01:04.482000,10062.0,114.0,2,0.0,False,0,car,3940.7663888888874,0.7361355666461777,OnTrack,1046.0024495776547,7165.010633699275,7285.711993755298
2026-09-12 14:39:01.654,0 days 00:52:59.124000,44,205.88556202666877,0 days 00:01:04.614000,10027.3499328,112.89999786666667,2,1.6500032,False,0,pos,3944.9094037166515,0.7369094822420016,OnTrack,1095.0,7154.0,7283.0
2026-09-12 14:39:01.762,0 days 00:52:59.232000,44,208.61555555555742,0 days 00:01:04.722000,9999.0,112.0,2,3.0,False,0,car,3948.233055555554,0.7375303407472568,OnTrack,1121.191722659074,7143.504946420877,7282.161298940876
2026-09-12 14:39:01.914,0 days 00:52:59.384000,44,212.37333333333513,0 days 00:01:04.874000,9926.8,108.2,2,19.720000000000002,False,0,pos,3952.7535383421837,0.7383747673966091,OnTrack,1148.0,7124.0,7282.0
2026-09-12 14:39:01.962,0 days 00:52:59.432000,44,213.56000000000176,0 days 00:01:04.922000,9904.0,107.0,2,25.0,False,0,car,3954.1774999999984,0.7386407635807051,OnTrack,1157.8721555419534,7115.814577777079,7281.811564753085
2026-09-12 14:39:02.214,0 days 00:52:59.684000,44,219.1600056888906,0 days 00:01:05.174000,10147.90024777143,108.80000182857142,2,37.6000128,False,0,pos,3961.7898592250003,0.7400627530666617,OnTrack,1216.0,7061.0,7280.0
2026-09-12 14:39:02.242,0 days 00:52:59.712000,44,219.78222222222394,0 days 00:01:05.202000,10175.0,109.0,2,39.0,False,0,car,3962.655277777776,0.7402244133413052,OnTrack,1222.020568590331,7054.515147528044,7279.780596339695
2026-09-12 14:39:02.454,0 days 00:52:59.924000,44,223.9044494222238,0 days 00:01:05.414000,10515.9670784,112.5333376,2,46.0666752,False,0,pos,3969.312863835818,0.7414680511015008,OnTrack,1264.0,7004.0,7278.0
2026-09-12 14:39:02.482,0 days 00:52:59.952000,44,224.44888888889045,0 days 00:01:05.442000,10561.0,113.0,2,47.0,False,0,car,3970.1886111111094,0.7416316407825724,OnTrack,1269.3557689866066,6997.066138190217,7277.718850437072
2026-09-12 14:39:02.554,0 days 00:53:00.024000,44,225.84888888889034,0 days 00:01:05.514000,10763.05,113.0,2,52.85,False,0,pos,3972.427157070379,0.7420498013979382,OnTrack,1283.0,6979.0,7277.0
2026-09-12 14:39:02.642,0 days 00:53:00.112000,44,227.5600000000013,0 days 00:01:05.602000,11010.0,113.0,2,60.0,False,0,car,3975.2108333333317,0.7425697924100838,OnTrack,1299.3613849387932,6956.695429432158,7276.346690220855
2026-09-12 14:39:02.802,0 days 00:53:00.272000,44,230.13777777778023,0 days 00:01:05.762000,11597.0,122.0,2,62.0,False,0,car,3980.6330555555537,0.7435826640787244,OnTrack,1328.5687019238962,6915.315538345074,7275.566339187979
2026-09-12 14:39:02.874,0 days 00:53:00.344000,44,231.11777777778008,0 days 00:01:05.834000,11929.55,125.6,2,71.0,False,0,pos,3983.1875947003273,0.7440598522536338,OnTrack,1342.0,6896.0,7275.0
2026-09-12 14:39:02.962,0 days 00:53:00.432000,44,232.3155555555577,0 days 00:01:05.922000,12336.0,130.0,2,82.0,False,0,car,3986.4108333333315,0.7446619535617023,OnTrack,1358.7500402156245,6871.745268330924,7274.0579914539285
2026-09-12 14:39:03.054,0 days 00:53:00.524000,44,233.33778062222433,0 days 00:01:06.014000,11691.998208,134.14001152,2,82.46000128,False,0,pos,3989.9172927967193,0.7453169605500081,OnTrack,1377.0,6845.0,7273.0
2026-09-12 14:39:03.162,0 days 00:53:00.632000,44,234.53777777777987,0 days 00:01:06.122000,10936.0,139.0,3,83.0,False,0,car,3994.1330555555537,0.7461044654668361,OnTrack,1399.857718388721,6810.939082679973,7271.9630657338985
2026-09-12 14:39:03.275,0 days 00:53:00.745000,44,235.730557582224,0 days 00:01:06.235000,11186.214710857143,141.01786057142857,3,89.45715382857144,False,0,pos,3998.553670284736,0.7469302367527885,OnTrack,1421.0,6779.0,7271.0
2026-09-12 14:39:03.442,0 days 00:53:00.912000,44,237.4933333333347,0 days 00:01:06.402000,11556.0,144.0,3,99.0,False,0,car,4005.333055555554,0.7481966266184545,OnTrack,1442.0225390964654,6746.228102765999,7269.544635900942
2026-09-12 14:39:03.495,0 days 00:53:00.965000,44,237.81722339555702,0 days 00:01:06.455000,11386.588672,147.785728,3,99.0,False,0,pos,4007.622508008119,0.7486242965720021,OnTrack,1454.0,6727.0,7269.0
2026-09-12 14:39:03.675,0 days 00:53:01.145000,44,238.9172233955574,0 days 00:01:06.635000,10811.231529142857,160.64287085714287,3,99.0,False,0,pos,4015.8569154065135,0.7501624847207093,OnTrack,1516.0,6627.0,7267.0
2026-09-12 14:39:03.722,0 days 00:53:01.192000,44,239.20444444444638,0 days 00:01:06.682000,10661.0,164.0,3,99.0,False,0,car,4018.0886111111095,0.7505793657077978,OnTrack,1526.9979544933,6609.331008444194,7266.675718900089
2026-09-12 14:39:03.955,0 days 00:53:01.425000,44,239.98111175111367,0 days 00:01:06.915000,10882.3501824,176.62084373333334,3,99.0,False,0,pos,4029.5381345993164,0.7527181378726702,OnTrack,1558.0,6558.0,7266.0
2026-09-12 14:39:03.962,0 days 00:53:01.432000,44,240.00444444444702,0 days 00:01:06.922000,10889.0,177.0,4,99.0,False,0,car,4029.888611111109,0.7527836069211101,OnTrack,1559.6971373271176,6555.067946869923,7265.968720442969
2026-09-12 14:39:04.255,0 days 00:53:01.725000,44,240.81833386666924,0 days 00:01:07.215000,11609.292138666666,183.51111537777777,4,99.81388942222222,False,0,pos,4044.8505498339923,0.7555784986129773,OnTrack,1665.0,6371.0,7264.0
2026-09-12 14:39:04.322,0 days 00:53:01.792000,44,241.00444444444702,0 days 00:01:07.282000,11774.0,185.0,4,100.0,False,0,car,4048.388611111109,0.7562394088233371,OnTrack,1683.0461722002335,6339.149481794328,7263.625141620552
2026-09-12 14:39:04.642,0 days 00:53:02.112000,44,241.3600000000015,0 days 00:01:07.602000,10305.0,197.0,4,100.0,False,0,car,4065.8997222222206,0.7595104861794391,OnTrack,1728.7435250325661,6256.494025211468,7262.478188462412
2026-09-12 14:39:04.755,0 days 00:53:02.225000,44,241.32861105778005,0 days 00:01:07.715000,10509.812848,200.531256,4,100.0,False,0,pos,4072.220770613193,0.7606912586688225,OnTrack,1758.0,6204.0,7262.0
2026-09-12 14:39:04.802,0 days 00:53:02.272000,44,241.31555555555815,0 days 00:01:07.762000,10595.0,202.0,5,100.0,False,0,car,4074.8774999999982,0.7611875359914506,OnTrack,1773.9675978159898,6175.477207580121,7261.76982000297
2026-09-12 14:39:04.935,0 days 00:53:02.405000,44,241.0938885688911,0 days 00:01:07.895000,10742.63021312,205.3250048,5,100.0,False,0,pos,4082.501079070993,0.7626116213457924,OnTrack,1823.0,6088.0,7261.0
2026-09-12 14:39:05.002,0 days 00:53:02.472000,44,240.9822222222242,0 days 00:01:07.962000,10817.0,207.0,5,100.0,False,0,car,4086.3774999999982,0.7633357371739161,OnTrack,1841.7750070912803,6054.382246229822,7260.527430958525
2026-09-12 14:39:05.215,0 days 00:53:02.685000,44,240.27222158222455,0 days 00:01:08.175000,10977.4157696,209.6625024,5,100.0,False,0,pos,4098.799668772929,0.7656561995779853,OnTrack,1884.0,5978.0,7259.0
2026-09-12 14:39:05.322,0 days 00:53:02.792000,44,239.91555555555806,0 days 00:01:08.282000,11058.0,211.0,5,100.0,False,0,car,4105.133055555553,0.7668392768801977,OnTrack,1908.792537799129,5932.832287622559,7258.593261449772
2026-09-12 14:39:05.495,0 days 00:53:02.965000,44,238.95444337778022,0 days 00:01:08.455000,11201.960874057142,214.70714697142859,5,100.0,False,0,pos,4115.534845672589,0.7687823323436039,OnTrack,1963.0,5835.0,7258.0
2026-09-12 14:39:05.602,0 days 00:53:03.072000,44,238.3600000000024,0 days 00:01:08.562000,11291.0,217.0,5,100.0,False,0,car,4122.010833333331,0.7699920475045117,OnTrack,2010.970255748696,5749.818840675864,7257.22132345249
2026-09-12 14:39:05.755,0 days 00:53:03.225000,44,237.29749887983564,0 days 00:01:08.715000,11367.260268486969,217.47962433010673,5,81.29465112583802,False,0,pos,4131.27342574172,0.771722300718807,OnTrack,2075.0,5637.0,7256.0
2026-09-12 14:39:05.921,0 days 00:53:03.391000,44,236.14472222222503,0 days 00:01:08.881000,11450.0,218.0,5,61.0,False,0,car,4141.328055555553,0.773600506601879,OnTrack,2099.3233645446044,5595.372711680173,7255.30624470396
2026-09-12 14:39:05.995,0 days 00:53:03.465000,44,235.63083244444715,0 days 00:01:08.955000,11427.3374608,218.0,5,58.687496,False,0,pos,4145.812557905149,0.7744382121018938,OnTrack,2112.0,5575.0,7255.0
2026-09-12 14:39:06.081,0 days 00:53:03.551000,44,235.03361111111371,0 days 00:01:09.041000,11401.0,218.0,5,56.0,False,0,car,4151.016944444442,0.7754103920425648,OnTrack,2136.2224798974894,5536.168057205374,7254.546326196241
2026-09-12 14:39:06.195,0 days 00:53:03.665000,44,234.3052769600024,0 days 00:01:09.155000,11336.874928,217.04999893333334,5,46.97498986666667,False,0,pos,4157.886398880694,0.7766936068375951,OnTrack,2176.0,5474.0,7254.0
2026-09-12 14:39:06.321,0 days 00:53:03.791000,44,233.50027777777996,0 days 00:01:09.281000,11266.0,216.0,5,37.0,False,0,car,4165.416944444442,0.7781003135232173,OnTrack,2216.6325122651456,5415.273269254237,7253.832983800018
2026-09-12 14:39:06.515,0 days 00:53:03.985000,44,232.63805498666866,0 days 00:01:09.475000,11122.655460977778,213.3055537777778,5,38.61666773333334,False,0,pos,4176.833240527799,0.780232878805447,OnTrack,2296.0,5332.0,7254.0
2026-09-12 14:39:06.681,0 days 00:53:04.151000,44,231.9002777777796,0 days 00:01:09.641000,11000.0,211.0,5,40.0,False,0,car,4186.516944444443,0.7820417956927843,OnTrack,2409.080263986242,5251.6896752600005,7253.952881759334
2026-09-12 14:39:06.735,0 days 00:53:04.205000,44,231.67527724444636,0 days 00:01:09.695000,11007.3285888,210.8071424,5,43.0857216,False,0,pos,4189.665246917659,0.7826298989184992,OnTrack,2448.0,5230.0,7254.0
2026-09-12 14:39:06.961,0 days 00:53:04.431000,44,230.73361111111353,0 days 00:01:09.921000,11038.0,210.0,5,56.0,False,0,car,4202.850277777776,0.7850928640388946,OnTrack,2602.1234715385876,5181.018135326223,7254.827474411429
2026-09-12 14:39:07.121,0 days 00:53:04.591000,44,230.11138888889127,0 days 00:01:10.081000,11116.0,211.0,5,68.0,False,0,car,4212.2280555555535,0.7868446338920354,OnTrack,2691.737685817365,5173.148053293104,7255.680485925126
2026-09-12 14:39:07.195,0 days 00:53:04.665000,44,229.84416620444688,0 days 00:01:10.155000,11121.285723428571,211.26428617142858,5,70.64286171428571,False,0,pos,4216.577160801316,0.7876570471991322,OnTrack,2723.0,5171.0,7256.0
2026-09-12 14:39:07.401,0 days 00:53:04.871000,44,229.10027777778032,0 days 00:01:10.361000,11136.0,212.0,5,78.0,False,0,car,4228.716944444443,0.7899247600319182,OnTrack,2784.380362621893,5170.347002861443,7256.726094827255
2026-09-12 14:39:07.455,0 days 00:53:04.925000,44,228.93527738666927,0 days 00:01:10.415000,11159.22005504,212.27000064,5,80.97000704,False,0,pos,4231.904971171515,0.7905202837523381,OnTrack,2806.0,5172.0,7257.0
2026-09-12 14:39:07.734,0 days 00:53:05.204000,44,228.08277719111408,0 days 00:01:10.694000,11279.19008256,213.66500096,5,96.31501056,False,0,pos,4248.460666803201,0.7936128893986449,OnTrack,2974.0,5192.0,7259.0
2026-09-12 14:39:07.801,0 days 00:53:05.271000,44,227.8780555555586,0 days 00:01:10.761000,11308.0,214.0,5,100.0,False,0,car,4252.49472222222,0.7943664513657114,OnTrack,3012.704989956082,5197.910502086187,7259.339342766514
2026-09-12 14:39:07.954,0 days 00:53:05.424000,44,227.28305568581797,0 days 00:01:10.914000,11374.252321944388,216.85981245803114,5,100.0,False,0,pos,4261.811844871471,0.7961068908346067,OnTrack,3106.0,5213.0,7260.0
2026-09-12 14:39:08.122,0 days 00:53:05.592000,44,226.6297222222247,0 days 00:01:11.082000,11447.0,220.0,5,100.0,False,0,car,4272.111388888887,0.7980308467160908,OnTrack,3255.1972649246163,5234.192546358301,7261.159207635808
2026-09-12 14:39:08.234,0 days 00:53:05.704000,44,226.25638888889108,0 days 00:01:11.194000,11507.2,220.0,5,100.0,False,0,pos,4278.956008334274,0.7993094223322739,OnTrack,3346.0,5246.0,7262.0
2026-09-12 14:39:08.282,0 days 00:53:05.752000,44,226.09638888889094,0 days 00:01:11.242000,11533.0,220.0,5,100.0,False,0,car,4281.889166666665,0.799857336610361,OnTrack,3376.098424551653,5249.578268342581,7262.339855334362
2026-09-12 14:39:08.634,0 days 00:53:06.104000,44,225.11861111111315,0 days 00:01:11.594000,11633.711111111112,220.9777777777778,5,100.0,False,0,pos,4303.493887663098,0.8038931007139585,OnTrack,3515.0,5255.0,7264.0
2026-09-12 14:39:08.642,0 days 00:53:06.112000,44,225.09638888889094,0 days 00:01:11.602000,11636.0,221.0,5,100.0,False,0,car,4303.989166666665,0.8039856188827511,OnTrack,3519.55000587774,5254.941426135553,7264.003168668652
2026-09-12 14:39:08.714,0 days 00:53:06.184000,44,224.89638888889124,0 days 00:01:11.674000,11364.38,221.72,5,100.0,False,0,pos,4308.457425287691,0.8048202900525987,OnTrack,3564.0,5254.0,7264.0
2026-09-12 14:39:08.994,0 days 00:53:06.464000,44,224.11861111111457,0 days 00:01:11.954000,10308.08,224.52,5,100.0,False,0,pos,4325.9783442815715,0.8080931995222105,OnTrack,3735.0,5237.0,7265.0
2026-09-12 14:39:09.042,0 days 00:53:06.512000,44,223.98527777778145,0 days 00:01:12.002000,10127.0,225.0,6,100.0,False,0,car,4328.9891666666645,0.8086556214533279,OnTrack,3761.7212067809132,5233.229300778465,7265.106678034737
2026-09-12 14:39:09.242,0 days 00:53:06.712000,44,223.4297222222258,0 days 00:01:12.202000,10216.0,226.0,6,99.0,False,0,car,4341.54472222222,0.8110010005221066,OnTrack,3883.126367075618,5207.060859649468,7265.034105451569
2026-09-12 14:39:09.254,0 days 00:53:06.724000,44,223.39638817778132,0 days 00:01:12.214000,10216.72001536,226.03000064,6,98.57999104,False,0,pos,4342.299010464114,0.8111419016432506,OnTrack,3893.0,5204.0,7265.0
2026-09-12 14:39:09.474,0 days 00:53:06.944000,44,222.7852777777807,0 days 00:01:12.434000,10229.92,226.58,6,90.88,False,0,pos,4356.149849379608,0.8137292397768506,OnTrack,4103.0,5127.0,7264.0
2026-09-12 14:39:09.642,0 days 00:53:07.112000,44,222.31861111111357,0 days 00:01:12.602000,10240.0,227.0,6,85.0,False,0,car,4366.766944444443,0.8157125142266443,OnTrack,4184.199689123084,5089.839392464824,7263.562426514719
2026-09-12 14:39:09.875,0 days 00:53:07.345000,44,221.28305470222435,0 days 00:01:12.835000,10294.013680872727,228.05909178181818,6,90.8250048,False,0,pos,4381.561101075614,0.8184760642065277,OnTrack,4241.0,5042.0,7263.0
2026-09-12 14:39:10.035,0 days 00:53:07.505000,44,220.57194359111298,0 days 00:01:12.995000,10331.104589963636,228.7863645090909,6,94.8250048,False,0,pos,4391.7568788882445,0.8203806365502883,OnTrack,4319.0,4977.0,7262.0
2026-09-12 14:39:10.082,0 days 00:53:07.552000,44,220.36305555555737,0 days 00:01:13.042000,10342.0,229.0,6,96.0,False,0,car,4394.755833333332,0.8209408415489925,OnTrack,4340.749911160272,4956.040200409121,7261.5615530048335
2026-09-12 14:39:10.235,0 days 00:53:07.705000,44,219.51305448889175,0 days 00:01:13.195000,10383.1188016,229.9562512,6,99.8250048,False,0,pos,4404.530471393096,0.8227667449436149,OnTrack,4403.0,4885.0,7260.0
2026-09-12 14:39:10.242,0 days 00:53:07.712000,44,219.4741666666696,0 days 00:01:13.202000,10385.0,230.0,6,100.0,False,0,car,4404.9780555555535,0.8228503537111839,OnTrack,4405.631056006469,4881.6644133521695,7259.946290631024
2026-09-12 14:39:10.455,0 days 00:53:07.925000,44,217.81749850666887,0 days 00:01:13.415000,10460.8813184,230.6656256,6,100.0,False,0,pos,4418.617308223505,0.8253981675119871,OnTrack,4481.0,4767.0,7259.0
2026-09-12 14:39:10.562,0 days 00:53:08.032000,44,216.98527777777963,0 days 00:01:13.522000,10499.0,231.0,6,100.0,False,0,car,4425.511388888887,0.8266859824891511,OnTrack,4521.330960912352,4683.629634810241,7258.615124429297
2026-09-12 14:39:10.735,0 days 00:53:08.205000,44,215.11110903111427,0 days 00:01:13.695000,10531.87003648,233.59500288,6,100.0,False,0,pos,4436.746697878296,0.8287847393636217,OnTrack,4583.0,4529.0,7258.0
2026-09-12 14:39:10.762,0 days 00:53:08.232000,44,214.81861111111448,0 days 00:01:13.722000,10537.0,234.0,6,100.0,False,0,car,4438.511388888886,0.829114383825851,OnTrack,4590.793113208587,4506.181200132148,7257.910080424178
2026-09-12 14:39:11.082,0 days 00:53:08.552000,44,209.39638888889112,0 days 00:01:14.042000,10753.0,237.0,6,100.0,False,0,car,4459.578055555554,0.833049639325324,OnTrack,4647.285214710219,4281.016677346174,7257.059739339177
2026-09-12 14:39:11.135,0 days 00:53:08.605000,44,208.24805139555764,0 days 00:01:14.095000,10790.1001344,237.0,6,100.0,False,0,pos,4463.054771462874,0.833699090214298,OnTrack,4652.0,4259.0,7257.0
2026-09-12 14:39:11.282,0 days 00:53:08.752000,44,205.06305555555718,0 days 00:01:14.242000,10893.0,237.0,6,100.0,False,0,car,4472.744722222221,0.8355091740124947,OnTrack,4659.66842657009,4223.9224397510725,7256.979270969483
2026-09-12 14:39:11.375,0 days 00:53:08.845000,44,202.32471656889044,0 days 00:01:14.335000,10946.4751104,239.84167253333334,6,100.0,False,0,pos,4479.028466489152,0.8366829780876713,OnTrack,4666.0,4194.0,7257.0
2026-09-12 14:39:11.575,0 days 00:53:09.045000,44,196.43582768000132,0 days 00:01:14.535000,11061.4751104,245.95278364444445,6,100.0,False,0,pos,4492.88320588404,0.8392710448312234,OnTrack,4692.0,4062.0,7257.0
2026-09-12 14:39:11.642,0 days 00:53:09.112000,44,194.46305555555682,0 days 00:01:14.602000,11100.0,248.0,6,100.0,False,0,car,4497.544722222221,0.8401418165625071,OnTrack,4702.125478144171,4002.3419422810957,7256.998557402846
2026-09-12 14:39:11.802,0 days 00:53:09.272000,44,189.1741666666685,0 days 00:01:14.762000,11182.0,251.0,6,100.0,False,0,car,4508.700277777776,0.8422256754873333,OnTrack,4727.2004754647605,3836.8966045522034,7256.998982204802
2026-09-12 14:39:11.915,0 days 00:53:09.385000,44,184.99943735111287,0 days 00:01:14.875000,11277.108494933333,252.88333653333333,6,100.0,False,0,pos,4516.665178186869,0.8437135197027272,OnTrack,4742.0,3734.0,7257.0
2026-09-12 14:39:12.042,0 days 00:53:09.512000,44,180.3075000000017,0 days 00:01:15.002000,11384.0,255.0,6,100.0,False,0,car,4525.700277777776,0.8454012772353257,OnTrack,4754.439182755417,3644.16645141282,7257.00092967661
2026-09-12 14:39:12.282,0 days 00:53:09.752000,44,170.2408333333342,0 days 00:01:15.242000,11594.0,259.0,6,100.0,False,0,car,4542.9669444444435,0.848626692344071,OnTrack,4769.027822362413,3528.6475780367714,7257.001254748789
2026-09-12 14:39:12.375,0 days 00:53:09.845000,44,165.87499162314586,0 days 00:01:15.335000,11632.7677281432,260.0592275448962,6,100.0,False,0,pos,4549.729414748666,0.8498899224922378,OnTrack,4775.0,3481.0,7257.0
2026-09-12 14:39:12.615,0 days 00:53:10.085000,44,154.6083265990005,0 days 00:01:15.575000,11732.813271644534,262.7927123400146,6,100.0,False,0,pos,4567.34584141955,0.8531806728057341,OnTrack,4793.0,3338.0,7257.0
2026-09-12 14:39:12.721,0 days 00:53:10.191000,44,149.6322222222243,0 days 00:01:15.681000,11777.0,264.0,6,100.0,False,0,car,4575.160277777776,0.8546404103209552,OnTrack,4802.064130187726,3263.8376883543565,7257.013439568007
2026-09-12 14:39:12.855,0 days 00:53:10.325000,44,142.8577713066687,0 days 00:01:15.815000,11839.3938096,265.2562512,6,100.0,False,0,pos,4585.057675145264,0.8564892451668826,OnTrack,4814.0,3165.0,7257.0
2026-09-12 14:39:13.041,0 days 00:53:10.511000,44,133.45444444444638,0 days 00:01:16.001000,11926.0,267.0,6,100.0,False,0,car,4598.89361111111,0.8590737994279563,OnTrack,4830.340868797377,3029.4372439213753,7256.902628894082
2026-09-12 14:39:13.095,0 days 00:53:10.565000,44,130.6194377244465,0 days 00:01:16.055000,11935.7875232,267.3375008,6,100.0,False,0,pos,4602.949514655439,0.8598314426270776,OnTrack,4835.0,2990.0,7257.0
2026-09-12 14:39:13.201,0 days 00:53:10.671000,44,125.05444444444674,0 days 00:01:16.161000,11955.0,268.0,6,100.0,False,0,car,4610.80472222222,0.8612987962082489,OnTrack,4844.0109259607325,2912.1632105531394,7257.455433825245
2026-09-12 14:39:13.315,0 days 00:53:10.785000,44,119.95610538666928,0 days 00:01:16.275000,11610.5058632,257.312488,6,64.37496,False,0,pos,4618.7278840295385,0.8627788436485397,OnTrack,4854.0,2828.0,7258.0
2026-09-12 14:39:13.521,0 days 00:53:10.991000,44,110.74333333333652,0 days 00:01:16.481000,10988.0,238.0,6,0.0,True,0,car,4631.960277777775,0.8652506561613059,OnTrack,4873.800760424373,2677.316357443319,7258.1238582064325
2026-09-12 14:39:13.555,0 days 00:53:11.025000,44,109.41166165333658,0 days 00:01:16.515000,11023.7001344,234.96427428571428,6,0.0,True,0,pos,4634.071989759823,0.8656451241766852,OnTrack,4877.0,2654.0,7258.0
2026-09-12 14:39:13.735,0 days 00:53:11.205000,44,102.36166165333685,0 days 00:01:16.695000,11212.7001344,218.89284571428573,6,0.0,True,0,pos,4644.861696714566,0.8676606425452622,OnTrack,4894.0,2535.0,7257.0
2026-09-12 14:39:13.801,0 days 00:53:11.271000,44,99.77666666667028,0 days 00:01:16.761000,11282.0,213.0,6,0.0,True,0,car,4648.526944444442,0.8683453111980749,OnTrack,4901.53258453762,2485.8454960321433,7257.003735306769
2026-09-12 14:39:13.995,0 days 00:53:11.465000,44,94.65721884444801,0 days 00:01:16.955000,11431.86509888,190.68998528,6,0.0,True,0,pos,4658.231379500011,0.870158100664295,OnTrack,4925.0,2340.0,7258.0
2026-09-12 14:39:14.201,0 days 00:53:11.671000,44,89.22111111111462,0 days 00:01:17.161000,11591.0,167.0,5,0.0,True,0,car,4667.082499999998,0.8718114908837921,OnTrack,4940.445358465423,2250.661832385959,7258.732665514237
2026-09-12 14:39:14.394,0 days 00:53:11.864000,44,86.1116676977814,0 days 00:01:17.354000,11467.617898057142,142.875008,5,0.0,True,0,pos,4674.324458629472,0.8731642895004185,OnTrack,4952.0,2188.0,7259.0
2026-09-12 14:39:14.481,0 days 00:53:11.951000,44,84.71000000000367,0 days 00:01:17.441000,11412.0,132.0,3,0.0,True,0,car,4677.349166666664,0.8737293052727756,OnTrack,4958.328888332474,2152.856435378376,7259.00049065811
2026-09-12 14:39:14.554,0 days 00:53:12.024000,44,83.89888941526696,0 days 00:01:17.514000,11179.491254090535,127.84341906754028,3,0.0,True,0,pos,4679.798916465816,0.8741869187871479,OnTrack,4964.0,2123.0,7259.0
2026-09-12 14:39:14.654,0 days 00:53:12.124000,44,82.78777520664657,0 days 00:01:17.614000,10860.985028096235,122.14945301624553,3,0.0,True,0,pos,4683.027615115033,0.8747900400268065,OnTrack,4972.0,2085.0,7259.0
2026-09-12 14:39:14.762,0 days 00:53:12.232000,44,81.58777777778232,0 days 00:01:17.722000,10517.0,116.0,2,0.0,True,0,car,4686.403611111108,0.8754206764260036,OnTrack,4980.414503333642,2045.917458206258,7258.540621638555
2026-09-12 14:39:14.874,0 days 00:53:12.344000,44,80.77888888889356,0 days 00:01:17.834000,9933.0,112.0,2,0.0,True,0,pos,4689.800977144872,0.8760553047504384,OnTrack,4989.0,2008.0,7258.0
2026-09-12 14:39:15.042,0 days 00:53:12.512000,44,79.56555555556042,0 days 00:01:18.002000,9057.0,106.0,2,0.0,True,0,car,4694.648055555553,0.876960739495945,OnTrack,5002.267162969035,1956.926238216021,7258.001595188663
2026-09-12 14:39:15.094,0 days 00:53:12.564000,44,79.46444394667148,0 days 00:01:18.054000,9232.8722944,103.7714176,2,0.0,True,0,pos,4696.0710520009325,0.8772265553782588,OnTrack,5007.0,1941.0,7258.0
2026-09-12 14:39:15.322,0 days 00:53:12.792000,44,79.02111111111572,0 days 00:01:18.282000,10004.0,94.0,2,0.0,True,0,car,4701.959166666664,0.8783264558032515,OnTrack,5032.325323437739,1867.171182015059,7257.409416816239
2026-09-12 14:39:15.434,0 days 00:53:12.904000,44,79.33222222222666,0 days 00:01:18.394000,10203.6,91.6,2,0.0,True,0,pos,4704.73861057817,0.878845656211712,OnTrack,5044.0,1837.0,7257.0
2026-09-12 14:39:15.602,0 days 00:53:13.072000,44,79.79888888889309,0 days 00:01:18.562000,10503.0,88.0,1,0.0,True,0,car,4708.803611111109,0.8796049987292407,OnTrack,5057.76507106178,1806.071567904336,7256.421907135941
2026-09-12 14:39:15.762,0 days 00:53:13.232000,44,80.51000000000477,0 days 00:01:18.722000,10218.0,85.0,1,0.0,True,0,car,4712.581388888886,0.8803106880065722,OnTrack,5076.165264093821,1781.2580639554972,7256.037168689843
2026-09-12 14:39:15.794,0 days 00:53:13.264000,44,80.7766666666714,0 days 00:01:18.754000,10154.457142857143,84.65714285714286,1,0.0,True,0,pos,4713.325557794553,0.8804496988346685,OnTrack,5082.0,1775.0,7256.0
2026-09-12 14:39:16.034,0 days 00:53:13.504000,44,82.77666666667113,0 days 00:01:18.994000,9677.885714285714,82.08571428571429,1,0.0,True,0,pos,4718.781301852586,0.8814688323856855,OnTrack,5139.0,1723.0,7256.0
2026-09-12 14:39:16.042,0 days 00:53:13.512000,44,82.8433333333378,0 days 00:01:19.002000,9662.0,82.0,1,0.0,False,0,car,4718.959166666664,0.8815020575512439,OnTrack,5140.577664655711,1721.7686393060299,7255.997687173271
2026-09-12 14:39:16.282,0 days 00:53:13.752000,44,85.64333333333798,0 days 00:01:19.242000,9429.0,78.0,1,1.0,False,0,car,4724.159166666664,0.8824734180859238,OnTrack,5171.936890288597,1706.235673068271,7255.818402554292
2026-09-12 14:39:16.375,0 days 00:53:13.845000,44,87.01250282667148,0 days 00:01:19.335000,9788.2132416,76.2562464,1,19.0187872,False,0,pos,4726.087151036574,0.8828335657644645,OnTrack,5186.0,1704.0,7256.0
2026-09-12 14:39:16.442,0 days 00:53:13.912000,44,87.99888888889382,0 days 00:01:19.402000,10047.0,75.0,1,32.0,False,0,car,4727.492499999997,0.8830960850953341,OnTrack,5198.848715395632,1702.2196719164813,7256.279730675997
2026-09-12 14:39:16.595,0 days 00:53:14.065000,44,90.67639224889399,0 days 00:01:19.555000,10147.8845016,77.8687536,1,33.4343768,False,0,pos,4730.868981583487,0.8837268122023102,OnTrack,5233.0,1700.0,7257.0
2026-09-12 14:39:16.762,0 days 00:53:14.232000,44,93.59888888889418,0 days 00:01:19.722000,10258.0,81.0,1,35.0,False,0,car,4734.6924999999965,0.8844410458356602,OnTrack,5268.2952296758385,1706.2577820064166,7257.007175451096
2026-09-12 14:39:16.775,0 days 00:53:14.245000,44,93.83000341333862,0 days 00:01:19.735000,10301.929815466667,81.21666986666666,1,35.595842133333335,False,0,pos,4734.990141394206,0.8844966452787031,OnTrack,5271.0,1707.0,7257.0
2026-09-12 14:39:17.002,0 days 00:53:14.472000,44,97.8655555555606,0 days 00:01:19.962000,11069.0,85.0,1,46.0,False,0,car,4740.359166666663,0.8854995797516577,OnTrack,5318.050019789501,1724.4210981861359,7256.982746042516
2026-09-12 14:39:17.115,0 days 00:53:14.585000,44,97.26916565333832,0 days 00:01:20.075000,11055.345810133333,89.33167402666666,1,51.08500864,False,0,pos,4743.423088869273,0.8860719207341471,OnTrack,5342.0,1736.0,7257.0
2026-09-12 14:39:18.095,0 days 00:53:15.565000,44,92.0969434311156,0 days 00:01:21.055000,10936.929143466667,126.89834069333334,1,95.18500863999999,False,0,pos,4779.7869815519125,0.8928646996263115,OnTrack,5579.0,1875.0,7257.0
2026-09-12 14:39:18.202,0 days 00:53:15.672000,44,91.53222222222666,0 days 00:01:21.162000,10924.0,131.0,2,100.0,False,0,car,4784.02583333333,0.8936565175749323,OnTrack,5608.719026205888,1884.2217533159187,7256.999387791973
2026-09-12 14:39:18.415,0 days 00:53:15.885000,44,89.2838868622267,0 days 00:01:21.375000,11117.031424,137.2125056,2,100.0,False,0,pos,4792.432929655928,0.8952269640324371,OnTrack,5694.0,1900.0,7257.0
2026-09-12 14:39:18.575,0 days 00:53:16.045000,44,87.59499797333783,0 days 00:01:21.535000,11262.031424,141.87917226666667,2,100.0,False,0,pos,4798.857954931799,0.8964271594146105,OnTrack,5800.0,1913.0,7257.0
2026-09-12 14:39:18.682,0 days 00:53:16.152000,44,86.46555555556006,0 days 00:01:21.642000,11359.0,145.0,3,100.0,False,0,car,4803.359166666663,0.8972679862295116,OnTrack,5847.157507410096,1918.4386728017942,7256.999991332973
2026-09-12 14:39:18.875,0 days 00:53:16.345000,44,83.73138616889281,0 days 00:01:21.835000,11682.2753216,152.2375072,3,100.0,False,0,pos,4811.900272504792,0.8988634656782969,OnTrack,5919.0,1927.0,7257.0
2026-09-12 14:39:19.035,0 days 00:53:16.505000,44,81.46471950222565,0 days 00:01:21.995000,11950.2753216,158.2375072,3,100.0,False,0,pos,4819.083952606199,0.9002053778598879,OnTrack,6028.0,1941.0,7257.0
2026-09-12 14:39:19.082,0 days 00:53:16.552000,44,80.79888888889218,0 days 00:01:22.042000,12029.0,160.0,3,100.0,False,0,car,4821.136944444442,0.9005888769463665,OnTrack,6052.681739815424,1944.187498882863,7257.000073217775
2026-09-12 14:39:19.375,0 days 00:53:16.845000,44,78.11305422636923,0 days 00:01:22.335000,10975.961884878294,151.92230176684885,3,26.566379698625816,False,0,pos,4833.377466780331,0.9028754077773186,OnTrack,6130.0,1954.0,7257.0
2026-09-12 14:39:19.481,0 days 00:53:16.951000,44,77.14138888889192,0 days 00:01:22.441000,10595.0,149.0,3,0.0,True,0,car,4837.651111111109,0.9036737249777373,OnTrack,6164.2041237659205,1958.1028450077672,7256.998479320155
2026-09-12 14:39:19.715,0 days 00:53:17.185000,44,76.16638835555909,0 days 00:01:22.675000,9842.856731428572,141.47856731428573,3,0.0,True,0,pos,4846.828010058476,0.9053879706447028,OnTrack,6270.0,1968.0,7257.0
2026-09-12 14:39:19.761,0 days 00:53:17.231000,44,75.97472222222586,0 days 00:01:22.721000,9695.0,140.0,3,0.0,True,0,car,4848.539999999997,0.9057077705418108,OnTrack,6296.295021552031,1969.5126527469356,7257.003192441264
2026-09-12 14:39:19.915,0 days 00:53:17.385000,44,76.14583347555963,0 days 00:01:22.875000,9299.0913376,131.0166592,3,0.0,True,0,pos,4853.9979505809715,0.9067273162715401,OnTrack,6384.0,1973.0,7257.0
2026-09-12 14:39:20.001,0 days 00:53:17.471000,44,76.2413888888932,0 days 00:01:22.961000,9078.0,126.0,3,0.0,True,0,car,4856.939999999997,0.9072768914055246,OnTrack,6415.983134240262,1973.406577399001,7256.962636710349
2026-09-12 14:39:20.201,0 days 00:53:17.671000,44,76.79694444444794,0 days 00:01:23.161000,8970.0,121.0,3,0.0,False,0,car,4863.6622222222195,0.9085326032078354,OnTrack,6454.317824405183,1969.4889043575402,7256.912371538097
2026-09-12 14:39:20.255,0 days 00:53:17.725000,44,76.90194469333703,0 days 00:01:23.215000,8917.07987456,120.72999936,3,0.0,False,0,pos,4865.472472156818,0.9088707580817539,OnTrack,6467.0,1967.0,7257.0
2026-09-12 14:39:20.401,0 days 00:53:17.871000,44,77.18583333333754,0 days 00:01:23.361000,8774.0,120.0,3,0.0,False,0,car,4870.3288888888865,0.909777937226656,OnTrack,6511.438226928167,1957.0988452689624,7257.496029325825
2026-09-12 14:39:20.555,0 days 00:53:18.025000,44,77.57083365333807,0 days 00:01:23.515000,8734.5374672,116.1499968,3,5.7750048,False,0,pos,4875.291990542338,0.9107050451258422,OnTrack,6562.0,1941.0,7258.0
2026-09-12 14:39:20.561,0 days 00:53:18.031000,44,77.58583333333809,0 days 00:01:23.521000,8733.0,116.0,3,6.0,False,0,car,4875.484444444442,0.9107409955345438,OnTrack,6563.776138103532,1940.241364612519,7258.009852989961
2026-09-12 14:39:20.655,0 days 00:53:18.125000,44,77.58583333333773,0 days 00:01:23.615000,8796.8417536,116.0,3,15.0083456,False,0,pos,4878.501381684093,0.9113045597211215,OnTrack,6590.0,1927.0,7258.0
2026-09-12 14:39:20.801,0 days 00:53:18.271000,44,77.58583333333718,0 days 00:01:23.761000,8896.0,116.0,3,29.0,False,0,car,4883.217777777775,0.9121855829963756,OnTrack,6627.551264044735,1900.8434436601722,7257.059415183625
2026-09-12 14:39:20.815,0 days 00:53:18.285000,44,77.53527730404485,0 days 00:01:23.775000,8909.302615755756,116.1494675927613,3,29.398580247363473,False,0,pos,4883.674079625217,0.9122708202283962,OnTrack,6631.0,1898.0,7257.0
2026-09-12 14:39:20.974,0 days 00:53:18.444000,44,76.96111027549597,0 days 00:01:23.934000,9060.381002791402,117.84697755945396,3,33.925273491877235,False,0,pos,4888.906782664509,0.9132482896941785,OnTrack,6668.0,1862.0,7257.0
2026-09-12 14:39:21.082,0 days 00:53:18.552000,44,76.57111111111499,0 days 00:01:24.042000,9163.0,119.0,3,37.0,False,0,car,4892.506388888886,0.9139206965070148,OnTrack,6689.562689649359,1834.389215675679,7257.040122492338
2026-09-12 14:39:21.254,0 days 00:53:18.724000,44,75.61555413333743,0 days 00:01:24.214000,9558.6005888,121.1500032,3,49.9000192,False,0,pos,4898.309866085967,0.9150047866441611,OnTrack,6719.0,1786.0,7257.0
2026-09-12 14:39:21.322,0 days 00:53:18.792000,44,75.23777777778196,0 days 00:01:24.282000,9715.0,122.0,3,55.0,False,0,car,4900.6397222222195,0.9154400040099758,OnTrack,6729.722429230844,1765.6410650107575,7256.994299559022
2026-09-12 14:39:21.482,0 days 00:53:18.952000,44,73.77111111111572,0 days 00:01:24.442000,9738.0,126.0,3,53.0,False,0,car,4906.239722222219,0.916486084585785,OnTrack,6752.809423966956,1715.3388284040439,7256.999308886923
2026-09-12 14:39:21.514,0 days 00:53:18.984000,44,73.39777777778244,0 days 00:01:24.474000,9819.92,126.96,3,55.72,False,0,pos,4907.393559297155,0.916701621470024,OnTrack,6757.0,1705.0,7257.0
2026-09-12 14:39:21.654,0 days 00:53:19.124000,44,71.76444145778264,0 days 00:01:24.614000,10178.32065536,131.16000768,3,67.62002176,False,0,pos,4912.546583031683,0.9176642068334837,OnTrack,6774.0,1659.0,7257.0
2026-09-12 14:39:21.682,0 days 00:53:19.152000,44,71.43777777778269,0 days 00:01:24.642000,10250.0,132.0,3,70.0,False,0,car,4913.573055555552,0.9178559520064874,OnTrack,6777.360729310793,1649.7759616904832,7256.999935267103
2026-09-12 14:39:21.834,0 days 00:53:19.304000,44,69.58000000000567,0 days 00:01:24.794000,10760.72,132.0,3,73.04,False,0,pos,4919.106271457888,0.9188895573059862,OnTrack,6796.0,1598.0,7257.0
2026-09-12 14:39:21.882,0 days 00:53:19.352000,44,68.99333333333925,0 days 00:01:24.842000,10922.0,132.0,3,74.0,False,0,car,4920.906388888885,0.91922581942719,OnTrack,6802.13929775772,1579.806130641903,7256.9999673973825
2026-09-12 14:39:22.134,0 days 00:53:19.604000,44,64.65332892445049,0 days 00:01:25.094000,11629.49071872,142.71001088,3,90.38001664,False,0,pos,4931.064034932502,0.9211232687525781,OnTrack,6833.0,1481.0,7257.0
2026-09-12 14:39:22.282,0 days 00:53:19.752000,44,62.104444444450564,0 days 00:01:25.242000,12045.0,149.0,3,100.0,False,0,car,4937.461944444441,0.922318398907261,OnTrack,6844.435430580344,1441.487689622475,7257.001699578254
2026-09-12 14:39:22.514,0 days 00:53:19.984000,44,57.07777777778451,0 days 00:01:25.474000,11126.425,160.6,3,100.0,False,0,pos,4947.999323678483,0.9242867824316657,OnTrack,6863.0,1369.0,7257.0
2026-09-12 14:39:22.602,0 days 00:53:20.072000,44,55.17111111111808,0 days 00:01:25.562000,10778.0,165.0,3,100.0,False,0,car,4952.128611111107,0.925058133748666,OnTrack,6875.568948021397,1318.888233255544,7256.994753374629
2026-09-12 14:39:22.754,0 days 00:53:20.224000,44,51.497777777784634,0 days 00:01:25.714000,11122.533333333333,171.33333333333334,3,100.0,False,0,pos,4959.415948375948,0.9264194090990449,OnTrack,6900.0,1218.0,7257.0
2026-09-12 14:39:22.842,0 days 00:53:20.312000,44,49.3711111111179,0 days 00:01:25.802000,11322.0,175.0,4,100.0,False,0,car,4963.795277777774,0.927237468281602,OnTrack,6911.716886244129,1164.8490485670657,7257.028629238441
2026-09-12 14:39:23.042,0 days 00:53:20.512000,44,43.87111111111881,0 days 00:01:26.002000,11704.0,189.0,4,100.0,False,0,car,4974.295277777773,0.9291988693612442,OnTrack,6931.9646258938365,1060.6958625636425,7257.0803776901175
2026-09-12 14:39:23.115,0 days 00:53:20.585000,44,41.701383182229954,0 days 00:01:26.075000,11376.715805866666,192.6500096,4,100.0,False,0,pos,4978.288715555465,0.9299448439487349,OnTrack,6938.0,1029.0,7257.0
2026-09-12 14:39:23.282,0 days 00:53:20.752000,44,36.737777777785595,0 days 00:01:26.242000,10628.0,201.0,5,100.0,False,0,car,4987.695277777773,0.9317019907390734,OnTrack,6949.499928454737,969.4764832255021,7256.57006628334
2026-09-12 14:39:23.482,0 days 00:53:20.952000,44,30.571111111119535,0 days 00:01:26.442000,10780.0,209.0,5,100.0,False,0,car,4999.306388888884,0.9338709474885191,OnTrack,6962.945201337227,896.1266683430149,7256.016955153899
2026-09-12 14:39:23.495,0 days 00:53:20.965000,44,30.173883022230573,0 days 00:01:26.455000,10810.875456,209.19500288,5,100.0,False,0,pos,5000.0673140392255,0.9340130883848435,OnTrack,6964.0,890.0,7256.0
2026-09-12 14:39:23.682,0 days 00:53:21.152000,44,24.460000000007312,0 days 00:01:26.642000,11255.0,212.0,5,100.0,False,0,car,5011.084166666662,0.9360710375884355,OnTrack,6981.195297169836,786.4162297899918,7255.9834340888165
2026-09-12 14:39:23.735,0 days 00:53:21.205000,44,22.85527196445181,0 days 00:01:26.695000,11327.875264,213.3250048,5,100.0,False,0,pos,5014.245987005277,0.9366616659527969,OnTrack,6986.0,757.0,7256.0
2026-09-12 14:39:23.922,0 days 00:53:21.392000,44,17.193333333340888,0 days 00:01:26.882000,11585.0,218.0,5,100.0,False,0,car,5025.617499999996,0.9387858657494643,OnTrack,7002.858661570481,653.3853991616648,7256.011508038668
2026-09-12 14:39:23.955,0 days 00:53:21.425000,44,16.13916053334097,0 days 00:01:26.915000,11601.500096,219.5125088,5,100.0,False,0,pos,5027.676627308521,0.9391705109424227,OnTrack,7007.0,628.0,7256.0
2026-09-12 14:39:24.162,0 days 00:53:21.632000,44,9.526666666674828,0 days 00:01:27.122000,11705.0,229.0,5,100.0,False,0,car,5040.884166666662,0.9416376806525633,OnTrack,7042.690902393436,409.88010178193565,7255.882533988477
2026-09-12 14:39:24.235,0 days 00:53:21.705000,44,7.31638307556387,0 days 00:01:27.195000,11829.621756342856,230.30357485714285,5,100.0,False,0,pos,5045.587702134104,0.9425163015615134,OnTrack,7053.0,347.0,7256.0
2026-09-12 14:39:24.442,0 days 00:53:21.912000,44,1.0488888888976362,0 days 00:01:27.402000,12183.0,234.0,5,100.0,False,0,car,5059.084166666662,0.9450374425239433,OnTrack,7065.9636874463695,268.64478377849866,7257.017072130016
2026-09-12 14:39:24.575,0 days 00:53:22.045000,44,393.4879681481546,0 days 00:01:27.535000,12381.391953066666,237.3250048,5,100.0,False,0,pos,5067.983259556349,0.946699793990769,OnTrack,7075.0,220.0,7257.0
2026-09-12 14:39:24.682,0 days 00:53:22.152000,27,709.2086111111157,0 days 00:01:27.642000,12541.0,240.0,5,100.0,False,0,car,5075.084166666662,0.9480262441691125,OnTrack,7087.822937864023,152.22262212551055,7256.199484928864
2026-09-12 14:39:24.715,0 days 00:53:22.185000,27,708.0444376711156,0 days 00:01:27.675000,12454.0651192,238.2468648,5,89.68744,False,0,pos,5077.234769948301,0.9484279770832541,OnTrack,7092.0,130.0,7256.0
2026-09-12 14:39:24.935,0 days 00:53:22.405000,27,700.2833265600036,0 days 00:01:27.895000,11874.5026192,226.5593648,5,20.937439999999995,False,0,pos,5091.0132514202505,0.9510017988389604,OnTrack,7118.0,-12.0,7256.0
2026-09-12 14:39:25.002,0 days 00:53:22.472000,27,697.9197222222256,0 days 00:01:27.962000,11698.0,223.0,5,0.0,True,0,car,5094.906388888885,0.9517290373184057,OnTrack,7125.670301764627,-55.32008752704674,7256.043363839019
2026-09-12 14:39:25.175,0 days 00:53:22.645000,27,693.4986062044478,0 days 00:01:28.135000,11469.954292363636,207.66589207272727,5,0.0,True,0,pos,5104.201591198957,0.9534653820656884,OnTrack,7144.0,-166.0,7256.0
2026-09-12 14:39:25.355,0 days 00:53:22.825000,27,688.8986062044477,0 days 00:01:28.315000,11232.681565090908,191.7113466181818,5,0.0,True,0,pos,5113.076051557449,0.9551231321731539,OnTrack,7158.0,-272.0,7256.0
2026-09-12 14:39:25.442,0 days 00:53:22.912000,27,686.675277777781,0 days 00:01:28.402000,11118.0,184.0,4,0.0,True,0,car,5117.395277777774,0.955929964075227,OnTrack,7163.709223584705,-320.38700630370545,7256.361485854008
2026-09-12 14:39:25.575,0 days 00:53:23.045000,27,683.461106471115,0 days 00:01:28.535000,11229.3876608,179.0124928,4,0.0,True,0,pos,5124.010626275758,0.9571657118548609,OnTrack,7171.0,-390.0,7257.0
2026-09-12 14:39:25.602,0 days 00:53:23.072000,27,682.8086111111152,0 days 00:01:28.562000,11252.0,178.0,4,0.0,True,0,car,5125.306388888885,0.9574077604442273,OnTrack,7172.19319061468,-403.2901394061496,7257.047557713468
2026-09-12 14:39:25.735,0 days 00:53:23.205000,27,680.2963852622261,0 days 00:01:28.695000,11304.250075428572,168.4999862857143,4,0.0,True,0,pos,5131.336430303905,0.9585341728005805,OnTrack,7177.0,-469.0,7257.0
2026-09-12 14:39:25.882,0 days 00:53:23.352000,27,677.5197222222259,0 days 00:01:28.842000,11362.0,158.0,3,0.0,True,0,car,5137.595277777774,0.9597033261522532,OnTrack,7181.680428941665,-559.8793894461954,7256.976353519747
2026-09-12 14:39:26.035,0 days 00:53:23.505000,27,674.9272200124151,0 days 00:01:28.995000,10854.886360196686,150.30188023068973,3,0.0,True,0,pos,5143.975111700294,0.9608950797849742,OnTrack,7185.0,-652.0,7257.0
2026-09-12 14:39:26.041,0 days 00:53:23.511000,27,674.8255555555588,0 days 00:01:29.001000,10835.0,150.0,3,0.0,True,0,car,5144.220277777774,0.9609408768334561,OnTrack,7185.075441797902,-655.0164196865928,7257.000604241067
2026-09-12 14:39:26.201,0 days 00:53:23.671000,27,672.292222222226,0 days 00:01:29.161000,10433.0,144.0,3,0.0,True,0,car,5150.6202777777735,0.9621363974915237,OnTrack,7185.56293494112,-718.8496073173866,7257.007696727297
2026-09-12 14:39:26.441,0 days 00:53:23.911000,27,668.6922222222265,0 days 00:01:29.401000,10235.0,140.0,3,0.0,False,0,car,5159.9536111111065,0.9638798651178724,OnTrack,7178.945427919899,-784.7313600841139,7257.000416123623
2026-09-12 14:39:26.475,0 days 00:53:23.945000,27,668.2388871822266,0 days 00:01:29.435000,10211.277183418182,139.30454283636362,3,1.3909143272727273,False,0,pos,5161.236433370338,0.9641194964478006,OnTrack,7177.0,-796.0,7257.0
2026-09-12 14:39:26.635,0 days 00:53:24.105000,27,666.1055538488931,0 days 00:01:29.595000,10099.640819781818,136.03181556363637,3,7.9363688727272725,False,0,pos,5167.121608928494,0.9652188478471961,OnTrack,7165.0,-854.0,7257.0
2026-09-12 14:39:26.875,0 days 00:53:24.345000,27,662.9055538488931,0 days 00:01:29.835000,9932.186274327272,131.12272465454546,3,17.75455069090909,False,0,pos,5175.747765999277,0.9668302148749864,OnTrack,7136.0,-936.0,7257.0
2026-09-12 14:39:26.881,0 days 00:53:24.351000,27,662.8255555555597,0 days 00:01:29.841000,9928.0,131.0,3,18.0,False,0,car,5175.9647222222175,0.9668707423197396,OnTrack,7134.603537877808,-938.3762290021451,7257.000045348424
2026-09-12 14:39:27.041,0 days 00:53:24.511000,27,660.6477777777809,0 days 00:01:30.001000,10041.0,131.0,3,41.0,False,0,car,5181.78694444444,0.9679583340295097,OnTrack,7082.990159559259,-1009.5288387156088,7257.002121579218
2026-09-12 14:39:27.135,0 days 00:53:24.605000,27,659.2899981511142,0 days 00:01:30.095000,10102.1000832,132.1750016,3,45.1125056,False,0,pos,5185.265780687179,0.968608180997358,OnTrack,7055.0,-1043.0,7257.0
2026-09-12 14:39:27.361,0 days 00:53:24.831000,27,656.0255555555586,0 days 00:01:30.321000,10249.0,135.0,3,55.0,False,0,car,5193.78694444444,0.9701999352633867,OnTrack,7019.101056919284,-1073.6153504304289,7256.9859780978
2026-09-12 14:39:27.435,0 days 00:53:24.905000,27,654.9361092266696,0 days 00:01:30.395000,10488.5754144,136.3875024,3,58.7000064,False,0,pos,5196.605400654239,0.9707264231731793,OnTrack,7003.0,-1082.0,7257.0
2026-09-12 14:39:27.521,0 days 00:53:24.991000,27,653.6700000000028,0 days 00:01:30.481000,10767.0,138.0,3,63.0,False,0,car,5199.920277777774,0.9713456425607015,OnTrack,6976.7043293750685,-1095.5058683774469,7257.035298124851
2026-09-12 14:39:27.614,0 days 00:53:25.084000,27,652.1974966664195,0 days 00:01:30.574000,10882.598392542981,140.02804197443828,3,65.6074825385635,False,0,pos,5203.584747663713,0.972030165912187,OnTrack,6943.0,-1111.0,7257.0
2026-09-12 14:39:27.842,0 days 00:53:25.312000,27,648.5875000000024,0 days 00:01:30.802000,11166.0,145.0,3,72.0,False,0,car,5212.84944444444,0.9737608122234516,OnTrack,6855.780815373938,-1136.2632270937554,7256.229286754688
2026-09-12 14:39:27.934,0 days 00:53:25.404000,27,647.0541624000025,0 days 00:01:30.894000,11368.688064,147.3000064,3,74.3000064,False,0,pos,5216.653685649654,0.9744714448717492,OnTrack,6819.0,-1144.0,7256.0
2026-09-12 14:39:28.154,0 days 00:53:25.624000,27,643.3875000000027,0 days 00:01:31.114000,11853.375,152.8,3,79.8,False,0,pos,5226.088542779998,0.9762338771538184,OnTrack,6729.0,-1161.0,7256.0
2026-09-12 14:39:28.162,0 days 00:53:25.632000,27,643.2541666666693,0 days 00:01:31.122000,11871.0,153.0,3,80.0,False,0,car,5226.44944444444,0.9763012936218454,OnTrack,6725.787061472483,-1161.6227327265362,7256.002213810786
2026-09-12 14:39:28.414,0 days 00:53:25.884000,27,638.0741614044468,0 days 00:01:31.374000,11107.43922432,165.6000128,3,92.6000128,False,0,pos,5238.472245078454,0.9785471540165005,OnTrack,6625.0,-1182.0,7256.0
2026-09-12 14:39:28.562,0 days 00:53:26.032000,27,635.0319444444467,0 days 00:01:31.522000,10659.0,173.0,3,100.0,False,0,car,5245.6716666666625,0.9798920067094447,OnTrack,6559.48400943089,-1194.406313671915,7255.999739591553
2026-09-12 14:39:28.594,0 days 00:53:26.064000,27,634.4363888888912,0 days 00:01:31.554000,10732.2,173.0,3,100.0,False,0,pos,5247.210654720507,0.9801794898361462,OnTrack,6545.0,-1197.0,7256.0
2026-09-12 14:39:28.734,0 days 00:53:26.204000,27,631.8308285688913,0 days 00:01:31.694000,11052.4505856,173.0,3,100.0,False,0,pos,5253.871488100082,0.9814237341963384,OnTrack,6481.0,-1208.0,7256.0
2026-09-12 14:39:28.882,0 days 00:53:26.352000,27,629.0763888888914,0 days 00:01:31.842000,11391.0,173.0,4,100.0,False,0,car,5261.04944444444,0.9827645771795239,OnTrack,6410.9544072682775,-1220.5545533909349,7255.999985206191
2026-09-12 14:39:28.934,0 days 00:53:26.404000,27,628.0219392533359,0 days 00:01:31.894000,11398.4750368,176.250016,4,100.0,False,0,pos,5263.649369371272,0.9832502434231883,OnTrack,6386.0,-1225.0,7256.0
2026-09-12 14:39:29.042,0 days 00:53:26.512000,27,625.8319444444469,0 days 00:01:32.002000,11414.0,183.0,4,100.0,False,0,car,5269.1827777777735,0.984283884682485,OnTrack,6333.881393317792,-1234.049115457557,7256.000004160099
2026-09-12 14:39:29.114,0 days 00:53:26.584000,27,624.2519444444466,0 days 00:01:32.074000,11616.68,186.6,4,100.0,False,0,pos,5272.976858924663,0.9849926194308432,OnTrack,6299.0,-1240.0,7256.0
2026-09-12 14:39:29.242,0 days 00:53:26.712000,27,621.4430555555573,0 days 00:01:32.202000,11977.0,193.0,4,100.0,False,0,car,5279.904999999996,0.9862867968960881,OnTrack,6236.840924200274,-1250.4990830334227,7255.999997845881
2026-09-12 14:39:29.414,0 days 00:53:26.884000,27,617.429716248891,0 days 00:01:32.374000,10959.331818666667,199.4500096,4,100.0,False,0,pos,5289.502742352888,0.9880796561544778,OnTrack,6155.0,-1264.0,7256.0
2026-09-12 14:39:29.482,0 days 00:53:26.952000,27,615.8430555555578,0 days 00:01:32.442000,10557.0,202.0,4,100.0,False,0,car,5293.371666666662,0.9888023716141054,OnTrack,6123.971888705864,-1268.9670583581049,7256.000000238826
2026-09-12 14:39:29.635,0 days 00:53:27.105000,27,612.2730510755576,0 days 00:01:32.595000,10745.275236266667,205.40000426666666,4,100.0,False,0,pos,5302.212083131568,0.9904537623187486,OnTrack,6036.0,-1283.0,7256.0
2026-09-12 14:39:29.795,0 days 00:53:27.265000,27,608.5397177422241,0 days 00:01:32.755000,10942.164125155556,208.95555982222223,4,100.0,False,0,pos,5311.603214801181,0.9922080266802576,OnTrack,5889.0,-1307.0,7256.0
2026-09-12 14:39:29.842,0 days 00:53:27.312000,27,607.4430555555573,0 days 00:01:32.802000,11000.0,210.0,5,100.0,False,0,car,5314.371666666663,0.9927251737733903,OnTrack,5858.790924876183,-1311.9836607344141,7256.000000007377
2026-09-12 14:39:30.095,0 days 00:53:27.565000,27,601.6099955733362,0 days 00:01:33.055000,11290.9502208,213.61428845714286,5,100.0,False,0,pos,5329.388243038983,0.99553027178379,OnTrack,5776.0,-1326.0,7256.0
2026-09-12 14:39:30.122,0 days 00:53:27.592000,27,600.9875000000029,0 days 00:01:33.082000,11322.0,214.0,5,100.0,False,0,car,5331.0161111111065,0.9958343577070453,OnTrack,5761.104040242313,-1328.4828442340142,7255.999999999381
2026-09-12 14:39:30.295,0 days 00:53:27.765000,27,600.9875000000029,0 days 00:01:33.255000,11526.236337777778,218.3250048,5,100.0,False,0,pos,5341.594363377818,0.9978103763181554,OnTrack,5637.0,-1349.0,7256.0
2026-09-12 14:39:30.428,0 days 00:53:27.898000,27,600.9875000000029,0 days 00:01:33.388000,11683.250151111111,221.6500032,5,100.0,False,0,interpolation,5349.900559126215,0.9993619745380246,OnTrack,5548.584505544271,-1363.4766814662767,7256.0000000004575
