Date,SessionTime,DriverAhead,DistanceToDriverAhead,Time,RPM,Speed,nGear,Throttle,Brake,DRS,Source,Distance,RelativeDistance,Status,X,Y,Z
2026-09-12 14:01:52.663,0 days 00:15:50.133000,,,0 days 00:00:00,11071.393381236365,241.94773294545456,5,100.0,False,0,interpolation,0.7407780188640795,0.00013776053797831682,OnTrack,5444.90296337717,-1380.9670318022033,7255.999999999962
2026-09-12 14:01:52.733,0 days 00:15:50.203000,,,0 days 00:00:00.070000,11144.097793745455,244.0159109818182,5,100.0,False,0,pos,5.602495381041382,0.0010418813167496403,OnTrack,5397.0,-1389.0,7256.0
2026-09-12 14:01:52.834,0 days 00:15:50.304000,,,0 days 00:00:00.171000,11249.0,247.0,6,100.0,False,0,car,12.703888888888894,0.0023625087721065485,OnTrack,5326.6774730912875,-1400.4821139542896,7256.000000000089
2026-09-12 14:01:52.913,0 days 00:15:50.383000,,,0 days 00:00:00.250000,11186.39244928,248.9750016,6,100.0,False,0,pos,18.329751948681444,0.003408735714555237,OnTrack,5274.0,-1409.0,7256.0
2026-09-12 14:01:53.634,0 days 00:15:51.104000,,,0 days 00:00:00.971000,10615.0,267.0,7,100.0,False,0,car,72.03722222222223,0.013396572569761652,OnTrack,4848.726287578315,-1478.91964307924,7255.999999994972
2026-09-12 14:01:53.774,0 days 00:15:51.244000,,,0 days 00:00:01.111000,10704.687664,270.9375072,7,100.0,False,0,pos,82.73758189185588,0.015386490287501988,OnTrack,4654.0,-1510.0,7256.0
2026-09-12 14:01:53.894,0 days 00:15:51.364000,,,0 days 00:00:01.231000,10781.562664,274.3125072,7,100.0,False,0,pos,91.95359173031186,0.017100367374872895,OnTrack,4459.0,-1541.0,7256.0
2026-09-12 14:01:53.954,0 days 00:15:51.424000,,,0 days 00:00:01.291000,10820.0,276.0,7,100.0,False,0,car,96.57055555555556,0.01795897198272466,OnTrack,4390.891209594696,-1551.9035848028277,7255.999999983811
2026-09-12 14:01:54.154,0 days 00:15:51.624000,,,0 days 00:00:01.491000,10923.0,278.0,7,100.0,False,0,car,112.01500000000001,0.020831134656646124,OnTrack,4324.009140383809,-1563.1833470705578,7255.999999879344
2026-09-12 14:01:54.274,0 days 00:15:51.744000,,,0 days 00:00:01.611000,10987.5,279.5,7,100.0,False,0,pos,121.35224586729521,0.022567557689131407,OnTrack,4276.0,-1571.0,7256.0
2026-09-12 14:01:54.394,0 days 00:15:51.864000,,,0 days 00:00:01.731000,11052.0,281.0,7,100.0,False,0,car,130.74833333333333,0.024314923338827114,OnTrack,4185.048808568851,-1585.3598344306952,7256.00000026331
2026-09-12 14:01:54.454,0 days 00:15:51.924000,,,0 days 00:00:01.791000,11084.000136533334,281.66666951111114,7,100.0,False,0,pos,135.46863178562072,0.02519274481522899,OnTrack,4137.0,-1593.0,7256.0
2026-09-12 14:01:54.754,0 days 00:15:52.224000,,,0 days 00:00:02.091000,11244.0,285.0,7,100.0,False,0,car,159.24833333333333,0.029614993309049088,OnTrack,3923.0049812844795,-1628.2535901301899,7255.999996823518
2026-09-12 14:01:54.814,0 days 00:15:52.284000,,,0 days 00:00:02.151000,11253.30003968,285.60000256,7,100.0,False,0,pos,164.02333617382865,0.030502988016509924,OnTrack,3857.0,-1639.0,7256.0
2026-09-12 14:01:54.954,0 days 00:15:52.424000,,,0 days 00:00:02.291000,11275.0,287.0,7,100.0,False,0,car,175.19277777777776,0.032580139666658646,OnTrack,3665.2792793556036,-1669.9026341143672,7256.000008562777
2026-09-12 14:01:54.994,0 days 00:15:52.464000,,,0 days 00:00:02.331000,11278.57142857143,287.2857142857143,7,100.0,False,0,pos,178.39464316415823,0.03317558214325683,OnTrack,3621.0,-1677.0,7256.0
2026-09-12 14:01:55.234,0 days 00:15:52.704000,,,0 days 00:00:02.571000,11300.0,289.0,7,100.0,False,0,car,197.67055555555555,0.03676027282445945,OnTrack,3512.8682358131914,-1694.013694365037,7255.999927949833
2026-09-12 14:01:55.274,0 days 00:15:52.744000,,,0 days 00:00:02.611000,11315.0,289.0,7,100.0,False,0,pos,200.88196105030417,0.037357489449895344,OnTrack,3494.0,-1697.0,7256.0
2026-09-12 14:01:55.474,0 days 00:15:52.944000,,,0 days 00:00:02.811000,11390.0,289.0,7,100.0,False,0,car,216.9372222222222,0.04034324410257442,OnTrack,3341.152375123048,-1721.422793314361,7256.000632814658
2026-09-12 14:01:55.554,0 days 00:15:53.024000,,,0 days 00:00:02.891000,11393.142857142857,289.2857142857143,7,100.0,False,0,pos,223.37425721605675,0.04154032255408637,OnTrack,3273.0,-1732.0,7256.0
2026-09-12 14:01:55.754,0 days 00:15:53.224000,,,0 days 00:00:03.091000,11401.0,290.0,7,100.0,False,0,car,239.49277777777777,0.04453784138894893,OnTrack,3114.347447852778,-1755.281460469227,7255.99697703699
2026-09-12 14:01:55.814,0 days 00:15:53.284000,,,0 days 00:00:03.151000,11374.749888,290.0,7,100.0,False,0,pos,244.32675984204982,0.04543680430738541,OnTrack,3067.0,-1762.0,7256.0
2026-09-12 14:01:55.894,0 days 00:15:53.364000,,,0 days 00:00:03.231000,11339.749888,290.0,7,100.0,False,0,pos,250.77072644718044,0.04663517181240177,OnTrack,3003.0,-1771.0,7256.0
2026-09-12 14:01:55.914,0 days 00:15:53.384000,,,0 days 00:00:03.251000,11331.0,290.0,7,100.0,False,0,car,252.38166666666663,0.04693475412402007,OnTrack,2986.968121827517,-1773.2482146908349,7255.992238892404
2026-09-12 14:01:56.154,0 days 00:15:53.624000,,,0 days 00:00:03.491000,11374.870957678346,290.0,7,100.0,False,0,pos,271.71414282556304,0.05052996382015338,OnTrack,2795.0,-1800.0,7256.0
2026-09-12 14:01:56.193,0 days 00:15:53.663000,,,0 days 00:00:03.530000,11382.0,290.0,7,100.0,False,0,car,274.8566666666666,0.05111437070580038,OnTrack,2763.9649541461595,-1804.2777401535845,7256.163604608537
2026-09-12 14:01:56.374,0 days 00:15:53.844000,,,0 days 00:00:03.711000,11278.571318857143,290.0,7,100.0,False,0,pos,289.4448935537427,0.05382730485467676,OnTrack,2620.0,-1824.0,7257.0
2026-09-12 14:01:56.473,0 days 00:15:53.943000,,,0 days 00:00:03.810000,11222.0,290.0,7,100.0,False,0,car,297.4122222222222,0.05530896799217489,OnTrack,2540.4570626554037,-1834.9138498311197,7256.565882142207
2026-09-12 14:01:56.593,0 days 00:15:54.063000,,,0 days 00:00:03.930000,11087.0,288.6666666666667,7,100.0,False,0,pos,307.0491222359943,0.05710111691740384,OnTrack,2444.0,-1848.0,7256.0
2026-09-12 14:01:56.793,0 days 00:15:54.263000,,,0 days 00:00:04.130000,10862.0,286.44444444444446,7,100.0,False,0,pos,322.9135210846196,0.06005137740628887,OnTrack,2286.0,-1869.0,7257.0
2026-09-12 14:01:56.833,0 days 00:15:54.303000,,,0 days 00:00:04.170000,10817.0,286.0,7,100.0,True,0,car,326.0122222222222,0.060627634699134486,OnTrack,2255.063014523164,-1873.318993637656,7257.056087121664
2026-09-12 14:01:56.913,0 days 00:15:54.383000,,,0 days 00:00:04.250000,10598.714285714286,280.85714285714283,7,71.42857142857143,True,0,pos,332.1300381736718,0.06176534882571775,OnTrack,2194.0,-1882.0,7257.0
2026-09-12 14:01:57.113,0 days 00:15:54.583000,,,0 days 00:00:04.450000,10053.0,268.0,7,0.0,True,0,car,346.8566666666667,0.06450402115688748,OnTrack,2047.0841828672292,-1902.455573614044,7256.9894624239
2026-09-12 14:01:57.193,0 days 00:15:54.663000,,,0 days 00:00:04.530000,9622.2,257.6,7,0.0,True,0,pos,352.45076622723093,0.06554434112500603,OnTrack,1992.0,-1910.0,7257.0
2026-09-12 14:01:57.313,0 days 00:15:54.783000,,,0 days 00:00:04.650000,8976.0,242.0,7,0.0,True,0,car,360.30111111111114,0.06700424909605653,OnTrack,1914.0622667841053,-1920.5876222156091,7257.000677692073
2026-09-12 14:01:57.353,0 days 00:15:54.823000,,,0 days 00:00:04.690000,8959.0,236.5,7,0.0,True,0,pos,362.6963103680936,0.067449677996219,OnTrack,1889.0,-1924.0,7257.0
2026-09-12 14:01:57.553,0 days 00:15:55.023000,,,0 days 00:00:04.890000,8874.0,209.0,7,0.0,True,0,pos,373.0639822719756,0.06937772664600424,OnTrack,1772.0,-1940.0,7257.0
2026-09-12 14:01:57.713,0 days 00:15:55.183000,,,0 days 00:00:05.050000,8806.0,187.0,7,0.0,True,0,car,381.0788888888889,0.07086823772931777,OnTrack,1698.9871473510282,-1949.612284439951,7256.993239989721
2026-09-12 14:01:57.913,0 days 00:15:55.383000,,,0 days 00:00:05.250000,9634.333333333334,187.0,7,0.0,True,0,pos,391.64190448387393,0.07283261393107096,OnTrack,1586.0,-1968.0,7257.0
2026-09-12 14:01:57.953,0 days 00:15:55.423000,,,0 days 00:00:05.290000,9800.0,187.0,7,0.0,True,0,car,393.5455555555556,0.07318663090927452,OnTrack,1552.437154997926,-1974.2711010592193,7257.007639404517
2026-09-12 14:01:58.053,0 days 00:15:55.523000,,,0 days 00:00:05.390000,10148.258817356042,167.59700874730626,7,0.0,True,0,pos,397.7984070615788,0.0739775225076916,OnTrack,1464.0,-1992.0,7257.0
2026-09-12 14:01:58.154,0 days 00:15:55.624000,,,0 days 00:00:05.491000,10500.0,148.0,7,0.0,True,0,car,401.80888888888893,0.0747233412550266,OnTrack,1397.3024264229466,-2008.441593391028,7256.8632361750515
2026-09-12 14:01:58.394,0 days 00:15:55.864000,,,0 days 00:00:05.731000,9728.0,148.0,6,0.0,True,0,car,411.6755555555556,0.0765582192798052,OnTrack,1326.1858138332143,-2039.980459257253,7256.160411082905
2026-09-12 14:01:58.513,0 days 00:15:55.983000,,,0 days 00:00:05.850000,10350.200334628571,139.49999542857142,6,0.0,True,0,pos,416.073734451715,0.07737613703037356,OnTrack,1308.0,-2051.0,7256.0
2026-09-12 14:01:58.674,0 days 00:15:56.144000,,,0 days 00:00:06.011000,11192.0,128.0,3,0.0,True,0,car,421.6311111111112,0.07840962773723947,OnTrack,1292.554374215075,-2060.8217364382476,7256.101082450503
2026-09-12 14:01:58.873,0 days 00:15:56.343000,,,0 days 00:00:06.210000,10964.14492672,123.0249984,3,0.0,True,0,pos,428.43134203034214,0.07967424877883916,OnTrack,1268.0,-2080.0,7256.0
2026-09-12 14:01:58.874,0 days 00:15:56.344000,,,0 days 00:00:06.211000,10963.0,123.0,2,0.0,True,0,car,428.4644444444445,0.07968040474764357,OnTrack,1267.794810636076,-2080.166295892472,7255.996428779647
2026-09-12 14:01:59.053,0 days 00:15:56.523000,,,0 days 00:00:06.390000,10473.43482496,115.83999744,2,0.0,True,0,pos,434.1941291240011,0.0807459391233965,OnTrack,1223.0,-2119.0,7255.0
2026-09-12 14:01:59.074,0 days 00:15:56.544000,,,0 days 00:00:06.411000,10416.0,115.0,2,0.0,True,0,car,434.85333333333335,0.08086852959476934,OnTrack,1218.1421028376444,-2124.09826806974,7254.875645134362
2026-09-12 14:01:59.313,0 days 00:15:56.783000,,,0 days 00:00:06.650000,10025.6332288,112.510416,2,0.0,True,0,pos,442.2620384906505,0.08224630698854217,OnTrack,1175.0,-2184.0,7254.0
2026-09-12 14:01:59.533,0 days 00:15:57.003000,,,0 days 00:00:06.870000,9666.299895466667,110.21874933333334,2,0.0,True,0,pos,448.89760465049545,0.08348030575833919,OnTrack,1143.0,-2245.0,7255.0
2026-09-12 14:01:59.554,0 days 00:15:57.024000,,,0 days 00:00:06.891000,9632.0,110.0,2,0.0,False,0,car,449.52000000000004,0.08359605098295375,OnTrack,1139.7158685875559,-2254.0106866783954,7255.0413179427815
2026-09-12 14:01:59.693,0 days 00:15:57.163000,,,0 days 00:00:07.030000,9820.0844616,107.828124,2,15.203132,False,0,pos,453.59135040495244,0.08435318929942881,OnTrack,1118.0,-2323.0,7255.0
2026-09-12 14:01:59.874,0 days 00:15:57.344000,,,0 days 00:00:07.211000,10065.0,105.0,2,35.0,False,0,car,458.85333333333335,0.08533174641179837,OnTrack,1100.352789187341,-2384.260497398525,7255.078310634817
2026-09-12 14:02:00.114,0 days 00:15:57.584000,,,0 days 00:00:07.451000,10002.0,107.0,2,46.0,False,0,car,465.9866666666667,0.08665831363241533,OnTrack,1088.2892795664843,-2427.7169671595884,7255.150083211328
2026-09-12 14:02:00.174,0 days 00:15:57.644000,,,0 days 00:00:07.511000,10017.000064,108.5000064,2,37.3749632,False,0,pos,467.82858564501237,0.08700085045573855,OnTrack,1084.0,-2440.0,7255.0
2026-09-12 14:02:00.274,0 days 00:15:57.744000,,,0 days 00:00:07.611000,10042.0,111.0,2,23.0,True,0,car,470.92,0.08757575264480463,OnTrack,1075.490322088353,-2462.299519278796,7254.589217726657
2026-09-12 14:02:00.434,0 days 00:15:57.904000,,,0 days 00:00:07.771000,9978.5,109.5,2,11.5,True,0,pos,475.7752133352206,0.08847866388680548,OnTrack,1058.0,-2502.0,7254.0
2026-09-12 14:02:00.594,0 days 00:15:58.064000,,,0 days 00:00:07.931000,9915.0,108.0,2,0.0,False,0,car,480.52000000000004,0.08936103937161625,OnTrack,1035.3186838812871,-2544.634256478537,7254.194102100709
2026-09-12 14:02:00.654,0 days 00:15:58.124000,,,0 days 00:00:07.991000,9880.34985216,107.39999744,2,2.55001088,False,0,pos,482.27248715708674,0.0896869447945803,OnTrack,1026.0,-2559.0,7254.0
2026-09-12 14:02:00.834,0 days 00:15:58.304000,,,0 days 00:00:08.171000,9776.4,105.6,2,10.2,False,0,pos,487.4481051673682,0.09064944085049724,OnTrack,992.0,-2595.0,7252.0
2026-09-12 14:02:00.994,0 days 00:15:58.464000,,,0 days 00:00:08.331000,9684.0,104.0,2,17.0,False,0,car,492.0755555555556,0.09150999561685245,OnTrack,934.2318944213196,-2629.933021580699,7249.973801148393
2026-09-12 14:02:01.194,0 days 00:15:58.664000,,,0 days 00:00:08.531000,9989.714285714286,105.42857142857143,2,34.85714285714286,False,0,pos,497.96992289420683,0.09260615559316973,OnTrack,863.0,-2665.0,7248.0
2026-09-12 14:02:01.274,0 days 00:15:58.744000,,,0 days 00:00:08.611000,10112.0,106.0,2,42.0,False,0,car,500.32000000000005,0.0930431932456652,OnTrack,850.7885533100925,-2670.519795900617,7247.568997533236
2026-09-12 14:02:01.434,0 days 00:15:58.904000,,,0 days 00:00:08.771000,10448.0,106.0,2,46.0,False,0,pos,505.03111111111116,0.09391930617641535,OnTrack,834.0,-2675.0,7247.0
2026-09-12 14:02:01.634,0 days 00:15:59.104000,,,0 days 00:00:08.971000,10916.75,112.875,2,56.625,False,0,pos,511.4610150584047,0.09511505848597542,OnTrack,773.0,-2690.0,7246.0
2026-09-12 14:02:01.754,0 days 00:15:59.224000,,,0 days 00:00:09.091000,11198.0,117.0,2,63.0,False,0,car,515.4311111111111,0.09585336679712793,OnTrack,733.27623262435,-2697.4315087862105,7245.586216567817
2026-09-12 14:02:01.914,0 days 00:15:59.384000,,,0 days 00:00:09.251000,11618.0,120.0,2,73.0,False,0,car,520.7644444444445,0.09684519275646772,OnTrack,680.5631913160832,-2704.5320415864153,7245.200420138574
2026-09-12 14:02:01.974,0 days 00:15:59.444000,,,0 days 00:00:09.311000,11802.5007872,124.1250176,2,74.5000064,False,0,pos,522.8974346280264,0.09724185932554777,OnTrack,660.0,-2707.0,7245.0
2026-09-12 14:02:02.074,0 days 00:15:59.544000,,,0 days 00:00:09.411000,12110.0,131.0,2,77.0,False,0,car,526.5866666666667,0.09792793609541364,OnTrack,624.6500854946332,-2710.959833733345,7244.584727736727
2026-09-12 14:02:02.174,0 days 00:15:59.644000,,,0 days 00:00:09.511000,11409.998208,133.5000064,2,79.00000512,False,0,pos,530.3232659755115,0.09862282163181929,OnTrack,587.0,-2715.0,7244.0
2026-09-12 14:02:02.274,0 days 00:15:59.744000,,,0 days 00:00:09.611000,10710.0,136.0,2,81.0,False,0,car,534.1422222222222,0.099333022871145,OnTrack,546.0978496312579,-2719.392523431369,7243.177921174255
2026-09-12 14:02:02.434,0 days 00:15:59.904000,,,0 days 00:00:09.771000,10696.666666666666,142.0,2,89.66666666666667,False,0,pos,540.505986660596,0.10051647539035172,OnTrack,479.0,-2726.0,7242.0
2026-09-12 14:02:02.514,0 days 00:15:59.984000,,,0 days 00:00:09.851000,10690.0,145.0,3,94.0,False,0,car,543.8088888888889,0.10113070742244835,OnTrack,447.9988045119713,-2728.3622200759396,7241.883371252227
2026-09-12 14:02:02.674,0 days 00:16:00.144000,,,0 days 00:00:10.011000,11230.301333772435,153.84421826115593,3,98.8241190515396,False,0,pos,550.6803716305058,0.1024085789778779,OnTrack,386.0,-2731.0,7242.0
2026-09-12 14:02:02.713,0 days 00:16:00.183000,,,0 days 00:00:10.050000,11362.0,156.0,3,100.0,False,0,car,552.4322222222222,0.10273436602045587,OnTrack,369.226896049073,-2731.177178964077,7241.904490665294
2026-09-12 14:02:02.914,0 days 00:16:00.384000,,,0 days 00:00:10.251000,10987.6376192,168.562496,3,100.0,False,0,pos,561.9467230665923,0.1045037526943821,OnTrack,276.0,-2729.0,7241.0
2026-09-12 14:02:02.953,0 days 00:16:00.423000,,,0 days 00:00:10.290000,10915.0,171.0,4,100.0,False,0,car,563.8322222222222,0.10485439400854465,OnTrack,258.22939480217656,-2727.9149989660777,7240.915022113673
2026-09-12 14:02:03.093,0 days 00:16:00.563000,,,0 days 00:00:10.430000,11289.5,175.375,4,100.0,False,0,pos,570.65750233055,0.10612367338189559,OnTrack,190.0,-2720.0,7241.0
2026-09-12 14:02:03.113,0 days 00:16:00.583000,,,0 days 00:00:10.450000,11343.0,176.0,4,100.0,False,0,car,571.6544444444444,0.106309072082243,OnTrack,178.25106521931656,-2717.856764970219,7241.070514638996
2026-09-12 14:02:03.393,0 days 00:16:00.863000,,,0 days 00:00:10.730000,10629.0,187.375,4,100.0,False,0,pos,586.2974529978294,0.10903219383338332,OnTrack,-10.0,-2670.0,7243.0
2026-09-12 14:02:03.433,0 days 00:16:00.903000,,,0 days 00:00:10.770000,10527.0,189.0,4,100.0,False,0,car,588.4544444444444,0.10943332385416334,OnTrack,-29.273372441917687,-2663.9558529412475,7243.2227945861
2026-09-12 14:02:03.593,0 days 00:16:01.063000,,,0 days 00:00:10.930000,10630.0,197.0,5,100.0,False,0,car,597.21,0.11106157147074615,OnTrack,-80.03153727155366,-2644.0126352211582,7243.877987735264
2026-09-12 14:02:03.713,0 days 00:16:01.183000,,,0 days 00:00:11.050000,10724.2,201.8,5,100.0,False,0,pos,603.9689390760293,0.11231851357697151,OnTrack,-123.0,-2623.0,7245.0
2026-09-12 14:02:03.793,0 days 00:16:01.263000,,,0 days 00:00:11.130000,10787.0,205.0,5,100.0,False,0,car,608.598888888889,0.11317953315475299,OnTrack,-161.90550493827874,-2603.5512557742873,7246.2621987341545
2026-09-12 14:02:03.893,0 days 00:16:01.363000,,,0 days 00:00:11.230000,10975.57142857143,209.64285714285714,5,100.0,False,0,pos,614.5475673756694,0.11428579323230705,OnTrack,-216.0,-2575.0,7248.0
2026-09-12 14:02:04.073,0 days 00:16:01.543000,,,0 days 00:00:11.410000,11315.0,218.0,5,100.0,False,0,car,625.5544444444445,0.11633271318382071,OnTrack,-307.99442455129713,-2518.1269163185066,7250.153598194898
2026-09-12 14:02:04.253,0 days 00:16:01.723000,,,0 days 00:00:11.590000,11037.92857142857,221.21428571428572,5,100.0,False,0,pos,636.6550275301228,0.11839705939660519,OnTrack,-395.0,-2453.0,7252.0
2026-09-12 14:02:04.353,0 days 00:16:01.823000,,,0 days 00:00:11.690000,10884.0,223.0,5,100.0,False,0,car,642.8988888888889,0.11955821385575698,OnTrack,-442.0866174368929,-2412.707130211808,7253.306823670802
2026-09-12 14:02:04.473,0 days 00:16:01.943000,,,0 days 00:00:11.810000,10683.71525687465,225.98932452425896,5,100.0,False,0,pos,650.4901052724214,0.12096993238178563,OnTrack,-497.0,-2361.0,7255.0
2026-09-12 14:02:04.633,0 days 00:16:02.103000,,,0 days 00:00:11.970000,10416.668932707515,229.97509055660424,5,100.0,False,0,pos,660.7866540567874,0.12288475445227488,OnTrack,-567.0,-2287.0,7257.0
2026-09-12 14:02:04.634,0 days 00:16:02.104000,,,0 days 00:00:11.971000,10415.0,230.0,6,100.0,False,0,car,660.8516666666667,0.12289684467618042,OnTrack,-567.4305368540436,-2286.5132364166266,7257.008652045997
2026-09-12 14:02:04.813,0 days 00:16:02.283000,,,0 days 00:00:12.150000,10700.281352,234.4750016,6,100.0,False,0,pos,672.6215906382614,0.12508566645139602,OnTrack,-643.0,-2195.0,7258.0
2026-09-12 14:02:04.954,0 days 00:16:02.424000,,,0 days 00:00:12.291000,10925.0,238.0,6,100.0,False,0,car,682.0072222222223,0.12683108764822823,OnTrack,-698.9180537625094,-2119.922766159194,7259.454957682526
2026-09-12 14:02:05.013,0 days 00:16:02.483000,,,0 days 00:00:12.350000,10983.367920457144,239.05357257142856,6,100.0,False,0,pos,685.9492765792552,0.12756418111905957,OnTrack,-722.0,-2087.0,7260.0
2026-09-12 14:02:05.173,0 days 00:16:02.643000,,,0 days 00:00:12.510000,11141.653634742857,241.91071542857142,6,100.0,False,0,pos,696.7198481845627,0.12956715596563556,OnTrack,-782.0,-1997.0,7261.0
2026-09-12 14:02:05.234,0 days 00:16:02.704000,,,0 days 00:00:12.571000,11202.0,243.0,6,100.0,False,0,car,700.9072222222222,0.1303458708916386,OnTrack,-799.9710452773284,-1969.5931887258039,7261.578222820632
2026-09-12 14:02:05.353,0 days 00:16:02.823000,,,0 days 00:00:12.690000,11338.8500736,246.78636567272727,6,100.0,False,0,pos,709.2281695080097,0.13189329555245272,OnTrack,-832.0,-1920.0,7263.0
2026-09-12 14:02:05.613,0 days 00:16:03.083000,,,0 days 00:00:12.950000,11637.8500736,255.05909294545455,6,100.0,False,0,pos,727.9209592494117,0.13536954444957824,OnTrack,-929.0,-1765.0,7266.0
2026-09-12 14:02:05.674,0 days 00:16:03.144000,,,0 days 00:00:13.011000,11708.0,257.0,6,100.0,False,0,car,732.3183333333333,0.1361873125313335,OnTrack,-952.3850401463866,-1727.2090910087852,7266.635126973038
2026-09-12 14:02:05.834,0 days 00:16:03.304000,,,0 days 00:00:13.171000,11827.0,259.0,6,100.0,False,0,car,743.8294444444444,0.1383280035602419,OnTrack,-1012.5151139371255,-1629.532533597973,7268.2677734624085
2026-09-12 14:02:05.893,0 days 00:16:03.363000,,,0 days 00:00:13.230000,11472.999616,259.0,6,100.0,False,0,pos,748.0500575949839,0.13911289987656114,OnTrack,-1035.0,-1593.0,7269.0
2026-09-12 14:02:05.994,0 days 00:16:03.464000,,,0 days 00:00:13.331000,10867.0,259.0,6,100.0,False,0,car,755.3405555555556,0.1404686945891503,OnTrack,-1074.0504381970882,-1529.5365130264988,7270.445705333525
2026-09-12 14:02:06.033,0 days 00:16:03.503000,,,0 days 00:00:13.370000,10794.06988032,261.53500416,6,100.0,False,0,pos,758.2272458021685,0.14100552477474346,OnTrack,-1089.0,-1505.0,7271.0
2026-09-12 14:02:06.193,0 days 00:16:03.663000,,,0 days 00:00:13.530000,10494.86988032,271.93500416,6,100.0,False,0,pos,770.3753502609773,0.14326467577955931,OnTrack,-1149.0,-1405.0,7273.0
2026-09-12 14:02:06.194,0 days 00:16:03.664000,,,0 days 00:00:13.531000,10493.0,272.0,7,100.0,False,0,car,770.4516666666668,0.14327886814061302,OnTrack,-1149.3752515451483,-1404.3767740224266,7273.010883855842
2026-09-12 14:02:06.414,0 days 00:16:03.884000,,,0 days 00:00:13.751000,10873.2861568,275.1428608,7,100.0,False,0,pos,787.2871725190465,0.14640972284242681,OnTrack,-1233.0,-1266.0,7275.0
2026-09-12 14:02:06.474,0 days 00:16:03.944000,,,0 days 00:00:13.811000,10977.0,276.0,7,100.0,False,0,car,791.9183333333334,0.14727096762695563,OnTrack,-1256.1939329184663,-1226.6355475403582,7275.489057605095
2026-09-12 14:02:06.634,0 days 00:16:04.104000,,,0 days 00:00:13.971000,11100.333333333334,279.3333333333333,7,100.0,False,0,pos,804.3782401533088,0.14958810369601933,OnTrack,-1319.0,-1119.0,7277.0
2026-09-12 14:02:06.714,0 days 00:16:04.184000,,,0 days 00:00:14.051000,11162.0,281.0,7,100.0,False,0,car,810.6516666666668,0.15075475630913662,OnTrack,-1351.0454511207085,-1065.2481699477178,7278.107395195867
2026-09-12 14:02:06.854,0 days 00:16:04.324000,,,0 days 00:00:14.191000,11239.8751424,283.6250048,7,100.0,False,0,pos,821.6882696574863,0.15280720431211572,OnTrack,-1408.0,-971.0,7280.0
2026-09-12 14:02:06.874,0 days 00:16:04.344000,,,0 days 00:00:14.211000,11251.0,284.0,7,100.0,False,0,car,823.273888888889,0.1531020777462408,OnTrack,-1416.2005922832886,-957.4338108142285,7280.167877304762
2026-09-12 14:02:07.014,0 days 00:16:04.484000,,,0 days 00:00:14.351000,11384.0002432,286.80000512,7,100.0,False,0,pos,834.4462619529941,0.1551797745523173,OnTrack,-1474.0,-862.0,7281.0
2026-09-12 14:02:07.074,0 days 00:16:04.544000,,,0 days 00:00:14.411000,11441.0,288.0,7,100.0,False,0,car,839.2738888888889,0.15607755562426012,OnTrack,-1498.935268591931,-821.1659396140537,7281.637305164111
2026-09-12 14:02:07.174,0 days 00:16:04.644000,,,0 days 00:00:14.511000,11505.166830933333,290.0833386666667,7,100.0,False,0,pos,847.3730304862089,0.1575837316651209,OnTrack,-1541.0,-753.0,7283.0
2026-09-12 14:02:07.314,0 days 00:16:04.784000,,,0 days 00:00:14.651000,11595.0,293.0,7,100.0,False,0,car,858.8072222222222,0.1597101182003421,OnTrack,-1601.819662390261,-656.4767984968244,7284.899304717123
2026-09-12 14:02:07.394,0 days 00:16:04.864000,,,0 days 00:00:14.731000,11608.333333333334,294.3333333333333,7,100.0,False,0,pos,865.3801697639611,0.16093247195058122,OnTrack,-1637.0,-601.0,7286.0
2026-09-12 14:02:07.554,0 days 00:16:05.024000,,,0 days 00:00:14.891000,11635.0,297.0,7,100.0,False,0,car,878.6072222222223,0.16339227207439105,OnTrack,-1707.407067456876,-489.73732841236836,7288.278386890155
2026-09-12 14:02:07.754,0 days 00:16:05.224000,,,0 days 00:00:15.091000,10392.0,300.0,7,100.0,False,0,pos,895.2738888888889,0.16649172819732788,OnTrack,-1796.0,-349.0,7291.0
2026-09-12 14:02:07.914,0 days 00:16:05.384000,,,0 days 00:00:15.251000,10627.0,302.0,8,100.0,False,0,car,908.6961111111111,0.168987823528333,OnTrack,-1867.3023386984767,-234.93416044106792,7292.803224972564
2026-09-12 14:02:07.934,0 days 00:16:05.404000,,,0 days 00:00:15.271000,10636.277896533333,302.3333376,8,100.0,False,0,pos,910.3859203260768,0.1693020728994082,OnTrack,-1876.0,-221.0,7293.0
2026-09-12 14:02:08.034,0 days 00:16:05.504000,,,0 days 00:00:15.371000,10682.666666666666,304.0,8,100.0,False,0,pos,918.8825123579724,0.17088216175124954,OnTrack,-1921.0,-149.0,7294.0
2026-09-12 14:02:08.274,0 days 00:16:05.744000,,,0 days 00:00:15.611000,10794.0,308.0,8,100.0,False,0,car,939.4961111111112,0.17471561844352027,OnTrack,-2081.4930600674293,105.21424228724774,7298.623876095414
2026-09-12 14:02:08.294,0 days 00:16:05.764000,,,0 days 00:00:15.631000,10803.9167936,308.2500032,8,100.0,False,0,pos,941.2190956120373,0.17503603733518752,OnTrack,-2094.0,125.0,7299.0
2026-09-12 14:02:08.514,0 days 00:16:05.984000,,,0 days 00:00:15.851000,10913.0,311.0,8,100.0,False,0,car,960.2294444444445,0.17857134186045368,OnTrack,-2200.9464619113023,294.3335178855215,7302.24312996025
2026-09-12 14:02:08.754,0 days 00:16:06.224000,,,0 days 00:00:16.091000,11001.0,314.0,8,100.0,False,0,car,981.1627777777779,0.18246425875086233,OnTrack,-2282.1911674771454,424.0397590100784,7304.783308415868
2026-09-12 14:02:08.774,0 days 00:16:06.244000,,,0 days 00:00:16.111000,11007.516373090106,314.20050378738785,8,100.0,False,0,pos,982.9173360135104,0.18279054932686975,OnTrack,-2289.0,435.0,7305.0
2026-09-12 14:02:09.054,0 days 00:16:06.524000,,,0 days 00:00:16.391000,11098.744428632474,317.00752088099915,8,100.0,False,0,pos,1007.6320064201109,0.18738667151795602,OnTrack,-2390.0,599.0,7308.0
2026-09-12 14:02:09.153,0 days 00:16:06.623000,,,0 days 00:00:16.490000,11131.0,318.0,8,100.0,False,0,car,1016.4077777777777,0.18901867861403682,OnTrack,-2433.527045439117,670.1731240723718,7308.90728193792
2026-09-12 14:02:09.374,0 days 00:16:06.844000,,,0 days 00:00:16.711000,11214.795906133333,319.84166826666666,8,100.0,False,0,pos,1036.047270018622,0.19267098328267207,OnTrack,-2538.0,841.0,7311.0
2026-09-12 14:02:09.393,0 days 00:16:06.863000,,,0 days 00:00:16.730000,11222.0,320.0,8,100.0,False,0,car,1037.7411111111112,0.19298598245139598,OnTrack,-2546.38220469783,854.6380402812102,7311.228697296989
2026-09-12 14:02:09.574,0 days 00:16:07.044000,,,0 days 00:00:16.911000,11215.2124928,321.50833493333334,8,100.0,False,0,pos,1053.9240022927631,0.19599547212098348,OnTrack,-2631.0,993.0,7314.0
2026-09-12 14:02:09.633,0 days 00:16:07.103000,,,0 days 00:00:16.970000,11213.0,322.0,8,100.0,False,0,car,1059.2077777777777,0.19697808193773858,OnTrack,-2669.022454254561,1056.442649008273,7315.26636515879
2026-09-12 14:02:09.753,0 days 00:16:07.223000,,,0 days 00:00:17.090000,11241.285714285714,322.42857142857144,8,100.0,False,0,pos,1069.9592163192856,0.19897749865880993,OnTrack,-2749.0,1191.0,7318.0
2026-09-12 14:02:09.913,0 days 00:16:07.383000,,,0 days 00:00:17.250000,11279.0,323.0,8,100.0,False,0,car,1084.33,0.20164999546704535,OnTrack,-2805.420058849345,1286.990841824031,7320.481865590029
2026-09-12 14:02:10.093,0 days 00:16:07.563000,,,0 days 00:00:17.430000,11283.5,324.5,8,100.0,False,0,pos,1100.5812429252112,0.2046721963304381,OnTrack,-2857.0,1395.0,7323.0
2026-09-12 14:02:10.153,0 days 00:16:07.623000,,,0 days 00:00:17.490000,11285.0,325.0,8,100.0,False,0,car,1105.9966666666664,0.2056792884268632,OnTrack,-2887.16284920653,1462.4173143387259,7324.143802343026
2026-09-12 14:02:10.353,0 days 00:16:07.823000,,,0 days 00:00:17.690000,11270.833333333334,324.1666666666667,8,100.0,False,0,pos,1124.0019159939266,0.209027677243206,OnTrack,-3002.0,1725.0,7328.0
2026-09-12 14:02:10.393,0 days 00:16:07.863000,,,0 days 00:00:17.730000,11268.0,324.0,8,100.0,False,0,car,1127.5966666666666,0.20969618356218936,OnTrack,-3016.934747457615,1759.7453736882887,7328.433764862255
2026-09-12 14:02:10.633,0 days 00:16:08.103000,,,0 days 00:00:17.970000,11309.0,323.0,8,100.0,False,0,car,1149.1299999999999,0.21370068087302374,OnTrack,-3055.2608814836185,1857.8860694171387,7328.893212312538
2026-09-12 14:02:10.693,0 days 00:16:08.163000,,,0 days 00:00:18.030000,11293.25,322.625,8,100.0,False,0,pos,1154.5045210744765,0.21470016640815212,OnTrack,-3067.0,1892.0,7329.0
2026-09-12 14:02:10.793,0 days 00:16:08.263000,,,0 days 00:00:18.130000,11267.0,322.0,8,100.0,False,0,car,1163.441111111111,0.2163620805305855,OnTrack,-3094.1495418490167,1971.3222573390954,7329.372585762505
2026-09-12 14:02:10.953,0 days 00:16:08.423000,,,0 days 00:00:18.290000,11246.0,320.0,8,100.0,False,0,car,1177.6633333333332,0.21900694975549156,OnTrack,-3150.8649415109826,2139.195673734289,7330.402028224014
2026-09-12 14:02:11.033,0 days 00:16:08.503000,,,0 days 00:00:18.370000,11213.259779020022,320.2846975737389,8,100.0,False,0,pos,1184.797033035348,0.22033358510872772,OnTrack,-3175.0,2214.0,7331.0
2026-09-12 14:02:11.234,0 days 00:16:08.704000,,,0 days 00:00:18.571000,11131.0,321.0,8,100.0,False,0,car,1202.7191666666668,0.2236665171179087,OnTrack,-3218.540690454158,2362.6786339901296,7332.728166577568
2026-09-12 14:02:11.333,0 days 00:16:08.803000,,,0 days 00:00:18.670000,11091.124974222223,319.3499989333333,8,100.0,False,0,pos,1211.448308272639,0.2252898526018255,OnTrack,-3238.0,2436.0,7334.0
2026-09-12 14:02:11.573,0 days 00:16:09.043000,,,0 days 00:00:18.910000,10994.458307555555,315.3499989333333,8,100.0,False,0,pos,1232.391463714188,0.2291845960838411,OnTrack,-3289.0,2641.0,7338.0
2026-09-12 14:02:11.594,0 days 00:16:09.064000,,,0 days 00:00:18.931000,10986.0,315.0,8,100.0,False,0,car,1234.2191666666668,0.2295244891902593,OnTrack,-3293.0291202469866,2658.628832862052,7338.238624353696
2026-09-12 14:02:11.793,0 days 00:16:09.263000,,,0 days 00:00:19.130000,10931.2749824,313.5785709714286,8,100.0,False,0,pos,1251.5184414825442,0.2327415897852855,OnTrack,-3328.0,2829.0,7340.0
2026-09-12 14:02:11.874,0 days 00:16:09.344000,,,0 days 00:00:19.211000,10909.0,313.0,8,100.0,False,0,car,1258.563611111111,0.23405176143382897,OnTrack,-3343.1775589537815,2913.6017866065495,7341.466919683053
2026-09-12 14:02:12.034,0 days 00:16:09.504000,,,0 days 00:00:19.371000,10867.0,313.0,8,100.0,False,0,car,1272.474722222222,0.23663877414444023,OnTrack,-3372.227948811033,3097.948889757969,7345.509468711872
2026-09-12 14:02:12.053,0 days 00:16:09.523000,,,0 days 00:00:19.390000,10858.872194844444,312.73611022222224,8,100.0,False,0,pos,1274.1175173442457,0.23694428042842147,OnTrack,-3375.0,3119.0,7346.0
2026-09-12 14:02:12.394,0 days 00:16:09.864000,,,0 days 00:00:19.731000,10713.0,308.0,8,100.0,False,0,car,1303.2747222222222,0.24236656905962753,OnTrack,-3400.2989318200266,3446.675633226778,7354.351809023509
2026-09-12 14:02:12.493,0 days 00:16:09.963000,,,0 days 00:00:19.830000,10653.5999616,307.3812496,8,100.0,False,0,pos,1311.7137457579474,0.24393595204979224,OnTrack,-3404.0,3511.0,7356.0
2026-09-12 14:02:12.714,0 days 00:16:10.184000,,,0 days 00:00:20.051000,10521.0,306.0,8,100.0,False,0,car,1330.474722222222,0.2474248814522604,OnTrack,-3411.0359501737707,3592.8305449694585,7357.852090262603
2026-09-12 14:02:12.914,0 days 00:16:10.384000,,,0 days 00:00:20.251000,10361.625,301.625,8,100.0,False,0,pos,1347.1985159152398,0.25053496133789377,OnTrack,-3403.0,3780.0,7362.0
2026-09-12 14:02:13.014,0 days 00:16:10.484000,,,0 days 00:00:20.351000,10281.937296,299.4374944,8,100.0,False,0,pos,1355.4217113630418,0.25206420734674156,OnTrack,-3391.0,3956.0,7366.0
2026-09-12 14:02:13.034,0 days 00:16:10.504000,,,0 days 00:00:20.371000,10266.0,299.0,8,100.0,True,0,car,1357.0524999999998,0.25236748081630367,OnTrack,-3388.8833792574187,3985.187368999741,7366.638040289442
2026-09-12 14:02:13.394,0 days 00:16:10.864000,,,0 days 00:00:20.731000,9719.0,286.0,8,9.0,True,0,car,1385.6525,0.2576861475232633,OnTrack,-3367.9840380565784,4141.08356795347,7367.95360110714
2026-09-12 14:02:13.414,0 days 00:16:10.884000,,,0 days 00:00:20.751000,9690.249632,284.749984,8,7.8749856000000005,True,0,pos,1387.203620689066,0.2579746053542916,OnTrack,-3366.0,4152.0,7368.0
2026-09-12 14:02:13.554,0 days 00:16:11.024000,,,0 days 00:00:20.891000,9489.0,276.0,8,0.0,True,0,car,1397.9191666666663,0.25996734722974474,OnTrack,-3347.9032562983894,4258.11897201248,7368.854325677003
2026-09-12 14:02:13.574,0 days 00:16:11.044000,,,0 days 00:00:20.911000,9423.165824,274.8333184,8,0.0,True,0,pos,1399.4196427816864,0.2602463868226659,OnTrack,-3345.0,4274.0,7369.0
2026-09-12 14:02:13.794,0 days 00:16:11.264000,,,0 days 00:00:21.131000,8699.0,262.0,8,0.0,True,0,car,1415.3858333333333,0.26321557724658257,OnTrack,-3310.1615136087244,4431.081448881063,7370.5252736614775
2026-09-12 14:02:13.934,0 days 00:16:11.404000,,,0 days 00:00:21.271000,8288.79924992,250.09997824,8,0.0,True,0,pos,1425.0393985915425,0.26501082536344617,OnTrack,-3284.0,4523.0,7371.0
2026-09-12 14:02:13.994,0 days 00:16:11.464000,,,0 days 00:00:21.331000,8113.0,245.0,8,0.0,True,0,car,1428.9969444444444,0.265746799746981,OnTrack,-3271.6256122587442,4562.001290818396,7371.012010605773
2026-09-12 14:02:14.074,0 days 00:16:11.544000,,,0 days 00:00:21.411000,7941.571428571428,237.28571428571428,8,0.0,True,0,pos,1434.0732487857301,0.2666908267013304,OnTrack,-3255.0,4612.0,7371.0
2026-09-12 14:02:14.274,0 days 00:16:11.744000,,,0 days 00:00:21.611000,7513.0,218.0,8,0.0,True,0,car,1445.9524999999999,0.26889997977604874,OnTrack,-3216.414244062758,4723.155793551263,7371.715677941722
2026-09-12 14:02:14.334,0 days 00:16:11.804000,,,0 days 00:00:21.671000,7522.60004096,213.19997952,8,0.0,True,0,pos,1449.378386763638,0.2695370829184115,OnTrack,-3201.0,4765.0,7372.0
2026-09-12 14:02:14.474,0 days 00:16:11.944000,,,0 days 00:00:21.811000,7545.0,202.0,8,0.0,True,0,car,1457.174722222222,0.2709869468988262,OnTrack,-3154.4552825757182,4887.720144848276,7372.648286492553
2026-09-12 14:02:14.554,0 days 00:16:12.024000,,,0 days 00:00:21.891000,7711.0,197.5,8,0.0,True,0,pos,1461.5382853759002,0.2717984272508955,OnTrack,-3132.0,4946.0,7373.0
2026-09-12 14:02:14.634,0 days 00:16:12.104000,,,0 days 00:00:21.971000,7877.0,193.0,8,0.0,True,0,car,1465.7524999999998,0.27258213365009765,OnTrack,-3117.9189042768635,4981.943586560007,7373.33350162115
2026-09-12 14:02:14.874,0 days 00:16:12.344000,,,0 days 00:00:22.211000,9278.75,172.75,8,0.0,True,0,pos,1477.0499869165733,0.2746830975499401,OnTrack,-3098.0,5026.0,7374.0
2026-09-12 14:02:14.954,0 days 00:16:12.424000,,,0 days 00:00:22.291000,9746.0,166.0,6,0.0,True,0,car,1480.5080555555553,0.27532618547093773,OnTrack,-3082.9573402740766,5059.322213951,7373.9961993211255
2026-09-12 14:02:14.974,0 days 00:16:12.444000,,,0 days 00:00:22.311000,9751.2500672,164.749984,6,0.0,True,0,pos,1481.3548176482177,0.27548365558810417,OnTrack,-3079.0,5068.0,7374.0
2026-09-12 14:02:15.234,0 days 00:16:12.704000,,,0 days 00:00:22.571000,9819.5,148.5,6,0.0,True,0,pos,1491.7289918124231,0.27741291344612373,OnTrack,-3031.0,5168.0,7375.0
2026-09-12 14:02:15.354,0 days 00:16:12.824000,,,0 days 00:00:22.691000,9851.0,141.0,3,0.0,True,0,car,1496.1747222222218,0.2782396742264983,OnTrack,-3010.0064853193244,5209.81831786819,7376.545537880115
2026-09-12 14:02:15.394,0 days 00:16:12.864000,,,0 days 00:00:22.731000,9927.880209135561,138.9944293268984,3,0.0,True,0,pos,1497.6128769721283,0.27850712407921796,OnTrack,-3003.0,5225.0,7377.0
2026-09-12 14:02:15.713,0 days 00:16:13.183000,,,0 days 00:00:23.050000,10541.0,123.0,2,0.0,True,0,car,1508.4405555555552,0.28052071896017367,OnTrack,-2952.102853163557,5362.669052522572,7377.999564865881
2026-09-12 14:02:15.714,0 days 00:16:13.184000,,,0 days 00:00:23.051000,10538.65515008,122.96500224,2,0.0,True,0,pos,1508.4734444316941,0.2805268352178852,OnTrack,-2952.0,5363.0,7378.0
2026-09-12 14:02:15.913,0 days 00:16:13.383000,,,0 days 00:00:23.250000,10072.0,116.0,2,0.0,True,0,car,1514.8849999999995,0.28171917532770924,OnTrack,-2941.106907936358,5407.676839357373,7378.0246281523005
2026-09-12 14:02:16.114,0 days 00:16:13.584000,,,0 days 00:00:23.451000,9829.962577066666,109.30000213333334,2,0.0,True,0,pos,1520.937930910186,0.28284482295398666,OnTrack,-2941.0,5444.0,7378.0
2026-09-12 14:02:16.153,0 days 00:16:13.623000,,,0 days 00:00:23.490000,9783.0,108.0,2,0.0,False,0,car,1522.0849999999996,0.28305814037281796,OnTrack,-2941.254317958978,5454.020050717485,7377.998356502621
2026-09-12 14:02:16.273,0 days 00:16:13.743000,,,0 days 00:00:23.610000,9645.375,106.5,2,0.0,False,0,pos,1525.5841873145444,0.2837088750256601,OnTrack,-2944.0,5488.0,7378.0
2026-09-12 14:02:16.433,0 days 00:16:13.903000,,,0 days 00:00:23.770000,9461.875,104.5,2,0.0,False,0,pos,1530.1870375385897,0.28456485496425277,OnTrack,-2958.0,5529.0,7378.0
2026-09-12 14:02:16.473,0 days 00:16:13.943000,,,0 days 00:00:23.810000,9416.0,104.0,2,0.0,False,0,car,1531.329444444444,0.2847773053690069,OnTrack,-2963.0767291555185,5539.194134920675,7377.983789672041
2026-09-12 14:02:16.633,0 days 00:16:14.103000,,,0 days 00:00:23.970000,9212.0,102.4,2,0.0,False,0,pos,1535.8678812047697,0.285621306505328,OnTrack,-2987.0,5581.0,7378.0
2026-09-12 14:02:16.673,0 days 00:16:14.143000,,,0 days 00:00:24.010000,9161.0,102.0,2,0.0,False,0,car,1536.9961111111108,0.28583112045080544,OnTrack,-2992.8467206641253,5591.785005782806,7378.1002955880285
2026-09-12 14:02:16.913,0 days 00:16:14.383000,,,0 days 00:00:24.250000,9102.0,101.0,2,4.0,False,0,pos,1543.7294444444442,0.2870833007244719,OnTrack,-3021.0,5658.0,7379.0
2026-09-12 14:02:17.053,0 days 00:16:14.523000,,,0 days 00:00:24.390000,9102.0,101.0,2,4.0,False,0,pos,1547.6560749246735,0.2878135258575393,OnTrack,-3026.0,5695.0,7379.0
2026-09-12 14:02:17.073,0 days 00:16:14.543000,,,0 days 00:00:24.410000,9102.0,101.0,2,4.0,False,0,car,1548.218333333333,0.2879180875735829,OnTrack,-3026.2754945774454,5699.934733843453,7379.079384647552
2026-09-12 14:02:17.233,0 days 00:16:14.703000,,,0 days 00:00:24.570000,9538.0,101.0,2,27.0,False,0,car,1552.7072222222218,0.2887528744226939,OnTrack,-3025.2772991958077,5736.326732125608,7380.726635112311
2026-09-12 14:02:17.353,0 days 00:16:14.823000,,,0 days 00:00:24.690000,9616.0,99.71428571428571,2,36.857142857142854,False,0,pos,1555.980100731974,0.28936152302289464,OnTrack,-3017.0,5776.0,7382.0
2026-09-12 14:02:17.513,0 days 00:16:14.983000,,,0 days 00:00:24.850000,9720.0,98.0,2,50.0,False,0,car,1560.329444444444,0.290170359022917,OnTrack,-2995.363830433395,5851.862928147536,7382.897782027513
2026-09-12 14:02:17.533,0 days 00:16:15.003000,,,0 days 00:00:24.870000,9664.0,98.5,2,49.5,False,0,pos,1560.885599430978,0.2902737857016158,OnTrack,-2993.0,5860.0,7383.0
2026-09-12 14:02:17.713,0 days 00:16:15.183000,,,0 days 00:00:25.050000,9160.0,103.0,2,45.0,False,0,car,1566.0516666666663,0.2912345056251253,OnTrack,-2980.6360669758838,5905.047071736366,7384.07045447803
2026-09-12 14:02:17.933,0 days 00:16:15.403000,,,0 days 00:00:25.270000,9195.419506274033,109.48526171214682,2,55.97505828209463,False,0,pos,1572.9387785039671,0.29251528368233365,OnTrack,-2975.0,5941.0,7385.0
2026-09-12 14:02:18.033,0 days 00:16:15.503000,,,0 days 00:00:25.370000,9211.519281853138,112.43310794494083,2,60.96372113759218,False,0,pos,1576.2342861754305,0.29312814056816383,OnTrack,-2971.0,5971.0,7385.0
2026-09-12 14:02:18.154,0 days 00:16:15.624000,,,0 days 00:00:25.491000,9231.0,116.0,3,67.0,False,0,car,1580.2616666666663,0.29387710191554123,OnTrack,-2968.62137823797,6011.092737464334,7384.970133977616
2026-09-12 14:02:18.253,0 days 00:16:15.723000,,,0 days 00:00:25.590000,9378.8813456,119.7125024,3,68.8562512,False,0,pos,1583.5909116426596,0.29449623283907717,OnTrack,-2968.0,6042.0,7385.0
2026-09-12 14:02:18.314,0 days 00:16:15.784000,,,0 days 00:00:25.651000,9470.0,122.0,3,70.0,False,0,car,1585.6838888888885,0.2948854583075367,OnTrack,-2967.7950965710975,6058.650302908776,7385.058374477235
2026-09-12 14:02:18.474,0 days 00:16:15.944000,,,0 days 00:00:25.811000,9820.0,128.0,3,74.0,False,0,car,1591.3727777777774,0.29594340599749913,OnTrack,-2968.95548799661,6098.736715731202,7385.226194667096
2026-09-12 14:02:18.553,0 days 00:16:16.023000,,,0 days 00:00:25.890000,10140.279426133333,130.30416853333332,3,75.64583466666667,False,0,pos,1594.252878771856,0.2964790107971455,OnTrack,-2973.0,6129.0,7385.0
2026-09-12 14:02:18.714,0 days 00:16:16.184000,,,0 days 00:00:26.051000,10793.0,135.0,3,79.0,False,0,car,1600.3727777777774,0.297617112303885,OnTrack,-2989.65918874114,6218.5345016406945,7383.737395005714
2026-09-12 14:02:18.813,0 days 00:16:16.283000,,,0 days 00:00:26.150000,10862.712545066666,142.01250453333333,3,81.4750016,False,0,pos,1604.4318632635036,0.29837196974562047,OnTrack,-3000.0,6267.0,7383.0
2026-09-12 14:02:18.954,0 days 00:16:16.424000,,,0 days 00:00:26.291000,10962.0,152.0,3,85.0,False,0,car,1610.5061111111108,0.2995015816266306,OnTrack,-3009.7774438607994,6304.189508941138,7382.528463620307
2026-09-12 14:02:19.073,0 days 00:16:16.543000,,,0 days 00:00:26.410000,11149.4251008,156.2500022857143,3,85.85000045714285,False,0,pos,1615.7706952077192,0.3004806224714075,OnTrack,-3019.0,6332.0,7382.0
2026-09-12 14:02:19.234,0 days 00:16:16.704000,,,0 days 00:00:26.571000,11403.0,162.0,3,87.0,False,0,car,1623.106111111111,0.3018447704555709,OnTrack,-3039.6903613446225,6396.929688024407,7380.389607389416
2026-09-12 14:02:19.273,0 days 00:16:16.743000,,,0 days 00:00:26.610000,11355.387421866666,163.4625024,3,89.11250346666667,False,0,pos,1624.9232531804953,0.3021826995823629,OnTrack,-3046.0,6418.0,7380.0
2026-09-12 14:02:19.474,0 days 00:16:16.944000,,,0 days 00:00:26.811000,11110.0,171.0,4,100.0,False,0,car,1634.5061111111108,0.30396479844365965,OnTrack,-3084.727487871955,6555.83012005654,7378.465530178478
2026-09-12 14:02:19.554,0 days 00:16:17.024000,,,0 days 00:00:26.891000,11103.333333333334,173.22222222222223,4,100.0,False,0,pos,1638.3925625803981,0.30468755159183847,OnTrack,-3098.0,6604.0,7378.0
2026-09-12 14:02:19.834,0 days 00:16:17.304000,,,0 days 00:00:27.171000,11080.0,181.0,4,100.0,False,0,car,1652.6061111111107,0.307330807793169,OnTrack,-3124.5801295714623,6698.261606916908,7376.914471781864
2026-09-12 14:02:19.934,0 days 00:16:17.404000,,,0 days 00:00:27.271000,10926.5621072,188.5000192,4,100.0,False,0,pos,1658.1268117824127,0.3083574779630831,OnTrack,-3136.0,6734.0,7377.0
2026-09-12 14:02:20.154,0 days 00:16:17.624000,,,0 days 00:00:27.491000,10589.0,205.0,5,100.0,False,0,car,1670.828333333333,0.31071954648757993,OnTrack,-3174.454556685867,6847.2501569091955,7378.375144558758
2026-09-12 14:02:20.274,0 days 00:16:17.744000,,,0 days 00:00:27.611000,10804.0,207.0,5,100.0,False,0,pos,1677.7682932604598,0.3120101525649241,OnTrack,-3199.0,6912.0,7380.0
2026-09-12 14:02:20.394,0 days 00:16:17.864000,,,0 days 00:00:27.731000,11019.0,209.0,5,100.0,False,0,car,1684.7616666666663,0.3133106918063551,OnTrack,-3224.167533169246,6970.902753014652,7382.323789765915
2026-09-12 14:02:20.494,0 days 00:16:17.964000,,,0 days 00:00:27.831000,11159.833693866667,211.5000064,5,100.0,False,0,pos,1690.6784014602304,0.3144110113993775,OnTrack,-3253.0,7029.0,7384.0
2026-09-12 14:02:20.634,0 days 00:16:18.104000,,,0 days 00:00:27.971000,11357.0,215.0,5,100.0,False,0,car,1699.0949999999996,0.3159762240720808,OnTrack,-3312.6930325404605,7137.936893692051,7384.948520412435
2026-09-12 14:02:20.694,0 days 00:16:18.164000,,,0 days 00:00:28.031000,11173.9992192,216.5000064,5,100.0,False,0,pos,1702.748511292356,0.3166556579487995,OnTrack,-3335.0,7178.0,7385.0
2026-09-12 14:02:20.914,0 days 00:16:18.384000,,,0 days 00:00:28.251000,10503.0,222.0,5,100.0,False,0,car,1716.3616666666662,0.31918726061544334,OnTrack,-3379.091249310142,7258.0649341683475,7384.091822942464
2026-09-12 14:02:20.934,0 days 00:16:18.404000,,,0 days 00:00:28.271000,10491.19984896,222.5000064,5,100.0,False,0,pos,1717.613287380292,0.31942002122450985,OnTrack,-3383.0,7265.0,7384.0
2026-09-12 14:02:21.114,0 days 00:16:18.584000,,,0 days 00:00:28.451000,10385.0,227.0,6,100.0,False,0,car,1728.9727777777773,0.32153251574846553,OnTrack,-3427.7487541714004,7342.81729119123,7383.440183967588
2026-09-12 14:02:21.254,0 days 00:16:18.724000,,,0 days 00:00:28.591000,10429.10008064,229.80000512,6,100.0,False,0,pos,1737.9169447002964,0.3231958389244198,OnTrack,-3477.0,7445.0,7387.0
2026-09-12 14:02:21.314,0 days 00:16:18.784000,,,0 days 00:00:28.651000,10448.0,231.0,6,100.0,False,0,car,1741.8061111111106,0.3239190969631269,OnTrack,-3502.5317729678045,7504.868303009928,7390.396821173658
2026-09-12 14:02:21.454,0 days 00:16:18.924000,,,0 days 00:00:28.791000,10609.0002944,236.2500096,6,100.0,False,0,pos,1751.0214310814868,0.3256328457575471,OnTrack,-3561.0,7651.0,7400.0
2026-09-12 14:02:21.474,0 days 00:16:18.944000,,,0 days 00:00:28.811000,10632.0,237.0,6,100.0,False,0,car,1752.3394444444439,0.3258779532328229,OnTrack,-3567.1361088593526,7666.929634662257,7401.071857102171
2026-09-12 14:02:21.634,0 days 00:16:19.104000,,,0 days 00:00:28.971000,10726.0,237.0,6,100.0,False,0,car,1762.8727777777772,0.32783680950251903,OnTrack,-3593.926786294457,7743.461525081308,7406.393585890221
2026-09-12 14:02:21.814,0 days 00:16:19.284000,,,0 days 00:00:29.151000,10778.07150262857,240.2142902857143,6,100.0,False,0,pos,1774.9379051539354,0.3300805294777218,OnTrack,-3609.0,7806.0,7412.0
2026-09-12 14:02:21.914,0 days 00:16:19.384000,,,0 days 00:00:29.251000,10807.0,242.0,6,100.0,False,0,car,1781.6949999999995,0.3313371286173557,OnTrack,-3623.624366546064,7864.376695950405,7417.597251688617
2026-09-12 14:02:22.073,0 days 00:16:19.543000,,,0 days 00:00:29.410000,10530.0,243.0,6,57.0,True,0,car,1792.4274999999993,0.33333302338772086,OnTrack,-3651.7046727425945,7976.233037026911,7427.9770616993255
2026-09-12 14:02:22.114,0 days 00:16:19.584000,,,0 days 00:00:29.451000,10359.594016,241.4625024,6,42.3937728,True,0,pos,1795.168809170473,0.33384281743731814,OnTrack,-3658.0,8002.0,7430.0
2026-09-12 14:02:22.233,0 days 00:16:19.703000,,,0 days 00:00:29.570000,9865.0,237.0,6,0.0,True,0,car,1802.9608333333326,0.3352918796574169,OnTrack,-3673.7807587437774,8068.579777314118,7434.34907728858
2026-09-12 14:02:22.274,0 days 00:16:19.744000,,,0 days 00:00:29.611000,9653.23533056,232.9000064,6,0.0,True,0,pos,1805.536955700806,0.33577095435213483,OnTrack,-3679.0,8091.0,7436.0
2026-09-12 14:02:22.433,0 days 00:16:19.903000,,,0 days 00:00:29.770000,8832.0,217.0,6,0.0,True,0,car,1815.016388888888,0.3375338195863412,OnTrack,-3699.9069692073726,8181.1997528922275,7444.7123137347535
2026-09-12 14:02:22.494,0 days 00:16:19.964000,,,0 days 00:00:29.831000,8637.561888,210.1374784,6,0.0,True,0,pos,1818.4764955711812,0.338177286516888,OnTrack,-3708.0,8215.0,7448.0
2026-09-12 14:02:22.593,0 days 00:16:20.063000,,,0 days 00:00:29.930000,8322.0,199.0,6,0.0,True,0,car,1823.8608333333325,0.33917859763557967,OnTrack,-3721.0670591117982,8267.363397785883,7452.552561388923
2026-09-12 14:02:22.654,0 days 00:16:20.124000,,,0 days 00:00:29.991000,8431.2284688,194.0437344,6,0.0,True,0,pos,1827.0093460600008,0.33976411825850866,OnTrack,-3729.0,8298.0,7455.0
2026-09-12 14:02:22.854,0 days 00:16:20.324000,,,0 days 00:00:30.191000,8789.3534688,177.7937344,6,0.0,True,0,pos,1836.5441142112852,0.34153727399014555,OnTrack,-3756.0,8393.0,7462.0
2026-09-12 14:02:22.913,0 days 00:16:20.383000,,,0 days 00:00:30.250000,8895.0,173.0,6,0.0,True,0,car,1839.2386111111102,0.34203836248500935,OnTrack,-3766.0551758947668,8422.821287006538,7464.158100847279
2026-09-12 14:02:23.133,0 days 00:16:20.603000,,,0 days 00:00:30.470000,9580.055555555555,160.16666666666666,6,0.0,True,0,pos,1848.9293535797235,0.3438405243498182,OnTrack,-3808.0,8532.0,7472.0
2026-09-12 14:02:23.273,0 days 00:16:20.743000,,,0 days 00:00:30.610000,10016.0,152.0,6,0.0,True,0,car,1854.4386111111103,0.34486506646912773,OnTrack,-3828.6730883195237,8578.78805357524,7475.148928508252
2026-09-12 14:02:23.553,0 days 00:16:21.023000,,,0 days 00:00:30.890000,10730.0,120.0,5,0.0,True,0,pos,1863.7719444444438,0.3466007618979724,OnTrack,-3873.0,8650.0,7479.0
2026-09-12 14:02:23.713,0 days 00:16:21.183000,,,0 days 00:00:31.050000,9999.0,120.0,3,0.0,True,0,car,1869.105277777777,0.3475925878573122,OnTrack,-3915.415919514686,8707.82144163125,7481.732295600336
2026-09-12 14:02:23.733,0 days 00:16:21.203000,,,0 days 00:00:31.070000,9940.636363636364,119.0909090909091,3,0.0,True,0,pos,1869.739620249836,0.347710554856856,OnTrack,-3920.0,8714.0,7482.0
2026-09-12 14:02:24.013,0 days 00:16:21.483000,,,0 days 00:00:31.350000,9123.545454545454,106.36363636363636,3,0.0,True,0,pos,1877.6105329546704,0.34917428777142184,OnTrack,-3961.0,8770.0,7484.0
2026-09-12 14:02:24.153,0 days 00:16:21.623000,,,0 days 00:00:31.490000,8715.0,100.0,2,0.0,True,0,car,1881.3274999999992,0.3498655223474658,OnTrack,-3982.220117331524,8803.352644064036,7485.601720939817
2026-09-12 14:02:24.193,0 days 00:16:21.663000,,,0 days 00:00:31.530000,8654.378857889733,99.00621078507758,2,0.0,True,0,pos,1882.3975896549339,0.35006452410345046,OnTrack,-3986.0,8815.0,7486.0
2026-09-12 14:02:24.314,0 days 00:16:21.784000,,,0 days 00:00:31.651000,8471.0,96.0,2,0.0,True,0,car,1885.6208333333325,0.35066394224473435,OnTrack,-3987.1505762281745,8856.736287674697,7486.7723595087045
2026-09-12 14:02:24.513,0 days 00:16:21.983000,,,0 days 00:00:31.850000,8229.0905472,92.2687488,2,0.0,True,0,pos,1890.6618273660051,0.3516014026339497,OnTrack,-3969.0,8926.0,7487.0
2026-09-12 14:02:24.634,0 days 00:16:22.104000,,,0 days 00:00:31.971000,8082.0,90.0,2,0.0,False,0,car,1893.6208333333325,0.352151681183744,OnTrack,-3957.5622248755103,8950.576348896238,7486.826576395605
2026-09-12 14:02:24.914,0 days 00:16:22.384000,,,0 days 00:00:32.251000,8287.0,86.0,2,20.0,False,0,car,1900.3097222222214,0.3533955962410827,OnTrack,-3925.8935582581507,8974.440398002338,7486.0359042669215
2026-09-12 14:02:24.973,0 days 00:16:22.443000,,,0 days 00:00:32.310000,8311.864312685715,86.0,2,21.4750016,False,0,pos,1901.70698632195,0.35365544176723857,OnTrack,-3916.0,8982.0,7486.0
2026-09-12 14:02:25.093,0 days 00:16:22.563000,,,0 days 00:00:32.430000,8362.435741257143,86.0,2,24.4750016,False,0,pos,1904.5476654693546,0.35418371538984184,OnTrack,-3892.0,9002.0,7486.0
2026-09-12 14:02:25.194,0 days 00:16:22.664000,,,0 days 00:00:32.531000,8405.0,86.0,2,27.0,False,0,car,1906.9986111111102,0.3546395112984213,OnTrack,-3868.129306886605,9023.924455570046,7485.595940407627
2026-09-12 14:02:25.373,0 days 00:16:22.843000,,,0 days 00:00:32.710000,8764.79012864,89.58000128,2,35.055002879999996,False,0,pos,1911.527137254547,0.3554816693834106,OnTrack,-3823.0,9067.0,7484.0
2026-09-12 14:02:25.594,0 days 00:16:23.064000,,,0 days 00:00:32.931000,9209.0,94.0,2,45.0,False,0,car,1917.4430555555546,0.3565818371354617,OnTrack,-3776.2310098488406,9108.210850646832,7481.10809561494
2026-09-12 14:02:25.793,0 days 00:16:23.263000,,,0 days 00:00:33.130000,9286.941691733333,98.9750016,2,45.0,False,0,pos,1923.0748571540846,0.35762916845232545,OnTrack,-3737.0,9146.0,7478.0
2026-09-12 14:02:25.954,0 days 00:16:23.424000,,,0 days 00:00:33.291000,9350.0,103.0,2,45.0,False,0,car,1927.7430555555545,0.35849730101943666,OnTrack,-3703.447973420848,9185.015500726817,7475.353405082639
2026-09-12 14:02:26.114,0 days 00:16:23.584000,,,0 days 00:00:33.451000,9832.0,105.0,2,36.0,False,0,car,1932.4097222222213,0.359365148733859,OnTrack,-3673.939158252645,9223.029435563803,7473.186993081713
2026-09-12 14:02:26.134,0 days 00:16:23.604000,,,0 days 00:00:33.471000,9841.7501248,105.0833344,2,36.0,False,0,pos,1932.9956429226193,0.35947411086400327,OnTrack,-3671.0,9227.0,7473.0
2026-09-12 14:02:26.354,0 days 00:16:23.824000,,,0 days 00:00:33.691000,9949.0,106.0,2,36.0,False,0,car,1939.476388888888,0.3606793181299842,OnTrack,-3649.4546121791477,9259.624085709684,7472.126756292781
2026-09-12 14:02:26.514,0 days 00:16:23.984000,,,0 days 00:00:33.851000,10152.0,107.0,2,37.0,False,0,pos,1944.2319444444436,0.3615636962770622,OnTrack,-3637.0,9288.0,7471.0
2026-09-12 14:02:26.794,0 days 00:16:24.264000,,,0 days 00:00:34.131000,9454.0,111.0,2,42.0,False,0,pos,1952.865277777777,0.3631692145487435,OnTrack,-3611.0,9369.0,7466.0
2026-09-12 14:02:26.994,0 days 00:16:24.464000,,,0 days 00:00:34.331000,9241.5,114.75,2,53.875,False,0,pos,1959.2914099863756,0.3643642654379881,OnTrack,-3602.0,9432.0,7463.0
2026-09-12 14:02:27.114,0 days 00:16:24.584000,,,0 days 00:00:34.451000,9114.0,117.0,3,61.0,False,0,car,1963.265277777777,0.3651032751694561,OnTrack,-3600.375922786086,9470.250639126272,7461.189684721645
2026-09-12 14:02:27.274,0 days 00:16:24.744000,,,0 days 00:00:34.611000,9758.5,121.0,3,66.5,False,0,pos,1968.713477574494,0.3661164625425911,OnTrack,-3603.0,9526.0,7458.0
2026-09-12 14:02:27.434,0 days 00:16:24.904000,,,0 days 00:00:34.771000,10403.0,125.0,3,72.0,False,0,car,1974.3763888888882,0.36716957925141397,OnTrack,-3612.6655342081026,9592.595835043754,7453.190150241128
2026-09-12 14:02:27.474,0 days 00:16:24.944000,,,0 days 00:00:34.811000,10434.5,127.0,3,71.5,False,0,pos,1975.8324802438715,0.3674403647273594,OnTrack,-3617.0,9610.0,7452.0
2026-09-12 14:02:27.594,0 days 00:16:25.064000,,,0 days 00:00:34.931000,10529.0,133.0,3,70.0,False,0,car,1980.2874999999992,0.36826885302301554,OnTrack,-3635.5980413476295,9662.86689979641,7448.784169358816
2026-09-12 14:02:27.874,0 days 00:16:25.344000,,,0 days 00:00:35.211000,10408.0,139.0,3,67.0,False,0,pos,1991.0986111111104,0.3702793668947606,OnTrack,-3691.0,9772.0,7443.0
2026-09-12 14:02:28.154,0 days 00:16:25.624000,,,0 days 00:00:35.491000,11375.0,148.0,3,76.0,False,0,car,2002.6097222222215,0.37242005792366895,OnTrack,-3722.9039447704813,9835.336104388332,7438.339487529406
2026-09-12 14:02:28.214,0 days 00:16:25.684000,,,0 days 00:00:35.551000,11474.375424,150.0625088,3,78.0625088,False,0,pos,2005.171048294084,0.3728963809902453,OnTrack,-3735.0,9860.0,7437.0
2026-09-12 14:02:28.474,0 days 00:16:25.944000,,,0 days 00:00:35.811000,11905.0,159.0,3,87.0,False,0,pos,2016.743055555555,0.3750483967159194,OnTrack,-3810.0,10013.0,7430.0
2026-09-12 14:02:28.754,0 days 00:16:26.224000,,,0 days 00:00:36.091000,11313.401372609129,173.0438843297536,3,98.41065601792481,False,0,pos,2030.3065393117336,0.37757076208250595,OnTrack,-3848.0,10090.0,7426.0
2026-09-12 14:02:28.793,0 days 00:16:26.263000,,,0 days 00:00:36.130000,11231.0,175.0,4,100.0,False,0,car,2032.2499999999995,0.3779321823503019,OnTrack,-3854.588770296002,10104.504519126958,7425.311430459218
2026-09-12 14:02:28.994,0 days 00:16:26.464000,,,0 days 00:00:36.331000,11654.774865066667,181.69999786666668,4,100.0,False,0,pos,2042.4272837965514,0.3798248250249872,OnTrack,-3896.0,10201.0,7421.0
2026-09-12 14:02:29.033,0 days 00:16:26.503000,,,0 days 00:00:36.370000,11737.0,183.0,4,100.0,False,0,car,2044.4499999999994,0.38020098423229165,OnTrack,-3903.3644689554067,10219.815159147234,7420.174598839621
2026-09-12 14:02:29.313,0 days 00:16:26.783000,,,0 days 00:00:36.650000,11206.0,194.0,4,100.0,False,0,car,2059.5388888888883,0.38300702517559043,OnTrack,-3946.521555668137,10358.49394929074,7414.725574406667
2026-09-12 14:02:29.354,0 days 00:16:26.824000,,,0 days 00:00:36.691000,11210.006811927273,195.58408843636363,4,100.0,False,0,pos,2061.8409723709706,0.38343513758023345,OnTrack,-3952.0,10384.0,7414.0
2026-09-12 14:02:29.533,0 days 00:16:27.003000,,,0 days 00:00:36.870000,11227.5,202.5,4,100.0,False,0,pos,2072.1793330390396,0.3853577352966601,OnTrack,-3973.0,10507.0,7411.0
2026-09-12 14:02:29.753,0 days 00:16:27.223000,,,0 days 00:00:37.090000,11249.0,211.0,5,100.0,False,0,car,2085.3277777777776,0.3878029169498148,OnTrack,-3985.0131868865715,10618.580681331174,7407.316984136109
2026-09-12 14:02:29.833,0 days 00:16:27.303000,,,0 days 00:00:37.170000,11325.666666666666,213.22222222222223,5,100.0,False,0,pos,2090.185544007499,0.38870630294688513,OnTrack,-3988.0,10660.0,7406.0
2026-09-12 14:02:30.013,0 days 00:16:27.483000,,,0 days 00:00:37.350000,11498.166666666666,218.22222222222223,5,100.0,False,0,pos,2101.2486592642363,0.3907636813661602,OnTrack,-3995.0,10768.0,7403.0
2026-09-12 14:02:30.113,0 days 00:16:27.583000,,,0 days 00:00:37.450000,11594.0,221.0,5,100.0,False,0,car,2107.4277777777775,0.391912795768829,OnTrack,-3998.902842706515,10829.527420203507,7401.029263094054
2026-09-12 14:02:30.253,0 days 00:16:27.723000,,,0 days 00:00:37.590000,11750.8,223.1,5,100.0,False,0,pos,2116.1086244490753,0.3935271499708868,OnTrack,-4004.0,10916.0,7398.0
2026-09-12 14:02:30.313,0 days 00:16:27.783000,,,0 days 00:00:37.650000,11818.0,224.0,5,100.0,False,0,car,2119.872222222222,0.3942270563406218,OnTrack,-4005.8960167022083,10953.46853525684,7396.687089120392
2026-09-12 14:02:30.433,0 days 00:16:27.903000,,,0 days 00:00:37.770000,11935.333333333334,226.66666666666666,5,100.0,False,0,pos,2127.512331744984,0.39564786739503577,OnTrack,-4009.0,11029.0,7394.0
2026-09-12 14:02:30.673,0 days 00:16:28.143000,,,0 days 00:00:38.010000,12170.0,232.0,5,100.0,False,0,car,2143.0722222222216,0.3985414992637498,OnTrack,-4011.3935352744948,11181.778502516194,7388.124961851752
2026-09-12 14:02:30.753,0 days 00:16:28.223000,,,0 days 00:00:38.090000,12181.5,233.0,5,100.0,False,0,pos,2148.2631571815105,0.3995068437723499,OnTrack,-4011.0,11234.0,7386.0
2026-09-12 14:02:30.833,0 days 00:16:28.303000,,,0 days 00:00:38.170000,12193.0,234.0,5,100.0,False,0,car,2153.4722222222217,0.40047555988446243,OnTrack,-4009.99655922717,11287.093378388472,7383.787323920625
2026-09-12 14:02:30.973,0 days 00:16:28.443000,,,0 days 00:00:38.310000,12156.781082994972,234.69651763471208,5,38.70644814533672,False,0,pos,2162.657508575149,0.402183723406113,OnTrack,-4007.0,11378.0,7380.0
2026-09-12 14:02:31.034,0 days 00:16:28.504000,,,0 days 00:00:38.371000,12141.0,235.0,5,12.0,True,0,car,2166.593055555555,0.40291560671724447,OnTrack,-4005.332845907177,11414.418092813381,7378.556058939544
2026-09-12 14:02:31.213,0 days 00:16:28.683000,,,0 days 00:00:38.550000,11619.4137024,227.541664,5,6.5305536,True,0,pos,2177.707511052972,0.40498253274591917,OnTrack,-3997.0,11530.0,7374.0
2026-09-12 14:02:31.393,0 days 00:16:28.863000,,,0 days 00:00:38.730000,11094.9137024,220.041664,5,1.0305536,True,0,pos,2188.5330406891426,0.4069957279928109,OnTrack,-3978.0,11698.0,7367.0
2026-09-12 14:02:31.394,0 days 00:16:28.864000,,,0 days 00:00:38.731000,11092.0,220.0,5,1.0,True,0,car,2188.593055555555,0.40700688879952107,OnTrack,-3977.8713601953054,11698.85243437685,7366.967699980002
2026-09-12 14:02:31.594,0 days 00:16:29.064000,,,0 days 00:00:38.931000,10768.0,215.0,5,0.0,True,0,car,2200.5374999999995,0.40922816568762577,OnTrack,-3947.754498528379,11830.33453871142,7363.20515254289
2026-09-12 14:02:31.773,0 days 00:16:29.243000,,,0 days 00:00:39.110000,10634.4957856,210.5249984,5,0.0,True,0,pos,2210.9864035146247,0.41117132076620866,OnTrack,-3920.0,11907.0,7362.0
2026-09-12 14:02:31.834,0 days 00:16:29.304000,,,0 days 00:00:39.171000,10589.0,209.0,5,0.0,True,0,car,2214.470833333333,0.41181931100640096,OnTrack,-3911.6466027487077,11929.079320801007,7361.593513377102
2026-09-12 14:02:32.173,0 days 00:16:29.643000,,,0 days 00:00:39.510000,10264.40743872,199.67749824,5,43.22250816,True,0,pos,2233.151038021504,0.4152932194943088,OnTrack,-3840.0,12049.0,7359.0
2026-09-12 14:02:32.234,0 days 00:16:29.704000,,,0 days 00:00:39.571000,10206.0,198.0,5,51.0,False,0,car,2236.470833333333,0.41591059308867756,OnTrack,-3810.402364735458,12081.985203661528,7358.344972112593
2026-09-12 14:02:32.394,0 days 00:16:29.864000,,,0 days 00:00:39.731000,10361.0,196.0,5,53.0,False,0,car,2245.181944444444,0.4175305754889326,OnTrack,-3713.4382015323686,12180.75590057769,7356.501858076145
2026-09-12 14:02:32.473,0 days 00:16:29.943000,,,0 days 00:00:39.810000,10370.545841066667,196.32916693333334,5,54.31666773333333,False,0,pos,2249.4880707086004,0.41833137445386726,OnTrack,-3678.0,12215.0,7356.0
2026-09-12 14:02:32.634,0 days 00:16:30.104000,,,0 days 00:00:39.971000,10390.0,197.0,5,57.0,False,0,car,2258.3152777777773,0.41997294691380677,OnTrack,-3643.209964459427,12244.073956563216,7356.036969170099
2026-09-12 14:02:32.714,0 days 00:16:30.184000,,,0 days 00:00:40.051000,10407.5,198.5,5,58.0,False,0,pos,2262.7580357524944,0.42079915491825454,OnTrack,-3625.0,12257.0,7356.0
2026-09-12 14:02:32.794,0 days 00:16:30.264000,,,0 days 00:00:40.131000,10425.0,200.0,5,59.0,False,0,car,2267.2041666666664,0.42162599017937313,OnTrack,-3597.829236252606,12276.92132736759,7355.677509148081
2026-09-12 14:02:32.954,0 days 00:16:30.424000,,,0 days 00:00:40.291000,10176.0,198.0,5,27.0,True,0,car,2276.004166666666,0.42326250301228374,OnTrack,-3520.0313921445845,12334.779407883058,7354.253705963005
2026-09-12 14:02:33.074,0 days 00:16:30.544000,,,0 days 00:00:40.411000,10215.0,196.5,5,22.5,True,0,pos,2282.5424130667893,0.42447840348257154,OnTrack,-3463.0,12375.0,7353.0
2026-09-12 14:02:33.114,0 days 00:16:30.584000,,,0 days 00:00:40.451000,10228.0,196.0,5,21.0,False,0,car,2284.7152777777774,0.4248824854125387,OnTrack,-3445.59994742012,12386.623748649463,7352.577547952252
2026-09-12 14:02:33.274,0 days 00:16:30.744000,,,0 days 00:00:40.611000,10061.142857142857,194.85714285714286,5,26.142857142857142,False,0,pos,2293.384896787288,0.4264947516358921,OnTrack,-3374.0,12439.0,7351.0
2026-09-12 14:02:33.394,0 days 00:16:30.864000,,,0 days 00:00:40.731000,9936.0,194.0,5,30.0,False,0,car,2299.8041666666663,0.42768852635583754,OnTrack,-3300.8354541218214,12511.006984689815,7350.2029583529675
2026-09-12 14:02:33.434,0 days 00:16:30.904000,,,0 days 00:00:40.771000,9927.0,193.25,5,31.0,False,0,pos,2301.919031553183,0.4280818222111394,OnTrack,-3280.0,12533.0,7350.0
2026-09-12 14:02:33.714,0 days 00:16:31.184000,,,0 days 00:00:41.051000,9864.0,188.0,5,38.0,False,0,car,2316.5152777777776,0.4307962476951022,OnTrack,-3221.905648139777,12614.285119208282,7349.136079554968
2026-09-12 14:02:33.754,0 days 00:16:31.224000,,,0 days 00:00:41.091000,9882.857142857143,188.14285714285714,5,40.285714285714285,False,0,pos,2318.609706167251,0.43118574302885065,OnTrack,-3216.0,12627.0,7349.0
2026-09-12 14:02:33.994,0 days 00:16:31.464000,,,0 days 00:00:41.331000,9996.0,189.0,5,54.0,False,0,car,2331.215277777778,0.43352996799553256,OnTrack,-3167.550582871146,12738.026649459523,7347.8563750060675
2026-09-12 14:02:34.114,0 days 00:16:31.584000,,,0 days 00:00:41.451000,9950.25,188.25,5,48.75,False,0,pos,2337.4531296920923,0.4346900048941203,OnTrack,-3148.0,12801.0,7347.0
2026-09-12 14:02:34.234,0 days 00:16:31.704000,,,0 days 00:00:41.571000,9904.5,187.5,5,43.5,False,0,pos,2343.6635208591338,0.4358449349898315,OnTrack,-3137.0,12863.0,7346.0
2026-09-12 14:02:34.314,0 days 00:16:31.784000,,,0 days 00:00:41.651000,9874.0,187.0,5,40.0,False,0,car,2347.8375,0.43662115890214154,OnTrack,-3133.543612799829,12905.595163265123,7345.506708971958
2026-09-12 14:02:35.113,0 days 00:16:32.583000,,,0 days 00:00:42.450000,10566.0,195.0,5,99.0,False,0,car,2391.116666666667,0.44466967158937776,OnTrack,-3234.076207022865,13383.560068638211,7348.872227929789
2026-09-12 14:02:35.234,0 days 00:16:32.704000,,,0 days 00:00:42.571000,10725.028487314286,198.45714102857144,5,99.43214262857143,False,0,pos,2397.888191146844,0.4459289541700799,OnTrack,-3259.0,13456.0,7350.0
2026-09-12 14:02:35.393,0 days 00:16:32.863000,,,0 days 00:00:42.730000,10934.0,203.0,5,100.0,False,0,car,2406.9055555555556,0.4476058896898399,OnTrack,-3293.6075232676026,13549.783656754083,7351.608857472621
2026-09-12 14:02:35.593,0 days 00:16:33.063000,,,0 days 00:00:42.930000,11158.0,209.0,5,100.0,False,0,car,2418.516666666667,0.44976517745548594,OnTrack,-3333.636170501549,13654.02302464146,7353.770425858684
2026-09-12 14:02:35.614,0 days 00:16:33.084000,,,0 days 00:00:42.951000,11175.4564096,209.656256,5,100.0,False,0,pos,2419.7531578162116,0.44999512445935075,OnTrack,-3337.0,13663.0,7354.0
2026-09-12 14:02:35.753,0 days 00:16:33.223000,,,0 days 00:00:43.090000,11291.0,214.0,5,100.0,False,0,car,2428.0277777777783,0.45153393374964196,OnTrack,-3355.1335812670222,13712.792459720626,7355.53090949761
2026-09-12 14:02:35.954,0 days 00:16:33.424000,,,0 days 00:00:43.291000,11633.417748114285,219.0249984,5,100.0,False,0,pos,2440.3133348617334,0.4538186464572952,OnTrack,-3378.0,13777.0,7358.0
2026-09-12 14:02:36.033,0 days 00:16:33.503000,,,0 days 00:00:43.370000,11768.0,221.0,5,100.0,False,0,car,2445.2166666666667,0.45473050616443067,OnTrack,-3389.9048225147244,13809.050882816866,7359.1475622101925
2026-09-12 14:02:36.313,0 days 00:16:33.783000,,,0 days 00:00:43.650000,11955.444444444445,225.66666666666666,5,100.0,False,0,pos,2462.8379494795945,0.4580074897389425,OnTrack,-3456.0,13986.0,7364.0
2026-09-12 14:02:36.393,0 days 00:16:33.863000,,,0 days 00:00:43.730000,12009.0,227.0,5,100.0,False,0,car,2467.9166666666665,0.4589519654038706,OnTrack,-3486.9555471112653,14070.80399156586,7365.594346705225
2026-09-12 14:02:36.533,0 days 00:16:34.003000,,,0 days 00:00:43.870000,11274.0,228.75,5,86.58333333333333,False,0,pos,2476.8369572922247,0.46061084836773625,OnTrack,-3541.0,14228.0,7368.0
2026-09-12 14:02:36.633,0 days 00:16:34.103000,,,0 days 00:00:43.970000,10749.0,230.0,5,77.0,False,0,car,2483.25,0.4618034650369725,OnTrack,-3563.383815145701,14311.66060982213,7368.7238356208645
2026-09-12 14:02:36.833,0 days 00:16:34.303000,,,0 days 00:00:44.170000,10641.0,233.0,6,73.0,False,0,car,2496.194444444445,0.4642107092924535,OnTrack,-3572.563427180351,14413.996993138557,7368.164469550253
2026-09-12 14:02:36.933,0 days 00:16:34.403000,,,0 days 00:00:44.270000,10596.0,233.25,6,66.25,False,0,pos,2502.693928289539,0.46541940119242986,OnTrack,-3573.0,14454.0,7368.0
2026-09-12 14:02:37.173,0 days 00:16:34.643000,,,0 days 00:00:44.510000,10488.0,233.85,6,50.05,False,0,pos,2518.3083556153642,0.4683231751353007,OnTrack,-3570.0,14545.0,7368.0
2026-09-12 14:02:37.233,0 days 00:16:34.703000,,,0 days 00:00:44.570000,10461.0,234.0,6,46.0,False,0,car,2522.194444444445,0.469045860844235,OnTrack,-3566.7774683686407,14575.109541617083,7367.557546297441
2026-09-12 14:02:37.474,0 days 00:16:34.944000,,,0 days 00:00:44.811000,10399.0,232.0,6,54.0,False,0,car,2537.7255555555557,0.4719341406899957,OnTrack,-3534.8047747130854,14733.426733014712,7363.460262557017
2026-09-12 14:02:37.493,0 days 00:16:34.963000,,,0 days 00:00:44.830000,10400.80500608,231.95249984,6,54.28500096,False,0,pos,2538.9469142822513,0.47216127355702114,OnTrack,-3530.0,14748.0,7363.0
2026-09-12 14:02:37.733,0 days 00:16:35.203000,,,0 days 00:00:45.070000,10423.60500608,231.35249984,6,57.88500096,False,0,pos,2554.3489277963986,0.47502554546253994,OnTrack,-3449.0,14936.0,7356.0
2026-09-12 14:02:37.874,0 days 00:16:35.344000,,,0 days 00:00:45.211000,10437.0,231.0,6,60.0,False,0,car,2563.3922222222222,0.47670730311931836,OnTrack,-3411.063163578144,15002.445435160831,7351.926808721701
2026-09-12 14:02:38.053,0 days 00:16:35.523000,,,0 days 00:00:45.390000,10442.288638254546,231.0,6,60.0,False,0,pos,2574.877916189561,0.47884326738891325,OnTrack,-3362.0,15063.0,7347.0
2026-09-12 14:02:38.314,0 days 00:16:35.784000,,,0 days 00:00:45.651000,10450.0,231.0,6,60.0,False,0,car,2591.625555555556,0.4819577817915734,OnTrack,-3246.598256373476,15183.636794629916,7340.388017282351
2026-09-12 14:02:38.333,0 days 00:16:35.803000,,,0 days 00:00:45.670000,10442.6374752,230.95249984,6,59.7624992,False,0,pos,2592.8441392163777,0.48218439858690415,OnTrack,-3237.0,15192.0,7340.0
2026-09-12 14:02:38.493,0 days 00:16:35.963000,,,0 days 00:00:45.830000,10380.6374752,230.55249984,6,57.7624992,False,0,pos,2603.1025080436098,0.4840921204312787,OnTrack,-3155.0,15255.0,7337.0
2026-09-12 14:02:38.714,0 days 00:16:36.184000,,,0 days 00:00:46.051000,10295.0,230.0,6,55.0,False,0,car,2617.1811111111115,0.48671028118007653,OnTrack,-3039.318200086026,15323.875129331147,7329.878260984969
2026-09-12 14:02:38.733,0 days 00:16:36.203000,,,0 days 00:00:46.070000,10297.09000704,229.85749952,6,55.9500032,False,0,pos,2618.381812703924,0.4869335724942963,OnTrack,-3022.0,15331.0,7329.0
2026-09-12 14:02:38.893,0 days 00:16:36.363000,,,0 days 00:00:46.230000,10314.69000704,228.65749952,6,63.9500032,False,0,pos,2628.4316683286047,0.48880251768732913,OnTrack,-2842.0,15395.0,7321.0
2026-09-12 14:02:39.114,0 days 00:16:36.584000,,,0 days 00:00:46.451000,10339.0,227.0,6,75.0,False,0,car,2642.4033333333336,0.4914007914461209,OnTrack,-2765.497038519231,15414.717195682997,7318.545577678573
2026-09-12 14:02:39.193,0 days 00:16:36.663000,,,0 days 00:00:46.530000,10395.781296,228.9750016,6,81.17188,False,0,pos,2647.506212625783,0.4923497604741763,OnTrack,-2742.0,15416.0,7318.0
2026-09-12 14:02:39.434,0 days 00:16:36.904000,,,0 days 00:00:46.771000,10569.0,235.0,6,100.0,False,0,car,2663.2922222222223,0.49528544312020173,OnTrack,-2588.9914719197295,15429.682233839008,7313.21566904108
2026-09-12 14:02:39.494,0 days 00:16:36.964000,,,0 days 00:00:46.831000,10647.750336,235.3750016,6,100.0,False,0,pos,2667.2176512702304,0.49601544482608184,OnTrack,-2547.0,15431.0,7312.0
2026-09-12 14:02:39.594,0 days 00:16:37.064000,,,0 days 00:00:46.931000,10779.0,236.0,6,100.0,False,0,car,2673.781111111111,0.49723603417356993,OnTrack,-2480.766523628747,15429.264267756722,7310.288016198363
2026-09-12 14:02:39.694,0 days 00:16:37.164000,,,0 days 00:00:47.031000,10863.166882133333,237.94444942222222,6,100.0,False,0,pos,2680.4309471433653,0.49847268667397165,OnTrack,-2416.0,15423.0,7309.0
2026-09-12 14:02:39.854,0 days 00:16:37.324000,,,0 days 00:00:47.191000,10997.8335488,241.05556053333333,6,100.0,False,0,pos,2691.244059283018,0.5004835726717267,OnTrack,-2310.0,15405.0,7308.0
2026-09-12 14:02:39.954,0 days 00:16:37.424000,,,0 days 00:00:47.291000,11082.0,243.0,6,100.0,False,0,car,2698.081111111111,0.5017550412008118,OnTrack,-2245.858312083267,15390.55928656847,7308.358043668989
2026-09-12 14:02:40.134,0 days 00:16:37.604000,,,0 days 00:00:47.471000,11193.15015808,246.15000448,6,100.0,False,0,pos,2710.5280401130453,0.5040697638192201,OnTrack,-2126.0,15352.0,7310.0
2026-09-12 14:02:40.354,0 days 00:16:37.824000,,,0 days 00:00:47.691000,11329.0,250.0,6,100.0,False,0,car,2725.8588888888894,0.5069208014057066,OnTrack,-1954.2636628869793,15269.237601838206,7311.44863371731
2026-09-12 14:02:40.394,0 days 00:16:37.864000,,,0 days 00:00:47.731000,11350.25,250.25,6,100.0,False,0,pos,2728.6425104139275,0.5074384641724897,OnTrack,-1927.0,15254.0,7312.0
2026-09-12 14:02:40.514,0 days 00:16:37.984000,,,0 days 00:00:47.851000,11414.0,251.0,6,100.0,False,0,car,2737.0144444444445,0.5089953707039923,OnTrack,-1858.8116308707868,15211.593057445505,7314.5119381210125
2026-09-12 14:02:40.774,0 days 00:16:38.244000,,,0 days 00:00:48.111000,11614.571626057143,255.64286171428571,6,100.0,False,0,pos,2755.494306289207,0.5124320219607388,OnTrack,-1747.0,15118.0,7322.0
2026-09-12 14:02:40.794,0 days 00:16:38.264000,,,0 days 00:00:48.131000,11630.0,256.0,6,100.0,False,0,car,2756.9255555555555,0.5126981876188608,OnTrack,-1737.4377467683598,15109.056001830744,7322.483477912247
2026-09-12 14:02:40.934,0 days 00:16:38.404000,,,0 days 00:00:48.271000,11228.3742656,257.3125024,6,100.0,False,0,pos,2766.964187971416,0.5145650456612958,OnTrack,-1666.0,15037.0,7326.0
2026-09-12 14:02:41.114,0 days 00:16:38.584000,,,0 days 00:00:48.451000,10712.0,259.0,6,100.0,False,0,car,2779.947777777778,0.5169795696766776,OnTrack,-1567.8799529056582,14911.74398684968,7334.13229507312
2026-09-12 14:02:41.214,0 days 00:16:38.684000,,,0 days 00:00:48.551000,10588.49968384,260.50000384,6,100.0,False,0,pos,2787.213861153841,0.5183308240732601,OnTrack,-1520.0,14839.0,7339.0
2026-09-12 14:02:41.314,0 days 00:16:38.784000,,,0 days 00:00:48.651000,10465.0,262.0,7,100.0,False,0,car,2794.5033333333336,0.5196864280240424,OnTrack,-1481.3380613528955,14770.329654353707,7343.347508077906
2026-09-12 14:02:41.474,0 days 00:16:38.944000,,,0 days 00:00:48.811000,10473.0,263.0,7,100.0,False,0,car,2806.192222222222,0.5218601799182621,OnTrack,-1437.5125220734503,14668.591050372785,7349.287365821535
2026-09-12 14:02:41.614,0 days 00:16:39.084000,,,0 days 00:00:48.951000,10516.933122963515,264.17154994569376,7,100.0,False,0,pos,2816.4797045855357,0.5237733159302966,OnTrack,-1408.0,14585.0,7354.0
2026-09-12 14:02:41.713,0 days 00:16:39.183000,,,0 days 00:00:49.050000,10548.0,265.0,7,100.0,False,0,car,2823.7852777777775,0.525131914144032,OnTrack,-1390.547703708699,14528.485576770392,7357.149486671039
2026-09-12 14:02:41.953,0 days 00:16:39.423000,,,0 days 00:00:49.290000,10608.0,267.0,7,100.0,False,0,car,2841.5852777777777,0.5284421332833287,OnTrack,-1362.2466323052483,14371.691852040589,7365.14943923534
2026-09-12 14:02:41.974,0 days 00:16:39.444000,,,0 days 00:00:49.311000,10619.156352,267.1312512,7,100.0,False,0,pos,2843.1487673197685,0.5287328913173729,OnTrack,-1361.0,14353.0,7366.0
2026-09-12 14:02:42.214,0 days 00:16:39.684000,,,0 days 00:00:49.551000,10746.656352,268.6312512,7,100.0,False,0,pos,2861.078246505967,0.5320671893600568,OnTrack,-1359.0,14113.0,7376.0
2026-09-12 14:02:42.273,0 days 00:16:39.743000,,,0 days 00:00:49.610000,10778.0,269.0,7,100.0,False,0,car,2865.4963888888888,0.532888819667702,OnTrack,-1360.2882326825327,14073.008129066631,7377.351597150588
2026-09-12 14:02:42.473,0 days 00:16:39.943000,,,0 days 00:00:49.810000,10709.0,270.0,7,100.0,False,0,car,2880.4963888888888,0.5356783301783451,OnTrack,-1374.261514223019,13980.092141892956,7378.71122919653
2026-09-12 14:02:42.514,0 days 00:16:39.984000,,,0 days 00:00:49.851000,10723.4781024,270.1281248,7,100.0,False,0,pos,2883.576856609436,0.5362511966506227,OnTrack,-1382.0,13949.0,7379.0
2026-09-12 14:02:42.773,0 days 00:16:40.243000,,,0 days 00:00:50.110000,10814.9375,270.9375,7,100.0,False,0,pos,2903.077304186194,0.5398776435491301,OnTrack,-1466.0,13657.0,7381.0
2026-09-12 14:02:42.793,0 days 00:16:40.263000,,,0 days 00:00:50.130000,10822.0,271.0,7,100.0,False,0,car,2904.5852777777777,0.5401580774280298,OnTrack,-1473.1578103895786,13635.789462370947,7380.925966435973
2026-09-12 14:02:43.033,0 days 00:16:40.503000,,,0 days 00:00:50.370000,10763.0,272.0,7,100.0,False,0,car,2922.7186111111105,0.543530285689785,OnTrack,-1557.860000612419,13434.780723512271,7376.349211577009
2026-09-12 14:02:43.193,0 days 00:16:40.663000,,,0 days 00:00:50.530000,10868.0,274.0,7,100.0,False,0,car,2934.8963888888884,0.5457949549636109,OnTrack,-1608.130573545618,13343.72962007402,7371.519568568462
2026-09-12 14:02:43.293,0 days 00:16:40.763000,,,0 days 00:00:50.630000,10884.25,275.25,7,100.0,False,0,pos,2942.5596827169893,0.5472200775422532,OnTrack,-1634.0,13297.0,7369.0
2026-09-12 14:02:43.353,0 days 00:16:40.823000,,,0 days 00:00:50.690000,10894.0,276.0,7,100.0,False,0,car,2947.163055555555,0.5480761546700923,OnTrack,-1647.4725426558166,13272.72000749093,7367.672489620231
2026-09-12 14:02:43.593,0 days 00:16:41.063000,,,0 days 00:00:50.930000,10894.0,276.0,7,100.0,False,0,car,2965.563055555555,0.5514979542298146,OnTrack,-1698.2605798370037,13184.674099190468,7362.981400745612
2026-09-12 14:02:43.633,0 days 00:16:41.103000,,,0 days 00:00:50.970000,10902.75,276.25,7,100.0,False,0,pos,2968.637706286914,0.5520697389319268,OnTrack,-1711.0,13164.0,7362.0
2026-09-12 14:02:43.753,0 days 00:16:41.223000,,,0 days 00:00:51.090000,10929.0,277.0,7,100.0,False,0,car,2977.8741666666665,0.5537874191526241,OnTrack,-1758.844021448315,13088.13752594846,7358.563762458646
2026-09-12 14:02:43.833,0 days 00:16:41.303000,,,0 days 00:00:51.170000,10923.57142857143,277.0,7,100.0,False,0,pos,2984.030976748825,0.5549323849150385,OnTrack,-1794.0,13034.0,7356.0
2026-09-12 14:02:44.033,0 days 00:16:41.503000,,,0 days 00:00:51.370000,10910.0,277.0,7,100.0,False,0,pos,2999.4186111111103,0.5577939827675402,OnTrack,-1882.0,12907.0,7349.0
2026-09-12 14:02:44.113,0 days 00:16:41.583000,,,0 days 00:00:51.450000,10899.659862444969,277.0,7,100.0,False,0,pos,3005.5738438381936,0.5589386551933838,OnTrack,-1920.0,12858.0,7346.0
2026-09-12 14:02:44.474,0 days 00:16:41.944000,,,0 days 00:00:51.811000,10853.0,277.0,7,100.0,False,0,car,3033.3511111111106,0.5641043204610335,OnTrack,-2173.6000337787814,12554.19538185287,7334.3494892017225
2026-09-12 14:02:44.493,0 days 00:16:41.963000,,,0 days 00:00:51.830000,10853.9500032,277.0,7,100.0,False,0,pos,3034.813077111975,0.5643761984294079,OnTrack,-2184.0,12542.0,7334.0
2026-09-12 14:02:44.634,0 days 00:16:42.104000,,,0 days 00:00:51.971000,10861.0,277.0,7,100.0,False,0,car,3045.6622222222213,0.5663937853838428,OnTrack,-2241.670225674598,12475.101093649842,7332.4881993498675
2026-09-12 14:02:44.794,0 days 00:16:42.264000,,,0 days 00:00:52.131000,10854.0,277.0,7,100.0,False,0,car,3057.973333333333,0.5686832503066522,OnTrack,-2289.4825422563526,12420.791413042818,7332.132569453966
2026-09-12 14:02:44.833,0 days 00:16:42.303000,,,0 days 00:00:52.170000,10850.29499392,277.0,7,100.0,False,0,pos,3060.9746971545533,0.5692414060350228,OnTrack,-2305.0,12403.0,7332.0
2026-09-12 14:02:44.994,0 days 00:16:42.464000,,,0 days 00:00:52.331000,10835.0,277.0,7,100.0,False,0,car,3073.362222222222,0.5715450814601639,OnTrack,-2385.075412717129,12310.722125676053,7331.251435158389
2026-09-12 14:02:45.073,0 days 00:16:42.543000,,,0 days 00:00:52.410000,10796.4874688,276.67083306666666,7,100.0,False,0,pos,3079.4327637444494,0.5726740040856004,OnTrack,-2426.0,12264.0,7331.0
2026-09-12 14:02:45.193,0 days 00:16:42.663000,,,0 days 00:00:52.530000,10737.9874688,276.17083306666666,7,100.0,False,0,pos,3088.6322485286523,0.5743848080521362,OnTrack,-2487.0,12195.0,7331.0
2026-09-12 14:02:45.234,0 days 00:16:42.704000,,,0 days 00:00:52.571000,10718.0,276.0,7,100.0,False,0,car,3091.7622222222217,0.5749668810198861,OnTrack,-2511.340993662642,12167.004977101631,7331.159888679122
2026-09-12 14:02:45.394,0 days 00:16:42.864000,,,0 days 00:00:52.731000,10527.0,273.0,7,100.0,False,0,car,3103.8955555555553,0.5772232850773842,OnTrack,-2627.7914206773526,12030.415926212923,7332.617453217103
2026-09-12 14:02:45.553,0 days 00:16:43.023000,,,0 days 00:00:52.890000,10390.25994496,269.0249984,7,100.0,False,0,pos,3115.7588926838953,0.5794294786514379,OnTrack,-2720.0,11921.0,7334.0
2026-09-12 14:02:45.594,0 days 00:16:43.064000,,,0 days 00:00:52.931000,10355.0,268.0,7,100.0,False,0,car,3118.784444444444,0.5799921325472077,OnTrack,-2734.199291112015,11904.033337382578,7334.206821395931
2026-09-12 14:02:45.793,0 days 00:16:43.263000,,,0 days 00:00:53.130000,10122.59635382857,263.7357129142857,7,100.0,False,0,pos,3133.288524219538,0.5826894180791966,OnTrack,-2776.0,11853.0,7335.0
2026-09-12 14:02:45.874,0 days 00:16:43.344000,,,0 days 00:00:53.211000,10028.0,262.0,7,100.0,True,0,car,3139.1622222222218,0.5837817342335185,OnTrack,-2806.6164433174313,11815.515298911105,7335.833530247611
2026-09-12 14:02:46.034,0 days 00:16:43.504000,,,0 days 00:00:53.371000,9655.0,258.0,7,6.0,True,0,pos,3150.628888888889,0.5859141600460991,OnTrack,-2884.0,11720.0,7338.0
2026-09-12 14:02:46.194,0 days 00:16:43.664000,,,0 days 00:00:53.531000,9263.0,238.0,7,0.0,True,0,car,3161.2066666666665,0.5878812815321229,OnTrack,-2952.851237769517,11631.933304467095,7339.714143272828
2026-09-12 14:02:46.354,0 days 00:16:43.824000,,,0 days 00:00:53.691000,8865.5,230.5,7,0.0,True,0,pos,3171.364746645208,0.5897703529233292,OnTrack,-3013.0,11550.0,7341.0
2026-09-12 14:02:46.514,0 days 00:16:43.984000,,,0 days 00:00:53.851000,8468.0,223.0,7,0.0,True,0,pos,3181.0288888888886,0.5915675680143359,OnTrack,-3066.0,11470.0,7342.0
2026-09-12 14:02:46.674,0 days 00:16:44.144000,,,0 days 00:00:54.011000,8555.6,211.0,7,0.0,True,0,pos,3190.022833667313,0.5932401482471064,OnTrack,-3113.0,11387.0,7343.0
2026-09-12 14:02:46.914,0 days 00:16:44.384000,,,0 days 00:00:54.251000,8687.0,193.0,6,0.0,True,0,car,3202.473333333333,0.5955555348925146,OnTrack,-3175.498504132868,11270.869579998745,7343.921909862993
2026-09-12 14:02:46.934,0 days 00:16:44.404000,,,0 days 00:00:54.271000,8715.571794285714,191.57141028571428,6,0.0,True,0,pos,3203.4702064436965,0.5957409207604569,OnTrack,-3180.0,11262.0,7344.0
2026-09-12 14:02:47.194,0 days 00:16:44.664000,,,0 days 00:00:54.531000,9087.0,173.0,5,0.0,True,0,pos,3215.9288888888887,0.5980578291357656,OnTrack,-3229.0,11158.0,7345.0
2026-09-12 14:02:47.354,0 days 00:16:44.824000,,,0 days 00:00:54.691000,10005.0,165.0,5,0.0,True,0,car,3223.262222222222,0.5994215898298578,OnTrack,-3257.621866339028,11093.49963524796,7345.005972547058
2026-09-12 14:02:47.374,0 days 00:16:44.844000,,,0 days 00:00:54.711000,10010.000064,164.374992,5,0.0,True,0,pos,3224.1652895081224,0.5995895308755803,OnTrack,-3262.0,11082.0,7345.0
2026-09-12 14:02:47.514,0 days 00:16:44.984000,,,0 days 00:00:54.851000,10045.0,160.0,4,0.0,True,0,car,3230.373333333333,0.6007440244423108,OnTrack,-3296.8665046948427,10980.688771508081,7344.999729777644
2026-09-12 14:02:47.534,0 days 00:16:45.004000,,,0 days 00:00:54.871000,10105.834112,159.166656,4,0.0,True,0,pos,3231.234503307478,0.600904173955266,OnTrack,-3301.0,10968.0,7345.0
2026-09-12 14:02:47.754,0 days 00:16:45.224000,,,0 days 00:00:55.091000,10775.0,150.0,4,0.0,True,0,car,3240.373333333333,0.6026036981160728,OnTrack,-3320.6382634971555,10896.834933748694,7344.963108698771
2026-09-12 14:02:47.914,0 days 00:16:45.384000,,,0 days 00:00:55.251000,10528.0,148.0,3,0.0,False,0,pos,3246.9511111111105,0.6038269501325919,OnTrack,-3324.0,10866.0,7345.0
2026-09-12 14:02:48.193,0 days 00:16:45.663000,,,0 days 00:00:55.530000,10095.0,142.0,3,0.0,False,0,car,3257.9561111111107,0.6058735210105671,OnTrack,-3329.0566822219635,10759.532315717413,7345.003234380481
2026-09-12 14:02:48.194,0 days 00:16:45.664000,,,0 days 00:00:55.531000,10096.0249344,141.982144,3,0.1035648,False,0,pos,3257.994674443286,0.605880692531929,OnTrack,-3329.0,10759.0,7345.0
2026-09-12 14:02:48.374,0 days 00:16:45.844000,,,0 days 00:00:55.711000,10280.5251968,138.7678537142857,3,18.746448457142858,False,0,pos,3264.8552941917765,0.6071565439251252,OnTrack,-3310.0,10656.0,7344.0
2026-09-12 14:02:48.473,0 days 00:16:45.943000,,,0 days 00:00:55.810000,10382.0,137.0,3,29.0,False,0,car,3268.611666666666,0.6078551066251647,OnTrack,-3299.156202318357,10617.126039996067,7343.323808473652
2026-09-12 14:02:48.753,0 days 00:16:46.223000,,,0 days 00:00:56.090000,10226.0,138.0,3,49.0,False,0,car,3279.345,0.6098511563683361,OnTrack,-3263.268629425741,10563.005558928793,7341.174365107465
2026-09-12 14:02:48.774,0 days 00:16:46.244000,,,0 days 00:00:56.111000,10270.195858618183,138.28636625454544,3,50.00228189090909,False,0,pos,3280.1637004205845,0.610003407930222,OnTrack,-3259.0,10558.0,7341.0
2026-09-12 14:02:49.014,0 days 00:16:46.484000,,,0 days 00:00:56.351000,10775.28676770909,141.55909352727272,3,61.45682734545455,False,0,pos,3289.683036698244,0.611773693836947,OnTrack,-3195.0,10489.0,7339.0
2026-09-12 14:02:49.154,0 days 00:16:46.624000,,,0 days 00:00:56.491000,11069.922592581817,143.46818094545455,3,68.1386333090909,False,0,pos,3295.3526025266133,0.612828048068215,OnTrack,-3150.0,10451.0,7338.0
2026-09-12 14:02:49.193,0 days 00:16:46.663000,,,0 days 00:00:56.530000,11152.0,144.0,3,70.0,False,0,car,3296.9449999999997,0.6131241820341573,OnTrack,-3135.0383690744065,10438.813573454727,7337.650007330317
2026-09-12 14:02:49.433,0 days 00:16:46.903000,,,0 days 00:00:56.770000,11466.0,150.0,3,77.0,False,0,pos,3306.9449999999997,0.6149838557079195,OnTrack,-3029.0,10354.0,7335.0
2026-09-12 14:02:49.793,0 days 00:16:47.263000,,,0 days 00:00:57.130000,11370.0,163.0,3,87.0,False,0,car,3323.245,0.6180151237961518,OnTrack,-2910.4470007116156,10268.462148359968,7332.410546410978
2026-09-12 14:02:49.853,0 days 00:16:47.323000,,,0 days 00:00:57.190000,11283.6,165.7,3,90.9,False,0,pos,3326.0641343321913,0.6185393907861892,OnTrack,-2889.0,10253.0,7332.0
2026-09-12 14:02:49.993,0 days 00:16:47.463000,,,0 days 00:00:57.330000,11082.0,172.0,4,100.0,False,0,car,3332.800555555555,0.6197921453066354,OnTrack,-2832.975792890768,10211.750315261856,7330.967641125412
2026-09-12 14:02:50.153,0 days 00:16:47.623000,,,0 days 00:00:57.490000,11407.777777777777,179.11111111111111,4,100.0,False,0,pos,3340.9682864280194,0.621311076714425,OnTrack,-2769.0,10164.0,7330.0
2026-09-12 14:02:50.353,0 days 00:16:47.823000,,,0 days 00:00:57.690000,11815.0,188.0,4,100.0,False,0,car,3351.6005555555553,0.6232883318133082,OnTrack,-2706.5698853274193,10117.391927169798,7329.684464586436
2026-09-12 14:02:50.613,0 days 00:16:48.083000,,,0 days 00:00:57.950000,10547.38405292733,193.5516026879095,4,100.0,False,0,pos,3365.588595024804,0.6258896506881589,OnTrack,-2624.0,10055.0,7329.0
2026-09-12 14:02:50.634,0 days 00:16:48.104000,,,0 days 00:00:57.971000,10445.0,194.0,4,100.0,False,0,car,3366.743333333333,0.6261043943314044,OnTrack,-2615.397215142841,10048.435763012267,7328.823962321095
2026-09-12 14:02:50.813,0 days 00:16:48.283000,,,0 days 00:00:58.150000,10831.64013824,201.16000256,4,100.0,False,0,pos,3376.7715405795334,0.6279693136324834,OnTrack,-2535.0,9987.0,7327.0
2026-09-12 14:02:50.834,0 days 00:16:48.304000,,,0 days 00:00:58.171000,10877.0,202.0,5,100.0,False,0,car,3377.965555555555,0.628191361454182,OnTrack,-2525.8672690376625,9980.058961849269,7326.845325156373
2026-09-12 14:02:50.994,0 days 00:16:48.464000,,,0 days 00:00:58.331000,11282.0,207.0,5,100.0,False,0,car,3387.1655555555553,0.6299022612340431,OnTrack,-2455.7497453738547,9926.811096845877,7326.155918179931
2026-09-12 14:02:51.033,0 days 00:16:48.503000,,,0 days 00:00:58.370000,11282.0,207.81250133333333,5,100.0,False,0,pos,3389.433322728723,0.6303239919250592,OnTrack,-2434.0,9910.0,7326.0
2026-09-12 14:02:51.233,0 days 00:16:48.703000,,,0 days 00:00:58.570000,11282.0,211.979168,5,100.0,False,0,pos,3401.2389302695055,0.6325194496796953,OnTrack,-2296.0,9799.0,7325.0
2026-09-12 14:02:51.234,0 days 00:16:48.704000,,,0 days 00:00:58.571000,11282.0,212.0,5,100.0,False,0,car,3401.2988888888885,0.6325306000262935,OnTrack,-2295.353646876527,9798.435858430143,7324.9946005622605
2026-09-12 14:02:51.554,0 days 00:16:49.024000,,,0 days 00:00:58.891000,11805.0,221.0,5,100.0,False,0,car,3420.943333333333,0.6361838256431951,OnTrack,-2143.055120865242,9636.31410281797,7323.257863263971
2026-09-12 14:02:51.613,0 days 00:16:49.083000,,,0 days 00:00:58.950000,11613.83979264,222.77000192,5,100.0,False,0,pos,3424.6405936305573,0.6368713954071744,OnTrack,-2124.0,9611.0,7323.0
2026-09-12 14:02:51.754,0 days 00:16:49.224000,,,0 days 00:00:59.091000,11157.0,227.0,5,100.0,False,0,car,3433.5544444444445,0.6385290807762173,OnTrack,-2087.8772554954967,9556.668107732143,7322.506716493792
2026-09-12 14:02:52.053,0 days 00:16:49.523000,,,0 days 00:00:59.390000,10768.2999168,231.15277866666668,5,100.0,False,0,pos,3452.779233970783,0.6421042642727924,OnTrack,-2036.0,9445.0,7322.0
2026-09-12 14:02:52.114,0 days 00:16:49.584000,,,0 days 00:00:59.451000,10689.0,232.0,6,100.0,False,0,car,3456.7544444444443,0.6428435236993454,OnTrack,-2024.5409575822769,9416.242630079838,7321.9777025456915
2026-09-12 14:02:52.293,0 days 00:16:49.763000,,,0 days 00:00:59.630000,10833.6917184,234.9833344,6,100.0,False,0,pos,3468.5229011320444,0.6450320726076193,OnTrack,-1990.0,9294.0,7322.0
2026-09-12 14:02:52.474,0 days 00:16:49.944000,,,0 days 00:00:59.811000,10980.0,238.0,6,100.0,False,0,pos,3480.5544444444445,0.6472695470428992,OnTrack,-1961.0,9080.0,7322.0
2026-09-12 14:02:52.714,0 days 00:16:50.184000,,,0 days 00:01:00.051000,11098.0,242.0,6,100.0,False,0,car,3496.687777777778,0.6502698205699021,OnTrack,-1953.474415299115,8972.78138675901,7322.213048750028
2026-09-12 14:02:52.834,0 days 00:16:50.304000,,,0 days 00:01:00.171000,11147.2,244.4,6,100.0,False,0,pos,3504.8635063553183,0.6517902392898497,OnTrack,-1954.0,8929.0,7322.0
2026-09-12 14:02:52.914,0 days 00:16:50.384000,,,0 days 00:01:00.251000,11180.0,246.0,6,100.0,False,0,car,3510.3544444444447,0.6528113745907103,OnTrack,-1953.5151860936094,8883.203824265882,7321.638099162778
2026-09-12 14:02:53.134,0 days 00:16:50.604000,,,0 days 00:01:00.471000,11302.3751424,248.7500032,6,100.0,False,0,pos,3525.6060967686217,0.6556476842215745,OnTrack,-1950.0,8722.0,7320.0
2026-09-12 14:02:53.234,0 days 00:16:50.704000,,,0 days 00:01:00.571000,11358.0,250.0,6,100.0,False,0,car,3532.576666666667,0.656943982754626,OnTrack,-1948.361821311712,8656.809559880576,7319.168086506152
2026-09-12 14:02:53.254,0 days 00:16:50.724000,,,0 days 00:01:00.591000,11368.8751392,250.2500032,6,100.0,False,0,pos,3533.971992140626,0.6572034677596511,OnTrack,-1948.0,8642.0,7319.0
2026-09-12 14:02:53.394,0 days 00:16:50.864000,,,0 days 00:01:00.731000,11445.0,252.0,6,100.0,False,0,car,3543.776666666667,0.6590268172692396,OnTrack,-1944.9658139613289,8511.282926271679,7317.820710981253
2026-09-12 14:02:53.494,0 days 00:16:50.964000,,,0 days 00:01:00.831000,11490.6251168,253.8750048,6,100.0,False,0,pos,3550.880436763692,0.6603478866926293,OnTrack,-1942.0,8415.0,7317.0
2026-09-12 14:02:53.714,0 days 00:16:51.184000,,,0 days 00:01:01.051000,11591.0,258.0,6,100.0,False,0,car,3566.7100000000005,0.6632916688944007,OnTrack,-1932.5396407243322,8253.839119217251,7315.313645105328
2026-09-12 14:02:53.934,0 days 00:16:51.404000,,,0 days 00:01:01.271000,11630.416712533333,258.9166677333333,6,100.0,False,0,pos,3582.5378242417337,0.6662351276999293,OnTrack,-1918.0,8131.0,7314.0
2026-09-12 14:02:53.954,0 days 00:16:51.424000,,,0 days 00:01:01.291000,11634.0,259.0,6,100.0,False,0,car,3583.976666666667,0.6665027054377632,OnTrack,-1916.3746633712722,8120.179345971337,7313.909414885361
2026-09-12 14:02:54.114,0 days 00:16:51.584000,,,0 days 00:01:01.451000,11671.0,259.0,6,100.0,False,0,car,3595.4877777777783,0.6686433964666716,OnTrack,-1901.2531619152676,8035.057664402478,7313.343932767945
2026-09-12 14:02:54.214,0 days 00:16:51.684000,,,0 days 00:01:01.551000,11665.9999872,259.0,6,100.0,False,0,pos,3602.6773322005233,0.6699804189752773,OnTrack,-1887.0,7977.0,7313.0
2026-09-12 14:02:54.394,0 days 00:16:51.864000,,,0 days 00:01:01.731000,11657.0,259.0,6,100.0,False,0,car,3615.632222222223,0.6723896057672613,OnTrack,-1848.900433799497,7856.574640658303,7312.26263461638
2026-09-12 14:02:54.514,0 days 00:16:51.984000,,,0 days 00:01:01.851000,11684.13566966491,259.60301488144245,6,96.3819107113453,False,0,pos,3624.304870210546,0.6740024352818305,OnTrack,-1817.0,7774.0,7312.0
2026-09-12 14:02:54.593,0 days 00:16:52.063000,,,0 days 00:01:01.930000,11702.0,260.0,6,94.0,False,0,car,3630.004444444445,0.6750623700972739,OnTrack,-1793.928404227028,7721.560202448489,7312.027932885351
2026-09-12 14:02:54.714,0 days 00:16:52.184000,,,0 days 00:01:02.051000,11651.0791936,258.9916672,6,86.9416704,False,0,pos,3638.68966125775,0.6766775370031358,OnTrack,-1755.0,7644.0,7312.0
2026-09-12 14:02:54.833,0 days 00:16:52.303000,,,0 days 00:01:02.170000,11601.0,258.0,6,80.0,False,0,car,3647.2044444444455,0.6782610088161447,OnTrack,-1711.839383714366,7570.633551810797,7311.3086767849145
2026-09-12 14:02:54.894,0 days 00:16:52.364000,,,0 days 00:01:02.231000,11604.558344533334,257.7458325333333,6,80.0,False,0,pos,3651.56853359469,0.6790725869864108,OnTrack,-1688.0,7534.0,7311.0
2026-09-12 14:02:55.073,0 days 00:16:52.543000,,,0 days 00:01:02.410000,11615.0,257.0,6,80.0,False,0,car,3664.3377777777782,0.6814472497105236,OnTrack,-1612.083963427519,7430.279105470914,7310.9493563197475
2026-09-12 14:02:55.134,0 days 00:16:52.604000,,,0 days 00:01:02.471000,11595.610653257143,256.3464265142857,6,79.78214217142857,False,0,pos,3668.65643810827,0.6822503796027772,OnTrack,-1585.0,7397.0,7311.0
2026-09-12 14:02:55.234,0 days 00:16:52.704000,,,0 days 00:01:02.571000,11563.825020342858,255.27500068571428,6,79.42500022857143,False,0,pos,3675.6987364721867,0.6835600172897928,OnTrack,-1538.0,7344.0,7311.0
2026-09-12 14:02:55.353,0 days 00:16:52.823000,,,0 days 00:01:02.690000,11526.0,254.0,6,79.0,False,0,car,3684.0933333333337,0.6851211383682447,OnTrack,-1464.2804655029142,7274.22971345806,7310.73951448327
2026-09-12 14:02:55.574,0 days 00:16:53.044000,,,0 days 00:01:02.911000,11505.741649066667,255.22777884444446,6,91.89167786666667,False,0,pos,3699.8088431681686,0.6880437103592038,OnTrack,-1312.0,7151.0,7310.0
2026-09-12 14:02:55.713,0 days 00:16:53.183000,,,0 days 00:01:03.050000,11493.0,256.0,6,100.0,False,0,car,3709.6933333333336,0.6898819029730757,OnTrack,-1248.3960202836536,7107.799011952152,7309.921577624471
2026-09-12 14:02:55.873,0 days 00:16:53.343000,,,0 days 00:01:03.210000,11465.0,255.2,6,100.0,False,0,pos,3721.0142720214835,0.6919872281371383,OnTrack,-1179.0,7071.0,7310.0
2026-09-12 14:02:56.093,0 days 00:16:53.563000,,,0 days 00:01:03.430000,11426.5,254.1,6,100.0,False,0,pos,3736.5087149756137,0.6948686889022789,OnTrack,-1039.0,7006.0,7310.0
2026-09-12 14:02:56.113,0 days 00:16:53.583000,,,0 days 00:01:03.450000,11423.0,254.0,6,100.0,False,0,car,3737.9155555555562,0.6951303153412488,OnTrack,-1025.3854773348403,7000.66450473341,7310.007617489033
2026-09-12 14:02:56.353,0 days 00:16:53.823000,,,0 days 00:01:03.690000,11388.0,253.0,6,100.0,False,0,car,3754.7822222222226,0.6982669649376608,OnTrack,-861.321438619532,6950.245342689998,7310.117323928762
2026-09-12 14:02:56.413,0 days 00:16:53.883000,,,0 days 00:01:03.750000,11385.6,253.0,6,100.0,False,0,pos,3758.9984651427403,0.6990510485338081,OnTrack,-823.0,6941.0,7310.0
2026-09-12 14:02:56.553,0 days 00:16:54.023000,,,0 days 00:01:03.890000,11380.0,253.0,6,100.0,False,0,car,3768.8377777777782,0.7008808396013375,OnTrack,-737.9658239917018,6924.181586502548,7309.401913813249
2026-09-12 14:02:56.633,0 days 00:16:54.103000,,,0 days 00:01:03.970000,11385.42857142857,253.0,6,100.0,False,0,pos,3774.4609969920493,0.7019265748747948,OnTrack,-670.0,6917.0,7309.0
2026-09-12 14:02:56.833,0 days 00:16:54.303000,,,0 days 00:01:04.170000,11399.0,253.0,6,100.0,False,0,car,3788.515555555556,0.704540264130485,OnTrack,-430.00043207524715,6905.60801681088,7308.09122378763
2026-09-12 14:02:56.853,0 days 00:16:54.323000,,,0 days 00:01:04.190000,11394.2,253.0,6,100.0,False,0,pos,3789.9199905465025,0.7048014432084023,OnTrack,-413.0,6905.0,7308.0
2026-09-12 14:02:57.033,0 days 00:16:54.503000,,,0 days 00:01:04.370000,11351.0,253.0,6,100.0,False,0,car,3802.571111111112,0.7071541387941617,OnTrack,-354.08597446441513,6903.637499654899,7307.183064577774
2026-09-12 14:02:57.113,0 days 00:16:54.583000,,,0 days 00:01:04.450000,11332.82825162606,253.4432133749741,6,100.0,False,0,pos,3808.225194581179,0.7082056138120153,OnTrack,-327.0,6904.0,7307.0
2026-09-12 14:02:57.313,0 days 00:16:54.783000,,,0 days 00:01:04.650000,11287.398880691215,254.5512468124094,6,100.0,False,0,pos,3822.4226550261947,0.7108458781544028,OnTrack,-185.0,6905.0,7307.0
2026-09-12 14:02:57.394,0 days 00:16:54.864000,,,0 days 00:01:04.731000,11269.0,255.0,6,100.0,True,0,car,3828.1419444444446,0.7119094793507774,OnTrack,-130.2495224508434,6905.279995019262,7306.70220078573
2026-09-12 14:02:57.513,0 days 00:16:54.983000,,,0 days 00:01:04.850000,10876.299788799999,251.0333312,6,50.41664,True,0,pos,3836.495942337714,0.7134630503460552,OnTrack,-50.0,6906.0,7306.0
2026-09-12 14:02:57.634,0 days 00:16:55.104000,,,0 days 00:01:04.971000,10477.0,247.0,6,0.0,True,0,car,3844.6086111111117,0.7149717420002392,OnTrack,51.50967416498044,6907.910082978734,7305.270366715518
2026-09-12 14:02:57.873,0 days 00:16:55.343000,,,0 days 00:01:05.210000,9580.74976,213.1416576,6,0.0,True,0,pos,3858.752477642254,0.7176020396235561,OnTrack,263.0,6916.0,7304.0
2026-09-12 14:02:57.874,0 days 00:16:55.344000,,,0 days 00:01:05.211000,9577.0,213.0,6,0.0,True,0,car,3858.8086111111115,0.7176124786169813,OnTrack,263.7098431497874,6916.049114677958,7303.995981863843
2026-09-12 14:02:58.074,0 days 00:16:55.544000,,,0 days 00:01:05.411000,8885.0,195.0,6,0.0,True,0,car,3869.641944444445,0.7196271250968902,OnTrack,373.42751061507727,6928.3335185075875,7303.4044412261555
2026-09-12 14:02:58.193,0 days 00:16:55.663000,,,0 days 00:01:05.530000,8824.0124672,186.8187456,6,0.0,True,0,pos,3875.6185804202696,0.7207385843550803,OnTrack,418.0,6936.0,7303.0
2026-09-12 14:02:58.394,0 days 00:16:55.864000,,,0 days 00:01:05.731000,8721.0,173.0,6,0.0,True,0,car,3885.0197222222223,0.7224868899463198,OnTrack,471.31657409331126,6947.743001605669,7301.922068222444
2026-09-12 14:02:58.513,0 days 00:16:55.983000,,,0 days 00:01:05.850000,8353.5873024,162.5874944,6,0.0,True,0,pos,3890.3027510823686,0.7234693609152137,OnTrack,509.0,6961.0,7301.0
2026-09-12 14:02:58.554,0 days 00:16:56.024000,,,0 days 00:01:05.891000,8227.0,159.0,5,0.0,True,0,car,3892.0863888888894,0.7238010593424451,OnTrack,525.3143616944585,6967.48932472185,7300.6274368174445
2026-09-12 14:02:58.893,0 days 00:16:56.363000,,,0 days 00:01:06.230000,9696.941944177777,147.69999786666668,5,0.0,True,0,pos,3906.008722649881,0.7263901590997095,OnTrack,689.0,7041.0,7297.0
2026-09-12 14:02:58.914,0 days 00:16:56.384000,,,0 days 00:01:06.251000,9788.0,147.0,4,0.0,True,0,car,3906.786388888889,0.7265347796428754,OnTrack,696.7050325265612,7044.704612470631,7296.802962602933
2026-09-12 14:02:59.154,0 days 00:16:56.624000,,,0 days 00:01:06.491000,9088.0,123.0,3,0.0,True,0,car,3914.986388888889,0.7280597120553602,OnTrack,756.5488577573484,7075.807808392831,7294.907612486432
2026-09-12 14:02:59.274,0 days 00:16:56.744000,,,0 days 00:01:06.611000,9502.0,120.75,3,0.0,True,0,pos,3918.907800797766,0.7287889667044518,OnTrack,785.0,7091.0,7294.0
2026-09-12 14:02:59.474,0 days 00:16:56.944000,,,0 days 00:01:06.811000,10192.0,117.0,3,0.0,True,0,car,3925.386388888889,0.7299937726760729,OnTrack,843.8392671700174,7120.634457367819,7292.359974728702
2026-09-12 14:02:59.514,0 days 00:16:56.984000,,,0 days 00:01:06.851000,10152.5,117.0,3,0.0,True,0,pos,3926.6919243032967,0.7302365596601066,OnTrack,856.0,7126.0,7292.0
2026-09-12 14:02:59.634,0 days 00:16:57.104000,,,0 days 00:01:06.971000,10034.0,117.0,2,0.0,False,0,car,3930.586388888889,0.7309608029864291,OnTrack,891.9477321630462,7139.765460669024,7290.843267459658
2026-09-12 14:02:59.834,0 days 00:16:57.304000,,,0 days 00:01:07.171000,9636.0,111.0,2,0.0,False,0,car,3936.753055555556,0.7321076017519158,OnTrack,950.0790646784501,7154.937337692315,7288.659352044959
2026-09-12 14:03:00.754,0 days 00:16:58.224000,,,0 days 00:01:08.091000,9467.0,101.0,2,38.0,False,0,car,3962.5641666666666,0.7369076261343039,OnTrack,1181.6718746669617,7095.61888867935,7280.009353186068
2026-09-12 14:03:00.794,0 days 00:16:58.264000,,,0 days 00:01:08.131000,9523.050145494642,101.2507836487456,2,39.0031345949824,False,0,pos,3963.691480816779,0.7371172697790063,OnTrack,1190.0,7088.0,7280.0
2026-09-12 14:03:00.954,0 days 00:16:58.424000,,,0 days 00:01:08.291000,9747.250727473209,102.253918243728,2,43.01567297491201,False,0,pos,3968.241413863643,0.7379634088494696,OnTrack,1222.0,7054.0,7280.0
2026-09-12 14:03:01.073,0 days 00:16:58.543000,,,0 days 00:01:08.410000,9914.0,103.0,2,46.0,False,0,car,3971.6911111111112,0.7386049399648262,OnTrack,1245.160068725695,7027.496994303498,7278.931513907163
2026-09-12 14:03:01.194,0 days 00:16:58.664000,,,0 days 00:01:08.531000,10358.6747648,106.0249984,2,51.2937472,False,0,pos,3975.2700788726584,0.7392705111773655,OnTrack,1268.0,6999.0,7278.0
2026-09-12 14:03:01.233,0 days 00:16:58.703000,,,0 days 00:01:08.570000,10502.0,107.0,2,53.0,False,0,car,3976.4466666666667,0.7394893181119041,OnTrack,1275.1508326895682,6989.280823865486,7278.00907261223
2026-09-12 14:03:01.254,0 days 00:16:58.724000,,,0 days 00:01:08.591000,10559.6630272,107.5250048,2,53.6125056,False,0,pos,3977.0857117870955,0.7396081596505849,OnTrack,1279.0,6984.0,7278.0
2026-09-12 14:03:01.473,0 days 00:16:58.943000,,,0 days 00:01:08.810000,11161.0,113.0,2,60.0,False,0,car,3983.9800000000005,0.7408902722794717,OnTrack,1319.8144144978044,6928.2602388464475,7276.010027651665
2026-09-12 14:03:01.474,0 days 00:16:58.944000,,,0 days 00:01:08.811000,11164.80475648,113.03499776,2,60.04499712,False,0,pos,3984.01244864874,0.7408963066692527,OnTrack,1320.0,6928.0,7276.0
2026-09-12 14:03:01.673,0 days 00:16:59.143000,,,0 days 00:01:09.010000,11922.0,120.0,2,69.0,False,0,car,3990.6466666666674,0.7421300547286465,OnTrack,1357.6084643817642,6873.499445106303,7274.226952333672
2026-09-12 14:03:01.694,0 days 00:16:59.164000,,,0 days 00:01:09.031000,11858.999424,120.84000768,2,70.47001344,False,0,pos,3991.3673908851415,0.7422640859141604,OnTrack,1362.0,6867.0,7274.0
2026-09-12 14:03:01.873,0 days 00:16:59.343000,,,0 days 00:01:09.210000,11322.0,128.0,2,83.0,False,0,car,3997.7577777777783,0.7434524893410994,OnTrack,1404.114435862564,6804.033917783828,7271.48862148016
2026-09-12 14:03:02.054,0 days 00:16:59.524000,,,0 days 00:01:09.391000,11160.00482816,141.5750144,2,97.48001536,False,0,pos,4004.935317942271,0.7447872775897272,OnTrack,1451.0,6732.0,7269.0
2026-09-12 14:03:02.073,0 days 00:16:59.543000,,,0 days 00:01:09.410000,11143.0,143.0,3,99.0,False,0,car,4005.7022222222226,0.7449298967596993,OnTrack,1455.9235080467151,6724.26960140609,7268.806638588026
2026-09-12 14:03:02.313,0 days 00:16:59.783000,,,0 days 00:01:09.650000,10583.0,147.0,3,100.0,False,0,car,4015.502222222223,0.7467523769599862,OnTrack,1516.7307491642998,6626.3490018032835,7267.3725636152985
2026-09-12 14:03:02.414,0 days 00:16:59.884000,,,0 days 00:01:09.751000,10454.72975616,152.55501056,3,100.0,False,0,pos,4019.8596768407347,0.7475627213238522,OnTrack,1537.0,6593.0,7267.0
2026-09-12 14:03:02.513,0 days 00:16:59.983000,,,0 days 00:01:09.850000,10329.0,158.0,4,100.0,False,0,car,4024.28,0.7483847571847329,OnTrack,1552.3867179368958,6567.332148379957,7266.665184728759
2026-09-12 14:03:02.673,0 days 00:17:00.143000,,,0 days 00:01:10.010000,10798.0,168.0,4,100.0,False,0,car,4031.7466666666674,0.7497733135278086,OnTrack,1573.052729329624,6531.912191102431,7266.176424538202
2026-09-12 14:03:02.733,0 days 00:17:00.203000,,,0 days 00:01:10.070000,10895.5,172.2,4,100.0,False,0,pos,4034.7034625656593,0.750323181077013,OnTrack,1584.0,6513.0,7266.0
2026-09-12 14:03:02.873,0 days 00:17:00.343000,,,0 days 00:01:10.210000,11123.0,182.0,4,100.0,False,0,car,4041.8577777777778,0.7516536502423902,OnTrack,1617.8066778190032,6454.462574381456,7265.598008850915
2026-09-12 14:03:02.993,0 days 00:17:00.463000,,,0 days 00:01:10.330000,10662.125,184.25,4,100.0,False,0,pos,4048.070928949007,0.7528090936088141,OnTrack,1649.0,6400.0,7265.0
2026-09-12 14:03:03.193,0 days 00:17:00.663000,,,0 days 00:01:10.530000,9894.0,188.0,4,100.0,False,0,car,4058.5688888888894,0.754761371581655,OnTrack,1698.4601787432832,6311.796659090833,7263.182357722048
2026-09-12 14:03:03.213,0 days 00:17:00.683000,,,0 days 00:01:10.550000,9933.0,188.5,4,100.0,False,0,pos,4059.6292149513692,0.7549585576280546,OnTrack,1705.0,6300.0,7263.0
2026-09-12 14:03:03.433,0 days 00:17:00.903000,,,0 days 00:01:10.770000,10362.0,194.0,5,100.0,False,0,car,4071.5022222222224,0.7571665495330538,OnTrack,1797.160708405676,6133.015187826272,7261.319199827598
2026-09-12 14:03:03.493,0 days 00:17:00.963000,,,0 days 00:01:10.830000,10425.809533069863,196.17687106421712,5,100.0,False,0,pos,4074.861326044317,0.7577912332275921,OnTrack,1816.0,6099.0,7261.0
2026-09-12 14:03:03.773,0 days 00:17:01.243000,,,0 days 00:01:11.110000,10723.587354062563,206.3356026972303,5,100.0,False,0,pos,4091.214215603001,0.7608323370478145,OnTrack,1855.0,6030.0,7260.0
2026-09-12 14:03:03.874,0 days 00:17:01.344000,,,0 days 00:01:11.211000,10831.0,210.0,5,100.0,False,0,car,4097.227222222223,0.7619505600588069,OnTrack,1882.194394018355,5981.117069709031,7259.351460107726
2026-09-12 14:03:03.933,0 days 00:17:01.403000,,,0 days 00:01:11.270000,10901.4313264,210.921876,5,100.0,False,0,pos,4100.752297800914,0.7626061090839783,OnTrack,1900.0,5949.0,7259.0
2026-09-12 14:03:04.194,0 days 00:17:01.664000,,,0 days 00:01:11.531000,11213.0,215.0,5,100.0,False,0,car,4116.338333333334,0.7655046030797745,OnTrack,1974.7542648235112,5814.053824526591,7258.181459228948
2026-09-12 14:03:04.233,0 days 00:17:01.703000,,,0 days 00:01:11.570000,11151.929445236363,214.37954443636363,5,91.57953163636364,False,0,pos,4118.635621506666,0.7659318237134737,OnTrack,1986.0,5794.0,7258.0
2026-09-12 14:03:04.393,0 days 00:17:01.863000,,,0 days 00:01:11.730000,10901.383990690909,211.8340898909091,5,57.03407709090909,False,0,pos,4127.954974498253,0.7676649192549687,OnTrack,2033.0,5711.0,7257.0
2026-09-12 14:03:04.593,0 days 00:17:02.063000,,,0 days 00:01:11.930000,10588.20217250909,208.6522717090909,5,13.852258909090908,False,0,pos,4139.424225228576,0.7697978256190644,OnTrack,2092.0,5608.0,7256.0
2026-09-12 14:03:04.634,0 days 00:17:02.104000,,,0 days 00:01:11.971000,10524.0,208.0,5,5.0,True,0,car,4141.7605555555565,0.7702323068192942,OnTrack,2104.1115745350935,5587.568890629459,7255.736680071687
2026-09-12 14:03:04.794,0 days 00:17:02.264000,,,0 days 00:01:12.131000,10241.0,203.0,5,7.0,True,0,car,4150.782777777778,0.771910145733844,OnTrack,2151.5900658605997,5510.715233208742,7254.478250137238
2026-09-12 14:03:04.893,0 days 00:17:02.363000,,,0 days 00:01:12.230000,10209.178550857143,199.46428342857143,5,15.132148114285714,True,0,pos,4156.166763269629,0.7729113913417551,OnTrack,2182.0,5466.0,7254.0
2026-09-12 14:03:05.074,0 days 00:17:02.544000,,,0 days 00:01:12.411000,10151.0,193.0,5,30.0,False,0,car,4165.793888888889,0.7747017225485691,OnTrack,2240.5728279548575,5390.436452717786,7253.991643834009
2026-09-12 14:03:05.093,0 days 00:17:02.563000,,,0 days 00:01:12.430000,10143.0437232,193.1187504,5,31.5437552,False,0,pos,4166.81396659609,0.7748914237142962,OnTrack,2247.0,5383.0,7254.0
2026-09-12 14:03:05.193,0 days 00:17:02.663000,,,0 days 00:01:12.530000,10101.1687232,193.7437504,5,39.6687552,False,0,pos,4172.210368914952,0.775894978446838,OnTrack,2283.0,5345.0,7254.0
2026-09-12 14:03:05.234,0 days 00:17:02.704000,,,0 days 00:01:12.571000,10084.0,194.0,5,43.0,False,0,car,4174.416111111112,0.7763051745161683,OnTrack,2300.5431147227064,5329.322923790291,7253.990230725509
2026-09-12 14:03:05.394,0 days 00:17:02.864000,,,0 days 00:01:12.731000,10110.0,192.0,5,41.0,False,0,car,4182.949444444444,0.7778920960511119,OnTrack,2386.9837555239424,5266.7594935886345,7253.919192704385
2026-09-12 14:03:05.554,0 days 00:17:03.024000,,,0 days 00:01:12.891000,10128.285714285714,191.42857142857142,5,47.857142857142854,False,0,pos,4191.429870163262,0.7794691784962701,OnTrack,2481.0,5217.0,7254.0
2026-09-12 14:03:05.674,0 days 00:17:03.144000,,,0 days 00:01:13.011000,10142.0,191.0,5,53.0,False,0,car,4197.805,0.7806547446086897,OnTrack,2547.832178804238,5194.251657965666,7254.244203810631
2026-09-12 14:03:05.894,0 days 00:17:03.364000,,,0 days 00:01:13.231000,10248.70012416,192.65000192,5,59.05000704,False,0,pos,4209.598999926395,0.7828480437258365,OnTrack,2659.0,5176.0,7255.0
2026-09-12 14:03:06.074,0 days 00:17:03.544000,,,0 days 00:01:13.411000,10336.0,194.0,5,64.0,False,0,car,4219.360555555556,0.784663374527688,OnTrack,2734.407059783277,5170.542648454821,7255.768203201189
2026-09-12 14:03:06.334,0 days 00:17:03.804000,,,0 days 00:01:13.671000,10422.9375856,197.2500032,5,66.4375024,False,0,pos,4233.643308424491,0.7873195004776088,OnTrack,2846.0,5176.0,7257.0
2026-09-12 14:03:06.394,0 days 00:17:03.864000,,,0 days 00:01:13.731000,10443.0,198.0,5,67.0,False,0,car,4236.960555555555,0.7879364001935092,OnTrack,2878.3355894451024,5179.342232723573,7257.281627865302
2026-09-12 14:03:06.514,0 days 00:17:03.984000,,,0 days 00:01:13.851000,10504.2,198.9,5,70.6,False,0,pos,4243.6135892379425,0.789173647352488,OnTrack,2947.0,5188.0,7258.0
2026-09-12 14:03:06.714,0 days 00:17:04.184000,,,0 days 00:01:14.051000,10606.2,200.4,5,76.6,False,0,pos,4254.778631983163,0.7912499809584593,OnTrack,3059.0,5206.0,7260.0
2026-09-12 14:03:06.794,0 days 00:17:04.264000,,,0 days 00:01:14.131000,10647.0,201.0,5,79.0,False,0,car,4259.293888888889,0.7920896713982446,OnTrack,3107.3047735087225,5213.611366833344,7260.4766370969355
2026-09-12 14:03:06.994,0 days 00:17:04.464000,,,0 days 00:01:14.331000,10802.714285714286,204.57142857142858,5,75.42857142857143,False,0,pos,4270.711111699439,0.7942129022670702,OnTrack,3239.0,5232.0,7261.0
2026-09-12 14:03:07.074,0 days 00:17:04.544000,,,0 days 00:01:14.411000,10865.0,206.0,5,74.0,False,0,car,4275.316111111111,0.7950692818844278,OnTrack,3295.4402596889886,5238.348865782858,7261.3120048316705
2026-09-12 14:03:07.354,0 days 00:17:04.824000,,,0 days 00:01:14.691000,10982.0,209.0,5,63.0,False,0,car,4291.571666666667,0.7980922847563322,OnTrack,3484.4467721747615,5254.055672190776,7262.806357463835
2026-09-12 14:03:07.394,0 days 00:17:04.864000,,,0 days 00:01:14.731000,10995.065322431254,209.40200992096163,5,64.2060297628849,False,0,pos,4293.912539830615,0.7985276107759932,OnTrack,3503.0,5255.0,7263.0
2026-09-12 14:03:07.553,0 days 00:17:05.023000,,,0 days 00:01:14.890000,11047.0,211.0,5,69.0,False,0,car,4303.235277777778,0.8002613358087655,OnTrack,3553.4718352809155,5255.2036361370465,7263.677257244064
2026-09-12 14:03:07.634,0 days 00:17:05.104000,,,0 days 00:01:14.971000,11035.750008888888,210.55000035555557,5,63.15000462222222,False,0,pos,4307.961226365551,0.801140208025989,OnTrack,3584.0,5253.0,7264.0
2026-09-12 14:03:07.913,0 days 00:17:05.383000,,,0 days 00:01:15.250000,10997.0,209.0,5,43.0,False,0,car,4324.135277777777,0.8041480537869281,OnTrack,3758.784534177607,5233.219364042179,7264.967528610004
2026-09-12 14:03:07.934,0 days 00:17:05.404000,,,0 days 00:01:15.271000,10988.24992,208.9124992,5,43.2625024,False,0,pos,4325.3509608253125,0.8043741311628421,OnTrack,3772.0,5231.0,7265.0
2026-09-12 14:03:08.153,0 days 00:17:05.623000,,,0 days 00:01:15.490000,10897.0,208.0,5,46.0,False,0,car,4338.001944444444,0.8067268012812117,OnTrack,3896.4528900003324,5202.2134723847,7264.9990203857105
2026-09-12 14:03:08.174,0 days 00:17:05.644000,,,0 days 00:01:15.511000,10892.874962285714,207.84999862857143,5,46.82500754285714,False,0,pos,4339.208596173961,0.8069511991266898,OnTrack,3908.0,5199.0,7265.0
2026-09-12 14:03:08.254,0 days 00:17:05.724000,,,0 days 00:01:15.591000,10877.160676571428,207.27857005714284,5,49.96786468571428,False,0,pos,4343.792788757116,0.8078037093529247,OnTrack,3952.0,5186.0,7265.0
2026-09-12 14:03:08.433,0 days 00:17:05.903000,,,0 days 00:01:15.770000,10842.0,206.0,5,57.0,False,0,car,4354.024166666666,0.8097064117673948,OnTrack,4048.1785518149345,5150.643097766059,7264.344285471964
2026-09-12 14:03:08.514,0 days 00:17:05.984000,,,0 days 00:01:15.851000,10826.0531376,206.2531248,5,55.9875008,False,0,pos,4358.669332704216,0.8105702610664233,OnTrack,4089.0,5133.0,7264.0
2026-09-12 14:03:08.753,0 days 00:17:06.223000,,,0 days 00:01:16.090000,10779.0,207.0,5,53.0,False,0,car,4372.424166666667,0.8131282113271172,OnTrack,4202.866447677824,5070.412056769944,7263.237455975987
2026-09-12 14:03:08.794,0 days 00:17:06.264000,,,0 days 00:01:16.131000,10814.7468192,207.1281248,5,54.4093728,False,0,pos,4374.787800838386,0.8135677701514722,OnTrack,4226.0,5053.0,7263.0
2026-09-12 14:03:09.033,0 days 00:17:06.503000,,,0 days 00:01:16.370000,11023.125,207.875,5,62.625,False,0,pos,4388.594208648755,0.8161353114648888,OnTrack,4371.0,4923.0,7261.0
2026-09-12 14:03:09.073,0 days 00:17:06.543000,,,0 days 00:01:16.410000,11058.0,208.0,5,64.0,False,0,car,4390.913055555555,0.8165665413194949,OnTrack,4386.059022552577,4907.868763428007,7260.7560466734285
2026-09-12 14:03:09.293,0 days 00:17:06.763000,,,0 days 00:01:16.630000,11076.857142857143,209.57142857142858,5,74.21428571428571,False,0,pos,4403.723451042018,0.8189488568431607,OnTrack,4428.0,4851.0,7260.0
2026-09-12 14:03:09.353,0 days 00:17:06.823000,,,0 days 00:01:16.690000,11082.0,210.0,5,77.0,False,0,car,4407.246388888888,0.819604008319973,OnTrack,4442.935589771309,4826.466788827744,7259.823107859587
2026-09-12 14:03:09.593,0 days 00:17:07.063000,,,0 days 00:01:16.930000,11165.0,213.0,5,63.0,False,0,pos,4421.446388888889,0.8222447449367153,OnTrack,4517.0,4696.0,7259.0
2026-09-12 14:03:09.793,0 days 00:17:07.263000,,,0 days 00:01:17.130000,11286.42857142857,213.0,5,64.42857142857143,False,0,pos,4433.241395954115,0.8244382313488193,OnTrack,4563.0,4587.0,7258.0
2026-09-12 14:03:09.873,0 days 00:17:07.343000,,,0 days 00:01:17.210000,11335.0,213.0,5,65.0,False,0,car,4438.013055555554,0.8253256043229144,OnTrack,4583.77759028489,4520.843537324006,7257.619952702951
2026-09-12 14:03:10.053,0 days 00:17:07.523000,,,0 days 00:01:17.390000,11538.0,217.0,5,82.5,False,0,pos,4448.94945438983,0.8273594176227009,OnTrack,4627.0,4366.0,7257.0
2026-09-12 14:03:10.233,0 days 00:17:07.703000,,,0 days 00:01:17.570000,11741.0,221.0,5,100.0,False,0,car,4460.113055555555,0.8294354831419286,OnTrack,4639.60339590777,4315.085303085092,7256.976911287885
2026-09-12 14:03:10.293,0 days 00:17:07.763000,,,0 days 00:01:17.630000,11813.418964176593,222.1970076723404,5,100.0,False,0,pos,4463.873645610095,0.8301348301741527,OnTrack,4644.0,4294.0,7257.0
2026-09-12 14:03:10.493,0 days 00:17:07.963000,,,0 days 00:01:17.830000,12054.815511431902,226.1870332468083,5,100.0,False,0,pos,4476.551251631606,0.8324924511906058,OnTrack,4670.0,4171.0,7257.0
2026-09-12 14:03:10.634,0 days 00:17:08.104000,,,0 days 00:01:17.971000,12225.0,229.0,5,100.0,False,0,car,4485.621111111111,0.8341791490804815,OnTrack,4686.240167713776,4096.643525225103,7256.9966695100875
2026-09-12 14:03:10.833,0 days 00:17:08.303000,,,0 days 00:01:18.170000,11290.410413714286,233.9750016,5,100.0,False,0,pos,4498.611697077252,0.836594974153279,OnTrack,4711.0,3956.0,7257.0
2026-09-12 14:03:10.914,0 days 00:17:08.384000,,,0 days 00:01:18.251000,10910.0,236.0,6,100.0,False,0,car,4503.9766666666665,0.8375926834238759,OnTrack,4725.505214629729,3855.2026692428603,7257.000346951897
2026-09-12 14:03:10.993,0 days 00:17:08.463000,,,0 days 00:01:18.330000,10935.110734628572,237.9750016,6,100.0,False,0,pos,4509.256788785725,0.8385746138337822,OnTrack,4739.0,3758.0,7257.0
2026-09-12 14:03:11.194,0 days 00:17:08.664000,,,0 days 00:01:18.531000,10999.0,243.0,6,100.0,False,0,car,4522.876666666666,0.8411074666672863,OnTrack,4756.628152980411,3627.929365104074,7256.995773078085
2026-09-12 14:03:11.473,0 days 00:17:08.943000,,,0 days 00:01:18.810000,11179.715950545455,246.80454632727273,6,100.0,False,0,pos,4542.107872761432,0.8446838434361993,OnTrack,4769.0,3528.0,7257.0
2026-09-12 14:03:11.634,0 days 00:17:09.104000,,,0 days 00:01:18.971000,11284.0,249.0,6,100.0,False,0,car,4553.3099999999995,0.8467670735477689,OnTrack,4787.778277180012,3383.641441625946,7257.013526834103
2026-09-12 14:03:11.693,0 days 00:17:09.163000,,,0 days 00:01:19.030000,11307.6000256,249.63214354285714,6,100.0,False,0,pos,4557.426289818334,0.8475325691286419,OnTrack,4794.0,3335.0,7257.0
2026-09-12 14:03:11.914,0 days 00:17:09.384000,,,0 days 00:01:19.251000,11396.0,252.0,6,100.0,False,0,car,4572.91,0.8504120339483426,OnTrack,4807.589203144387,3220.1273150944717,7256.842368466021
2026-09-12 14:03:12.033,0 days 00:17:09.503000,,,0 days 00:01:19.370000,11420.09751296,253.19000064,6,100.0,False,0,pos,4581.304585699197,0.8519731529510363,OnTrack,4817.0,3138.0,7257.0
2026-09-12 14:03:12.274,0 days 00:17:09.744000,,,0 days 00:01:19.611000,11468.9,255.6,6,100.0,False,0,pos,4598.472627018209,0.8551658483981393,OnTrack,4847.0,2884.0,7258.0
2026-09-12 14:03:12.314,0 days 00:17:09.784000,,,0 days 00:01:19.651000,11477.0,256.0,6,100.0,False,0,car,4601.354444444443,0.8557017723981547,OnTrack,4850.670023127145,2853.5893720014606,7258.1160056022245
2026-09-12 14:03:12.514,0 days 00:17:09.984000,,,0 days 00:01:19.851000,11460.0,258.0,6,100.0,True,0,car,4615.687777777777,0.8583673046638804,OnTrack,4860.9619554934225,2772.8961652194434,7258.261435905518
2026-09-12 14:03:12.614,0 days 00:17:10.084000,,,0 days 00:01:19.951000,11131.590068363636,250.4999808,6,77.27266909090909,True,0,pos,4622.392425862768,0.85961415041743,OnTrack,4867.0,2728.0,7258.0
2026-09-12 14:03:12.834,0 days 00:17:10.304000,,,0 days 00:01:20.171000,10409.09090909091,234.0,6,27.272727272727277,True,0,pos,4635.975522144429,0.8621401630737482,OnTrack,4887.0,2580.0,7257.0
2026-09-12 14:03:12.954,0 days 00:17:10.424000,,,0 days 00:01:20.291000,10015.0,225.0,6,0.0,True,0,car,4643.187777777777,0.8634814072667263,OnTrack,4897.901509148532,2502.567221887767,7257.1663183937335
2026-09-12 14:03:13.114,0 days 00:17:10.584000,,,0 days 00:01:20.451000,8895.0,211.0,6,0.0,True,0,car,4652.565555555555,0.8652253679118986,OnTrack,4912.16853172775,2411.084756937955,7257.921517609634
2026-09-12 14:03:13.174,0 days 00:17:10.644000,,,0 days 00:01:20.511000,8790.59955456,201.9999616,6,0.0,True,0,pos,4655.768288068396,0.8658209716457217,OnTrack,4918.0,2380.0,7258.0
2026-09-12 14:03:13.194,0 days 00:17:10.664000,,,0 days 00:01:20.531000,8755.8,199.0,6,0.0,True,0,pos,4656.789842220801,0.8660109473820768,OnTrack,4920.0,2370.0,7258.0
2026-09-12 14:03:13.314,0 days 00:17:10.784000,,,0 days 00:01:20.651000,8547.0,181.0,6,0.0,True,0,car,4662.621111111111,0.8670953731060705,OnTrack,4931.158523305932,2309.8765631351093,7258.237681530354
2026-09-12 14:03:13.514,0 days 00:17:10.984000,,,0 days 00:01:20.851000,9300.333333333334,166.0,6,0.0,True,0,pos,4671.717734598217,0.8687870482279804,OnTrack,4947.0,2215.0,7259.0
2026-09-12 14:03:13.554,0 days 00:17:11.024000,,,0 days 00:01:20.891000,9451.0,163.0,5,0.0,True,0,car,4673.487777777777,0.8691162184982254,OnTrack,4949.896448825811,2198.1814084143125,7259.076369139458
2026-09-12 14:03:13.714,0 days 00:17:11.184000,,,0 days 00:01:21.051000,9631.0,154.0,5,0.0,True,0,car,4680.332222222221,0.8703890618127114,OnTrack,4962.04746842729,2132.522595163236,7259.052736890984
2026-09-12 14:03:13.734,0 days 00:17:11.204000,,,0 days 00:01:21.071000,9666.146883977404,151.7405574585955,5,0.0,True,0,pos,4681.115190356171,0.8705346683353214,OnTrack,4964.0,2123.0,7259.0
2026-09-12 14:03:13.953,0 days 00:17:11.423000,,,0 days 00:01:21.290000,10051.0,127.0,5,0.0,True,0,car,4688.763611111111,0.8719570250077031,OnTrack,4988.913507304843,2010.383125134221,7258.00284966041
2026-09-12 14:03:13.954,0 days 00:17:11.424000,,,0 days 00:01:21.291000,10049.5188448,126.968752,5,0.0,True,0,pos,4688.797765468128,0.871963376603562,OnTrack,4989.0,2010.0,7258.0
2026-09-12 14:03:14.113,0 days 00:17:11.583000,,,0 days 00:01:21.450000,9814.0,122.0,3,0.0,True,0,car,4694.185833333333,0.8729653813996986,OnTrack,4997.287918622123,1973.3698420685678,7257.93489648951
2026-09-12 14:03:14.254,0 days 00:17:11.724000,,,0 days 00:01:21.591000,9384.452986514285,113.94284617142857,3,0.0,True,0,pos,4698.500263322272,0.8737677245864706,OnTrack,5004.0,1950.0,7258.0
2026-09-12 14:03:14.393,0 days 00:17:11.863000,,,0 days 00:01:21.730000,8961.0,106.0,2,0.0,True,0,car,4702.4302777777775,0.8744985790285114,OnTrack,5017.01389518717,1909.4980579986454,7257.745489765553
2026-09-12 14:03:14.614,0 days 00:17:12.084000,,,0 days 00:01:21.951000,8222.7212336,98.4031184,2,0.0,True,0,pos,4708.372984613575,0.875603728573853,OnTrack,5047.0,1832.0,7257.0
2026-09-12 14:03:14.713,0 days 00:17:12.183000,,,0 days 00:01:22.050000,7892.0,95.0,2,0.0,True,0,car,4710.874722222222,0.8760689701307993,OnTrack,5062.029730053132,1804.6378156542817,7256.703148805173
2026-09-12 14:03:14.993,0 days 00:17:12.463000,,,0 days 00:01:22.330000,7422.0,84.0,2,0.0,True,0,car,4717.408055555556,0.8772839569309907,OnTrack,5102.014268199566,1752.5292039925885,7256.036830524115
2026-09-12 14:03:15.014,0 days 00:17:12.484000,,,0 days 00:01:22.351000,7420.8187392,83.671872,2,0.0,True,0,pos,4717.879688908399,0.8773716653439858,OnTrack,5104.0,1750.0,7256.0
2026-09-12 14:03:15.313,0 days 00:17:12.783000,,,0 days 00:01:22.650000,7404.0,79.0,2,0.0,False,0,car,4724.430277777778,0.8785898611107882,OnTrack,5128.614584818929,1727.9466171113163,7255.873301500202
2026-09-12 14:03:15.354,0 days 00:17:12.824000,,,0 days 00:01:22.691000,7329.687616,78.4875008,2,0.0,False,0,pos,4725.313239340419,0.8787540631480869,OnTrack,5138.0,1724.0,7256.0
2026-09-12 14:03:15.473,0 days 00:17:12.943000,,,0 days 00:01:22.810000,7114.0,77.0,2,0.0,False,0,car,4727.852500000001,0.8792262827680313,OnTrack,5177.690055859757,1709.3399885969748,7256.616408127874
2026-09-12 14:03:15.554,0 days 00:17:13.024000,,,0 days 00:01:22.891000,7119.3156208,76.4937504,2,3.796872,False,0,pos,4729.550627568327,0.8795420790813817,OnTrack,5204.0,1701.0,7257.0
2026-09-12 14:03:15.793,0 days 00:17:13.263000,,,0 days 00:01:23.130000,7135.0,75.0,2,15.0,False,0,car,4734.519166666668,0.880466065217206,OnTrack,5240.084851948885,1698.762374108777,7257.126575550231
2026-09-12 14:03:15.933,0 days 00:17:13.403000,,,0 days 00:01:23.270000,7368.5,76.5,2,19.5,False,0,pos,4737.53163473418,0.8810262859730263,OnTrack,5254.0,1703.0,7257.0
2026-09-12 14:03:16.073,0 days 00:17:13.543000,,,0 days 00:01:23.410000,7602.0,78.0,2,24.0,False,0,car,4740.585833333334,0.881594267245955,OnTrack,5273.6492337867785,1706.2264533700848,7256.979681228153
2026-09-12 14:03:16.213,0 days 00:17:13.683000,,,0 days 00:01:23.550000,7673.75,78.58333333333333,2,31.583333333333332,False,0,pos,4743.637980865532,0.8821618670873616,OnTrack,5312.0,1721.0,7257.0
2026-09-12 14:03:16.313,0 days 00:17:13.783000,,,0 days 00:01:23.650000,7725.0,79.0,2,37.0,False,0,car,4745.852500000001,0.882573695380803,OnTrack,5356.081238668268,1744.6002772908128,7257.000315071854
2026-09-12 14:03:16.333,0 days 00:17:13.803000,,,0 days 00:01:23.670000,7790.357142857143,79.35714285714286,2,37.5,False,0,pos,4746.301569055789,0.8826572075708778,OnTrack,5364.0,1749.0,7257.0
2026-09-12 14:03:16.593,0 days 00:17:14.063000,,,0 days 00:01:23.930000,8640.0,84.0,2,44.0,False,0,car,4752.385833333335,0.8837886821809943,OnTrack,5405.028418295478,1774.3241083716148,7256.999311213255
2026-09-12 14:03:16.773,0 days 00:17:14.243000,,,0 days 00:01:24.110000,9055.346334022619,89.48476551530469,2,49.48476551530469,False,0,pos,4757.011120136582,0.8846488345911542,OnTrack,5426.0,1790.0,7257.0
2026-09-12 14:03:16.954,0 days 00:17:14.424000,,,0 days 00:01:24.291000,9473.0,95.0,2,55.0,False,0,car,4761.912222222223,0.8855602796432629,OnTrack,5477.899950723713,1824.3502967856894,7257.000066931357
2026-09-12 14:03:17.073,0 days 00:17:14.543000,,,0 days 00:01:24.410000,9903.100231314285,98.40000182857143,2,61.80000365714286,False,0,pos,4765.207643867374,0.8861731205310063,OnTrack,5513.0,1846.0,7257.0
2026-09-12 14:03:17.234,0 days 00:17:14.704000,,,0 days 00:01:24.571000,10485.0,103.0,2,71.0,False,0,car,4769.923333333334,0.8870500848863545,OnTrack,5547.191168410887,1863.9477774146503,7256.999980987274
2026-09-12 14:03:17.394,0 days 00:17:14.864000,,,0 days 00:01:24.731000,11217.0,116.0,2,74.0,False,0,car,4775.078888888889,0.8880088499803829,OnTrack,5580.021957396309,1875.4971940484122,7256.999999076851
2026-09-12 14:03:17.413,0 days 00:17:14.883000,,,0 days 00:01:24.750000,11258.404306133334,116.31666773333333,2,74.87083626666667,False,0,pos,4775.700155225775,0.888124385245493,OnTrack,5585.0,1877.0,7257.0
2026-09-12 14:03:17.573,0 days 00:17:15.043000,,,0 days 00:01:24.910000,11607.0709728,118.9833344,2,82.2041696,False,0,pos,4780.975259767645,0.889105382549779,OnTrack,5635.0,1890.0,7257.0
2026-09-12 14:03:17.634,0 days 00:17:15.104000,,,0 days 00:01:24.971000,11740.0,120.0,2,85.0,False,0,car,4783.078888888889,0.8894965889193925,OnTrack,5656.536724946864,1894.1344584541332,7256.999999727841
2026-09-12 14:03:17.833,0 days 00:17:15.303000,,,0 days 00:01:25.170000,10550.263903085714,129.9500032,2,95.66071771428571,False,0,pos,4790.407216054179,0.8908594186295931,OnTrack,5737.0,1905.0,7257.0
2026-09-12 14:03:17.914,0 days 00:17:15.384000,,,0 days 00:01:25.251000,10066.0,134.0,3,100.0,False,0,car,4793.501111111112,0.8914347821482691,OnTrack,5776.0057955628445,1909.5983901564339,7256.999999241523
2026-09-12 14:03:18.013,0 days 00:17:15.483000,,,0 days 00:01:25.350000,10331.32017152,136.97000192,3,100.0,False,0,pos,4797.325472899738,0.892145988641994,OnTrack,5822.0,1915.0,7257.0
2026-09-12 14:03:18.114,0 days 00:17:15.584000,,,0 days 00:01:25.451000,10602.0,140.0,3,100.0,False,0,car,4801.278888888889,0.8928811950056396,OnTrack,5858.5613604760565,1919.658829988326,7257.000005257009
2026-09-12 14:03:18.173,0 days 00:17:15.643000,,,0 days 00:01:25.510000,10681.6500864,141.18000128,3,100.0,False,0,pos,4803.614016415305,0.8933154525242147,OnTrack,5884.0,1923.0,7257.0
2026-09-12 14:03:18.314,0 days 00:17:15.784000,,,0 days 00:01:25.651000,10872.0,144.0,3,100.0,False,0,car,4809.278888888889,0.8943689339446492,OnTrack,5974.36494326405,1934.7997856630607,7256.999945597407
2026-09-12 14:03:18.413,0 days 00:17:15.883000,,,0 days 00:01:25.750000,10956.1500544,146.4750016,3,100.0,False,0,pos,4813.33714874965,0.8951236378470833,OnTrack,6038.0,1943.0,7257.0
2026-09-12 14:03:18.474,0 days 00:17:15.944000,,,0 days 00:01:25.811000,11008.0,148.0,3,100.0,False,0,car,4815.8566666666675,0.8955921859611684,OnTrack,6069.551645425565,1946.9859137410554,7257.000111549544
2026-09-12 14:03:18.834,0 days 00:17:16.304000,,,0 days 00:01:26.171000,10231.0,148.0,3,0.0,True,0,car,4830.656666666668,0.8983445029983363,OnTrack,6165.904542949905,1957.7975096481014,7257.00089255867
2026-09-12 14:03:18.934,0 days 00:17:16.404000,,,0 days 00:01:26.271000,9892.070560914286,144.0714185142857,3,0.0,True,0,pos,4834.573565381181,0.8990729183405537,OnTrack,6196.0,1961.0,7257.0
2026-09-12 14:03:19.114,0 days 00:17:16.584000,,,0 days 00:01:26.451000,9282.0,137.0,3,0.0,True,0,pos,4841.312222222223,0.9003260886129338,OnTrack,6264.0,1968.0,7257.0
2026-09-12 14:03:19.354,0 days 00:17:16.824000,,,0 days 00:01:26.691000,9244.5,126.5,3,0.0,True,0,pos,4849.593664473403,0.9018661666264638,OnTrack,6354.0,1972.0,7257.0
2026-09-12 14:03:19.434,0 days 00:17:16.904000,,,0 days 00:01:26.771000,9232.0,123.0,3,0.0,True,0,car,4852.245555555556,0.9023593318295804,OnTrack,6386.746710624612,1971.0378895916117,7256.961138000972
2026-09-12 14:03:19.634,0 days 00:17:17.104000,,,0 days 00:01:26.971000,9848.0,116.0,2,0.0,True,0,car,4858.6900000000005,0.903557788197116,OnTrack,6471.77156335351,1964.0142265669078,7256.84591460741
2026-09-12 14:03:19.734,0 days 00:17:17.204000,,,0 days 00:01:27.071000,9796.437368,113.1874928,2,0.0,True,0,pos,4861.746878481775,0.9041262678407604,OnTrack,6503.0,1960.0,7257.0
2026-09-12 14:03:19.954,0 days 00:17:17.424000,,,0 days 00:01:27.291000,9683.0,107.0,2,0.0,False,0,car,4868.2011111111115,0.9053265444912719,OnTrack,6539.631611233572,1950.463188734684,7257.869239294151
2026-09-12 14:03:20.034,0 days 00:17:17.504000,,,0 days 00:01:27.371000,9521.5,106.0,2,2.0,False,0,pos,4870.541197353246,0.9057617241691551,OnTrack,6553.0,1944.0,7258.0
2026-09-12 14:03:20.114,0 days 00:17:17.584000,,,0 days 00:01:27.451000,9360.0,105.0,2,4.0,False,0,car,4872.867777777778,0.9061943922056943,OnTrack,6569.780784146141,1935.089690043482,7257.919003653249
2026-09-12 14:03:20.354,0 days 00:17:17.824000,,,0 days 00:01:27.691000,9812.0,103.0,2,32.0,False,0,car,4879.734444444445,0.9074713681283443,OnTrack,6629.787202264925,1898.1676927374067,7257.033511782064
2026-09-12 14:03:20.374,0 days 00:17:17.844000,,,0 days 00:01:27.711000,9861.223679803721,103.20050378738786,2,33.152896777480215,False,0,pos,4880.310049235728,0.9075784118360282,OnTrack,6634.0,1895.0,7257.0
2026-09-12 14:03:20.554,0 days 00:17:18.024000,,,0 days 00:01:27.891000,10304.230497486837,105.00501220972235,2,43.52882020590353,False,0,pos,4885.544081991384,0.9085517711283584,OnTrack,6670.0,1858.0,7257.0
2026-09-12 14:03:20.734,0 days 00:17:18.204000,,,0 days 00:01:28.071000,10747.238575280027,106.8095257648881,2,53.904773148106564,False,0,pos,4890.997986688866,0.9095660194268701,OnTrack,6723.0,1777.0,7257.0
2026-09-12 14:03:20.753,0 days 00:17:18.223000,,,0 days 00:01:28.090000,10794.0,107.0,2,55.0,False,0,car,4891.593611111112,0.90967678613262,OnTrack,6727.006048876767,1770.5246743402502,7256.998906478227
2026-09-12 14:03:21.054,0 days 00:17:18.524000,,,0 days 00:01:28.391000,11196.5877568,117.3468816,2,60.6437536,False,0,pos,4901.448414736795,0.9115094580188978,OnTrack,6748.0,1725.0,7257.0
2026-09-12 14:03:21.073,0 days 00:17:18.543000,,,0 days 00:01:28.410000,11222.0,118.0,2,61.0,False,0,car,4902.082500000001,0.9116273771859883,OnTrack,6749.639759981605,1720.5186564283158,7257.001255986593
2026-09-12 14:03:21.273,0 days 00:17:18.743000,,,0 days 00:01:28.610000,11962.0,122.0,2,69.0,False,0,car,4908.86027777778,0.9128878226759827,OnTrack,6777.038761361476,1648.4262405089694,7257.020845420601
2026-09-12 14:03:21.414,0 days 00:17:18.884000,,,0 days 00:01:28.751000,11543.1119296,127.875008,2,72.5250048,False,0,pos,4913.956573013164,0.9138355672842792,OnTrack,6797.0,1595.0,7257.0
2026-09-12 14:03:21.513,0 days 00:17:18.983000,,,0 days 00:01:28.850000,11249.0,132.0,2,75.0,False,0,car,4917.66027777778,0.9145243355088934,OnTrack,6807.969096442176,1564.1477042350327,7256.954871674246
2026-09-12 14:03:21.793,0 days 00:17:19.263000,,,0 days 00:01:29.130000,11227.0,140.0,3,80.0,False,0,car,4928.5491666666685,0.9165493135092121,OnTrack,6830.406269447173,1491.80185210738,7256.9270960498725
2026-09-12 14:03:21.834,0 days 00:17:19.304000,,,0 days 00:01:29.171000,11293.41989632,141.84499712,3,81.0249984,False,0,pos,4930.211084117294,0.9168583759223019,OnTrack,6834.0,1479.0,7257.0
2026-09-12 14:03:21.993,0 days 00:17:19.463000,,,0 days 00:01:29.330000,11551.0,149.0,3,85.0,False,0,car,4936.826944444447,0.9180887100502708,OnTrack,6849.447602867924,1421.7541477840584,7257.504733819201
2026-09-12 14:03:22.174,0 days 00:17:19.644000,,,0 days 00:01:29.511000,10706.332437333333,155.7875072,3,96.312512,False,0,pos,4944.682702423919,0.9195496246804579,OnTrack,6869.0,1347.0,7257.0
2026-09-12 14:03:22.233,0 days 00:17:19.703000,,,0 days 00:01:29.570000,10431.0,158.0,3,100.0,False,0,car,4947.36027777778,0.9200475663199668,OnTrack,6875.6198252285285,1321.4837122423014,7256.232788368251
2026-09-12 14:03:22.253,0 days 00:17:19.723000,,,0 days 00:01:29.590000,10480.666666666666,159.0,3,100.0,False,0,pos,4948.2835772158005,0.9202192698857554,OnTrack,6878.0,1312.0,7256.0
2026-09-12 14:03:22.593,0 days 00:17:20.063000,,,0 days 00:01:29.930000,11325.0,176.0,4,100.0,False,0,car,4964.96027777778,0.9233205919857882,OnTrack,6926.498504390907,1092.1291864937916,7256.766504520606
2026-09-12 14:03:22.653,0 days 00:17:20.123000,,,0 days 00:01:29.990000,11499.75,179.0,4,100.0,False,0,pos,4968.001774458942,0.9238862111164673,OnTrack,6932.0,1065.0,7257.0
2026-09-12 14:03:22.753,0 days 00:17:20.223000,,,0 days 00:01:30.090000,11791.0,184.0,4,100.0,False,0,car,4973.138055555558,0.9248413917901092,OnTrack,6937.466688395796,1035.8906638249032,7257.157151319671
2026-09-12 14:03:22.893,0 days 00:17:20.363000,,,0 days 00:01:30.230000,11894.25,188.375,4,100.0,False,0,pos,4980.539994651143,0.9262179109171944,OnTrack,6943.0,1003.0,7257.0
2026-09-12 14:03:23.073,0 days 00:17:20.543000,,,0 days 00:01:30.410000,12027.0,194.0,4,100.0,False,0,car,4990.382500000002,0.9280482957253078,OnTrack,6959.18185497614,915.8702714042506,7256.400761398754
2026-09-12 14:03:23.233,0 days 00:17:20.703000,,,0 days 00:01:30.570000,11456.777777777777,198.88888888888889,4,100.0,False,0,pos,4999.392736315541,0.9297239056523461,OnTrack,6976.0,821.0,7256.0
2026-09-12 14:03:23.333,0 days 00:17:20.803000,,,0 days 00:01:30.670000,11100.388888888889,201.94444444444446,4,100.0,False,0,pos,5005.125429494392,0.9307899995107926,OnTrack,6985.0,765.0,7256.0
2026-09-12 14:03:23.433,0 days 00:17:20.903000,,,0 days 00:01:30.770000,10744.0,205.0,5,100.0,False,0,car,5010.882500000002,0.9318606267565201,OnTrack,6993.067432331447,714.9553642401853,7256.0150862022465
2026-09-12 14:03:23.594,0 days 00:17:21.064000,,,0 days 00:01:30.931000,11085.0,209.0,5,100.0,False,0,car,5020.229444444447,0.9335988534078652,OnTrack,7008.408291737725,620.959232361018,7256.0048880584445
2026-09-12 14:03:23.613,0 days 00:17:21.083000,,,0 days 00:01:30.950000,11107.99007744,209.57000192,5,100.0,False,0,pos,5021.348679739064,0.9338069946490797,OnTrack,7011.0,605.0,7256.0
2026-09-12 14:03:23.794,0 days 00:17:21.264000,,,0 days 00:01:31.131000,11327.0,215.0,5,100.0,False,0,car,5032.173888888891,0.9358201302959699,OnTrack,7042.487965955412,410.5217338278289,7255.947215900796
2026-09-12 14:03:23.853,0 days 00:17:21.323000,,,0 days 00:01:31.190000,11386.88506496,215.88500096,5,100.0,False,0,pos,5035.729420801783,0.9364813432054325,OnTrack,7051.0,358.0,7256.0
2026-09-12 14:03:23.994,0 days 00:17:21.464000,,,0 days 00:01:31.331000,11530.0,218.0,5,100.0,False,0,car,5044.285000000003,0.938072401745304,OnTrack,7062.705198837156,286.19610312613275,7256.350046180791
2026-09-12 14:03:24.154,0 days 00:17:21.624000,,,0 days 00:01:31.491000,11584.0,222.0,5,100.0,False,0,car,5054.151666666669,0.9399072797700826,OnTrack,7069.037422751571,251.33268529877148,7256.894794732582
2026-09-12 14:03:24.213,0 days 00:17:21.683000,,,0 days 00:01:31.550000,11549.7062128,222.1843752,5,88.937488,False,0,pos,5057.816132399456,0.9405887508152492,OnTrack,7074.0,225.0,7257.0
2026-09-12 14:03:24.333,0 days 00:17:21.803000,,,0 days 00:01:31.670000,11479.9562128,222.5593752,5,66.437488,False,0,pos,5065.30222059541,0.9419809189289968,OnTrack,7088.0,151.0,7257.0
2026-09-12 14:03:24.474,0 days 00:17:21.944000,,,0 days 00:01:31.811000,11398.0,223.0,5,40.0,True,0,car,5073.973888888892,0.9435935662522956,OnTrack,7104.115428276649,64.48887423529234,7256.340205172527
2026-09-12 14:03:24.633,0 days 00:17:22.103000,,,0 days 00:01:31.970000,10879.041457777777,216.81666417777777,5,22.333326222222222,True,0,pos,5083.4750699667875,0.9453604758843165,OnTrack,7121.0,-28.0,7256.0
2026-09-12 14:03:24.793,0 days 00:17:22.263000,,,0 days 00:01:32.130000,10356.819235555555,210.59444195555557,5,4.555548444444445,True,0,pos,5092.625088893819,0.947062080815619,OnTrack,7137.0,-119.0,7257.0
2026-09-12 14:03:24.834,0 days 00:17:22.304000,,,0 days 00:01:32.171000,10223.0,209.0,5,0.0,True,0,car,5094.873888888892,0.9474802842304584,OnTrack,7140.648916832136,-141.92164395790738,7256.893707590743
2026-09-12 14:03:24.953,0 days 00:17:22.423000,,,0 days 00:01:32.290000,9696.4247168,198.37499428571428,5,0.0,True,0,pos,5101.1778257194665,0.9486526107669462,OnTrack,7150.0,-206.0,7256.0
2026-09-12 14:03:25.114,0 days 00:17:22.584000,,,0 days 00:01:32.451000,8984.0,184.0,5,0.0,True,0,car,5109.185000000002,0.9501416838880199,OnTrack,7159.71990869788,-280.4076864657401,7256.223467536766
2026-09-12 14:03:25.274,0 days 00:17:22.744000,,,0 days 00:01:32.611000,9404.0,170.0,5,0.0,True,0,pos,5116.560515810592,0.9515132891463568,OnTrack,7168.0,-362.0,7257.0
2026-09-12 14:03:25.354,0 days 00:17:22.824000,,,0 days 00:01:32.691000,9614.0,163.0,5,0.0,True,0,car,5120.051666666669,0.9521625292801748,OnTrack,7172.352612726996,-413.8989595124492,7257.107062844153
2026-09-12 14:03:25.514,0 days 00:17:22.984000,,,0 days 00:01:32.851000,9832.0,154.0,5,0.0,True,0,pos,5126.667126790677,0.9533927889834187,OnTrack,7180.0,-516.0,7257.0
2026-09-12 14:03:25.674,0 days 00:17:23.144000,,,0 days 00:01:33.011000,10050.0,145.0,4,0.0,True,0,car,5132.940555555558,0.9545594420152459,OnTrack,7183.106216995621,-565.3777361564494,7256.973924291102
2026-09-12 14:03:25.854,0 days 00:17:23.324000,,,0 days 00:01:33.191000,9728.999543466667,139.49999217777778,4,0.0,True,0,pos,5139.765157509891,0.9558285952740838,OnTrack,7184.0,-601.0,7257.0
2026-09-12 14:03:26.034,0 days 00:17:23.504000,,,0 days 00:01:33.371000,9408.0,134.0,3,0.0,False,0,car,5146.340555555557,0.957051404738087,OnTrack,7185.222516273223,-667.2623857389068,7257.000593965337
2026-09-12 14:03:26.074,0 days 00:17:23.544000,,,0 days 00:01:33.411000,9382.916666666666,133.16666666666666,3,0.0,False,0,pos,5147.767582819838,0.9573167852415994,OnTrack,7185.0,-683.0,7257.0
2026-09-12 14:03:26.314,0 days 00:17:23.784000,,,0 days 00:01:33.651000,9232.416666666666,128.16666666666666,3,0.0,False,0,pos,5156.075144563076,0.9588617206283047,OnTrack,7179.0,-772.0,7257.0
2026-09-12 14:03:26.374,0 days 00:17:23.844000,,,0 days 00:01:33.711000,9194.791506133333,126.91666133333334,3,0.0,False,0,pos,5158.113973731578,0.9592408763213008,OnTrack,7177.0,-792.0,7257.0
2026-09-12 14:03:26.514,0 days 00:17:23.984000,,,0 days 00:01:33.851000,9107.0,124.0,3,0.0,False,0,car,5162.873888888891,0.9601260652120405,OnTrack,7169.048403481524,-837.7918655701566,7257.000032533266
2026-09-12 14:03:26.554,0 days 00:17:24.024000,,,0 days 00:01:33.891000,9070.0,123.71428571428571,3,0.0,False,0,pos,5164.234555273685,0.9603791047574979,OnTrack,7165.0,-852.0,7257.0
2026-09-12 14:03:26.794,0 days 00:17:24.264000,,,0 days 00:01:34.131000,8848.0,122.0,3,0.0,False,0,car,5172.36277777778,0.9618906888980325,OnTrack,7120.936421714309,-952.3745210887854,7256.999231355833
2026-09-12 14:03:26.934,0 days 00:17:24.404000,,,0 days 00:01:34.271000,8928.25117128002,120.2426750814594,3,15.815924266865467,False,0,pos,5177.007943363161,0.9627545381129724,OnTrack,7095.0,-999.0,7257.0
2026-09-12 14:03:27.033,0 days 00:17:24.503000,,,0 days 00:01:34.370000,8985.0,119.0,3,27.0,False,0,car,5180.263055555558,0.9633598827579066,OnTrack,7081.344293516074,-1019.2449108468487,7257.001603676898
2026-09-12 14:03:27.233,0 days 00:17:24.703000,,,0 days 00:01:34.570000,8968.0,118.0,3,37.0,False,0,car,5186.818611111113,0.9645790021662616,OnTrack,7055.134759793641,-1042.7719619950446,7257.001219145774
2026-09-12 14:03:27.254,0 days 00:17:24.724000,,,0 days 00:01:34.591000,9009.05537536,118.21000192,3,38.47001344,False,0,pos,5187.510650207615,0.9647076988551597,OnTrack,7051.0,-1046.0,7257.0
2026-09-12 14:03:27.433,0 days 00:17:24.903000,,,0 days 00:01:34.770000,9359.0,120.0,3,51.0,False,0,car,5193.48527777778,0.9658187846154364,OnTrack,7004.37019107446,-1080.1788252023425,7256.987162219016
2026-09-12 14:03:27.494,0 days 00:17:24.964000,,,0 days 00:01:34.831000,9497.7754368,121.386368,3,53.772736,False,0,pos,5195.579429936119,0.9662082285792077,OnTrack,6986.0,-1091.0,7257.0
2026-09-12 14:03:27.654,0 days 00:17:25.124000,,,0 days 00:01:34.991000,9861.7754368,125.02273163636363,3,61.045463272727275,False,0,pos,5201.229099759227,0.9672588828027561,OnTrack,6935.0,-1113.0,7257.0
2026-09-12 14:03:27.873,0 days 00:17:25.343000,,,0 days 00:01:35.210000,10360.0,130.0,3,71.0,False,0,car,5209.374166666668,0.9687735994526361,OnTrack,6858.927584441091,-1134.7998901523285,7256.15503225387
2026-09-12 14:03:27.934,0 days 00:17:25.404000,,,0 days 00:01:35.271000,10579.6006912,133.66001152,3,73.74500864,False,0,pos,5211.734161647607,0.9692124815062623,OnTrack,6836.0,-1140.0,7256.0
2026-09-12 14:03:28.073,0 days 00:17:25.543000,,,0 days 00:01:35.410000,11080.0,142.0,3,80.0,False,0,car,5217.263055555557,0.9702406753508261,OnTrack,6781.32334739121,-1150.9871093083182,7255.983225298139
2026-09-12 14:03:28.114,0 days 00:17:25.584000,,,0 days 00:01:35.451000,11209.55979776,143.63999744,3,83.27999488,False,0,pos,5218.935168689637,0.9705516338283263,OnTrack,6766.0,-1154.0,7256.0
2026-09-12 14:03:28.273,0 days 00:17:25.743000,,,0 days 00:01:35.610000,11712.0,150.0,3,96.0,False,0,car,5225.59638888889,0.9717904034122945,OnTrack,6710.448395722152,-1165.220811953358,7256.0046651155535
2026-09-12 14:03:28.334,0 days 00:17:25.804000,,,0 days 00:01:35.671000,11548.8244864,151.98250624,3,96.61000192,False,0,pos,5228.225134710789,0.9722792643522943,OnTrack,6681.0,-1171.0,7256.0
2026-09-12 14:03:28.534,0 days 00:17:26.004000,,,0 days 00:01:35.871000,11013.8244864,158.48250624,3,98.61000192,False,0,pos,5237.1403628017115,0.9739372058499216,OnTrack,6544.0,-1197.0,7256.0
2026-09-12 14:03:28.673,0 days 00:17:26.143000,,,0 days 00:01:36.010000,10642.0,163.0,3,100.0,False,0,car,5243.707500000001,0.9751584790658859,OnTrack,6455.625958386305,-1213.4438264683076,7256.001814791107
2026-09-12 14:03:29.673,0 days 00:17:27.143000,,,0 days 00:01:37.010000,10449.0,197.0,5,100.0,False,0,car,5298.429722222224,0.9853350266695285,OnTrack,6045.605368371832,-1282.1418905106223,7256.000167468221
2026-09-12 14:03:29.793,0 days 00:17:27.263000,,,0 days 00:01:37.130000,10567.5,199.0,5,100.0,False,0,pos,5305.099634154858,0.9865754126322718,OnTrack,5973.0,-1294.0,7256.0
2026-09-12 14:03:29.913,0 days 00:17:27.383000,,,0 days 00:01:37.250000,10686.0,201.0,5,100.0,False,0,car,5311.829722222224,0.9878269893923697,OnTrack,5891.539724249773,-1307.3657265562404,7255.999982439277
2026-09-12 14:03:29.993,0 days 00:17:27.463000,,,0 days 00:01:37.330000,10802.616952554652,203.78607053884832,5,100.0,False,0,pos,5316.408162297793,0.9886784298399132,OnTrack,5839.0,-1316.0,7256.0
2026-09-12 14:03:30.114,0 days 00:17:27.584000,,,0 days 00:01:37.451000,10979.0,208.0,5,100.0,False,0,car,5323.443055555556,0.989986690418832,OnTrack,5769.656862737968,-1327.400688080147,7256.000010972929
2026-09-12 14:03:30.354,0 days 00:17:27.824000,,,0 days 00:01:37.691000,11193.0,213.0,5,100.0,False,0,car,5337.643055555557,0.9926274270355743,OnTrack,5649.392203356947,-1347.2706131702096,7256.000000389464
2026-09-12 14:03:30.373,0 days 00:17:27.843000,,,0 days 00:01:37.710000,11217.937584,213.39583466666667,5,100.0,False,0,pos,5338.781019322257,0.9928390511614368,OnTrack,5639.0,-1349.0,7256.0
2026-09-12 14:03:30.533,0 days 00:17:28.003000,,,0 days 00:01:37.870000,11427.937584,216.729168,5,100.0,False,0,pos,5348.446553351455,0.9946365250791318,OnTrack,5543.0,-1365.0,7256.0
2026-09-12 14:03:30.594,0 days 00:17:28.064000,,,0 days 00:01:37.931000,11508.0,218.0,5,100.0,False,0,car,5352.17638888889,0.9953301527747751,OnTrack,5499.887237401654,-1372.139316018569,7256.00000020284
2026-09-12 14:03:30.674,0 days 00:17:28.144000,,,0 days 00:01:38.011000,11582.0,219.6,5,100.0,False,0,interpolation,5357.107894853531,0.9962472519562194,OnTrack,5437.255673247013,-1382.4643801768464,7256.000000298031
