Date,SessionTime,DriverAhead,DistanceToDriverAhead,Time,RPM,Speed,nGear,Throttle,Brake,DRS,Source,Distance,RelativeDistance,Status,X,Y,Z
2026-09-12 14:37:43.708,0 days 00:51:41.178000,,149.50555555555562,0 days 00:00:00,11071.43716,237.0,5,100.0,False,0,interpolation,-0.04522521306769739,-8.449758971706741e-06,OnTrack,5453.810192820806,-1379.4104491927242,7256.000000000021
2026-09-12 14:37:43.762,0 days 00:51:41.232000,,149.50555555555562,0 days 00:00:00.054000,10928.0,237.0,6,100.0,False,0,car,3.5550000000000015,0.0006642067799537642,OnTrack,5425.820495732479,-1384.0409822108434,7256.000000000004
2026-09-12 14:37:43.774,0 days 00:51:41.244000,,149.50555555555562,0 days 00:00:00.066000,10942.500309333333,237.43334257777778,6,100.0,False,0,pos,4.361324397605642,0.0008148582938023721,OnTrack,5420.0,-1385.0,7256.0
2026-09-12 14:37:44.122,0 days 00:51:41.592000,23,149.50555555555562,0 days 00:00:00.414000,11363.0,250.0,6,100.0,False,0,car,28.555,0.005335140534902878,OnTrack,5270.924228552465,-1409.2104791616268,7255.999999999952
2026-09-12 14:37:44.154,0 days 00:51:41.624000,23,147.54111111111115,0 days 00:00:00.446000,11393.057142857142,250.9142857142857,6,100.0,False,0,pos,30.82293202239931,0.005758874944397076,OnTrack,5248.0,-1413.0,7256.0
2026-09-12 14:37:44.402,0 days 00:51:41.872000,23,132.31666666666646,0 days 00:00:00.694000,11626.0,258.0,6,100.0,False,0,car,48.62166666666667,0.0090843433622087,OnTrack,5010.875832056232,-1452.4608088992138,7256.000000000353
2026-09-12 14:37:44.455,0 days 00:51:41.925000,23,128.95998860999046,0 days 00:00:00.747000,11538.046296534183,259.7096832207178,6,100.0,False,0,pos,52.50269837789168,0.009809465043168254,OnTrack,4971.0,-1459.0,7256.0
2026-09-12 14:37:44.681,0 days 00:51:42.151000,23,114.64666666666642,0 days 00:00:00.973000,11163.0,267.0,6,100.0,False,0,car,69.31416666666667,0.01295047523118008,OnTrack,4873.09386580534,-1474.3156308956054,7255.999999998676
2026-09-12 14:37:44.715,0 days 00:51:42.185000,23,112.47443626666643,0 days 00:00:01.007000,11118.2331648,267.5666688,6,100.0,False,0,pos,71.86167100097522,0.013426444190620121,OnTrack,4856.0,-1477.0,7256.0
2026-09-12 14:37:44.921,0 days 00:51:42.391000,23,99.31333333333318,0 days 00:00:01.213000,10847.0,271.0,7,100.0,False,0,car,87.38083333333334,0.016326003358089976,OnTrack,4708.723769570264,-1500.6517151526684,7256.000000013344
2026-09-12 14:37:44.995,0 days 00:51:42.465000,23,94.54443619555543,0 days 00:00:01.287000,10880.608391466667,272.2333354666667,7,100.0,False,0,pos,92.9952862600932,0.017374992865736995,OnTrack,4651.0,-1510.0,7256.0
2026-09-12 14:37:45.161,0 days 00:51:42.631000,23,83.84666666666664,0 days 00:00:01.453000,10956.0,275.0,7,100.0,False,0,car,105.71416666666667,0.01975135477838599,OnTrack,4526.486545277926,-1530.2754370430139,7255.999999982651
2026-09-12 14:37:45.175,0 days 00:51:42.645000,23,82.92888049777773,0 days 00:00:01.467000,10965.25008457143,275.40000365714286,7,100.0,False,0,pos,106.79932759154103,0.019954103370127884,OnTrack,4516.0,-1532.0,7256.0
2026-09-12 14:37:45.441,0 days 00:51:42.911000,23,65.49111111111071,0 days 00:00:01.733000,11141.0,283.0,7,100.0,False,0,car,127.72527777777779,0.023863852453298966,OnTrack,4313.72244398613,-1565.3079277004806,7256.000000132699
2026-09-12 14:37:45.455,0 days 00:51:42.925000,23,64.57332494222183,0 days 00:00:01.747000,11149.438966044445,283.1555569777778,7,100.0,False,0,pos,128.8347458388347,0.02407114252595611,OnTrack,4303.0,-1567.0,7256.0
2026-09-12 14:37:45.615,0 days 00:51:43.085000,23,54.084436053333036,0 days 00:00:01.907000,11245.883410488888,284.93333475555556,7,100.0,False,0,pos,141.5482478137959,0.02644649954669445,OnTrack,4180.0,-1586.0,7256.0
2026-09-12 14:37:45.801,0 days 00:51:43.271000,23,41.89111111111092,0 days 00:00:02.093000,11358.0,287.0,7,100.0,False,0,car,156.42527777777778,0.029226084403980546,OnTrack,4035.187493651275,-1609.6962083816998,7256.00000856642
2026-09-12 14:37:45.835,0 days 00:51:43.305000,23,39.671658311110995,0 days 00:00:02.127000,11377.9750752,287.6375024,7,100.0,False,0,pos,159.15826882172837,0.02973670920874704,OnTrack,4009.0,-1614.0,7256.0
2026-09-12 14:37:45.961,0 days 00:51:43.431000,23,31.446666666666857,0 days 00:00:02.253000,11452.0,290.0,7,100.0,False,0,car,169.31416666666667,0.031634210250976534,OnTrack,3912.418660965735,-1629.687876633365,7255.999946169613
2026-09-12 14:37:46.015,0 days 00:51:43.485000,23,27.95165838222237,0 days 00:00:02.307000,11461.99002368,290.27000064,7,100.0,False,0,pos,173.67237206759367,0.0324484857997042,OnTrack,3867.0,-1637.0,7256.0
2026-09-12 14:37:46.161,0 days 00:51:43.631000,23,18.502222222222258,0 days 00:00:02.453000,11489.0,291.0,7,100.0,False,0,car,185.4808333333333,0.03465474741251029,OnTrack,3724.222340458605,-1659.8637784880702,7256.000538908053
2026-09-12 14:37:46.315,0 days 00:51:43.785000,23,8.577769528888753,0 days 00:00:02.607000,11535.2000384,292.54000128,7,100.0,False,0,pos,198.00716568092318,0.03699513415603304,OnTrack,3580.0,-1683.0,7256.0
2026-09-12 14:37:46.361,0 days 00:51:43.831000,23,5.613333333333145,0 days 00:00:02.653000,11549.0,293.0,7,100.0,False,0,car,201.7586111111111,0.0376960442796216,OnTrack,3546.151633352442,-1688.4843404609917,7255.999256066417
2026-09-12 14:37:46.655,0 days 00:51:44.125000,23,751.8065852897778,0 days 00:00:02.947000,10595.3370848,294.8375008,7,100.0,False,0,pos,225.8371863162108,0.04219482146748484,OnTrack,3355.0,-1719.0,7256.0
2026-09-12 14:37:46.681,0 days 00:51:44.151000,44,817.796111111111,0 days 00:00:02.973000,10511.0,295.0,8,100.0,False,0,car,227.9808333333333,0.04259533479592378,OnTrack,3328.3399731125546,-1723.0508918613016,7256.00238896697
2026-09-12 14:37:46.841,0 days 00:51:44.311000,44,816.8183333333334,0 days 00:00:03.133000,10504.0,298.0,8,100.0,False,0,car,241.22527777777776,0.04506989170076794,OnTrack,3126.897621357355,-1753.1469408490264,7256.019051213503
2026-09-12 14:37:46.915,0 days 00:51:44.385000,44,816.4483326933334,0 days 00:00:03.207000,10506.642861714286,298.2642861714286,8,100.0,False,0,pos,247.3672769273091,0.04621744654678452,OnTrack,3046.0,-1765.0,7256.0
2026-09-12 14:37:47.121,0 days 00:51:44.591000,44,815.4183333333335,0 days 00:00:03.413000,10514.0,299.0,8,100.0,False,0,car,264.4808333333333,0.049414898078149486,OnTrack,2915.1288626204246,-1783.1448306112875,7255.81703980961
2026-09-12 14:37:47.295,0 days 00:51:44.765000,44,814.6449994311113,0 days 00:00:03.587000,10514.0,299.0,8,100.0,False,0,pos,278.9009727112261,0.0521091187090003,OnTrack,2832.0,-1794.0,7256.0
2026-09-12 14:37:47.481,0 days 00:51:44.951000,44,813.8183333333334,0 days 00:00:03.773000,10514.0,299.0,8,100.0,False,0,car,294.3808333333333,0.055001334849068634,OnTrack,2694.652214267241,-1812.792970388162,7256.844398159363
2026-09-12 14:37:47.535,0 days 00:51:45.005000,44,813.563332728889,0 days 00:00:03.827000,10513.4214272,299.3857152,8,100.0,False,0,pos,298.90940635048105,0.05584744143177052,OnTrack,2635.0,-1821.0,7257.0
2026-09-12 14:37:47.715,0 days 00:51:45.185000,44,812.7133327288891,0 days 00:00:04.007000,10511.492855771428,300.67142948571427,8,100.0,False,0,pos,314.0090316241683,0.05866861540688847,OnTrack,2388.0,-1855.0,7257.0
2026-09-12 14:37:47.761,0 days 00:51:45.231000,44,812.4961111111113,0 days 00:00:04.053000,10511.0,301.0,8,100.0,False,0,car,317.7919444444444,0.05937540481425876,OnTrack,2339.4755849060944,-1861.716102533601,7256.981845173175
2026-09-12 14:37:47.921,0 days 00:51:45.391000,44,811.9183333333333,0 days 00:00:04.213000,10202.0,290.0,8,100.0,True,0,car,330.68083333333334,0.06178353066125475,OnTrack,2244.3367199097524,-1875.0896394480856,7256.975024326271
2026-09-12 14:37:48.115,0 days 00:51:45.585000,44,811.2716662400002,0 days 00:00:04.407000,9583.13959168,280.2999936,8,2.9999360000000044,True,0,pos,345.7998922676974,0.06460833557003819,OnTrack,2159.0,-1887.0,7257.0
2026-09-12 14:37:48.121,0 days 00:51:45.591000,44,811.2516666666669,0 days 00:00:04.413000,9564.0,280.0,8,0.0,True,0,car,346.2363888888889,0.06468988944211197,OnTrack,2155.328944856556,-1887.5012434389712,7257.000292619104
2026-09-12 14:37:48.295,0 days 00:51:45.765000,44,811.9766672,0 days 00:00:04.587000,9409.5748864,252.44997973333332,8,0.0,True,0,pos,357.96774633470625,0.06688174518151367,OnTrack,2019.0,-1906.0,7257.0
2026-09-12 14:37:48.361,0 days 00:51:45.831000,44,812.2516666666666,0 days 00:00:04.653000,9351.0,242.0,8,0.0,True,0,car,362.36972222222215,0.06770419869197246,OnTrack,1948.899651613367,-1915.5735422794678,7256.999640722939
2026-09-12 14:37:48.534,0 days 00:51:46.004000,44,812.203611057778,0 days 00:00:04.826000,9597.5252736,242.0,8,0.0,True,0,pos,374.13702279843363,0.0699027699506148,OnTrack,1764.0,-1941.0,7257.0
2026-09-12 14:37:48.561,0 days 00:51:46.031000,44,812.1961111111113,0 days 00:00:04.853000,9636.0,242.0,8,0.0,True,0,car,375.8141666666666,0.0702161230668562,OnTrack,1745.6720298065075,-1943.5480171751158,7256.999949061433
2026-09-12 14:37:48.801,0 days 00:51:46.271000,44,814.9961111111115,0 days 00:00:05.093000,9921.0,187.0,8,0.0,True,0,car,388.2808333333333,0.0725453620326575,OnTrack,1680.721386806106,-1953.1829342054,7256.999452466977
2026-09-12 14:37:48.834,0 days 00:51:46.304000,44,815.3536104748355,0 days 00:00:05.126000,10084.518412212416,185.02494117106292,8,0.0,True,0,pos,389.847979593806,0.07283816348733686,OnTrack,1669.0,-1955.0,7257.0
2026-09-12 14:37:49.034,0 days 00:51:46.504000,44,817.5202774873042,0 days 00:00:05.326000,11075.541014270884,173.05486444765916,8,0.0,True,0,pos,398.9935113516184,0.07454689040711786,OnTrack,1562.0,-1972.0,7257.0
2026-09-12 14:37:49.202,0 days 00:51:46.672000,44,819.3402777777779,0 days 00:00:05.494000,11908.0,163.0,5,0.0,True,0,car,406.4372222222222,0.07593765362182127,OnTrack,1480.9249386953734,-1988.0098267186684,7256.965424426022
2026-09-12 14:37:49.334,0 days 00:51:46.804000,44,821.0269477155558,0 days 00:00:05.626000,11061.5483584,157.2249888,5,0.0,True,0,pos,412.19401182755837,0.07701323693732946,OnTrack,1426.0,-2002.0,7257.0
2026-09-12 14:37:49.362,0 days 00:51:46.832000,44,821.3847222222225,0 days 00:00:05.654000,10882.0,156.0,3,0.0,True,0,car,413.37055555555554,0.07723305924986049,OnTrack,1414.9330288818055,-2005.2320053210265,7257.02243426324
2026-09-12 14:37:49.534,0 days 00:51:47.004000,44,823.3436140266667,0 days 00:00:05.826000,10185.3989632,143.0999808,3,0.0,True,0,pos,420.1554932156759,0.07850073902353576,OnTrack,1349.0,-2030.0,7257.0
2026-09-12 14:37:49.562,0 days 00:51:47.032000,44,823.6625,0 days 00:00:05.854000,10072.0,141.0,3,0.0,True,0,car,421.20388888888886,0.07869661849307787,OnTrack,1337.8401504004369,-2035.7339431121968,7256.883863593951
2026-09-12 14:37:49.794,0 days 00:51:47.264000,44,825.7891666666666,0 days 00:00:06.086000,10934.266666666666,131.33333333333334,3,0.0,True,0,pos,429.4015879087539,0.0802282548556699,OnTrack,1249.0,-2094.0,7255.0
2026-09-12 14:37:49.922,0 days 00:51:47.392000,44,826.9624999999999,0 days 00:00:06.214000,11410.0,126.0,3,0.0,True,0,car,433.8038888888889,0.08105076910557223,OnTrack,1219.6910385819772,-2117.8109039079814,7254.1348556557305
2026-09-12 14:37:50.162,0 days 00:51:47.632000,44,828.6291666666666,0 days 00:00:06.454000,10971.0,124.0,2,0.0,False,0,car,442.07055555555553,0.08259529120054207,OnTrack,1190.0326499843916,-2157.798683789095,7253.804496768394
2026-09-12 14:37:50.194,0 days 00:51:47.664000,44,828.8069444444444,0 days 00:00:06.486000,10901.8,123.0,2,0.0,False,0,pos,443.1411099980762,0.08279531075582529,OnTrack,1185.0,-2166.0,7254.0
2026-09-12 14:37:50.314,0 days 00:51:47.784000,44,829.4736111111112,0 days 00:00:06.606000,10642.3,119.25,2,0.0,False,0,pos,447.0957034434155,0.08353417651626273,OnTrack,1164.0,-2202.0,7255.0
2026-09-12 14:37:50.322,0 days 00:51:47.792000,44,829.5180555555556,0 days 00:00:06.614000,10625.0,119.0,2,0.0,False,0,car,447.3594444444444,0.08358345318603352,OnTrack,1162.6617032512947,-2204.4212748310224,7255.038617907783
2026-09-12 14:37:50.474,0 days 00:51:47.944000,44,830.151388888889,0 days 00:00:06.766000,10608.85,119.0,2,20.900000000000002,False,0,pos,452.38445933681027,0.08452231365322846,OnTrack,1140.0,-2251.0,7255.0
2026-09-12 14:37:50.482,0 days 00:51:47.952000,44,830.1847222222223,0 days 00:00:06.774000,10608.0,119.0,2,22.0,False,0,car,452.6483333333333,0.08457161517152498,OnTrack,1138.9032150903258,-2253.769275852981,7254.990341536638
2026-09-12 14:37:50.815,0 days 00:51:48.285000,44,830.1847222222223,0 days 00:00:07.107000,10520.124949333333,117.14999893333334,2,30.3250048,False,0,pos,463.4884333579053,0.0865969507359969,OnTrack,1101.0,-2385.0,7255.0
2026-09-12 14:37:50.842,0 days 00:51:48.312000,44,830.1847222222223,0 days 00:00:07.134000,10513.0,117.0,2,31.0,False,0,car,464.3483333333333,0.08675761216884116,OnTrack,1098.770947837715,-2393.046593274481,7255.017762338603
2026-09-12 14:37:51.002,0 days 00:51:48.472000,44,830.0069444444448,0 days 00:00:07.294000,10119.0,113.0,2,0.0,True,0,car,469.3705555555555,0.08769595086094649,OnTrack,1088.0907742902828,-2428.501078184355,7255.134869939519
2026-09-12 14:37:51.115,0 days 00:51:48.585000,44,829.7872219077269,0 days 00:00:07.407000,9857.06657069347,111.10878390392398,2,0.0,True,0,pos,472.82849142620944,0.08834202243617396,OnTrack,1079.0,-2453.0,7255.0
2026-09-12 14:37:51.241,0 days 00:51:48.711000,44,829.5422222222223,0 days 00:00:07.533000,9565.0,109.0,2,0.0,True,0,car,476.6069444444444,0.0890479785859485,OnTrack,1065.0410731831994,-2486.5017808175644,7254.509409287814
2026-09-12 14:37:51.395,0 days 00:51:48.865000,44,829.242777528889,0 days 00:00:07.687000,9422.5498816,106.4333312,2,5.7750048,True,0,pos,481.1333133592629,0.08989367336001163,OnTrack,1044.0,-2530.0,7254.0
2026-09-12 14:37:51.481,0 days 00:51:48.951000,44,829.0755555555556,0 days 00:00:07.773000,9343.0,105.0,2,9.0,False,0,car,483.6069444444444,0.09035584003733424,OnTrack,1031.190715422363,-2551.924343593829,7254.084979514683
2026-09-12 14:37:51.555,0 days 00:51:49.025000,44,828.952222008889,0 days 00:00:07.847000,9354.56252,104.0749984,2,13.8562584,False,0,pos,485.7005054633976,0.0907469954305932,OnTrack,1019.0,-2569.0,7254.0
2026-09-12 14:37:51.801,0 days 00:51:49.271000,44,828.5422222222223,0 days 00:00:08.093000,9393.0,101.0,2,30.0,False,0,car,492.5847222222222,0.09203322424800041,OnTrack,968.0197690984465,-2612.842058804698,7251.289584469367
2026-09-12 14:37:51.835,0 days 00:51:49.305000,44,828.4288884622223,0 days 00:00:08.127000,9413.74007808,101.68000256,2,31.87000704,False,0,pos,493.5601494080915,0.09221547047871927,OnTrack,960.0,-2618.0,7251.0
2026-09-12 14:37:52.001,0 days 00:51:49.471000,44,827.8755555555555,0 days 00:00:08.293000,9515.0,105.0,2,41.0,False,0,car,498.4180555555555,0.09312310879082186,OnTrack,918.1497811671044,-2641.181538464879,7250.349671054394
2026-09-12 14:37:52.055,0 days 00:51:49.525000,44,827.6355549866666,0 days 00:00:08.347000,9668.000362666668,105.90000213333333,2,43.0250048,False,0,pos,500.0257971102272,0.09342349496269987,OnTrack,904.0,-2648.0,7250.0
2026-09-12 14:37:52.235,0 days 00:51:49.705000,44,826.8355549866667,0 days 00:00:08.527000,10178.000362666668,108.90000213333333,2,49.7750048,False,0,pos,505.4982957096357,0.09444596209997544,OnTrack,856.0,-2668.0,7248.0
2026-09-12 14:37:52.241,0 days 00:51:49.711000,44,826.8088888888889,0 days 00:00:08.533000,10195.0,109.0,2,50.0,False,0,car,505.68472222222215,0.09448079353559374,OnTrack,854.3926479649623,-2668.582425282571,7247.949944521273
2026-09-12 14:37:52.435,0 days 00:51:49.905000,44,825.5155547022223,0 days 00:00:08.727000,10808.04040448,114.82000384,2,58.73000576,False,0,pos,511.8759874188169,0.09563755311929839,OnTrack,798.0,-2685.0,7247.0
2026-09-12 14:37:52.441,0 days 00:51:49.911000,44,825.4755555555556,0 days 00:00:08.733000,10827.0,115.0,2,59.0,False,0,car,512.0736111111111,0.09567447660630296,OnTrack,795.8486388237067,-2685.4757610306574,7246.961377480373
2026-09-12 14:37:52.641,0 days 00:51:50.111000,44,823.7533333333333,0 days 00:00:08.933000,11654.0,122.0,2,72.0,False,0,car,518.8513888888888,0.0969408186465336,OnTrack,713.6009882518051,-2700.1569144501414,7245.208678280226
2026-09-12 14:37:52.675,0 days 00:51:50.145000,44,823.4322210133333,0 days 00:00:08.967000,11801.4755552,122.8500032,2,73.7000064,False,0,pos,520.0232015800322,0.09715975702467516,OnTrack,702.0,-2702.0,7245.0
2026-09-12 14:37:52.801,0 days 00:51:50.271000,44,822.2422222222223,0 days 00:00:09.093000,12348.0,126.0,2,80.0,False,0,car,524.4513888888888,0.09798710780764221,OnTrack,670.7658910446654,-2706.6249944494853,7244.68511020771
2026-09-12 14:37:53.055,0 days 00:51:50.525000,44,819.2083318044445,0 days 00:00:09.347000,11204.999424,135.97857645714285,2,84.53571657142857,False,0,pos,534.1184347722199,0.0997932730447259,OnTrack,590.0,-2715.0,7244.0
2026-09-12 14:37:53.081,0 days 00:51:50.551000,44,818.8977777777778,0 days 00:00:09.373000,11088.0,137.0,3,85.0,False,0,car,535.1069444444444,0.0999779635725294,OnTrack,571.897203426052,-2716.8872182743485,7243.668722153514
2026-09-12 14:37:53.195,0 days 00:51:50.665000,44,817.662776391111,0 days 00:00:09.487000,11223.66015232,137.0,3,89.56000512,False,0,pos,539.3816192320277,0.10077663248279951,OnTrack,484.0,-2726.0,7242.0
2026-09-12 14:37:53.281,0 days 00:51:50.751000,44,816.731111111111,0 days 00:00:09.573000,11326.0,137.0,3,93.0,False,0,car,542.7180555555556,0.10140000340459171,OnTrack,440.365909299872,-2730.2245643264855,7241.390763102095
2026-09-12 14:37:53.441,0 days 00:51:50.911000,44,814.3755555555555,0 days 00:00:09.733000,12126.0,152.0,3,100.0,False,0,car,549.4736111111112,0.10266219350370685,OnTrack,414.0113513917067,-2731.472675618089,7241.8236734732345
2026-09-12 14:37:53.575,0 days 00:51:51.045000,44,812.1794423466666,0 days 00:00:09.867000,11773.8309136,159.1187568,3,100.0,False,0,pos,555.5554340969987,0.10379850519476315,OnTrack,384.0,-2731.0,7242.0
2026-09-12 14:37:53.761,0 days 00:51:51.231000,44,809.1311111111111,0 days 00:00:10.053000,11285.0,169.0,3,100.0,False,0,car,564.4958333333334,0.10546890569779184,OnTrack,302.2215384521033,-2730.1432406727695,7241.213752534934
2026-09-12 14:37:53.815,0 days 00:51:51.285000,44,808.1111086933332,0 days 00:00:10.107000,11388.3716736,171.7000064,3,100.0,False,0,pos,567.1703185745731,0.10596859943340863,OnTrack,276.0,-2729.0,7241.0
2026-09-12 14:37:54.041,0 days 00:51:51.511000,44,803.8422222222221,0 days 00:00:10.333000,11821.0,183.0,4,100.0,False,0,car,578.7291666666667,0.1081282239822762,OnTrack,169.5943107363907,-2717.4767557202917,7240.805196987952
2026-09-12 14:37:54.115,0 days 00:51:51.585000,44,802.3211084799999,0 days 00:00:10.407000,11926.4501824,187.1625072,4,100.0,False,0,pos,582.6320000541825,0.1088574190306638,OnTrack,134.0,-2711.0,7241.0
2026-09-12 14:37:54.201,0 days 00:51:51.671000,44,800.5533333333333,0 days 00:00:10.493000,12049.0,192.0,4,100.0,False,0,car,587.2625,0.10972256937063216,OnTrack,91.48082608989613,-2701.6761220437556,7241.391335862301
2026-09-12 14:37:54.315,0 days 00:51:51.785000,44,798.2099973688888,0 days 00:00:10.607000,11632.8995328,196.88571977142857,4,100.0,False,0,pos,593.60095335524,0.1109068291998786,OnTrack,34.0,-2686.0,7242.0
2026-09-12 14:37:54.475,0 days 00:51:51.945000,44,794.9211084799999,0 days 00:00:10.767000,11048.8995328,203.74286262857143,4,100.0,False,0,pos,602.7815980638128,0.11262211653033731,OnTrack,-47.0,-2657.0,7243.0
2026-09-12 14:37:54.481,0 days 00:51:51.951000,44,794.7977777777777,0 days 00:00:10.773000,11027.0,204.0,5,100.0,False,0,car,603.1291666666667,0.11268705532710653,OnTrack,-50.05423164676749,-2655.772781021182,7243.080685804952
2026-09-12 14:37:54.635,0 days 00:51:52.105000,44,791.4183305244443,0 days 00:00:10.927000,11112.47007104,209.39000448,5,100.0,False,0,pos,612.1301032114163,0.11436876646042758,OnTrack,-129.0,-2621.0,7246.0
2026-09-12 14:37:54.681,0 days 00:51:52.151000,44,790.4088888888887,0 days 00:00:10.973000,11138.0,211.0,5,100.0,False,0,car,614.851388888889,0.11487720426553824,OnTrack,-152.81980235301003,-2609.3866253003575,7246.696381918262
2026-09-12 14:37:54.795,0 days 00:51:52.265000,44,787.8438860088887,0 days 00:00:11.087000,11347.76023552,214.42000384,5,100.0,False,0,pos,621.6644490325739,0.11615013836952368,OnTrack,-212.0,-2578.0,7248.0
2026-09-12 14:37:54.881,0 days 00:51:52.351000,44,785.9088888888888,0 days 00:00:11.173000,11506.0,217.0,5,100.0,False,0,car,626.9069444444445,0.11712963232070259,OnTrack,-256.22903663660986,-2551.591145331071,7248.962497593756
2026-09-12 14:37:55.154,0 days 00:51:52.624000,44,779.3113899084145,0 days 00:00:11.446000,11238.453224865176,224.49812618212243,5,100.0,False,0,pos,644.306281164439,0.12038047828866849,OnTrack,-391.0,-2456.0,7252.0
2026-09-12 14:37:55.614,0 days 00:51:53.084000,44,768.1947161668577,0 days 00:00:11.906000,10787.641452315922,237.13234146375763,5,100.0,False,0,pos,675.4426993530744,0.12619792415768888,OnTrack,-600.0,-2249.0,7257.0
2026-09-12 14:37:55.682,0 days 00:51:53.152000,44,766.5513888888889,0 days 00:00:11.974000,10721.0,239.0,6,100.0,False,0,car,680.0844444444446,0.12706517551085483,OnTrack,-637.7158292688348,-2200.4023958058024,7257.9235238280735
2026-09-12 14:37:55.842,0 days 00:51:53.312000,44,762.3736111111111,0 days 00:00:12.134000,11174.0,247.0,6,100.0,False,0,car,691.0622222222223,0.12911623442191694,OnTrack,-729.608566747623,-2073.950701498377,7260.201536705197
2026-09-12 14:37:55.914,0 days 00:51:53.384000,44,760.4136111111112,0 days 00:00:12.206000,11238.44,249.16,6,100.0,False,0,pos,696.0853024501549,0.13005473342153565,OnTrack,-760.0,-2031.0,7261.0
2026-09-12 14:37:56.042,0 days 00:51:53.512000,44,756.9291666666669,0 days 00:00:12.334000,11353.0,253.0,6,100.0,False,0,car,705.1177777777779,0.13174233717747721,OnTrack,-791.9517190854764,-1984.326087361247,7261.955185592981
2026-09-12 14:37:56.214,0 days 00:51:53.684000,44,752.008048231111,0 days 00:00:12.506000,11525.86025728,255.58000384,6,100.0,False,0,pos,717.3326590956883,0.1340245332358982,OnTrack,-824.0,-1933.0,7263.0
2026-09-12 14:37:56.242,0 days 00:51:53.712000,44,751.2069444444444,0 days 00:00:12.534000,11554.0,256.0,6,100.0,False,0,car,719.3400000000001,0.13439957949140383,OnTrack,-832.6358407685066,-1919.2519119089977,7263.239587818454
2026-09-12 14:37:56.414,0 days 00:51:53.884000,44,745.6647139733334,0 days 00:00:12.706000,11555.228573257144,259.6857197714286,6,100.0,False,0,pos,731.8158138575023,0.13673052749410258,OnTrack,-900.0,-1812.0,7265.0
2026-09-12 14:37:56.522,0 days 00:51:53.992000,44,742.1847222222223,0 days 00:00:12.814000,11556.0,262.0,6,100.0,False,0,car,739.7177777777779,0.1382069094943268,OnTrack,-941.4100938718012,-1745.2893275703254,7266.080464538194
2026-09-12 14:37:56.614,0 days 00:51:54.084000,44,738.9647132622223,0 days 00:00:12.906000,11156.373888,263.7250048,6,100.0,False,0,pos,746.4655368022738,0.13946764291023803,OnTrack,-976.0,-1689.0,7267.0
2026-09-12 14:37:56.682,0 days 00:51:54.152000,44,736.5847222222224,0 days 00:00:12.974000,10861.0,265.0,6,100.0,False,0,car,751.4955555555557,0.14040743828554728,OnTrack,-1001.837658115156,-1646.6394488085446,7267.701993016605
2026-09-12 14:37:56.894,0 days 00:51:54.364000,44,727.8691561422223,0 days 00:00:13.186000,10905.3875536,270.9625072,6,100.0,False,0,pos,767.5397364982928,0.14340509053898493,OnTrack,-1083.0,-1513.0,7270.0
2026-09-12 14:37:57.002,0 days 00:51:54.472000,44,723.4291666666668,0 days 00:00:13.294000,10928.0,274.0,7,100.0,False,0,car,775.8511111111113,0.1449579657481466,OnTrack,-1123.789712551293,-1446.6710184551582,7271.221352537697
2026-09-12 14:37:57.134,0 days 00:51:54.604000,44,717.4158216711111,0 days 00:00:13.426000,11060.000256,278.9500096,7,100.0,False,0,pos,786.1003771477547,0.14687291145590703,OnTrack,-1174.0,-1364.0,7273.0
2026-09-12 14:37:57.162,0 days 00:51:54.632000,44,716.1402777777777,0 days 00:00:13.454000,11088.0,280.0,7,100.0,False,0,car,788.2955555555558,0.14728305277283238,OnTrack,-1184.8641367311377,-1345.64717228038,7273.458090730659
2026-09-12 14:37:57.254,0 days 00:51:54.724000,44,711.7447099911111,0 days 00:00:13.546000,11212.7753472,282.875008,7,100.0,False,0,pos,795.5694490918593,0.1486420877667774,OnTrack,-1221.0,-1284.0,7275.0
2026-09-12 14:37:57.322,0 days 00:51:54.792000,44,708.4958333333334,0 days 00:00:13.614000,11305.0,285.0,7,100.0,False,0,car,800.9622222222224,0.14964965920867326,OnTrack,-1247.9727048691786,-1238.3646462913132,7275.876957345719
2026-09-12 14:37:57.482,0 days 00:51:54.952000,44,700.5402777777779,0 days 00:00:13.774000,11370.0,285.0,7,100.0,False,0,car,813.6288888888889,0.15201626564451412,OnTrack,-1312.2305931489216,-1131.0360224284136,7277.134855233964
2026-09-12 14:37:57.575,0 days 00:51:55.045000,44,695.6319343111112,0 days 00:00:13.867000,11442.739435885715,286.99286125714286,7,100.0,False,0,pos,821.0702947464305,0.1534065981966848,OnTrack,-1350.0,-1068.0,7278.0
2026-09-12 14:37:57.762,0 days 00:51:55.232000,44,685.7625,0 days 00:00:14.054000,11589.0,291.0,7,100.0,False,0,car,836.2622222222224,0.1562450176706614,OnTrack,-1426.8770894544966,-939.5120511759585,7280.377876753622
2026-09-12 14:37:57.815,0 days 00:51:55.285000,44,682.656100310647,0 days 00:00:14.107000,11462.717100797507,292.20729349141965,7,100.0,False,0,pos,840.6252755643667,0.15706019899588003,OnTrack,-1449.0,-903.0,7281.0
2026-09-12 14:37:58.035,0 days 00:51:55.505000,44,669.7616577460301,0 days 00:00:14.327000,10938.525833253638,297.21868228247,7,100.0,False,0,pos,858.9953826207433,0.16049242112114634,OnTrack,-1543.0,-751.0,7283.0
2026-09-12 14:37:58.201,0 days 00:51:55.671000,44,660.0322222222221,0 days 00:00:14.493000,10543.0,301.0,7,100.0,False,0,car,872.9675000000002,0.16310293450894164,OnTrack,-1616.090369205103,-634.4969852450448,7284.772399977208
2026-09-12 14:37:58.215,0 days 00:51:55.685000,44,659.1883256177777,0 days 00:00:14.507000,10556.0813696,301.1750016,7,100.0,False,0,pos,874.1468517580148,0.16332328146636044,OnTrack,-1622.0,-625.0,7285.0
2026-09-12 14:37:58.315,0 days 00:51:55.785000,44,653.1605478399999,0 days 00:00:14.607000,10649.5188696,302.4250016,7,100.0,False,0,pos,882.5750981854525,0.16489799269567834,OnTrack,-1666.0,-554.0,7287.0
2026-09-12 14:37:58.521,0 days 00:51:55.991000,44,640.7433333333333,0 days 00:00:14.813000,10842.0,305.0,8,100.0,False,0,car,900.0786111111113,0.16816830266986424,OnTrack,-1815.0535953703436,-317.52784774819406,7291.232827127386
2026-09-12 14:37:58.575,0 days 00:51:56.045000,44,637.3383252622223,0 days 00:00:14.867000,10854.1500288,306.5428608,8,100.0,False,0,pos,904.7340087057032,0.16903810482055578,OnTrack,-1847.0,-267.0,7292.0
2026-09-12 14:37:58.801,0 days 00:51:56.271000,44,623.0877777777778,0 days 00:00:15.093000,10905.0,313.0,8,100.0,False,0,car,924.4230555555557,0.1727167541619058,OnTrack,-1905.2039608153536,-174.8051546725048,7293.206332482125
2026-09-12 14:37:58.895,0 days 00:51:56.365000,44,617.1866586311111,0 days 00:00:15.187000,11006.6376384,313.5875008,8,100.0,False,0,pos,932.6128445071256,0.17424691262829767,OnTrack,-1929.0,-137.0,7294.0
2026-09-12 14:37:58.961,0 days 00:51:56.431000,44,613.0433333333333,0 days 00:00:15.253000,11078.0,314.0,8,100.0,False,0,car,938.3786111111112,0.17532417318244628,OnTrack,-1953.20081254775,-98.55570948508829,7294.927729143183
2026-09-12 14:37:59.121,0 days 00:51:56.591000,44,602.9544444444444,0 days 00:00:15.413000,11181.0,317.0,8,100.0,False,0,car,952.4675000000001,0.17795650384967981,OnTrack,-2031.4191671866358,25.723756826350932,7298.053687486168
2026-09-12 14:37:59.175,0 days 00:51:56.645000,44,599.5044362666666,0 days 00:00:15.467000,11203.050052266666,317.9000021333333,8,100.0,False,0,pos,957.2620875255358,0.17885231187824313,OnTrack,-2058.0,68.0,7299.0
2026-09-12 14:37:59.361,0 days 00:51:56.831000,44,587.6211111111111,0 days 00:00:15.653000,11279.0,321.0,8,100.0,False,0,car,973.8675000000001,0.18195482314391626,OnTrack,-2145.184167625352,206.82473611983278,7301.567604834741
2026-09-12 14:37:59.395,0 days 00:51:56.865000,44,585.4488807111111,0 days 00:00:15.687000,11292.94005248,321.0,8,100.0,False,0,pos,976.8983467063352,0.18252109851138415,OnTrack,-2161.0,232.0,7302.0
2026-09-12 14:37:59.561,0 days 00:51:57.031000,44,574.8433333333335,0 days 00:00:15.853000,11361.0,321.0,8,100.0,False,0,car,991.7008333333333,0.18528675588911325,OnTrack,-2239.026252724426,356.1333494134752,7304.114977725688
2026-09-12 14:37:59.635,0 days 00:51:57.105000,44,570.0538806044444,0 days 00:00:15.927000,11401.7000704,322.3875024,8,100.0,False,0,pos,998.3456261204159,0.1865282513660663,OnTrack,-2274.0,412.0,7305.0
2026-09-12 14:37:59.721,0 days 00:51:57.191000,44,564.4877777777775,0 days 00:00:16.013000,11449.0,324.0,8,100.0,False,0,car,1006.1008333333335,0.187977213731964,OnTrack,-2314.6753002077558,477.2768950681681,7305.954582031437
2026-09-12 14:37:59.815,0 days 00:51:57.285000,44,558.4038806044443,0 days 00:00:16.107000,11480.1375424,324.8812512,8,100.0,False,0,pos,1014.6052135496236,0.18956614959665163,OnTrack,-2359.0,549.0,7307.0
2026-09-12 14:37:59.975,0 days 00:51:57.445000,44,548.048325048889,0 days 00:00:16.267000,11533.1375424,326.3812512,8,100.0,False,0,pos,1029.1462905728838,0.19228296589670207,OnTrack,-2434.0,672.0,7309.0
2026-09-12 14:38:00.041,0 days 00:51:57.511000,44,543.7766666666669,0 days 00:00:16.333000,11555.0,327.0,8,100.0,False,0,car,1035.1674999999998,0.1934079527110514,OnTrack,-2465.2779854364862,723.3407850083253,7309.863926662136
2026-09-12 14:38:00.215,0 days 00:51:57.685000,44,532.6599918222224,0 days 00:00:16.507000,11604.092893257142,328.8642870857143,8,100.0,False,0,pos,1051.1040331769432,0.1963854923411735,OnTrack,-2548.0,858.0,7312.0
2026-09-12 14:38:00.315,0 days 00:51:57.785000,44,526.2711029333335,0 days 00:00:16.607000,11632.307178971429,329.93571565714285,8,100.0,False,0,pos,1060.2833002380075,0.19810052227562222,OnTrack,-2596.0,935.0,7313.0
2026-09-12 14:38:00.321,0 days 00:51:57.791000,44,525.887777777778,0 days 00:00:16.613000,11634.0,330.0,8,100.0,False,0,car,1060.8341666666665,0.19820344469946585,OnTrack,-2599.1433525033117,940.1145499077049,7313.073462198642
2026-09-12 14:38:00.521,0 days 00:51:57.991000,44,513.498888888889,0 days 00:00:16.813000,11703.0,331.0,8,100.0,False,0,car,1079.2230555555554,0.20163917597255065,OnTrack,-2724.1956543512747,1149.8441174131876,7316.741282769988
2026-09-12 14:38:00.635,0 days 00:51:58.105000,44,506.4688809955557,0 days 00:00:16.927000,11714.7562632,332.0687512,8,100.0,False,0,pos,1089.7668944372265,0.20360915889011635,OnTrack,-2788.0,1261.0,7319.0
2026-09-12 14:38:00.841,0 days 00:51:58.311000,44,493.7655555555557,0 days 00:00:17.133000,11736.0,334.0,8,100.0,False,0,car,1108.9119444444443,0.20718616930287245,OnTrack,-2859.0061190202014,1394.727687682062,7322.306171910041
2026-09-12 14:38:01.001,0 days 00:51:58.471000,44,483.98777777777786,0 days 00:00:17.293000,11758.0,335.0,8,100.0,False,0,car,1123.8008333333332,0.20996796985026436,OnTrack,-2900.4636411492684,1486.0193240467727,7324.524671847957
2026-09-12 14:38:01.035,0 days 00:51:58.505000,44,482.0233259377779,0 days 00:00:17.327000,11758.8500032,334.93461513846154,8,100.0,False,0,pos,1126.9613071575309,0.2105584644049475,OnTrack,-2911.0,1510.0,7325.0
2026-09-12 14:38:01.295,0 days 00:51:58.765000,44,467.00110371555576,0 days 00:00:17.587000,11765.3500032,334.43461513846154,8,100.0,False,0,pos,1151.0731813722307,0.21506346309152863,OnTrack,-3005.0,1733.0,7328.0
2026-09-12 14:38:01.435,0 days 00:51:58.905000,44,458.9122148266669,0 days 00:00:17.727000,11768.8500032,334.16538436923076,8,100.0,False,0,pos,1164.0560954008179,0.2174891563464778,OnTrack,-3052.0,1854.0,7328.0
2026-09-12 14:38:01.521,0 days 00:51:58.991000,44,453.9433333333336,0 days 00:00:17.813000,11771.0,334.0,8,100.0,False,0,car,1172.0452777777775,0.21898183401203725,OnTrack,-3078.354747191793,1924.3667462996218,7328.029356593943
2026-09-12 14:38:01.694,0 days 00:51:59.164000,44,444.2841559466669,0 days 00:00:17.986000,11746.34747264,334.43250048,8,100.0,False,0,pos,1188.148800741284,0.22199057357139085,OnTrack,-3133.0,2082.0,7329.0
2026-09-12 14:38:01.914,0 days 00:51:59.384000,44,432.0008369066668,0 days 00:00:18.206000,11714.99750912,334.98249984,8,100.0,False,0,pos,1208.61805502013,0.22581499480137876,OnTrack,-3220.0,2367.0,7333.0
2026-09-12 14:38:01.921,0 days 00:51:59.391000,44,431.6100000000001,0 days 00:00:18.213000,11714.0,335.0,8,100.0,False,0,car,1209.2675,0.22593633538051708,OnTrack,-3222.4130479949904,2375.5186776680325,7333.134571855101
2026-09-12 14:38:02.081,0 days 00:51:59.551000,44,423.12111111111153,0 days 00:00:18.373000,11714.0,333.0,8,100.0,False,0,car,1224.0674999999999,0.22870152816344694,OnTrack,-3267.001569295173,2546.6627652684947,7336.037292564975
2026-09-12 14:38:02.274,0 days 00:51:59.744000,44,413.52472321879065,0 days 00:00:18.566000,11610.975099666926,330.2526693244514,8,100.0,False,0,pos,1241.7293181781138,0.23200141547152395,OnTrack,-3303.0,2708.0,7339.0
2026-09-12 14:38:02.362,0 days 00:51:59.832000,44,409.14916666666704,0 days 00:00:18.654000,11564.0,329.0,8,100.0,False,0,car,1249.7477777777776,0.2334995632157946,OnTrack,-3316.600561604823,2771.153410722244,7340.116698948914
2026-09-12 14:38:02.682,0 days 00:52:00.152000,44,394.1269444444449,0 days 00:00:18.974000,11419.0,327.0,8,100.0,False,0,car,1278.8144444444442,0.2389303021948821,OnTrack,-3354.776040836429,2974.1865939924046,7343.769149200204
2026-09-12 14:38:02.754,0 days 00:52:00.224000,44,390.94694444444497,0 days 00:00:19.046000,11385.57142857143,325.9714285714286,8,100.0,False,0,pos,1285.309678251883,0.24014385446838019,OnTrack,-3363.0,3031.0,7345.0
2026-09-12 14:38:02.954,0 days 00:52:00.424000,44,382.1136111111117,0 days 00:00:19.246000,11292.714285714286,323.1142857142857,8,100.0,False,0,pos,1303.2252294538084,0.24349114858228388,OnTrack,-3385.0,3210.0,7349.0
2026-09-12 14:38:02.962,0 days 00:52:00.432000,44,381.76027777777836,0 days 00:00:19.254000,11289.0,323.0,8,100.0,False,0,car,1303.9366666666665,0.24362407162596653,OnTrack,-3385.7231807258327,3216.8244711806497,7349.129686073067
2026-09-12 14:38:03.134,0 days 00:52:00.604000,44,374.9758232355561,0 days 00:00:19.426000,11213.510998755555,319.6555505777778,8,100.0,False,0,pos,1319.1313660034405,0.24646300898710413,OnTrack,-3398.0,3370.0,7352.0
2026-09-12 14:38:03.314,0 days 00:52:00.784000,44,367.87583333333384,0 days 00:00:19.606000,11134.511111111111,316.15555555555557,8,100.0,False,0,pos,1334.8424566804908,0.24939842753792416,OnTrack,-3406.0,3619.0,7359.0
2026-09-12 14:38:03.322,0 days 00:52:00.792000,44,367.5602777777783,0 days 00:00:19.614000,11131.0,316.0,8,100.0,False,0,car,1335.5366666666664,0.2495281318922222,OnTrack,-3406.0886057094585,3629.740412039019,7359.288962338292
2026-09-12 14:38:03.722,0 days 00:52:01.192000,44,353.11583333333397,0 days 00:00:20.014000,10946.0,309.0,8,100.0,False,0,car,1369.8699999999997,0.2559428809156856,OnTrack,-3384.8188235595962,4014.9256126800105,7366.767156166916
2026-09-12 14:38:03.754,0 days 00:52:01.224000,44,352.0402777777784,0 days 00:00:20.046000,10929.8,308.4,8,100.0,False,0,pos,1372.5961865937277,0.256452234395003,OnTrack,-3383.0,4033.0,7367.0
2026-09-12 14:38:03.882,0 days 00:52:01.352000,44,347.738055555556,0 days 00:00:20.174000,10865.0,306.0,8,100.0,False,0,car,1383.4699999999996,0.25848386887837793,OnTrack,-3377.0675297096404,4086.5118728172833,7367.555673661332
2026-09-12 14:38:04.082,0 days 00:52:01.552000,44,341.5713888888895,0 days 00:00:20.374000,10510.0,301.0,8,100.0,False,0,car,1400.1922222222217,0.26160820456779943,OnTrack,-3365.308655169152,4158.646002249357,7367.94759896225
2026-09-12 14:38:04.095,0 days 00:52:01.565000,44,341.2499952533339,0 days 00:00:20.387000,10466.232686933334,299.91665066666667,8,97.18329173333333,False,0,pos,1401.247909289677,0.261805446342121,OnTrack,-3364.0,4166.0,7368.0
2026-09-12 14:38:04.322,0 days 00:52:01.792000,44,335.6380555555561,0 days 00:00:20.614000,9702.0,281.0,8,48.0,True,0,car,1418.9255555555553,0.2651082909281747,OnTrack,-3330.052448972895,4345.86648093477,7369.432057225159
2026-09-12 14:38:04.415,0 days 00:52:01.885000,44,334.3722197780199,0 days 00:00:20.707000,9621.037421957422,274.0104249171875,8,38.68056655624998,True,0,pos,1425.7648595669518,0.26638612836686226,OnTrack,-3311.0,4427.0,7370.0
2026-09-12 14:38:04.635,0 days 00:52:02.105000,44,331.3777757336681,0 days 00:00:20.927000,9429.513439196535,257.4759803622907,8,16.634640483054298,True,0,pos,1441.0041760353324,0.26923340187464284,OnTrack,-3258.0,4604.0,7371.0
2026-09-12 14:38:04.801,0 days 00:52:02.271000,44,329.1183333333338,0 days 00:00:21.093000,9285.0,245.0,7,0.0,True,0,car,1451.5241666666664,0.2711989290483086,OnTrack,-3220.197952408495,4715.229891099816,7371.920455784726
2026-09-12 14:38:05.055,0 days 00:52:02.525000,44,328.694999786667,0 days 00:00:21.347000,9672.927468218182,216.13634909090908,7,0.0,True,0,pos,1465.9302735461408,0.2738905278843383,OnTrack,-3166.0,4860.0,7373.0
2026-09-12 14:38:05.235,0 days 00:52:02.705000,44,328.3949997866669,0 days 00:00:21.527000,9947.836559127272,195.68180363636364,7,0.0,True,0,pos,1475.0664117974538,0.27559749974625586,OnTrack,-3126.0,4960.0,7373.0
2026-09-12 14:38:05.241,0 days 00:52:02.711000,44,328.3850000000002,0 days 00:00:21.533000,9957.0,195.0,7,0.0,True,0,car,1475.3574999999998,0.2756518858946934,OnTrack,-3124.56095769596,4963.41366477452,7373.011812117213
2026-09-12 14:38:05.435,0 days 00:52:02.905000,44,329.1394449422225,0 days 00:00:21.727000,10210.65516736,176.56998784,7,0.0,True,0,pos,1484.302166737515,0.27732308372633463,OnTrack,-3075.0,5075.0,7374.0
2026-09-12 14:38:05.641,0 days 00:52:03.111000,44,329.9405555555559,0 days 00:00:21.933000,10480.0,157.0,4,0.0,True,0,car,1492.8019444444442,0.278911159670369,OnTrack,-3024.813769317499,5180.3394201404535,7375.80007707853
2026-09-12 14:38:05.795,0 days 00:52:03.265000,44,330.8388896355559,0 days 00:00:22.087000,9987.54959069091,145.79999069090908,4,0.0,True,0,pos,1498.480626325349,0.27997214954561445,OnTrack,-2995.0,5243.0,7377.0
2026-09-12 14:38:06.081,0 days 00:52:03.551000,44,332.5072222222227,0 days 00:00:22.373000,9073.0,125.0,3,0.0,True,0,car,1508.079722222222,0.2817656191872824,OnTrack,-2964.8262782536053,5316.497651789142,7377.89707560968
2026-09-12 14:38:06.215,0 days 00:52:03.685000,44,333.1027783466671,0 days 00:00:22.507000,9017.964233142857,122.60714057142857,3,6.221434514285715,True,0,pos,1512.54851406583,0.28260055641392834,OnTrack,-2955.0,5350.0,7378.0
2026-09-12 14:38:06.361,0 days 00:52:03.831000,44,333.751666666667,0 days 00:00:22.653000,8958.0,120.0,3,13.0,False,0,car,1517.4130555555553,0.2835094344557967,OnTrack,-2944.436513858503,5394.077888175257,7378.0100134905815
2026-09-12 14:38:06.455,0 days 00:52:03.925000,44,333.8038889600003,0 days 00:00:22.747000,8961.021432685715,120.0,3,17.364291657142857,False,0,pos,1520.5416555187865,0.28409397378275625,OnTrack,-2941.0,5426.0,7378.0
2026-09-12 14:38:06.641,0 days 00:52:04.111000,44,333.90722222222234,0 days 00:00:22.933000,8967.0,120.0,3,26.0,False,0,car,1526.7463888888888,0.28525324972431104,OnTrack,-2947.070156330811,5494.825076262729,7378.004223166316
2026-09-12 14:38:06.715,0 days 00:52:04.185000,44,333.5166659911112,0 days 00:00:23.007000,8977.483351466666,120.41111182222222,3,30.316674133333333,False,0,pos,1529.2326252380599,0.28571777153575606,OnTrack,-2953.0,5519.0,7378.0
2026-09-12 14:38:07.001,0 days 00:52:04.471000,44,332.00722222222225,0 days 00:00:23.293000,9018.0,122.0,3,47.0,False,0,car,1538.9463888888888,0.28753266539672623,OnTrack,-2988.9442293838197,5587.51763721483,7377.989581800037
2026-09-12 14:38:07.015,0 days 00:52:04.485000,44,331.9099991111112,0 days 00:00:23.307000,9035.791829333333,122.11666773333333,3,47.23333546666667,False,0,pos,1539.4265395904235,0.28762237548149666,OnTrack,-2991.0,5591.0,7378.0
2026-09-12 14:38:07.241,0 days 00:52:04.711000,44,330.34055555555574,0 days 00:00:23.533000,9323.0,124.0,3,51.0,False,0,car,1547.2130555555555,0.2890771874916961,OnTrack,-3022.0426078454707,5660.195973259387,7378.6664411936345
2026-09-12 14:38:07.275,0 days 00:52:04.745000,44,329.99110979555576,0 days 00:00:23.567000,9350.9084384,124.0708336,3,49.0166592,False,0,pos,1548.3817581457074,0.28929554478680963,OnTrack,-3024.0,5675.0,7379.0
2026-09-12 14:38:07.475,0 days 00:52:04.945000,44,327.93555424000016,0 days 00:00:23.767000,9515.075105066666,124.48750026666667,3,37.349992533333335,False,0,pos,1555.2261405511513,0.2905743310591843,OnTrack,-3018.0,5780.0,7382.0
2026-09-12 14:38:07.721,0 days 00:52:05.191000,44,325.40722222222234,0 days 00:00:24.013000,9717.0,125.0,3,23.0,False,0,car,1563.8797222222222,0.29219114332832885,OnTrack,-2995.74104366291,5865.3864485347385,7383.570488839008
2026-09-12 14:38:07.875,0 days 00:52:05.345000,44,323.0544424888891,0 days 00:00:24.167000,9888.9668096,129.27778133333334,3,43.10557226666667,False,0,pos,1569.5843078596815,0.2932569729928092,OnTrack,-2983.0,5904.0,7384.0
2026-09-12 14:38:08.081,0 days 00:52:05.551000,44,319.9072222222226,0 days 00:00:24.373000,10119.0,135.0,3,70.0,False,0,car,1577.3797222222222,0.2947134475560014,OnTrack,-2973.2226539742132,5953.912994830816,7384.7778303602145
2026-09-12 14:38:08.155,0 days 00:52:05.625000,44,318.694442346667,0 days 00:00:24.447000,10324.658689066666,135.61666773333334,3,73.08333866666666,False,0,pos,1580.1620514128203,0.2952332905693512,OnTrack,-2971.0,5974.0,7385.0
2026-09-12 14:38:08.321,0 days 00:52:05.791000,44,315.9738888888892,0 days 00:00:24.613000,10786.0,137.0,3,80.0,False,0,car,1586.5130555555554,0.2964198953544761,OnTrack,-2967.6893209373675,6026.078443793712,7385.264420402353
2026-09-12 14:38:08.534,0 days 00:52:06.004000,44,311.3588847288892,0 days 00:00:24.826000,11600.1340672,147.0583424,3,88.2833408,False,0,pos,1595.3792678526836,0.29807643496636405,OnTrack,-2971.0,6112.0,7385.0
2026-09-12 14:38:08.681,0 days 00:52:06.151000,44,308.1738888888892,0 days 00:00:24.973000,12162.0,154.0,3,94.0,False,0,car,1601.9130555555553,0.2992971905475247,OnTrack,-2981.359510539719,6186.346836949525,7384.323625580407
2026-09-12 14:38:08.734,0 days 00:52:06.204000,44,306.8194389993633,0 days 00:00:25.026000,11885.477149208307,158.60871417986155,3,95.97516321994065,False,0,pos,1604.3408843810914,0.29975079965202206,OnTrack,-2986.0,6212.0,7384.0
2026-09-12 14:38:08.842,0 days 00:52:06.312000,44,304.0594444444448,0 days 00:00:25.134000,11322.0,168.0,3,100.0,False,0,car,1609.4263888888886,0.3007009618386787,OnTrack,-2996.2905810954317,6258.613479488904,7383.227251239101
2026-09-12 14:38:09.002,0 days 00:52:06.472000,44,299.5705555555562,0 days 00:00:25.294000,11003.0,177.0,4,100.0,False,0,car,1617.2930555555552,0.3021707489935694,OnTrack,-3013.7341099244263,6317.189362460594,7381.869181912496
2026-09-12 14:38:09.114,0 days 00:52:06.584000,44,296.55277777777843,0 days 00:00:25.406000,11126.2,177.0,4,100.0,False,0,pos,1622.7463446360377,0.30318962707523023,OnTrack,-3028.0,6363.0,7381.0
2026-09-12 14:38:09.202,0 days 00:52:06.672000,44,294.1816666666673,0 days 00:00:25.494000,11223.0,177.0,4,100.0,False,0,car,1627.1263888888884,0.3040079829371827,OnTrack,-3040.454317881505,6403.314532099918,7380.394214820848
2026-09-12 14:38:09.274,0 days 00:52:06.744000,44,291.96166666666727,0 days 00:00:25.566000,11385.9,180.825,4,100.0,False,0,pos,1630.8585481357647,0.3047052896813858,OnTrack,-3051.0,6438.0,7380.0
2026-09-12 14:38:09.494,0 days 00:52:06.964000,44,285.1783254400005,0 days 00:00:25.786000,11883.6505792,192.5125136,4,100.0,False,0,pos,1642.8414028769305,0.3069441345090324,OnTrack,-3083.0,6548.0,7379.0
2026-09-12 14:38:09.522,0 days 00:52:06.992000,44,284.3150000000005,0 days 00:00:25.814000,11947.0,194.0,4,100.0,False,0,car,1644.370833333333,0.3072298892428187,OnTrack,-3087.0290007257786,6562.367868220273,7378.691957283162
2026-09-12 14:38:09.654,0 days 00:52:07.124000,44,280.2449921066673,0 days 00:00:25.946000,11164.0734816,196.4750048,4,100.0,False,0,pos,1651.5760070934832,0.30857608481588117,OnTrack,-3106.0,6631.0,7377.0
2026-09-12 14:38:09.682,0 days 00:52:07.152000,44,279.38166666666734,0 days 00:00:25.974000,10998.0,197.0,4,100.0,False,0,car,1653.1263888888884,0.30886575404232974,OnTrack,-3110.071858199756,6645.6901151441025,7376.806134798093
2026-09-12 14:38:09.882,0 days 00:52:07.352000,44,272.9372222222228,0 days 00:00:26.174000,10866.0,205.0,5,100.0,False,0,car,1664.5152777777773,0.3109936238640288,OnTrack,-3140.381870800289,6751.948935593418,7377.375637080583
2026-09-12 14:38:09.954,0 days 00:52:07.424000,44,270.5172222222228,0 days 00:00:26.246000,10946.1,207.7,5,100.0,False,0,pos,1668.7096623990553,0.31177729157237943,OnTrack,-3153.0,6791.0,7378.0
2026-09-12 14:38:10.042,0 days 00:52:07.512000,44,267.55944444444503,0 days 00:00:26.334000,11044.0,211.0,5,100.0,False,0,car,1673.893055555555,0.31274574301477415,OnTrack,-3170.0406460946497,6839.378142379079,7378.9252826782
2026-09-12 14:38:10.134,0 days 00:52:07.604000,44,264.416102364445,0 days 00:00:26.426000,11192.3504128,213.0125056,5,100.0,False,0,pos,1679.3763405906932,0.31377022546111955,OnTrack,-3189.0,6889.0,7380.0
2026-09-12 14:38:10.214,0 days 00:52:07.684000,44,261.68276903111166,0 days 00:00:26.506000,11321.3504128,214.7625056,5,100.0,False,0,pos,1684.1979123555523,0.31467107515345516,OnTrack,-3207.0,6932.0,7381.0
2026-09-12 14:38:10.362,0 days 00:52:07.832000,44,256.62611111111164,0 days 00:00:26.654000,11560.0,218.0,5,100.0,False,0,car,1693.2708333333328,0.31636623566749916,OnTrack,-3264.4609499368803,7046.931891910264,7383.8212375005205
2026-09-12 14:38:10.495,0 days 00:52:07.965000,44,251.78638190222273,0 days 00:00:26.787000,11584.383368533334,222.9875072,5,100.0,False,0,pos,1701.601766443783,0.3179227651345321,OnTrack,-3324.0,7159.0,7386.0
2026-09-12 14:38:10.602,0 days 00:52:08.072000,44,247.8927777777783,0 days 00:00:26.894000,11604.0,227.0,5,100.0,False,0,car,1708.404166666666,0.31919370756716164,OnTrack,-3364.0248813792023,7233.53495389606,7386.55384199605
2026-09-12 14:38:10.935,0 days 00:52:08.405000,44,235.40527057777828,0 days 00:00:27.227000,11276.82731136,232.82750336,5,100.0,False,0,pos,1730.007921389062,0.32323009585382095,OnTrack,-3451.0,7393.0,7385.0
2026-09-12 14:38:11.002,0 days 00:52:08.472000,44,232.8927777777783,0 days 00:00:27.294000,11211.0,234.0,5,100.0,False,0,car,1734.4041666666662,0.32405147867230877,OnTrack,-3463.9568849164557,7417.113701262578,7385.220102812489
2026-09-12 14:38:11.315,0 days 00:52:08.785000,44,221.3291595733338,0 days 00:00:27.607000,10672.63966976,237.13000192,5,100.0,False,0,pos,1755.08069073588,0.32791462564070506,OnTrack,-3522.0,7547.0,7392.0
2026-09-12 14:38:11.402,0 days 00:52:08.872000,44,218.11500000000046,0 days 00:00:27.694000,10523.0,238.0,6,100.0,False,0,car,1760.8486111111106,0.32899228859976604,OnTrack,-3546.2530227504276,7615.16291330033,7396.981181580622
2026-09-12 14:38:11.561,0 days 00:52:09.031000,44,212.2850000000003,0 days 00:00:27.853000,10665.0,239.0,6,100.0,False,0,car,1771.4044444444442,0.3309645125288974,OnTrack,-3596.133832578829,7764.94007282409,7408.5721677421825
2026-09-12 14:38:11.635,0 days 00:52:09.105000,44,209.65388433777815,0 days 00:00:27.927000,10675.83573302857,239.52857234285713,6,100.0,False,0,pos,1776.3299375050974,0.3318847786007683,OnTrack,-3613.0,7819.0,7413.0
2026-09-12 14:38:11.841,0 days 00:52:09.311000,44,202.32944444444502,0 days 00:00:28.133000,10706.0,241.0,6,100.0,False,0,car,1790.1488888888885,0.33446667485983034,OnTrack,-3635.163398286911,7905.747987931441,7421.12851646822
2026-09-12 14:38:11.915,0 days 00:52:09.385000,44,199.8422179200005,0 days 00:00:28.207000,10721.54002688,241.0,6,100.0,False,0,pos,1795.1883973265883,0.33540824326263047,OnTrack,-3642.0,7936.0,7424.0
2026-09-12 14:38:12.041,0 days 00:52:09.511000,44,195.60722222222262,0 days 00:00:28.333000,10748.0,241.0,6,100.0,False,0,car,1803.5377777777774,0.33696821938192534,OnTrack,-3657.7713407013975,8001.945535752981,7429.861886156366
2026-09-12 14:38:12.721,0 days 00:52:10.191000,44,188.4294444444447,0 days 00:00:29.013000,10383.0,176.0,6,0.0,True,0,car,1836.782222222222,0.3431795232907288,OnTrack,-3787.0892299002417,8483.21342576784,7468.55264624117
2026-09-12 14:38:12.735,0 days 00:52:10.205000,44,188.33611025777807,0 days 00:00:29.027000,10432.000448,175.124992,6,0.0,True,0,pos,1837.4365865274274,0.3433017829835775,OnTrack,-3789.0,8489.0,7469.0
2026-09-12 14:38:12.881,0 days 00:52:10.351000,44,187.36277777777855,0 days 00:00:29.173000,10943.0,166.0,6,0.0,True,0,car,1844.1599999999994,0.34455796774107816,OnTrack,-3805.957285589622,8534.633393126811,7472.466637523738
2026-09-12 14:38:13.121,0 days 00:52:10.591000,44,188.5627777777786,0 days 00:00:29.413000,10652.0,133.0,4,0.0,True,0,car,1853.0266666666662,0.3462145922461668,OnTrack,-3834.5598670771014,8586.732927340308,7475.760465144688
2026-09-12 14:38:13.135,0 days 00:52:10.605000,44,188.7572240000008,0 days 00:00:29.427000,10609.19460864,132.2999936,4,0.0,True,0,pos,1853.4989717083301,0.34630283646863647,OnTrack,-3837.0,8591.0,7476.0
2026-09-12 14:38:13.295,0 days 00:52:10.765000,44,190.97944622222298,0 days 00:00:29.587000,10119.99460864,124.2999936,4,0.0,True,0,pos,1858.6928138105552,0.34727324016436284,OnTrack,-3870.0,8647.0,7479.0
2026-09-12 14:38:13.495,0 days 00:52:10.965000,44,193.7572240000007,0 days 00:00:29.787000,9508.49460864,114.29999360000001,4,0.0,True,0,pos,1864.8031377597492,0.3484148768998814,OnTrack,-3914.0,8708.0,7482.0
2026-09-12 14:38:13.521,0 days 00:52:10.991000,44,194.11833333333402,0 days 00:00:29.813000,9429.0,113.0,2,0.0,True,0,car,1865.5822222222216,0.34856043897643013,OnTrack,-3919.7912723176555,8714.8294656435,7482.325860918505
2026-09-12 14:38:13.775,0 days 00:52:11.245000,44,198.98666912000058,0 days 00:00:30.067000,8815.166357333334,105.94444088888889,2,0.0,True,0,pos,1872.9907096972815,0.3499446211452451,OnTrack,-3971.0,8783.0,7485.0
2026-09-12 14:38:13.881,0 days 00:52:11.351000,44,201.01833333333389,0 days 00:00:30.173000,8559.0,103.0,2,0.0,True,0,car,1875.8822222222216,0.35048486368346915,OnTrack,-3982.4710644704896,8828.898652724225,7486.063008612967
2026-09-12 14:38:13.995,0 days 00:52:11.465000,44,203.7416697244451,0 days 00:00:30.287000,8202.274599466667,97.2999936,2,0.0,True,0,pos,1878.8229114528133,0.3510342942670686,OnTrack,-3989.0,8876.0,7487.0
2026-09-12 14:38:14.121,0 days 00:52:11.591000,44,206.75166666666746,0 days 00:00:30.413000,7808.0,91.0,2,0.0,True,0,car,1881.9488888888882,0.3516183436080035,OnTrack,-3991.570465994693,8904.138616189313,7487.519793170849
2026-09-12 14:38:14.395,0 days 00:52:11.865000,44,213.9822256000009,0 days 00:00:30.687000,8102.5501376,88.4312488,2,10.2750048,True,0,pos,1888.6421135934588,0.35286888797608496,OnTrack,-3963.0,8935.0,7487.0
2026-09-12 14:38:14.441,0 days 00:52:11.911000,44,215.19611111111203,0 days 00:00:30.733000,8152.0,88.0,2,12.0,False,0,car,1889.7711111111105,0.3530798268806631,OnTrack,-3949.9635195188816,8948.003235899942,7486.73757135171
2026-09-12 14:38:14.555,0 days 00:52:12.025000,44,218.36278133333425,0 days 00:00:30.847000,8381.900258133333,88.63333404444444,2,18.966674488888888,False,0,pos,1892.5875143834528,0.3536060362051564,OnTrack,-3913.0,8985.0,7486.0
2026-09-12 14:38:14.801,0 days 00:52:12.271000,44,225.19611111111203,0 days 00:00:31.093000,8878.0,90.0,2,34.0,False,0,car,1898.7711111111105,0.35476136303244477,OnTrack,-3862.02336931074,9032.540496771579,7485.018306402906
2026-09-12 14:38:14.974,0 days 00:52:12.444000,44,230.29000565333416,0 days 00:00:31.266000,8739.5998464,91.85357348571429,2,31.528568685714287,False,0,pos,1903.2270505558358,0.3555938989509398,OnTrack,-3834.0,9057.0,7484.0
2026-09-12 14:38:15.081,0 days 00:52:12.551000,44,233.44055555555633,0 days 00:00:31.373000,8654.0,93.0,2,30.0,False,0,car,1906.0044444444438,0.3561128198655434,OnTrack,-3814.3419300501237,9074.570466732532,7482.961888419366
2026-09-12 14:38:15.281,0 days 00:52:12.751000,44,239.32944444444524,0 days 00:00:31.573000,9109.0,96.0,2,48.0,False,0,car,1911.337777777777,0.35710928573326584,OnTrack,-3774.271900154709,9110.979666688316,7480.382658622226
2026-09-12 14:38:15.414,0 days 00:52:12.884000,44,242.43278280795494,0 days 00:00:31.706000,9212.15806194492,103.36843299606568,2,48.0,False,0,pos,1915.3876540292688,0.35786595388072423,OnTrack,-3751.0,9132.0,7479.0
2026-09-12 14:38:15.642,0 days 00:52:13.112000,44,247.75277777777865,0 days 00:00:31.934000,9389.0,116.0,2,48.0,False,0,car,1922.9699999999993,0.35928261931017974,OnTrack,-3720.355983900816,9159.150375435458,7477.656965650887
2026-09-12 14:38:15.854,0 days 00:52:13.324000,44,251.63944913777874,0 days 00:00:32.146000,10264.6788352,117.7666688,2,33.8666496,False,0,pos,1929.9830795772218,0.3605929245151155,OnTrack,-3684.0,9209.0,7475.0
2026-09-12 14:38:16.002,0 days 00:52:13.472000,44,254.35277777777878,0 days 00:00:32.294000,10876.0,119.0,2,24.0,False,0,car,1934.8699999999992,0.3615059837775355,OnTrack,-3646.0442748206474,9273.26639998379,7471.169983008294
2026-09-12 14:38:16.054,0 days 00:52:13.524000,44,255.2050041955565,0 days 00:00:32.346000,10945.16034048,119.26000128,2,30.24003072,False,0,pos,1936.589555808533,0.3618272610283195,OnTrack,-3635.0,9293.0,7470.0
2026-09-12 14:38:16.202,0 days 00:52:13.672000,44,257.6305555555564,0 days 00:00:32.494000,11142.0,120.0,2,48.0,False,0,car,1941.536666666666,0.3627515661121886,OnTrack,-3617.4623589670746,9327.704572219602,7468.042102171159
2026-09-12 14:38:16.394,0 days 00:52:13.864000,44,260.13722222222316,0 days 00:00:32.686000,10634.64,123.36,2,48.96,False,0,pos,1948.2559977531519,0.36400698812749044,OnTrack,-3611.0,9368.0,7466.0
2026-09-12 14:38:16.602,0 days 00:52:14.072000,44,262.8527777777788,0 days 00:00:32.894000,10085.0,127.0,2,50.0,False,0,car,1955.647777777777,0.36538804872053765,OnTrack,-3602.619787445457,9466.900147548735,7460.73096226711
2026-09-12 14:38:16.674,0 days 00:52:14.144000,44,263.73277777777867,0 days 00:00:32.966000,10086.8,127.0,2,58.1,False,0,pos,1958.1582206840926,0.365857093220977,OnTrack,-3601.0,9498.0,7459.0
2026-09-12 14:38:16.762,0 days 00:52:14.232000,44,264.8083333333341,0 days 00:00:33.054000,10089.0,127.0,3,68.0,False,0,car,1961.2922222222217,0.3664426417638773,OnTrack,-3600.5639269358567,9527.360959234631,7457.275905692445
2026-09-12 14:38:17.002,0 days 00:52:14.472000,44,266.8750000000007,0 days 00:00:33.294000,10509.0,140.0,3,79.0,False,0,car,1970.6255555555547,0.3681864570323916,OnTrack,-3609.3899805827323,9580.738157602103,7453.633968271281
2026-09-12 14:38:17.034,0 days 00:52:14.504000,44,267.1594444444452,0 days 00:00:33.326000,10618.8,140.0,3,80.6,False,0,pos,1971.868534299436,0.3684186918872508,OnTrack,-3612.0,9590.0,7453.0
2026-09-12 14:38:17.162,0 days 00:52:14.632000,44,268.29722222222335,0 days 00:00:33.454000,11058.0,140.0,3,87.0,False,0,car,1976.847777777777,0.3693490005447345,OnTrack,-3625.9629039070296,9634.572016585766,7449.995842413113
2026-09-12 14:38:17.255,0 days 00:52:14.725000,44,268.86555672888977,0 days 00:00:33.547000,11437.44078336,144.6500096,3,87.93000192,False,0,pos,1980.6440306285244,0.3700582823680496,OnTrack,-3639.0,9669.0,7448.0
2026-09-12 14:38:17.362,0 days 00:52:14.832000,44,269.51944444444507,0 days 00:00:33.654000,11874.0,150.0,3,89.0,False,0,car,1985.1811111111106,0.3709059784630509,OnTrack,-3656.5617556018888,9706.506108555632,7446.402848320659
2026-09-12 14:38:17.435,0 days 00:52:14.905000,44,269.86416757333416,0 days 00:00:33.727000,11697.8870368,152.7375072,3,91.5093816,False,0,pos,1988.352328365621,0.3714984802917857,OnTrack,-3672.0,9737.0,7445.0
2026-09-12 14:38:17.682,0 days 00:52:15.152000,44,271.03055555555693,0 days 00:00:33.974000,11102.0,162.0,3,100.0,False,0,car,1999.5811111111102,0.37359643630590156,OnTrack,-3745.361111078929,9881.774492817225,7436.423984278122
2026-09-12 14:38:17.695,0 days 00:52:15.165000,44,271.04861137777914,0 days 00:00:33.987000,11097.05992704,162.84501248,3,100.0,False,0,pos,2000.1966534240175,0.37371144260057987,OnTrack,-3749.0,9889.0,7436.0
2026-09-12 14:38:17.882,0 days 00:52:15.352000,44,271.30833333333453,0 days 00:00:34.174000,11026.0,175.0,4,100.0,False,0,car,2009.3033333333326,0.37541291054393733,OnTrack,-3793.068439546086,9977.344789941428,7431.191828852798
2026-09-12 14:38:18.082,0 days 00:52:15.552000,44,271.197222222223,0 days 00:00:34.374000,11402.0,183.0,4,100.0,False,0,car,2019.4699999999993,0.3773124236042833,OnTrack,-3832.3306242333897,10058.4002358821,7427.273283370653
2026-09-12 14:38:18.095,0 days 00:52:15.565000,44,271.09972079643734,0 days 00:00:34.387000,11411.35776782028,183.47381102887493,4,100.0,False,0,pos,2020.1512855282842,0.3774397131871163,OnTrack,-3835.0,10064.0,7427.0
2026-09-12 14:38:18.455,0 days 00:52:15.925000,44,268.3997211900595,0 days 00:00:34.747000,11670.492126397503,196.5945380454432,4,100.0,False,0,pos,2039.983996587284,0.38114520436862165,OnTrack,-3910.0,10238.0,7419.0
2026-09-12 14:38:18.521,0 days 00:52:15.991000,44,267.9047222222234,0 days 00:00:34.813000,11718.0,199.0,4,100.0,False,0,car,2043.736944444444,0.38184639520168456,OnTrack,-3921.7199588254925,10275.094229877443,7417.675844987213
2026-09-12 14:38:18.801,0 days 00:52:16.271000,44,264.79361111111257,0 days 00:00:35.093000,10677.0,207.0,5,100.0,False,0,car,2059.836944444444,0.38485447653987176,OnTrack,-3961.10774708351,10444.225564899587,7412.85665791948
2026-09-12 14:38:18.935,0 days 00:52:16.405000,44,263.1558317688903,0 days 00:00:35.227000,10806.533457066667,207.0,5,100.0,False,0,pos,2067.5121014015654,0.38628848252809384,OnTrack,-3973.0,10508.0,7411.0
2026-09-12 14:38:19.041,0 days 00:52:16.511000,44,261.8602777777792,0 days 00:00:35.333000,10909.0,207.0,5,100.0,False,0,car,2073.6369444444435,0.38743283197260364,OnTrack,-3979.0166001528373,10545.97961635951,7409.736060178869
2026-09-12 14:38:19.201,0 days 00:52:16.671000,44,259.5936111111123,0 days 00:00:35.493000,11030.0,212.0,5,100.0,False,0,car,2083.059166666666,0.38919325500558005,OnTrack,-3983.2937063652735,10589.561002905539,7408.042606197527
2026-09-12 14:38:19.335,0 days 00:52:16.805000,44,257.58360919111215,0 days 00:00:35.627000,11106.092929828572,212.95714377142858,5,100.0,False,0,pos,2090.9984254897413,0.3906766050866192,OnTrack,-3988.0,10659.0,7406.0
2026-09-12 14:38:19.481,0 days 00:52:16.951000,44,255.39361111111202,0 days 00:00:35.773000,11189.0,214.0,5,100.0,False,0,car,2099.7036111111106,0.39230305890109735,OnTrack,-3995.7139645893685,10779.642406383202,7402.92777167396
2026-09-12 14:38:19.575,0 days 00:52:17.045000,44,253.8530534577792,0 days 00:00:35.867000,11283.5876288,215.7625024,5,100.0,False,0,pos,2105.3554417494565,0.3933590319613335,OnTrack,-4000.0,10849.0,7401.0
2026-09-12 14:38:19.641,0 days 00:52:17.111000,44,252.77138888889067,0 days 00:00:35.933000,11350.0,217.0,5,100.0,False,0,car,2109.3480555555548,0.39410500134522874,OnTrack,-4001.9825980002256,10882.669127044363,7399.843864148545
2026-09-12 14:38:19.815,0 days 00:52:17.285000,44,249.67805328000154,0 days 00:00:36.107000,11457.6625792,219.1750016,5,100.0,False,0,pos,2119.9768064297423,0.3960908489944763,OnTrack,-4005.0,10945.0,7397.0
2026-09-12 14:38:19.961,0 days 00:52:17.431000,44,247.08250000000135,0 days 00:00:36.253000,11548.0,221.0,5,100.0,False,0,car,2128.9924999999994,0.3977753172913399,OnTrack,-4008.5667864103953,11031.01790653479,7393.746581636639
2026-09-12 14:38:20.035,0 days 00:52:17.505000,44,245.56138625777913,0 days 00:00:36.327000,11592.4000768,222.0571446857143,5,100.0,False,0,pos,2133.590756825258,0.3986344434121009,OnTrack,-4010.0,11079.0,7392.0
2026-09-12 14:38:20.241,0 days 00:52:17.711000,44,241.32694444444587,0 days 00:00:36.533000,11716.0,225.0,5,100.0,False,0,car,2146.4924999999994,0.4010449709198043,OnTrack,-4011.0361434839565,11206.725977278034,7387.312166302395
2026-09-12 14:38:20.255,0 days 00:52:17.725000,44,241.01583048889032,0 days 00:00:36.547000,11729.72012544,225.21000192,5,100.0,False,0,pos,2147.3747067274708,0.40120980008709184,OnTrack,-4011.0,11215.0,7387.0
2026-09-12 14:38:20.441,0 days 00:52:17.911000,44,236.88250000000153,0 days 00:00:36.733000,11912.0,228.0,5,100.0,False,0,car,2159.159166666666,0.40341157735564515,OnTrack,-4008.9933284125873,11324.650603064838,7382.687463681571
2026-09-12 14:38:20.495,0 days 00:52:17.965000,44,235.44249658666814,0 days 00:00:36.787000,11928.500039111112,228.45000106666666,5,99.24999822222222,False,0,pos,2162.601897139064,0.40405480799455373,OnTrack,-4007.0,11365.0,7381.0
2026-09-12 14:38:20.795,0 days 00:52:18.265000,44,227.44249658666783,0 days 00:00:37.087000,12020.166705777778,230.95000106666666,5,95.08333155555556,False,0,pos,2181.8722461654434,0.40765522894403244,OnTrack,-3986.0,11643.0,7369.0
2026-09-12 14:38:20.801,0 days 00:52:18.271000,44,227.28250000000116,0 days 00:00:37.093000,12022.0,231.0,5,95.0,False,0,car,2182.2591666666663,0.4077275201452182,OnTrack,-3985.66455998844,11646.98423876842,7368.835392062308
2026-09-12 14:38:20.961,0 days 00:52:18.431000,44,222.79361111111257,0 days 00:00:37.253000,12004.0,232.0,5,53.0,False,0,car,2192.570277777777,0.4096540208228149,OnTrack,-3979.6149697052674,11714.073628327274,7366.324908448027
2026-09-12 14:38:21.135,0 days 00:52:18.605000,44,217.6219406400012,0 days 00:00:37.427000,11911.199931733334,229.09999786666665,5,47.19999573333333,False,0,pos,2203.6261599569357,0.4117196725532698,OnTrack,-3963.0,11775.0,7365.0
2026-09-12 14:38:21.201,0 days 00:52:18.671000,44,215.6602777777789,0 days 00:00:37.493000,11876.0,228.0,5,45.0,False,0,car,2207.770277777777,0.412493948545824,OnTrack,-3949.4546840756934,11815.108471635205,7364.135268585702
2026-09-12 14:38:21.454,0 days 00:52:18.924000,44,207.7188828622232,0 days 00:00:37.746000,11785.341597866667,224.48610844444445,5,63.27223608888889,False,0,pos,2223.434140131852,0.4154205430819249,OnTrack,-3866.0,12013.0,7360.0
2026-09-12 14:38:21.561,0 days 00:52:19.031000,44,204.36027777777872,0 days 00:00:37.853000,11747.0,223.0,5,71.0,False,0,car,2230.0702777777774,0.4166604214552386,OnTrack,-3820.4625099312925,12079.829737175718,7358.77582017458
2026-09-12 14:38:21.721,0 days 00:52:19.191000,44,199.11583333333465,0 days 00:00:38.013000,11798.0,225.0,5,71.0,False,0,car,2240.0702777777774,0.4185287949572183,OnTrack,-3745.9845875646324,12155.988665879664,7357.581865397302
2026-09-12 14:38:21.814,0 days 00:52:19.284000,44,195.88665914246124,0 days 00:00:38.106000,11765.584986711367,225.0,5,70.61410698465912,False,0,pos,2245.884052894611,0.4196150252946944,OnTrack,-3708.0,12191.0,7357.0
2026-09-12 14:38:21.962,0 days 00:52:19.432000,44,190.747777777779,0 days 00:00:38.254000,11714.0,225.0,5,70.0,False,0,car,2255.1327777777774,0.4213430325445751,OnTrack,-3658.1419477989875,12233.793357448138,7356.175129570129
2026-09-12 14:38:22.174,0 days 00:52:19.644000,44,183.03332401777877,0 days 00:00:38.466000,11486.0997248,225.0,5,28.4832832,False,0,pos,2268.387940633501,0.42381959204898095,OnTrack,-3587.0,12287.0,7355.0
2026-09-12 14:38:22.202,0 days 00:52:19.672000,44,182.01444444444542,0 days 00:00:38.494000,11456.0,225.0,5,23.0,True,0,car,2270.1327777777774,0.4241455927975446,OnTrack,-3575.0501159633723,12295.567734948694,7354.821187295451
2026-09-12 14:38:22.402,0 days 00:52:19.872000,44,174.68111111111193,0 days 00:00:38.694000,11008.0,222.0,5,7.0,True,0,car,2282.466111111111,0.42644992011665284,OnTrack,-3470.491830959455,12369.62031694559,7353.1494407389655
2026-09-12 14:38:22.414,0 days 00:52:19.884000,44,174.26443555555636,0 days 00:00:38.706000,11019.050235733333,221.49998933333333,5,7.500010666666666,True,0,pos,2283.189207738179,0.4265850215743914,OnTrack,-3463.0,12375.0,7353.0
2026-09-12 14:38:22.614,0 days 00:52:20.084000,44,167.3199911111118,0 days 00:00:38.906000,11203.2169024,213.166656,5,15.833344,True,0,pos,2294.9626733182454,0.4287847446860179,OnTrack,-3329.0,12478.0,7350.0
2026-09-12 14:38:22.642,0 days 00:52:20.112000,44,166.34777777777845,0 days 00:00:38.934000,11229.0,212.0,5,17.0,False,0,car,2296.599444444444,0.4290905546661174,OnTrack,-3313.0596646601302,12493.174155888777,7349.668603549675
2026-09-12 14:38:22.882,0 days 00:52:20.352000,44,158.01444444444542,0 days 00:00:39.174000,10851.0,210.0,5,16.0,False,0,car,2310.599444444444,0.4317062775688889,OnTrack,-3219.2991428362575,12622.860155133898,7348.264134624873
2026-09-12 14:38:22.994,0 days 00:52:20.464000,44,154.18777777777873,0 days 00:00:39.286000,10801.3,208.25,5,30.0,False,0,pos,2317.0195886572305,0.43290580030149467,OnTrack,-3192.0,12672.0,7348.0
2026-09-12 14:38:23.202,0 days 00:52:20.672000,44,147.08111111111202,0 days 00:00:39.494000,10709.0,205.0,5,56.0,False,0,car,2328.8216666666663,0.43511086928360737,OnTrack,-3160.405968068067,12734.317887281915,7347.737676243055
2026-09-12 14:38:23.394,0 days 00:52:20.864000,44,140.41444444444545,0 days 00:00:39.686000,10686.92,205.48,5,61.76,False,0,pos,2339.779354142577,0.43715817457590406,OnTrack,-3143.0,12822.0,7347.0
2026-09-12 14:38:23.602,0 days 00:52:21.072000,44,133.19222222222334,0 days 00:00:39.894000,10663.0,206.0,5,68.0,False,0,car,2351.710555555555,0.439387368632583,OnTrack,-3128.0317032896164,12994.756383155558,7345.192564690621
2026-09-12 14:38:23.634,0 days 00:52:21.104000,44,132.05444444444552,0 days 00:00:39.926000,10703.64,206.32,5,70.24,False,0,pos,2353.5498337036693,0.43973101448805374,OnTrack,-3127.0,13017.0,7345.0
2026-09-12 14:38:23.802,0 days 00:52:21.272000,44,126.08111111111202,0 days 00:00:40.094000,10917.0,208.0,5,82.0,False,0,car,2363.2661111111106,0.44154637801264834,OnTrack,-3129.004603665598,13091.415470930697,7344.726283774157
2026-09-12 14:38:23.955,0 days 00:52:21.425000,44,120.30110385777873,0 days 00:00:40.247000,11055.9751744,210.8687536,5,87.7375072,False,0,pos,2372.335510040099,0.44324088047642884,OnTrack,-3141.0,13139.0,7345.0
2026-09-12 14:38:24.282,0 days 00:52:21.752000,44,107.94777777777881,0 days 00:00:40.574000,11353.0,217.0,5,100.0,False,0,car,2392.1994444444435,0.4469522053450427,OnTrack,-3205.473192297008,13320.281167704117,7346.776048668775
2026-09-12 14:38:24.295,0 days 00:52:21.765000,44,107.43499242666769,0 days 00:00:40.587000,11369.5752448,217.13000192,5,100.0,False,0,pos,2392.9903776244864,0.4470999812045856,OnTrack,-3210.0,13332.0,7347.0
2026-09-12 14:38:24.435,0 days 00:52:21.905000,44,101.91277020444547,0 days 00:00:40.727000,11548.0752448,218.53000192,5,100.0,False,0,pos,2401.506737283109,0.44869115527653547,OnTrack,-3264.0,13470.0,7350.0
2026-09-12 14:38:24.682,0 days 00:52:22.152000,44,92.17000000000098,0 days 00:00:40.974000,11863.0,221.0,5,100.0,False,0,car,2416.754999999999,0.45154010027768166,OnTrack,-3304.7281338882894,13576.604994570911,7352.619187039505
2026-09-12 14:38:24.815,0 days 00:52:22.285000,44,86.55443633777845,0 days 00:00:41.107000,11630.249664,228.4812608,5,100.0,False,0,pos,2425.237945848687,0.4531250314019234,OnTrack,-3325.0,13632.0,7354.0
2026-09-12 14:38:24.842,0 days 00:52:22.312000,44,85.41444444444505,0 days 00:00:41.134000,11583.0,230.0,5,100.0,False,0,car,2426.977222222222,0.45344999319081647,OnTrack,-3330.834546423121,13647.841976157013,7354.377876929562
2026-09-12 14:38:25.042,0 days 00:52:22.512000,44,76.74777777777854,0 days 00:00:41.334000,10313.0,234.0,5,100.0,False,0,car,2439.977222222222,0.45587887874339,OnTrack,-3386.831443862155,13799.338549561086,7358.0020351802705
2026-09-12 14:38:25.095,0 days 00:52:22.565000,44,74.42165886289453,0 days 00:00:41.387000,10396.159274802538,234.2217580661401,5,100.0,False,0,pos,2443.432004200396,0.4565243610537037,OnTrack,-3400.0,13835.0,7359.0
2026-09-12 14:38:25.281,0 days 00:52:22.751000,44,66.25833333333412,0 days 00:00:41.573000,10688.0,235.0,6,100.0,False,0,car,2455.5786111111106,0.4587938009027979,OnTrack,-3433.48731260038,13925.999798605191,7362.316227684543
2026-09-12 14:38:25.395,0 days 00:52:22.865000,44,61.19166097777842,0 days 00:00:41.687000,10719.3500352,235.95000106666666,6,96.19999573333334,False,0,pos,2463.0658172962617,0.4601926906668174,OnTrack,-3454.0,13981.0,7364.0
2026-09-12 14:38:25.521,0 days 00:52:22.991000,44,55.59166666666715,0 days 00:00:41.813000,10754.0,237.0,6,92.0,False,0,car,2471.378611111111,0.4617458310359258,OnTrack,-3482.4648605617263,14056.694331183948,7365.440610507678
2026-09-12 14:38:25.575,0 days 00:52:23.045000,44,53.221661048889345,0 days 00:00:41.867000,10744.699977955555,237.30000071111112,6,91.84999964444444,False,0,pos,2474.9522176988826,0.46241351422143506,OnTrack,-3495.0,14092.0,7366.0
2026-09-12 14:38:25.881,0 days 00:52:23.351000,44,39.79166666666697,0 days 00:00:42.173000,10692.0,239.0,6,91.0,False,0,car,2495.278611111111,0.4662112437056572,OnTrack,-3556.971464095337,14306.591271622765,7368.774886291726
2026-09-12 14:38:25.975,0 days 00:52:23.445000,44,35.822772373333684,0 days 00:00:42.267000,10715.8916992,239.0,6,92.7625024,False,0,pos,2501.5163529025263,0.4673766868531843,OnTrack,-3568.0,14368.0,7369.0
2026-09-12 14:38:26.315,0 days 00:52:23.785000,44,21.4672168177783,0 days 00:00:42.607000,10802.308365866667,239.0,6,99.1375024,False,0,pos,2524.078206963375,0.4715920838814666,OnTrack,-3568.0,14567.0,7367.0
2026-09-12 14:38:26.361,0 days 00:52:23.831000,44,19.525000000000546,0 days 00:00:42.653000,10814.0,239.0,6,100.0,False,0,car,2527.145277777777,0.4721651272652989,OnTrack,-3564.1241386982247,14596.828772735711,7366.661054499989
2026-09-12 14:38:26.435,0 days 00:52:23.905000,44,16.564994880000505,0 days 00:00:42.727000,10813.3062488,239.4625008,6,100.0,False,0,pos,2532.088619380599,0.47308872811149355,OnTrack,-3556.0,14646.0,7366.0
2026-09-12 14:38:26.655,0 days 00:52:24.125000,44,7.764994880000378,0 days 00:00:42.947000,10811.2437488,240.8375008,6,100.0,False,0,pos,2546.826983129211,0.4758424049405379,OnTrack,-3517.0,14787.0,7362.0
2026-09-12 14:38:26.681,0 days 00:52:24.151000,44,6.725000000000364,0 days 00:00:42.973000,10811.0,241.0,6,100.0,False,0,car,2548.5674999999997,0.47616759850065093,OnTrack,-3510.9913484403564,14803.215844006923,7361.387363038312
2026-09-12 14:38:26.841,0 days 00:52:24.311000,44,0.4583333333334849,0 days 00:00:43.133000,10869.0,241.0,6,100.0,False,0,car,2559.278611111111,0.47816883411832695,OnTrack,-3467.6311580213765,14901.036497541161,7357.08465782932
2026-09-12 14:38:26.975,0 days 00:52:24.445000,44,567.3236578022228,0 days 00:00:43.267000,10909.6187888,241.8375008,6,94.1374944,False,0,pos,2568.297523296763,0.47985390377276227,OnTrack,-3423.0,14979.0,7353.0
2026-09-12 14:38:27.161,0 days 00:52:24.631000,81,1354.165277777779,0 days 00:00:43.453000,10966.0,243.0,6,86.0,False,0,car,2580.878611111111,0.48220452088260296,OnTrack,-3348.874594061502,15079.705557307821,7346.99850962129
2026-09-12 14:38:27.195,0 days 00:52:24.665000,81,1352.8052726577794,0 days 00:00:43.487000,10960.72998016,243.17000064,6,84.12999296,False,0,pos,2583.1820241149326,0.4826348844646486,OnTrack,-3334.0,15097.0,7346.0
2026-09-12 14:38:27.361,0 days 00:52:24.831000,81,1346.1652777777808,0 days 00:00:43.653000,10935.0,244.0,6,75.0,False,0,car,2594.434166666666,0.48473720496306416,OnTrack,-3255.7848804239293,15176.13401404641,7341.6618593445155
2026-09-12 14:38:27.415,0 days 00:52:24.885000,81,1344.1702730488919,0 days 00:00:43.707000,10948.63503232,244.0,6,78.375008,False,0,pos,2598.0901935385564,0.4854202873360606,OnTrack,-3228.0,15200.0,7340.0
2026-09-12 14:38:27.555,0 days 00:52:25.025000,81,1338.9980508266694,0 days 00:00:43.847000,10983.98503232,244.0,6,87.125008,False,0,pos,2607.55581954828,0.4871888198176824,OnTrack,-3152.0,15257.0,7335.0
2026-09-12 14:38:27.761,0 days 00:52:25.231000,81,1331.3875000000025,0 days 00:00:44.053000,11036.0,244.0,6,100.0,False,0,car,2621.545277777777,0.48980257312398673,OnTrack,-3032.6188274146325,15326.091477884262,7329.5037314498095
2026-09-12 14:38:27.775,0 days 00:52:25.245000,81,1330.8936065955581,0 days 00:00:44.067000,11046.383428266667,244.23333546666666,6,100.0,False,0,pos,2622.501902029333,0.4899813062642827,OnTrack,-3021.0,15331.0,7329.0
2026-09-12 14:38:27.955,0 days 00:52:25.425000,81,1324.5436065955585,0 days 00:00:44.247000,11179.883428266667,247.23333546666666,6,100.0,False,0,pos,2634.8795736565744,0.49229391763273694,OnTrack,-2841.0,15395.0,7321.0
2026-09-12 14:38:28.001,0 days 00:52:25.471000,81,1322.9208333333363,0 days 00:00:44.293000,11214.0,248.0,6,100.0,False,0,car,2638.07861111111,0.4928916173139264,OnTrack,-2804.6164654175827,15407.248021038442,7319.346848678346
2026-09-12 14:38:28.361,0 days 00:52:25.831000,81,1310.620833333337,0 days 00:00:44.653000,11562.0,255.0,6,100.0,False,0,car,2663.57861111111,0.49765596974397447,OnTrack,-2640.2791222300857,15433.650394368782,7313.6832274421495
2026-09-12 14:38:28.414,0 days 00:52:25.884000,81,1308.8983264086132,0 days 00:00:44.706000,11563.97516321994,255.6583877399802,6,100.0,False,0,pos,2667.354518884028,0.4983614503468584,OnTrack,-2592.0,15431.0,7313.0
2026-09-12 14:38:28.522,0 days 00:52:25.992000,81,1305.3883333333351,0 days 00:00:44.814000,11568.0,257.0,6,100.0,False,0,car,2675.072222222221,0.49980340558818037,OnTrack,-2460.9672526642403,15421.646532544866,7311.426005671338
2026-09-12 14:38:28.634,0 days 00:52:26.104000,81,1301.9972222222248,0 days 00:00:44.926000,11666.35,258.75,6,100.0,False,0,pos,2683.1564237348043,0.5013138363772578,OnTrack,-2336.0,15411.0,7310.0
2026-09-12 14:38:28.842,0 days 00:52:26.312000,81,1295.6994444444485,0 days 00:00:45.134000,11849.0,262.0,6,100.0,False,0,car,2698.36111111111,0.5041546398772352,OnTrack,-2268.1526291364644,15398.278432087141,7309.068289647901
2026-09-12 14:38:28.894,0 days 00:52:26.364000,81,1294.2983264355594,0 days 00:00:45.186000,11786.455247644444,262.7222257777778,6,100.0,False,0,pos,2702.190998413923,0.5048702058724495,OnTrack,-2251.0,15392.0,7309.0
2026-09-12 14:38:29.202,0 days 00:52:26.672000,81,1285.999444444447,0 days 00:00:45.494000,11416.0,267.0,6,100.0,False,0,car,2725.0611111111098,0.5091431971275208,OnTrack,-2039.6088020624259,15314.911089348967,7309.856190308928
2026-09-12 14:38:29.214,0 days 00:52:26.684000,81,1285.6827710222249,0 days 00:00:45.506000,11365.37392,267.1500032,6,100.0,False,0,pos,2725.9557985981173,0.5093103581668484,OnTrack,-2031.0,15311.0,7310.0
2026-09-12 14:38:29.362,0 days 00:52:26.832000,81,1281.7772222222256,0 days 00:00:45.654000,10741.0,269.0,6,100.0,False,0,car,2737.0166666666655,0.5113769414476653,OnTrack,-1932.6354224949062,15258.563680280546,7312.650560583616
2026-09-12 14:38:29.494,0 days 00:52:26.964000,81,1278.73388298667,0 days 00:00:45.786000,10762.4500416,270.2375024,6,100.0,False,0,pos,2746.957640565607,0.5132342866693307,OnTrack,-1852.0,15204.0,7316.0
2026-09-12 14:38:29.654,0 days 00:52:27.124000,81,1275.0449940977812,0 days 00:00:45.946000,10788.4500416,271.7375024,6,100.0,False,0,pos,2759.073520326223,0.5154979855391213,OnTrack,-1759.0,15129.0,7321.0
2026-09-12 14:38:29.682,0 days 00:52:27.152000,81,1274.399444444448,0 days 00:00:45.974000,10793.0,272.0,7,100.0,False,0,car,2761.194444444443,0.5158942533813405,OnTrack,-1744.1023086568007,15116.16322369232,7322.051270567606
2026-09-12 14:38:29.854,0 days 00:52:27.324000,81,1270.7205500800026,0 days 00:00:46.146000,10872.98011904,272.86000128,7,100.0,False,0,pos,2774.2327218535056,0.5183302905835957,OnTrack,-1652.0,15022.0,7330.0
2026-09-12 14:38:29.882,0 days 00:52:27.352000,81,1270.1216666666692,0 days 00:00:46.174000,10886.0,273.0,7,100.0,False,0,car,2776.36111111111,0.5187279531926764,OnTrack,-1633.3483615100477,14997.941180957156,7331.5956005731005
2026-09-12 14:38:30.074,0 days 00:52:27.544000,81,1266.1750000000036,0 days 00:00:46.366000,10960.742857142857,274.37142857142857,7,100.0,False,0,pos,2791.01458032252,0.5214657685513437,OnTrack,-1496.0,14797.0,7343.0
2026-09-12 14:38:30.162,0 days 00:52:27.632000,81,1264.366111111115,0 days 00:00:46.454000,10995.0,275.0,7,100.0,False,0,car,2797.749999999999,0.5227241965163552,OnTrack,-1457.967545789615,14734.946821357593,7346.181807553242
2026-09-12 14:38:30.475,0 days 00:52:27.945000,81,1258.453885262224,0 days 00:00:46.767000,10981.088880355555,275.8694449777778,7,100.0,False,0,pos,2821.746530994543,0.5272076447813189,OnTrack,-1418.0,14614.0,7352.0
2026-09-12 14:38:30.522,0 days 00:52:27.992000,81,1257.5661111111126,0 days 00:00:46.814000,10979.0,276.0,7,100.0,False,0,car,2825.349999999999,0.5278809073818189,OnTrack,-1409.425547697321,14583.371442382291,7353.905733839254
2026-09-12 14:38:30.675,0 days 00:52:28.145000,81,1254.5061072711144,0 days 00:00:46.967000,10996.59502208,276.0,7,100.0,False,0,pos,2837.0779099693636,0.5300721190038553,OnTrack,-1378.0,14466.0,7361.0
2026-09-12 14:38:30.722,0 days 00:52:28.192000,81,1253.5661111111149,0 days 00:00:47.014000,11002.0,276.0,7,100.0,False,0,car,2840.6833333333325,0.5307457467515211,OnTrack,-1370.9079038534076,14432.257390308048,7362.572388876237
2026-09-12 14:38:30.835,0 days 00:52:28.305000,81,1251.0549957333367,0 days 00:00:47.127000,11009.62751296,276.28250048,7,100.0,False,0,pos,2849.3608697457976,0.5323670346610725,OnTrack,-1360.0,14344.0,7366.0
2026-09-12 14:38:31.075,0 days 00:52:28.545000,81,1245.7216624000027,0 days 00:00:47.367000,11025.82751296,276.88250048,7,100.0,False,0,pos,2867.835490254324,0.5358187838027985,OnTrack,-1365.0,14051.0,7378.0
2026-09-12 14:38:31.122,0 days 00:52:28.592000,81,1244.6772222222248,0 days 00:00:47.414000,11029.0,277.0,7,100.0,False,0,car,2871.4611111111103,0.5364961851965029,OnTrack,-1369.5805539157222,14000.414200276726,7379.717119264486
2026-09-12 14:38:31.482,0 days 00:52:28.952000,81,1235.7772222222256,0 days 00:00:47.774000,11018.0,278.0,7,100.0,False,0,car,2899.26111111111,0.5416902635320062,OnTrack,-1436.1873343915545,13738.492000200255,7382.462034805203
2026-09-12 14:38:31.535,0 days 00:52:29.005000,81,1234.4816619733365,0 days 00:00:47.827000,11011.7062272,277.6687488,7,100.0,False,0,pos,2903.3372191393164,0.542451832755117,OnTrack,-1449.0,13704.0,7382.0
2026-09-12 14:38:31.642,0 days 00:52:29.112000,81,1231.8661111111137,0 days 00:00:47.934000,10999.0,277.0,7,100.0,False,0,car,2911.5722222222207,0.5439904389099989,OnTrack,-1476.683819942351,13632.935493414585,7380.606064537767
2026-09-12 14:38:31.895,0 days 00:52:29.365000,81,1225.1897186870597,0 days 00:00:48.187000,11019.856641868011,279.7204315480014,7,100.0,False,0,pos,2931.248457296035,0.5476666945330627,OnTrack,-1544.0,13474.0,7376.0
2026-09-12 14:38:31.921,0 days 00:52:29.391000,81,1224.503611111113,0 days 00:00:48.213000,11022.0,280.0,7,100.0,False,0,car,2933.272222222221,0.5480448094092948,OnTrack,-1550.0715275306752,13460.518375182834,7375.5678951277805
2026-09-12 14:38:32.081,0 days 00:52:29.551000,81,1220.2369444444475,0 days 00:00:48.373000,11022.0,280.0,7,100.0,False,0,car,2945.7166666666653,0.5503698964339805,OnTrack,-1583.7901490946467,13389.705793113499,7373.118511721988
2026-09-12 14:38:32.215,0 days 00:52:29.685000,81,1216.6636076977811,0 days 00:00:48.507000,11005.808317866667,280.55833386666666,7,100.0,False,0,pos,2956.176825216213,0.5523242447400284,OnTrack,-1620.0,13322.0,7370.0
2026-09-12 14:38:32.321,0 days 00:52:29.791000,81,1213.836944444448,0 days 00:00:48.613000,10993.0,281.0,7,100.0,False,0,car,2964.449999999999,0.5538699827943557,OnTrack,-1659.0862840685625,13252.882867404429,7366.287423271694
2026-09-12 14:38:32.435,0 days 00:52:29.905000,81,1210.8286077333364,0 days 00:00:48.727000,11010.1000192,280.42999936,7,100.0,False,0,pos,2973.3202542204076,0.5555272775884792,OnTrack,-1706.0,13173.0,7362.0
2026-09-12 14:38:32.521,0 days 00:52:29.991000,81,1208.5591666666696,0 days 00:00:48.813000,11023.0,280.0,7,100.0,False,0,car,2980.0055555555546,0.556776341575213,OnTrack,-1740.7557017016218,13116.124312734535,7359.249350191021
2026-09-12 14:38:32.681,0 days 00:52:30.151000,81,1204.5147222222267,0 days 00:00:48.973000,11023.0,280.0,7,100.0,False,0,car,2992.449999999999,0.5591014285998988,OnTrack,-1806.1120413022632,13015.244099944819,7354.729521391594
2026-09-12 14:38:32.775,0 days 00:52:30.245000,81,1202.2169413155598,0 days 00:00:49.067000,11013.12998656,280.0,7,100.0,False,0,pos,2999.7611369436913,0.5604674220533927,OnTrack,-1851.0,12951.0,7351.0
2026-09-12 14:38:32.881,0 days 00:52:30.351000,81,1199.6258333333371,0 days 00:00:49.173000,11002.0,280.0,7,100.0,False,0,car,3008.0055555555546,0.5620077873807561,OnTrack,-1909.0656266184544,12872.041257683695,7345.599383073688
2026-09-12 14:38:32.935,0 days 00:52:30.405000,81,1198.3358302755594,0 days 00:00:49.227000,11000.37999616,280.0,7,100.0,False,0,pos,3012.2058979000803,0.5627925682143315,OnTrack,-1944.0,12827.0,7343.0
2026-09-12 14:38:33.081,0 days 00:52:30.551000,81,1194.8480555555593,0 days 00:00:49.373000,10996.0,280.0,7,100.0,False,0,car,3023.5611111111098,0.5649141461616132,OnTrack,-2059.3001928349395,12686.711079360424,7337.830697595269
2026-09-12 14:38:33.155,0 days 00:52:30.625000,81,1193.1624970844484,0 days 00:00:49.447000,10996.616667733333,280.0,7,100.0,False,0,pos,3029.313522989388,0.565988911554198,OnTrack,-2113.0,12623.0,7336.0
2026-09-12 14:38:33.321,0 days 00:52:30.791000,81,1189.381388888893,0 days 00:00:49.613000,10998.0,280.0,7,100.0,False,0,car,3042.2277777777767,0.5684017766986419,OnTrack,-2195.802649567128,12526.386901666594,7333.431861197121
2026-09-12 14:38:33.521,0 days 00:52:30.991000,81,1184.7702777777808,0 days 00:00:49.813000,11003.0,281.0,7,100.0,False,0,car,3057.838888888888,0.571318515332288,OnTrack,-2262.850444499235,12450.984199134547,7332.181939745489
2026-09-12 14:38:33.555,0 days 00:52:31.025000,81,1183.9958304177808,0 days 00:00:49.847000,11002.31999744,280.82999936,7,100.0,False,0,pos,3060.4869939572013,0.5718132802662974,OnTrack,-2277.0,12435.0,7332.0
2026-09-12 14:38:33.721,0 days 00:52:31.191000,81,1180.2147222222247,0 days 00:00:50.013000,10999.0,280.0,7,100.0,False,0,car,3073.3944444444433,0.5742248741131452,OnTrack,-2358.3895868039717,12342.671914675144,7331.223122137612
2026-09-12 14:38:33.795,0 days 00:52:31.265000,81,1178.5291637511139,0 days 00:00:50.087000,10994.374992,280.0,7,100.0,False,0,pos,3079.156632455931,0.5753014660525538,OnTrack,-2400.0,12295.0,7331.0
2026-09-12 14:38:33.881,0 days 00:52:31.351000,81,1176.570277777781,0 days 00:00:50.173000,10989.0,280.0,7,100.0,False,0,car,3085.838888888888,0.576549961137831,OnTrack,-2451.8745519213894,12235.101558300297,7330.867130799464
2026-09-12 14:38:34.015,0 days 00:52:31.485000,81,1173.6297194133356,0 days 00:00:50.307000,10894.3624096,277.4874976,7,100.0,False,0,pos,3096.1610210414137,0.5784785209576021,OnTrack,-2532.0,12142.0,7331.0
2026-09-12 14:38:34.041,0 days 00:52:31.511000,81,1173.0591666666687,0 days 00:00:50.333000,10876.0,277.0,7,100.0,False,0,car,3098.1499999999987,0.5788501365158236,OnTrack,-2545.8540842000934,12125.875629678978,7331.087096136063
2026-09-12 14:38:34.361,0 days 00:52:31.831000,81,1166.5702777777828,0 days 00:00:50.653000,10469.0,271.0,7,100.0,False,0,car,3122.2388888888877,0.5833508406850368,OnTrack,-2684.6017346218446,11963.26868721972,7333.621700162194
2026-09-12 14:38:34.395,0 days 00:52:31.865000,81,1165.9374976177826,0 days 00:00:50.687000,10439.6748896,269.7249952,7,100.0,False,0,pos,3124.75361761886,0.5838206859374117,OnTrack,-2700.0,11945.0,7334.0
2026-09-12 14:38:34.521,0 days 00:52:31.991000,81,1163.5925000000034,0 days 00:00:50.813000,10331.0,265.0,7,100.0,False,0,car,3134.0166666666655,0.5855513694762573,OnTrack,-2760.6343146180466,11872.653325998164,7335.502804276537
2026-09-12 14:38:34.575,0 days 00:52:32.045000,81,1162.6174976888922,0 days 00:00:50.867000,10295.08991488,264.45999872,7,100.0,False,0,pos,3137.9776030843536,0.5862914203408408,OnTrack,-2786.0,11842.0,7336.0
2026-09-12 14:38:34.721,0 days 00:52:32.191000,81,1159.9813888888916,0 days 00:00:51.013000,10198.0,263.0,7,100.0,False,0,car,3148.6277777777764,0.5882812707597053,OnTrack,-2852.929995315704,11759.00867927383,7336.86814985013
2026-09-12 14:38:34.734,0 days 00:52:32.204000,81,1159.789997135177,0 days 00:00:51.026000,10164.264292538675,262.51401141712375,7,96.67907801701244,False,0,pos,3149.567153499517,0.5884567812303955,OnTrack,-2860.0,11750.0,7337.0
2026-09-12 14:38:35.014,0 days 00:52:32.484000,81,1155.6677740910798,0 days 00:00:51.306000,9437.65978629977,252.04671961056093,7,25.15258400549962,False,0,pos,3169.1758237082845,0.5921204132131075,OnTrack,-3041.0,11511.0,7342.0
2026-09-12 14:38:35.042,0 days 00:52:32.512000,81,1155.2555555555596,0 days 00:00:51.334000,9365.0,251.0,7,18.0,True,0,car,3171.00861111111,0.5924628463549276,OnTrack,-3053.1098572173746,11493.997148209053,7342.337268986612
2026-09-12 14:38:35.374,0 days 00:52:32.844000,81,1154.3333326222253,0 days 00:00:51.666000,10121.96058368,218.62997504,7,3.0599884800000003,True,0,pos,3190.7745984256626,0.5961558710488253,OnTrack,-3114.0,11386.0,7343.0
2026-09-12 14:38:35.442,0 days 00:52:32.912000,81,1154.1444444444473,0 days 00:00:51.734000,10277.0,212.0,6,0.0,True,0,car,3194.5641666666656,0.5968639039373685,OnTrack,-3132.5645947751864,11352.309949707658,7342.944331589374
2026-09-12 14:38:35.534,0 days 00:52:33.004000,81,1154.4255563377806,0 days 00:00:51.826000,10635.34099712,203.25997568,6,0.0,True,0,pos,3199.6067343415143,0.5978060439199313,OnTrack,-3162.0,11298.0,7343.0
2026-09-12 14:38:35.642,0 days 00:52:33.112000,81,1154.7555555555582,0 days 00:00:51.934000,11056.0,193.0,5,0.0,True,0,car,3205.286388888888,0.5988672155256023,OnTrack,-3196.8601607828746,11227.286950659545,7343.517583585993
2026-09-12 14:38:35.842,0 days 00:52:33.312000,81,1156.5333333333383,0 days 00:00:52.134000,10776.0,173.0,5,0.0,True,0,car,3214.897499999999,0.6006629300580605,OnTrack,-3253.504147828356,11101.639852951352,7344.950169538394
2026-09-12 14:38:35.854,0 days 00:52:33.324000,81,1156.6733363200049,0 days 00:00:52.146000,10743.08929792,172.75999488,5,0.0,True,0,pos,3215.461013618668,0.6007682154493731,OnTrack,-3256.0,11096.0,7345.0
2026-09-12 14:38:36.194,0 days 00:52:33.664000,81,1160.640000000004,0 days 00:00:52.486000,9810.64,165.96,5,0.0,True,0,pos,3231.1241194004115,0.6036946686295045,OnTrack,-3295.0,10990.0,7345.0
2026-09-12 14:38:36.242,0 days 00:52:33.712000,81,1161.200000000004,0 days 00:00:52.534000,9679.0,165.0,4,0.0,True,0,car,3233.2308333333326,0.6040882814783566,OnTrack,-3300.3456698481014,10968.030325666907,7344.980362092012
2026-09-12 14:38:36.494,0 days 00:52:33.964000,81,1165.7500046222267,0 days 00:00:52.786000,9506.099824355555,154.49998933333333,4,1.4000014222222223,True,0,pos,3243.7907052819605,0.6060612599716679,OnTrack,-3329.0,10829.0,7345.0
2026-09-12 14:38:36.602,0 days 00:52:34.072000,81,1167.7000000000048,0 days 00:00:52.894000,9432.0,150.0,4,2.0,False,0,car,3248.2308333333326,0.606890841731326,OnTrack,-3334.8489147403825,10787.792884996486,7344.942208784085
2026-09-12 14:38:36.802,0 days 00:52:34.272000,81,1171.422222222226,0 days 00:00:53.094000,9207.0,148.0,4,10.0,False,0,car,3256.453055555555,0.6084270599440649,OnTrack,-3331.8819046641656,10735.80217102342,7344.543962424384
2026-09-12 14:38:36.895,0 days 00:52:34.365000,81,1173.4113929955588,0 days 00:00:53.187000,9193.0499712,147.00356937142857,4,21.957167542857142,False,0,pos,3260.214364256444,0.6091298128950156,OnTrack,-3322.0,10700.0,7344.0
2026-09-12 14:38:37.082,0 days 00:52:34.552000,81,1177.4111111111129,0 days 00:00:53.374000,9165.0,145.0,4,46.0,False,0,car,3267.7308333333326,0.6105341700601864,OnTrack,-3287.326045475071,10604.315334652187,7342.277186707975
2026-09-12 14:38:37.115,0 days 00:52:34.585000,81,1178.116948551113,0 days 00:00:53.407000,9199.3752,145.3666688,4,46.6416704,False,0,pos,3269.0726575006515,0.61078487293204,OnTrack,-3281.0,10590.0,7342.0
2026-09-12 14:38:37.435,0 days 00:52:34.905000,81,1184.9613929955585,0 days 00:00:53.727000,9532.708533333333,148.92222435555556,4,52.863892622222224,False,0,pos,3282.3363580157697,0.6132630275901038,OnTrack,-3222.0,10513.0,7340.0
2026-09-12 14:38:37.442,0 days 00:52:34.912000,81,1185.111111111114,0 days 00:00:53.734000,9540.0,149.0,4,53.0,False,0,car,3282.6308333333327,0.613318046578136,OnTrack,-3220.3462618086696,10511.462290996578,7339.941327546681
2026-09-12 14:38:37.695,0 days 00:52:35.165000,81,1190.4522262755602,0 days 00:00:53.987000,9937.571730285714,153.51786057142857,4,71.97501439999999,False,0,pos,3293.427287993587,0.6153352275583903,OnTrack,-3136.0,10439.0,7337.0
2026-09-12 14:38:37.722,0 days 00:52:35.192000,81,1191.022222222227,0 days 00:00:54.014000,9980.0,154.0,4,74.0,False,0,car,3294.6086111111103,0.6155559428393961,OnTrack,-3122.1191282385594,10427.8127773474,7336.58989159172
2026-09-12 14:38:37.895,0 days 00:52:35.365000,81,1194.241948017782,0 days 00:00:54.187000,10218.74026496,159.19000576,4,80.4875072,False,0,pos,3302.3389266504364,0.6170002545109579,OnTrack,-3026.0,10352.0,7334.0
2026-09-12 14:38:38.122,0 days 00:52:35.592000,81,1198.4666666666703,0 days 00:00:54.414000,10532.0,166.0,4,89.0,False,0,car,3313.0530555555547,0.6190020539652696,OnTrack,-2978.908944871491,10316.4989971813,7333.189725999297
2026-09-12 14:38:38.195,0 days 00:52:35.665000,81,1199.500836053337,0 days 00:00:54.487000,10762.1787304,170.1062608,4,91.5093816,False,0,pos,3316.6808341612505,0.6196798585070628,OnTrack,-2961.0,10304.0,7333.0
2026-09-12 14:38:38.395,0 days 00:52:35.865000,81,1202.3341693866703,0 days 00:00:54.687000,11392.8037304,181.3562608,4,98.3843816,False,0,pos,3326.972777908382,0.6216027780051634,OnTrack,-2884.0,10250.0,7332.0
2026-09-12 14:38:38.442,0 days 00:52:35.912000,81,1203.0000000000036,0 days 00:00:54.734000,11541.0,184.0,4,100.0,False,0,car,3329.40861111111,0.6220578826262853,OnTrack,-2869.2859539865376,10239.370281633139,7331.811392127468
2026-09-12 14:38:38.641,0 days 00:52:36.111000,81,1205.7086111111153,0 days 00:00:54.933000,12115.0,188.0,4,100.0,False,0,car,3339.8008333333323,0.6239995378889536,OnTrack,-2825.706830263498,10206.071548950664,7331.289615888745
2026-09-12 14:38:38.715,0 days 00:52:36.185000,81,1206.5719459377822,0 days 00:00:55.007000,12115.0,190.7750048,4,100.0,False,0,pos,3343.781920225733,0.6247433536148376,OnTrack,-2803.0,10189.0,7331.0
2026-09-12 14:38:38.881,0 days 00:52:36.351000,81,1208.508611111116,0 days 00:00:55.173000,12115.0,197.0,4,100.0,False,0,car,3352.934166666666,0.6264533350882203,OnTrack,-2732.2604291791085,10136.68377376313,7330.0765575218875
2026-09-12 14:38:38.895,0 days 00:52:36.365000,81,1208.6369456177827,0 days 00:00:55.187000,12057.0744704,197.46667093333335,4,100.0,False,0,pos,3353.7143705029066,0.6265991063055978,OnTrack,-2726.0,10132.0,7330.0
2026-09-12 14:38:39.095,0 days 00:52:36.565000,81,1210.470278951117,0 days 00:00:55.387000,11229.5744704,204.1333376,4,100.0,False,0,pos,3365.067866013804,0.6287203633223384,OnTrack,-2638.0,10065.0,7329.0
2026-09-12 14:38:39.121,0 days 00:52:36.591000,81,1210.708611111117,0 days 00:00:55.413000,11122.0,205.0,4,100.0,False,0,car,3366.6008333333325,0.629006778874259,OnTrack,-2626.3976915846165,10056.172101082619,7328.858583903674
2026-09-12 14:38:39.275,0 days 00:52:36.745000,81,1210.6658332977834,0 days 00:00:55.567000,11463.11028352,216.5500096,4,100.0,False,0,pos,3375.979435040588,0.6307590519658048,OnTrack,-2556.0,10003.0,7328.0
2026-09-12 14:38:39.321,0 days 00:52:36.791000,81,1210.653055555561,0 days 00:00:55.613000,11565.0,220.0,5,100.0,False,0,car,3378.8230555555547,0.6312903464877898,OnTrack,-2534.270910107654,9986.742783687465,7327.788407417533
2026-09-12 14:38:39.475,0 days 00:52:36.945000,81,1209.1986099022274,0 days 00:00:55.767000,11821.0252128,222.406252,5,100.0,False,0,pos,3388.375947585389,0.6330751835213713,OnTrack,-2460.0,9931.0,7327.0
2026-09-12 14:38:39.641,0 days 00:52:37.111000,81,1207.6308333333382,0 days 00:00:55.933000,12097.0,225.0,5,100.0,False,0,car,3398.8230555555547,0.635027093491749,OnTrack,-2380.466689609746,9868.684663428232,7325.31634426507
2026-09-12 14:38:39.695,0 days 00:52:37.165000,81,1206.625830951116,0 days 00:00:55.987000,12170.350173866667,226.80000426666666,5,100.0,False,0,pos,3402.2773747834894,0.6356724893430342,OnTrack,-2355.0,9848.0,7325.0
2026-09-12 14:38:39.855,0 days 00:52:37.325000,81,1203.648053173339,0 days 00:00:56.147000,12387.6835072,232.1333376,5,100.0,False,0,pos,3412.6555569443008,0.6376115213978321,OnTrack,-2281.0,9785.0,7325.0
2026-09-12 14:38:39.881,0 days 00:52:37.351000,81,1203.1641666666724,0 days 00:00:56.173000,12423.0,233.0,5,100.0,False,0,car,3414.356388888888,0.6379293003314908,OnTrack,-2269.1531419734515,9774.225093568404,7324.945423825659
2026-09-12 14:38:40.055,0 days 00:52:37.525000,81,1198.9108302044497,0 days 00:00:56.347000,11576.9243776,236.2625024,5,100.0,False,0,pos,3425.83225112987,0.6400734200238327,OnTrack,-2192.0,9697.0,7324.0
2026-09-12 14:38:40.201,0 days 00:52:37.671000,81,1195.3419444444494,0 days 00:00:56.493000,10867.0,239.0,6,100.0,False,0,car,3435.6008333333325,0.6418985560379187,OnTrack,-2132.7893449345775,9623.939510460861,7323.280666744906
2026-09-12 14:38:40.315,0 days 00:52:37.785000,81,1191.3202732622271,0 days 00:00:56.607000,10950.1682752,241.0727296,6,100.0,False,0,pos,3443.3245514034347,0.6433416350558127,OnTrack,-2092.0,9561.0,7323.0
2026-09-12 14:38:40.455,0 days 00:52:37.925000,81,1186.3813843733385,0 days 00:00:56.747000,11052.304638836364,243.61818414545453,6,100.0,False,0,pos,3452.923111382054,0.6451350045679342,OnTrack,-2050.0,9478.0,7323.0
2026-09-12 14:38:40.641,0 days 00:52:38.111000,81,1179.8197222222275,0 days 00:00:56.933000,11188.0,247.0,6,100.0,False,0,car,3465.7897222222214,0.6475389680433394,OnTrack,-2007.3211769270429,9373.391407972771,7322.3506828974905
2026-09-12 14:38:40.755,0 days 00:52:38.225000,81,1175.2280504000055,0 days 00:00:57.047000,11269.700091733333,248.5833351111111,6,100.0,False,0,pos,3473.724962703306,0.649021567348009,OnTrack,-1987.0,9284.0,7322.0
2026-09-12 14:38:40.975,0 days 00:52:38.445000,81,1166.366939288895,0 days 00:00:57.267000,11427.3667584,251.63889066666667,6,100.0,False,0,pos,3489.1545125719726,0.6519043835602181,OnTrack,-1959.0,9046.0,7322.0
2026-09-12 14:38:41.001,0 days 00:52:38.471000,81,1165.3197222222284,0 days 00:00:57.293000,11446.0,252.0,6,100.0,False,0,car,3490.989722222221,0.6522472692683281,OnTrack,-1956.9777532145717,9023.095501020727,7321.9939217087895
2026-09-12 14:38:41.161,0 days 00:52:38.631000,81,1158.3863888888936,0 days 00:00:57.453000,11408.0,255.0,6,100.0,False,0,car,3502.3230555555547,0.6543647592372384,OnTrack,-1951.0486641300283,8925.019484468781,7321.817726591533
2026-09-12 14:38:41.321,0 days 00:52:38.791000,81,1151.14194444445,0 days 00:00:57.613000,11408.0,255.0,6,100.0,False,0,car,3513.6563888888877,0.6564822492061486,OnTrack,-1952.1609556926735,8867.004622301603,7321.385542500803
2026-09-12 14:38:41.414,0 days 00:52:38.884000,81,1146.776102097783,0 days 00:00:57.706000,11516.1127232,256.1625024,6,100.0,False,0,pos,3520.278297426783,0.6577194690506221,OnTrack,-1952.0,8819.0,7321.0
2026-09-12 14:38:41.481,0 days 00:52:38.951000,81,1143.6308333333382,0 days 00:00:57.773000,11594.0,257.0,6,100.0,False,0,car,3525.07861111111,0.658616346939521,OnTrack,-1951.4387392862766,8777.282649817322,7320.660721570881
2026-09-12 14:38:41.574,0 days 00:52:39.044000,81,1139.0066561980507,0 days 00:00:57.866000,11624.420629616574,258.4486014103131,6,100.0,False,0,pos,3531.793496440588,0.6598709383213637,OnTrack,-1950.0,8705.0,7320.0
2026-09-12 14:38:41.802,0 days 00:52:39.272000,81,1127.6700000000055,0 days 00:00:58.094000,11699.0,262.0,6,100.0,False,0,car,3548.440277777777,0.662981178835729,OnTrack,-1943.771343620248,8457.756175620902,7317.263710870611
2026-09-12 14:38:41.834,0 days 00:52:39.304000,81,1126.052222222228,0 days 00:00:58.126000,11721.8,262.4,6,100.0,False,0,pos,3550.7847531467305,0.6634192144012687,OnTrack,-1943.0,8430.0,7317.0
2026-09-12 14:38:41.962,0 days 00:52:39.432000,81,1119.5811111111175,0 days 00:00:58.254000,11813.0,264.0,6,100.0,False,0,car,3560.17361111111,0.6651734037447184,OnTrack,-1940.661052016909,8354.03123727794,7316.539539633298
2026-09-12 14:38:42.174,0 days 00:52:39.644000,81,1108.6277645511175,0 days 00:00:58.466000,11842.812536,264.0,6,100.0,False,0,pos,3575.7276012345833,0.6680794700443935,OnTrack,-1934.0,8270.0,7316.0
2026-09-12 14:38:42.282,0 days 00:52:39.752000,81,1103.0477777777842,0 days 00:00:58.574000,11858.0,264.0,6,100.0,False,0,car,3583.6402777777766,0.6695578535626974,OnTrack,-1925.6530087754988,8192.520454497178,7314.605633617717
2026-09-12 14:38:42.334,0 days 00:52:39.804000,81,1100.3033198222286,0 days 00:00:58.626000,11853.83997952,263.86999936,6,100.0,False,0,pos,3587.4456800685434,0.6702688448431413,OnTrack,-1921.0,8154.0,7314.0
2026-09-12 14:38:42.574,0 days 00:52:40.044000,81,1087.6366531555616,0 days 00:00:58.866000,11834.63997952,263.26999936,6,100.0,False,0,pos,3604.976773269434,0.6735443078428693,OnTrack,-1888.0,7983.0,7313.0
2026-09-12 14:38:42.682,0 days 00:52:40.152000,81,1081.9366666666724,0 days 00:00:58.974000,11826.0,263.0,6,100.0,False,0,car,3612.862499999999,0.6750176561295934,OnTrack,-1851.9292008758753,7872.711706211848,7312.6140565112755
2026-09-12 14:38:42.834,0 days 00:52:40.304000,81,1073.91444444445,0 days 00:00:59.126000,11253.044444444444,263.0,6,100.0,False,0,pos,3623.9638141793253,0.6770917962545738,OnTrack,-1788.0,7709.0,7312.0
2026-09-12 14:38:43.042,0 days 00:52:40.512000,81,1062.936666666672,0 days 00:00:59.334000,10469.0,263.0,6,100.0,False,0,car,3639.1624999999995,0.6799314784398001,OnTrack,-1709.3709077541205,7562.120965198579,7311.33422105013
2026-09-12 14:38:43.254,0 days 00:52:40.724000,81,1052.2188759466728,0 days 00:00:59.546000,10408.0499264,263.0,6,100.0,False,0,pos,3654.654810685456,0.6828260207167144,OnTrack,-1644.0,7471.0,7311.0
2026-09-12 14:38:43.282,0 days 00:52:40.752000,81,1050.8033333333397,0 days 00:00:59.574000,10400.0,263.0,7,100.0,False,0,car,3656.6958333333323,0.6832073599799375,OnTrack,-1636.7587214195423,7460.70336706713,7310.991927674397
2026-09-12 14:38:43.595,0 days 00:52:41.065000,81,1035.5880462222278,0 days 00:00:59.887000,10364.7874784,261.43499904,7,100.0,False,0,pos,3679.4034240596798,0.6874499860606281,OnTrack,-1532.0,7338.0,7311.0
2026-09-12 14:38:43.682,0 days 00:52:41.152000,81,1031.3588888888944,0 days 00:00:59.974000,10355.0,261.0,7,100.0,False,0,car,3685.6958333333323,0.6886256431356785,OnTrack,-1464.029340734065,7277.589180721275,7310.713036737133
2026-09-12 14:38:43.855,0 days 00:52:41.325000,81,1023.8141582933384,0 days 00:01:00.147000,10340.452256581819,260.6068177454545,7,100.0,False,0,pos,3698.195286883867,0.6909610079159829,OnTrack,-1312.0,7151.0,7310.0
2026-09-12 14:38:44.122,0 days 00:52:41.592000,81,1012.1700000000046,0 days 00:01:00.414000,10318.0,260.0,7,100.0,False,0,car,3717.4736111111106,0.6945629189308584,OnTrack,-1210.0238548120726,7082.695289850572,7309.932866311228
2026-09-12 14:38:44.255,0 days 00:52:41.725000,81,1006.5913808355605,0 days 00:01:00.547000,10314.120827733333,260.0,7,100.0,False,0,pos,3727.084165274313,0.6963585294046453,OnTrack,-1150.0,7055.0,7310.0
2026-09-12 14:38:44.355,0 days 00:52:41.825000,81,1002.3969363911162,0 days 00:01:00.647000,10311.204161066667,260.0,7,100.0,False,0,pos,3734.302263323569,0.6977071397176373,OnTrack,-1084.0,7024.0,7310.0
2026-09-12 14:38:44.362,0 days 00:52:41.832000,81,1002.1033333333385,0 days 00:01:00.654000,10311.0,260.0,7,100.0,False,0,car,3734.806944444444,0.6978014330009565,OnTrack,-1079.3978129874004,7021.924093989297,7310.001452437264
2026-09-12 14:38:44.595,0 days 00:52:42.065000,81,993.2363815822278,0 days 00:01:00.887000,10289.641649066667,259.35277724444444,7,100.0,False,0,pos,3751.56730629613,0.7009328945976847,OnTrack,-921.0,6966.0,7310.0
2026-09-12 14:38:44.722,0 days 00:52:42.192000,81,988.4033333333391,0 days 00:01:01.014000,10278.0,259.0,7,100.0,False,0,car,3760.706944444444,0.7026405203710838,OnTrack,-784.1569651604384,6936.953198827043,7309.510380917577
2026-09-12 14:38:44.835,0 days 00:52:42.305000,81,984.4483266133388,0 days 00:01:01.127000,10268.1124832,259.28250048,7,100.0,False,0,pos,3768.8561654261293,0.7041630992254796,OnTrack,-665.0,6916.0,7309.0
2026-09-12 14:38:45.122,0 days 00:52:42.592000,81,974.4033333333382,0 days 00:01:01.414000,10243.0,260.0,7,100.0,False,0,car,3789.595833333333,0.7080380438212471,OnTrack,-515.8375939799357,6902.9853301423145,7308.424592259527
2026-09-12 14:38:45.282,0 days 00:52:42.752000,81,968.9366666666724,0 days 00:01:01.574000,10243.0,260.0,7,100.0,False,0,car,3801.151388888888,0.7101970532013124,OnTrack,-427.6559054227492,6904.921214249984,7308.0445297848
2026-09-12 14:38:45.295,0 days 00:52:42.765000,81,968.4672153516188,0 days 00:01:01.587000,10240.231692261319,259.8642986402607,7,97.28597280521448,False,0,pos,3802.0897563018493,0.7103723752822622,OnTrack,-418.0,6905.0,7308.0
2026-09-12 14:38:45.535,0 days 00:52:43.005000,81,959.8005498429198,0 days 00:01:01.827000,10189.125227273456,257.3590797683067,7,47.181595366133394,False,0,pos,3819.3948123783266,0.7136056061046184,OnTrack,-202.0,6905.0,7307.0
2026-09-12 14:38:45.761,0 days 00:52:43.231000,81,951.63944444445,0 days 00:01:02.053000,10141.0,255.0,7,0.0,True,0,car,3835.080555555555,0.7165362887957376,OnTrack,-67.06111740251772,6905.598198381534,7306.583793786425
2026-09-12 14:38:45.895,0 days 00:52:43.365000,81,947.2472180266723,0 days 00:01:02.187000,9579.4557136,244.1124896,7,0.0,True,0,pos,3843.8760376490704,0.7181796133638036,OnTrack,8.0,6907.0,7306.0
2026-09-12 14:38:46.081,0 days 00:52:43.551000,81,941.1505555555614,0 days 00:01:02.373000,8800.0,229.0,7,0.0,True,0,car,3855.43611111111,0.720339466857545,OnTrack,136.54330875082388,6910.527784629432,7304.366307172424
2026-09-12 14:38:46.155,0 days 00:52:43.625000,81,939.1155520355617,0 days 00:01:02.447000,9042.614705371428,222.65713188571428,7,0.0,True,0,pos,3859.8149603761867,0.7211575994511482,OnTrack,186.0,6912.0,7304.0
2026-09-12 14:38:46.335,0 days 00:52:43.805000,81,934.1655520355623,0 days 00:01:02.627000,9632.757562514285,207.22856045714286,7,0.0,True,0,pos,3869.9666481436943,0.7230543138936666,OnTrack,298.0,6918.0,7304.0
2026-09-12 14:38:46.361,0 days 00:52:43.831000,81,933.4505555555625,0 days 00:01:02.653000,9718.0,205.0,7,0.0,True,0,car,3871.3805555555546,0.7233184846079237,OnTrack,316.79308895476436,6920.297264202866,7303.885881392625
2026-09-12 14:38:46.521,0 days 00:52:43.991000,81,929.5838888888943,0 days 00:01:02.813000,9773.0,190.0,7,0.0,True,0,car,3879.8249999999994,0.7248962222318176,OnTrack,443.5865526399944,6942.232433719317,7302.351446449031
2026-09-12 14:38:46.555,0 days 00:52:44.025000,81,928.7999970488944,0 days 00:01:02.847000,9859.87032704,188.63999488,7,0.0,True,0,pos,3881.579393654469,0.7252240084934228,OnTrack,466.0,6947.0,7302.0
2026-09-12 14:38:46.721,0 days 00:52:44.191000,81,924.9727777777834,0 days 00:01:03.013000,10284.0,182.0,7,0.0,True,0,car,3889.93611111111,0.7267853554393748,OnTrack,538.7848673440919,6967.604372829498,7300.470938407212
2026-09-12 14:38:46.895,0 days 00:52:44.365000,81,921.492775217784,0 days 00:01:03.187000,11035.825553066667,171.124992,7,0.0,True,0,pos,3898.164912993991,0.7283228029784764,OnTrack,591.0,6992.0,7299.0
2026-09-12 14:38:46.961,0 days 00:52:44.431000,81,920.1727777777842,0 days 00:01:03.253000,11321.0,167.0,4,0.0,True,0,car,3901.0694444444434,0.7288654779382454,OnTrack,615.9066581065147,7004.120668500702,7298.421022776107
2026-09-12 14:38:47.121,0 days 00:52:44.591000,81,917.6838888888965,0 days 00:01:03.413000,10621.0,146.0,3,0.0,True,0,car,3907.558333333332,0.7300778447439744,OnTrack,684.9070870270054,7038.562120923431,7296.89875963708
2026-09-12 14:38:47.195,0 days 00:52:44.665000,81,916.7588872888963,0 days 00:01:03.487000,10457.08971648,140.4499904,3,0.0,True,0,pos,3910.353837307227,0.7306001492989247,OnTrack,715.0,7054.0,7296.0
2026-09-12 14:38:47.321,0 days 00:52:44.791000,81,915.183888888896,0 days 00:01:03.613000,10178.0,131.0,3,0.0,True,0,car,3914.83611111111,0.731437605459304,OnTrack,761.1250736114804,7078.346907408818,7294.139901065788
2026-09-12 14:38:47.415,0 days 00:52:44.885000,81,914.2961099022291,0 days 00:01:03.707000,10299.26016512,124.41999104,3,0.0,True,0,pos,3917.95115709696,0.732019612397045,OnTrack,793.0,7095.0,7293.0
2026-09-12 14:38:47.521,0 days 00:52:44.991000,81,913.2950000000064,0 days 00:01:03.813000,10436.0,117.0,2,0.0,True,0,car,3921.33611111111,0.7326520482355908,OnTrack,827.9149141323128,7112.348378464477,7292.350849478781
2026-09-12 14:38:47.575,0 days 00:52:45.045000,81,912.7699987555623,0 days 00:01:03.867000,10336.437264,115.9874976,2,0.0,True,0,pos,3923.0570775704173,0.7329735890486273,OnTrack,847.0,7121.0,7292.0
2026-09-12 14:38:47.681,0 days 00:52:45.151000,81,911.7394444444517,0 days 00:01:03.973000,10141.0,114.0,2,0.0,True,0,car,3926.4027777777765,0.7335986908099271,OnTrack,889.1650897672467,7138.114633229834,7290.921337187273
2026-09-12 14:38:47.835,0 days 00:52:45.305000,81,910.3277766044512,0 days 00:01:04.127000,9779.7413664,110.791664,2,0.0,True,0,pos,3931.093620778047,0.7344751154862923,OnTrack,949.0,7159.0,7289.0
2026-09-12 14:38:47.921,0 days 00:52:45.391000,81,909.539444444451,0 days 00:01:04.213000,9578.0,109.0,2,0.0,True,0,car,3933.669444444443,0.734956375554699,OnTrack,973.0786591159667,7165.6651803050145,7288.133460085225
2026-09-12 14:38:48.121,0 days 00:52:45.591000,81,907.6505555555632,0 days 00:01:04.413000,9454.0,107.0,2,0.0,False,0,car,3939.6138888888872,0.736067019803098,OnTrack,1012.4015053155867,7168.899731477724,7286.49022447824
2026-09-12 14:38:48.174,0 days 00:52:45.644000,81,907.120553529893,0 days 00:01:04.466000,9533.582858683187,106.66978066936437,2,5.778838286123521,False,0,pos,3941.1700874489793,0.7363577758184475,OnTrack,1025.0,7168.0,7286.0
2026-09-12 14:38:48.374,0 days 00:52:45.844000,81,905.1205531311386,0 days 00:01:04.666000,9833.894445038144,105.42367450191641,2,27.585696216462797,False,0,pos,3946.9860125556092,0.7374444078543201,OnTrack,1081.0,7159.0,7284.0
2026-09-12 14:38:48.442,0 days 00:52:45.912000,81,904.4405555555627,0 days 00:01:04.734000,9936.0,105.0,2,35.0,False,0,car,3948.976388888887,0.7378162844943263,OnTrack,1097.6725215855267,7154.02722835536,7283.46197335096
2026-09-12 14:38:48.654,0 days 00:52:46.124000,81,901.967219235563,0 days 00:01:04.946000,10264.6003968,106.59000192,2,45.07001216,False,0,pos,3955.2621218952986,0.7389906941932962,OnTrack,1151.0,7121.0,7282.0
2026-09-12 14:38:48.842,0 days 00:52:46.312000,81,899.7738888888966,0 days 00:01:05.134000,10556.0,108.0,2,54.0,False,0,car,3960.976388888887,0.740058332696702,OnTrack,1223.4546656270772,7053.530326940409,7280.110892390266
2026-09-12 14:38:48.854,0 days 00:52:46.324000,81,899.6105520711188,0 days 00:01:05.146000,10588.8507008,108.25000533333333,2,54.65001386666667,False,0,pos,3961.3467059307427,0.7401275217515354,OnTrack,1227.0,7050.0,7280.0
2026-09-12 14:38:49.082,0 days 00:52:46.552000,81,896.5072222222288,0 days 00:01:05.374000,11213.0,113.0,2,67.0,False,0,car,3968.5097222222203,0.74146584073486,OnTrack,1255.385817862093,7016.273038302033,7278.408485620155
2026-09-12 14:38:49.174,0 days 00:52:46.644000,81,895.1272183822288,0 days 00:01:05.466000,10751.2737152,115.3000064,2,67.0,False,0,pos,3971.469355461666,0.7420188107668758,OnTrack,1263.0,7005.0,7278.0
2026-09-12 14:38:49.242,0 days 00:52:46.712000,81,894.1072222222288,0 days 00:01:05.534000,10410.0,117.0,2,67.0,False,0,car,3973.7097222222205,0.7424373949558895,OnTrack,1271.1426078792244,6993.94720309224,7277.774438097802
2026-09-12 14:38:49.442,0 days 00:52:46.912000,81,890.8294444444514,0 days 00:01:05.734000,9801.0,124.0,2,72.0,False,0,car,3980.598611111109,0.7437244967016976,OnTrack,1311.805899317232,6939.474994391865,7276.563052760266
2026-09-12 14:38:49.474,0 days 00:52:46.944000,81,890.2872222222292,0 days 00:01:05.766000,9900.2,124.8,2,73.4,False,0,pos,3981.7136180575462,0.7439328216450222,OnTrack,1322.0,6925.0,7276.0
2026-09-12 14:38:49.602,0 days 00:52:47.072000,81,888.1183333333402,0 days 00:01:05.894000,10297.0,128.0,3,79.0,False,0,car,3986.2874999999985,0.7447873936272683,OnTrack,1371.4910248474268,6852.967112943456,7272.762131629039
2026-09-12 14:38:49.634,0 days 00:52:47.104000,81,887.3627777777846,0 days 00:01:05.926000,10396.49090909091,130.03636363636363,3,80.52727272727273,False,0,pos,3987.508713215015,0.7450155618683887,OnTrack,1383.0,6836.0,7272.0
2026-09-12 14:38:50.042,0 days 00:52:47.512000,81,877.7294444444515,0 days 00:01:06.334000,11665.0,156.0,3,100.0,False,0,car,4005.354166666665,0.7483497591043762,OnTrack,1459.8241317559625,6717.168015531734,7268.23059633112
2026-09-12 14:38:50.095,0 days 00:52:47.565000,81,876.4486064711181,0 days 00:01:06.387000,11608.687296,158.9812608,3,100.0,False,0,pos,4007.765915393851,0.748800363845907,OnTrack,1468.0,6704.0,7268.0
2026-09-12 14:38:50.202,0 days 00:52:47.672000,81,873.8627777777847,0 days 00:01:06.494000,11495.0,165.0,3,100.0,False,0,car,4012.687499999998,0.7497198996724945,OnTrack,1486.0581269139343,6674.987934400384,7267.514973927507
2026-09-12 14:38:50.522,0 days 00:52:47.992000,81,865.7738888888957,0 days 00:01:06.814000,10887.0,175.0,4,100.0,False,0,car,4028.2430555555534,0.7526262584533516,OnTrack,1550.2017740631832,6570.687436155615,7266.0516787013985
2026-09-12 14:38:50.535,0 days 00:52:48.005000,81,865.4416617600068,0 days 00:01:06.827000,10911.844811377778,175.36111644444443,4,100.0,False,0,pos,4028.8925169925947,0.7527476021073042,OnTrack,1553.0,6566.0,7266.0
2026-09-12 14:38:50.815,0 days 00:52:48.285000,81,858.2861062044507,0 days 00:01:07.107000,11446.955922488889,183.13889422222223,4,100.0,False,0,pos,4043.1864378042164,0.7554182403956872,OnTrack,1617.0,6456.0,7265.0
2026-09-12 14:38:50.882,0 days 00:52:48.352000,81,856.573888888895,0 days 00:01:07.174000,11575.0,185.0,4,100.0,False,0,car,4046.7430555555543,0.7560827494320141,OnTrack,1633.7714631045324,6426.497649571519,7264.748358170122
2026-09-12 14:38:51.055,0 days 00:52:48.525000,81,851.7683280000059,0 days 00:01:07.347000,11216.417783854546,191.68409832727272,4,100.0,False,0,pos,4056.2156843944936,0.7578525903036903,OnTrack,1678.0,6348.0,7264.0
2026-09-12 14:38:51.322,0 days 00:52:48.792000,81,844.3516666666724,0 days 00:01:07.614000,10663.0,202.0,5,100.0,False,0,car,4071.431944444443,0.7606955560113461,OnTrack,1746.4099448989227,6225.880525808065,7262.280641967061
2026-09-12 14:38:51.355,0 days 00:52:48.825000,81,843.4441613866725,0 days 00:01:07.647000,10687.99764544,202.74250432,5,100.0,False,0,pos,4073.3375335628,0.761051591232786,OnTrack,1758.0,6205.0,7262.0
2026-09-12 14:38:51.575,0 days 00:52:49.045000,81,837.3941613866732,0 days 00:01:07.867000,10854.64764544,207.69250432,5,100.0,False,0,pos,4086.174138895815,0.7634499485587435,OnTrack,1846.0,6046.0,7260.0
2026-09-12 14:38:51.722,0 days 00:52:49.192000,81,833.3516666666737,0 days 00:01:08.014000,10966.0,211.0,5,100.0,False,0,car,4094.876388888887,0.7650758538882094,OnTrack,1872.6845907069965,5998.708411463169,7259.390632017875
2026-09-12 14:38:51.835,0 days 00:52:49.305000,81,830.2127724444514,0 days 00:01:08.127000,11061.108494933333,213.35417066666668,5,100.0,False,0,pos,4101.632888618555,0.7663382203943137,OnTrack,1891.0,5966.0,7259.0
2026-09-12 14:38:51.962,0 days 00:52:49.432000,81,826.6850000000068,0 days 00:01:08.254000,11168.0,216.0,5,100.0,False,0,car,4109.276388888888,0.7677663117310602,OnTrack,1925.8948018603128,5902.310102384646,7258.302186207698
2026-09-12 14:38:52.015,0 days 00:52:49.485000,81,825.3158286480326,0 days 00:01:08.307000,11211.862219062124,216.33228953834944,5,100.0,False,0,pos,4112.475031362984,0.7683639376151511,OnTrack,1942.0,5873.0,7258.0
2026-09-12 14:38:52.281,0 days 00:52:49.751000,81,818.4441666666726,0 days 00:01:08.573000,11432.0,218.0,5,100.0,False,0,car,4128.59361111111,0.7713754903442454,OnTrack,2021.1520033980057,5731.4181191023,7256.720984933505
2026-09-12 14:38:52.415,0 days 00:52:49.885000,81,815.2430524977834,0 days 00:01:08.707000,11426.1374944,218.4187504,5,78.22497919999999,False,0,pos,4136.738221903706,0.7728972078431279,OnTrack,2060.0,5663.0,7256.0
2026-09-12 14:38:52.575,0 days 00:52:50.045000,81,811.4208302755609,0 days 00:01:08.867000,11419.1374944,218.9187504,5,52.2249792,False,0,pos,4146.477101995943,0.7747167943934571,OnTrack,2109.0,5579.0,7255.0
2026-09-12 14:38:52.601,0 days 00:52:50.071000,81,810.7997222222275,0 days 00:01:08.893000,11418.0,219.0,5,48.0,False,0,car,4148.060277777777,0.7750125907614326,OnTrack,2118.944827875631,5562.896210109694,7254.8520246600765
2026-09-12 14:38:52.795,0 days 00:52:50.265000,81,806.5963861155615,0 days 00:01:09.087000,11200.4427136,218.3071424,5,18.207123199999998,False,0,pos,4159.862884913521,0.7772177586041025,OnTrack,2209.0,5429.0,7254.0
2026-09-12 14:38:52.881,0 days 00:52:50.351000,81,804.7330555555618,0 days 00:01:09.173000,11104.0,218.0,5,5.0,False,0,car,4165.015833333332,0.7781805218325668,OnTrack,2250.0936762433967,5378.708701652791,7253.810774816459
2026-09-12 14:38:53.201,0 days 00:52:50.671000,81,799.0441666666729,0 days 00:01:09.493000,11140.0,210.0,5,72.0,False,0,car,4183.682499999998,0.7816681523695954,OnTrack,2404.545202115861,5252.4153723041945,7253.952051573507
2026-09-12 14:38:53.235,0 days 00:52:50.705000,81,798.4963868266727,0 days 00:01:09.527000,11146.192880457143,210.12142902857144,5,72.24285805714285,False,0,pos,4185.664874922797,0.7820385340472702,OnTrack,2422.0,5243.0,7254.0
2026-09-12 14:38:53.481,0 days 00:52:50.951000,81,794.5330555555602,0 days 00:01:09.773000,11191.0,211.0,5,74.0,False,0,car,4200.09361111111,0.7847343608833999,OnTrack,2554.979249549043,5195.066169821175,7254.466318925022
2026-09-12 14:38:53.655,0 days 00:52:51.125000,81,792.1163871111161,0 days 00:01:09.947000,11227.9750272,211.87000064,5,85.31000832,False,0,pos,4210.363390722668,0.7866531392931404,OnTrack,2634.0,5178.0,7255.0
2026-09-12 14:38:53.881,0 days 00:52:51.351000,81,788.9775000000054,0 days 00:01:10.173000,11276.0,213.0,5,100.0,False,0,car,4223.7602777777765,0.7891561781714184,OnTrack,2711.4833007508446,5171.083441443969,7255.945445378107
2026-09-12 14:38:53.895,0 days 00:52:51.365000,81,788.7869427022276,0 days 00:01:10.187000,11276.84000768,213.07000064,5,100.0,False,0,pos,4224.591636355149,0.7893115070050789,OnTrack,2718.0,5171.0,7256.0
2026-09-12 14:38:54.081,0 days 00:52:51.551000,81,786.2552777777828,0 days 00:01:10.373000,11288.0,214.0,5,100.0,False,0,car,4235.649166666665,0.7913774666682164,OnTrack,2830.4466412549154,5173.3606377207525,7256.7559471326695
2026-09-12 14:38:54.115,0 days 00:52:51.585000,81,785.8491651377828,0 days 00:01:10.407000,11293.78002176,214.17000064,5,100.0,False,0,pos,4237.671513062486,0.791755316509994,OnTrack,2852.0,5175.0,7257.0
2026-09-12 14:38:54.281,0 days 00:52:51.751000,81,783.8663888888941,0 days 00:01:10.573000,11322.0,215.0,5,100.0,False,0,car,4247.593611111109,0.7936091350178031,OnTrack,2952.543766737311,5188.748434393095,7258.710659022164
2026-09-12 14:38:54.315,0 days 00:52:51.785000,81,783.460276248894,0 days 00:01:10.607000,11327.31252,215.6375024,5,100.0,False,0,pos,4249.653388665315,0.7939939783980282,OnTrack,2973.0,5192.0,7259.0
2026-09-12 14:38:54.514,0 days 00:52:51.984000,81,781.0833340977824,0 days 00:01:10.806000,11358.40624,219.3687488,5,100.0,False,0,pos,4261.889839240883,0.7962802043993956,OnTrack,3094.0,5211.0,7260.0
2026-09-12 14:38:54.601,0 days 00:52:52.071000,81,780.0441666666711,0 days 00:01:10.893000,11372.0,221.0,5,100.0,False,0,car,4267.238055555554,0.7972794509639143,OnTrack,3146.3955932922154,5218.796980172313,7260.570425898904
2026-09-12 14:38:54.794,0 days 00:52:52.264000,81,777.6852778089169,0 days 00:01:11.086000,11510.268654891512,220.03980100769783,5,100.0,False,0,pos,4279.031357533012,0.7994828802554669,OnTrack,3262.0,5235.0,7262.0
2026-09-12 14:38:54.802,0 days 00:52:52.272000,81,777.587500000006,0 days 00:01:11.094000,11516.0,220.0,5,100.0,False,0,car,4279.521388888887,0.7995744364155125,OnTrack,3266.8286365614686,5235.653773914716,7262.043891601049
2026-09-12 14:38:55.034,0 days 00:52:52.504000,81,774.3008333333397,0 days 00:01:11.326000,11629.1,221.93333333333334,5,100.0,False,0,pos,4293.8249526389045,0.8022468763649533,OnTrack,3408.0,5252.0,7263.0
2026-09-12 14:38:55.042,0 days 00:52:52.512000,81,774.1875000000064,0 days 00:01:11.334000,11633.0,222.0,5,100.0,False,0,car,4294.321388888887,0.8023396291984424,OnTrack,3412.8813373767134,5252.331785716851,7263.04304749253
2026-09-12 14:38:55.214,0 days 00:52:52.684000,81,770.7952727288953,0 days 00:01:11.506000,11687.2875808,223.6125024,5,100.0,False,0,pos,4305.046477315298,0.8043434763006719,OnTrack,3518.0,5255.0,7264.0
2026-09-12 14:38:55.362,0 days 00:52:52.832000,81,767.8763888888952,0 days 00:01:11.654000,11734.0,225.0,5,100.0,False,0,car,4314.321388888887,0.8060763762024017,OnTrack,3609.104045906786,5251.455335365617,7263.966646565922
2026-09-12 14:38:55.414,0 days 00:52:52.884000,81,766.706383128895,0 days 00:01:11.706000,11755.58010624,225.26000128,5,100.0,False,0,pos,4317.584048780632,0.8066859629311723,OnTrack,3641.0,5249.0,7264.0
2026-09-12 14:38:55.562,0 days 00:52:53.032000,81,763.3763888888943,0 days 00:01:11.854000,11817.0,226.0,5,100.0,False,0,car,4326.876944444442,0.8084222229326651,OnTrack,3731.759266956616,5238.363435558866,7264.630860308085
2026-09-12 14:38:55.654,0 days 00:52:53.124000,81,761.0508268622277,0 days 00:01:11.946000,11843.4500736,226.0,5,100.0,False,0,pos,4332.653350390353,0.8095014713132666,OnTrack,3800.0,5225.0,7265.0
2026-09-12 14:38:55.802,0 days 00:52:53.272000,81,757.3097222222277,0 days 00:01:12.094000,11886.0,226.0,5,100.0,False,0,car,4341.943611111109,0.811237239008981,OnTrack,3937.5570496942223,5189.515926794945,7265.08443882065
2026-09-12 14:38:55.854,0 days 00:52:53.324000,81,755.9519377600053,0 days 00:01:12.146000,11890.983357866668,226.0,5,95.66664533333334,False,0,pos,4345.20682704153,0.8118469296265446,OnTrack,3981.0,5177.0,7265.0
2026-09-12 14:38:56.042,0 days 00:52:53.512000,81,751.0430555555604,0 days 00:01:12.334000,11909.0,226.0,5,80.0,False,0,car,4357.0102777777765,0.8140522550852972,OnTrack,4084.9010237209154,5141.470195136012,7264.28566361474
2026-09-12 14:38:56.294,0 days 00:52:53.764000,81,744.043048444448,0 days 00:01:12.586000,11930.600021942857,226.90000091428573,5,76.39999634285714,False,0,pos,4372.895447861596,0.817020198171202,OnTrack,4172.0,5089.0,7263.0
2026-09-12 14:38:56.322,0 days 00:52:53.792000,81,743.2652777777812,0 days 00:01:12.614000,11933.0,227.0,5,76.0,False,0,car,4374.665833333333,0.8173509723015703,OnTrack,4184.966327425284,5080.272566321939,7262.894158697476
2026-09-12 14:38:56.514,0 days 00:52:53.984000,81,737.7186111111145,0 days 00:01:12.806000,11979.8,227.6,5,77.2,False,0,pos,4386.834325971706,0.819624501222027,OnTrack,4284.0,5008.0,7262.0
2026-09-12 14:38:56.615,0 days 00:52:54.085000,81,734.80082778667,0 days 00:01:12.907000,12004.4187968,227.9156256,5,77.8312512,False,0,pos,4393.227324042981,0.8208189520414849,OnTrack,4331.0,4966.0,7261.0
2026-09-12 14:38:56.642,0 days 00:52:54.112000,81,734.0208333333367,0 days 00:01:12.934000,12011.0,228.0,5,78.0,False,0,car,4394.932499999999,0.8211375425989156,OnTrack,4342.9632386256535,4954.010858721423,7260.789162571067
2026-09-12 14:38:56.882,0 days 00:52:54.352000,81,726.9541666666692,0 days 00:01:13.174000,11970.0,227.0,5,91.0,False,0,car,4410.065833333333,0.8239650144985783,OnTrack,4438.502667907004,4835.548721047943,7260.0464137490135
2026-09-12 14:38:56.895,0 days 00:52:54.365000,81,726.5641609066693,0 days 00:01:13.187000,11978.032261485714,227.13928777142857,5,91.41786331428571,False,0,pos,4410.890128232524,0.8241190235733248,OnTrack,4443.0,4829.0,7260.0
2026-09-12 14:38:57.095,0 days 00:52:54.565000,81,720.5641609066708,0 days 00:01:13.387000,12101.603690057143,229.2821449142857,5,97.84643474285714,False,0,pos,4423.656290542799,0.8265042195115737,OnTrack,4507.0,4718.0,7259.0
2026-09-12 14:38:57.162,0 days 00:52:54.632000,81,718.5541666666713,0 days 00:01:13.454000,12143.0,230.0,5,100.0,False,0,car,4427.954722222221,0.8273073270965638,OnTrack,4530.619124689456,4665.1723110920675,7258.66836219137
2026-09-12 14:38:57.315,0 days 00:52:54.785000,81,714.1341611200043,0 days 00:01:13.607000,11425.8116,231.4343768,5,100.0,False,0,pos,4437.797806967534,0.8291463829681521,OnTrack,4584.0,4527.0,7258.0
2026-09-12 14:38:57.482,0 days 00:52:54.952000,81,709.3097222222259,0 days 00:01:13.774000,10643.0,233.0,5,100.0,False,0,car,4448.665833333333,0.8311769362162196,OnTrack,4621.915943415881,4398.419184749088,7257.43138359605
2026-09-12 14:38:57.695,0 days 00:52:55.165000,81,703.452216942226,0 days 00:01:13.987000,10756.156352,236.9937536,5,100.0,False,0,pos,4462.849070012911,0.8338268945746627,OnTrack,4649.0,4272.0,7257.0
2026-09-12 14:38:57.962,0 days 00:52:55.432000,81,696.1097222222261,0 days 00:01:14.254000,10898.0,242.0,6,100.0,False,0,car,4480.9325,0.8372055547159407,OnTrack,4672.782636176386,4163.101143182808,7256.97857558411
2026-09-12 14:38:58.055,0 days 00:52:55.525000,81,693.6038837155588,0 days 00:01:14.347000,10975.3064096,243.7437536,6,100.0,False,0,pos,4487.246656075427,0.83838527490581,OnTrack,4682.0,4116.0,7257.0
2026-09-12 14:38:58.122,0 days 00:52:55.592000,81,691.798611111114,0 days 00:01:14.414000,11031.0,245.0,6,100.0,False,0,car,4491.821388888889,0.8392400058625408,OnTrack,4689.571150213084,4075.178237983376,7257.005557748394
2026-09-12 14:38:58.275,0 days 00:52:55.745000,81,688.3136067377817,0 days 00:01:14.567000,11111.3251008,247.7321462857143,6,100.0,False,0,pos,4502.399587595321,0.841216408478718,OnTrack,4708.0,3969.0,7257.0
2026-09-12 14:38:58.402,0 days 00:52:55.872000,81,685.4208333333381,0 days 00:01:14.694000,11178.0,250.0,6,100.0,False,0,car,4511.265833333333,0.8428729543386122,OnTrack,4721.370773801657,3882.40111178998,7256.998514685957
2026-09-12 14:38:58.595,0 days 00:52:56.065000,81,681.6144406577815,0 days 00:01:14.887000,11313.7894208,252.0678592,6,100.0,False,0,pos,4524.810098506814,0.8454035289540041,OnTrack,4740.0,3751.0,7257.0
2026-09-12 14:38:58.615,0 days 00:52:56.085000,81,681.219996213337,0 days 00:01:14.907000,11327.86084937143,252.2821449142857,6,100.0,False,0,pos,4526.218547886494,0.8456666799039916,OnTrack,4742.0,3737.0,7257.0
2026-09-12 14:38:58.682,0 days 00:52:56.152000,81,679.8986111111144,0 days 00:01:14.974000,11375.0,253.0,6,100.0,False,0,car,4530.943611111111,0.8465494981963967,OnTrack,4748.569932571072,3690.0718142174437,7257.000121805235
2026-09-12 14:38:58.895,0 days 00:52:56.365000,81,676.0527751933131,0 days 00:01:15.187000,11503.258150707808,255.29032411978227,6,100.0,False,0,pos,4546.048796207051,0.849371710953972,OnTrack,4768.0,3542.0,7257.0
2026-09-12 14:38:58.961,0 days 00:52:56.431000,81,674.861111111114,0 days 00:01:15.253000,11543.0,256.0,6,100.0,False,0,car,4550.783611111111,0.8502563512243243,OnTrack,4773.585111818894,3497.0508144846685,7256.9987201066415
2026-09-12 14:38:59.115,0 days 00:52:56.585000,81,672.2516644977828,0 days 00:01:15.407000,11655.6125936,260.812504,6,100.0,False,0,pos,4561.946862053344,0.8523420634499661,OnTrack,4787.0,3386.0,7257.0
2026-09-12 14:38:59.121,0 days 00:52:56.591000,81,672.1500000000051,0 days 00:01:15.413000,11660.0,261.0,6,100.0,False,0,car,4562.38361111111,0.8524236644866205,OnTrack,4787.586327470498,3381.1382294451146,7257.00047784272
2026-09-12 14:38:59.321,0 days 00:52:56.791000,81,669.0944444444485,0 days 00:01:15.613000,11777.0,263.0,6,100.0,False,0,car,4576.994722222222,0.8551535657700686,OnTrack,4809.281938706153,3201.435256521462,7257.023292240425
2026-09-12 14:38:59.395,0 days 00:52:56.865000,81,668.1899984355597,0 days 00:01:15.687000,11784.811124622222,263.6166677333333,6,100.0,False,0,pos,4582.428835214859,0.8561688610422893,OnTrack,4816.0,3146.0,7257.0
2026-09-12 14:38:59.655,0 days 00:52:57.125000,81,665.0122206577822,0 days 00:01:15.947000,11812.255569066667,265.7833344,6,100.0,False,0,pos,4601.657774785737,0.8597615451588291,OnTrack,4832.0,3014.0,7257.0
2026-09-12 14:38:59.681,0 days 00:52:57.151000,81,664.6944444444489,0 days 00:01:15.973000,11815.0,266.0,6,100.0,False,0,car,4603.594722222222,0.8601234392853346,OnTrack,4833.932896453608,2997.6645228404986,7257.0845240879335
2026-09-12 14:38:59.875,0 days 00:52:57.345000,81,662.8622210133371,0 days 00:01:16.167000,11628.75987712,263.08999808,6,34.03995648000001,False,0,pos,4617.797857150084,0.8627771153797605,OnTrack,4851.0,2853.0,7258.0
2026-09-12 14:38:59.881,0 days 00:52:57.351000,81,662.8055555555593,0 days 00:01:16.173000,11623.0,263.0,6,32.0,True,0,car,4618.205833333333,0.8628533405687827,OnTrack,4851.523377683565,2848.650378353972,7258.016423577292
2026-09-12 14:39:00.135,0 days 00:52:57.605000,81,664.6400009244481,0 days 00:01:16.427000,10341.8868544,223.31248,6,6.599987200000001,True,0,pos,4633.426296588191,0.8656970915921058,OnTrack,4875.0,2666.0,7258.0
2026-09-12 14:39:00.201,0 days 00:52:57.671000,81,665.1166666666704,0 days 00:01:16.493000,10009.0,213.0,6,0.0,True,0,car,4637.139166666666,0.8663907943991973,OnTrack,4883.63093926647,2605.369131523674,7257.9866378825045
2026-09-12 14:39:00.395,0 days 00:52:57.865000,81,667.3261125688914,0 days 00:01:16.687000,10231.13014656,203.2999936,6,0.0,True,0,pos,4648.075409340551,0.868434093001508,OnTrack,4910.0,2429.0,7258.0
2026-09-12 14:39:00.401,0 days 00:52:57.871000,81,667.3944444444469,0 days 00:01:16.693000,10238.0,203.0,6,0.0,True,0,car,4648.416944444444,0.8684979045153189,OnTrack,4910.57073364327,2425.3534848350796,7257.997552858131
2026-09-12 14:39:00.561,0 days 00:52:58.031000,81,669.2166666666708,0 days 00:01:16.853000,11041.0,203.0,6,0.0,True,0,car,4657.439166666666,0.870183592608216,OnTrack,4919.501024800412,2373.7159998152497,7257.863761512622
2026-09-12 14:39:00.675,0 days 00:52:58.145000,81,672.2566700800035,0 days 00:01:16.967000,11122.79509184,191.02998656,6,0.0,True,0,pos,4663.20835787093,0.871261493005606,OnTrack,4925.0,2344.0,7258.0
2026-09-12 14:39:00.895,0 days 00:52:58.365000,81,678.1233367466688,0 days 00:01:17.187000,11280.64509184,167.92998656,6,0.0,True,0,pos,4672.724110073407,0.8730393909322574,OnTrack,4943.0,2237.0,7259.0
2026-09-12 14:39:00.961,0 days 00:52:58.431000,81,679.883333333335,0 days 00:01:17.253000,11328.0,161.0,4,0.0,True,0,car,4675.328055555556,0.873525905206202,OnTrack,4948.5710527023775,2205.288227260965,7259.148269078274
2026-09-12 14:39:01.154,0 days 00:52:58.624000,81,687.1208309333363,0 days 00:01:17.446000,10638.714514285713,138.94286445714286,4,0.0,True,0,pos,4682.375782256693,0.8748426837879619,OnTrack,4964.0,2123.0,7259.0
2026-09-12 14:39:01.241,0 days 00:52:58.711000,81,690.3833333333369,0 days 00:01:17.533000,10328.0,129.0,3,0.0,True,0,car,4685.361388888889,0.8754005066198549,OnTrack,4970.579761321435,2090.1459235714487,7258.726812012306
2026-09-12 14:39:01.454,0 days 00:52:58.924000,81,699.4950102885916,0 days 00:01:17.746000,10318.145896346396,118.38788837304219,3,0.0,True,0,pos,4692.28687836166,0.8766944467217711,OnTrack,4988.0,2012.0,7258.0
2026-09-12 14:39:01.522,0 days 00:52:58.992000,81,702.403888888889,0 days 00:01:17.814000,10315.0,115.0,2,0.0,True,0,car,4694.337777777778,0.8770776313342014,OnTrack,4995.079840176615,1983.5145212885723,7257.976690880436
2026-09-12 14:39:01.654,0 days 00:52:59.124000,81,708.7105677866671,0 days 00:01:17.946000,9390.998208,106.749984,2,0.0,True,0,pos,4698.064266732448,0.877773878656034,OnTrack,5009.0,1931.0,7258.0
2026-09-12 14:39:01.762,0 days 00:52:59.232000,81,713.8705555555562,0 days 00:01:18.054000,8635.0,100.0,2,0.0,True,0,car,4701.004444444445,0.8783232136688545,OnTrack,5017.359588932225,1903.4852490014916,7257.696486016649
2026-09-12 14:39:01.914,0 days 00:52:59.384000,81,721.343888888892,0 days 00:01:18.206000,9345.6,97.72,2,0.0,True,0,pos,4705.136354497953,0.8790952087945084,OnTrack,5028.0,1876.0,7257.0
2026-09-12 14:39:01.962,0 days 00:52:59.432000,81,723.7038888888928,0 days 00:01:18.254000,9570.0,97.0,2,0.0,True,0,car,4706.393333333333,0.8793300593893657,OnTrack,5032.276080722768,1865.8200816659946,7256.795287887488
2026-09-12 14:39:02.214,0 days 00:52:59.684000,81,737.2139026133354,0 days 00:01:18.506000,10081.200519314285,87.99999085714286,2,0.0,True,0,pos,4712.502270343726,0.8804714369929139,OnTrack,5061.0,1806.0,7256.0
2026-09-12 14:39:02.242,0 days 00:52:59.712000,81,738.715000000002,0 days 00:01:18.534000,10138.0,87.0,1,0.0,True,0,car,4713.16,0.8805943254590385,OnTrack,5064.608881531447,1799.9284327059722,7255.967944287182
2026-09-12 14:39:02.454,0 days 00:52:59.924000,81,750.4339030400033,0 days 00:01:18.746000,9701.6328064,83.4666624,1,0.0,True,0,pos,4718.0683784571065,0.8815113938837332,OnTrack,5094.0,1760.0,7256.0
2026-09-12 14:39:02.482,0 days 00:52:59.952000,81,751.9816666666702,0 days 00:01:18.774000,9644.0,83.0,1,0.0,False,0,car,4718.693333333333,0.8816281587968005,OnTrack,5098.093088864715,1755.570500970919,7256.005115450149
2026-09-12 14:39:02.554,0 days 00:53:00.024000,81,756.0816666666691,0 days 00:01:18.846000,9628.7,80.75,1,1.3499999999999999,False,0,pos,4720.267764538555,0.8819223213512531,OnTrack,5109.0,1745.0,7256.0
2026-09-12 14:39:02.642,0 days 00:53:00.112000,81,761.0927777777788,0 days 00:01:18.934000,9610.0,78.0,1,3.0,False,0,car,4722.159999999999,0.8822758616108201,OnTrack,5123.680188234499,1733.3415046442155,7255.931351608277
2026-09-12 14:39:02.802,0 days 00:53:00.272000,81,770.2483333333366,0 days 00:01:19.094000,10310.0,78.0,1,34.0,False,0,car,4725.626666666665,0.8829235644248395,OnTrack,5153.772179669953,1715.8947435291636,7255.803483727869
2026-09-12 14:39:02.874,0 days 00:53:00.344000,81,774.3283333333375,0 days 00:01:19.166000,10325.3,78.9,1,35.35,False,0,pos,4727.215313010282,0.8832203828980827,OnTrack,5168.0,1710.0,7256.0
2026-09-12 14:39:02.962,0 days 00:53:00.432000,81,779.315000000005,0 days 00:01:19.254000,10344.0,80.0,1,37.0,False,0,car,4729.182222222221,0.8835878750033213,OnTrack,5185.836279772282,1704.5110995690313,7256.499521713651
2026-09-12 14:39:03.054,0 days 00:53:00.524000,81,784.4772365866711,0 days 00:01:19.346000,10507.3004544,80.92000256,1,39.3000064,False,0,pos,4731.264431198862,0.8839769094110755,OnTrack,5205.0,1701.0,7257.0
2026-09-12 14:39:03.162,0 days 00:53:00.632000,81,790.5372222222259,0 days 00:01:19.454000,10699.0,82.0,1,42.0,False,0,car,4733.7377777777765,0.8844390229320008,OnTrack,5228.158382617771,1700.0684847249984,7257.114177840359
2026-09-12 14:39:03.275,0 days 00:53:00.745000,81,796.8463996088917,0 days 00:01:19.567000,11038.807720228571,83.21071634285714,1,44.42143268571429,False,0,pos,4736.352923699752,0.8849276298664438,OnTrack,5252.0,1702.0,7257.0
2026-09-12 14:39:03.442,0 days 00:53:00.912000,81,806.1705555555573,0 days 00:01:19.734000,11541.0,85.0,1,48.0,False,0,car,4740.348888888888,0.8856742254138652,OnTrack,5286.198164572176,1709.8696836602876,7256.993180559904
2026-09-12 14:39:03.495,0 days 00:53:00.965000,81,809.01195473778,0 days 00:01:19.787000,11249.498944,86.7035776,1,49.3250048,False,0,pos,4741.676499195823,0.8859222726057087,OnTrack,5301.0,1716.0,7257.0
2026-09-12 14:39:03.675,0 days 00:53:01.145000,81,818.6619547377816,0 days 00:01:19.967000,10259.498944,92.48929188571428,1,53.8250048,False,0,pos,4746.388487512335,0.8868026480169293,OnTrack,5363.0,1748.0,7257.0
2026-09-12 14:39:03.722,0 days 00:53:01.192000,81,821.1816666666709,0 days 00:01:20.014000,10001.0,94.0,1,55.0,False,0,car,4747.659999999999,0.8870402140408681,OnTrack,5373.544744455204,1753.9240681395534,7256.999320552165
2026-09-12 14:39:03.955,0 days 00:53:01.425000,81,833.3494544711158,0 days 00:01:20.247000,10237.883528533333,99.8250048,1,63.7375072,False,0,pos,4754.132419683845,0.8882495037839672,OnTrack,5403.0,1774.0,7257.0
2026-09-12 14:39:03.962,0 days 00:53:01.432000,81,833.7150000000047,0 days 00:01:20.254000,10245.0,100.0,2,64.0,False,0,car,4754.326666666666,0.8882857963755213,OnTrack,5404.645995274693,1775.1149921577385,7257.000022893165
2026-09-12 14:39:04.255,0 days 00:53:01.725000,81,848.9347321955571,0 days 00:01:20.547000,11086.561662577778,102.44166826666667,2,75.3944519111111,False,0,pos,4762.529739106871,0.8898184366937311,OnTrack,5508.0,1843.0,7257.0
2026-09-12 14:39:04.322,0 days 00:53:01.792000,81,852.4150000000009,0 days 00:01:20.614000,11279.0,103.0,2,78.0,False,0,car,4764.626666666666,0.8902102210825603,OnTrack,5526.109356130703,1854.4802032721846,7256.999961544995
2026-09-12 14:39:04.642,0 days 00:53:02.112000,81,866.8150000000005,0 days 00:01:20.934000,11582.0,129.0,2,84.0,False,0,car,4776.093333333332,0.8923526226981636,OnTrack,5578.404710662955,1878.1592294822144,7256.999985869513
2026-09-12 14:39:04.755,0 days 00:53:02.225000,81,871.3977855644464,0 days 00:01:21.047000,10790.998656,135.3562608,2,95.3000192,False,0,pos,4780.408402090402,0.8931588387106565,OnTrack,5617.0,1886.0,7257.0
2026-09-12 14:39:04.802,0 days 00:53:02.272000,81,873.3038888888914,0 days 00:01:21.094000,10462.0,138.0,2,100.0,False,0,car,4782.226666666666,0.8934985584460444,OnTrack,5638.205863710278,1889.9027613460719,7257.000002037044
2026-09-12 14:39:04.935,0 days 00:53:02.405000,81,877.47861713778,0 days 00:01:21.227000,10579.04016896,140.66000384,2,100.0,False,0,pos,4787.442282650619,0.8944730303161365,OnTrack,5704.0,1901.0,7257.0
2026-09-12 14:39:05.002,0 days 00:53:02.472000,81,879.5816666666688,0 days 00:01:21.294000,10638.0,142.0,3,100.0,False,0,car,4790.115555555554,0.8949724975420505,OnTrack,5729.980243544865,1904.671400904989,7256.999998940746
2026-09-12 14:39:05.215,0 days 00:53:02.685000,81,883.3683367466681,0 days 00:01:21.507000,11436.75072,147.3250048,3,100.0,False,0,pos,4798.848456827065,0.8966041296751602,OnTrack,5792.0,1911.0,7257.0
2026-09-12 14:39:05.322,0 days 00:53:02.792000,81,885.2705555555567,0 days 00:01:21.614000,11838.0,150.0,3,100.0,False,0,car,4803.448888888888,0.8974636622113569,OnTrack,5828.696311501506,1915.479907102404,7257.00000546697
2026-09-12 14:39:05.495,0 days 00:53:02.965000,81,886.375834560002,0 days 00:01:21.787000,12057.957386971428,156.17857828571428,3,93.82142171428572,False,0,pos,4811.237716652463,0.8989189061518517,OnTrack,5909.0,1926.0,7257.0
2026-09-12 14:39:05.602,0 days 00:53:03.072000,81,887.0594444444469,0 days 00:01:21.894000,12194.0,160.0,3,90.0,False,0,car,4815.8933333333325,0.8997887492360426,OnTrack,5980.305871945946,1935.0781123529237,7256.999968737897
2026-09-12 14:39:05.755,0 days 00:53:03.225000,81,887.9094453405799,0 days 00:01:22.047000,11455.378531635655,150.40751339786564,3,46.833810290395434,False,0,pos,4821.980602231064,0.9009260784268374,OnTrack,6075.0,1947.0,7257.0
2026-09-12 14:39:05.921,0 days 00:53:03.391000,81,888.8316666666678,0 days 00:01:22.213000,10654.0,140.0,3,0.0,True,0,car,4828.298888888888,0.9021065703637762,OnTrack,6108.450215190178,1951.1585795472013,7257.000249962986
2026-09-12 14:39:05.995,0 days 00:53:03.465000,81,889.0372225777793,0 days 00:01:22.287000,10272.8993408,140.0,3,0.0,True,0,pos,4831.190489297385,0.9026468293219313,OnTrack,6124.0,1953.0,7257.0
2026-09-12 14:39:06.081,0 days 00:53:03.551000,81,889.2761111111131,0 days 00:01:22.373000,9830.0,140.0,3,0.0,True,0,car,4834.52111111111,0.9032691138761192,OnTrack,6153.930282658536,1956.5256068318574,7256.999225932309
2026-09-12 14:39:06.195,0 days 00:53:03.665000,81,889.6877782400024,0 days 00:01:22.487000,9578.249717333334,135.24999466666668,3,0.0,True,0,pos,4838.719104132147,0.9040534557683191,OnTrack,6202.0,1962.0,7257.0
2026-09-12 14:39:06.321,0 days 00:53:03.791000,81,890.1427777777808,0 days 00:01:22.613000,9300.0,130.0,3,0.0,True,0,car,4843.187777777776,0.904888370911168,OnTrack,6247.398976714643,1966.6072531970199,7257.00760316936
2026-09-12 14:39:06.515,0 days 00:53:03.985000,81,890.6277780977811,0 days 00:01:22.807000,9011.155364977778,126.76666453333333,3,0.0,True,0,pos,4849.980836659935,0.9061575680324495,OnTrack,6319.0,1971.0,7257.0
2026-09-12 14:39:06.681,0 days 00:53:04.151000,81,891.0427777777813,0 days 00:01:22.973000,8764.0,124.0,3,0.0,False,0,car,4855.587777777776,0.9072051540536228,OnTrack,6403.5207495325985,1972.159077912207,7256.95771025495
2026-09-12 14:39:06.735,0 days 00:53:04.205000,81,891.2377782400033,0 days 00:01:23.027000,8712.1213056,122.2642816,3,1.3500032,False,0,pos,4857.34971686522,0.9075343500839312,OnTrack,6430.0,1971.0,7257.0
2026-09-12 14:39:06.961,0 days 00:53:04.431000,81,892.0538888888914,0 days 00:01:23.253000,8495.0,115.0,3,7.0,False,0,car,4864.53222222222,0.9088763103526156,OnTrack,6518.864808892101,1955.0400976958997,7257.657154488619
2026-09-12 14:39:07.121,0 days 00:53:04.591000,81,892.3650000000034,0 days 00:01:23.413000,8970.0,116.0,3,26.0,False,0,car,4869.687777777775,0.9098395606914139,OnTrack,6561.946756551272,1939.0547963125675,7258.0599898523715
2026-09-12 14:39:07.195,0 days 00:53:04.665000,81,892.4061111822252,0 days 00:01:23.487000,9027.878671542858,116.52857234285715,3,27.58571702857143,False,0,pos,4872.088092523611,0.9102880291381669,OnTrack,6577.0,1933.0,7258.0
2026-09-12 14:39:07.401,0 days 00:53:04.871000,81,892.5205555555576,0 days 00:01:23.693000,9189.0,118.0,3,32.0,False,0,car,4878.865555555553,0.9115543123721197,OnTrack,6605.93834258304,1918.0637952139145,7257.164730285422
2026-09-12 14:39:07.455,0 days 00:53:04.925000,81,892.3405551288911,0 days 00:01:23.747000,9271.89019648,118.94500224,3,35.51000832,False,0,pos,4880.687783912218,0.9118947726897344,OnTrack,6615.0,1911.0,7257.0
2026-09-12 14:39:07.734,0 days 00:53:05.204000,81,891.4105549155586,0 days 00:01:24.026000,9700.15529472,123.82750336,3,53.64501248,False,0,pos,4890.385564785281,0.9137066803708582,OnTrack,6679.0,1848.0,7257.0
2026-09-12 14:39:07.801,0 days 00:53:05.271000,81,891.1872222222255,0 days 00:01:24.093000,9803.0,125.0,3,58.0,False,0,car,4892.754444444442,0.9141492755693137,OnTrack,6692.246178856066,1831.34445217555,7257.014003798323
2026-09-12 14:39:07.954,0 days 00:53:05.424000,81,890.3372224083105,0 days 00:01:24.246000,9802.523364590328,126.90654163868743,3,59.90654163868743,False,0,pos,4898.205462644543,0.9151677293657016,OnTrack,6720.0,1786.0,7257.0
2026-09-12 14:39:08.122,0 days 00:53:05.592000,81,889.4038888888917,0 days 00:01:24.414000,9802.0,129.0,3,62.0,False,0,car,4904.256944444442,0.9162983721899657,OnTrack,6756.297386707459,1704.9836108832208,7256.997383999174
2026-09-12 14:39:08.234,0 days 00:53:05.704000,81,888.5327777777812,0 days 00:01:24.526000,10222.0,131.1,3,71.8,False,0,pos,4908.335740121461,0.9170604435662587,OnTrack,6777.0,1654.0,7257.0
2026-09-12 14:39:08.282,0 days 00:53:05.752000,81,888.1594444444481,0 days 00:01:24.574000,10402.0,132.0,3,76.0,False,0,car,4910.123611111108,0.9173944846444604,OnTrack,6783.715881244933,1636.825396981079,7257.001074985634
2026-09-12 14:39:08.634,0 days 00:53:06.104000,81,883.9550000000017,0 days 00:01:24.926000,12073.022222222222,145.6888888888889,3,84.8,False,0,pos,4924.371520631242,0.9200565263050625,OnTrack,6812.0,1550.0,7257.0
2026-09-12 14:39:08.642,0 days 00:53:06.112000,81,883.8594444444461,0 days 00:01:24.934000,12111.0,146.0,3,85.0,False,0,car,4924.723611111109,0.9201223099573508,OnTrack,6812.927526968918,1547.036774495624,7256.999480684362
2026-09-12 14:39:08.714,0 days 00:53:06.184000,81,882.6394444444462,0 days 00:01:25.006000,12172.2,150.32,3,87.7,False,0,pos,4927.953779968295,0.9207258261473195,OnTrack,6822.0,1518.0,7257.0
2026-09-12 14:39:08.994,0 days 00:53:06.464000,81,877.895000000002,0 days 00:01:25.286000,12410.2,167.12,3,98.2,False,0,pos,4941.303153761179,0.9232199877735839,OnTrack,6855.0,1403.0,7257.0
2026-09-12 14:39:09.042,0 days 00:53:06.512000,81,877.0816666666688,0 days 00:01:25.334000,12451.0,170.0,3,100.0,False,0,car,4943.612499999998,0.9236514599055347,OnTrack,6859.817960111282,1384.8655438703004,7256.8324977468865
2026-09-12 14:39:09.242,0 days 00:53:06.712000,81,873.6927777777792,0 days 00:01:25.534000,11262.0,175.0,4,100.0,False,0,car,4953.334722222221,0.9254679341435705,OnTrack,6881.204203795015,1296.8836859173277,7255.997272239411
2026-09-12 14:39:09.254,0 days 00:53:06.724000,81,873.4727730844457,0 days 00:01:25.546000,11288.82057216,175.66001408,4,100.0,False,0,pos,4953.94245631694,0.9255814815714526,OnTrack,6883.0,1289.0,7256.0
2026-09-12 14:39:09.474,0 days 00:53:06.944000,81,869.4394444444455,0 days 00:01:25.766000,11780.52,187.76,4,100.0,False,0,pos,4965.726371428049,0.92778315704577,OnTrack,6922.0,1112.0,7257.0
2026-09-12 14:39:09.642,0 days 00:53:07.112000,81,866.3594444444452,0 days 00:01:25.934000,12156.0,197.0,4,100.0,False,0,car,4975.22361111111,0.9295575961423481,OnTrack,6937.0126319075325,1038.944410548126,7257.471140307326
2026-09-12 14:39:09.875,0 days 00:53:07.345000,81,862.79971928889,0 days 00:01:26.167000,11574.558611781818,204.41364247272728,4,100.0,False,0,pos,4988.772009269646,0.9320889429537159,OnTrack,6948.0,975.0,7257.0
2026-09-12 14:39:10.035,0 days 00:53:07.505000,81,860.3552748444457,0 days 00:01:26.327000,11175.28588450909,209.50455156363637,4,100.0,False,0,pos,4998.228518240224,0.933855772031902,OnTrack,6964.0,887.0,7256.0
2026-09-12 14:39:10.082,0 days 00:53:07.552000,81,859.6372222222235,0 days 00:01:26.374000,11058.0,211.0,5,100.0,False,0,car,5001.012499999998,0.9343759238068977,OnTrack,6968.710375089775,859.9108301130328,7255.886217722056
2026-09-12 14:39:10.235,0 days 00:53:07.705000,81,857.3847193955575,0 days 00:01:26.527000,11340.094104,213.8687536,5,100.0,False,0,pos,5010.105256470779,0.936074790331894,OnTrack,6983.0,774.0,7256.0
2026-09-12 14:39:10.242,0 days 00:53:07.712000,81,857.2816666666686,0 days 00:01:26.534000,11353.0,214.0,5,100.0,False,0,car,5010.52361111111,0.9361529546043363,OnTrack,6983.620973929158,770.2248684422773,7256.002427046454
2026-09-12 14:39:10.455,0 days 00:53:07.925000,81,854.7966644266684,0 days 00:01:26.747000,11610.5971072,217.328128,5,100.0,False,0,pos,5023.384310974923,0.9385558136885825,OnTrack,7004.0,645.0,7256.0
2026-09-12 14:39:10.562,0 days 00:53:08.032000,81,853.548333333335,0 days 00:01:26.854000,11740.0,219.0,5,100.0,False,0,car,5029.990277777776,0.9397900550215232,OnTrack,7019.97834749727,545.558497597072,7256.301654865944
2026-09-12 14:39:10.735,0 days 00:53:08.205000,81,851.5299977600012,0 days 00:01:27.027000,11942.41022464,226.78500864,5,100.0,False,0,pos,5040.923100844533,0.9418327147134993,OnTrack,7050.0,361.0,7257.0
2026-09-12 14:39:10.762,0 days 00:53:08.232000,81,851.215000000001,0 days 00:01:27.054000,11974.0,228.0,5,100.0,False,0,car,5042.656944444443,0.9421566614573642,OnTrack,7054.269129337563,335.5723987366297,7257.0776913784075
2026-09-12 14:39:11.082,0 days 00:53:08.552000,81,848.2816666666677,0 days 00:01:27.374000,10854.0,236.0,6,100.0,False,0,car,5063.63472222222,0.9460760938704058,OnTrack,7094.005492497346,113.85919227798358,7257.183036958493
2026-09-12 14:39:11.135,0 days 00:53:08.605000,81,847.8988875022239,0 days 00:01:27.427000,10825.37989632,236.0,6,100.0,False,0,pos,5067.128219486562,0.9467288096421993,OnTrack,7098.0,93.0,7257.0
2026-09-12 14:39:11.282,0 days 00:53:08.752000,81,846.837222222226,0 days 00:01:27.574000,10746.0,236.0,6,100.0,False,0,car,5076.745833333332,0.948525739128557,OnTrack,7105.054223580449,58.36351204638889,7256.188935567041
2026-09-12 14:39:11.375,0 days 00:53:08.845000,81,846.8372222222254,0 days 00:01:27.667000,10683.2248704,232.124992,6,74.16661333333333,False,0,pos,5082.686235904423,0.9496356282040488,OnTrack,7111.0,28.0,7256.0
2026-09-12 14:39:11.575,0 days 00:53:09.045000,81,846.8372222222238,0 days 00:01:27.867000,10548.2248704,223.79165866666668,6,18.611057777777784,False,0,pos,5094.965910813329,0.9519299301253212,OnTrack,7134.0,-102.0,7257.0
2026-09-12 14:39:11.642,0 days 00:53:09.112000,81,846.8372222222233,0 days 00:01:27.934000,10503.0,221.0,6,0.0,True,0,car,5098.845833333332,0.952654844567932,OnTrack,7142.230650396108,-157.53011497705396,7257.198282686406
2026-09-12 14:39:11.802,0 days 00:53:09.272000,81,848.1261111111135,0 days 00:01:28.094000,9383.0,197.0,6,0.0,True,0,car,5107.601388888887,0.9542907093674431,OnTrack,7161.016700173982,-305.2300025219068,7257.121977157515
2026-09-12 14:39:11.915,0 days 00:53:09.385000,81,849.8211139911136,0 days 00:01:28.207000,9389.591677866667,188.5249856,6,0.0,True,0,pos,5113.357523175359,0.9553661702449111,OnTrack,7171.0,-393.0,7257.0
2026-09-12 14:39:12.042,0 days 00:53:09.512000,81,851.7261111111138,0 days 00:01:28.334000,9397.0,179.0,6,0.0,True,0,car,5119.534722222221,0.9565203017464722,OnTrack,7178.05996325098,-464.74574786355396,7256.93901755992
2026-09-12 14:39:12.282,0 days 00:53:09.752000,81,856.6594444444481,0 days 00:01:28.574000,9763.0,167.0,5,0.0,True,0,car,5130.668055555554,0.9586004242453429,OnTrack,7181.982472331664,-541.8692703726991,7256.986369438128
2026-09-12 14:39:12.375,0 days 00:53:09.845000,81,859.4236164148035,0 days 00:01:28.667000,9905.57202754303,161.91570778449818,5,0.0,True,0,pos,5134.634667275977,0.9593415354684509,OnTrack,7183.0,-572.0,7257.0
2026-09-12 14:39:12.615,0 days 00:53:10.085000,81,866.556948708196,0 days 00:01:28.907000,10273.499080965965,148.7949807679299,5,0.0,True,0,pos,5144.031036029979,0.9610971281079315,OnTrack,7185.0,-661.0,7257.0
2026-09-12 14:39:12.721,0 days 00:53:10.191000,81,869.7075000000004,0 days 00:01:29.013000,10436.0,143.0,3,0.0,True,0,car,5148.10611111111,0.9618585043379478,OnTrack,7184.278336199328,-705.0040187382263,7256.999348609442
2026-09-12 14:39:12.855,0 days 00:53:10.325000,81,874.0997264177782,0 days 00:01:29.147000,10277.7123488,140.906248,3,0.0,True,0,pos,5153.2730910208,0.9628238891728002,OnTrack,7181.0,-761.0,7257.0
2026-09-12 14:39:13.041,0 days 00:53:10.511000,81,880.1963888888895,0 days 00:01:29.333000,10058.0,138.0,3,0.0,True,0,car,5160.372777777777,0.9641503758337095,OnTrack,7170.509111340638,-831.5063509974179,7257.0000704477825
2026-09-12 14:39:13.095,0 days 00:53:10.565000,81,882.1613935466681,0 days 00:01:29.387000,10058.0,136.312496,3,0.0,True,0,pos,5162.389861906369,0.964527242487422,OnTrack,7166.0,-851.0,7257.0
2026-09-12 14:39:13.201,0 days 00:53:10.671000,81,886.0186111111143,0 days 00:01:29.493000,10058.0,133.0,3,0.0,False,0,car,5166.283888888887,0.9652547921704352,OnTrack,7155.116979033777,-888.4147591534896,7256.999810672988
2026-09-12 14:39:13.315,0 days 00:53:10.785000,81,890.6102829333361,0 days 00:01:29.607000,9963.2373936,130.8624976,3,5.7000063999999995,False,0,pos,5170.359560077171,0.9660162797755323,OnTrack,7140.0,-927.0,7257.0
2026-09-12 14:39:13.521,0 days 00:53:10.991000,81,898.9075000000021,0 days 00:01:29.813000,9792.0,127.0,3,16.0,False,0,car,5177.5727777777765,0.9673639782571145,OnTrack,7103.009792056389,-990.6501709437546,7257.000932547994
2026-09-12 14:39:13.555,0 days 00:53:11.025000,81,900.3241720000024,0 days 00:01:29.847000,9819.442960457143,127.24285805714285,3,19.642870857142857,False,0,pos,5178.770925655088,0.9675878370316567,OnTrack,7096.0,-1000.0,7257.0
2026-09-12 14:39:13.735,0 days 00:53:11.205000,81,907.8241720000037,0 days 00:01:30.027000,9964.728674742857,128.52857234285713,3,38.928585142857145,False,0,pos,5185.183159407564,0.9687858817948191,OnTrack,7052.0,-1045.0,7257.0
2026-09-12 14:39:13.801,0 days 00:53:11.271000,81,910.5741666666709,0 days 00:01:30.093000,10018.0,129.0,3,46.0,False,0,car,5187.60611111111,0.9692385796707674,OnTrack,7028.955617664067,-1061.8980233529273,7257.017574687392
2026-09-12 14:39:13.995,0 days 00:53:11.465000,81,918.4419496355587,0 days 00:01:30.287000,10305.60518976,134.33500352,3,57.64000768,False,0,pos,5195.006893373193,0.9706213222180069,OnTrack,6950.0,-1108.0,7257.0
2026-09-12 14:39:14.201,0 days 00:53:11.671000,81,926.7963888888908,0 days 00:01:30.493000,10611.0,140.0,3,70.0,False,0,car,5203.161666666666,0.9721449384516248,OnTrack,6889.605419178462,-1130.3873969789697,7256.455931189559
2026-09-12 14:39:14.394,0 days 00:53:11.864000,81,934.7308307022221,0 days 00:01:30.686000,11172.767670857143,144.1357129142857,3,77.58214034285714,False,0,pos,5210.929809222836,0.9735963176227795,OnTrack,6832.0,-1141.0,7256.0
2026-09-12 14:39:14.481,0 days 00:53:11.951000,81,938.307499999999,0 days 00:01:30.773000,11426.0,146.0,3,81.0,False,0,car,5214.517222222222,0.9742665803616505,OnTrack,6797.910909681726,-1147.3010507071458,7255.982893516211
2026-09-12 14:39:14.554,0 days 00:53:12.024000,81,941.2274981050521,0 days 00:01:30.846000,11627.594175224296,148.07829046622984,3,85.9359398572959,False,0,pos,5217.581540877142,0.974839109539298,OnTrack,6768.0,-1153.0,7256.0
2026-09-12 14:39:14.654,0 days 00:53:12.124000,81,945.2275092560869,0 days 00:01:30.946000,11903.751528712091,150.92527349187725,3,92.69752454320843,False,0,pos,5221.857053696341,0.9756379350251745,OnTrack,6728.0,-1161.0,7256.0
2026-09-12 14:39:14.762,0 days 00:53:12.232000,81,949.5474999999997,0 days 00:01:31.054000,12202.0,154.0,3,100.0,False,0,car,5226.537777777778,0.976512469109558,OnTrack,6683.670580204552,-1169.77458160837,7255.999100771834
2026-09-12 14:39:14.874,0 days 00:53:12.344000,81,953.9341666666672,0 days 00:01:31.166000,11672.0,157.2,3,100.0,False,0,pos,5231.448561362436,0.9774299869019111,OnTrack,6637.0,-1179.0,7256.0
2026-09-12 14:39:15.042,0 days 00:53:12.512000,81,960.5141666666686,0 days 00:01:31.334000,10877.0,162.0,3,100.0,False,0,car,5239.137777777778,0.9788666197220525,OnTrack,6566.122344688036,-1193.2178033222415,7256.000061520415
2026-09-12 14:39:15.094,0 days 00:53:12.564000,81,962.3052865955572,0 days 00:01:31.386000,10974.3147648,166.0857344,3,100.0,False,0,pos,5241.66682964328,0.9793391410711161,OnTrack,6541.0,-1198.0,7256.0
2026-09-12 14:39:15.322,0 days 00:53:12.792000,81,970.158611111111,0 days 00:01:31.614000,11401.0,184.0,4,100.0,False,0,car,5253.448888888889,0.9815404698004411,OnTrack,6407.565369906763,-1221.4459215883755,7255.999972385062
2026-09-12 14:39:15.434,0 days 00:53:12.904000,81,973.8297222222229,0 days 00:01:31.726000,11605.0,188.4,4,100.0,False,0,pos,5259.47335086322,0.9826660643120936,OnTrack,6351.0,-1231.0,7256.0
2026-09-12 14:39:15.602,0 days 00:53:13.072000,81,979.3363888888907,0 days 00:01:31.894000,11911.0,195.0,4,100.0,False,0,car,5268.615555555556,0.9843741696117769,OnTrack,6295.57967861844,-1240.1473457263642,7256.000009528246
2026-09-12 14:39:15.762,0 days 00:53:13.232000,81,984.5808333333334,0 days 00:01:32.054000,10791.0,195.0,4,100.0,False,0,car,5277.282222222222,0.9859934266468259,OnTrack,6236.0920191475125,-1249.8468311294655,7256.000000899792
2026-09-12 14:39:15.794,0 days 00:53:13.264000,81,985.5852777777782,0 days 00:01:32.086000,10787.342857142858,196.14285714285714,4,100.0,False,0,pos,5279.055816159537,0.9863248002384012,OnTrack,6217.0,-1253.0,7256.0
2026-09-12 14:39:16.034,0 days 00:53:13.504000,81,993.1186111111142,0 days 00:01:32.326000,10759.914285714285,204.71428571428572,4,100.0,False,0,pos,5292.767487929478,0.988886652658681,OnTrack,6030.0,-1284.0,7256.0
2026-09-12 14:39:16.042,0 days 00:53:13.512000,81,993.3697222222254,0 days 00:01:32.334000,10759.0,205.0,5,100.0,False,0,car,5293.2266666666665,0.9889724443972044,OnTrack,6024.892535037952,-1284.8395151658356,7256.000000036517
2026-09-12 14:39:16.282,0 days 00:53:13.752000,81,1001.0363888888924,0 days 00:01:32.574000,10759.0,208.0,5,100.0,False,0,car,5307.093333333333,0.991563255653283,OnTrack,5928.082845288574,-1300.4475469621666,7256.000000094949
2026-09-12 14:39:16.375,0 days 00:53:13.845000,81,1003.748894488891,0 days 00:01:32.667000,11032.7693152,213.812512,5,100.0,False,0,pos,5312.68811882664,0.9926085705497785,OnTrack,5889.0,-1307.0,7256.0
2026-09-12 14:39:16.442,0 days 00:53:13.912000,81,1005.7030555555566,0 days 00:01:32.734000,11230.0,218.0,5,100.0,False,0,car,5316.782222222222,0.9933735019796455,OnTrack,5854.081599172361,-1312.998783132165,7255.999999975769
2026-09-12 14:39:16.595,0 days 00:53:14.065000,81,1010.0380609955557,0 days 00:01:32.887000,11503.4878432,221.3468792,5,100.0,False,0,pos,5326.254094351317,0.9951432014696595,OnTrack,5761.0,-1329.0,7256.0
2026-09-12 14:39:16.762,0 days 00:53:14.232000,81,1014.7697222222214,0 days 00:01:33.054000,11802.0,225.0,5,100.0,False,0,car,5336.782222222223,0.9971102489836049,OnTrack,5658.966946381476,-1345.7096216642701,7256.000000000333
2026-09-12 14:39:16.775,0 days 00:53:14.245000,81,1014.7697222222214,0 days 00:01:33.067000,11733.748992,225.37917226666667,5,100.0,False,0,pos,5337.609849535837,0.9972648806778319,OnTrack,5651.0,-1347.0,7256.0
2026-09-12 14:39:16.931,0 days 00:53:14.401000,81,1014.7697222222214,0 days 00:01:33.223000,10914.748992,229.92917226666665,5,100.0,False,0,interpolation,5347.632021215617,0.9991373966777108,OnTrack,5554.818189375652,-1362.5398083373254,7255.999999997921
