Date,SessionTime,DriverAhead,DistanceToDriverAhead,Time,RPM,Speed,nGear,Throttle,Brake,DRS,Source,Distance,RelativeDistance,Status,X,Y,Z
2026-09-12 14:58:16.004,0 days 01:12:13.474000,,580.0075,0 days 00:00:00,11182.73030272,246.9249952,5,100.0,False,0,interpolation,1.6552510940166245,0.00030873774217624755,OnTrack,5404.873376307655,-1387.3496128737079,7256.000000000001
2026-09-12 14:58:16.006,0 days 01:12:13.476000,,580.0075,0 days 00:00:00.002000,11178.0,247.0,6,100.0,False,0,car,1.7955555555555556,0.000334907356459764,OnTrack,5403.771544396073,-1387.5338446574608,7256.000000000001
2026-09-12 14:58:16.155,0 days 01:12:13.625000,,580.0075,0 days 00:00:00.151000,11404.811013688888,251.1388871111111,6,100.0,False,0,pos,12.332218855867923,0.0023002077566038268,OnTrack,5317.0,-1402.0,7256.0
2026-09-12 14:58:16.355,0 days 01:12:13.825000,,580.0075,0 days 00:00:00.351000,11709.255458133333,256.69444266666665,6,100.0,False,0,pos,26.69985840339163,0.004980062559503042,OnTrack,5178.0,-1425.0,7256.0
2026-09-12 14:58:16.366,0 days 01:12:13.836000,41,580.0075,0 days 00:00:00.362000,11726.0,257.0,6,100.0,False,0,car,27.495555555555555,0.005128476140441411,OnTrack,5168.458054305459,-1426.568464534068,7255.999999999999
2026-09-12 14:58:16.606,0 days 01:12:14.076000,41,577.0074999999999,0 days 00:00:00.602000,11908.0,263.0,6,100.0,False,0,car,45.028888888888886,0.0083987967375547,OnTrack,4918.936680536924,-1467.3142929305945,7256.000000000006
2026-09-12 14:58:16.635,0 days 01:12:14.105000,41,576.6450007999999,0 days 00:00:00.631000,11797.1658696,263.7249984,6,100.0,False,0,pos,47.17942965450601,0.00879991600147463,OnTrack,4890.0,-1472.0,7256.0
2026-09-12 14:58:16.926,0 days 01:12:14.396000,41,573.0075,0 days 00:00:00.922000,10685.0,271.0,7,100.0,False,0,car,69.11777777777777,0.012891860777188168,OnTrack,4651.794655235859,-1510.0496285566442,7255.999999999877
2026-09-12 14:58:17.055,0 days 01:12:14.525000,41,571.5741673777778,0 days 00:00:01.051000,10808.471367314285,273.3035702857143,7,100.0,False,0,pos,78.96537697579215,0.014728636812704293,OnTrack,4577.0,-1522.0,7256.0
2026-09-12 14:58:17.206,0 days 01:12:14.676000,41,569.8963888888889,0 days 00:00:01.202000,10953.0,276.0,7,100.0,False,0,car,90.58444444444444,0.016895827439813563,OnTrack,4513.710284482711,-1532.3006951016775,7256.000000000388
2026-09-12 14:58:17.366,0 days 01:12:14.836000,41,568.0741666666667,0 days 00:00:01.362000,11099.0,280.0,7,100.0,False,0,car,103.0288888888889,0.01921696753408916,OnTrack,4430.750042003253,-1545.9004511300795,7256.000000000076
2026-09-12 14:58:17.375,0 days 01:12:14.845000,41,567.9816673244444,0 days 00:00:01.371000,11103.36496896,280.13499904,7,100.0,False,0,pos,103.73404997167543,0.019348494310514223,OnTrack,4424.0,-1547.0,7256.0
2026-09-12 14:58:17.635,0 days 01:12:15.105000,41,565.3094451022223,0 days 00:00:01.631000,11229.46496896,284.03499904,7,100.0,False,0,pos,124.34573550876964,0.02319298973369947,OnTrack,4177.0,-1587.0,7256.0
2026-09-12 14:58:17.766,0 days 01:12:15.236000,41,563.9630555555557,0 days 00:00:01.762000,11293.0,286.0,7,100.0,False,0,car,134.80666666666667,0.0251441645605429,OnTrack,4093.8254340693998,-1600.2386795369698,7256.00000001038
2026-09-12 14:58:17.895,0 days 01:12:15.365000,41,562.7447228266667,0 days 00:00:01.891000,11331.6999808,287.6124992,7,100.0,False,0,pos,145.12073358135115,0.027067946241403962,OnTrack,4020.0,-1612.0,7256.0
2026-09-12 14:58:17.926,0 days 01:12:15.396000,41,562.4519444444445,0 days 00:00:01.922000,11341.0,288.0,7,100.0,False,0,car,147.60666666666665,0.027531622943226364,OnTrack,3998.569044675101,-1615.4582202029321,7255.999999990233
2026-09-12 14:58:18.086,0 days 01:12:15.556000,41,561.0297222222224,0 days 00:00:02.082000,11407.0,290.0,7,100.0,False,0,car,160.49555555555554,0.0299356608980118,OnTrack,3869.5054904923736,-1636.4428327140115,7255.999999947231
2026-09-12 14:58:18.135,0 days 01:12:15.605000,41,560.6350005155557,0 days 00:00:02.131000,11433.21496576,290.48999936,7,100.0,False,0,pos,164.45861446457988,0.030674851383435123,OnTrack,3829.0,-1643.0,7256.0
2026-09-12 14:58:18.286,0 days 01:12:15.756000,41,559.4186111111112,0 days 00:00:02.282000,11514.0,292.0,7,100.0,False,0,car,176.71777777777777,0.032961432806621054,OnTrack,3707.3640073491483,-1662.5175015449634,7256.00000043116
2026-09-12 14:58:18.455,0 days 01:12:15.925000,41,558.2919448711111,0 days 00:00:02.451000,11570.802756266667,293.4083328,7,100.0,False,0,pos,190.53215152144145,0.035538092368795446,OnTrack,3573.0,-1684.0,7256.0
2026-09-12 14:58:18.646,0 days 01:12:16.116000,41,557.0186111111111,0 days 00:00:02.642000,11635.0,295.0,7,100.0,False,0,car,206.21777777777777,0.038463778297961854,OnTrack,3418.7286190170507,-1708.8372568525338,7255.99999816187
2026-09-12 14:58:18.695,0 days 01:12:16.165000,41,556.7872225244445,0 days 00:00:02.691000,11633.600001828572,295.1749997714286,7,100.0,False,0,pos,210.24521119052503,0.03921497592780271,OnTrack,3380.0,-1715.0,7256.0
2026-09-12 14:58:18.895,0 days 01:12:16.365000,41,555.84277808,0 days 00:00:02.891000,11627.885716114286,295.8892854857143,7,100.0,False,0,pos,226.69176207738917,0.042282589660699116,OnTrack,3225.0,-1739.0,7256.0
2026-09-12 14:58:18.926,0 days 01:12:16.396000,41,555.6963888888889,0 days 00:00:02.922000,11627.0,296.0,7,100.0,False,0,car,229.24,0.042757887472371706,OnTrack,3200.0551661616364,-1742.7184861602439,7255.99998940536
2026-09-12 14:58:19.055,0 days 01:12:16.525000,41,555.2305556629599,0 days 00:00:03.051000,11647.875513859057,296.0,7,100.0,False,0,pos,239.8393021331374,0.044734871279274335,OnTrack,3094.0,-1758.0,7256.0
2026-09-12 14:58:19.155,0 days 01:12:16.625000,41,554.869444455952,0 days 00:00:03.151000,11664.058090770613,296.0,7,100.0,False,0,pos,248.06671156066835,0.046269449217206195,OnTrack,3013.0,-1769.0,7256.0
2026-09-12 14:58:19.167,0 days 01:12:16.637000,41,554.8261111111111,0 days 00:00:03.163000,11666.0,296.0,7,100.0,False,0,car,249.05555555555554,0.04645388858320303,OnTrack,3003.2642724865536,-1770.3213132087874,7255.999901851491
2026-09-12 14:58:19.395,0 days 01:12:16.865000,41,554.3827777777778,0 days 00:00:03.391000,11610.628571428571,296.8142857142857,7,100.0,False,0,pos,267.88018215679864,0.04996506144101741,OnTrack,2817.0,-1796.0,7256.0
2026-09-12 14:58:19.447,0 days 01:12:16.917000,41,554.2816666666668,0 days 00:00:03.443000,11598.0,297.0,7,100.0,False,0,car,272.15555555555557,0.0507625048832021,OnTrack,2774.7199576584044,-1801.8645746698835,7256.00464081085
2026-09-12 14:58:19.555,0 days 01:12:17.025000,41,554.2516666666668,0 days 00:00:03.551000,11540.76,295.38,7,100.0,False,0,pos,280.9955904906854,0.05241134984484979,OnTrack,2687.0,-1814.0,7256.0
2026-09-12 14:58:19.647,0 days 01:12:17.117000,41,554.2261111111112,0 days 00:00:03.643000,11492.0,294.0,7,100.0,False,0,car,288.4888888888889,0.05380900125693881,OnTrack,2611.76236596502,-1824.2935641497604,7255.944475861981
2026-09-12 14:58:19.735,0 days 01:12:17.205000,41,554.4216666666667,0 days 00:00:03.731000,11448.366666666667,292.9,7,100.0,False,0,pos,295.6282263388611,0.05514063180707491,OnTrack,2541.0,-1834.0,7256.0
2026-09-12 14:58:19.887,0 days 01:12:17.357000,41,554.7594444444446,0 days 00:00:03.883000,11373.0,291.0,7,100.0,False,0,car,307.8888888888889,0.05742749286819345,OnTrack,2424.254627321589,-1850.340800326204,7256.657407620825
2026-09-12 14:58:19.975,0 days 01:12:17.445000,41,555.1994444444446,0 days 00:00:03.971000,11297.57142857143,289.1142857142857,7,100.0,False,0,pos,314.9409825327345,0.058742850687370625,OnTrack,2348.0,-1861.0,7257.0
2026-09-12 14:58:20.167,0 days 01:12:17.637000,41,556.1594444444445,0 days 00:00:04.163000,11133.0,285.0,7,100.0,False,0,car,330.0555555555556,0.06156202366112185,OnTrack,2144.6732888784154,-1889.0523165072584,7257.060975529676
2026-09-12 14:58:20.255,0 days 01:12:17.725000,41,557.3816666666667,0 days 00:00:04.251000,10867.35,278.125,7,72.5,False,0,pos,336.745489403421,0.0628098313677378,OnTrack,2065.0,-1900.0,7257.0
2026-09-12 14:58:20.487,0 days 01:12:17.957000,41,560.603888888889,0 days 00:00:04.483000,10167.0,260.0,7,0.0,True,0,car,353.1666666666667,0.06587271240763366,OnTrack,1943.2701384465274,-1916.7395343426524,7256.985793148251
2026-09-12 14:58:20.595,0 days 01:12:18.065000,41,563.933888888889,0 days 00:00:04.591000,10238.1,242.9,7,0.9,True,0,pos,359.8115114790922,0.06711211009896616,OnTrack,1877.0,-1926.0,7257.0
2026-09-12 14:58:20.847,0 days 01:12:18.317000,41,571.703888888889,0 days 00:00:04.843000,10404.0,203.0,7,3.0,True,0,car,373.4666666666667,0.06965907218642071,OnTrack,1655.919436228919,-1957.1626663275292,7257.001080278678
2026-09-12 14:58:20.856,0 days 01:12:18.326000,41,572.0363865244445,0 days 00:00:04.852000,10429.15482112,202.1000064,7,3.0,True,0,pos,373.93629104698715,0.0697466666132573,OnTrack,1650.0,-1958.0,7257.0
2026-09-12 14:58:21.047,0 days 01:12:18.517000,41,579.0927777777778,0 days 00:00:05.043000,10963.0,183.0,7,3.0,True,0,car,383.6333333333334,0.07155536074558337,OnTrack,1581.4290502956624,-1967.8209086047775,7256.960319749572
2026-09-12 14:58:21.176,0 days 01:12:18.646000,41,584.5752750577778,0 days 00:00:05.172000,11041.321389714285,175.16786102857142,7,3.0,True,0,pos,389.7827774583046,0.07270235620847448,OnTrack,1549.0,-1974.0,7257.0
2026-09-12 14:58:21.327,0 days 01:12:18.797000,41,590.992777777778,0 days 00:00:05.323000,11133.0,166.0,7,3.0,True,0,car,396.5444444444445,0.0739635435933943,OnTrack,1488.4011917439843,-1987.045890693898,7257.179802128524
2026-09-12 14:58:21.516,0 days 01:12:18.986000,41,600.4952745600002,0 days 00:00:05.512000,10729.656954763637,155.69091258181817,7,3.0,True,0,pos,404.3408096875729,0.07541772308981375,OnTrack,1403.0,-2009.0,7257.0
2026-09-12 14:58:21.696,0 days 01:12:19.166000,41,609.5452745600002,0 days 00:00:05.692000,10345.520591127273,145.87273076363635,7,3.0,True,0,pos,411.23780664877177,0.07670415224687284,OnTrack,1338.0,-2035.0,7256.0
2026-09-12 14:58:21.767,0 days 01:12:19.237000,41,613.1150000000001,0 days 00:00:05.763000,10194.0,142.0,3,3.0,True,0,car,413.90000000000003,0.07720070504630365,OnTrack,1309.242799754496,-2051.681925919953,7255.920553353932
2026-09-12 14:58:21.896,0 days 01:12:19.366000,41,620.0308299022224,0 days 00:00:05.892000,10725.664021942857,136.93214537142856,3,3.0,True,0,pos,418.656531509133,0.0780878941888019,OnTrack,1258.0,-2086.0,7256.0
2026-09-12 14:58:22.047,0 days 01:12:19.517000,41,628.1261111111113,0 days 00:00:06.043000,11348.0,131.0,2,3.0,True,0,car,424.08888888888896,0.0791011384984918,OnTrack,1220.4307230562179,-2114.860266474789,7255.38232176767
2026-09-12 14:58:22.246,0 days 01:12:19.716000,41,639.0711111111111,0 days 00:00:06.242000,10720.0,126.0,2,2.0,True,0,car,431.05388888888893,0.08040025159500666,OnTrack,1194.5942649303934,-2148.7652728054527,7254.098555012834
2026-09-12 14:58:22.315,0 days 01:12:19.785000,41,642.9236075377778,0 days 00:00:06.311000,10693.2625248,125.5687504,2,3.7249984,True,0,pos,433.4620810094897,0.0808494280376192,OnTrack,1183.0,-2169.0,7254.0
2026-09-12 14:58:22.406,0 days 01:12:19.876000,41,648.0044444444445,0 days 00:00:06.402000,10658.0,125.0,2,6.0,False,0,car,436.6094444444445,0.0814364748513797,OnTrack,1164.9426358125243,-2203.1038370069705,7254.179397250456
2026-09-12 14:58:22.595,0 days 01:12:20.065000,41,658.8719407644445,0 days 00:00:06.591000,10242.2001408,120.95000137142857,2,6.674999771428571,False,0,pos,442.89940803432063,0.08260968003102219,OnTrack,1129.0,-2279.0,7255.0
2026-09-12 14:58:22.686,0 days 01:12:20.156000,41,664.1044444444444,0 days 00:00:06.682000,10042.0,119.0,2,7.0,True,0,car,445.86500000000007,0.08316282279649717,OnTrack,1121.2684591304567,-2301.351944429589,7255.0970228864335
2026-09-12 14:58:22.835,0 days 01:12:20.305000,41,672.7961073777777,0 days 00:00:06.831000,10169.891611733334,117.1375008,2,18.174995199999998,True,0,pos,450.68256576136434,0.08406139605908296,OnTrack,1115.0,-2331.0,7255.0
2026-09-12 14:58:22.926,0 days 01:12:20.396000,41,678.1044444444443,0 days 00:00:06.922000,10248.0,116.0,2,25.0,False,0,car,453.59833333333336,0.08460524556936842,OnTrack,1108.1060842064194,-2357.723346091536,7254.974578711752
2026-09-12 14:58:23.075,0 days 01:12:20.545000,41,686.837496248889,0 days 00:00:07.071000,10215.22001408,114.51000064,2,43.624992,False,0,pos,458.32582743164954,0.0854870186485959,OnTrack,1094.0,-2408.0,7255.0
2026-09-12 14:58:23.126,0 days 01:12:20.596000,41,689.8266666666668,0 days 00:00:07.122000,10204.0,114.0,2,50.0,False,0,car,459.9316666666667,0.08578654008163368,OnTrack,1089.4436742311138,-2423.662582395945,7255.02737652183
2026-09-12 14:58:23.235,0 days 01:12:20.705000,41,696.2455517866667,0 days 00:00:07.231000,9965.56264,113.0916672,2,28.654179199999998,False,0,pos,463.343691998179,0.08642295168160614,OnTrack,1078.0,-2457.0,7255.0
2026-09-12 14:58:23.366,0 days 01:12:20.836000,41,703.96,0 days 00:00:07.362000,9679.0,112.0,2,3.0,True,0,car,467.39833333333337,0.08717922413819904,OnTrack,1054.4951396620925,-2505.068986955108,7254.464599415159
2026-09-12 14:58:23.526,0 days 01:12:20.996000,41,713.5155555555557,0 days 00:00:07.522000,9503.0,109.0,2,3.0,False,0,car,472.2427777777778,0.08808281081775632,OnTrack,1018.4603590968147,-2565.1651271768856,7253.357538723857
2026-09-12 14:58:23.595,0 days 01:12:21.065000,41,717.7130516622224,0 days 00:00:07.591000,9442.912555733334,107.2750016,2,7.8874954666666675,False,0,pos,474.2573870358291,0.08845857611158181,OnTrack,1007.0,-2582.0,7253.0
2026-09-12 14:58:23.766,0 days 01:12:21.236000,41,728.1155555555556,0 days 00:00:07.762000,9294.0,103.0,2,20.0,False,0,car,479.1094444444445,0.08936358276263338,OnTrack,989.7307862264378,-2599.1774032496573,7252.450397258147
2026-09-12 14:58:23.855,0 days 01:12:21.325000,41,733.4555517155557,0 days 00:00:07.851000,9354.445789866666,102.62916693333334,2,23.3374976,False,0,pos,481.62948354548155,0.0898336209248569,OnTrack,978.0,-2606.0,7252.0
2026-09-12 14:58:24.006,0 days 01:12:21.476000,41,742.5155555555558,0 days 00:00:08.002000,9457.0,102.0,2,29.0,False,0,car,485.9094444444445,0.09063192002843398,OnTrack,944.5267045620675,-2626.3117961407884,7250.614368555054
2026-09-12 14:58:24.175,0 days 01:12:21.645000,41,752.4677740088891,0 days 00:00:08.171000,9631.91493376,102.84499968,2,42.51999488,False,0,pos,490.7285164836465,0.09153077424224244,OnTrack,897.0,-2652.0,7249.0
2026-09-12 14:58:24.206,0 days 01:12:21.676000,41,754.2933333333335,0 days 00:00:08.202000,9664.0,103.0,2,45.0,False,0,car,491.6316666666667,0.09169922998249821,OnTrack,888.4218018793608,-2655.7708228862402,7248.806260894036
2026-09-12 14:58:24.395,0 days 01:12:21.865000,41,765.055829688889,0 days 00:00:08.391000,10052.39486848,107.7249984,2,50.66999808,False,0,pos,497.2967148508891,0.09275587582435191,OnTrack,836.0,-2674.0,7248.0
2026-09-12 14:58:24.406,0 days 01:12:21.876000,41,765.6822222222224,0 days 00:00:08.402000,10075.0,108.0,2,51.0,False,0,car,497.6316666666667,0.09281835109938108,OnTrack,832.8337714559566,-2674.9664002540676,7247.941751106456
2026-09-12 14:58:24.555,0 days 01:12:22.025000,41,773.9599964444446,0 days 00:00:08.551000,10212.07994112,110.97999872,2,57.70499712,False,0,pos,502.2235323532501,0.09367482674200532,OnTrack,789.0,-2687.0,7247.0
2026-09-12 14:58:24.606,0 days 01:12:22.076000,41,776.7933333333335,0 days 00:00:08.602000,10259.0,112.0,2,60.0,False,0,car,503.85388888888895,0.09397892114651887,OnTrack,774.1931456979543,-2690.1661032685765,7246.678330780896
2026-09-12 14:58:24.715,0 days 01:12:22.185000,41,782.4855522133336,0 days 00:00:08.711000,10714.5288992,116.541664,2,67.7208288,False,0,pos,507.4744488479538,0.09465422866404055,OnTrack,739.0,-2696.0,7246.0
2026-09-12 14:58:24.846,0 days 01:12:22.316000,41,789.3266666666669,0 days 00:00:08.842000,11262.0,122.0,2,77.0,False,0,car,511.9872222222223,0.095495951993849,OnTrack,677.9974656196549,-2704.0908662772667,7245.131768905215
2026-09-12 14:58:25.006,0 days 01:12:22.476000,41,797.3266666666668,0 days 00:00:09.002000,11678.0,127.0,2,77.0,False,0,car,517.6316666666668,0.09654875482232401,OnTrack,597.7826301715031,-2713.6955957942278,7244.141506383315
2026-09-12 14:58:25.035,0 days 01:12:22.505000,41,798.7041636266669,0 days 00:00:09.031000,11500.375392,128.4499968,2,78.4499968,False,0,pos,518.6923471671588,0.09674659314671842,OnTrack,587.0,-2715.0,7244.0
2026-09-12 14:58:25.166,0 days 01:12:22.636000,41,804.9266666666667,0 days 00:00:09.162000,10698.0,135.0,2,85.0,False,0,car,523.6316666666668,0.09766787593920688,OnTrack,553.436839588125,-2719.1521366511115,7243.511249857936
2026-09-12 14:58:25.335,0 days 01:12:22.805000,41,812.4377749333333,0 days 00:00:09.331000,11035.999872,141.3374976,2,87.8166656,False,0,pos,530.2669033592025,0.098905481522229,OnTrack,519.0,-2723.0,7243.0
2026-09-12 14:58:25.406,0 days 01:12:22.876000,41,815.5933333333332,0 days 00:00:09.402000,11178.0,144.0,3,89.0,False,0,car,533.2316666666667,0.09945846972621947,OnTrack,495.99985706905727,-2725.228890850567,7242.723876033005
2026-09-12 14:58:25.575,0 days 01:12:23.045000,41,821.5552763852253,0 days 00:00:09.571000,11038.124749224453,154.34693635873907,3,93.21541851652333,False,0,pos,540.841669893688,0.1008778889447039,OnTrack,420.0,-2730.0,7242.0
2026-09-12 14:58:25.847,0 days 01:12:23.317000,41,831.1508333333334,0 days 00:00:09.843000,10813.0,171.0,3,100.0,False,0,car,554.1791666666667,0.10336560132553681,OnTrack,251.22277823909727,-2726.7739819511585,7241.073557099494
2026-09-12 14:58:25.875,0 days 01:12:23.345000,41,832.0219444444444,0 days 00:00:09.871000,10885.52,172.4,3,100.0,False,0,pos,555.5753941197639,0.10362602592999229,OnTrack,237.0,-2726.0,7241.0
2026-09-12 14:58:26.047,0 days 01:12:23.517000,41,837.3730555555557,0 days 00:00:10.043000,11331.0,181.0,4,100.0,False,0,car,564.2347222222222,0.10524116541957199,OnTrack,174.59965876138816,-2720.1125954623717,7240.644204574806
2026-09-12 14:58:26.207,0 days 01:12:23.677000,41,841.9063888888888,0 days 00:00:10.203000,11765.0,185.0,4,100.0,False,0,car,572.4569444444444,0.10677477583900406,OnTrack,122.31847883891008,-2708.817485188261,7240.955387698385
2026-09-12 14:58:26.215,0 days 01:12:23.685000,41,842.0997222222221,0 days 00:00:10.211000,11741.45,185.45,4,100.0,False,0,pos,572.8776859591636,0.10685325262464931,OnTrack,119.0,-2708.0,7241.0
2026-09-12 14:58:26.367,0 days 01:12:23.837000,41,845.7730555555554,0 days 00:00:10.363000,11294.0,194.0,4,100.0,False,0,car,581.0791666666667,0.10838299433289501,OnTrack,43.82448669534376,-2687.9455551966953,7242.328912276766
2026-09-12 14:58:26.455,0 days 01:12:23.925000,41,846.6530555555554,0 days 00:00:10.451000,11151.628571428571,197.77142857142857,4,100.0,False,0,pos,586.0012448331205,0.10930106126873278,OnTrack,-3.0,-2673.0,7243.0
2026-09-12 14:58:26.647,0 days 01:12:24.117000,41,848.5730555555552,0 days 00:00:10.643000,10841.0,206.0,5,100.0,False,0,car,597.1013888888889,0.11137146220427485,OnTrack,-101.85019637250886,-2632.900210354127,7243.910570131935
2026-09-12 14:58:26.655,0 days 01:12:24.125000,41,848.5863888888886,0 days 00:00:10.651000,10856.24,206.32,5,100.0,False,0,pos,597.5710586504104,0.11145906509562152,OnTrack,-106.0,-2631.0,7244.0
2026-09-12 14:58:26.847,0 days 01:12:24.317000,41,848.9063888888888,0 days 00:00:10.843000,11222.0,214.0,5,100.0,False,0,car,608.9902777777777,0.11358897997291312,OnTrack,-206.1145484140747,-2580.674885773928,7247.541231746322
2026-09-12 14:58:26.875,0 days 01:12:24.345000,41,848.6652777777778,0 days 00:00:10.871000,11261.2,214.58333333333334,5,100.0,False,0,pos,610.6745115524485,0.11390312357008003,OnTrack,-220.0,-2573.0,7248.0
2026-09-12 14:58:27.035,0 days 01:12:24.505000,41,847.2874999999999,0 days 00:00:11.031000,11485.2,217.91666666666666,5,100.0,False,0,pos,620.3896310700796,0.11571518947095037,OnTrack,-301.0,-2522.0,7250.0
2026-09-12 14:58:27.087,0 days 01:12:24.557000,41,846.8397222222221,0 days 00:00:11.083000,11558.0,219.0,5,100.0,False,0,car,623.5902777777777,0.11631217469066145,OnTrack,-335.3719847060191,-2496.0039481956255,7250.825506992087
2026-09-12 14:58:27.247,0 days 01:12:24.717000,41,844.7063888888887,0 days 00:00:11.243000,11840.0,225.0,5,100.0,False,0,car,633.5902777777777,0.11817737655213291,OnTrack,-461.4016935466221,-2391.261953489788,7253.979960281829
2026-09-12 14:58:27.315,0 days 01:12:24.785000,41,843.2330555555553,0 days 00:00:11.311000,11776.533333333333,226.98333333333332,5,100.0,False,0,pos,637.9190576212686,0.11898478137433084,OnTrack,-502.0,-2356.0,7255.0
2026-09-12 14:58:27.487,0 days 01:12:24.957000,41,839.5063888888886,0 days 00:00:11.483000,11616.0,232.0,5,100.0,False,0,car,649.0569444444444,0.12106222209787544,OnTrack,-550.6526916334273,-2309.5020453491265,7256.198169497666
2026-09-12 14:58:27.636,0 days 01:12:25.106000,41,835.864168231111,0 days 00:00:11.632000,10802.0878496,236.656248,5,100.0,False,0,pos,658.8621568263692,0.12289109213656434,OnTrack,-582.0,-2270.0,7257.0
2026-09-12 14:58:27.647,0 days 01:12:25.117000,41,835.5952777777776,0 days 00:00:11.643000,10742.0,237.0,6,100.0,False,0,car,659.5902777777777,0.1230269013919587,OnTrack,-585.594479630343,-2265.535792439086,7257.094707877257
2026-09-12 14:58:27.807,0 days 01:12:25.277000,41,831.0619444444444,0 days 00:00:11.803000,10891.0,240.0,6,100.0,False,0,car,670.2569444444443,0.12501645004419493,OnTrack,-652.8140559710372,-2181.7878159722154,7258.780004711513
2026-09-12 14:58:27.836,0 days 01:12:25.306000,41,830.0791688355555,0 days 00:00:11.832000,10921.812432,240.7249984,6,100.0,False,0,pos,672.2144476080935,0.1253815638986624,OnTrack,-665.0,-2166.0,7259.0
2026-09-12 14:58:28.056,0 days 01:12:25.526000,41,822.6236132800001,0 days 00:00:12.052000,11155.562432,246.2249984,6,100.0,False,0,pos,687.332754570847,0.12820143332758482,OnTrack,-752.0,-2043.0,7260.0
2026-09-12 14:58:28.127,0 days 01:12:25.597000,41,820.2175000000001,0 days 00:00:12.123000,11231.0,248.0,6,100.0,False,0,car,692.3013888888887,0.1291281839254831,OnTrack,-786.7531929332565,-1989.90567814517,7260.957806785794
2026-09-12 14:58:28.296,0 days 01:12:25.766000,41,813.8330579733334,0 days 00:00:12.292000,11469.7124096,253.6333312,6,100.0,False,0,pos,704.2879757910583,0.1313639243457447,OnTrack,-872.0,-1856.0,7264.0
2026-09-12 14:58:28.367,0 days 01:12:25.837000,41,811.1508333333334,0 days 00:00:12.363000,11570.0,256.0,6,100.0,False,0,car,709.3680555555554,0.13231146176906106,OnTrack,-897.7353253822816,-1814.9060008376787,7264.87585184297
2026-09-12 14:58:28.567,0 days 01:12:26.037000,41,803.3174999999999,0 days 00:00:12.563000,11806.0,260.0,6,100.0,False,0,car,723.8125,0.13500564223563097,OnTrack,-943.7721115295009,-1739.3318444506738,7266.204747402581
2026-09-12 14:58:28.656,0 days 01:12:26.126000,41,799.6586137422221,0 days 00:00:12.652000,11591.764439771428,262.5428553142857,6,100.0,False,0,pos,730.3661606335631,0.13622803223694838,OnTrack,-970.0,-1697.0,7267.0
2026-09-12 14:58:28.816,0 days 01:12:26.286000,41,793.0808359644443,0 days 00:00:12.812000,11206.621582628572,267.11428388571426,6,100.0,False,0,pos,742.3262818987714,0.1384588362816775,OnTrack,-1032.0,-1598.0,7269.0
2026-09-12 14:58:28.847,0 days 01:12:26.317000,41,791.8063888888887,0 days 00:00:12.843000,11132.0,268.0,6,100.0,False,0,car,744.6569444444444,0.13889355189354258,OnTrack,-1044.3990983739689,-1577.9564364506803,7269.405421262392
2026-09-12 14:58:29.086,0 days 01:12:26.556000,41,781.7816666666663,0 days 00:00:13.082000,10859.0,273.0,7,100.0,False,0,car,762.7811111111112,0.14227407483397114,OnTrack,-1137.0343700848484,-1424.9285891212564,7272.433728410665
2026-09-12 14:58:29.135,0 days 01:12:26.605000,41,779.6719471999996,0 days 00:00:13.131000,10906.7749376,274.531248,7,100.0,False,0,pos,766.5475449862691,0.14297659078147654,OnTrack,-1155.0,-1395.0,7273.0
2026-09-12 14:58:29.246,0 days 01:12:26.716000,41,774.8927777777774,0 days 00:00:13.242000,11015.0,278.0,7,100.0,False,0,car,775.1366666666668,0.1445786353561448,OnTrack,-1194.6116597815558,-1328.923259131018,7274.203004340333
2026-09-12 14:58:29.315,0 days 01:12:26.785000,41,771.8069473066663,0 days 00:00:13.311000,11071.23494784,279.03499904,7,100.0,False,0,pos,780.4992833462867,0.1455788716174633,OnTrack,-1225.0,-1278.0,7275.0
2026-09-12 14:58:29.446,0 days 01:12:26.916000,41,765.948333333333,0 days 00:00:13.442000,11178.0,281.0,7,100.0,False,0,car,790.7477777777779,0.147490422706553,OnTrack,-1304.6479828986062,-1143.9550946346426,7276.774452654268
2026-09-12 14:58:29.615,0 days 01:12:27.085000,41,758.202502933333,0 days 00:00:13.611000,11283.62496,284.6214272,7,100.0,False,0,pos,804.1605563927193,0.14999217667056233,OnTrack,-1402.0,-980.0,7279.0
2026-09-12 14:58:29.726,0 days 01:12:27.196000,41,753.1149999999997,0 days 00:00:13.722000,11353.0,287.0,7,100.0,False,0,car,813.07,0.15165396775065984,OnTrack,-1426.3461406153613,-939.4038569078374,7279.991342050366
2026-09-12 14:58:29.855,0 days 01:12:27.325000,41,747.3100028799997,0 days 00:00:13.851000,11473.93744,289.68749866666667,7,100.0,False,0,pos,823.5096861529155,0.1536011799552194,OnTrack,-1444.0,-911.0,7281.0
2026-09-12 14:58:29.966,0 days 01:12:27.436000,41,742.3149999999997,0 days 00:00:13.962000,11578.0,292.0,7,100.0,False,0,car,832.5366666666667,0.15528489404099094,OnTrack,-1478.891077585243,-854.5544710451198,7282.070549487418
2026-09-12 14:58:30.126,0 days 01:12:27.596000,41,735.4705555555552,0 days 00:00:14.122000,11663.0,294.0,7,100.0,False,0,car,845.6033333333335,0.15772209113998034,OnTrack,-1555.5585409599466,-730.5194522784615,7283.864570095992
2026-09-12 14:58:30.235,0 days 01:12:27.705000,41,731.0802803555551,0 days 00:00:14.231000,11491.714386285714,296.3357129142857,7,100.0,False,0,pos,854.6235315170098,0.1594045401842838,OnTrack,-1607.0,-648.0,7285.0
2026-09-12 14:58:30.335,0 days 01:12:27.805000,41,727.0525025777773,0 days 00:00:14.331000,11334.571529142857,298.47857005714286,7,100.0,False,0,pos,862.9812565594607,0.16096342461496838,OnTrack,-1651.0,-578.0,7286.0
2026-09-12 14:58:30.406,0 days 01:12:27.876000,41,724.1927777777773,0 days 00:00:14.402000,11223.0,300.0,7,100.0,False,0,car,868.9366666666667,0.16207422881674705,OnTrack,-1680.7526433011928,-530.7798580811201,7286.891926404315
2026-09-12 14:58:30.595,0 days 01:12:28.065000,41,716.8427802666661,0 days 00:00:14.591000,10569.06022144,303.77999872,7,100.0,False,0,pos,884.8892616480497,0.16504970980220465,OnTrack,-1767.0,-394.0,7290.0
2026-09-12 14:58:30.606,0 days 01:12:28.076000,41,716.4149999999994,0 days 00:00:14.602000,10531.0,304.0,7,100.0,False,0,car,885.8255555555558,0.16522434751612108,OnTrack,-1773.2727884209946,-384.0419806612901,7290.201361951877
2026-09-12 14:58:30.815,0 days 01:12:28.285000,41,708.5775023999995,0 days 00:00:14.811000,10798.345751466666,308.35416533333336,7,100.0,False,0,pos,903.7643760070381,0.1685702996459918,OnTrack,-1903.0,-178.0,7294.0
2026-09-12 14:58:30.846,0 days 01:12:28.316000,41,707.4149999999995,0 days 00:00:14.842000,10838.0,309.0,8,100.0,False,0,car,906.4255555555558,0.1690666633507523,OnTrack,-1917.6746959025404,-154.70931618531347,7294.4216264784745
2026-09-12 14:58:31.006,0 days 01:12:28.476000,41,701.8594444444439,0 days 00:00:15.002000,10907.0,309.0,8,100.0,False,0,car,920.1588888888891,0.17162820724050645,OnTrack,-1965.355977478825,-79.18037178039893,7295.811599062617
2026-09-12 14:58:31.255,0 days 01:12:28.725000,41,693.3519466311104,0 days 00:00:15.251000,11056.3999616,314.53333191111113,8,100.0,False,0,pos,942.0304558977145,0.17570769599032232,OnTrack,-2069.0,85.0,7299.0
2026-09-12 14:58:31.366,0 days 01:12:28.836000,41,689.5594444444438,0 days 00:00:15.362000,11123.0,317.0,8,100.0,False,0,car,951.858888888889,0.17754089714137095,OnTrack,-2174.1243313668033,251.8691050820771,7302.217633078499
2026-09-12 14:58:31.395,0 days 01:12:28.865000,41,688.608890986666,0 days 00:00:15.391000,11134.30997504,317.28999936,8,100.0,False,0,pos,954.4255202844964,0.17801962570705074,OnTrack,-2200.0,293.0,7303.0
2026-09-12 14:58:31.566,0 days 01:12:29.036000,41,683.0038888888881,0 days 00:00:15.562000,11201.0,319.0,8,100.0,False,0,car,969.5811111111112,0.1808464493292009,OnTrack,-2307.4786015168092,464.5961412291249,7306.115332692654
2026-09-12 14:58:31.766,0 days 01:12:29.236000,41,676.6149999999991,0 days 00:00:15.762000,11300.0,322.0,8,100.0,False,0,car,987.4700000000003,0.1841830882147221,OnTrack,-2363.217519921986,555.4137004762249,7307.426934744549
2026-09-12 14:58:31.855,0 days 01:12:29.325000,41,673.8955575111102,0 days 00:00:15.851000,11327.81248,322.5562496,8,100.0,False,0,pos,995.4447929358614,0.1856705480776039,OnTrack,-2388.0,596.0,7308.0
2026-09-12 14:58:31.926,0 days 01:12:29.396000,41,671.7261111111102,0 days 00:00:15.922000,11350.0,323.0,8,100.0,False,0,car,1001.8255555555559,0.18686068910919004,OnTrack,-2408.720299748162,629.9689110578676,7308.4840706605355
2026-09-12 14:58:32.195,0 days 01:12:29.665000,41,663.6561114221386,0 days 00:00:16.191000,11463.13083676129,326.35202479292707,8,100.0,False,0,pos,1026.2422117676658,0.19141488837096363,OnTrack,-2511.0,797.0,7311.0
2026-09-12 14:58:32.247,0 days 01:12:29.717000,41,662.0961111111105,0 days 00:00:16.243000,11485.0,327.0,8,100.0,False,0,car,1030.9830555555557,0.1922991514367754,OnTrack,-2540.4251673071267,844.694466363777,7311.7641273253885
2026-09-12 14:58:32.475,0 days 01:12:29.945000,41,655.5094444444438,0 days 00:00:16.471000,11506.985714285714,328.62857142857143,8,100.0,False,0,pos,1051.8083441424517,0.19618348814057127,OnTrack,-2691.0,1092.0,7316.0
2026-09-12 14:58:32.527,0 days 01:12:29.997000,41,654.0072222222216,0 days 00:00:16.523000,11512.0,329.0,8,100.0,False,0,car,1056.5719444444446,0.1970719957556296,OnTrack,-2722.015954185809,1145.5871544508254,7317.043350028683
2026-09-12 14:58:32.807,0 days 01:12:30.277000,41,646.2294444444435,0 days 00:00:16.803000,11600.0,331.0,8,100.0,False,0,car,1082.3163888888892,0.20187385432566224,OnTrack,-2856.408127816283,1396.840312791097,7322.65964314738
2026-09-12 14:58:32.895,0 days 01:12:30.365000,41,643.8094444444436,0 days 00:00:16.891000,11618.15,331.55,8,100.0,False,0,pos,1090.4277793411254,0.20338679238272553,OnTrack,-2887.0,1458.0,7324.0
2026-09-12 14:58:32.967,0 days 01:12:30.437000,41,641.8294444444437,0 days 00:00:16.963000,11633.0,332.0,8,100.0,False,0,car,1097.0719444444446,0.204626063294589,OnTrack,-2907.8461561288696,1501.0114878277489,7324.8843841661155
2026-09-12 14:58:33.255,0 days 01:12:30.725000,41,634.0694444444437,0 days 00:00:17.251000,11641.8,332.8,8,100.0,False,0,pos,1123.7146257370537,0.20959546116874556,OnTrack,-2970.0,1645.0,7327.0
2026-09-12 14:58:33.327,0 days 01:12:30.797000,41,632.1294444444436,0 days 00:00:17.323000,11644.0,333.0,8,100.0,False,0,car,1130.3719444444446,0.21083718549328895,OnTrack,-2987.7845346608906,1690.173327138923,7327.39814393273
2026-09-12 14:58:34.096,0 days 01:12:31.566000,41,606.4961132444437,0 days 00:00:18.092000,11504.409794226087,331.3282610086957,8,100.0,False,0,pos,1201.1324474664798,0.22403544768882463,OnTrack,-3223.0,2380.0,7333.0
2026-09-12 14:58:34.247,0 days 01:12:31.717000,41,601.4627777777771,0 days 00:00:18.243000,11477.0,331.0,8,100.0,False,0,car,1214.9608333333333,0.2266147207948247,OnTrack,-3258.235484075776,2515.9900315727673,7335.851665026477
2026-09-12 14:58:34.316,0 days 01:12:31.786000,41,598.4152806044438,0 days 00:00:18.312000,11456.875018666668,330.42500053333333,8,100.0,False,0,pos,1221.272989350131,0.22779206531006763,OnTrack,-3273.0,2576.0,7337.0
2026-09-12 14:58:34.556,0 days 01:12:32.026000,41,587.8152806044435,0 days 00:00:18.552000,11386.875018666668,328.42500053333333,8,100.0,False,0,pos,1243.150942104759,0.23187274513037934,OnTrack,-3321.0,2790.0,7340.0
2026-09-12 14:58:34.607,0 days 01:12:32.077000,41,585.5627777777768,0 days 00:00:18.603000,11372.0,328.0,8,100.0,False,0,car,1247.7608333333335,0.23273258290045112,OnTrack,-3331.498473689096,2847.4660146591186,7340.993022189511
2026-09-12 14:58:34.856,0 days 01:12:32.326000,41,572.9052810311101,0 days 00:00:18.852000,11255.59252992,323.64250112,8,100.0,False,0,pos,1270.0399073727178,0.23688807993746314,OnTrack,-3378.0,3145.0,7347.0
2026-09-12 14:58:35.007,0 days 01:12:32.477000,41,565.2294444444435,0 days 00:00:19.003000,11185.0,321.0,8,100.0,False,0,car,1283.4275,0.23938513620636595,OnTrack,-3389.56355921946,3238.7148835692465,7349.016448724551
2026-09-12 14:58:35.156,0 days 01:12:32.626000,41,557.0344479644436,0 days 00:00:19.152000,11092.40718262857,318.87142948571426,8,100.0,False,0,pos,1296.5788736684806,0.24183813287110165,OnTrack,-3395.0,3321.0,7351.0
2026-09-12 14:58:35.287,0 days 01:12:32.757000,41,549.8294444444437,0 days 00:00:19.283000,11011.0,317.0,8,100.0,False,0,car,1308.0830555555556,0.2439838950181495,OnTrack,-3401.06565411095,3435.7849105183373,7353.885584460903
2026-09-12 14:58:35.336,0 days 01:12:32.806000,41,547.066392497777,0 days 00:00:19.332000,10954.40507392,316.02000128,8,100.0,False,0,pos,1312.3699207968739,0.24478348192094793,OnTrack,-3403.0,3480.0,7355.0
2026-09-12 14:58:35.487,0 days 01:12:32.957000,41,538.5516666666658,0 days 00:00:19.483000,10780.0,313.0,8,100.0,False,0,car,1325.4719444444445,0.2472272738105971,OnTrack,-3406.4369502135223,3605.0140330635254,7358.116883396599
2026-09-12 14:58:35.575,0 days 01:12:33.045000,41,533.6872230894203,0 days 00:00:19.571000,10696.657396473332,310.05849634611764,8,100.0,False,0,pos,1332.965425117313,0.24862495922059052,OnTrack,-3405.0,3689.0,7360.0
2026-09-12 14:58:35.846,0 days 01:12:33.316000,41,518.7069444444437,0 days 00:00:19.842000,10440.0,301.0,8,100.0,False,0,car,1355.4883333333332,0.2528259362536177,OnTrack,-3383.5145915367475,4018.4642816386936,7366.307916344872
2026-09-12 14:58:35.895,0 days 01:12:33.365000,41,516.0119479644437,0 days 00:00:19.891000,10397.5844304,299.7750016,8,100.0,False,0,pos,1359.5107864923666,0.2535762049656088,OnTrack,-3380.0,4059.0,7367.0
2026-09-12 14:58:36.155,0 days 01:12:33.625000,41,501.7119479644436,0 days 00:00:20.151000,10172.5219304,293.2750016,8,100.0,False,0,pos,1380.6454171110568,0.2575182402027581,OnTrack,-3366.0,4155.0,7368.0
2026-09-12 14:58:36.166,0 days 01:12:33.636000,41,501.10694444444357,0 days 00:00:20.162000,10163.0,293.0,8,100.0,False,0,car,1381.5327777777777,0.2576837508794945,OnTrack,-3365.055541221928,4160.277817291263,7368.04141768995
2026-09-12 14:58:36.475,0 days 01:12:33.945000,41,484.54111454222135,0 days 00:00:20.471000,9815.375072,284.3093768,8,100.0,False,0,pos,1405.9501713251736,0.26223808766918294,OnTrack,-3316.0,4407.0,7370.0
2026-09-12 14:58:36.486,0 days 01:12:33.956000,41,483.951388888888,0 days 00:00:20.482000,9803.0,284.0,8,100.0,False,0,car,1406.7772222222222,0.26239234935645356,OnTrack,-3313.2207973719824,4417.624683001894,7370.055603001681
2026-09-12 14:58:36.735,0 days 01:12:34.205000,41,473.0922250133323,0 days 00:00:20.731000,9011.29338530909,264.1931869090909,8,46.23865018181818,False,0,pos,1424.5081096988117,0.2656995177891411,OnTrack,-3240.0,4655.0,7371.0
2026-09-12 14:58:36.926,0 days 01:12:34.396000,41,464.7624999999989,0 days 00:00:20.922000,8404.0,249.0,8,5.0,True,0,car,1437.2105555555556,0.26806878035486503,OnTrack,-3202.3862289311714,4761.167655540856,7372.1793691612165
2026-09-12 14:58:37.115,0 days 01:12:34.585000,41,457.9900022933324,0 days 00:00:21.111000,8935.08982016,227.26500736,8,5.0,True,0,pos,1449.1208223953151,0.2702902855428792,OnTrack,-3171.0,4844.0,7373.0
2026-09-12 14:58:37.126,0 days 01:12:34.596000,41,457.5958333333324,0 days 00:00:21.122000,8966.0,226.0,8,5.0,True,0,car,1449.766111111111,0.2704106449142681,OnTrack,-3168.8728264853535,4849.827831177284,7373.0101257247525
2026-09-12 14:58:37.215,0 days 01:12:34.685000,41,455.5933347733324,0 days 00:00:21.211000,9138.9936256,215.1531328,8,5.0,True,0,pos,1454.7458062621834,0.2713394585808021,OnTrack,-3150.0,4901.0,7373.0
2026-09-12 14:58:37.446,0 days 01:12:34.916000,41,450.39583333333235,0 days 00:00:21.442000,9588.0,187.0,8,5.0,True,0,car,1466.3883333333333,0.2735110248973362,OnTrack,-3081.2016295618896,5060.996240554902,7373.444451307076
2026-09-12 14:58:37.535,0 days 01:12:35.005000,41,448.8383344533324,0 days 00:00:21.531000,9704.812416,181.9937536,8,5.0,True,0,pos,1470.8482471446453,0.27434288885162234,OnTrack,-3056.0,5116.0,7374.0
2026-09-12 14:58:37.606,0 days 01:12:35.076000,41,447.5958333333324,0 days 00:00:21.602000,9798.0,178.0,7,5.0,True,0,car,1474.2994444444444,0.2749866068144114,OnTrack,-3038.589044107498,5153.20147388747,7374.635724777026
2026-09-12 14:58:37.886,0 days 01:12:35.356000,41,444.79583333333244,0 days 00:00:21.882000,11033.0,155.0,5,6.0,True,0,car,1486.355,0.2772352112807409,OnTrack,-2990.604342988124,5252.131781189672,7377.8085981122
2026-09-12 14:58:37.915,0 days 01:12:35.385000,41,444.666944728888,0 days 00:00:21.911000,10968.5787136,153.2392896,5,6.2071424,True,0,pos,1487.5164779214372,0.27745185035885317,OnTrack,-2987.0,5260.0,7378.0
2026-09-12 14:58:38.166,0 days 01:12:35.636000,41,443.5513888888879,0 days 00:00:22.162000,10411.0,138.0,3,8.0,True,0,car,1497.0883333333334,0.2792371946120536,OnTrack,-2964.2625411476947,5318.000735663928,7378.243245092191
2026-09-12 14:58:38.255,0 days 01:12:35.725000,41,443.62555550222123,0 days 00:00:22.251000,10500.22243584,135.10750208,3,8.22249984,True,0,pos,1500.3049016530001,0.27983714953379285,OnTrack,-2957.0,5345.0,7378.0
2026-09-12 14:58:38.535,0 days 01:12:36.005000,41,443.8588888355545,0 days 00:00:22.531000,10780.92243584,126.00750208,3,8.92249984,True,0,pos,1509.9377240952456,0.2816338653688429,OnTrack,-2940.0,5463.0,7377.0
2026-09-12 14:58:38.566,0 days 01:12:36.036000,41,443.88472222222117,0 days 00:00:22.562000,10812.0,125.0,2,9.0,True,0,car,1510.9772222222223,0.28182775275298616,OnTrack,-2941.226694009235,5476.023894438756,7376.960140321448
2026-09-12 14:58:38.927,0 days 01:12:36.397000,41,445.99055555555447,0 days 00:00:22.923000,10514.0,118.0,2,20.0,False,0,car,1522.81,0.2840348046667351,OnTrack,-2997.7461198566866,5603.089329981657,7377.767387623298
2026-09-12 14:58:38.995,0 days 01:12:36.465000,41,446.51944444444337,0 days 00:00:22.991000,10615.575,117.575,2,22.975,False,0,pos,1525.0118979188699,0.28444550307643973,OnTrack,-3006.0,5618.0,7378.0
2026-09-12 14:58:39.087,0 days 01:12:36.557000,41,447.234999999999,0 days 00:00:23.083000,10753.0,117.0,2,27.0,False,0,car,1528.01,0.28500470963470026,OnTrack,-3013.3972390684767,5632.707063761315,7378.313442809093
2026-09-12 14:58:39.235,0 days 01:12:36.705000,41,448.714999999999,0 days 00:00:23.231000,10844.575,119.3125,2,40.875,False,0,pos,1532.9632291251298,0.28592858685314887,OnTrack,-3020.0,5656.0,7379.0
2026-09-12 14:58:39.407,0 days 01:12:36.877000,41,450.43499999999904,0 days 00:00:23.403000,10951.0,122.0,2,57.0,False,0,car,1538.8544444444444,0.2870274174311404,OnTrack,-3027.0911447612693,5709.335731745051,7380.435960154416
2026-09-12 14:58:39.475,0 days 01:12:36.945000,41,451.1716666666656,0 days 00:00:23.471000,11144.8,122.85,2,51.9,False,0,pos,1541.200279626014,0.2874649630458772,OnTrack,-3027.0,5733.0,7381.0
2026-09-12 14:58:39.567,0 days 01:12:37.037000,41,452.16833333333216,0 days 00:00:23.563000,11407.0,124.0,2,45.0,False,0,car,1544.3655555555556,0.28805535090146245,OnTrack,-3022.8060424769587,5764.493056847092,7381.657195749299
2026-09-12 14:58:39.795,0 days 01:12:37.265000,41,455.9049999999987,0 days 00:00:23.791000,11460.2,122.73333333333333,2,50.7,False,0,pos,1552.0351741955812,0.2894858895978777,OnTrack,-3000.0,5841.0,7383.0
2026-09-12 14:58:39.927,0 days 01:12:37.397000,41,458.068333333332,0 days 00:00:23.923000,11491.0,122.0,2,54.0,False,0,car,1556.5655555555556,0.29033089717245764,OnTrack,-2987.394006490546,5885.48975758423,7383.835227136962
2026-09-12 14:58:39.955,0 days 01:12:37.425000,41,458.53499999999866,0 days 00:00:23.951000,11530.666666666666,122.93333333333334,2,56.1,False,0,pos,1557.5483196194102,0.2905142025085866,OnTrack,-2985.0,5895.0,7384.0
2026-09-12 14:58:40.167,0 days 01:12:37.637000,41,462.068333333332,0 days 00:00:24.163000,11831.0,130.0,2,72.0,False,0,car,1565.2322222222224,0.2919474054523996,OnTrack,-2971.138894070991,5968.152254924448,7384.94111041075
2026-09-12 14:58:40.195,0 days 01:12:37.665000,41,462.55833333333203,0 days 00:00:24.191000,11684.0,131.05,2,73.28333333333333,False,0,pos,1566.2780590783414,0.29214247513748254,OnTrack,-2970.0,5978.0,7385.0
2026-09-12 14:58:40.407,0 days 01:12:37.877000,41,466.26833333333207,0 days 00:00:24.403000,10571.0,139.0,2,83.0,False,0,car,1574.498888888889,0.2936758258440298,OnTrack,-2966.825962416844,6052.13004620242,7384.996999287428
2026-09-12 14:58:40.435,0 days 01:12:37.905000,41,466.688333333332,0 days 00:00:24.431000,10640.922222222222,140.32222222222222,2,83.54444444444445,False,0,pos,1575.6426592438756,0.29388916210355154,OnTrack,-2967.0,6061.0,7385.0
2026-09-12 14:58:40.636,0 days 01:12:38.106000,41,469.7033323733318,0 days 00:00:24.632000,11142.863729066667,149.81388586666665,2,87.45277653333333,False,0,pos,1584.270596475666,0.2954984465620909,OnTrack,-2972.0,6122.0,7385.0
2026-09-12 14:58:40.767,0 days 01:12:38.237000,41,471.6683333333317,0 days 00:00:24.763000,11470.0,156.0,3,90.0,False,0,car,1590.0988888888892,0.2965855407479253,OnTrack,-2979.23400092369,6176.475737243919,7384.302127260104
2026-09-12 14:58:40.816,0 days 01:12:38.286000,41,472.376110186665,0 days 00:00:24.812000,11298.500224,157.8374976,3,91.6333312,False,0,pos,1592.2984472269688,0.29699580277858545,OnTrack,-2983.0,6198.0,7384.0
2026-09-12 14:58:40.996,0 days 01:12:38.466000,41,474.97611018666504,0 days 00:00:24.992000,10668.500224,164.5874976,3,97.6333312,False,0,pos,1600.5729804869488,0.2985391702625177,OnTrack,-3002.0,6276.0,7383.0
2026-09-12 14:58:41.007,0 days 01:12:38.477000,41,475.1349999999984,0 days 00:00:25.003000,10630.0,165.0,3,98.0,False,0,car,1601.0988888888892,0.2986372627955439,OnTrack,-3003.3649897539462,6280.805404109064,7382.937085843145
2026-09-12 14:58:41.156,0 days 01:12:38.626000,41,476.79055484444285,0 days 00:00:25.152000,10967.620309527272,172.1113605818182,3,98.67727243636364,False,0,pos,1608.482565527932,0.30001446753670846,OnTrack,-3024.0,6349.0,7382.0
2026-09-12 14:58:41.447,0 days 01:12:38.917000,41,480.0238888888873,0 days 00:00:25.443000,11627.0,186.0,4,100.0,False,0,car,1623.8322222222225,0.30287748836062234,OnTrack,-3073.761225723285,6516.656460120569,7379.446675268461
2026-09-12 14:58:41.496,0 days 01:12:38.966000,41,480.52749934222066,0 days 00:00:25.492000,11571.525072457143,187.39999817142856,4,100.0,False,0,pos,1626.4458732920916,0.303364987044698,OnTrack,-3081.0,6542.0,7379.0
2026-09-12 14:58:41.727,0 days 01:12:39.197000,41,482.9016666666653,0 days 00:00:25.723000,11310.0,194.0,4,100.0,False,0,car,1638.9211111111113,0.3056918707249315,OnTrack,-3107.1799778792374,6638.277078438206,7377.104691432225
2026-09-12 14:58:41.836,0 days 01:12:39.306000,41,483.8402772266653,0 days 00:00:25.832000,11135.90288,197.027776,4,100.0,False,0,pos,1644.9773555070115,0.3068214825570074,OnTrack,-3121.0,6687.0,7377.0
2026-09-12 14:58:41.996,0 days 01:12:39.466000,41,485.21805500444316,0 days 00:00:25.992000,10880.347324444445,201.47222044444445,4,100.0,False,0,pos,1654.0686204996657,0.30851718699575037,OnTrack,-3147.0,6772.0,7378.0
2026-09-12 14:58:42.087,0 days 01:12:39.557000,41,486.0016666666654,0 days 00:00:26.083000,10735.0,204.0,5,100.0,False,0,car,1659.3211111111111,0.30949688252233326,OnTrack,-3163.666177882009,6820.8732240624195,7378.536381035666
2026-09-12 14:58:42.255,0 days 01:12:39.725000,41,487.2149999999987,0 days 00:00:26.251000,10973.0,208.2,5,100.0,False,0,pos,1669.1652269727545,0.3113330088453011,OnTrack,-3198.0,6910.0,7380.0
2026-09-12 14:58:42.415,0 days 01:12:39.885000,41,488.37055555555423,0 days 00:00:26.411000,11199.666666666666,212.2,5,100.0,False,0,pos,1678.6989398829983,0.31311123875199315,OnTrack,-3236.0,6995.0,7383.0
2026-09-12 14:58:42.447,0 days 01:12:39.917000,41,488.6016666666653,0 days 00:00:26.443000,11245.0,213.0,5,100.0,False,0,car,1680.6211111111113,0.3134697624872675,OnTrack,-3244.2862177165675,7012.007976602682,7383.494575696077
2026-09-12 14:58:42.646,0 days 01:12:40.116000,41,489.7624999999987,0 days 00:00:26.642000,11377.0,218.0,5,100.0,False,0,car,1692.6716666666669,0.3157174343526662,OnTrack,-3300.611514675371,7117.7775944331825,7385.088053605951
2026-09-12 14:58:42.735,0 days 01:12:40.205000,41,490.1086108622208,0 days 00:00:26.731000,11431.5124608,218.74166613333333,5,100.0,False,0,pos,1698.0863904030236,0.3167273896319069,OnTrack,-3327.0,7165.0,7385.0
2026-09-12 14:58:42.886,0 days 01:12:40.356000,41,490.69583333333185,0 days 00:00:26.882000,11524.0,220.0,5,100.0,False,0,car,1707.3383333333336,0.31845306374949106,OnTrack,-3372.3073536388433,7245.179446741465,7384.038127447418
2026-09-12 14:58:42.895,0 days 01:12:40.365000,41,490.7008332977763,0 days 00:00:26.891000,11529.349961955555,220.14999893333334,5,100.0,False,0,pos,1707.8946611586302,0.31855683011902425,OnTrack,-3375.0,7250.0,7384.0
2026-09-12 14:58:43.155,0 days 01:12:40.625000,41,490.84527774222096,0 days 00:00:27.151000,11683.905517511112,224.48333226666668,5,100.0,False,0,pos,1724.1882946995886,0.3215959216800972,OnTrack,-3451.0,7392.0,7385.0
2026-09-12 14:58:43.246,0 days 01:12:40.716000,41,490.8958333333321,0 days 00:00:27.242000,11738.0,226.0,5,100.0,False,0,car,1729.9383333333335,0.32266841995641654,OnTrack,-3475.9316520097586,7442.811486362309,7386.3761707879485
2026-09-12 14:58:43.315,0 days 01:12:40.785000,41,490.91499998222105,0 days 00:00:27.311000,11747.610705371428,226.4928566857143,5,100.0,False,0,pos,1734.3040131252524,0.3234827073638641,OnTrack,-3494.0,7482.0,7388.0
2026-09-12 14:58:43.455,0 days 01:12:40.925000,41,490.95388887111005,0 days 00:00:27.451000,11767.110705371428,227.4928566857143,5,100.0,False,0,pos,1743.1739656017367,0.32513713255089427,OnTrack,-3528.0,7563.0,7393.0
2026-09-12 14:58:43.526,0 days 01:12:40.996000,41,490.97361111111013,0 days 00:00:27.522000,11777.0,228.0,5,100.0,False,0,car,1747.6716666666666,0.3259760445907592,OnTrack,-3543.6748332823413,7603.048259426794,7395.8163296392795
2026-09-12 14:58:43.615,0 days 01:12:41.085000,41,490.97361111111024,0 days 00:00:27.611000,11810.81997568,228.0,5,100.0,False,0,pos,1753.3073611410782,0.32702721537319485,OnTrack,-3563.0,7657.0,7400.0
2026-09-12 14:58:43.726,0 days 01:12:41.196000,41,490.97361111111036,0 days 00:00:27.722000,11853.0,228.0,5,100.0,False,0,car,1760.3383333333334,0.3283386336152897,OnTrack,-3588.9002052032574,7739.896011382997,7407.234042013801
2026-09-12 14:58:43.926,0 days 01:12:41.396000,41,490.9180555555547,0 days 00:00:27.922000,11782.0,228.0,5,100.0,False,0,car,1773.0049999999999,0.3307012226398202,OnTrack,-3632.5164283475483,7897.371491445307,7421.5283159172695
2026-09-12 14:58:43.935,0 days 01:12:41.405000,41,490.8955557155547,0 days 00:00:27.931000,11776.800036977778,227.90000071111112,5,100.0,False,0,pos,1773.5718778744972,0.3308069568064942,OnTrack,-3634.0,7903.0,7422.0
2026-09-12 14:58:44.286,0 days 01:12:41.756000,41,490.01805555555484,0 days 00:00:28.282000,11574.0,224.0,5,100.0,False,0,car,1795.4049999999997,0.33487927480951624,OnTrack,-3674.4260601724886,8074.367457503195,7434.4381956924735
2026-09-12 14:58:44.295,0 days 01:12:41.765000,41,490.00555564444375,0 days 00:00:28.291000,11560.467953371428,223.74285897142857,5,99.96785737142856,False,0,pos,1795.9586009725842,0.3349825325659739,OnTrack,-3676.0,8081.0,7435.0
2026-09-12 14:58:44.566,0 days 01:12:42.036000,41,489.6291666666657,0 days 00:00:28.562000,11153.0,216.0,5,99.0,True,0,car,1812.205,0.33801281393678834,OnTrack,-3733.776834840031,8318.104921003516,7456.56004364806
2026-09-12 14:58:44.575,0 days 01:12:42.045000,41,489.6791663111101,0 days 00:00:28.571000,11129.850164622223,215.17500586666668,5,96.57501724444444,True,0,pos,1812.7114969577824,0.3381072858436369,OnTrack,-3735.0,8323.0,7457.0
2026-09-12 14:58:44.815,0 days 01:12:42.285000,41,491.0124996444436,0 days 00:00:28.811000,10512.516831288889,193.17500586666668,5,31.90835057777777,True,0,pos,1825.253785457306,0.3404466758292792,OnTrack,-3750.0,8375.0,7461.0
2026-09-12 14:58:44.926,0 days 01:12:42.396000,41,491.6291666666659,0 days 00:00:28.922000,10227.0,183.0,5,2.0,True,0,car,1830.5049999999999,0.3414261333432811,OnTrack,-3763.3365436864847,8415.099500010596,7464.056610766213
2026-09-12 14:58:45.135,0 days 01:12:42.605000,41,494.53194355555473,0 days 00:00:29.131000,9989.2625728,157.74584106666666,5,2.8708330666666666,True,0,pos,1839.5298164674346,0.34310944379073083,OnTrack,-3801.0,8519.0,7472.0
2026-09-12 14:58:45.166,0 days 01:12:42.636000,41,494.9624999999992,0 days 00:00:29.162000,9954.0,154.0,4,3.0,True,0,car,1840.7716666666665,0.34334107392105845,OnTrack,-3806.7656191514725,8532.158004278808,7472.925147750208
2026-09-12 14:58:45.355,0 days 01:12:42.825000,41,498.95249944440195,0 days 00:00:29.351000,10011.112141579992,139.86916084618784,4,3.5887849647421737,True,0,pos,1847.8065442637856,0.34465322059999554,OnTrack,-3842.0,8600.0,7477.0
2026-09-12 14:58:45.487,0 days 01:12:42.957000,41,501.7391666666658,0 days 00:00:29.483000,10051.0,130.0,3,4.0,True,0,car,1852.3633333333332,0.3455031537454808,OnTrack,-3866.820225843396,8641.620989071065,7478.602209424197
2026-09-12 14:58:45.515,0 days 01:12:42.985000,41,502.4469444444436,0 days 00:00:29.511000,10054.5,128.48333333333332,3,4.116666666666666,True,0,pos,1853.30759276746,0.3456792771909053,OnTrack,-3873.0,8651.0,7479.0
2026-09-12 14:58:45.727,0 days 01:12:43.197000,41,507.80583333333266,0 days 00:00:29.723000,10081.0,117.0,3,5.0,True,0,car,1860.1633333333332,0.34695801119742853,OnTrack,-3930.7581572570075,8729.329416741102,7483.223927867536
2026-09-12 14:58:45.775,0 days 01:12:43.245000,41,509.2458333333327,0 days 00:00:29.771000,9841.2,114.6,3,5.2,True,0,pos,1861.6240055177625,0.3472304560451682,OnTrack,-3942.0,8744.0,7484.0
2026-09-12 14:58:45.967,0 days 01:12:43.437000,41,515.0058333333329,0 days 00:00:29.963000,8882.0,105.0,2,6.0,True,0,car,1867.1633333333332,0.34826365250045854,OnTrack,-3971.5140037524257,8782.67577520411,7485.5411381322065
2026-09-12 14:58:46.075,0 days 01:12:43.545000,41,518.785833333333,0 days 00:00:30.071000,8805.5,102.6,2,5.7,True,0,pos,1870.1390566430075,0.3488186849661014,OnTrack,-3982.0,8802.0,7486.0
2026-09-12 14:58:46.327,0 days 01:12:43.797000,41,527.6058333333331,0 days 00:00:30.323000,8627.0,97.0,2,5.0,False,0,car,1876.8633333333332,0.35007289830608584,OnTrack,-3993.827900004517,8863.684532012423,7487.042460308491
2026-09-12 14:58:46.395,0 days 01:12:43.865000,41,530.1369444444441,0 days 00:00:30.391000,8544.55,96.575,2,7.125,False,0,pos,1878.6806389166582,0.35041186248177386,OnTrack,-3987.0,8886.0,7487.0
2026-09-12 14:58:46.487,0 days 01:12:43.957000,41,533.5613888888886,0 days 00:00:30.483000,8433.0,96.0,2,10.0,False,0,car,1881.1299999999999,0.35086871776698036,OnTrack,-3968.437545503648,8920.643348893702,7486.608010971282
2026-09-12 14:58:46.595,0 days 01:12:44.065000,41,537.8213888888887,0 days 00:00:30.591000,8452.98,94.92,2,14.86,False,0,pos,1883.9627099335446,0.35139707535108605,OnTrack,-3941.0,8960.0,7486.0
2026-09-12 14:58:46.687,0 days 01:12:44.157000,41,541.4502777777777,0 days 00:00:30.683000,8470.0,94.0,2,19.0,False,0,car,1886.352222222222,0.351842767627971,OnTrack,-3920.7141078784507,8984.700247618943,7485.693237514213
2026-09-12 14:58:46.967,0 days 01:12:44.437000,41,552.9613888888889,0 days 00:00:30.963000,8470.0,93.0,2,37.0,False,0,car,1893.5855555555554,0.3531919303077687,OnTrack,-3871.9073355412356,9022.87969300464,7485.342308170082
2026-09-12 14:58:47.035,0 days 01:12:44.505000,41,555.7569444444445,0 days 00:00:31.031000,8557.55,93.425,2,39.125,False,0,pos,1895.3552775739674,0.3535220191880716,OnTrack,-3860.0,9032.0,7485.0
2026-09-12 14:58:47.127,0 days 01:12:44.597000,41,559.5391666666667,0 days 00:00:31.123000,8676.0,94.0,2,42.0,False,0,car,1897.763333333333,0.35397117019656116,OnTrack,-3843.343257130956,9045.65978733965,7484.310186739632
2026-09-12 14:58:47.287,0 days 01:12:44.757000,41,566.0725000000002,0 days 00:00:31.283000,8748.0,96.0,2,43.0,False,0,car,1902.0299999999997,0.3547669896574557,OnTrack,-3812.827429012861,9073.068088976264,7482.503389658336
2026-09-12 14:58:47.476,0 days 01:12:44.946000,41,573.2649975644447,0 days 00:00:31.472000,9245.174831644445,101.77499804444444,2,54.54999608888889,False,0,pos,1907.477515943891,0.3557830613453498,OnTrack,-3772.0,9113.0,7480.0
2026-09-12 14:58:47.647,0 days 01:12:45.117000,41,579.7725000000003,0 days 00:00:31.643000,9695.0,107.0,2,65.0,False,0,car,1912.7299999999998,0.35676275564923016,OnTrack,-3729.6860901951904,9156.822650050406,7477.643950866081
2026-09-12 14:58:47.836,0 days 01:12:45.306000,41,586.5974976888891,0 days 00:00:31.832000,10382.95976704,115.50499712,2,66.88999936,False,0,pos,1918.8092941314248,0.3578966667222668,OnTrack,-3688.0,9203.0,7475.0
2026-09-12 14:58:47.847,0 days 01:12:45.317000,41,586.9947222222224,0 days 00:00:31.843000,10423.0,116.0,2,67.0,False,0,car,1919.1744444444441,0.35796477462662285,OnTrack,-3686.128565120179,9205.233366791002,7474.846980630302
2026-09-12 14:58:48.236,0 days 01:12:45.706000,41,599.853331217778,0 days 00:00:32.232000,11137.7873824,125.7249984,2,58.24750144,False,0,pos,1932.7815243202058,0.360502769697969,OnTrack,-3643.0,9276.0,7470.0
2026-09-12 14:58:48.247,0 days 01:12:45.717000,41,600.2169444444446,0 days 00:00:32.243000,11158.0,126.0,2,58.0,False,0,car,1933.1744444444441,0.3605760572326829,OnTrack,-3641.511940703862,9279.125489578553,7469.907282603224
2026-09-12 14:58:48.356,0 days 01:12:45.826000,41,603.6686090844448,0 days 00:00:32.352000,10560.771184,127.8166656,2,59.3624992,False,0,pos,1937.0750054019647,0.36130359058855793,OnTrack,-3626.0,9314.0,7469.0
2026-09-12 14:58:48.487,0 days 01:12:45.957000,41,607.816944444445,0 days 00:00:32.483000,9843.0,130.0,2,61.0,False,0,car,1941.8411111111106,0.3621925655126248,OnTrack,-3612.4406109540864,9358.426390305372,7467.066128962073
2026-09-12 14:58:48.596,0 days 01:12:46.066000,41,611.0566647644448,0 days 00:00:32.592000,9994.3888,132.7249984,2,63.4222208,False,0,pos,1945.931746990558,0.36295555167831944,OnTrack,-3605.0,9396.0,7465.0
2026-09-12 14:58:48.775,0 days 01:12:46.245000,41,616.3769444444447,0 days 00:00:32.771000,10243.0,137.2,2,67.4,False,0,pos,1952.8808404168901,0.36425169787775286,OnTrack,-3600.0,9463.0,7461.0
2026-09-12 14:58:48.847,0 days 01:12:46.317000,41,618.5169444444446,0 days 00:00:32.843000,10343.0,139.0,3,69.0,False,0,car,1955.741111111111,0.36478519610007015,OnTrack,-3603.079893964124,9499.617198465497,7458.736651279491
2026-09-12 14:58:49.135,0 days 01:12:46.605000,41,626.2769444444448,0 days 00:00:33.131000,11195.3,147.1,3,74.4,False,0,pos,1967.5466433781146,0.36698716617607785,OnTrack,-3633.0,9657.0,7449.0
2026-09-12 14:58:49.167,0 days 01:12:46.637000,41,627.139166666667,0 days 00:00:33.163000,11290.0,148.0,3,75.0,False,0,car,1968.8966666666663,0.36723897277116146,OnTrack,-3635.308241489842,9665.541519331127,7448.51531153034
2026-09-12 14:58:49.375,0 days 01:12:46.845000,41,632.2813879721701,0 days 00:00:33.371000,11793.487375422863,153.79387083340464,3,86.00835458346882,False,0,pos,1977.865809636049,0.3689118989873911,OnTrack,-3651.0,9696.0,7447.0
2026-09-12 14:58:49.526,0 days 01:12:46.996000,41,636.0144444444447,0 days 00:00:33.522000,12159.0,158.0,3,94.0,False,0,car,1984.6527777777776,0.37017780554856106,OnTrack,-3681.761047891346,9755.89441846072,7443.301252519717
2026-09-12 14:58:49.575,0 days 01:12:47.045000,41,637.0761097244447,0 days 00:00:33.571000,12006.147421866666,160.041664,3,94.8166656,False,0,pos,1986.9142003419017,0.37059960650617885,OnTrack,-3693.0,9778.0,7442.0
2026-09-12 14:58:49.835,0 days 01:12:47.305000,41,642.709443057778,0 days 00:00:33.831000,11195.091866311112,170.87499733333334,3,99.14999893333334,False,0,pos,1999.4032122405292,0.3729290593303048,OnTrack,-3751.0,9892.0,7436.0
2026-09-12 14:58:49.886,0 days 01:12:47.356000,41,643.8144444444447,0 days 00:00:33.882000,11036.0,173.0,3,100.0,False,0,car,2001.9527777777776,0.3734046047689067,OnTrack,-3762.3540691978687,9914.874523771676,7434.7296856790645
2026-09-12 14:58:50.075,0 days 01:12:47.545000,41,647.3844432355558,0 days 00:00:34.071000,11380.065792581818,180.30227025454545,3,100.0,False,0,pos,2011.6898254879684,0.3752207607203351,OnTrack,-3804.0,10000.0,7430.0
2026-09-12 14:58:50.275,0 days 01:12:47.745000,41,651.1622210133334,0 days 00:00:34.271000,11744.156701672728,188.02954298181817,3,100.0,False,0,pos,2022.4008453415447,0.37721858213724996,OnTrack,-3848.0,10092.0,7426.0
2026-09-12 14:58:50.326,0 days 01:12:47.796000,41,652.1255555555556,0 days 00:00:34.322000,11837.0,190.0,4,100.0,False,0,car,2025.175,0.37773601798054596,OnTrack,-3861.6822879822143,10123.404184621682,7424.564981059201
2026-09-12 14:58:50.555,0 days 01:12:48.025000,41,656.133054435556,0 days 00:00:34.551000,11010.146659657143,198.17856914285713,4,100.0,False,0,pos,2037.8504600103493,0.38010024714117707,OnTrack,-3926.0,10284.0,7417.0
2026-09-12 14:58:50.606,0 days 01:12:48.076000,41,657.0255555555561,0 days 00:00:34.602000,10826.0,200.0,4,100.0,False,0,car,2040.7305555555552,0.38063744309839037,OnTrack,-3935.4843141327415,10310.933872135998,7415.840462333812
2026-09-12 14:58:50.886,0 days 01:12:48.356000,41,661.6144444444453,0 days 00:00:34.882000,10928.0,208.0,5,100.0,False,0,car,2056.908333333333,0.38365492522094863,OnTrack,-3958.9967992966463,10413.862155819086,7412.414378398434
2026-09-12 14:58:50.915,0 days 01:12:48.385000,41,662.057499022223,0 days 00:00:34.911000,10969.2213376,208.6214272,5,100.0,False,0,pos,2058.610294702783,0.3839723753723936,OnTrack,-3961.0,10427.0,7412.0
2026-09-12 14:58:51.166,0 days 01:12:48.636000,41,665.8922222222232,0 days 00:00:35.162000,11326.0,214.0,5,100.0,False,0,car,2073.5527777777775,0.38675945009704227,OnTrack,-3979.958877800714,10572.602906863713,7407.5849998299855
2026-09-12 14:58:51.215,0 days 01:12:48.685000,41,666.5863879822232,0 days 00:00:35.211000,11354.731780654545,215.0022714181818,5,100.0,False,0,pos,2076.5278145536763,0.3873143545102775,OnTrack,-3983.0,10603.0,7407.0
2026-09-12 14:58:51.335,0 days 01:12:48.805000,41,668.2863879822231,0 days 00:00:35.331000,11425.095417018181,217.45681687272727,5,100.0,False,0,pos,2083.899171686752,0.38868926141489596,OnTrack,-3989.0,10676.0,7406.0
2026-09-12 14:58:51.575,0 days 01:12:49.045000,41,671.686387982223,0 days 00:00:35.571000,11565.822689745455,222.36590778181818,5,100.0,False,0,pos,2098.8699568818224,0.39148161505624945,OnTrack,-3999.0,10823.0,7401.0
2026-09-12 14:58:51.606,0 days 01:12:49.076000,41,672.1255555555563,0 days 00:00:35.602000,11584.0,223.0,5,100.0,False,0,car,2100.808333333333,0.3918431613928084,OnTrack,-4000.3357403914792,10848.81246193867,7400.071154262221
2026-09-12 14:58:51.795,0 days 01:12:49.265000,41,674.7505546666672,0 days 00:00:35.791000,11735.1999488,225.0249993142857,5,100.0,False,0,pos,2112.6470870250914,0.3940513279351454,OnTrack,-4008.0,11022.0,7394.0
2026-09-12 14:58:51.886,0 days 01:12:49.356000,41,676.014444444445,0 days 00:00:35.882000,11808.0,226.0,5,100.0,False,0,car,2118.386111111111,0.3951217717759727,OnTrack,-4010.084741271945,11077.429098694107,7391.91998721573
2026-09-12 14:58:52.087,0 days 01:12:49.557000,41,678.6944444444448,0 days 00:00:36.083000,11930.0,229.0,5,100.0,False,0,car,2131.1719444444443,0.3975065877893524,OnTrack,-4011.117164509395,11150.477067669955,7388.866562503008
2026-09-12 14:58:52.135,0 days 01:12:49.605000,41,679.3344444444447,0 days 00:00:36.131000,11942.0,229.3,5,100.0,False,0,pos,2134.233606524451,0.3980776495704348,OnTrack,-4011.0,11174.0,7388.0
2026-09-12 14:58:52.247,0 days 01:12:49.717000,41,680.8277777777776,0 days 00:00:36.243000,11970.0,230.0,5,100.0,False,0,car,2141.394166666667,0.39941323858107886,OnTrack,-4010.2906700759117,11242.84872764901,7385.636386171744
2026-09-12 14:58:52.355,0 days 01:12:49.825000,41,682.1777777777777,0 days 00:00:36.351000,12033.72,230.81,5,99.73,False,0,pos,2148.345558139927,0.400709813412653,OnTrack,-4009.0,11315.0,7383.0
2026-09-12 14:58:52.595,0 days 01:12:50.065000,41,685.1777777777779,0 days 00:00:36.591000,12175.32,232.61,5,99.13,False,0,pos,2163.9111245093495,0.40361310574936343,OnTrack,-4002.0,11469.0,7376.0
2026-09-12 14:58:52.647,0 days 01:12:50.117000,41,685.827777777778,0 days 00:00:36.643000,12206.0,233.0,5,99.0,False,0,car,2167.2830555555556,0.40424203895577715,OnTrack,-3998.484454545159,11512.155232808305,7374.137538061033
2026-09-12 14:58:52.815,0 days 01:12:50.285000,41,687.927777777778,0 days 00:00:36.811000,12217.55,233.0,5,88.5,False,0,pos,2178.164989673902,0.4062717393331721,OnTrack,-3983.0,11663.0,7368.0
2026-09-12 14:58:52.967,0 days 01:12:50.437000,41,689.827777777778,0 days 00:00:36.963000,12228.0,233.0,5,79.0,False,0,car,2187.994166666667,0.40810507925553585,OnTrack,-3967.8318953300977,11762.513229421887,7364.330235960647
2026-09-12 14:58:53.207,0 days 01:12:50.677000,41,692.9611111111108,0 days 00:00:37.203000,12017.0,232.0,5,48.0,False,0,car,2203.4608333333335,0.4109899248012784,OnTrack,-3935.5444287732466,11870.096714913796,7362.092524664924
2026-09-12 14:58:53.275,0 days 01:12:50.745000,41,693.943333333333,0 days 00:00:37.271000,12012.58,231.49,5,51.91,False,0,pos,2207.8119347311313,0.41180149304394065,OnTrack,-3921.0,11906.0,7362.0
2026-09-12 14:58:53.335,0 days 01:12:50.805000,41,694.8099999999998,0 days 00:00:37.331000,12008.68,231.04,5,55.36,False,0,pos,2211.637615695691,0.41251505976958996,OnTrack,-3906.0,11940.0,7362.0
2026-09-12 14:58:53.535,0 days 01:12:51.005000,41,697.698888888889,0 days 00:00:37.531000,11995.68,229.54,5,66.86,False,0,pos,2224.3325530295187,0.4148829218442218,OnTrack,-3842.0,12047.0,7359.0
2026-09-12 14:58:53.607,0 days 01:12:51.077000,41,698.738888888889,0 days 00:00:37.603000,11991.0,229.0,5,71.0,False,0,car,2228.905277777778,0.4157358273154668,OnTrack,-3815.6814854975714,12081.537930895498,7358.438959091664
2026-09-12 14:58:53.736,0 days 01:12:51.206000,41,700.6380546133335,0 days 00:00:37.732000,11943.91502336,229.0,5,74.2249984,False,0,pos,2237.106803295081,0.41726557738164477,OnTrack,-3759.0,12143.0,7358.0
2026-09-12 14:58:53.807,0 days 01:12:51.277000,41,701.6833333333334,0 days 00:00:37.803000,11918.0,229.0,5,76.0,False,0,car,2241.6275,0.41810877857256107,OnTrack,-3717.721951980249,12180.879749052683,7357.4046494512795
2026-09-12 14:58:54.007,0 days 01:12:51.477000,41,704.6277777777782,0 days 00:00:38.003000,11997.0,230.0,5,100.0,False,0,car,2254.405277777778,0.42049209206221905,OnTrack,-3576.5368763597817,12294.409299683537,7354.720319461697
2026-09-12 14:58:54.076,0 days 01:12:51.546000,41,705.6436101688892,0 days 00:00:38.072000,12018.56248,230.57499946666667,5,99.71250026666667,False,0,pos,2258.843837443017,0.42131997303720464,OnTrack,-3536.0,12325.0,7354.0
2026-09-12 14:58:54.247,0 days 01:12:51.717000,41,708.161111111111,0 days 00:00:38.243000,12072.0,232.0,5,99.0,False,0,car,2269.8719444444446,0.4233769376079616,OnTrack,-3464.2931562715517,12374.864662611426,7353.022173341077
2026-09-12 14:58:54.436,0 days 01:12:51.906000,41,711.0486101333336,0 days 00:00:38.432000,11946.7875424,230.58250048,5,70.6500096,False,0,pos,2281.9680270439158,0.4256331011860662,OnTrack,-3398.0,12421.0,7352.0
2026-09-12 14:58:54.616,0 days 01:12:52.086000,41,713.7986101333339,0 days 00:00:38.612000,11827.5375424,229.23250048,5,43.650009600000004,False,0,pos,2293.36762589672,0.427759356486094,OnTrack,-3314.0,12494.0,7350.0
2026-09-12 14:58:54.647,0 days 01:12:52.117000,41,714.2722222222228,0 days 00:00:38.643000,11807.0,229.0,5,39.0,False,0,car,2295.316388888889,0.4281228401221501,OnTrack,-3299.4419048741224,12510.169704291278,7349.708553259663
2026-09-12 14:58:54.887,0 days 01:12:52.357000,41,718.2722222222224,0 days 00:00:38.883000,11597.0,224.0,5,37.0,False,0,car,2310.2497222222223,0.43090820823528075,OnTrack,-3198.7574838553264,12658.646245581589,7348.182436325514
2026-09-12 14:58:54.916,0 days 01:12:52.386000,41,718.7958321777779,0 days 00:00:38.912000,11568.000064,223.39583466666667,5,36.15416853333333,False,0,pos,2312.0328667786675,0.43124080068987614,OnTrack,-3190.0,12675.0,7348.0
2026-09-12 14:58:55.127,0 days 01:12:52.597000,41,722.6055555555558,0 days 00:00:39.123000,11357.0,219.0,5,30.0,False,0,car,2324.849722222222,0.4336314029530291,OnTrack,-3152.575719861198,12773.828069226043,7346.504426505105
2026-09-12 14:58:55.255,0 days 01:12:52.725000,41,725.0944444444445,0 days 00:00:39.251000,11331.4,217.08,5,35.12,False,0,pos,2332.469599110902,0.435052663808724,OnTrack,-3140.0,12836.0,7346.0
2026-09-12 14:58:55.415,0 days 01:12:52.885000,41,728.2055555555555,0 days 00:00:39.411000,11299.4,214.68,5,41.52,False,0,pos,2341.8744678908515,0.43680686168424965,OnTrack,-3128.0,12933.0,7346.0
2026-09-12 14:58:55.527,0 days 01:12:52.997000,41,730.3833333333332,0 days 00:00:39.523000,11277.0,213.0,5,46.0,False,0,car,2348.516388888889,0.4380457140251783,OnTrack,-3130.0129531450384,13021.107412595464,7345.700812637126
2026-09-12 14:58:55.715,0 days 01:12:53.185000,41,733.8299999999999,0 days 00:00:39.711000,11308.1375,215.35,5,71.2625,False,0,pos,2359.8145195591937,0.4401530434609183,OnTrack,-3148.0,13168.0,7345.0
2026-09-12 14:58:55.847,0 days 01:12:53.317000,41,736.25,0 days 00:00:39.843000,11330.0,217.0,5,89.0,False,0,car,2367.805277777778,0.4416434811713054,OnTrack,-3163.2251153202237,13225.691722253396,7345.039878083333
2026-09-12 14:58:56.015,0 days 01:12:53.485000,41,739.1433326696302,0 days 00:00:40.011000,11524.494579040671,218.80645119852016,5,95.6236543945739,False,0,pos,2378.0006674236392,0.44354512714589417,OnTrack,-3190.0,13285.0,7346.0
2026-09-12 14:58:56.126,0 days 01:12:53.596000,41,741.0550000000007,0 days 00:00:40.122000,11653.0,220.0,5,100.0,False,0,car,2384.8552777777777,0.4448236503451142,OnTrack,-3215.782748248796,13347.356737984104,7347.374364589196
2026-09-12 14:58:56.235,0 days 01:12:53.705000,41,740.0255561600007,0 days 00:00:40.231000,11563.1885944,222.270832,5,100.0,False,0,pos,2391.7361394785416,0.44610706995039345,OnTrack,-3243.0,13415.0,7349.0
2026-09-12 14:58:57.086,0 days 01:12:54.556000,41,731.9883333333341,0 days 00:00:41.082000,10862.0,240.0,6,100.0,False,0,car,2448.8552777777777,0.45676094225853153,OnTrack,-3420.7178731730196,13889.894673982202,7361.951792620861
2026-09-12 14:58:57.195,0 days 01:12:54.665000,41,730.5047230933338,0 days 00:00:41.191000,10924.2207968,240.9083328,6,100.0,False,0,pos,2456.181214192658,0.45812737728233716,OnTrack,-3459.0,13996.0,7364.0
2026-09-12 14:58:57.326,0 days 01:12:54.796000,41,728.7216666666668,0 days 00:00:41.322000,10999.0,242.0,6,100.0,False,0,car,2464.9886111111114,0.45977013459503885,OnTrack,-3512.2745968257045,14143.920831454323,7366.6141656149375
2026-09-12 14:58:57.415,0 days 01:12:54.885000,41,727.1394455822225,0 days 00:00:41.411000,11019.0249856,242.74166613333333,6,93.3250048,False,0,pos,2471.0025632661905,0.4608918580704843,OnTrack,-3541.0,14226.0,7368.0
2026-09-12 14:58:57.566,0 days 01:12:55.036000,41,724.4550000000004,0 days 00:00:41.562000,11053.0,244.0,6,82.0,False,0,car,2481.255277777778,0.46280419628969904,OnTrack,-3559.560888311537,14288.84762084939,7368.966723309735
2026-09-12 14:58:57.695,0 days 01:12:55.165000,41,721.5525014400004,0 days 00:00:41.691000,11093.31248,245.07499946666667,6,84.68749866666667,False,0,pos,2490.052778954795,0.464445107846866,OnTrack,-3563.0,14329.0,7369.0
2026-09-12 14:58:57.806,0 days 01:12:55.276000,41,719.0550000000003,0 days 00:00:41.802000,11128.0,246.0,6,87.0,False,0,car,2497.655277777778,0.4658631273425123,OnTrack,-3568.1262009529296,14393.726531214203,7368.820764111934
2026-09-12 14:58:57.975,0 days 01:12:55.445000,41,714.7830571733336,0 days 00:00:41.971000,11197.7124736,247.4083328,6,85.5916672,False,0,pos,2509.291627317119,0.46803354142466347,OnTrack,-3572.0,14519.0,7368.0
2026-09-12 14:58:58.046,0 days 01:12:55.516000,41,712.9883333333337,0 days 00:00:42.042000,11227.0,248.0,6,85.0,False,0,car,2514.188611111111,0.4689469277534784,OnTrack,-3568.3898750910275,14568.050576107173,7367.370132100077
2026-09-12 14:58:58.155,0 days 01:12:55.625000,41,709.9000018133336,0 days 00:00:42.151000,11259.3972032,248.0,6,81.972224,False,0,pos,2521.7066265582184,0.47034918939413,OnTrack,-3557.0,14641.0,7366.0
2026-09-12 14:58:58.315,0 days 01:12:55.785000,41,705.3666684800002,0 days 00:00:42.311000,11306.952758755555,248.0,6,77.52777955555555,False,0,pos,2532.735009529827,0.47240620543889644,OnTrack,-3529.0,14749.0,7363.0
2026-09-12 14:58:58.406,0 days 01:12:55.876000,41,702.7883333333334,0 days 00:00:42.402000,11334.0,248.0,6,75.0,False,0,car,2538.9886111111114,0.47357262836992764,OnTrack,-3508.3216121209543,14808.469073137649,7361.046038795389
2026-09-12 14:58:58.607,0 days 01:12:56.077000,41,696.9816666666666,0 days 00:00:42.603000,11183.0,247.0,6,78.0,False,0,car,2552.779444444445,0.4761448971703853,OnTrack,-3450.518113570283,14933.316461770748,7355.8910105826435
2026-09-12 14:58:58.635,0 days 01:12:56.105000,41,696.1572222222221,0 days 00:00:42.631000,11186.85,247.35,6,78.35,False,0,pos,2554.71098287248,0.4765051680775328,OnTrack,-3441.0,14950.0,7355.0
2026-09-12 14:58:58.767,0 days 01:12:56.237000,41,692.2705555555553,0 days 00:00:42.763000,11205.0,249.0,6,80.0,False,0,car,2563.8461111111114,0.47820905389708035,OnTrack,-3391.225875155585,15026.311004623596,7350.189006686681
2026-09-12 14:58:58.875,0 days 01:12:56.345000,41,689.2105555555553,0 days 00:00:42.871000,11242.35,249.0,6,84.95,False,0,pos,2571.306020694687,0.47960047762124974,OnTrack,-3345.0,15085.0,7346.0
2026-09-12 14:58:59.007,0 days 01:12:56.477000,41,685.4705555555552,0 days 00:00:43.003000,11288.0,249.0,6,91.0,False,0,car,2580.446111111112,0.48130528898712305,OnTrack,-3282.3477855198803,15151.282212784095,7341.224690898798
2026-09-12 14:58:59.055,0 days 01:12:56.525000,41,684.1105555555552,0 days 00:00:43.051000,11299.2,249.6,6,92.8,False,0,pos,2583.7915776068007,0.48192928602064794,OnTrack,-3258.0,15174.0,7340.0
2026-09-12 14:58:59.247,0 days 01:12:56.717000,41,678.670555555555,0 days 00:00:43.243000,11344.0,252.0,6,100.0,False,0,car,2597.246111111112,0.4844388281143951,OnTrack,-3152.65924815319,15256.913682117083,7337.235863733125
2026-09-12 14:58:59.255,0 days 01:12:56.725000,41,678.4638888888883,0 days 00:00:43.251000,11345.033333333333,252.0,6,100.0,False,0,pos,2597.806506558454,0.4845433531775493,OnTrack,-3148.0,15260.0,7337.0
2026-09-12 14:58:59.355,0 days 01:12:56.825000,41,675.880555555555,0 days 00:00:43.351000,11357.95,252.0,6,100.0,False,0,pos,2604.8055232931556,0.4858488110817529,OnTrack,-3088.0,15296.0,7333.0
2026-09-12 14:58:59.487,0 days 01:12:56.957000,41,672.4705555555552,0 days 00:00:43.483000,11375.0,252.0,6,100.0,False,0,car,2614.0461111111117,0.48757236724166714,OnTrack,-3004.171616719591,15337.819005162739,7327.805224555569
2026-09-12 14:58:59.675,0 days 01:12:57.145000,41,668.3972222222217,0 days 00:00:43.671000,11454.43,252.94,6,100.0,False,0,pos,2627.2517537895446,0.49003548617224113,OnTrack,-2882.0,15385.0,7322.0
2026-09-12 14:58:59.875,0 days 01:12:57.345000,41,664.0638888888882,0 days 00:00:43.871000,11538.93,253.94,6,100.0,False,0,pos,2641.4128580453234,0.49267681797407814,OnTrack,-2743.0,15416.0,7318.0
2026-09-12 14:58:59.887,0 days 01:12:57.357000,41,663.8038888888882,0 days 00:00:43.883000,11544.0,254.0,6,100.0,False,0,car,2642.2683333333343,0.4928363813840422,OnTrack,-2731.779174012066,15417.17634086062,7317.728854050229
2026-09-12 14:59:00.127,0 days 01:12:57.597000,41,659.0705555555551,0 days 00:00:44.123000,11574.0,258.0,6,100.0,False,0,car,2659.468333333334,0.4960445285857731,OnTrack,-2464.113782645919,15426.093860288862,7311.535461794668
2026-09-12 14:59:00.155,0 days 01:12:57.625000,41,658.5805555555551,0 days 00:00:44.151000,11591.92,258.0,6,100.0,False,0,pos,2661.4727916591123,0.4964184005258214,OnTrack,-2443.0,15426.0,7311.0
2026-09-12 14:59:00.327,0 days 01:12:57.797000,41,655.5705555555551,0 days 00:00:44.323000,11702.0,258.0,6,100.0,False,0,car,2673.8016666666676,0.4987179845872155,OnTrack,-2386.745270840072,15421.397979278214,7309.158402423223
2026-09-12 14:59:00.416,0 days 01:12:57.886000,41,654.1119454933329,0 days 00:00:44.412000,11642.666709333333,259.85416533333336,6,100.0,False,0,pos,2680.2628672069436,0.49992312891472174,OnTrack,-2357.0,15414.0,7309.0
2026-09-12 14:59:00.567,0 days 01:12:58.037000,41,651.6372222222217,0 days 00:00:44.563000,11542.0,263.0,6,100.0,False,0,car,2691.335000000001,0.5019883051843288,OnTrack,-2255.1648410436574,15391.317415212568,7309.723543936593
2026-09-12 14:59:00.656,0 days 01:12:58.126000,41,650.4752786133328,0 days 00:00:44.652000,11254.9752064,263.8343744,6,100.0,False,0,pos,2697.8921918088977,0.5032113538211267,OnTrack,-2187.0,15373.0,7310.0
2026-09-12 14:59:00.856,0 days 01:12:58.326000,41,647.8641675022216,0 days 00:00:44.852000,10609.9752064,265.7093744,6,100.0,False,0,pos,2712.685227066307,0.50597055351102,OnTrack,-2050.0,15320.0,7310.0
2026-09-12 14:59:00.887,0 days 01:12:58.357000,41,647.4594444444438,0 days 00:00:44.883000,10510.0,266.0,7,100.0,False,0,car,2714.9794444444456,0.5063984713634525,OnTrack,-2029.4167063325374,15310.162538868979,7310.428500613024
2026-09-12 14:59:01.036,0 days 01:12:58.506000,41,645.7211118577773,0 days 00:00:45.032000,10576.517828571428,266.5321426285714,7,100.0,False,0,pos,2726.00750033425,0.5084554264008598,OnTrack,-1932.0,15257.0,7314.0
2026-09-12 14:59:01.167,0 days 01:12:58.637000,41,644.1927777777773,0 days 00:00:45.163000,10635.0,267.0,7,100.0,False,0,car,2735.746111111112,0.5102718738957748,OnTrack,-1850.848096985372,15203.343510100272,7317.081483541906
2026-09-12 14:59:01.316,0 days 01:12:58.786000,41,642.6200006755549,0 days 00:00:45.312000,10658.09499008,268.48999936,7,100.0,False,0,pos,2746.9134525411264,0.5123548084980698,OnTrack,-1764.0,15134.0,7321.0
2026-09-12 14:59:01.516,0 days 01:12:58.986000,41,640.5088895644436,0 days 00:00:45.512000,10689.09499008,270.48999936,7,100.0,False,0,pos,2762.0068229464687,0.5151700267556621,OnTrack,-1658.0,15029.0,7328.0
2026-09-12 14:59:01.567,0 days 01:12:59.037000,41,639.9705555555547,0 days 00:00:45.563000,10697.0,271.0,7,100.0,False,0,car,2765.8572222222233,0.5158882039453166,OnTrack,-1634.1831782898219,15002.697161978283,7329.705966957169
2026-09-12 14:59:01.736,0 days 01:12:59.206000,41,638.5622227555554,0 days 00:00:45.732000,10732.9124864,271.7041664,7,100.0,False,0,pos,2778.618977509218,0.5182685289170113,OnTrack,-1557.0,14898.0,7336.0
2026-09-12 14:59:01.807,0 days 01:12:59.277000,41,637.9705555555556,0 days 00:00:45.803000,10748.0,272.0,7,100.0,False,0,car,2783.990555555556,0.5192704366541181,OnTrack,-1518.1458705475172,14828.360664902913,7339.950798165844
2026-09-12 14:59:01.955,0 days 01:12:59.425000,41,636.8605555555556,0 days 00:00:45.951000,10804.24,272.74,7,100.0,False,0,pos,2795.214033772202,0.5213638419003053,OnTrack,-1438.0,14669.0,7349.0
2026-09-12 14:59:02.007,0 days 01:12:59.477000,41,636.4705555555556,0 days 00:00:46.003000,10824.0,273.0,7,100.0,False,0,car,2799.157222222223,0.5220993261440166,OnTrack,-1417.6962201228785,14628.31637355069,7351.458414901211
2026-09-12 14:59:02.207,0 days 01:12:59.677000,41,635.248333333333,0 days 00:00:46.203000,10851.0,273.0,7,100.0,False,0,car,2814.32388888889,0.524928215633915,OnTrack,-1380.7206807919792,14553.772323250161,7357.029239446683
2026-09-12 14:59:02.367,0 days 01:12:59.837000,41,634.2261111111111,0 days 00:00:46.363000,10914.0,275.0,7,100.0,False,0,car,2826.546111111112,0.5272079067979357,OnTrack,-1372.4661331544667,14473.497698851714,7361.2103757101595
2026-09-12 14:59:02.435,0 days 01:12:59.905000,41,633.8861111111111,0 days 00:00:46.431000,10923.1375,275.2125,7,100.0,False,0,pos,2831.7542171759915,0.528179323710631,OnTrack,-1368.0,14404.0,7364.0
2026-09-12 14:59:02.615,0 days 01:13:00.085000,41,632.9861111111112,0 days 00:00:46.611000,10947.325,275.775,7,100.0,False,0,pos,2845.5606020299006,0.5307544931836015,OnTrack,-1356.0,14159.0,7373.0
2026-09-12 14:59:02.687,0 days 01:13:00.157000,41,632.6261111111112,0 days 00:00:46.683000,10957.0,276.0,7,100.0,False,0,car,2851.0794444444455,0.531783868698079,OnTrack,-1354.8266983808587,14094.73176791927,7375.393151276792
2026-09-12 14:59:02.846,0 days 01:13:00.316000,41,631.9194444444443,0 days 00:00:46.842000,10967.0,276.0,7,100.0,False,0,car,2863.2694444444455,0.5340575497672126,OnTrack,-1361.5256325598511,14043.417838929736,7377.495621978065
2026-09-12 14:59:02.975,0 days 01:13:00.445000,41,631.4177780266665,0 days 00:00:46.971000,10973.808329955555,277.07499946666667,7,100.0,False,0,pos,2873.2313921343884,0.5359156541047289,OnTrack,-1375.0,13990.0,7379.0
2026-09-12 14:59:03.155,0 days 01:13:00.625000,41,630.7177780266665,0 days 00:00:47.151000,10983.308329955555,278.57499946666667,7,100.0,False,0,pos,2887.2125652095406,0.5385234251092618,OnTrack,-1404.0,13854.0,7382.0
2026-09-12 14:59:03.206,0 days 01:13:00.676000,41,630.5194444444442,0 days 00:00:47.202000,10986.0,279.0,7,100.0,False,0,car,2891.1694444444456,0.5392614629607181,OnTrack,-1413.350778311555,13816.516258458185,7382.557555877649
2026-09-12 14:59:03.415,0 days 01:13:00.885000,41,630.0550001422217,0 days 00:00:47.411000,11016.874990545455,279.0,7,100.0,False,0,pos,2907.3545526882704,0.542280312363168,OnTrack,-1465.0,13661.0,7382.0
2026-09-12 14:59:03.615,0 days 01:13:01.085000,41,629.6105556977772,0 days 00:00:47.611000,11046.42044509091,279.0,7,100.0,False,0,pos,2922.8581600046464,0.5451720480857706,OnTrack,-1550.0,13460.0,7376.0
2026-09-12 14:59:03.646,0 days 01:13:01.116000,41,629.5416666666661,0 days 00:00:47.642000,11051.0,279.0,7,100.0,False,0,car,2925.269444444446,0.5456218013083358,OnTrack,-1560.5199022171398,13436.71207798893,7375.182409136277
2026-09-12 14:59:03.886,0 days 01:13:01.356000,41,629.0749999999998,0 days 00:00:47.882000,11078.0,281.0,7,100.0,False,0,car,2944.002777777779,0.5491159461288256,OnTrack,-1618.3457067465167,13325.69071226095,7370.240433236715
2026-09-12 14:59:03.895,0 days 01:13:01.365000,41,629.0575001244442,0 days 00:00:47.891000,11079.02499271111,281.02499982222224,7,100.0,False,0,pos,2944.706722572945,0.5492472460430573,OnTrack,-1621.0,13321.0,7370.0
2026-09-12 14:59:04.215,0 days 01:13:01.685000,41,628.4352779022222,0 days 00:00:48.211000,11115.469437155556,281.9138887111111,7,100.0,False,0,pos,2969.7739286092065,0.5539227859791296,OnTrack,-1748.0,13105.0,7359.0
2026-09-12 14:59:04.246,0 days 01:13:01.716000,41,628.375,0 days 00:00:48.242000,11119.0,282.0,7,100.0,False,0,car,2972.202777777779,0.5543758153781752,OnTrack,-1760.799575544795,13084.881921056734,7358.114228949473
2026-09-12 14:59:04.355,0 days 01:13:01.825000,41,628.10250016,0 days 00:00:48.351000,11065.1812816,282.0,7,100.0,False,0,pos,2980.7412711398424,0.5559684167494834,OnTrack,-1809.0,13013.0,7355.0
2026-09-12 14:59:04.406,0 days 01:13:01.876000,41,627.9749999999999,0 days 00:00:48.402000,11040.0,282.0,7,100.0,False,0,car,2984.7361111111127,0.5567135350445528,OnTrack,-1837.4363124232575,12973.002855102019,7353.0367585724025
2026-09-12 14:59:04.675,0 days 01:13:02.145000,41,627.227777955555,0 days 00:00:48.671000,11091.878559085715,282.0,7,100.0,False,0,pos,3005.8078144502297,0.5606438330738023,OnTrack,-2027.0,12724.0,7340.0
2026-09-12 14:59:04.686,0 days 01:13:02.156000,41,627.1972222222216,0 days 00:00:48.682000,11094.0,282.0,7,100.0,False,0,car,3006.669444444446,0.5608045444607135,OnTrack,-2034.2678146687354,12714.950517929346,7339.596753268983
2026-09-12 14:59:04.886,0 days 01:13:02.356000,41,626.5305555555551,0 days 00:00:48.882000,11072.0,282.0,7,100.0,False,0,car,3022.3361111111126,0.5637266940436855,OnTrack,-2152.2545526509793,12575.784779854657,7334.933288394368
2026-09-12 14:59:05.075,0 days 01:13:02.545000,41,625.8480556054216,0 days 00:00:49.071000,11076.705393847076,282.0,7,100.0,False,0,pos,3037.146309899401,0.5664890950785532,OnTrack,-2243.0,12474.0,7333.0
2026-09-12 14:59:05.127,0 days 01:13:02.597000,41,625.6602777777775,0 days 00:00:49.123000,11078.0,282.0,7,100.0,False,0,car,3041.2144444444457,0.5672478842911666,OnTrack,-2264.998258274201,12448.957574109088,7332.573349752319
2026-09-12 14:59:05.415,0 days 01:13:02.885000,41,624.6202777777776,0 days 00:00:49.411000,11075.3,281.1,7,100.0,False,0,pos,3063.690739602894,0.5714401670480187,OnTrack,-2377.0,12320.0,7331.0
2026-09-12 14:59:05.447,0 days 01:13:02.917000,41,624.504722222222,0 days 00:00:49.443000,11075.0,281.0,7,100.0,False,0,car,3066.1922222222233,0.5719067440518197,OnTrack,-2391.037994037787,12304.059763888366,7330.901319269612
2026-09-12 14:59:05.655,0 days 01:13:03.125000,41,623.5802777777775,0 days 00:00:49.651000,11049.742857142857,281.74285714285713,7,100.0,False,0,pos,3082.4884695760006,0.5749463231417462,OnTrack,-2501.0,12179.0,7331.0
2026-09-12 14:59:05.727,0 days 01:13:03.197000,41,623.2602777777774,0 days 00:00:49.723000,11041.0,282.0,7,100.0,False,0,car,3088.1255555555567,0.5759977534679804,OnTrack,-2552.664623006171,12118.872548230976,7331.638829686355
2026-09-12 14:59:05.915,0 days 01:13:03.385000,41,622.4769444444441,0 days 00:00:49.911000,11038.65,281.21666666666664,7,100.0,False,0,pos,3102.8079056973897,0.5787363081495129,OnTrack,-2693.0,11954.0,7334.0
2026-09-12 14:59:05.967,0 days 01:13:03.437000,41,622.2602777777774,0 days 00:00:49.963000,11038.0,281.0,7,100.0,False,0,car,3106.8588888888903,0.5794918982884704,OnTrack,-2719.971075238025,11922.442927997197,7334.426217664904
2026-09-12 14:59:06.167,0 days 01:13:03.637000,41,621.426944444444,0 days 00:00:50.163000,10977.0,280.0,7,100.0,False,0,car,3122.4144444444455,0.5823933234063148,OnTrack,-2771.4535033961906,11863.036463883906,7335.007412520923
2026-09-12 14:59:06.355,0 days 01:13:03.825000,41,620.5913888888886,0 days 00:00:50.351000,10966.66,280.94,7,100.0,False,0,pos,3137.086504977823,0.5851299588681625,OnTrack,-2852.0,11761.0,7337.0
2026-09-12 14:59:06.367,0 days 01:13:03.837000,41,620.5380555555553,0 days 00:00:50.363000,10966.0,281.0,7,100.0,False,0,car,3138.025555555557,0.5853051107567231,OnTrack,-2860.2930275497242,11750.327348998404,7337.2326199958525
2026-09-12 14:59:06.535,0 days 01:13:04.005000,41,619.8847222222219,0 days 00:00:50.531000,10871.8,279.2,7,100.0,False,0,pos,3151.1909394530126,0.587760720611975,OnTrack,-2993.0,11578.0,7341.0
2026-09-12 14:59:06.647,0 days 01:13:04.117000,41,619.4491666666663,0 days 00:00:50.643000,10809.0,278.0,7,100.0,True,0,car,3159.647777777779,0.5893380916705269,OnTrack,-3044.7615302373115,11508.208672221348,7342.132678002784
2026-09-12 14:59:06.896,0 days 01:13:04.366000,41,620.8324996444438,0 days 00:00:50.892000,9498.193194057143,248.65357897142857,7,13.739307885714286,True,0,pos,3176.756973532574,0.5925293020475393,OnTrack,-3087.0,11435.0,7342.0
2026-09-12 14:59:06.927,0 days 01:13:04.397000,41,621.0047222222215,0 days 00:00:50.923000,9335.0,245.0,7,3.0,True,0,car,3178.7033333333347,0.5928923374398865,OnTrack,-3095.1840027994626,11420.17973450481,7342.103569546739
2026-09-12 14:59:07.096,0 days 01:13:04.566000,41,623.3988879822218,0 days 00:00:51.092000,9757.115749236364,226.17955258181817,7,4.152272290909091,True,0,pos,3188.560873562399,0.5947309676783645,OnTrack,-3150.0,11320.0,7343.0
2026-09-12 14:59:07.356,0 days 01:13:04.826000,41,627.0822213155556,0 days 00:00:51.352000,10406.524840145454,197.22500712727273,7,5.924999563636364,True,0,pos,3202.096414399275,0.5972556192748609,OnTrack,-3225.0,11170.0,7344.0
2026-09-12 14:59:07.367,0 days 01:13:04.837000,41,627.2380555555555,0 days 00:00:51.363000,10434.0,196.0,6,6.0,True,0,car,3202.65888888889,0.5973605321213669,OnTrack,-3227.605280223975,11164.300898768184,7344.103849016176
2026-09-12 14:59:07.456,0 days 01:13:04.926000,41,628.0291660977778,0 days 00:00:51.452000,10496.0218304,191.5500032,6,6.0,True,0,pos,3207.185813709334,0.5982048949815503,OnTrack,-3247.0,11120.0,7345.0
2026-09-12 14:59:07.616,0 days 01:13:05.086000,41,629.45138832,0 days 00:00:51.612000,10607.5218304,183.5500032,6,6.0,True,0,pos,3215.1928191465804,0.5996983631261867,OnTrack,-3277.0,11043.0,7345.0
2026-09-12 14:59:07.687,0 days 01:13:05.157000,41,630.0825,0 days 00:00:51.683000,10657.0,180.0,4,6.0,True,0,car,3218.65888888889,0.6003448550997212,OnTrack,-3288.511681589434,11009.99011189285,7344.940241388597
2026-09-12 14:59:07.836,0 days 01:13:05.306000,41,631.0344440355555,0 days 00:00:51.832000,11159.874784,174.4125024,4,6.0,True,0,pos,3225.745247907424,0.6016666041029638,OnTrack,-3309.0,10940.0,7345.0
2026-09-12 14:59:08.007,0 days 01:13:05.477000,41,632.1269444444442,0 days 00:00:52.003000,11737.0,168.0,4,6.0,True,0,car,3233.5922222222234,0.6031302232128519,OnTrack,-3326.070407129941,10849.822037105994,7345.214667066399
2026-09-12 14:59:08.196,0 days 01:13:05.666000,41,632.336944373333,0 days 00:00:52.192000,11522.0125728,162.80250176,4,8.3624992,True,0,pos,3241.948399533836,0.6046888189604923,OnTrack,-3329.0,10747.0,7345.0
2026-09-12 14:59:08.407,0 days 01:13:05.877000,41,632.5713888888886,0 days 00:00:52.403000,11282.0,157.0,3,11.0,False,0,car,3251.0366666666678,0.6063839642378632,OnTrack,-3301.9423643444684,10641.634041367919,7343.364898824757
2026-09-12 14:59:08.575,0 days 01:13:06.045000,41,631.7780555555553,0 days 00:00:52.571000,11181.8,154.6,3,18.8,False,0,pos,3258.2166743711655,0.607723180611444,OnTrack,-3273.0,10577.0,7342.0
2026-09-12 14:59:08.687,0 days 01:13:06.157000,41,631.2491666666665,0 days 00:00:52.683000,11115.0,153.0,3,24.0,False,0,car,3262.936666666668,0.6086035544530143,OnTrack,-3256.3447337588586,10548.314011743765,7341.460857289908
2026-09-12 14:59:08.887,0 days 01:13:06.357000,41,629.9713888888887,0 days 00:00:52.883000,11033.0,149.0,3,50.0,False,0,car,3271.2144444444457,0.6101475271050101,OnTrack,-3224.8204137126986,10514.844836811752,7340.669034262955
2026-09-12 14:59:08.955,0 days 01:13:06.425000,41,629.2536111111109,0 days 00:00:52.951000,11171.125,149.6375,3,56.1625,False,0,pos,3274.031067885042,0.6106728842334564,OnTrack,-3208.0,10500.0,7340.0
2026-09-12 14:59:09.195,0 days 01:13:06.665000,41,626.7202777777776,0 days 00:00:53.191000,11658.625,151.8875,3,77.91250000000001,False,0,pos,3284.195638815878,0.612568781895582,OnTrack,-3127.0,10432.0,7337.0
2026-09-12 14:59:09.207,0 days 01:13:06.677000,41,626.5936111111109,0 days 00:00:53.203000,11683.0,152.0,3,79.0,False,0,car,3284.7255555555566,0.6126676220645093,OnTrack,-3122.908561718444,10428.50894226096,7336.978996387454
2026-09-12 14:59:09.275,0 days 01:13:06.745000,41,625.3280557400556,0 days 00:00:53.271000,11555.209585828215,154.78815449102075,3,81.32346207585063,False,0,pos,3287.773034480498,0.6132360384008689,OnTrack,-3100.0,10409.0,7337.0
2026-09-12 14:59:09.515,0 days 01:13:06.985000,41,620.8613897245659,0 days 00:00:53.511000,11104.184594633682,164.62869975344697,3,89.5239164612058,False,0,pos,3299.0896912529283,0.615346823328626,OnTrack,-3015.0,10344.0,7334.0
2026-09-12 14:59:09.646,0 days 01:13:07.116000,41,618.4233333333336,0 days 00:00:53.642000,10858.0,170.0,3,94.0,False,0,car,3305.456111111112,0.6165342891456652,OnTrack,-2967.48342031479,10309.657223960212,7333.304381547532
2026-09-12 14:59:09.735,0 days 01:13:07.205000,41,616.4950013866669,0 days 00:00:53.731000,11093.8498304,173.55999744,3,96.66999808,False,0,pos,3309.8284195216575,0.6173498129242929,OnTrack,-2932.0,10284.0,7333.0
2026-09-12 14:59:09.846,0 days 01:13:07.316000,41,614.0900000000001,0 days 00:00:53.842000,11388.0,178.0,4,100.0,False,0,car,3315.3450000000007,0.6183787665420092,OnTrack,-2881.6509393741035,10247.155986528516,7332.3630635766685
2026-09-12 14:59:10.095,0 days 01:13:07.565000,41,608.0033348977785,0 days 00:00:54.091000,11875.624874666666,184.2249984,4,100.0,False,0,pos,3328.0597059137335,0.6207503158558448,OnTrack,-2787.0,10177.0,7331.0
2026-09-12 14:59:10.206,0 days 01:13:07.676000,41,605.2900000000009,0 days 00:00:54.202000,12093.0,187.0,4,100.0,False,0,car,3334.0450000000005,0.6218666940229608,OnTrack,-2782.6282128818902,10173.49184246021,7331.184754846083
2026-09-12 14:59:10.275,0 days 01:13:07.745000,41,603.2966685155563,0 days 00:00:54.271000,11933.045602909091,190.76363287272727,4,100.0,False,0,pos,3337.89600295181,0.6225849838103855,OnTrack,-2771.0,10165.0,7331.0
2026-09-12 14:59:10.375,0 days 01:13:07.845000,41,600.4077796266673,0 days 00:00:54.371000,11701.227421090909,196.21817832727274,4,100.0,False,0,pos,3343.6546359833364,0.623659085115379,OnTrack,-2727.0,10133.0,7330.0
2026-09-12 14:59:10.575,0 days 01:13:08.045000,41,594.6300018488893,0 days 00:00:54.571000,11237.591057454545,207.12726923636365,4,100.0,False,0,pos,3355.580671218414,0.625883531427423,OnTrack,-2638.0,10065.0,7329.0
2026-09-12 14:59:10.646,0 days 01:13:08.116000,41,592.5788888888892,0 days 00:00:54.642000,11073.0,211.0,5,100.0,False,0,car,3359.8338888888898,0.6266768423790445,OnTrack,-2605.6212979434017,10040.466529850819,7328.696490321288
2026-09-12 14:59:10.775,0 days 01:13:08.245000,41,588.9597240177782,0 days 00:00:54.771000,11263.2749056,214.2249984,5,100.0,False,0,pos,3367.5756035241966,0.62812082843392,OnTrack,-2545.0,9995.0,7328.0
2026-09-12 14:59:10.886,0 days 01:13:08.356000,41,585.8455555555561,0 days 00:00:54.882000,11427.0,217.0,5,100.0,False,0,car,3374.300555555556,0.6293751677386398,OnTrack,-2492.1409936357322,9955.246577706455,7327.158279141256
2026-09-12 14:59:11.035,0 days 01:13:08.505000,41,581.6238907022223,0 days 00:00:55.031000,11728.7248704,221.656248,5,100.0,False,0,pos,3383.4823386654057,0.6310877556334515,OnTrack,-2420.0,9900.0,7326.0
2026-09-12 14:59:11.046,0 days 01:13:08.516000,41,581.3122222222223,0 days 00:00:55.042000,11751.0,222.0,5,100.0,False,0,car,3384.167222222223,0.6312155002419583,OnTrack,-2414.605871669708,9895.779452597788,7325.932073981299
2026-09-12 14:59:11.206,0 days 01:13:08.676000,41,576.9566666666674,0 days 00:00:55.202000,11932.0,226.0,5,100.0,False,0,car,3394.211666666667,0.6330889918894808,OnTrack,-2335.9018652011655,9832.823546860755,7325.190317206488
2026-09-12 14:59:11.255,0 days 01:13:08.725000,41,575.7316682666673,0 days 00:00:55.251000,11962.13496064,226.24499968,5,100.0,False,0,pos,3397.294071197895,0.6336639225564261,OnTrack,-2313.0,9814.0,7325.0
2026-09-12 14:59:11.406,0 days 01:13:08.876000,41,571.9566666666669,0 days 00:00:55.402000,12055.0,227.0,5,100.0,False,0,car,3406.8227777777784,0.6354412186814475,OnTrack,-2247.660246700137,9758.39901594104,7324.436933224232
2026-09-12 14:59:11.515,0 days 01:13:08.985000,41,569.5344453837318,0 days 00:00:55.511000,11613.906713102897,229.0373823875155,5,100.0,False,0,pos,3413.7896557314316,0.6367406820542275,OnTrack,-2196.0,9702.0,7324.0
2026-09-12 14:59:11.727,0 days 01:13:09.197000,41,564.8233333333337,0 days 00:00:55.723000,10756.0,233.0,5,100.0,False,0,car,3427.5986111111115,0.6393163309821429,OnTrack,-2081.2958125352907,9541.164114269266,7323.034014582151
2026-09-12 14:59:11.735,0 days 01:13:09.205000,41,564.665555555556,0 days 00:00:55.731000,10763.727272727272,233.2,5,100.0,False,0,pos,3428.1275546027928,0.6394149896206726,OnTrack,-2078.0,9536.0,7323.0
2026-09-12 14:59:12.075,0 days 01:13:09.545000,41,557.960000000001,0 days 00:00:56.071000,11092.136363636364,241.7,5,100.0,False,0,pos,3451.099232275947,0.6436996712163816,OnTrack,-2016.0,9389.0,7322.0
2026-09-12 14:59:12.167,0 days 01:13:09.637000,41,556.1455555555567,0 days 00:00:56.163000,11181.0,244.0,6,100.0,False,0,car,3457.4208333333336,0.6448787774223533,OnTrack,-2000.1441468807461,9331.676987855211,7321.971521574197
2026-09-12 14:59:12.275,0 days 01:13:09.745000,41,554.4055555555566,0 days 00:00:56.271000,11260.3125,246.025,6,100.0,False,0,pos,3464.881530529595,0.6462703480521874,OnTrack,-1982.0,9256.0,7322.0
2026-09-12 14:59:12.395,0 days 01:13:09.865000,41,552.4722222222231,0 days 00:00:56.391000,11348.4375,248.275,6,100.0,False,0,pos,3473.219984452548,0.6478256380300761,OnTrack,-1969.0,9174.0,7322.0
2026-09-12 14:59:12.487,0 days 01:13:09.957000,41,550.9900000000007,0 days 00:00:56.483000,11416.0,250.0,6,100.0,False,0,car,3479.6430555555557,0.6490236704478455,OnTrack,-1962.3233600676506,9109.928416825349,7322.046579011358
2026-09-12 14:59:12.675,0 days 01:13:10.145000,41,548.1700000000006,0 days 00:00:56.671000,11531.62,252.82,6,100.0,False,0,pos,3492.8512339924155,0.6514872623485531,OnTrack,-1955.0,8976.0,7322.0
2026-09-12 14:59:12.687,0 days 01:13:10.157000,41,547.9900000000007,0 days 00:00:56.683000,11539.0,253.0,6,100.0,False,0,car,3493.6986111111114,0.6516453152864692,OnTrack,-1954.710203391741,8967.431901875432,7321.969477938151
2026-09-12 14:59:12.875,0 days 01:13:10.345000,41,545.3788888888895,0 days 00:00:56.871000,11641.46,255.82,6,100.0,False,0,pos,3507.0600778410208,0.6541374985481309,OnTrack,-1952.0,8833.0,7321.0
2026-09-12 14:59:12.887,0 days 01:13:10.357000,41,545.2122222222229,0 days 00:00:56.883000,11648.0,256.0,6,100.0,False,0,car,3507.920833333334,0.6542980468227843,OnTrack,-1951.8467338270991,8824.394914653614,7320.9037222691295
2026-09-12 14:59:13.087,0 days 01:13:10.557000,41,542.4900000000002,0 days 00:00:57.083000,11758.0,261.0,6,100.0,False,0,car,3522.4208333333336,0.6570025895219178,OnTrack,-1949.1057476767112,8680.733634909737,7319.051835588367
2026-09-12 14:59:13.095,0 days 01:13:10.565000,41,542.3811111111113,0 days 00:00:57.091000,11763.742857142857,261.14285714285717,6,100.0,False,0,pos,3523.006279315159,0.657111787015427,OnTrack,-1949.0,8675.0,7319.0
2026-09-12 14:59:13.355,0 days 01:13:10.825000,41,538.8422222222224,0 days 00:00:57.351000,11950.385714285714,265.7857142857143,6,100.0,False,0,pos,3542.2177131554477,0.6606951072314711,OnTrack,-1945.0,8489.0,7318.0
2026-09-12 14:59:13.367,0 days 01:13:10.837000,41,538.6788888888891,0 days 00:00:57.363000,11959.0,266.0,6,100.0,False,0,car,3543.1097222222224,0.6608614849286509,OnTrack,-1944.6955591151573,8480.37074621849,7317.902175802257
2026-09-12 14:59:13.456,0 days 01:13:10.926000,41,537.6405563022225,0 days 00:00:57.452000,11664.7439616,266.8343744,6,100.0,False,0,pos,3549.7357887436533,0.6620973800896516,OnTrack,-1942.0,8415.0,7317.0
2026-09-12 14:59:13.687,0 days 01:13:11.157000,41,534.945555555556,0 days 00:00:57.683000,10901.0,269.0,6,100.0,False,0,car,3567.0208333333335,0.6653213898240805,OnTrack,-1929.700270420178,8213.919427178875,7314.625098013514
2026-09-12 14:59:13.756,0 days 01:13:11.226000,41,534.1213896533336,0 days 00:00:57.752000,10827.2563184,269.8624992,6,100.0,False,0,pos,3572.20921669714,0.6662891280549005,OnTrack,-1921.0,8149.0,7314.0
2026-09-12 14:59:13.847,0 days 01:13:11.317000,41,533.0344444444445,0 days 00:00:57.843000,10730.0,271.0,7,100.0,False,0,car,3579.065277777778,0.6675679218438972,OnTrack,-1904.6097506761587,8061.6917947072125,7313.2594939847495
2026-09-12 14:59:14.076,0 days 01:13:11.546000,41,529.853889777778,0 days 00:00:58.072000,10764.3499904,271.8178569142857,7,100.0,False,0,pos,3596.3592589757573,0.6707935984361695,OnTrack,-1851.0,7860.0,7312.0
2026-09-12 14:59:14.127,0 days 01:13:11.597000,41,529.1455555555558,0 days 00:00:58.123000,10772.0,272.0,7,100.0,False,0,car,3600.2208333333333,0.6715138600041657,OnTrack,-1840.631122311841,7827.120193536612,7311.895621593821
2026-09-12 14:59:14.367,0 days 01:13:11.837000,41,525.545555555555,0 days 00:00:58.363000,10792.0,273.0,7,100.0,False,0,car,3618.4208333333336,0.6749085273920438,OnTrack,-1798.7190328682905,7726.852246571284,7312.133960728401
2026-09-12 14:59:14.496,0 days 01:13:11.966000,41,523.5030565688891,0 days 00:00:58.492000,10793.6124992,272.1937504,7,100.0,False,0,pos,3628.16889137006,0.6767267369916272,OnTrack,-1766.0,7666.0,7312.0
2026-09-12 14:59:14.527,0 days 01:13:11.997000,41,523.0122222222226,0 days 00:00:58.523000,10794.0,272.0,7,100.0,False,0,car,3630.5097222222225,0.6771633491979115,OnTrack,-1756.3620089727854,7648.5388414191275,7311.904106318934
2026-09-12 14:59:14.687,0 days 01:13:12.157000,41,520.3900000000003,0 days 00:00:58.683000,10790.0,272.0,7,100.0,False,0,car,3642.598611111111,0.6794181710037792,OnTrack,-1695.5290839637014,7543.691643929268,7311.152028943305
2026-09-12 14:59:14.736,0 days 01:13:12.206000,41,519.559723306667,0 days 00:00:58.732000,10788.7750016,272.24499968,7,100.0,False,0,pos,3646.310758695699,0.6801105614622621,OnTrack,-1673.0,7510.0,7311.0
2026-09-12 14:59:14.887,0 days 01:13:12.357000,41,517.0011111111116,0 days 00:00:58.883000,10785.0,273.0,7,100.0,False,0,car,3657.765277777778,0.6822470604936776,OnTrack,-1591.862979598608,7405.424510650967,7310.954389578027
2026-09-12 14:59:15.035,0 days 01:13:12.505000,41,514.5755555555561,0 days 00:00:59.031000,10725.8,272.075,7,100.0,False,0,pos,3668.9507631557512,0.6843333793085233,OnTrack,-1508.0,7313.0,7311.0
2026-09-12 14:59:15.047,0 days 01:13:12.517000,41,514.3788888888894,0 days 00:00:59.043000,10721.0,272.0,7,100.0,False,0,car,3669.8541666666665,0.6845018822995452,OnTrack,-1501.5575127465984,7306.418453615778,7310.985098267337
2026-09-12 14:59:15.367,0 days 01:13:12.837000,41,509.57888888888874,0 days 00:00:59.363000,10629.0,269.0,7,100.0,False,0,car,3693.7652777777776,0.6889617871949748,OnTrack,-1338.8034391106069,7169.211079362593,7310.029657439694
2026-09-12 14:59:15.395,0 days 01:13:12.865000,41,509.17444444444436,0 days 00:00:59.391000,10621.533333333333,268.8833333333333,7,100.0,False,0,pos,3695.8513481179743,0.6893508814231444,OnTrack,-1323.0,7158.0,7310.0
2026-09-12 14:59:15.495,0 days 01:13:12.965000,41,507.7300000000001,0 days 00:00:59.491000,10594.866666666667,268.46666666666664,7,100.0,False,0,pos,3703.2993871832336,0.6907400910560276,OnTrack,-1261.0,7117.0,7310.0
2026-09-12 14:59:15.607,0 days 01:13:13.077000,41,506.1122222222225,0 days 00:00:59.603000,10565.0,268.0,7,100.0,False,0,car,3711.6319444444443,0.6922942811874705,OnTrack,-1168.193520056413,7067.382825953233,7309.993650985427
2026-09-12 14:59:15.815,0 days 01:13:13.285000,41,503.2233333333331,0 days 00:00:59.811000,10548.75,267.35,7,100.0,False,0,pos,3727.0711054998233,0.6951739963814754,OnTrack,-979.0,6984.0,7310.0
2026-09-12 14:59:15.927,0 days 01:13:13.397000,41,501.66777777777725,0 days 00:00:59.923000,10540.0,267.0,7,100.0,False,0,car,3735.365277777778,0.6967210269386961,OnTrack,-912.7355309930562,6960.1220356336,7310.121788536112
2026-09-12 14:59:16.155,0 days 01:13:13.625000,41,498.7544444444441,0 days 00:01:00.151000,10504.171428571428,266.1857142857143,7,100.0,False,0,pos,3752.213098926187,0.6998634856754711,OnTrack,-808.0,6938.0,7310.0
2026-09-12 14:59:16.207,0 days 01:13:13.677000,41,498.0899999999997,0 days 00:01:00.203000,10496.0,266.0,7,100.0,False,0,car,3756.054166666667,0.7005799223454292,OnTrack,-774.5476427271282,6931.827807406108,7309.71761838775
2026-09-12 14:59:16.315,0 days 01:13:13.785000,41,496.80000018806356,0 days 00:01:00.311000,10481.977223001042,266.0,7,100.0,False,0,pos,3764.0334551571905,0.7020682207200034,OnTrack,-691.0,6919.0,7309.0
2026-09-12 14:59:16.635,0 days 01:13:14.105000,41,492.9777785230677,0 days 00:01:00.631000,10440.428254115242,266.0,7,100.0,False,0,pos,3787.678967580404,0.7064785860987259,OnTrack,-376.0,6904.0,7308.0
2026-09-12 14:59:16.646,0 days 01:13:14.116000,41,492.8463888888891,0 days 00:01:00.642000,10439.0,266.0,7,100.0,False,0,car,3788.491388888889,0.7066301190724145,OnTrack,-368.0783366633865,6903.867229306061,7307.96969038543
2026-09-12 14:59:16.935,0 days 01:13:14.405000,41,489.4747229688885,0 days 00:01:00.931000,10440.8062496,266.0,7,100.0,False,0,pos,3809.8401722275344,0.7106120981147536,OnTrack,-227.0,6905.0,7307.0
2026-09-12 14:59:16.966,0 days 01:13:14.436000,41,489.1130555555551,0 days 00:01:00.962000,10441.0,266.0,7,100.0,False,0,car,3812.1358333333337,0.7110402852515382,OnTrack,-207.9125494394776,6905.182142339064,7306.8782609383115
2026-09-12 14:59:17.126,0 days 01:13:14.596000,41,487.29083333333256,0 days 00:01:01.122000,10438.0,267.0,7,100.0,False,0,car,3824.0025,0.7132536581271509,OnTrack,-89.7463172662053,6905.863920172751,7306.162515503016
2026-09-12 14:59:17.155,0 days 01:13:14.625000,41,486.97666735999917,0 days 00:01:01.151000,10444.66998528,266.71000064,7,100.0,False,0,pos,3826.1528387225558,0.7136547397059615,OnTrack,-68.0,6906.0,7306.0
2026-09-12 14:59:17.315,0 days 01:13:14.785000,41,485.2433340266656,0 days 00:01:01.311000,10481.46998528,265.11000064,7,100.0,False,0,pos,3837.9304004971546,0.7158514927205191,OnTrack,48.0,6907.0,7305.0
2026-09-12 14:59:17.326,0 days 01:13:14.796000,41,485.1241666666656,0 days 00:01:01.322000,10484.0,265.0,7,100.0,True,0,car,3838.7247222222227,0.7159996497565395,OnTrack,55.8076056230946,6907.094759731159,7304.94293816683
2026-09-12 14:59:17.566,0 days 01:13:15.036000,41,483.5908333333332,0 days 00:01:01.562000,9351.0,250.0,7,5.0,True,0,car,3855.391388888889,0.7191083195256586,OnTrack,228.8547627068411,6913.353403231107,7304.042763194119
2026-09-12 14:59:17.575,0 days 01:13:15.045000,41,483.59333331555536,0 days 00:01:01.571000,9345.46503936,248.96500736,7,4.91000064,True,0,pos,3855.98648436617,0.7192193168448562,OnTrack,236.0,6914.0,7304.0
2026-09-12 14:59:17.766,0 days 01:13:15.236000,41,483.64638888888794,0 days 00:01:01.762000,9228.0,227.0,7,3.0,True,0,car,3868.0025000000005,0.7214605463176254,OnTrack,400.6876089981762,6936.252646280801,7302.78498457461
2026-09-12 14:59:17.875,0 days 01:13:15.345000,41,484.706110488888,0 days 00:01:01.871000,9380.5999104,215.7593816,7,3.6812496,True,0,pos,3874.2133474883303,0.7226189947472802,OnTrack,479.0,6951.0,7302.0
2026-09-12 14:59:18.086,0 days 01:13:15.556000,41,486.75749999999925,0 days 00:01:02.082000,9676.0,194.0,7,5.0,True,0,car,3885.246944444445,0.7246769833054073,OnTrack,561.0529721634871,6976.470726188709,7300.521927108192
2026-09-12 14:59:18.235,0 days 01:13:15.705000,41,488.95111086735085,0 days 00:01:02.231000,10263.845705821519,181.39801135061057,7,4.2587065500359165,True,0,pos,3892.707575655509,0.7260685416276703,OnTrack,609.0,7000.0,7299.0
2026-09-12 14:59:18.287,0 days 01:13:15.757000,41,489.71666666666533,0 days 00:01:02.283000,10469.0,177.0,7,4.0,True,0,car,3895.129444444445,0.7265202690450066,OnTrack,630.5108503592768,7010.478692457738,7298.29971902178
2026-09-12 14:59:18.375,0 days 01:13:15.845000,41,491.9411111111099,0 days 00:01:02.371000,10381.244444444445,167.95555555555555,7,3.511111111111111,True,0,pos,3898.9346094089215,0.7272300091225012,OnTrack,672.0,7031.0,7297.0
2026-09-12 14:59:18.647,0 days 01:13:16.117000,41,498.8166666666657,0 days 00:01:02.643000,10110.0,140.0,3,2.0,True,0,car,3909.129444444445,0.7291315516510666,OnTrack,820.2038743305808,7108.131026719912,7293.108668884972
2026-09-12 14:59:18.655,0 days 01:13:16.125000,41,499.04999999999905,0 days 00:01:02.651000,10133.6,139.71428571428572,3,2.0,True,0,pos,3909.4229757514913,0.7291863011650969,OnTrack,824.0,7110.0,7293.0
2026-09-12 14:59:18.927,0 days 01:13:16.397000,41,506.98333333333267,0 days 00:01:02.923000,10936.0,130.0,3,2.0,True,0,car,3919.2405555555565,0.7310174779776655,OnTrack,919.0981541134282,7149.628215944331,7289.561178833681
2026-09-12 14:59:19.095,0 days 01:13:16.565000,41,512.6300000000002,0 days 00:01:03.091000,10427.1,121.6,3,2.0,True,0,pos,3924.8202885522364,0.7320582108148576,OnTrack,959.0,7162.0,7288.0
2026-09-12 14:59:19.167,0 days 01:13:16.637000,41,515.0500000000006,0 days 00:01:03.163000,10209.0,118.0,2,2.0,True,0,car,3927.107222222223,0.7324847701086896,OnTrack,974.0837498143457,7166.347685160506,7287.515555876239
2026-09-12 14:59:19.447,0 days 01:13:16.917000,41,525.3944444444451,0 days 00:01:03.443000,9537.0,109.0,2,3.0,True,0,car,3935.5850000000005,0.7340660467979149,OnTrack,1029.5284721430048,7173.051043890202,7286.174882641809
2026-09-12 14:59:19.555,0 days 01:13:17.025000,41,529.7144444444448,0 days 00:01:03.551000,9360.15,107.65,2,3.9,True,0,pos,3938.793877472148,0.7346645672213432,OnTrack,1064.0,7163.0,7285.0
2026-09-12 14:59:19.687,0 days 01:13:17.157000,41,534.9944444444445,0 days 00:01:03.683000,9144.0,106.0,2,5.0,False,0,car,3942.651666666667,0.7353841227800214,OnTrack,1118.7528047047595,7139.521539419432,7282.8816603777295
2026-09-12 14:59:19.755,0 days 01:13:17.225000,41,537.8277777777776,0 days 00:01:03.751000,9222.483333333334,104.86666666666666,2,17.75,False,0,pos,3944.5893390915635,0.7357455378014053,OnTrack,1142.0,7128.0,7282.0
2026-09-12 14:59:19.927,0 days 01:13:17.397000,41,544.9944444444436,0 days 00:01:03.923000,9421.0,102.0,2,50.0,False,0,car,3949.4516666666673,0.736652460045822,OnTrack,1167.5848326225755,7110.0307555307945,7281.286011945009
2026-09-12 14:59:20.015,0 days 01:13:17.485000,41,548.587777777777,0 days 00:01:04.011000,9617.533333333333,103.71111111111111,2,51.46666666666667,False,0,pos,3952.0235282132126,0.7371321641402283,OnTrack,1178.0,7099.0,7281.0
2026-09-12 14:59:20.276,0 days 01:13:17.746000,41,559.2452751644439,0 days 00:01:04.272000,10200.4331904,108.78610986666666,2,55.8166656,False,0,pos,3960.0051112519677,0.7386208904943657,OnTrack,1232.0,7043.0,7279.0
2026-09-12 14:59:20.287,0 days 01:13:17.757000,41,559.6944444444439,0 days 00:01:04.283000,10225.0,109.0,2,56.0,False,0,car,3960.3516666666674,0.7386855300748258,OnTrack,1234.3193856088064,7040.36679050076,7278.929124402371
2026-09-12 14:59:20.456,0 days 01:13:17.926000,41,566.3136086044439,0 days 00:01:04.452000,10600.4212864,113.2249984,2,58.4142848,False,0,pos,3965.773325132853,0.7396967788211651,OnTrack,1268.0,6999.0,7278.0
2026-09-12 14:59:20.567,0 days 01:13:18.037000,41,570.6611111111106,0 days 00:01:04.563000,10847.0,116.0,2,60.0,False,0,car,3969.3738888888897,0.7403683566431757,OnTrack,1289.6253599591084,6970.372415422982,7277.103366174676
2026-09-12 14:59:20.727,0 days 01:13:18.197000,41,576.8833333333323,0 days 00:01:04.723000,11148.0,118.0,2,65.0,False,0,car,3974.6183333333342,0.7413465513971919,OnTrack,1320.0902373001352,6927.834510224201,7275.472780649288
2026-09-12 14:59:20.776,0 days 01:13:18.246000,41,578.5983310933324,0 days 00:01:04.772000,11040.2001408,119.95999744,2,67.20499712,False,0,pos,3976.3020234259,0.7416605935866715,OnTrack,1329.0,6915.0,7275.0
2026-09-12 14:59:20.976,0 days 01:13:18.446000,41,585.5983310933326,0 days 00:01:04.972000,10600.2001408,127.95999744,2,76.20499712,False,0,pos,3983.6320576971543,0.7430277929434107,OnTrack,1368.0,6857.0,7273.0
2026-09-12 14:59:21.127,0 days 01:13:18.597000,41,590.8833333333328,0 days 00:01:05.123000,10268.0,134.0,2,83.0,False,0,car,3989.5072222222234,0.7441236297242716,OnTrack,1414.6121363489979,6787.0885046766225,7270.649872320754
2026-09-12 14:59:21.176,0 days 01:13:18.646000,41,592.4077757866661,0 days 00:01:05.172000,10496.899701028571,136.62499657142857,2,85.79999634285714,False,0,pos,3991.46276843186,0.7444883785673123,OnTrack,1428.0,6767.0,7270.0
2026-09-12 14:59:21.407,0 days 01:13:18.877000,41,599.594444444444,0 days 00:01:05.403000,11576.0,149.0,3,99.0,False,0,car,4001.0961111111124,0.7462851914370658,OnTrack,1461.6638045672325,6716.248227932959,7268.680811495454
2026-09-12 14:59:21.556,0 days 01:13:19.026000,41,603.0297207466662,0 days 00:01:05.552000,10853.3503104,158.93332906666666,3,99.62083306666666,False,0,pos,4007.826998299374,0.7475406377683559,OnTrack,1490.0,6670.0,7268.0
2026-09-12 14:59:21.647,0 days 01:13:19.117000,41,605.1277777777773,0 days 00:01:05.643000,10412.0,165.0,4,100.0,False,0,car,4012.096111111112,0.7483369134846843,OnTrack,1518.9944249395128,6621.887929752388,7267.2672851987
2026-09-12 14:59:21.795,0 days 01:13:19.265000,41,606.4022222222219,0 days 00:01:05.791000,10748.7,170.81428571428572,4,100.0,False,0,pos,4019.2387542292568,0.7496691606086634,OnTrack,1571.0,6535.0,7266.0
2026-09-12 14:59:21.927,0 days 01:13:19.397000,41,607.5388888888888,0 days 00:01:05.923000,11049.0,176.0,4,100.0,False,0,car,4025.7850000000008,0.7508901675883874,OnTrack,1601.4346234791265,6483.606539419098,7265.443940338685
2026-09-12 14:59:22.127,0 days 01:13:19.597000,41,607.4277777777779,0 days 00:01:06.123000,11653.0,184.0,4,100.0,False,0,car,4036.007222222223,0.7527968183801138,OnTrack,1632.063163363897,6429.837023802708,7265.159062764478
2026-09-12 14:59:22.175,0 days 01:13:19.645000,41,606.987777777778,0 days 00:01:06.171000,11632.771428571428,186.05714285714285,4,100.0,False,0,pos,4038.5463772990875,0.7532704220577071,OnTrack,1642.0,6412.0,7265.0
2026-09-12 14:59:22.355,0 days 01:13:19.825000,41,605.337777777778,0 days 00:01:06.351000,11556.914285714285,193.77142857142857,4,100.0,False,0,pos,4048.3626259782627,0.7551013505886136,OnTrack,1688.0,6329.0,7264.0
2026-09-12 14:59:22.407,0 days 01:13:19.877000,41,604.8611111111113,0 days 00:01:06.403000,11535.0,196.0,4,100.0,False,0,car,4051.2516666666675,0.7556402149956014,OnTrack,1701.8869151986905,6304.216796154879,7263.574443101673
2026-09-12 14:59:22.475,0 days 01:13:19.945000,41,603.6711111111118,0 days 00:01:06.471000,11124.96,198.38,4,100.0,False,0,pos,4055.058147866716,0.7563502005776002,OnTrack,1720.0,6272.0,7263.0
2026-09-12 14:59:22.607,0 days 01:13:20.077000,41,601.3611111111127,0 days 00:01:06.603000,10329.0,203.0,5,100.0,False,0,car,4062.5294444444444,0.7577437482060385,OnTrack,1754.9016373816046,6209.633981663424,7262.145371765578
2026-09-12 14:59:22.767,0 days 01:13:20.237000,41,598.0722222222225,0 days 00:01:06.763000,10898.0,207.0,5,100.0,False,0,car,4071.729444444445,0.7594597339185925,OnTrack,1798.318309505839,6131.725176450275,7261.437102491298
2026-09-12 14:59:22.855,0 days 01:13:20.325000,41,594.8700002442699,0 days 00:01:06.851000,10989.25148290811,208.78307495337688,5,100.0,False,0,pos,4076.9184169316172,0.7604275820328122,OnTrack,1825.0,6084.0,7261.0
2026-09-12 14:59:23.606,0 days 01:13:21.076000,41,567.5419444444451,0 days 00:01:07.602000,11768.0,224.0,5,100.0,False,0,car,4123.93388888889,0.7691969166140785,OnTrack,2103.452542279882,5591.292151180231,7255.817940351761
2026-09-12 14:59:23.755,0 days 01:13:21.225000,41,561.913057973334,0 days 00:01:07.751000,11716.470855466667,224.0,5,74.54584426666666,False,0,pos,4133.2437886747975,0.7709334008551574,OnTrack,2138.0,5532.0,7255.0
2026-09-12 14:59:23.846,0 days 01:13:21.316000,41,558.4752777777785,0 days 00:01:07.842000,11685.0,224.0,5,59.0,False,0,car,4138.867222222223,0.7719822847272093,OnTrack,2152.967232754767,5507.017383570486,7254.580196474534
2026-09-12 14:59:24.035,0 days 01:13:21.505000,41,551.3352801955559,0 days 00:01:08.031000,11480.0531944,220.4562512,5,53.093752,False,0,pos,4150.347274551566,0.7741235462246574,OnTrack,2186.0,5460.0,7254.0
2026-09-12 14:59:24.166,0 days 01:13:21.636000,41,546.3863888888891,0 days 00:01:08.162000,11338.0,218.0,5,49.0,False,0,car,4158.245000000002,0.7755966314454386,OnTrack,2231.641897107312,5403.0823194610075,7253.953159428639
2026-09-12 14:59:24.295,0 days 01:13:21.765000,41,541.4413913422226,0 days 00:01:08.291000,11303.062517333334,217.46250026666667,5,46.31250133333333,False,0,pos,4166.033986992372,0.777049434749153,OnTrack,2285.0,5343.0,7254.0
2026-09-12 14:59:24.406,0 days 01:13:21.876000,41,537.1863888888893,0 days 00:01:08.402000,11273.0,217.0,5,44.0,False,0,car,4172.711666666668,0.7782949568050339,OnTrack,2332.2673273787295,5300.353916023294,7253.993453547782
2026-09-12 14:59:24.415,0 days 01:13:21.885000,41,536.8488912888893,0 days 00:01:08.411000,11273.38249728,216.93250048,5,44.62999552,False,0,pos,4173.250903570431,0.7783955353727011,OnTrack,2337.0,5297.0,7254.0
2026-09-12 14:59:24.755,0 days 01:13:22.225000,41,524.0988912888893,0 days 00:01:08.751000,11287.83249728,214.38250048,5,68.42999552,False,0,pos,4193.452945891833,0.7821636240670417,OnTrack,2592.0,5185.0,7255.0
2026-09-12 14:59:24.806,0 days 01:13:22.276000,41,522.1863888888893,0 days 00:01:08.802000,11290.0,214.0,5,72.0,False,0,car,4196.489444444446,0.7827299923423106,OnTrack,2619.8437670462026,5176.494656912069,7255.110377039565
2026-09-12 14:59:25.135,0 days 01:13:22.605000,41,510.2144446508836,0 days 00:01:09.131000,11367.46537262544,215.82271465001034,5,97.51800510014495,False,0,pos,4216.219536228291,0.7864100527345336,OnTrack,2738.0,5170.0,7256.0
2026-09-12 14:59:25.167,0 days 01:13:22.637000,41,509.0500000000002,0 days 00:01:09.163000,11375.0,216.0,5,100.0,False,0,car,4218.149444444445,0.7867700195742575,OnTrack,2754.7793502788295,5170.616062544841,7256.251445454679
2026-09-12 14:59:25.355,0 days 01:13:22.825000,41,502.62666666666627,0 days 00:01:09.351000,11398.5,217.56666666666666,5,100.0,False,0,pos,4229.523842778423,0.788891574468823,OnTrack,2874.0,5177.0,7258.0
2026-09-12 14:59:25.407,0 days 01:13:22.877000,41,500.84999999999945,0 days 00:01:09.403000,11405.0,218.0,5,100.0,False,0,car,4232.682777777779,0.7894807796129295,OnTrack,2907.339692338122,5180.61462098069,7258.283902824931
2026-09-12 14:59:25.635,0 days 01:13:23.105000,41,493.62999999999937,0 days 00:01:09.631000,11481.542857142857,219.62857142857143,5,100.0,False,0,pos,4246.60376233015,0.7920773242429892,OnTrack,3046.0,5203.0,7259.0
2026-09-12 14:59:25.687,0 days 01:13:23.157000,41,491.98333333333267,0 days 00:01:09.683000,11499.0,220.0,5,100.0,False,0,car,4249.79388888889,0.7926723472425584,OnTrack,3074.9246661715806,5207.836736981432,7259.396179684193
2026-09-12 14:59:25.855,0 days 01:13:23.325000,41,486.98999999999944,0 days 00:01:09.851000,11016.7,221.4,5,100.0,False,0,pos,4260.138665315731,0.7946018568673433,OnTrack,3180.0,5224.0,7261.0
2026-09-12 14:59:25.927,0 days 01:13:23.397000,41,484.84999999999945,0 days 00:01:09.923000,10810.0,222.0,5,100.0,False,0,car,4264.5938888888895,0.795432845997536,OnTrack,3246.4627922493455,5233.001211551719,7261.453713455666
2026-09-12 14:59:26.055,0 days 01:13:23.525000,41,481.25888888888824,0 days 00:01:10.051000,10343.44,223.28,5,100.0,False,0,pos,4272.549482150556,0.7969167247336131,OnTrack,3365.0,5248.0,7262.0
2026-09-12 14:59:26.127,0 days 01:13:23.597000,41,479.23888888888814,0 days 00:01:10.123000,10081.0,224.0,6,100.0,False,0,car,4277.038333333334,0.7977539860918116,OnTrack,3402.9532076739133,5252.156658492485,7262.299698189253
2026-09-12 14:59:26.295,0 days 01:13:23.765000,41,474.8988888888883,0 days 00:01:10.291000,10137.0,224.7,6,100.0,False,0,pos,4287.537556039412,0.7997123030653497,OnTrack,3451.0,5254.0,7263.0
2026-09-12 14:59:26.367,0 days 01:13:23.837000,41,473.0388888888883,0 days 00:01:10.363000,10161.0,225.0,6,100.0,False,0,car,4292.038333333334,0.8005517888840188,OnTrack,3485.298893480798,5254.7123426209855,7263.301742296279
2026-09-12 14:59:26.527,0 days 01:13:23.997000,41,469.17222222222244,0 days 00:01:10.523000,10207.0,225.0,6,100.0,False,0,car,4302.038333333334,0.8024169907454903,OnTrack,3593.6546203112907,5252.512777122458,7263.967421328663
2026-09-12 14:59:26.535,0 days 01:13:24.005000,41,468.99222222222244,0 days 00:01:10.531000,10208.2,225.05,6,100.0,False,0,pos,4302.539335382037,0.8025104377408746,OnTrack,3600.0,5252.0,7264.0
2026-09-12 14:59:26.687,0 days 01:13:24.157000,41,465.5722222222221,0 days 00:01:10.683000,10231.0,226.0,6,100.0,False,0,car,4312.082777777779,0.8042904823930128,OnTrack,3736.712274222232,5234.253083071227,7264.6048080508435
2026-09-12 14:59:26.876,0 days 01:13:24.346000,41,461.6872235377778,0 days 00:01:10.872000,10256.199991466667,226.5249998222222,6,100.0,False,0,pos,4324.004133608652,0.8065140559017138,OnTrack,3909.0,5199.0,7265.0
2026-09-12 14:59:27.047,0 days 01:13:24.517000,41,458.17222222222244,0 days 00:01:11.043000,10279.0,227.0,6,100.0,False,0,car,4334.782777777778,0.8085244906185529,OnTrack,4020.42355640496,5163.752592451069,7264.649004547863
2026-09-12 14:59:27.236,0 days 01:13:24.706000,41,454.5497234488892,0 days 00:01:11.232000,10295.5374944,226.4093752,6,100.0,False,0,pos,4346.6315646002395,0.8107345285422962,OnTrack,4108.0,5125.0,7264.0
2026-09-12 14:59:27.367,0 days 01:13:24.837000,41,452.03888888888923,0 days 00:01:11.363000,10307.0,226.0,6,100.0,False,0,car,4354.871666666667,0.8122714739135978,OnTrack,4156.271079113217,5100.845003772,7263.744771592771
2026-09-12 14:59:27.576,0 days 01:13:25.046000,41,446.58166833777796,0 days 00:01:11.572000,10316.1437472,227.9593744,6,100.0,False,0,pos,4368.1461445340665,0.8147474319964312,OnTrack,4236.0,5046.0,7263.0
2026-09-12 14:59:27.687,0 days 01:13:25.157000,41,443.6833333333334,0 days 00:01:11.683000,10321.0,229.0,6,100.0,False,0,car,4375.227222222223,0.8160681959249486,OnTrack,4296.3537884506395,4994.060654200767,7261.9665619026155
2026-09-12 14:59:27.876,0 days 01:13:25.346000,41,438.3283351466673,0 days 00:01:11.872000,10369.19498368,229.94499968,6,100.0,False,0,pos,4387.301250345665,0.8183202458980788,OnTrack,4407.0,4880.0,7260.0
2026-09-12 14:59:27.887,0 days 01:13:25.357000,41,438.01666666666733,0 days 00:01:11.883000,10372.0,230.0,6,100.0,False,0,car,4388.005,0.8184515094146065,OnTrack,4412.538692876573,4873.012523006232,7259.923815376019
2026-09-12 14:59:28.235,0 days 01:13:25.705000,41,427.383333333334,0 days 00:01:12.231000,10509.266666666666,230.96666666666667,6,100.0,False,0,pos,4410.333095044794,0.8226161498586728,OnTrack,4536.0,4656.0,7259.0
2026-09-12 14:59:28.247,0 days 01:13:25.717000,41,427.01666666666733,0 days 00:01:12.243000,10514.0,231.0,6,100.0,False,0,car,4411.1050000000005,0.8227601257146057,OnTrack,4538.7650455816965,4650.124842524789,7258.959073679971
2026-09-12 14:59:28.407,0 days 01:13:25.877000,41,421.9055555555551,0 days 00:01:12.403000,10577.0,232.0,6,100.0,False,0,car,4421.4161111111125,0.8246833560784341,OnTrack,4566.959764160068,4586.145238895908,7258.186248590563
2026-09-12 14:59:28.607,0 days 01:13:26.077000,41,415.1833333333343,0 days 00:01:12.603000,10677.0,234.0,6,100.0,False,0,car,4434.416111111112,0.8271081184983469,OnTrack,4592.739587982249,4502.810647330409,7257.129867225003
2026-09-12 14:59:28.655,0 days 01:13:26.125000,41,413.51666666666745,0 days 00:01:12.651000,10692.0,234.6,6,100.0,False,0,pos,4437.561886500605,0.8276948691095725,OnTrack,4601.0,4471.0,7257.0
2026-09-12 14:59:28.927,0 days 01:13:26.397000,41,404.0722222222221,0 days 00:01:12.923000,10777.0,238.0,6,100.0,False,0,car,4455.571666666668,0.8310540566586154,OnTrack,4657.552665729477,4230.524031071348,7256.996613852644
2026-09-12 14:59:28.935,0 days 01:13:26.405000,41,403.7966666666665,0 days 00:01:12.931000,10781.5,238.15,6,100.0,False,0,pos,4456.10524494176,0.8311535797778098,OnTrack,4659.0,4224.0,7257.0
2026-09-12 14:59:29.087,0 days 01:13:26.557000,41,398.56111111111113,0 days 00:01:13.083000,10867.0,241.0,6,100.0,False,0,car,4466.282777777778,0.8330518950969026,OnTrack,4681.7503721689645,4116.81045070075,7257.023034392044
2026-09-12 14:59:29.247,0 days 01:13:26.717000,41,393.0055555555555,0 days 00:01:13.243000,10951.0,243.0,6,100.0,False,0,car,4477.082777777779,0.8350663131072918,OnTrack,4699.852347786981,4018.6487555512285,7257.002293533364
2026-09-12 14:59:29.275,0 days 01:13:26.745000,41,392.072222222222,0 days 00:01:13.271000,10966.866666666667,243.35,6,100.0,False,0,pos,4478.984374858684,0.8354209993487992,OnTrack,4703.0,4000.0,7257.0
2026-09-12 14:59:29.487,0 days 01:13:26.957000,41,385.00555555555457,0 days 00:01:13.483000,11087.0,246.0,6,100.0,False,0,car,4493.482777777779,0.8381252441601051,OnTrack,4726.71029365366,3844.40168829368,7256.996476121139
2026-09-12 14:59:29.655,0 days 01:13:27.125000,41,379.9655562903156,0 days 00:01:13.651000,11131.009105201407,247.14806361394972,6,100.0,False,0,pos,4505.046606537057,0.8402821316528594,OnTrack,4743.0,3728.0,7257.0
2026-09-12 14:59:29.926,0 days 01:13:27.396000,41,371.8355555555554,0 days 00:01:13.922000,11202.0,249.0,6,100.0,False,0,car,4523.846944444445,0.8437887741789747,OnTrack,4761.123927742386,3590.716911638623,7257.000501510504
2026-09-12 14:59:30.086,0 days 01:13:27.556000,41,367.30222222222255,0 days 00:01:14.082000,11233.0,252.0,6,100.0,False,0,car,4535.046944444445,0.8458778002638226,OnTrack,4771.327825311752,3509.3237998419104,7256.999967557083
2026-09-12 14:59:30.135,0 days 01:13:27.605000,41,365.98194616888895,0 days 00:01:14.131000,11246.6791488,252.2041664,6,100.0,False,0,pos,4538.486302131942,0.846519309899921,OnTrack,4775.0,3480.0,7257.0
2026-09-12 14:59:30.326,0 days 01:13:27.796000,41,360.8355555555545,0 days 00:01:14.322000,11300.0,253.0,6,100.0,False,0,car,4551.913611111113,0.8490237740701714,OnTrack,4791.411238664153,3348.2203675578558,7257.000310605495
2026-09-12 14:59:30.355,0 days 01:13:27.825000,41,360.1347237688878,0 days 00:01:14.351000,11305.7999872,253.0,6,100.0,False,0,pos,4553.951604649229,0.8494039010042674,OnTrack,4794.0,3327.0,7257.0
2026-09-12 14:59:30.486,0 days 01:13:27.956000,41,356.9688888888877,0 days 00:01:14.482000,11332.0,253.0,6,100.0,False,0,car,4563.158055555557,0.8511210899410704,OnTrack,4805.67657193146,3229.6499382773586,7256.997859401227
2026-09-12 14:59:30.535,0 days 01:13:28.005000,41,355.90722360888776,0 days 00:01:14.531000,11338.5333248,253.2041664,6,100.0,False,0,pos,4566.605950358048,0.8517641919214469,OnTrack,4810.0,3194.0,7257.0
2026-09-12 14:59:30.675,0 days 01:13:28.145000,41,352.8738902755545,0 days 00:01:14.671000,11357.199991466667,253.78749973333333,6,100.0,False,0,pos,4576.478656954756,0.853605650993641,OnTrack,4822.0,3097.0,7257.0
2026-09-12 14:59:30.726,0 days 01:13:28.196000,41,351.7688888888879,0 days 00:01:14.722000,11364.0,254.0,6,100.0,False,0,car,4580.091388888891,0.8542794984264954,OnTrack,4826.047604748725,3063.551446793813,7256.9716903232475
2026-09-12 14:59:30.975,0 days 01:13:28.445000,41,347.6188899555538,0 days 00:01:14.971000,11405.70748928,254.62249984,6,100.0,False,0,pos,4597.852631855552,0.8575923287708417,OnTrack,4847.0,2886.0,7257.0
2026-09-12 14:59:31.126,0 days 01:13:28.596000,41,345.10222222222,0 days 00:01:15.122000,11431.0,255.0,6,100.0,False,0,car,4608.424722222225,0.859564237033998,OnTrack,4866.694194045009,2725.4567707533674,7257.785514865626
2026-09-12 14:59:31.175,0 days 01:13:28.645000,41,344.8708336047657,0 days 00:01:15.171000,11285.528237176315,252.55509642313135,6,90.11851471015581,False,0,pos,4611.788853771203,0.8601917154767369,OnTrack,4873.0,2676.0,7258.0
2026-09-12 14:59:31.607,0 days 01:13:29.077000,41,342.8308333333316,0 days 00:01:15.603000,10003.0,231.0,6,3.0,True,0,car,4639.288888888891,0.8653210271459412,OnTrack,4916.200388277193,2389.674408490061,7257.990098412083
2026-09-12 14:59:31.615,0 days 01:13:29.085000,41,342.9397222222205,0 days 00:01:15.611000,10011.6,229.92,6,3.06,True,0,pos,4639.737489880072,0.8654047002863219,OnTrack,4917.0,2385.0,7258.0
2026-09-12 14:59:31.955,0 days 01:13:29.425000,41,347.5674999999974,0 days 00:01:15.951000,10377.1,184.02,6,5.609999999999999,True,0,pos,4656.649472867024,0.8685591265011655,OnTrack,4950.0,2199.0,7259.0
2026-09-12 14:59:32.007,0 days 01:13:29.477000,41,348.27527777777505,0 days 00:01:16.003000,10433.0,177.0,6,6.0,True,0,car,4658.955555555558,0.8689892574735018,OnTrack,4953.2202643265855,2181.2574261036175,7259.083999912717
2026-09-12 14:59:32.255,0 days 01:13:29.725000,41,354.3374999999979,0 days 00:01:16.251000,10295.825,152.975,6,5.225,True,0,pos,4669.146147886657,0.8708900086520478,OnTrack,4965.0,2120.0,7259.0
2026-09-12 14:59:32.327,0 days 01:13:29.797000,41,356.09749999999804,0 days 00:01:16.323000,10256.0,146.0,6,5.0,True,0,car,4671.933333333335,0.871409875000389,OnTrack,4970.572638344997,2092.785172422401,7258.834275352713
2026-09-12 14:59:32.527,0 days 01:13:29.997000,41,361.98638888888763,0 days 00:01:16.523000,11163.0,133.0,4,5.0,True,0,car,4679.322222222224,0.8727880519313651,OnTrack,4991.506575098212,1996.7012356108548,7258.150908019271
2026-09-12 14:59:32.575,0 days 01:13:30.045000,41,363.6397222222207,0 days 00:01:16.571000,10879.8,129.64,4,5.24,True,0,pos,4680.979283575662,0.8730971273234656,OnTrack,4997.0,1975.0,7258.0
2026-09-12 14:59:32.727,0 days 01:13:30.197000,41,368.8752777777754,0 days 00:01:16.723000,9983.0,119.0,2,6.0,True,0,car,4685.933333333335,0.874021157606449,OnTrack,5015.123403891891,1913.5478353563292,7257.59582418955
2026-09-12 14:59:32.887,0 days 01:13:30.357000,41,374.919722222221,0 days 00:01:16.883000,9713.0,109.0,2,5.0,True,0,car,4690.777777777779,0.8749247442860063,OnTrack,5033.1763850519965,1863.2357732574446,7257.209101822381
2026-09-12 14:59:32.955,0 days 01:13:30.425000,41,377.07305555555445,0 days 00:01:16.951000,9937.211111111112,106.73333333333333,2,5.0,True,0,pos,4692.725102164217,0.8752879595930534,OnTrack,5039.0,1848.0,7257.0
2026-09-12 14:59:33.247,0 days 01:13:30.717000,41,386.31972222222157,0 days 00:01:17.243000,10900.0,97.0,1,5.0,True,0,car,4700.477777777779,0.8767339900916336,OnTrack,5057.147359831079,1811.39625161235,7256.01476829932
2026-09-12 14:59:33.256,0 days 01:13:30.726000,41,386.549720586666,0 days 00:01:17.252000,10863.156512,96.7750016,1,5.0281248,True,0,pos,4700.7077565122245,0.8767768857679922,OnTrack,5058.0,1810.0,7256.0
2026-09-12 14:59:33.516,0 days 01:13:30.986000,41,393.19416503110983,0 days 00:01:17.512000,9798.781512,90.2750016,1,5.8406248,True,0,pos,4707.164873346017,0.877981268401805,OnTrack,5097.0,1757.0,7256.0
2026-09-12 14:59:33.567,0 days 01:13:31.037000,41,394.4974999999986,0 days 00:01:17.563000,9590.0,89.0,1,6.0,True,0,car,4708.3888888888905,0.8782095720087089,OnTrack,5108.489711613638,1747.0545570713828,7255.998137179164
2026-09-12 14:59:33.876,0 days 01:13:31.346000,41,400.50583208888753,0 days 00:01:17.872000,9479.743204654545,84.78636450909092,1,13.022725818181819,True,0,pos,4715.532713191728,0.8795420394474766,OnTrack,5190.0,1703.0,7256.0
2026-09-12 14:59:34.007,0 days 01:13:31.477000,41,403.05305555555424,0 days 00:01:18.003000,9433.0,83.0,1,16.0,False,0,car,4718.533333333335,0.880101715674846,OnTrack,5213.421104318341,1697.0754653263846,7256.3094242575235
2026-09-12 14:59:34.256,0 days 01:13:31.726000,41,406.58055464888764,0 days 00:01:18.252000,9636.349947733333,83.51874986666667,1,30.524996266666665,False,0,pos,4724.3061949426665,0.8811784708968203,OnTrack,5248.0,1701.0,7257.0
2026-09-12 14:59:34.456,0 days 01:13:31.926000,41,409.41388798222107,0 days 00:01:18.452000,9799.683281066667,83.93541653333334,1,42.19166293333333,False,0,pos,4729.001518871225,0.8820542435899963,OnTrack,5291.0,1712.0,7257.0
2026-09-12 14:59:34.487,0 days 01:13:31.957000,41,409.8530555555544,0 days 00:01:18.483000,9825.0,84.0,1,44.0,False,0,car,4729.7333333333345,0.8821907417596939,OnTrack,5300.802687356014,1716.2187075603943,7256.99584405761
2026-09-12 14:59:34.636,0 days 01:13:32.106000,41,411.63277701333203,0 days 00:01:18.632000,10260.07981312,85.48999936,1,49.95999744,False,0,pos,4733.273165819458,0.8828509919739351,OnTrack,5352.0,1742.0,7257.0
2026-09-12 14:59:34.687,0 days 01:13:32.157000,41,412.2419444444431,0 days 00:01:18.683000,10409.0,86.0,1,52.0,False,0,car,4734.511111111113,0.8830818937601748,OnTrack,5363.8427822242,1748.3504466839156,7257.001512480332
2026-09-12 14:59:34.887,0 days 01:13:32.357000,41,414.1308333333318,0 days 00:01:18.883000,10953.0,91.0,1,55.0,False,0,car,4739.566666666668,0.8840248569234743,OnTrack,5386.269047554451,1762.7170661902494,7257.000573865058
2026-09-12 14:59:34.955,0 days 01:13:32.425000,41,414.5652777777763,0 days 00:01:18.951000,10839.585714285715,93.18571428571428,1,57.91428571428571,False,0,pos,4741.381080864223,0.8843632817973501,OnTrack,5400.0,1772.0,7257.0
2026-09-12 14:59:35.167,0 days 01:13:32.637000,41,415.919722222221,0 days 00:01:19.163000,10486.0,100.0,1,67.0,False,0,car,4747.344444444446,0.8854755694823965,OnTrack,5475.417295006755,1821.8771666705234,7256.999858533575
2026-09-12 14:59:35.255,0 days 01:13:32.725000,41,416.310833333332,0 days 00:01:19.251000,10304.28,103.52,1,73.6,False,0,pos,4749.934911736452,0.8859587439239096,OnTrack,5503.0,1840.0,7257.0
2026-09-12 14:59:35.367,0 days 01:13:32.837000,41,416.8086111111097,0 days 00:01:19.363000,10073.0,108.0,2,82.0,False,0,car,4753.344444444446,0.8865946905992793,OnTrack,5525.5383062487335,1854.736497028904,7257.000074966542
2026-09-12 14:59:35.615,0 days 01:13:33.085000,41,417.7041666666654,0 days 00:01:19.611000,10769.466666666667,116.26666666666667,2,94.4,False,0,pos,4761.431701290054,0.8881031272515418,OnTrack,5565.0,1870.0,7257.0
2026-09-12 14:59:35.727,0 days 01:13:33.197000,41,418.1086111111099,0 days 00:01:19.723000,11084.0,120.0,2,100.0,False,0,car,4765.344444444446,0.8888329328330451,OnTrack,5606.980183110563,1880.5797063262,7256.999986872342
2026-09-12 14:59:35.915,0 days 01:13:33.385000,41,418.42194444444345,0 days 00:01:19.911000,11280.225,128.8125,2,100.0,False,0,pos,4772.28831283998,0.8901281044587612,OnTrack,5699.0,1900.0,7257.0
2026-09-12 14:59:36.047,0 days 01:13:33.517000,41,418.64194444444365,0 days 00:01:20.043000,11418.0,135.0,2,100.0,False,0,car,4777.344444444446,0.8910711750668109,OnTrack,5762.618981871316,1909.547306438746,7257.000024863286
2026-09-12 14:59:36.247,0 days 01:13:33.717000,41,418.9752777777776,0 days 00:01:20.243000,10497.0,141.0,3,100.0,False,0,car,4785.177777777779,0.8925322498582967,OnTrack,5856.1409213754005,1919.5452470389187,7257.000027507825
2026-09-12 14:59:36.295,0 days 01:13:33.765000,41,419.1486111111109,0 days 00:01:20.291000,10566.771428571428,142.02857142857144,3,100.0,False,0,pos,4787.095694757273,0.8928899800903266,OnTrack,5878.0,1922.0,7257.0
2026-09-12 14:59:36.527,0 days 01:13:33.997000,41,419.98638888888854,0 days 00:01:20.523000,10904.0,147.0,3,100.0,False,0,car,4796.611111111112,0.8946647973199124,OnTrack,5980.38547535867,1934.6638703913818,7256.999702984807
2026-09-12 14:59:36.735,0 days 01:13:34.205000,41,421.08416647096175,0 days 00:01:20.731000,11304.356474588261,152.79387083340464,3,100.0,False,0,pos,4805.563409429145,0.8963345816686369,OnTrack,6059.0,1945.0,7257.0
2026-09-12 14:59:36.886,0 days 01:13:34.356000,41,421.88111111110993,0 days 00:01:20.882000,11595.0,157.0,3,100.0,False,0,car,4812.267500000002,0.8975850298898602,OnTrack,6103.664785627773,1950.7511369957886,7257.000975353302
2026-09-12 14:59:37.055,0 days 01:13:34.525000,41,422.9608329244437,0 days 00:01:21.051000,11480.08004352,160.37999872,3,19.725030399999998,False,0,pos,4819.864914175066,0.8990021009960301,OnTrack,6155.0,1957.0,7257.0
2026-09-12 14:59:37.086,0 days 01:13:34.556000,41,423.1588888888882,0 days 00:01:21.082000,11459.0,161.0,3,5.0,True,0,car,4821.211944444446,0.8992533493326208,OnTrack,6166.313182251243,1958.3228333056338,7256.999225464489
2026-09-12 14:59:37.335,0 days 01:13:34.805000,41,426.3405547377769,0 days 00:01:21.331000,10422.982409142856,147.6607177142857,3,4.110714514285714,True,0,pos,4831.33743225605,0.901141957204072,OnTrack,6276.0,1969.0,7257.0
2026-09-12 14:59:37.366,0 days 01:13:34.836000,41,426.73666666666577,0 days 00:01:21.362000,10294.0,146.0,3,4.0,True,0,car,4832.567500000002,0.9013713896686474,OnTrack,6291.366716237978,1969.8635368467233,7257.004297955955
2026-09-12 14:59:37.526,0 days 01:13:34.996000,41,429.2699999999986,0 days 00:01:21.522000,10858.0,141.0,3,5.0,True,0,car,4838.834166666669,0.9025402495018362,OnTrack,6374.291117343882,1972.180055773983,7257.034183573208
2026-09-12 14:59:37.615,0 days 01:13:35.085000,41,431.27249855999855,0 days 00:01:21.611000,10876.9124864,136.5500032,3,6.6687488,True,0,pos,4842.0960415606505,0.9031486550142502,OnTrack,6414.0,1972.0,7257.0
2026-09-12 14:59:37.846,0 days 01:13:35.316000,41,436.46999999999844,0 days 00:01:21.842000,10926.0,125.0,2,11.0,True,0,car,4849.945277777781,0.9046126960145824,OnTrack,6481.722386581564,1966.6825878352922,7256.671085232363
2026-09-12 14:59:38.015,0 days 01:13:35.485000,41,440.9297213239751,0 days 00:01:22.011000,10774.321360189937,122.19113629981364,2,13.808863700186363,True,0,pos,4855.550592286838,0.9056582003202249,OnTrack,6524.0,1955.0,7257.0
2026-09-12 14:59:38.207,0 days 01:13:35.677000,41,445.99638888888785,0 days 00:01:22.203000,10602.0,119.0,2,17.0,False,0,car,4861.878333333336,0.9068384517581087,OnTrack,6581.714127604234,1931.2144031812925,7258.010770084975
2026-09-12 14:59:38.215,0 days 01:13:35.685000,41,446.22527777777674,0 days 00:01:22.211000,10612.044444444444,119.02222222222223,2,17.844444444444445,False,0,pos,4862.1426169045435,0.906887745979006,OnTrack,6584.0,1930.0,7258.0
2026-09-12 14:59:38.375,0 days 01:13:35.845000,41,450.8030555555546,0 days 00:01:22.371000,10812.933333333332,119.46666666666667,2,34.733333333333334,False,0,pos,4867.439005133438,0.9078756292973669,OnTrack,6626.0,1902.0,7257.0
2026-09-12 14:59:38.495,0 days 01:13:35.965000,41,454.236388888888,0 days 00:01:22.491000,10963.6,119.8,2,47.4,False,0,pos,4871.445110508855,0.9086228488177148,OnTrack,6655.0,1876.0,7257.0
2026-09-12 14:59:38.567,0 days 01:13:36.037000,41,456.29638888888803,0 days 00:01:22.563000,11054.0,120.0,2,55.0,False,0,car,4873.878333333336,0.9090766939918745,OnTrack,6671.173168839228,1858.1857980129173,7257.026406075367
2026-09-12 14:59:38.695,0 days 01:13:36.165000,41,459.6741666666661,0 days 00:01:22.691000,11275.866666666667,122.13333333333334,2,56.06666666666667,False,0,pos,4878.259060616779,0.909893788060242,OnTrack,6697.0,1824.0,7257.0
2026-09-12 14:59:38.807,0 days 01:13:36.277000,41,462.629722222222,0 days 00:01:22.803000,11470.0,124.0,2,57.0,False,0,car,4882.145000000002,0.9106185941973575,OnTrack,6715.757530657425,1794.0102463149396,7256.992833664265
2026-09-12 14:59:38.967,0 days 01:13:36.437000,41,466.629722222222,0 days 00:01:22.963000,10846.0,127.0,2,62.0,False,0,car,4887.789444444446,0.9116713970258324,OnTrack,6741.514019993305,1740.479426044078,7256.9997896638315
2026-09-12 14:59:38.975,0 days 01:13:36.445000,41,466.8074999999997,0 days 00:01:22.971000,10828.6,127.2,2,62.5,False,0,pos,4888.076441098744,0.9117249276952156,OnTrack,6743.0,1737.0,7257.0
2026-09-12 14:59:39.207,0 days 01:13:36.677000,41,471.963055555555,0 days 00:01:23.203000,10324.0,133.0,3,77.0,False,0,car,4896.656111111113,0.9133252093430039,OnTrack,6790.210830942674,1615.393943524063,7257.000257097546
2026-09-12 14:59:39.255,0 days 01:13:36.725000,41,472.85638888888843,0 days 00:01:23.251000,10567.6,134.88571428571427,3,78.54285714285714,False,0,pos,4898.507777751001,0.9136705825493583,OnTrack,6797.0,1597.0,7257.0
2026-09-12 14:59:39.487,0 days 01:13:36.957000,41,477.1741666666667,0 days 00:01:23.483000,11745.0,144.0,3,86.0,False,0,car,4907.856111111113,0.9154142354278518,OnTrack,6811.613054083778,1552.259743989745,7256.999961099433
2026-09-12 14:59:39.515,0 days 01:13:36.985000,41,477.5786111111111,0 days 00:01:23.511000,11681.455555555556,145.0888888888889,3,85.92222222222222,False,0,pos,4909.029803686645,0.9156331527855194,OnTrack,6814.0,1544.0,7257.0
2026-09-12 14:59:39.816,0 days 01:13:37.286000,41,481.9263879644443,0 days 00:01:23.812000,10998.352923022223,156.79444195555556,3,85.08611128888889,False,0,pos,4922.240675349197,0.9180972470271846,OnTrack,6855.0,1401.0,7257.0
2026-09-12 14:59:39.847,0 days 01:13:37.317000,41,482.3741666666665,0 days 00:01:23.843000,10928.0,158.0,3,85.0,False,0,car,4923.656111111113,0.9183612543689768,OnTrack,6858.027151595729,1390.0120028336837,7256.999860163747
2026-09-12 14:59:40.047,0 days 01:13:37.517000,41,484.6519444444448,0 days 00:01:24.043000,10962.0,169.0,4,100.0,False,0,car,4933.045000000002,0.9201124716722472,OnTrack,6869.6566362473595,1343.9209653650412,7256.998956280302
2026-09-12 14:59:40.116,0 days 01:13:37.586000,41,485.2461105600008,0 days 00:01:24.112000,11105.1748672,172.4499968,4,100.0,False,0,pos,4936.413993972574,0.92074085705514,OnTrack,6875.0,1322.0,7257.0
2026-09-12 14:59:40.247,0 days 01:13:37.717000,41,486.3741666666683,0 days 00:01:24.243000,11377.0,179.0,4,100.0,False,0,car,4942.989444444445,0.9219673113011547,OnTrack,6889.633815609687,1262.5242750944735,7257.003906734662
2026-09-12 14:59:40.316,0 days 01:13:37.786000,41,486.77666629333487,0 days 00:01:24.312000,11551.799837866667,181.87499733333334,4,100.0,False,0,pos,4946.5346610644365,0.9226285657650474,OnTrack,6898.0,1227.0,7257.0
2026-09-12 14:59:40.487,0 days 01:13:37.957000,41,487.77416666666795,0 days 00:01:24.483000,11985.0,189.0,4,100.0,False,0,car,4955.589444444446,0.9243174656466088,OnTrack,6917.358662193111,1136.6799437295322,7256.959496743665
2026-09-12 14:59:40.636,0 days 01:13:38.106000,41,488.1052776355569,0 days 00:01:24.632000,11316.096715885715,195.91785417142856,4,100.0,False,0,pos,4963.846653623674,0.9258576018397742,OnTrack,6932.0,1063.0,7257.0
2026-09-12 14:59:40.767,0 days 01:13:38.237000,41,488.3963888888902,0 days 00:01:24.763000,10728.0,202.0,4,100.0,False,0,car,4971.3005555555565,0.9272479050156317,OnTrack,6942.780901353441,1007.0015868395237,7257.166399307431
2026-09-12 14:59:40.876,0 days 01:13:38.346000,41,488.4569444088908,0 days 00:01:24.872000,10857.16492416,205.81499776,4,100.0,False,0,pos,4977.583186653339,0.9284197425374838,OnTrack,6956.0,932.0,7257.0
2026-09-12 14:59:40.967,0 days 01:13:38.437000,41,488.50750000000244,0 days 00:01:24.963000,10965.0,209.0,5,100.0,False,0,car,4982.911666666667,0.9294136116214512,OnTrack,6973.285215288145,829.7420780463598,7256.4192032519795
2026-09-12 14:59:41.036,0 days 01:13:38.506000,41,488.3350001600022,0 days 00:01:25.032000,11073.4592744,211.156248,5,100.0,False,0,pos,4987.016610009531,0.9301792664178857,OnTrack,6985.0,760.0,7256.0
2026-09-12 14:59:41.287,0 days 01:13:38.757000,41,487.70750000000135,0 days 00:01:25.283000,11468.0,219.0,5,100.0,False,0,car,5002.378333333334,0.9330445379117824,OnTrack,6997.112208173413,688.6139659842108,7255.973486005858
2026-09-12 14:59:41.316,0 days 01:13:38.786000,41,487.5625003200014,0 days 00:01:25.312000,11511.661014755555,219.8055537777778,5,100.0,False,0,pos,5004.189202356566,0.9333823015390837,OnTrack,6999.0,677.0,7256.0
2026-09-12 14:59:41.575,0 days 01:13:39.045000,41,486.2675000000019,0 days 00:01:25.571000,11901.6,227.0,5,100.0,False,0,pos,5020.647990302531,0.9364521977305216,OnTrack,7030.0,484.0,7256.0
2026-09-12 14:59:41.647,0 days 01:13:39.117000,41,485.9075000000021,0 days 00:01:25.643000,12010.0,229.0,5,100.0,False,0,car,5025.278333333334,0.937315850174552,OnTrack,7037.8104226211535,434.7769478092177,7255.958615293813
2026-09-12 14:59:41.775,0 days 01:13:39.245000,41,485.1252777777806,0 days 00:01:25.771000,12141.2,231.66666666666666,5,100.0,False,0,pos,5033.551262920223,0.9388589185410808,OnTrack,7050.0,359.0,7256.0
2026-09-12 14:59:41.887,0 days 01:13:39.357000,41,484.44083333333674,0 days 00:01:25.883000,12256.0,234.0,5,100.0,False,0,car,5040.878333333333,0.9402255650784473,OnTrack,7060.615480861365,297.2044756632299,7256.387597358065
2026-09-12 14:59:42.095,0 days 01:13:39.565000,41,482.7075000000036,0 days 00:01:26.091000,12452.857142857143,239.2,5,100.0,False,0,pos,5054.780289772855,0.9428185605813566,OnTrack,7087.0,154.0,7257.0
2026-09-12 14:59:42.167,0 days 01:13:39.637000,41,482.1075000000037,0 days 00:01:26.163000,12521.0,241.0,5,100.0,False,0,car,5059.622777777778,0.94372178234545,OnTrack,7101.14965381249,78.23762454580613,7256.724860000987
2026-09-12 14:59:42.295,0 days 01:13:39.765000,41,481.0408333333373,0 days 00:01:26.291000,12610.6,241.0,5,100.0,False,0,pos,5068.211760503608,0.9453238010022864,OnTrack,7126.0,-55.0,7256.0
2026-09-12 14:59:42.327,0 days 01:13:39.797000,41,480.7741666666707,0 days 00:01:26.323000,12633.0,241.0,5,100.0,False,0,car,5070.333888888888,0.9457196207837371,OnTrack,7130.123517864368,-77.42155151170104,7255.89518210055
2026-09-12 14:59:42.567,0 days 01:13:40.037000,41,479.50750000000335,0 days 00:01:26.563000,11827.0,230.0,5,4.0,True,0,car,5085.667222222222,0.9485795969713268,OnTrack,7142.545062026259,-156.47834605081206,7255.983081559994
2026-09-12 14:59:42.575,0 days 01:13:40.045000,41,479.51638888889227,0 days 00:01:26.571000,11787.8,229.08,5,4.0,True,0,pos,5086.15163515395,0.9486699497615249,OnTrack,7143.0,-160.0,7256.0
2026-09-12 14:59:42.767,0 days 01:13:40.237000,41,479.729722222226,0 days 00:01:26.763000,10847.0,207.0,5,4.0,True,0,car,5097.167222222222,0.9507245791120189,OnTrack,7158.9304828259865,-286.76940890194476,7256.586256199766
2026-09-12 14:59:42.935,0 days 01:13:40.405000,41,481.1297222222258,0 days 00:01:26.931000,10810.4,190.8,5,5.2,True,0,pos,5105.794322904943,0.9523337075372703,OnTrack,7172.0,-400.0,7257.0
2026-09-12 14:59:43.047,0 days 01:13:40.517000,41,482.063055555559,0 days 00:01:27.043000,10786.0,180.0,5,6.0,True,0,car,5111.167222222222,0.953335861718079,OnTrack,7176.22412670281,-447.08554944263693,7257.047871147464
2026-09-12 14:59:43.175,0 days 01:13:40.645000,41,483.84083307416205,0 days 00:01:27.171000,10902.920256303198,173.5854223474555,5,6.0,True,0,pos,5117.045573133196,0.9544322928242323,OnTrack,7179.0,-490.0,7257.0
2026-09-12 14:59:43.475,0 days 01:13:40.945000,41,488.0074991333879,0 days 00:01:27.471000,11176.952107013816,158.55125597430435,5,6.0,True,0,pos,5129.97212862416,0.9568433563606482,OnTrack,7185.0,-628.0,7257.0
2026-09-12 14:59:43.486,0 days 01:13:40.956000,41,488.16027777778163,0 days 00:01:27.482000,11187.0,158.0,4,6.0,True,0,car,5130.434444444444,0.9569295875935062,OnTrack,7184.939458530382,-634.32561800677,7257.000391075766
2026-09-12 14:59:43.726,0 days 01:13:41.196000,41,492.0269444444484,0 days 00:01:27.722000,10424.0,148.0,3,8.0,True,0,car,5140.301111111111,0.9587699200968247,OnTrack,7178.318991851731,-778.7602680355277,7257.000070028029
2026-09-12 14:59:43.735,0 days 01:13:41.205000,41,492.18694330667057,0 days 00:01:27.731000,10406.6751232,147.6625024,3,8.262498133333333,True,0,pos,5140.659255394106,0.9588367212351566,OnTrack,7178.0,-783.0,7257.0
2026-09-12 14:59:43.966,0 days 01:13:41.436000,41,496.29361111111393,0 days 00:01:27.962000,9962.0,139.0,3,15.0,True,0,car,5149.567777777778,0.9604983404884551,OnTrack,7169.323115761939,-847.875163480629,7256.999786995706
2026-09-12 14:59:44.135,0 days 01:13:41.605000,41,499.29805441778086,0 days 00:01:28.131000,9868.111146666666,136.65277866666668,3,17.8166656,True,0,pos,5155.885263783472,0.961676679154219,OnTrack,7156.0,-885.0,7257.0
2026-09-12 14:59:44.326,0 days 01:13:41.796000,41,502.6936111111145,0 days 00:01:28.322000,9762.0,134.0,3,21.0,False,0,car,5162.967777777778,0.9629977109828268,OnTrack,7129.0276908921305,-947.6361484975947,7256.999805322076
2026-09-12 14:59:44.355,0 days 01:13:41.825000,41,503.1286102142436,0 days 00:01:28.351000,9799.482915915887,134.13151900321364,3,23.498861061059202,False,0,pos,5164.049549976918,0.9631994833347791,OnTrack,7124.0,-957.0,7257.0
2026-09-12 14:59:44.575,0 days 01:13:42.045000,41,506.42861069315563,0 days 00:01:28.571000,10083.836698679248,135.12925157431314,3,42.45577991194992,False,0,pos,5172.312202667928,0.9647406348527757,OnTrack,7078.0,-1020.0,7257.0
2026-09-12 14:59:44.675,0 days 01:13:42.145000,41,507.9286109108429,0 days 00:01:28.671000,10213.08841811714,135.5827663793584,3,51.072561207809336,False,0,pos,5176.1083325958125,0.9654486897135633,OnTrack,7052.0,-1046.0,7257.0
2026-09-12 14:59:44.767,0 days 01:13:42.237000,41,509.30861111111517,0 days 00:01:28.763000,10332.0,136.0,3,59.0,False,0,car,5179.627777777778,0.9661051372840382,OnTrack,7027.2473218718,-1066.8772959241205,7257.043799224731
2026-09-12 14:59:44.935,0 days 01:13:42.405000,41,510.9886111111149,0 days 00:01:28.931000,10630.9,138.8,3,65.3,False,0,pos,5186.126227475524,0.9673172293313299,OnTrack,6971.0,-1099.0,7257.0
2026-09-12 14:59:45.007,0 days 01:13:42.477000,41,511.7086111111148,0 days 00:01:29.003000,10759.0,140.0,3,68.0,False,0,car,5188.961111111111,0.9678459923547449,OnTrack,6936.711056121245,-1111.7632692998984,7256.784483901018
2026-09-12 14:59:45.195,0 days 01:13:42.665000,41,512.7530555555597,0 days 00:01:29.191000,11015.15,144.7,3,68.78333333333333,False,0,pos,5196.544731522191,0.9692604906454889,OnTrack,6832.0,-1141.0,7256.0
2026-09-12 14:59:45.247,0 days 01:13:42.717000,41,513.0419444444487,0 days 00:01:29.243000,11086.0,146.0,3,69.0,False,0,car,5198.694444444444,0.9696614554999105,OnTrack,6805.4315626949765,-1147.4042551283076,7255.8808167874695
2026-09-12 14:59:45.567,0 days 01:13:43.037000,41,512.5975000000044,0 days 00:01:29.563000,9966.0,154.0,4,76.0,False,0,car,5212.383333333333,0.9722147096036136,OnTrack,6674.219525743207,-1172.4396004553143,7255.9753790997365
2026-09-12 14:59:45.615,0 days 01:13:43.085000,41,512.1708333333377,0 days 00:01:29.611000,10081.733333333334,154.93333333333334,4,77.46666666666667,False,0,pos,5214.478549222546,0.9726055096612878,OnTrack,6660.0,-1175.0,7256.0
2026-09-12 14:59:45.927,0 days 01:13:43.397000,41,509.3975000000037,0 days 00:01:29.923000,10834.0,161.0,4,87.0,False,0,car,5228.483333333334,0.9752176846005827,OnTrack,6578.123449266842,-1190.5782109475026,7256.002129153072
2026-09-12 14:59:45.955,0 days 01:13:43.425000,41,508.90750000000367,0 days 00:01:29.951000,10820.155555555555,162.24444444444444,4,88.0111111111111,False,0,pos,5229.802429444846,0.975463722652848,OnTrack,6565.0,-1193.0,7256.0
2026-09-12 14:59:46.235,0 days 01:13:43.705000,41,504.0075000000035,0 days 00:01:30.231000,10681.711111111112,174.6888888888889,4,98.12222222222222,False,0,pos,5243.560455124787,0.9780298721636876,OnTrack,6387.0,-1225.0,7256.0
2026-09-12 14:59:46.287,0 days 01:13:43.757000,41,503.0975000000035,0 days 00:01:30.283000,10656.0,177.0,4,100.0,False,0,car,5246.183333333333,0.9785190918953871,OnTrack,6362.194973819533,-1229.2797052978217,7256.000544638346
2026-09-12 14:59:46.527,0 days 01:13:43.997000,41,497.8975000000037,0 days 00:01:30.523000,9783.0,185.0,5,100.0,False,0,car,5258.516666666666,0.9808195075245353,OnTrack,6288.9721035179755,-1240.9215431687578,7256.000226365305
2026-09-12 14:59:46.616,0 days 01:13:44.086000,41,495.67250160000316,0 days 00:01:30.612000,9999.3810944,188.8937472,5,100.0,False,0,pos,5263.228515856967,0.9816983625126073,OnTrack,6246.0,-1248.0,7256.0
2026-09-12 14:59:46.687,0 days 01:13:44.157000,41,493.89750000000276,0 days 00:01:30.683000,10172.0,192.0,5,100.0,False,0,car,5267.05,0.9824111464463243,OnTrack,6200.474305364681,-1255.6683104194792,7255.9999434559995
2026-09-12 14:59:46.816,0 days 01:13:44.286000,41,490.17083518222535,0 days 00:01:30.812000,10367.1124032,195.6281232,5,100.0,False,0,pos,5274.142809894034,0.9837340986680659,OnTrack,6110.0,-1271.0,7256.0
2026-09-12 14:59:47.007,0 days 01:13:44.477000,41,484.65305555555915,0 days 00:01:31.003000,10656.0,201.0,5,100.0,False,0,car,5284.916666666666,0.9857436404388198,OnTrack,6021.993147732503,-1285.4657332063794,7256.000018036783
2026-09-12 14:59:47.196,0 days 01:13:44.666000,41,478.7205575644484,0 days 00:01:31.192000,10955.56489856,206.66999808,5,100.0,False,0,pos,5295.776789321856,0.9877692725380468,OnTrack,5944.0,-1298.0,7256.0
2026-09-12 14:59:47.207,0 days 01:13:44.677000,41,478.3752777777818,0 days 00:01:31.203000,10973.0,207.0,5,100.0,False,0,car,5296.416666666666,0.987888622579512,OnTrack,5938.29911806754,-1298.9285155922933,7255.99999964596
2026-09-12 14:59:47.356,0 days 01:13:44.826000,41,473.40861324444785,0 days 00:01:31.352000,11208.6061488,211.656248,5,100.0,False,0,pos,5305.183140664526,0.9895237469414467,OnTrack,5853.0,-1313.0,7256.0
2026-09-12 14:59:47.367,0 days 01:13:44.837000,41,473.04194444444784,0 days 00:01:31.363000,11226.0,212.0,5,100.0,False,0,car,5305.8388888888885,0.9896460572223207,OnTrack,5846.765706532819,-1314.0523353472263,7256.000000056843
2026-09-12 14:59:47.496,0 days 01:13:44.966000,41,468.3836134222254,0 days 00:01:31.492000,11368.54492928,215.86999808,5,100.0,False,0,pos,5313.6205187062,0.9910974882643736,OnTrack,5771.0,-1327.0,7256.0
2026-09-12 14:59:47.567,0 days 01:13:45.037000,41,465.8197222222252,0 days 00:01:31.563000,11447.0,218.0,5,100.0,False,0,car,5317.95,0.9919050239212139,OnTrack,5717.159534534442,-1336.0509896976062,7255.999999929806
2026-09-12 14:59:47.767,0 days 01:13:45.237000,41,458.15305555555824,0 days 00:01:31.763000,11696.0,222.0,5,100.0,False,0,car,5330.283333333334,0.9942054395503622,OnTrack,5529.759621323463,-1367.0220509196715,7255.999999976533
2026-09-12 14:59:47.836,0 days 01:13:45.306000,41,458.15305555555824,0 days 00:01:31.832000,11539.600145066666,223.58124853333334,5,100.0,False,0,pos,5334.616240119377,0.995013614130653,OnTrack,5475.0,-1376.0,7256.0
2026-09-12 14:59:48.023,0 days 01:13:45.493000,41,458.15305555555824,0 days 00:01:32.019000,11115.733333333334,227.86666666666667,5,100.0,False,0,interpolation,5346.583455464881,0.9972457413645595,OnTrack,5368.6300040212045,-1393.2548808382544,7256.000000025567
