Date,SessionTime,DriverAhead,DistanceToDriverAhead,Time,RPM,Speed,nGear,Throttle,Brake,DRS,Source,Distance,RelativeDistance,Status,X,Y,Z
2026-09-12 14:16:38.188,0 days 00:30:35.658000,,33.0475,0 days 00:00:00,11171.72,244.35999999999999,6,100.0,False,0,interpolation,0.11738462722258364,2.183007321095537e-05,OnTrack,5428.800832342207,-1383.202763606469,7256.000000000001
2026-09-12 14:16:38.214,0 days 00:30:35.684000,,33.0475,0 days 00:00:00.026000,11196.03011968,245.14000384,6,100.0,False,0,pos,1.9103401597363607,0.00035526683971825367,OnTrack,5406.0,-1387.0,7256.0
2026-09-12 14:16:38.276,0 days 00:30:35.746000,,33.0475,0 days 00:00:00.088000,11254.0,247.0,6,100.0,False,0,car,6.224444444444447,0.0011575628013205763,OnTrack,5347.009715378245,-1396.8072742100107,7256.000000000002
2026-09-12 14:16:38.414,0 days 00:30:35.884000,,33.0475,0 days 00:00:00.226000,11463.5876944,252.1750048,6,100.0,False,0,pos,16.02110626825189,0.0029794525146231827,OnTrack,5213.0,-1419.0,7256.0
2026-09-12 14:16:38.596,0 days 00:30:36.066000,1,33.0475,0 days 00:00:00.408000,11740.0,259.0,6,100.0,False,0,car,29.246666666666666,0.005439016075751552,OnTrack,5107.116617310827,-1436.27764020286,7255.999999999934
2026-09-12 14:16:38.754,0 days 00:30:36.224000,1,21.46084272,0 days 00:00:00.566000,11082.607675428571,262.9499968,6,100.0,False,0,pos,40.887838354447474,0.00760393013833727,OnTrack,5028.0,-1449.0,7256.0
2026-09-12 14:16:38.876,0 days 00:30:36.346000,1,12.514166666666668,0 days 00:00:00.688000,10575.0,266.0,7,100.0,False,0,car,49.93555555555555,0.00928653827507128,OnTrack,4943.4878774102535,-1462.650316797779,7256.000000000227
2026-09-12 14:16:39.034,0 days 00:30:36.504000,1,0.8397316800000006,0 days 00:00:00.846000,10636.2249504,267.9749984,7,100.0,False,0,pos,61.69710889412482,0.011473839768721414,OnTrack,4824.0,-1482.0,7256.0
2026-09-12 14:16:39.036,0 days 00:30:36.506000,1,0.6919444444444451,0 days 00:00:00.848000,10637.0,268.0,7,100.0,False,0,car,61.846666666666664,0.011501653096591555,OnTrack,4822.595100779972,-1482.2278583786715,7255.999999999986
2026-09-12 14:16:39.234,0 days 00:30:36.704000,1,221.30069766192594,0 days 00:00:01.046000,10786.324903466666,271.2999978666667,7,100.0,False,0,pos,76.76941962373337,0.014276844339854199,OnTrack,4676.0,-1506.0,7256.0
2026-09-12 14:16:39.276,0 days 00:30:36.746000,12,268.0966666666667,0 days 00:00:01.088000,10818.0,272.0,7,100.0,False,0,car,79.98,0.014873917451741823,OnTrack,4631.241030604589,-1513.2296153143225,7256.000000001805
2026-09-12 14:16:39.477,0 days 00:30:36.947000,12,263.18333333333334,0 days 00:00:01.289000,10966.0,279.0,7,100.0,False,0,car,95.55749999999999,0.017770872304261304,OnTrack,4385.941395752905,-1552.757023613383,7256.000000003401
2026-09-12 14:16:39.494,0 days 00:30:36.964000,12,262.7299950624758,0 days 00:00:01.306000,10976.371182139901,279.2138388070083,7,100.0,False,0,pos,96.88139653400697,0.018017077952691748,OnTrack,4372.0,-1555.0,7256.0
2026-09-12 14:16:39.636,0 days 00:30:37.106000,12,258.9433333333334,0 days 00:00:01.448000,11063.0,281.0,7,100.0,False,0,car,107.96833333333333,0.020078920697701237,OnTrack,4313.994384425659,-1564.3022076794648,7255.999999945501
2026-09-12 14:16:39.754,0 days 00:30:37.224000,12,254.81333781333336,0 days 00:00:01.566000,11105.18495424,282.4749984,7,100.0,False,0,pos,117.26239559346205,0.02180734173856775,OnTrack,4279.0,-1570.0,7256.0
2026-09-12 14:16:40.036,0 days 00:30:37.506000,12,244.94333333333333,0 days 00:00:01.848000,11206.0,286.0,7,100.0,False,0,car,139.74611111111113,0.025988648673025853,OnTrack,4060.9537916423446,-1605.7992777516388,7256.000000264056
2026-09-12 14:16:40.074,0 days 00:30:37.544000,12,243.36000533333333,0 days 00:00:01.886000,11225.542791314285,286.5428553142857,7,100.0,False,0,pos,142.7961821079412,0.026555871781663045,OnTrack,4029.0,-1611.0,7256.0
2026-09-12 14:16:40.294,0 days 00:30:37.764000,12,234.19332800000004,0 days 00:00:02.106000,11338.685780114285,289.6857161142857,7,100.0,False,0,pos,160.5259098058135,0.029853077410820494,OnTrack,3855.0,-1639.0,7256.0
2026-09-12 14:16:40.316,0 days 00:30:37.786000,12,233.2766666666667,0 days 00:00:02.128000,11350.0,290.0,7,100.0,False,0,car,162.30166666666668,0.030183315732434577,OnTrack,3837.6451645523007,-1641.7737255841585,7256.000001039339
2026-09-12 14:16:40.514,0 days 00:30:37.984000,12,224.97167203555563,0 days 00:00:02.326000,11438.10994304,290.98999936,7,100.0,False,0,pos,178.30621333616523,0.03315968865084756,OnTrack,3680.0,-1667.0,7256.0
2026-09-12 14:16:40.516,0 days 00:30:37.986000,12,224.88777777777784,0 days 00:00:02.328000,11439.0,291.0,7,100.0,False,0,car,178.4683333333333,0.03318983818141964,OnTrack,3678.4195959767553,-1667.2556214246256,7255.999999513182
2026-09-12 14:16:40.714,0 days 00:30:38.184000,12,215.86778360888894,0 days 00:00:02.526000,11516.549949866667,292.64999893333334,7,100.0,False,0,pos,194.57221780338864,0.03618468499637325,OnTrack,3520.0,-1693.0,7256.0
2026-09-12 14:16:40.756,0 days 00:30:38.226000,12,213.9544444444445,0 days 00:00:02.568000,11533.0,293.0,7,100.0,False,0,car,198.00166666666667,0.036822461181636665,OnTrack,3483.641221887512,-1698.803896373911,7256.000072872129
2026-09-12 14:16:40.954,0 days 00:30:38.424000,12,204.49445056000008,0 days 00:00:02.766000,11537.9499968,294.97999872,7,100.0,False,0,pos,214.22628532052997,0.039839760988382766,OnTrack,3295.0,-1728.0,7256.0
2026-09-12 14:16:40.956,0 days 00:30:38.426000,12,204.39888888888896,0 days 00:00:02.768000,11538.0,295.0,7,100.0,False,0,car,214.39055555555552,0.03987031039967995,OnTrack,3292.9445676350233,-1728.3075768831457,7255.999982703412
2026-09-12 14:16:41.196,0 days 00:30:38.666000,12,192.26555555555564,0 days 00:00:03.008000,11517.0,296.0,7,100.0,False,0,car,234.12388888888887,0.04354012749204936,OnTrack,3030.1580105503826,-1766.1980622496687,7255.996090950462
2026-09-12 14:16:41.315,0 days 00:30:38.785000,12,186.21638563555564,0 days 00:00:03.127000,11581.458368,295.5041664,7,100.0,False,0,pos,243.88127408050076,0.04535471291196538,OnTrack,2925.0,-1781.0,7256.0
2026-09-12 14:16:41.436,0 days 00:30:38.906000,12,180.06555555555565,0 days 00:00:03.248000,11647.0,295.0,7,100.0,False,0,car,253.79055555555556,0.04719754655370131,OnTrack,2851.6326202553128,-1791.2467633837114,7256.0111353522225
2026-09-12 14:16:41.636,0 days 00:30:39.106000,12,169.6766666666668,0 days 00:00:03.448000,11633.0,295.0,7,100.0,False,0,car,270.1794444444444,0.05024539577174458,OnTrack,2766.90011935401,-1802.8989174427763,7256.016965451142
2026-09-12 14:16:41.694,0 days 00:30:39.164000,12,166.64777109333343,0 days 00:00:03.506000,11596.3874192,295.0,7,100.0,False,0,pos,274.9379396096264,0.05113033531014706,OnTrack,2730.0,-1808.0,7256.0
2026-09-12 14:16:41.796,0 days 00:30:39.266000,12,161.32111111111118,0 days 00:00:03.608000,11532.0,295.0,7,100.0,False,0,car,283.29055555555556,0.05268367514617922,OnTrack,2648.9930374237833,-1819.226247976341,7255.954601688589
2026-09-12 14:16:41.854,0 days 00:30:39.324000,12,158.3244378311112,0 days 00:00:03.666000,11500.422152533334,294.19444266666665,7,100.0,False,0,pos,288.0118042562944,0.05356168794242744,OnTrack,2600.0,-1826.0,7256.0
2026-09-12 14:16:42.134,0 days 00:30:39.604000,12,143.85777116444456,0 days 00:00:03.946000,11347.977708088889,290.3055537777778,7,100.0,False,0,pos,310.5352653044153,0.05775038637150063,OnTrack,2374.0,-1857.0,7257.0
2026-09-12 14:16:42.156,0 days 00:30:39.626000,12,142.7211111111112,0 days 00:00:03.968000,11336.0,290.0,7,100.0,False,0,car,312.29055555555556,0.05807681850827616,OnTrack,2356.4654090054996,-1859.409924087885,7257.038436344118
2026-09-12 14:16:42.316,0 days 00:30:39.786000,12,134.76555555555564,0 days 00:00:04.128000,10926.0,283.0,7,0.0,True,0,car,324.86833333333334,0.060415913636971075,OnTrack,2229.5723018020512,-1876.888690599542,7257.0250447932585
2026-09-12 14:16:42.374,0 days 00:30:39.844000,12,132.18777208888895,0 days 00:00:04.186000,10681.6744608,275.749984,7,0.0,True,0,pos,329.191606304795,0.061219914703473544,OnTrack,2185.0,-1883.0,7257.0
2026-09-12 14:16:42.476,0 days 00:30:39.946000,12,127.6544444444445,0 days 00:00:04.288000,10252.0,263.0,7,0.0,True,0,car,336.55722222222226,0.06258970168943313,OnTrack,2109.141018427877,-1893.3371397637534,7256.993664647489
2026-09-12 14:16:42.554,0 days 00:30:40.024000,12,124.44778304000006,0 days 00:00:04.366000,10323.1748832,258.7750069333333,7,0.0,True,0,pos,342.1498815396893,0.06362977111958716,OnTrack,2053.0,-1901.0,7257.0
2026-09-12 14:16:42.714,0 days 00:30:40.184000,12,117.87000526222232,0 days 00:00:04.526000,10469.1748832,250.10834026666666,7,0.0,True,0,pos,353.0972597207803,0.06566566008406012,OnTrack,1944.0,-1916.0,7257.0
2026-09-12 14:16:42.716,0 days 00:30:40.186000,12,117.78777777777788,0 days 00:00:04.528000,10471.0,250.0,6,0.0,True,0,car,353.2238888888889,0.06568920936879918,OnTrack,1942.7418412382715,-1916.172399936436,7256.999976377096
2026-09-12 14:16:42.956,0 days 00:30:40.426000,12,110.85444444444454,0 days 00:00:04.768000,11306.0,204.0,6,0.0,True,0,car,366.8238888888889,0.06821840763516189,OnTrack,1798.383249424841,-1936.0705292958257,7256.999755685817
2026-09-12 14:16:42.974,0 days 00:30:40.444000,12,110.42944142222231,0 days 00:00:04.786000,11292.9499072,202.58570422857142,6,0.0,True,0,pos,367.7770019568497,0.06839565851156881,OnTrack,1785.0,-1938.0,7257.0
2026-09-12 14:16:43.214,0 days 00:30:40.684000,12,104.76277475555563,0 days 00:00:05.026000,11118.9499072,183.72856137142858,6,0.0,True,0,pos,379.92477450436604,0.07065478536946194,OnTrack,1590.0,-1967.0,7257.0
2026-09-12 14:16:43.236,0 days 00:30:40.706000,12,104.2433333333334,0 days 00:00:05.048000,11103.0,182.0,6,0.0,True,0,car,380.9794444444445,0.07085092282417013,OnTrack,1578.8766769512933,-1968.6804779522547,7256.998169161004
2026-09-12 14:16:43.494,0 days 00:30:40.964000,12,99.79999779555558,0 days 00:00:05.306000,10734.633150577778,165.51665848888888,6,0.0,True,0,pos,392.5950269571772,0.0730110780560816,OnTrack,1527.0,-1978.0,7257.0
2026-09-12 14:16:43.596,0 days 00:30:41.066000,12,98.04333333333335,0 days 00:00:05.408000,10589.0,159.0,4,0.0,True,0,car,396.8794444444445,0.07380785315028535,OnTrack,1491.9384630082463,-1985.842252211949,7257.071544250853
2026-09-12 14:16:43.754,0 days 00:30:41.224000,12,96.06833493333339,0 days 00:00:05.566000,10193.3419872,147.8083424,4,0.0,True,0,pos,403.2203922425409,0.07498708213396489,OnTrack,1423.0,-2003.0,7257.0
2026-09-12 14:16:43.836,0 days 00:30:41.306000,12,95.04333333333341,0 days 00:00:05.648000,9988.0,142.0,3,0.0,True,0,car,406.34611111111116,0.07556837351216526,OnTrack,1391.7500105672016,-2012.7330645528427,7256.691191063059
2026-09-12 14:16:43.994,0 days 00:30:41.464000,12,93.90222314666676,0 days 00:00:05.806000,10646.1682168,134.1000064,3,0.0,True,0,pos,412.02120022759925,0.07662377245002376,OnTrack,1340.0,-2034.0,7256.0
2026-09-12 14:16:44.156,0 days 00:30:41.626000,12,92.73222222222233,0 days 00:00:05.968000,11321.0,126.0,3,0.0,True,0,car,417.54611111111114,0.07765124267269925,OnTrack,1296.0458296602965,-2061.0579976875197,7256.021125810834
2026-09-12 14:16:44.214,0 days 00:30:41.684000,12,92.52277731555566,0 days 00:00:06.026000,11137.678166857142,124.5499968,3,0.20714331428571428,True,0,pos,419.49758612508816,0.07801415938021401,OnTrack,1282.0,-2071.0,7256.0
2026-09-12 14:16:44.436,0 days 00:30:41.906000,12,91.72111111111116,0 days 00:00:06.248000,10436.0,119.0,2,1.0,True,0,car,426.80166666666673,0.07937250260397387,OnTrack,1234.7874049741565,-2108.055702746098,7255.265232373882
2026-09-12 14:16:44.534,0 days 00:30:42.004000,12,91.6666665955556,0 days 00:00:06.346000,10259.949770057143,116.5499968,2,1.7000009142857142,True,0,pos,429.9086984124423,0.07995031872933779,OnTrack,1216.0,-2127.0,7255.0
2026-09-12 14:16:44.716,0 days 00:30:42.186000,12,91.56555555555559,0 days 00:00:06.528000,9933.0,112.0,2,3.0,False,0,car,435.51277777777784,0.08099251195105586,OnTrack,1183.030378168499,-2170.0514478286677,7254.967058797775
2026-09-12 14:16:44.794,0 days 00:30:42.264000,12,91.67388871111112,0 days 00:00:06.606000,9883.08008192,110.44000256,2,6.50999424,False,0,pos,437.8683560088243,0.08143057992004443,OnTrack,1169.0,-2194.0,7255.0
2026-09-12 14:16:44.916,0 days 00:30:42.386000,12,91.8433333333333,0 days 00:00:06.728000,9805.0,108.0,2,12.0,False,0,car,441.51277777777784,0.08210833471562765,OnTrack,1146.691266214759,-2239.793730499142,7255.009172953026
2026-09-12 14:16:45.034,0 days 00:30:42.504000,12,92.23666623999996,0 days 00:00:06.846000,9851.216616533333,107.67222257777777,2,17.8999936,False,0,pos,445.01414870454147,0.08275948628017642,OnTrack,1129.0,-2282.0,7255.0
2026-09-12 14:16:45.276,0 days 00:30:42.746000,12,93.0433333333333,0 days 00:00:07.088000,9946.0,107.0,2,30.0,False,0,car,452.21277777777783,0.08409821864578065,OnTrack,1114.2305920092456,-2333.6431396281246,7255.006986446978
2026-09-12 14:16:45.334,0 days 00:30:42.804000,12,93.2366670933333,0 days 00:00:07.146000,10020.24016384,107.87000191999999,2,34.64001024,False,0,pos,453.9689015195551,0.084424805787194,OnTrack,1111.0,-2347.0,7255.0
2026-09-12 14:16:45.476,0 days 00:30:42.946000,12,93.70999999999998,0 days 00:00:07.288000,10202.0,110.0,2,46.0,False,0,car,458.323888888889,0.08523470479488154,OnTrack,1100.2013322862383,-2388.0313958708166,7254.95788441617
2026-09-12 14:16:45.594,0 days 00:30:43.064000,12,94.07055516444446,0 days 00:00:07.406000,9685.75056,111.4749984,2,12.0750368,False,0,pos,461.99875948248746,0.08591812217241365,OnTrack,1089.0,-2425.0,7255.0
2026-09-12 14:16:45.636,0 days 00:30:43.106000,12,94.19888888888892,0 days 00:00:07.448000,9502.0,112.0,2,0.0,False,0,car,463.30166666666673,0.08616042442178554,OnTrack,1084.6918643757392,-2437.6439082880274,7255.05131669796
2026-09-12 14:16:45.834,0 days 00:30:43.304000,12,95.18888824888889,0 days 00:00:07.646000,9659.849897955555,110.35000106666666,2,0.0,False,0,pos,469.34042349311216,0.08728345481122905,OnTrack,1062.0,-2494.0,7255.0
2026-09-12 14:16:45.954,0 days 00:30:43.424000,12,95.78888824888888,0 days 00:00:07.766000,9755.516564622223,109.35000106666666,2,0.0,False,0,pos,472.944756739802,0.08795375432585563,OnTrack,1046.0,-2526.0,7254.0
2026-09-12 14:16:45.996,0 days 00:30:43.466000,12,95.99888888888887,0 days 00:00:07.808000,9789.0,109.0,2,0.0,False,0,car,474.2016666666667,0.08818750244409093,OnTrack,1039.778876502975,-2536.6142366262725,7253.6451649133205
2026-09-12 14:16:46.197,0 days 00:30:43.667000,12,97.17138888888883,0 days 00:00:08.009000,9700.0,107.0,2,2.0,False,0,car,480.1758333333334,0.08929852097175969,OnTrack,1004.8166825607938,-2582.6046941553677,7252.278155452991
2026-09-12 14:16:46.254,0 days 00:30:43.724000,12,97.59889023082401,0 days 00:00:08.066000,9719.612964791291,106.5913965668481,2,4.8602240320633046,False,0,pos,481.8507463212652,0.08961000531186156,OnTrack,993.0,-2594.0,7252.0
2026-09-12 14:16:46.474,0 days 00:30:43.944000,12,99.24888793232994,0 days 00:00:08.286000,9795.31178407185,105.01433783183649,2,15.899635177144619,False,0,pos,488.25517065342876,0.09080103905582915,OnTrack,940.0,-2631.0,7251.0
2026-09-12 14:16:46.476,0 days 00:30:43.946000,12,99.26388888888886,0 days 00:00:08.288000,9796.0,105.0,2,16.0,False,0,car,488.3133333333334,0.09081185559621018,OnTrack,939.4849881218178,-2631.288640371323,7250.983408842843
2026-09-12 14:16:46.636,0 days 00:30:44.106000,12,100.50833333333333,0 days 00:00:08.448000,9892.0,105.0,2,30.0,False,0,car,492.9800000000001,0.09167971774643267,OnTrack,896.938057171743,-2651.9086064398275,7249.196499208711
2026-09-12 14:16:46.654,0 days 00:30:44.124000,12,100.64333429333333,0 days 00:00:08.466000,9923.628796342857,105.19285851428572,2,30.9000064,False,0,pos,493.50992750803863,0.09177826860927303,OnTrack,892.0,-2654.0,7249.0
2026-09-12 14:16:46.894,0 days 00:30:44.364000,12,102.44333429333335,0 days 00:00:08.706000,10345.343082057143,107.76428708571429,2,42.9000064,False,0,pos,500.7061590100015,0.09311655509744282,OnTrack,824.0,-2678.0,7247.0
2026-09-12 14:16:46.916,0 days 00:30:44.386000,12,102.60833333333335,0 days 00:00:08.728000,10384.0,108.0,2,44.0,False,0,car,501.38000000000005,0.09324186961683316,OnTrack,817.6985617837429,-2679.787234012664,7246.857550828675
2026-09-12 14:16:47.074,0 days 00:30:44.544000,12,103.79333237333329,0 days 00:00:08.886000,10532.12488,112.937496,2,46.9624976,False,0,pos,506.336942007703,0.09416371440597598,OnTrack,769.0,-2691.0,7246.0
2026-09-12 14:16:47.076,0 days 00:30:44.546000,12,103.80833333333328,0 days 00:00:08.888000,10534.0,113.0,2,47.0,False,0,car,506.4022222222223,0.09417585459754879,OnTrack,768.2735947338565,-2691.1346362244763,7245.990987413807
2026-09-12 14:16:47.354,0 days 00:30:44.824000,12,104.7349995733333,0 days 00:00:09.166000,10763.9290608,122.8458288,2,60.8999936,False,0,pos,516.2160738138704,0.09600094109989711,OnTrack,652.0,-2708.0,7245.0
2026-09-12 14:16:47.556,0 days 00:30:45.026000,12,105.4083333333333,0 days 00:00:09.368000,10931.0,130.0,2,71.0,False,0,car,523.7355555555556,0.09739934258408948,OnTrack,600.4930071985108,-2714.999142792029,7244.051620837784
2026-09-12 14:16:47.716,0 days 00:30:45.186000,12,105.76388888888891,0 days 00:00:09.528000,10341.0,135.0,3,81.0,False,0,car,529.7355555555556,0.09851516534866127,OnTrack,553.9448632669735,-2719.61309562418,7243.198308366877
2026-09-12 14:16:47.754,0 days 00:30:45.224000,12,105.75333336888893,0 days 00:00:09.566000,10473.0495552,137.1374928,3,81.2374992,False,0,pos,531.2165692753911,0.09879059015253384,OnTrack,537.0,-2721.0,7243.0
2026-09-12 14:16:47.876,0 days 00:30:45.346000,12,105.71944444444455,0 days 00:00:09.688000,10897.0,144.0,3,82.0,False,0,car,536.1355555555556,0.09970537629753783,OnTrack,468.06067836650953,-2726.153248082204,7242.375583854816
2026-09-12 14:16:47.955,0 days 00:30:45.425000,12,105.4780553600001,0 days 00:00:09.767000,11166.5877184,147.29166933333335,3,83.9750016,False,0,pos,539.4251996800635,0.10031715293111546,OnTrack,426.0,-2729.0,7242.0
2026-09-12 14:16:48.116,0 days 00:30:45.586000,12,104.9861111111112,0 days 00:00:09.928000,11716.0,154.0,3,88.0,False,0,car,546.4022222222222,0.10161467302802732,OnTrack,371.9698466909744,-2731.7277284484644,7241.338582511706
2026-09-12 14:16:48.254,0 days 00:30:45.724000,12,104.02777688888902,0 days 00:00:10.066000,11755.9214656,160.9000064,3,93.9142912,False,0,pos,552.7201506263267,0.10278962108439973,OnTrack,331.0,-2731.0,7241.0
2026-09-12 14:16:48.396,0 days 00:30:45.866000,12,103.04166666666686,0 days 00:00:10.208000,11797.0,168.0,3,100.0,False,0,car,559.4688888888888,0.10404468704865029,OnTrack,270.04058470199914,-2727.479041421523,7240.970158326605
2026-09-12 14:16:48.534,0 days 00:30:46.004000,12,101.73833212444464,0 days 00:00:10.346000,11489.374714666666,173.75000533333332,3,100.0,False,0,pos,566.1898274282983,0.10529458308557714,OnTrack,202.0,-2721.0,7241.0
2026-09-12 14:16:48.636,0 days 00:30:46.106000,12,100.7750000000002,0 days 00:00:10.448000,11262.0,178.0,3,100.0,False,0,car,571.3355555555555,0.10625153651635892,OnTrack,152.00040730572434,-2714.0293489291307,7240.9195101803925
2026-09-12 14:16:48.694,0 days 00:30:46.164000,12,99.95333152000019,0 days 00:00:10.506000,11267.36501184,180.61000576,3,100.0,False,0,pos,574.351361353803,0.10681238731022763,OnTrack,124.0,-2709.0,7241.0
2026-09-12 14:16:48.934,0 days 00:30:46.404000,12,96.55333152000014,0 days 00:00:10.746000,11289.56501184,191.41000576,3,100.0,False,0,pos,587.4398398535933,0.10924645768750668,OnTrack,4.0,-2675.0,7243.0
2026-09-12 14:16:49.036,0 days 00:30:46.506000,12,95.10833333333346,0 days 00:00:10.848000,11299.0,196.0,4,100.0,False,0,car,593.1133333333333,0.11030155988406391,OnTrack,-62.761956821902515,-2648.4550864760736,7244.429344276849
2026-09-12 14:16:49.254,0 days 00:30:46.724000,12,91.71722023111133,0 days 00:00:11.066000,11035.583178666666,202.35833706666668,4,100.0,False,0,pos,605.3776882832613,0.11258236762505026,OnTrack,-220.0,-2573.0,7248.0
2026-09-12 14:16:49.276,0 days 00:30:46.746000,12,91.37500000000023,0 days 00:00:11.088000,11009.0,203.0,5,100.0,False,0,car,606.6466666666665,0.11281836011970912,OnTrack,-234.07106830702415,-2564.9832871460035,7248.339410866547
2026-09-12 14:16:49.516,0 days 00:30:46.986000,12,86.97500000000025,0 days 00:00:11.328000,11302.0,214.0,5,100.0,False,0,car,620.9133333333332,0.11547153869324646,OnTrack,-362.0941332891508,-2477.9293732921624,7251.605806524258
2026-09-12 14:16:49.554,0 days 00:30:47.024000,12,86.21500256000024,0 days 00:00:11.366000,11373.24976,215.4249952,5,100.0,False,0,pos,623.216543746328,0.11589986779498287,OnTrack,-378.0,-2466.0,7252.0
2026-09-12 14:16:49.676,0 days 00:30:47.146000,12,83.7750000000002,0 days 00:00:11.488000,11602.0,220.0,5,100.0,False,0,car,630.691111111111,0.11728991653180788,OnTrack,-420.93356969159987,-2432.587135768258,7252.9976986492775
2026-09-12 14:16:49.974,0 days 00:30:47.444000,12,77.15277493333346,0 days 00:00:11.786000,10694.9621104,228.3812536,5,100.0,False,0,pos,649.6223955083501,0.1208105762139782,OnTrack,-508.0,-2350.0,7255.0
2026-09-12 14:16:49.996,0 days 00:30:47.466000,12,76.663888888889,0 days 00:00:11.808000,10628.0,229.0,5,100.0,False,0,car,651.0466666666666,0.12107544857754031,OnTrack,-516.5316989639578,-2340.9270389496796,7255.23937399902
2026-09-12 14:16:50.156,0 days 00:30:47.626000,12,72.84166666666681,0 days 00:00:11.968000,10685.0,235.0,6,100.0,False,0,car,661.4911111111111,0.12301780672327638,OnTrack,-586.7177690770675,-2263.357368897847,7257.316896714645
2026-09-12 14:16:50.214,0 days 00:30:47.684000,12,71.4077746133335,0 days 00:00:12.026000,10746.48013568,236.16000256,6,100.0,False,0,pos,665.3128439156121,0.12372853613383855,OnTrack,-611.0,-2235.0,7258.0
2026-09-12 14:16:50.356,0 days 00:30:47.826000,12,67.89722222222247,0 days 00:00:12.168000,10897.0,239.0,6,100.0,False,0,car,674.7688888888888,0.12548708117450466,OnTrack,-664.050367284926,-2168.4260672651167,7259.309363846298
2026-09-12 14:16:50.434,0 days 00:30:47.904000,12,65.81722563555574,0 days 00:00:12.246000,10986.6998528,241.33999616,6,100.0,False,0,pos,680.044062583209,0.12646810765703678,OnTrack,-700.0,-2118.0,7260.0
2026-09-12 14:16:50.556,0 days 00:30:48.026000,12,62.56388888888898,0 days 00:00:12.368000,11127.0,245.0,6,100.0,False,0,car,688.38,0.12801834577932028,OnTrack,-775.2621301471455,-2005.9030794364894,7261.217266255245
2026-09-12 14:16:50.634,0 days 00:30:48.104000,12,60.39722577777786,0 days 00:00:12.446000,11151.8624592,246.4624976,6,100.0,False,0,pos,693.7344755858747,0.12901412007116408,OnTrack,-820.0,-1938.0,7262.0
2026-09-12 14:16:50.716,0 days 00:30:48.186000,12,58.119444444444525,0 days 00:00:12.528000,11178.0,248.0,6,100.0,False,0,car,699.4022222222222,0.1300681535246077,OnTrack,-854.7920205621596,-1884.8947018298293,7262.77640682499
2026-09-12 14:16:50.996,0 days 00:30:48.466000,12,49.875000000000114,0 days 00:00:12.808000,11566.0,254.0,6,100.0,False,0,car,719.1577777777777,0.13374210329388292,OnTrack,-903.0901526882577,-1807.7764917552904,7265.154316264594
2026-09-12 14:16:51.094,0 days 00:30:48.564000,12,46.85332938666682,0 days 00:00:12.906000,11271.999616,255.7500022857143,6,100.0,False,0,pos,726.1644020279579,0.13504512843407485,OnTrack,-926.0,-1770.0,7266.0
2026-09-12 14:16:51.276,0 days 00:30:48.746000,12,41.2416666666669,0 days 00:00:13.088000,10726.0,259.0,6,100.0,False,0,car,739.3022222222221,0.13748837490901,OnTrack,-992.4140785815089,-1661.0233485213796,7267.769899380609
2026-09-12 14:16:51.294,0 days 00:30:48.764000,12,40.66166254222246,0 days 00:00:13.106000,10709.7998848,259.562504,6,100.0,False,0,pos,740.6126582601232,0.13773207730277756,OnTrack,-1001.0,-1647.0,7268.0
2026-09-12 14:16:51.436,0 days 00:30:48.906000,12,36.086111111111336,0 days 00:00:13.248000,10582.0,264.0,7,100.0,False,0,car,751.0355555555554,0.1396704283152837,OnTrack,-1080.0184484252304,-1518.2909754540947,7270.202460791404
2026-09-12 14:16:51.494,0 days 00:30:48.964000,12,34.13666236444468,0 days 00:00:13.306000,10632.9917792,265.6916704,7,100.0,False,0,pos,755.3510157562613,0.14047297643720888,OnTrack,-1109.0,-1471.0,7271.0
2026-09-12 14:16:51.676,0 days 00:30:49.146000,12,28.01944444444473,0 days 00:00:13.488000,10793.0,271.0,7,100.0,False,0,car,769.1022222222222,0.14303029463971653,OnTrack,-1166.488771867283,-1376.2226375967778,7272.42152943177
2026-09-12 14:16:51.854,0 days 00:30:49.324000,12,21.78943996444473,0 days 00:00:13.666000,10942.52010752,276.34000384,7,100.0,False,0,pos,782.7880707925494,0.14557545820425877,OnTrack,-1213.0,-1298.0,7274.0
2026-09-12 14:16:51.876,0 days 00:30:49.346000,12,21.01944444444473,0 days 00:00:13.688000,10961.0,277.0,7,100.0,False,0,car,784.4911111111112,0.14589217339699787,OnTrack,-1220.7260482535778,-1285.0134468702345,7274.32720663155
2026-09-12 14:16:51.974,0 days 00:30:49.444000,12,17.58943996444473,0 days 00:00:13.786000,11043.0751072,278.2250016,7,100.0,False,0,pos,792.1030902516945,0.14730777666508263,OnTrack,-1260.0,-1219.0,7276.0
2026-09-12 14:16:52.276,0 days 00:30:49.746000,12,7.01944444444473,0 days 00:00:14.088000,11296.0,282.0,7,100.0,False,0,car,815.8244444444445,0.15171924783420604,OnTrack,-1411.7645018002734,-964.1115536803388,7280.257027333235
2026-09-12 14:16:52.354,0 days 00:30:49.824000,12,517.6592564700447,0 days 00:00:14.166000,11338.11993088,283.9499968,7,100.0,False,0,pos,822.0161714358978,0.15287072615571892,OnTrack,-1445.0,-909.0,7281.0
2026-09-12 14:16:52.476,0 days 00:30:49.946000,63,1316.3544444444447,0 days 00:00:14.288000,11404.0,287.0,7,100.0,False,0,car,831.768888888889,0.15468444351413294,OnTrack,-1486.121085813907,-841.9249388558623,7281.826564696229
2026-09-12 14:16:52.654,0 days 00:30:50.124000,63,1310.4705494509658,0 days 00:00:14.466000,11532.408093423472,291.4278652904646,7,100.0,False,0,pos,846.1919953012958,0.15736671525926707,OnTrack,-1538.0,-759.0,7283.0
2026-09-12 14:16:52.677,0 days 00:30:50.147000,63,1309.7102777777782,0 days 00:00:14.489000,11549.0,292.0,7,100.0,False,0,car,848.0722222222224,0.1577163819260888,OnTrack,-1545.7915525709525,-746.499246633155,7283.2290807616555
2026-09-12 14:16:52.917,0 days 00:30:50.387000,63,1301.3769444444445,0 days 00:00:14.729000,11648.0,297.0,7,100.0,False,0,car,867.8722222222223,0.16139859704917567,OnTrack,-1649.1752597594998,-580.6538415902071,7286.686489385577
2026-09-12 14:16:52.934,0 days 00:30:50.404000,63,1300.763048819656,0 days 00:00:14.746000,11572.310727297052,297.17085614605634,7,100.0,False,0,pos,869.2799194216797,0.16166038714597208,OnTrack,-1659.0,-565.0,7287.0
2026-09-12 14:16:53.116,0 days 00:30:50.586000,63,1294.190833333333,0 days 00:00:14.928000,10762.0,299.0,8,100.0,False,0,car,884.400277777778,0.1644723271563417,OnTrack,-1783.587483410226,-367.36762831272733,7290.764760530451
2026-09-12 14:16:53.194,0 days 00:30:50.664000,63,1291.265838133333,0 days 00:00:15.006000,10694.7251104,300.9499968,8,100.0,False,0,pos,890.9479144543175,0.16568999416597968,OnTrack,-1828.0,-297.0,7292.0
2026-09-12 14:16:53.276,0 days 00:30:50.746000,63,1288.190833333333,0 days 00:00:15.088000,10624.0,303.0,8,100.0,False,0,car,897.8669444444446,0.16697672936126945,OnTrack,-1860.8081677249618,-244.9647425038098,7292.807105260938
2026-09-12 14:16:53.514,0 days 00:30:50.984000,63,1279.1336159822222,0 days 00:00:15.326000,10742.149936457143,305.5499986285714,8,100.0,False,0,pos,918.0756609855317,0.17073495368782332,OnTrack,-1918.0,-154.0,7294.0
2026-09-12 14:16:53.556,0 days 00:30:51.026000,63,1277.5352777777778,0 days 00:00:15.368000,10763.0,306.0,8,100.0,False,0,car,921.6669444444447,0.17140282632740417,OnTrack,-1933.412340090862,-129.51998143422378,7294.481004190046
2026-09-12 14:16:53.756,0 days 00:30:51.226000,63,1269.8130555555556,0 days 00:00:15.568000,10855.0,310.0,8,100.0,False,0,car,938.8891666666668,0.17460565092941577,OnTrack,-2027.395504835768,19.424146912775296,7297.714368271772
2026-09-12 14:16:53.774,0 days 00:30:51.244000,63,1269.1080505422221,0 days 00:00:15.586000,10863.025057066667,310.30000213333335,8,100.0,False,0,pos,940.4504224192989,0.17489599838109998,OnTrack,-2036.0,33.0,7298.0
2026-09-12 14:16:53.994,0 days 00:30:51.464000,63,1260.4913939022222,0 days 00:00:15.806000,10961.108276266667,313.96666453333336,8,100.0,False,0,pos,959.6476944884332,0.17846612391316968,OnTrack,-2138.0,194.0,7301.0
2026-09-12 14:16:53.996,0 days 00:30:51.466000,63,1260.4130555555555,0 days 00:00:15.808000,10962.0,314.0,8,100.0,False,0,car,959.8225000000002,0.17849863257469953,OnTrack,-2138.925318270152,195.4816516554083,7301.021675186681
2026-09-12 14:16:54.094,0 days 00:30:51.564000,63,1256.5474949511113,0 days 00:00:15.906000,10992.0125392,314.6125008,8,100.0,False,0,pos,968.3879821525476,0.18009155923725714,OnTrack,-2184.0,268.0,7302.0
2026-09-12 14:16:54.156,0 days 00:30:51.626000,63,1254.1019444444448,0 days 00:00:15.968000,11011.0,315.0,8,100.0,False,0,car,973.8225000000002,0.18110221902536702,OnTrack,-2211.1135364901024,311.1902947187853,7302.664593386482
2026-09-12 14:16:54.334,0 days 00:30:51.804000,63,1246.6852724444448,0 days 00:00:16.146000,11057.522760727272,316.61818298181817,8,100.0,False,0,pos,989.5390583333981,0.1840250346202213,OnTrack,-2296.0,446.0,7305.0
2026-09-12 14:16:54.575,0 days 00:30:52.045000,63,1236.6436084444447,0 days 00:00:16.387000,11120.511380363636,318.8090914909091,8,100.0,False,0,pos,1010.9497187586367,0.18800678500472084,OnTrack,-2462.0,717.0,7309.0
2026-09-12 14:16:54.596,0 days 00:30:52.066000,63,1235.7686111111113,0 days 00:00:16.408000,11126.0,319.0,8,100.0,False,0,car,1012.8113888888893,0.18835300065663071,OnTrack,-2472.9710549723504,734.9427464752803,7309.259548285051
2026-09-12 14:16:54.756,0 days 00:30:52.226000,63,1229.1019444444446,0 days 00:00:16.568000,11166.0,319.0,8,100.0,False,0,car,1026.989166666667,0.19098964852254474,OnTrack,-2525.5682662462827,820.6876354481468,7310.505366997505
2026-09-12 14:16:54.934,0 days 00:30:52.404000,63,1221.3886055644448,0 days 00:00:16.746000,11192.7000192,320.2714294857143,8,100.0,False,0,pos,1042.8530626339648,0.19393986456506296,OnTrack,-2573.0,898.0,7312.0
2026-09-12 14:16:55.036,0 days 00:30:52.506000,63,1216.9686111111116,0 days 00:00:16.848000,11208.0,321.0,8,100.0,False,0,car,1051.9558333333334,0.19563271102623506,OnTrack,-2616.8737183914263,969.8818081651021,7313.5789159112865
2026-09-12 14:16:55.174,0 days 00:30:52.644000,63,1210.950272195556,0 days 00:00:16.986000,11221.8000128,321.0,8,100.0,False,0,pos,1064.2591825746736,0.19792077055356247,OnTrack,-2684.0,1081.0,7316.0
2026-09-12 14:16:55.196,0 days 00:30:52.666000,63,1209.9908333333337,0 days 00:00:17.008000,11224.0,321.0,8,100.0,False,0,car,1066.2225,0.1982858895997724,OnTrack,-2693.966792267162,1097.74997961936,7316.341839778194
2026-09-12 14:16:55.396,0 days 00:30:52.866000,63,1201.2686111111118,0 days 00:00:17.208000,11241.0,322.0,8,100.0,False,0,car,1084.111388888889,0.20161269450895863,OnTrack,-2776.527257602945,1240.7932315397406,7319.072195220396
2026-09-12 14:16:55.454,0 days 00:30:52.924000,63,1198.7391610844452,0 days 00:00:17.266000,11250.528592457144,322.2071433142857,8,100.0,False,0,pos,1089.3100050781145,0.2025794835569935,OnTrack,-2800.0,1284.0,7320.0
2026-09-12 14:16:55.614,0 days 00:30:53.084000,63,1191.7613833066673,0 days 00:00:17.426000,11276.814306742857,322.7785718857143,8,100.0,False,0,pos,1103.6692041455265,0.20524987042373288,OnTrack,-2865.0,1411.0,7323.0
2026-09-12 14:16:55.676,0 days 00:30:53.146000,63,1189.0575000000006,0 days 00:00:17.488000,11287.0,323.0,8,100.0,False,0,car,1109.2336111111113,0.20628468575098974,OnTrack,-2888.7878086159053,1461.2895908222804,7324.113980937455
2026-09-12 14:16:55.794,0 days 00:30:53.264000,63,1184.0097276977785,0 days 00:00:17.606000,11261.63002752,323.0,8,100.0,False,0,pos,1119.8211573035037,0.20825365659472755,OnTrack,-2932.0,1558.0,7326.0
2026-09-12 14:16:55.876,0 days 00:30:53.346000,63,1180.5019444444454,0 days 00:00:17.688000,11244.0,323.0,8,100.0,False,0,car,1127.1780555555556,0.2096218223524405,OnTrack,-2961.3294166163646,1626.2267831293532,7327.056218656449
2026-09-12 14:16:55.974,0 days 00:30:53.444000,63,1176.364161262223,0 days 00:00:17.786000,11256.74001664,323.0,8,100.0,False,0,pos,1135.971118742481,0.21125707236482202,OnTrack,-2995.0,1707.0,7328.0
2026-09-12 14:16:56.076,0 days 00:30:53.546000,63,1172.0575000000006,0 days 00:00:17.888000,11270.0,323.0,8,100.0,False,0,car,1145.1225000000004,0.21295895895389136,OnTrack,-3027.521341397673,1787.6391932436734,7328.559253942739
2026-09-12 14:16:56.254,0 days 00:30:53.724000,63,1164.6902724800002,0 days 00:00:18.066000,11245.96998272,323.0,8,100.0,False,0,pos,1161.0916632740252,0.2159287516059448,OnTrack,-3085.0,1942.0,7329.0
2026-09-12 14:16:56.276,0 days 00:30:53.746000,63,1163.7797222222223,0 days 00:00:18.088000,11243.0,323.0,8,100.0,False,0,car,1163.0669444444447,0.21629609555534213,OnTrack,-3093.0456880311654,1965.0855135803238,7329.070668977596
2026-09-12 14:16:56.454,0 days 00:30:53.924000,63,1156.8080505422226,0 days 00:00:18.266000,11222.2333184,323.0,8,100.0,False,0,pos,1179.0564972507332,0.21926968005810532,OnTrack,-3159.0,2163.0,7330.0
2026-09-12 14:16:56.516,0 days 00:30:53.986000,63,1154.3797222222227,0 days 00:00:18.328000,11215.0,323.0,8,100.0,False,0,car,1184.600277777778,0.22030065947708308,OnTrack,-3176.092178926405,2216.9227504025976,7330.635964875024
2026-09-12 14:16:56.774,0 days 00:30:54.244000,63,1145.1347176355562,0 days 00:00:18.586000,11093.883273244444,319.4166648888889,8,100.0,False,0,pos,1207.4414851528466,0.2245484493369841,OnTrack,-3224.0,2385.0,7334.0
2026-09-12 14:16:56.876,0 days 00:30:54.346000,63,1141.4797222222228,0 days 00:00:18.688000,11046.0,318.0,8,100.0,False,0,car,1216.400277777778,0.22621452012931348,OnTrack,-3247.3796843643445,2470.898884024614,7334.669691482471
2026-09-12 14:16:56.914,0 days 00:30:54.384000,63,1140.3186150222227,0 days 00:00:18.726000,11029.7444992,317.5777792,8,100.0,False,0,pos,1219.7301385698388,0.2268337758750862,OnTrack,-3256.0,2504.0,7335.0
2026-09-12 14:16:57.114,0 days 00:30:54.584000,63,1134.2075039111119,0 days 00:00:18.926000,10944.188943644445,315.3555569777778,8,100.0,False,0,pos,1237.1889866609565,0.2300806058989645,OnTrack,-3296.0,2675.0,7338.0
2026-09-12 14:16:57.236,0 days 00:30:54.706000,63,1130.479722222223,0 days 00:00:19.048000,10892.0,314.0,8,100.0,False,0,car,1247.8002777777779,0.2320539925972391,OnTrack,-3318.1968214680605,2779.1198621318317,7339.742124791753
2026-09-12 14:16:57.394,0 days 00:30:54.864000,63,1125.7397260622229,0 days 00:00:19.206000,10836.7000448,312.0250016,8,100.0,False,0,pos,1261.4943980337657,0.2346006944509749,OnTrack,-3344.0,2914.0,7342.0
2026-09-12 14:16:57.396,0 days 00:30:54.866000,63,1125.6797222222228,0 days 00:00:19.208000,10836.0,312.0,8,100.0,False,0,car,1261.6669444444447,0.2346327829864717,OnTrack,-3344.295787520563,2915.7039143255665,7342.032252857152
2026-09-12 14:16:57.556,0 days 00:30:55.026000,63,1121.1908333333345,0 days 00:00:19.368000,10797.0,309.0,8,100.0,False,0,car,1275.400277777778,0.23718677731426932,OnTrack,-3365.4674275409543,3051.7423325809314,7344.891864650704
2026-09-12 14:16:57.614,0 days 00:30:55.084000,63,1119.6280521066676,0 days 00:00:19.426000,10767.999936,308.5166656,8,100.0,False,0,pos,1280.3575313674542,0.2381086800484553,OnTrack,-3372.0,3101.0,7346.0
2026-09-12 14:16:57.796,0 days 00:30:55.266000,63,1114.7241666666666,0 days 00:00:19.608000,10677.0,307.0,8,100.0,False,0,car,1295.866944444445,0.24099297274453088,OnTrack,-3388.7514805262867,3255.589009583561,7349.651884435416
2026-09-12 14:16:57.854,0 days 00:30:55.324000,63,1113.16138544,0 days 00:00:19.666000,10642.1999232,306.6374992,8,100.0,False,0,pos,1300.8019005703227,0.24191072880910044,OnTrack,-3393.0,3305.0,7351.0
2026-09-12 14:16:57.934,0 days 00:30:55.404000,63,1111.0058298844444,0 days 00:00:19.746000,10594.1999232,306.1374992,8,100.0,False,0,pos,1307.6003923247138,0.243175047453151,OnTrack,-3398.0,3373.0,7353.0
2026-09-12 14:16:57.956,0 days 00:30:55.426000,63,1110.4130555555555,0 days 00:00:19.768000,10581.0,306.0,8,100.0,False,0,car,1309.4669444444448,0.24352217101089357,OnTrack,-3399.160948192287,3391.3625452672413,7353.519941085406
2026-09-12 14:16:58.156,0 days 00:30:55.626000,63,1104.9686111111118,0 days 00:00:19.968000,10624.0,304.0,8,100.0,False,0,car,1326.3558333333337,0.24666300545931785,OnTrack,-3405.1470948861574,3554.316479791064,7357.462460688079
2026-09-12 14:16:58.234,0 days 00:30:55.704000,63,1102.9102811555565,0 days 00:00:20.046000,10521.950167466666,302.37500266666666,8,100.0,False,0,pos,1332.8807623289842,0.2478764495110781,OnTrack,-3405.0,3627.0,7359.0
2026-09-12 14:16:58.396,0 days 00:30:55.866000,63,1098.635277777779,0 days 00:00:20.208000,10310.0,299.0,8,100.0,False,0,car,1346.289166666667,0.2503700166438396,OnTrack,-3400.219193530804,3801.0523071178286,7362.487392551701
2026-09-12 14:16:58.474,0 days 00:30:55.944000,63,1096.6419477155566,0 days 00:00:20.286000,10264.6625744,296.0750048,8,100.0,False,0,pos,1352.6605018104322,0.2515548967761945,OnTrack,-3397.0,3876.0,7364.0
2026-09-12 14:16:58.556,0 days 00:30:56.026000,63,1094.5463888888899,0 days 00:00:20.368000,10217.0,293.0,8,100.0,False,0,car,1359.311388888889,0.25279176531065095,OnTrack,-3393.522565595972,3939.7110392994296,7365.336614648903
2026-09-12 14:16:58.836,0 days 00:30:56.306000,63,1087.3908333333343,0 days 00:00:20.648000,10016.0,288.0,8,100.0,False,0,car,1381.7113888888891,0.25695750363171893,OnTrack,-3377.1667353892794,4084.6829786361386,7367.888028697159
2026-09-12 14:16:58.894,0 days 00:30:56.364000,63,1086.005274720001,0 days 00:00:20.706000,9960.071305142857,286.3428534857143,8,100.0,False,0,pos,1386.2612847603518,0.2578036498633538,OnTrack,-3371.0,4123.0,7368.0
2026-09-12 14:16:58.994,0 days 00:30:56.464000,63,1083.6163919466676,0 days 00:00:20.806000,9863.642980571429,283.48571794285715,8,100.0,False,0,pos,1394.027060705723,0.2592478547940887,OnTrack,-3358.0,4199.0,7368.0
2026-09-12 14:16:59.116,0 days 00:30:56.586000,63,1080.7019444444454,0 days 00:00:20.928000,9746.0,280.0,8,100.0,True,0,car,1403.489166666667,0.2610075269994239,OnTrack,-3340.5865524127644,4293.403802204665,7368.845966537987
2026-09-12 14:16:59.234,0 days 00:30:56.704000,63,1077.948613221096,0 days 00:00:21.046000,9458.925593130538,277.6517430930923,8,41.2935773273082,True,0,pos,1412.6772963908857,0.2627162477177776,OnTrack,-3322.0,4382.0,7370.0
2026-09-12 14:16:59.317,0 days 00:30:56.787000,63,1076.0119444444451,0 days 00:00:21.129000,9257.0,276.0,8,0.0,True,0,car,1418.899166666667,0.2638733317997658,OnTrack,-3307.5999232164254,4441.583076506941,7370.5882231509695
2026-09-12 14:16:59.414,0 days 00:30:56.884000,63,1074.7724975466672,0 days 00:00:21.226000,9205.1655224,264.1781016,8,0.0,True,0,pos,1425.7107589006448,0.2651400867460412,OnTrack,-3289.0,4509.0,7371.0
2026-09-12 14:16:59.637,0 days 00:30:57.107000,63,1071.9230555555557,0 days 00:00:21.449000,9086.0,237.0,7,0.0,True,0,car,1439.9658333333336,0.2677911095064845,OnTrack,-3239.5612537396655,4655.474507328483,7370.9394640250475
2026-09-12 14:16:59.674,0 days 00:30:57.144000,63,1071.6763893948857,0 days 00:00:21.486000,9140.849133716862,232.90955612959,7,0.0,True,0,pos,1442.2438223194476,0.2682147481678428,OnTrack,-3232.0,4677.0,7371.0
2026-09-12 14:16:59.836,0 days 00:30:57.306000,63,1070.5963888888898,0 days 00:00:21.648000,9381.0,215.0,7,0.0,True,0,car,1451.8505555555557,0.27000131677417905,OnTrack,-3200.8949494227522,4765.500066694796,7371.775795678686
2026-09-12 14:16:59.874,0 days 00:30:57.344000,63,1070.6386109688897,0 days 00:00:21.686000,9421.8498624,210.5666816,7,0.0,True,0,pos,1453.966504320764,0.2703948207409936,OnTrack,-3191.0,4792.0,7372.0
2026-09-12 14:17:00.054,0 days 00:30:57.524000,63,1070.8386112533333,0 days 00:00:21.866000,9615.3501376,189.56665173333334,7,0.0,True,0,pos,1463.2563649743981,0.27212246040716437,OnTrack,-3132.0,4943.0,7373.0
2026-09-12 14:17:00.076,0 days 00:30:57.546000,63,1070.8630555555553,0 days 00:00:21.888000,9639.0,187.0,7,0.0,True,0,car,1464.3172222222224,0.2723197485183449,OnTrack,-3126.497258784853,4956.845951650526,7373.095685726836
2026-09-12 14:17:00.394,0 days 00:30:57.864000,63,1074.2197208711111,0 days 00:00:22.206000,10636.7245984,161.56001024,7,0.79499968,True,0,pos,1478.1345651487168,0.2748893661488911,OnTrack,-3091.0,5040.0,7374.0
2026-09-12 14:17:00.476,0 days 00:30:57.946000,63,1075.085277777778,0 days 00:00:22.288000,10894.0,155.0,5,1.0,True,0,car,1481.5394444444446,0.27552257312035644,OnTrack,-3078.1695493828133,5068.144254773571,7374.311910871426
2026-09-12 14:17:00.634,0 days 00:30:58.104000,63,1077.1041650311113,0 days 00:00:22.446000,10336.062952,148.08750560000001,5,0.012500800000000045,True,0,pos,1488.0378493881108,0.2767310844819479,OnTrack,-3048.0,5133.0,7375.0
2026-09-12 14:17:00.636,0 days 00:30:58.106000,63,1077.1297222222224,0 days 00:00:22.448000,10329.0,148.0,3,0.0,True,0,car,1488.1172222222224,0.2767458454844796,OnTrack,-3047.632870477473,5133.7591775026385,7375.008400939558
2026-09-12 14:17:00.836,0 days 00:30:58.306000,63,1080.4630555555568,0 days 00:00:22.648000,10579.0,135.0,3,0.0,True,0,car,1495.6172222222224,0.2781406239401943,OnTrack,-3013.036863344834,5203.469343556616,7375.892674017557
2026-09-12 14:17:00.854,0 days 00:30:58.324000,63,1080.8130580444456,0 days 00:00:22.666000,10620.49029504,134.0999936,3,0.0,True,0,pos,1496.2615262105503,0.27826044544977435,OnTrack,-3010.0,5210.0,7376.0
2026-09-12 14:17:01.036,0 days 00:30:58.506000,63,1084.351944444445,0 days 00:00:22.848000,11040.0,125.0,3,0.0,True,0,car,1502.5616666666667,0.2794320854732635,OnTrack,-2979.6731882105123,5281.542524306245,7377.407842999447
2026-09-12 14:17:01.135,0 days 00:30:58.605000,63,1086.4694458133336,0 days 00:00:22.947000,10679.2685168,121.2874976,3,0.6187503999999999,True,0,pos,1505.8620127303816,0.2800458523514065,OnTrack,-2966.0,5316.0,7378.0
2026-09-12 14:17:01.196,0 days 00:30:58.666000,63,1087.7741666666668,0 days 00:00:23.008000,10457.0,119.0,2,1.0,True,0,car,1507.8505555555557,0.280415662576849,OnTrack,-2959.171083876211,5333.59521578223,7378.203516584172
2026-09-12 14:17:01.514,0 days 00:30:58.984000,63,1095.3708302755551,0 days 00:00:23.326000,10126.0813832,112.04375280000001,2,0.006250400000000045,True,0,pos,1517.7448164825068,0.28225570284033324,OnTrack,-2943.0,5412.0,7378.0
2026-09-12 14:17:01.516,0 days 00:30:58.986000,63,1095.4186111111107,0 days 00:00:23.328000,10124.0,112.0,2,0.0,False,0,car,1517.8061111111112,0.282267101830657,OnTrack,-2942.9987828755434,5412.726218323616,7377.999008061335
2026-09-12 14:17:01.716,0 days 00:30:59.186000,63,1100.3630555555562,0 days 00:00:23.528000,9954.0,110.0,2,7.0,False,0,car,1523.9172222222223,0.28340358797975784,OnTrack,-2948.819013907189,5498.306181966344,7378.006734447128
2026-09-12 14:17:01.754,0 days 00:30:59.224000,63,1101.3236078755563,0 days 00:00:23.566000,10013.6122992,109.7625008,2,9.374992,False,0,pos,1525.0719253750465,0.2836183286571319,OnTrack,-2951.0,5512.0,7378.0
2026-09-12 14:17:01.876,0 days 00:30:59.346000,63,1104.4075000000005,0 days 00:00:23.688000,10205.0,109.0,2,17.0,False,0,car,1528.7616666666668,0.28430451154522696,OnTrack,-2960.025094186804,5544.0445585861735,7377.9231742161
2026-09-12 14:17:02.036,0 days 00:30:59.506000,63,1108.5852777777782,0 days 00:00:23.848000,10135.0,108.0,2,24.0,False,0,car,1533.5616666666667,0.28519716975688436,OnTrack,-2976.3499013071973,5565.214655511118,7377.790022718953
2026-09-12 14:17:02.154,0 days 00:30:59.624000,63,1111.6663855466668,0 days 00:00:23.966000,10244.8873808,108.7374992,2,26.9499968,False,0,pos,1537.1133590094983,0.2858576796183655,OnTrack,-2991.0,5589.0,7378.0
2026-09-12 14:17:02.196,0 days 00:30:59.666000,63,1112.7630555555556,0 days 00:00:24.008000,10284.0,109.0,2,28.0,False,0,car,1538.4061111111112,0.2860980933223534,OnTrack,-2996.7236357592337,5600.0556642296515,7378.150883901772
2026-09-12 14:17:02.374,0 days 00:30:59.844000,63,1117.2625032355554,0 days 00:00:24.186000,10364.735772342858,113.4500032,2,38.80715062857143,False,0,pos,1544.1191168302219,0.28716054362827215,OnTrack,-3020.0,5655.0,7379.0
2026-09-12 14:17:02.476,0 days 00:30:59.946000,63,1119.8408333333332,0 days 00:00:24.288000,10411.0,116.0,2,45.0,False,0,car,1547.4283333333335,0.28777596014611695,OnTrack,-3027.047253271483,5682.502819430035,7379.309179703292
2026-09-12 14:17:02.574,0 days 00:31:00.044000,63,1122.426947822222,0 days 00:00:24.386000,10617.850270171428,115.64999954285715,2,41.14999497142857,False,0,pos,1550.5680388330586,0.28835985262455766,OnTrack,-3027.0,5716.0,7380.0
2026-09-12 14:17:02.754,0 days 00:31:00.224000,63,1127.1769410666666,0 days 00:00:24.566000,10997.778301257144,115.00714331428571,2,34.07857645714286,False,0,pos,1556.308373547076,0.28942738531625134,OnTrack,-3009.0,5810.0,7383.0
2026-09-12 14:17:02.756,0 days 00:31:00.226000,63,1127.229722222222,0 days 00:00:24.568000,11002.0,115.0,2,34.0,False,0,car,1556.372777777778,0.28943936260071007,OnTrack,-3008.780621112009,5810.955607521475,7383.02929589037
2026-09-12 14:17:03.036,0 days 00:31:00.506000,63,1135.1630555555557,0 days 00:00:24.848000,11216.0,118.0,2,55.0,False,0,car,1565.5505555555558,0.2911461581628143,OnTrack,-2983.9338569401075,5899.182122870289,7384.854010495512
2026-09-12 14:17:03.194,0 days 00:31:00.664000,63,1139.4641631822217,0 days 00:00:25.006000,11795.06953088,121.9499968,2,62.10999424,False,0,pos,1570.9103365410954,0.29214291910227824,OnTrack,-2975.0,5942.0,7385.0
2026-09-12 14:17:03.236,0 days 00:31:00.706000,63,1140.6074999999994,0 days 00:00:25.048000,11949.0,123.0,2,64.0,False,0,car,1572.383888888889,0.29241695631135434,OnTrack,-2973.2381929523326,5955.285620189023,7385.024274685292
2026-09-12 14:17:03.516,0 days 00:31:00.986000,63,1147.6074999999994,0 days 00:00:25.328000,10689.0,135.0,2,84.0,False,0,car,1582.883888888889,0.29436964614935496,OnTrack,-2967.863494077936,6057.381334218181,7385.031368318772
2026-09-12 14:17:03.574,0 days 00:31:01.044000,63,1148.9125028799995,0 days 00:00:25.386000,10756.9084832,138.3833408,2,84.7250016,False,0,pos,1585.2134507990127,0.29480287585115417,OnTrack,-2968.0,6077.0,7385.0
2026-09-12 14:17:03.756,0 days 00:31:01.226000,63,1153.0075,0 days 00:00:25.568000,10970.0,149.0,3,87.0,False,0,car,1592.8172222222224,0.29621695272625714,OnTrack,-2971.0917799031286,6131.145933721113,7384.829126665388
2026-09-12 14:17:03.974,0 days 00:31:01.444000,63,1157.6097249244451,0 days 00:00:25.786000,11717.558772266666,157.1750048,3,87.90833386666667,False,0,pos,1602.3479879625352,0.29798939362239746,OnTrack,-2983.0,6200.0,7384.0
2026-09-12 14:17:03.996,0 days 00:31:01.466000,63,1158.0741666666675,0 days 00:00:25.808000,11793.0,158.0,3,88.0,False,0,car,1603.3505555555557,0.2981758415796165,OnTrack,-2984.9025120558867,6208.518657291556,7383.844624890971
2026-09-12 14:17:04.214,0 days 00:31:01.684000,63,1161.7680577244453,0 days 00:00:26.026000,11468.7248096,167.81000576,3,94.54000384,False,0,pos,1613.7593566819003,0.30011157112106246,OnTrack,-3010.0,6305.0,7382.0
2026-09-12 14:17:04.396,0 days 00:31:01.866000,63,1164.8519444444455,0 days 00:00:26.208000,11198.0,176.0,4,100.0,False,0,car,1622.9061111111112,0.3018125972567393,OnTrack,-3036.4523469417413,6389.879215009147,7381.111092673578
2026-09-12 14:17:04.414,0 days 00:31:01.884000,63,1165.1119462933343,0 days 00:00:26.226000,11233.5502528,176.75000533333332,4,100.0,False,0,pos,1623.8247292243695,0.3019834330905262,OnTrack,-3039.0,6398.0,7381.0
2026-09-12 14:17:04.634,0 days 00:31:02.104000,63,1168.289720373333,0 days 00:00:26.446000,11668.0497472,185.91666133333334,4,100.0,False,0,pos,1635.2022854377446,0.3040993224618727,OnTrack,-3071.0,6505.0,7379.0
2026-09-12 14:17:04.636,0 days 00:31:02.106000,63,1168.3186111111108,0 days 00:00:26.448000,11672.0,186.0,4,100.0,False,0,car,1635.3061111111112,0.30411863097018765,OnTrack,-3071.3725029861457,6506.309658613778,7378.978582843799
2026-09-12 14:17:04.796,0 days 00:31:02.266000,63,1170.4963888888883,0 days 00:00:26.608000,11816.0,189.0,4,100.0,False,0,car,1643.7061111111113,0.3056807828405882,OnTrack,-3106.197815200645,6631.154942271748,7377.267158389383
2026-09-12 14:17:04.834,0 days 00:31:02.304000,63,1170.8447210488882,0 days 00:00:26.646000,11684.086158628572,191.3071350857143,4,100.0,False,0,pos,1645.788817693715,0.30606810474338697,OnTrack,-3114.0,6659.0,7377.0
2026-09-12 14:17:05.076,0 days 00:31:02.546000,63,1173.063055555555,0 days 00:00:26.888000,10844.0,206.0,5,100.0,False,0,car,1659.7283333333337,0.3086604428896854,OnTrack,-3150.217886662773,6783.053628484231,7377.230630152457
2026-09-12 14:17:05.254,0 days 00:31:02.724000,63,1174.645278915556,0 days 00:00:27.066000,11084.3001728,208.67000192,5,100.0,False,0,pos,1670.0464207040186,0.3105793023521939,OnTrack,-3176.0,6855.0,7379.0
2026-09-12 14:17:05.276,0 days 00:31:02.746000,63,1174.8408333333339,0 days 00:00:27.088000,11114.0,209.0,5,100.0,False,0,car,1671.3394444444448,0.3108197665729771,OnTrack,-3179.785073211218,6864.586010766325,7379.288186941235
2026-09-12 14:17:05.516,0 days 00:31:02.986000,63,1176.5074999999993,0 days 00:00:27.328000,11499.0,217.0,5,100.0,False,0,car,1685.8061111111112,0.31351013923866683,OnTrack,-3229.6307526467376,6978.931615193078,7383.293965542639
2026-09-12 14:17:05.674,0 days 00:31:03.144000,63,1177.2536106765988,0 days 00:00:27.486000,11632.259708870539,221.49821802094647,5,100.0,False,0,pos,1695.6198707027877,0.3153352086317381,OnTrack,-3271.0,7062.0,7385.0
2026-09-12 14:17:05.797,0 days 00:31:03.267000,63,1177.834444444444,0 days 00:00:27.609000,11736.0,225.0,5,100.0,False,0,car,1703.3686111111115,0.31677624545579885,OnTrack,-3307.7178585743895,7129.999151673519,7385.201938976799
2026-09-12 14:17:05.854,0 days 00:31:03.324000,63,1178.0877786311107,0 days 00:00:27.666000,11825.4190512,226.4250048,5,100.0,False,0,pos,1706.9819941740516,0.3174482279689233,OnTrack,-3325.0,7161.0,7385.0
2026-09-12 14:17:05.957,0 days 00:31:03.427000,63,1178.5455555555552,0 days 00:00:27.769000,11987.0,229.0,5,100.0,False,0,car,1713.546388888889,0.318669011478665,OnTrack,-3355.8413840372564,7215.29648999579,7384.238512100767
2026-09-12 14:17:06.014,0 days 00:31:03.484000,63,1178.7672229688883,0 days 00:00:27.826000,12022.2688688,230.0687536,5,100.0,False,0,pos,1717.1975433291457,0.3193480183522326,OnTrack,-3375.0,7250.0,7384.0
2026-09-12 14:17:06.117,0 days 00:31:03.587000,63,1179.167777777777,0 days 00:00:27.929000,12086.0,232.0,5,100.0,False,0,car,1723.8575,0.3205865735629661,OnTrack,-3416.189735856369,7327.914121985593,7384.38670729236
2026-09-12 14:17:06.294,0 days 00:31:03.764000,63,1179.5611115377774,0 days 00:00:28.106000,11102.9114336,237.1625056,5,100.0,False,0,pos,1735.596412639106,0.32276966455530504,OnTrack,-3488.0,7470.0,7387.0
2026-09-12 14:17:06.357,0 days 00:31:03.827000,63,1179.7011111111108,0 days 00:00:28.169000,10753.0,239.0,6,100.0,False,0,car,1739.7908333333335,0.3235497029044401,OnTrack,-3505.604018593377,7506.503656234024,7388.299392330572
2026-09-12 14:17:06.517,0 days 00:31:03.987000,63,1180.1011111111104,0 days 00:00:28.329000,10781.0,239.0,6,100.0,False,0,car,1750.4130555555557,0.3255251224654227,OnTrack,-3531.8648003932085,7567.090764646885,7392.500962816939
2026-09-12 14:17:06.654,0 days 00:31:04.124000,63,1180.367500325843,0 days 00:00:28.466000,10847.401195427085,240.90808032836452,6,100.0,False,0,pos,1759.6133426225606,0.3272361040904159,OnTrack,-3554.0,7630.0,7398.0
2026-09-12 14:17:06.876,0 days 00:31:04.346000,63,1180.7991666666667,0 days 00:00:28.688000,10955.0,244.0,6,100.0,False,0,car,1774.7452777777778,0.33005019704345184,OnTrack,-3603.3486174079007,7785.203618725492,7410.767437149703
2026-09-12 14:17:06.914,0 days 00:31:04.384000,63,1180.8941663466667,0 days 00:00:28.726000,10927.709182836363,244.0,6,91.36366545454545,False,0,pos,1777.3569185460308,0.33053588508046855,OnTrack,-3611.0,7812.0,7413.0
2026-09-12 14:17:07.074,0 days 00:31:04.544000,63,1181.2941663466665,0 days 00:00:28.886000,10812.800091927273,244.0,6,55.000029090909095,False,0,pos,1788.4211641821296,0.3325935079393974,OnTrack,-3638.0,7918.0,7422.0
2026-09-12 14:17:07.254,0 days 00:31:04.724000,63,1181.7441669866664,0 days 00:00:29.066000,10683.5271808,244.0,6,14.090880000000006,False,0,pos,1800.5885971085968,0.33485629104702286,OnTrack,-3666.0,8038.0,7432.0
2026-09-12 14:17:07.316,0 days 00:31:04.786000,63,1181.8991666666664,0 days 00:00:29.128000,10639.0,244.0,6,0.0,True,0,car,1804.5675,0.3355962494510642,OnTrack,-3675.355470813088,8078.142666432014,7435.26628424402
2026-09-12 14:17:07.476,0 days 00:31:04.946000,63,1183.4547222222218,0 days 00:00:29.288000,9659.0,219.0,6,0.0,True,0,car,1814.3008333333335,0.33740636193581397,OnTrack,-3698.7325773685257,8177.006590366236,7443.200356942454
2026-09-12 14:17:07.535,0 days 00:31:05.005000,63,1184.5527789688886,0 days 00:00:29.347000,9836.164081066667,214.083328,6,0.0,True,0,pos,1817.6616980334964,0.3380313834926618,OnTrack,-3707.0,8211.0,7446.0
2026-09-12 14:17:07.835,0 days 00:31:05.305000,63,1190.1361123022227,0 days 00:00:29.647000,10736.9974144,189.083328,6,0.0,True,0,pos,1833.1517202320294,0.34091207005813606,OnTrack,-3746.0,8362.0,7459.0
2026-09-12 14:17:07.836,0 days 00:31:05.306000,63,1190.1547222222227,0 days 00:00:29.648000,10740.0,189.0,5,0.0,True,0,car,1833.2008333333333,0.340921203644215,OnTrack,-3746.1220426745103,8362.445048402627,7459.037636966033
2026-09-12 14:17:07.996,0 days 00:31:05.466000,63,1193.888055555556,0 days 00:00:29.808000,10265.0,172.0,5,0.0,True,0,car,1840.8452777777777,0.3423428444998176,OnTrack,-3764.9921678983824,8428.783783562712,7464.484564647765
2026-09-12 14:17:08.154,0 days 00:31:05.624000,63,1198.3647185955554,0 days 00:00:29.966000,10725.56962688,158.57001088,5,0.0,True,0,pos,1847.7385041455204,0.34362478098356325,OnTrack,-3795.0,8505.0,7470.0
2026-09-12 14:17:08.196,0 days 00:31:05.666000,63,1199.554722222222,0 days 00:00:30.008000,10848.0,155.0,5,0.0,True,0,car,1849.4563888888888,0.34394425680082336,OnTrack,-3806.9424887995388,8530.346522575654,7471.694274116131
2026-09-12 14:17:08.334,0 days 00:31:05.804000,63,1204.3463933333328,0 days 00:00:30.146000,10590.1122608,144.6499904,5,0.4312504,True,0,pos,1854.7670968245984,0.34493189160259957,OnTrack,-3849.0,8613.0,7477.0
2026-09-12 14:17:08.516,0 days 00:31:05.986000,63,1210.6658333333326,0 days 00:00:30.328000,10250.0,131.0,3,1.0,True,0,car,1861.1008333333332,0.3461097794994738,OnTrack,-3872.182454928939,8652.274478269841,7479.315424064108
2026-09-12 14:17:08.634,0 days 00:31:06.104000,63,1214.271384977777,0 days 00:00:30.446000,10088.286539054545,124.83182487272727,3,1.2681815272727273,True,0,pos,1864.8855897793899,0.3468136323996188,OnTrack,-3884.0,8667.0,7480.0
2026-09-12 14:17:08.954,0 days 00:31:06.424000,63,1224.0491627555546,0 days 00:00:30.766000,9649.74108450909,108.10455214545455,3,1.9954542545454546,True,0,pos,1874.2437493203922,0.34855397364134294,OnTrack,-3948.0,8752.0,7484.0
2026-09-12 14:17:08.956,0 days 00:31:06.426000,63,1224.1102777777767,0 days 00:00:30.768000,9647.0,108.0,2,2.0,True,0,car,1874.3008333333332,0.3485645895815317,OnTrack,-3948.4311190123362,8752.549808665282,7484.0199845847965
2026-09-12 14:17:09.074,0 days 00:31:06.544000,63,1227.224163288888,0 days 00:00:30.886000,9369.11030144,105.64000256,2,3.7699980799999997,True,0,pos,1877.6485238127716,0.3491871611224812,OnTrack,-3972.0,8785.0,7485.0
2026-09-12 14:17:09.356,0 days 00:31:06.826000,63,1234.6658333333326,0 days 00:00:31.168000,8705.0,100.0,2,8.0,True,0,car,1885.4119444444443,0.3506309280344424,OnTrack,-3986.364183443703,8882.902511395003,7486.829181900941
2026-09-12 14:17:09.394,0 days 00:31:06.864000,63,1235.6052746133328,0 days 00:00:31.206000,8714.499968,98.86000384,2,8.56999808,True,0,pos,1886.4191094656828,0.3508182309775054,OnTrack,-3985.0,8894.0,7487.0
2026-09-12 14:17:09.556,0 days 00:31:07.026000,63,1239.6102777777778,0 days 00:00:31.368000,8755.0,94.0,2,11.0,False,0,car,1890.6341666666665,0.35160210710731044,OnTrack,-3972.4227140196717,8929.739438962719,7487.4834276754045
2026-09-12 14:17:09.814,0 days 00:31:07.284000,63,1244.913613742222,0 days 00:00:31.626000,8642.124944,93.1937496,2,14.2250016,False,0,pos,1897.2965220467113,0.35284110840709737,OnTrack,-3935.0,8966.0,7487.0
2026-09-12 14:17:09.876,0 days 00:31:07.346000,63,1246.1880555555551,0 days 00:00:31.688000,8615.0,93.0,2,15.0,False,0,car,1898.9008333333331,0.353139462916276,OnTrack,-3924.150038139492,8975.518195651486,7486.5438575443595
2026-09-12 14:17:10.054,0 days 00:31:07.524000,63,1249.006390915555,0 days 00:00:31.866000,8823.5939,93.5562504,2,21.6750048,False,0,pos,1903.5243741652675,0.35399930493514253,OnTrack,-3890.0,9005.0,7485.0
2026-09-12 14:17:10.196,0 days 00:31:07.666000,63,1251.2547222222215,0 days 00:00:32.008000,8990.0,94.0,2,27.0,False,0,car,1907.2563888888888,0.35469334943286485,OnTrack,-3861.1994743040937,9030.688335678386,7484.489907141099
2026-09-12 14:17:10.334,0 days 00:31:07.804000,63,1253.2480574044437,0 days 00:00:32.146000,9137.4876368,95.7250016,2,31.312504,False,0,pos,1910.9343434951672,0.35537734034565605,OnTrack,-3834.0,9056.0,7484.0
2026-09-12 14:17:10.356,0 days 00:31:07.826000,63,1253.5658333333324,0 days 00:00:32.168000,9161.0,96.0,2,32.0,False,0,car,1911.5230555555554,0.35548682339878257,OnTrack,-3829.911065089688,9059.935006762238,7483.861443101755
2026-09-12 14:17:10.534,0 days 00:31:08.004000,63,1255.7413904533323,0 days 00:00:32.346000,9452.15735222857,97.90714422857143,2,45.98572434285714,False,0,pos,1916.3125577904123,0.3563775293362193,OnTrack,-3795.0,9094.0,7482.0
2026-09-12 14:17:10.636,0 days 00:31:08.106000,63,1256.9880555555546,0 days 00:00:32.448000,9619.0,99.0,2,54.0,False,0,car,1919.2230555555554,0.35691879594664966,OnTrack,-3766.1495492349986,9120.831498547674,7480.119491531022
2026-09-12 14:17:10.794,0 days 00:31:08.264000,63,1257.9974991822216,0 days 00:00:32.606000,9487.33344,106.02221653333334,2,53.56111146666667,False,0,pos,1924.1149427247965,0.3578285424575089,OnTrack,-3720.0,9164.0,7477.0
2026-09-12 14:17:10.996,0 days 00:31:08.466000,63,1259.2880555555553,0 days 00:00:32.808000,9319.0,115.0,2,53.0,False,0,car,1930.7230555555554,0.35905745624541224,OnTrack,-3690.6491851111678,9197.058943124088,7475.101299736866
2026-09-12 14:17:11.114,0 days 00:31:08.584000,63,1259.845277173333,0 days 00:00:32.926000,9065.721703314286,115.84285622857143,2,43.30715337142857,False,0,pos,1934.5598992057555,0.35977099582691163,OnTrack,-3677.0,9218.0,7474.0
2026-09-12 14:17:11.276,0 days 00:31:08.746000,63,1260.6102777777776,0 days 00:00:33.088000,8718.0,117.0,3,30.0,False,0,car,1939.8230555555556,0.3607497874383462,OnTrack,-3652.356960156343,9259.740455409948,7471.587589886092
2026-09-12 14:17:11.434,0 days 00:31:08.904000,63,1261.1808328711106,0 days 00:00:33.246000,8812.7999232,117.78999936,3,33.9499968,False,0,pos,1944.993338253774,0.3617113072940035,OnTrack,-3629.0,9308.0,7469.0
2026-09-12 14:17:11.476,0 days 00:31:08.946000,63,1261.3324999999995,0 days 00:00:33.288000,8838.0,118.0,3,35.0,False,0,car,1946.378611111111,0.36196892712556344,OnTrack,-3624.080486572248,9320.959352904303,7468.397811265215
2026-09-12 14:17:11.654,0 days 00:31:09.124000,63,1261.826944799999,0 days 00:00:33.466000,8988.41010816,119.78000128,3,36.78000128,False,0,pos,1952.307524904666,0.36307152995556885,OnTrack,-3609.0,9377.0,7466.0
2026-09-12 14:17:11.676,0 days 00:31:09.146000,63,1261.8880555555545,0 days 00:00:33.488000,9007.0,120.0,3,37.0,False,0,car,1953.0452777777778,0.36320873019730987,OnTrack,-3607.734959932931,9384.155565101382,7465.670992287651
2026-09-12 14:17:11.834,0 days 00:31:09.304000,63,1262.370832942221,0 days 00:00:33.646000,9162.74273097143,121.12857051428571,3,42.64285257142857,False,0,pos,1958.3711625915635,0.3641991874500947,OnTrack,-3602.0,9437.0,7463.0
2026-09-12 14:17:11.956,0 days 00:31:09.426000,63,1262.74361111111,0 days 00:00:33.768000,9283.0,122.0,3,47.0,False,0,car,1962.5341666666666,0.3649733832360956,OnTrack,-3600.4465207796256,9479.08027752822,7460.510232118731
2026-09-12 14:17:12.074,0 days 00:31:09.544000,63,1263.038610791111,0 days 00:00:33.886000,9400.999872,124.2124976,3,50.687496,False,0,pos,1966.6167793548827,0.36573262859883576,OnTrack,-3602.0,9520.0,7458.0
2026-09-12 14:17:12.116,0 days 00:31:09.586000,63,1263.1436111111113,0 days 00:00:33.928000,9443.0,125.0,3,52.0,False,0,car,1968.089722222222,0.3660065524625509,OnTrack,-3603.4700793595102,9534.439372707993,7457.142090295788
2026-09-12 14:17:12.174,0 days 00:31:09.644000,63,1263.2725002844445,0 days 00:00:33.986000,9505.64013824,126.4500032,3,53.4500032,False,0,pos,1970.1439892368162,0.3663885854457831,OnTrack,-3606.0,9554.0,7456.0
2026-09-12 14:17:12.316,0 days 00:31:09.786000,63,1263.588055555555,0 days 00:00:34.128000,9659.0,130.0,3,57.0,False,0,car,1975.3119444444444,0.36734967245694294,OnTrack,-3613.696320923748,9599.721961611334,7453.386729814686
2026-09-12 14:17:12.374,0 days 00:31:09.844000,63,1263.6686113031697,0 days 00:00:34.186000,9875.416028439407,132.0886476389846,3,59.73130845097989,False,0,pos,1977.5063258885416,0.3677577625851892,OnTrack,-3621.0,9623.0,7452.0
2026-09-12 14:17:12.614,0 days 00:31:10.084000,63,1264.001944695598,0 days 00:00:34.426000,10770.928652574608,140.7313084509799,3,71.03324951281986,False,0,pos,1987.0627516649479,0.369534975490065,OnTrack,-3679.0,9751.0,7444.0
2026-09-12 14:17:12.677,0 days 00:31:10.147000,63,1264.0894444444439,0 days 00:00:34.489000,11006.0,143.0,3,74.0,False,0,car,1989.6516666666664,0.3700164372058081,OnTrack,-3692.8467919029777,9779.465520160566,7442.226694788579
2026-09-12 14:17:12.877,0 days 00:31:10.347000,63,1264.1450000000002,0 days 00:00:34.689000,11482.0,151.0,3,80.0,False,0,car,1998.0405555555553,0.3715765227377557,OnTrack,-3725.170311049806,9843.669609898603,7438.32296247223
2026-09-12 14:17:13.037,0 days 00:31:10.507000,63,1264.1894444444447,0 days 00:00:34.849000,11997.0,156.0,3,100.0,False,0,car,2004.9738888888885,0.37286591793237195,OnTrack,-3747.357143734139,9886.31946838843,7435.907616709035
2026-09-12 14:17:13.094,0 days 00:31:10.564000,63,1264.0152771911114,0 days 00:00:34.906000,11809.8493696,159.562512,3,100.0,False,0,pos,2007.576683264781,0.3733499608017253,OnTrack,-3756.0,9903.0,7435.0
2026-09-12 14:17:13.277,0 days 00:31:10.747000,63,1263.4561111111116,0 days 00:00:35.089000,11209.0,171.0,3,100.0,False,0,car,2016.3738888888886,0.3749859811850583,OnTrack,-3786.6671666039674,9962.62191120727,7431.879237576267
2026-09-12 14:17:13.394,0 days 00:31:10.864000,63,1262.9686115345617,0 days 00:00:35.206000,11295.427060606373,176.87939187798452,3,100.0,False,0,pos,2022.189868043017,0.37606758150813363,OnTrack,-3814.0,10020.0,7429.0
2026-09-12 14:17:13.476,0 days 00:31:10.946000,63,1262.6269444444442,0 days 00:00:35.288000,11356.0,181.0,4,100.0,False,0,car,2026.3791666666664,0.37684666730344313,OnTrack,-3838.5656743246677,10074.023350022895,7426.328894975963
2026-09-12 14:17:13.694,0 days 00:31:11.164000,63,1261.4763882133332,0 days 00:00:35.506000,11934.478911085715,191.1214345142857,4,100.0,False,0,pos,2038.0470119743386,0.3790165418714102,OnTrack,-3906.0,10227.0,7419.0
2026-09-12 14:17:13.756,0 days 00:31:11.226000,63,1261.1491666666666,0 days 00:00:35.568000,12099.0,194.0,4,100.0,False,0,car,2041.4680555555553,0.37965275492249584,OnTrack,-3916.9891970835024,10252.400638029667,7417.92518512458
2026-09-12 14:17:14.034,0 days 00:31:11.504000,63,1259.6047229333333,0 days 00:00:35.846000,10980.9192648,202.687496,4,100.0,False,0,pos,2057.1987114448752,0.3825781922463207,OnTrack,-3939.0,10331.0,7416.0
2026-09-12 14:17:14.076,0 days 00:31:11.546000,63,1259.3713888888888,0 days 00:00:35.888000,10812.0,204.0,4,100.0,False,0,car,2059.601388888889,0.38302501927764615,OnTrack,-3944.615529165142,10358.263962779285,7415.239914280334
2026-09-12 14:17:14.236,0 days 00:31:11.706000,63,1258.5269444444439,0 days 00:00:36.048000,10898.0,207.0,5,100.0,False,0,car,2068.801388888889,0.38473594751665624,OnTrack,-3969.8150149279804,10487.424125827656,7411.397675666519
2026-09-12 14:17:14.255,0 days 00:31:11.725000,63,1258.431944124444,0 days 00:00:36.067000,10932.29511552,207.4750016,5,100.0,False,0,pos,2069.905100031738,0.38494120518644,OnTrack,-3972.0,10500.0,7411.0
2026-09-12 14:17:14.436,0 days 00:31:11.906000,63,1257.5269444444452,0 days 00:00:36.248000,11259.0,212.0,5,100.0,False,0,car,2080.5791666666664,0.38692626627674154,OnTrack,-3981.2662197205473,10577.321618985587,7408.2543674387825
2026-09-12 14:17:14.535,0 days 00:31:12.005000,63,1256.8394440000006,0 days 00:00:36.347000,11371.3031976,214.7843768,5,100.0,False,0,pos,2086.564154788594,0.3880392972754313,OnTrack,-3984.0,10618.0,7407.0
2026-09-12 14:17:14.756,0 days 00:31:12.226000,63,1255.3047222222226,0 days 00:00:36.568000,11622.0,221.0,5,100.0,False,0,car,2100.223611111111,0.3905795526614877,OnTrack,-3994.3793808543746,10751.724826523017,7403.727863047137
2026-09-12 14:17:14.794,0 days 00:31:12.264000,63,1254.9880566222228,0 days 00:00:36.606000,11657.3082144,221.791664,5,100.0,False,0,pos,2102.594369089158,0.39102044361502025,OnTrack,-3996.0,10776.0,7403.0
2026-09-12 14:17:14.974,0 days 00:31:12.444000,63,1253.4880544888897,0 days 00:00:36.786000,11824.558452266667,225.54166933333335,5,100.0,False,0,pos,2113.9005665292752,0.39312306236242467,OnTrack,-4002.0,10888.0,7399.0
2026-09-12 14:17:14.996,0 days 00:31:12.466000,63,1253.304722222223,0 days 00:00:36.808000,11845.0,226.0,5,100.0,False,0,car,2115.2902777777776,0.3933815076036346,OnTrack,-4002.6950844416406,10901.729397160807,7398.543822689419
2026-09-12 14:17:15.174,0 days 00:31:12.644000,63,1251.673054382222,0 days 00:00:36.986000,11957.14008064,228.67000192,5,100.0,False,0,pos,2126.6028515680273,0.39548531216381105,OnTrack,-4008.0,11014.0,7395.0
2026-09-12 14:17:15.196,0 days 00:31:12.666000,63,1251.4713888888887,0 days 00:00:37.008000,11971.0,229.0,5,100.0,False,0,car,2128.0125000000003,0.3957474651322174,OnTrack,-4008.498835073707,11027.944618413872,7394.48063264028
2026-09-12 14:17:15.394,0 days 00:31:12.864000,63,1249.3813902399995,0 days 00:00:37.206000,12040.2999552,231.4749984,5,100.0,False,0,pos,2140.821687507755,0.3981295956350209,OnTrack,-4011.0,11154.0,7389.0
2026-09-12 14:17:15.516,0 days 00:31:12.986000,63,1248.0936111111105,0 days 00:00:37.328000,12083.0,233.0,5,100.0,False,0,car,2148.7236111111115,0.399599120008443,OnTrack,-4010.627909243958,11232.40720635258,7385.515919918123
2026-09-12 14:17:15.574,0 days 00:31:13.044000,63,1247.545832124444,0 days 00:00:37.386000,12043.124912,232.41999872,5,85.499968,False,0,pos,2152.463536615006,0.4002946356776177,OnTrack,-4010.0,11270.0,7384.0
2026-09-12 14:17:15.794,0 days 00:31:13.264000,63,1245.468056764444,0 days 00:00:37.606000,11891.875088,230.22000128,5,30.500032000000004,False,0,pos,2166.5318004327564,0.4029109171819256,OnTrack,-4005.0,11414.0,7379.0
2026-09-12 14:17:15.916,0 days 00:31:13.386000,63,1244.315833333333,0 days 00:00:37.728000,11808.0,229.0,5,0.0,True,0,car,2174.168055555556,0.40433103506560847,OnTrack,-3999.953717063096,11492.963574757596,7375.497593193935
2026-09-12 14:17:16.074,0 days 00:31:13.544000,63,1243.3941674133334,0 days 00:00:37.886000,11217.4754784,220.1125072,5,0.0,True,0,pos,2183.825840063569,0.4061270977005035,OnTrack,-3992.0,11590.0,7371.0
2026-09-12 14:17:16.076,0 days 00:31:13.546000,63,1243.3825000000002,0 days 00:00:37.888000,11210.0,220.0,5,0.0,True,0,car,2183.945833333333,0.40614941290416984,OnTrack,-3991.899020317735,11591.156894814358,7370.95348815575
2026-09-12 14:17:16.274,0 days 00:31:13.744000,63,1243.4924999288894,0 days 00:00:38.086000,10901.450199466666,213.40000426666666,5,1.6499989333333334,True,0,pos,2195.5161008855985,0.40830114089200376,OnTrack,-3975.0,11714.0,7367.0
2026-09-12 14:17:16.436,0 days 00:31:13.906000,63,1243.582500000001,0 days 00:00:38.248000,10649.0,208.0,5,3.0,True,0,car,2204.7458333333334,0.4100175984880187,OnTrack,-3931.08839617469,11874.312735239684,7362.724836418048
2026-09-12 14:17:16.474,0 days 00:31:13.944000,63,1243.677499680001,0 days 00:00:38.286000,10621.178665142857,207.32143085714284,5,4.8999936,True,0,pos,2206.9039000162484,0.41041893514339545,OnTrack,-3922.0,11904.0,7362.0
2026-09-12 14:17:16.716,0 days 00:31:14.186000,63,1244.2825000000012,0 days 00:00:38.528000,10444.0,203.0,5,17.0,False,0,car,2220.534722222222,0.41295386542960477,OnTrack,-3892.390524438992,11970.153661780312,7361.170513412772
2026-09-12 14:17:16.774,0 days 00:31:14.244000,63,1244.7013898133343,0 days 00:00:38.586000,10429.661079466667,202.0333312,5,20.8666752,False,0,pos,2223.746994602909,0.41355125320433406,OnTrack,-3883.0,11983.0,7361.0
2026-09-12 14:17:17.074,0 days 00:31:14.544000,63,1246.8680546311118,0 days 00:00:38.886000,10355.494476088888,197.03333546666667,5,40.86665813333333,False,0,pos,2240.125409253389,0.4165971545234344,OnTrack,-3785.0,12114.0,7358.0
2026-09-12 14:17:17.076,0 days 00:31:14.546000,63,1246.8825000000006,0 days 00:00:38.888000,10355.0,197.0,5,41.0,False,0,car,2240.234722222222,0.4166174835066154,OnTrack,-3784.025927930596,12115.03970066107,7357.981225555672
2026-09-12 14:17:17.236,0 days 00:31:14.706000,63,1248.260277777778,0 days 00:00:39.048000,10362.0,197.0,5,61.0,False,0,car,2248.990277777778,0.41824575820750914,OnTrack,-3692.052774222378,12201.14956530749,7356.782733894064
2026-09-12 14:17:17.354,0 days 00:31:14.824000,63,1249.4402764977788,0 days 00:00:39.166000,10460.52989312,197.0,5,72.7999872,False,0,pos,2255.4235513894314,0.4194421570652761,OnTrack,-3627.0,12256.0,7356.0
2026-09-12 14:17:17.436,0 days 00:31:14.906000,63,1250.2602777777793,0 days 00:00:39.248000,10529.0,197.0,5,81.0,False,0,car,2259.9347222222223,0.42028110158362614,OnTrack,-3591.138431044724,12285.000770671837,7355.397214315923
2026-09-12 14:17:17.596,0 days 00:31:15.066000,63,1251.7269444444455,0 days 00:00:39.408000,10539.0,202.0,5,85.0,False,0,car,2268.9125000000004,0.42195070305357807,OnTrack,-3542.2240910166997,12320.933190126723,7354.0959633076955
2026-09-12 14:17:17.774,0 days 00:31:15.244000,63,1253.408056764445,0 days 00:00:39.586000,10664.0945344,203.4833344,5,72.1444352,False,0,pos,2279.028551459511,0.4238319898045951,OnTrack,-3481.0,12363.0,7353.0
2026-09-12 14:17:17.956,0 days 00:31:15.426000,63,1255.1269444444447,0 days 00:00:39.768000,10792.0,205.0,5,59.0,False,0,car,2289.4125000000004,0.42576309749919833,OnTrack,-3396.1011051996397,12422.889455585353,7352.181082709136
2026-09-12 14:17:17.974,0 days 00:31:15.444000,63,1255.3069457244446,0 days 00:00:39.786000,10781.6499264,204.92499946666666,5,56.67498346666667,False,0,pos,2290.437616204703,0.42595373883212134,OnTrack,-3388.0,12429.0,7352.0
2026-09-12 14:17:18.114,0 days 00:31:15.584000,63,1256.706943164445,0 days 00:00:39.926000,10701.1500736,204.3416672,5,38.5916832,False,0,pos,2298.3950945305623,0.4274335947428848,OnTrack,-3329.0,12479.0,7350.0
2026-09-12 14:17:18.196,0 days 00:31:15.666000,63,1257.5269444444452,0 days 00:00:40.008000,10654.0,204.0,5,28.0,False,0,car,2303.0125000000003,0.428292295765561,OnTrack,-3293.2878209322366,12517.999481539593,7349.1251684808685
2026-09-12 14:17:18.394,0 days 00:31:15.864000,63,1259.7819429866688,0 days 00:00:40.206000,10654.0,200.04000256,5,31.95999744,False,0,pos,2314.012725986794,0.4303380128608107,OnTrack,-3211.0,12636.0,7348.0
2026-09-12 14:17:18.396,0 days 00:31:15.866000,63,1259.8047222222244,0 days 00:00:40.208000,10654.0,200.0,5,32.0,False,0,car,2314.123611111111,0.43035863421847165,OnTrack,-3210.322190744526,12637.22999192007,7347.98977505259
2026-09-12 14:17:18.756,0 days 00:31:16.226000,63,1264.0047222222233,0 days 00:00:40.568000,10728.0,200.0,5,65.0,False,0,car,2334.123611111111,0.4340780434337109,OnTrack,-3139.0708823970854,12851.783165830322,7346.2491015039595
2026-09-12 14:17:18.814,0 days 00:31:16.284000,63,1264.6652794109746,0 days 00:00:40.626000,10743.643192204001,200.24066449544617,5,65.0,False,0,pos,2337.352952397751,0.43467860552074494,OnTrack,-3134.0,12878.0,7346.0
2026-09-12 14:17:18.997,0 days 00:31:16.467000,63,1266.7494444444465,0 days 00:00:40.809000,10793.0,201.0,5,65.0,False,0,car,2347.5794444444446,0.4365804309586471,OnTrack,-3126.6361248305197,12939.23016782591,7345.287355128479
2026-09-12 14:17:19.134,0 days 00:31:16.604000,63,1268.119446364446,0 days 00:00:40.946000,10912.875168,203.5687536,5,67.5687536,False,0,pos,2355.3289857565123,0.43802161672714623,OnTrack,-3127.0,12992.0,7345.0
2026-09-12 14:17:19.157,0 days 00:31:16.627000,63,1268.349444444446,0 days 00:00:40.969000,10933.0,204.0,5,68.0,False,0,car,2356.6461111111116,0.4382665631362223,OnTrack,-3127.374030069789,13003.325491685042,7344.9839643902205
2026-09-12 14:17:19.334,0 days 00:31:16.804000,63,1269.6277791644454,0 days 00:00:41.146000,11063.291808,207.9333376,5,83.7333504,False,0,pos,2366.972148257854,0.44018690102224717,OnTrack,-3135.0,13105.0,7345.0
2026-09-12 14:17:19.517,0 days 00:31:16.987000,63,1270.949444444445,0 days 00:00:41.329000,11198.0,212.0,5,100.0,False,0,car,2377.8461111111114,0.4422091369043759,OnTrack,-3160.269442985337,13206.033315656628,7344.9144315357535
2026-09-12 14:17:19.534,0 days 00:31:17.004000,63,1271.0580567822226,0 days 00:00:41.346000,11228.1753408,212.3187536,5,100.0,False,0,pos,2378.858208589647,0.4423973571387952,OnTrack,-3164.0,13217.0,7345.0
2026-09-12 14:17:19.677,0 days 00:31:17.147000,63,1271.9716666666673,0 days 00:00:41.489000,11482.0,215.0,5,100.0,False,0,car,2387.4016666666666,0.44398618797387907,OnTrack,-3205.954851976831,13326.032895962962,7346.6565570767925
2026-09-12 14:17:19.814,0 days 00:31:17.284000,63,1272.694723235557,0 days 00:00:41.626000,11612.83518336,217.74000384,5,100.0,False,0,pos,2395.7019861976164,0.44552980222152133,OnTrack,-3251.0,13437.0,7349.0
2026-09-12 14:17:19.877,0 days 00:31:17.347000,63,1273.0272222222238,0 days 00:00:41.689000,11673.0,219.0,5,100.0,False,0,car,2399.5683333333336,0.44624882857981635,OnTrack,-3269.247812125107,13483.34755200293,7350.06943803371
2026-09-12 14:17:20.196,0 days 00:31:17.666000,63,1274.3563888888893,0 days 00:00:42.008000,10720.0,226.0,5,100.0,False,0,car,2419.594444444445,0.44997309369042,OnTrack,-3343.6275273718365,13683.302945592992,7355.383760977724
2026-09-12 14:17:20.234,0 days 00:31:17.704000,63,1274.4830551288894,0 days 00:00:42.046000,10670.7584992,226.6333312,5,100.0,False,0,pos,2422.006438280964,0.45042165329555245,OnTrack,-3352.0,13706.0,7356.0
2026-09-12 14:17:20.436,0 days 00:31:17.906000,63,1275.1563888888904,0 days 00:00:42.248000,10409.0,230.0,6,100.0,False,0,car,2434.927777777778,0.45282464075543666,OnTrack,-3396.3932027400224,13825.480885775532,7359.20686432693
2026-09-12 14:17:20.554,0 days 00:31:18.024000,63,1275.4186108266674,0 days 00:00:42.366000,10657.291397333332,232.9499968,6,100.0,False,0,pos,2442.6134600537284,0.45425395062956525,OnTrack,-3420.0,13889.0,7361.0
2026-09-12 14:17:20.676,0 days 00:31:18.146000,63,1275.6897222222224,0 days 00:00:42.488000,10914.0,236.0,6,100.0,False,0,car,2450.6611111111115,0.45575057600475827,OnTrack,-3441.3928789389925,13946.903470192101,7362.777425549314
2026-09-12 14:17:20.935,0 days 00:31:18.405000,63,1276.0494445333334,0 days 00:00:42.747000,11001.875021714286,240.62500114285714,6,100.0,False,0,pos,2467.9960918534216,0.45897437036070554,OnTrack,-3487.0,14071.0,7366.0
2026-09-12 14:17:20.956,0 days 00:31:18.426000,63,1276.078611111111,0 days 00:00:42.768000,11009.0,241.0,6,100.0,False,0,car,2469.405555555556,0.45923648897481867,OnTrack,-3491.660951822142,14083.646882957259,7366.201525204854
2026-09-12 14:17:21.195,0 days 00:31:18.665000,63,1275.4147220444445,0 days 00:00:43.007000,11093.645856,241.9958336,6,100.0,False,0,pos,2485.4712546592036,0.46222423443958705,OnTrack,-3547.0,14247.0,7368.0
2026-09-12 14:17:21.196,0 days 00:31:18.666000,63,1275.4119444444445,0 days 00:00:43.008000,11094.0,242.0,6,100.0,False,0,car,2485.5388888888897,0.46223681240844505,OnTrack,-3547.1735761303503,14247.677587894277,7368.006862350197
2026-09-12 14:17:21.394,0 days 00:31:18.864000,63,1273.4319457244453,0 days 00:00:43.206000,11209.499925333334,244.4749984,6,93.40000426666667,False,0,pos,2499.009370957394,0.46474192416541055,OnTrack,-3569.0,14378.0,7369.0
2026-09-12 14:17:21.436,0 days 00:31:18.906000,63,1273.0119444444454,0 days 00:00:43.248000,11234.0,245.0,6,92.0,False,0,car,2501.8722222222227,0.46527432993422374,OnTrack,-3571.159832652334,14405.985439924636,7368.929389276645
2026-09-12 14:17:21.594,0 days 00:31:19.064000,63,1271.1247237511116,0 days 00:00:43.406000,11018.7251744,245.0,6,40.6500416,False,0,pos,2512.6253958533853,0.4672741025890645,OnTrack,-3572.0,14513.0,7368.0
2026-09-12 14:17:21.596,0 days 00:31:19.066000,63,1271.1008333333339,0 days 00:00:43.408000,11016.0,245.0,6,40.0,False,0,car,2512.761111111112,0.4672993416180763,OnTrack,-3571.92963454684,14514.356584261359,7367.989240344094
2026-09-12 14:17:21.754,0 days 00:31:19.224000,63,1268.774724106667,0 days 00:00:43.566000,10907.77008768,243.42000128,6,40.78999936,False,0,pos,2523.439150809762,0.46928514158086876,OnTrack,-3560.0,14621.0,7367.0
2026-09-12 14:17:21.796,0 days 00:31:19.266000,63,1268.156388888889,0 days 00:00:43.608000,10879.0,243.0,6,41.0,False,0,car,2526.2611111111114,0.4698099428383627,OnTrack,-3554.8322501159696,14648.907489320698,7366.424278133796
2026-09-12 14:17:22.074,0 days 00:31:19.544000,63,1262.7508358222233,0 days 00:00:43.886000,10628.8001152,239.5250016,6,37.5250016,False,0,pos,2544.7452920816554,0.4732474544902623,OnTrack,-3501.0,14827.0,7360.0
2026-09-12 14:17:22.116,0 days 00:31:19.586000,63,1261.9341666666678,0 days 00:00:43.928000,10591.0,239.0,6,37.0,False,0,car,2547.505555555556,0.47376078196032795,OnTrack,-3490.215395819499,14852.62111428413,7359.12438779944
2026-09-12 14:17:22.254,0 days 00:31:19.724000,63,1259.1741641066676,0 days 00:00:44.066000,10583.40999296,236.23999744,6,60.46002176,False,0,pos,2556.5172387919765,0.47543668884404594,OnTrack,-3450.0,14934.0,7356.0
2026-09-12 14:17:22.316,0 days 00:31:19.786000,63,1257.9341666666674,0 days 00:00:44.128000,10580.0,235.0,6,71.0,False,0,car,2560.5611111111116,0.47618872964249803,OnTrack,-3429.5073011444515,14968.906605891583,7353.860085216269
2026-09-12 14:17:22.414,0 days 00:31:19.884000,63,1255.4297189511117,0 days 00:00:44.226000,10604.772254577778,235.27222257777777,6,71.81666773333333,False,0,pos,2566.9658916141952,0.47737982962373576,OnTrack,-3394.0,15022.0,7350.0
2026-09-12 14:17:22.594,0 days 00:31:20.064000,63,1250.8297254933334,0 days 00:00:44.406000,10650.272189866666,235.77222186666665,6,73.3166656,False,0,pos,2578.769233518254,0.47957490255616464,OnTrack,-3319.0,15113.0,7344.0
2026-09-12 14:17:22.676,0 days 00:31:20.146000,63,1248.7341666666666,0 days 00:00:44.488000,10671.0,236.0,6,74.0,False,0,car,2584.1611111111115,0.4805776325164804,OnTrack,-3281.2520755016935,15151.429313886854,7341.866510641739
2026-09-12 14:17:22.894,0 days 00:31:20.364000,63,1241.9519404622222,0 days 00:00:44.706000,10757.59449528889,237.21111182222222,6,89.7444536888889,False,0,pos,2598.540183062,0.48325171515251647,OnTrack,-3172.0,15243.0,7337.0
2026-09-12 14:17:23.034,0 days 00:31:20.504000,63,1237.5963928711112,0 days 00:00:44.846000,10813.205504711112,237.98888817777777,6,99.85554631111111,False,0,pos,2607.8280337503534,0.4849789810245179,OnTrack,-3094.0,15293.0,7333.0
2026-09-12 14:17:23.036,0 days 00:31:20.506000,63,1237.5341666666668,0 days 00:00:44.848000,10814.0,238.0,6,100.0,False,0,car,2607.9611111111117,0.4850037294826151,OnTrack,-3092.7269908840485,15293.698125117082,7332.936259896645
2026-09-12 14:17:23.316,0 days 00:31:20.786000,63,1227.8119444444446,0 days 00:00:45.128000,11060.0,241.0,6,100.0,False,0,car,2626.705555555556,0.4884896424526755,OnTrack,-2882.769649453116,15383.024167948668,7323.436530504419
2026-09-12 14:17:23.334,0 days 00:31:20.804000,63,1227.1269395733334,0 days 00:00:45.146000,11068.8875632,241.3375024,6,100.0,False,0,pos,2627.9194609602555,0.4887153930001089,OnTrack,-2871.0,15387.0,7323.0
2026-09-12 14:17:23.476,0 days 00:31:20.946000,63,1221.7230555555557,0 days 00:00:45.288000,11139.0,244.0,6,100.0,False,0,car,2637.5500000000006,0.49050638878271635,OnTrack,-2793.821621416137,15408.31123237022,7320.752678632897
2026-09-12 14:17:23.614,0 days 00:31:21.084000,63,1216.04971696,0 days 00:00:45.426000,11190.175047466666,246.87500266666666,6,100.0,False,0,pos,2647.055113468183,0.4922740591139891,OnTrack,-2723.0,15419.0,7319.0
2026-09-12 14:17:23.716,0 days 00:31:21.186000,63,1211.856388888889,0 days 00:00:45.528000,11228.0,249.0,6,100.0,False,0,car,2654.150000000001,0.493593498431365,OnTrack,-2659.4600394300264,15424.910680641431,7316.989890929229
2026-09-12 14:17:23.994,0 days 00:31:21.464000,63,1199.5008390222224,0 days 00:00:45.806000,11415.6499136,252.97142674285715,6,100.0,False,0,pos,2673.686242429439,0.49722666243752495,OnTrack,-2458.0,15427.0,7311.0
2026-09-12 14:17:23.996,0 days 00:31:21.466000,63,1199.4119444444445,0 days 00:00:45.808000,11417.0,253.0,6,100.0,False,0,car,2673.827777777779,0.4972529838314699,OnTrack,-2456.5741866338667,15426.893600422925,7310.976495090798
2026-09-12 14:17:24.174,0 days 00:31:21.644000,63,1191.0558273244444,0 days 00:00:45.986000,11525.2834112,254.9777792,6,100.0,False,0,pos,2686.4775837305506,0.4996054740730562,OnTrack,-2332.0,15410.0,7310.0
2026-09-12 14:17:24.354,0 days 00:31:21.824000,63,1182.6058393422222,0 days 00:00:46.166000,11634.783255466667,256.97777635555553,6,100.0,False,0,pos,2699.3836890101506,0.5020056284185459,OnTrack,-2208.0,15379.0,7310.0
2026-09-12 14:17:24.356,0 days 00:31:21.826000,63,1182.5119444444445,0 days 00:00:46.168000,11636.0,257.0,6,100.0,False,0,car,2699.5277777777787,0.5020324246730523,OnTrack,-2206.6661741577645,15378.605231041376,7310.001554393155
2026-09-12 14:17:24.594,0 days 00:31:22.064000,63,1170.9425062222222,0 days 00:00:46.406000,11479.812584,259.9749984,6,100.0,False,0,pos,2716.769032441915,0.5052387887470561,OnTrack,-2047.0,15318.0,7311.0
2026-09-12 14:17:24.676,0 days 00:31:22.146000,63,1166.9563888888888,0 days 00:00:46.488000,11426.0,261.0,6,100.0,False,0,car,2722.7277777777786,0.5063469393627298,OnTrack,-1981.0809303907747,15283.146300651159,7312.479607638544
2026-09-12 14:17:24.814,0 days 00:31:22.284000,63,1160.2097159644445,0 days 00:00:46.626000,10853.2994688,261.5750005333333,6,100.0,False,0,pos,2732.7598435625337,0.508212607259115,OnTrack,-1871.0,15217.0,7316.0
2026-09-12 14:17:24.916,0 days 00:31:22.386000,63,1155.2230555555557,0 days 00:00:46.728000,10430.0,262.0,7,100.0,False,0,car,2740.1944444444453,0.5095952234107055,OnTrack,-1810.661113321404,15175.586468646792,7318.767913155561
2026-09-12 14:17:25.174,0 days 00:31:22.644000,63,1142.681382666667,0 days 00:00:46.986000,10480.678596571428,263.84285805714285,7,100.0,False,0,pos,2759.110588950161,0.5131130675202732,OnTrack,-1703.0,15076.0,7326.0
2026-09-12 14:17:25.196,0 days 00:31:22.666000,63,1141.6119444444448,0 days 00:00:47.008000,10485.0,264.0,7,100.0,False,0,car,2760.7277777777786,0.5134138168716844,OnTrack,-1692.7086227113077,15065.12323152823,7326.600182096166
2026-09-12 14:17:25.354,0 days 00:31:22.824000,63,1133.975283964445,0 days 00:00:47.166000,10515.6124752,264.9874992,7,100.0,False,0,pos,2772.358055058297,0.5155767048963317,OnTrack,-1615.0,14977.0,7331.0
2026-09-12 14:17:25.356,0 days 00:31:22.826000,63,1133.8786111111117,0 days 00:00:47.168000,10516.0,265.0,7,100.0,False,0,car,2772.505555555556,0.5156041356317697,OnTrack,-1614.0605971672521,14975.832267045107,7331.060644708979
2026-09-12 14:17:25.517,0 days 00:31:22.987000,63,1126.096944444445,0 days 00:00:47.329000,10564.0,266.0,7,100.0,False,0,car,2784.401666666667,0.5178164608963786,OnTrack,-1544.4309285510599,14879.12222470481,7336.520959557229
2026-09-12 14:17:25.554,0 days 00:31:23.024000,63,1124.370280764445,0 days 00:00:47.366000,10572.093736,266.1156248,7,100.0,False,0,pos,2787.1401984085423,0.5183257469062263,OnTrack,-1530.0,14856.0,7338.0
2026-09-12 14:17:25.714,0 days 00:31:23.184000,63,1116.903614097778,0 days 00:00:47.526000,10607.093736,266.6156248,7,100.0,False,0,pos,2798.99962123707,0.5205312492340186,OnTrack,-1474.0,14752.0,7345.0
2026-09-12 14:17:25.837,0 days 00:31:23.307000,63,1111.163611111111,0 days 00:00:47.649000,10634.0,267.0,7,100.0,False,0,car,2808.1350000000007,0.5222301598317959,OnTrack,-1437.6064782463707,14668.252419325609,7349.23448248359
2026-09-12 14:17:26.014,0 days 00:31:23.484000,63,1103.0511023111117,0 days 00:00:47.826000,10668.51503744,267.88500096,7,100.0,False,0,pos,2821.3093070255377,0.5246801917795544,OnTrack,-1396.0,14543.0,7355.0
2026-09-12 14:17:26.037,0 days 00:31:23.507000,63,1101.996944444445,0 days 00:00:47.849000,10673.0,268.0,7,100.0,False,0,car,2823.0238888888894,0.5249990533586961,OnTrack,-1391.6109716237142,14526.410272606834,7355.9500131583045
2026-09-12 14:17:26.154,0 days 00:31:23.624000,63,1096.6994473422226,0 days 00:00:47.966000,10667.1500032,268.58499968,7,100.0,False,0,pos,2831.756126924808,0.526622991689719,OnTrack,-1373.0,14441.0,7361.0
2026-09-12 14:17:26.237,0 days 00:31:23.707000,63,1092.941388888889,0 days 00:00:48.049000,10663.0,269.0,7,100.0,False,0,car,2837.968333333334,0.5277782785778611,OnTrack,-1363.7314191022035,14379.557568569098,7363.718399497875
2026-09-12 14:17:26.314,0 days 00:31:23.784000,63,1089.5405583822221,0 days 00:00:48.126000,10700.949968457142,269.54999954285717,7,100.0,False,0,pos,2843.7486002040814,0.528853237471141,OnTrack,-1358.0,14322.0,7366.0
2026-09-12 14:17:26.494,0 days 00:31:23.964000,63,1081.5905470755554,0 days 00:00:48.306000,10789.664380342858,270.8357156571429,7,100.0,False,0,pos,2857.3110075639574,0.5313754446168987,OnTrack,-1355.0,14186.0,7372.0
2026-09-12 14:17:26.517,0 days 00:31:23.987000,63,1080.5747222222221,0 days 00:00:48.329000,10801.0,271.0,7,100.0,False,0,car,2859.046111111112,0.5316981226230327,OnTrack,-1355.6259449070665,14168.632455254687,7372.739404200388
2026-09-12 14:17:26.814,0 days 00:31:24.284000,63,1068.2822164669774,0 days 00:00:48.626000,10817.545968749466,271.82729843747325,7,100.0,False,0,pos,2881.482123005202,0.5358705580926375,OnTrack,-1383.0,13946.0,7380.0
2026-09-12 14:17:26.876,0 days 00:31:24.346000,63,1065.7161111111113,0 days 00:00:48.688000,10821.0,272.0,7,100.0,False,0,car,2886.170555555557,0.5367424680542784,OnTrack,-1392.7729346342821,13900.034926373237,7380.4853796907255
2026-09-12 14:17:27.054,0 days 00:31:24.524000,63,1058.8927728711114,0 days 00:00:48.866000,10804.08998784,272.44500032,7,100.0,False,0,pos,2899.6378225972862,0.5392469819112332,OnTrack,-1428.0,13769.0,7381.0
2026-09-12 14:17:27.154,0 days 00:31:24.624000,63,1055.0594493511117,0 days 00:00:48.966000,10794.59001216,272.69499968,7,100.0,False,0,pos,2907.2166054256477,0.5406564116458387,OnTrack,-1452.0,13696.0,7382.0
2026-09-12 14:17:27.276,0 days 00:31:24.746000,63,1050.3827777777783,0 days 00:00:49.088000,10783.0,273.0,7,100.0,False,0,car,2916.50388888889,0.5423835720307246,OnTrack,-1484.7787661976129,13608.867276151464,7381.283722930742
2026-09-12 14:17:27.455,0 days 00:31:24.925000,63,1043.8194420977784,0 days 00:00:49.267000,10850.764309942857,274.9178578285714,7,100.0,False,0,pos,2930.2119995106495,0.5449328756792292,OnTrack,-1539.0,13484.0,7377.0
2026-09-12 14:17:27.556,0 days 00:31:25.026000,63,1040.1161111111119,0 days 00:00:49.368000,10889.0,276.0,7,100.0,False,0,car,2937.9705555555565,0.5463757379217481,OnTrack,-1572.3355315387885,13414.235203270986,7373.8764699041085
2026-09-12 14:17:27.675,0 days 00:31:25.145000,63,1035.9511088711115,0 days 00:00:49.487000,10899.9083392,276.4958336,7,100.0,False,0,pos,2947.122003469779,0.5480776369069951,OnTrack,-1614.0,13333.0,7370.0
2026-09-12 14:17:27.796,0 days 00:31:25.266000,63,1031.7161111111113,0 days 00:00:49.608000,10911.0,277.0,7,100.0,False,0,car,2956.4372222222228,0.5498099924304856,OnTrack,-1658.8611056017414,13251.87764687515,7366.384601866438
2026-09-12 14:17:27.875,0 days 00:31:25.345000,63,1029.6972205866668,0 days 00:00:49.687000,10912.9750016,277.079000064,7,100.0,False,0,pos,2962.523773245329,0.5509419111287038,OnTrack,-1690.0,13199.0,7364.0
2026-09-12 14:17:28.774,0 days 00:31:26.244000,63,1006.7227745066668,0 days 00:00:50.586000,10935.4500032,277.978000128,7,100.0,False,0,pos,3031.960369544156,0.5638550669361392,OnTrack,-2134.0,12600.0,7335.0
2026-09-12 14:17:28.796,0 days 00:31:26.266000,63,1006.1605555555557,0 days 00:00:50.608000,10936.0,278.0,7,100.0,False,0,car,3033.659444444445,0.564171044678215,OnTrack,-2145.1878399255716,12586.820438806963,7334.651250531295
2026-09-12 14:17:28.934,0 days 00:31:26.404000,63,1002.9022192000004,0 days 00:00:50.746000,10924.95998976,278.0,7,100.0,False,0,pos,3044.315681733816,0.566152790036908,OnTrack,-2215.0,12506.0,7333.0
2026-09-12 14:17:28.996,0 days 00:31:26.466000,63,1001.438333333334,0 days 00:00:50.808000,10920.0,278.0,7,100.0,False,0,car,3049.1038888888897,0.5670432551277609,OnTrack,-2246.3448417994196,12470.187851632068,7332.48977156125
2026-09-12 14:17:29.074,0 days 00:31:26.544000,63,999.4666699022227,0 days 00:00:50.886000,10899.5250336,278.0,7,100.0,False,0,pos,3055.1292028197827,0.5681637855357244,OnTrack,-2286.0,12425.0,7332.0
2026-09-12 14:17:29.156,0 days 00:31:26.626000,63,997.3938888888893,0 days 00:00:50.968000,10878.0,278.0,7,100.0,False,0,car,3061.4594444444456,0.5693410234873977,OnTrack,-2328.2544978412425,12376.640853816427,7331.610619905635
2026-09-12 14:17:29.354,0 days 00:31:26.824000,63,991.8938924444445,0 days 00:00:51.166000,10764.700073244445,276.9000007111111,7,100.0,False,0,pos,3076.7009251085906,0.5721754886692033,OnTrack,-2428.0,12262.0,7331.0
2026-09-12 14:17:29.516,0 days 00:31:26.986000,63,987.3938888888888,0 days 00:00:51.328000,10672.0,276.0,7,100.0,False,0,car,3089.0594444444455,0.5744738082044278,OnTrack,-2500.1422870041265,12179.182407605062,7330.543388193564
2026-09-12 14:17:29.614,0 days 00:31:27.084000,63,984.6716631111117,0 days 00:00:51.426000,10641.12995968,273.5499968,7,100.0,False,0,pos,3096.462520854071,0.575850561735382,OnTrack,-2558.0,12112.0,7331.0
2026-09-12 14:17:29.716,0 days 00:31:27.186000,63,981.8383333333345,0 days 00:00:51.528000,10609.0,271.0,7,100.0,False,0,car,3104.1150000000007,0.5772736968081218,OnTrack,-2639.893162042107,12016.122010985746,7332.463040094999
2026-09-12 14:17:29.814,0 days 00:31:27.284000,63,979.0888852977785,0 days 00:00:51.626000,10531.416565333333,269.36666453333333,7,100.0,False,0,pos,3111.422475152952,0.5786326713293226,OnTrack,-2714.0,11929.0,7334.0
2026-09-12 14:17:29.956,0 days 00:31:27.426000,63,975.105,0 days 00:00:51.768000,10419.0,267.0,7,100.0,False,0,car,3121.915000000001,0.5805839710096847,OnTrack,-2770.9428980479975,11861.51255308674,7335.0875511985705
2026-09-12 14:17:30.154,0 days 00:31:27.624000,63,969.6050035555552,0 days 00:00:51.966000,10175.035872,262.7571456,7,100.0,False,0,pos,3136.313493824897,0.583261665540579,OnTrack,-2816.0,11805.0,7336.0
2026-09-12 14:17:30.236,0 days 00:31:27.706000,63,967.3272222222217,0 days 00:00:52.048000,10074.0,261.0,7,100.0,False,0,car,3142.215000000001,0.5843591713631526,OnTrack,-2851.815460860725,11759.72196308125,7336.900078354021
2026-09-12 14:17:30.454,0 days 00:31:27.924000,63,961.5744410666669,0 days 00:00:52.266000,9970.4499392,255.5499968,7,100.0,False,0,pos,3157.69175465507,0.5872373905574556,OnTrack,-2967.0,11613.0,7340.0
2026-09-12 14:17:30.476,0 days 00:31:27.946000,63,960.9938888888892,0 days 00:00:52.288000,9960.0,255.0,7,100.0,False,0,car,3159.2150000000006,0.5875206691961059,OnTrack,-2976.1088565279656,11601.189726122648,7340.258952236031
2026-09-12 14:17:30.674,0 days 00:31:28.144000,63,956.6488916977779,0 days 00:00:52.486000,9481.2645952,242.9785792,7,29.285759999999996,False,0,pos,3172.505304630578,0.5899922732719213,OnTrack,-3040.0,11513.0,7342.0
2026-09-12 14:17:30.756,0 days 00:31:28.226000,63,954.8494444444445,0 days 00:00:52.568000,9283.0,238.0,7,0.0,True,0,car,3177.726111111112,0.5909631890586552,OnTrack,-3065.728173064145,11471.428594684014,7342.407582456331
2026-09-12 14:17:30.974,0 days 00:31:28.444000,63,951.8216648888888,0 days 00:00:52.786000,9225.385680457142,216.1999872,7,0.0,True,0,pos,3190.666104418936,0.593369645576368,OnTrack,-3134.0,11349.0,7343.0
2026-09-12 14:17:31.036,0 days 00:31:28.506000,63,950.9605555555554,0 days 00:00:52.848000,9209.0,210.0,7,0.0,True,0,car,3194.0594444444455,0.5940007065844339,OnTrack,-3151.5676097829055,11316.586511733356,7343.218775588796
2026-09-12 14:17:31.214,0 days 00:31:28.684000,63,950.2188883555554,0 days 00:00:53.026000,9931.0130192,191.6437368,7,0.0,True,0,pos,3203.050210091359,0.5956727234143933,OnTrack,-3200.0,11222.0,7344.0
2026-09-12 14:17:31.356,0 days 00:31:28.826000,63,949.6272222222219,0 days 00:00:53.168000,10507.0,177.0,5,0.0,True,0,car,3209.7927777777786,0.5969266418337554,OnTrack,-3241.9223306087183,11128.722673273873,7344.716888832208
2026-09-12 14:17:31.434,0 days 00:31:28.904000,63,949.5838889599997,0 days 00:00:53.246000,10540.799944533333,173.42500586666668,5,0.0,True,0,pos,3213.4496004299926,0.5976067028273124,OnTrack,-3261.0,11084.0,7345.0
2026-09-12 14:17:31.596,0 days 00:31:29.066000,63,949.4938888888887,0 days 00:00:53.408000,10611.0,166.0,4,0.0,True,0,car,3220.859444444445,0.5989847149328545,OnTrack,-3283.628690309896,11026.52944167476,7345.1231265633705
2026-09-12 14:17:31.754,0 days 00:31:29.224000,63,950.4594436622218,0 days 00:00:53.566000,10639.368158836363,159.8954594909091,4,1.0772718545454545,True,0,pos,3227.680408930186,0.6002532128411088,OnTrack,-3297.0,10982.0,7345.0
2026-09-12 14:17:31.954,0 days 00:31:29.424000,63,951.6816658844439,0 days 00:00:53.766000,10675.277249745455,152.16818676363636,4,2.4409082181818182,True,0,pos,3235.818948519805,0.6017667407985197,OnTrack,-3318.0,10901.0,7345.0
2026-09-12 14:17:32.036,0 days 00:31:29.506000,63,952.1827777777771,0 days 00:00:53.848000,10690.0,149.0,3,3.0,True,0,car,3239.0705555555564,0.6023714436571752,OnTrack,-3324.5684886573595,10870.525635781742,7345.05189349112
2026-09-12 14:17:32.194,0 days 00:31:29.664000,63,953.9383322223442,0 days 00:00:54.006000,10387.130385574363,144.18559861462137,3,3.87534570643248,True,0,pos,3245.208683399319,0.6035129541204957,OnTrack,-3330.0,10807.0,7345.0
2026-09-12 14:17:32.397,0 days 00:31:29.867000,63,956.1938888888876,0 days 00:00:54.209000,9998.0,138.0,3,5.0,False,0,car,3252.90888888889,0.6049449648833529,OnTrack,-3318.2549586993264,10688.222852560819,7344.079969665037
2026-09-12 14:17:32.414,0 days 00:31:29.884000,63,956.4205581155543,0 days 00:00:54.226000,10000.428598857143,137.81785508571429,3,6.153584457142857,False,0,pos,3253.547963382261,0.6050638138613463,OnTrack,-3317.0,10680.0,7344.0
2026-09-12 14:17:32.677,0 days 00:31:30.147000,63,959.9272222222212,0 days 00:00:54.489000,10038.0,135.0,3,24.0,False,0,car,3263.40888888889,0.6068976547213535,OnTrack,-3297.242814993302,10614.097680472662,7342.99205524318
2026-09-12 14:17:32.814,0 days 00:31:30.284000,63,961.4494465777767,0 days 00:00:54.626000,10260.96781248,136.7125024,3,34.61751488,False,0,pos,3268.6689238594404,0.6078758658484508,OnTrack,-3278.0,10586.0,7342.0
2026-09-12 14:17:32.994,0 days 00:31:30.464000,63,963.4494437333323,0 days 00:00:54.806000,10553.91739584,138.9624992,3,48.56749504,False,0,pos,3275.7083437104457,0.6091849900016392,OnTrack,-3238.0,10532.0,7340.0
2026-09-12 14:17:33.077,0 days 00:31:30.547000,63,964.3716666666655,0 days 00:00:54.889000,10689.0,140.0,3,55.0,False,0,car,3278.9644444444457,0.6097905285554285,OnTrack,-3215.196572663072,10507.947067455167,7339.247753665374
2026-09-12 14:17:33.234,0 days 00:31:30.704000,63,965.9852771199986,0 days 00:00:55.046000,10888.1936688,141.9624992,3,61.8687472,False,0,pos,3285.1557424472526,0.6109419270977251,OnTrack,-3168.0,10466.0,7338.0
2026-09-12 14:17:33.237,0 days 00:31:30.707000,63,966.0161111111097,0 days 00:00:55.049000,10892.0,142.0,3,62.0,False,0,car,3285.275555555557,0.6109642087966818,OnTrack,-3167.1011233696636,10465.22328866561,7337.972644422456
2026-09-12 14:17:33.434,0 days 00:31:30.904000,63,967.7124994488879,0 days 00:00:55.246000,10994.43996672,146.9249984,3,68.89499776,False,0,pos,3293.316760987242,0.612459635475894,OnTrack,-3103.0,10412.0,7336.0
2026-09-12 14:17:33.437,0 days 00:31:30.907000,63,967.7383333333323,0 days 00:00:55.249000,10996.0,147.0,3,69.0,False,0,car,3293.442222222224,0.6124829675595712,OnTrack,-3101.7712773047692,10411.030917381253,7335.972071714949
2026-09-12 14:17:33.597,0 days 00:31:31.067000,63,968.7605555555547,0 days 00:00:55.409000,11790.0,154.0,3,76.0,False,0,car,3300.286666666668,0.6137558320465641,OnTrack,-3022.9545238616925,10350.817609091928,7334.668301798599
2026-09-12 14:17:33.694,0 days 00:31:31.164000,63,969.0300004715242,0 days 00:00:55.506000,11392.959878661533,157.47670859315645,3,77.39068343726258,False,0,pos,3304.617561850665,0.6145612506194439,OnTrack,-2979.0,10318.0,7334.0
2026-09-12 14:17:33.876,0 days 00:31:31.346000,63,969.5355555555543,0 days 00:00:55.688000,10648.0,164.0,4,80.0,False,0,car,3312.9966666666683,0.6161195166028488,OnTrack,-2927.6550082400927,10280.646226856159,7332.916594612133
2026-09-12 14:17:34.055,0 days 00:31:31.525000,63,969.7841667555548,0 days 00:00:55.867000,10944.8417728,166.9833344,4,94.916672,False,0,pos,3321.310833972427,0.6176657061275528,OnTrack,-2882.0,10248.0,7332.0
2026-09-12 14:17:34.116,0 days 00:31:31.586000,63,969.8688888888883,0 days 00:00:55.928000,11046.0,168.0,4,100.0,False,0,car,3324.196666666668,0.6182023857633827,OnTrack,-2859.7903574552292,10231.843989364867,7331.706222689371
2026-09-12 14:17:34.275,0 days 00:31:31.745000,63,969.648055466665,0 days 00:00:56.087000,11392.487639466666,173.9625024,4,100.0,False,0,pos,3331.9036708028043,0.6196356608736743,OnTrack,-2800.0,10188.0,7331.0
2026-09-12 14:17:34.356,0 days 00:31:31.826000,63,969.5355555555534,0 days 00:00:56.168000,11569.0,177.0,4,100.0,False,0,car,3335.9966666666683,0.6203968372003739,OnTrack,-2781.7750181098177,10174.47292087147,7330.6876767069225
2026-09-12 14:17:34.495,0 days 00:31:31.965000,63,968.7247218488869,0 days 00:00:56.307000,11010.103909333333,185.687504,4,100.0,False,0,pos,3343.344602279648,0.621763336171969,OnTrack,-2743.0,10145.0,7330.0
2026-09-12 14:17:34.596,0 days 00:31:32.066000,63,968.1355555555538,0 days 00:00:56.408000,10604.0,192.0,4,100.0,False,0,car,3348.7966666666684,0.6227772590981271,OnTrack,-2675.2714756763107,10093.387616512764,7329.114671472963
2026-09-12 14:17:34.714,0 days 00:31:32.184000,63,967.2833342577763,0 days 00:00:56.526000,10586.791685333334,193.96666453333333,4,100.0,False,0,pos,3355.1677053970334,0.6239620841063453,OnTrack,-2588.0,10027.0,7328.0
2026-09-12 14:17:34.836,0 days 00:31:32.306000,63,966.4022222222211,0 days 00:00:56.648000,10569.0,196.0,5,100.0,False,0,car,3361.863333333335,0.62520727311875,OnTrack,-2534.9000957492262,9986.996199626696,7327.203522216233
2026-09-12 14:17:35.116,0 days 00:31:32.586000,63,963.5244444444443,0 days 00:00:56.928000,11116.0,207.0,5,100.0,False,0,car,3377.9633333333345,0.6282013975370175,OnTrack,-2471.76881330631,9939.276819210214,7326.1781881217685
2026-09-12 14:17:35.154,0 days 00:31:32.624000,63,963.102223644444,0 days 00:00:56.966000,11145.06990208,207.9499968,5,100.0,False,0,pos,3380.1859384855384,0.6286147364412646,OnTrack,-2451.0,9923.0,7326.0
2026-09-12 14:17:35.316,0 days 00:31:32.786000,63,961.3022222222212,0 days 00:00:57.128000,11269.0,212.0,5,100.0,False,0,car,3389.7411111111123,0.6303917162971029,OnTrack,-2332.851236556057,9829.543044439106,7325.103388247408
2026-09-12 14:17:35.334,0 days 00:31:32.804000,63,961.0822206577768,0 days 00:00:57.146000,11293.4126736,212.562504,5,100.0,False,0,pos,3390.814230121985,0.6305912847340074,OnTrack,-2321.0,9820.0,7325.0
2026-09-12 14:17:35.476,0 days 00:31:32.946000,63,959.3466666666659,0 days 00:00:57.288000,11486.0,217.0,5,100.0,False,0,car,3399.3855555555565,0.6321852980742293,OnTrack,-2251.139072360922,9761.866847168058,7324.192404988882
2026-09-12 14:17:35.756,0 days 00:31:33.226000,63,955.4577777777768,0 days 00:00:57.568000,10326.0,226.0,6,100.0,False,0,car,3416.9633333333345,0.6354542455067341,OnTrack,-2179.8766568736955,9683.449236376286,7323.0262104383
2026-09-12 14:17:35.774,0 days 00:31:33.244000,63,955.2027759644434,0 days 00:00:57.586000,10338.214372571429,226.25714468571428,6,100.0,False,0,pos,3418.106608247458,0.6356668608692914,OnTrack,-2174.0,9676.0,7323.0
2026-09-12 14:17:35.954,0 days 00:31:33.424000,63,952.6527795911101,0 days 00:00:57.766000,10460.357056,228.8285696,6,100.0,False,0,pos,3429.583057659613,0.6378011414543809,OnTrack,-2108.0,9586.0,7323.0
2026-09-12 14:17:36.036,0 days 00:31:33.506000,63,951.4911111111101,0 days 00:00:57.848000,10516.0,230.0,6,100.0,False,0,car,3434.8522222222236,0.6387810504159204,OnTrack,-2081.4243676779524,9541.81567442131,7323.010832113124
2026-09-12 14:17:36.054,0 days 00:31:33.524000,63,951.2311092622213,0 days 00:00:57.866000,10533.3251232,230.30000213333332,6,100.0,False,0,pos,3436.0129624748324,0.6389969138155229,OnTrack,-2076.0,9532.0,7323.0
2026-09-12 14:17:36.276,0 days 00:31:33.746000,63,948.0244444444443,0 days 00:00:58.088000,10747.0,234.0,6,100.0,False,0,car,3450.4522222222236,0.641682189603807,OnTrack,-2020.1011206057626,9406.765101293777,7322.357263518234
2026-09-12 14:17:36.414,0 days 00:31:33.884000,63,945.9927758933329,0 days 00:00:58.226000,10914.7564056,236.156252,6,100.0,False,0,pos,3459.5485340897576,0.643373834913047,OnTrack,-1994.0,9313.0,7322.0
2026-09-12 14:17:36.596,0 days 00:31:34.066000,63,943.3133333333326,0 days 00:00:58.408000,11136.0,239.0,6,100.0,False,0,car,3471.696666666668,0.6456330287257723,OnTrack,-1968.7833892961303,9167.470426144986,7321.983929996891
2026-09-12 14:17:36.614,0 days 00:31:34.084000,63,943.0333313422215,0 days 00:00:58.426000,11139.24002304,239.31500224,6,100.0,False,0,pos,3472.90819351622,0.645858336932209,OnTrack,-1967.0,9154.0,7322.0
2026-09-12 14:17:36.974,0 days 00:31:34.444000,63,937.433331342222,0 days 00:00:58.786000,11204.04002304,245.61500224,6,100.0,False,0,pos,3497.5059702651697,0.6504327968079311,OnTrack,-1954.0,8935.0,7322.0
2026-09-12 14:17:36.996,0 days 00:31:34.466000,63,937.0911111111109,0 days 00:00:58.808000,11208.0,246.0,6,100.0,False,0,car,3499.030000000001,0.6507162213199326,OnTrack,-1953.7042372222763,8921.562070610964,7321.8694956464815
2026-09-12 14:17:37.214,0 days 00:31:34.684000,63,933.6394424177771,0 days 00:00:59.026000,11296.411163022221,249.63333546666667,6,100.0,False,0,pos,3514.2533838832405,0.6535473210350546,OnTrack,-1951.0,8769.0,7320.0
2026-09-12 14:17:37.356,0 days 00:31:34.826000,63,931.3911111111101,0 days 00:00:59.168000,11354.0,252.0,6,100.0,False,0,car,3524.230000000001,0.655402676931134,OnTrack,-1948.662879818955,8630.339836119298,7319.356075606989
2026-09-12 14:17:37.434,0 days 00:31:34.904000,63,930.1344465066658,0 days 00:00:59.246000,11381.2999552,252.55714194285713,6,100.0,False,0,pos,3529.715980392888,0.6564229072325303,OnTrack,-1947.0,8555.0,7319.0
2026-09-12 14:17:37.636,0 days 00:31:35.106000,63,926.8799999999992,0 days 00:00:59.448000,11452.0,254.0,6,100.0,False,0,car,3543.9855555555564,0.6590766267004092,OnTrack,-1941.1588713699032,8396.00989335815,7317.479021239419
2026-09-12 14:17:37.796,0 days 00:31:35.266000,63,924.168888888888,0 days 00:00:59.608000,11603.0,257.0,6,100.0,False,0,car,3555.4077777777784,0.6612008226300014,OnTrack,-1936.0861386196366,8303.951973743066,7316.21893341108
2026-09-12 14:17:37.834,0 days 00:31:35.304000,63,923.5250021688881,0 days 00:00:59.646000,11612.499968,257.0,6,100.0,False,0,pos,3558.120497612572,0.6617053083875961,OnTrack,-1935.0,8286.0,7316.0
2026-09-12 14:17:37.996,0 days 00:31:35.466000,63,920.7799999999997,0 days 00:00:59.808000,11653.0,257.0,6,100.0,False,0,car,3569.685555555556,0.6638560675419917,OnTrack,-1930.4894164373823,8223.824791119643,7315.372213630488
2026-09-12 14:17:38.074,0 days 00:31:35.544000,63,919.1116694044439,0 days 00:00:59.886000,11648.883340088889,257.4333326222222,6,100.0,False,0,pos,3575.277658190127,0.664896033445571,OnTrack,-1926.0,8187.0,7315.0
2026-09-12 14:17:38.334,0 days 00:31:35.804000,63,913.5505528177764,0 days 00:01:00.146000,11635.161104355555,258.8777784888889,6,100.0,False,0,pos,3594.0018789446844,0.6683781854067049,OnTrack,-1894.0,8005.0,7313.0
2026-09-12 14:17:38.356,0 days 00:31:35.826000,63,913.0799999999986,0 days 00:01:00.168000,11634.0,259.0,6,100.0,False,0,car,3595.5855555555563,0.6686727024757265,OnTrack,-1890.31432462001,7989.44027337699,7312.8437411766945
2026-09-12 14:17:38.514,0 days 00:31:35.984000,63,909.5250028799977,0 days 00:01:00.326000,11676.4624656,259.0,6,100.0,False,0,pos,3606.9527313656436,0.6707866613986907,OnTrack,-1859.0,7882.0,7312.0
2026-09-12 14:17:38.516,0 days 00:31:35.986000,63,909.4799999999977,0 days 00:01:00.328000,11677.0,259.0,6,100.0,False,0,car,3607.0966666666677,0.6708134291129421,OnTrack,-1858.5328399560935,7880.639493814447,7311.99449587675
2026-09-12 14:17:38.717,0 days 00:31:36.187000,63,904.5108333333319,0 days 00:01:00.529000,11610.0,259.0,6,100.0,False,0,car,3621.5575000000013,0.673502716950944,OnTrack,-1803.6597974055057,7744.075914319747,7312.02797837072
2026-09-12 14:17:38.774,0 days 00:31:36.244000,63,902.9274946666653,0 days 00:01:00.586000,11610.1781256,258.6437488,6,100.0,False,0,pos,3625.644587211669,0.6742627944428723,OnTrack,-1788.0,7709.0,7312.0
2026-09-12 14:17:39.037,0 days 00:31:36.507000,63,895.6219444444432,0 days 00:01:00.849000,11611.0,257.0,6,100.0,False,0,car,3644.4019444444452,0.6777511088101283,OnTrack,-1707.9492274400886,7559.959232425318,7311.104441785024
2026-09-12 14:17:39.094,0 days 00:31:36.564000,63,893.9277720711099,0 days 00:01:00.906000,11603.3999744,256.5249984,6,100.0,False,0,pos,3648.4466890223443,0.6785033118229448,OnTrack,-1673.0,7511.0,7311.0
2026-09-12 14:17:39.214,0 days 00:31:36.684000,63,890.3611054044433,0 days 00:01:01.026000,11587.3999744,255.5249984,6,100.0,False,0,pos,3656.942443660478,0.6800832712275191,OnTrack,-1577.0,7387.0,7311.0
2026-09-12 14:17:39.277,0 days 00:31:36.747000,63,888.48861111111,0 days 00:01:01.089000,11579.0,255.0,6,100.0,False,0,car,3661.4019444444452,0.6809126066430817,OnTrack,-1531.4267204954785,7333.059944877274,7311.026422690754
2026-09-12 14:17:39.477,0 days 00:31:36.947000,63,882.0441666666648,0 days 00:01:01.289000,11531.0,255.0,6,100.0,False,0,car,3675.568611111112,0.6835471881705429,OnTrack,-1425.9113912090386,7234.210831252306,7311.112411353317
2026-09-12 14:17:39.634,0 days 00:31:37.104000,63,876.6363910933312,0 days 00:01:01.446000,11530.21500032,255.0,6,100.0,False,0,pos,3686.696414988754,0.6856166309849367,OnTrack,-1360.0,7185.0,7311.0
2026-09-12 14:17:39.677,0 days 00:31:37.147000,63,875.1552777777756,0 days 00:01:01.489000,11530.0,255.0,6,100.0,False,0,car,3689.7352777777787,0.686181769698004,OnTrack,-1342.7543961804226,7172.36170131435,7310.928470801639
2026-09-12 14:17:39.957,0 days 00:31:37.427000,63,864.7330555555532,0 days 00:01:01.769000,11430.0,253.0,6,100.0,False,0,car,3709.4130555555566,0.6898412550981089,OnTrack,-1227.8198416412456,7095.417898032907,7310.164193039712
2026-09-12 14:17:40.054,0 days 00:31:37.524000,63,860.9608258666644,0 days 00:01:01.866000,11434.445842133333,253.0,6,100.0,False,0,pos,3716.227055957255,0.6911084578924449,OnTrack,-1168.0,7065.0,7310.0
2026-09-12 14:17:40.197,0 days 00:31:37.667000,63,855.3997222222201,0 days 00:01:02.009000,11441.0,253.0,6,100.0,False,0,car,3726.2797222222234,0.6929779568696274,OnTrack,-1053.3976086575817,7014.262732056299,7309.943956177715
2026-09-12 14:17:40.314,0 days 00:31:37.784000,63,850.6547257697497,0 days 00:01:02.126000,11414.592496232226,253.0,6,100.0,False,0,pos,3734.5086956784876,0.694508302854887,OnTrack,-961.0,6978.0,7310.0
2026-09-12 14:17:40.516,0 days 00:31:37.986000,63,842.4624999999974,0 days 00:01:02.328000,11369.0,253.0,6,100.0,False,0,car,3748.6983333333346,0.697147156307604,OnTrack,-847.2974917631612,6944.710451128577,7310.186274009996
2026-09-12 14:17:40.655,0 days 00:31:38.125000,63,836.5936084088867,0 days 00:01:02.467000,11361.35499648,252.30499968,6,100.0,False,0,pos,3758.424504311611,0.6989559368058836,OnTrack,-770.0,6931.0,7310.0
2026-09-12 14:17:40.716,0 days 00:31:38.186000,63,834.0180555555535,0 days 00:01:02.528000,11358.0,252.0,6,100.0,False,0,car,3762.698333333334,0.6997507427582714,OnTrack,-729.9949855384841,6924.962044716638,7309.763886608989
2026-09-12 14:17:40.855,0 days 00:31:38.325000,63,827.8016638044422,0 days 00:01:02.667000,11359.7375008,252.57916693333334,6,100.0,False,0,pos,3772.469797632152,0.7015679464762417,OnTrack,-630.0,6913.0,7309.0
2026-09-12 14:17:40.956,0 days 00:31:38.426000,63,823.2847222222199,0 days 00:01:02.768000,11361.0,253.0,6,100.0,False,0,car,3779.565000000001,0.7028874445297899,OnTrack,-556.882266499936,6908.534017247215,7308.429500129102
2026-09-12 14:17:41.075,0 days 00:31:38.545000,63,817.896663768887,0 days 00:01:02.887000,11349.0999936,252.40499968,6,100.0,False,0,pos,3787.8922796667166,0.7044360725663028,OnTrack,-474.0,6906.0,7308.0
2026-09-12 14:17:41.156,0 days 00:31:38.626000,63,814.2291666666652,0 days 00:01:02.968000,11341.0,252.0,6,100.0,False,0,car,3793.565000000001,0.7054910309804574,OnTrack,-421.26652470628886,6904.512442000826,7308.014487266286
2026-09-12 14:17:41.194,0 days 00:31:38.664000,63,812.4663948266651,0 days 00:01:03.006000,11340.43000192,252.18999936,6,100.0,False,0,pos,3796.232653693669,0.7059871357670222,OnTrack,-394.0,6904.0,7308.0
2026-09-12 14:17:41.356,0 days 00:31:38.826000,63,804.9513888888873,0 days 00:01:03.168000,11338.0,253.0,6,100.0,False,0,car,3807.620555555556,0.7081049491233894,OnTrack,-244.14628506112186,6903.674469024232,7307.3186325842225
2026-09-12 14:17:41.574,0 days 00:31:39.044000,63,794.899160764443,0 days 00:01:03.386000,11020.26481344,250.2749984,6,45.499968,False,0,pos,3822.8231371628067,0.7109321802296612,OnTrack,-35.0,6906.0,7306.0
2026-09-12 14:17:41.756,0 days 00:31:39.226000,63,786.506944444443,0 days 00:01:03.568000,10755.0,248.0,6,0.0,True,0,car,3835.176111111112,0.713229468486608,OnTrack,58.35579220920779,6908.142263188474,7305.8700781899115
2026-09-12 14:17:41.994,0 days 00:31:39.464000,63,776.4580609599991,0 days 00:01:03.806000,10177.8503104,233.125008,6,0.0,True,0,pos,3850.584058873737,0.7160948916314196,OnTrack,154.0,6911.0,7305.0
2026-09-12 14:17:41.996,0 days 00:31:39.466000,63,776.3736111111102,0 days 00:01:03.808000,10173.0,233.0,6,0.0,True,0,car,3850.709444444445,0.716118209643777,OnTrack,155.19352633964468,6911.023278978015,7304.977085974228
2026-09-12 14:17:42.074,0 days 00:31:39.544000,63,773.3619493866657,0 days 00:01:03.886000,10223.30991744,227.1500096,6,0.0,True,0,pos,3855.5430514611044,0.7170171177678074,OnTrack,205.0,6912.0,7304.0
2026-09-12 14:17:42.196,0 days 00:31:39.666000,63,768.651388888888,0 days 00:01:04.008000,10302.0,218.0,6,0.0,True,0,car,3862.820555555556,0.7183705185574497,OnTrack,276.06542476140385,6914.579580833262,7303.369583992846
2026-09-12 14:17:42.334,0 days 00:31:39.804000,63,763.9363845155539,0 days 00:01:04.146000,10750.500416,203.3374864,6,0.0,True,0,pos,3870.5462638350014,0.7198072720858906,OnTrack,359.0,6925.0,7303.0
2026-09-12 14:17:42.356,0 days 00:31:39.826000,63,763.1847222222204,0 days 00:01:04.168000,10822.0,201.0,5,0.0,True,0,car,3871.75388888889,0.72003185467359,OnTrack,374.3012864265267,6928.03191643455,7302.839702011948
2026-09-12 14:17:42.516,0 days 00:31:39.986000,63,758.0291666666653,0 days 00:01:04.328000,11499.0,193.0,5,0.0,True,0,car,3880.3316666666674,0.721627067959237,OnTrack,498.4620084185919,6959.852400646838,7300.939405249393
2026-09-12 14:17:42.594,0 days 00:31:40.064000,63,756.0141699733321,0 days 00:01:04.406000,11205.5254816,184.87501333333333,5,0.0,True,0,pos,3884.1915889840293,0.722344899491102,OnTrack,549.0,6975.0,7300.0
2026-09-12 14:17:42.756,0 days 00:31:40.226000,63,751.8291666666655,0 days 00:01:04.568000,10596.0,168.0,4,0.0,True,0,car,3891.531666666667,0.7237099371197709,OnTrack,613.6083036970588,6998.656712633297,7298.507709838407
2026-09-12 14:17:42.994,0 days 00:31:40.464000,63,747.7963910577764,0 days 00:01:04.806000,10826.562376,152.13334186666665,4,0.49583306666666666,True,0,pos,3901.084389951621,0.7254864614706052,OnTrack,667.0,7029.0,7297.0
2026-09-12 14:17:43.134,0 days 00:31:40.604000,63,745.4241644977764,0 days 00:01:04.946000,10962.187624,142.79999146666665,4,0.7875002666666667,True,0,pos,3906.144438647451,0.7264274810580469,OnTrack,719.0,7056.0,7296.0
2026-09-12 14:17:43.236,0 days 00:31:40.706000,63,743.6958333333318,0 days 00:01:05.048000,11061.0,136.0,3,1.0,True,0,car,3909.665000000001,0.7270822014749213,OnTrack,770.7019136491604,7082.550342835389,7294.574612398428
2026-09-12 14:17:43.394,0 days 00:31:40.864000,63,741.8086126399988,0 days 00:01:05.206000,10665.0128208,125.63125840000001,3,2.4812488,True,0,pos,3914.8421303338237,0.7280449947885272,OnTrack,848.0,7122.0,7292.0
2026-09-12 14:17:43.556,0 days 00:31:41.026000,63,739.8736111111102,0 days 00:01:05.368000,10259.0,115.0,2,4.0,True,0,car,3919.887222222223,0.7289832328515992,OnTrack,876.6132752001593,7135.992443909957,7290.642886861459
2026-09-12 14:17:43.694,0 days 00:31:41.164000,63,738.4169430933324,0 days 00:01:05.506000,10023.5372816,112.12499733333334,2,5.4375013333333335,True,0,pos,3924.04478303302,0.729756416351229,OnTrack,894.0,7142.0,7290.0
2026-09-12 14:17:43.894,0 days 00:31:41.364000,63,736.3058319822213,0 days 00:01:05.706000,9682.2872816,107.95833066666667,2,7.520834666666667,True,0,pos,3929.857216231749,0.7308373572313448,OnTrack,951.0,7160.0,7289.0
2026-09-12 14:17:44.036,0 days 00:31:41.506000,63,734.8069444444436,0 days 00:01:05.848000,9440.0,105.0,2,9.0,False,0,car,3933.887222222223,0.7315868193022667,OnTrack,995.2087302170469,7168.039042865142,7287.797265066502
2026-09-12 14:17:44.274,0 days 00:31:41.744000,63,732.691390026666,0 days 00:01:06.086000,9346.783383466667,101.69444622222223,2,11.644443022222223,False,0,pos,3940.494202097557,0.7328155223939274,OnTrack,1070.0,7162.0,7285.0
2026-09-12 14:17:44.396,0 days 00:31:41.866000,63,731.6069444444438,0 days 00:01:06.208000,9299.0,100.0,2,13.0,False,0,car,3943.887222222223,0.7334465239098863,OnTrack,1109.4456789750125,7145.043050975366,7283.401236695551
2026-09-12 14:17:44.556,0 days 00:31:42.026000,63,730.2291666666665,0 days 00:01:06.368000,9370.0,101.0,2,23.0,False,0,car,3948.3761111111116,0.7342813246448622,OnTrack,1157.0536502476546,7115.196641592556,7281.387793334854
2026-09-12 14:17:44.594,0 days 00:31:42.064000,63,729.9230565866663,0 days 00:01:06.406000,9370.0,100.7625008,2,22.5250016,False,0,pos,3949.4339630344934,0.7344780538544715,OnTrack,1166.0,7109.0,7281.0
2026-09-12 14:17:44.716,0 days 00:31:42.186000,63,728.9402777777768,0 days 00:01:06.528000,9370.0,100.0,2,21.0,False,0,car,3952.8205555555564,0.7351078600260265,OnTrack,1188.281840377373,7091.828319962532,7280.00398632791
2026-09-12 14:17:45.034,0 days 00:31:42.504000,63,726.5552787377767,0 days 00:01:06.846000,9862.8998016,102.9812488,2,50.812488,False,0,pos,3961.9174359130125,0.7367996110575992,OnTrack,1227.0,7048.0,7279.0
2026-09-12 14:17:45.036,0 days 00:31:42.506000,63,726.5402777777767,0 days 00:01:06.848000,9866.0,103.0,2,51.0,False,0,car,3961.976111111112,0.736810522911225,OnTrack,1227.353378230396,7047.591014887023,7278.999541705171
2026-09-12 14:17:45.134,0 days 00:31:42.604000,63,725.7780543173006,0 days 00:01:06.946000,10066.388385238093,105.4378149055729,2,52.95025192445832,False,0,pos,3964.8743473670397,0.7373495092431368,OnTrack,1246.0,7026.0,7279.0
2026-09-12 14:17:45.237,0 days 00:31:42.707000,63,724.9769444444428,0 days 00:01:07.049000,10277.0,108.0,2,55.0,False,0,car,3968.006111111112,0.7379319247896196,OnTrack,1263.929214152447,7004.4201963067,7278.720895768007
2026-09-12 14:17:45.434,0 days 00:31:42.904000,63,723.1163894933322,0 days 00:01:07.246000,11114.9532992,115.035712,2,64.8499968,False,0,pos,3974.3532901669946,0.7391123126031808,OnTrack,1303.0,6952.0,7277.0
2026-09-12 14:17:45.517,0 days 00:31:42.987000,63,722.3324999999991,0 days 00:01:07.329000,11468.0,118.0,2,69.0,False,0,car,3977.1838888888897,0.7396387203517237,OnTrack,1328.4759918028033,6915.565092138422,7275.679795096842
2026-09-12 14:17:45.674,0 days 00:31:43.144000,63,720.4136118933326,0 days 00:01:07.486000,10976.939089066667,125.41388586666666,2,74.66944213333333,False,0,pos,3982.8072531112234,0.7406844999871836,OnTrack,1377.0,6845.0,7273.0
2026-09-12 14:17:45.877,0 days 00:31:43.347000,63,717.9324999999994,0 days 00:01:07.689000,10342.0,135.0,3,82.0,False,0,car,3990.6838888888897,0.7421493215720103,OnTrack,1398.6000101921222,6813.5305095197355,7271.444538171345
2026-09-12 14:17:45.954,0 days 00:31:43.424000,63,716.6705566044438,0 days 00:01:07.766000,10368.342083368421,138.34341827368422,3,83.82368269473685,False,0,pos,3993.8807505006994,0.7427438433989508,OnTrack,1406.0,6802.0,7271.0
2026-09-12 14:17:46.637,0 days 00:31:44.107000,63,705.4769444444437,0 days 00:01:08.449000,10602.0,168.0,4,100.0,False,0,car,4026.1505555555564,0.7487450739137013,OnTrack,1582.2331998968637,6514.993098101704,7265.50157008665
2026-09-12 14:17:46.754,0 days 00:31:44.224000,63,703.3644455999996,0 days 00:01:08.566000,10970.5497984,173.8499968,4,100.0,False,0,pos,4031.976517726756,0.749828530783061,OnTrack,1610.0,6468.0,7265.0
2026-09-12 14:17:46.877,0 days 00:31:44.347000,63,701.1436111111111,0 days 00:01:08.689000,11358.0,180.0,4,100.0,False,0,car,4038.150555555556,0.7509767194428447,OnTrack,1634.69099484584,6425.208878282356,7264.731978313148
2026-09-12 14:17:47.037,0 days 00:31:44.507000,63,698.2991666666658,0 days 00:01:08.849000,11529.0,183.0,4,100.0,False,0,car,4046.2838888888896,0.7524892791903754,OnTrack,1661.6406167202058,6376.883705577374,7264.640510392729
2026-09-12 14:17:47.175,0 days 00:31:44.645000,63,695.654164684865,0 days 00:01:08.987000,11007.367297182433,187.22841542446076,4,100.0,False,0,pos,4053.557385319528,0.7538419346729317,OnTrack,1690.0,6326.0,7264.0
2026-09-12 14:17:47.395,0 days 00:31:44.865000,63,691.4374987699164,0 days 00:01:09.207000,10175.779701699441,193.96936129794116,4,100.0,False,0,pos,4065.5747081649074,0.7560768017396122,OnTrack,1747.0,6224.0,7262.0
2026-09-12 14:17:47.396,0 days 00:31:44.866000,63,691.4183333333331,0 days 00:01:09.208000,10172.0,194.0,4,100.0,False,0,car,4065.6300000000006,0.7560870843876608,OnTrack,1747.2683869152818,6223.515898952889,7261.992907590565
2026-09-12 14:17:47.615,0 days 00:31:45.085000,63,687.159998755555,0 days 00:01:09.427000,10367.45755712,198.92750144,4,100.0,False,0,pos,4077.878707728842,0.7583649822077321,OnTrack,1805.0,6119.0,7261.0
2026-09-12 14:17:47.774,0 days 00:31:45.244000,63,684.0683308444437,0 days 00:01:09.586000,10509.36511424,202.50500288,4,100.0,False,0,pos,4086.9249769443645,0.7600473210619196,OnTrack,1849.0,6041.0,7260.0
2026-09-12 14:17:47.796,0 days 00:31:45.266000,63,683.6405555555548,0 days 00:01:09.608000,10529.0,203.0,5,100.0,False,0,car,4088.185555555556,0.7602817514470696,OnTrack,1857.804518185663,6025.263298080314,7259.80396753308
2026-09-12 14:17:47.974,0 days 00:31:45.444000,63,679.3883302755551,0 days 00:01:09.786000,10710.4612416,205.9666688,5,100.0,False,0,pos,4098.464429839979,0.762193318433858,OnTrack,1943.0,5872.0,7258.0
2026-09-12 14:17:48.156,0 days 00:31:45.626000,63,675.0405555555553,0 days 00:01:09.968000,10896.0,209.0,5,100.0,False,0,car,4109.085555555556,0.7641685340769947,OnTrack,1982.3920225783859,5800.780741681003,7257.265806208561
2026-09-12 14:17:48.334,0 days 00:31:45.804000,63,670.3433299555555,0 days 00:01:10.146000,10999.833408,211.2250016,5,100.0,False,0,pos,4119.549502474206,0.7661145191068447,OnTrack,2005.0,5760.0,7257.0
2026-09-12 14:17:48.396,0 days 00:31:45.866000,63,668.7072222222223,0 days 00:01:10.208000,11036.0,212.0,5,100.0,False,0,car,4123.2188888888895,0.766796916589097,OnTrack,2018.645840054994,5735.561519877906,7256.8173888539495
2026-09-12 14:17:48.574,0 days 00:31:46.044000,63,663.515551822222,0 days 00:01:10.386000,11093.8500416,213.2714294857143,5,100.0,False,0,pos,4133.827267411399,0.7687697616308653,OnTrack,2075.0,5638.0,7256.0
2026-09-12 14:17:48.676,0 days 00:31:46.146000,63,660.5405555555553,0 days 00:01:10.488000,11127.0,214.0,5,100.0,False,0,car,4139.863333333334,0.7698922915915573,OnTrack,2119.494895437405,5566.117594694381,7255.2947299915895
2026-09-12 14:17:48.874,0 days 00:31:46.344000,63,654.8755592177778,0 days 00:01:10.686000,10800.9189608,210.2875024,5,48.6437832,False,0,pos,4151.362752957986,0.772030843957649,OnTrack,2207.0,5432.0,7254.0
2026-09-12 14:17:48.996,0 days 00:31:46.466000,63,651.3850000000002,0 days 00:01:10.808000,10600.0,208.0,5,17.0,False,0,car,4158.352222222223,0.7733306787772006,OnTrack,2236.8857735300617,5391.581717935758,7253.836248959822
2026-09-12 14:17:49.174,0 days 00:31:46.644000,63,646.39110752,0 days 00:01:10.986000,10598.21999872,204.43999744,5,4.539991039999999,False,0,pos,4168.451160717798,0.7752087830224296,OnTrack,2272.0,5356.0,7254.0
2026-09-12 14:17:49.196,0 days 00:31:46.666000,63,645.7738888888889,0 days 00:01:11.008000,10598.0,204.0,5,3.0,False,0,car,4169.685555555556,0.7754383439991696,OnTrack,2278.523737345258,5349.4314207099915,7253.997432597731
2026-09-12 14:17:49.354,0 days 00:31:46.824000,63,641.5166701155547,0 days 00:01:11.166000,10459.750112,200.0500032,5,0.03750240000000014,False,0,pos,4178.463768484347,0.7770708323022036,OnTrack,2345.0,5291.0,7254.0
2026-09-12 14:17:49.356,0 days 00:31:46.826000,63,641.4627777777769,0 days 00:01:11.168000,10458.0,200.0,5,0.0,False,0,car,4178.574444444445,0.7770914147614982,OnTrack,2346.162675302816,5290.214040453203,7254.004111715474
2026-09-12 14:17:49.516,0 days 00:31:46.986000,63,637.284999999999,0 days 00:01:11.328000,10164.0,198.0,5,0.0,False,0,car,4187.3744444444455,0.7787279548162035,OnTrack,2464.056252174585,5227.134089554111,7254.714377516754
2026-09-12 14:17:49.594,0 days 00:31:47.064000,63,635.5950027733325,0 days 00:01:11.406000,10483.7994752,196.0500032,5,6.933321955555556,False,0,pos,4191.562165492403,0.7795067472290349,OnTrack,2516.0,5204.0,7255.0
2026-09-12 14:17:49.876,0 days 00:31:47.346000,63,629.4849999999997,0 days 00:01:11.688000,11640.0,189.0,4,32.0,False,0,car,4206.274444444445,0.7822427965246046,OnTrack,2611.650268690658,5180.383798763168,7254.899730357174
2026-09-12 14:17:49.934,0 days 00:31:47.404000,63,628.2766639999996,0 days 00:01:11.746000,11668.13006208,188.70999936,4,45.92003072,False,0,pos,4209.297987754003,0.7828050862670168,OnTrack,2632.0,5179.0,7255.0
2026-09-12 14:17:50.076,0 days 00:31:47.546000,63,625.3183333333327,0 days 00:01:11.888000,11737.0,188.0,4,80.0,False,0,car,4216.7188888888895,0.7841851546703406,OnTrack,2696.8199748909747,5174.434804819834,7255.676984330511
2026-09-12 14:17:50.236,0 days 00:31:47.706000,63,622.1627777777776,0 days 00:01:12.048000,11855.0,189.0,4,100.0,False,0,car,4225.118888888889,0.785747306540741,OnTrack,2789.49349384409,5171.943171953524,7256.785798572467
2026-09-12 14:17:50.274,0 days 00:31:47.744000,63,621.4555579377777,0 days 00:01:12.086000,11881.3624112,189.4749984,4,100.0,False,0,pos,4227.125679016893,0.7861205102254983,OnTrack,2813.0,5173.0,7257.0
2026-09-12 14:17:50.396,0 days 00:31:47.866000,63,619.1850000000004,0 days 00:01:12.208000,11966.0,191.0,4,100.0,False,0,car,4233.607777777778,0.7873259891187648,OnTrack,2892.1061244693233,5180.764240944627,7257.551377480026
2026-09-12 14:17:50.494,0 days 00:31:47.964000,63,617.46999776,0 days 00:01:12.306000,11584.28950144,192.47000192,4,100.0,False,0,pos,4238.866257998111,0.7883039111082478,OnTrack,2953.0,5189.0,7258.0
2026-09-12 14:17:50.596,0 days 00:31:48.066000,63,615.6849999999995,0 days 00:01:12.408000,11187.0,194.0,4,100.0,False,0,car,4244.3855555555565,0.7893303374180883,OnTrack,3008.6215795982785,5197.235824322322,7258.595380950851
2026-09-12 14:17:50.756,0 days 00:31:48.226000,63,612.929444444444,0 days 00:01:12.568000,10318.0,197.0,5,100.0,False,0,car,4253.141111111112,0.7909586121189819,OnTrack,3082.6732838390844,5209.4291404874675,7259.6485492051615
2026-09-12 14:17:50.834,0 days 00:31:48.304000,63,611.6294465777771,0 days 00:01:12.646000,10404.96985728,198.55999744,5,100.0,False,0,pos,4257.472833906251,0.7917641846030871,OnTrack,3117.0,5215.0,7260.0
2026-09-12 14:17:50.956,0 days 00:31:48.426000,63,609.5961111111101,0 days 00:01:12.768000,10541.0,201.0,5,100.0,False,0,car,4264.307777777779,0.7930352822641572,OnTrack,3169.3287523661193,5223.211349193913,7260.286368757737
2026-09-12 14:17:51.074,0 days 00:31:48.544000,63,607.760557546666,0 days 00:01:12.886000,10593.608276266667,201.98333226666668,5,100.0,False,0,pos,4270.938820306276,0.794268460298514,OnTrack,3250.0,5234.0,7261.0
2026-09-12 14:17:51.196,0 days 00:31:48.666000,63,605.8627777777774,0 days 00:01:13.008000,10648.0,203.0,5,100.0,False,0,car,4277.841111111112,0.7955520824998024,OnTrack,3386.7061912449913,5250.059187223252,7262.75557749739
2026-09-12 14:17:51.214,0 days 00:31:48.684000,63,605.6027759288884,0 days 00:01:13.026000,10663.750112,203.3375024,5,100.0,False,0,pos,4278.865887920313,0.7957426607151877,OnTrack,3406.0,5252.0,7263.0
2026-09-12 14:17:51.356,0 days 00:31:48.826000,63,603.5516666666654,0 days 00:01:13.168000,10788.0,206.0,5,100.0,False,0,car,4286.996666666668,0.7972547453850009,OnTrack,3527.5428883589975,5259.901994434495,7264.370787599191
2026-09-12 14:17:51.694,0 days 00:31:49.164000,63,599.3266650666653,0 days 00:01:13.506000,10993.616744533334,207.87777848888888,5,100.0,False,0,pos,4306.515101542519,0.8008845977122153,OnTrack,3670.0,5246.0,7265.0
2026-09-12 14:17:51.716,0 days 00:31:49.186000,63,599.0516666666654,0 days 00:01:13.528000,11007.0,208.0,5,100.0,False,0,car,4307.796666666668,0.8011229309688498,OnTrack,3677.7158114054896,5245.069998680141,7265.017210805595
2026-09-12 14:17:51.994,0 days 00:31:49.464000,63,596.2716675432195,0 days 00:01:13.806000,11121.099737266175,210.5215411550536,5,100.0,False,0,pos,4324.12356195972,0.8041592512093111,OnTrack,3789.0,5227.0,7265.0
2026-09-12 14:17:52.157,0 days 00:31:49.627000,63,594.6416666666664,0 days 00:01:13.969000,11188.0,212.0,5,100.0,False,0,car,4333.766666666667,0.8059525838348378,OnTrack,3907.9341350180566,5195.023566435834,7264.523499055047
2026-09-12 14:17:52.354,0 days 00:31:49.824000,63,593.000000533333,0 days 00:01:14.166000,11237.249984,213.09444408888888,5,100.0,False,0,pos,4345.459823033805,0.8081271655121961,OnTrack,4049.0,5152.0,7264.0
2026-09-12 14:17:52.517,0 days 00:31:49.987000,63,591.6416666666664,0 days 00:01:14.329000,11278.0,214.0,5,100.0,False,0,car,4355.166666666667,0.8099323516951438,OnTrack,4101.347342313394,5131.928717418945,7264.150725743026
2026-09-12 14:17:52.634,0 days 00:31:50.104000,63,590.7966671288876,0 days 00:01:14.446000,11362.093704,214.7312496,5,100.0,False,0,pos,4362.151711156252,0.8112313636373146,OnTrack,4144.0,5105.0,7264.0
2026-09-12 14:17:52.677,0 days 00:31:50.147000,63,590.4861111111095,0 days 00:01:14.489000,11393.0,215.0,5,100.0,False,0,car,4364.7222222222235,0.8117094027646472,OnTrack,4167.372877420829,5089.056601255341,7263.79591277583
2026-09-12 14:17:52.894,0 days 00:31:50.364000,63,589.0997209955543,0 days 00:01:14.706000,11448.154215466666,215.90416746666668,5,100.0,False,0,pos,4377.734489611107,0.8141293001265159,OnTrack,4317.0,4979.0,7262.0
2026-09-12 14:17:52.917,0 days 00:31:50.387000,63,588.9527777777766,0 days 00:01:14.729000,11454.0,216.0,5,100.0,False,0,car,4379.122222222223,0.8143873773996194,OnTrack,4330.256483699887,4968.063288564843,7261.816915563163
2026-09-12 14:17:53.237,0 days 00:31:50.707000,63,587.1749999999984,0 days 00:01:15.049000,11549.0,219.0,5,100.0,False,0,car,4398.58888888889,0.818007602369119,OnTrack,4442.306999044035,4840.145937193578,7259.782521338263
2026-09-12 14:17:53.374,0 days 00:31:50.844000,63,586.4519434311106,0 days 00:01:15.186000,11641.4751296,219.68500096,5,100.0,False,0,pos,4406.937471973586,0.8195601922120895,OnTrack,4480.0,4768.0,7259.0
2026-09-12 14:17:53.437,0 days 00:31:50.907000,63,586.1194444444445,0 days 00:01:15.249000,11684.0,220.0,5,100.0,False,0,car,4410.811111111112,0.8202805746673207,OnTrack,4498.721641060326,4727.84644792874,7258.635206011937
2026-09-12 14:17:53.757,0 days 00:31:51.227000,63,584.0749999999998,0 days 00:01:15.569000,11972.0,227.0,5,100.0,False,0,car,4430.98888888889,0.8240330452978065,OnTrack,4591.496402365354,4498.804178503939,7257.044982986651
2026-09-12 14:17:53.775,0 days 00:31:51.245000,63,583.9049988183793,0 days 00:01:15.587000,11916.330440127449,227.27067857312423,5,100.0,False,0,pos,4432.142842056702,0.8242476465001222,OnTrack,4595.0,4489.0,7257.0
2026-09-12 14:17:54.155,0 days 00:31:51.625000,63,580.3161105051524,0 days 00:01:15.967000,10741.09253339869,232.98496337083293,5,100.0,False,0,pos,4456.748498154303,0.8288235717019437,OnTrack,4634.0,4337.0,7257.0
2026-09-12 14:17:54.156,0 days 00:31:51.626000,63,580.3066666666673,0 days 00:01:15.968000,10738.0,233.0,6,100.0,False,0,car,4456.813055555556,0.8288355774716002,OnTrack,4634.123847578524,4336.438470089705,7257.000217446436
2026-09-12 14:17:54.295,0 days 00:31:51.765000,63,578.7622215111121,0 days 00:01:16.107000,10786.6500224,233.0,6,100.0,False,0,pos,4465.793251030068,0.8305056285617275,OnTrack,4654.0,4247.0,7257.0
2026-09-12 14:17:54.316,0 days 00:31:51.786000,63,578.5288888888899,0 days 00:01:16.128000,10794.0,233.0,6,100.0,False,0,car,4467.168611111111,0.8307614049097128,OnTrack,4657.043596001996,4233.110689841103,7256.999306893908
2026-09-12 14:17:54.454,0 days 00:31:51.924000,63,575.6922195911119,0 days 00:01:16.266000,10869.9000704,237.7437544,6,100.0,False,0,pos,4476.390444109158,0.8324763934414293,OnTrack,4676.0,4144.0,7257.0
2026-09-12 14:17:54.636,0 days 00:31:52.106000,63,571.9511111111115,0 days 00:01:16.448000,10970.0,244.0,6,100.0,False,0,car,4488.8575,0.8347948975697945,OnTrack,4696.995138243631,4034.7993520940936,7257.0004063774195
2026-09-12 14:17:54.794,0 days 00:31:52.264000,63,567.474448071111,0 days 00:01:16.606000,11101.8311432,246.468748,6,100.0,False,0,pos,4499.749981816496,0.8368205774320496,OnTrack,4716.0,3917.0,7257.0
2026-09-12 14:17:54.956,0 days 00:31:52.426000,63,562.884444444444,0 days 00:01:16.768000,11237.0,249.0,6,100.0,False,0,car,4510.990833333334,0.8389110437679929,OnTrack,4739.609029334911,3752.029894983098,7256.9999708328505
2026-09-12 14:17:55.034,0 days 00:31:52.504000,63,560.306115342222,0 days 00:01:16.846000,11273.26994048,250.16999808,6,100.0,False,0,pos,4516.432434743162,0.8399230208894616,OnTrack,4749.0,3684.0,7257.0
2026-09-12 14:17:55.156,0 days 00:31:52.626000,63,556.2733333333335,0 days 00:01:16.968000,11330.0,252.0,6,100.0,False,0,car,4524.990833333334,0.8415146302186604,OnTrack,4758.303914367901,3614.6262473038396,7257.000023549009
2026-09-12 14:17:55.334,0 days 00:31:52.804000,63,549.9938843733327,0 days 00:01:17.146000,11408.32005632,254.67000192,6,100.0,False,0,pos,4537.595474098527,0.8438587210695023,OnTrack,4767.0,3545.0,7257.0
2026-09-12 14:17:55.356,0 days 00:31:52.826000,63,549.217777777777,0 days 00:01:17.168000,11418.0,255.0,6,100.0,False,0,car,4539.157500000001,0.8441492117461216,OnTrack,4768.424524206711,3533.6143414223197,7256.99999127278
2026-09-12 14:17:55.516,0 days 00:31:52.986000,63,543.3511111111102,0 days 00:01:17.328000,11583.0,256.0,6,100.0,False,0,car,4550.535277777779,0.8462651423219021,OnTrack,4781.549085241343,3428.543531425067,7256.999933041399
2026-09-12 14:17:55.574,0 days 00:31:53.044000,63,541.1277728711104,0 days 00:01:17.386000,11585.3562552,256.3625008,6,100.0,False,0,pos,4554.6758248231245,0.8470351617637316,OnTrack,4788.0,3376.0,7257.0
2026-09-12 14:17:55.834,0 days 00:31:53.304000,63,531.161116017778,0 days 00:01:17.646000,11595.9187448,257.9874992,6,100.0,False,0,pos,4573.324979105172,0.8505033535783849,OnTrack,4823.0,3086.0,7257.0
2026-09-12 14:17:55.836,0 days 00:31:53.306000,63,531.0844444444447,0 days 00:01:17.648000,11596.0,258.0,6,100.0,False,0,car,4573.468611111111,0.8505300648887096,OnTrack,4823.197656020469,3084.3509799710787,7256.99997880018
2026-09-12 14:17:56.174,0 days 00:31:53.644000,63,518.5033285688877,0 days 00:01:17.986000,11584.16999552,258.84500032,6,100.0,False,0,pos,4597.770468311187,0.8550494924695792,OnTrack,4840.0,2943.0,7257.0
2026-09-12 14:17:56.236,0 days 00:31:53.706000,63,516.1955555555542,0 days 00:01:18.048000,11582.0,259.0,6,100.0,False,0,car,4602.24638888889,0.8558818814817484,OnTrack,4844.1529066156145,2908.5300824430583,7257.005492394475
2026-09-12 14:17:56.396,0 days 00:31:53.866000,63,510.4177777777777,0 days 00:01:18.208000,11217.0,257.0,6,100.0,True,0,car,4613.668611111111,0.8580060774113405,OnTrack,4858.794045134825,2790.1666850672877,7257.011001254603
2026-09-12 14:17:56.434,0 days 00:31:53.904000,63,509.4150033777776,0 days 00:01:18.246000,11074.636193828572,252.6571574857143,6,86.42861714285715,True,0,pos,4616.2350945441285,0.8584833675179167,OnTrack,4863.0,2758.0,7257.0
2026-09-12 14:17:56.674,0 days 00:31:54.144000,63,503.0816700444437,0 days 00:01:18.486000,10175.493336685715,225.22858605714285,6,0.7143314285714246,True,0,pos,4631.051835103966,0.8612388435868201,OnTrack,4892.0,2549.0,7257.0
2026-09-12 14:17:56.676,0 days 00:31:54.146000,63,503.0288888888881,0 days 00:01:18.488000,10168.0,225.0,6,0.0,True,0,car,4631.168611111111,0.8612605604746748,OnTrack,4892.190672670172,2547.676404994572,7257.004120840343
2026-09-12 14:17:56.954,0 days 00:31:54.424000,63,498.39555768888835,0 days 00:01:18.766000,10967.249632,201.5437608,6,0.0,True,0,pos,4646.5596865992675,0.8641228458748293,OnTrack,4910.0,2432.0,7258.0
2026-09-12 14:17:56.996,0 days 00:31:54.466000,63,497.6955555555551,0 days 00:01:18.808000,11088.0,198.0,5,0.0,True,0,car,4648.768611111112,0.8645336405840854,OnTrack,4912.8809567409235,2414.1538057836765,7258.037270321972
2026-09-12 14:17:57.194,0 days 00:31:54.664000,63,495.71555683555465,0 days 00:01:19.006000,10857.8251488,183.97500906666667,5,0.0,True,0,pos,4658.805199686483,0.8664001495859255,OnTrack,4931.0,2306.0,7258.0
2026-09-12 14:17:57.236,0 days 00:31:54.706000,63,495.29555555555453,0 days 00:01:19.048000,10809.0,181.0,5,0.0,True,0,car,4660.835277777778,0.8667776841439465,OnTrack,4936.390560400941,2275.779714940201,7258.126589788913
2026-09-12 14:17:57.396,0 days 00:31:54.866000,63,494.53999999999996,0 days 00:01:19.208000,9997.0,165.0,4,0.0,True,0,car,4668.168611111111,0.8681414675228675,OnTrack,4958.9803276702,2152.867424599684,7258.93001623966
2026-09-12 14:17:57.414,0 days 00:31:54.884000,63,494.6200005688888,0 days 00:01:19.226000,10003.171472457143,163.32855954285714,4,0.0,True,0,pos,4668.939261613434,0.8682847857518707,OnTrack,4961.0,2142.0,7259.0
2026-09-12 14:17:57.676,0 days 00:31:55.146000,63,495.7844444444436,0 days 00:01:19.488000,10093.0,139.0,3,0.0,True,0,car,4678.979722222222,0.8701520148375497,OnTrack,4975.020075225517,2069.2676291862026,7259.240945656567
2026-09-12 14:17:57.814,0 days 00:31:55.284000,63,497.6244461511103,0 days 00:01:19.626000,10101.433341155556,130.94999253333333,3,0.0,True,0,pos,4683.713294633232,0.871032319479875,OnTrack,4981.0,2043.0,7259.0
2026-09-12 14:17:58.036,0 days 00:31:55.506000,63,500.58444444444376,0 days 00:01:19.848000,10115.0,118.0,2,0.0,True,0,car,4690.7797222222225,0.8723464662745408,OnTrack,4997.93230266507,1971.0946485528802,7258.277625711322
2026-09-12 14:17:58.094,0 days 00:31:55.564000,63,501.6155578311106,0 days 00:01:19.906000,9941.9662848,115.3416608,2,0.0,True,0,pos,4692.554189827096,0.8726764648326263,OnTrack,5003.0,1952.0,7258.0
2026-09-12 14:17:58.276,0 days 00:31:55.746000,63,504.8511111111111,0 days 00:01:20.088000,9399.0,107.0,2,0.0,True,0,car,4697.913055555556,0.8736730555613095,OnTrack,5019.366862388165,1898.8460908809845,7257.044898413769
2026-09-12 14:17:58.294,0 days 00:31:55.764000,63,505.23611397147675,0 days 00:01:20.106000,9344.910045901706,106.28357676691002,2,0.0,True,0,pos,4698.422742170994,0.8737678422160267,OnTrack,5021.0,1894.0,7257.0
2026-09-12 14:17:58.474,0 days 00:31:55.944000,63,509.0861097217897,0 days 00:01:20.286000,8804.015120562028,99.119405570358,2,0.0,True,0,pos,4703.359329374672,0.8746859016128863,OnTrack,5040.0,1846.0,7257.0
2026-09-12 14:17:58.477,0 days 00:31:55.947000,63,509.15027777777686,0 days 00:01:20.289000,8795.0,99.0,2,0.0,True,0,car,4703.440555555556,0.8747010072831712,OnTrack,5040.452041567085,1845.1031575747204,7256.9958270033
2026-09-12 14:17:58.637,0 days 00:31:56.107000,63,512.9280555555551,0 days 00:01:20.449000,9409.0,96.0,2,0.0,True,0,car,4707.707222222222,0.8754944812490889,OnTrack,5072.371582234703,1791.2976519674723,7256.361347355526
2026-09-12 14:17:58.734,0 days 00:31:56.204000,63,515.6225053333332,0 days 00:01:20.546000,9745.036379428571,92.88213668571429,2,0.0,True,0,pos,4710.134142823349,0.8759458167915131,OnTrack,5090.0,1765.0,7256.0
2026-09-12 14:17:58.917,0 days 00:31:56.387000,63,520.7058333333334,0 days 00:01:20.729000,10379.0,87.0,1,0.0,True,0,car,4714.473888888889,0.8767528813669114,OnTrack,5107.311121442408,1744.6646989307123,7255.942119772368
2026-09-12 14:17:59.034,0 days 00:31:56.504000,63,524.2483313955552,0 days 00:01:20.846000,10044.38018304,85.24500096,1,0.0,True,0,pos,4717.231443207374,0.8772657050140962,OnTrack,5120.0,1736.0,7256.0
2026-09-12 14:17:59.117,0 days 00:31:56.587000,63,526.7613888888882,0 days 00:01:20.929000,9807.0,84.0,1,0.0,False,0,car,4719.140555555556,0.877620743517134,OnTrack,5134.042123817619,1726.5487597529134,7255.972671115458
2026-09-12 14:17:59.214,0 days 00:31:56.684000,63,530.1563956088884,0 days 00:01:21.026000,9709.595640533333,81.5749952,1,0.0,False,0,pos,4721.287835873873,0.8780200742273163,OnTrack,5153.0,1715.0,7256.0
2026-09-12 14:17:59.357,0 days 00:31:56.827000,63,535.1613888888887,0 days 00:01:21.169000,9566.0,78.0,1,0.0,False,0,car,4724.3405555555555,0.8785877899130962,OnTrack,5179.722775042669,1703.7101221753726,7256.453623311687
2026-09-12 14:17:59.514,0 days 00:31:56.984000,63,540.8744421155552,0 days 00:01:21.326000,9470.8187888,76.0375008,1,15.699993599999999,False,0,pos,4727.654347438071,0.8792040573163569,OnTrack,5215.0,1700.0,7257.0
2026-09-12 14:17:59.517,0 days 00:31:56.987000,63,540.9836111111108,0 days 00:01:21.329000,9469.0,76.0,1,16.0,False,0,car,4727.718333333333,0.8792159568027811,OnTrack,5215.819581165994,1700.026245842837,7257.005155038319
2026-09-12 14:17:59.734,0 days 00:31:57.204000,63,549.7238966222217,0 days 00:01:21.546000,9876.861724509092,77.47954676363636,1,27.836374109090908,False,0,pos,4732.454595062362,0.880096761578818,OnTrack,5281.0,1709.0,7257.0
2026-09-12 14:17:59.957,0 days 00:31:57.427000,63,558.7058333333325,0 days 00:01:21.769000,10296.0,79.0,1,40.0,False,0,car,4737.373888888889,0.8810116049183605,OnTrack,5316.509074369799,1719.6419471424097,7256.9787072223735
2026-09-12 14:18:00.117,0 days 00:31:57.587000,63,565.461388888888,0 days 00:01:21.929000,9946.0,79.0,1,43.0,False,0,car,4740.885,0.8816645678694803,OnTrack,5338.40876659946,1733.1833371880932,7256.997556424271
2026-09-12 14:18:00.155,0 days 00:31:57.625000,63,567.1186166933326,0 days 00:01:21.967000,9912.384502153845,80.16923470769231,1,44.82692923076923,False,0,pos,4741.7639741398625,0.8818280310952685,OnTrack,5346.0,1738.0,7257.0
2026-09-12 14:18:00.435,0 days 00:31:57.905000,63,579.3297278044442,0 days 00:01:22.247000,9664.692194461539,88.78461932307692,1,58.28846769230769,False,0,pos,4748.924040275475,0.8831595918935943,OnTrack,5420.0,1786.0,7257.0
2026-09-12 14:18:00.637,0 days 00:31:58.107000,63,588.1391666666668,0 days 00:01:22.449000,9486.0,95.0,2,68.0,False,0,car,4754.607222222222,0.8842164958588249,OnTrack,5460.923426042661,1814.0284612060946,7256.99940038497
2026-09-12 14:18:00.835,0 days 00:31:58.305000,63,596.4991698324499,0 days 00:01:22.647000,10221.665550549811,105.76987855534632,2,72.97071317939061,False,0,pos,4760.500910701208,0.8853125478208493,OnTrack,5499.0,1838.0,7257.0
2026-09-12 14:18:00.876,0 days 00:31:58.346000,63,598.2302777777786,0 days 00:01:22.688000,10374.0,108.0,2,74.0,False,0,car,4761.777222222222,0.8855499040624882,OnTrack,5508.342741909973,1843.2148974104541,7257.000043228389
2026-09-12 14:18:01.074,0 days 00:31:58.544000,63,606.3152725511113,0 days 00:01:22.886000,11007.5995904,115.14999537777778,2,88.29999075555556,False,0,pos,4768.247842261219,0.8867532482525561,OnTrack,5559.0,1868.0,7257.0
2026-09-12 14:18:01.236,0 days 00:31:58.706000,63,612.9302777777775,0 days 00:01:23.048000,11526.0,121.0,2,100.0,False,0,car,4773.877222222222,0.887800146637708,OnTrack,5605.301857343031,1883.9188700438492,7256.999996536416
2026-09-12 14:18:01.294,0 days 00:31:58.764000,63,615.2180606044445,0 days 00:01:23.106000,11237.2681128,123.3562552,2,100.0,False,0,pos,4775.9580740353385,0.8881871236081705,OnTrack,5628.0,1889.0,7257.0
2026-09-12 14:18:01.556,0 days 00:31:59.026000,63,625.5525000000016,0 days 00:01:23.368000,9933.0,134.0,3,100.0,False,0,car,4785.788333333333,0.8900152614592282,OnTrack,5777.202961213099,1909.3244369032475,7257.00000112483
2026-09-12 14:18:01.614,0 days 00:31:59.084000,63,627.7597270933346,0 days 00:01:23.426000,10058.28027648,135.74000383999999,3,100.0,False,0,pos,4788.060200922446,0.8904377617215656,OnTrack,5808.0,1913.0,7257.0
2026-09-12 14:18:01.956,0 days 00:31:59.426000,63,640.7747222222215,0 days 00:01:23.768000,10797.0,146.0,3,100.0,False,0,car,4802.010555555556,0.8930321156004779,OnTrack,5930.156408333356,1928.379155538867,7256.999993800961
2026-09-12 14:18:02.074,0 days 00:31:59.544000,63,645.1669396800003,0 days 00:01:23.886000,11038.30973824,148.9499968,3,100.0,False,0,pos,4806.925634597264,0.893946175114546,OnTrack,5965.0,1933.0,7257.0
2026-09-12 14:18:02.156,0 days 00:31:59.626000,63,648.2191666666677,0 days 00:01:23.968000,11206.0,151.0,3,100.0,False,0,car,4810.399444444444,0.8945922011324254,OnTrack,5989.898080381305,1936.325813778901,7257.000008277276
2026-09-12 14:18:02.394,0 days 00:31:59.864000,63,657.2102729422229,0 days 00:01:24.206000,11313.0999424,154.718748,3,84.38125840000001,False,0,pos,4820.79081213145,0.8965246885691249,OnTrack,6083.0,1948.0,7257.0
2026-09-12 14:18:02.476,0 days 00:31:59.946000,63,660.3080555555562,0 days 00:01:24.288000,11350.0,156.0,3,79.0,False,0,car,4824.266111111111,0.897170991521658,OnTrack,6132.82569093193,1953.6096093529782,7256.999955649859
2026-09-12 14:18:02.654,0 days 00:32:00.124000,63,668.0708389155569,0 days 00:01:24.466000,10572.2383296,147.5944384,3,39.9388608,False,0,pos,4831.41043034045,0.8984996238605689,OnTrack,6248.0,1966.0,7257.0
2026-09-12 14:18:02.836,0 days 00:32:00.306000,63,676.0080555555578,0 days 00:01:24.648000,9777.0,139.0,3,0.0,True,0,car,4838.166111111111,0.8997559809262493,OnTrack,6313.385016763245,1972.4670530791686,7257.000757871995
2026-09-12 14:18:03.134,0 days 00:32:00.604000,63,690.9908397688905,0 days 00:01:24.946000,10418.377548218183,125.45453963636363,3,0.0,True,0,pos,4848.120376750258,0.9016071802937088,OnTrack,6372.0,1973.0,7257.0
2026-09-12 14:18:03.234,0 days 00:32:00.704000,63,696.0186046755571,0 days 00:01:25.046000,10633.604269963636,120.90909672727273,3,0.0,True,0,pos,4851.349245010851,0.9022076544118707,OnTrack,6406.0,1972.0,7257.0
2026-09-12 14:18:03.276,0 days 00:32:00.746000,63,698.1302777777792,0 days 00:01:25.088000,10724.0,119.0,2,0.0,True,0,car,4852.710555555555,0.9024608179611094,OnTrack,6420.267350461692,1971.2610218860275,7257.004084320576
2026-09-12 14:18:03.414,0 days 00:32:00.884000,63,705.1836176533341,0 days 00:01:25.226000,10408.3247072,117.2749984,2,0.8625008,True,0,pos,4857.197636935051,0.9032952825527307,OnTrack,6465.0,1967.0,7257.0
2026-09-12 14:18:03.436,0 days 00:32:00.906000,63,706.3080555555562,0 days 00:01:25.248000,10358.0,117.0,2,1.0,False,0,car,4857.910555555556,0.9034278643570718,OnTrack,6471.876196132377,1965.9730938539267,7256.9873580794765
2026-09-12 14:18:03.634,0 days 00:32:01.104000,63,716.5380489422225,0 days 00:01:25.446000,10193.66010624,115.02000128,2,1.0,False,0,pos,4864.237071383474,0.9046044094206076,OnTrack,6531.0,1952.0,7257.0
2026-09-12 14:18:03.636,0 days 00:32:01.106000,63,716.6413888888892,0 days 00:01:25.448000,10192.0,115.0,2,1.0,False,0,car,4864.299444444445,0.9046160089674954,OnTrack,6531.576806394933,1951.8114006296003,7257.006448913224
2026-09-12 14:18:03.796,0 days 00:32:01.266000,63,725.1302777777773,0 days 00:01:25.608000,10059.0,110.0,2,0.0,False,0,car,4869.188333333334,0.9055251978867762,OnTrack,6576.241183441943,1933.69033280465,7257.900327887852
2026-09-12 14:18:03.854,0 days 00:32:01.324000,63,728.2397290844444,0 days 00:01:25.666000,10082.9250528,109.6374992,2,6.1625136000000005,False,0,pos,4870.934998747688,0.9058500260586804,OnTrack,6591.0,1926.0,7258.0
2026-09-12 14:18:04.054,0 days 00:32:01.524000,63,738.9619513066681,0 days 00:01:25.866000,10165.4250528,108.3874992,2,27.4125136,False,0,pos,4876.915531075061,0.9069622284112037,OnTrack,6638.0,1891.0,7257.0
2026-09-12 14:18:04.116,0 days 00:32:01.586000,63,742.2858333333352,0 days 00:01:25.928000,10191.0,108.0,2,34.0,False,0,car,4878.788333333334,0.9073105143100909,OnTrack,6655.024843344657,1872.7048039355861,7256.832520941354
2026-09-12 14:18:04.334,0 days 00:32:01.804000,63,753.3069509155556,0 days 00:01:26.146000,10516.183524266668,110.7250016,2,42.175004799999996,False,0,pos,4885.496546130646,0.9085580437348961,OnTrack,6717.0,1791.0,7257.0
2026-09-12 14:18:04.356,0 days 00:32:01.826000,63,754.4191666666666,0 days 00:01:26.168000,10549.0,111.0,2,43.0,False,0,car,4886.188333333334,0.9086866957197296,OnTrack,6721.709353313866,1783.7015886371503,7257.015908079223
2026-09-12 14:18:04.676,0 days 00:32:02.146000,63,765.7969444444443,0 days 00:01:26.488000,10329.0,117.0,2,53.0,False,0,car,4896.588333333334,0.910620788511654,OnTrack,6758.267007484162,1702.1618479305168,7257.0088727462335
2026-09-12 14:18:04.734,0 days 00:32:02.204000,63,767.327503377778,0 days 00:01:26.546000,10092.06947712,118.74000384,2,55.9000064,False,0,pos,4898.535578419696,0.9109829185775813,OnTrack,6763.0,1689.0,7257.0
2026-09-12 14:18:04.876,0 days 00:32:02.346000,63,771.0747222222235,0 days 00:01:26.688000,9512.0,123.0,3,63.0,False,0,car,4903.421666666667,0.911891586660194,OnTrack,6774.896022874455,1656.840355426271,7256.993044349178
2026-09-12 14:18:05.074,0 days 00:32:02.544000,63,773.2747212386308,0 days 00:01:26.886000,10120.186643974906,129.78504369546042,3,71.01868800372596,False,0,pos,4910.678609596822,0.9132411636806382,OnTrack,6794.0,1604.0,7257.0
2026-09-12 14:18:05.197,0 days 00:32:02.667000,63,774.641388888891,0 days 00:01:27.009000,10498.0,134.0,3,76.0,False,0,car,4915.37,0.9141136237155314,OnTrack,6808.5355078635,1560.7872038784167,7257.000231204605
2026-09-12 14:18:05.254,0 days 00:32:02.724000,63,775.021390168891,0 days 00:01:27.066000,10695.3631648,136.4937584,3,77.0687536,False,0,pos,4917.576464849383,0.9145239610002263,OnTrack,6815.0,1541.0,7257.0
2026-09-12 14:18:05.357,0 days 00:32:02.827000,63,775.7080555555576,0 days 00:01:27.169000,11052.0,141.0,3,79.0,False,0,car,4921.636666666666,0.915279038602973,OnTrack,6825.303059198393,1508.5077032511804,7256.999818413366
2026-09-12 14:18:05.554,0 days 00:32:03.024000,63,775.8722221688904,0 days 00:01:27.366000,11400.68988672,148.87999744,3,80.96999936,False,0,pos,4929.786178510994,0.9167946070756475,OnTrack,6843.0,1447.0,7257.0
2026-09-12 14:18:05.557,0 days 00:32:03.027000,63,775.8747222222237,0 days 00:01:27.369000,11406.0,149.0,3,81.0,False,0,car,4929.914444444445,0.9168184607503915,OnTrack,6843.293173959321,1445.9035972203685,7257.0000033562
2026-09-12 14:18:05.754,0 days 00:32:03.224000,63,775.0538891555582,0 days 00:01:27.566000,11571.47994624,158.8499968,3,99.71499392,False,0,pos,4938.611329788978,0.9184358245251083,OnTrack,6864.0,1365.0,7257.0
2026-09-12 14:18:05.757,0 days 00:32:03.227000,63,775.0413888888916,0 days 00:01:27.569000,11574.0,159.0,3,100.0,False,0,car,4938.747777777778,0.9184611998204555,OnTrack,6864.325723740817,1363.713448453738,7256.999989499813
2026-09-12 14:18:05.974,0 days 00:32:03.444000,63,772.4494421511137,0 days 00:01:27.786000,11138.794059377778,166.83611804444445,3,100.0,False,0,pos,4948.928020255897,0.9203544242047798,OnTrack,6888.0,1269.0,7257.0
2026-09-12 14:18:06.117,0 days 00:32:03.587000,63,770.7413888888914,0 days 00:01:27.929000,10852.0,172.0,3,100.0,False,0,car,4955.947777777777,0.9216598917455613,OnTrack,6903.036055644341,1203.8703898966548,7257.005140809989
2026-09-12 14:18:06.214,0 days 00:32:03.684000,63,769.1247190222249,0 days 00:01:28.026000,11077.871875657143,176.50358034285713,3,100.0,False,0,pos,4960.842088634601,0.9225700889907171,OnTrack,6913.0,1158.0,7257.0
2026-09-12 14:18:06.394,0 days 00:32:03.864000,63,766.124723288892,0 days 00:01:28.206000,11497.014136685715,184.8607113142857,3,100.0,False,0,pos,4970.178742108383,0.9243064307392111,OnTrack,6931.0,1069.0,7257.0
2026-09-12 14:18:06.397,0 days 00:32:03.867000,63,766.0747222222253,0 days 00:01:28.209000,11504.0,185.0,4,100.0,False,0,car,4970.336666666666,0.9243358000420806,OnTrack,6931.289090610366,1067.4865011923573,7257.001953932941
2026-09-12 14:18:06.554,0 days 00:32:04.024000,63,762.9347235022256,0 days 00:01:28.366000,11748.3311504,191.8687472,4,100.0,False,0,pos,4978.7078676680585,0.9258925961494407,OnTrack,6946.0,987.0,7257.0
2026-09-12 14:18:06.557,0 days 00:32:04.027000,63,762.8747222222255,0 days 00:01:28.369000,11753.0,192.0,4,100.0,False,0,car,4978.869999999999,0.9259227479739159,OnTrack,6946.280251331937,985.4320705911948,7256.989234554309
2026-09-12 14:18:06.714,0 days 00:32:04.184000,63,759.2113903822253,0 days 00:01:28.526000,10949.496756114286,195.9249984,4,100.0,False,0,pos,4987.471379106695,0.9275223504095764,OnTrack,6961.0,902.0,7256.0
2026-09-12 14:18:06.837,0 days 00:32:04.307000,63,756.3413888888917,0 days 00:01:28.649000,10320.0,199.0,5,100.0,False,0,car,4994.347777777777,0.9288011574388205,OnTrack,6972.360427830586,835.7960660549402,7255.782496477877
2026-09-12 14:18:06.995,0 days 00:32:04.465000,63,752.3913856888927,0 days 00:01:28.807000,10747.5878464,204.9250048,5,100.0,False,0,pos,5003.343575851723,0.9304741101515538,OnTrack,6987.0,749.0,7256.0
2026-09-12 14:18:06.997,0 days 00:32:04.467000,63,752.3413888888927,0 days 00:01:28.809000,10753.0,205.0,5,100.0,False,0,car,5003.458888888888,0.9304955549702074,OnTrack,6987.188606607633,747.8802056643827,7256.001517851637
2026-09-12 14:18:07.195,0 days 00:32:04.665000,63,747.061385475559,0 days 00:01:29.007000,11028.785892571428,209.9500032,5,100.0,False,0,pos,5015.062026261302,0.9326533957736395,OnTrack,7006.0,635.0,7256.0
2026-09-12 14:18:07.277,0 days 00:32:04.747000,63,744.8747222222255,0 days 00:01:29.089000,11143.0,212.0,5,100.0,False,0,car,5019.947777777777,0.9335620012343269,OnTrack,7013.502257873375,587.916998273343,7255.930294176495
2026-09-12 14:18:07.455,0 days 00:32:04.925000,63,739.4358306698567,0 days 00:01:29.267000,11327.380018608168,215.82795886383738,5,100.0,False,0,pos,5030.68009117142,0.9355578945011843,OnTrack,7032.0,471.0,7256.0
2026-09-12 14:18:07.556,0 days 00:32:05.026000,63,736.3497222222259,0 days 00:01:29.368000,11432.0,218.0,5,100.0,False,0,car,5036.842777777777,0.9367039721689002,OnTrack,7046.803012457371,381.4350432828031,7256.516217149412
2026-09-12 14:18:07.654,0 days 00:32:05.124000,63,733.1919403200033,0 days 00:01:29.466000,11431.01999872,219.96000256,5,100.0,False,0,pos,5042.871028634436,0.9378250487583019,OnTrack,7062.0,292.0,7257.0
2026-09-12 14:18:07.756,0 days 00:32:05.226000,63,729.9052777777806,0 days 00:01:29.568000,11430.0,222.0,5,100.0,False,0,car,5049.176111111111,0.9389976078516312,OnTrack,7076.344502334351,210.81279941445783,7257.114276014573
2026-09-12 14:18:07.996,0 days 00:32:05.466000,63,721.8386111111131,0 days 00:01:29.808000,11649.0,224.0,5,100.0,False,0,car,5064.109444444445,0.9417747667323433,OnTrack,7103.819606398582,65.95862117907949,7256.23053755142
2026-09-12 14:18:08.094,0 days 00:32:05.564000,63,718.5174956622245,0 days 00:01:29.906000,11701.850069028571,225.05000137142858,5,100.0,False,0,pos,5070.332684987193,0.9429321056435105,OnTrack,7112.0,23.0,7256.0
2026-09-12 14:18:08.276,0 days 00:32:05.746000,63,712.349722222225,0 days 00:01:30.088000,11800.0,227.0,5,100.0,False,0,car,5081.765,0.9450581785340184,OnTrack,7122.984986736702,-37.301881707348386,7255.983631725861
2026-09-12 14:18:08.354,0 days 00:32:05.824000,63,710.226392373336,0 days 00:01:30.166000,11566.000384,221.42858057142857,5,72.14290285714286,False,0,pos,5086.402778626746,0.9459206683621464,OnTrack,7129.0,-75.0,7256.0
2026-09-12 14:18:08.556,0 days 00:32:06.026000,63,704.7275000000027,0 days 00:01:30.368000,10960.0,207.0,5,0.0,True,0,car,5097.865000000001,0.948052302952286,OnTrack,7152.62252070357,-234.62118948491033,7255.892417834144
2026-09-12 14:18:08.674,0 days 00:32:06.144000,63,701.9413919111134,0 days 00:01:30.486000,11024.1624304,199.625008,5,0.0,True,0,pos,5104.411767790365,0.9492698083747617,OnTrack,7164.0,-318.0,7256.0
2026-09-12 14:18:08.716,0 days 00:32:06.186000,63,700.9497222222244,0 days 00:01:30.528000,11047.0,197.0,5,0.0,True,0,car,5106.620555555557,0.9496805776531798,OnTrack,7166.659695430784,-339.61493204427774,7256.1019146668405
2026-09-12 14:18:08.956,0 days 00:32:06.426000,63,697.7497222222237,0 days 00:01:30.768000,10406.0,168.0,4,0.0,True,0,car,5117.820555555557,0.9517634468137138,OnTrack,7172.514430682053,-410.9450233855688,7256.9682430434905
2026-09-12 14:18:08.974,0 days 00:32:06.444000,63,697.5747209777793,0 days 00:01:30.786000,10433.562696,166.9874928,4,0.0,True,0,pos,5118.624948190919,0.9519130400827456,OnTrack,7173.0,-417.0,7257.0
2026-09-12 14:18:09.116,0 days 00:32:06.586000,63,696.1941666666689,0 days 00:01:30.928000,10651.0,159.0,4,0.0,True,0,car,5124.8872222222235,0.953077638069765,OnTrack,7178.020373843457,-475.7715930758886,7257.022808215403
2026-09-12 14:18:09.174,0 days 00:32:06.644000,63,696.0652774933355,0 days 00:01:30.986000,10615.2332544,156.583328,4,0.2416672,True,0,pos,5127.364161512553,0.953538275610867,OnTrack,7180.0,-507.0,7257.0
2026-09-12 14:18:09.356,0 days 00:32:06.826000,63,695.6608333333352,0 days 00:01:31.168000,10503.0,149.0,3,1.0,True,0,car,5134.820555555557,0.9549249446466671,OnTrack,7184.321598205249,-629.2840969321513,7256.995656437553
2026-09-12 14:18:09.414,0 days 00:32:06.884000,63,695.870278240002,0 days 00:01:31.226000,10366.6996992,146.72142354285714,3,1.8285732571428572,True,0,pos,5137.108475114911,0.9553504301013065,OnTrack,7185.0,-662.0,7257.0
2026-09-12 14:18:09.636,0 days 00:32:07.106000,63,696.671944444447,0 days 00:01:31.448000,9845.0,138.0,3,5.0,False,0,car,5145.55388888889,0.9569210275921788,OnTrack,7184.235220385738,-724.6529109049287,7257.002662495146
2026-09-12 14:18:09.814,0 days 00:32:07.284000,63,698.1552788444474,0 days 00:01:31.626000,9768.714230857142,134.18571154285715,3,6.271429485714286,False,0,pos,5152.131475781813,0.9581442644573578,OnTrack,7180.0,-762.0,7257.0
2026-09-12 14:18:09.916,0 days 00:32:07.386000,63,699.005277777781,0 days 00:01:31.728000,9725.0,132.0,3,7.0,False,0,car,5155.820555555556,0.9588303243226682,OnTrack,7176.152009308934,-797.5405635081378,7257.000205920413
2026-09-12 14:18:09.974,0 days 00:32:07.444000,63,699.8108351111142,0 days 00:01:31.786000,9702.835665371429,130.96428342857143,3,7.414286628571428,False,0,pos,5157.889969667521,0.9592151742185776,OnTrack,7173.0,-819.0,7257.0
2026-09-12 14:18:10.196,0 days 00:32:07.666000,63,702.8941666666697,0 days 00:01:32.008000,9618.0,127.0,3,9.0,False,0,car,5165.698333333334,0.9606672992073059,OnTrack,7152.5497028041555,-894.6952024460553,7256.995785076388
2026-09-12 14:18:10.274,0 days 00:32:07.744000,63,704.2808310577809,0 days 00:01:32.086000,9563.678660571428,127.0,3,14.292848457142858,False,0,pos,5168.453213066283,0.9611796254605862,OnTrack,7143.0,-919.0,7257.0
2026-09-12 14:18:10.434,0 days 00:32:07.904000,63,707.1252755022255,0 days 00:01:32.246000,9452.250089142857,127.0,3,25.149991314285717,False,0,pos,5174.107767305607,0.9622312055178768,OnTrack,7118.0,-967.0,7257.0
2026-09-12 14:18:10.476,0 days 00:32:07.946000,63,707.8719444444478,0 days 00:01:32.288000,9423.0,127.0,3,28.0,False,0,car,5175.5761111111115,0.9625042740919434,OnTrack,7108.286057913515,-980.6521674464839,7256.9774425389105
2026-09-12 14:18:10.636,0 days 00:32:08.106000,63,711.1608333333361,0 days 00:01:32.448000,9493.0,125.0,3,39.0,False,0,car,5181.131666666667,0.9635374433183987,OnTrack,7059.369542495098,-1036.2797396419019,7256.855196879904
2026-09-12 14:18:10.714,0 days 00:32:08.184000,63,712.8724971911141,0 days 00:01:32.526000,9654.06973568,126.16999808,3,44.06999168,False,0,pos,5183.882163441155,0.9640489544708747,OnTrack,7036.0,-1059.0,7257.0
2026-09-12 14:18:10.836,0 days 00:32:08.306000,63,715.5497222222257,0 days 00:01:32.648000,9906.0,128.0,3,52.0,False,0,car,5188.242777777778,0.9648598999282617,OnTrack,7003.93273854285,-1085.3418140956078,7257.613882705551
2026-09-12 14:18:11.036,0 days 00:32:08.506000,63,720.1608333333352,0 days 00:01:32.848000,10145.0,131.0,3,55.0,False,0,car,5195.520555555557,0.9662133516149183,OnTrack,6958.614135212581,-1107.6593828212272,7258.8774087583615
2026-09-12 14:18:11.174,0 days 00:32:08.644000,63,723.3808363200017,0 days 00:01:32.986000,10407.6314936,134.8812536,3,64.4875088,False,0,pos,5200.7848436282675,0.967192353693384,OnTrack,6915.0,-1121.0,7257.0
2026-09-12 14:18:11.214,0 days 00:32:08.684000,63,724.314169653335,0 days 00:01:33.026000,10483.7564936,136.0062536,3,67.2375088,False,0,pos,5202.351289014999,0.9674836662637128,OnTrack,6900.0,-1125.0,7256.0
2026-09-12 14:18:11.356,0 days 00:32:08.826000,63,727.6275000000014,0 days 00:01:33.168000,10754.0,140.0,3,77.0,False,0,car,5207.965000000001,0.9685276506821783,OnTrack,6849.208273158561,-1137.0079758632314,7255.097414515807
2026-09-12 14:18:11.494,0 days 00:32:08.964000,63,730.8858369332129,0 days 00:01:33.306000,11120.98101486644,143.058175123887,3,80.44044701437288,False,0,pos,5213.489015202325,0.9695549543346106,OnTrack,6791.0,-1149.0,7256.0
2026-09-12 14:18:11.717,0 days 00:32:09.187000,63,736.151111111114,0 days 00:01:33.529000,11714.0,148.0,3,86.0,False,0,car,5222.806111111112,0.971287658953731,OnTrack,6659.45644711914,-1175.212947722784,7256.066529807631
2026-09-12 14:18:11.794,0 days 00:32:09.264000,63,737.7766653155581,0 days 00:01:33.606000,11490.486296888888,152.27777422222223,3,88.99444195555556,False,0,pos,5226.235264309063,0.9719253801539771,OnTrack,6625.0,-1182.0,7256.0
2026-09-12 14:18:12.014,0 days 00:32:09.484000,63,742.4211151644462,0 days 00:01:33.826000,10851.874442666667,164.50001066666667,3,97.55000746666667,False,0,pos,5236.566408695729,0.973846667835764,OnTrack,6572.0,-1192.0,7256.0
2026-09-12 14:18:12.077,0 days 00:32:09.547000,63,743.7511111111126,0 days 00:01:33.889000,10669.0,168.0,3,100.0,False,0,car,5239.606111111112,0.974411962694532,OnTrack,6550.802510726642,-1195.7201235152409,7256.005957708575
2026-09-12 14:18:12.394,0 days 00:32:09.864000,63,750.0911098311113,0 days 00:01:34.206000,11279.2248768,178.8968728,3,100.0,False,0,pos,5255.363708784692,0.9773424103943893,OnTrack,6394.0,-1223.0,7256.0
2026-09-12 14:18:12.397,0 days 00:32:09.867000,63,750.1511111111113,0 days 00:01:34.209000,11285.0,179.0,4,100.0,False,0,car,5255.517222222224,0.9773709593591002,OnTrack,6392.541346638942,-1223.2621768322276,7255.999959092782
2026-09-12 14:18:12.574,0 days 00:32:10.044000,63,753.5927815111112,0 days 00:01:34.386000,11536.593130057143,185.32143542857142,4,100.0,False,0,pos,5264.729478052787,0.9790841668205673,OnTrack,6305.0,-1239.0,7256.0
2026-09-12 14:18:12.677,0 days 00:32:10.147000,63,755.5955555555556,0 days 00:01:34.489000,11683.0,189.0,4,100.0,False,0,car,5270.217222222223,0.9801047251323011,OnTrack,6239.065566899324,-1250.0132850392865,7256.000130166313
2026-09-12 14:18:12.834,0 days 00:32:10.304000,63,758.5611099022234,0 days 00:01:34.646000,11064.42025216,194.49499776,4,100.0,False,0,pos,5278.743830543553,0.9816904224105554,OnTrack,6134.0,-1267.0,7256.0
2026-09-12 14:18:12.877,0 days 00:32:10.347000,63,759.3733333333348,0 days 00:01:34.689000,10895.0,196.0,4,100.0,False,0,car,5281.106111111112,0.9821297368161536,OnTrack,6110.457732316303,-1270.8314223849234,7255.999978730355
2026-09-12 14:18:13.117,0 days 00:32:10.587000,63,763.8399999999992,0 days 00:01:34.929000,10521.0,201.0,5,100.0,False,0,car,5294.506111111113,0.9846217409903639,OnTrack,6015.38870479839,-1286.5805505177707,7255.9999862679215
2026-09-12 14:18:13.254,0 days 00:32:10.724000,63,766.4658370133328,0 days 00:01:35.066000,10706.521093333333,204.99583893333335,5,100.0,False,0,pos,5302.389764202035,0.9860878675881701,OnTrack,5947.0,-1298.0,7256.0
2026-09-12 14:18:13.274,0 days 00:32:10.744000,63,766.8491654399995,0 days 00:01:35.086000,10733.60408,205.5791648,5,100.0,False,0,pos,5303.551186113005,0.9863038577560924,OnTrack,5935.0,-1300.0,7256.0
2026-09-12 14:18:13.357,0 days 00:32:10.827000,63,768.4399999999996,0 days 00:01:35.169000,10846.0,208.0,5,100.0,False,0,car,5308.372777777779,0.9872005313795965,OnTrack,5888.950039903241,-1307.6422013583701,7255.999999837655
2026-09-12 14:18:13.517,0 days 00:32:10.987000,63,771.5066666666662,0 days 00:01:35.329000,11215.0,210.0,5,100.0,False,0,car,5317.7061111111125,0.9889362556800415,OnTrack,5808.152159949326,-1320.8721877378584,7255.999999946879
2026-09-12 14:18:13.595,0 days 00:32:11.065000,63,773.0450025244438,0 days 00:01:35.407000,11267.1625856,211.7062528,5,100.0,False,0,pos,5322.3352130847425,0.9897971319069916,OnTrack,5752.0,-1330.0,7256.0
2026-09-12 14:18:13.837,0 days 00:32:11.307000,63,777.8177777777764,0 days 00:01:35.649000,11429.0,217.0,5,100.0,False,0,car,5336.995000000002,0.9925234192342945,OnTrack,5519.8956526939855,-1367.7155024308151,7256.0000000019345
2026-09-12 14:18:13.855,0 days 00:32:11.325000,63,778.172780302221,0 days 00:01:35.667000,11449.43014528,217.36000256,5,100.0,False,0,pos,5338.093537221863,0.9927277147076082,OnTrack,5506.0,-1370.0,7256.0
2026-09-12 14:18:14.037,0 days 00:32:11.507000,63,781.7622222222217,0 days 00:01:35.849000,11656.0,221.0,5,100.0,False,0,car,5349.27277777778,0.9948067232247609,OnTrack,5416.892364917242,-1385.0539560932193,7255.999999992785
2026-09-12 14:18:14.101,0 days 00:32:11.571000,63,781.7622222222217,0 days 00:01:35.913000,11463.416884567925,222.1662868459172,5,100.0,False,0,interpolation,5353.255978232709,0.9955474808486716,OnTrack,5407.787096275933,-1386.8679646750695,7255.999999995582
