Date,SessionTime,DriverAhead,DistanceToDriverAhead,Time,RPM,Speed,nGear,Throttle,Brake,DRS,Source,Distance,RelativeDistance,Status,X,Y,Z
2026-09-12 14:57:46.517,0 days 01:11:43.987000,,,0 days 00:00:00,10724.093536800001,237.0312472,5,100.0,False,0,interpolation,0.31557419738505005,5.8808547637683665e-05,OnTrack,5433.799980976837,-1382.4682320022216,7256.0000000000155
2026-09-12 14:57:46.607,0 days 01:11:44.077000,,,0 days 00:00:00.090000,10874.0,239.0,6,100.0,False,0,car,6.4222222222222225,0.0011968074849748114,OnTrack,5380.05356028213,-1391.2628797195218,7256.000000000011
2026-09-12 14:57:46.695,0 days 01:11:44.165000,,,0 days 00:00:00.178000,11044.971428571429,243.0857142857143,6,100.0,False,0,pos,12.491896453739681,0.002327916204088124,OnTrack,5321.0,-1401.0,7256.0
2026-09-12 14:57:46.887,0 days 01:11:44.357000,,,0 days 00:00:00.370000,11418.0,252.0,6,100.0,False,0,car,26.022222222222226,0.004849347975451572,OnTrack,5170.116265285203,-1426.048023307894,7255.999999999976
2026-09-12 14:57:46.935,0 days 01:11:44.405000,,,0 days 00:00:00.418000,11451.6,253.37142857142857,6,100.0,False,0,pos,29.448365978801995,0.0054878239344873765,OnTrack,5128.0,-1433.0,7256.0
2026-09-12 14:57:47.167,0 days 01:11:44.637000,,,0 days 00:00:00.650000,11614.0,260.0,6,100.0,False,0,car,46.24444444444445,0.008617842132292674,OnTrack,4906.704557681101,-1469.136519323882,7256.000000000262
2026-09-12 14:57:47.275,0 days 01:11:44.745000,,,0 days 00:00:00.758000,11160.785714285714,262.7,6,100.0,False,0,pos,54.198126489285585,0.010100043444392687,OnTrack,4827.0,-1482.0,7256.0
2026-09-12 14:57:47.447,0 days 01:11:44.917000,,,0 days 00:00:00.930000,10439.0,267.0,7,100.0,False,0,car,67.01111111111112,0.012487795747202575,OnTrack,4757.2296590989845,-1492.9975620085058,7255.999999998747
2026-09-12 14:57:47.575,0 days 01:11:45.045000,,,0 days 00:00:01.058000,10504.371428571429,269.2857142857143,7,100.0,False,0,pos,76.62785586535624,0.0142799156248281,OnTrack,4694.0,-1503.0,7256.0
2026-09-12 14:57:47.727,0 days 01:11:45.197000,,,0 days 00:00:01.210000,10582.0,272.0,7,100.0,False,0,car,88.16666666666667,0.016430220403590188,OnTrack,4556.7464692415215,-1525.0806255913135,7256.000000006394
2026-09-12 14:57:47.936,0 days 01:11:45.406000,,,0 days 00:00:01.419000,10783.1624384,277.2249984,7,100.0,False,0,pos,104.29097244344976,0.019435051002086538,OnTrack,4347.0,-1559.0,7256.0
2026-09-12 14:57:47.967,0 days 01:11:45.437000,,,0 days 00:00:01.450000,10813.0,278.0,7,100.0,False,0,car,106.7,0.019883983180299505,OnTrack,4325.058336856642,-1562.5506696207092,7255.999999994544
2026-09-12 14:57:48.167,0 days 01:11:45.637000,,,0 days 00:00:01.650000,10932.0,281.0,7,100.0,False,0,car,122.3111111111111,0.022793177845333433,OnTrack,4229.451852842068,-1578.0541888934508,7255.99999996073
2026-09-12 14:57:48.236,0 days 01:11:45.706000,,,0 days 00:00:01.719000,10963.9124704,281.4312496,7,100.0,False,0,pos,127.70800479295863,0.02379891114613681,OnTrack,4193.0,-1584.0,7256.0
2026-09-12 14:57:48.327,0 days 01:11:45.797000,,,0 days 00:00:01.810000,11006.0,282.0,7,100.0,False,0,car,134.84444444444443,0.025128815982100882,OnTrack,4134.592774319563,-1593.5499036195874,7256.000000109233
2026-09-12 14:57:48.496,0 days 01:11:45.966000,,,0 days 00:00:01.979000,11067.145685822494,284.54773690927055,7,100.0,False,0,pos,148.20982116301477,0.027619508820624018,OnTrack,3991.0,-1617.0,7256.0
2026-09-12 14:57:48.526,0 days 01:11:45.996000,,,0 days 00:00:02.009000,11078.0,285.0,7,100.0,False,0,car,150.5986111111111,0.028064669637392684,OnTrack,3959.9446932276073,-1622.0518031113763,7255.999999840429
2026-09-12 14:57:48.766,0 days 01:11:46.236000,,,0 days 00:00:02.249000,11171.0,289.0,7,100.0,False,0,car,169.86527777777778,0.03165509209231712,OnTrack,3684.9183071754633,-1666.644022510552,7255.999999263971
2026-09-12 14:57:48.796,0 days 01:11:46.266000,,,0 days 00:00:02.279000,11183.14994816,289.29999872,7,100.0,False,0,pos,172.28541933098188,0.0321060954094479,OnTrack,3658.0,-1671.0,7256.0
2026-09-12 14:57:48.966,0 days 01:11:46.436000,,,0 days 00:00:02.449000,11252.0,291.0,7,100.0,False,0,car,186.03194444444443,0.03466781681660492,OnTrack,3554.8800754552103,-1687.649314813627,7256.000008772671
2026-09-12 14:57:49.166,0 days 01:11:46.636000,,,0 days 00:00:02.649000,11275.0,292.0,7,100.0,False,0,car,202.25416666666666,0.037690894546818114,OnTrack,3457.2170713970486,-1702.8905863547102,7256.000001815757
2026-09-12 14:57:49.176,0 days 01:11:46.646000,,,0 days 00:00:02.659000,11275.9999872,292.04999936,7,100.0,False,0,pos,203.06654494676917,0.03784228457547415,OnTrack,3450.0,-1704.0,7256.0
2026-09-12 14:57:49.256,0 days 01:11:46.726000,,,0 days 00:00:02.739000,11283.9999872,292.44999936,7,100.0,False,0,pos,209.56994761477145,0.039054220369900326,OnTrack,3385.0,-1714.0,7256.0
2026-09-12 14:57:49.366,0 days 01:11:46.836000,,,0 days 00:00:02.849000,11295.0,293.0,7,100.0,False,0,car,218.53194444444446,0.0407243252829567,OnTrack,3282.9981081916358,-1730.0975326777789,7256.000188697415
2026-09-12 14:57:49.435,0 days 01:11:46.905000,,,0 days 00:00:02.918000,11307.841654755555,293.3833329777778,7,100.0,False,0,pos,224.1699397997298,0.041774988870727094,OnTrack,3219.0,-1740.0,7256.0
2026-09-12 14:57:49.726,0 days 01:11:47.196000,,,0 days 00:00:03.209000,11362.0,295.0,7,100.0,False,0,car,248.03194444444446,0.04622177142933753,OnTrack,2982.9107131832016,-1773.0514930427596,7255.999582986898
2026-09-12 14:57:49.735,0 days 01:11:47.205000,,,0 days 00:00:03.218000,11362.599995733333,295.0,7,100.0,False,0,pos,248.76959075762247,0.046359234849058635,OnTrack,2976.0,-1774.0,7256.0
2026-09-12 14:57:49.895,0 days 01:11:47.365000,,,0 days 00:00:03.378000,11373.2666624,295.0,7,100.0,False,0,pos,261.8761566538862,0.04880169722799766,OnTrack,2846.0,-1792.0,7256.0
2026-09-12 14:57:49.966,0 days 01:11:47.436000,,,0 days 00:00:03.449000,11378.0,295.0,7,100.0,False,0,car,267.6986111111111,0.04988673552692476,OnTrack,2770.6531383389793,-1802.448469624853,7255.974811183614
2026-09-12 14:57:50.235,0 days 01:11:47.705000,,,0 days 00:00:03.718000,11392.944440888888,295.74722204444447,7,100.0,False,0,pos,289.8185685856502,0.054008880441382814,OnTrack,2456.0,-1846.0,7256.0
2026-09-12 14:57:50.326,0 days 01:11:47.796000,,,0 days 00:00:03.809000,11398.0,296.0,7,100.0,False,0,car,297.29861111111114,0.0554028170839713,OnTrack,2399.286727484224,-1853.7920729186915,7256.246581193455
2026-09-12 14:57:50.555,0 days 01:11:48.025000,,,0 days 00:00:04.038000,11405.6333312,296.0,7,100.0,False,0,pos,316.1227146763179,0.058910766087483836,OnTrack,2309.0,-1866.0,7257.0
2026-09-12 14:57:50.566,0 days 01:11:48.036000,,,0 days 00:00:04.049000,11406.0,296.0,7,100.0,False,0,car,317.0319444444445,0.059080204788668995,OnTrack,2301.771392382537,-1866.9813284391607,7257.013332526132
2026-09-12 14:57:50.735,0 days 01:11:48.205000,,,0 days 00:00:04.218000,11240.520896,296.7041664,7,100.0,False,0,pos,331.050826205226,0.06169268097552923,OnTrack,2162.0,-1886.0,7257.0
2026-09-12 14:57:50.806,0 days 01:11:48.276000,,,0 days 00:00:04.289000,11171.0,297.0,7,100.0,True,0,car,336.83194444444445,0.06277001610047714,OnTrack,2103.132775829908,-1894.0278302435036,7256.9870328633915
2026-09-12 14:57:50.966,0 days 01:11:48.436000,,,0 days 00:00:04.449000,10829.0,279.0,7,0.0,True,0,car,349.2319444444445,0.06508080702302367,OnTrack,1979.1181792975594,-1911.0240689232396,7256.996743718312
2026-09-12 14:57:51.035,0 days 01:11:48.505000,,,0 days 00:00:04.518000,10694.0188752,268.21876,7,0.0,True,0,pos,353.9777705047674,0.06596521119884456,OnTrack,1929.0,-1918.0,7257.0
2026-09-12 14:57:51.135,0 days 01:11:48.605000,,,0 days 00:00:04.618000,10498.3938752,252.59376,7,0.0,True,0,pos,360.11680516141865,0.06710924551802101,OnTrack,1858.0,-1928.0,7257.0
2026-09-12 14:57:51.446,0 days 01:11:48.916000,,,0 days 00:00:04.929000,9890.0,204.0,7,0.0,True,0,car,376.4319444444445,0.07014963872409347,OnTrack,1611.2024912164222,-1963.2020583269627,7257.000708372681
2026-09-12 14:57:51.455,0 days 01:11:48.925000,,,0 days 00:00:04.938000,9877.906336,203.2687552,7,0.0,True,0,pos,376.9116250912935,0.07023902918251763,OnTrack,1606.0,-1964.0,7257.0
2026-09-12 14:57:51.606,0 days 01:11:49.076000,,,0 days 00:00:05.089000,9675.0,191.0,7,0.0,True,0,car,384.9208333333334,0.07173157802949269,OnTrack,1545.1388298098889,-1974.2750625070566,7256.978834630191
2026-09-12 14:57:51.775,0 days 01:11:49.245000,,,0 days 00:00:05.258000,10073.734224,176.7406304,7,0.0,True,0,pos,392.9364547543732,0.0732253219987111,OnTrack,1499.0,-1984.0,7257.0
2026-09-12 14:57:51.926,0 days 01:11:49.396000,,,0 days 00:00:05.409000,10430.0,164.0,5,0.0,True,0,car,399.49861111111113,0.07444820678431441,OnTrack,1440.6007165723865,-1996.5803375689215,7257.107772458859
2026-09-12 14:57:52.015,0 days 01:11:49.485000,,,0 days 00:00:05.498000,10881.992532114285,158.91428937142857,5,0.0,True,0,pos,403.2507056741457,0.07514742501470122,OnTrack,1399.0,-2010.0,7257.0
2026-09-12 14:57:52.206,0 days 01:11:49.676000,,,0 days 00:00:05.689000,11852.0,148.0,4,0.0,True,0,car,411.00972222222225,0.07659334961205473,OnTrack,1300.4928399828475,-2055.9501506266915,7256.125903715859
2026-09-12 14:57:52.235,0 days 01:11:49.705000,,,0 days 00:00:05.718000,11798.3501184,146.3687536,4,0.0,True,0,pos,412.1521279218276,0.07680624160564453,OnTrack,1289.0,-2062.0,7256.0
2026-09-12 14:57:52.366,0 days 01:11:49.836000,,,0 days 00:00:05.849000,11556.0,139.0,2,0.0,True,0,car,417.18750000000006,0.07774460387095784,OnTrack,1255.790294882077,-2081.511761188913,7255.5876678088225
2026-09-12 14:57:52.595,0 days 01:11:50.065000,,,0 days 00:00:06.078000,11036.324251822325,132.7182052418083,2,0.0,True,0,pos,425.4393606179216,0.07928237198466849,OnTrack,1232.0,-2109.0,7255.0
2026-09-12 14:57:52.767,0 days 01:11:50.237000,,,0 days 00:00:06.250000,10646.0,128.0,2,0.0,True,0,car,431.44527777777785,0.08040159931164932,OnTrack,1195.0751612521549,-2153.37103943855,7254.13338631754
2026-09-12 14:57:52.855,0 days 01:11:50.325000,,,0 days 00:00:06.338000,10454.6,126.35,2,0.0,True,0,pos,434.5256893797129,0.08097564666386371,OnTrack,1176.0,-2180.0,7254.0
2026-09-12 14:57:52.927,0 days 01:11:50.397000,,,0 days 00:00:06.410000,10298.0,125.0,2,0.0,True,0,car,437.0008333333334,0.08143689990418808,OnTrack,1162.4901606828232,-2202.3650879376924,7254.193663836608
2026-09-12 14:57:53.095,0 days 01:11:50.565000,,,0 days 00:00:06.578000,10085.9,119.4,2,2.8000000000000003,True,0,pos,442.4918930008031,0.08246018142311955,OnTrack,1138.0,-2254.0,7255.0
2026-09-12 14:57:53.167,0 days 01:11:50.637000,,,0 days 00:00:06.650000,9995.0,117.0,2,4.0,False,0,car,444.8008333333334,0.0828904619361125,OnTrack,1130.1555014862656,-2274.562276759226,7255.013567632652
2026-09-12 14:57:53.195,0 days 01:11:50.665000,,,0 days 00:00:06.678000,10028.95,116.88333333333334,2,7.5,False,0,pos,445.69921829118135,0.08305787966236632,OnTrack,1127.0,-2284.0,7255.0
2026-09-12 14:57:53.407,0 days 01:11:50.877000,,,0 days 00:00:06.890000,10286.0,116.0,2,34.0,False,0,car,452.5341666666667,0.08433160036092646,OnTrack,1097.3544735887494,-2391.805432510888,7254.98218053488
2026-09-12 14:57:53.495,0 days 01:11:50.965000,,,0 days 00:00:06.978000,10207.24,116.88,2,37.52,False,0,pos,455.4145697853909,0.08486837531092829,OnTrack,1088.0,-2427.0,7255.0
2026-09-12 14:57:53.607,0 days 01:11:51.077000,,,0 days 00:00:07.090000,10107.0,118.0,2,42.0,True,0,car,459.08972222222224,0.08555325506012221,OnTrack,1081.72103215094,-2448.739950820694,7255.03416562014
2026-09-12 14:57:53.755,0 days 01:11:51.225000,,,0 days 00:00:07.238000,9784.6375,116.6125,2,22.575000000000003,True,0,pos,463.8931703297671,0.08644839734107687,OnTrack,1075.0,-2464.0,7255.0
2026-09-12 14:57:53.927,0 days 01:11:51.397000,,,0 days 00:00:07.410000,9410.0,115.0,2,0.0,True,0,car,469.31194444444446,0.08745820815039353,OnTrack,1054.9103768709056,-2509.267981660533,7254.663511982747
2026-09-12 14:57:54.055,0 days 01:11:51.525000,,,0 days 00:00:07.538000,9348.844444444445,111.8,2,3.5555555555555554,True,0,pos,473.16100563767776,0.08817549651052656,OnTrack,1034.0,-2547.0,7254.0
2026-09-12 14:57:54.175,0 days 01:11:51.645000,,,0 days 00:00:07.658000,9291.511111111111,108.8,2,6.888888888888888,True,0,pos,476.6518915491007,0.08882603743599121,OnTrack,1012.0,-2576.0,7253.0
2026-09-12 14:57:54.287,0 days 01:11:51.757000,,,0 days 00:00:07.770000,9238.0,106.0,2,10.0,False,0,car,479.91194444444443,0.08943356168095748,OnTrack,992.4004402340801,-2597.3419046384097,7252.097506686545
2026-09-12 14:57:54.487,0 days 01:11:51.957000,,,0 days 00:00:07.970000,9471.0,106.0,2,31.0,False,0,car,485.80083333333334,0.09053098030904858,OnTrack,947.7011958361419,-2628.065898457424,7250.4901978147955
2026-09-12 14:57:54.536,0 days 01:11:52.006000,,,0 days 00:00:08.019000,9556.924887771429,106.87499885714286,2,33.79999634285714,False,0,pos,487.28031478142486,0.09080668775262327,OnTrack,929.0,-2637.0,7250.0
2026-09-12 14:57:54.716,0 days 01:11:52.186000,,,0 days 00:00:08.199000,9872.567744914286,110.08928457142856,2,44.08571062857143,False,0,pos,492.84205962679005,0.09184314174473533,OnTrack,843.0,-2672.0,7248.0
2026-09-12 14:57:54.767,0 days 01:11:52.237000,,,0 days 00:00:08.250000,9962.0,111.0,2,47.0,False,0,car,494.43416666666667,0.09213983742985382,OnTrack,824.1743289970032,-2678.985194543405,7247.531904257218
2026-09-12 14:57:54.967,0 days 01:11:52.437000,,,0 days 00:00:08.450000,10413.0,114.0,2,49.0,False,0,car,500.7675,0.09332008010534801,OnTrack,786.1242309975954,-2689.7634558321542,7246.32467033087
2026-09-12 14:57:55.136,0 days 01:11:52.606000,,,0 days 00:00:08.619000,10716.472933740975,118.84587518947666,2,52.63440639210749,False,0,pos,506.4280263433762,0.09437494243527615,OnTrack,749.0,-2695.0,7246.0
2026-09-12 14:57:55.216,0 days 01:11:52.686000,,,0 days 00:00:08.699000,10860.12881476615,121.13978147331177,2,54.35483610498383,False,0,pos,509.18251975637855,0.09488825359454876,OnTrack,722.0,-2699.0,7246.0
2026-09-12 14:57:55.246,0 days 01:11:52.716000,,,0 days 00:00:08.729000,10914.0,122.0,2,55.0,False,0,car,510.22249999999997,0.09508205818378973,OnTrack,711.5731013267565,-2700.473466025384,7245.9440295022305
2026-09-12 14:57:55.486,0 days 01:11:52.956000,,,0 days 00:00:08.969000,11647.0,128.0,2,71.0,False,0,car,518.7558333333333,0.09667227989392926,OnTrack,627.3711657426056,-2710.8457759131875,7244.350714021786
2026-09-12 14:57:55.536,0 days 01:11:53.006000,,,0 days 00:00:09.019000,11811.74957824,130.4999936,2,73.24999424,False,0,pos,520.6246558287136,0.09702054264055632,OnTrack,609.0,-2713.0,7244.0
2026-09-12 14:57:55.686,0 days 01:11:53.156000,,,0 days 00:00:09.169000,12306.0,138.0,2,80.0,False,0,car,526.4225,0.09810099471163278,OnTrack,551.8662547330713,-2719.581149064048,7243.0657582679605
2026-09-12 14:57:55.696,0 days 01:11:53.166000,,,0 days 00:00:09.179000,12280.208663466667,138.3749952,2,80.83332266666666,False,0,pos,526.8165713831638,0.09817443153220134,OnTrack,548.0,-2720.0,7243.0
2026-09-12 14:57:55.856,0 days 01:11:53.326000,,,0 days 00:00:09.339000,11867.5419968,144.3749952,2,94.166656,False,0,pos,533.2589612274759,0.09937499733637409,OnTrack,485.0,-2726.0,7242.0
2026-09-12 14:57:55.926,0 days 01:11:53.396000,,,0 days 00:00:09.409000,11687.0,147.0,2,100.0,False,0,car,536.2225,0.09992726495687114,OnTrack,455.9251176668396,-2727.9789657073743,7241.874117154601
2026-09-12 14:57:56.155,0 days 01:11:53.625000,,,0 days 00:00:09.638000,11615.028591542858,161.72142445714286,2,100.0,False,0,pos,546.6380870581473,0.10186825237840016,OnTrack,354.0,-2731.0,7242.0
2026-09-12 14:57:56.206,0 days 01:11:53.676000,,,0 days 00:00:09.689000,11599.0,165.0,3,100.0,False,0,car,549.0558333333332,0.10231880932563567,OnTrack,330.1273244791352,-2730.7995822886282,7241.721707070373
2026-09-12 14:57:56.315,0 days 01:11:53.785000,,,0 days 00:00:09.798000,10910.2566544,171.812496,3,100.0,False,0,pos,554.3127336969505,0.10329845429668232,OnTrack,278.0,-2729.0,7241.0
2026-09-12 14:57:56.366,0 days 01:11:53.836000,,,0 days 00:00:09.849000,10588.0,175.0,3,100.0,False,0,car,556.833611111111,0.10376823015518995,OnTrack,253.2984228196864,-2727.3130449613504,7240.852566241093
2026-09-12 14:57:56.515,0 days 01:11:53.985000,,,0 days 00:00:09.998000,10870.6342536,181.5187472,3,100.0,False,0,pos,564.466355426564,0.10519062340343731,OnTrack,180.0,-2719.0,7241.0
2026-09-12 14:57:56.686,0 days 01:11:54.156000,,,0 days 00:00:10.169000,11195.0,189.0,4,100.0,False,0,car,573.6336111111111,0.10689897914702719,OnTrack,93.64781014763967,-2702.3632120748784,7241.581909363075
2026-09-12 14:57:56.775,0 days 01:11:54.245000,,,0 days 00:00:10.258000,10912.743060114286,193.13213988571428,4,100.0,False,0,pos,578.5368581913847,0.10781271937639,OnTrack,48.0,-2690.0,7242.0
2026-09-12 14:57:56.935,0 days 01:11:54.405000,,,0 days 00:00:10.418000,10405.314488685714,200.56071131428573,4,100.0,False,0,pos,587.5668112251949,0.10949548820716017,OnTrack,-35.0,-2661.0,7243.0
2026-09-12 14:57:56.966,0 days 01:11:54.436000,,,0 days 00:00:10.449000,10307.0,202.0,5,100.0,False,0,car,589.3447222222222,0.10982680922272682,OnTrack,-51.21848134779044,-2654.5809869376767,7243.283720922206
2026-09-12 14:57:57.175,0 days 01:11:54.645000,,,0 days 00:00:10.658000,10715.710985955555,208.38610915555554,5,100.0,False,0,pos,601.566997215101,0.11210448036034065,OnTrack,-161.0,-2605.0,7246.0
2026-09-12 14:57:57.326,0 days 01:11:54.796000,,,0 days 00:00:10.809000,11011.0,213.0,5,100.0,False,0,car,610.6447222222222,0.11379615169452043,OnTrack,-239.1375137879797,-2562.0190278651926,7248.522059362531
2026-09-12 14:57:57.355,0 days 01:11:54.825000,,,0 days 00:00:10.838000,10925.2430464,214.035712,5,100.0,False,0,pos,612.4112519122386,0.11412535175678645,OnTrack,-254.0,-2553.0,7249.0
2026-09-12 14:57:57.555,0 days 01:11:55.025000,,,0 days 00:00:11.038000,10333.814474971428,221.17856914285713,5,100.0,False,0,pos,624.7878264013799,0.11643177723918395,OnTrack,-355.0,-2484.0,7252.0
2026-09-12 14:57:57.606,0 days 01:11:55.076000,,,0 days 00:00:11.089000,10183.0,223.0,5,100.0,False,0,car,627.9891666666667,0.11702836014442647,OnTrack,-380.1699338957659,-2464.659670823696,7252.675893953442
2026-09-12 14:57:57.715,0 days 01:11:55.185000,,,0 days 00:00:11.198000,10319.24992,226.26999808,5,100.0,False,0,pos,634.8879456662517,0.11831397594191805,OnTrack,-433.0,-2421.0,7254.0
2026-09-12 14:57:57.806,0 days 01:11:55.276000,,,0 days 00:00:11.289000,10433.0,229.0,6,100.0,False,0,car,640.7113888888889,0.11939919850134023,OnTrack,-475.9473117711476,-2382.0920920542494,7254.986343807322
2026-09-12 14:57:57.966,0 days 01:11:55.436000,,,0 days 00:00:11.449000,10569.0,234.0,6,100.0,False,0,car,651.1113888888889,0.12133728121057279,OnTrack,-548.7775955577254,-2308.16494543351,7256.461736201743
2026-09-12 14:57:58.035,0 days 01:11:55.505000,,,0 days 00:00:11.518000,10677.6748992,236.01249813333334,6,100.0,False,0,pos,655.6779233889215,0.12218827366784464,OnTrack,-579.0,-2274.0,7257.0
2026-09-12 14:57:58.175,0 days 01:11:55.645000,,,0 days 00:00:11.658000,10898.1748992,240.09583146666665,6,100.0,False,0,pos,665.0805736840057,0.12394049616379302,OnTrack,-638.0,-2201.0,7258.0
2026-09-12 14:57:58.206,0 days 01:11:55.676000,,,0 days 00:00:11.689000,10947.0,241.0,6,100.0,False,0,car,667.1780555555556,0.1243313705241949,OnTrack,-650.5908530700365,-2184.570085009705,7258.264476475484
2026-09-12 14:57:58.406,0 days 01:11:55.876000,,,0 days 00:00:11.889000,11209.0,246.0,6,100.0,False,0,car,680.8447222222222,0.12687820998184027,OnTrack,-729.543789873106,-2074.9334633694616,7260.426474538974
2026-09-12 14:57:58.455,0 days 01:11:55.925000,,,0 days 00:00:11.938000,11241.6155824,247.0718736,6,100.0,False,0,pos,684.238632757932,0.12751067914779618,OnTrack,-750.0,-2045.0,7261.0
2026-09-12 14:57:58.635,0 days 01:11:56.105000,,,0 days 00:00:12.118000,11361.4280824,251.0093736,6,100.0,False,0,pos,696.8672949584158,0.12986408221044005,OnTrack,-826.0,-1930.0,7263.0
2026-09-12 14:57:58.726,0 days 01:11:56.196000,,,0 days 00:00:12.209000,11422.0,253.0,6,100.0,False,0,car,703.3336111111112,0.13106910678043718,OnTrack,-854.68986357192,-1884.8836921118466,7263.658017711725
2026-09-12 14:57:58.935,0 days 01:11:56.405000,,,0 days 00:00:12.418000,10821.125184,258.2249984,6,100.0,False,0,pos,718.3793867952899,0.1338729488670236,OnTrack,-909.0,-1796.0,7265.0
2026-09-12 14:57:59.006,0 days 01:11:56.476000,,,0 days 00:00:12.489000,10617.0,260.0,6,100.0,False,0,car,723.5558333333335,0.1348376009372783,OnTrack,-934.0289903990937,-1755.574613346094,7265.8750157457225
2026-09-12 14:57:59.155,0 days 01:11:56.625000,,,0 days 00:00:12.638000,10508.9750464,264.46999808,6,100.0,False,0,pos,734.5329886829771,0.13688323891609602,OnTrack,-994.0,-1659.0,7268.0
2026-09-12 14:57:59.206,0 days 01:11:56.676000,,,0 days 00:00:12.689000,10472.0,266.0,7,100.0,False,0,car,738.3336111111112,0.13759150051343141,OnTrack,-1014.3356360650716,-1626.0276029246165,7268.5815139673505
2026-09-12 14:57:59.355,0 days 01:11:56.825000,,,0 days 00:00:12.838000,10585.141060286423,270.3278001202457,7,100.0,False,0,pos,749.5762823468388,0.13968661846800354,OnTrack,-1072.0,-1532.0,7270.0
2026-09-12 14:57:59.447,0 days 01:11:56.917000,,,0 days 00:00:12.930000,10655.0,273.0,7,100.0,False,0,car,756.6094444444444,0.14099727710767654,OnTrack,-1105.5848379448635,-1477.112387203567,7270.940406169132
2026-09-12 14:57:59.615,0 days 01:11:57.085000,,,0 days 00:00:13.098000,10793.6,278.04,7,100.0,False,0,pos,769.6122688660547,0.14342040683678328,OnTrack,-1174.0,-1364.0,7273.0
2026-09-12 14:57:59.647,0 days 01:11:57.117000,,,0 days 00:00:13.130000,10820.0,279.0,7,100.0,False,0,car,772.1094444444445,0.1438857657608597,OnTrack,-1190.4931707926871,-1336.3682287679374,7273.475908070845
2026-09-12 14:57:59.875,0 days 01:11:57.345000,,,0 days 00:00:13.358000,11041.666666666666,282.8,7,100.0,False,0,pos,790.0767668823652,0.14723405008279628,OnTrack,-1318.0,-1121.0,7277.0
2026-09-12 14:58:00.007,0 days 01:11:57.477000,,,0 days 00:00:13.490000,11170.0,285.0,7,100.0,False,0,car,800.6094444444445,0.14919685780058356,OnTrack,-1359.8795234611368,-1050.110837559082,7278.029929496098
2026-09-12 14:58:00.167,0 days 01:11:57.637000,,,0 days 00:00:13.650000,11273.0,290.0,7,100.0,False,0,car,813.4983333333334,0.1515987551752735,OnTrack,-1397.531259601048,-987.0933186534689,7278.932803257665
2026-09-12 14:58:00.175,0 days 01:11:57.645000,,,0 days 00:00:13.658000,11280.266666666666,290.1333333333333,7,100.0,False,0,pos,814.146327655224,0.1517195115782482,OnTrack,-1400.0,-983.0,7279.0
2026-09-12 14:58:00.407,0 days 01:11:57.877000,,,0 days 00:00:13.890000,11491.0,294.0,7,100.0,False,0,car,833.0983333333335,0.15525129566575027,OnTrack,-1497.6608896351302,-823.0046444191366,7281.87080865803
2026-09-12 14:58:00.415,0 days 01:11:57.885000,,,0 days 00:00:13.898000,11495.533333333333,294.2,7,100.0,False,0,pos,833.7582320600939,0.1553742705034598,OnTrack,-1502.0,-816.0,7282.0
2026-09-12 14:58:00.647,0 days 01:11:58.117000,,,0 days 00:00:14.130000,11627.0,300.0,7,100.0,False,0,car,853.0983333333335,0.15897837779888982,OnTrack,-1645.7487055614379,-586.4967772949572,7286.272430973046
2026-09-12 14:58:00.695,0 days 01:11:58.165000,,,0 days 00:00:14.178000,11504.6,300.96,7,100.0,False,0,pos,857.1523847382557,0.15973386692679556,OnTrack,-1670.0,-548.0,7287.0
2026-09-12 14:58:01.015,0 days 01:11:58.485000,,,0 days 00:00:14.498000,10688.6,307.36,7,100.0,False,0,pos,884.5626560551299,0.16484188355127705,OnTrack,-1770.0,-390.0,7290.0
2026-09-12 14:58:01.047,0 days 01:11:58.517000,,,0 days 00:00:14.530000,10607.0,308.0,8,100.0,False,0,car,887.3205555555555,0.16535582944892857,OnTrack,-1782.3892490022536,-370.3457216808681,7290.34068548247
2026-09-12 14:58:01.176,0 days 01:11:58.646000,,,0 days 00:00:14.659000,10680.52996352,309.93499904,8,100.0,False,0,pos,898.4560910936208,0.16743098222627173,OnTrack,-1843.0,-274.0,7292.0
2026-09-12 14:58:01.247,0 days 01:11:58.717000,,,0 days 00:00:14.730000,10721.0,311.0,8,100.0,False,0,car,904.5983333333334,0.16857561429172413,OnTrack,-1883.6610770403233,-209.2981535033088,7293.169760083653
2026-09-12 14:58:01.496,0 days 01:11:58.966000,,,0 days 00:00:14.979000,10857.060679314285,312.77857097142856,8,100.0,False,0,pos,926.2332009785734,0.1726073607243948,OnTrack,-2046.0,49.0,7298.0
2026-09-12 14:58:01.527,0 days 01:11:58.997000,,,0 days 00:00:15.010000,10874.0,313.0,8,100.0,False,0,car,928.9427777777778,0.173112301488229,OnTrack,-2064.2915280551624,78.04341688510799,7298.534317639131
2026-09-12 14:58:01.687,0 days 01:11:59.157000,,,0 days 00:00:15.170000,10927.0,316.0,8,100.0,False,0,car,942.9872222222223,0.175729541386167,OnTrack,-2149.0609429791225,212.35565706483985,7300.952479714282
2026-09-12 14:58:01.927,0 days 01:11:59.397000,,,0 days 00:00:15.410000,11036.0,318.0,8,100.0,False,0,car,964.1872222222223,0.17968024844729494,OnTrack,-2247.045783375567,367.5358763892652,7303.589990734433
2026-09-12 14:58:01.976,0 days 01:11:59.446000,,,0 days 00:00:15.459000,11045.26422345123,318.55808575007404,8,100.0,False,0,pos,968.5467753691071,0.18049266907940625,OnTrack,-2263.0,393.0,7304.0
2026-09-12 14:58:02.336,0 days 01:11:59.806000,,,0 days 00:00:15.819000,11113.327994849677,322.65831294275165,8,100.0,False,0,pos,1000.8712987467533,0.18651647675656013,OnTrack,-2385.0,591.0,7307.0
2026-09-12 14:58:02.366,0 days 01:11:59.836000,,,0 days 00:00:15.849000,11119.0,323.0,8,100.0,False,0,car,1003.5752777777778,0.1870203743533059,OnTrack,-2404.8184446305786,623.2806511880995,7307.509375460386
2026-09-12 14:58:02.535,0 days 01:12:00.005000,,,0 days 00:00:16.018000,11154.6107008,324.2071424,8,100.0,False,0,pos,1018.8228721871793,0.18986182618813788,OnTrack,-2536.0,837.0,7311.0
2026-09-12 14:58:02.646,0 days 01:12:00.116000,,,0 days 00:00:16.129000,11178.0,325.0,8,100.0,False,0,car,1028.8530555555558,0.1917309920493573,OnTrack,-2603.4524530584936,947.1423565529188,7313.035174744814
2026-09-12 14:58:02.886,0 days 01:12:00.356000,,,0 days 00:00:16.369000,11204.0,326.0,8,100.0,False,0,car,1050.586388888889,0.1957810879673689,OnTrack,-2692.2943192664716,1093.8558923009361,7316.456599353537
2026-09-12 14:58:03.015,0 days 01:12:00.485000,,,0 days 00:00:16.498000,11230.260701257143,326.46071405714287,8,100.0,False,0,pos,1062.2980972176524,0.1979636129104027,OnTrack,-2735.0,1167.0,7318.0
2026-09-12 14:58:03.166,0 days 01:12:00.636000,,,0 days 00:00:16.649000,11261.0,327.0,8,100.0,False,0,car,1076.0197222222223,0.20052069408001139,OnTrack,-2787.376571374503,1259.3001841544008,7319.618079432532
2026-09-12 14:58:03.275,0 days 01:12:00.745000,,,0 days 00:00:16.758000,11256.09500288,327.0,8,100.0,False,0,pos,1085.9216134714286,0.20236595217797174,OnTrack,-2829.0,1339.0,7321.0
2026-09-12 14:58:03.566,0 days 01:12:01.036000,,,0 days 00:00:17.049000,11243.0,327.0,8,100.0,False,0,car,1112.3530555555556,0.2072915599552149,OnTrack,-2955.434506735663,1613.8100801796668,7326.111823037808
2026-09-12 14:58:03.635,0 days 01:12:01.105000,,,0 days 00:00:17.118000,11238.01667128889,327.0,8,100.0,False,0,pos,1118.6227467262408,0.20845994265234305,OnTrack,-2980.0,1670.0,7327.0
2026-09-12 14:58:03.926,0 days 01:12:01.396000,,,0 days 00:00:17.409000,11217.0,327.0,8,100.0,False,0,car,1145.0530555555556,0.21338533924289807,OnTrack,-3058.1074657267127,1866.7712376666213,7328.636113156331
2026-09-12 14:58:03.975,0 days 01:12:01.445000,,,0 days 00:00:17.458000,11214.5500032,326.75500032,8,100.0,False,0,pos,1149.4947941073594,0.2142130754627233,OnTrack,-3078.0,1924.0,7329.0
2026-09-12 14:58:04.126,0 days 01:12:01.596000,,,0 days 00:00:17.609000,11207.0,326.0,8,100.0,False,0,car,1163.164166666667,0.21676041917457448,OnTrack,-3156.305351254783,2157.0032567050175,7330.633176180865
2026-09-12 14:58:04.155,0 days 01:12:01.625000,,,0 days 00:00:17.638000,11199.266683733333,325.87916693333335,8,100.0,False,0,pos,1165.7862421698849,0.21724905371256378,OnTrack,-3170.0,2199.0,7331.0
2026-09-12 14:58:04.366,0 days 01:12:01.836000,,,0 days 00:00:17.849000,11143.0,325.0,8,100.0,False,0,car,1184.8308333333334,0.22079809148547563,OnTrack,-3235.2064619211415,2415.2102777773703,7334.00845012543
2026-09-12 14:58:04.615,0 days 01:12:02.085000,,,0 days 00:00:18.098000,11017.610746514285,323.22142902857144,8,100.0,False,0,pos,1207.1900626062131,0.22496482568216164,OnTrack,-3270.0,2562.0,7337.0
2026-09-12 14:58:04.646,0 days 01:12:02.116000,,,0 days 00:00:18.129000,11002.0,323.0,8,100.0,False,0,car,1209.9530555555557,0.22547972076493591,OnTrack,-3274.2616142322427,2580.2615958975234,7337.2140922982635
2026-09-12 14:58:05.015,0 days 01:12:02.485000,,,0 days 00:00:18.498000,10868.2375232,317.46500096,8,100.0,False,0,pos,1242.4613659827744,0.23153777791352798,OnTrack,-3327.0,2822.0,7340.0
2026-09-12 14:58:05.046,0 days 01:12:02.516000,,,0 days 00:00:18.529000,10857.0,317.0,8,100.0,False,0,car,1245.1752777777779,0.23204352652163168,OnTrack,-3332.0457766046425,2848.214008770286,7340.743608183066
2026-09-12 14:58:05.095,0 days 01:12:02.565000,,,0 days 00:00:18.578000,10840.2583552,316.5916672,8,100.0,False,0,pos,1249.4619413624218,0.23284236388448704,OnTrack,-3340.0,2891.0,7342.0
2026-09-12 14:58:05.406,0 days 01:12:02.876000,,,0 days 00:00:18.889000,10734.0,314.0,8,100.0,False,0,car,1276.5752777777777,0.23789504547066073,OnTrack,-3379.2468077675735,3160.4618582769226,7347.493735929978
2026-09-12 14:58:05.435,0 days 01:12:02.905000,,,0 days 00:00:18.918000,10716.89003776,313.71000064,8,100.0,False,0,pos,1279.0941404360858,0.23836444587114133,OnTrack,-3382.0,3185.0,7348.0
2026-09-12 14:58:05.606,0 days 01:12:03.076000,,,0 days 00:00:19.089000,10616.0,312.0,8,100.0,False,0,car,1293.908611111111,0.24112518331938168,OnTrack,-3395.2206631969134,3328.6261724167134,7351.363905496662
2026-09-12 14:58:05.675,0 days 01:12:03.145000,,,0 days 00:00:19.158000,10610.48000512,311.31000064,8,100.0,False,0,pos,1299.8635548056338,0.24223491153176713,OnTrack,-3399.0,3392.0,7353.0
2026-09-12 14:58:05.806,0 days 01:12:03.276000,,,0 days 00:00:19.289000,10600.0,310.0,8,100.0,False,0,car,1311.1308333333334,0.24433461515625188,OnTrack,-3403.6269042614917,3526.1383979081675,7356.620963369229
2026-09-12 14:58:05.895,0 days 01:12:03.365000,,,0 days 00:00:19.378000,10591.708077200727,308.89441029343016,8,100.0,False,0,pos,1318.7558061521493,0.245755560154186,OnTrack,-3405.0,3615.0,7359.0
2026-09-12 14:58:05.967,0 days 01:12:03.437000,,,0 days 00:00:19.450000,10585.0,308.0,8,100.0,False,0,car,1324.9052777777777,0.24690153944539245,OnTrack,-3405.1218717554175,3679.9849112573347,7360.671174192442
2026-09-12 14:58:06.127,0 days 01:12:03.597000,,,0 days 00:00:19.610000,10424.0,306.0,8,100.0,False,0,car,1338.5052777777776,0.24943595529592733,OnTrack,-3402.2232275358447,3802.6192335058618,7363.578229503771
2026-09-12 14:58:06.315,0 days 01:12:03.785000,,,0 days 00:00:19.798000,10367.6,303.98571428571427,8,100.0,False,0,pos,1354.3624737421078,0.2523910088839447,OnTrack,-3393.0,3937.0,7366.0
2026-09-12 14:58:06.407,0 days 01:12:03.877000,,,0 days 00:00:19.890000,10340.0,303.0,8,100.0,False,0,car,1362.0719444444444,0.25382770040947683,OnTrack,-3386.1477359703713,4004.9216730252633,7366.883050844696
2026-09-12 14:58:06.647,0 days 01:12:04.117000,,,0 days 00:00:20.130000,10303.0,300.0,8,100.0,False,0,car,1382.0719444444442,0.2575547825426163,OnTrack,-3360.9669819338365,4187.228866163335,7368.449443899712
2026-09-12 14:58:06.735,0 days 01:12:04.205000,,,0 days 00:00:20.218000,10282.833333333334,299.6333333333333,8,100.0,False,0,pos,1389.4254189905769,0.2589251327224857,OnTrack,-3349.0,4254.0,7369.0
2026-09-12 14:58:06.887,0 days 01:12:04.357000,,,0 days 00:00:20.370000,10248.0,299.0,8,100.0,False,0,car,1402.0052777777776,0.2612694410686454,OnTrack,-3324.8435081892617,4368.559460294019,7370.006360491673
2026-09-12 14:58:07.115,0 days 01:12:04.585000,,,0 days 00:00:20.598000,9500.485714285714,284.34285714285716,8,18.57142857142857,False,0,pos,1419.958099285663,0.2646150230827195,OnTrack,-3279.0,4539.0,7371.0
2026-09-12 14:58:07.167,0 days 01:12:04.637000,,,0 days 00:00:20.650000,9330.0,281.0,8,0.0,True,0,car,1423.860833333333,0.2653423135996929,OnTrack,-3266.658729642568,4577.68435937072,7370.997705098339
2026-09-12 14:58:07.195,0 days 01:12:04.665000,,,0 days 00:00:20.678000,9262.683333333332,277.6166666666667,8,0.0,True,0,pos,1425.930091843595,0.26572792842081505,OnTrack,-3260.0,4598.0,7371.0
2026-09-12 14:58:07.407,0 days 01:12:04.877000,,,0 days 00:00:20.890000,8753.0,252.0,8,0.0,True,0,car,1440.6608333333331,0.26847306259153014,OnTrack,-3211.7881988114545,4737.2298217276675,7371.635711743015
2026-09-12 14:58:07.475,0 days 01:12:04.945000,,,0 days 00:00:20.958000,8821.377777777778,242.36666666666667,8,0.0,True,0,pos,1444.8798024760536,0.2692592848171351,OnTrack,-3194.0,4785.0,7372.0
2026-09-12 14:58:07.767,0 days 01:12:05.237000,,,0 days 00:00:21.250000,9115.0,201.0,8,0.0,True,0,car,1460.760833333333,0.27221878013533535,OnTrack,-3107.0309207046294,5005.055258591852,7373.950223611955
2026-09-12 14:58:07.776,0 days 01:12:05.246000,,,0 days 00:00:21.259000,9165.93963776,200.1000064,8,0.0,True,0,pos,1461.2280927089137,0.27230585583884875,OnTrack,-3105.0,5010.0,7374.0
2026-09-12 14:58:07.967,0 days 01:12:05.437000,,,0 days 00:00:21.450000,10247.0,181.0,8,0.0,True,0,car,1470.8163888888885,0.2740926742078305,OnTrack,-3077.1329290474273,5074.391470877961,7374.777126755583
2026-09-12 14:58:08.156,0 days 01:12:05.626000,,,0 days 00:00:21.639000,10515.64990902857,162.77500617142857,8,0.0,True,0,pos,1479.0749273057932,0.2756316867568051,OnTrack,-3053.0,5122.0,7375.0
2026-09-12 14:58:08.216,0 days 01:12:05.686000,,,0 days 00:00:21.699000,10600.935623314286,156.9892918857143,8,0.0,True,0,pos,1481.5359153320464,0.276090301981931,OnTrack,-3041.0,5146.0,7375.0
2026-09-12 14:58:08.247,0 days 01:12:05.717000,,,0 days 00:00:21.730000,10645.0,154.0,8,0.0,True,0,car,1482.7941666666663,0.2763247822853441,OnTrack,-3034.3031771097144,5159.736554921309,7375.101271517962
2026-09-12 14:58:08.447,0 days 01:12:05.917000,,,0 days 00:00:21.930000,11905.0,142.0,8,0.0,True,0,car,1490.6830555555553,0.27779490912674915,OnTrack,-2986.7261790263983,5263.491760375528,7377.353337878861
2026-09-12 14:58:08.516,0 days 01:12:05.986000,,,0 days 00:00:21.999000,11652.657376914285,139.7821449142857,8,0.0,True,0,pos,1493.299851061578,0.278282559715578,OnTrack,-2973.0,5296.0,7378.0
2026-09-12 14:58:08.727,0 days 01:12:06.197000,,,0 days 00:00:22.210000,10881.0,133.0,6,0.0,True,0,car,1501.0274999999997,0.2797226388300563,OnTrack,-2945.8415883238135,5371.751921044676,7378.474461069813
2026-09-12 14:58:08.926,0 days 01:12:06.396000,,,0 days 00:00:22.409000,10600.0,128.0,4,0.0,False,0,car,1508.103055555555,0.2810411976647137,OnTrack,-2939.823500840736,5429.902259073624,7378.0151704396
2026-09-12 14:58:08.936,0 days 01:12:06.406000,,,0 days 00:00:22.419000,10600.055554844444,127.83333546666667,4,0.7777678222222223,False,0,pos,1508.4513363960118,0.2811061012296027,OnTrack,-2940.0,5433.0,7378.0
2026-09-12 14:58:09.286,0 days 01:12:06.756000,,,0 days 00:00:22.769000,10602.0,122.0,2,28.0,False,0,car,1520.3030555555551,0.2833147177659288,OnTrack,-2971.8298678110377,5548.378418392312,7377.911852390772
2026-09-12 14:58:09.415,0 days 01:12:06.885000,,,0 days 00:00:22.898000,10804.3686496,122.0,2,29.6124992,False,0,pos,1524.6705246264032,0.2841286135629787,OnTrack,-2987.0,5584.0,7378.0
2026-09-12 14:58:09.446,0 days 01:12:06.916000,,,0 days 00:00:22.929000,10853.0,122.0,2,30.0,False,0,car,1525.7252777777774,0.28432517114424666,OnTrack,-2990.4739968454965,5591.501077904013,7378.0261404322255
2026-09-12 14:58:09.726,0 days 01:12:07.196000,,,0 days 00:00:23.209000,10870.0,124.0,2,54.0,False,0,car,1535.3697222222218,0.2861224529728939,OnTrack,-3017.6244818273713,5648.513808914793,7378.571136281919
2026-09-12 14:58:09.795,0 days 01:12:07.265000,,,0 days 00:00:23.278000,10987.98989056,125.03499904,2,54.0,False,0,pos,1537.7899371724184,0.28657346996785565,OnTrack,-3022.0,5667.0,7379.0
2026-09-12 14:58:09.926,0 days 01:12:07.396000,,,0 days 00:00:23.409000,11212.0,127.0,2,54.0,False,0,car,1542.4252777777772,0.28743728472541813,OnTrack,-3027.135356901884,5710.397915797581,7380.223037326993
2026-09-12 14:58:10.015,0 days 01:12:07.485000,,,0 days 00:00:23.498000,11315.833258666667,127.74166613333334,2,48.066670933333334,False,0,pos,1545.591939326669,0.28802740510944685,OnTrack,-3026.0,5742.0,7381.0
2026-09-12 14:58:10.166,0 days 01:12:07.636000,,,0 days 00:00:23.649000,11492.0,129.0,2,38.0,False,0,car,1551.0252777777773,0.28903993004266815,OnTrack,-3013.8771782640856,5794.746844173596,7381.925797399869
2026-09-12 14:58:10.175,0 days 01:12:07.645000,,,0 days 00:00:23.658000,11511.7998592,129.16071314285713,2,38.64285257142857,False,0,pos,1551.3531997566674,0.28910103965009737,OnTrack,-3013.0,5798.0,7382.0
2026-09-12 14:58:10.275,0 days 01:12:07.745000,,,0 days 00:00:23.758000,11731.7998592,130.94642742857144,2,45.785709714285716,False,0,pos,1555.0286041758002,0.28978596635722803,OnTrack,-3003.0,5835.0,7383.0
2026-09-12 14:58:10.446,0 days 01:12:07.916000,,,0 days 00:00:23.929000,12108.0,134.0,2,58.0,False,0,car,1561.4474999999995,0.2909821539542709,OnTrack,-2985.76974021789,5896.1642526998885,7384.387627890189
2026-09-12 14:58:10.595,0 days 01:12:08.065000,,,0 days 00:00:24.078000,12011.1500416,138.46999808,2,72.8999936,False,0,pos,1567.1907309874537,0.29205242863426245,OnTrack,-2974.0,5952.0,7385.0
2026-09-12 14:58:10.646,0 days 01:12:08.116000,,,0 days 00:00:24.129000,11978.0,140.0,2,78.0,False,0,car,1569.2252777777774,0.29243157478382514,OnTrack,-2971.2790838612295,5972.69708507528,7385.060098425573
2026-09-12 14:58:10.795,0 days 01:12:08.265000,,,0 days 00:00:24.278000,11177.125344,148.19499648000001,2,81.7249984,False,0,pos,1575.4222698412761,0.29358640970377886,OnTrack,-2967.0,6031.0,7385.0
2026-09-12 14:58:10.846,0 days 01:12:08.316000,,,0 days 00:00:24.329000,10903.0,151.0,2,83.0,False,0,car,1577.6141666666663,0.2939948786785587,OnTrack,-2966.70217701371,6046.167154014619,7385.01852930305
2026-09-12 14:58:10.955,0 days 01:12:08.425000,,,0 days 00:00:24.438000,11150.3692992,155.2388864,2,88.1472192,False,0,pos,1582.4042853133292,0.29488753695973857,OnTrack,-2968.0,6077.0,7385.0
2026-09-12 14:58:11.155,0 days 01:12:08.625000,,,0 days 00:00:24.638000,11604.258188088888,163.01666417777778,2,97.59166364444444,False,0,pos,1591.6355404330434,0.2966078192608955,OnTrack,-2977.0,6166.0,7384.0
2026-09-12 14:58:11.206,0 days 01:12:08.676000,,,0 days 00:00:24.689000,11720.0,165.0,3,100.0,False,0,car,1594.1141666666663,0.2970697214383988,OnTrack,-2980.6613001962814,6190.59269978211,7383.651576869984
2026-09-12 14:58:12.135,0 days 01:12:09.605000,,,0 days 00:00:25.618000,10609.84507648,201.230997504,3,100.0,False,0,pos,1646.589606662922,0.3068487351803329,OnTrack,-3113.0,6656.0,7377.0
2026-09-12 14:58:12.206,0 days 01:12:09.676000,,,0 days 00:00:25.689000,10525.0,204.0,5,100.0,False,0,car,1650.780833333333,0.30762978748229425,OnTrack,-3123.3128367830227,6692.567339887137,7377.062849532826
2026-09-12 14:58:12.375,0 days 01:12:09.845000,,,0 days 00:00:25.858000,10675.6916096,210.3374976,5,100.0,False,0,pos,1660.7553841047788,0.3094885859806117,OnTrack,-3153.0,6789.0,7378.0
2026-09-12 14:58:12.446,0 days 01:12:09.916000,,,0 days 00:00:25.929000,10739.0,213.0,5,100.0,False,0,car,1664.9808333333328,0.3102760157968233,OnTrack,-3171.879845651682,6839.630396719686,7378.951873701954
2026-09-12 14:58:12.675,0 days 01:12:10.145000,,,0 days 00:00:26.158000,10976.56072863516,217.2803734889218,5,100.0,False,0,pos,1678.8385643583067,0.312858460882275,OnTrack,-3243.0,7009.0,7383.0
2026-09-12 14:58:12.767,0 days 01:12:10.237000,,,0 days 00:00:26.250000,11072.0,219.0,5,100.0,False,0,car,1684.508333333333,0.31391504561456746,OnTrack,-3262.5960395307093,7050.935889458591,7383.99406288585
2026-09-12 14:58:12.975,0 days 01:12:10.445000,,,0 days 00:00:26.458000,11366.171428571428,224.2,5,100.0,False,0,pos,1697.537197785588,0.3163430280103222,OnTrack,-3301.0,7120.0,7385.0
2026-09-12 14:58:13.047,0 days 01:12:10.517000,,,0 days 00:00:26.530000,11468.0,226.0,5,100.0,False,0,car,1702.0861111111108,0.3171907366893601,OnTrack,-3321.3249626047736,7155.489037952113,7385.163815899577
2026-09-12 14:58:13.195,0 days 01:12:10.665000,,,0 days 00:00:26.678000,11559.02,228.22,5,100.0,False,0,pos,1711.4787602659394,0.31894109543175064,OnTrack,-3370.0,7241.0,7385.0
2026-09-12 14:58:13.247,0 days 01:12:10.717000,,,0 days 00:00:26.730000,11591.0,229.0,5,100.0,False,0,car,1714.808333333333,0.31956157504627386,OnTrack,-3386.3687150839,7270.405391370511,7384.66425059942
2026-09-12 14:58:13.375,0 days 01:12:10.845000,,,0 days 00:00:26.858000,11680.142857142857,231.28571428571428,5,100.0,False,0,pos,1723.0897094957656,0.3211048435029144,OnTrack,-3425.0,7342.0,7384.0
2026-09-12 14:58:13.527,0 days 01:12:10.997000,,,0 days 00:00:27.010000,11786.0,234.0,5,100.0,False,0,car,1733.008333333333,0.32295321978743086,OnTrack,-3469.407123990355,7430.297223127221,7386.05364267943
2026-09-12 14:58:13.635,0 days 01:12:11.105000,,,0 days 00:00:27.118000,11783.3,234.675,5,100.0,False,0,pos,1740.0557504228525,0.3242665349033874,OnTrack,-3499.0,7494.0,7389.0
2026-09-12 14:58:13.687,0 days 01:12:11.157000,,,0 days 00:00:27.170000,11782.0,235.0,5,100.0,False,0,car,1743.4527777777773,0.3248995849014037,OnTrack,-3512.4277925316032,7524.640002539613,7390.746336951906
2026-09-12 14:58:13.795,0 days 01:12:11.265000,,,0 days 00:00:27.278000,11793.61,235.27,5,100.0,False,0,pos,1750.5211367337624,0.32621680262017716,OnTrack,-3539.0,7590.0,7395.0
2026-09-12 14:58:14.087,0 days 01:12:11.557000,,,0 days 00:00:27.570000,11825.0,236.0,5,100.0,False,0,car,1769.6749999999995,0.3297862036981867,OnTrack,-3604.4586564029883,7789.637182228598,7410.471918977295
2026-09-12 14:58:14.095,0 days 01:12:11.565000,,,0 days 00:00:27.578000,11828.28,236.0,5,100.0,False,0,pos,1770.199144330432,0.32988388014664377,OnTrack,-3606.0,7795.0,7411.0
2026-09-12 14:58:14.256,0 days 01:12:11.726000,,,0 days 00:00:27.739000,11894.28997376,236.0,5,100.0,False,0,pos,1780.7478501057758,0.33184967478779526,OnTrack,-3634.0,7900.0,7422.0
2026-09-12 14:58:14.287,0 days 01:12:11.757000,,,0 days 00:00:27.770000,11907.0,236.0,5,100.0,False,0,car,1782.7861111111106,0.33222951309657817,OnTrack,-3638.968268637499,7920.233402595325,7423.729794471959
2026-09-12 14:58:14.447,0 days 01:12:11.917000,,,0 days 00:00:27.930000,11928.0,237.0,5,100.0,False,0,car,1793.319444444444,0.33419244302003165,OnTrack,-3662.7668188252155,8022.676549757411,7430.624457670962
2026-09-12 14:58:14.456,0 days 01:12:11.926000,,,0 days 00:00:27.939000,11901.18019072,236.73000192,5,99.46000384,False,0,pos,1793.907153522816,0.3343019650203059,OnTrack,-3664.0,8028.0,7431.0
2026-09-12 14:58:14.647,0 days 01:12:12.117000,,,0 days 00:00:28.130000,11332.0,231.0,5,88.0,True,0,car,1806.1527777777771,0.3365839873887962,OnTrack,-3688.2222674077716,8131.026213411861,7439.529257065531
2026-09-12 14:58:14.676,0 days 01:12:12.146000,,,0 days 00:00:28.159000,11172.3191024,228.6437552,5,72.0500352,True,0,pos,1807.9574861257906,0.3369203022007666,OnTrack,-3692.0,8147.0,7441.0
2026-09-12 14:58:14.807,0 days 01:12:12.277000,,,0 days 00:00:28.290000,10451.0,218.0,5,0.0,True,0,car,1815.841666666666,0.33838955162218376,OnTrack,-3710.125371787348,8223.665221984242,7448.3534390515115
2026-09-12 14:58:14.916,0 days 01:12:12.386000,,,0 days 00:00:28.399000,10568.1749312,206.7107209142857,5,0.0,True,0,pos,1821.8947012734666,0.3395175594788979,OnTrack,-3725.0,8285.0,7454.0
2026-09-12 14:58:15.087,0 days 01:12:12.557000,,,0 days 00:00:28.570000,10752.0,189.0,5,0.0,True,0,car,1830.541666666666,0.34112895699004137,OnTrack,-3746.6656989685903,8366.788632669266,7460.195553032044
2026-09-12 14:58:15.156,0 days 01:12:12.626000,,,0 days 00:00:28.639000,10702.406296,182.531256,5,0.0,True,0,pos,1833.7954272765317,0.34173530864176854,OnTrack,-3759.0,8405.0,7463.0
2026-09-12 14:58:15.336,0 days 01:12:12.806000,,,0 days 00:00:28.819000,10573.031296,165.656256,5,0.0,True,0,pos,1841.7066318753248,0.34320959410735713,OnTrack,-3803.0,8523.0,7472.0
2026-09-12 14:58:15.407,0 days 01:12:12.877000,,,0 days 00:00:28.890000,10522.0,159.0,4,0.0,True,0,car,1844.6749999999995,0.34376276169746,OnTrack,-3818.642447003185,8559.836358706783,7474.6754493377075
2026-09-12 14:58:15.606,0 days 01:12:13.076000,,,0 days 00:00:29.089000,10942.0,142.0,3,0.0,True,0,car,1852.5244444444438,0.345225537904658,OnTrack,-3852.3844861568,8621.440305854041,7478.408328814917
2026-09-12 14:58:15.775,0 days 01:12:13.245000,,,0 days 00:00:29.258000,10247.83276288,130.59250432,3,0.0,True,0,pos,1858.3116708552645,0.34630401131246813,OnTrack,-3877.0,8657.0,7480.0
2026-09-12 14:58:16.006,0 days 01:12:13.476000,,,0 days 00:00:29.489000,9299.0,115.0,2,0.0,True,0,car,1865.3022222222216,0.34760672926749714,OnTrack,-3910.1014468823237,8702.513208034377,7481.758974168062
2026-09-12 14:58:16.155,0 days 01:12:13.625000,,,0 days 00:00:29.638000,8960.852923022223,110.03333546666667,2,0.0,True,0,pos,1869.6292024873312,0.34841307980932396,OnTrack,-3935.0,8734.0,7483.0
2026-09-12 14:58:16.355,0 days 01:12:13.825000,,,0 days 00:00:29.838000,8506.964034133332,103.3666688,2,0.0,True,0,pos,1875.2923227338044,0.3494684255237465,OnTrack,-3972.0,8785.0,7485.0
2026-09-12 14:58:16.366,0 days 01:12:13.836000,,,0 days 00:00:29.849000,8482.0,103.0,2,0.0,True,0,car,1875.6022222222216,0.349526176566064,OnTrack,-3973.543697945072,8788.46002500267,7485.1040699134155
2026-09-12 14:58:16.606,0 days 01:12:14.076000,,,0 days 00:00:30.089000,7826.0,100.0,2,0.0,True,0,car,1882.2688888888881,0.3507685372771105,OnTrack,-3987.927269259516,8876.489764662654,7486.8975347861015
2026-09-12 14:58:16.635,0 days 01:12:14.105000,,,0 days 00:00:30.118000,7787.6657096,99.2750016,2,0.0,True,0,pos,1883.0454876598276,0.35091325964729975,OnTrack,-3987.0,8886.0,7487.0
2026-09-12 14:58:16.926,0 days 01:12:14.396000,,,0 days 00:00:30.409000,7403.0,92.0,2,0.0,True,0,car,1890.4466666666658,0.3522924997493275,OnTrack,-3948.1694378304737,8953.191341311976,7486.496049031413
2026-09-12 14:58:17.055,0 days 01:12:14.525000,,,0 days 00:00:30.538000,7598.342760228571,89.23571565714286,2,9.214281142857143,True,0,pos,1893.545068769994,0.35286989970535737,OnTrack,-3929.0,8971.0,7486.0
2026-09-12 14:58:17.206,0 days 01:12:14.676000,,,0 days 00:00:30.689000,7827.0,86.0,2,20.0,False,0,car,1897.1355555555547,0.3535390016627442,OnTrack,-3912.5720515894263,8984.704083326806,7485.512956545069
2026-09-12 14:58:17.366,0 days 01:12:14.836000,,,0 days 00:00:30.849000,8010.0,88.0,2,28.0,False,0,car,1901.0466666666657,0.35426785327989146,OnTrack,-3891.663249456623,9002.481370362437,7485.029040784177
2026-09-12 14:58:17.375,0 days 01:12:14.845000,,,0 days 00:00:30.858000,8027.27987712,88.15749888,2,28.47249664,False,0,pos,1901.2725191473737,0.35430994181717,OnTrack,-3890.0,9004.0,7485.0
2026-09-12 14:58:17.635,0 days 01:12:15.105000,,,0 days 00:00:31.118000,8526.47987712,92.70749888,2,42.12249664,False,0,pos,1908.088747657538,0.3555801739919516,OnTrack,-3830.0,9061.0,7484.0
2026-09-12 14:58:17.766,0 days 01:12:15.236000,,,0 days 00:00:31.249000,8778.0,95.0,2,49.0,False,0,car,1911.6022222222211,0.35623492440571514,OnTrack,-3809.9449262815256,9079.900538424223,7483.240732417122
2026-09-12 14:58:17.895,0 days 01:12:15.365000,,,0 days 00:00:31.378000,9189.9935456,97.4187488,2,53.8374976,False,0,pos,1915.08460114817,0.3568838800195014,OnTrack,-3791.0,9097.0,7482.0
2026-09-12 14:58:17.926,0 days 01:12:15.396000,,,0 days 00:00:31.409000,9289.0,98.0,2,55.0,False,0,car,1915.9577777777768,0.3570466000702655,OnTrack,-3785.2060175093416,9102.122003215527,7481.585151252789
2026-09-12 14:58:18.086,0 days 01:12:15.556000,,,0 days 00:00:31.569000,9858.0,108.0,2,63.0,False,0,car,1920.7577777777767,0.357941099782219,OnTrack,-3749.197311078925,9134.134395962341,7478.862204304012
2026-09-12 14:58:18.135,0 days 01:12:15.605000,,,0 days 00:00:31.618000,9998.13981696,109.95999744,2,62.26500096,False,0,pos,1922.2949612265982,0.358227560230592,OnTrack,-3738.0,9145.0,7478.0
2026-09-12 14:58:18.286,0 days 01:12:15.756000,,,0 days 00:00:31.769000,10430.0,116.0,2,60.0,False,0,car,1927.202222222221,0.35914204846956393,OnTrack,-3705.184298828459,9180.672893272009,7475.454156744517
2026-09-12 14:58:18.455,0 days 01:12:15.925000,,,0 days 00:00:31.938000,10801.330414933333,120.69444266666666,2,56.71389013333334,False,0,pos,1933.0038751090297,0.36022321031041904,OnTrack,-3672.0,9225.0,7473.0
2026-09-12 14:58:18.646,0 days 01:12:16.116000,,,0 days 00:00:32.129000,11221.0,126.0,2,53.0,False,0,car,1939.802222222221,0.36149011021344185,OnTrack,-3639.9582159141983,9281.405527411223,7470.785929722147
2026-09-12 14:58:18.695,0 days 01:12:16.165000,,,0 days 00:00:32.178000,11326.524862171429,126.87499885714286,2,54.2249984,False,0,pos,1941.5584709624225,0.3618173943784895,OnTrack,-3633.0,9297.0,7470.0
2026-09-12 14:58:18.895,0 days 01:12:16.365000,,,0 days 00:00:32.378000,11757.239147885713,130.44642742857144,2,59.2249984,False,0,pos,1948.8305223890939,0.36317257102567047,OnTrack,-3611.0,9365.0,7466.0
2026-09-12 14:58:18.926,0 days 01:12:16.396000,,,0 days 00:00:32.409000,11824.0,131.0,2,60.0,False,0,car,1949.9911111111098,0.36338885150015793,OnTrack,-3608.654866217077,9375.953399632204,7465.604979655804
2026-09-12 14:58:19.055,0 days 01:12:16.525000,,,0 days 00:00:32.538000,12148.373369194587,135.81742627516715,2,63.74688710290778,False,0,pos,1954.9333495398264,0.36430985792742726,OnTrack,-3602.0,9423.0,7464.0
2026-09-12 14:58:19.155,0 days 01:12:16.625000,,,0 days 00:00:32.638000,12399.825718127991,139.55186710091075,2,66.65145218959726,False,0,pos,1958.8828377660727,0.3650458612775816,OnTrack,-3600.0,9462.0,7461.0
2026-09-12 14:58:19.167,0 days 01:12:16.637000,,,0 days 00:00:32.650000,12430.0,140.0,2,67.0,False,0,car,1959.363333333332,0.36513540359977087,OnTrack,-3599.9348737902274,9466.768717495846,7460.634810878097
2026-09-12 14:58:19.395,0 days 01:12:16.865000,,,0 days 00:00:32.878000,11120.628571428571,147.32857142857142,2,70.25714285714285,False,0,pos,1968.7511945381284,0.36688487008801035,OnTrack,-3606.0,9559.0,7455.0
2026-09-12 14:58:19.447,0 days 01:12:16.917000,,,0 days 00:00:32.930000,10822.0,149.0,2,71.0,False,0,car,1970.952222222221,0.3672950406358067,OnTrack,-3609.4932787043695,9579.875865013677,7454.037679256447
2026-09-12 14:58:19.555,0 days 01:12:17.025000,,,0 days 00:00:33.038000,11010.46,152.24,2,71.54,False,0,pos,1975.588598883789,0.36815904846669845,OnTrack,-3620.0,9623.0,7452.0
2026-09-12 14:58:19.647,0 days 01:12:17.117000,,,0 days 00:00:33.130000,11171.0,155.0,3,72.0,False,0,car,1979.5633333333324,0.36889975655424184,OnTrack,-3633.5748560962643,9659.805761857671,7449.518925181564
2026-09-12 14:58:19.735,0 days 01:12:17.205000,,,0 days 00:00:33.218000,11371.566666666668,155.36666666666667,3,68.7,False,0,pos,1983.3540935835213,0.36960618029421655,OnTrack,-3649.0,9694.0,7447.0
2026-09-12 14:58:19.887,0 days 01:12:17.357000,,,0 days 00:00:33.370000,11718.0,156.0,3,63.0,False,0,car,1989.9633333333322,0.37083783926347436,OnTrack,-3678.0449072626657,9749.324232028339,7443.422115452111
2026-09-12 14:58:19.975,0 days 01:12:17.445000,,,0 days 00:00:33.458000,11793.742857142857,158.82857142857142,3,74.62857142857143,False,0,pos,1993.8992503047368,0.3715713135545566,OnTrack,-3700.0,9791.0,7441.0
2026-09-12 14:58:20.167,0 days 01:12:17.637000,,,0 days 00:00:33.650000,11959.0,165.0,3,100.0,False,0,car,2002.7966666666657,0.37322938363223895,OnTrack,-3765.243184175396,9922.065553615292,7433.720214276844
2026-09-12 14:58:20.255,0 days 01:12:17.725000,,,0 days 00:00:33.738000,11688.675,168.85,3,100.0,False,0,pos,2007.0329347907846,0.3740188295940685,OnTrack,-3791.0,9974.0,7431.0
2026-09-12 14:58:20.487,0 days 01:12:17.957000,,,0 days 00:00:33.970000,10976.0,179.0,4,100.0,False,0,car,2018.7077777777768,0.37619448452926996,OnTrack,-3827.2278981759864,10044.973070319167,7428.05891559244
2026-09-12 14:58:20.595,0 days 01:12:18.065000,,,0 days 00:00:34.078000,11143.7,183.8,4,100.0,False,0,pos,2024.4146032965893,0.37725797490067553,OnTrack,-3848.0,10092.0,7426.0
2026-09-12 14:58:20.847,0 days 01:12:18.317000,,,0 days 00:00:34.330000,11535.0,195.0,4,100.0,False,0,car,2038.2077777777768,0.37982838960908105,OnTrack,-3922.032350157515,10273.853026843974,7417.226288686586
2026-09-12 14:58:20.856,0 days 01:12:18.326000,,,0 days 00:00:34.339000,11548.85990144,195.2249984,4,100.0,False,0,pos,2038.7045407470423,0.3799209634284388,OnTrack,-3924.0,10279.0,7417.0
2026-09-12 14:58:21.047,0 days 01:12:18.517000,,,0 days 00:00:34.530000,11843.0,200.0,4,100.0,False,0,car,2049.318888888888,0.38189899079415857,OnTrack,-3945.624074976215,10344.741031787255,7414.895461454879
2026-09-12 14:58:21.176,0 days 01:12:18.646000,,,0 days 00:00:34.659000,11258.814575542858,202.76428434285714,4,100.0,False,0,pos,2056.6225110961527,0.38326005078595343,OnTrack,-3953.0,10386.0,7414.0
2026-09-12 14:58:21.327,0 days 01:12:18.797000,,,0 days 00:00:34.810000,10575.0,206.0,4,100.0,False,0,car,2065.3411111111104,0.3848847977030404,OnTrack,-3965.4399783677327,10464.914568709282,7411.646846179038
2026-09-12 14:58:21.516,0 days 01:12:18.986000,,,0 days 00:00:34.999000,10704.293138036364,210.2954530909091,4,100.0,False,0,pos,2076.5431039280484,0.3869723350672188,OnTrack,-3981.0,10582.0,7408.0
2026-09-12 14:58:21.696,0 days 01:12:19.166000,,,0 days 00:00:35.179000,10827.429501672726,214.38636218181819,4,100.0,False,0,pos,2087.4300381588623,0.38900115997003537,OnTrack,-3990.0,10690.0,7405.0
2026-09-12 14:58:21.767,0 days 01:12:19.237000,,,0 days 00:00:35.250000,10876.0,216.0,5,100.0,False,0,car,2091.7411111111105,0.3898045461187846,OnTrack,-3994.202442655184,10751.434737662477,7403.321074391322
2026-09-12 14:58:21.896,0 days 01:12:19.366000,,,0 days 00:00:35.379000,10980.58209097143,217.84285622857143,5,100.0,False,0,pos,2099.596187393895,0.3912683718421853,OnTrack,-4002.0,10871.0,7400.0
2026-09-12 14:58:22.047,0 days 01:12:19.517000,,,0 days 00:00:35.530000,11103.0,220.0,5,100.0,False,0,car,2108.852222222222,0.39299327194380407,OnTrack,-4007.3790084146035,10957.46555030338,7397.361796840451
2026-09-12 14:58:22.246,0 days 01:12:19.716000,,,0 days 00:00:35.729000,11190.0,223.0,5,100.0,False,0,car,2121.1791666666663,0.3952904486635587,OnTrack,-4009.583732545977,11026.697702596515,7394.625124056268
2026-09-12 14:58:22.315,0 days 01:12:19.785000,,,0 days 00:00:35.798000,11242.6124512,223.4312496,5,100.0,False,0,pos,2125.463056858421,0.3960887691932598,OnTrack,-4010.0,11068.0,7393.0
2026-09-12 14:58:22.406,0 days 01:12:19.876000,,,0 days 00:00:35.889000,11312.0,224.0,5,100.0,False,0,car,2131.134722222222,0.39714570732538823,OnTrack,-4010.3483013341597,11138.349535813197,7390.256687907627
2026-09-12 14:58:22.595,0 days 01:12:20.065000,,,0 days 00:00:36.078000,11464.549948342858,226.6999990857143,5,100.0,False,0,pos,2143.0774752433604,0.3993712883956674,OnTrack,-4010.0,11295.0,7384.0
2026-09-12 14:58:22.686,0 days 01:12:20.156000,,,0 days 00:00:36.169000,11538.0,228.0,5,100.0,False,0,car,2148.868055555555,0.4004503868167719,OnTrack,-4009.0563334886056,11339.670755589175,7381.950185485363
2026-09-12 14:58:22.835,0 days 01:12:20.305000,,,0 days 00:00:36.318000,11616.2249664,229.24166613333333,5,100.0,False,0,pos,2158.3723513172586,0.40222155136284776,OnTrack,-4006.0,11397.0,7379.0
2026-09-12 14:58:22.926,0 days 01:12:20.396000,,,0 days 00:00:36.409000,11664.0,230.0,5,100.0,False,0,car,2164.2013888888887,0.40330781645217895,OnTrack,-4002.8676722065093,11449.553947697947,7376.507035761955
2026-09-12 14:58:23.075,0 days 01:12:20.545000,,,0 days 00:00:36.558000,11723.5999744,231.48999936,5,100.0,False,0,pos,2173.795878450645,0.4050957889832897,OnTrack,-3996.0,11550.0,7372.0
2026-09-12 14:58:23.126,0 days 01:12:20.596000,,,0 days 00:00:36.609000,11744.0,232.0,5,100.0,False,0,car,2177.090277777778,0.40570971382686893,OnTrack,-3993.2970215561936,11581.977243097945,7370.646272562778
2026-09-12 14:58:23.235,0 days 01:12:20.705000,,,0 days 00:00:36.718000,11709.4833536,232.4541664,5,78.6541792,False,0,pos,2184.145169387241,0.40702442185031223,OnTrack,-3984.0,11653.0,7368.0
2026-09-12 14:58:23.366,0 days 01:12:20.836000,,,0 days 00:00:36.849000,11668.0,233.0,5,53.0,False,0,car,2192.6236111111107,0.4086044142836072,OnTrack,-3957.8321023976387,11764.857708534031,7364.9626244790425
2026-09-12 14:58:23.526,0 days 01:12:20.996000,,,0 days 00:00:37.009000,11660.0,232.0,5,55.0,False,0,car,2202.934722222222,0.41052593218335914,OnTrack,-3913.0361093382,11913.567569283812,7361.826444669368
2026-09-12 14:58:23.595,0 days 01:12:21.065000,,,0 days 00:00:37.078000,11649.937509333333,231.71250026666667,5,55.8624992,False,0,pos,2207.36757472846,0.41135201245210123,OnTrack,-3898.0,11957.0,7361.0
2026-09-12 14:58:23.766,0 days 01:12:21.236000,,,0 days 00:00:37.249000,11625.0,231.0,5,58.0,False,0,car,2218.334722222222,0.4133957854258766,OnTrack,-3872.4521360480985,12008.208061918998,7360.311893442256
2026-09-12 14:58:23.855,0 days 01:12:21.325000,,,0 days 00:00:37.338000,11619.437504,231.0,5,59.1124992,False,0,pos,2224.047810517469,0.4144604428913897,OnTrack,-3853.0,12032.0,7360.0
2026-09-12 14:58:24.006,0 days 01:12:21.476000,,,0 days 00:00:37.489000,11610.0,231.0,5,61.0,False,0,car,2233.7347222222215,0.416265638668394,OnTrack,-3797.2346942562226,12097.663134308583,7358.802254950245
2026-09-12 14:58:24.175,0 days 01:12:21.645000,,,0 days 00:00:37.658000,11584.6500096,230.15500032,5,56.7750016,False,0,pos,2244.534207530156,0.4182781671053093,OnTrack,-3715.0,12184.0,7357.0
2026-09-12 14:58:24.206,0 days 01:12:21.676000,,,0 days 00:00:37.689000,11580.0,230.0,5,56.0,False,0,car,2246.5124999999994,0.4186468300312332,OnTrack,-3699.4389493702647,12198.147935950992,7356.684519958577
2026-09-12 14:58:24.395,0 days 01:12:21.865000,,,0 days 00:00:37.878000,11676.38996736,230.0,5,63.559997440000004,False,0,pos,2258.5839862193566,0.4208964010616635,OnTrack,-3602.0,12276.0,7355.0
2026-09-12 14:58:24.406,0 days 01:12:21.876000,,,0 days 00:00:37.889000,11682.0,230.0,5,64.0,False,0,car,2259.290277777777,0.42102802139407236,OnTrack,-3596.249847090794,12280.385051119947,7354.927992992681
2026-09-12 14:58:24.555,0 days 01:12:22.025000,,,0 days 00:00:38.038000,11559.0750528,231.48999936,5,59.530001920000004,False,0,pos,2268.901338966251,0.42281908211587593,OnTrack,-3518.0,12338.0,7354.0
2026-09-12 14:58:24.606,0 days 01:12:22.076000,,,0 days 00:00:38.089000,11517.0,232.0,5,58.0,False,0,car,2272.179166666666,0.42342991876876224,OnTrack,-3491.3424845833392,12355.881010098234,7353.448557823306
2026-09-12 14:58:24.715,0 days 01:12:22.185000,,,0 days 00:00:38.198000,11435.250048,230.6375008,5,46.1916736,False,0,pos,2279.13313441841,0.42472581921686003,OnTrack,-3432.0,12397.0,7352.0
2026-09-12 14:58:24.846,0 days 01:12:22.316000,,,0 days 00:00:38.329000,11337.0,229.0,5,32.0,False,0,car,2287.4458333333328,0.4262749247970588,OnTrack,-3348.385777729394,12471.023073929957,7350.513722790424
2026-09-12 14:58:25.006,0 days 01:12:22.476000,,,0 days 00:00:38.489000,11187.0,228.0,5,5.0,False,0,car,2297.579166666666,0.4281633130778495,OnTrack,-3252.0372237990555,12571.153587901572,7349.177474327328
2026-09-12 14:58:25.035,0 days 01:12:22.505000,,,0 days 00:00:38.518000,11174.4937776,227.093752,5,6.2687472,False,0,pos,2299.3929264812054,0.42850131466777824,OnTrack,-3240.0,12585.0,7349.0
2026-09-12 14:58:25.166,0 days 01:12:22.636000,,,0 days 00:00:38.649000,11118.0,223.0,5,12.0,False,0,car,2307.4902777777775,0.43001028933493873,OnTrack,-3207.210425232218,12630.135926932917,7348.447269035938
2026-09-12 14:58:25.335,0 days 01:12:22.805000,,,0 days 00:00:38.818000,10884.2167552,219.479168,5,3.5500032000000004,False,0,pos,2317.782991813208,0.4319283788640871,OnTrack,-3188.0,12680.0,7348.0
2026-09-12 14:58:25.406,0 days 01:12:22.876000,,,0 days 00:00:38.889000,10786.0,218.0,5,0.0,False,0,car,2322.0236111111108,0.4327186356850201,OnTrack,-3175.6187105602307,12712.127891455992,7347.761979131371
2026-09-12 14:58:25.575,0 days 01:12:23.045000,,,0 days 00:00:39.058000,10581.743811881188,213.4013616183382,5,7.664397302769676,False,0,pos,2331.8690758072626,0.4345533784630942,OnTrack,-3144.0,12815.0,7347.0
2026-09-12 14:58:25.847,0 days 01:12:23.317000,,,0 days 00:00:39.330000,10253.0,206.0,5,20.0,False,0,car,2347.2586111111104,0.4374212815665089,OnTrack,-3127.9387076939693,13030.543376051597,7345.135851089818
2026-09-12 14:58:25.875,0 days 01:12:23.345000,,,0 days 00:00:39.358000,10271.34,205.58,5,19.72,False,0,pos,2348.837881876496,0.4377155851591617,OnTrack,-3128.0,13048.0,7345.0
2026-09-12 14:58:26.047,0 days 01:12:23.517000,,,0 days 00:00:39.530000,10384.0,203.0,5,18.0,False,0,car,2358.5363888888883,0.4395229417693626,OnTrack,-3133.732936844214,13120.402742044422,7344.587003653733
2026-09-12 14:58:26.207,0 days 01:12:23.677000,,,0 days 00:00:39.690000,10536.0,204.0,5,70.0,False,0,car,2367.603055555555,0.44121255233638584,OnTrack,-3150.7636444554746,13176.38828317466,7344.959488462545
2026-09-12 14:58:26.215,0 days 01:12:23.685000,,,0 days 00:00:39.698000,10540.85,204.15,5,70.65,False,0,pos,2368.059333869606,0.44129758167398786,OnTrack,-3152.0,13180.0,7345.0
2026-09-12 14:58:26.367,0 days 01:12:23.837000,,,0 days 00:00:39.850000,10633.0,207.0,5,83.0,False,0,car,2376.803055555555,0.4429270101176301,OnTrack,-3182.1602867936126,13262.589263252885,7346.152645056609
2026-09-12 14:58:26.455,0 days 01:12:23.925000,,,0 days 00:00:39.938000,10720.371428571429,208.88571428571427,5,83.0,False,0,pos,2381.9492567846937,0.44388602585036324,OnTrack,-3202.0,13314.0,7347.0
2026-09-12 14:58:26.647,0 days 01:12:24.117000,,,0 days 00:00:40.130000,10911.0,213.0,5,83.0,False,0,car,2393.3697222222218,0.44601427648458064,OnTrack,-3245.2069049094744,13421.504609746109,7348.928911727047
2026-09-12 14:58:26.655,0 days 01:12:24.125000,,,0 days 00:00:40.138000,10918.16,213.2,5,83.2,False,0,pos,2393.849762658848,0.4461037339913072,OnTrack,-3247.0,13426.0,7349.0
2026-09-12 14:58:26.847,0 days 01:12:24.317000,,,0 days 00:00:40.330000,11090.0,218.0,5,88.0,False,0,car,2405.4808333333326,0.4482712317763151,OnTrack,-3289.2447472167405,13534.659916224053,7350.635756122102
2026-09-12 14:58:26.875,0 days 01:12:24.345000,,,0 days 00:00:40.358000,11143.55,218.7,5,88.58333333333333,False,0,pos,2407.199408278569,0.44859149527495773,OnTrack,-3295.0,13550.0,7351.0
2026-09-12 14:58:27.035,0 days 01:12:24.505000,,,0 days 00:00:40.518000,11449.55,222.7,5,91.91666666666667,False,0,pos,2417.138751281877,0.4504437326610965,OnTrack,-3329.0,13643.0,7354.0
2026-09-12 14:58:27.087,0 days 01:12:24.557000,,,0 days 00:00:40.570000,11549.0,224.0,5,93.0,False,0,car,2420.414166666666,0.45105411976905935,OnTrack,-3344.3931177409686,13684.92603365343,7355.25902307708
2026-09-12 14:58:27.247,0 days 01:12:24.717000,,,0 days 00:00:40.730000,11011.0,230.0,5,94.0,False,0,car,2430.636388888888,0.4529590728593306,OnTrack,-3403.0597484051123,13843.697680335732,7359.604549285399
2026-09-12 14:58:27.315,0 days 01:12:24.785000,,,0 days 00:00:40.798000,10899.083333333334,231.7,5,92.01666666666667,False,0,pos,2435.0515469596608,0.45378185569735874,OnTrack,-3422.0,13895.0,7361.0
2026-09-12 14:58:27.487,0 days 01:12:24.957000,,,0 days 00:00:40.970000,10616.0,236.0,6,87.0,False,0,car,2446.3697222222218,0.4558910441374005,OnTrack,-3444.169834644012,13955.595436528327,7362.743517884889
2026-09-12 14:58:27.636,0 days 01:12:25.106000,,,0 days 00:00:41.119000,10685.84372,238.7937488,6,84.2062512,False,0,pos,2456.2601794361462,0.4577341714559303,OnTrack,-3463.0,14007.0,7364.0
2026-09-12 14:58:27.647,0 days 01:12:25.117000,,,0 days 00:00:41.130000,10691.0,239.0,6,84.0,False,0,car,2456.991944444444,0.4578705388703346,OnTrack,-3465.329819762715,14013.314764908671,7364.142208760112
2026-09-12 14:58:27.807,0 days 01:12:25.277000,,,0 days 00:00:41.290000,10835.0,240.0,6,81.0,False,0,car,2467.6586111111105,0.459858316008009,OnTrack,-3509.5196057170983,14133.280846729873,7366.652918121402
2026-09-12 14:58:27.836,0 days 01:12:25.306000,,,0 days 00:00:41.319000,10841.5249856,240.2718744,6,81.0,False,0,pos,2469.599753274156,0.4602200558216975,OnTrack,-3517.0,14154.0,7367.0
2026-09-12 14:58:28.056,0 days 01:12:25.526000,,,0 days 00:00:41.539000,10891.0249856,242.3343744,6,81.0,False,0,pos,2484.4243855378268,0.4629826869237121,OnTrack,-3557.0,14294.0,7368.0
2026-09-12 14:58:28.127,0 days 01:12:25.597000,,,0 days 00:00:41.610000,10907.0,243.0,6,81.0,False,0,car,2489.2586111111104,0.4638835647117997,OnTrack,-3564.393522823754,14357.418376037931,7368.085100622673
2026-09-12 14:58:28.296,0 days 01:12:25.766000,,,0 days 00:00:41.779000,10964.0374784,245.8166656,6,71.1416704,False,0,pos,2500.862153997578,0.46604593258046323,OnTrack,-3572.0,14522.0,7368.0
2026-09-12 14:58:28.367,0 days 01:12:25.837000,,,0 days 00:00:41.850000,10988.0,247.0,6,67.0,False,0,car,2505.725277777777,0.4669521956680846,OnTrack,-3571.227746132837,14570.728223843049,7367.802477370996
2026-09-12 14:58:28.567,0 days 01:12:26.037000,,,0 days 00:00:42.050000,10946.0,245.0,6,63.0,False,0,car,2519.336388888888,0.46948868211980455,OnTrack,-3556.505523814237,14652.211698309955,7366.466486793534
2026-09-12 14:58:28.656,0 days 01:12:26.126000,,,0 days 00:00:42.139000,10942.185717028571,245.63571382857143,6,63.31785691428571,False,0,pos,2525.43515162362,0.4706252116009484,OnTrack,-3544.0,14697.0,7365.0
2026-09-12 14:58:28.816,0 days 01:12:26.286000,,,0 days 00:00:42.299000,10935.328574171428,246.77857097142856,6,63.88928548571428,False,0,pos,2536.43231842626,0.47267457879621216,OnTrack,-3512.0,14802.0,7361.0
2026-09-12 14:58:28.847,0 days 01:12:26.317000,,,0 days 00:00:42.330000,10934.0,247.0,6,64.0,False,0,car,2538.547499999999,0.47306875156880357,OnTrack,-3504.2131144624705,14822.430777992247,7360.159934384774
2026-09-12 14:58:29.086,0 days 01:12:26.556000,,,0 days 00:00:42.569000,10978.0,244.0,6,70.0,False,0,car,2554.7463888888883,0.47608748103652815,OnTrack,-3428.967307981459,14967.896483371484,7353.446022809473
2026-09-12 14:58:29.135,0 days 01:12:26.605000,,,0 days 00:00:42.618000,10986.2687392,244.9187488,6,71.2249984,False,0,pos,2558.095422450826,0.4767115871941273,OnTrack,-3412.0,14995.0,7352.0
2026-09-12 14:58:29.246,0 days 01:12:26.716000,,,0 days 00:00:42.729000,11005.0,247.0,6,74.0,False,0,car,2565.724166666666,0.47813323500738475,OnTrack,-3372.005553845362,15053.282918745328,7348.602247774835
2026-09-12 14:58:29.315,0 days 01:12:26.785000,,,0 days 00:00:42.798000,11038.11996928,247.34499968,6,77.4499968,False,0,pos,2570.4767580165126,0.47901889992269114,OnTrack,-3337.0,15093.0,7346.0
2026-09-12 14:58:29.446,0 days 01:12:26.916000,,,0 days 00:00:42.929000,11101.0,248.0,6,84.0,False,0,car,2579.501944444444,0.48070078047688086,OnTrack,-3235.550377437348,15184.265169762606,7339.417997433586
2026-09-12 14:58:29.615,0 days 01:12:27.085000,,,0 days 00:00:43.098000,11186.1035392,248.0,6,89.4321408,False,0,pos,2591.1038742344567,0.4828628477383957,OnTrack,-3105.0,15287.0,7332.0
2026-09-12 14:58:29.726,0 days 01:12:27.196000,,,0 days 00:00:43.209000,11242.0,248.0,6,93.0,False,0,car,2598.7908333333326,0.48429534413417547,OnTrack,-3071.0106803740864,15310.65219791273,7331.006125758675
2026-09-12 14:58:29.855,0 days 01:12:27.325000,,,0 days 00:00:43.338000,11324.774958933333,251.2249984,6,96.76249813333334,False,0,pos,2607.85813658261,0.4859850733309824,OnTrack,-3043.0,15321.0,7331.0
2026-09-12 14:58:29.966,0 days 01:12:27.436000,,,0 days 00:00:43.449000,11396.0,254.0,6,100.0,False,0,car,2615.7241666666655,0.4874509403402335,OnTrack,-2988.6282041215673,15341.737653508319,7329.266536855532
2026-09-12 14:58:30.126,0 days 01:12:27.596000,,,0 days 00:00:43.609000,11561.0,256.0,6,100.0,False,0,car,2627.1019444444437,0.489571235953753,OnTrack,-2869.215288420987,15385.668744569924,7324.408861935701
2026-09-12 14:58:30.235,0 days 01:12:27.705000,,,0 days 00:00:43.718000,11605.378545371428,257.1678564571429,6,100.0,False,0,pos,2634.906020577197,0.4910255575897554,OnTrack,-2787.0,15408.0,7321.0
2026-09-12 14:58:30.335,0 days 01:12:27.805000,,,0 days 00:00:43.818000,11646.092831085714,258.23928502857143,6,100.0,False,0,pos,2642.107860245064,0.4923676499873474,OnTrack,-2715.0,15421.0,7318.0
2026-09-12 14:58:30.406,0 days 01:12:27.876000,,,0 days 00:00:43.889000,11675.0,259.0,6,100.0,False,0,car,2647.2463888888883,0.4933252359022986,OnTrack,-2666.207696603029,15427.441738078,7315.86802282656
2026-09-12 14:58:30.595,0 days 01:12:28.065000,,,0 days 00:00:44.078000,11782.72996352,261.83499904,6,100.0,False,0,pos,2661.001948494256,0.49588864092412366,OnTrack,-2526.0,15431.0,7311.0
2026-09-12 14:58:30.606,0 days 01:12:28.076000,,,0 days 00:00:44.089000,11789.0,262.0,6,100.0,False,0,car,2661.8019444444435,0.49603772345475006,OnTrack,-2515.9078476059212,15430.337140956846,7310.81716424545
2026-09-12 14:58:30.815,0 days 01:12:28.285000,,,0 days 00:00:44.298000,11842.120817066667,262.0,6,100.0,False,0,pos,2676.9941880179417,0.4988688604340047,OnTrack,-2308.0,15406.0,7309.0
2026-09-12 14:58:30.846,0 days 01:12:28.316000,,,0 days 00:00:44.329000,11850.0,262.0,6,100.0,False,0,car,2679.26861111111,0.499292708517692,OnTrack,-2284.2796704303214,15402.93091939676,7308.777765072032
2026-09-12 14:58:31.006,0 days 01:12:28.476000,,,0 days 00:00:44.489000,11634.0,267.0,6,100.0,False,0,car,2691.1352777777765,0.5015041105833546,OnTrack,-2205.514846376544,15392.929723765224,7307.4977733264805
2026-09-12 14:58:31.255,0 days 01:12:28.725000,,,0 days 00:00:44.738000,10916.050184533333,270.45833244444447,6,100.0,False,0,pos,2709.9300646076867,0.5050065962928509,OnTrack,-2053.0,15321.0,7310.0
2026-09-12 14:58:31.366,0 days 01:12:28.836000,,,0 days 00:00:44.849000,10596.0,272.0,7,100.0,False,0,car,2718.3352777777764,0.5065729422844245,OnTrack,-1905.6941773388246,15238.196580852235,7314.747383787287
2026-09-12 14:58:31.395,0 days 01:12:28.865000,,,0 days 00:00:44.878000,10586.28502144,272.0,7,100.0,False,0,pos,2720.52791726635,0.5069815496575384,OnTrack,-1870.0,15217.0,7316.0
2026-09-12 14:58:31.566,0 days 01:12:29.036000,,,0 days 00:00:45.049000,10529.0,272.0,7,100.0,False,0,car,2733.4463888888877,0.50938895989613,OnTrack,-1728.453357998931,15119.050448702495,7321.999457882002
2026-09-12 14:58:31.766,0 days 01:12:29.236000,,,0 days 00:00:45.249000,10583.0,273.0,7,100.0,False,0,car,2748.6130555555546,0.5122153305137608,OnTrack,-1670.2925493694524,15046.38504872789,7326.853937876254
2026-09-12 14:58:31.855,0 days 01:12:29.325000,,,0 days 00:00:45.338000,10601.3562368,273.5562496,7,100.0,False,0,pos,2755.3848082495597,0.5134772744375542,OnTrack,-1645.0,15014.0,7329.0
2026-09-12 14:58:31.926,0 days 01:12:29.396000,,,0 days 00:00:45.409000,10616.0,274.0,7,100.0,False,0,car,2760.790833333332,0.5144847094126057,OnTrack,-1623.6323767233484,14987.566150106004,7330.734883113361
2026-09-12 14:58:32.195,0 days 01:12:29.665000,,,0 days 00:00:45.678000,10640.302179748722,274.0,7,100.0,False,0,pos,2781.2649640255577,0.5183001477473335,OnTrack,-1529.0,14854.0,7339.0
2026-09-12 14:58:32.247,0 days 01:12:29.717000,,,0 days 00:00:45.730000,10645.0,274.0,7,100.0,False,0,car,2785.2224999999985,0.5190376508284134,OnTrack,-1506.8622499987803,14812.659032250756,7341.403486788336
2026-09-12 14:58:32.475,0 days 01:12:29.945000,,,0 days 00:00:45.958000,10661.285714285714,274.0,7,100.0,False,0,pos,2802.5757807974337,0.522271505968987,OnTrack,-1410.0,14590.0,7354.0
2026-09-12 14:58:32.527,0 days 01:12:29.997000,,,0 days 00:00:46.010000,10665.0,274.0,7,100.0,False,0,car,2806.5336111111096,0.5230090639013921,OnTrack,-1394.7213199161286,14540.452911858752,7356.747015991669
2026-09-12 14:58:32.807,0 days 01:12:30.277000,,,0 days 00:00:46.290000,10562.0,274.0,7,100.0,False,0,car,2827.8447222222208,0.5269804769743708,OnTrack,-1358.6495072382559,14301.756319924625,7369.418775087419
2026-09-12 14:58:32.895,0 days 01:12:30.365000,,,0 days 00:00:46.378000,10586.75,274.0,7,100.0,False,0,pos,2834.542279814886,0.5282285943363356,OnTrack,-1355.0,14244.0,7372.0
2026-09-12 14:58:32.967,0 days 01:12:30.437000,,,0 days 00:00:46.450000,10607.0,274.0,7,100.0,False,0,car,2840.0224999999987,0.5292498558732158,OnTrack,-1353.5363372483077,14203.963708007286,7373.51782344994
2026-09-12 14:58:33.255,0 days 01:12:30.725000,,,0 days 00:00:46.738000,10579.8,274.0,7,100.0,False,0,pos,2861.9463487484863,0.5333354551212229,OnTrack,-1363.0,14076.0,7376.0
2026-09-12 14:58:33.327,0 days 01:12:30.797000,,,0 days 00:00:46.810000,10573.0,274.0,7,100.0,False,0,car,2867.4224999999988,0.534355958395617,OnTrack,-1369.93960591231,14036.971751113804,7376.531794556828
2026-09-12 14:58:34.096,0 days 01:12:31.566000,,,0 days 00:00:47.579000,10535.385872695651,273.16413050434784,7,100.0,False,0,pos,2925.7467551183586,0.5452249228546326,OnTrack,-1548.0,13466.0,7376.0
2026-09-12 14:58:34.247,0 days 01:12:31.717000,,,0 days 00:00:47.730000,10528.0,273.0,7,100.0,False,0,car,2937.189166666665,0.5473572632367187,OnTrack,-1599.0930167896727,13362.21569986391,7371.2066186526035
2026-09-12 14:58:34.316,0 days 01:12:31.786000,,,0 days 00:00:47.799000,10531.641663288889,273.0,7,100.0,False,0,pos,2942.4181960386654,0.548331714334021,OnTrack,-1623.0,13317.0,7369.0
2026-09-12 14:58:34.556,0 days 01:12:32.026000,,,0 days 00:00:48.039000,10544.308329955555,273.0,7,100.0,False,0,pos,2960.6159443944816,0.5517229394720377,OnTrack,-1714.0,13159.0,7362.0
2026-09-12 14:58:34.607,0 days 01:12:32.077000,,,0 days 00:00:48.090000,10547.0,273.0,7,100.0,False,0,car,2964.489166666666,0.5524447303484543,OnTrack,-1739.827205032362,13118.341995131112,7360.032789359792
2026-09-12 14:58:34.856,0 days 01:12:32.326000,,,0 days 00:00:48.339000,10551.97999872,273.62249984,7,100.0,False,0,pos,2983.4355844417164,0.5559754731072739,OnTrack,-1883.0,12907.0,7349.0
2026-09-12 14:58:35.007,0 days 01:12:32.477000,,,0 days 00:00:48.490000,10555.0,274.0,7,100.0,False,0,car,2994.93361111111,0.5581181775955668,OnTrack,-1944.7826826847008,12824.579907437705,7344.459336244787
2026-09-12 14:58:35.156,0 days 01:12:32.626000,,,0 days 00:00:48.639000,10559.789283657143,274.0,7,100.0,False,0,pos,3006.2747218806267,0.5602316401615178,OnTrack,-2003.0,12754.0,7341.0
2026-09-12 14:58:35.287,0 days 01:12:32.757000,,,0 days 00:00:48.770000,10564.0,274.0,7,100.0,False,0,car,3016.2447222222213,0.5620895906685455,OnTrack,-2067.597488315072,12677.608525829955,7338.030202832483
2026-09-12 14:58:35.336,0 days 01:12:32.806000,,,0 days 00:00:48.819000,10563.02000128,274.0,7,100.0,False,0,pos,3019.974283738858,0.5627846097732004,OnTrack,-2092.0,12649.0,7337.0
2026-09-12 14:58:35.487,0 days 01:12:32.957000,,,0 days 00:00:48.970000,10560.0,274.0,7,100.0,False,0,car,3031.466944444443,0.5649263142921016,OnTrack,-2163.120339579066,12566.309227750251,7334.231666531517
2026-09-12 14:58:35.575,0 days 01:12:33.045000,,,0 days 00:00:49.058000,10565.883007307764,274.0,7,100.0,False,0,pos,3038.16225530174,0.566174012965704,OnTrack,-2212.0,12510.0,7333.0
2026-09-12 14:58:35.846,0 days 01:12:33.316000,,,0 days 00:00:49.329000,10584.0,274.0,7,100.0,False,0,car,3058.790833333332,0.570018233196385,OnTrack,-2406.691040779428,12287.028719517732,7331.137136643603
2026-09-12 14:58:35.895,0 days 01:12:33.365000,,,0 days 00:00:49.378000,10580.7843792,274.1531248,7,100.0,False,0,pos,3062.5285460037217,0.5707147713020159,OnTrack,-2432.0,12258.0,7331.0
2026-09-12 14:58:36.155,0 days 01:12:33.625000,,,0 days 00:00:49.638000,10563.7218792,274.9656248,7,100.0,False,0,pos,3082.394470851803,0.5744168679799949,OnTrack,-2502.0,12177.0,7331.0
2026-09-12 14:58:36.166,0 days 01:12:33.636000,,,0 days 00:00:49.649000,10563.0,275.0,7,100.0,False,0,car,3083.2352777777764,0.5745735558035556,OnTrack,-2505.5728777652134,12172.866399561484,7331.026602509219
2026-09-12 14:58:36.475,0 days 01:12:33.945000,,,0 days 00:00:49.958000,10596.796868,275.0,7,100.0,False,0,pos,3106.8410132089834,0.5789725815418193,OnTrack,-2661.0,11992.0,7333.0
2026-09-12 14:58:36.486,0 days 01:12:33.956000,,,0 days 00:00:49.969000,10598.0,275.0,7,100.0,False,0,car,3107.679722222221,0.5791288784107261,OnTrack,-2667.883599447977,11983.833593748566,7333.138721405238
2026-09-12 14:58:36.735,0 days 01:12:34.205000,,,0 days 00:00:50.218000,10592.340910545454,274.43409105454543,7,100.0,False,0,pos,3126.6253870040396,0.5826594808461644,OnTrack,-2827.0,11792.0,7337.0
2026-09-12 14:58:36.926,0 days 01:12:34.396000,,,0 days 00:00:50.409000,10588.0,274.0,7,100.0,False,0,car,3141.1686111111094,0.5853696703825497,OnTrack,-2902.7967498685616,11696.991837431051,7338.664770528898
2026-09-12 14:58:37.115,0 days 01:12:34.585000,,,0 days 00:00:50.598000,10515.23502464,270.22000128,7,5.5000320000000045,False,0,pos,3155.3856874026837,0.5880190809341401,OnTrack,-2966.0,11614.0,7340.0
2026-09-12 14:58:37.126,0 days 01:12:34.596000,,,0 days 00:00:50.609000,10511.0,270.0,7,0.0,True,0,car,3156.1686111111094,0.5881649819824044,OnTrack,-2970.435245980588,11608.154585525926,7340.104558131373
2026-09-12 14:58:37.215,0 days 01:12:34.685000,,,0 days 00:00:50.698000,10793.0185472,259.1531328,7,0.0,True,0,pos,3162.2558751474485,0.5892993686338817,OnTrack,-3009.0,11556.0,7341.0
2026-09-12 14:58:37.446,0 days 01:12:34.916000,,,0 days 00:00:50.929000,11525.0,231.0,7,0.0,True,0,car,3176.7019444444427,0.5919914529724277,OnTrack,-3120.192943118229,11373.452600791246,7342.600680934719
2026-09-12 14:58:37.535,0 days 01:12:35.005000,,,0 days 00:00:51.018000,11291.375168,224.8812544,7,0.0,True,0,pos,3182.2009898466104,0.5930162226658148,OnTrack,-3155.0,11311.0,7343.0
2026-09-12 14:58:37.606,0 days 01:12:35.076000,,,0 days 00:00:51.089000,11105.0,220.0,6,0.0,True,0,car,3186.47972222222,0.5938135820152958,OnTrack,-3176.713619516628,11270.577122674056,7343.254804622639
2026-09-12 14:58:37.886,0 days 01:12:35.356000,,,0 days 00:00:51.369000,11239.0,198.0,4,0.0,True,0,car,3201.87972222222,0.5966834352578133,OnTrack,-3223.1538872971655,11172.514161814473,7343.920095039525
2026-09-12 14:58:37.915,0 days 01:12:35.385000,,,0 days 00:00:51.398000,11338.428352,196.2392896,4,0.0,True,0,pos,3203.3904651156327,0.5969649684001036,OnTrack,-3227.0,11164.0,7344.0
2026-09-12 14:58:38.166,0 days 01:12:35.636000,,,0 days 00:00:51.649000,12199.0,181.0,4,0.0,True,0,car,3215.957499999998,0.5993068869593066,OnTrack,-3259.4789456426224,11090.389321024471,7344.813193587669
2026-09-12 14:58:38.255,0 days 01:12:35.725000,,,0 days 00:00:51.738000,11980.72765696,177.44000256,4,0.0,True,0,pos,3220.1917281030424,0.6000959527548313,OnTrack,-3273.0,11054.0,7345.0
2026-09-12 14:58:38.535,0 days 01:12:36.005000,,,0 days 00:00:52.018000,11294.027656960001,166.24000256,4,0.0,True,0,pos,3232.9087043060217,0.6024658134945154,OnTrack,-3319.0,10897.0,7345.0
2026-09-12 14:58:38.566,0 days 01:12:36.036000,,,0 days 00:00:52.049000,11218.0,165.0,3,0.0,True,0,car,3234.2908333333316,0.6027233789146845,OnTrack,-3322.0630587371234,10879.573193624488,7344.965961793386
2026-09-12 14:58:38.927,0 days 01:12:36.397000,,,0 days 00:00:52.410000,10716.0,158.0,3,0.0,False,0,car,3250.1347222222203,0.6056759526745458,OnTrack,-3322.40496424674,10707.860610569162,7344.206271515002
2026-09-12 14:58:38.995,0 days 01:12:36.465000,,,0 days 00:00:52.478000,10723.65,156.725,3,6.375,False,0,pos,3253.0768282635245,0.6062242262175632,OnTrack,-3320.0,10688.0,7344.0
2026-09-12 14:58:39.087,0 days 01:12:36.557000,,,0 days 00:00:52.570000,10734.0,155.0,3,15.0,False,0,car,3257.0236111111094,0.6069597254092939,OnTrack,-3316.6115171450147,10668.825412241245,7343.691757246259
2026-09-12 14:58:39.235,0 days 01:12:36.705000,,,0 days 00:00:52.718000,10816.325,153.15,3,28.875,False,0,pos,3263.2475818437333,0.6081195879150312,OnTrack,-3306.0,10641.0,7343.0
2026-09-12 14:58:39.407,0 days 01:12:36.877000,,,0 days 00:00:52.890000,10912.0,151.0,3,45.0,False,0,car,3270.445833333332,0.6094610116408675,OnTrack,-3275.3450860250396,10580.98231137268,7341.63529790183
2026-09-12 14:58:39.475,0 days 01:12:36.945000,,,0 days 00:00:52.958000,10960.875,152.275,3,51.375,False,0,pos,3273.3354026430334,0.6099994947482004,OnTrack,-3259.0,10556.0,7341.0
2026-09-12 14:58:39.567,0 days 01:12:37.037000,,,0 days 00:00:53.050000,11027.0,154.0,3,60.0,False,0,car,3277.2902777777763,0.6107365019708754,OnTrack,-3233.752947695798,10524.855290889487,7340.092184045554
2026-09-12 14:58:39.795,0 days 01:12:37.265000,,,0 days 00:00:53.278000,11518.466666666667,158.43333333333334,3,65.06666666666666,False,0,pos,3287.355970733745,0.6126122851895685,OnTrack,-3158.0,10456.0,7338.0
2026-09-12 14:58:39.927,0 days 01:12:37.397000,,,0 days 00:00:53.410000,11803.0,161.0,3,68.0,False,0,car,3293.390277777776,0.6137368030880527,OnTrack,-3108.5521442767795,10416.341155151598,7337.226618249467
2026-09-12 14:58:39.955,0 days 01:12:37.425000,,,0 days 00:00:53.438000,11861.566666666668,162.16666666666666,3,70.45,False,0,pos,3294.6920058605,0.613979385462019,OnTrack,-3098.0,10408.0,7337.0
2026-09-12 14:58:40.167,0 days 01:12:37.637000,,,0 days 00:00:53.650000,12305.0,171.0,3,89.0,False,0,car,3304.7902777777763,0.6158612399039423,OnTrack,-3018.792421508335,10346.070449258017,7334.331083825091
2026-09-12 14:58:40.195,0 days 01:12:37.665000,,,0 days 00:00:53.678000,12175.5,172.05,3,90.28333333333333,False,0,pos,3306.1548905068908,0.616115541090009,OnTrack,-3008.0,10338.0,7334.0
2026-09-12 14:58:40.407,0 days 01:12:37.877000,,,0 days 00:00:53.890000,11195.0,180.0,4,100.0,False,0,car,3316.7902777777763,0.6180974891838259,OnTrack,-2921.9911044509895,10276.569482633628,7332.174656577766
2026-09-12 14:58:40.435,0 days 01:12:37.905000,,,0 days 00:00:53.918000,11248.822222222223,181.32222222222222,4,100.0,False,0,pos,3318.253539987034,0.618370174105637,OnTrack,-2910.0,10268.0,7332.0
2026-09-12 14:58:40.636,0 days 01:12:38.106000,,,0 days 00:00:54.119000,11635.188765866667,190.81388586666665,4,100.0,False,0,pos,3329.178418747405,0.6204060701273617,OnTrack,-2825.0,10206.0,7331.0
2026-09-12 14:58:40.767,0 days 01:12:38.237000,,,0 days 00:00:54.250000,11887.0,197.0,4,100.0,False,0,car,3336.490277777776,0.6217686650849684,OnTrack,-2784.156052667191,10175.026433396404,7330.275669908682
2026-09-12 14:58:40.816,0 days 01:12:38.286000,,,0 days 00:00:54.299000,11882.5083392,198.6333312,4,100.0,False,0,pos,3339.240080766874,0.6222811021644845,OnTrack,-2767.0,10162.0,7330.0
2026-09-12 14:58:40.996,0 days 01:12:38.466000,,,0 days 00:00:54.479000,11866.0083392,204.6333312,4,100.0,False,0,pos,3349.5106791199223,0.6241950703453993,OnTrack,-2686.0,10101.0,7329.0
2026-09-12 14:58:41.007,0 days 01:12:38.477000,,,0 days 00:00:54.490000,11865.0,205.0,4,100.0,False,0,car,3350.156944444443,0.6243155045426138,OnTrack,-2680.9122531872,10097.148245116778,7328.934860384765
2026-09-12 14:58:41.156,0 days 01:12:38.626000,,,0 days 00:00:54.639000,11701.438706618183,211.43408814545455,4,100.0,False,0,pos,3359.151457783528,0.6259916690407332,OnTrack,-2611.0,10044.0,7328.0
2026-09-12 14:58:41.447,0 days 01:12:38.917000,,,0 days 00:00:54.930000,11382.0,224.0,5,100.0,False,0,car,3377.534722222221,0.6294174658626448,OnTrack,-2440.4686558537815,9915.425648338656,7326.212236142493
2026-09-12 14:58:41.496,0 days 01:12:38.966000,,,0 days 00:00:54.979000,11458.99989942857,225.04999862857142,5,100.0,False,0,pos,3380.6429958751964,0.6299967054224905,OnTrack,-2415.0,9896.0,7326.0
2026-09-12 14:58:41.727,0 days 01:12:39.197000,,,0 days 00:00:55.210000,11822.0,230.0,5,100.0,False,0,car,3395.42361111111,0.6327511337706196,OnTrack,-2320.6940320783397,9821.697968003127,7325.428263775425
2026-09-12 14:58:41.836,0 days 01:12:39.306000,,,0 days 00:00:55.319000,11557.3723776,233.3305536,5,100.0,False,0,pos,3402.5938985205344,0.6340873462752769,OnTrack,-2276.0,9782.0,7325.0
2026-09-12 14:58:41.996,0 days 01:12:39.466000,,,0 days 00:00:55.479000,11168.927933155555,238.2194424888889,5,100.0,False,0,pos,3413.344482728207,0.6360907617913383,OnTrack,-2202.0,9709.0,7324.0
2026-09-12 14:58:42.087,0 days 01:12:39.557000,,,0 days 00:00:55.570000,10948.0,241.0,6,100.0,False,0,car,3419.52361111111,0.6372422677410529,OnTrack,-2162.7579841373818,9663.298394713032,7323.514076292015
2026-09-12 14:58:42.255,0 days 01:12:39.725000,,,0 days 00:00:55.738000,11025.466666666667,244.26666666666668,6,100.0,False,0,pos,3431.0355265915205,0.6393875604663154,OnTrack,-2099.0,9572.0,7323.0
2026-09-12 14:58:42.415,0 days 01:12:39.885000,,,0 days 00:00:55.898000,11099.244444444445,247.37777777777777,6,100.0,False,0,pos,3442.1020170059583,0.641449846401326,OnTrack,-2049.0,9476.0,7323.0
2026-09-12 14:58:42.447,0 days 01:12:39.917000,,,0 days 00:00:55.930000,11114.0,248.0,6,100.0,False,0,car,3444.32361111111,0.641863849586146,OnTrack,-2040.3346483095927,9455.940749656595,7322.954997394469
2026-09-12 14:58:42.646,0 days 01:12:40.116000,,,0 days 00:00:56.129000,11280.0,251.0,6,100.0,False,0,car,3458.198333333332,0.6444494610509818,OnTrack,-1996.6684782472917,9325.349686172207,7322.217503502254
2026-09-12 14:58:42.735,0 days 01:12:40.205000,,,0 days 00:00:56.218000,11317.083306666667,251.74166613333333,6,100.0,False,0,pos,3464.4323819603733,0.6456112016137303,OnTrack,-1983.0,9264.0,7322.0
2026-09-12 14:58:42.886,0 days 01:12:40.356000,,,0 days 00:00:56.369000,11380.0,253.0,6,100.0,False,0,car,3475.0649999999987,0.6475926336499295,OnTrack,-1967.687479261256,9156.461317476154,7321.993215402259
2026-09-12 14:58:42.895,0 days 01:12:40.365000,,,0 days 00:00:56.378000,11383.699973688888,253.09999928888888,6,100.0,False,0,pos,3475.7018840571186,0.6477113196094381,OnTrack,-1967.0,9150.0,7322.0
2026-09-12 14:58:43.155,0 days 01:12:40.625000,,,0 days 00:00:56.638000,11490.588862577777,255.98888817777777,6,100.0,False,0,pos,3494.2431648667016,0.651166563430984,OnTrack,-1955.0,8963.0,7322.0
2026-09-12 14:58:43.246,0 days 01:12:40.716000,,,0 days 00:00:56.729000,11528.0,257.0,6,100.0,False,0,car,3500.7649999999985,0.6523819341910138,OnTrack,-1953.105255753783,8897.749618645707,7321.490723096698
2026-09-12 14:58:43.315,0 days 01:12:40.785000,,,0 days 00:00:56.798000,11560.528541257143,257.4928566857143,6,100.0,False,0,pos,3505.714938262449,0.6533043755139198,OnTrack,-1952.0,8848.0,7321.0
2026-09-12 14:58:43.455,0 days 01:12:40.925000,,,0 days 00:00:56.938000,11626.528541257143,258.4928566857143,6,100.0,False,0,pos,3515.7788284466046,0.6551798227786823,OnTrack,-1950.0,8747.0,7320.0
2026-09-12 14:58:43.526,0 days 01:12:40.996000,,,0 days 00:00:57.009000,11660.0,259.0,6,100.0,False,0,car,3520.909444444443,0.6561359341395594,OnTrack,-1949.1901537570361,8698.745901950437,7319.540820944642
2026-09-12 14:58:43.615,0 days 01:12:41.085000,,,0 days 00:00:57.098000,11674.68498944,260.33499904,6,100.0,False,0,pos,3527.3701853953903,0.6573399197478152,OnTrack,-1948.0,8636.0,7319.0
2026-09-12 14:58:43.726,0 days 01:12:41.196000,,,0 days 00:00:57.209000,11693.0,262.0,6,100.0,False,0,car,3535.464999999999,0.658848421692011,OnTrack,-1945.5073910596604,8543.26054249878,7318.3367197485095
2026-09-12 14:58:43.926,0 days 01:12:41.396000,,,0 days 00:00:57.409000,11807.0,264.0,6,100.0,False,0,car,3550.1316666666653,0.6615816152563132,OnTrack,-1940.1708311085713,8369.408170306922,7317.064672116249
2026-09-12 14:58:43.935,0 days 01:12:41.405000,,,0 days 00:00:57.418000,11809.224984177778,264.07499946666667,6,100.0,False,0,pos,3550.7949856383034,0.6617052274707016,OnTrack,-1940.0,8363.0,7317.0
2026-09-12 14:58:44.286,0 days 01:12:41.756000,,,0 days 00:00:57.769000,11896.0,267.0,6,100.0,False,0,car,3576.831666666665,0.6665572699040545,OnTrack,-1921.7256116647002,8151.290798882395,7314.077632221094
2026-09-12 14:58:44.295,0 days 01:12:41.765000,,,0 days 00:00:57.778000,11896.64285257143,267.0,6,100.0,False,0,pos,3577.499483094599,0.6666817202378931,OnTrack,-1920.0,8143.0,7314.0
2026-09-12 14:58:44.566,0 days 01:12:42.036000,,,0 days 00:00:58.049000,11916.0,267.0,6,100.0,False,0,car,3597.598333333332,0.6704272235189644,OnTrack,-1846.6810015246901,7849.095604801803,7312.027643536153
2026-09-12 14:58:44.575,0 days 01:12:42.045000,,,0 days 00:00:58.058000,11915.075006577777,267.02499982222224,6,100.0,False,0,pos,3598.267345498253,0.6705518966833011,OnTrack,-1845.0,7843.0,7312.0
2026-09-12 14:58:44.815,0 days 01:12:42.285000,,,0 days 00:00:58.298000,11890.408339911111,267.69166648888887,6,100.0,False,0,pos,3616.151878797209,0.6738847529092049,OnTrack,-1818.0,7774.0,7312.0
2026-09-12 14:58:44.926,0 days 01:12:42.396000,,,0 days 00:00:58.409000,11879.0,268.0,6,100.0,False,0,car,3624.398333333332,0.6754215135773715,OnTrack,-1789.3882438563176,7716.562350960115,7311.738592511518
2026-09-12 14:58:45.135,0 days 01:12:42.605000,,,0 days 00:00:58.618000,11883.354165333334,266.25833386666665,6,100.0,False,0,pos,3639.8417018753617,0.6782994487257958,OnTrack,-1708.0,7564.0,7311.0
2026-09-12 14:58:45.166,0 days 01:12:42.636000,,,0 days 00:00:58.649000,11884.0,266.0,6,100.0,False,0,car,3642.1316666666658,0.6787261930687553,OnTrack,-1695.184860771585,7543.474286159272,7310.95778019717
2026-09-12 14:58:45.355,0 days 01:12:42.825000,,,0 days 00:00:58.838000,11818.64486891362,266.0,6,100.0,False,0,pos,3656.111027502622,0.6813313043689754,OnTrack,-1614.0,7431.0,7311.0
2026-09-12 14:58:45.487,0 days 01:12:42.957000,,,0 days 00:00:58.970000,11773.0,266.0,6,100.0,False,0,car,3665.849999999999,0.683146201888481,OnTrack,-1552.012168008629,7358.576492891341,7311.0376529842015
2026-09-12 14:58:45.515,0 days 01:12:42.985000,,,0 days 00:00:58.998000,11771.833333333334,265.76666666666665,6,100.0,False,0,pos,3667.909812218184,0.683530056354282,OnTrack,-1536.0,7342.0,7311.0
2026-09-12 14:58:45.727,0 days 01:12:43.197000,,,0 days 00:00:59.210000,11763.0,264.0,6,100.0,False,0,car,3683.4499999999994,0.6864260341656439,OnTrack,-1381.2490973125819,7202.382551678112,7310.146958874695
2026-09-12 14:58:45.775,0 days 01:12:43.245000,,,0 days 00:00:59.258000,11750.0,263.8,6,100.0,False,0,pos,3686.9612377501458,0.6870803677398326,OnTrack,-1350.0,7177.0,7310.0
2026-09-12 14:58:45.967,0 days 01:12:43.437000,,,0 days 00:00:59.450000,11698.0,263.0,6,100.0,False,0,car,3700.9833333333327,0.6896934428356962,OnTrack,-1261.1581812737793,7116.07395399501,7309.932101489911
2026-09-12 14:58:46.075,0 days 01:12:43.545000,,,0 days 00:00:59.558000,11684.5,262.7,6,100.0,False,0,pos,3708.8516203768745,0.6911597304386162,OnTrack,-1215.0,7090.0,7310.0
2026-09-12 14:58:46.327,0 days 01:12:43.797000,,,0 days 00:00:59.810000,11653.0,262.0,6,100.0,False,0,car,3727.1833333333325,0.694575920430109,OnTrack,-1067.048582034412,7014.274572669485,7309.991785899455
2026-09-12 14:58:46.395,0 days 01:12:43.865000,,,0 days 00:00:59.878000,11642.8,262.0,6,100.0,False,0,pos,3732.133956164821,0.6954984893252667,OnTrack,-1003.0,6992.0,7310.0
2026-09-12 14:58:46.487,0 days 01:12:43.957000,,,0 days 00:00:59.970000,11629.0,262.0,6,100.0,False,0,car,3738.8277777777766,0.6967459104720701,OnTrack,-894.7519803304269,6961.249073548795,7310.036538365562
2026-09-12 14:58:46.595,0 days 01:12:44.065000,,,0 days 00:01:00.078000,11628.46,261.46,6,100.0,False,0,pos,3746.6655493972994,0.6982065114004079,OnTrack,-764.0,6930.0,7310.0
2026-09-12 14:58:46.687,0 days 01:12:44.157000,,,0 days 00:01:00.170000,11628.0,261.0,6,100.0,False,0,car,3753.3277777777766,0.6994480450185964,OnTrack,-677.0094435787694,6913.164138957284,7309.786491214519
2026-09-12 14:58:46.967,0 days 01:12:44.437000,,,0 days 00:01:00.450000,11583.0,260.0,6,100.0,False,0,car,3773.549999999999,0.7032165391754375,OnTrack,-512.9078164892214,6904.999212667511,7308.360393811967
2026-09-12 14:58:47.035,0 days 01:12:44.505000,,,0 days 00:01:00.518000,11571.95,260.0,6,100.0,False,0,pos,3778.458196126512,0.7041312016798911,OnTrack,-472.0,6905.0,7308.0
2026-09-12 14:58:47.127,0 days 01:12:44.597000,,,0 days 00:01:00.610000,11557.0,260.0,6,100.0,False,0,car,3785.105555555554,0.705369964407918,OnTrack,-411.8967403180533,6904.897275706282,7307.531493054855
2026-09-12 14:58:47.287,0 days 01:12:44.757000,,,0 days 00:01:00.770000,11587.0,261.0,6,100.0,False,0,car,3796.7055555555544,0.707531672045139,OnTrack,-294.5187467433438,6904.466527873936,7306.769917324898
2026-09-12 14:58:47.476,0 days 01:12:44.946000,,,0 days 00:01:00.959000,11606.424993422223,261.52499982222224,6,100.0,False,0,pos,3810.449025513864,0.7100928241115868,OnTrack,-143.0,6905.0,7306.0
2026-09-12 14:58:47.647,0 days 01:12:45.117000,,,0 days 00:01:01.130000,11624.0,262.0,6,100.0,False,0,car,3822.905555555554,0.7124141496395519,OnTrack,2.784177367426767,6907.046080839835,7305.441757817117
2026-09-12 14:58:47.836,0 days 01:12:45.306000,,,0 days 00:01:01.319000,11135.43516544,258.22000128,6,99.05500032,False,0,pos,3836.488141803538,0.7149453203658862,OnTrack,143.0,6910.0,7305.0
2026-09-12 14:58:47.847,0 days 01:12:45.317000,,,0 days 00:01:01.330000,11107.0,258.0,6,99.0,True,0,car,3837.2388888888872,0.7150852251683018,OnTrack,149.4032701349092,6910.157632227389,7304.9807465831655
2026-09-12 14:58:48.236,0 days 01:12:45.706000,,,0 days 00:01:01.719000,10367.9001216,218.12750656,6,2.722515839999995,True,0,pos,3860.7238056004844,0.719461735842005,OnTrack,308.0,6919.0,7304.0
2026-09-12 14:58:48.247,0 days 01:12:45.717000,,,0 days 00:01:01.730000,10347.0,217.0,6,0.0,True,0,car,3861.349999999998,0.7195784297399199,OnTrack,313.7721255433322,6919.5846702689405,7303.921048498073
2026-09-12 14:58:48.356,0 days 01:12:45.826000,,,0 days 00:01:01.839000,10533.208224,208.8250048,6,0.0,True,0,pos,3867.5148408901555,0.7207272731566876,OnTrack,376.0,6927.0,7303.0
2026-09-12 14:58:48.487,0 days 01:12:45.957000,,,0 days 00:01:01.970000,10757.0,199.0,5,0.0,True,0,car,3874.616666666665,0.7220507275549025,OnTrack,445.99001289834376,6941.48495499815,7301.947152726593
2026-09-12 14:58:48.596,0 days 01:12:46.066000,,,0 days 00:01:02.079000,10915.95824,189.3111168,5,0.0,True,0,pos,3880.064010528694,0.7230658624539642,OnTrack,499.0,6957.0,7301.0
2026-09-12 14:58:48.775,0 days 01:12:46.245000,,,0 days 00:01:02.258000,11177.0,173.4,5,0.0,True,0,pos,3888.2079366877038,0.7245835165380069,OnTrack,582.0,6989.0,7299.0
2026-09-12 14:58:48.847,0 days 01:12:46.317000,,,0 days 00:01:02.330000,11282.0,167.0,5,0.0,True,0,car,3891.316666666665,0.725162841136074,OnTrack,621.323692684418,7007.1766629373715,7297.993167419185
2026-09-12 14:58:49.135,0 days 01:12:46.605000,,,0 days 00:01:02.618000,9981.5,146.3,5,0.0,True,0,pos,3902.9097432447384,0.727323258565187,OnTrack,775.0,7086.0,7294.0
2026-09-12 14:58:49.167,0 days 01:12:46.637000,,,0 days 00:01:02.650000,9837.0,144.0,3,0.0,True,0,car,3904.116666666665,0.7275481737012834,OnTrack,783.0338964483415,7090.229237069104,7293.784224161169
2026-09-12 14:58:49.375,0 days 01:12:46.845000,,,0 days 00:01:02.858000,10086.1364458364,133.57103249987165,3,0.0,True,0,pos,3911.5736586188946,0.7289378147748894,OnTrack,808.0,7103.0,7293.0
2026-09-12 14:58:49.526,0 days 01:12:46.996000,,,0 days 00:01:03.009000,10267.0,126.0,2,0.0,True,0,car,3916.681666666665,0.7298897130514284,OnTrack,854.4943836924477,7124.762664079078,7291.4988422365495
2026-09-12 14:58:49.575,0 days 01:12:47.045000,,,0 days 00:01:03.058000,10150.625152,124.50277973333333,2,0.0,True,0,pos,3918.3003696942333,0.7301913650080737,OnTrack,871.0,7132.0,7291.0
2026-09-12 14:58:49.835,0 days 01:12:47.305000,,,0 days 00:01:03.318000,9533.125152,116.55833528888888,2,0.0,True,0,pos,3926.597259565477,0.7317375245080607,OnTrack,949.0,7159.0,7289.0
2026-09-12 14:58:49.886,0 days 01:12:47.356000,,,0 days 00:01:03.369000,9412.0,115.0,2,0.0,True,0,car,3928.181666666665,0.7320327852779835,OnTrack,964.1278930165831,7162.197903700057,7288.642434097423
2026-09-12 14:58:50.075,0 days 01:12:47.545000,,,0 days 00:01:03.558000,9260.370505890909,111.99318283636363,2,1.2886359272727272,True,0,pos,3933.9454132219134,0.7331068831182841,OnTrack,1020.0,7168.0,7287.0
2026-09-12 14:58:50.275,0 days 01:12:47.745000,,,0 days 00:01:03.758000,9099.915960436363,108.81136465454546,2,2.652272290909091,True,0,pos,3939.8857947497204,0.7342138976111002,OnTrack,1077.0,7160.0,7284.0
2026-09-12 14:58:50.326,0 days 01:12:47.796000,,,0 days 00:01:03.809000,9059.0,108.0,2,3.0,False,0,car,3941.381666666665,0.7344926594858556,OnTrack,1093.7693802296128,7152.972223931232,7283.313249945336
2026-09-12 14:58:50.555,0 days 01:12:48.025000,,,0 days 00:01:04.038000,9409.042759314285,105.54642925714286,2,26.717850514285715,False,0,pos,3948.0408853258423,0.7357336322301201,OnTrack,1171.0,7105.0,7281.0
2026-09-12 14:58:50.606,0 days 01:12:48.076000,,,0 days 00:01:04.089000,9487.0,105.0,2,32.0,False,0,car,3949.5483333333314,0.7360145513568875,OnTrack,1183.1329100683495,7095.858400238478,7280.625897055798
2026-09-12 14:58:50.886,0 days 01:12:48.356000,,,0 days 00:01:04.369000,9862.0,110.0,2,45.0,False,0,car,3958.103888888887,0.7376089142693973,OnTrack,1223.2793289599242,7053.656587720809,7279.158473651666
2026-09-12 14:58:50.915,0 days 01:12:48.385000,,,0 days 00:01:04.398000,9899.1820608,110.6214272,2,45.4142848,False,0,pos,3959.0149031599594,0.7377786855200348,OnTrack,1228.0,7048.0,7279.0
2026-09-12 14:58:51.166,0 days 01:12:48.636000,,,0 days 00:01:04.649000,10221.0,116.0,2,49.0,False,0,car,3967.1261111111094,0.7392902424316803,OnTrack,1279.0226937321152,6985.4433350427225,7277.384730995369
2026-09-12 14:58:51.215,0 days 01:12:48.685000,,,0 days 00:01:04.698000,10423.681553454546,117.2249984,2,51.00454283636363,False,0,pos,3968.772579879838,0.7395970686482152,OnTrack,1289.0,6972.0,7277.0
2026-09-12 14:58:51.335,0 days 01:12:48.805000,,,0 days 00:01:04.818000,10920.045189818182,120.2249984,2,55.91363374545455,False,0,pos,3972.8980346024355,0.7403658640775987,OnTrack,1312.0,6939.0,7276.0
2026-09-12 14:58:51.575,0 days 01:12:49.045000,,,0 days 00:01:05.058000,11912.772462545454,126.2249984,2,65.73181556363636,False,0,pos,3981.506692456459,0.7419701228215009,OnTrack,1360.0,6870.0,7274.0
2026-09-12 14:58:51.606,0 days 01:12:49.076000,,,0 days 00:01:05.089000,12041.0,127.0,2,67.0,False,0,car,3982.6483333333317,0.7421828722872336,OnTrack,1368.6366408863541,6857.233365821399,7273.51274838831
2026-09-12 14:58:51.795,0 days 01:12:49.265000,,,0 days 00:01:05.278000,11430.125206857143,133.7499977142857,2,73.74999771428571,False,0,pos,3989.758645491632,0.743507908157546,OnTrack,1426.0,6771.0,7270.0
2026-09-12 14:58:51.886,0 days 01:12:49.356000,,,0 days 00:01:05.369000,11136.0,137.0,2,77.0,False,0,car,3993.3038888888873,0.744168578823723,OnTrack,1442.402356379084,6745.74760835221,7269.244558367224
2026-09-12 14:58:52.087,0 days 01:12:49.557000,,,0 days 00:01:05.570000,11268.0,147.0,3,100.0,False,0,car,4001.511388888887,0.74569808015411,OnTrack,1460.3905730540923,6716.220819501976,7269.218710299911
2026-09-12 14:58:52.135,0 days 01:12:49.605000,,,0 days 00:01:05.618000,11368.2,150.9,3,100.0,False,0,pos,4003.5865282151476,0.746084790889444,OnTrack,1468.0,6704.0,7269.0
2026-09-12 14:58:52.247,0 days 01:12:49.717000,,,0 days 00:01:05.730000,11602.0,160.0,3,100.0,False,0,car,4008.6224999999986,0.7470232649125598,OnTrack,1492.8352759155293,6664.574480427025,7268.0066895146365
2026-09-12 14:58:52.355,0 days 01:12:49.825000,,,0 days 00:01:05.838000,11374.66,165.4,3,100.0,False,0,pos,4013.7420371636595,0.7479773116871911,OnTrack,1520.0,6621.0,7267.0
2026-09-12 14:58:52.595,0 days 01:12:50.065000,,,0 days 00:01:06.078000,10869.46,177.4,3,100.0,False,0,pos,4025.904821430213,0.750243896483646,OnTrack,1578.0,6523.0,7266.0
2026-09-12 14:58:52.647,0 days 01:12:50.117000,,,0 days 00:01:06.130000,10760.0,180.0,4,100.0,False,0,car,4028.622499999998,0.7507503470456992,OnTrack,1594.9037027640072,6493.7714624861255,7265.615671839378
2026-09-12 14:58:52.815,0 days 01:12:50.285000,,,0 days 00:01:06.298000,11219.9,187.35,4,100.0,False,0,pos,4037.574378862986,0.7524185664341128,OnTrack,1655.0,6389.0,7264.0
2026-09-12 14:58:52.967,0 days 01:12:50.437000,,,0 days 00:01:06.450000,11636.0,194.0,4,100.0,False,0,car,4045.866944444443,0.7539639200849396,OnTrack,1694.751910474102,6318.309122861933,7262.903655803451
2026-09-12 14:58:53.207,0 days 01:12:50.677000,,,0 days 00:01:06.690000,10543.0,202.0,5,100.0,False,0,car,4059.3336111111093,0.7564734887212535,OnTrack,1740.6871810427806,6234.727207694205,7262.0481836847375
2026-09-12 14:58:53.275,0 days 01:12:50.745000,,,0 days 00:01:06.758000,10643.81,204.38,5,100.0,False,0,pos,4063.2863416192004,0.7572100962839445,OnTrack,1758.0,6204.0,7262.0
2026-09-12 14:58:53.335,0 days 01:12:50.805000,,,0 days 00:01:06.818000,10732.76,206.48,5,100.0,False,0,pos,4066.8302727038968,0.7578705223952872,OnTrack,1775.0,6174.0,7262.0
2026-09-12 14:58:53.535,0 days 01:12:51.005000,,,0 days 00:01:07.018000,11029.26,213.48,5,100.0,False,0,pos,4078.9324872610273,0.7601258197776521,OnTrack,1832.0,6071.0,7261.0
2026-09-12 14:58:53.607,0 days 01:12:51.077000,,,0 days 00:01:07.090000,11136.0,216.0,5,100.0,False,0,car,4083.33361111111,0.760945987281021,OnTrack,1852.0193929375093,6034.569158562793,7260.32339228693
2026-09-12 14:58:53.736,0 days 01:12:51.206000,,,0 days 00:01:07.219000,11267.57993472,219.86999808,5,100.0,False,0,pos,4091.2649922329156,0.7624240327245312,OnTrack,1891.0,5964.0,7259.0
2026-09-12 14:58:53.807,0 days 01:12:51.277000,,,0 days 00:01:07.290000,11340.0,222.0,5,100.0,False,0,car,4095.6669444444433,0.7632443545964571,OnTrack,1917.338478522175,5916.81103119684,7258.431023659614
2026-09-12 14:58:54.007,0 days 01:12:51.477000,,,0 days 00:01:07.490000,11581.0,227.0,5,100.0,False,0,car,4108.278055555554,0.76559448694152,OnTrack,2002.820933762441,5764.885501309532,7257.348582024793
2026-09-12 14:58:54.076,0 days 01:12:51.546000,,,0 days 00:01:07.559000,11643.674941866666,229.29999786666667,5,100.0,False,0,pos,4112.750819377991,0.7664280048479379,OnTrack,2027.0,5722.0,7257.0
2026-09-12 14:58:54.247,0 days 01:12:51.717000,,,0 days 00:01:07.730000,11799.0,235.0,5,100.0,False,0,car,4123.944722222221,0.7685140346124794,OnTrack,2069.3039469463556,5647.045945403734,7256.093000530409
2026-09-12 14:58:54.436,0 days 01:12:51.906000,,,0 days 00:01:07.919000,11560.86008064,230.74750144,5,52.750016,False,0,pos,4135.945239852542,0.7707503803548993,OnTrack,2111.0,5576.0,7255.0
2026-09-12 14:58:54.616,0 days 01:12:52.086000,,,0 days 00:01:08.099000,11334.06008064,226.69750144,5,7.750016000000004,False,0,pos,4147.132400743747,0.7728351537288077,OnTrack,2172.0,5480.0,7254.0
2026-09-12 14:58:54.647,0 days 01:12:52.117000,,,0 days 00:01:08.130000,11295.0,226.0,5,0.0,False,0,car,4149.055833333331,0.7731935932907544,OnTrack,2184.7994025031526,5462.359040037349,7253.912182459878
2026-09-12 14:58:54.887,0 days 01:12:52.357000,,,0 days 00:01:08.370000,11036.0,222.0,5,12.0,False,0,car,4163.855833333331,0.7759516340692778,OnTrack,2298.250851366067,5330.3760526517935,7253.99635239211
2026-09-12 14:58:54.916,0 days 01:12:52.386000,,,0 days 00:01:08.399000,11021.1375328,221.2750016,5,16.108324266666667,False,0,pos,4165.615212391592,0.7762795015819511,OnTrack,2311.0,5318.0,7254.0
2026-09-12 14:58:55.127,0 days 01:12:52.597000,,,0 days 00:01:08.610000,10913.0,216.0,5,46.0,False,0,car,4178.255833333331,0.7786351332051382,OnTrack,2391.7524797318024,5257.772773562427,7253.7734511735935
2026-09-12 14:58:55.255,0 days 01:12:52.725000,,,0 days 00:01:08.738000,10995.24,216.32,5,55.6,False,0,pos,4185.921303734668,0.7800636250938849,OnTrack,2446.0,5231.0,7254.0
2026-09-12 14:58:55.415,0 days 01:12:52.885000,,,0 days 00:01:08.898000,11098.04,216.72,5,67.6,False,0,pos,4195.546830748021,0.7818573815815609,OnTrack,2535.0,5198.0,7255.0
2026-09-12 14:58:55.527,0 days 01:12:52.997000,,,0 days 00:01:09.010000,11170.0,217.0,5,76.0,False,0,car,4202.366944444442,0.7831283377767565,OnTrack,2624.3989203105034,5182.112163155125,7255.804312984412
2026-09-12 14:58:55.715,0 days 01:12:53.185000,,,0 days 00:01:09.198000,11278.1,220.525,5,80.1125,False,0,pos,4213.981393072884,0.7852927379752231,OnTrack,2781.0,5170.0,7257.0
2026-09-12 14:58:55.847,0 days 01:12:53.317000,,,0 days 00:01:09.330000,11354.0,223.0,5,83.0,False,0,car,4222.189166666664,0.7868222902909348,OnTrack,2843.176512679444,5170.850643999207,7257.500048285228
2026-09-12 14:58:56.015,0 days 01:12:53.485000,,,0 days 00:01:09.498000,11467.204275107262,224.20430079901342,5,93.23655679161422,False,0,pos,4232.637570728116,0.7887693932957976,OnTrack,2908.0,5181.0,7258.0
2026-09-12 14:58:56.126,0 days 01:12:53.596000,,,0 days 00:01:09.609000,11542.0,225.0,5,100.0,False,0,car,4239.626666666664,0.7900718400257658,OnTrack,2976.128625306155,5191.758031421091,7258.456913366782
2026-09-12 14:58:56.235,0 days 01:12:53.705000,,,0 days 00:01:09.718000,11460.250048,226.703124,5,100.0,False,0,pos,4246.603859826647,0.7913720686240676,OnTrack,3050.0,5204.0,7259.0
2026-09-12 14:58:57.086,0 days 01:12:54.556000,,,0 days 00:01:10.569000,10822.0,240.0,6,100.0,False,0,car,4303.626666666665,0.8019985028518125,OnTrack,3561.936841428359,5262.454214447055,7264.72229622606
2026-09-12 14:58:57.195,0 days 01:12:54.665000,,,0 days 00:01:10.678000,10838.8041568,240.4541664,6,100.0,False,0,pos,4310.923650597456,0.8033583257735253,OnTrack,3674.0,5246.0,7265.0
2026-09-12 14:58:57.326,0 days 01:12:54.796000,,,0 days 00:01:10.809000,10859.0,241.0,6,100.0,False,0,car,4319.693333333332,0.8049925921654346,OnTrack,3829.7951997717246,5216.385488935541,7265.0968944665865
2026-09-12 14:58:57.415,0 days 01:12:54.885000,,,0 days 00:01:10.898000,10853.437504,241.37083306666668,6,84.79584426666666,False,0,pos,4325.6751608199365,0.806107330282877,OnTrack,3916.0,5198.0,7265.0
2026-09-12 14:58:57.566,0 days 01:12:55.036000,,,0 days 00:01:11.049000,10844.0,242.0,6,59.0,False,0,car,4335.826666666666,0.8079991050861673,OnTrack,3981.2848520541984,5180.708696316429,7264.514920261003
2026-09-12 14:58:57.695,0 days 01:12:55.165000,,,0 days 00:01:11.178000,10763.912539733334,240.92500053333333,6,53.08750293333333,False,0,pos,4344.440899295787,0.8096044027123026,OnTrack,4018.0,5164.0,7264.0
2026-09-12 14:58:57.806,0 days 01:12:55.276000,,,0 days 00:01:11.289000,10695.0,240.0,6,48.0,False,0,car,4351.826666666666,0.8109807707926789,OnTrack,4075.074705877661,5138.06532561685,7263.623325255993
2026-09-12 14:58:57.975,0 days 01:12:55.445000,,,0 days 00:01:11.458000,10654.8625152,239.2958336,6,51.520832,False,0,pos,4363.052465027527,0.8130727444177287,OnTrack,4182.0,5083.0,7263.0
2026-09-12 14:58:58.046,0 days 01:12:55.516000,,,0 days 00:01:11.529000,10638.0,239.0,6,53.0,False,0,car,4367.759999999999,0.8139500128920801,OnTrack,4221.735869027005,5056.687589760438,7262.637767316694
2026-09-12 14:58:58.155,0 days 01:12:55.625000,,,0 days 00:01:11.638000,10654.0472128,238.6972224,6,62.9916608,False,0,pos,4374.975920912732,0.8152947293874799,OnTrack,4278.0,5013.0,7262.0
2026-09-12 14:58:58.315,0 days 01:12:55.785000,,,0 days 00:01:11.798000,10677.602768355555,238.25277795555556,6,77.65832746666666,False,0,pos,4385.548297322374,0.8172649351485402,OnTrack,4355.0,4942.0,7261.0
2026-09-12 14:58:58.406,0 days 01:12:55.876000,,,0 days 00:01:11.889000,10691.0,238.0,6,86.0,False,0,car,4391.5599999999995,0.8183852406305163,OnTrack,4394.5131568884535,4896.854847489986,7260.40153255379
2026-09-12 14:58:58.607,0 days 01:12:56.077000,,,0 days 00:01:12.090000,10682.0,238.0,6,100.0,False,0,car,4404.848333333333,0.8208615761178099,OnTrack,4470.52211289219,4786.183049503057,7259.139553565657
2026-09-12 14:58:58.635,0 days 01:12:56.105000,,,0 days 00:01:12.118000,10684.45,238.175,6,100.0,False,0,pos,4406.7039526666185,0.8212073784009596,OnTrack,4480.0,4770.0,7259.0
2026-09-12 14:58:58.767,0 days 01:12:56.237000,,,0 days 00:01:12.250000,10696.0,239.0,6,100.0,False,0,car,4415.470555555556,0.822841070850744,OnTrack,4521.08928324156,4691.436417810418,7258.476172782547
2026-09-12 14:58:58.875,0 days 01:12:56.345000,,,0 days 00:01:12.358000,10700.95,239.45,6,100.0,False,0,pos,4422.665532963417,0.8241818844380031,OnTrack,4550.0,4625.0,7258.0
2026-09-12 14:58:59.007,0 days 01:12:56.477000,,,0 days 00:01:12.490000,10707.0,240.0,6,100.0,False,0,car,4431.470555555556,0.8258227365572556,OnTrack,4579.433050783799,4541.809391873237,7257.194811141234
2026-09-12 14:58:59.055,0 days 01:12:56.525000,,,0 days 00:01:12.538000,10721.8,240.0,6,100.0,False,0,pos,4434.670250963413,0.8264190129365613,OnTrack,4589.0,4511.0,7257.0
2026-09-12 14:58:59.247,0 days 01:12:56.717000,,,0 days 00:01:12.730000,10781.0,240.0,6,100.0,False,0,car,4447.4705555555565,0.8288044022637674,OnTrack,4622.74044482751,4385.269541354161,7256.996845391002
2026-09-12 14:58:59.255,0 days 01:12:56.725000,,,0 days 00:01:12.738000,10780.366666666667,240.03333333333333,6,100.0,False,0,pos,4448.004764692749,0.8289039543302968,OnTrack,4624.0,4380.0,7257.0
2026-09-12 14:58:59.355,0 days 01:12:56.825000,,,0 days 00:01:12.838000,10772.45,240.45,6,100.0,False,0,pos,4454.689541249931,0.8301496898938121,OnTrack,4639.0,4314.0,7257.0
2026-09-12 14:58:59.487,0 days 01:12:56.957000,,,0 days 00:01:12.970000,10762.0,241.0,6,100.0,False,0,car,4463.537222222223,0.8317984915773895,OnTrack,4658.377399935816,4225.704577311821,7256.995078357017
2026-09-12 14:58:59.675,0 days 01:12:57.145000,,,0 days 00:01:13.158000,10824.98,241.94,6,100.0,False,0,pos,4476.192795435413,0.8341569096177656,OnTrack,4684.0,4103.0,7257.0
2026-09-12 14:58:59.875,0 days 01:12:57.345000,,,0 days 00:01:13.358000,10891.98,242.94,6,100.0,False,0,pos,4489.723307677798,0.8366783761393067,OnTrack,4708.0,3970.0,7257.0
2026-09-12 14:58:59.887,0 days 01:12:57.357000,,,0 days 00:01:13.370000,10896.0,243.0,6,100.0,False,0,car,4490.537222222223,0.8368300524571279,OnTrack,4709.682333828229,3959.3603617012786,7256.999973567558
2026-09-12 14:59:00.127,0 days 01:12:57.597000,,,0 days 00:01:13.610000,10918.0,245.0,6,100.0,False,0,car,4506.870555555556,0.8398738361991919,OnTrack,4746.270367688784,3705.9743494201157,7256.9999987143865
2026-09-12 14:59:00.155,0 days 01:12:57.625000,,,0 days 00:01:13.638000,10929.62,245.28,6,100.0,False,0,pos,4508.784488178485,0.8402305054033392,OnTrack,4749.0,3686.0,7257.0
2026-09-12 14:59:00.327,0 days 01:12:57.797000,,,0 days 00:01:13.810000,11001.0,247.0,6,100.0,False,0,car,4520.592777777779,0.8424310286627626,OnTrack,4755.498449120776,3632.7504020526185,7256.999881924587
2026-09-12 14:59:00.416,0 days 01:12:57.886000,,,0 days 00:01:13.899000,11041.791637333334,248.1124992,6,100.0,False,0,pos,4526.751184527343,0.843578673051008,OnTrack,4759.0,3604.0,7257.0
2026-09-12 14:59:00.567,0 days 01:12:58.037000,,,0 days 00:01:14.050000,11111.0,250.0,6,100.0,False,0,car,4537.259444444445,0.8455369304403788,OnTrack,4772.234479320903,3505.088289585603,7257.000652200999
2026-09-12 14:59:00.656,0 days 01:12:58.126000,,,0 days 00:01:14.139000,11137.6999808,250.5562496,6,100.0,False,0,pos,4543.471320872356,0.8466945391227658,OnTrack,4781.0,3438.0,7257.0
2026-09-12 14:59:00.856,0 days 01:12:58.326000,,,0 days 00:01:14.339000,11197.6999808,251.8062496,6,100.0,False,0,pos,4557.480936878756,0.8493052885982458,OnTrack,4798.0,3298.0,7257.0
2026-09-12 14:59:00.887,0 days 01:12:58.357000,,,0 days 00:01:14.370000,11207.0,252.0,6,100.0,False,0,car,4559.659444444445,0.8497112624294952,OnTrack,4800.699751857986,3275.797630014771,7257.003111906087
2026-09-12 14:59:01.036,0 days 01:12:58.506000,,,0 days 00:01:14.519000,11249.039267657143,253.06428525714287,6,100.0,False,0,pos,4570.157066029767,0.8516675373220507,OnTrack,4814.0,3167.0,7257.0
2026-09-12 14:59:01.167,0 days 01:12:58.637000,,,0 days 00:01:14.650000,11286.0,254.0,6,100.0,False,0,car,4579.415000000001,0.8533927913365631,OnTrack,4824.889380231919,3074.7166961602334,7256.87900472365
2026-09-12 14:59:01.316,0 days 01:12:58.786000,,,0 days 00:01:14.799000,11319.89748544,254.74499968,6,100.0,False,0,pos,4589.969161420249,0.8553596026595469,OnTrack,4837.0,2971.0,7257.0
2026-09-12 14:59:01.516,0 days 01:12:58.986000,,,0 days 00:01:14.999000,11365.39748544,255.74499968,6,100.0,False,0,pos,4604.20564687182,0.8580126301878096,OnTrack,4854.0,2830.0,7258.0
2026-09-12 14:59:01.567,0 days 01:12:59.037000,,,0 days 00:01:15.050000,11377.0,256.0,6,100.0,False,0,car,4607.859444444444,0.8586935303703613,OnTrack,4858.167134041709,2796.080585305869,7258.10400111986
2026-09-12 14:59:01.736,0 days 01:12:59.206000,,,0 days 00:01:15.219000,11079.1376128,255.2958336,6,88.7333376,False,0,pos,4619.983315021169,0.8609528634409119,OnTrack,4874.0,2675.0,7258.0
2026-09-12 14:59:01.807,0 days 01:12:59.277000,,,0 days 00:01:15.290000,10954.0,255.0,6,84.0,True,0,car,4624.859444444445,0.8618615501835302,OnTrack,4883.884468218034,2606.3275031824,7257.964878457646
2026-09-12 14:59:01.955,0 days 01:12:59.425000,,,0 days 00:01:15.438000,10111.88,235.02,6,21.84,True,0,pos,4634.362598712245,0.8636325020075293,OnTrack,4906.0,2458.0,7258.0
2026-09-12 14:59:02.007,0 days 01:12:59.477000,,,0 days 00:01:15.490000,9816.0,228.0,6,0.0,True,0,car,4637.526111111111,0.8642220355345184,OnTrack,4911.60059034578,2420.5827264395684,7258.063520407089
2026-09-12 14:59:02.207,0 days 01:12:59.677000,,,0 days 00:01:15.690000,9786.0,205.0,6,0.0,True,0,car,4648.915,0.8663444017492228,OnTrack,4921.58245757921,2354.3408424747945,7258.561164632132
2026-09-12 14:59:02.367,0 days 01:12:59.837000,,,0 days 00:01:15.850000,10066.0,182.0,6,0.0,True,0,car,4657.0038888888885,0.8678517994119592,OnTrack,4929.869923476665,2308.6831542800132,7258.932216489476
2026-09-12 14:59:02.435,0 days 01:12:59.905000,,,0 days 00:01:15.918000,10165.875,175.4125,6,0.0,True,0,pos,4660.128751095247,0.8684341303168513,OnTrack,4937.0,2270.0,7259.0
2026-09-12 14:59:02.615,0 days 01:13:00.085000,,,0 days 00:01:16.098000,10430.25,157.975,6,0.0,True,0,pos,4667.59364827488,0.8698252445620479,OnTrack,4962.0,2135.0,7259.0
2026-09-12 14:59:02.687,0 days 01:13:00.157000,,,0 days 00:01:16.170000,10536.0,151.0,6,0.0,True,0,car,4670.426111111111,0.8703530856435329,OnTrack,4968.380498471553,2100.583427847009,7259.040977718349
2026-09-12 14:59:02.846,0 days 01:13:00.316000,,,0 days 00:01:16.329000,11176.0,136.0,6,0.0,True,0,car,4676.432777777777,0.8714724526441857,OnTrack,4972.858656706566,2076.9754159108334,7259.228934685212
2026-09-12 14:59:02.975,0 days 01:13:00.445000,,,0 days 00:01:16.458000,11085.341711644445,128.83333688888888,6,0.0,True,0,pos,4680.890264282626,0.8723031235597323,OnTrack,4978.0,2055.0,7259.0
2026-09-12 14:59:03.155,0 days 01:13:00.625000,,,0 days 00:01:16.638000,10958.841711644445,118.8333368888889,6,0.0,True,0,pos,4686.522914619951,0.8733527910814556,OnTrack,4992.0,1996.0,7258.0
2026-09-12 14:59:03.206,0 days 01:13:00.676000,,,0 days 00:01:16.689000,10923.0,116.0,2,0.0,True,0,car,4688.0327777777775,0.8736341602814067,OnTrack,4995.70343048619,1980.4260796091703,7257.727798734756
2026-09-12 14:59:03.415,0 days 01:13:00.885000,,,0 days 00:01:16.898000,10802.350036945454,106.97500276363637,2,0.0,True,0,pos,4693.840624544639,0.8747164763772456,OnTrack,5012.0,1921.0,7257.0
2026-09-12 14:59:03.615,0 days 01:13:01.085000,,,0 days 00:01:17.098000,10686.89549149091,98.33863912727273,2,0.0,True,0,pos,4699.076791359075,0.8756922575662569,OnTrack,5039.0,1849.0,7257.0
2026-09-12 14:59:03.646,0 days 01:13:01.116000,,,0 days 00:01:17.129000,10669.0,97.0,1,0.0,True,0,car,4699.888333333333,0.8758434917458845,OnTrack,5042.347637746272,1840.8646350747442,7256.942068280151
2026-09-12 14:59:03.886,0 days 01:13:01.356000,,,0 days 00:01:17.369000,9920.0,93.0,1,0.0,True,0,car,4706.088333333333,0.8769988872071577,OnTrack,5061.099743136793,1805.35986848594,7256.021397050147
2026-09-12 14:59:03.895,0 days 01:13:01.365000,,,0 days 00:01:17.378000,9897.350161066666,92.7750016,1,0.0,True,0,pos,4706.31099017938,0.8770403802247937,OnTrack,5062.0,1804.0,7256.0
2026-09-12 14:59:04.215,0 days 01:13:01.685000,,,0 days 00:01:17.698000,9092.016827733334,84.7750016,1,0.0,True,0,pos,4713.7725585441785,0.8784308741316759,OnTrack,5108.0,1746.0,7256.0
2026-09-12 14:59:04.246,0 days 01:13:01.716000,,,0 days 00:01:17.729000,9014.0,84.0,1,0.0,True,0,car,4714.488333333333,0.8785642617030762,OnTrack,5113.2315055042955,1741.326258615618,7255.996140473726
2026-09-12 14:59:04.355,0 days 01:13:01.825000,,,0 days 00:01:17.838000,8811.6688688,83.3187504,1,0.0,True,0,pos,4717.017407426222,0.8790355650463261,OnTrack,5133.0,1727.0,7256.0
2026-09-12 14:59:04.406,0 days 01:13:01.876000,,,0 days 00:01:17.889000,8717.0,83.0,1,0.0,False,0,car,4718.177222222222,0.879251701296522,OnTrack,5143.666024918534,1721.0374629253085,7256.0827550889835
2026-09-12 14:59:04.675,0 days 01:13:02.145000,,,0 days 00:01:18.158000,8962.942798628572,77.23571565714286,1,11.528568685714285,False,0,pos,4723.934508865972,0.8803245953057862,OnTrack,5210.0,1700.0,7257.0
2026-09-12 14:59:04.686,0 days 01:13:02.156000,,,0 days 00:01:18.169000,8973.0,77.0,1,12.0,False,0,car,4724.166111111111,0.8803677553352788,OnTrack,5212.684534726826,1699.722047377437,7257.022945455442
2026-09-12 14:59:04.886,0 days 01:13:02.356000,,,0 days 00:01:18.369000,9240.0,76.0,1,21.0,False,0,car,4728.388333333333,0.8811545837856084,OnTrack,5259.561175487229,1703.4566494890655,7257.115713197733
2026-09-12 14:59:05.075,0 days 01:13:02.545000,,,0 days 00:01:18.558000,9389.004138490725,77.56846461569185,1,28.84232307845924,False,0,pos,4732.44334355871,0.8819102515936431,OnTrack,5298.0,1715.0,7257.0
2026-09-12 14:59:05.127,0 days 01:13:02.597000,,,0 days 00:01:18.610000,9430.0,78.0,1,31.0,False,0,car,4733.61,0.8821276628125355,OnTrack,5307.214419721215,1718.4805339515449,7256.986131826643
2026-09-12 14:59:05.415,0 days 01:13:02.885000,,,0 days 00:01:18.898000,10247.2,86.1,1,42.7,False,0,pos,4740.549491472544,0.8834208655465554,OnTrack,5353.0,1742.0,7257.0
2026-09-12 14:59:05.447,0 days 01:13:02.917000,,,0 days 00:01:18.930000,10338.0,87.0,1,44.0,False,0,car,4741.343333333333,0.8835688012373495,OnTrack,5358.5958528163055,1745.4224567907986,7257.001267430229
2026-09-12 14:59:05.655,0 days 01:13:03.125000,,,0 days 00:01:19.138000,11171.485714285714,90.71428571428571,1,52.91428571428571,False,0,pos,4746.578966039329,0.8845444828930593,OnTrack,5404.0,1775.0,7257.0
2026-09-12 14:59:05.727,0 days 01:13:03.197000,,,0 days 00:01:19.210000,11460.0,92.0,1,56.0,False,0,car,4748.498888888888,0.8849022684005393,OnTrack,5427.531834694144,1790.5487533992966,7256.999613079317
2026-09-12 14:59:05.915,0 days 01:13:03.385000,,,0 days 00:01:19.398000,12315.4,101.4,1,64.61666666666666,False,0,pos,4753.87184881161,0.8859035415470421,OnTrack,5494.0,1835.0,7257.0
2026-09-12 14:59:05.967,0 days 01:13:03.437000,,,0 days 00:01:19.450000,12552.0,104.0,1,67.0,False,0,car,4755.432222222222,0.8861943235400277,OnTrack,5506.712527839823,1843.8550353916146,7257.000080043007
2026-09-12 14:59:06.167,0 days 01:13:03.637000,,,0 days 00:01:19.650000,11152.0,113.0,2,72.0,False,0,car,4761.71,0.8873642132095966,OnTrack,5530.679503034369,1862.2078511049597,7257.000087414771
2026-09-12 14:59:06.355,0 days 01:13:03.825000,,,0 days 00:01:19.838000,11361.62,122.4,2,79.52,False,0,pos,4768.112560421169,0.8885573566372008,OnTrack,5587.0,1878.0,7257.0
2026-09-12 14:59:06.367,0 days 01:13:03.837000,,,0 days 00:01:19.850000,11375.0,123.0,2,80.0,False,0,car,4768.543333333333,0.8886376329384192,OnTrack,5593.064115745152,1879.37322084168,7256.9999979322665
2026-09-12 14:59:06.535,0 days 01:13:04.005000,,,0 days 00:01:20.018000,11995.4,132.0,2,92.0,False,0,pos,4774.8741665345915,0.889817409704034,OnTrack,5694.0,1900.0,7257.0
2026-09-12 14:59:06.647,0 days 01:13:04.117000,,,0 days 00:01:20.130000,12409.0,138.0,2,100.0,False,0,car,4779.276666666667,0.8906378336832041,OnTrack,5742.743717242656,1907.7365727145195,7257.00000265623
2026-09-12 14:59:06.896,0 days 01:13:04.366000,,,0 days 00:01:20.379000,11031.496782628572,146.00356937142857,2,100.0,False,0,pos,4789.386839906222,0.8925219059854089,OnTrack,5816.0,1914.0,7257.0
2026-09-12 14:59:06.927,0 days 01:13:04.397000,,,0 days 00:01:20.410000,10860.0,147.0,3,100.0,False,0,car,4790.71,0.8927684823026489,OnTrack,5827.759068746331,1915.3791395174956,7256.999999871316
2026-09-12 14:59:07.096,0 days 01:13:04.566000,,,0 days 00:01:20.579000,11228.72713309091,153.91363374545455,3,89.24545861818181,False,0,pos,4798.2365228828385,0.8941710807507136,OnTrack,5901.0,1925.0,7257.0
2026-09-12 14:59:07.356,0 days 01:13:04.826000,,,0 days 00:01:20.839000,11795.999860363636,164.54999738181817,3,72.70000407272727,False,0,pos,4810.367477721322,0.8964317340025353,OnTrack,6017.0,1940.0,7257.0
2026-09-12 14:59:07.367,0 days 01:13:04.837000,,,0 days 00:01:20.850000,11820.0,165.0,3,72.0,False,0,car,4810.876666666667,0.8965266234535647,OnTrack,6022.0303749690775,1940.655702334246,7256.999999999079
2026-09-12 14:59:07.456,0 days 01:13:04.926000,,,0 days 00:01:20.939000,11483.7471168,164.1656256,3,51.9750144,False,0,pos,4814.980735461767,0.8972914335275344,OnTrack,6063.0,1946.0,7257.0
2026-09-12 14:59:07.616,0 days 01:13:05.086000,,,0 days 00:01:21.099000,10879.2471168,162.6656256,3,15.975014400000003,False,0,pos,4822.218681306568,0.898640254459474,OnTrack,6135.0,1955.0,7257.0
2026-09-12 14:59:07.687,0 days 01:13:05.157000,,,0 days 00:01:21.170000,10611.0,162.0,3,0.0,True,0,car,4825.276666666668,0.8992101225894253,OnTrack,6165.293832860595,1958.5326108657246,7256.999999999714
2026-09-12 14:59:07.836,0 days 01:13:05.306000,,,0 days 00:01:21.319000,11093.3872928,152.687504,3,0.0,True,0,pos,4831.347186324051,0.9003413888571208,OnTrack,6228.0,1965.0,7257.0
2026-09-12 14:59:08.007,0 days 01:13:05.477000,,,0 days 00:01:21.490000,11647.0,142.0,2,0.0,True,0,car,4837.89888888889,0.9015623255356734,OnTrack,6306.35980772983,1971.0322600633478,7257.000000002737
2026-09-12 14:59:08.196,0 days 01:13:05.666000,,,0 days 00:01:21.679000,11221.750144,136.33000192,2,0.0,True,0,pos,4844.855148013444,0.9028586529905042,OnTrack,6395.0,1972.0,7257.0
2026-09-12 14:59:08.407,0 days 01:13:05.877000,,,0 days 00:01:21.890000,10747.0,130.0,2,0.0,False,0,car,4852.343333333334,0.9042541070762742,OnTrack,6487.558872361993,1960.662400434854,7256.999999978488
2026-09-12 14:59:08.575,0 days 01:13:06.045000,,,0 days 00:01:22.058000,10604.8,126.4,2,0.0,False,0,pos,4858.159354518327,0.9053379465085017,OnTrack,6545.0,1948.0,7257.0
2026-09-12 14:59:08.687,0 days 01:13:06.157000,,,0 days 00:01:22.170000,10510.0,124.0,2,0.0,False,0,car,4861.987777777778,0.9060513889049214,OnTrack,6570.6602071925945,1940.0958192701767,7257.000000054693
2026-09-12 14:59:08.887,0 days 01:13:06.357000,,,0 days 00:01:22.370000,10599.0,122.0,2,20.0,False,0,car,4868.765555555557,0.9073144556278188,OnTrack,6600.8122109459455,1922.545175829321,7257.000000102113
2026-09-12 14:59:08.955,0 days 01:13:06.425000,,,0 days 00:01:22.438000,10676.1375,122.0,2,24.8875,False,0,pos,4871.059189276487,0.9077418836908809,OnTrack,6614.0,1912.0,7257.0
2026-09-12 14:59:09.195,0 days 01:13:06.665000,,,0 days 00:01:22.678000,10948.3875,122.0,2,42.1375,False,0,pos,4879.195464537159,0.9092581119985987,OnTrack,6672.0,1857.0,7257.0
2026-09-12 14:59:09.207,0 days 01:13:06.677000,,,0 days 00:01:22.690000,10962.0,122.0,2,43.0,False,0,car,4879.610000000001,0.9093353623844543,OnTrack,6674.678773179743,1853.9187977405907,7257.000000123542
2026-09-12 14:59:09.275,0 days 01:13:06.745000,,,0 days 00:01:22.758000,11075.694744244958,123.08428230206363,2,44.85876966068051,False,0,pos,4881.975622771783,0.909776205902777,OnTrack,6689.0,1836.0,7257.0
2026-09-12 14:59:09.515,0 days 01:13:06.985000,,,0 days 00:01:22.998000,11476.970312168338,126.91116101522937,2,51.41913316896464,False,0,pos,4890.544111057151,0.9113729788825977,OnTrack,6731.0,1763.0,7257.0
2026-09-12 14:59:09.646,0 days 01:13:07.116000,,,0 days 00:01:23.129000,11696.0,129.0,2,55.0,False,0,car,4895.340833333335,0.9122668677772576,OnTrack,6751.097230496761,1719.758254181643,7257.00009195733
2026-09-12 14:59:09.735,0 days 01:13:07.205000,,,0 days 00:01:23.218000,11714.68998656,131.66999808,2,60.33999616,False,0,pos,4898.643936144771,0.912882414550879,OnTrack,6764.0,1689.0,7257.0
2026-09-12 14:59:09.846,0 days 01:13:07.316000,,,0 days 00:01:23.329000,11738.0,135.0,2,67.0,False,0,car,4902.840833333335,0.913664523577185,OnTrack,6779.33488774381,1648.7918383971294,7256.999542089479
2026-09-12 14:59:10.095,0 days 01:13:07.565000,,,0 days 00:01:23.578000,11186.741808355555,141.9166648888889,2,75.99166435555556,False,0,pos,4912.707209135615,0.9155031632257609,OnTrack,6810.0,1558.0,7257.0
2026-09-12 14:59:10.206,0 days 01:13:07.676000,,,0 days 00:01:23.689000,10941.0,145.0,3,80.0,False,0,car,4917.340833333335,0.9163666581237111,OnTrack,6821.516936587212,1522.130035962799,7257.00263019023
2026-09-12 14:59:10.275,0 days 01:13:07.745000,,,0 days 00:01:23.758000,11083.861231127272,147.82272465454545,3,83.13636072727273,False,0,pos,4920.300799986246,0.9169182600650488,OnTrack,6828.0,1500.0,7257.0
2026-09-12 14:59:10.375,0 days 01:13:07.845000,,,0 days 00:01:23.858000,11290.906685672728,151.91363374545455,3,87.68181527272728,False,0,pos,4924.6989367710785,0.9177378709165416,OnTrack,6837.0,1466.0,7257.0
2026-09-12 14:59:10.575,0 days 01:13:08.045000,,,0 days 00:01:24.058000,11704.997594763636,160.09545192727273,3,96.77272436363637,False,0,pos,4933.880127770061,0.9194488235632041,OnTrack,6861.0,1380.0,7257.0
2026-09-12 14:59:10.646,0 days 01:13:08.116000,,,0 days 00:01:24.129000,11852.0,163.0,3,100.0,False,0,car,4937.263055555557,0.9200792460485552,OnTrack,6869.09577838858,1348.3327923178763,7256.660318771558
2026-09-12 14:59:10.775,0 days 01:13:08.245000,,,0 days 00:01:24.258000,11292.4627776,171.59999573333334,3,100.0,False,0,pos,4943.5753519752725,0.9212555684088053,OnTrack,6883.0,1290.0,7256.0
2026-09-12 14:59:10.886,0 days 01:13:08.356000,,,0 days 00:01:24.369000,10811.0,179.0,4,100.0,False,0,car,4949.19638888889,0.9223030717213284,OnTrack,6895.358145283115,1237.0477124260613,7256.237526570904
2026-09-12 14:59:11.035,0 days 01:13:08.505000,,,0 days 00:01:24.518000,11260.7935568,188.312496,4,100.0,False,0,pos,4957.013147724008,0.9237597568310001,OnTrack,6912.0,1162.0,7257.0
2026-09-12 14:59:11.046,0 days 01:13:08.516000,,,0 days 00:01:24.529000,11294.0,189.0,4,100.0,False,0,car,4957.59638888889,0.9238684462172471,OnTrack,6913.1965747662225,1156.289271793599,7257.031570752049
2026-09-12 14:59:11.206,0 days 01:13:08.676000,,,0 days 00:01:24.689000,11292.0,193.0,4,100.0,False,0,car,4966.174166666668,0.9254669503321268,OnTrack,6930.067083954366,1071.3985445968233,7257.101623813196
2026-09-12 14:59:11.255,0 days 01:13:08.725000,,,0 days 00:01:24.738000,11092.57026048,195.20499712,4,100.0,False,0,pos,4968.873965881022,0.9259700690028709,OnTrack,6935.0,1046.0,7257.0
2026-09-12 14:59:11.406,0 days 01:13:08.876000,,,0 days 00:01:24.889000,10478.0,202.0,4,100.0,False,0,car,4977.39638888889,0.9275582575290552,OnTrack,6949.534206855593,970.9153491826747,7256.368874718096
2026-09-12 14:59:11.515,0 days 01:13:08.985000,,,0 days 00:01:24.998000,10691.925150689127,205.05607358127324,4,100.0,False,0,pos,4983.654588715064,0.9287244987669429,OnTrack,6962.0,901.0,7256.0
2026-09-12 14:59:11.727,0 days 01:13:09.197000,,,0 days 00:01:25.210000,11108.0,211.0,5,100.0,False,0,car,4996.210555555556,0.9310643547507172,OnTrack,6992.085835358784,717.6396219091376,7256.001828629646
2026-09-12 14:59:11.735,0 days 01:13:09.205000,,,0 days 00:01:25.218000,11095.854545454546,211.38181818181818,5,100.0,False,0,pos,4996.700124274403,0.9311555878919653,OnTrack,6993.0,712.0,7256.0
2026-09-12 14:59:12.075,0 days 01:13:09.545000,,,0 days 00:01:25.558000,10579.672727272728,227.6090909090909,5,100.0,False,0,pos,5018.491904140623,0.9352165755614,OnTrack,7017.0,564.0,7256.0
2026-09-12 14:59:12.167,0 days 01:13:09.637000,,,0 days 00:01:25.650000,10440.0,232.0,6,100.0,False,0,car,5024.566111111113,0.9363485289750353,OnTrack,7027.008433610826,501.9504288418779,7256.6516050552655
2026-09-12 14:59:12.275,0 days 01:13:09.745000,,,0 days 00:01:25.758000,10587.4875,235.0375,6,100.0,False,0,pos,5031.747339631375,0.9376867804006283,OnTrack,7040.0,422.0,7257.0
2026-09-12 14:59:12.395,0 days 01:13:09.865000,,,0 days 00:01:25.878000,10751.3625,238.4125,6,100.0,False,0,pos,5039.787998732238,0.9391851902443028,OnTrack,7053.0,344.0,7256.0
2026-09-12 14:59:12.487,0 days 01:13:09.957000,,,0 days 00:01:25.970000,10877.0,241.0,6,100.0,False,0,car,5045.988333333335,0.9403406480598646,OnTrack,7063.292623809613,284.0471864083204,7255.982098933012
2026-09-12 14:59:12.675,0 days 01:13:10.145000,,,0 days 00:01:26.158000,11047.14,244.76,6,100.0,False,0,pos,5058.774072441956,0.9427233230494009,OnTrack,7086.0,158.0,7257.0
2026-09-12 14:59:12.687,0 days 01:13:10.157000,,,0 days 00:01:26.170000,11058.0,245.0,6,100.0,False,0,car,5059.599444444446,0.9428771345115847,OnTrack,7087.531307016341,149.86646153217447,7256.982547630397
2026-09-12 14:59:12.875,0 days 01:13:10.345000,,,0 days 00:01:26.358000,10973.4,248.76,6,100.0,False,0,pos,5072.611988041707,0.9453020754489875,OnTrack,7112.0,22.0,7256.0
2026-09-12 14:59:12.887,0 days 01:13:10.357000,,,0 days 00:01:26.370000,10968.0,249.0,6,100.0,False,0,car,5073.43277777778,0.9454550329870063,OnTrack,7113.489152445098,13.913221208011374,7255.9938427329635
2026-09-12 14:59:13.087,0 days 01:13:10.557000,,,0 days 00:01:26.570000,10526.0,238.0,6,0.0,True,0,car,5086.655000000002,0.9479190483972485,OnTrack,7136.186069268238,-117.91894888785609,7256.9706191591
2026-09-12 14:59:13.095,0 days 01:13:10.565000,,,0 days 00:01:26.578000,10528.085714285715,237.05714285714285,6,0.0,True,0,pos,5087.152776579167,0.9480118111069739,OnTrack,7137.0,-123.0,7257.0
2026-09-12 14:59:13.355,0 days 01:13:10.825000,,,0 days 00:01:26.838000,10595.871428571429,206.4142857142857,6,0.0,True,0,pos,5101.960930332434,0.9507713713709032,OnTrack,7159.0,-278.0,7257.0
2026-09-12 14:59:13.367,0 days 01:13:10.837000,,,0 days 00:01:26.850000,10599.0,205.0,5,0.0,True,0,car,5102.599444444446,0.9508903610978348,OnTrack,7159.774553501257,-284.61192776772265,7256.99649450362
2026-09-12 14:59:13.456,0 days 01:13:10.926000,,,0 days 00:01:26.939000,10611.515616,198.04688,5,0.0,True,0,pos,5107.236473097881,0.9517544904300885,OnTrack,7165.0,-333.0,7257.0
2026-09-12 14:59:13.687,0 days 01:13:11.157000,,,0 days 00:01:27.170000,10644.0,180.0,4,0.0,True,0,car,5118.599444444446,0.9538720268043464,OnTrack,7177.396259323581,-469.8614155966894,7257.001411766129
2026-09-12 14:59:13.756,0 days 01:13:11.226000,,,0 days 00:01:27.239000,11001.937168,175.2562544,4,0.0,True,0,pos,5121.870305297614,0.9544815651566378,OnTrack,7180.0,-512.0,7257.0
2026-09-12 14:59:13.847,0 days 01:13:11.317000,,,0 days 00:01:27.330000,11474.0,169.0,4,0.0,True,0,car,5126.110555555557,0.9552717532054588,OnTrack,7182.329730149803,-567.5675203121676,7256.999138150938
2026-09-12 14:59:14.076,0 days 01:13:11.546000,,,0 days 00:01:27.559000,10772.278767542857,162.4571446857143,4,0.0,True,0,pos,5136.431330033143,0.9571950719132375,OnTrack,7184.0,-691.0,7257.0
2026-09-12 14:59:14.127,0 days 01:13:11.597000,,,0 days 00:01:27.610000,10616.0,161.0,3,0.0,True,0,car,5138.632777777779,0.9576053207410411,OnTrack,7183.993857364515,-710.0301490506502,7257.0001386615895
2026-09-12 14:59:14.367,0 days 01:13:11.837000,,,0 days 00:01:27.850000,10064.0,149.0,3,0.0,True,0,car,5148.566111111112,0.9594564382005004,OnTrack,7181.877479995115,-761.6573007325951,7257.000175024731
2026-09-12 14:59:14.496,0 days 01:13:11.966000,,,0 days 00:01:27.979000,9839.0563616,147.3875008,3,0.0,True,0,pos,5153.851742735569,0.9604414373599941,OnTrack,7177.0,-794.0,7257.0
2026-09-12 14:59:14.527,0 days 01:13:11.997000,,,0 days 00:01:28.010000,9785.0,147.0,3,0.0,False,0,car,5155.099444444446,0.9606739516973261,OnTrack,7175.327124820086,-803.7100563691889,7256.999948468699
2026-09-12 14:59:14.687,0 days 01:13:12.157000,,,0 days 00:01:28.170000,9565.0,141.0,3,0.0,False,0,car,5161.366111111112,0.9618417707657098,OnTrack,7162.912861314757,-863.7452668250548,7256.999797338051
2026-09-12 14:59:14.736,0 days 01:13:12.206000,,,0 days 00:01:28.219000,9518.20506112,140.26500096,3,0.0,False,0,pos,5163.262269412338,0.9621951276520151,OnTrack,7157.0,-883.0,7257.0
2026-09-12 14:59:14.887,0 days 01:13:12.357000,,,0 days 00:01:28.370000,9374.0,138.0,3,0.0,False,0,car,5169.032777777779,0.9632704855834132,OnTrack,7131.568120865507,-942.0312372114289,7257.001603959795
2026-09-12 14:59:15.035,0 days 01:13:12.505000,,,0 days 00:01:28.518000,9588.6,133.375,3,7.3999999999999995,False,0,pos,5174.50281336913,0.9642898491794215,OnTrack,7101.0,-993.0,7257.0
2026-09-12 14:59:15.047,0 days 01:13:12.517000,,,0 days 00:01:28.530000,9606.0,133.0,3,8.0,False,0,car,5174.94388888889,0.9643720454138744,OnTrack,7098.486204702445,-996.5595914833688,7256.999535984291
2026-09-12 14:59:15.367,0 days 01:13:12.837000,,,0 days 00:01:28.850000,9489.0,132.0,3,21.0,False,0,car,5186.677222222223,0.9665586002653161,OnTrack,7025.73130107386,-1066.6219251223933,7256.994148355525
2026-09-12 14:59:15.395,0 days 01:13:12.865000,,,0 days 00:01:28.878000,9492.85,131.76666666666668,3,22.166666666666668,False,0,pos,5187.693583906806,0.9667480034390872,OnTrack,7018.0,-1072.0,7257.0
2026-09-12 14:59:15.495,0 days 01:13:12.965000,,,0 days 00:01:28.978000,9506.6,130.93333333333334,3,26.333333333333332,False,0,pos,5191.305646858437,0.9674211262036272,OnTrack,6987.0,-1091.0,7257.0
2026-09-12 14:59:15.607,0 days 01:13:13.077000,,,0 days 00:01:29.090000,9522.0,130.0,3,31.0,False,0,car,5195.3438888888895,0.9681736691896767,OnTrack,6939.042913973524,-1110.7184985889203,7256.747416789307
2026-09-12 14:59:15.815,0 days 01:13:13.285000,,,0 days 00:01:29.298000,9504.45,130.65,3,34.9,False,0,pos,5202.875842397327,0.9695772796571233,OnTrack,6840.0,-1139.0,7256.0
2026-09-12 14:59:15.927,0 days 01:13:13.397000,,,0 days 00:01:29.410000,9495.0,131.0,3,37.0,False,0,car,5206.988333333334,0.9703436592316379,OnTrack,6806.072548711095,-1146.9782006246612,7255.880746948402
2026-09-12 14:59:16.155,0 days 01:13:13.625000,,,0 days 00:01:29.638000,10074.771428571428,135.88571428571427,3,54.91428571428571,False,0,pos,5215.587101591498,0.9719460750087384,OnTrack,6749.0,-1157.0,7256.0
2026-09-12 14:59:16.207,0 days 01:13:13.677000,,,0 days 00:01:29.690000,10207.0,137.0,3,59.0,False,0,car,5217.64388888889,0.9723293657681273,OnTrack,6728.636052561476,-1160.9592754329356,7256.00652073066
2026-09-12 14:59:16.315,0 days 01:13:13.785000,,,0 days 00:01:29.798000,10455.965795139384,141.67425899965244,3,69.08655889398686,False,0,pos,5222.061803511189,0.9731526623008527,OnTrack,6678.0,-1171.0,7256.0
2026-09-12 14:59:16.635,0 days 01:13:14.105000,,,0 days 00:01:30.118000,11193.642225181999,155.52391529491896,3,98.97265932061458,False,0,pos,5236.162616939244,0.9757804067903745,OnTrack,6506.0,-1204.0,7256.0
2026-09-12 14:59:16.646,0 days 01:13:14.116000,,,0 days 00:01:30.129000,11219.0,156.0,3,100.0,False,0,car,5236.667222222223,0.9758744420570986,OnTrack,6501.588476595139,-1204.8187898220087,7256.000089119591
2026-09-12 14:59:16.935,0 days 01:13:14.405000,,,0 days 00:01:30.418000,10755.6969776,168.6437472,3,100.0,False,0,pos,5250.295543101888,0.9784141356198631,OnTrack,6415.0,-1220.0,7256.0
2026-09-12 14:59:16.966,0 days 01:13:14.436000,,,0 days 00:01:30.449000,10706.0,170.0,3,100.0,False,0,car,5251.778333333334,0.9786904596688039,OnTrack,6402.670084708664,-1222.1196887505616,7255.999969274586
2026-09-12 14:59:17.126,0 days 01:13:14.596000,,,0 days 00:01:30.609000,10771.0,174.0,4,100.0,False,0,car,5259.511666666667,0.9801315980936179,OnTrack,6325.056034060677,-1235.4462423485368,7255.999993405729
2026-09-12 14:59:17.155,0 days 01:13:14.625000,,,0 days 00:01:30.638000,10848.71982848,175.4499968,4,100.0,False,0,pos,5260.952676198608,0.980400136137627,OnTrack,6310.0,-1238.0,7256.0
2026-09-12 14:59:17.315,0 days 01:13:14.785000,,,0 days 00:01:30.798000,11277.51982848,183.4499968,4,100.0,False,0,pos,5269.156065870049,0.9819288714914075,OnTrack,6226.0,-1252.0,7256.0
2026-09-12 14:59:17.326,0 days 01:13:14.796000,,,0 days 00:01:30.809000,11307.0,184.0,4,100.0,False,0,car,5269.73388888889,0.9820365511838893,OnTrack,6220.417290463124,-1252.9107757279112,7255.99999960327
2026-09-12 14:59:17.566,0 days 01:13:15.036000,,,0 days 00:01:31.049000,11692.0,195.0,4,100.0,False,0,car,5282.733888888891,0.9844591545704302,OnTrack,6094.899959610375,-1273.0344199453411,7255.999999933874
2026-09-12 14:59:17.575,0 days 01:13:15.045000,,,0 days 00:01:31.058000,11667.88017152,195.35999744,4,100.0,False,0,pos,5283.23358948305,0.9845522758282507,OnTrack,6089.0,-1274.0,7256.0
2026-09-12 14:59:17.766,0 days 01:13:15.236000,,,0 days 00:01:31.249000,11156.0,203.0,4,100.0,False,0,car,5294.011666666668,0.9865608147732838,OnTrack,5938.08835815516,-1299.1520633744465,7256.000000204132
2026-09-12 14:59:17.875,0 days 01:13:15.345000,,,0 days 00:01:31.358000,11101.1594072,205.3843736,4,100.0,False,0,pos,5300.280320145537,0.9877290040922804,OnTrack,5861.0,-1312.0,7256.0
2026-09-12 14:59:18.086,0 days 01:13:15.556000,,,0 days 00:01:31.569000,10995.0,210.0,5,100.0,False,0,car,5312.678333333335,0.9900394247642141,OnTrack,5773.412125147477,-1326.152540834575,7255.999999952617
2026-09-12 14:59:18.235,0 days 01:13:15.705000,,,0 days 00:01:31.718000,11244.074599187932,216.67164104967677,5,100.0,False,0,pos,5321.692088115949,0.9917191749843535,OnTrack,5708.0,-1337.0,7256.0
2026-09-12 14:59:18.287,0 days 01:13:15.757000,,,0 days 00:01:31.770000,11331.0,219.0,5,100.0,False,0,car,5324.905833333335,0.9923180696033623,OnTrack,5676.67085031329,-1342.3443481092497,7256.000000003241
2026-09-12 14:59:18.375,0 days 01:13:15.845000,,,0 days 00:01:31.858000,11297.511111111111,221.93333333333334,5,100.0,False,0,pos,5330.435612875128,0.9933485667298833,OnTrack,5614.0,-1353.0,7256.0
2026-09-12 14:59:18.647,0 days 01:13:16.117000,,,0 days 00:01:32.130000,11194.0,231.0,5,100.0,False,0,car,5348.005833333335,0.9966228494671385,OnTrack,5369.753311837169,-1392.898582030751,7255.999999999945
2026-09-12 14:59:18.655,0 days 01:13:16.125000,,,0 days 00:01:32.138000,11171.085714285715,231.05714285714285,5,100.0,False,0,pos,5348.524047080739,0.9967194207270931,OnTrack,5363.0,-1394.0,7256.0
2026-09-12 14:59:18.666,0 days 01:13:16.136000,,,0 days 00:01:32.149000,11139.57912137143,231.1357129142857,5,100.0,False,0,interpolation,5349.236517845248,0.9968521925799317,OnTrack,5353.821490606625,-1395.4979766215565,7256.000000000072
