Date,SessionTime,DriverAhead,DistanceToDriverAhead,Time,RPM,Speed,nGear,Throttle,Brake,DRS,Source,Distance,RelativeDistance,Status,X,Y,Z
2026-09-12 14:15:07.776,0 days 00:29:05.246000,,,0 days 00:00:00,11053.125,246.375,6,100.0,False,0,interpolation,0.002083209823817336,3.883536183702072e-07,OnTrack,5336.336451922263,-1398.1406225146393,7255.999999998035
2026-09-12 14:15:07.916,0 days 00:29:05.386000,,,0 days 00:00:00.140000,11285.0,249.0,6,100.0,False,0,car,9.700000000000001,0.0018082816503273177,OnTrack,5284.722123702662,-1406.900895321924,7255.999999990375
2026-09-12 14:15:08.194,0 days 00:29:05.664000,,,0 days 00:00:00.418000,11494.19490368,255.25499712,6,100.0,False,0,pos,29.51603414041374,0.00550240236356132,OnTrack,5135.0,-1432.0,7256.0
2026-09-12 14:15:08.316,0 days 00:29:05.786000,,,0 days 00:00:00.540000,11586.0,258.0,6,100.0,False,0,car,38.366666666666674,0.007152344259542072,OnTrack,5049.463127767844,-1446.2492010208912,7256.000000014646
2026-09-12 14:15:08.434,0 days 00:29:05.904000,,,0 days 00:00:00.658000,11689.249888,260.2124976,6,100.0,False,0,pos,46.98798176018256,0.008759536618850806,OnTrack,4964.0,-1460.0,7256.0
2026-09-12 14:15:08.534,0 days 00:29:06.004000,,,0 days 00:00:00.758000,11776.750112,262.0875024,6,100.0,False,0,pos,54.33422082899095,0.010129028299989348,OnTrack,4892.0,-1471.0,7256.0
2026-09-12 14:15:08.636,0 days 00:29:06.106000,,,0 days 00:00:00.860000,11866.0,264.0,6,100.0,False,0,car,61.833333333333336,0.011527018767550428,OnTrack,4793.787830408364,-1486.5766122142782,7256.000000391804
2026-09-12 14:15:08.774,0 days 00:29:06.244000,,,0 days 00:00:00.998000,11373.799543466666,264.76666737777776,6,100.0,False,0,pos,71.98292795635533,0.013419114202093877,OnTrack,4643.0,-1511.0,7256.0
2026-09-12 14:15:08.996,0 days 00:29:06.466000,,,0 days 00:00:01.220000,10582.0,266.0,7,100.0,False,0,car,88.43333333333334,0.016485811746798536,OnTrack,4445.229072180873,-1543.0631391156633,7255.99999257077
2026-09-12 14:15:09.154,0 days 00:29:06.624000,,,0 days 00:00:01.378000,10646.89280457143,269.9499968,7,100.0,False,0,pos,100.3543089750874,0.018708129427930785,OnTrack,4329.0,-1562.0,7256.0
2026-09-12 14:15:09.276,0 days 00:29:06.746000,,,0 days 00:00:01.500000,10697.0,273.0,7,100.0,False,0,car,109.66666666666667,0.020444146493391324,OnTrack,4248.896238219928,-1575.1447415500656,7256.0000207510875
2026-09-12 14:15:09.516,0 days 00:29:06.986000,,,0 days 00:00:01.740000,10816.0,278.0,7,100.0,False,0,car,128.2,0.023899145110511555,OnTrack,4107.683810003388,-1598.4652619708186,7256.0000721470215
2026-09-12 14:15:09.674,0 days 00:29:07.144000,,,0 days 00:00:01.898000,10819.385711542856,279.12857051428574,7,100.0,False,0,pos,140.47673345394935,0.02618778344357714,OnTrack,3993.0,-1617.0,7256.0
2026-09-12 14:15:09.796,0 days 00:29:07.266000,,,0 days 00:00:02.020000,10822.0,280.0,7,100.0,False,0,car,149.97777777777776,0.02795897561983749,OnTrack,3887.3089579788866,-1633.8385913791267,7255.99986864366
2026-09-12 14:15:09.956,0 days 00:29:07.426000,,,0 days 00:00:02.180000,10887.0,281.0,7,100.0,False,0,car,162.46666666666667,0.030287164136410125,OnTrack,3741.1089305775936,-1657.0036326513678,7255.999781847665
2026-09-12 14:15:10.034,0 days 00:29:07.504000,,,0 days 00:00:02.258000,10900.6499776,281.77999872,7,100.0,False,0,pos,168.5883125669369,0.03142836619324106,OnTrack,3685.0,-1666.0,7256.0
2026-09-12 14:15:10.156,0 days 00:29:07.626000,,,0 days 00:00:02.380000,10922.0,283.0,7,100.0,False,0,car,178.18888888888887,0.033218113203091856,OnTrack,3620.287573298439,-1676.585321101272,7256.000721972564
2026-09-12 14:15:10.314,0 days 00:29:07.784000,,,0 days 00:00:02.538000,10932.5333248,283.0,7,100.0,False,0,pos,190.60662540798478,0.03553303743877026,OnTrack,3545.0,-1689.0,7256.0
2026-09-12 14:15:10.396,0 days 00:29:07.866000,,,0 days 00:00:02.620000,10938.0,283.0,7,100.0,False,0,car,197.05555555555554,0.03673525208310994,OnTrack,3491.397369404746,-1697.6351284133364,7255.997595619017
2026-09-12 14:15:10.534,0 days 00:29:08.004000,,,0 days 00:00:02.758000,10953.5250144,283.5750005333333,7,100.0,False,0,pos,207.92740799895256,0.03876199139016778,OnTrack,3374.0,-1716.0,7256.0
2026-09-12 14:15:10.636,0 days 00:29:08.106000,,,0 days 00:00:02.860000,10965.0,284.0,7,100.0,False,0,car,215.98888888888885,0.04026481901570758,OnTrack,3260.2399863021333,-1733.1136712283464,7256.018215392111
2026-09-12 14:15:10.794,0 days 00:29:08.264000,,,0 days 00:00:03.018000,11011.271391085715,285.12857051428574,7,100.0,False,0,pos,228.53297987372798,0.04260329835054479,OnTrack,3078.0,-1760.0,7256.0
2026-09-12 14:15:10.916,0 days 00:29:08.386000,,,0 days 00:00:03.140000,11047.0,286.0,7,100.0,False,0,car,238.23333333333332,0.04441164589309051,OnTrack,2977.9859725563556,-1774.6187599268007,7255.861023056001
2026-09-12 14:15:11.196,0 days 00:29:08.666000,,,0 days 00:00:03.420000,11068.0,286.0,7,100.0,False,0,car,260.47777777777776,0.048558472770473426,OnTrack,2842.0837771003635,-1793.62194530297,7255.593147606299
2026-09-12 14:15:11.294,0 days 00:29:08.764000,,,0 days 00:00:03.518000,11085.64002304,286.49000064,7,100.0,False,0,pos,268.2826597528409,0.05001346502392468,OnTrack,2779.0,-1802.0,7256.0
2026-09-12 14:15:11.396,0 days 00:29:08.866000,,,0 days 00:00:03.620000,11104.0,287.0,7,100.0,False,0,car,276.4222222222222,0.05153084867908706,OnTrack,2698.7830584365342,-1812.5237387039513,7256.753247840707
2026-09-12 14:15:11.474,0 days 00:29:08.944000,,,0 days 00:00:03.698000,11094.250016,287.32499946666667,7,100.0,False,0,pos,282.6587303276812,0.052693463438800374,OnTrack,2636.0,-1821.0,7257.0
2026-09-12 14:15:11.634,0 days 00:29:09.104000,,,0 days 00:00:03.858000,11074.250016,287.99166613333335,7,100.0,False,0,pos,295.4623666766091,0.055080327425112756,OnTrack,2510.0,-1839.0,7256.0
2026-09-12 14:15:11.636,0 days 00:29:09.106000,,,0 days 00:00:03.860000,11074.0,288.0,7,100.0,False,0,car,295.6222222222222,0.05511012782200299,OnTrack,2508.0958150693796,-1839.2661404188877,7255.9922517560935
2026-09-12 14:15:11.934,0 days 00:29:09.404000,,,0 days 00:00:04.158000,10868.69722525966,288.62212962042526,7,37.78703795747301,False,0,pos,319.3944110013038,0.05954175800317103,OnTrack,2176.0,-1884.0,7257.0
2026-09-12 14:15:12.115,0 days 00:29:09.585000,,,0 days 00:00:04.339000,10744.0,289.0,7,0.0,True,0,car,334.0752777777778,0.062278576766346086,OnTrack,2106.4045528049683,-1893.7806188077338,7257.037112035968
2026-09-12 14:15:12.174,0 days 00:29:09.644000,,,0 days 00:00:04.398000,10410.6496384,289.0,7,0.0,True,0,pos,338.9337616097017,0.06318429915414815,OnTrack,2084.0,-1897.0,7257.0
2026-09-12 14:15:12.275,0 days 00:29:09.745000,,,0 days 00:00:04.499000,9840.0,289.0,7,0.0,True,0,car,346.91972222222216,0.06467304823000974,OnTrack,2028.2134495898515,-1904.8933209830839,7256.977124623231
2026-09-12 14:15:12.514,0 days 00:29:09.984000,,,0 days 00:00:04.738000,9420.043194514286,228.39647725714286,7,0.0,True,0,pos,361.5894717644418,0.06740779450960699,OnTrack,1854.0,-1929.0,7257.0
2026-09-12 14:15:12.555,0 days 00:29:10.025000,,,0 days 00:00:04.779000,9348.0,218.0,7,0.0,True,0,car,363.87527777777774,0.06783391626941351,OnTrack,1828.502094129487,-1932.4108964065751,7256.985788493773
2026-09-12 14:15:12.614,0 days 00:29:10.084000,,,0 days 00:00:04.838000,9389.59504512,211.50999296,7,0.0,True,0,pos,367.1425044499024,0.06844299524247155,OnTrack,1794.0,-1937.0,7257.0
2026-09-12 14:15:12.755,0 days 00:29:10.225000,,,0 days 00:00:04.979000,9489.0,196.0,7,0.0,True,0,car,374.76416666666665,0.06986383152407648,OnTrack,1717.3520960994692,-1947.393725718163,7257.494018559142
2026-09-12 14:15:12.914,0 days 00:29:10.384000,,,0 days 00:00:05.138000,9773.2121568,184.0750144,7,0.0,True,0,pos,382.80480706991256,0.07136277404965073,OnTrack,1633.0,-1960.0,7258.0
2026-09-12 14:15:12.995,0 days 00:29:10.465000,,,0 days 00:00:05.219000,9918.0,178.0,7,0.0,True,0,car,386.6308333333333,0.0720760248832398,OnTrack,1587.4002216619765,-1967.6178449729791,7257.857201038907
2026-09-12 14:15:13.194,0 days 00:29:10.664000,,,0 days 00:00:05.418000,10237.39469184,163.57251392,7,0.0,True,0,pos,395.18636361396176,0.07367095358584601,OnTrack,1480.0,-1988.0,7257.0
2026-09-12 14:15:13.395,0 days 00:29:10.865000,,,0 days 00:00:05.619000,10560.0,149.0,4,0.0,True,0,car,403.18638888888887,0.07516232460716615,OnTrack,1408.3931529119923,-2006.615090328914,7257.002907821489
2026-09-12 14:15:13.574,0 days 00:29:11.044000,,,0 days 00:00:05.798000,11545.39535232,141.83999744,4,0.0,True,0,pos,410.2183751058733,0.07647323302381848,OnTrack,1360.0,-2025.0,7257.0
2026-09-12 14:15:13.595,0 days 00:29:11.065000,,,0 days 00:00:05.819000,11661.0,141.0,4,0.0,True,0,car,411.0197222222222,0.07662262078526552,OnTrack,1354.2913501980331,-2027.476271273173,7256.952784284144
2026-09-12 14:15:13.795,0 days 00:29:11.265000,,,0 days 00:00:06.019000,10849.0,132.0,2,0.0,True,0,car,418.3530555555555,0.07798970656901813,OnTrack,1297.917405514245,-2057.044101002229,7256.099218926474
2026-09-12 14:15:13.814,0 days 00:29:11.284000,,,0 days 00:00:06.038000,10812.17998556223,131.29192279927366,2,0.0,True,0,pos,419.02931554082454,0.07811577548883386,OnTrack,1292.0,-2061.0,7256.0
2026-09-12 14:15:13.956,0 days 00:29:11.426000,,,0 days 00:00:06.180000,10537.0,126.0,2,0.0,True,0,car,423.9880555555555,0.07904018771330622,OnTrack,1245.5878911584373,-2096.7095580245687,7255.212306028079
2026-09-12 14:15:13.994,0 days 00:29:11.464000,,,0 days 00:00:06.218000,10455.87027328,125.0500032,2,0.0,True,0,pos,425.28592146303185,0.07928213689939642,OnTrack,1235.0,-2106.0,7255.0
2026-09-12 14:15:14.156,0 days 00:29:11.626000,,,0 days 00:00:06.380000,10110.0,121.0,2,0.0,True,0,car,430.7102777777777,0.0802933496817461,OnTrack,1204.217469692198,-2139.544481628771,7254.155731307446
2026-09-12 14:15:14.234,0 days 00:29:11.704000,,,0 days 00:00:06.458000,9964.53023872,119.83000192,2,0.0,True,0,pos,433.29244392367104,0.08077471913120128,OnTrack,1192.0,-2157.0,7254.0
2026-09-12 14:15:14.356,0 days 00:29:11.826000,,,0 days 00:00:06.580000,9737.0,118.0,2,0.0,True,0,car,437.26583333333326,0.08151544151873708,OnTrack,1171.5082643524313,-2190.0372424209168,7254.264245231909
2026-09-12 14:15:14.534,0 days 00:29:12.004000,,,0 days 00:00:06.758000,9670.249952,114.76363403636364,2,11.327280872727272,True,0,pos,442.814895601191,0.08254990208322067,OnTrack,1144.0,-2243.0,7255.0
2026-09-12 14:15:14.754,0 days 00:29:12.224000,,,0 days 00:00:06.978000,9587.750048,110.76363869090909,2,25.32726458181818,True,0,pos,449.43824605148984,0.08378463229795907,OnTrack,1122.0,-2307.0,7255.0
2026-09-12 14:15:14.796,0 days 00:29:12.266000,,,0 days 00:00:07.020000,9572.0,110.0,2,28.0,False,0,car,450.7102777777777,0.08402176545561686,OnTrack,1117.0375616227177,-2323.7003724932074,7254.998776888106
2026-09-12 14:15:15.054,0 days 00:29:12.524000,,,0 days 00:00:07.278000,9404.886280727273,110.0,2,11.581810036363638,False,0,pos,458.588656766536,0.08549045908032778,OnTrack,1083.0,-2441.0,7255.0
2026-09-12 14:15:15.236,0 days 00:29:12.706000,,,0 days 00:00:07.460000,9287.0,110.0,2,0.0,True,0,car,464.1547222222222,0.08652808939249666,OnTrack,1070.461268467684,-2479.648606177978,7254.474351989892
2026-09-12 14:15:15.434,0 days 00:29:12.904000,,,0 days 00:00:07.658000,9096.071552,109.2928576,2,0.0,True,0,pos,470.17140825359263,0.08764972474778612,OnTrack,1056.0,-2508.0,7254.0
2026-09-12 14:15:15.516,0 days 00:29:12.986000,,,0 days 00:00:07.740000,9017.0,109.0,2,0.0,False,0,car,472.63249999999994,0.08810852341219853,OnTrack,1045.1361391537241,-2527.8338583339614,7254.05678476799
2026-09-12 14:15:15.594,0 days 00:29:13.064000,,,0 days 00:00:07.818000,8976.44006656,107.83000192,2,1.9499967999999999,False,0,pos,474.9508354935866,0.08854070934336918,OnTrack,1033.0,-2548.0,7254.0
2026-09-12 14:15:15.716,0 days 00:29:13.186000,,,0 days 00:00:07.940000,8913.0,106.0,2,5.0,False,0,car,478.52138888888885,0.08920633472339382,OnTrack,1012.0594113302083,-2576.206183443807,7253.2802254497965
2026-09-12 14:15:15.754,0 days 00:29:13.224000,,,0 days 00:00:07.978000,8939.5999104,105.5250016,2,8.4437384,False,0,pos,479.6158271802539,0.08941036077284652,OnTrack,1005.0,-2584.0,7253.0
2026-09-12 14:15:16.014,0 days 00:29:13.484000,,,0 days 00:00:08.238000,9121.6000896,102.2749984,2,32.0062616,False,0,pos,486.96235695061637,0.09077990664679804,OnTrack,946.0,-2627.0,7251.0
2026-09-12 14:15:16.036,0 days 00:29:13.506000,,,0 days 00:00:08.260000,9137.0,102.0,2,34.0,False,0,car,487.5880555555555,0.09089654987421524,OnTrack,939.4396702238282,-2630.50561154855,7250.809292706316
2026-09-12 14:15:16.196,0 days 00:29:13.666000,,,0 days 00:00:08.420000,9354.0,103.0,2,42.0,False,0,car,492.1658333333333,0.09174994281801231,OnTrack,885.4146126097813,-2655.813723313095,7249.33583979414
2026-09-12 14:15:16.234,0 days 00:29:13.704000,,,0 days 00:00:08.458000,9431.7414048,103.1583328,2,43.8999936,False,0,pos,493.2474628601885,0.09195158104748288,OnTrack,873.0,-2661.0,7249.0
2026-09-12 14:15:16.436,0 days 00:29:13.906000,,,0 days 00:00:08.660000,9845.0,104.0,2,54.0,False,0,car,499.09916666666663,0.09304246028628751,OnTrack,815.2726362873608,-2681.1412359366122,7247.405022864334
2026-09-12 14:15:16.654,0 days 00:29:14.124000,,,0 days 00:00:08.878000,10435.582164945454,112.42273221818182,2,63.909096727272726,False,0,pos,506.26682295479225,0.09437866042460409,OnTrack,749.0,-2695.0,7246.0
2026-09-12 14:15:16.876,0 days 00:29:14.346000,,,0 days 00:00:09.100000,11037.0,121.0,2,74.0,False,0,car,513.8880555555555,0.09579941661685527,OnTrack,654.8194935629566,-2707.761370949008,7244.857225215013
2026-09-12 14:15:17.036,0 days 00:29:14.506000,,,0 days 00:00:09.260000,11413.0,121.0,2,77.0,False,0,car,519.2658333333333,0.09680194619160719,OnTrack,591.3142671128555,-2715.048210150009,7244.204128091837
2026-09-12 14:15:17.094,0 days 00:29:14.564000,,,0 days 00:00:09.318000,11300.690661236364,124.16364334545455,2,78.31818472727272,False,0,pos,521.3526742841179,0.09719097672753045,OnTrack,575.0,-2717.0,7244.0
2026-09-12 14:15:17.374,0 days 00:29:14.844000,,,0 days 00:00:09.598000,10758.508843054546,139.43637061818183,2,84.6818210909091,False,0,pos,532.6261412664478,0.09929258533368694,OnTrack,514.0,-2723.0,7243.0
2026-09-12 14:15:17.476,0 days 00:29:14.946000,,,0 days 00:00:09.700000,10561.0,145.0,3,87.0,False,0,car,536.9880555555554,0.10010573683567599,OnTrack,459.7749843151317,-2725.8854071209453,7242.316166779723
2026-09-12 14:15:17.674,0 days 00:29:15.144000,,,0 days 00:00:09.898000,11856.4848768,155.607136,3,94.071424,False,0,pos,545.70336310912,0.10173045134351824,OnTrack,337.0,-2731.0,7241.0
2026-09-12 14:15:17.756,0 days 00:29:15.226000,,,0 days 00:00:09.980000,12393.0,160.0,3,97.0,False,0,car,549.4324999999999,0.10242563998386224,OnTrack,308.5386411679557,-2731.4398629360944,7240.839083004102
2026-09-12 14:15:17.954,0 days 00:29:15.424000,,,0 days 00:00:10.178000,12363.3000192,169.8999936,3,99.96999808,False,0,pos,558.7795992917127,0.10416813360582015,OnTrack,264.0,-2728.0,7241.0
2026-09-12 14:15:17.956,0 days 00:29:15.426000,,,0 days 00:00:10.180000,12363.0,170.0,3,100.0,False,0,car,558.8769444444443,0.10418628076596788,OnTrack,263.32447361809517,-2727.930573294222,7241.000503135017
2026-09-12 14:15:18.234,0 days 00:29:15.704000,,,0 days 00:00:10.458000,11297.9129904,182.16249439999999,3,100.0,False,0,pos,573.0021541268845,0.10681951349543001,OnTrack,129.0,-2710.0,7241.0
2026-09-12 14:15:18.276,0 days 00:29:15.746000,,,0 days 00:00:10.500000,11137.0,184.0,3,100.0,False,0,car,575.2325,0.10723529633215553,OnTrack,107.30977905905041,-2705.3234757067034,7241.096807344618
2026-09-12 14:15:18.454,0 days 00:29:15.924000,,,0 days 00:00:10.678000,11424.74452166504,191.583964136908,3,100.0,False,0,pos,584.9554029218868,0.10904784756324438,OnTrack,18.0,-2680.0,7242.0
2026-09-12 14:15:18.554,0 days 00:29:16.024000,,,0 days 00:00:10.778000,11586.398217239384,195.84460417530158,3,100.0,False,0,pos,590.5901845378082,0.11009828799620029,OnTrack,-32.0,-2662.0,7243.0
2026-09-12 14:15:18.675,0 days 00:29:16.145000,,,0 days 00:00:10.899000,11782.0,201.0,4,100.0,False,0,car,597.5099999999999,0.1113882854522758,OnTrack,-108.54728120495902,-2627.8794672151885,7244.942461453597
2026-09-12 14:15:18.894,0 days 00:29:16.364000,,,0 days 00:00:11.118000,11056.953359542857,208.82143085714284,4,100.0,False,0,pos,610.305763932636,0.11377368185653414,OnTrack,-257.0,-2551.0,7249.0
2026-09-12 14:15:18.955,0 days 00:29:16.425000,,,0 days 00:00:11.179000,10855.0,211.0,4,100.0,False,0,car,613.921111111111,0.11444765772894643,OnTrack,-286.67881696198197,-2533.8173400990054,7249.715248145722
2026-09-12 14:15:19.195,0 days 00:29:16.665000,,,0 days 00:00:11.419000,11278.0,217.0,5,100.0,False,0,car,628.3877777777777,0.11714454513871295,OnTrack,-364.2900752873162,-2477.8967864764395,7251.2160277367075
2026-09-12 14:15:19.274,0 days 00:29:16.744000,,,0 days 00:00:11.498000,11408.3496832,219.468744,5,100.0,False,0,pos,633.2885523445367,0.1180581513986574,OnTrack,-394.0,-2453.0,7252.0
2026-09-12 14:15:19.494,0 days 00:29:16.964000,,,0 days 00:00:11.718000,11771.3501056,226.343752,5,100.0,False,0,pos,647.2294878751302,0.12065703159539637,OnTrack,-497.0,-2361.0,7255.0
2026-09-12 14:15:19.515,0 days 00:29:16.985000,,,0 days 00:00:11.739000,11806.0,227.0,5,100.0,False,0,car,648.5655555555555,0.12090610238612923,OnTrack,-506.63925902906004,-2351.4739430100444,7255.193433093902
2026-09-12 14:15:19.634,0 days 00:29:17.104000,,,0 days 00:00:11.858000,11847.6499328,229.2312464,5,100.0,False,0,pos,656.1500166390348,0.12232000360312689,OnTrack,-559.0,-2296.0,7256.0
2026-09-12 14:15:19.675,0 days 00:29:17.145000,,,0 days 00:00:11.899000,11862.0,230.0,5,100.0,False,0,car,658.7877777777777,0.1228117371149965,OnTrack,-576.6235233227117,-2276.050469006012,7256.331092498755
2026-09-12 14:15:19.834,0 days 00:29:17.304000,,,0 days 00:00:12.058000,11585.7378336,234.968744,5,100.0,False,0,pos,669.1665345102547,0.12474655313072322,OnTrack,-643.0,-2195.0,7258.0
2026-09-12 14:15:19.835,0 days 00:29:17.305000,,,0 days 00:00:12.059000,11584.0,235.0,5,100.0,False,0,car,669.2322222222222,0.12475879868579567,OnTrack,-643.4037152594885,-2194.477149228582,7258.012002866266
2026-09-12 14:15:19.994,0 days 00:29:17.464000,,,0 days 00:00:12.218000,10962.907,237.9812464,5,100.0,False,0,pos,679.743057659341,0.12671823691781134,OnTrack,-706.0,-2109.0,7260.0
2026-09-12 14:15:19.995,0 days 00:29:17.465000,,,0 days 00:00:12.219000,10959.0,238.0,6,100.0,False,0,car,679.81,0.12673071636175398,OnTrack,-706.3935189651982,-2108.4410041342385,7260.0112202998
2026-09-12 14:15:20.235,0 days 00:29:17.705000,,,0 days 00:00:12.459000,11123.0,246.0,6,100.0,False,0,car,696.2099999999999,0.129788017296328,OnTrack,-802.6161482115986,-1965.4072366041619,7262.052924904641
2026-09-12 14:15:20.334,0 days 00:29:17.804000,,,0 days 00:00:12.558000,11245.957402865743,248.81850780208006,6,100.0,False,0,pos,703.1280044042162,0.13107767713354737,OnTrack,-844.0,-1901.0,7263.0
2026-09-12 14:15:20.516,0 days 00:29:17.986000,,,0 days 00:00:12.740000,11472.0,254.0,6,100.0,False,0,car,716.036111111111,0.13348401656638706,OnTrack,-923.276336231349,-1774.1275507574683,7265.360231217238
2026-09-12 14:15:20.676,0 days 00:29:18.146000,,,0 days 00:00:12.900000,11592.0,259.0,6,100.0,False,0,car,727.5472222222222,0.13562992697845935,OnTrack,-988.5662484871224,-1667.8391485594557,7267.560765143672
2026-09-12 14:15:20.714,0 days 00:29:18.184000,,,0 days 00:00:12.938000,11618.2436616,259.593748,6,100.0,False,0,pos,730.3010969299106,0.13614330647342981,OnTrack,-1002.0,-1646.0,7268.0
2026-09-12 14:15:20.996,0 days 00:29:18.466000,,,0 days 00:00:13.220000,11813.0,264.0,6,100.0,False,0,car,751.0138888888889,0.1400046014864677,OnTrack,-1078.3909791749886,-1522.134397872243,7270.318213116513
2026-09-12 14:15:21.174,0 days 00:29:18.644000,,,0 days 00:00:13.398000,10816.1992832,270.23000448,6,100.0,False,0,pos,764.4050133123397,0.1425009854629807,OnTrack,-1133.0,-1432.0,7272.0
2026-09-12 14:15:21.196,0 days 00:29:18.666000,,,0 days 00:00:13.420000,10693.0,271.0,6,100.0,False,0,car,766.0694444444445,0.14281127002735375,OnTrack,-1141.165969578707,-1418.4008397723746,7272.261412140929
2026-09-12 14:15:21.334,0 days 00:29:18.804000,,,0 days 00:00:13.558000,10813.750112,272.7250016,6,100.0,False,0,pos,776.5383106869022,0.14476288432899986,OnTrack,-1197.0,-1325.0,7274.0
2026-09-12 14:15:21.554,0 days 00:29:19.024000,,,0 days 00:00:13.778000,11006.249888,275.4749984,6,100.0,False,0,pos,793.4459293948681,0.14791481594346853,OnTrack,-1284.0,-1179.0,7276.0
2026-09-12 14:15:21.596,0 days 00:29:19.066000,,,0 days 00:00:13.820000,11043.0,276.0,7,100.0,False,0,car,796.7361111111112,0.1485281742139556,OnTrack,-1300.7763837235132,-1151.0166972267432,7276.380593454835
2026-09-12 14:15:22.714,0 days 00:29:20.184000,,,0 days 00:00:14.938000,11738.02325376,300.22333056,7,100.0,False,0,pos,890.394938961634,0.16598812676996236,OnTrack,-1779.0,-376.0,7290.0
2026-09-12 14:15:22.796,0 days 00:29:20.266000,,,0 days 00:00:15.020000,11789.0,302.0,7,100.0,False,0,car,897.4027777777778,0.16729453360910507,OnTrack,-1813.8913322016963,-320.2847946501464,7291.0665100791875
2026-09-12 14:15:22.934,0 days 00:29:20.404000,,,0 days 00:00:15.158000,11381.516288711111,304.30000213333335,7,100.0,False,0,pos,909.1882323468396,0.16949158734498143,OnTrack,-1878.0,-218.0,7293.0
2026-09-12 14:15:23.156,0 days 00:29:20.626000,,,0 days 00:00:15.380000,10726.0,308.0,8,100.0,False,0,car,928.2027777777779,0.17303629390086606,OnTrack,-2005.3827849566785,-14.727547746313409,7296.7353191540005
2026-09-12 14:15:23.174,0 days 00:29:20.644000,,,0 days 00:00:15.398000,10729.559116218183,308.20454690909094,8,100.0,False,0,pos,929.7532666578842,0.17332533726075602,OnTrack,-2014.0,-1.0,7297.0
2026-09-12 14:15:23.434,0 days 00:29:20.904000,,,0 days 00:00:15.658000,10780.96815650909,311.15908945454544,8,100.0,False,0,pos,952.298738087452,0.17752828182612368,OnTrack,-2106.0,145.0,7300.0
2026-09-12 14:15:23.596,0 days 00:29:21.066000,,,0 days 00:00:15.820000,10813.0,313.0,8,100.0,False,0,car,966.4583333333334,0.18016792473944215,OnTrack,-2179.3304901630504,261.3352751212014,7301.987480259145
2026-09-12 14:15:23.674,0 days 00:29:21.144000,,,0 days 00:00:15.898000,10845.95494592,313.77999872,8,100.0,False,0,pos,973.3013900120387,0.181443612762561,OnTrack,-2217.0,321.0,7303.0
2026-09-12 14:15:23.974,0 days 00:29:21.444000,,,0 days 00:00:16.198000,10972.70505408,316.78000128,8,100.0,False,0,pos,999.7390263441873,0.18637213777879302,OnTrack,-2357.0,544.0,7307.0
2026-09-12 14:15:23.996,0 days 00:29:21.466000,,,0 days 00:00:16.220000,10982.0,317.0,8,100.0,False,0,car,1001.6805555555554,0.18673407918564786,OnTrack,-2367.048794352856,560.5096858834156,7307.284510657989
2026-09-12 14:15:24.134,0 days 00:29:21.604000,,,0 days 00:00:16.358000,11008.91002496,317.69000064,8,100.0,False,0,pos,1013.8650628764575,0.18900552465025258,OnTrack,-2430.0,665.0,7309.0
2026-09-12 14:15:24.196,0 days 00:29:21.666000,,,0 days 00:00:16.420000,11021.0,318.0,8,100.0,False,0,car,1019.3472222222224,0.19002751311923374,OnTrack,-2458.788681121277,712.1525715290531,7309.706801389187
2026-09-12 14:15:24.314,0 days 00:29:21.784000,,,0 days 00:00:16.538000,11011.4125104,318.7374992,8,100.0,False,0,pos,1029.7995596228916,0.19197604610115745,OnTrack,-2513.0,800.0,7311.0
2026-09-12 14:15:24.356,0 days 00:29:21.826000,,,0 days 00:00:16.580000,11008.0,319.0,8,100.0,False,0,car,1033.5249999999999,0.19267054563448874,OnTrack,-2531.3251646609924,829.6441809784483,7311.47562530955
2026-09-12 14:15:24.534,0 days 00:29:22.004000,,,0 days 00:00:16.758000,10991.6833216,319.7416672,8,100.0,False,0,pos,1049.3404936882941,0.19561888244143824,OnTrack,-2615.0,967.0,7314.0
2026-09-12 14:15:24.596,0 days 00:29:22.066000,,,0 days 00:00:16.820000,10986.0,320.0,8,100.0,False,0,car,1054.8583333333333,0.1966475224599509,OnTrack,-2655.0266250792993,1034.7855519645418,7315.363478773576
2026-09-12 14:15:24.834,0 days 00:29:22.304000,,,0 days 00:00:17.058000,10992.6937464,320.7437496,8,100.0,False,0,pos,1076.0766748506635,0.2006030624203804,OnTrack,-2816.0,1313.0,7321.0
2026-09-12 14:15:24.916,0 days 00:29:22.386000,,,0 days 00:00:17.140000,10995.0,321.0,8,100.0,False,0,car,1083.3916666666667,0.2019667289640065,OnTrack,-2838.409153634262,1353.2459751540293,7321.607112152475
2026-09-12 14:15:25.074,0 days 00:29:22.544000,,,0 days 00:00:17.298000,11032.12996992,321.0,8,100.0,False,0,pos,1097.4830487664929,0.20459365552883815,OnTrack,-2856.0,1392.0,7322.0
2026-09-12 14:15:25.116,0 days 00:29:22.586000,,,0 days 00:00:17.340000,11042.0,321.0,8,100.0,False,0,car,1101.225,0.20529123302904126,OnTrack,-2865.459101060275,1412.8955800689287,7322.443712524957
2026-09-12 14:15:25.395,0 days 00:29:22.865000,,,0 days 00:00:17.619000,10986.0,320.0,8,100.0,False,0,car,1126.0249999999999,0.209914468588641,OnTrack,-2971.7866972740353,1649.8440136943602,7327.624246308201
2026-09-12 14:15:25.454,0 days 00:29:22.924000,,,0 days 00:00:17.678000,10986.819445333333,319.8361109333333,8,100.0,False,0,pos,1131.2578494080124,0.2108899805023972,OnTrack,-2993.0,1701.0,7328.0
2026-09-12 14:15:25.534,0 days 00:29:23.004000,,,0 days 00:00:17.758000,10987.930556444444,319.6138887111111,8,100.0,False,0,pos,1138.346988685216,0.21221154343761187,OnTrack,-3019.0,1767.0,7328.0
2026-09-12 14:15:25.714,0 days 00:29:23.184000,,,0 days 00:00:17.938000,10990.430552888889,319.1138894222222,8,100.0,False,0,pos,1154.2901089713573,0.21518367249559023,OnTrack,-3075.0,1917.0,7329.0
2026-09-12 14:15:25.755,0 days 00:29:23.225000,,,0 days 00:00:17.979000,10991.0,319.0,8,100.0,False,0,car,1157.9249999999997,0.2158612917479648,OnTrack,-3087.324440116611,1951.1133744042559,7329.0563609626715
2026-09-12 14:15:25.874,0 days 00:29:23.344000,,,0 days 00:00:18.098000,10962.241713066667,319.0,8,100.0,False,0,pos,1168.4828712410283,0.21782949843164215,OnTrack,-3122.0,2050.0,7329.0
2026-09-12 14:15:25.995,0 days 00:29:23.465000,,,0 days 00:00:18.219000,10933.0,319.0,8,100.0,False,0,car,1179.1916666666666,0.21982584052084742,OnTrack,-3155.302255496692,2151.582387649161,7329.827177375109
2026-09-12 14:15:26.174,0 days 00:29:23.644000,,,0 days 00:00:18.398000,10869.536340945455,317.3727266909091,8,100.0,False,0,pos,1194.9119477339343,0.22275642771589155,OnTrack,-3201.0,2303.0,7332.0
2026-09-12 14:15:26.414,0 days 00:29:23.884000,,,0 days 00:00:18.638000,10784.445431854545,315.1909085090909,8,100.0,False,0,pos,1215.8582678005962,0.22666125722294592,OnTrack,-3256.0,2506.0,7335.0
2026-09-12 14:15:26.435,0 days 00:29:23.905000,,,0 days 00:00:18.659000,10777.0,315.0,8,100.0,False,0,car,1217.6916666666664,0.2270030408855486,OnTrack,-3260.5104802950864,2523.830445212017,7335.398057739979
2026-09-12 14:15:26.514,0 days 00:29:23.984000,,,0 days 00:00:18.738000,10753.7938064,314.5062512,8,100.0,False,0,pos,1224.5901271074779,0.22828905732169588,OnTrack,-3277.0,2591.0,7337.0
2026-09-12 14:15:26.595,0 days 00:29:24.065000,,,0 days 00:00:18.819000,10730.0,314.0,8,100.0,False,0,car,1231.647222222222,0.22960464655887175,OnTrack,-3292.9171202958355,2659.8862251782252,7338.297908038307
2026-09-12 14:15:26.734,0 days 00:29:24.204000,,,0 days 00:00:18.958000,10728.0142848,312.5107136,8,100.0,False,0,pos,1243.6753757444822,0.2318469444250185,OnTrack,-3318.0,2778.0,7340.0
2026-09-12 14:15:26.875,0 days 00:29:24.345000,,,0 days 00:00:19.099000,10726.0,311.0,8,100.0,False,0,car,1255.836111111111,0.2341139583031588,OnTrack,-3340.8598856890303,2897.4948971337976,7341.845596856709
2026-09-12 14:15:27.035,0 days 00:29:24.505000,,,0 days 00:00:19.259000,10671.0,311.0,8,100.0,False,0,car,1269.6583333333333,0.23669070787132282,OnTrack,-3363.2378074367357,3033.534732793693,7344.296306203935
2026-09-12 14:15:27.074,0 days 00:29:24.544000,,,0 days 00:00:19.298000,10655.626627618689,310.83817502756517,8,100.0,False,0,pos,1273.0239095658571,0.2373181212469981,OnTrack,-3368.0,3067.0,7345.0
2026-09-12 14:15:27.274,0 days 00:29:24.744000,,,0 days 00:00:19.498000,10576.788432408546,310.008299288511,8,100.0,False,0,pos,1290.2394472863418,0.24052745536663425,OnTrack,-3388.0,3237.0,7349.0
2026-09-12 14:15:27.276,0 days 00:29:24.746000,,,0 days 00:00:19.500000,10576.0,310.0,8,100.0,False,0,car,1290.411111111111,0.2405594570722379,OnTrack,-3388.159875256383,3238.608245033625,7349.037240465556
2026-09-12 14:15:27.474,0 days 00:29:24.944000,,,0 days 00:00:19.698000,10519.900036266667,308.35000106666666,8,100.0,False,0,pos,1307.3513389644888,0.2437174677093128,OnTrack,-3400.0,3408.0,7353.0
2026-09-12 14:15:27.636,0 days 00:29:25.106000,,,0 days 00:00:19.860000,10474.0,307.0,8,100.0,False,0,car,1321.111111111111,0.2462825752851295,OnTrack,-3404.224052251622,3630.2278945662933,7359.171065913687
2026-09-12 14:15:27.694,0 days 00:29:25.164000,,,0 days 00:00:19.918000,10463.435690971428,306.17142674285714,8,100.0,False,0,pos,1326.01144629366,0.24719609963472294,OnTrack,-3405.0,3696.0,7361.0
2026-09-12 14:15:27.916,0 days 00:29:25.386000,,,0 days 00:00:20.140000,10423.0,303.0,8,100.0,False,0,car,1344.677777777778,0.25067589187200723,OnTrack,-3405.25689262094,3792.029854316761,7363.219900319007
2026-09-12 14:15:28.054,0 days 00:29:25.524000,,,0 days 00:00:20.278000,10372.9749536,302.1374992,8,100.0,False,0,pos,1356.2588746235178,0.2528348490799263,OnTrack,-3398.0,3861.0,7364.0
2026-09-12 14:15:28.076,0 days 00:29:25.546000,,,0 days 00:00:20.300000,10365.0,302.0,8,100.0,False,0,car,1358.1000000000001,0.2531780731246938,OnTrack,-3396.0513836723653,3879.436524087891,7364.245256946702
2026-09-12 14:15:28.314,0 days 00:29:25.784000,,,0 days 00:00:20.538000,10167.0273792,299.8363648,8,100.0,False,0,pos,1377.8951798903718,0.25686830617218737,OnTrack,-3367.0,4147.0,7368.0
2026-09-12 14:15:28.516,0 days 00:29:25.986000,,,0 days 00:00:20.740000,9999.0,298.0,8,100.0,True,0,car,1394.5222222222221,0.25996793251733175,OnTrack,-3350.0713524634275,4269.353900399434,7369.459013579441
2026-09-12 14:15:28.676,0 days 00:29:26.146000,,,0 days 00:00:20.900000,9618.0,293.0,8,100.0,True,0,car,1407.5444444444443,0.2623955454545409,OnTrack,-3328.6762638785035,4356.317008949959,7369.938072089561
2026-09-12 14:15:28.694,0 days 00:29:26.164000,,,0 days 00:00:20.918000,9599.0998656,292.0999936,8,91.8999424,True,0,pos,1408.989453184662,0.2626649251235614,OnTrack,-3325.0,4370.0,7370.0
2026-09-12 14:15:28.876,0 days 00:29:26.346000,,,0 days 00:00:21.100000,9408.0,283.0,8,10.0,True,0,car,1423.2666666666667,0.2653264945212227,OnTrack,-3275.218993190556,4545.574319432889,7370.721160429654
2026-09-12 14:15:28.935,0 days 00:29:26.405000,,,0 days 00:00:21.159000,9108.2059248,276.3624928,8,6.312496,True,0,pos,1427.7154730133593,0.26615584450911794,OnTrack,-3258.0,4602.0,7371.0
2026-09-12 14:15:29.036,0 days 00:29:26.506000,,,0 days 00:00:21.260000,8595.0,265.0,8,0.0,True,0,car,1435.0444444444445,0.2675221171436133,OnTrack,-3229.8547407126966,4688.025062270222,7371.53383114589
2026-09-12 14:15:29.314,0 days 00:29:26.784000,,,0 days 00:00:21.538000,8015.171695542857,230.250016,8,0.0,True,0,pos,1452.816149933096,0.27083513249723695,OnTrack,-3165.0,4861.0,7373.0
2026-09-12 14:15:29.316,0 days 00:29:26.786000,,,0 days 00:00:21.540000,8011.0,230.0,8,0.0,True,0,car,1452.9333333333332,0.27085697791913094,OnTrack,-3164.6347130223153,4861.949728267817,7373.007295261693
2026-09-12 14:15:29.676,0 days 00:29:27.146000,,,0 days 00:00:21.900000,8133.0,190.0,7,0.0,True,0,car,1471.9333333333332,0.2743989729043082,OnTrack,-3114.888896209459,4986.470282655434,7373.725643385095
2026-09-12 14:15:29.754,0 days 00:29:27.224000,,,0 days 00:00:21.978000,8400.1495616,182.2000128,7,0.0,True,0,pos,1475.6001277403423,0.2750825396096399,OnTrack,-3100.0,5020.0,7374.0
2026-09-12 14:15:29.954,0 days 00:29:27.424000,,,0 days 00:00:22.178000,9085.1495616,162.2000128,7,0.0,True,0,pos,1484.447487602363,0.27673187141297334,OnTrack,-3053.0,5122.0,7375.0
2026-09-12 14:15:29.956,0 days 00:29:27.426000,,,0 days 00:00:22.180000,9092.0,162.0,7,0.0,True,0,car,1484.5333333333333,0.27674787484184676,OnTrack,-3052.589791509107,5122.87008675601,7375.008815697243
2026-09-12 14:15:30.214,0 days 00:29:27.684000,,,0 days 00:00:22.438000,9472.5501888,149.0999936,7,0.0,True,0,pos,1495.1817098223137,0.2787329535852282,OnTrack,-3013.0,5205.0,7376.0
2026-09-12 14:15:30.236,0 days 00:29:27.706000,,,0 days 00:00:22.460000,9505.0,148.0,6,0.0,True,0,car,1496.0444444444445,0.27889378525391906,OnTrack,-3009.8020669879756,5211.88328636969,7376.126299486502
2026-09-12 14:15:30.534,0 days 00:29:28.004000,,,0 days 00:00:22.758000,10490.2629232,133.0999936,6,0.0,True,0,pos,1507.0140932404454,0.2809387558341607,OnTrack,-2967.0,5314.0,7378.0
2026-09-12 14:15:30.556,0 days 00:29:28.026000,,,0 days 00:00:22.780000,10563.0,132.0,3,0.0,True,0,car,1507.7777777777778,0.2810811225079233,OnTrack,-2964.5808188067226,5321.159434212718,7378.025220130787
2026-09-12 14:15:30.634,0 days 00:29:28.104000,,,0 days 00:00:22.858000,10439.4189528,128.8312552,3,0.24374959999999998,True,0,pos,1510.438040252724,0.2815770507366346,OnTrack,-2957.0,5346.0,7378.0
2026-09-12 14:15:30.874,0 days 00:29:28.344000,,,0 days 00:00:23.098000,10059.1689528,119.0812552,3,0.9937495999999999,True,0,pos,1518.290809457978,0.28304097016530627,OnTrack,-2942.0,5422.0,7378.0
2026-09-12 14:15:30.876,0 days 00:29:28.346000,,,0 days 00:00:23.100000,10056.0,119.0,2,1.0,True,0,car,1518.3555555555556,0.28305304018388155,OnTrack,-2941.943824142066,5422.609636309843,7378.000088182212
2026-09-12 14:15:31.116,0 days 00:29:28.586000,,,0 days 00:00:23.340000,9839.0,116.0,2,0.0,False,0,car,1526.088888888889,0.2844946942831116,OnTrack,-2945.201174294456,5492.285014152182,7377.9951629960715
2026-09-12 14:15:31.154,0 days 00:29:28.624000,,,0 days 00:00:23.378000,9807.9667712,115.8416672,2,3.6416544,False,0,pos,1527.3118815380328,0.2847226855373314,OnTrack,-2948.0,5503.0,7378.0
2026-09-12 14:15:31.334,0 days 00:29:28.804000,,,0 days 00:00:23.558000,9660.966562133333,115.09166613333333,2,20.891678933333335,False,0,pos,1533.0670486127974,0.2857955683224721,OnTrack,-2970.0,5554.0,7378.0
2026-09-12 14:15:31.356,0 days 00:29:28.826000,,,0 days 00:00:23.580000,9643.0,115.0,2,23.0,False,0,car,1533.7555555555555,0.28592392032976205,OnTrack,-2973.472839539505,5560.510653180854,7377.978464002036
2026-09-12 14:15:31.516,0 days 00:29:28.986000,,,0 days 00:00:23.740000,9780.0,111.0,2,32.0,False,0,car,1538.6888888888889,0.28684359622065014,OnTrack,-3002.0857540107995,5609.970966347243,7377.7374522866
2026-09-12 14:15:31.594,0 days 00:29:29.064000,,,0 days 00:00:23.818000,9732.2250784,111.9749984,2,36.3874928,False,0,pos,1541.1285733071345,0.2872984041140629,OnTrack,-3013.0,5634.0,7378.0
2026-09-12 14:15:31.676,0 days 00:29:29.146000,,,0 days 00:00:23.900000,9682.0,113.0,2,41.0,False,0,car,1543.711111111111,0.28777984284831104,OnTrack,-3020.528246906383,5658.697781444602,7378.677599956909
2026-09-12 14:15:31.714,0 days 00:29:29.184000,,,0 days 00:00:23.938000,9727.938555732402,113.0,2,40.788301586486625,False,0,pos,1544.9057878622714,0.28800255543049613,OnTrack,-3023.0,5670.0,7379.0
2026-09-12 14:15:31.874,0 days 00:29:29.344000,,,0 days 00:00:24.098000,9921.364705093758,113.0,2,39.896936842885914,False,0,pos,1549.921740952892,0.2889376333616995,OnTrack,-3027.0,5719.0,7380.0
2026-09-12 14:15:32.035,0 days 00:29:29.505000,,,0 days 00:00:24.259000,10116.0,113.0,2,39.0,False,0,car,1554.979722222222,0.2898805462191251,OnTrack,-3015.945821110485,5782.46518564022,7381.197897461946
2026-09-12 14:15:32.254,0 days 00:29:29.724000,,,0 days 00:00:24.478000,10597.1157656,114.3687504,2,52.687504,False,0,pos,1561.9223166882118,0.2911747901550543,OnTrack,-2991.0,5870.0,7383.0
2026-09-12 14:15:32.355,0 days 00:29:29.825000,,,0 days 00:00:24.579000,10819.0,115.0,2,59.0,False,0,car,1565.2019444444443,0.2917861809479924,OnTrack,-2983.461945531841,5898.371492976589,7383.716155396508
2026-09-12 14:15:32.634,0 days 00:29:30.104000,,,0 days 00:00:24.858000,11121.914077257143,121.9749952,2,70.95713462857142,False,0,pos,1574.6556486699508,0.2935485479457867,OnTrack,-2972.0,5962.0,7385.0
2026-09-12 14:15:32.635,0 days 00:29:30.105000,,,0 days 00:00:24.859000,11123.0,122.0,2,71.0,False,0,car,1574.690833333333,0.29355510709848437,OnTrack,-2971.965427102288,5962.299560665562,7385.001449963089
2026-09-12 14:15:32.814,0 days 00:29:30.284000,,,0 days 00:00:25.038000,11493.146560914285,128.39285942857143,2,76.75357348571428,False,0,pos,1581.1511139085992,0.294759437698507,OnTrack,-2967.0,6024.0,7385.0
2026-09-12 14:15:32.915,0 days 00:29:30.385000,,,0 days 00:00:25.139000,11702.0,132.0,2,80.0,False,0,car,1584.9574999999998,0.29546902719573803,OnTrack,-2967.0188502111628,6060.9070022421665,7385.030236354599
2026-09-12 14:15:32.974,0 days 00:29:30.444000,,,0 days 00:00:25.198000,11530.531064,134.3968776,2,79.6312496,False,0,pos,1587.2389732186502,0.29589434123254205,OnTrack,-2968.0,6083.0,7385.0
2026-09-12 14:15:33.235,0 days 00:29:30.705000,,,0 days 00:00:25.459000,10772.0,145.0,3,78.0,False,0,car,1597.8463888888887,0.2978717840277881,OnTrack,-2980.500937176525,6186.297253452449,7384.088591979192
2026-09-12 14:15:33.254,0 days 00:29:30.724000,,,0 days 00:00:25.478000,10824.0126752,145.66500224,3,79.04500352,False,0,pos,1598.6516263088033,0.2980218970226941,OnTrack,-2982.0,6194.0,7384.0
2026-09-12 14:15:33.434,0 days 00:29:30.904000,,,0 days 00:00:25.658000,11316.7619744,151.96499328,3,88.94498944,False,0,pos,1606.5030964921896,0.2994855742866848,OnTrack,-3000.0,6268.0,7383.0
2026-09-12 14:15:33.635,0 days 00:29:31.105000,,,0 days 00:00:25.859000,11867.0,159.0,3,100.0,False,0,car,1615.5130555555554,0.30116521796137397,OnTrack,-3025.4377695545527,6354.67022340309,7381.150060898677
2026-09-12 14:15:33.654,0 days 00:29:31.124000,,,0 days 00:00:25.878000,11852.820843246438,159.37811084676167,3,100.0,False,0,pos,1616.3662907869716,0.3013242787461557,OnTrack,-3028.0,6363.0,7381.0
2026-09-12 14:15:33.814,0 days 00:29:31.284000,,,0 days 00:00:26.038000,11733.417820152938,162.56219146258832,3,100.0,False,0,pos,1623.5992168308546,0.30267264652381837,OnTrack,-3050.0,6434.0,7380.0
2026-09-12 14:15:33.836,0 days 00:29:31.306000,,,0 days 00:00:26.060000,11717.0,163.0,3,100.0,False,0,car,1624.6138888888886,0.30286180248914235,OnTrack,-3052.9713557648693,6443.963166061319,7379.85710425696
2026-09-12 14:15:33.996,0 days 00:29:31.466000,,,0 days 00:00:26.220000,10711.0,171.0,3,100.0,False,0,car,1632.2138888888885,0.3042786004832132,OnTrack,-3073.95325273773,6518.115566130257,7378.676819769162
2026-09-12 14:15:34.094,0 days 00:29:31.564000,,,0 days 00:00:26.318000,10809.700128914286,176.6000073142857,3,100.0,False,0,pos,1637.1439703683975,0.3051976701609467,OnTrack,-3087.0,6565.0,7378.0
2026-09-12 14:15:34.276,0 days 00:29:31.746000,,,0 days 00:00:26.500000,10993.0,187.0,4,100.0,False,0,car,1646.758333333333,0.3069899872876559,OnTrack,-3112.4162287099057,6654.931941113268,7377.059913698405
2026-09-12 14:15:34.294,0 days 00:29:31.764000,,,0 days 00:00:26.518000,11032.28527936,187.58500416,4,100.0,False,0,pos,1647.727266336094,0.3071706165422218,OnTrack,-3115.0,6664.0,7377.0
2026-09-12 14:15:34.474,0 days 00:29:31.944000,,,0 days 00:00:26.698000,11425.13472064,193.43499584,4,100.0,False,0,pos,1657.5831189394871,0.3090079523577936,OnTrack,-3142.0,6756.0,7377.0
2026-09-12 14:15:34.654,0 days 00:29:32.124000,,,0 days 00:00:26.878000,11817.98527936,199.28500416,4,100.0,False,0,pos,1667.7230989112388,0.3108982554214642,OnTrack,-3174.0,6849.0,7379.0
2026-09-12 14:15:34.676,0 days 00:29:32.146000,,,0 days 00:00:26.900000,11866.0,200.0,4,100.0,False,0,car,1668.9805555555552,0.3111326714808456,OnTrack,-3178.336731513314,6860.412595139261,7379.309502851036
2026-09-12 14:15:34.854,0 days 00:29:32.324000,,,0 days 00:00:27.078000,11256.905812,205.562504,4,100.0,False,0,pos,1679.2989718815563,0.313056238790407,OnTrack,-3217.0,6953.0,7382.0
2026-09-12 14:15:34.996,0 days 00:29:32.466000,,,0 days 00:00:27.220000,10771.0,210.0,4,100.0,False,0,car,1687.647222222222,0.314612526203125,OnTrack,-3252.4988105400184,7026.881976735912,7384.09955120261
2026-09-12 14:15:35.094,0 days 00:29:32.564000,,,0 days 00:00:27.318000,10851.441771733333,211.63333546666667,4,100.0,False,0,pos,1693.4400860609276,0.3156924364487308,OnTrack,-3279.0,7078.0,7385.0
2026-09-12 14:15:35.236,0 days 00:29:32.706000,,,0 days 00:00:27.460000,10968.0,214.0,5,100.0,False,0,car,1701.9138888888888,0.3172721294551529,OnTrack,-3319.70859614175,7152.48822381352,7385.0579278521855
2026-09-12 14:15:35.254,0 days 00:29:32.724000,,,0 days 00:00:27.478000,10972.800034133334,214.4500032,5,100.0,False,0,pos,1702.9986583591142,0.31747435303534294,OnTrack,-3325.0,7162.0,7385.0
2026-09-12 14:15:35.476,0 days 00:29:32.946000,,,0 days 00:00:27.700000,11032.0,220.0,5,100.0,False,0,car,1716.5805555555553,0.32000630102265804,OnTrack,-3391.609845930466,7280.561151304911,7383.848540203599
2026-09-12 14:15:35.535,0 days 00:29:33.005000,,,0 days 00:00:27.759000,11099.6656984,221.2906264,5,100.0,False,0,pos,1720.2560045567266,0.32069148112425927,OnTrack,-3409.0,7312.0,7384.0
2026-09-12 14:15:35.634,0 days 00:29:33.104000,,,0 days 00:00:27.858000,11213.2061032,223.4562472,5,100.0,False,0,pos,1726.4861148030973,0.3218529031900354,OnTrack,-3438.0,7366.0,7385.0
2026-09-12 14:15:35.796,0 days 00:29:33.266000,,,0 days 00:00:28.020000,11399.0,227.0,5,100.0,False,0,car,1736.758333333333,0.3237678582700743,OnTrack,-3491.1407930229775,7477.13045977852,7388.616777537773
2026-09-12 14:15:35.894,0 days 00:29:33.364000,,,0 days 00:00:28.118000,11450.041733333333,227.81666773333333,5,100.0,False,0,pos,1742.9827902571371,0.3249282264389988,OnTrack,-3522.0,7549.0,7392.0
2026-09-12 14:15:36.036,0 days 00:29:33.506000,,,0 days 00:00:28.260000,11524.0,229.0,5,100.0,False,0,car,1752.0249999999999,0.3266138823107957,OnTrack,-3560.122367647185,7649.431948657551,7398.505238743719
2026-09-12 14:15:36.334,0 days 00:29:33.804000,,,0 days 00:00:28.558000,11603.71503424,230.49000064,5,100.0,False,0,pos,1771.130348644702,0.33017551647340604,OnTrack,-3615.0,7827.0,7414.0
2026-09-12 14:15:36.436,0 days 00:29:33.906000,,,0 days 00:00:28.660000,11631.0,231.0,5,100.0,False,0,car,1777.6916666666664,0.3313986825539298,OnTrack,-3626.0807167668554,7868.18970590325,7417.763207034203
2026-09-12 14:15:36.614,0 days 00:29:34.084000,,,0 days 00:00:28.838000,11549.11994112,231.0,5,100.0,False,0,pos,1789.1260079970737,0.3335302814829355,OnTrack,-3643.0,7939.0,7424.0
2026-09-12 14:15:36.636,0 days 00:29:34.106000,,,0 days 00:00:28.860000,11539.0,231.0,5,100.0,False,0,car,1790.5249999999996,0.3337910826754969,OnTrack,-3645.764796205116,7950.689238260264,7424.96772552983
2026-09-12 14:15:36.814,0 days 00:29:34.284000,,,0 days 00:00:29.038000,11366.78487616,226.99499712,5,91.54499392,False,0,pos,1801.6801815891004,0.3358706404253567,OnTrack,-3672.0,8062.0,7434.0
2026-09-12 14:15:37.036,0 days 00:29:34.506000,,,0 days 00:00:29.260000,11152.0,222.0,5,81.0,True,0,car,1815.1916666666664,0.3383894621299375,OnTrack,-3702.7278372671935,8193.449267201742,7445.310372086404
2026-09-12 14:15:37.154,0 days 00:29:34.624000,,,0 days 00:00:29.378000,10562.00064,215.67857828571428,5,46.86432274285714,True,0,pos,1822.196546075389,0.3396953172740147,OnTrack,-3719.0,8260.0,7451.0
2026-09-12 14:15:37.316,0 days 00:29:34.786000,,,0 days 00:00:29.540000,9752.0,207.0,5,0.0,True,0,car,1831.2916666666663,0.34139083682790344,OnTrack,-3742.3568216769763,8348.745556065487,7458.258578559009
2026-09-12 14:15:37.334,0 days 00:29:34.804000,,,0 days 00:00:29.558000,9625.999104,203.8499776,5,0.0,True,0,pos,1832.2356436528025,0.3415668137621675,OnTrack,-3745.0,8358.0,7459.0
2026-09-12 14:15:37.476,0 days 00:29:34.946000,,,0 days 00:00:29.700000,8632.0,179.0,5,0.0,True,0,car,1839.2472222222218,0.34287391776906534,OnTrack,-3766.218594821028,8425.863882753167,7464.361283272032
2026-09-12 14:15:37.494,0 days 00:29:34.964000,,,0 days 00:00:29.718000,8630.1999872,177.1999872,5,0.0,True,0,pos,1840.0902098021922,0.34303106817858225,OnTrack,-3769.0,8434.0,7465.0
2026-09-12 14:15:37.676,0 days 00:29:35.146000,,,0 days 00:00:29.900000,8612.0,159.0,5,0.0,True,0,car,1848.080555555555,0.34452063473585826,OnTrack,-3798.5654200466324,8511.53975453202,7471.001943937345
2026-09-12 14:15:37.754,0 days 00:29:35.224000,,,0 days 00:00:29.978000,8723.706959542857,152.59286765714285,5,0.0,True,0,pos,1851.2190666178126,0.34510571844340776,OnTrack,-3812.0,8542.0,7473.0
2026-09-12 14:15:37.914,0 days 00:29:35.384000,,,0 days 00:00:30.138000,8952.849816685713,139.4500105142857,5,0.0,True,0,pos,1857.1748331965105,0.3462159971462832,OnTrack,-3841.0,8599.0,7476.0
2026-09-12 14:15:37.956,0 days 00:29:35.426000,,,0 days 00:00:30.180000,9013.0,136.0,5,0.0,True,0,car,1858.6583333333328,0.3464925524118166,OnTrack,-3848.979991869127,8612.64367400562,7476.842841390227
2026-09-12 14:15:38.114,0 days 00:29:35.584000,,,0 days 00:00:30.338000,9088.409029818182,128.1000064,5,0.0,True,0,pos,1863.9609255603757,0.34748106583690214,OnTrack,-3880.0,8660.0,7480.0
2026-09-12 14:15:38.314,0 days 00:29:35.784000,,,0 days 00:00:30.538000,9183.863575272728,118.1000064,5,0.0,True,0,pos,1870.14464379451,0.348633839467168,OnTrack,-3920.0,8715.0,7482.0
2026-09-12 14:15:38.396,0 days 00:29:35.866000,,,0 days 00:00:30.620000,9223.0,114.0,2,0.0,True,0,car,1872.5916666666662,0.34909001540094653,OnTrack,-3937.1398485296195,8735.042543870166,7483.00647491405
2026-09-12 14:15:38.554,0 days 00:29:36.024000,,,0 days 00:00:30.778000,8732.071826285714,107.79286217142857,2,0.0,True,0,pos,1877.1757583988176,0.3499445853970978,OnTrack,-3968.0,8779.0,7485.0
2026-09-12 14:15:38.676,0 days 00:29:36.146000,,,0 days 00:00:30.900000,8353.0,103.0,2,0.0,True,0,car,1880.6027777777772,0.3505834530525914,OnTrack,-3984.773992568311,8830.8744400343,7485.710555887609
2026-09-12 14:15:38.754,0 days 00:29:36.224000,,,0 days 00:00:30.978000,8212.991899048195,101.04184474193279,2,0.0,True,0,pos,1882.7443541120233,0.35098268740186905,OnTrack,-3991.0,8860.0,7486.0
2026-09-12 14:15:38.915,0 days 00:29:36.385000,,,0 days 00:00:31.139000,7924.0,97.0,2,0.0,True,0,car,1887.0424999999993,0.35178395114822536,OnTrack,-3990.759412210007,8888.217801240695,7486.604661105466
2026-09-12 14:15:39.054,0 days 00:29:36.524000,,,0 days 00:00:31.278000,7703.5856128,94.0214272,2,0.0,True,0,pos,1890.6202722529665,0.3524509222733894,OnTrack,-3980.0,8904.0,7487.0
2026-09-12 14:15:39.195,0 days 00:29:36.665000,,,0 days 00:00:31.419000,7480.0,91.0,2,0.0,False,0,car,1894.1202777777771,0.3531033960637563,OnTrack,-3962.19295168985,8933.0035947604,7487.156464258731
2026-09-12 14:15:39.274,0 days 00:29:36.744000,,,0 days 00:00:31.498000,7383.2252352,89.0250048,2,0.0,False,0,pos,1896.0229237527026,0.35345808882700647,OnTrack,-3950.0,8950.0,7487.0
2026-09-12 14:15:39.395,0 days 00:29:36.865000,,,0 days 00:00:31.619000,7235.0,86.0,2,0.0,False,0,car,1898.898055555555,0.3539940731652921,OnTrack,-3928.9981731684934,8972.457973166805,7486.293849379382
2026-09-12 14:15:39.594,0 days 00:29:37.064000,,,0 days 00:00:31.818000,7583.249664,86.55277724444444,2,17.13609457777778,False,0,pos,1903.6783723209967,0.35488522358691066,OnTrack,-3891.0,9004.0,7485.0
2026-09-12 14:15:39.754,0 days 00:29:37.224000,,,0 days 00:00:31.978000,7863.249664,86.99722168888889,2,30.913872355555554,False,0,pos,1907.573555802012,0.3556113667635476,OnTrack,-3861.0,9030.0,7485.0
2026-09-12 14:15:39.755,0 days 00:29:37.225000,,,0 days 00:00:31.979000,7865.0,87.0,2,31.0,False,0,car,1907.598055555555,0.3556159340269259,OnTrack,-3860.8179686512135,9030.169869244226,7484.99892093545
2026-09-12 14:15:39.974,0 days 00:29:37.444000,,,0 days 00:00:32.198000,8231.042964114285,89.34642925714286,2,40.38571702857143,False,0,pos,1913.0290619268335,0.3566283865180593,OnTrack,-3822.0,9069.0,7484.0
2026-09-12 14:15:40.035,0 days 00:29:37.505000,,,0 days 00:00:32.259000,8333.0,90.0,2,43.0,False,0,car,1914.598055555555,0.3569208795477806,OnTrack,-3810.7521581575675,9079.501463459375,7483.483682982195
2026-09-12 14:15:40.174,0 days 00:29:37.644000,,,0 days 00:00:32.398000,8523.995130891992,93.46633631382923,2,48.546138102126775,False,0,pos,1918.2956940092067,0.35761019622461393,OnTrack,-3784.0,9103.0,7482.0
2026-09-12 14:15:40.334,0 days 00:29:37.804000,,,0 days 00:00:32.558000,8743.845540045173,97.45636188829715,2,54.93017902127546,False,0,pos,1922.7647683335924,0.358443324584896,OnTrack,-3752.0,9131.0,7480.0
2026-09-12 14:15:40.436,0 days 00:29:37.906000,,,0 days 00:00:32.660000,8884.0,100.0,2,59.0,False,0,car,1925.7369444444437,0.35899739999961694,OnTrack,-3732.7111421841414,9149.420919753604,7478.738639997527
2026-09-12 14:15:40.674,0 days 00:29:38.144000,,,0 days 00:00:32.898000,9284.633117866666,107.27221831111112,2,39.82778808888889,False,0,pos,1933.0299626779758,0.36035697021066837,OnTrack,-3686.0,9206.0,7475.0
2026-09-12 14:15:40.796,0 days 00:29:38.266000,,,0 days 00:00:33.020000,9490.0,111.0,2,30.0,False,0,car,1936.8369444444438,0.36106667075411525,OnTrack,-3656.358444413263,9252.108583048255,7471.908516410988
2026-09-12 14:15:40.834,0 days 00:29:38.304000,,,0 days 00:00:33.058000,9588.3246688,111.2374992,2,34.2749856,False,0,pos,1938.0208653538407,0.36128737822379575,OnTrack,-3648.0,9267.0,7471.0
2026-09-12 14:15:40.956,0 days 00:29:38.426000,,,0 days 00:00:33.180000,9904.0,112.0,2,48.0,False,0,car,1941.8147222222215,0.3619946320133897,OnTrack,-3626.8586167078893,9313.22392411109,7468.6372951110725
2026-09-12 14:15:41.236,0 days 00:29:38.706000,,,0 days 00:00:33.460000,10288.0,113.0,2,54.0,False,0,car,1950.6036111111105,0.3636330636117963,OnTrack,-3604.711627989657,9401.8385934102,7465.223759620687
2026-09-12 14:15:41.254,0 days 00:29:38.724000,,,0 days 00:00:33.478000,10337.2753504,113.54000384,2,54.76500544,False,0,pos,1951.1945645266142,0.3637432296135957,OnTrack,-3604.0,9406.0,7465.0
2026-09-12 14:15:41.534,0 days 00:29:39.004000,,,0 days 00:00:33.758000,11103.7753504,121.94000384,2,66.66500544,False,0,pos,1960.8715017995648,0.365547211892157,OnTrack,-3601.0,9460.0,7461.0
2026-09-12 14:15:41.636,0 days 00:29:39.106000,,,0 days 00:00:33.860000,11383.0,125.0,2,71.0,False,0,car,1964.4924999999994,0.3662222412325399,OnTrack,-3601.7657894176864,9491.89386875708,7459.0655617719285
2026-09-12 14:15:41.834,0 days 00:29:39.304000,,,0 days 00:00:34.058000,10844.1574912,128.535712,2,75.2428544,False,0,pos,1971.5778820374792,0.3675431037401619,OnTrack,-3608.0,9568.0,7455.0
2026-09-12 14:15:41.916,0 days 00:29:39.386000,,,0 days 00:00:34.140000,10621.0,130.0,2,77.0,False,0,car,1974.6036111111105,0.3681071625404412,OnTrack,-3614.0916578082683,9597.4862040221,7453.509569701062
2026-09-12 14:15:41.994,0 days 00:29:39.464000,,,0 days 00:00:34.218000,10645.699959466667,133.24999466666668,2,76.67500053333333,False,0,pos,1977.5540688074334,0.36865718919119667,OnTrack,-3622.0,9625.0,7452.0
2026-09-12 14:15:42.156,0 days 00:29:39.626000,,,0 days 00:00:34.380000,10697.0,140.0,3,76.0,False,0,car,1983.936944444444,0.36984708990158094,OnTrack,-3645.2961324461357,9683.115060846649,7448.009948891147
2026-09-12 14:15:42.234,0 days 00:29:39.704000,,,0 days 00:00:34.458000,10774.5123728,143.41249439999999,3,77.9499968,False,0,pos,1987.1554550840017,0.37044708719342584,OnTrack,-3659.0,9712.0,7446.0
2026-09-12 14:15:42.476,0 days 00:29:39.946000,,,0 days 00:00:34.700000,11015.0,154.0,3,84.0,False,0,car,1997.6258333333328,0.37239898336458577,OnTrack,-3707.491406034741,9805.146082353873,7440.35897146032
2026-09-12 14:15:42.494,0 days 00:29:39.964000,,,0 days 00:00:34.718000,11080.571894857143,154.57857554285715,3,85.02857874285715,False,0,pos,1998.4212189973973,0.3725472597873962,OnTrack,-3711.0,9812.0,7440.0
2026-09-12 14:15:42.594,0 days 00:29:40.064000,,,0 days 00:00:34.818000,11444.856676571428,157.79285302857144,3,90.74284982857142,False,0,pos,2002.8757360297384,0.37337767436581404,OnTrack,-3731.0,9852.0,7438.0
2026-09-12 14:15:42.756,0 days 00:29:40.226000,,,0 days 00:00:34.980000,12035.0,163.0,3,100.0,False,0,car,2010.3036111111103,0.37476238469680045,OnTrack,-3780.4136274269426,9952.305158859364,7432.546431841396
2026-09-12 14:15:42.894,0 days 00:29:40.364000,,,0 days 00:00:35.118000,11681.949672533334,169.9000064,3,100.0,False,0,pos,2016.929146469082,0.37599752222375044,OnTrack,-3822.0,10037.0,7428.0
2026-09-12 14:15:42.996,0 days 00:29:40.466000,,,0 days 00:00:35.220000,11421.0,175.0,3,100.0,False,0,car,2021.970277777777,0.3769372938982251,OnTrack,-3842.6098050704336,10079.018311091148,7426.009032942355
2026-09-12 14:15:43.156,0 days 00:29:40.626000,,,0 days 00:00:35.380000,10732.0,183.0,4,100.0,False,0,car,2030.1036111111105,0.37845351631293256,OnTrack,-3862.1486909726173,10120.588157724107,7424.5578720375715
2026-09-12 14:15:43.214,0 days 00:29:40.684000,,,0 days 00:00:35.438000,10727.243989504,184.508003328,4,100.0,False,0,pos,2033.1508681318928,0.37902158837009875,OnTrack,-3869.0,10137.0,7424.0
2026-09-12 14:15:44.156,0 days 00:29:41.626000,,,0 days 00:00:36.380000,10650.0,209.0,5,100.0,False,0,car,2088.159166666666,0.3892762787676407,OnTrack,-3984.298544039781,10622.8165085341,7407.005817720217
2026-09-12 14:15:44.234,0 days 00:29:41.704000,,,0 days 00:00:36.458000,10680.921377828572,209.83571291428572,5,100.0,False,0,pos,2092.7592641229035,0.3901338325634997,OnTrack,-3990.0,10687.0,7405.0
2026-09-12 14:15:44.436,0 days 00:29:41.906000,,,0 days 00:00:36.660000,10761.0,212.0,5,100.0,False,0,car,2104.6480555555545,0.3923501504389874,OnTrack,-4000.6048430756146,10861.421073422343,7399.737769072921
2026-09-12 14:15:44.474,0 days 00:29:41.944000,,,0 days 00:00:36.698000,10784.36992128,212.37999872,5,100.0,False,0,pos,2106.8961155132642,0.39276923554933396,OnTrack,-4002.0,10887.0,7399.0
2026-09-12 14:15:44.636,0 days 00:29:42.106000,,,0 days 00:00:36.860000,10884.0,214.0,5,100.0,False,0,car,2116.5369444444436,0.394566486482344,OnTrack,-4005.9454728088645,10954.9050004497,7397.2254155182345
2026-09-12 14:15:44.794,0 days 00:29:42.264000,,,0 days 00:00:37.018000,10962.20993664,215.9749984,5,100.0,False,0,pos,2126.0544195972166,0.3963407417066951,OnTrack,-4008.0,11019.0,7395.0
2026-09-12 14:15:45.036,0 days 00:29:42.506000,,,0 days 00:00:37.260000,11082.0,219.0,5,100.0,False,0,car,2140.8702777777767,0.39910272567388666,OnTrack,-4009.9903970066202,11210.804983330218,7386.684759496933
2026-09-12 14:15:45.094,0 days 00:29:42.564000,,,0 days 00:00:37.318000,11122.824685510752,219.92483106335038,5,100.0,False,0,pos,2144.4672051606276,0.39977326771347116,OnTrack,-4010.0,11251.0,7385.0
2026-09-12 14:15:45.394,0 days 00:29:42.864000,,,0 days 00:00:37.618000,11333.98620574233,224.7084253728036,5,100.0,False,0,pos,2163.3133478098434,0.40328658048996885,OnTrack,-4006.0,11387.0,7380.0
2026-09-12 14:15:45.475,0 days 00:29:42.945000,,,0 days 00:00:37.699000,11391.0,226.0,5,100.0,False,0,car,2168.4297222222212,0.4042403790431758,OnTrack,-4003.479033884949,11431.961334486465,7378.116792642277
2026-09-12 14:15:45.694,0 days 00:29:43.164000,,,0 days 00:00:37.918000,11372.584085527273,226.49772741818182,5,79.59317585454545,False,0,pos,2182.2882903196337,0.40682390423805853,OnTrack,-3993.0,11575.0,7372.0
2026-09-12 14:15:45.874,0 days 00:29:43.344000,,,0 days 00:00:38.098000,11357.447743418183,226.90681774545453,5,62.82047243636364,False,0,pos,2193.6160567395123,0.4089356353881884,OnTrack,-3979.0,11687.0,7368.0
2026-09-12 14:15:45.915,0 days 00:29:43.385000,,,0 days 00:00:38.139000,11354.0,227.0,5,59.0,True,0,car,2196.1741666666658,0.40941252025837316,OnTrack,-3974.653568438125,11713.483743133691,7367.063456176836
2026-09-12 14:15:46.054,0 days 00:29:43.524000,,,0 days 00:00:38.278000,11229.8928,224.517856,5,54.5321408,True,0,pos,2204.785667354446,0.4110178830084242,OnTrack,-3956.0,11804.0,7364.0
2026-09-12 14:15:46.195,0 days 00:29:43.665000,,,0 days 00:00:38.419000,11104.0,222.0,5,50.0,True,0,car,2213.440833333332,0.41263138587648157,OnTrack,-3929.8886299539304,11886.098706889012,7362.062386004186
2026-09-12 14:15:46.334,0 days 00:29:43.804000,,,0 days 00:00:38.558000,11099.82999808,219.91499904,5,54.17000192,True,0,pos,2221.9103084114004,0.4142102721003553,OnTrack,-3896.0,11960.0,7361.0
2026-09-12 14:15:46.395,0 days 00:29:43.865000,,,0 days 00:00:38.619000,11098.0,219.0,5,56.0,False,0,car,2225.607499999999,0.41489950547225296,OnTrack,-3878.2771927710655,11991.347211061306,7360.6746740294675
2026-09-12 14:15:46.494,0 days 00:29:43.964000,,,0 days 00:00:38.718000,11102.9500032,218.3812496,5,58.4750016,False,0,pos,2231.5824730260324,0.4160133646561887,OnTrack,-3846.0,12041.0,7360.0
2026-09-12 14:15:46.574,0 days 00:29:44.044000,,,0 days 00:00:38.798000,11106.9500032,217.8812496,5,60.4750016,False,0,pos,2236.389029316518,0.4169094066707611,OnTrack,-3817.0,12080.0,7359.0
2026-09-12 14:15:46.715,0 days 00:29:44.185000,,,0 days 00:00:38.939000,11114.0,217.0,5,64.0,False,0,car,2244.896388888888,0.41849535535194166,OnTrack,-3759.822047155626,12142.348745979263,7357.800971493766
2026-09-12 14:15:46.834,0 days 00:29:44.304000,,,0 days 00:00:39.058000,11216.739005511157,218.478259072103,5,69.91303628841194,False,0,pos,2252.131984849102,0.41984422085751266,OnTrack,-3704.0,12193.0,7357.0
2026-09-12 14:15:46.876,0 days 00:29:44.346000,,,0 days 00:00:39.100000,11253.0,219.0,5,72.0,False,0,car,2254.6905555555545,0.4203211916265376,OnTrack,-3682.348159943752,12211.354934898232,7356.664085580288
2026-09-12 14:15:47.154,0 days 00:29:44.624000,,,0 days 00:00:39.378000,10990.885834971428,219.0,5,58.1000064,False,0,pos,2271.602874157588,0.4234739993989651,OnTrack,-3527.0,12331.0,7354.0
2026-09-12 14:15:47.156,0 days 00:29:44.626000,,,0 days 00:00:39.380000,10989.0,219.0,5,58.0,False,0,car,2271.723888888888,0.4234965590606175,OnTrack,-3525.965445628426,12331.754275537276,7353.981085862604
2026-09-12 14:15:47.516,0 days 00:29:44.986000,,,0 days 00:00:39.740000,10522.0,215.0,5,26.0,True,0,car,2293.223888888888,0.4275046060175286,OnTrack,-3367.047107583815,12445.303364233281,7351.091653543283
2026-09-12 14:15:47.534,0 days 00:29:45.004000,,,0 days 00:00:39.758000,10516.524961066667,214.47499626666666,5,25.399995733333334,True,0,pos,2294.2767124051156,0.42770087420777886,OnTrack,-3360.0,12451.0,7351.0
2026-09-12 14:15:47.754,0 days 00:29:45.224000,,,0 days 00:00:39.978000,10449.608372266666,208.05833706666667,5,18.066670933333334,True,0,pos,2306.976044453634,0.43006829370414484,OnTrack,-3274.0,12539.0,7350.0
2026-09-12 14:15:47.756,0 days 00:29:45.226000,,,0 days 00:00:39.980000,10449.0,208.0,5,18.0,True,0,car,2307.090555555554,0.4300896409540789,OnTrack,-3273.1286159665497,12540.216686535832,7349.984521485381
2026-09-12 14:15:47.954,0 days 00:29:45.424000,,,0 days 00:00:40.178000,10097.5502272,205.1714304,5,18.7071424,True,0,pos,2318.354457179799,0.4321894663786369,OnTrack,-3187.0,12684.0,7348.0
2026-09-12 14:15:48.036,0 days 00:29:45.506000,,,0 days 00:00:40.260000,9952.0,204.0,5,19.0,False,0,car,2322.957222222221,0.4330475174680164,OnTrack,-3167.1738038163912,12724.282060840615,7347.484653696749
2026-09-12 14:15:48.236,0 days 00:29:45.706000,,,0 days 00:00:40.460000,10091.0,199.0,5,32.0,False,0,car,2334.0127777777766,0.43510850285412833,OnTrack,-3152.27250047337,12780.860474780153,7347.033197543631
2026-09-12 14:15:48.254,0 days 00:29:45.724000,,,0 days 00:00:40.478000,10087.899977955556,198.84999893333332,5,33.90001351111111,False,0,pos,2334.9990172488106,0.4352923583941593,OnTrack,-3151.0,12787.0,7347.0
2026-09-12 14:15:48.595,0 days 00:29:46.065000,,,0 days 00:00:40.819000,10029.1722112,196.0083328,5,69.89445119999999,False,0,pos,2353.558092946887,0.4387521559232176,OnTrack,-3128.0,12972.0,7346.0
2026-09-12 14:15:48.596,0 days 00:29:46.066000,,,0 days 00:00:40.820000,10029.0,196.0,5,70.0,False,0,car,2353.6127777777765,0.43876235031252164,OnTrack,-3128.0065449648137,12972.817053917157,7345.9940499145205
2026-09-12 14:15:48.755,0 days 00:29:46.225000,,,0 days 00:00:40.979000,10195.9500672,197.9875008,5,75.30000213333334,False,0,pos,2362.353165016241,0.44039174019500305,OnTrack,-3137.0,13115.0,7345.0
2026-09-12 14:15:48.836,0 days 00:29:46.306000,,,0 days 00:00:41.060000,10281.0,199.0,5,78.0,False,0,car,2366.8794444444434,0.4412355327758559,OnTrack,-3147.4582573294115,13176.996144924799,7344.897809107259
2026-09-12 14:15:49.156,0 days 00:29:46.626000,,,0 days 00:00:41.380000,10679.0,208.0,5,100.0,False,0,car,2385.3683333333324,0.44468224602458983,OnTrack,-3211.7359882660808,13339.601314057078,7346.877889793979
2026-09-12 14:15:49.174,0 days 00:29:46.644000,,,0 days 00:00:41.398000,10700.927428654546,208.36818443636363,5,100.0,False,0,pos,2386.4300764256313,0.4448801770092461,OnTrack,-3215.0,13347.0,7347.0
2026-09-12 14:15:49.534,0 days 00:29:47.004000,,,0 days 00:00:41.758000,11139.4728832,215.7318208,5,100.0,False,0,pos,2408.0824864236315,0.4489166363581891,OnTrack,-3273.0,13492.0,7350.0
2026-09-12 14:15:49.596,0 days 00:29:47.066000,,,0 days 00:00:41.820000,11215.0,217.0,5,100.0,False,0,car,2411.8905555555543,0.4496265396091617,OnTrack,-3285.727708623977,13526.595784485802,7351.0400823591635
2026-09-12 14:15:49.654,0 days 00:29:47.124000,,,0 days 00:00:41.878000,11255.74508992,218.30500288,5,100.0,False,0,pos,2415.4738224646735,0.4502945350524592,OnTrack,-3298.0,13560.0,7352.0
2026-09-12 14:15:49.894,0 days 00:29:47.364000,,,0 days 00:00:42.118000,11424.34508992,223.70500288,5,100.0,False,0,pos,2430.5128325705987,0.45309811917757586,OnTrack,-3350.0,13699.0,7355.0
2026-09-12 14:15:49.996,0 days 00:29:47.466000,,,0 days 00:00:42.220000,11496.0,226.0,5,100.0,False,0,car,2437.001666666665,0.4543077727474661,OnTrack,-3380.3675226288515,13780.938883405252,7357.378265115873
2026-09-12 14:15:50.234,0 days 00:29:47.704000,,,0 days 00:00:42.458000,11511.6863552,230.3272704,5,100.0,False,0,pos,2452.362121024377,0.45717128076352176,OnTrack,-3456.0,13986.0,7364.0
2026-09-12 14:15:50.436,0 days 00:29:47.906000,,,0 days 00:00:42.660000,11525.0,234.0,5,100.0,False,0,car,2465.601666666665,0.45963940730410124,OnTrack,-3490.28534060218,14077.878484394805,7366.212201748861
2026-09-12 14:15:50.574,0 days 00:29:48.044000,,,0 days 00:00:42.798000,11287.263415854546,235.88181992727272,5,94.66817687272727,False,0,pos,2474.7356084405933,0.46134216393347777,OnTrack,-3512.0,14139.0,7367.0
2026-09-12 14:15:50.734,0 days 00:29:48.204000,,,0 days 00:00:42.958000,11011.627052218182,238.0636381090909,5,88.48635869090909,False,0,pos,2485.41097949584,0.463332275025193,OnTrack,-3544.0,14239.0,7368.0
2026-09-12 14:15:50.876,0 days 00:29:48.346000,,,0 days 00:00:43.100000,10767.0,240.0,6,83.0,False,0,car,2494.9349999999986,0.4651077504391117,OnTrack,-3563.3304596858957,14336.601947917892,7368.355007706704
2026-09-12 14:15:51.074,0 days 00:29:48.544000,,,0 days 00:00:43.298000,10662.06006784,241.97999872,6,57.26001664,False,0,pos,2508.2457839002473,0.4675891572719253,OnTrack,-3573.0,14473.0,7368.0
2026-09-12 14:15:51.076,0 days 00:29:48.546000,,,0 days 00:00:43.300000,10661.0,242.0,6,57.0,False,0,car,2508.379444444443,0.46761407437599145,OnTrack,-3573.004618611541,14474.313539328532,7367.992575062436
2026-09-12 14:15:51.316,0 days 00:29:48.786000,,,0 days 00:00:43.540000,10591.0,238.0,6,53.0,False,0,car,2524.2461111111097,0.470571950889929,OnTrack,-3560.128705156869,14622.87455468703,7366.5336390716475
2026-09-12 14:15:51.454,0 days 00:29:48.924000,,,0 days 00:00:43.678000,10556.499968,235.69999786666668,6,61.05000746666666,False,0,pos,2533.2257300228257,0.47224593852961844,OnTrack,-3541.0,14707.0,7365.0
2026-09-12 14:15:51.556,0 days 00:29:49.026000,,,0 days 00:00:43.780000,10531.0,234.0,6,67.0,False,0,car,2539.8461111111096,0.47348011519354816,OnTrack,-3521.478271396419,14770.760378643768,7363.461038351332
2026-09-12 14:15:51.634,0 days 00:29:49.104000,,,0 days 00:00:43.858000,10537.128561371428,234.27857097142856,6,70.62142262857142,False,0,pos,2544.9212833326574,0.47442623280184454,OnTrack,-3504.0,14819.0,7361.0
2026-09-12 14:15:51.714,0 days 00:29:49.184000,,,0 days 00:00:43.938000,10543.414275657144,234.56428525714287,6,74.33570834285715,False,0,pos,2550.1380210345933,0.4753987411586468,OnTrack,-3484.0,14867.0,7357.0
2026-09-12 14:15:51.836,0 days 00:29:49.306000,,,0 days 00:00:44.060000,10553.0,235.0,6,80.0,False,0,car,2558.1238888888874,0.4768874729424467,OnTrack,-3447.50145340742,14937.483024134477,7353.219111454848
2026-09-12 14:15:51.954,0 days 00:29:49.424000,,,0 days 00:00:44.178000,10642.9749024,236.4749984,6,82.9499968,False,0,pos,2565.8857076061527,0.47833443730941544,OnTrack,-3406.0,15003.0,7351.0
2026-09-12 14:15:51.996,0 days 00:29:49.466000,,,0 days 00:00:44.220000,10675.0,237.0,6,84.0,False,0,car,2568.6572222222208,0.4788511052500186,OnTrack,-3389.982464881537,15025.791592761729,7350.09401492601
2026-09-12 14:15:52.154,0 days 00:29:49.624000,,,0 days 00:00:44.378000,10737.962344908296,238.18796877185463,6,86.37593754370927,False,0,pos,2579.1244550688452,0.4808024150527252,OnTrack,-3324.0,15108.0,7346.0
2026-09-12 14:15:52.334,0 days 00:29:49.804000,,,0 days 00:00:44.558000,10809.691758726134,239.54135393822895,6,89.08270787645789,False,0,pos,2591.1484687277693,0.4830439411622837,OnTrack,-3239.0,15191.0,7340.0
2026-09-12 14:15:52.395,0 days 00:29:49.865000,,,0 days 00:00:44.619000,10834.0,240.0,6,90.0,False,0,car,2595.2572222222207,0.48380989822926673,OnTrack,-3208.6922514813077,15216.577825994942,7338.262906195194
2026-09-12 14:15:52.514,0 days 00:29:49.984000,,,0 days 00:00:44.738000,10899.024895085715,242.12499657142857,6,88.72500205714286,False,0,pos,2603.3230282271584,0.48531353214615625,OnTrack,-3142.0,15264.0,7335.0
2026-09-12 14:15:52.675,0 days 00:29:50.145000,,,0 days 00:00:44.899000,10987.0,245.0,6,87.0,False,0,car,2614.3127777777763,0.48736224992492694,OnTrack,-3016.8410289650533,15326.904314738726,7328.995645737186
2026-09-12 14:15:52.875,0 days 00:29:50.345000,,,0 days 00:00:45.099000,11056.0,247.0,6,88.0,False,0,car,2628.034999999998,0.4899203574142215,OnTrack,-2853.8450386850523,15390.780104608602,7321.498623862201
2026-09-12 14:15:52.894,0 days 00:29:50.364000,,,0 days 00:00:45.118000,11071.9125536,247.15833386666668,6,88.4750016,False,0,pos,2629.3442258063874,0.4901644243216266,OnTrack,-2842.0,15395.0,7321.0
2026-09-12 14:15:53.115,0 days 00:29:50.585000,,,0 days 00:00:45.339000,11257.0,249.0,6,94.0,False,0,car,2644.6349999999984,0.49301494250653427,OnTrack,-2746.698426613845,15420.961134871015,7317.78478104631
2026-09-12 14:15:53.234,0 days 00:29:50.704000,,,0 days 00:00:45.458000,11242.125024,249.7437488,6,98.4624928,False,0,pos,2652.891484898125,0.4945541229330793,OnTrack,-2678.0,15425.0,7316.0
2026-09-12 14:15:53.275,0 days 00:29:50.745000,,,0 days 00:00:45.499000,11237.0,250.0,6,100.0,False,0,car,2655.7461111111097,0.4950862846031292,OnTrack,-2646.030803055344,15425.627536097765,7315.153417817408
2026-09-12 14:15:53.516,0 days 00:29:50.986000,,,0 days 00:00:45.740000,11412.0,253.0,6,100.0,False,0,car,2672.6830555555543,0.4982436831445212,OnTrack,-2421.8662756272656,15422.52979641072,7309.278268664845
2026-09-12 14:15:53.534,0 days 00:29:51.004000,,,0 days 00:00:45.758000,11425.9500992,253.32143085714284,6,100.0,False,0,pos,2673.9614021719985,0.4984819935289824,OnTrack,-2410.0,15422.0,7309.0
2026-09-12 14:15:53.754,0 days 00:29:51.224000,,,0 days 00:00:45.978000,11596.4499008,257.2499977142857,6,100.0,False,0,pos,2689.7251169971646,0.50142067767943,OnTrack,-2312.0,15406.0,7308.0
2026-09-12 14:15:53.796,0 days 00:29:51.266000,,,0 days 00:00:46.020000,11629.0,258.0,6,100.0,False,0,car,2692.749722222221,0.5019845269709715,OnTrack,-2284.7796275850187,15397.477369829458,7308.181216921474
2026-09-12 14:15:53.956,0 days 00:29:51.426000,,,0 days 00:00:46.180000,11651.0,260.0,6,100.0,False,0,car,2704.305277777776,0.5041387227514301,OnTrack,-2136.194569118481,15345.278655259712,7309.812822993769
2026-09-12 14:15:54.134,0 days 00:29:51.604000,,,0 days 00:00:46.358000,11357.8560392,261.6687512,6,100.0,False,0,pos,2717.274070061771,0.506556375237415,OnTrack,-1986.0,15288.0,7312.0
2026-09-12 14:15:54.276,0 days 00:29:51.746000,,,0 days 00:00:46.500000,11124.0,263.0,6,100.0,False,0,car,2727.683055555554,0.5084968265226657,OnTrack,-1928.6933582801544,15262.335322815496,7313.3111975369075
2026-09-12 14:15:54.414,0 days 00:29:51.884000,,,0 days 00:00:46.638000,10544.3994624,264.38000128,6,100.0,False,0,pos,2737.832486963825,0.5103888915305868,OnTrack,-1873.0,15219.0,7316.0
2026-09-12 14:15:54.476,0 days 00:29:51.946000,,,0 days 00:00:46.700000,10284.0,265.0,7,100.0,False,0,car,2742.4052777777765,0.511241354800654,OnTrack,-1831.3902765973116,15182.573290717331,7318.218419888721
2026-09-12 14:15:54.716,0 days 00:29:52.186000,,,0 days 00:00:46.940000,10419.0,267.0,7,100.0,False,0,car,2760.2052777777762,0.5145596448393989,OnTrack,-1632.5955029645245,14997.514840306985,7329.42159887413
2026-09-12 14:15:54.734,0 days 00:29:52.204000,,,0 days 00:00:46.958000,10420.950013866666,267.2250016,7,100.0,False,0,pos,2761.5495307666947,0.5148102415417968,OnTrack,-1623.0,14988.0,7330.0
2026-09-12 14:15:54.956,0 days 00:29:52.426000,,,0 days 00:00:47.180000,10445.0,270.0,7,100.0,False,0,car,2778.2052777777762,0.5179152190358826,OnTrack,-1574.0396270168708,14926.22473684839,7333.748130164744
2026-09-12 14:15:55.014,0 days 00:29:52.484000,,,0 days 00:00:47.238000,10480.2834112,270.0,7,100.0,False,0,pos,2782.5529482718757,0.5187257151983722,OnTrack,-1561.0,14904.0,7335.0
2026-09-12 14:15:55.196,0 days 00:29:52.666000,,,0 days 00:00:47.420000,10591.0,270.0,7,100.0,False,0,car,2796.2052777777762,0.5212707932323662,OnTrack,-1492.572830092133,14788.851048348022,7341.390683402075
2026-09-12 14:15:55.235,0 days 00:29:52.705000,,,0 days 00:00:47.459000,10600.9937664,270.3656256,7,100.0,False,0,pos,2799.147080678902,0.5218192064493751,OnTrack,-1478.0,14761.0,7343.0
2026-09-12 14:15:55.516,0 days 00:29:52.986000,,,0 days 00:00:47.740000,10673.0,273.0,7,100.0,False,0,car,2820.471944444443,0.5257946043713295,OnTrack,-1401.6037842560077,14560.53750273296,7355.258469974008
2026-09-12 14:15:55.534,0 days 00:29:53.004000,,,0 days 00:00:47.758000,10672.81999872,273.0,7,100.0,False,0,pos,2821.8381478288306,0.5260492930837628,OnTrack,-1398.0,14548.0,7356.0
2026-09-12 14:15:55.716,0 days 00:29:53.186000,,,0 days 00:00:47.940000,10671.0,273.0,7,100.0,False,0,car,2835.6386111111096,0.5286219863331815,OnTrack,-1369.066659858019,14415.301523318398,7363.225375408859
2026-09-12 14:15:55.734,0 days 00:29:53.204000,,,0 days 00:00:47.958000,10676.76004096,273.0,7,100.0,False,0,pos,2837.002551963396,0.528876253262596,OnTrack,-1367.0,14399.0,7364.0
2026-09-12 14:15:55.916,0 days 00:29:53.386000,,,0 days 00:00:48.140000,10735.0,273.0,7,100.0,False,0,car,2850.8052777777766,0.5314493682950335,OnTrack,-1355.400849509435,14197.990043869939,7372.464689375472
2026-09-12 14:15:55.954,0 days 00:29:53.424000,,,0 days 00:00:48.178000,10731.3583456,273.3166656,7,100.0,False,0,pos,2853.6993171809495,0.5319888774030832,OnTrack,-1356.0,14156.0,7374.0
2026-09-12 14:15:56.156,0 days 00:29:53.626000,,,0 days 00:00:48.380000,10712.0,275.0,7,100.0,False,0,car,2869.13861111111,0.5348670827544151,OnTrack,-1379.4961113156817,13958.825048050374,7379.625419570589
2026-09-12 14:15:56.354,0 days 00:29:53.824000,,,0 days 00:00:48.578000,10712.98999936,275.0,7,100.0,False,0,pos,2884.263463134321,0.537686669597455,OnTrack,-1412.0,13823.0,7382.0
2026-09-12 14:15:56.356,0 days 00:29:53.826000,,,0 days 00:00:48.580000,10713.0,275.0,7,100.0,False,0,car,2884.4163888888875,0.5377151781372329,OnTrack,-1412.2587718172344,13821.991934926878,7382.013100518494
2026-09-12 14:15:56.596,0 days 00:29:54.066000,,,0 days 00:00:48.820000,10737.0,276.0,7,100.0,False,0,car,2902.8163888888876,0.5411453206491941,OnTrack,-1438.1512381667553,13736.518137548486,7382.155410328804
2026-09-12 14:15:56.634,0 days 00:29:54.104000,,,0 days 00:00:48.858000,10752.95994624,276.37999872,7,100.0,False,0,pos,2905.744627924217,0.5416912052796435,OnTrack,-1444.0,13720.0,7382.0
2026-09-12 14:15:56.796,0 days 00:29:54.266000,,,0 days 00:00:49.020000,10821.0,278.0,7,100.0,False,0,car,2918.2608333333324,0.544024486163461,OnTrack,-1478.6941387888937,13624.992015916094,7380.925570630799
2026-09-12 14:15:56.954,0 days 00:29:54.424000,,,0 days 00:00:49.178000,10767.6750432,278.0,7,100.0,False,0,pos,2930.457261953313,0.5462981540060421,OnTrack,-1537.0,13490.0,7377.0
2026-09-12 14:15:57.036,0 days 00:29:54.506000,,,0 days 00:00:49.260000,10740.0,278.0,7,100.0,False,0,car,2936.794166666665,0.5474794847805811,OnTrack,-1580.2932642588562,13401.959800759165,7372.993651188737
2026-09-12 14:15:57.154,0 days 00:29:54.624000,,,0 days 00:00:49.378000,10777.16995968,278.58999936,7,100.0,False,0,pos,2945.932491054465,0.5491830584202921,OnTrack,-1642.0,13282.0,7367.0
2026-09-12 14:15:57.236,0 days 00:29:54.706000,,,0 days 00:00:49.460000,10803.0,279.0,7,100.0,False,0,car,2952.294166666665,0.550369007005331,OnTrack,-1669.5026040474943,13229.419402418936,7364.643813945279
2026-09-12 14:15:57.474,0 days 00:29:54.944000,,,0 days 00:00:49.698000,10783.166677333333,279.66111075555557,7,100.0,False,0,pos,2970.8009738933683,0.5538190606047322,OnTrack,-1729.0,13134.0,7361.0
2026-09-12 14:15:57.596,0 days 00:29:55.066000,,,0 days 00:00:49.820000,10773.0,280.0,7,100.0,False,0,car,2980.294166666665,0.55558878908875,OnTrack,-1801.4652537108723,13027.838099237724,7355.453131611762
2026-09-12 14:15:57.774,0 days 00:29:55.244000,,,0 days 00:00:49.998000,10775.9666688,280.0,7,100.0,False,0,pos,2994.1389285462924,0.5581697405176244,OnTrack,-1924.0,12853.0,7346.0
2026-09-12 14:15:57.836,0 days 00:29:55.306000,,,0 days 00:00:50.060000,10777.0,280.0,7,100.0,False,0,car,2998.960833333332,0.5590686438110294,OnTrack,-1955.7873650940828,12809.813702171512,7343.779767939538
2026-09-12 14:15:58.116,0 days 00:29:55.586000,,,0 days 00:00:50.340000,10765.0,280.0,7,100.0,False,0,car,3020.73861111111,0.5631284743203554,OnTrack,-2050.9259127374708,12696.751405950186,7339.018656334511
2026-09-12 14:15:58.174,0 days 00:29:55.644000,,,0 days 00:00:50.398000,10761.374992,280.0,7,100.0,False,0,pos,3025.2497535724638,0.5639694450559098,OnTrack,-2075.0,12669.0,7338.0
2026-09-12 14:15:58.356,0 days 00:29:55.826000,,,0 days 00:00:50.580000,10750.0,280.0,7,100.0,False,0,car,3039.405277777776,0.5666083290426347,OnTrack,-2167.548665072866,12560.952512998952,7334.286856751645
2026-09-12 14:15:58.374,0 days 00:29:55.844000,,,0 days 00:00:50.598000,10750.4500032,280.0,7,100.0,False,0,pos,3040.80528820739,0.5668693200911022,OnTrack,-2177.0,12550.0,7334.0
2026-09-12 14:15:58.596,0 days 00:29:56.066000,,,0 days 00:00:50.820000,10756.0,280.0,7,100.0,False,0,car,3058.071944444443,0.5700881837649141,OnTrack,-2290.70038436803,12420.096331974219,7332.197511851338
2026-09-12 14:15:58.634,0 days 00:29:56.104000,,,0 days 00:00:50.858000,10757.8999936,280.0,7,100.0,False,0,pos,3061.0274616414995,0.5706391536117866,OnTrack,-2310.0,12398.0,7332.0
2026-09-12 14:15:58.756,0 days 00:29:56.226000,,,0 days 00:00:50.980000,10764.0,280.0,7,100.0,False,0,car,3070.5163888888874,0.5724080869131003,OnTrack,-2372.0308398861384,12326.47626217342,7331.3646790134
2026-09-12 14:15:58.854,0 days 00:29:56.324000,,,0 days 00:00:51.078000,10773.216311129016,280.0,7,100.0,False,0,pos,3078.1391705345195,0.5738291318795178,OnTrack,-2422.0,12269.0,7331.0
2026-09-12 14:15:59.034,0 days 00:29:56.504000,,,0 days 00:00:51.258000,10790.144183344113,280.0,7,100.0,False,0,pos,3092.1394637289036,0.5764390775787557,OnTrack,-2514.0,12164.0,7331.0
2026-09-12 14:15:59.075,0 days 00:29:56.545000,,,0 days 00:00:51.299000,10794.0,280.0,7,100.0,False,0,car,3095.3274999999985,0.5770333938147967,OnTrack,-2534.8298945396073,12139.776173726797,7331.1552738462615
2026-09-12 14:15:59.214,0 days 00:29:56.684000,,,0 days 00:00:51.438000,10784.347217777778,280.0,7,100.0,False,0,pos,3106.132740592254,0.5790477152880283,OnTrack,-2605.0,12057.0,7332.0
2026-09-12 14:15:59.435,0 days 00:29:56.905000,,,0 days 00:00:51.659000,10769.0,280.0,7,100.0,False,0,car,3123.3274999999985,0.5822531758982157,OnTrack,-2715.5281370455427,11926.296880846054,7333.756852869696
2026-09-12 14:15:59.454,0 days 00:29:56.924000,,,0 days 00:00:51.678000,10768.80999936,279.90499968,7,100.0,False,0,pos,3124.8085984842096,0.582529283445775,OnTrack,-2725.0,11915.0,7334.0
2026-09-12 14:15:59.635,0 days 00:29:57.105000,,,0 days 00:00:51.859000,10767.0,279.0,7,100.0,False,0,car,3138.8274999999985,0.5851426981229655,OnTrack,-2814.894198450808,11806.517323687407,7336.784270749621
2026-09-12 14:15:59.674,0 days 00:29:57.144000,,,0 days 00:00:51.898000,10655.349659028374,277.2493848976574,7,90.27436054254133,False,0,pos,3141.772191025826,0.5856916497464589,OnTrack,-2834.0,11783.0,7337.0
2026-09-12 14:15:59.734,0 days 00:29:57.204000,,,0 days 00:00:51.958000,10483.578325159633,274.5561061436179,7,75.31170079787744,False,0,pos,3146.2388283535024,0.5865243237998925,OnTrack,-2863.0,11747.0,7337.0
2026-09-12 14:16:00.034,0 days 00:29:57.504000,,,0 days 00:00:52.258000,9624.72605314331,261.08978132106233,7,0.49878511701309125,False,0,pos,3167.7583232731986,0.5905360050151087,OnTrack,-2999.0,11570.0,7341.0
2026-09-12 14:16:00.036,0 days 00:29:57.506000,,,0 days 00:00:52.260000,9619.0,261.0,7,0.0,True,0,car,3167.8999999999983,0.5905624165022584,OnTrack,-3000.026088667038,11568.47804800417,7341.027735480489
2026-09-12 14:16:00.196,0 days 00:29:57.666000,,,0 days 00:00:52.420000,8873.0,250.0,7,0.0,True,0,car,3179.0111111111096,0.5926337585988533,OnTrack,-3085.7806143263992,11433.556548315453,7342.768160602167
2026-09-12 14:16:00.234,0 days 00:29:57.704000,,,0 days 00:00:52.458000,8976.5496512,246.2000128,7,0.0,True,0,pos,3181.4746723735216,0.5930930176323869,OnTrack,-3102.0,11407.0,7343.0
2026-09-12 14:16:00.554,0 days 00:29:58.024000,,,0 days 00:00:52.778000,9848.5496512,214.2000128,7,0.0,True,0,pos,3199.904249685118,0.5965286739701033,OnTrack,-3164.0,11293.0,7343.0
2026-09-12 14:16:00.596,0 days 00:29:58.066000,,,0 days 00:00:52.820000,9963.0,210.0,7,0.0,True,0,car,3202.3444444444426,0.5969835770017025,OnTrack,-3172.9389441144385,11275.343931205449,7343.127078281348
2026-09-12 14:16:00.754,0 days 00:29:58.224000,,,0 days 00:00:52.978000,10368.8621712,210.0,7,0.0,True,0,pos,3211.5686748490907,0.5987031653088277,OnTrack,-3212.0,11197.0,7344.0
2026-09-12 14:16:00.756,0 days 00:29:58.226000,,,0 days 00:00:52.980000,10374.0,210.0,5,0.0,True,0,car,3211.6777777777756,0.598723504362842,OnTrack,-3212.4600384049804,11196.027208964046,7344.01172781731
2026-09-12 14:16:00.954,0 days 00:29:58.424000,,,0 days 00:00:53.178000,10038.225217066667,179.47501973333334,5,0.0,True,0,pos,3221.28461600434,0.6005144187218895,OnTrack,-3252.0,11106.0,7345.0
2026-09-12 14:16:00.996,0 days 00:29:58.466000,,,0 days 00:00:53.220000,9967.0,173.0,4,0.0,True,0,car,3223.211111111109,0.6008735574591075,OnTrack,-3259.3746898008503,11088.360443170392,7345.079263458214
2026-09-12 14:16:01.174,0 days 00:29:58.644000,,,0 days 00:00:53.398000,10598.9004544,165.583328,4,0.0,True,0,pos,3231.3334595839256,0.6023877320674538,OnTrack,-3288.0,11011.0,7345.0
2026-09-12 14:16:01.236,0 days 00:29:58.706000,,,0 days 00:00:53.460000,10819.0,163.0,4,0.0,True,0,car,3234.0777777777757,0.6028993300295773,OnTrack,-3297.375253122912,10977.28720438241,7344.969206786647
2026-09-12 14:16:01.474,0 days 00:29:58.944000,,,0 days 00:00:53.698000,10395.558561066666,152.09167253333334,4,0.0,True,0,pos,3244.1277213346134,0.6047728484337684,OnTrack,-3327.0,10841.0,7345.0
2026-09-12 14:16:01.476,0 days 00:29:58.946000,,,0 days 00:00:53.700000,10392.0,152.0,3,0.0,True,0,car,3244.211111111109,0.6047883940216718,OnTrack,-3327.160854166796,10840.168779258358,7345.001571299693
2026-09-12 14:16:01.636,0 days 00:29:59.106000,,,0 days 00:00:53.860000,10072.0,149.0,3,0.0,True,0,car,3250.833333333331,0.6060229139112424,OnTrack,-3334.6667490051814,10795.439185339343,7345.202280331581
2026-09-12 14:16:01.835,0 days 00:29:59.305000,,,0 days 00:00:54.059000,9818.8967936,143.4031232,3,11.193753599999999,True,0,pos,3258.6278638730996,0.6074759764419619,OnTrack,-3328.0,10747.0,7345.0
2026-09-12 14:16:01.956,0 days 00:29:59.426000,,,0 days 00:00:54.180000,9665.0,140.0,3,18.0,False,0,car,3263.2777777777756,0.6083428170594286,OnTrack,-3314.4896421372,10687.654660612552,7344.210481907949
2026-09-12 14:16:02.094,0 days 00:29:59.564000,,,0 days 00:00:54.318000,9831.750154666666,140.0,3,31.033345422222222,False,0,pos,3268.6143340349886,0.6093376620858058,OnTrack,-3295.0,10617.0,7343.0
2026-09-12 14:16:02.316,0 days 00:29:59.786000,,,0 days 00:00:54.540000,10100.0,140.0,3,52.0,False,0,car,3277.2777777777756,0.6109527081011381,OnTrack,-3265.902472749949,10558.62309113043,7341.142573011145
2026-09-12 14:16:02.474,0 days 00:29:59.944000,,,0 days 00:00:54.698000,10323.833152,141.9749984,3,60.5583264,False,0,pos,3283.5120002946906,0.6121148967796324,OnTrack,-3235.0,10527.0,7340.0
2026-09-12 14:16:02.556,0 days 00:30:00.026000,,,0 days 00:00:54.780000,10440.0,143.0,3,65.0,False,0,car,3286.811111111109,0.6127299196200165,OnTrack,-3212.6331107696046,10505.880830133947,7339.493468515545
2026-09-12 14:16:02.754,0 days 00:30:00.224000,,,0 days 00:00:54.978000,10680.0748448,148.77499626666668,3,70.77499626666666,False,0,pos,3295.0266476386496,0.6142614664190214,OnTrack,-3147.0,10448.0,7338.0
2026-09-12 14:16:02.796,0 days 00:30:00.266000,,,0 days 00:00:55.020000,10731.0,150.0,3,72.0,False,0,car,3296.811111111109,0.6145941275069519,OnTrack,-3132.8008166023847,10436.357244171872,7337.482022655779
2026-09-12 14:16:02.834,0 days 00:30:00.304000,,,0 days 00:00:55.058000,10866.1370448,151.4249952,3,73.8999936,False,0,pos,3298.437654677747,0.6148973490414891,OnTrack,-3120.0,10426.0,7337.0
2026-09-12 14:16:02.956,0 days 00:30:00.426000,,,0 days 00:00:55.180000,11300.0,156.0,3,80.0,False,0,car,3303.7444444444423,0.6158866449752272,OnTrack,-3079.556361482815,10393.385716439194,7335.675775004829
2026-09-12 14:16:03.154,0 days 00:30:00.624000,,,0 days 00:00:55.378000,11790.0496832,161.77499626666668,3,84.12499733333334,False,0,pos,3312.6722929808116,0.6175509815407136,OnTrack,-3008.0,10338.0,7334.0
2026-09-12 14:16:03.196,0 days 00:30:00.666000,,,0 days 00:00:55.420000,11894.0,163.0,3,85.0,False,0,car,3314.611111111109,0.6179124175456969,OnTrack,-2990.08907504978,10324.853180468015,7333.663827204562
2026-09-12 14:16:03.356,0 days 00:30:00.826000,,,0 days 00:00:55.580000,11431.0,169.0,3,91.0,False,0,car,3322.12222222222,0.619312644802995,OnTrack,-2915.7506287371357,10271.926826443361,7332.461570098074
2026-09-12 14:16:03.434,0 days 00:30:00.904000,,,0 days 00:00:55.658000,11060.0131088,170.9499968,3,95.3874928,False,0,pos,3325.8372478719734,0.6200052028146387,OnTrack,-2885.0,10250.0,7332.0
2026-09-12 14:16:03.516,0 days 00:30:00.986000,,,0 days 00:00:55.740000,10670.0,173.0,3,100.0,False,0,car,3329.811111111109,0.6207460135338386,OnTrack,-2859.101934488794,10231.248276512722,7331.625302315075
2026-09-12 14:16:03.676,0 days 00:30:01.146000,,,0 days 00:00:55.900000,10670.0,181.0,4,100.0,False,0,car,3337.855555555553,0.6222456652117733,OnTrack,-2819.1910733682753,10201.436314152581,7331.120811545647
2026-09-12 14:16:03.714,0 days 00:30:01.184000,,,0 days 00:00:55.938000,10769.1163328,182.055552,4,100.0,False,0,pos,3339.810269627359,0.6226100645507096,OnTrack,-2808.0,10193.0,7331.0
2026-09-12 14:16:03.994,0 days 00:30:01.464000,,,0 days 00:00:56.218000,11499.449666133334,189.83332977777778,4,100.0,False,0,pos,3354.667112620669,0.6253796889390185,OnTrack,-2702.0,10113.0,7330.0
2026-09-12 14:16:04.036,0 days 00:30:01.506000,,,0 days 00:00:56.260000,11609.0,191.0,4,100.0,False,0,car,3356.955555555553,0.6258063022758199,OnTrack,-2684.199526573618,10099.681154098764,7329.8304101687145
2026-09-12 14:16:04.194,0 days 00:30:01.664000,,,0 days 00:00:56.418000,11790.135567542857,196.64285257142856,4,100.0,False,0,pos,3365.6960813773403,0.6274357179931138,OnTrack,-2615.0,10048.0,7329.0
2026-09-12 14:16:04.316,0 days 00:30:01.786000,,,0 days 00:00:56.540000,11930.0,201.0,4,100.0,False,0,car,3372.5888888888862,0.6287206806057288,OnTrack,-2560.5815215966327,10006.903256631093,7327.8568023579655
2026-09-12 14:16:04.414,0 days 00:30:01.884000,,,0 days 00:00:56.638000,11930.0,204.43000448,4,100.0,False,0,pos,3378.217230183863,0.6297699204289748,OnTrack,-2516.0,9973.0,7327.0
2026-09-12 14:16:04.516,0 days 00:30:01.986000,,,0 days 00:00:56.740000,11930.0,208.0,4,100.0,False,0,car,3384.144444444442,0.6308748763861874,OnTrack,-2468.495942701991,9936.728811729814,7326.481042674997
2026-09-12 14:16:04.654,0 days 00:30:02.124000,,,0 days 00:00:56.878000,11523.39248,210.464288,4,100.0,False,0,pos,3392.2465275865347,0.632385273115597,OnTrack,-2405.0,9888.0,7326.0
2026-09-12 14:16:04.796,0 days 00:30:02.266000,,,0 days 00:00:57.020000,11105.0,213.0,5,100.0,False,0,car,3400.7111111111085,0.6339632474522104,OnTrack,-2342.131754021237,9838.47299819004,7325.212194736108
2026-09-12 14:16:04.834,0 days 00:30:02.304000,,,0 days 00:00:57.058000,11105.0,214.4249952,5,100.0,False,0,pos,3403.0032228764912,0.6343905447352869,OnTrack,-2322.0,9821.0,7325.0
2026-09-12 14:16:04.956,0 days 00:30:02.426000,,,0 days 00:00:57.180000,11105.0,219.0,5,100.0,False,0,car,3410.4444444444416,0.6357777431288275,OnTrack,-2242.6730631795485,9746.736891588876,7324.389398499427
2026-09-12 14:16:05.054,0 days 00:30:02.524000,,,0 days 00:00:57.278000,11245.875184,221.1437528,5,100.0,False,0,pos,3416.5237521477225,0.6369110524655839,OnTrack,-2183.0,9687.0,7324.0
2026-09-12 14:16:05.276,0 days 00:30:02.746000,,,0 days 00:00:57.500000,11565.0,226.0,5,100.0,False,0,car,3430.5333333333306,0.639522729639471,OnTrack,-2115.511664773004,9604.77481241373,7323.499866072788
2026-09-12 14:16:05.434,0 days 00:30:02.904000,,,0 days 00:00:57.658000,11658.21992448,228.36999808,5,100.0,False,0,pos,3440.569990363519,0.6413937711588852,OnTrack,-2084.0,9545.0,7323.0
2026-09-12 14:16:05.476,0 days 00:30:02.946000,,,0 days 00:00:57.700000,11683.0,229.0,5,100.0,False,0,car,3443.255555555553,0.6418944163400722,OnTrack,-2073.5665883901042,9523.982495653678,7322.796879549851
2026-09-12 14:16:05.654,0 days 00:30:03.124000,,,0 days 00:00:57.878000,11818.892539666227,231.5519725758916,5,100.0,False,0,pos,3454.740678513961,0.644035482020221,OnTrack,-2026.0,9418.0,7322.0
2026-09-12 14:16:05.714,0 days 00:30:03.184000,,,0 days 00:00:57.938000,11864.698785330744,232.4121837620797,5,100.0,False,0,pos,3458.6413317417687,0.6447626448713688,OnTrack,-2013.0,9381.0,7322.0
2026-09-12 14:16:05.755,0 days 00:30:03.225000,,,0 days 00:00:57.979000,11896.0,233.0,5,100.0,False,0,car,3461.313055555553,0.6452607097319057,OnTrack,-2005.1201007642592,9355.916261931612,7322.0072352988955
2026-09-12 14:16:05.994,0 days 00:30:03.464000,,,0 days 00:00:58.218000,12135.995640533334,235.9874976,5,100.0,False,0,pos,3476.9805566947884,0.6481814576511391,OnTrack,-1973.0,9202.0,7322.0
2026-09-12 14:16:05.995,0 days 00:30:03.465000,,,0 days 00:00:58.219000,12137.0,236.0,5,100.0,False,0,car,3477.0463888888867,0.6481937301406842,OnTrack,-1972.901531619931,9201.2503398616,7322.000404915671
2026-09-12 14:16:06.195,0 days 00:30:03.665000,,,0 days 00:00:58.419000,11297.0,238.0,5,100.0,False,0,car,3490.2686111111084,0.650658627235632,OnTrack,-1958.3692234530845,9033.936775410977,7322.126469414077
2026-09-12 14:16:06.274,0 days 00:30:03.744000,,,0 days 00:00:58.498000,11253.827763058904,239.0748274757119,5,100.0,False,0,pos,3495.547769282482,0.6516427720655773,OnTrack,-1955.0,8973.0,7322.0
2026-09-12 14:16:06.634,0 days 00:30:04.104000,,,0 days 00:00:58.858000,11057.093040630283,243.97278737020042,5,100.0,False,0,pos,3520.0210860918423,0.656205107087125,OnTrack,-1951.0,8769.0,7320.0
2026-09-12 14:16:06.636,0 days 00:30:04.106000,,,0 days 00:00:58.860000,11056.0,244.0,6,100.0,False,0,car,3520.1586111111087,0.6562307446096818,OnTrack,-1950.98551112881,8767.858920595774,7319.991271435762
2026-09-12 14:16:06.876,0 days 00:30:04.346000,,,0 days 00:00:59.100000,11125.0,249.0,6,100.0,False,0,car,3536.758611111109,0.6593253297019946,OnTrack,-1948.2760514480237,8618.163428652704,7319.117534313137
2026-09-12 14:16:06.894,0 days 00:30:04.364000,,,0 days 00:00:59.118000,11137.78009088,249.18000128,6,100.0,False,0,pos,3538.0083536382476,0.6595583076895675,OnTrack,-1948.0,8606.0,7319.0
2026-09-12 14:16:07.076,0 days 00:30:04.546000,,,0 days 00:00:59.300000,11267.0,251.0,6,100.0,False,0,car,3550.7030555555534,0.6619248640332211,OnTrack,-1944.7288767561934,8478.04357545638,7317.312843844456
2026-09-12 14:16:07.114,0 days 00:30:04.584000,,,0 days 00:00:59.338000,11311.333184,251.791664,6,100.0,False,0,pos,3553.3820854700834,0.6624242909028215,OnTrack,-1944.0,8452.0,7317.0
2026-09-12 14:16:07.274,0 days 00:30:04.744000,,,0 days 00:00:59.498000,11497.999850666667,255.12499733333334,6,100.0,False,0,pos,3564.7683536046034,0.6645469279887348,OnTrack,-1939.0,8339.0,7316.0
2026-09-12 14:16:07.316,0 days 00:30:04.786000,,,0 days 00:00:59.540000,11547.0,256.0,6,100.0,False,0,car,3567.76972222222,0.6651064454935909,OnTrack,-1935.6673797607516,8300.781614001644,7315.70346836169
2026-09-12 14:16:07.476,0 days 00:30:04.946000,,,0 days 00:00:59.700000,11591.0,258.0,6,100.0,False,0,car,3579.236388888887,0.6672440705372769,OnTrack,-1915.9753985944453,8130.0302856744,7314.394389187817
2026-09-12 14:16:07.534,0 days 00:30:05.004000,,,0 days 00:00:59.758000,11605.500032,258.58000128,6,100.0,False,0,pos,3583.4138933025883,0.6680228442048498,OnTrack,-1910.0,8084.0,7314.0
2026-09-12 14:16:07.676,0 days 00:30:05.146000,,,0 days 00:00:59.900000,11641.0,260.0,6,100.0,False,0,car,3593.6808333333315,0.6699368152628502,OnTrack,-1900.7694695936389,8026.07232852403,7313.331592354087
2026-09-12 14:16:07.774,0 days 00:30:05.244000,,,0 days 00:00:59.998000,11682.0375536,260.6125008,6,100.0,False,0,pos,3600.781199027221,0.6712604710355178,OnTrack,-1889.0,7987.0,7313.0
2026-09-12 14:16:07.836,0 days 00:30:05.306000,,,0 days 00:01:00.060000,11708.0,261.0,6,100.0,False,0,car,3605.280833333332,0.6720992964116953,OnTrack,-1876.1381787383868,7948.528003325311,7312.807908848989
2026-09-12 14:16:08.116,0 days 00:30:05.586000,,,0 days 00:01:00.340000,11790.0,262.0,6,100.0,False,0,car,3625.6586111111096,0.6758981378168503,OnTrack,-1783.7956983595748,7700.438259023279,7312.049654948493
2026-09-12 14:16:08.134,0 days 00:30:05.604000,,,0 days 00:01:00.358000,11798.82006272,262.0,6,100.0,False,0,pos,3626.967166518354,0.676142079747918,OnTrack,-1778.0,7687.0,7312.0
2026-09-12 14:16:08.316,0 days 00:30:05.786000,,,0 days 00:01:00.540000,11888.0,262.0,6,100.0,False,0,car,3640.214166666665,0.6786115959633895,OnTrack,-1724.52558986155,7581.681509447421,7311.477525094824
2026-09-12 14:16:08.555,0 days 00:30:06.025000,,,0 days 00:01:00.779000,11952.729184,265.9833344,6,100.0,False,0,pos,3657.8732457435135,0.681903615412497,OnTrack,-1646.0,7474.0,7311.0
2026-09-12 14:16:08.556,0 days 00:30:06.026000,,,0 days 00:01:00.780000,11953.0,266.0,6,100.0,False,0,car,3657.9474999999984,0.6819174579495549,OnTrack,-1645.5852653722045,7473.463446176378,7310.999282496724
2026-09-12 14:16:08.754,0 days 00:30:06.224000,,,0 days 00:01:00.978000,12015.9356736,267.4142848,6,100.0,False,0,pos,3672.684698041341,0.6846647780315549,OnTrack,-1552.0,7359.0,7311.0
2026-09-12 14:16:08.836,0 days 00:30:06.306000,,,0 days 00:01:01.060000,12042.0,268.0,6,100.0,False,0,car,3678.791944444443,0.6858032957227669,OnTrack,-1510.3980385675472,7315.340306723869,7310.995942281884
2026-09-12 14:16:08.854,0 days 00:30:06.324000,,,0 days 00:01:01.078000,12043.028578742857,268.0,6,100.0,False,0,pos,3680.1320951161924,0.6860531276679627,OnTrack,-1501.0,7306.0,7311.0
2026-09-12 14:16:09.034,0 days 00:30:06.504000,,,0 days 00:01:01.258000,12053.3142784,268.0,6,100.0,False,0,pos,3693.5270688837027,0.6885502292422311,OnTrack,-1401.0,7216.0,7311.0
2026-09-12 14:16:09.116,0 days 00:30:06.586000,,,0 days 00:01:01.340000,12058.0,268.0,6,100.0,False,0,car,3699.6363888888873,0.6896891334959788,OnTrack,-1352.6420577847443,7178.624408780054,7310.643135578771
2026-09-12 14:16:09.234,0 days 00:30:06.704000,,,0 days 00:01:01.458000,12070.642843428572,268.42142811428573,6,100.0,False,0,pos,3708.442150334997,0.6913307104898098,OnTrack,-1280.0,7129.0,7310.0
2026-09-12 14:16:09.396,0 days 00:30:06.866000,,,0 days 00:01:01.620000,12088.0,269.0,6,100.0,False,0,car,3720.5586111111093,0.6935894706638669,OnTrack,-1173.7963078394066,7068.055618864768,7309.810357673188
2026-09-12 14:16:09.574,0 days 00:30:07.044000,,,0 days 00:01:01.798000,12051.06497344,269.44500032,6,100.0,False,0,pos,3733.907392019591,0.6960779609289234,OnTrack,-1054.0,7012.0,7310.0
2026-09-12 14:16:09.796,0 days 00:30:07.266000,,,0 days 00:01:02.020000,12005.0,270.0,6,100.0,False,0,car,3750.5586111111097,0.6991820943246732,OnTrack,-898.5411406441165,6958.848662519906,7309.997532285041
2026-09-12 14:16:09.814,0 days 00:30:07.284000,,,0 days 00:01:02.038000,12005.0,269.8874992,6,100.0,False,0,pos,3751.9059647827944,0.6994332690587978,OnTrack,-883.0,6955.0,7310.0
2026-09-12 14:16:09.956,0 days 00:30:07.426000,,,0 days 00:01:02.180000,12005.0,269.0,6,100.0,False,0,car,3762.514166666665,0.7014108584206091,OnTrack,-743.248370241024,6926.8989764831795,7310.033793790661
2026-09-12 14:16:09.994,0 days 00:30:07.464000,,,0 days 00:01:02.218000,11999.20501952,268.81000064,6,100.0,False,0,pos,3765.3430056633288,0.7019382128174543,OnTrack,-707.0,6921.0,7310.0
2026-09-12 14:16:10.356,0 days 00:30:07.826000,,,0 days 00:01:02.580000,11944.0,267.0,6,100.0,False,0,car,3792.1808333333315,0.7069413418185174,OnTrack,-445.82263461619635,6904.145654157222,7308.428337664086
2026-09-12 14:16:10.434,0 days 00:30:07.904000,,,0 days 00:01:02.658000,11943.0250016,267.64999893333334,6,100.0,False,0,pos,3797.9953874564058,0.7080252955840423,OnTrack,-395.0,6904.0,7308.0
2026-09-12 14:16:10.596,0 days 00:30:08.066000,,,0 days 00:01:02.820000,11941.0,269.0,6,100.0,False,0,car,3810.114166666665,0.7102844879624216,OnTrack,-286.66613043397297,6904.037388077522,7307.136422284896
2026-09-12 14:16:10.756,0 days 00:30:08.226000,,,0 days 00:01:02.980000,11941.0,270.0,6,100.0,False,0,car,3822.1141666666645,0.712521537426744,OnTrack,-177.58568616142335,6904.552781029199,7306.343515547661
2026-09-12 14:16:10.834,0 days 00:30:08.304000,,,0 days 00:01:03.058000,11814.64020736,269.61000064,6,76.6000384,False,0,pos,3827.9800033453166,0.7136150513267259,OnTrack,-125.0,6905.0,7306.0
2026-09-12 14:16:10.956,0 days 00:30:08.426000,,,0 days 00:01:03.180000,11617.0,269.0,6,40.0,True,0,car,3837.0586111111093,0.7153074925466641,OnTrack,-43.62118431572953,6905.959040646374,7305.520807115545
2026-09-12 14:16:11.074,0 days 00:30:08.544000,,,0 days 00:01:03.298000,11147.107652571429,261.4142939428571,6,23.14287542857143,True,0,pos,3845.5351177878765,0.7168876896067131,OnTrack,53.0,6908.0,7305.0
2026-09-12 14:16:11.236,0 days 00:30:08.706000,,,0 days 00:01:03.460000,10502.0,251.0,6,0.0,True,0,car,3856.5808333333316,0.7189468406103813,OnTrack,227.03132828607437,6913.389322382579,7304.084072616327
2026-09-12 14:16:11.254,0 days 00:30:08.724000,,,0 days 00:01:03.478000,10446.574605866666,248.9749856,6,0.0,True,0,pos,3857.7572267671403,0.7191661448021257,OnTrack,243.0,6914.0,7304.0
2026-09-12 14:16:11.476,0 days 00:30:08.946000,,,0 days 00:01:03.700000,9763.0,224.0,6,0.0,True,0,car,3871.514166666665,0.7217307243882048,OnTrack,344.28699164110395,6920.987454919989,7303.436286188925
2026-09-12 14:16:11.594,0 days 00:30:09.064000,,,0 days 00:01:03.818000,9474.883645866666,215.1500096,6,0.49166613333333337,True,0,pos,3878.4083340650027,0.7230159405119881,OnTrack,387.0,6929.0,7303.0
2026-09-12 14:16:11.716,0 days 00:30:09.186000,,,0 days 00:01:03.940000,9177.0,206.0,6,1.0,True,0,car,3885.247499999998,0.724290903219596,OnTrack,451.5851797455274,6943.162515074715,7302.173248343716
2026-09-12 14:16:11.734,0 days 00:30:09.204000,,,0 days 00:01:03.958000,9192.57011072,204.46998912,6,1.0,True,0,pos,3886.2309359661026,0.7244742361280267,OnTrack,462.0,6946.0,7302.0
2026-09-12 14:16:11.916,0 days 00:30:09.386000,,,0 days 00:01:04.140000,9350.0,189.0,6,1.0,True,0,car,3895.747499999998,0.7262483215008781,OnTrack,574.1633909095408,6987.028168435742,7299.387190464447
2026-09-12 14:16:12.074,0 days 00:30:09.544000,,,0 days 00:01:04.298000,9853.342449371428,174.89286857142858,6,0.43571474285714284,True,0,pos,3903.1925407231847,0.7276362318643501,OnTrack,659.0,7025.0,7297.0
2026-09-12 14:16:12.196,0 days 00:30:09.666000,,,0 days 00:01:04.420000,10242.0,164.0,4,0.0,True,0,car,3908.5030555555536,0.7286262222277691,OnTrack,703.8151166091284,7046.916018502414,7295.727758493474
2026-09-12 14:16:12.356,0 days 00:30:09.826000,,,0 days 00:01:04.580000,10242.0,146.0,3,0.0,True,0,car,3914.991944444442,0.7298358860121804,OnTrack,743.8185453304975,7069.057932670833,7294.595743620557
2026-09-12 14:16:12.434,0 days 00:30:09.904000,,,0 days 00:01:04.658000,10198.546040058645,141.87187380557125,3,0.0,True,0,pos,3917.9486835368216,0.7303870836457427,OnTrack,766.0,7081.0,7294.0
2026-09-12 14:16:12.654,0 days 00:30:10.124000,,,0 days 00:01:04.878000,10075.983245195188,130.2284082935428,3,0.0,True,0,pos,3925.6334666570297,0.7318196869759508,OnTrack,839.0,7118.0,7292.0
2026-09-12 14:16:12.715,0 days 00:30:10.185000,,,0 days 00:01:04.939000,10042.0,127.0,2,0.0,True,0,car,3927.656666666664,0.7321968535174316,OnTrack,858.6403541545809,7126.925925197919,7291.323694669466
2026-09-12 14:16:12.834,0 days 00:30:10.304000,,,0 days 00:01:05.058000,9751.937968,120.55417706666667,2,0.0,True,0,pos,3931.490528510067,0.7329115650660208,OnTrack,895.0,7142.0,7290.0
2026-09-12 14:16:12.955,0 days 00:30:10.425000,,,0 days 00:01:05.179000,9457.0,114.0,2,0.0,True,0,car,3935.2566666666644,0.7336136515115025,OnTrack,929.5523472621047,7154.572163728339,7288.99409672829
2026-09-12 14:16:13.094,0 days 00:30:10.564000,,,0 days 00:01:05.318000,9292.018582732677,110.96884535204393,2,0.0,True,0,pos,3939.4452301485803,0.7343944868192944,OnTrack,972.0,7164.0,7288.0
2026-09-12 14:16:13.276,0 days 00:30:10.746000,,,0 days 00:01:05.500000,9076.0,107.0,2,0.0,False,0,car,3944.797499999998,0.7353922611862962,OnTrack,1038.952147777175,7165.725671250336,7286.407011377473
2026-09-12 14:16:13.314,0 days 00:30:10.784000,,,0 days 00:01:05.538000,9032.3001472,106.62000128,2,0.0,False,0,pos,3945.9122381704656,0.7356000715552216,OnTrack,1051.0,7165.0,7286.0
2026-09-12 14:16:13.476,0 days 00:30:10.946000,,,0 days 00:01:05.700000,8846.0,105.0,2,0.0,False,0,car,3950.6308333333313,0.7364797157870084,OnTrack,1088.027564491636,7158.533144973353,7283.914134276856
2026-09-12 14:16:13.634,0 days 00:30:11.104000,,,0 days 00:01:05.858000,8896.472181333333,103.24444586666667,2,17.555541333333334,False,0,pos,3955.104359170449,0.7373136740018047,OnTrack,1119.0,7142.0,7282.0
2026-09-12 14:16:13.836,0 days 00:30:11.306000,,,0 days 00:01:06.060000,8961.0,101.0,2,40.0,False,0,car,3960.7308333333312,0.7383625657528132,OnTrack,1174.485909223096,7099.952956286254,7280.631066965543
2026-09-12 14:16:13.954,0 days 00:30:11.424000,,,0 days 00:01:06.178000,9119.035542857142,101.42142811428572,2,40.84285622857143,False,0,pos,3964.0364037190943,0.7389787927912091,OnTrack,1204.0,7074.0,7280.0
2026-09-12 14:16:14.116,0 days 00:30:11.586000,,,0 days 00:01:06.340000,9336.0,102.0,2,42.0,False,0,car,3968.6641666666646,0.739841504009782,OnTrack,1231.8899347624993,7044.466626287807,7279.01505582722
2026-09-12 14:16:14.274,0 days 00:30:11.744000,,,0 days 00:01:06.498000,9562.137316800001,106.937496,2,48.9124944,False,0,pos,3973.3595472463026,0.7407168205606544,OnTrack,1255.0,7015.0,7278.0
2026-09-12 14:16:14.276,0 days 00:30:11.746000,,,0 days 00:01:06.500000,9565.0,107.0,2,49.0,False,0,car,3973.41972222222,0.7407280384271245,OnTrack,1255.3283324593913,7014.57672196214,7277.98728584872
2026-09-12 14:16:14.516,0 days 00:30:11.986000,,,0 days 00:01:06.740000,10368.0,111.0,2,60.0,False,0,car,3980.8197222222198,0.7421075522634566,OnTrack,1299.803978453534,6955.98154609618,7276.351931304208
2026-09-12 14:16:14.554,0 days 00:30:12.024000,,,0 days 00:01:06.778000,10451.513355054545,112.20908683636364,2,61.29545018181818,False,0,pos,3982.0543577071808,0.742337713984312,OnTrack,1307.0,6946.0,7276.0
2026-09-12 14:16:14.774,0 days 00:30:12.244000,,,0 days 00:01:06.998000,10935.013917672728,119.20909498181818,2,68.79545890909091,False,0,pos,3989.597963426258,0.7437439989120556,OnTrack,1347.0,6888.0,7274.0
2026-09-12 14:16:14.874,0 days 00:30:12.344000,,,0 days 00:01:07.098000,11154.786082327273,122.39090501818181,2,72.20454109090909,False,0,pos,3993.157678044737,0.7444076037187564,OnTrack,1365.0,6862.0,7274.0
2026-09-12 14:16:14.956,0 days 00:30:12.426000,,,0 days 00:01:07.180000,11335.0,125.0,2,75.0,False,0,car,3996.097499999998,0.7449556476462746,OnTrack,1385.3197533453556,6831.848802587518,7273.0558148484715
2026-09-12 14:16:15.115,0 days 00:30:12.585000,,,0 days 00:01:07.339000,11880.710933942857,129.54285897142856,2,80.11071634285715,False,0,pos,4001.854428397928,0.746028858778669,OnTrack,1427.0,6769.0,7270.0
2026-09-12 14:16:15.236,0 days 00:30:12.706000,,,0 days 00:01:07.460000,12296.0,133.0,2,84.0,False,0,car,4006.441944444442,0.7468840671382044,OnTrack,1440.7661688767669,6748.126720626837,7269.177274223811
2026-09-12 14:16:15.434,0 days 00:30:12.904000,,,0 days 00:01:07.658000,11187.2007168,145.86999168,2,99.83998976,False,0,pos,4014.4710223076686,0.7483808541659489,OnTrack,1454.0,6727.0,7269.0
2026-09-12 14:16:15.436,0 days 00:30:12.906000,,,0 days 00:01:07.660000,11176.0,146.0,3,100.0,False,0,car,4014.5530555555533,0.7483961468687187,OnTrack,1454.3061984507258,6726.512806141845,7268.988838887222
2026-09-12 14:16:15.654,0 days 00:30:13.124000,,,0 days 00:01:07.878000,11635.35741257143,149.89285942857143,3,100.0,False,0,pos,4023.570074061555,0.7500771065702717,OnTrack,1504.0,6647.0,7267.0
2026-09-12 14:16:15.716,0 days 00:30:13.186000,,,0 days 00:01:07.940000,11766.0,151.0,3,100.0,False,0,car,4026.297499999998,0.7505855554648195,OnTrack,1519.0750791209557,6622.227574120128,7266.542555272113
2026-09-12 14:16:15.814,0 days 00:30:13.284000,,,0 days 00:01:08.038000,11833.13008768,160.31001216,3,100.0,False,0,pos,4030.8269657926603,0.7514299420502479,OnTrack,1542.0,6584.0,7266.0
2026-09-12 14:16:15.916,0 days 00:30:13.386000,,,0 days 00:01:08.140000,11903.0,170.0,3,100.0,False,0,car,4035.7419444444427,0.7523461962469252,OnTrack,1564.291368218817,6546.491314756146,7265.601471381905
2026-09-12 14:16:16.076,0 days 00:30:13.546000,,,0 days 00:01:08.300000,10821.0,179.0,3,100.0,False,0,car,4043.697499999998,0.7538292771880871,OnTrack,1602.7224642920276,6480.466488223315,7265.143160653281
2026-09-12 14:16:16.114,0 days 00:30:13.584000,,,0 days 00:01:08.338000,10866.672923076923,180.09615015384617,3,100.0,False,0,pos,4045.639938323286,0.754191388072303,OnTrack,1615.0,6459.0,7265.0
2026-09-12 14:16:16.314,0 days 00:30:13.784000,,,0 days 00:01:08.538000,11107.057538461539,185.8653809230769,3,100.0,False,0,pos,4056.216256179188,0.7561630335884739,OnTrack,1692.0,6323.0,7264.0
2026-09-12 14:16:16.596,0 days 00:30:14.066000,,,0 days 00:01:08.820000,11446.0,194.0,4,100.0,False,0,car,4071.71972222222,0.7590532019556993,OnTrack,1750.5345168636827,6218.822772524567,7262.07552119739
2026-09-12 14:16:16.774,0 days 00:30:14.244000,,,0 days 00:01:08.998000,10535.52934528,200.23000448,4,100.0,False,0,pos,4081.639378415365,0.7609024320867941,OnTrack,1789.0,6149.0,7261.0
2026-09-12 14:16:16.796,0 days 00:30:14.266000,,,0 days 00:01:09.020000,10423.0,201.0,4,100.0,False,0,car,4082.886388888887,0.7611349007627771,OnTrack,1795.3537066730441,6137.427013257708,7260.891177125964
2026-09-12 14:16:16.996,0 days 00:30:14.466000,,,0 days 00:01:09.220000,10779.0,209.0,5,100.0,False,0,car,4094.497499999998,0.7632994532537188,OnTrack,1861.7899047929034,6016.425019448871,7260.073251932011
2026-09-12 14:16:17.014,0 days 00:30:14.484000,,,0 days 00:01:09.238000,10789.8000768,209.50000355555557,5,100.0,False,0,pos,4095.567119689148,0.7634988525997722,OnTrack,1867.0,6007.0,7260.0
2026-09-12 14:16:17.234,0 days 00:30:14.704000,,,0 days 00:01:09.458000,10921.7999232,215.61110755555555,5,100.0,False,0,pos,4108.942554287367,0.7659923116666909,OnTrack,1919.0,5914.0,7259.0
2026-09-12 14:16:17.356,0 days 00:30:14.826000,,,0 days 00:01:09.580000,10995.0,219.0,5,100.0,False,0,car,4116.397499999998,0.7673820685261074,OnTrack,1952.9198576582926,5853.324144676863,7258.299406084026
2026-09-12 14:16:17.574,0 days 00:30:15.044000,,,0 days 00:01:09.798000,10805.6123888,217.6374992,5,66.84581386666666,False,0,pos,4129.570834095632,0.7698378518579386,OnTrack,2020.0,5733.0,7257.0
2026-09-12 14:16:17.774,0 days 00:30:15.244000,,,0 days 00:01:09.998000,10631.8623888,216.3874992,5,36.429147199999996,False,0,pos,4141.514661812199,0.772064429640881,OnTrack,2080.0,5628.0,7256.0
2026-09-12 14:16:17.836,0 days 00:30:15.306000,,,0 days 00:01:10.060000,10578.0,216.0,5,27.0,True,0,car,4145.197499999998,0.7727509872404813,OnTrack,2105.9312475919774,5585.877360745905,7255.548698959868
2026-09-12 14:16:18.034,0 days 00:30:15.504000,,,0 days 00:01:10.258000,10467.6857856,213.1714304,5,27.7071424,True,0,pos,4156.891906716282,0.7749310677638339,OnTrack,2199.0,5442.0,7254.0
2026-09-12 14:16:18.116,0 days 00:30:15.586000,,,0 days 00:01:10.340000,10422.0,212.0,5,28.0,False,0,car,4161.686388888887,0.7758248589118281,OnTrack,2226.302360801625,5402.623797382895,7253.710374157394
2026-09-12 14:16:18.434,0 days 00:30:15.904000,,,0 days 00:01:10.658000,10349.4562792,207.031252,5,44.8937432,False,0,pos,4179.972551126386,0.7792337796983205,OnTrack,2302.0,5327.0,7254.0
2026-09-12 14:16:18.436,0 days 00:30:15.906000,,,0 days 00:01:10.660000,10349.0,207.0,5,45.0,False,0,car,4180.086388888887,0.7792550014237891,OnTrack,2302.715102458209,5326.437785982558,7254.001469012996
2026-09-12 14:16:18.674,0 days 00:30:16.144000,,,0 days 00:01:10.898000,10291.483364266667,204.35555697777778,5,49.62777528888889,False,0,pos,4193.5437976698795,0.7817637421825131,OnTrack,2408.0,5251.0,7254.0
2026-09-12 14:16:18.796,0 days 00:30:16.266000,,,0 days 00:01:11.020000,10262.0,203.0,5,52.0,False,0,car,4200.386388888887,0.783039343434268,OnTrack,2465.3438097511694,5222.084322276421,7253.966693307487
2026-09-12 14:16:18.814,0 days 00:30:16.284000,,,0 days 00:01:11.038000,10269.521482057144,202.87142765714285,5,53.15715108571428,False,0,pos,4201.393229701388,0.7832270394926231,OnTrack,2477.0,5218.0,7254.0
2026-09-12 14:16:19.014,0 days 00:30:16.484000,,,0 days 00:01:11.238000,10353.092910628571,201.44285622857143,5,66.01429394285715,False,0,pos,4212.548869390932,0.7853066826419287,OnTrack,2652.0,5176.0,7255.0
2026-09-12 14:16:19.076,0 days 00:30:16.546000,,,0 days 00:01:11.300000,10379.0,201.0,5,70.0,False,0,car,4216.0197222222205,0.7859537217641769,OnTrack,2690.4213927491296,5169.157631927688,7255.231872111009
2026-09-12 14:16:19.275,0 days 00:30:16.745000,,,0 days 00:01:11.499000,10539.0,203.0,5,98.0,False,0,car,4227.24111111111,0.7880456219310805,OnTrack,2749.0325553760094,5168.4441838365165,7255.621206282387
2026-09-12 14:16:19.354,0 days 00:30:16.824000,,,0 days 00:01:11.578000,10573.139202742857,203.84642651428572,5,98.56428434285715,False,0,pos,4231.733466866857,0.788883090434159,OnTrack,2779.0,5171.0,7256.0
2026-09-12 14:16:19.555,0 days 00:30:17.025000,,,0 days 00:01:11.779000,10660.0,206.0,5,100.0,False,0,car,4243.2633333333315,0.7910324972343702,OnTrack,2895.192238468502,5180.193916449709,7257.691269345788
2026-09-12 14:16:19.594,0 days 00:30:17.064000,,,0 days 00:01:11.818000,10687.614781859293,206.72670478577083,5,100.0,False,0,pos,4245.517343883124,0.7914526916587862,OnTrack,2919.0,5183.0,7258.0
2026-09-12 14:16:19.716,0 days 00:30:17.186000,,,0 days 00:01:11.940000,10774.0,209.0,5,100.0,False,0,car,4252.610277777776,0.7927749619895783,OnTrack,2990.742317986244,5194.266523944855,7258.786558002951
2026-09-12 14:16:19.754,0 days 00:30:17.224000,,,0 days 00:01:11.978000,10782.5499712,209.6333312,5,100.0,False,0,pos,4254.8359871469165,0.7931898804855761,OnTrack,3013.0,5198.0,7259.0
2026-09-12 14:16:19.934,0 days 00:30:17.404000,,,0 days 00:01:12.158000,10823.0500288,212.63333546666667,5,100.0,False,0,pos,4265.493418219576,0.7951766471915883,OnTrack,3119.0,5215.0,7260.0
2026-09-12 14:16:19.956,0 days 00:30:17.426000,,,0 days 00:01:12.180000,10828.0,213.0,5,100.0,False,0,car,4266.810277777777,0.7954221371890267,OnTrack,3131.513474164732,5216.953818336285,7260.154052861805
2026-09-12 14:16:20.174,0 days 00:30:17.644000,,,0 days 00:01:12.398000,11049.114415542857,216.89285942857143,5,100.0,False,0,pos,4280.006279138841,0.7978821461703572,OnTrack,3261.0,5235.0,7262.0
2026-09-12 14:16:20.236,0 days 00:30:17.706000,,,0 days 00:01:12.460000,11112.0,218.0,5,100.0,False,0,car,4283.765833333331,0.7985830052284302,OnTrack,3308.5532407179744,5239.940980336025,7262.489130117159
2026-09-12 14:16:20.396,0 days 00:30:17.866000,,,0 days 00:01:12.620000,11096.0,218.0,5,100.0,False,0,car,4293.454722222221,0.8003892155366611,OnTrack,3451.0442642613784,5251.65581348862,7263.584303504907
2026-09-12 14:16:20.474,0 days 00:30:17.944000,,,0 days 00:01:12.698000,11127.478519771428,218.83571291428572,5,100.0,False,0,pos,4298.213948163991,0.8012764341902967,OnTrack,3514.0,5255.0,7264.0
2026-09-12 14:16:20.676,0 days 00:30:18.146000,,,0 days 00:01:12.900000,11209.0,221.0,5,100.0,False,0,car,4310.64361111111,0.8035935817600933,OnTrack,3641.172135502522,5254.711519887895,7264.687031115254
2026-09-12 14:16:20.974,0 days 00:30:18.444000,,,0 days 00:01:13.198000,11122.309053672727,221.6772730181818,5,72.23180625454545,False,0,pos,4329.060661496676,0.8070269028183793,OnTrack,3813.0,5224.0,7265.0
2026-09-12 14:16:21.116,0 days 00:30:18.586000,,,0 days 00:01:13.340000,11081.0,222.0,5,59.0,False,0,car,4337.776944444443,0.808651799159978,OnTrack,3928.273183287891,5193.975117610489,7265.02608882099
2026-09-12 14:16:21.154,0 days 00:30:18.624000,,,0 days 00:01:13.378000,11081.4749984,221.2875024,5,57.5750048,False,0,pos,4340.096872255889,0.8090842819322998,OnTrack,3956.0,5186.0,7265.0
2026-09-12 14:16:21.276,0 days 00:30:18.746000,,,0 days 00:01:13.500000,11083.0,219.0,5,53.0,True,0,car,4347.5102777777765,0.8104662948365952,OnTrack,4026.318805167283,5163.050067835624,7264.79327462022
2026-09-12 14:16:21.436,0 days 00:30:18.906000,,,0 days 00:01:13.660000,10900.0,217.0,5,51.0,False,0,car,4357.154722222221,0.8122642197764394,OnTrack,4088.1481251315276,5135.0326119439505,7264.2870081696665
2026-09-12 14:16:21.515,0 days 00:30:18.985000,,,0 days 00:01:13.739000,10887.491656533333,216.34166613333332,5,52.9750016,False,0,pos,4361.879140696969,0.8131449495946204,OnTrack,4122.0,5117.0,7264.0
2026-09-12 14:16:21.735,0 days 00:30:19.205000,,,0 days 00:01:13.959000,10852.6583232,214.5083328,5,58.4750016,False,0,pos,4374.935104091638,0.8155788525878086,OnTrack,4232.0,5049.0,7263.0
2026-09-12 14:16:21.796,0 days 00:30:19.266000,,,0 days 00:01:14.020000,10843.0,214.0,5,60.0,False,0,car,4378.55472222222,0.816253624654481,OnTrack,4263.802461040207,5024.776499798927,7262.582769964194
2026-09-12 14:16:21.994,0 days 00:30:19.464000,,,0 days 00:01:14.218000,10910.4437064,214.0,5,66.187496,False,0,pos,4390.322214758758,0.8184473298940877,OnTrack,4364.0,4931.0,7261.0
2026-09-12 14:16:22.116,0 days 00:30:19.586000,,,0 days 00:01:14.340000,10952.0,214.0,5,70.0,False,0,car,4397.576944444443,0.8197997623238515,OnTrack,4417.453485229582,4863.926564225506,7260.231420166739
2026-09-12 14:16:22.276,0 days 00:30:19.746000,,,0 days 00:01:14.500000,10938.0,214.0,5,70.0,False,0,car,4407.088055555554,0.8215728311585367,OnTrack,4476.361757739349,4770.18069264348,7259.482602038603
2026-09-12 14:16:22.394,0 days 00:30:19.864000,,,0 days 00:01:14.618000,11071.8561048,214.3687496,5,75.1624944,False,0,pos,4414.101396471888,0.8228802637035362,OnTrack,4509.0,4713.0,7259.0
2026-09-12 14:16:22.596,0 days 00:30:20.066000,,,0 days 00:01:14.820000,11301.0,215.0,5,84.0,False,0,car,4426.1991666666645,0.8251355395646798,OnTrack,4544.532629514923,4639.586086109551,7258.263493992666
2026-09-12 14:16:22.674,0 days 00:30:20.144000,,,0 days 00:01:14.898000,11384.1186136,216.7062472,5,87.8999936,False,0,pos,4430.947302221335,0.8260206907396054,OnTrack,4558.0,4602.0,7258.0
2026-09-12 14:16:22.916,0 days 00:30:20.386000,,,0 days 00:01:15.140000,11642.0,222.0,5,100.0,False,0,car,4445.932499999998,0.8288142431282323,OnTrack,4611.427225064913,4420.918855234086,7257.249215532748
2026-09-12 14:16:23.054,0 days 00:30:20.524000,,,0 days 00:01:15.278000,11679.26003456,225.4500032,5,100.0,False,0,pos,4454.615601634324,0.8304329537832096,OnTrack,4637.0,4324.0,7257.0
2026-09-12 14:16:23.116,0 days 00:30:20.586000,,,0 days 00:01:15.340000,11696.0,227.0,5,100.0,False,0,car,4458.543611111109,0.8311652164078676,OnTrack,4645.260067385545,4290.0629529023945,7256.952023730726
2026-09-12 14:16:23.354,0 days 00:30:20.824000,,,0 days 00:01:15.578000,11897.449891657143,230.39999817142856,5,100.0,False,0,pos,4473.781078898657,0.8340057971705147,OnTrack,4667.0,4185.0,7257.0
2026-09-12 14:16:23.396,0 days 00:30:20.866000,,,0 days 00:01:15.620000,11933.0,231.0,5,100.0,False,0,car,4476.5102777777765,0.8345145765780615,OnTrack,4671.758328317475,4161.665261263316,7257.006186052512
2026-09-12 14:16:23.556,0 days 00:30:21.026000,,,0 days 00:01:15.780000,12024.0,237.0,5,100.0,False,0,car,4487.043611111109,0.8364782088856334,OnTrack,4693.197179720491,4056.4052094482886,7257.003772789414
2026-09-12 14:16:23.654,0 days 00:30:21.124000,,,0 days 00:01:15.878000,11406.5991936,239.94000384,5,100.0,False,0,pos,4493.617345275696,0.8377036895932573,OnTrack,4705.0,3990.0,7257.0
2026-09-12 14:16:23.754,0 days 00:30:21.224000,,,0 days 00:01:15.978000,10776.6008064,242.93999616,5,100.0,False,0,pos,4500.407142631823,0.8389694489714558,OnTrack,4715.0,3924.0,7257.0
2026-09-12 14:16:23.756,0 days 00:30:21.226000,,,0 days 00:01:15.980000,10764.0,243.0,5,100.0,False,0,car,4500.543611111109,0.8389948895329961,OnTrack,4715.197685355865,3922.671328552387,7257.000006439741
2026-09-12 14:16:23.914,0 days 00:30:21.384000,,,0 days 00:01:16.138000,10938.2936088,245.468748,5,100.0,False,0,pos,4511.406121175454,0.8410198872263828,OnTrack,4731.0,3816.0,7257.0
2026-09-12 14:16:24.076,0 days 00:30:21.546000,,,0 days 00:01:16.300000,11117.0,248.0,6,100.0,False,0,car,4522.588055555553,0.8431044322526402,OnTrack,4745.611134939948,3706.097773852741,7257.0001804199865
2026-09-12 14:16:24.114,0 days 00:30:21.584000,,,0 days 00:01:16.338000,11140.885633828571,248.0,6,100.0,False,0,pos,4525.198825681879,0.8435911340786874,OnTrack,4749.0,3680.0,7257.0
2026-09-12 14:16:24.356,0 days 00:30:21.826000,,,0 days 00:01:16.580000,11293.0,248.0,6,100.0,False,0,car,4541.876944444442,0.846700282132329,OnTrack,4771.148077779215,3510.8109024734886,7256.997422509425
2026-09-12 14:16:24.434,0 days 00:30:21.904000,,,0 days 00:01:16.658000,11324.58994816,251.11999488,6,100.0,False,0,pos,4547.388865723509,0.8477278188443893,OnTrack,4778.0,3458.0,7257.0
2026-09-12 14:16:24.556,0 days 00:30:22.026000,,,0 days 00:01:16.780000,11374.0,256.0,6,100.0,False,0,car,4556.099166666665,0.8493516000159704,OnTrack,4788.314880644872,3377.2416219882866,7257.007503005459
2026-09-12 14:16:24.614,0 days 00:30:22.084000,,,0 days 00:01:16.838000,11410.4917472,256.2416672,6,100.0,False,0,pos,4560.236159859868,0.8501228215498672,OnTrack,4794.0,3331.0,7257.0
2026-09-12 14:16:24.796,0 days 00:30:22.266000,,,0 days 00:01:17.020000,11525.0,257.0,6,100.0,False,0,car,4573.232499999998,0.8525456095289197,OnTrack,4817.071229341671,3135.333885629927,7256.915958375534
2026-09-12 14:16:24.894,0 days 00:30:22.364000,,,0 days 00:01:17.118000,11542.64002304,258.47000192,6,100.0,False,0,pos,4580.283173937952,0.853860001725254,OnTrack,4828.0,3042.0,7257.0
2026-09-12 14:16:24.996,0 days 00:30:22.466000,,,0 days 00:01:17.220000,11561.0,260.0,6,100.0,False,0,car,4587.676944444443,0.855238354254493,OnTrack,4835.886510080657,2975.5723772863007,7257.266789987741
2026-09-12 14:16:25.254,0 days 00:30:22.724000,,,0 days 00:01:17.478000,11490.766631822222,261.43333404444445,6,66.31664995555555,False,0,pos,4606.6037491300585,0.8587667041114341,OnTrack,4849.0,2869.0,7258.0
2026-09-12 14:16:25.356,0 days 00:30:22.826000,,,0 days 00:01:17.580000,11463.0,262.0,6,53.0,False,0,car,4613.876944444442,0.8601225789182637,OnTrack,4857.48707629826,2799.131208633896,7257.810074079872
2026-09-12 14:16:25.454,0 days 00:30:22.924000,,,0 days 00:01:17.678000,11188.5996416,252.68998784,6,27.02996608,False,0,pos,4620.658250759441,0.8613867553898784,OnTrack,4867.0,2726.0,7258.0
2026-09-12 14:16:25.556,0 days 00:30:23.026000,,,0 days 00:01:17.780000,10903.0,243.0,6,0.0,True,0,car,4627.376944444442,0.8626392595656265,OnTrack,4877.551794998688,2655.557511066878,7259.24448348131
2026-09-12 14:16:25.714,0 days 00:30:23.184000,,,0 days 00:01:17.938000,9872.0508352,224.7312648,6,0.0,True,0,pos,4636.840750249535,0.8644035097078543,OnTrack,4891.0,2556.0,7258.0
2026-09-12 14:16:25.734,0 days 00:30:23.204000,,,0 days 00:01:17.958000,9741.5491648,222.4187352,6,0.0,True,0,pos,4637.961173835911,0.8646123799564974,OnTrack,4892.0,2544.0,7257.0
2026-09-12 14:16:25.876,0 days 00:30:23.346000,,,0 days 00:01:18.100000,8815.0,206.0,6,0.0,True,0,car,4645.688055555554,0.8660528313408148,OnTrack,4904.132070916162,2461.4256655049708,7256.238280471491
2026-09-12 14:16:25.974,0 days 00:30:23.444000,,,0 days 00:01:18.198000,8936.831977309092,199.54090065454545,6,0.0,True,0,pos,4650.787952027929,0.8670035580634505,OnTrack,4914.0,2408.0,7258.0
2026-09-12 14:16:26.174,0 days 00:30:23.644000,,,0 days 00:01:18.398000,9185.468340945454,186.35908247272727,6,0.0,True,0,pos,4660.634377910984,0.8688391365423819,OnTrack,4931.0,2308.0,7259.0
2026-09-12 14:16:26.316,0 days 00:30:23.786000,,,0 days 00:01:18.540000,9362.0,177.0,6,0.0,True,0,car,4667.321388888888,0.8700857344028852,OnTrack,4942.9571256389845,2238.4753232396033,7259.13060306086
2026-09-12 14:16:26.514,0 days 00:30:23.984000,,,0 days 00:01:18.738000,9675.0872976,165.2437576,6,0.0,True,0,pos,4676.278247357597,0.8717554790228385,OnTrack,4960.0,2145.0,7259.0
2026-09-12 14:16:26.636,0 days 00:30:24.106000,,,0 days 00:01:18.860000,9868.0,158.0,6,0.0,True,0,car,4681.3658333333315,0.8727039108129809,OnTrack,4970.568477630972,2091.798908797381,7258.765993673853
2026-09-12 14:16:26.894,0 days 00:30:24.364000,,,0 days 00:01:19.118000,10154.145596509092,138.06362647272726,6,0.0,True,0,pos,4690.671426079174,0.8744386667519218,OnTrack,4993.0,1992.0,7258.0
2026-09-12 14:16:27.076,0 days 00:30:24.546000,,,0 days 00:01:19.300000,10356.0,124.0,2,0.0,True,0,car,4696.521388888887,0.8755292214327363,OnTrack,5008.786877321892,1933.9972021205597,7257.3862310437735
2026-09-12 14:16:27.254,0 days 00:30:24.724000,,,0 days 00:01:19.478000,11288.72067072,110.64999040000001,2,0.0,True,0,pos,4701.938107279558,0.876539010347256,OnTrack,5023.0,1889.0,7257.0
2026-09-12 14:16:27.276,0 days 00:30:24.746000,,,0 days 00:01:19.500000,11404.0,109.0,1,0.0,True,0,car,4702.576944444442,0.8766581028753805,OnTrack,5024.592381349776,1884.3581940065378,7256.984738957879
2026-09-12 14:16:27.594,0 days 00:30:25.064000,,,0 days 00:01:19.818000,10291.000448,97.87000448,1,0.0,True,0,pos,4711.049391257957,0.8782375430925199,OnTrack,5048.0,1830.0,7257.0
2026-09-12 14:16:27.676,0 days 00:30:25.146000,,,0 days 00:01:19.900000,10004.0,95.0,1,0.0,True,0,car,4713.132499999998,0.8786258778671456,OnTrack,5056.970757448089,1813.5747665960644,7256.717876596446
2026-09-12 14:16:27.836,0 days 00:30:25.306000,,,0 days 00:01:20.060000,9762.0,90.0,1,0.0,True,0,car,4717.132499999998,0.8793715610219197,OnTrack,5078.362586131131,1779.5230060527692,7256.03637836002
2026-09-12 14:16:27.854,0 days 00:30:25.324000,,,0 days 00:01:20.078000,9720.3184536,89.5499968,1,0.0,True,0,pos,4717.567702825051,0.879452691875808,OnTrack,5081.0,1776.0,7256.0
2026-09-12 14:16:28.034,0 days 00:30:25.504000,,,0 days 00:01:20.258000,9303.5065464,85.0500032,1,0.0,True,0,pos,4721.722153045453,0.8802271677624831,OnTrack,5109.0,1745.0,7256.0
2026-09-12 14:16:28.156,0 days 00:30:25.626000,,,0 days 00:01:20.380000,9021.0,82.0,1,0.0,True,0,car,4724.421388888886,0.8807303614372859,OnTrack,5127.3779999796625,1728.6151865479783,7255.9172919299435
2026-09-12 14:16:28.335,0 days 00:30:25.805000,,,0 days 00:01:20.559000,8819.624928,79.7624992,1,4.02750144,True,0,pos,4728.292063251019,0.8814519356046504,OnTrack,5164.0,1711.0,7256.0
2026-09-12 14:16:28.534,0 days 00:30:26.004000,,,0 days 00:01:20.758000,8595.749856,77.2749984,1,8.50500288,True,0,pos,4732.512107571021,0.8822386395951068,OnTrack,5230.0,1700.0,7257.0
2026-09-12 14:16:28.556,0 days 00:30:26.026000,,,0 days 00:01:20.780000,8571.0,77.0,1,9.0,False,0,car,4732.976944444442,0.8823252948516639,OnTrack,5235.940762261105,1699.4710866601429,7257.0783712026805
2026-09-12 14:16:28.716,0 days 00:30:26.186000,,,0 days 00:01:20.940000,8884.0,76.0,1,26.0,False,0,car,4736.35472222222,0.8829549828490287,OnTrack,5264.698725349664,1700.019823377244,7257.262517631045
2026-09-12 14:16:28.876,0 days 00:30:26.346000,,,0 days 00:01:21.100000,9229.0,77.0,1,39.0,False,0,car,4739.776944444442,0.8835929562147801,OnTrack,5280.902998670479,1707.453674067688,7257.052212051585
2026-09-12 14:16:28.954,0 days 00:30:26.424000,,,0 days 00:01:21.178000,9385.77974272,78.16999808,1,39.38999936,False,0,pos,4741.491148034367,0.8839125193999953,OnTrack,5293.0,1713.0,7257.0
2026-09-12 14:16:29.076,0 days 00:30:26.546000,,,0 days 00:01:21.300000,9631.0,80.0,1,40.0,False,0,car,4744.221388888886,0.884421493053418,OnTrack,5317.642268065503,1724.1327077111691,7256.990932961628
2026-09-12 14:16:29.154,0 days 00:30:26.624000,,,0 days 00:01:21.378000,9663.6624464,80.9749984,1,40.4874992,False,0,pos,4745.9807163372325,0.8847494682639087,OnTrack,5334.0,1732.0,7257.0
2026-09-12 14:16:29.236,0 days 00:30:26.706000,,,0 days 00:01:21.460000,9698.0,82.0,1,41.0,False,0,car,4747.865833333331,0.885100893261101,OnTrack,5349.857386041463,1740.4047231168627,7257.002964841854
2026-09-12 14:16:29.374,0 days 00:30:26.844000,,,0 days 00:01:21.598000,10362.3720448,85.4500032,1,48.885721600000004,False,0,pos,4751.180130469683,0.8857187471472244,OnTrack,5380.0,1759.0,7257.0
2026-09-12 14:16:29.516,0 days 00:30:26.986000,,,0 days 00:01:21.740000,11046.0,89.0,1,57.0,False,0,car,4754.788055555553,0.8863913393872797,OnTrack,5424.805487443237,1789.4366452569882,7256.999947562555
2026-09-12 14:16:29.534,0 days 00:30:27.004000,,,0 days 00:01:21.758000,11076.42021632,89.54000384,1,57.63000448,False,0,pos,4755.260595256595,0.886479430611037,OnTrack,5430.0,1793.0,7257.0
2026-09-12 14:16:29.916,0 days 00:30:27.386000,,,0 days 00:01:22.140000,11722.0,101.0,1,71.0,False,0,car,4766.010277777776,0.8884833949048405,OnTrack,5500.920235243785,1838.7712706736895,7257.000006411773
2026-09-12 14:16:29.934,0 days 00:30:27.404000,,,0 days 00:01:22.158000,11638.65940736,101.81000576,1,71.4500032,False,0,pos,4766.542855625349,0.8885826784872259,OnTrack,5505.0,1841.0,7257.0
2026-09-12 14:16:30.116,0 days 00:30:27.586000,,,0 days 00:01:22.340000,10796.0,110.0,1,76.0,False,0,car,4772.121388888887,0.8896226330579677,OnTrack,5554.0855690894505,1865.839615034302,7256.999998901446
2026-09-12 14:16:30.134,0 days 00:30:27.604000,,,0 days 00:01:22.358000,10838.000298666666,111.05000746666667,1,76.6750048,False,0,pos,4772.70757297211,0.8897319099570817,OnTrack,5559.0,1868.0,7257.0
2026-09-12 14:16:30.334,0 days 00:30:27.804000,,,0 days 00:01:22.558000,11304.666965333334,122.71667413333333,1,84.1750048,False,0,pos,4779.610344688814,0.891018730104681,OnTrack,5621.0,1887.0,7257.0
2026-09-12 14:16:30.356,0 days 00:30:27.826000,,,0 days 00:01:22.580000,11356.0,124.0,2,85.0,False,0,car,4780.388055555553,0.8911637115778342,OnTrack,5631.598112945351,1889.0119323919469,7256.99999984209
2026-09-12 14:16:30.516,0 days 00:30:27.986000,,,0 days 00:01:22.740000,11894.0,129.0,2,88.0,False,0,car,4786.121388888887,0.8922325240996773,OnTrack,5733.57646464261,1903.9967378880142,7257.00000033607
2026-09-12 14:16:30.594,0 days 00:30:28.064000,,,0 days 00:01:22.818000,11532.86059264,132.11999488,2,92.28999296,False,0,pos,4789.022617775688,0.8927733734769351,OnTrack,5779.0,1910.0,7257.0
2026-09-12 14:16:30.716,0 days 00:30:28.186000,,,0 days 00:01:22.940000,10968.0,137.0,2,99.0,False,0,car,4793.732499999998,0.8936513934358449,OnTrack,5830.895792449237,1916.6558037802047,7256.999997627981
2026-09-12 14:16:30.956,0 days 00:30:28.426000,,,0 days 00:01:23.180000,10818.0,148.0,3,100.0,False,0,car,4803.599166666665,0.8954907452176211,OnTrack,5894.404113974574,1924.3692968175326,7256.999997010824
2026-09-12 14:16:30.994,0 days 00:30:28.464000,,,0 days 00:01:23.218000,10890.1997568,148.9499968,3,100.0,False,0,pos,4805.202471443863,0.8957896345587023,OnTrack,5907.0,1926.0,7257.0
2026-09-12 14:16:31.194,0 days 00:30:28.664000,,,0 days 00:01:23.418000,11270.1997568,153.9499968,3,100.0,False,0,pos,4813.800072939934,0.8973924062104727,OnTrack,5991.0,1937.0,7257.0
2026-09-12 14:16:31.236,0 days 00:30:28.706000,,,0 days 00:01:23.460000,11350.0,155.0,3,100.0,False,0,car,4815.65472222222,0.8977381513924264,OnTrack,6013.227961503024,1939.7386516600197,7256.99997802517
2026-09-12 14:16:31.434,0 days 00:30:28.904000,,,0 days 00:01:23.658000,10785.7003648,160.93999616,3,4.9600614400000085,False,0,pos,4824.511960287429,0.8993893246981892,OnTrack,6123.0,1953.0,7257.0
2026-09-12 14:16:31.436,0 days 00:30:28.906000,,,0 days 00:01:23.660000,10780.0,161.0,3,4.0,True,0,car,4824.599166666664,0.8994055817801853,OnTrack,6123.882117735255,1953.1141446777285,7257.000005190339
2026-09-12 14:16:31.716,0 days 00:30:29.186000,,,0 days 00:01:23.940000,9687.0,148.0,3,0.0,True,0,car,4836.110277777775,0.9015514921922575,OnTrack,6196.015385993125,1964.1919931735329,7257.001607682788
2026-09-12 14:16:31.874,0 days 00:30:29.344000,,,0 days 00:01:24.098000,10227.1620624,140.593756,3,0.0,True,0,pos,4842.089352842181,0.9026661160814219,OnTrack,6277.0,1969.0,7257.0
2026-09-12 14:16:31.974,0 days 00:30:29.444000,,,0 days 00:01:24.198000,10569.0379376,135.906244,3,0.0,True,0,pos,4845.720739637866,0.9033430820719248,OnTrack,6357.0,1972.0,7257.0
2026-09-12 14:16:32.036,0 days 00:30:29.506000,,,0 days 00:01:24.260000,10781.0,133.0,2,0.0,True,0,car,4847.932499999997,0.9037554001830344,OnTrack,6393.338525577985,1973.133189614526,7257.008802333376
2026-09-12 14:16:32.276,0 days 00:30:29.746000,,,0 days 00:01:24.500000,10332.0,124.0,2,0.0,True,0,car,4856.199166666664,0.9052964787029009,OnTrack,6431.983886648706,1971.413334557486,7257.056110090595
2026-09-12 14:16:32.354,0 days 00:30:29.824000,,,0 days 00:01:24.578000,10175.443114057143,122.0500032,2,0.0,True,0,pos,4858.775740768212,0.9057768056790387,OnTrack,6446.0,1969.0,7257.0
2026-09-12 14:16:32.556,0 days 00:30:30.026000,,,0 days 00:01:24.780000,9770.0,117.0,2,0.0,True,0,car,4865.299166666664,0.9069929078800122,OnTrack,6509.633656303737,1958.1855933211898,7256.852523914786
2026-09-12 14:16:32.594,0 days 00:30:30.064000,,,0 days 00:01:24.818000,9730.229533768135,116.86379977317854,2,0.0,True,0,pos,4866.53117905831,0.9072225806017432,OnTrack,6522.0,1955.0,7257.0
2026-09-12 14:16:32.754,0 days 00:30:30.224000,,,0 days 00:01:24.978000,9562.774375048171,116.29032320221977,2,0.0,True,0,pos,4871.728063640285,0.9081913879242641,OnTrack,6569.0,1937.0,7258.0
2026-09-12 14:16:32.835,0 days 00:30:30.305000,,,0 days 00:01:25.059000,9478.0,116.0,2,0.0,False,0,car,4874.289166666664,0.9086688307703671,OnTrack,6590.9109898182705,1925.3414929949176,7257.69932764982
2026-09-12 14:16:32.934,0 days 00:30:30.404000,,,0 days 00:01:25.158000,9432.813236796876,113.12447870525575,2,11.091296422584943,False,0,pos,4877.326127570098,0.9092349834172166,OnTrack,6616.0,1909.0,7257.0
2026-09-12 14:16:33.076,0 days 00:30:30.546000,,,0 days 00:01:25.300000,9368.0,109.0,2,27.0,False,0,car,4881.586111111108,0.9100291329087533,OnTrack,6648.126572690897,1881.918553784399,7256.853465384493
2026-09-12 14:16:33.194,0 days 00:30:30.664000,,,0 days 00:01:25.418000,9719.0496192,109.0,2,35.35832426666667,False,0,pos,4885.1388268170695,0.9106914329726626,OnTrack,6672.0,1856.0,7257.0
2026-09-12 14:16:33.316,0 days 00:30:30.786000,,,0 days 00:01:25.540000,10082.0,109.0,2,44.0,False,0,car,4888.852777777775,0.9113837906399265,OnTrack,6694.489616982476,1825.898844956577,7257.005823387565
2026-09-12 14:16:33.354,0 days 00:30:30.824000,,,0 days 00:01:25.578000,10084.171421257142,109.54285531428572,2,44.67856914285714,False,0,pos,4890.023742997907,0.9116020828997962,OnTrack,6701.0,1816.0,7257.0
2026-09-12 14:16:33.594,0 days 00:30:31.064000,,,0 days 00:01:25.818000,10097.885706971429,112.97142674285715,2,48.96428342857143,False,0,pos,4897.577529848354,0.9130102658020796,OnTrack,6737.0,1749.0,7257.0
2026-09-12 14:16:33.596,0 days 00:30:31.066000,,,0 days 00:01:25.820000,10098.0,113.0,2,49.0,False,0,car,4897.641666666664,0.9130222222383328,OnTrack,6737.272600350651,1748.4145612428154,7257.000043720084
2026-09-12 14:16:33.836,0 days 00:30:31.306000,,,0 days 00:01:26.060000,10922.0,118.0,2,67.0,False,0,car,4905.5083333333305,0.9144887324427221,OnTrack,6767.78188627784,1675.5949837050948,7257.000053507769
2026-09-12 14:16:33.854,0 days 00:30:31.324000,,,0 days 00:01:26.078000,10972.786075428572,118.51428937142857,2,67.51428937142857,False,0,pos,4906.116533525144,0.9146021136021635,OnTrack,6770.0,1670.0,7257.0
2026-09-12 14:16:33.974,0 days 00:30:31.444000,,,0 days 00:01:26.198000,11311.357504,121.9428608,2,70.9428608,False,0,pos,4910.24331004588,0.9153714305359213,OnTrack,6785.0,1631.0,7257.0
2026-09-12 14:16:34.116,0 days 00:30:31.586000,,,0 days 00:01:26.340000,11712.0,126.0,2,75.0,False,0,car,4915.308333333331,0.9163156561719188,OnTrack,6805.094370681935,1571.6713306555284,7257.000028926688
2026-09-12 14:16:34.276,0 days 00:30:31.746000,,,0 days 00:01:26.500000,11190.0,133.0,2,76.0,False,0,car,4921.219444444441,0.9174176101673072,OnTrack,6826.3434992835,1503.3520231547502,7256.9999937146
2026-09-12 14:16:34.334,0 days 00:30:31.804000,,,0 days 00:01:26.558000,10831.849209599999,133.0,2,78.1750048,False,0,pos,4923.341570492483,0.9178132185788903,OnTrack,6831.0,1488.0,7257.0
2026-09-12 14:16:34.436,0 days 00:30:31.906000,,,0 days 00:01:26.660000,10202.0,133.0,3,82.0,False,0,car,4927.130555555552,0.9185195641626955,OnTrack,6835.036735055785,1473.9571182701375,7257.000038663669
2026-09-12 14:16:34.574,0 days 00:30:32.044000,,,0 days 00:01:26.798000,10792.33388088889,140.6666737777778,3,88.9000064,False,0,pos,4932.705056808644,0.9195587670828702,OnTrack,6839.0,1458.0,7257.0
2026-09-12 14:16:34.796,0 days 00:30:32.266000,,,0 days 00:01:27.020000,11742.0,153.0,3,100.0,False,0,car,4942.430555555552,0.9213718022297067,OnTrack,6862.382674820235,1370.5158923672532,7256.999397342243
2026-09-12 14:16:34.915,0 days 00:30:32.385000,,,0 days 00:01:27.139000,11836.60505088,159.54500352,3,100.0,False,0,pos,4947.780343203007,0.9223691138622883,OnTrack,6876.0,1318.0,7257.0
2026-09-12 14:16:34.996,0 days 00:30:32.466000,,,0 days 00:01:27.220000,11901.0,164.0,3,100.0,False,0,car,4951.541666666663,0.9230703027489146,OnTrack,6883.681431194061,1286.8995195215887,7257.001096170671
2026-09-12 14:16:35.094,0 days 00:30:32.564000,,,0 days 00:01:27.318000,11516.3494976,169.25000685714286,3,100.0,False,0,pos,4956.277559000876,0.9239531715330263,OnTrack,6895.0,1237.0,7257.0
2026-09-12 14:16:35.254,0 days 00:30:32.724000,,,0 days 00:01:27.478000,10888.3494976,177.82143542857142,3,100.0,False,0,pos,4964.341063437062,0.9254563763896537,OnTrack,6924.0,1101.0,7257.0
2026-09-12 14:16:35.276,0 days 00:30:32.746000,,,0 days 00:01:27.500000,10802.0,179.0,4,100.0,False,0,car,4965.463888888886,0.9256656943959479,OnTrack,6927.185526674348,1085.8022877776625,7257.0065469911415
2026-09-12 14:16:35.516,0 days 00:30:32.986000,,,0 days 00:01:27.740000,11575.0,188.0,4,100.0,False,0,car,4977.997222222219,0.9280021682809069,OnTrack,6942.52495521342,1007.9233300196128,7257.138332339635
2026-09-12 14:16:35.614,0 days 00:30:33.084000,,,0 days 00:01:27.838000,11459.441515733333,193.30834026666668,4,100.0,False,0,pos,4983.389443433313,0.9290073904118891,OnTrack,6948.0,977.0,7257.0
2026-09-12 14:16:35.756,0 days 00:30:33.226000,,,0 days 00:01:27.980000,11292.0,201.0,4,100.0,False,0,car,4991.397222222219,0.9305002068494004,OnTrack,6960.226472629834,908.5196655292629,7256.480809737063
2026-09-12 14:16:35.894,0 days 00:30:33.364000,,,0 days 00:01:28.118000,10713.08946304,203.76000256,4,100.0,False,0,pos,4999.217342403794,0.931958039821328,OnTrack,6975.0,823.0,7256.0
2026-09-12 14:16:35.956,0 days 00:30:33.426000,,,0 days 00:01:28.180000,10453.0,205.0,5,100.0,False,0,car,5002.786111111108,0.93262333249841,OnTrack,6981.948519047896,780.9479040886669,7255.911803640802
2026-09-12 14:16:36.156,0 days 00:30:33.626000,,,0 days 00:01:28.380000,10849.0,213.0,5,100.0,False,0,car,5014.619444444441,0.9348293118312835,OnTrack,7004.9853427902435,636.6248421705852,7255.992100115829
2026-09-12 14:16:36.174,0 days 00:30:33.644000,,,0 days 00:01:28.398000,10886.9127696,213.6750048,5,100.0,False,0,pos,5015.70246046111,0.9350312085312787,OnTrack,7007.0,624.0,7256.0
2026-09-12 14:16:36.316,0 days 00:30:33.786000,,,0 days 00:01:28.540000,11186.0,219.0,5,100.0,False,0,car,5024.3527777777745,0.9366438075079007,OnTrack,7022.40602498937,527.9350590466378,7256.028870253212
2026-09-12 14:16:36.594,0 days 00:30:34.064000,,,0 days 00:01:28.818000,11549.385546971429,227.93571017142858,5,100.0,False,0,pos,5041.957372695774,0.9399256699771443,OnTrack,7054.0,338.0,7256.0
2026-09-12 14:16:36.596,0 days 00:30:34.066000,,,0 days 00:01:28.820000,11552.0,228.0,5,100.0,False,0,car,5042.086111111107,0.9399496694940659,OnTrack,7054.262324712844,336.4815180503656,7256.000001148643
2026-09-12 14:16:36.916,0 days 00:30:34.386000,,,0 days 00:01:29.140000,11959.0,235.0,5,100.0,False,0,car,5062.974999999997,0.9438437926356644,OnTrack,7100.093730506365,80.2208905057304,7256.026109203006
2026-09-12 14:16:37.014,0 days 00:30:34.484000,,,0 days 00:01:29.238000,11846.708186666667,237.04166933333335,5,70.5999616,False,0,pos,5069.494199300662,0.9450591069109449,OnTrack,7110.0,28.0,7256.0
2026-09-12 14:16:37.156,0 days 00:30:34.626000,,,0 days 00:01:29.380000,11684.0,240.0,5,28.0,False,0,car,5078.974999999997,0.946826525254761,OnTrack,7118.172361764104,-10.528019209746407,7255.912302134181
2026-09-12 14:16:37.294,0 days 00:30:34.764000,,,0 days 00:01:29.518000,11335.5496768,236.5499968,5,8.679982079999998,False,0,pos,5088.097752156051,0.9485271959067482,OnTrack,7127.0,-61.0,7256.0
2026-09-12 14:16:37.356,0 days 00:30:34.826000,,,0 days 00:01:29.580000,11179.0,235.0,5,0.0,True,0,car,5092.030555555552,0.94926035221826,OnTrack,7133.713711971312,-105.06358835555037,7256.166502458445
2026-09-12 14:16:37.574,0 days 00:30:35.044000,,,0 days 00:01:29.798000,10700.886082909092,215.67726138181817,5,0.0,True,0,pos,5104.638873016497,0.951610804703428,OnTrack,7162.0,-303.0,7257.0
2026-09-12 14:16:37.796,0 days 00:30:35.266000,,,0 days 00:01:30.020000,10214.0,196.0,5,0.0,True,0,car,5115.986111111108,0.9537261657785185,OnTrack,7171.448481262131,-384.37438143231606,7257.098569913066
2026-09-12 14:16:37.954,0 days 00:30:35.424000,,,0 days 00:01:30.178000,10608.99968,179.07144228571428,5,0.0,True,0,pos,5123.433718896581,0.9551145546957666,OnTrack,7174.0,-423.0,7257.0
2026-09-12 14:16:38.076,0 days 00:30:35.546000,,,0 days 00:01:30.300000,10914.0,166.0,5,0.0,True,0,car,5128.897222222219,0.9561330652947618,OnTrack,7177.690001207811,-470.76277333939686,7256.986472297449
2026-09-12 14:16:38.214,0 days 00:30:35.684000,,,0 days 00:01:30.438000,10471.01958912,157.71999232,5,0.0,True,0,pos,5134.839812343704,0.9572408876320913,OnTrack,7182.0,-541.0,7257.0
2026-09-12 14:16:38.276,0 days 00:30:35.746000,,,0 days 00:01:30.500000,10272.0,154.0,4,0.0,True,0,car,5137.452777777775,0.9577279987091398,OnTrack,7183.3379143237935,-577.1414895841215,7257.001779821596
2026-09-12 14:16:38.414,0 days 00:30:35.884000,,,0 days 00:01:30.638000,9967.1059672,150.5499968,4,0.0,True,0,pos,5143.176110775466,0.9587949469605255,OnTrack,7185.0,-657.0,7257.0
2026-09-12 14:16:38.596,0 days 00:30:36.066000,,,0 days 00:01:30.820000,9565.0,146.0,3,0.0,True,0,car,5150.430555555552,0.9601473262779625,OnTrack,7184.486867407812,-723.2252426043847,7256.999498910082
2026-09-12 14:16:38.754,0 days 00:30:36.224000,,,0 days 00:01:30.978000,9243.357403428572,139.22857691428572,3,0.0,True,0,pos,5156.346681871054,0.9612502152117091,OnTrack,7180.0,-769.0,7257.0
2026-09-12 14:16:38.876,0 days 00:30:36.346000,,,0 days 00:01:31.100000,8995.0,134.0,3,0.0,True,0,car,5160.8527777777745,0.9620902451645685,OnTrack,7173.097750992298,-811.5824850573181,7257.000163026664
2026-09-12 14:16:39.034,0 days 00:30:36.504000,,,0 days 00:01:31.258000,8928.8375536,134.0,3,0.0,True,0,pos,5166.735506351452,0.9631869080649436,OnTrack,7161.0,-868.0,7257.0
2026-09-12 14:16:39.036,0 days 00:30:36.506000,,,0 days 00:01:31.260000,8928.0,134.0,3,0.0,False,0,car,5166.808333333331,0.9632004845283435,OnTrack,7160.835494583036,-868.6513845626362,7256.99999448157
2026-09-12 14:16:39.234,0 days 00:30:36.704000,,,0 days 00:01:31.458000,8797.650084266666,127.40000426666667,3,0.0,False,0,pos,5173.758565134591,0.9644961522223374,OnTrack,7137.0,-932.0,7257.0
2026-09-12 14:16:39.276,0 days 00:30:36.746000,,,0 days 00:01:31.500000,8770.0,126.0,3,0.0,False,0,car,5175.20833333333,0.9647664191533692,OnTrack,7126.625547112777,-948.913195514659,7257.000681182903
2026-09-12 14:16:39.477,0 days 00:30:36.947000,,,0 days 00:01:31.701000,8479.0,124.0,3,13.0,False,0,car,5182.1316666666635,0.9660570724137574,OnTrack,7061.884856335197,-1035.2553207343228,7257.0012803836535
2026-09-12 14:16:39.494,0 days 00:30:36.964000,,,0 days 00:01:31.718000,8519.736292735077,123.89308059649586,3,15.993743298115906,False,0,pos,5182.714460535523,0.966165717306436,OnTrack,7058.0,-1040.0,7257.0
2026-09-12 14:16:39.636,0 days 00:30:37.106000,,,0 days 00:01:31.860000,8860.0,123.0,3,41.0,False,0,car,5187.564166666663,0.967069803348335,OnTrack,7040.312445991912,-1058.5419468776088,7256.979478225417
2026-09-12 14:16:39.754,0 days 00:30:37.224000,,,0 days 00:01:31.978000,9082.42975872,123.29499968,3,46.8999936,False,0,pos,5191.577393013911,0.9678179521691945,OnTrack,7026.0,-1066.0,7257.0
2026-09-12 14:16:40.036,0 days 00:30:37.506000,,,0 days 00:01:32.260000,9614.0,124.0,3,61.0,False,0,car,5201.341944444442,0.9696382675481128,OnTrack,6939.464512921072,-1111.6544528702013,7257.099430244512
2026-09-12 14:16:40.074,0 days 00:30:37.544000,,,0 days 00:01:32.298000,9648.1998848,125.35713828571429,3,61.407141485714284,False,0,pos,5202.716417778159,0.9698944979510226,OnTrack,6926.0,-1117.0,7257.0
2026-09-12 14:16:40.294,0 days 00:30:37.764000,,,0 days 00:01:32.518000,9846.2001152,133.2142902857143,3,63.76428708571429,False,0,pos,5210.928455031882,0.9714253924126424,OnTrack,6847.0,-1138.0,7256.0
2026-09-12 14:16:40.316,0 days 00:30:37.786000,,,0 days 00:01:32.540000,9866.0,134.0,3,64.0,False,0,car,5211.764166666664,0.9715811864347188,OnTrack,6838.675886355143,-1139.7681871818056,7255.951364273322
2026-09-12 14:16:40.514,0 days 00:30:37.984000,,,0 days 00:01:32.738000,10516.42957952,138.9499968,3,72.90999424,False,0,pos,5219.407406668261,0.9730060452639905,OnTrack,6761.0,-1155.0,7256.0
2026-09-12 14:16:40.516,0 days 00:30:37.986000,,,0 days 00:01:32.740000,10523.0,139.0,3,73.0,False,0,car,5219.486388888886,0.9730207691918521,OnTrack,6760.221269591402,-1155.148204457731,7256.000833638622
2026-09-12 14:16:40.714,0 days 00:30:38.184000,,,0 days 00:01:32.938000,11161.5495872,145.59999573333334,3,80.4249952,False,0,pos,5227.520031350343,0.9745184071555989,OnTrack,6682.0,-1170.0,7256.0
2026-09-12 14:16:40.756,0 days 00:30:38.226000,,,0 days 00:01:32.980000,11297.0,147.0,3,82.0,False,0,car,5229.286388888886,0.9748476929210489,OnTrack,6663.543089281135,-1173.5915722954587,7255.997483161176
2026-09-12 14:16:40.954,0 days 00:30:38.424000,,,0 days 00:01:33.178000,11559.3498304,156.8999936,3,90.90999424,False,0,pos,5237.919010827822,0.9764569931113987,OnTrack,6564.0,-1193.0,7256.0
2026-09-12 14:16:40.956,0 days 00:30:38.426000,,,0 days 00:01:33.180000,11562.0,157.0,3,91.0,False,0,car,5238.008611111109,0.9764736964668759,OnTrack,6562.874027073717,-1193.2124767866705,7256.000032264247
2026-09-12 14:16:41.196,0 days 00:30:38.666000,,,0 days 00:01:33.420000,12136.0,166.0,3,100.0,False,0,car,5249.075277777775,0.9785367531950844,OnTrack,6413.338206574263,-1220.299098906347,7256.000488744559
2026-09-12 14:16:41.315,0 days 00:30:38.785000,,,0 days 00:01:33.539000,11656.0330752,169.9666688,3,100.0,False,0,pos,5254.758315558819,0.9795961895804017,OnTrack,6352.0,-1231.0,7256.0
2026-09-12 14:16:41.436,0 days 00:30:38.906000,,,0 days 00:01:33.660000,11168.0,174.0,3,100.0,False,0,car,5260.675277777775,0.9806992343439292,OnTrack,6308.754480964934,-1238.2904309343212,7255.999816282381
2026-09-12 14:16:41.636,0 days 00:30:39.106000,,,0 days 00:01:33.860000,11086.0,182.0,4,100.0,False,0,car,5270.786388888886,0.9825841556518307,OnTrack,6258.394176204287,-1246.3780075874392,7255.999974318179
2026-09-12 14:16:41.694,0 days 00:30:39.164000,,,0 days 00:01:33.918000,11212.5127792,184.5375056,4,100.0,False,0,pos,5273.7931327209735,0.983144675208408,OnTrack,6237.0,-1250.0,7256.0
2026-09-12 14:16:41.796,0 days 00:30:39.266000,,,0 days 00:01:34.020000,11435.0,189.0,4,100.0,False,0,car,5279.186388888886,0.9841500902768563,OnTrack,6190.361314807263,-1258.0503994051103,7256.000004778074
2026-09-12 14:16:41.854,0 days 00:30:39.324000,,,0 days 00:01:34.078000,11411.477725866667,191.09444906666667,4,100.0,False,0,pos,5282.334251856532,0.9847369173739842,OnTrack,6161.0,-1263.0,7256.0
2026-09-12 14:16:42.134,0 days 00:30:39.604000,,,0 days 00:01:34.358000,11297.92217031111,201.20556017777778,4,100.0,False,0,pos,5298.136821420106,0.98768284485541,OnTrack,6010.0,-1287.0,7256.0
2026-09-12 14:16:42.156,0 days 00:30:39.626000,,,0 days 00:01:34.380000,11289.0,202.0,4,100.0,False,0,car,5299.386388888885,0.9879157902084658,OnTrack,5998.230703988808,-1288.959818221378,7256.000000192343
2026-09-12 14:16:42.316,0 days 00:30:39.786000,,,0 days 00:01:34.540000,10588.0,205.0,4,100.0,False,0,car,5308.497499999997,0.9896142907276736,OnTrack,5913.658394845245,-1303.6105363540116,7256.000000125318
2026-09-12 14:16:42.374,0 days 00:30:39.844000,,,0 days 00:01:34.598000,10588.0,206.812504,4,100.0,False,0,pos,5311.8529876149705,0.9902398233753085,OnTrack,5882.0,-1309.0,7256.0
2026-09-12 14:16:42.476,0 days 00:30:39.946000,,,0 days 00:01:34.700000,10588.0,210.0,5,100.0,False,0,car,5317.83083333333,0.9913542180888132,OnTrack,5824.165168979453,-1318.525805087533,7255.999999968343
2026-09-12 14:16:42.554,0 days 00:30:40.024000,,,0 days 00:01:34.778000,10752.124730666666,211.62499733333334,5,100.0,False,0,pos,5322.457906582519,0.9922168007332699,OnTrack,5778.0,-1326.0,7256.0
2026-09-12 14:16:42.714,0 days 00:30:40.184000,,,0 days 00:01:34.938000,11088.791397333332,214.95833066666665,5,100.0,False,0,pos,5332.04424877189,0.9940038942048984,OnTrack,5679.0,-1342.0,7256.0
2026-09-12 14:16:42.716,0 days 00:30:40.186000,,,0 days 00:01:34.940000,11093.0,215.0,5,100.0,False,0,car,5332.164166666663,0.9940262493934205,OnTrack,5677.759303980997,-1342.2006722278086,7255.999999999899
2026-09-12 14:16:42.956,0 days 00:30:40.426000,,,0 days 00:01:35.180000,11266.0,217.0,5,100.0,False,0,car,5346.63083333333,0.9967231368031871,OnTrack,5521.210543293586,-1367.6632355888155,7255.999999999807
2026-09-12 14:16:42.974,0 days 00:30:40.444000,,,0 days 00:01:35.198000,11285.221565257143,217.57857554285715,5,100.0,False,0,pos,5347.735198687854,0.9969290134635832,OnTrack,5507.0,-1370.0,7256.0
2026-09-12 14:16:43.088,0 days 00:30:40.558000,,,0 days 00:01:35.312000,11406.957142857143,221.24285714285713,5,100.0,False,0,interpolation,5354.811275973571,0.9982481413720431,OnTrack,5405.939986494456,-1386.7048952599878,7256.000000000594
