Date,SessionTime,DriverAhead,DistanceToDriverAhead,Time,RPM,Speed,nGear,Throttle,Brake,DRS,Source,Distance,RelativeDistance,Status,X,Y,Z
2026-09-12 14:59:07.315,0 days 01:13:04.785000,,697.1466666666666,0 days 00:00:00,11510.09090909091,246.34545454545454,5,100.0,False,0,interpolation,1.4248791000610437,0.0002665638547208569,OnTrack,5476.039808409301,-1375.5021851169602,7255.999999999996
2026-09-12 14:59:07.356,0 days 01:13:04.826000,,697.1466666666666,0 days 00:00:00.041000,11514.749992727273,247.64999796363637,5,100.0,False,0,pos,4.313679260329785,0.0008069954648177947,OnTrack,5448.0,-1380.0,7256.0
2026-09-12 14:59:07.367,0 days 01:13:04.837000,,697.1466666666666,0 days 00:00:00.052000,11516.0,248.0,6,100.0,False,0,car,5.091111111111108,0.0009524360365253603,OnTrack,5440.448899953359,-1381.202070106375,7256.000000000001
2026-09-12 14:59:07.456,0 days 01:13:04.926000,,697.1466666666666,0 days 00:00:00.141000,11611.6749312,251.0593728,6,100.0,False,0,pos,11.418259308246952,0.002136107698736138,OnTrack,5379.0,-1391.0,7256.0
2026-09-12 14:59:07.616,0 days 01:13:05.086000,,697.1466666666666,0 days 00:00:00.301000,11783.6749312,256.5593728,6,100.0,False,0,pos,22.948011667293798,0.004293073319659873,OnTrack,5268.0,-1410.0,7256.0
2026-09-12 14:59:07.687,0 days 01:13:05.157000,81,697.1466666666666,0 days 00:00:00.372000,11860.0,259.0,6,100.0,False,0,car,28.11333333333333,0.005259392535173435,OnTrack,5218.852253877357,-1418.2915843276562,7256.000000000001
2026-09-12 14:59:07.836,0 days 01:13:05.306000,81,697.1052777955555,0 days 00:00:00.521000,11304.9752384,262.2593736,6,100.0,False,0,pos,39.04503928282468,0.007304476694556854,OnTrack,5111.0,-1436.0,7256.0
2026-09-12 14:59:08.007,0 days 01:13:05.477000,81,697.0577777777776,0 days 00:00:00.692000,10668.0,266.0,6,100.0,False,0,car,51.75777777777777,0.0096827532635147,OnTrack,4965.6033027709955,-1459.5188394020847,7256.000000000007
2026-09-12 14:59:08.196,0 days 01:13:05.666000,81,697.1102777599998,0 days 00:00:00.881000,10785.65246016,269.77999872,6,100.0,False,0,pos,66.0355338770417,0.01235381055000376,OnTrack,4789.0,-1488.0,7256.0
2026-09-12 14:59:08.407,0 days 01:13:05.877000,81,697.1688888888887,0 days 00:00:01.092000,10917.0,274.0,7,100.0,False,0,car,82.20222222222222,0.015378245930645842,OnTrack,4588.707750536709,-1520.5474911978606,7255.999999999933
2026-09-12 14:59:08.575,0 days 01:13:06.045000,81,697.3088888888888,0 days 00:00:01.260000,11054.4,277.0,7,100.0,False,0,pos,95.19898354252844,0.01780965698599737,OnTrack,4457.0,-1542.0,7256.0
2026-09-12 14:59:08.687,0 days 01:13:06.157000,81,697.4022222222221,0 days 00:00:01.372000,11146.0,279.0,7,100.0,False,0,car,103.90222222222222,0.019437843441195885,OnTrack,4395.076768440777,-1552.0664661434607,7256.000000000171
2026-09-12 14:59:08.887,0 days 01:13:06.357000,81,697.7355555555553,0 days 00:00:01.572000,11299.0,281.0,7,100.0,False,0,car,119.51333333333332,0.022358342418319698,OnTrack,4311.692842344333,-1565.5729795300238,7256.000000000318
2026-09-12 14:59:08.955,0 days 01:13:06.425000,81,697.8677777777775,0 days 00:00:01.640000,11316.0,282.0625,7,100.0,False,0,pos,124.87167560507433,0.02336077158638582,OnTrack,4272.0,-1572.0,7256.0
2026-09-12 14:59:09.195,0 days 01:13:06.665000,81,698.3344444444442,0 days 00:00:01.880000,11376.0,285.8125,7,100.0,False,0,pos,143.9761434765117,0.026934801550038835,OnTrack,4086.0,-1602.0,7256.0
2026-09-12 14:59:09.207,0 days 01:13:06.677000,81,698.3577777777775,0 days 00:00:01.892000,11379.0,286.0,7,100.0,False,0,car,144.93555555555554,0.027114286660070083,OnTrack,4076.465555057337,-1603.5185997078356,7256.000000000386
2026-09-12 14:59:09.275,0 days 01:13:06.745000,81,698.5655555252642,0 days 00:00:01.960000,11396.658311776464,286.46469241517013,7,100.0,False,0,pos,150.37810980254596,0.02813247005509847,OnTrack,4023.0,-1612.0,7256.0
2026-09-12 14:59:09.515,0 days 01:13:06.985000,81,699.2988887516881,0 days 00:00:02.200000,11458.981765105164,288.10478329224117,7,100.0,False,0,pos,169.65559852347255,0.031738868452385556,OnTrack,3834.0,-1642.0,7256.0
2026-09-12 14:59:09.646,0 days 01:13:07.116000,81,699.6991666666665,0 days 00:00:02.331000,11493.0,289.0,7,100.0,False,0,car,180.17749999999998,0.03370728711784011,OnTrack,3730.3161303489087,-1658.6219081398274,7256.000000287429
2026-09-12 14:59:09.735,0 days 01:13:07.205000,81,700.0699997333331,0 days 00:00:02.420000,11502.34499328,289.0,7,100.0,False,0,pos,187.3183845060693,0.03504319112539607,OnTrack,3660.0,-1670.0,7256.0
2026-09-12 14:59:09.846,0 days 01:13:07.316000,81,700.5324999999998,0 days 00:00:02.531000,11514.0,289.0,7,100.0,False,0,car,196.23305555555555,0.03671093197331621,OnTrack,3572.728170292591,-1684.2636358642956,7255.999998568714
2026-09-12 14:59:10.095,0 days 01:13:07.565000,81,701.9158329777777,0 days 00:00:02.780000,11561.033321244444,290.3833329777778,7,100.0,False,0,pos,216.34429909462418,0.04047330774314426,OnTrack,3375.0,-1716.0,7256.0
2026-09-12 14:59:10.206,0 days 01:13:07.676000,81,702.5324999999999,0 days 00:00:02.891000,11582.0,291.0,7,100.0,False,0,car,225.33305555555555,0.0421549083584317,OnTrack,3283.42891573075,-1729.6344116932228,7256.000008221147
2026-09-12 14:59:10.275,0 days 01:13:07.745000,81,702.9924995733332,0 days 00:00:02.960000,11590.938628072727,291.15681803636363,7,100.0,False,0,pos,230.9227162852547,0.04320061217332137,OnTrack,3227.0,-1738.0,7256.0
2026-09-12 14:59:10.375,0 days 01:13:07.845000,81,703.6591662399999,0 days 00:00:03.060000,11603.893173527273,291.3840907636364,7,100.0,False,0,pos,239.02648956466751,0.04471665170471153,OnTrack,3147.0,-1750.0,7256.0
2026-09-12 14:59:10.575,0 days 01:13:08.045000,81,704.9924995733332,0 days 00:00:03.260000,11629.802264436363,291.8386362181818,7,100.0,False,0,pos,255.25204135747254,0.04775209915472867,OnTrack,2986.0,-1773.0,7256.0
2026-09-12 14:59:10.646,0 days 01:13:08.116000,81,705.4658333333332,0 days 00:00:03.331000,11639.0,292.0,7,100.0,False,0,car,261.02194444444444,0.048831522390119744,OnTrack,2929.115603883796,-1780.866676218573,7255.9989382633585
2026-09-12 14:59:10.775,0 days 01:13:08.245000,81,706.4333328533331,0 days 00:00:03.460000,11655.662491733334,292.53749973333333,7,100.0,False,0,pos,271.5188437924439,0.05079526370171573,OnTrack,2826.0,-1795.0,7256.0
2026-09-12 14:59:10.886,0 days 01:13:08.356000,81,707.2658333333331,0 days 00:00:03.571000,11670.0,293.0,7,100.0,False,0,car,280.5552777777778,0.05248578374370243,OnTrack,2736.8051784159975,-1807.345648989967,7256.011532620182
2026-09-12 14:59:11.035,0 days 01:13:08.505000,81,708.4661105955555,0 days 00:00:03.720000,11685.8312432,293.0,7,100.0,False,0,pos,292.6817653409093,0.05475438552817269,OnTrack,2616.0,-1824.0,7256.0
2026-09-12 14:59:11.046,0 days 01:13:08.516000,81,708.5547222222222,0 days 00:00:03.731000,11687.0,293.0,7,100.0,False,0,car,293.5775,0.05492195797942421,OnTrack,2607.0127287957444,-1825.2212947568592,7255.995466639431
2026-09-12 14:59:11.206,0 days 01:13:08.676000,81,709.9769444444444,0 days 00:00:03.891000,11687.0,293.0,7,100.0,False,0,car,306.5997222222222,0.057358132215146,OnTrack,2476.305734916754,-1842.7902597281725,7255.929243643502
2026-09-12 14:59:11.255,0 days 01:13:08.725000,81,710.4805548977777,0 days 00:00:03.940000,11683.08000512,292.26500096,7,100.0,False,0,pos,310.5682809555374,0.05810056314391272,OnTrack,2438.0,-1848.0,7256.0
2026-09-12 14:59:11.406,0 days 01:13:08.876000,81,712.0324999999998,0 days 00:00:04.091000,11671.0,290.0,7,100.0,False,0,car,322.71083333333337,0.06037217030541613,OnTrack,2326.9798902122084,-1863.4837496124842,7256.612574266154
2026-09-12 14:59:11.515,0 days 01:13:08.985000,81,713.6372215999444,0 days 00:00:04.200000,11497.143369598678,285.58567149371646,7,66.0436268747418,False,0,pos,331.37219931746773,0.06199252329099929,OnTrack,2230.0,-1877.0,7257.0
2026-09-12 14:59:11.727,0 days 01:13:09.197000,81,716.7583333333333,0 days 00:00:04.412000,11159.0,277.0,7,0.0,False,0,car,347.41,0.06499284659632215,OnTrack,1989.2555746430285,-1910.0040514476445,7257.002259424414
2026-09-12 14:59:11.735,0 days 01:13:09.205000,81,717.0094444444444,0 days 00:00:04.420000,11142.272727272728,275.96363636363634,7,0.0,False,0,pos,347.97296118329916,0.06509816437596534,OnTrack,1982.0,-1911.0,7257.0
2026-09-12 14:59:12.075,0 days 01:13:09.545000,81,727.6816666666665,0 days 00:00:04.760000,10431.363636363636,231.91818181818184,7,0.0,False,0,pos,369.1584326401113,0.06906150479927886,OnTrack,1817.0,-1934.0,7257.0
2026-09-12 14:59:12.167,0 days 01:13:09.637000,81,730.5694444444442,0 days 00:00:04.852000,10239.0,220.0,7,0.0,True,0,car,374.29888888888894,0.07002317223663507,OnTrack,1763.7030885461136,-1941.4210186560724,7256.837467099224
2026-09-12 14:59:12.275,0 days 01:13:09.745000,81,735.0094444444443,0 days 00:00:04.960000,10572.45,208.525,7,0.0,True,0,pos,380.1098647979953,0.07111027930273987,OnTrack,1696.0,-1951.0,7257.0
2026-09-12 14:59:12.395,0 days 01:13:09.865000,81,739.9427777777776,0 days 00:00:05.080000,10942.95,195.775,7,0.0,True,0,pos,386.2865996058323,0.07226581189486996,OnTrack,1629.0,-1961.0,7258.0
2026-09-12 14:59:12.487,0 days 01:13:09.957000,81,743.7249999999998,0 days 00:00:05.172000,11227.0,186.0,7,0.0,True,0,car,390.83222222222224,0.07311619891133984,OnTrack,1581.5046923102632,-1968.5656456519102,7258.059720128337
2026-09-12 14:59:12.675,0 days 01:13:10.145000,81,752.4461111111109,0 days 00:00:05.360000,10167.62,169.08,7,0.0,True,0,pos,399.62473195344006,0.07476108603651677,OnTrack,1493.0,-1985.0,7257.0
2026-09-12 14:59:12.687,0 days 01:13:10.157000,81,753.0027777777775,0 days 00:00:05.372000,10100.0,168.0,6,0.0,True,0,car,400.16555555555556,0.07486226235673772,OnTrack,1487.683547953223,-1986.166620295528,7256.975979428519
2026-09-12 14:59:12.875,0 days 01:13:10.345000,81,762.3505555555553,0 days 00:00:05.560000,11031.54,156.72,6,0.0,True,0,pos,408.3311951430604,0.07638987572731298,OnTrack,1409.0,-2007.0,7257.0
2026-09-12 14:59:12.887,0 days 01:13:10.357000,81,762.947222222222,0 days 00:00:05.572000,11091.0,156.0,4,0.0,True,0,car,408.83222222222224,0.07648360698460717,OnTrack,1404.207190707605,-2008.5676798587465,7256.970267360477
2026-09-12 14:59:13.087,0 days 01:13:10.557000,81,773.5583333333333,0 days 00:00:05.772000,10378.0,144.0,3,0.0,True,0,car,416.83222222222224,0.0779802327949482,OnTrack,1331.3524183997536,-2037.8378456037499,7256.015599494014
2026-09-12 14:59:13.095,0 days 01:13:10.565000,81,774.005,0 days 00:00:05.780000,10356.171428571428,143.65714285714284,3,0.0,True,0,pos,417.1394461761157,0.0780377077073172,OnTrack,1329.0,-2039.0,7256.0
2026-09-12 14:59:13.355,0 days 01:13:10.825000,81,788.5216666666665,0 days 00:00:06.040000,9646.742857142857,132.5142857142857,3,0.0,True,0,pos,426.67325308627306,0.07982127539388582,OnTrack,1269.0,-2079.0,7256.0
2026-09-12 14:59:13.367,0 days 01:13:10.837000,81,789.1916666666665,0 days 00:00:06.052000,9614.0,132.0,3,0.0,True,0,car,427.0988888888889,0.07990090258488584,OnTrack,1265.7647111506542,-2081.454126722259,7255.904747702703
2026-09-12 14:59:13.456,0 days 01:13:10.926000,81,794.2597185777777,0 days 00:00:06.141000,9453.8001152,129.7750016,3,0.0,True,0,pos,430.2248852467817,0.08048570843891764,OnTrack,1240.0,-2102.0,7255.0
2026-09-12 14:59:13.687,0 days 01:13:11.157000,81,807.4138888888888,0 days 00:00:06.372000,9038.0,124.0,3,0.0,True,0,car,438.12111111111113,0.08196292036802239,OnTrack,1179.854930180034,-2174.4309170157426,7254.869178721398
2026-09-12 14:59:13.756,0 days 01:13:11.226000,81,811.4197185066666,0 days 00:00:06.441000,9007.812528,122.2750016,3,0.8624991999999999,True,0,pos,440.4357552837758,0.08239593989434306,OnTrack,1165.0,-2200.0,7255.0
2026-09-12 14:59:13.847,0 days 01:13:11.317000,81,816.7027777777778,0 days 00:00:06.532000,8968.0,120.0,3,2.0,False,0,car,443.45444444444445,0.08296067090824973,OnTrack,1147.8958333613316,-2235.932311294504,7255.081047453652
2026-09-12 14:59:14.076,0 days 01:13:11.546000,81,829.8702740977777,0 days 00:00:06.761000,8846.957176685713,117.54642925714286,3,8.542855314285715,False,0,pos,450.8895323901316,0.0843516139734586,OnTrack,1117.0,-2324.0,7255.0
2026-09-12 14:59:14.127,0 days 01:13:11.597000,81,832.8027777777777,0 days 00:00:06.812000,8820.0,117.0,3,10.0,False,0,car,452.55444444444447,0.08466308276751265,OnTrack,1112.3668658592137,-2338.819666107301,7254.982820408956
2026-09-12 14:59:14.367,0 days 01:13:11.837000,81,846.2027777777777,0 days 00:00:07.052000,9214.0,119.0,3,25.0,False,0,car,460.4877777777778,0.08614723669610085,OnTrack,1099.6853181334463,-2386.5553805955456,7254.94968073337
2026-09-12 14:59:14.496,0 days 01:13:11.966000,81,853.2261076266666,0 days 00:00:07.181000,8854.4126784,118.1937504,3,4.843759999999999,False,0,pos,464.7186222790964,0.08693873558112744,OnTrack,1091.0,-2416.0,7255.0
2026-09-12 14:59:14.527,0 days 01:13:11.997000,81,854.9138888888888,0 days 00:00:07.212000,8768.0,118.0,3,0.0,True,0,car,465.7322222222223,0.08712835806065775,OnTrack,1088.3305095746941,-2424.3707641543547,7255.0208987611795
2026-09-12 14:59:14.687,0 days 01:13:12.157000,81,863.4027777777776,0 days 00:00:07.372000,8496.0,117.0,3,0.0,True,0,car,470.93222222222226,0.08810116483737941,OnTrack,1070.809236079363,-2474.1872733468977,7255.095205392403
2026-09-12 14:59:14.736,0 days 01:13:12.206000,81,865.9888855111109,0 days 00:00:07.421000,8451.16505856,116.02000128,3,0.0,True,0,pos,472.49349308493146,0.08839324462113743,OnTrack,1064.0,-2490.0,7255.0
2026-09-12 14:59:14.887,0 days 01:13:12.357000,81,873.958333333333,0 days 00:00:07.572000,8313.0,113.0,3,0.0,False,0,car,477.21000000000004,0.08927560036910537,OnTrack,1038.539709046758,-2538.4314337170645,7254.234152401143
2026-09-12 14:59:15.035,0 days 01:13:12.505000,81,881.769444444444,0 days 00:00:07.720000,8214.025,110.225,3,0.0,False,0,pos,481.7365848372416,0.09012242583161961,OnTrack,1010.0,-2579.0,7253.0
2026-09-12 14:59:15.047,0 days 01:13:12.517000,81,882.4027777777774,0 days 00:00:07.732000,8206.0,110.0,3,0.0,False,0,car,482.09888888888895,0.09019020503098044,OnTrack,1007.6569459090757,-2581.714938280495,7252.887835939119
2026-09-12 14:59:15.367,0 days 01:13:12.837000,81,898.9361111111108,0 days 00:00:08.052000,8384.0,107.0,3,6.0,False,0,car,491.61000000000007,0.09196952682771922,OnTrack,940.8494002553131,-2630.19616065558,7250.050502027175
2026-09-12 14:59:15.395,0 days 01:13:12.865000,81,900.2894444444441,0 days 00:00:08.080000,8387.966666666667,107.35,3,7.633333333333334,False,0,pos,492.45422362699856,0.09212746268645243,OnTrack,934.0,-2634.0,7250.0
2026-09-12 14:59:15.495,0 days 01:13:12.965000,81,905.1227777777775,0 days 00:00:08.180000,8402.133333333333,108.6,3,13.466666666666667,False,0,pos,495.49968432923447,0.09269720207287063,OnTrack,907.0,-2648.0,7250.0
2026-09-12 14:59:15.607,0 days 01:13:13.077000,81,910.5361111111108,0 days 00:00:08.292000,8418.0,110.0,3,20.0,False,0,car,498.9433333333334,0.09334143382053182,OnTrack,866.5904250615691,-2663.705946127357,7249.062649958624
2026-09-12 14:59:15.815,0 days 01:13:13.285000,81,919.3761111111107,0 days 00:00:08.500000,8638.35,111.95,3,26.5,False,0,pos,505.3957078000932,0.0945485325911491,OnTrack,784.0,-2688.0,7246.0
2026-09-12 14:59:15.927,0 days 01:13:13.397000,81,924.1361111111107,0 days 00:00:08.612000,8757.0,113.0,3,30.0,False,0,car,508.98777777777786,0.09522053067129335,OnTrack,754.6487040031857,-2694.725731176646,7245.198587698578
2026-09-12 14:59:16.155,0 days 01:13:13.625000,81,930.7227777777773,0 days 00:00:08.840000,9182.057142857142,121.14285714285714,3,43.02857142857143,False,0,pos,516.6990155515289,0.0966631353565274,OnTrack,707.0,-2701.0,7245.0
2026-09-12 14:59:16.207,0 days 01:13:13.677000,81,932.2249999999995,0 days 00:00:08.892000,9279.0,123.0,3,46.0,False,0,car,518.5544444444445,0.09701024570282615,OnTrack,691.7269112549216,-2703.009051952581,7245.049669377298
2026-09-12 14:59:16.315,0 days 01:13:13.785000,81,933.5449998075621,0 days 00:00:09,9686.152560232884,127.4282453680918,3,56.57858615710817,False,0,pos,522.5362282499534,0.09775515075464146,OnTrack,653.0,-2708.0,7245.0
2026-09-12 14:59:16.635,0 days 01:13:14.105000,81,937.4561103484886,0 days 00:00:09.320000,10892.530516478468,140.54897238466006,3,87.92254514113237,False,0,pos,535.2878672151264,0.10014070475457003,OnTrack,498.0,-2725.0,7242.0
2026-09-12 14:59:16.646,0 days 01:13:14.116000,81,937.590555555555,0 days 00:00:09.331000,10934.0,141.0,3,89.0,False,0,car,535.7486111111111,0.100226899905406,OnTrack,493.95162057482685,-2725.382813624517,7241.9479755521015
2026-09-12 14:59:16.935,0 days 01:13:14.405000,81,937.6708333155551,0 days 00:00:09.620000,10683.8344304,156.3531216,3,98.9343728,False,0,pos,548.3770690214968,0.10258940941209206,OnTrack,415.0,-2730.0,7242.0
2026-09-12 14:59:16.966,0 days 01:13:14.436000,81,937.679444444444,0 days 00:00:09.651000,10657.0,158.0,3,100.0,False,0,car,549.7930555555556,0.10285430966133803,OnTrack,403.3782196122733,-2730.3353912501143,7241.910000209118
2026-09-12 14:59:17.126,0 days 01:13:14.596000,81,936.6572222222218,0 days 00:00:09.811000,10798.0,169.0,4,100.0,False,0,car,557.3041666666667,0.10425947500549154,OnTrack,329.89167445775934,-2731.335774151161,7241.0904721519555
2026-09-12 14:59:17.155,0 days 01:13:14.625000,81,936.3269451733329,0 days 00:00:09.840000,10891.08979456,170.4499968,4,100.0,False,0,pos,558.7075661868139,0.10452202049850061,OnTrack,316.0,-2731.0,7241.0
2026-09-12 14:59:17.315,0 days 01:13:14.785000,81,934.5047229511107,0 days 00:00:10,11404.68979456,178.4499968,4,100.0,False,0,pos,566.6863538620088,0.10601467794474156,OnTrack,240.0,-2726.0,7241.0
2026-09-12 14:59:17.326,0 days 01:13:14.796000,81,934.3794444444441,0 days 00:00:10.011000,11440.0,179.0,4,100.0,False,0,car,567.2486111111111,0.10611986403362379,OnTrack,234.84164692047983,-2725.5362071060727,7241.021164699277
2026-09-12 14:59:17.566,0 days 01:13:15.036000,81,930.6461111111108,0 days 00:00:10.251000,12124.0,189.0,4,100.0,False,0,car,579.8486111111112,0.10847704968491093,OnTrack,115.4719614048184,-2707.392995452465,7241.953411269276
2026-09-12 14:59:17.575,0 days 01:13:15.045000,81,930.4811122844442,0 days 00:00:10.260000,12114.28006912,189.17999872,4,100.0,False,0,pos,580.325691167348,0.1085663009756313,OnTrack,110.0,-2706.0,7242.0
2026-09-12 14:59:17.766,0 days 01:13:15.236000,81,926.979444444444,0 days 00:00:10.451000,11908.0,193.0,4,100.0,False,0,car,590.5708333333334,0.11048294400015968,OnTrack,-26.50319297990462,-2662.0977489926972,7243.147075707284
2026-09-12 14:59:17.875,0 days 01:13:15.345000,81,924.284723804444,0 days 00:00:10.560000,11699.1969976,198.4499968,4,100.0,False,0,pos,596.7220506210851,0.11163370281989282,OnTrack,-96.0,-2636.0,7244.0
2026-09-12 14:59:18.086,0 days 01:13:15.556000,81,919.0683333333329,0 days 00:00:10.771000,11295.0,209.0,5,100.0,False,0,car,609.1486111111112,0.11395844171528496,OnTrack,-177.2239780716178,-2598.961861087009,7246.148901723202
2026-09-12 14:59:18.235,0 days 01:13:15.705000,81,915.0122226729462,0 days 00:00:10.920000,11547.781066437752,214.93034759971266,5,100.0,False,0,pos,618.0873563266505,0.11563068631548976,OnTrack,-231.0,-2567.0,7248.0
2026-09-12 14:59:18.287,0 days 01:13:15.757000,81,913.5966666666664,0 days 00:00:10.972000,11636.0,217.0,5,100.0,False,0,car,621.2644444444445,0.11622505032534206,OnTrack,-254.83133920873405,-2552.2592123112872,7248.701836423111
2026-09-12 14:59:18.375,0 days 01:13:15.845000,81,911.0055555555552,0 days 00:00:11.060000,11694.422222222222,219.93333333333334,5,100.0,False,0,pos,626.7272277212807,0.1172470181313936,OnTrack,-302.0,-2521.0,7250.0
2026-09-12 14:59:18.647,0 days 01:13:16.117000,81,902.9966666666662,0 days 00:00:11.332000,11875.0,229.0,5,100.0,False,0,car,644.1644444444446,0.12050914170744327,OnTrack,-491.0046098612953,-2366.6292731501226,7254.8760126196885
2026-09-12 14:59:18.655,0 days 01:13:16.125000,81,902.7455555555551,0 days 00:00:11.340000,11848.57142857143,229.22857142857143,5,100.0,False,0,pos,644.6848195850583,0.12060649256575606,OnTrack,-496.0,-2362.0,7255.0
2026-09-12 14:59:18.927,0 days 01:13:16.397000,81,894.2077777777773,0 days 00:00:11.612000,10950.0,237.0,6,100.0,False,0,car,662.5977777777779,0.12395761701210405,OnTrack,-623.590100877552,-2220.858548944314,7257.971075379026
2026-09-12 14:59:19.095,0 days 01:13:16.565000,81,888.7477777777772,0 days 00:00:11.780000,11101.9,241.2,6,100.0,False,0,pos,673.8805453021936,0.12606837714824382,OnTrack,-677.0,-2150.0,7259.0
2026-09-12 14:59:19.167,0 days 01:13:16.637000,81,886.4077777777771,0 days 00:00:11.852000,11167.0,243.0,6,100.0,False,0,car,678.7977777777779,0.12698828427804465,OnTrack,-696.5889224640907,-2123.537788864082,7259.320327542882
2026-09-12 14:59:19.447,0 days 01:13:16.917000,81,877.6966666666661,0 days 00:00:12.132000,11457.0,252.0,6,100.0,False,0,car,698.3977777777778,0.13065501751338016,OnTrack,-766.5854104226112,-2022.851787445723,7260.496808554299
2026-09-12 14:59:19.555,0 days 01:13:17.025000,81,874.6666666666661,0 days 00:00:12.240000,11574.45,253.8,6,100.0,False,0,pos,706.0398884293213,0.13208469001920292,OnTrack,-813.0,-1950.0,7262.0
2026-09-12 14:59:19.687,0 days 01:13:17.157000,81,870.9633333333327,0 days 00:00:12.372000,11718.0,256.0,6,100.0,False,0,car,715.4644444444446,0.1338478192421077,OnTrack,-888.7983317836963,-1828.4022571099674,7264.839594380115
2026-09-12 14:59:19.755,0 days 01:13:17.225000,81,869.0933333333327,0 days 00:00:12.440000,11519.383333333333,257.98333333333335,6,100.0,False,0,pos,720.3804924055923,0.13476750477504876,OnTrack,-922.0,-1775.0,7266.0
2026-09-12 14:59:19.927,0 days 01:13:17.397000,81,864.3633333333328,0 days 00:00:12.612000,11017.0,263.0,6,100.0,False,0,car,732.9977777777779,0.13712792414310512,OnTrack,-963.7948727721354,-1708.4502467664934,7266.734352438444
2026-09-12 14:59:20.015,0 days 01:13:17.485000,81,862.1633333333328,0 days 00:00:12.700000,11065.155555555555,265.2,6,100.0,False,0,pos,739.5512700793606,0.13835393985890765,OnTrack,-984.0,-1676.0,7267.0
2026-09-12 14:59:20.276,0 days 01:13:17.746000,81,855.6383349333329,0 days 00:00:12.961000,11207.980520533334,271.7249984,6,100.0,False,0,pos,759.3527453287819,0.14205836472654673,OnTrack,-1085.0,-1511.0,7270.0
2026-09-12 14:59:20.287,0 days 01:13:17.757000,81,855.3633333333329,0 days 00:00:12.972000,11214.0,272.0,7,100.0,False,0,car,760.1977777777778,0.1422164518982646,OnTrack,-1089.408060182392,-1503.7372491632643,7270.1757835802255
2026-09-12 14:59:20.456,0 days 01:13:17.926000,81,851.1383349333329,0 days 00:00:13.141000,11229.08928,276.8285696,7,100.0,False,0,pos,773.2834805836077,0.14466450196897174,OnTrack,-1155.0,-1395.0,7273.0
2026-09-12 14:59:20.567,0 days 01:13:18.037000,81,848.3633333333329,0 days 00:00:13.252000,11239.0,280.0,7,100.0,False,0,car,781.9755555555556,0.1462905999375263,OnTrack,-1199.1991235593355,-1321.1426913586104,7274.337075839445
2026-09-12 14:59:20.727,0 days 01:13:18.197000,81,844.4966666666662,0 days 00:00:13.412000,11418.0,285.0,7,100.0,False,0,car,794.6422222222222,0.14866025747056624,OnTrack,-1263.3684445249455,-1213.3468530444618,7275.616181406588
2026-09-12 14:59:20.776,0 days 01:13:18.246000,81,843.3669459199996,0 days 00:00:13.461000,11436.12997632,285.97999872,7,100.0,False,0,pos,798.5644534120997,0.14939402152467812,OnTrack,-1282.0,-1182.0,7276.0
2026-09-12 14:59:20.976,0 days 01:13:18.446000,81,838.7558348088885,0 days 00:00:13.661000,11510.12997632,289.97999872,7,100.0,False,0,pos,814.7922054919804,0.15242988060049875,OnTrack,-1363.0,-1046.0,7278.0
2026-09-12 14:59:21.127,0 days 01:13:18.597000,81,835.274444444444,0 days 00:00:13.812000,11566.0,293.0,7,100.0,False,0,car,827.1977777777777,0.15475069305987071,OnTrack,-1460.9337728115229,-883.3300577101012,7281.127272821992
2026-09-12 14:59:21.176,0 days 01:13:18.646000,81,834.171945884444,0 days 00:00:13.861000,11410.950202514287,294.0499986285714,7,100.0,False,0,pos,831.2442505874697,0.15550770001584924,OnTrack,-1489.0,-837.0,7282.0
2026-09-12 14:59:21.407,0 days 01:13:18.877000,81,828.9744444444439,0 days 00:00:14.092000,10680.0,299.0,7,100.0,False,0,car,850.4533333333334,0.15910130114465376,OnTrack,-1557.9767881416449,-725.9044590882485,7283.567494336294
2026-09-12 14:59:21.556,0 days 01:13:19.026000,81,825.6633347555548,0 days 00:00:14.241000,10809.133277866667,301.48333226666665,7,100.0,False,0,pos,862.9533424090927,0.16143978067118855,OnTrack,-1612.0,-641.0,7285.0
2026-09-12 14:59:21.647,0 days 01:13:19.117000,81,823.6411111111104,0 days 00:00:14.332000,10888.0,303.0,8,100.0,False,0,car,870.6533333333334,0.16288028131576485,OnTrack,-1666.9863609636348,-553.820791379686,7286.784695964696
2026-09-12 14:59:21.795,0 days 01:13:19.265000,81,820.3111111111104,0 days 00:00:14.480000,10996.885714285714,306.1714285714286,8,100.0,False,0,pos,883.3094772194166,0.1652479702656776,OnTrack,-1765.0,-398.0,7290.0
2026-09-12 14:59:21.927,0 days 01:13:19.397000,81,817.3411111111104,0 days 00:00:14.612000,11094.0,309.0,8,100.0,False,0,car,894.6866666666667,0.16737639468766435,OnTrack,-1821.039411065744,-308.80401661936367,7291.461898151167
2026-09-12 14:59:22.127,0 days 01:13:19.597000,81,812.8966666666661,0 days 00:00:14.812000,11205.0,312.0,8,100.0,False,0,car,912.02,0.17061908394340325,OnTrack,-1875.1396328640076,-222.48719717897313,7292.456529451151
2026-09-12 14:59:22.175,0 days 01:13:19.645000,81,811.8299999999994,0 days 00:00:14.860000,11221.8,312.6857142857143,8,100.0,False,0,pos,916.2088798268163,0.17140273215155702,OnTrack,-1893.0,-194.0,7293.0
2026-09-12 14:59:22.355,0 days 01:13:19.825000,81,807.8299999999994,0 days 00:00:15.040000,11284.8,315.25714285714287,8,100.0,False,0,pos,932.0155879534773,0.174359823071418,OnTrack,-1976.0,-62.0,7296.0
2026-09-12 14:59:22.407,0 days 01:13:19.877000,81,806.6744444444438,0 days 00:00:15.092000,11303.0,316.0,8,100.0,False,0,car,936.5977777777779,0.17521705101628432,OnTrack,-2000.4664904396964,-23.50749550921487,7296.892473588668
2026-09-12 14:59:22.475,0 days 01:13:19.945000,81,805.0877777777771,0 days 00:00:15.160000,11325.1,316.68,8,100.0,False,0,pos,942.5976088337235,0.17633948876828603,OnTrack,-2032.0,26.0,7298.0
2026-09-12 14:59:22.607,0 days 01:13:20.077000,81,802.0077777777772,0 days 00:00:15.292000,11368.0,318.0,8,100.0,False,0,car,954.2644444444445,0.17852209968078742,OnTrack,-2092.2007232977016,121.23267075572599,7299.869376203029
2026-09-12 14:59:22.767,0 days 01:13:20.237000,81,798.1411111111105,0 days 00:00:15.452000,11447.0,319.0,8,100.0,False,0,car,968.4422222222223,0.18117445320022516,OnTrack,-2165.7780407965606,238.87035708472303,7301.816928617398
2026-09-12 14:59:22.855,0 days 01:13:20.325000,81,795.2566668866951,0 days 00:00:15.540000,11468.082239154632,319.7342073337434,8,100.0,False,0,pos,976.2907369518198,0.18264273941486983,OnTrack,-2210.0,310.0,7303.0
2026-09-12 14:59:23.606,0 days 01:13:21.076000,81,770.6405555555548,0 days 00:00:16.291000,11648.0,326.0,8,100.0,False,0,car,1044.4183333333335,0.1953879293075035,OnTrack,-2648.7514696071926,1024.0364955292503,7315.477262748248
2026-09-12 14:59:23.755,0 days 01:13:21.225000,81,764.8461135999993,0 days 00:00:16.440000,11682.145818666666,326.62083306666665,8,100.0,False,0,pos,1057.9489457073214,0.19791921227108222,OnTrack,-2700.0,1108.0,7317.0
2026-09-12 14:59:23.846,0 days 01:13:21.316000,81,761.3072222222215,0 days 00:00:16.531000,11703.0,327.0,8,100.0,False,0,car,1066.2183333333335,0.1994662346406828,OnTrack,-2721.185706024924,1142.827204323467,7317.646879624018
2026-09-12 14:59:24.035,0 days 01:13:21.505000,81,752.434725226666,0 days 00:00:16.720000,11739.0281128,327.5906248,8,100.0,False,0,pos,1083.430277419306,0.2026862146113345,OnTrack,-2762.0,1214.0,7319.0
2026-09-12 14:59:24.166,0 days 01:13:21.636000,81,746.2849999999994,0 days 00:00:16.851000,11764.0,328.0,8,100.0,False,0,car,1095.373888888889,0.20492060426059233,OnTrack,-2814.663633069219,1311.2461720478702,7320.823136581021
2026-09-12 14:59:24.295,0 days 01:13:21.765000,81,739.4050034133327,0 days 00:00:16.980000,11717.2375232,328.0,8,100.0,False,0,pos,1107.1364383208809,0.2071211211450087,OnTrack,-2871.0,1422.0,7323.0
2026-09-12 14:59:24.406,0 days 01:13:21.876000,81,733.4849999999992,0 days 00:00:17.091000,11677.0,328.0,8,100.0,False,0,car,1117.2405555555558,0.2090113814755245,OnTrack,-2912.3553239437097,1513.5181730605593,7324.857053766162
2026-09-12 14:59:24.415,0 days 01:13:21.885000,81,732.9675036799993,0 days 00:00:17.100000,11677.76499456,327.95500032,8,100.0,False,0,pos,1118.0584624643313,0.20916439404929066,OnTrack,-2916.0,1522.0,7325.0
2026-09-12 14:59:24.755,0 days 01:13:22.225000,81,713.4175036799992,0 days 00:00:17.440000,11706.66499456,326.25500032,8,100.0,False,0,pos,1148.8460277578201,0.2149240771562651,OnTrack,-3079.0,1927.0,7329.0
2026-09-12 14:59:24.806,0 days 01:13:22.276000,81,710.4849999999992,0 days 00:00:17.491000,11711.0,326.0,8,100.0,False,0,car,1153.462777777778,0.21578777056123527,OnTrack,-3095.0642392099303,1968.813277998628,7329.277312854517
2026-09-12 14:59:25.135,0 days 01:13:22.605000,81,690.470833678448,0 days 00:00:17.820000,11623.509696799503,326.0,8,100.0,False,0,pos,1183.2619979321526,0.2213625558126192,OnTrack,-3150.0,2133.0,7330.0
2026-09-12 14:59:25.167,0 days 01:13:22.637000,81,688.5241666666659,0 days 00:00:17.852000,11615.0,326.0,8,100.0,False,0,car,1186.1533333333336,0.22190346171108927,OnTrack,-3157.1348597118636,2156.24214778605,7330.178514600965
2026-09-12 14:59:25.355,0 days 01:13:22.825000,81,676.8786111111104,0 days 00:00:18.040000,11565.65,324.43333333333334,8,100.0,False,0,pos,1203.0925517060411,0.2250724206390389,OnTrack,-3207.0,2323.0,7332.0
2026-09-12 14:59:25.407,0 days 01:13:22.877000,81,673.6574999999993,0 days 00:00:18.092000,11552.0,324.0,8,100.0,False,0,car,1207.7533333333336,0.22594435139901003,OnTrack,-3220.1515455500557,2370.028125346262,7332.834851617225
2026-09-12 14:59:25.635,0 days 01:13:23.105000,81,659.4708333333327,0 days 00:00:18.320000,11441.257142857143,320.74285714285713,8,100.0,False,0,pos,1228.041262481935,0.22973978119928087,OnTrack,-3271.0,2567.0,7337.0
2026-09-12 14:59:25.687,0 days 01:13:23.157000,81,656.2352777777771,0 days 00:00:18.372000,11416.0,320.0,8,100.0,False,0,car,1232.6422222222225,0.2306005205867377,OnTrack,-3281.0949671959625,2608.137636409986,7337.510143034879
2026-09-12 14:59:25.855,0 days 01:13:23.325000,81,645.7819444444439,0 days 00:00:18.540000,11336.2,317.9,8,100.0,False,0,pos,1247.451603967452,0.2333710334561257,OnTrack,-3314.0,2757.0,7339.0
2026-09-12 14:59:25.927,0 days 01:13:23.397000,81,641.301944444444,0 days 00:00:18.612000,11302.0,317.0,8,100.0,False,0,car,1253.7755555555557,0.23455410710238855,OnTrack,-3331.666874072953,2850.5318100381496,7340.622167336764
2026-09-12 14:59:26.055,0 days 01:13:23.525000,81,633.3730555555549,0 days 00:00:18.740000,11258.48,315.72,8,100.0,False,0,pos,1264.9868228099692,0.2366514910948369,OnTrack,-3361.0,3017.0,7344.0
2026-09-12 14:59:26.127,0 days 01:13:23.597000,81,628.9130555555548,0 days 00:00:18.812000,11234.0,315.0,8,100.0,False,0,car,1271.275555555556,0.23782797606250958,OnTrack,-3369.6031487288656,3070.2973794137033,7345.190170133707
2026-09-12 14:59:26.295,0 days 01:13:23.765000,81,618.6463888888883,0 days 00:00:18.980000,11182.2,313.6,8,100.0,False,0,pos,1285.8993058765504,0.2405637613343075,OnTrack,-3377.0,3138.0,7347.0
2026-09-12 14:59:26.367,0 days 01:13:23.837000,81,614.2463888888883,0 days 00:00:19.052000,11160.0,313.0,8,100.0,False,0,car,1292.1422222222225,0.2417316750511491,OnTrack,-3382.068372649051,3186.5141836050643,7348.1811512302575
2026-09-12 14:59:26.527,0 days 01:13:23.997000,81,604.6463888888882,0 days 00:00:19.212000,11090.0,311.0,8,100.0,False,0,car,1305.9644444444448,0.24431751186790499,OnTrack,-3395.4674917044567,3336.519429188407,7351.787877892455
2026-09-12 14:59:26.535,0 days 01:13:24.005000,81,604.1819444444437,0 days 00:00:19.220000,11088.4,310.95,8,100.0,False,0,pos,1306.6543829860059,0.24444658434651118,OnTrack,-3396.0,3345.0,7352.0
2026-09-12 14:59:26.687,0 days 01:13:24.157000,81,595.3574999999992,0 days 00:00:19.372000,11058.0,310.0,8,100.0,False,0,car,1319.7422222222226,0.24689503409682567,OnTrack,-3403.052496197962,3522.3964568380065,7356.595352670005
2026-09-12 14:59:26.876,0 days 01:13:24.346000,81,585.2250034311103,0 days 00:00:19.561000,10995.000021333333,308.42500053333333,8,100.0,False,0,pos,1335.9301384583687,0.24992344075365752,OnTrack,-3404.0,3740.0,7362.0
2026-09-12 14:59:27.047,0 days 01:13:24.517000,81,576.0574999999992,0 days 00:00:19.732000,10938.0,307.0,8,100.0,False,0,car,1350.4422222222227,0.2526383356440094,OnTrack,-3397.732951727181,3880.9634622512967,7364.513545986054
2026-09-12 14:59:27.236,0 days 01:13:24.706000,81,566.6075031999992,0 days 00:00:19.921000,10682.8500864,302.8656264,8,100.0,False,0,pos,1366.2843581369598,0.2556020543316251,OnTrack,-3387.0,3995.0,7366.0
2026-09-12 14:59:27.367,0 days 01:13:24.837000,81,560.0574999999992,0 days 00:00:20.052000,10506.0,300.0,8,100.0,False,0,car,1377.1088888888894,0.25762708834514614,OnTrack,-3379.963235433249,4062.22081174057,7367.151199019221
2026-09-12 14:59:27.576,0 days 01:13:25.046000,81,550.4202807288882,0 days 00:00:20.261000,10406.0719056,294.7750016,8,100.0,False,0,pos,1394.0835713103386,0.26080268182443156,OnTrack,-3361.0,4187.0,7369.0
2026-09-12 14:59:27.687,0 days 01:13:25.157000,81,545.3019444444437,0 days 00:00:20.372000,10353.0,292.0,8,100.0,False,0,car,1403.064444444445,0.26248280764091925,OnTrack,-3341.149176407721,4288.339400903638,7369.849986093236
2026-09-12 14:59:27.876,0 days 01:13:25.346000,81,537.0594472355551,0 days 00:00:20.561000,10186.68005632,287.2750016,8,5.5000320000000045,False,0,pos,1418.1765435611985,0.26530995233923993,OnTrack,-3296.0,4484.0,7371.0
2026-09-12 14:59:27.887,0 days 01:13:25.357000,81,536.5797222222218,0 days 00:00:20.572000,10177.0,287.0,8,0.0,True,0,car,1419.0088888888893,0.26546566602680727,OnTrack,-3293.187172476377,4494.3830039331215,7371.051110305049
2026-09-12 14:59:28.235,0 days 01:13:25.705000,81,526.8163888888886,0 days 00:00:20.920000,9147.5,241.56666666666666,8,0.0,True,0,pos,1442.2645704497977,0.2698162976844482,OnTrack,-3205.0,4754.0,7372.0
2026-09-12 14:59:28.247,0 days 01:13:25.717000,81,526.4797222222219,0 days 00:00:20.932000,9112.0,240.0,8,0.0,True,0,car,1443.0088888888893,0.26995554345783035,OnTrack,-3202.6967827356816,4760.288584225483,7372.026749770089
2026-09-12 14:59:28.407,0 days 01:13:25.877000,81,523.3686111111108,0 days 00:00:21.092000,8735.0,217.0,8,0.0,True,0,car,1452.6533333333336,0.27175980901807484,OnTrack,-3178.6754959183168,4826.376018538962,7372.393355273331
2026-09-12 14:59:28.607,0 days 01:13:26.077000,81,521.1463888888886,0 days 00:00:21.292000,9993.0,195.0,8,0.0,True,0,car,1463.4866666666671,0.27378648980291165,OnTrack,-3151.8448561275377,4896.135818690336,7372.878725289077
2026-09-12 14:59:28.655,0 days 01:13:26.125000,81,521.1463888888886,0 days 00:00:21.340000,10092.3,190.95,8,0.0,True,0,pos,1465.8842039819092,0.2742350168313175,OnTrack,-3142.0,4920.0,7373.0
2026-09-12 14:59:28.927,0 days 01:13:26.397000,81,521.1463888888889,0 days 00:00:21.612000,10655.0,168.0,8,0.0,True,0,car,1478.4200000000003,0.27658019131554823,OnTrack,-3068.962285367127,5088.700578337163,7373.949483015711
2026-09-12 14:59:28.935,0 days 01:13:26.405000,81,521.1819444444444,0 days 00:00:21.620000,10627.0,167.6,8,0.0,True,0,pos,1478.7805757845488,0.27664764719376567,OnTrack,-3067.0,5093.0,7374.0
2026-09-12 14:59:29.087,0 days 01:13:26.557000,81,521.8574999999998,0 days 00:00:21.772000,10095.0,160.0,7,0.0,True,0,car,1485.5311111111114,0.2779105253691847,OnTrack,-3034.978815920304,5159.649271846657,7375.286693847034
2026-09-12 14:59:29.247,0 days 01:13:26.717000,81,523.3241666666668,0 days 00:00:21.932000,10888.0,148.0,5,0.0,True,0,car,1492.1088888888892,0.2791410843687984,OnTrack,-3008.442580174125,5213.200093319596,7376.797667899466
2026-09-12 14:59:29.275,0 days 01:13:26.745000,81,523.7208333333334,0 days 00:00:21.960000,10775.533333333333,146.83333333333334,5,0.0,True,0,pos,1493.2211939525494,0.27934917242720425,OnTrack,-3004.0,5223.0,7377.0
2026-09-12 14:59:29.487,0 days 01:13:26.957000,81,526.7241666666669,0 days 00:00:22.172000,9924.0,138.0,3,0.0,True,0,car,1501.3088888888892,0.2808622040506906,OnTrack,-2972.259090849986,5301.570628810901,7377.91951862865
2026-09-12 14:59:29.655,0 days 01:13:27.125000,81,530.5974994353229,0 days 00:00:22.340000,9593.35767918248,131.8769940589348,3,1.1480636139497238,True,0,pos,1507.210522668521,0.2819662712304128,OnTrack,-2953.0,5358.0,7378.0
2026-09-12 14:59:29.926,0 days 01:13:27.396000,81,536.8455555555556,0 days 00:00:22.611000,9060.0,122.0,3,3.0,True,0,car,1516.1861111111114,0.28364540839618524,OnTrack,-2938.332411887685,5421.122718235949,7377.13108606154
2026-09-12 14:59:30.086,0 days 01:13:27.556000,81,540.8011111111111,0 days 00:00:22.771000,9019.0,120.0,3,9.0,False,0,car,1521.5194444444446,0.28464315893641257,OnTrack,-2939.272575851801,5456.405901050891,7376.901564139499
2026-09-12 14:59:30.135,0 days 01:13:27.605000,81,542.0533316977778,0 days 00:00:22.820000,9073.104096,120.2041664,3,9.4083328,False,0,pos,1523.1572020665978,0.2849495477274622,OnTrack,-2941.0,5469.0,7377.0
2026-09-12 14:59:30.326,0 days 01:13:27.796000,81,546.9344444444448,0 days 00:00:23.011000,9284.0,121.0,3,11.0,False,0,car,1529.5861111111112,0.2861522566285064,OnTrack,-2955.221015764404,5525.0775653007895,7377.912840440143
2026-09-12 14:59:30.355,0 days 01:13:27.825000,81,547.6755539200003,0 days 00:00:23.040000,9377.1622944,121.5437488,3,12.812496,False,0,pos,1530.575611682941,0.2863373706403999,OnTrack,-2959.0,5534.0,7378.0
2026-09-12 14:59:30.486,0 days 01:13:27.956000,81,551.0233333333335,0 days 00:00:23.171000,9798.0,124.0,3,21.0,False,0,car,1535.0972222222224,0.28718326552007467,OnTrack,-2981.7858473580463,5574.893384156051,7378.044883548118
2026-09-12 14:59:30.535,0 days 01:13:28.005000,81,552.2755539200002,0 days 00:00:23.220000,9646.916864,124.6124992,3,20.5916672,False,0,pos,1536.8125925893148,0.2875041739657853,OnTrack,-2991.0,5591.0,7378.0
2026-09-12 14:59:30.675,0 days 01:13:28.145000,81,555.8533316977779,0 days 00:00:23.360000,9215.250197333333,126.3624992,3,19.425000533333332,False,0,pos,1541.7665173405303,0.2884309454214299,OnTrack,-3015.0,5639.0,7378.0
2026-09-12 14:59:30.726,0 days 01:13:28.196000,81,557.1566666666668,0 days 00:00:23.411000,9058.0,127.0,3,19.0,False,0,car,1543.563888888889,0.2887671945026856,OnTrack,-3021.21004396031,5655.384846816029,7378.249404145542
2026-09-12 14:59:30.975,0 days 01:13:28.445000,81,563.9349982577779,0 days 00:00:23.660000,9460.75739648,127.0,3,20.24499968,False,0,pos,1552.2400966614464,0.29039032406372195,OnTrack,-3026.0,5740.0,7381.0
2026-09-12 14:59:31.126,0 days 01:13:28.596000,81,568.0455555555557,0 days 00:00:23.811000,9705.0,127.0,3,21.0,False,0,car,1557.6750000000002,0.2914070761403705,OnTrack,-3005.8991043276465,5819.980635299834,7382.563027498462
2026-09-12 14:59:31.175,0 days 01:13:28.645000,81,569.2161097379718,0 days 00:00:23.860000,9850.064278894208,128.62993571791245,3,25.380452241889696,False,0,pos,1559.4959645540225,0.2917477389592787,OnTrack,-2999.0,5845.0,7383.0
2026-09-12 14:59:31.607,0 days 01:13:29.077000,81,579.5361111111113,0 days 00:00:24.292000,11129.0,143.0,3,64.0,False,0,car,1576.781388888889,0.294981465484561,OnTrack,-2968.1021732957006,6004.827442023613,7385.001111281921
2026-09-12 14:59:31.615,0 days 01:13:29.085000,81,579.6938888888891,0 days 00:00:24.300000,11152.76,143.38,3,64.38,False,0,pos,1577.1228520592347,0.2950453458088135,OnTrack,-2968.0,6008.0,7385.0
2026-09-12 14:59:31.955,0 days 01:13:29.425000,81,586.3994444444444,0 days 00:00:24.640000,12162.56,159.53,3,80.53,False,0,pos,1592.3412550341338,0.2978923776443641,OnTrack,-2975.0,6150.0,7384.0
2026-09-12 14:59:32.007,0 days 01:13:29.477000,81,587.425,0 days 00:00:24.692000,12317.0,162.0,3,83.0,False,0,car,1594.781388888889,0.2983488735578283,OnTrack,-2976.5579874094406,6165.320671402025,7383.850291415485
2026-09-12 14:59:32.255,0 days 01:13:29.725000,81,591.2827777777778,0 days 00:00:24.940000,11495.5,172.85,3,96.175,False,0,pos,1606.8123224622268,0.30059959927137286,OnTrack,-2990.0,6232.0,7383.0
2026-09-12 14:59:32.327,0 days 01:13:29.797000,81,592.4027777777778,0 days 00:00:25.012000,11257.0,176.0,4,100.0,False,0,car,1610.4258333333335,0.30127560847582857,OnTrack,-2999.5347849134373,6266.010253236536,7382.47837564723
2026-09-12 14:59:32.527,0 days 01:13:29.997000,81,594.8472222222224,0 days 00:00:25.212000,11731.0,186.0,4,100.0,False,0,car,1620.7591666666667,0.303208750147519,OnTrack,-3037.510945923987,6393.692236322125,7380.477524953176
2026-09-12 14:59:32.575,0 days 01:13:30.045000,81,595.3005555555557,0 days 00:00:25.260000,11854.84,187.92,4,100.0,False,0,pos,1623.3130059879836,0.30368651787798734,OnTrack,-3047.0,6426.0,7380.0
2026-09-12 14:59:32.727,0 days 01:13:30.197000,81,596.7361111111111,0 days 00:00:25.412000,12247.0,194.0,4,100.0,False,0,car,1631.5369444444445,0.3052250376975618,OnTrack,-3076.6146984550046,6528.915004920478,7378.574936716621
2026-09-12 14:59:32.887,0 days 01:13:30.357000,81,598.1583333333335,0 days 00:00:25.572000,11756.0,197.0,4,100.0,False,0,car,1640.2925,0.30686301150110173,OnTrack,-3104.271835469875,6627.104118503146,7377.347533366014
2026-09-12 14:59:32.955,0 days 01:13:30.425000,81,598.4605555555557,0 days 00:00:25.640000,11669.677777777777,199.64444444444445,4,100.0,False,0,pos,1644.1340254416716,0.30758167726698765,OnTrack,-3113.0,6658.0,7377.0
2026-09-12 14:59:33.247,0 days 01:13:30.717000,81,599.7583333333334,0 days 00:00:25.932000,11299.0,211.0,5,100.0,False,0,car,1661.3925,0.31081036207587615,OnTrack,-3137.904911212645,6742.514412790187,7376.947815317617
2026-09-12 14:59:33.256,0 days 01:13:30.726000,81,599.7658332800002,0 days 00:00:25.941000,11310.24992,211.2531232,5,100.0,False,0,pos,1661.9341616023164,0.31091169516768835,OnTrack,-3139.0,6746.0,7377.0
2026-09-12 14:59:33.516,0 days 01:13:30.986000,81,599.9824999466666,0 days 00:00:26.201000,11635.24992,218.5656232,5,100.0,False,0,pos,1677.7824671284716,0.31387656805526515,OnTrack,-3190.0,6891.0,7380.0
2026-09-12 14:59:33.567,0 days 01:13:31.037000,81,600.0249999999999,0 days 00:00:26.252000,11699.0,220.0,5,100.0,False,0,car,1680.9480555555556,0.3144687807233765,OnTrack,-3205.969545186872,6927.419581458589,7380.876648800089
2026-09-12 14:59:33.876,0 days 01:13:31.346000,81,598.651666951111,0 days 00:00:26.561000,12000.977210181818,227.0227258181818,5,100.0,False,0,pos,1700.5590985048689,0.3181375798540826,OnTrack,-3323.0,7158.0,7386.0
2026-09-12 14:59:34.007,0 days 01:13:31.477000,81,598.0694444444443,0 days 00:00:26.692000,12129.0,230.0,5,100.0,False,0,car,1709.0591666666667,0.31972775752915816,OnTrack,-3356.242624075915,7218.645692390742,7385.9099647825315
2026-09-12 14:59:34.256,0 days 01:13:31.726000,81,596.1327782755556,0 days 00:00:26.941000,11428.68768,234.6687488,5,100.0,False,0,pos,1725.4826882417615,0.3228002408149056,OnTrack,-3405.0,7304.0,7384.0
2026-09-12 14:59:34.456,0 days 01:13:31.926000,81,594.5772227200001,0 days 00:00:27.141000,10866.18768,238.4187488,5,100.0,False,0,pos,1738.8473250655884,0.3253004733669523,OnTrack,-3465.0,7421.0,7386.0
2026-09-12 14:59:34.487,0 days 01:13:31.957000,81,594.3361111111112,0 days 00:00:27.172000,10779.0,239.0,6,100.0,False,0,car,1740.9258333333335,0.3256893170070166,OnTrack,-3477.486365983468,7448.283609770721,7387.193858934086
2026-09-12 14:59:34.636,0 days 01:13:32.106000,81,593.0116672355556,0 days 00:00:27.321000,10926.50993664,241.23499904,6,100.0,False,0,pos,1750.9397406537935,0.32756270102678703,OnTrack,-3540.0,7592.0,7395.0
2026-09-12 14:59:34.687,0 days 01:13:32.157000,81,592.5583333333334,0 days 00:00:27.372000,10977.0,242.0,6,100.0,False,0,car,1754.3702777777778,0.32820447982717305,OnTrack,-3554.2149094005126,7625.688675587355,7397.032590949367
2026-09-12 14:59:34.887,0 days 01:13:32.357000,81,590.9472222222225,0 days 00:00:27.572000,11023.0,242.0,6,100.0,False,0,car,1767.8147222222221,0.33071964264732945,OnTrack,-3577.422113305611,7692.170513070847,7402.436668928933
2026-09-12 14:59:34.955,0 days 01:13:32.425000,81,590.4750000000004,0 days 00:00:27.640000,10921.728571428572,241.75714285714287,6,100.0,False,0,pos,1772.376251562701,0.33157300546552815,OnTrack,-3588.0,7732.0,7406.0
2026-09-12 14:59:35.167,0 days 01:13:32.637000,81,589.0027777777782,0 days 00:00:27.852000,10606.0,241.0,6,100.0,False,0,car,1786.5591666666667,0.3342263200668369,OnTrack,-3643.153612822216,7946.462346961614,7424.644209887226
2026-09-12 14:59:35.255,0 days 01:13:32.725000,81,588.5627777777781,0 days 00:00:27.940000,10618.76,239.68,6,100.0,False,0,pos,1792.4287907653218,0.33532439893221777,OnTrack,-3662.0,8021.0,7431.0
2026-09-12 14:59:35.367,0 days 01:13:32.837000,81,588.0027777777782,0 days 00:00:28.052000,10635.0,238.0,6,100.0,False,0,car,1799.7813888888888,0.3366999099478172,OnTrack,-3675.3712844675065,8075.369789007874,7435.471400890068
2026-09-12 14:59:35.615,0 days 01:13:33.085000,81,588.7605555555559,0 days 00:00:28.300000,10046.0,222.84444444444443,6,31.111111111111114,False,0,pos,1815.0623631851663,0.339558647515188,OnTrack,-3689.0,8136.0,7440.0
2026-09-12 14:59:35.727,0 days 01:13:33.197000,81,589.1027777777781,0 days 00:00:28.412000,9780.0,216.0,6,0.0,True,0,car,1821.3813888888888,0.34074079963573795,OnTrack,-3707.1162605964896,8210.43032062783,7446.208668039517
2026-09-12 14:59:35.915,0 days 01:13:33.385000,81,591.8705555555559,0 days 00:00:28.600000,9922.175,194.85,6,0.0,True,0,pos,1831.0688001266526,0.3425531033474661,OnTrack,-3746.0,8362.0,7459.0
2026-09-12 14:59:36.047,0 days 01:13:33.517000,81,593.8138888888893,0 days 00:00:28.732000,10022.0,180.0,6,0.0,True,0,car,1837.3813888888888,0.34373405125642,OnTrack,-3768.1309509310636,8435.99527591116,7465.130050191099
2026-09-12 14:59:36.247,0 days 01:13:33.717000,81,598.036111111112,0 days 00:00:28.932000,9726.0,161.0,6,0.0,True,0,car,1846.325833333333,0.3454073620582596,OnTrack,-3797.191174610954,8510.015394945869,7470.830772754462
2026-09-12 14:59:36.295,0 days 01:13:33.765000,81,599.4227777777787,0 days 00:00:28.980000,9813.6,156.71428571428572,6,0.0,True,0,pos,1848.2926504350203,0.3457753107130853,OnTrack,-3805.0,8527.0,7472.0
2026-09-12 14:59:36.527,0 days 01:13:33.997000,81,606.1250000000011,0 days 00:00:29.212000,10237.0,136.0,5,0.0,True,0,car,1856.9036111111109,0.34738623396304386,OnTrack,-3848.2300074306595,8608.359867616455,7476.8271893246165
2026-09-12 14:59:36.735,0 days 01:13:34.205000,81,613.3472209346962,0 days 00:00:29.420000,10250.325902916831,126.15041958321211,5,0.0,True,0,pos,1863.9467595068825,0.3487038536724406,OnTrack,-3885.0,8668.0,7480.0
2026-09-12 14:59:36.886,0 days 01:13:34.356000,81,618.5902777777785,0 days 00:00:29.571000,10260.0,119.0,2,0.0,True,0,car,1868.7705555555553,0.3496062808812237,OnTrack,-3905.3036876473375,8696.835363568438,7481.622419922842
2026-09-12 14:59:37.055,0 days 01:13:34.525000,81,625.068608657779,0 days 00:00:29.740000,9822.29016576,110.5500032,2,0.0,True,0,pos,1873.9194962850459,0.3505695355801826,OnTrack,-3929.0,8726.0,7483.0
2026-09-12 14:59:37.086,0 days 01:13:34.556000,81,626.2569444444457,0 days 00:00:29.771000,9742.0,109.0,2,0.0,True,0,car,1874.8261111111108,0.3507391434737735,OnTrack,-3934.3909436987797,8732.430459892646,7483.233056184062
2026-09-12 14:59:37.335,0 days 01:13:34.805000,81,636.4936084800013,0 days 00:00:30.020000,8965.653770971428,100.10714514285715,2,0.0,True,0,pos,1881.6964594688893,0.3520244360585592,OnTrack,-3979.0,8797.0,7485.0
2026-09-12 14:59:37.366,0 days 01:13:34.836000,81,637.7680555555569,0 days 00:00:30.051000,8869.0,99.0,2,0.0,True,0,car,1882.5261111111108,0.35217964581622674,OnTrack,-3982.1702627261006,8806.815172895103,7485.23465091022
2026-09-12 14:59:37.526,0 days 01:13:34.996000,81,644.5680555555566,0 days 00:00:30.211000,8599.0,95.0,2,0.0,True,0,car,1886.748333333333,0.3529695316605734,OnTrack,-3987.8687327664097,8862.407034391326,7486.487073731562
2026-09-12 14:59:37.615,0 days 01:13:35.085000,81,648.4741638577788,0 days 00:00:30.300000,8487.75008,93.609376,2,0.0,True,0,pos,1889.0196798227626,0.35339445113311185,OnTrack,-3986.0,8889.0,7487.0
2026-09-12 14:59:37.846,0 days 01:13:35.316000,81,658.6125000000009,0 days 00:00:30.531000,8199.0,90.0,2,0.0,False,0,car,1894.748333333333,0.35446615747091437,OnTrack,-3968.698922347787,8931.267552502191,7487.379222436429
2026-09-12 14:59:38.015,0 days 01:13:35.485000,81,666.1236095982771,0 days 00:00:30.700000,8411.06920936407,90.46814395003106,2,7.022159250465906,False,0,pos,1898.9766863396137,0.35525719025146846,OnTrack,-3945.0,8955.0,7487.0
2026-09-12 14:59:38.207,0 days 01:13:35.677000,81,674.6569444444456,0 days 00:00:30.892000,8652.0,91.0,2,15.0,False,0,car,1903.8736111111107,0.3561732982520086,OnTrack,-3908.559590134081,8987.607039668346,7486.053037650877
2026-09-12 14:59:38.215,0 days 01:13:35.685000,81,675.0036111111123,0 days 00:00:30.900000,8672.08888888889,91.13333333333334,2,15.377777777777778,False,0,pos,1904.080760914205,0.3562120514697483,OnTrack,-3907.0,8989.0,7486.0
2026-09-12 14:59:38.375,0 days 01:13:35.845000,81,681.9369444444457,0 days 00:00:31.060000,9073.866666666667,93.8,2,22.933333333333334,False,0,pos,1908.2761320278587,0.35699691405633,OnTrack,-3876.0,9017.0,7485.0
2026-09-12 14:59:38.495,0 days 01:13:35.965000,81,687.1369444444457,0 days 00:00:31.180000,9375.2,95.8,2,28.599999999999998,False,0,pos,1911.5354144226833,0.35760665482574056,OnTrack,-3852.0,9039.0,7485.0
2026-09-12 14:59:38.567,0 days 01:13:36.037000,81,690.2569444444457,0 days 00:00:31.252000,9556.0,97.0,2,32.0,False,0,car,1913.5736111111107,0.3579879570470471,OnTrack,-3837.86456961676,9052.774730857904,7484.54351281685
2026-09-12 14:59:38.695,0 days 01:13:36.165000,81,695.5547222222236,0 days 00:00:31.380000,9919.733333333334,102.86666666666666,2,40.53333333333333,False,0,pos,1917.3505408376393,0.3586945383611179,OnTrack,-3813.0,9077.0,7483.0
2026-09-12 14:59:38.807,0 days 01:13:36.277000,81,700.1902777777793,0 days 00:00:31.492000,10238.0,108.0,2,48.0,False,0,car,1920.7736111111108,0.35933492027635405,OnTrack,-3790.743395036013,9095.783236070121,7481.587619565376
2026-09-12 14:59:38.967,0 days 01:13:36.437000,81,706.590277777779,0 days 00:00:31.652000,10986.0,114.0,2,56.0,False,0,car,1925.8402777777774,0.36028278328957,OnTrack,-3753.2618509524887,9129.606727872168,7479.151000494348
2026-09-12 14:59:38.975,0 days 01:13:36.445000,81,706.8925000000012,0 days 00:00:31.660000,10993.5,114.36666666666666,2,55.06666666666667,False,0,pos,1926.1050882390161,0.3603323235609623,OnTrack,-3751.0,9132.0,7479.0
2026-09-12 14:59:39.207,0 days 01:13:36.677000,81,715.6569444444458,0 days 00:00:31.892000,11211.0,125.0,2,28.0,False,0,car,1934.1736111111106,0.3618417685086752,OnTrack,-3676.7005103618867,9220.560824788789,7473.846687492471
2026-09-12 14:59:39.255,0 days 01:13:36.725000,81,717.5236111111125,0 days 00:00:31.940000,10917.0,125.0,2,25.942857142857143,False,0,pos,1935.843160211172,0.3621541047930232,OnTrack,-3666.0,9234.0,7473.0
2026-09-12 14:59:39.487,0 days 01:13:36.957000,81,726.5458333333349,0 days 00:00:32.172000,9496.0,125.0,3,16.0,False,0,car,1943.8958333333328,0.36366058459763134,OnTrack,-3645.6068593989967,9268.187542364289,7470.401557460948
2026-09-12 14:59:39.515,0 days 01:13:36.985000,81,727.595833333335,0 days 00:00:32.200000,9558.377777777778,125.62222222222222,3,17.711111111111112,False,0,pos,1944.895195722266,0.36384754354077664,OnTrack,-3643.0,9276.0,7470.0
2026-09-12 14:59:39.816,0 days 01:13:37.286000,81,738.8833309333352,0 days 00:00:32.501000,10228.93874631111,132.31110968888888,3,36.105551644444446,False,0,pos,1956.0294797247686,0.36593052564300305,OnTrack,-3602.0,9418.0,7464.0
2026-09-12 14:59:39.847,0 days 01:13:37.317000,81,740.0458333333352,0 days 00:00:32.532000,10298.0,133.0,3,38.0,False,0,car,1957.1958333333328,0.36614872500732326,OnTrack,-3599.8692657992706,9428.578921686878,7463.516982255026
2026-09-12 14:59:40.047,0 days 01:13:37.517000,81,747.4347222222234,0 days 00:00:32.732000,10554.0,137.0,3,43.0,False,0,car,1964.806944444444,0.3675725981741061,OnTrack,-3599.6046749377583,9468.95165114775,7461.178578669409
2026-09-12 14:59:40.116,0 days 01:13:37.586000,81,749.9072199288901,0 days 00:00:32.801000,10748.23481984,139.06999808,3,46.4499968,False,0,pos,1967.5098099257905,0.368078245454264,OnTrack,-3601.0,9487.0,7460.0
2026-09-12 14:59:40.247,0 days 01:13:37.717000,81,754.6013888888901,0 days 00:00:32.932000,11117.0,143.0,3,53.0,False,0,car,1972.7513888888886,0.3690588307496531,OnTrack,-3603.5508974659,9536.083559046514,7456.845779682595
2026-09-12 14:59:40.316,0 days 01:13:37.786000,81,756.9972200000013,0 days 00:00:33.001000,11229.412395733334,144.7249984,3,54.43749866666667,False,0,pos,1975.5562944352869,0.36958356750419163,OnTrack,-3607.0,9565.0,7455.0
2026-09-12 14:59:40.487,0 days 01:13:37.957000,81,762.9347222222239,0 days 00:00:33.172000,11508.0,149.0,3,58.0,False,0,car,1982.6847222222218,0.3709171411308265,OnTrack,-3625.9872980396835,9636.483255629433,7450.461783538896
2026-09-12 14:59:40.636,0 days 01:13:38.106000,81,767.6944424000012,0 days 00:00:33.321000,11961.385519542857,154.85356891428572,3,75.56070674285715,False,0,pos,1989.1985905563233,0.37213574406507394,OnTrack,-3648.0,9691.0,7447.0
2026-09-12 14:59:40.767,0 days 01:13:38.237000,81,771.8791666666675,0 days 00:00:33.452000,12360.0,160.0,3,91.0,False,0,car,1995.1291666666664,0.3732452257246904,OnTrack,-3667.168172596035,9728.134707365283,7444.623570347963
2026-09-12 14:59:40.876,0 days 01:13:38.346000,81,775.0886092266676,0 days 00:00:33.561000,11749.600358400001,164.90499712,3,95.90499712,False,0,pos,2000.1869584208162,0.3741914284350142,OnTrack,-3699.0,9789.0,7441.0
2026-09-12 14:59:40.967,0 days 01:13:38.437000,81,777.7680555555564,0 days 00:00:33.652000,11240.0,169.0,3,100.0,False,0,car,2004.5180555555553,0.3750016824048823,OnTrack,-3745.7910852784844,9882.313599718624,7435.6119708891865
2026-09-12 14:59:41.036,0 days 01:13:38.506000,81,779.588887200001,0 days 00:00:33.721000,11318.0561776,171.8031224,3,100.0,False,0,pos,2007.879702784845,0.3756305734059594,OnTrack,-3778.0,9947.0,7432.0
2026-09-12 14:59:41.287,0 days 01:13:38.757000,81,786.212500000001,0 days 00:00:33.972000,11602.0,182.0,4,100.0,False,0,car,2020.695833333333,0.37802819237690527,OnTrack,-3805.798593825156,10003.263567248749,7430.217281134259
2026-09-12 14:59:41.316,0 days 01:13:38.786000,81,786.8408319466677,0 days 00:00:34.001000,11582.908375466666,183.36944142222222,4,100.0,False,0,pos,2022.2400298123443,0.378317077915246,OnTrack,-3809.0,10010.0,7430.0
2026-09-12 14:59:41.575,0 days 01:13:39.045000,81,792.452500000001,0 days 00:00:34.260000,11412.4,195.6,4,100.0,False,0,pos,2036.5453407009516,0.3809932901028513,OnTrack,-3867.0,10134.0,7424.0
2026-09-12 14:59:41.647,0 days 01:13:39.117000,81,794.012500000001,0 days 00:00:34.332000,11365.0,199.0,4,100.0,False,0,car,2040.5958333333328,0.3817510490801285,OnTrack,-3883.278851153152,10171.508381152162,7422.086289212124
2026-09-12 14:59:41.775,0 days 01:13:39.245000,81,796.5369444444455,0 days 00:00:34.460000,11079.666666666666,202.2,4,100.0,False,0,pos,2047.8314351255376,0.38310467262957404,OnTrack,-3909.0,10235.0,7419.0
2026-09-12 14:59:41.887,0 days 01:13:39.357000,81,798.7458333333343,0 days 00:00:34.572000,10830.0,205.0,5,100.0,False,0,car,2054.2625,0.3843077848394612,OnTrack,-3928.0703288191003,10286.956252006195,7416.9430004139695
2026-09-12 14:59:42.095,0 days 01:13:39.565000,81,802.3280555555567,0 days 00:00:34.780000,11265.314285714287,211.68571428571428,5,100.0,False,0,pos,2066.575874661577,0.3866113491308256,OnTrack,-3958.0,10412.0,7413.0
2026-09-12 14:59:42.167,0 days 01:13:39.637000,81,803.5680555555568,0 days 00:00:34.852000,11416.0,214.0,5,100.0,False,0,car,2070.906944444444,0.387421597983754,OnTrack,-3968.070968650485,10480.934064990286,7410.8043235279265
2026-09-12 14:59:42.295,0 days 01:13:39.765000,81,805.5947222222231,0 days 00:00:34.980000,11564.0,217.2,5,100.0,False,0,pos,2078.6566027314343,0.388871390310458,OnTrack,-3983.0,10603.0,7407.0
2026-09-12 14:59:42.327,0 days 01:13:39.797000,81,806.1013888888897,0 days 00:00:35.012000,11601.0,218.0,5,100.0,False,0,car,2080.5958333333333,0.38923417813183375,OnTrack,-3985.339817056754,10623.320941070608,7406.426434526908
2026-09-12 14:59:42.567,0 days 01:13:40.037000,81,809.8347222222233,0 days 00:00:35.252000,11829.0,219.0,5,100.0,False,0,car,2095.195833333333,0.39196552023570613,OnTrack,-3990.7975321459885,10696.35416756384,7405.086574451539
2026-09-12 14:59:42.575,0 days 01:13:40.045000,81,809.9480555555566,0 days 00:00:35.260000,11837.24,219.28,5,100.0,False,0,pos,2095.690649510448,0.39205808956846167,OnTrack,-3991.0,10700.0,7405.0
2026-09-12 14:59:42.767,0 days 01:13:40.237000,81,812.6680555555567,0 days 00:00:35.452000,12035.0,226.0,5,100.0,False,0,car,2107.7513888888884,0.39431439129915796,OnTrack,-3998.9749054562158,10836.227869866489,7401.187849229172
2026-09-12 14:59:42.935,0 days 01:13:40.405000,81,814.8147222222235,0 days 00:00:35.620000,11117.6,229.0,5,100.0,False,0,pos,2118.4880783728468,0.3963229921240716,OnTrack,-4006.0,10964.0,7397.0
2026-09-12 14:59:43.047,0 days 01:13:40.517000,81,816.2458333333348,0 days 00:00:35.732000,10506.0,231.0,5,100.0,False,0,car,2125.718055555555,0.39767556343154886,OnTrack,-4008.4683933224583,11022.21423784859,7394.63218170508
2026-09-12 14:59:43.175,0 days 01:13:40.645000,81,817.6680553482171,0 days 00:00:35.860000,10573.353065351717,232.45785855739646,5,100.0,False,0,pos,2134.0430670612172,0.3992329918178939,OnTrack,-4010.0,11080.0,7392.0
2026-09-12 14:59:43.475,0 days 01:13:40.945000,81,821.0013881955975,0 days 00:00:36.160000,10731.211812269805,235.87471455129446,5,100.0,False,0,pos,2153.769907418075,0.4029234541222127,OnTrack,-4010.0,11274.0,7384.0
2026-09-12 14:59:43.486,0 days 01:13:40.956000,81,821.1236111111125,0 days 00:00:36.171000,10737.0,236.0,6,100.0,False,0,car,2154.496944444444,0.40305946691955485,OnTrack,-4009.6950499426507,11283.706830985782,7383.611167075925
2026-09-12 14:59:43.726,0 days 01:13:41.196000,81,823.7236111111124,0 days 00:00:36.411000,10855.0,238.0,6,71.0,False,0,car,2170.363611111111,0.40602777477673124,OnTrack,-3998.4146596552005,11516.973727439829,7374.286988238205
2026-09-12 14:59:43.735,0 days 01:13:41.205000,81,823.8361103111124,0 days 00:00:36.420000,10839.325111466667,237.81250133333333,6,68.33751893333333,False,0,pos,2170.9542516752745,0.40613827076585146,OnTrack,-3998.0,11524.0,7374.0
2026-09-12 14:59:43.966,0 days 01:13:41.436000,81,826.7236111111124,0 days 00:00:36.651000,10437.0,233.0,6,0.0,True,0,car,2185.896944444444,0.40893372322514343,OnTrack,-3989.37765341284,11635.203065003961,7369.196525402803
2026-09-12 14:59:44.135,0 days 01:13:41.605000,81,829.3524990044457,0 days 00:00:36.820000,10215.422306133334,227.3666688,6,3.7555541333333338,True,0,pos,2196.3996434077985,0.41089854951849325,OnTrack,-3977.0,11704.0,7367.0
2026-09-12 14:59:44.326,0 days 01:13:41.796000,81,832.3236111111123,0 days 00:00:37.011000,9965.0,221.0,6,8.0,True,0,car,2207.996944444444,0.4130681520262105,OnTrack,-3950.1671593978886,11820.37997634085,7364.4065096997
2026-09-12 14:59:44.355,0 days 01:13:41.825000,81,832.8069434479224,0 days 00:00:37.040000,9962.698417443762,220.73696199357272,6,9.907025546597811,True,0,pos,2209.7532980833844,0.41339672754972606,OnTrack,-3945.0,11838.0,7364.0
2026-09-12 14:59:44.575,0 days 01:13:42.045000,81,836.4736106467132,0 days 00:00:37.260000,9945.238097449519,218.74149685137368,6,24.374147827540728,True,0,pos,2223.0397996129645,0.41588234268951413,OnTrack,-3896.0,11959.0,7361.0
2026-09-12 14:59:44.675,0 days 01:13:42.145000,81,838.1402775552543,0 days 00:00:37.360000,9937.301588361228,217.83446724128322,6,30.950112500696598,True,0,pos,2229.056653444062,0.4170079650320979,OnTrack,-3867.0,12010.0,7360.0
2026-09-12 14:59:44.767,0 days 01:13:42.237000,81,839.6736111111122,0 days 00:00:37.452000,9930.0,217.0,6,37.0,False,0,car,2234.5794444444437,0.4180411589766342,OnTrack,-3838.082886421417,12053.356409010099,7359.268352728374
2026-09-12 14:59:44.935,0 days 01:13:42.405000,81,842.5202777777788,0 days 00:00:37.620000,9913.9,216.3,6,41.9,False,0,pos,2244.641111877013,0.41992347787346557,OnTrack,-3770.0,12132.0,7358.0
2026-09-12 14:59:45.007,0 days 01:13:42.477000,81,843.7402777777788,0 days 00:00:37.692000,9907.0,216.0,6,44.0,False,0,car,2248.9794444444437,0.42073508543524807,OnTrack,-3728.6218623330783,12170.850388366594,7357.2634357776315
2026-09-12 14:59:45.195,0 days 01:13:42.665000,81,846.7169444444453,0 days 00:00:37.880000,10101.266666666666,219.13333333333333,6,76.11666666666666,False,0,pos,2260.4418021619686,0.4228794429861742,OnTrack,-3601.0,12277.0,7355.0
2026-09-12 14:59:45.247,0 days 01:13:42.717000,81,847.5402777777786,0 days 00:00:37.932000,10155.0,220.0,6,85.0,False,0,car,2263.6461111111107,0.42347889942087336,OnTrack,-3567.5554357220426,12302.9435552044,7354.391658973585
2026-09-12 14:59:45.567,0 days 01:13:43.037000,81,852.2513888888898,0 days 00:00:38.252000,10162.0,223.0,6,4.0,True,0,car,2283.468333333333,0.427187205595385,OnTrack,-3395.12822095043,12424.41514100959,7351.259237945985
2026-09-12 14:59:45.615,0 days 01:13:43.085000,81,852.8380555555564,0 days 00:00:38.300000,10115.6,221.66666666666666,6,4.933333333333334,True,0,pos,2286.3719375664546,0.42773040672517315,OnTrack,-3377.0,12437.0,7351.0
2026-09-12 14:59:45.927,0 days 01:13:43.397000,81,856.6513888888894,0 days 00:00:38.612000,9814.0,213.0,6,11.0,False,0,car,2304.768333333333,0.431171971815418,OnTrack,-3295.3400424213028,12511.54734034641,7350.191640503473
2026-09-12 14:59:45.955,0 days 01:13:43.425000,81,856.7136111111116,0 days 00:00:38.640000,9798.755555555555,212.76666666666668,6,11.7,False,0,pos,2306.406768491455,0.4314784873586949,OnTrack,-3286.0,12525.0,7350.0
2026-09-12 14:59:46.235,0 days 01:13:43.705000,81,857.335833333334,0 days 00:00:38.920000,9646.31111111111,210.43333333333334,6,18.7,False,0,pos,2322.746709897154,0.43453533461459853,OnTrack,-3174.0,12714.0,7347.0
2026-09-12 14:59:46.287,0 days 01:13:43.757000,81,857.4513888888896,0 days 00:00:38.972000,9618.0,210.0,6,20.0,False,0,car,2325.768333333333,0.4351006145675632,OnTrack,-3160.606502781019,12740.203749499284,7346.654632279248
2026-09-12 14:59:46.527,0 days 01:13:43.997000,81,856.9847222222229,0 days 00:00:39.212000,9654.0,209.0,6,58.0,False,0,car,2339.7016666666664,0.4377072378539072,OnTrack,-3138.7212703978357,12818.30427048212,7346.239683699324
2026-09-12 14:59:46.616,0 days 01:13:44.086000,81,856.3913893155562,0 days 00:00:39.301000,9762.468672,210.6687488,6,64.1187456,False,0,pos,2344.9221675211506,0.4386838798941233,OnTrack,-3135.0,12870.0,7346.0
2026-09-12 14:59:46.687,0 days 01:13:44.157000,81,855.9180555555563,0 days 00:00:39.372000,9849.0,212.0,6,69.0,False,0,car,2349.1238888888884,0.43946993047497546,OnTrack,-3131.837578233888,12926.337893420163,7345.68613428064
2026-09-12 14:59:46.816,0 days 01:13:44.286000,81,854.4488896177785,0 days 00:00:39.501000,9936.0749568,214.4187488,6,81.4968688,False,0,pos,2356.8597909965806,0.44091714932005605,OnTrack,-3128.0,13038.0,7345.0
2026-09-12 14:59:47.007,0 days 01:13:44.477000,81,852.2736111111117,0 days 00:00:39.692000,10065.0,218.0,6,100.0,False,0,car,2368.501666666666,0.44309509077113485,OnTrack,-3135.335902394576,13134.9547566375,7344.2983409742965
2026-09-12 14:59:47.196,0 days 01:13:44.666000,81,849.7011119822229,0 days 00:00:39.881000,10129.25997824,221.77999872,6,100.0,False,0,pos,2380.15357113284,0.44527490839159795,OnTrack,-3162.0,13213.0,7345.0
2026-09-12 14:59:47.207,0 days 01:13:44.677000,81,849.5513888888895,0 days 00:00:39.892000,10133.0,222.0,6,100.0,False,0,car,2380.8349999999996,0.4454023888954106,OnTrack,-3164.260428357238,13218.998166073814,7345.114001722962
2026-09-12 14:59:47.356,0 days 01:13:44.826000,81,847.3991675911117,0 days 00:00:40.041000,10341.5999104,223.8624992,6,100.0,False,0,pos,2390.1025878953683,0.4471361528008873,OnTrack,-3200.0,13310.0,7347.0
2026-09-12 14:59:47.367,0 days 01:13:44.837000,81,847.2402777777784,0 days 00:00:40.052000,10357.0,224.0,6,100.0,False,0,car,2390.790555555555,0.44726485657050163,OnTrack,-3202.6426527975814,13316.557783100401,7347.098504257918
2026-09-12 14:59:47.496,0 days 01:13:44.966000,81,845.1619454755562,0 days 00:00:40.181000,10439.55995904,225.93499904,6,100.0,False,0,pos,2398.9025240623914,0.44878242925050227,OnTrack,-3234.0,13394.0,7348.0
2026-09-12 14:59:47.567,0 days 01:13:45.037000,81,844.0180555555562,0 days 00:00:40.252000,10485.0,227.0,6,100.0,False,0,car,2403.401666666666,0.4496241208687476,OnTrack,-3254.583381796898,13446.644371983102,7349.016725524308
2026-09-12 14:59:47.767,0 days 01:13:45.237000,81,840.295833333334,0 days 00:00:40.452000,10620.0,231.0,6,100.0,False,0,car,2416.234999999999,0.4520249581061696,OnTrack,-3321.0313272947833,13622.20768247402,7353.688956511745
2026-09-12 14:59:47.836,0 days 01:13:45.306000,81,838.7050014755563,0 days 00:00:40.521000,10683.681190933334,232.43749866666667,6,100.0,False,0,pos,2420.750990290829,0.4528698015597329,OnTrack,-3339.0,13670.0,7355.0
2026-09-12 14:59:48.195,0 days 01:13:45.665000,81,830.4280555555563,0 days 00:00:40.880000,11015.008333333333,239.91666666666666,6,100.0,False,0,pos,2444.860606358883,0.4573801857703406,OnTrack,-3394.0,13818.0,7359.0
2026-09-12 14:59:48.247,0 days 01:13:45.717000,81,829.2291666666674,0 days 00:00:40.932000,11063.0,241.0,6,100.0,False,0,car,2448.368333333333,0.4580364051110395,OnTrack,-3404.7131083160903,13847.47148349915,7359.897662079632
2026-09-12 14:59:48.355,0 days 01:13:45.825000,81,826.6491666666674,0 days 00:00:41.040000,11103.114285714286,241.77142857142857,6,100.0,False,0,pos,2455.6466103488124,0.4593980122655618,OnTrack,-3431.0,13919.0,7362.0
2026-09-12 14:59:48.527,0 days 01:13:45.997000,81,822.5402777777786,0 days 00:00:41.212000,11167.0,243.0,6,100.0,False,0,car,2467.268333333333,0.4615721835879702,OnTrack,-3480.537296843341,14048.85962770843,7364.940744723033
2026-09-12 14:59:48.595,0 days 01:13:46.065000,81,820.8969444444454,0 days 00:00:41.280000,11188.25,243.85,6,100.0,False,0,pos,2471.8968801173696,0.4624380839106402,OnTrack,-3501.0,14108.0,7366.0
2026-09-12 14:59:48.767,0 days 01:13:46.237000,81,816.7402777777788,0 days 00:00:41.452000,11242.0,246.0,6,100.0,False,0,car,2483.6683333333326,0.46464026649916923,OnTrack,-3551.0388812258984,14277.7976032019,7368.41676212093
2026-09-12 14:59:48.835,0 days 01:13:46.305000,81,815.2291666666678,0 days 00:00:41.520000,11252.92857142857,246.24285714285713,6,94.9,False,0,pos,2488.331230161976,0.4655125929672573,OnTrack,-3565.0,14341.0,7369.0
2026-09-12 14:59:49.047,0 days 01:13:46.517000,81,810.5180555555567,0 days 00:00:41.732000,11287.0,247.0,6,79.0,False,0,car,2502.879444444444,0.4682342470909465,OnTrack,-3576.2133363153953,14497.946322844664,7368.882990969266
2026-09-12 14:59:49.255,0 days 01:13:46.725000,81,806.7625000000011,0 days 00:00:41.940000,11185.6,246.35,6,40.65,False,0,pos,2517.1235476242427,0.4708990086489525,OnTrack,-3562.0,14613.0,7367.0
2026-09-12 14:59:49.367,0 days 01:13:46.837000,81,804.7402777777788,0 days 00:00:42.052000,11131.0,246.0,6,20.0,False,0,car,2524.7461111111106,0.4723250243058787,OnTrack,-3552.9967069191352,14667.064575536539,7365.695542949895
2026-09-12 14:59:49.675,0 days 01:13:47.145000,81,801.0613888888901,0 days 00:00:42.360000,10988.55,242.15,6,28.662499999999998,False,0,pos,2545.4577563883868,0.4761997221679536,OnTrack,-3504.0,14822.0,7360.0
2026-09-12 14:59:49.687,0 days 01:13:47.157000,81,800.9180555555567,0 days 00:00:42.372000,10983.0,242.0,6,29.0,False,0,car,2546.2572222222216,0.476349284818129,OnTrack,-3500.424493999014,14829.92051395328,7359.663690937479
2026-09-12 14:59:49.847,0 days 01:13:47.317000,81,799.3180555555573,0 days 00:00:42.532000,10915.0,239.0,6,47.0,False,0,car,2556.8794444444434,0.4783364713107484,OnTrack,-3440.305924873155,14948.614577229695,7354.386226655492
2026-09-12 14:59:49.915,0 days 01:13:47.385000,81,798.8269445759569,0 days 00:00:42.600000,10928.087862604087,239.28451875226276,6,51.55230003620417,False,0,pos,2561.396456313357,0.4791815058793275,OnTrack,-3410.0,14998.0,7352.0
2026-09-12 14:59:50.086,0 days 01:13:47.556000,81,797.5919444444453,0 days 00:00:42.771000,10961.0,240.0,6,63.0,False,0,car,2572.8127777777772,0.4813172510496777,OnTrack,-3324.5203816423805,15107.185249641327,7346.061307008111
2026-09-12 14:59:50.335,0 days 01:13:47.805000,81,796.0702781688896,0 days 00:00:43.020000,11128.296832,243.890624,6,84.7874944,False,0,pos,2589.7199145256263,0.4844802082041522,OnTrack,-3188.0,15231.0,7338.0
2026-09-12 14:59:50.406,0 days 01:13:47.876000,81,795.6363888888895,0 days 00:00:43.091000,11176.0,245.0,6,91.0,False,0,car,2594.590555555555,0.4853913990889394,OnTrack,-3149.816396714739,15259.591098624538,7335.95197755476
2026-09-12 14:59:50.646,0 days 01:13:48.116000,81,794.1030555555558,0 days 00:00:43.331000,11458.0,249.0,6,100.0,False,0,car,2611.1905555555554,0.4884968976453971,OnTrack,-3019.3733493833533,15335.580028499307,7329.673000883132
2026-09-12 14:59:50.775,0 days 01:13:48.245000,81,793.4580558755558,0 days 00:00:43.460000,11526.36996608,250.93499904,6,100.0,False,0,pos,2620.1940918517676,0.4901812632460537,OnTrack,-2933.0,15368.0,7326.0
2026-09-12 14:59:50.846,0 days 01:13:48.316000,81,793.1030555555558,0 days 00:00:43.531000,11564.0,252.0,6,100.0,False,0,car,2625.190555555555,0.49111599281349383,OnTrack,-2878.8080819098054,15383.8869889298,7323.806486481799
2026-09-12 14:59:51.075,0 days 01:13:48.545000,81,791.8944447822225,0 days 00:00:43.760000,11761.921373257142,256.08928457142855,6,100.0,False,0,pos,2641.5277526608597,0.4941723266705472,OnTrack,-2697.0,15423.0,7317.0
2026-09-12 14:59:51.126,0 days 01:13:48.596000,81,791.6252777777781,0 days 00:00:43.811000,11806.0,257.0,6,100.0,False,0,car,2645.179444444444,0.4948554786923876,OnTrack,-2664.2375801110347,15428.218086356777,7315.941530650558
2026-09-12 14:59:51.287,0 days 01:13:48.757000,81,791.0886111111113,0 days 00:00:43.972000,11837.0,258.0,6,100.0,False,0,car,2656.7177777777774,0.49701404962676077,OnTrack,-2582.9978712890543,15435.94959420815,7313.855785235011
2026-09-12 14:59:51.575,0 days 01:13:49.045000,81,790.2886111111111,0 days 00:00:44.260000,10938.44,261.6,6,100.0,False,0,pos,2677.68196511568,0.5009359926096019,OnTrack,-2437.0,15425.0,7311.0
2026-09-12 14:59:51.635,0 days 01:13:49.105000,81,790.1219444444445,0 days 00:00:44.320000,10751.24,262.35,6,100.0,False,0,pos,2682.0993757136757,0.5017623939490812,OnTrack,-2393.0,15420.0,7310.0
2026-09-12 14:59:51.687,0 days 01:13:49.157000,81,789.9775,0 days 00:00:44.372000,10589.0,263.0,7,100.0,False,0,car,2685.9399999999996,0.5024808911284231,OnTrack,-2354.919100830106,15414.298706901807,7309.574475919875
2026-09-12 14:59:51.835,0 days 01:13:49.305000,81,789.4430555555555,0 days 00:00:44.520000,10704.933333333332,266.0833333333333,7,100.0,False,0,pos,2696.9326891341466,0.5045373839138255,OnTrack,-2249.0,15391.0,7310.0
2026-09-12 14:59:51.927,0 days 01:13:49.397000,81,789.1108333333332,0 days 00:00:44.612000,10777.0,268.0,7,100.0,False,0,car,2703.8066666666664,0.5058233554381848,OnTrack,-2183.582321013581,15371.76142901452,7310.07674675058
2026-09-12 14:59:52.075,0 days 01:13:49.545000,81,788.658611111111,0 days 00:00:44.760000,10833.425,269.3875,7,100.0,False,0,pos,2714.924138021196,0.5079031922600492,OnTrack,-2080.0,15333.0,7310.0
2026-09-12 14:59:52.247,0 days 01:13:49.717000,81,788.1330555555555,0 days 00:00:44.932000,10899.0,271.0,7,100.0,False,0,car,2727.8955555555553,0.5103298620448783,OnTrack,-1965.1579529611681,15275.892413452035,7310.868164629033
2026-09-12 14:59:52.255,0 days 01:13:49.725000,81,788.1130555555555,0 days 00:00:44.940000,10901.68,271.04,7,100.0,False,0,pos,2728.4989968605005,0.5104427527738793,OnTrack,-1960.0,15273.0,7311.0
2026-09-12 14:59:52.447,0 days 01:13:49.917000,81,787.6330555555555,0 days 00:00:45.132000,10966.0,272.0,7,100.0,False,0,car,2743.006666666666,0.5131568219088558,OnTrack,-1839.2447160005706,15195.1792771952,7316.91210981728
2026-09-12 14:59:52.475,0 days 01:13:49.945000,81,787.5786111111111,0 days 00:00:45.160000,10978.4,272.3,7,100.0,False,0,pos,2745.13375697528,0.5135547541909555,OnTrack,-1821.0,15181.0,7318.0
2026-09-12 14:59:52.727,0 days 01:13:50.197000,81,787.0886111111108,0 days 00:00:45.412000,11090.0,275.0,7,100.0,False,0,car,2764.3955555555553,0.5171582173045592,OnTrack,-1647.9079568218315,15016.055663840609,7328.918497439748
2026-09-12 14:59:52.795,0 days 01:13:50.265000,81,786.9563888888887,0 days 00:00:45.480000,11094.857142857143,275.24285714285713,7,100.0,False,0,pos,2769.602003679909,0.5181322303849479,OnTrack,-1606.0,14966.0,7332.0
2026-09-12 14:59:53.007,0 days 01:13:50.477000,81,786.5441666666666,0 days 00:00:45.692000,11110.0,276.0,7,100.0,False,0,car,2785.862222222222,0.5211741632289744,OnTrack,-1500.0033382167276,14804.041533940006,7341.643993546127
2026-09-12 14:59:53.176,0 days 01:13:50.646000,81,786.2155556799999,0 days 00:00:45.861000,11148.0249856,277.4083328,7,100.0,False,0,pos,2798.9028580800145,0.5236137822549783,OnTrack,-1439.0,14672.0,7349.0
2026-09-12 14:59:53.247,0 days 01:13:50.717000,81,786.0774999999999,0 days 00:00:45.932000,11164.0,278.0,7,100.0,False,0,car,2804.3955555555553,0.5246413463562645,OnTrack,-1418.87650684304,14616.510440614873,7351.92110011614
2026-09-12 14:59:53.407,0 days 01:13:50.877000,81,785.7219444444445,0 days 00:00:46.092000,11168.0,279.0,7,100.0,False,0,car,2816.795555555555,0.5269611163622929,OnTrack,-1385.4685951066658,14491.428048306045,7358.136647477472
2026-09-12 14:59:53.656,0 days 01:13:51.126000,81,785.0994446044447,0 days 00:00:46.341000,11235.585696914286,279.8892854857143,7,100.0,False,0,pos,2836.161870713651,0.5305841322518937,OnTrack,-1358.0,14325.0,7366.0
2026-09-12 14:59:53.687,0 days 01:13:51.157000,81,785.0219444444447,0 days 00:00:46.372000,11244.0,280.0,7,100.0,False,0,car,2838.573333333333,0.5310352644015547,OnTrack,-1356.1231934430036,14308.535777927658,7366.77265496071
2026-09-12 14:59:53.976,0 days 01:13:51.446000,81,784.2191668444449,0 days 00:00:46.661000,11301.7999872,280.0,7,100.0,False,0,pos,2861.046901845268,0.5352395797372335,OnTrack,-1355.0,14169.0,7373.0
2026-09-12 14:59:54.007,0 days 01:13:51.477000,81,784.133055555556,0 days 00:00:46.692000,11308.0,280.0,7,100.0,False,0,car,2863.4622222222215,0.5356914335892823,OnTrack,-1356.6252252278302,14148.910274488837,7373.820958672342
2026-09-12 14:59:54.247,0 days 01:13:51.717000,81,783.466388888889,0 days 00:00:46.932000,11231.0,281.0,7,100.0,False,0,car,2882.195555555555,0.5391960323618309,OnTrack,-1380.6947160059788,13959.033058704254,7380.513664537286
2026-09-12 14:59:54.276,0 days 01:13:51.746000,81,783.3777779733334,0 days 00:00:46.961000,11240.968728,281.0,7,100.0,False,0,pos,2884.458853136525,0.5396194460588511,OnTrack,-1385.0,13936.0,7381.0
2026-09-12 14:59:54.407,0 days 01:13:51.877000,81,782.9775,0 days 00:00:47.092000,11286.0,281.0,7,100.0,False,0,car,2894.6844444444437,0.5415324315435299,OnTrack,-1408.2276020144227,13835.799002502847,7381.982380357516
2026-09-12 14:59:54.476,0 days 01:13:51.946000,81,782.7091669155556,0 days 00:00:47.161000,11290.312496,281.2156248,7,100.0,False,0,pos,2900.0808999854926,0.5425419908744163,OnTrack,-1423.0,13784.0,7382.0
2026-09-12 14:59:54.655,0 days 01:13:52.125000,81,782.0130555555554,0 days 00:00:47.340000,11301.5,281.775,7,100.0,False,0,pos,2914.1099057604033,0.5451665123914355,OnTrack,-1469.0,13650.0,7381.0
2026-09-12 14:59:54.727,0 days 01:13:52.197000,81,781.7330555555554,0 days 00:00:47.412000,11306.0,282.0,7,100.0,False,0,car,2919.7511111111103,0.5462218590825985,OnTrack,-1489.769748551716,13597.065013393774,7380.054986466559
2026-09-12 14:59:54.875,0 days 01:13:52.345000,81,781.1163888888885,0 days 00:00:47.560000,11305.075,282.0,7,100.0,False,0,pos,2931.3431772704166,0.5483904822587483,OnTrack,-1536.0,13490.0,7377.0
2026-09-12 14:59:54.887,0 days 01:13:52.357000,81,781.0663888888885,0 days 00:00:47.572000,11305.0,282.0,7,100.0,False,0,car,2932.284444444444,0.5485665728521328,OnTrack,-1539.9463879726452,13481.386168519037,7376.679865093916
2026-09-12 14:59:55.087,0 days 01:13:52.557000,81,780.1774999999998,0 days 00:00:47.772000,11365.0,283.0,7,100.0,False,0,car,2948.0066666666658,0.5515078582988446,OnTrack,-1610.0304839045202,13339.574032138293,7370.25554963103
2026-09-12 14:59:55.095,0 days 01:13:52.565000,81,780.139722222222,0 days 00:00:47.780000,11363.854545454546,283.0,7,100.0,False,0,pos,2948.6358636791206,0.5516255673599233,OnTrack,-1613.0,13334.0,7370.0
2026-09-12 14:59:55.295,0 days 01:13:52.765000,81,779.1952777777775,0 days 00:00:47.980000,11335.218181818182,283.0,7,100.0,False,0,pos,2964.3615211091455,0.5545674954592178,OnTrack,-1691.0,13197.0,7364.0
2026-09-12 14:59:55.455,0 days 01:13:52.925000,81,778.4397222222218,0 days 00:00:48.140000,11312.309090909092,283.0,7,100.0,False,0,pos,2976.937293585043,0.5569201486682683,OnTrack,-1757.0,13090.0,7359.0
2026-09-12 14:59:55.527,0 days 01:13:52.997000,81,778.0997222222218,0 days 00:00:48.212000,11302.0,283.0,7,100.0,False,0,car,2982.595555555555,0.5579786862816108,OnTrack,-1787.4799426265265,13043.651664305358,7356.180699226622
2026-09-12 14:59:55.555,0 days 01:13:53.025000,81,777.9597222222218,0 days 00:00:48.240000,11300.425,283.0,7,100.0,False,0,pos,2984.795851265153,0.5583903137002817,OnTrack,-1801.0,13024.0,7355.0
2026-09-12 14:59:55.687,0 days 01:13:53.157000,81,777.2997222222216,0 days 00:00:48.372000,11293.0,283.0,7,100.0,False,0,car,2995.1733333333327,0.5603317146389803,OnTrack,-1883.8622455038162,12910.693257920148,7348.92745487487
2026-09-12 14:59:55.915,0 days 01:13:53.385000,81,776.0963888888881,0 days 00:00:48.600000,11294.71,283.57,7,100.0,False,0,pos,3013.16182789107,0.5636969702945165,OnTrack,-2055.0,12692.0,7339.0
2026-09-12 14:59:56.087,0 days 01:13:53.557000,81,775.1886111111103,0 days 00:00:48.772000,11296.0,284.0,7,100.0,False,0,car,3026.7288888888884,0.5662350720019922,OnTrack,-2150.5432680474696,12578.356857316381,7335.096864676682
2026-09-12 14:59:56.295,0 days 01:13:53.765000,81,774.2063888888878,0 days 00:00:48.980000,11290.057142857142,283.25714285714287,7,100.0,False,0,pos,3043.0814599774108,0.5692942819965571,OnTrack,-2241.0,12477.0,7333.0
2026-09-12 14:59:56.367,0 days 01:13:53.837000,81,773.8663888888877,0 days 00:00:49.052000,11288.0,283.0,7,100.0,False,0,car,3048.74,0.5703528716273889,OnTrack,-2270.8164147566404,12443.176855308922,7332.447051275489
2026-09-12 14:59:56.567,0 days 01:13:54.037000,81,772.5330555555543,0 days 00:00:49.252000,11283.0,283.0,7,100.0,False,0,car,3064.4622222222224,0.5732941570741008,OnTrack,-2350.017776995925,12352.128708108346,7331.365342027172
2026-09-12 14:59:56.755,0 days 01:13:54.225000,81,766.370833333332,0 days 00:00:49.440000,11191.82,281.27666666666664,7,98.74666666666667,False,0,pos,3079.204398243009,0.5760520972157632,OnTrack,-2427.0,12263.0,7331.0
2026-09-12 14:59:57.755,0 days 01:13:55.225000,81,733.5930555555541,0 days 00:00:50.440000,10706.82,272.11,7,92.08,False,0,pos,3154.310552433783,0.590102823325434,OnTrack,-2923.0,11670.0,7339.0
2026-09-12 14:59:57.767,0 days 01:13:55.237000,81,733.1997222222208,0 days 00:00:50.452000,10701.0,272.0,7,92.0,False,0,car,3155.128888888889,0.5902559162579658,OnTrack,-2929.4496050495663,11661.645881636374,7339.171016259817
2026-09-12 14:59:57.975,0 days 01:13:55.445000,81,727.24861111111,0 days 00:00:50.660000,9835.72,251.72,7,44.160000000000004,False,0,pos,3168.943436059859,0.5928403172397465,OnTrack,-3037.0,11517.0,7342.0
2026-09-12 14:59:58.167,0 days 01:13:55.637000,81,721.7552777777769,0 days 00:00:50.852000,9037.0,233.0,7,0.0,True,0,car,3181.0177777777776,0.595099163671986,OnTrack,-3107.6886743423743,11402.888440685121,7342.918949402585
2026-09-12 14:59:58.327,0 days 01:13:55.797000,81,717.7108333333322,0 days 00:00:51.012000,9597.0,213.0,7,0.0,True,0,car,3190.4844444444443,0.5968701708808896,OnTrack,-3148.186167637123,11324.173092957957,7342.902086129785
2026-09-12 14:59:58.395,0 days 01:13:55.865000,81,716.4452777777766,0 days 00:00:51.080000,9675.972727272727,208.05454545454546,7,0.0,True,0,pos,3194.2408377374613,0.5975729102754047,OnTrack,-3163.0,11295.0,7343.0
2026-09-12 14:59:58.675,0 days 01:13:56.145000,81,711.2341666666655,0 days 00:00:51.360000,10001.154545454545,187.6909090909091,7,0.0,True,0,pos,3208.1764332566436,0.6001799567674648,OnTrack,-3213.0,11194.0,7344.0
2026-09-12 14:59:58.767,0 days 01:13:56.237000,81,709.5219444444433,0 days 00:00:51.452000,10108.0,181.0,5,0.0,True,0,car,3212.6066666666666,0.6010087569758743,OnTrack,-3229.654966167735,11159.256400289823,7344.44025363512
2026-09-12 14:59:58.915,0 days 01:13:56.385000,81,707.0552777777767,0 days 00:00:51.600000,10586.225,172.675,5,0.0,True,0,pos,3219.6886835043615,0.6023336481244448,OnTrack,-3261.0,11084.0,7345.0
2026-09-12 14:59:58.927,0 days 01:13:56.397000,81,706.8552777777768,0 days 00:00:51.612000,10625.0,172.0,4,0.0,True,0,car,3220.251111111111,0.6024388660835336,OnTrack,-3264.0128649168423,11075.720845267935,7345.019909199991
2026-09-12 14:59:59.095,0 days 01:13:56.565000,81,704.3819444444434,0 days 00:00:51.780000,10328.9,166.75,4,0.0,True,0,pos,3227.8729217523864,0.6038647408994416,OnTrack,-3308.0,10944.0,7345.0
2026-09-12 14:59:59.407,0 days 01:13:56.877000,81,699.7886111111102,0 days 00:00:52.092000,9779.0,157.0,4,0.0,True,0,car,3241.1844444444446,0.6063550369539259,OnTrack,-3330.981816981588,10846.491168249137,7344.932733236981
2026-09-12 14:59:59.556,0 days 01:13:57.026000,81,698.2572228799992,0 days 00:00:52.241000,9641.54755904,154.39250112,4,0.0,True,0,pos,3247.434994175855,0.607524378711032,OnTrack,-3330.0,10809.0,7345.0
2026-09-12 14:59:59.776,0 days 01:13:57.246000,81,695.9961117688882,0 days 00:00:52.461000,9438.59755904,150.54250112,4,0.0,True,0,pos,3256.5707551501473,0.6092334806699362,OnTrack,-3326.0,10720.0,7345.0
2026-09-12 14:59:59.807,0 days 01:13:57.277000,81,695.6774999999993,0 days 00:00:52.492000,9410.0,150.0,4,0.0,False,0,car,3257.851111111111,0.6094730073921364,OnTrack,-3324.240161744576,10707.656797618069,7344.8911236915965
2026-09-12 14:59:59.936,0 days 01:13:57.406000,81,694.5666672177767,0 days 00:00:52.621000,9356.7875264,148.3875008,4,3.2249984,False,0,pos,3263.159566612986,0.6104661038317806,OnTrack,-3311.0,10657.0,7344.0
2026-09-12 14:59:59.967,0 days 01:13:57.437000,81,694.2997222222211,0 days 00:00:52.652000,9344.0,148.0,4,4.0,False,0,car,3264.428888888889,0.6107035663917502,OnTrack,-3305.565775419865,10643.67783973454,7343.654866850094
2026-09-12 15:00:00.127,0 days 01:13:57.597000,81,693.1441666666656,0 days 00:00:52.812000,9595.0,147.0,4,36.0,False,0,car,3270.9622222222224,0.6119258108035287,OnTrack,-3264.2096963107283,10568.347331203067,7341.171289049501
2026-09-12 15:00:00.216,0 days 01:13:57.686000,81,692.5013893511101,0 days 00:00:52.901000,9647.2874624,148.48333226666668,4,40.4499968,False,0,pos,3274.6417111403807,0.6126141630640011,OnTrack,-3240.0,10533.0,7340.0
2026-09-12 15:00:00.367,0 days 01:13:57.837000,81,691.4108333333324,0 days 00:00:53.052000,9736.0,151.0,4,48.0,False,0,car,3281.028888888889,0.6138090649482077,OnTrack,-3203.632742246645,10492.700840134143,7338.925449830313
2026-09-12 15:00:00.556,0 days 01:13:58.026000,81,689.9933338133319,0 days 00:00:53.241000,10125.812368,158.0874976,4,56.66249706666667,False,0,pos,3289.3878410137804,0.6153728428853974,OnTrack,-3156.0,10455.0,7338.0
2026-09-12 15:00:00.607,0 days 01:13:58.077000,81,689.6108333333318,0 days 00:00:53.292000,10231.0,160.0,4,59.0,False,0,car,3291.695555555556,0.6158045660286625,OnTrack,-3140.341418073217,10442.16762221028,7337.554827347486
2026-09-12 15:00:00.807,0 days 01:13:58.277000,81,688.6663888888879,0 days 00:00:53.492000,10651.0,167.0,4,74.0,False,0,car,3300.9733333333334,0.6175402362392662,OnTrack,-3067.1903892661476,10382.375917160864,7335.2983595712085
2026-09-12 15:00:00.836,0 days 01:13:58.306000,81,688.521389208888,0 days 00:00:53.521000,10753.51477376,168.59499648,4,77.76999168,False,0,pos,3302.3691578293447,0.6178013646101959,OnTrack,-3055.0,10373.0,7335.0
2026-09-12 15:00:01.007,0 days 01:13:58.477000,81,687.6663888888879,0 days 00:00:53.692000,11358.0,178.0,4,100.0,False,0,car,3310.8622222222225,0.6193902320326046,OnTrack,-2976.248659466483,10315.61525703526,7333.52056248156
2026-09-12 15:00:01.076,0 days 01:13:58.546000,81,687.3597225066654,0 days 00:00:53.761000,11510.83485824,180.75999744,4,100.0,False,0,pos,3314.3803143857494,0.6200483904744912,OnTrack,-2946.0,10294.0,7333.0
2026-09-12 15:00:01.207,0 days 01:13:58.677000,81,686.7774999999983,0 days 00:00:53.892000,11801.0,186.0,4,100.0,False,0,car,3321.195555555556,0.6213233737042951,OnTrack,-2895.6917133177994,10257.875003630681,7332.075305343857
2026-09-12 15:00:01.375,0 days 01:13:58.845000,81,686.2174999999986,0 days 00:00:54.060000,11159.6,191.4,4,100.0,False,0,pos,3330.206874047817,0.6230091951843852,OnTrack,-2837.0,10215.0,7331.0
2026-09-12 15:00:01.487,0 days 01:13:58.957000,81,685.8441666666654,0 days 00:00:54.172000,10732.0,195.0,4,100.0,False,0,car,3336.3622222222225,0.6241607268030666,OnTrack,-2795.4742056168134,10183.976114505118,7330.3452808581405
2026-09-12 15:00:01.555,0 days 01:13:59.025000,81,685.6363888888877,0 days 00:00:54.240000,10807.48,197.72,4,100.0,False,0,pos,3340.150846260173,0.624869495868176,OnTrack,-2769.0,10164.0,7330.0
2026-09-12 15:00:01.687,0 days 01:13:59.157000,81,685.2330555555545,0 days 00:00:54.372000,10954.0,203.0,5,100.0,False,0,car,3347.6400000000003,0.6262705534662557,OnTrack,-2714.3909293728043,10122.4806886898,7329.481919462552
2026-09-12 15:00:01.795,0 days 01:13:59.265000,81,684.8730555555546,0 days 00:00:54.480000,11192.14,207.86,5,100.0,False,0,pos,3353.936113322374,0.6274484191791428,OnTrack,-2661.0,10082.0,7329.0
2026-09-12 15:00:01.887,0 days 01:13:59.357000,81,684.566388888888,0 days 00:00:54.572000,11395.0,212.0,5,100.0,False,0,car,3359.417777777778,0.6284739192425911,OnTrack,-2606.0181257634804,10040.613474620057,7328.424325011134
2026-09-12 15:00:02.047,0 days 01:13:59.517000,81,683.8108333333325,0 days 00:00:54.732000,11807.0,220.0,5,100.0,False,0,car,3369.1955555555555,0.6303031285663412,OnTrack,-2503.223276789638,9963.390104905822,7327.263452685448
2026-09-12 15:00:02.095,0 days 01:13:59.565000,81,683.5841666666659,0 days 00:00:54.780000,11879.48,221.44,5,100.0,False,0,pos,3372.1798303945416,0.6308614214099884,OnTrack,-2479.0,9945.0,7327.0
2026-09-12 15:00:02.247,0 days 01:13:59.717000,81,682.8663888888882,0 days 00:00:54.932000,12109.0,226.0,5,100.0,False,0,car,3381.751111111111,0.6326519996297931,OnTrack,-2425.850592949417,9903.787036004258,7326.471928660362
2026-09-12 15:00:02.355,0 days 01:13:59.825000,81,682.3563888888882,0 days 00:00:55.040000,11542.0,228.25,5,100.0,False,0,pos,3388.6206443592737,0.6339371397253176,OnTrack,-2390.0,9876.0,7326.0
2026-09-12 15:00:02.487,0 days 01:13:59.957000,81,681.733055555555,0 days 00:00:55.172000,10849.0,231.0,5,100.0,False,0,car,3397.151111111111,0.6355330043146995,OnTrack,-2331.1349546295687,9831.38826102026,7324.985108779138
2026-09-12 15:00:02.615,0 days 01:14:00.085000,81,681.0930555555553,0 days 00:00:55.300000,10963.133333333333,235.8,5,100.0,False,0,pos,3405.6415509413287,0.6371213807385809,OnTrack,-2262.0,9769.0,7324.0
2026-09-12 15:00:02.727,0 days 01:14:00.197000,81,680.5330555555556,0 days 00:00:55.412000,11063.0,240.0,6,100.0,False,0,car,3413.151111111111,0.6385262559353816,OnTrack,-2194.713496938744,9692.736639363546,7323.497190715269
2026-09-12 15:00:02.887,0 days 01:14:00.357000,81,679.8219444444435,0 days 00:00:55.572000,11268.0,242.0,6,100.0,False,0,car,3423.9066666666668,0.6405383861915068,OnTrack,-2102.324838788495,9571.514383977905,7323.138541442493
2026-09-12 15:00:02.935,0 days 01:14:00.405000,81,679.5552777777768,0 days 00:00:55.620000,11299.8,243.2,6,100.0,False,0,pos,3427.176548853941,0.6411501099512878,OnTrack,-2083.0,9544.0,7323.0
2026-09-12 15:00:03.127,0 days 01:14:00.597000,81,678.4886111111105,0 days 00:00:55.812000,11427.0,248.0,6,100.0,False,0,car,3440.4399999999996,0.6436314128662115,OnTrack,-2046.026073935841,9477.093525061844,7322.271460624755
2026-09-12 15:00:03.235,0 days 01:14:00.705000,81,677.7986111111104,0 days 00:00:55.920000,11517.72,249.62,6,100.0,False,0,pos,3447.942735973927,0.6450350114045558,OnTrack,-2031.0,9433.0,7322.0
2026-09-12 15:00:03.327,0 days 01:14:00.797000,81,677.2108333333326,0 days 00:00:56.012000,11595.0,251.0,6,100.0,False,0,car,3454.3844444444444,0.6462401147995144,OnTrack,-2012.7059740539923,9377.476608930796,7321.948684508001
2026-09-12 15:00:03.455,0 days 01:14:00.925000,81,676.0019447217514,0 days 00:00:56.140000,11689.050157637239,253.75268754060215,6,100.0,False,0,pos,3463.4692422529397,0.6479396826597549,OnTrack,-1987.0,9285.0,7322.0
2026-09-12 15:00:03.575,0 days 01:14:01.045000,81,674.868611648394,0 days 00:00:56.260000,11777.222180422152,256.3333321099166,6,100.0,False,0,pos,3472.074678460246,0.649549572401892,OnTrack,-1973.0,9200.0,7322.0
2026-09-12 15:00:03.606,0 days 01:14:01.076000,81,674.5758333333324,0 days 00:00:56.291000,11800.0,257.0,6,100.0,False,0,car,3474.301944444444,0.6499662453716977,OnTrack,-1970.2372804658396,9179.148630347836,7322.020587750929
2026-09-12 15:00:03.855,0 days 01:14:01.325000,81,671.6708340799989,0 days 00:00:56.540000,11910.271400228572,259.6678564571429,6,100.0,False,0,pos,3492.2702695785474,0.653327727767235,OnTrack,-1956.0,8997.0,7322.0
2026-09-12 15:00:03.886,0 days 01:14:01.356000,81,671.3091666666655,0 days 00:00:56.571000,11924.0,260.0,6,100.0,False,0,car,3494.524166666666,0.6537493828367263,OnTrack,-1954.870256275731,8964.093687926941,7321.82425898664
2026-09-12 15:00:04.095,0 days 01:14:01.565000,81,668.6386119288878,0 days 00:00:56.780000,11901.358340266666,263.48333226666665,6,100.0,False,0,pos,3509.8365483848056,0.6566139960488716,OnTrack,-1950.0,8719.0,7320.0
2026-09-12 15:00:04.126,0 days 01:14:01.596000,81,668.2424999999989,0 days 00:00:56.811000,11898.0,264.0,6,100.0,False,0,car,3512.1241666666665,0.6570419596194768,OnTrack,-1949.5862578992615,8693.811257430354,7319.815427733779
2026-09-12 15:00:04.475,0 days 01:14:01.945000,81,663.4922222511769,0 days 00:00:57.160000,10818.130200488456,268.8337949843847,6,100.0,False,0,pos,3538.190183260432,0.6619183437703525,OnTrack,-1947.0,8565.0,7319.0
2026-09-12 15:00:04.487,0 days 01:14:01.957000,81,663.3288888888869,0 days 00:00:57.172000,10781.0,269.0,7,100.0,False,0,car,3539.0988888888887,0.6620883428075464,OnTrack,-1946.793450175765,8558.139070762423,7318.938056016441
2026-09-12 15:00:04.715,0 days 01:14:02.185000,81,659.9722222222202,0 days 00:00:57.400000,11012.8,274.7,7,100.0,False,0,pos,3556.5112083644494,0.6653458086506749,OnTrack,-1941.0,8385.0,7317.0
2026-09-12 15:00:04.727,0 days 01:14:02.197000,81,659.7955555555536,0 days 00:00:57.412000,11025.0,275.0,7,100.0,False,0,car,3557.432222222222,0.665518110289578,OnTrack,-1940.649892217142,8376.143027183301,7316.860922939447
2026-09-12 15:00:04.875,0 days 01:14:02.345000,81,657.6166666666638,0 days 00:00:57.560000,11101.96,276.48,7,100.0,False,0,pos,3568.814741977891,0.6676475318962093,OnTrack,-1933.0,8263.0,7315.0
2026-09-12 15:00:04.927,0 days 01:14:02.397000,81,656.8511111111079,0 days 00:00:57.612000,11129.0,277.0,7,100.0,False,0,car,3572.8211111111113,0.6683970363275257,OnTrack,-1925.9240838264982,8208.111040704976,7314.42125009781
2026-09-12 15:00:05.095,0 days 01:14:02.565000,81,654.5644444444416,0 days 00:00:57.780000,11131.52,277.42,7,100.0,False,0,pos,3585.783323375053,0.6708219840066925,OnTrack,-1894.0,8007.0,7313.0
2026-09-12 15:00:05.327,0 days 01:14:02.797000,81,651.4066666666645,0 days 00:00:58.012000,11135.0,278.0,7,100.0,False,0,car,3603.71,0.6741756748730091,OnTrack,-1871.8603434677743,7874.905212240225,7312.3884710263455
2026-09-12 15:00:05.567,0 days 01:14:03.037000,81,648.2733333333308,0 days 00:00:58.252000,11154.0,278.0,7,100.0,False,0,car,3622.2433333333333,0.6776428580002991,OnTrack,-1813.7665968560152,7759.199200140016,7312.118930924234
2026-09-12 15:00:05.595,0 days 01:14:03.065000,81,647.915555555553,0 days 00:00:58.280000,11154.31111111111,277.9222222222222,7,100.0,False,0,pos,3624.4007186333106,0.6780464578156485,OnTrack,-1799.0,7732.0,7312.0
2026-09-12 15:00:05.775,0 days 01:14:03.245000,81,645.6155555555533,0 days 00:00:58.460000,11156.31111111111,277.4222222222222,7,100.0,False,0,pos,3638.2400248200697,0.680635490670188,OnTrack,-1678.0,7517.0,7311.0
2026-09-12 15:00:05.927,0 days 01:14:03.397000,81,643.6733333333314,0 days 00:00:58.612000,11158.0,277.0,7,100.0,False,0,car,3649.943333333333,0.6828249248686049,OnTrack,-1597.3796243141335,7397.959132901174,7310.670214822784
2026-09-12 15:00:06.167,0 days 01:14:03.637000,81,640.539999999999,0 days 00:00:58.852000,11106.0,278.0,7,100.0,False,0,car,3668.476666666666,0.6862921079958949,OnTrack,-1510.306076651001,7314.536462159187,7310.963481904866
2026-09-12 15:00:06.196,0 days 01:14:03.666000,81,640.1694452622212,0 days 00:00:58.881000,11099.3843896,277.7281256,7,100.0,False,0,pos,3670.7051329917877,0.6867090055233515,OnTrack,-1500.0,7305.0,7311.0
2026-09-12 15:00:06.456,0 days 01:14:03.926000,81,636.8472230399985,0 days 00:00:59.141000,11040.0718896,275.2906256,7,100.0,False,0,pos,3690.5589792563705,0.6904232278676161,OnTrack,-1396.0,7213.0,7311.0
2026-09-12 15:00:06.487,0 days 01:14:03.957000,81,636.4511111111096,0 days 00:00:59.172000,11033.0,275.0,7,100.0,False,0,car,3692.9211111111103,0.6908651313052702,OnTrack,-1378.966224203657,7199.840309063716,7310.877935562295
2026-09-12 15:00:06.647,0 days 01:14:04.117000,81,634.4955555555543,0 days 00:00:59.332000,10981.0,274.0,7,100.0,False,0,car,3705.0988888888883,0.6931433283721227,OnTrack,-1277.6757952420326,7127.738397028813,7310.027640668259
2026-09-12 15:00:06.656,0 days 01:14:04.126000,81,634.390556302221,0 days 00:00:59.341000,10977.689309257143,273.93571474285716,7,100.0,False,0,pos,3705.781794627019,0.6932710851663372,OnTrack,-1272.0,7124.0,7310.0
2026-09-12 15:00:06.856,0 days 01:14:04.326000,81,632.0572229688869,0 days 00:00:59.541000,10904.117880685715,272.5071433142857,7,100.0,False,0,pos,3720.894295652871,0.6960983050530991,OnTrack,-1139.0,7050.0,7310.0
2026-09-12 15:00:06.927,0 days 01:14:04.397000,81,631.2288888888866,0 days 00:00:59.612000,10878.0,272.0,7,100.0,False,0,car,3726.254444444444,0.6971010721816912,OnTrack,-1073.6721481047089,7023.204408800806,7310.046374170132
2026-09-12 15:00:07.127,0 days 01:14:04.597000,81,628.9511111111096,0 days 00:00:59.812000,10887.0,272.0,7,100.0,False,0,car,3741.3655555555547,0.6999280320456687,OnTrack,-863.4035525380964,6952.07065273858,7310.035038111909
2026-09-12 15:00:07.156,0 days 01:14:04.626000,81,628.6450006755541,0 days 00:00:59.841000,10880.595847466666,271.87916693333335,7,100.0,False,0,pos,3743.5531884668503,0.7003372905304931,OnTrack,-840.0,6945.0,7310.0
2026-09-12 15:00:07.367,0 days 01:14:04.837000,81,626.4177777777768,0 days 00:01:00.052000,10834.0,271.0,7,100.0,False,0,car,3759.4322222222213,0.7033079120006888,OnTrack,-737.8153444441118,6921.979992026311,7309.468875243417
2026-09-12 15:00:07.496,0 days 01:14:04.966000,81,625.1636117333323,0 days 00:01:00.181000,10826.475003733334,270.64166684444444,7,100.0,False,0,pos,3769.1117680739562,0.7051187442699496,OnTrack,-676.0,6917.0,7309.0
2026-09-12 15:00:07.727,0 days 01:14:05.197000,81,622.9177777777768,0 days 00:01:00.412000,10813.0,270.0,7,100.0,False,0,car,3786.4322222222213,0.7083590241105898,OnTrack,-500.40479478921526,6906.23840782671,7308.034612015816
2026-09-12 15:00:07.735,0 days 01:14:05.205000,81,622.8422222222213,0 days 00:01:00.420000,10812.775,270.025,7,100.0,False,0,pos,3787.033092645316,0.7084714338835741,OnTrack,-494.0,6906.0,7308.0
2026-09-12 15:00:07.975,0 days 01:14:05.445000,81,620.5755555555545,0 days 00:01:00.660000,10806.025,270.775,7,100.0,False,0,pos,3805.0930185932484,0.7118500527968896,OnTrack,-307.0,6904.0,7307.0
2026-09-12 15:00:08.047,0 days 01:14:05.517000,81,619.8955555555544,0 days 00:01:00.732000,10804.0,271.0,7,100.0,False,0,car,3810.5211111111103,0.7128655307172833,OnTrack,-252.23893831387386,6904.080827036749,7306.760147985162
2026-09-12 15:00:08.207,0 days 01:14:05.677000,81,618.4288888888873,0 days 00:01:00.892000,10807.0,271.0,7,98.0,False,0,car,3822.565555555555,0.7151187840206301,OnTrack,-132.4301213599928,6904.690429793655,7306.238427194931
2026-09-12 15:00:08.255,0 days 01:14:05.725000,81,618.0688888888876,0 days 00:01:00.940000,10630.6,269.2,7,68.60000000000001,False,0,pos,3826.1420485408325,0.7157878679846639,OnTrack,-97.0,6905.0,7306.0
2026-09-12 15:00:08.367,0 days 01:14:05.837000,81,617.2288888888884,0 days 00:01:01.052000,10219.0,265.0,7,0.0,True,0,car,3834.3433333333323,0.7173221497969655,OnTrack,-15.237175691390584,6905.972497158254,7305.281556905891
2026-09-12 15:00:08.435,0 days 01:14:05.905000,81,617.0966666666658,0 days 00:01:01.120000,10021.46,259.22,7,0.0,True,0,pos,3839.156080216719,0.7182225099475049,OnTrack,34.0,6907.0,7305.0
2026-09-12 15:00:08.567,0 days 01:14:06.037000,81,616.8399999999983,0 days 00:01:01.252000,9638.0,248.0,7,0.0,True,0,car,3848.12111111111,0.7198996720258861,OnTrack,127.64476486335772,6909.869840535177,7305.007344303685
2026-09-12 15:00:08.575,0 days 01:14:06.045000,81,616.8933333333317,0 days 00:01:01.260000,9642.05,247.3,7,0.0,True,0,pos,3848.648096714968,0.7199982595579376,OnTrack,133.0,6910.0,7305.0
2026-09-12 15:00:08.775,0 days 01:14:06.245000,81,618.2266666666656,0 days 00:01:01.460000,9743.3,229.8,7,0.0,True,0,pos,3861.208517506719,0.7223480408011475,OnTrack,264.0,6915.0,7304.0
2026-09-12 15:00:08.887,0 days 01:14:06.357000,81,618.9733333333324,0 days 00:01:01.572000,9800.0,220.0,7,0.0,True,0,car,3867.676666666666,0.7235580906733865,OnTrack,362.15355008821683,6929.160514612449,7302.745577403652
2026-09-12 15:00:09.035,0 days 01:14:06.505000,81,621.5222222222211,0 days 00:01:01.720000,10396.1625,204.275,7,0.0,True,0,pos,3875.565624431825,0.72503394289939,OnTrack,489.0,6954.0,7301.0
2026-09-12 15:00:09.207,0 days 01:14:06.677000,81,624.4844444444429,0 days 00:01:01.892000,11089.0,186.0,6,0.0,True,0,car,3884.209999999999,0.7266511173480913,OnTrack,563.462717827501,6974.860628636788,7300.071114149542
2026-09-12 15:00:09.367,0 days 01:14:06.837000,81,627.6399999999994,0 days 00:01:02.052000,10874.0,177.0,5,0.0,True,0,car,3892.0766666666655,0.7281227993949265,OnTrack,592.9174640265485,6992.043592337486,7299.548112178682
2026-09-12 15:00:09.435,0 days 01:14:06.905000,81,629.5099999999994,0 days 00:01:02.120000,10763.985714285714,170.92857142857142,5,0.0,True,0,pos,3895.1473210655167,0.7286972519734213,OnTrack,612.0,7002.0,7299.0
2026-09-12 15:00:09.647,0 days 01:14:07.117000,81,635.3399999999992,0 days 00:01:02.332000,10421.0,152.0,4,0.0,True,0,car,3903.8988888888875,0.7303344797590972,OnTrack,698.9090807646255,7044.905962748842,7296.129421843053
2026-09-12 15:00:09.655,0 days 01:14:07.125000,81,635.5799999999992,0 days 00:01:02.340000,10398.966666666667,151.76666666666668,4,0.0,True,0,pos,3904.226571182588,0.7303957819813902,OnTrack,703.0,7047.0,7296.0
2026-09-12 15:00:09.887,0 days 01:14:07.357000,81,642.5399999999981,0 days 00:01:02.572000,9760.0,145.0,3,0.0,True,0,car,3913.5655555555545,0.7321429026132593,OnTrack,833.2208798105553,7115.137651164967,7292.111951540787
2026-09-12 15:00:09.895,0 days 01:14:07.365000,81,642.8244444444426,0 days 00:01:02.580000,9731.64,144.28,3,0.0,True,0,pos,3913.8668143587583,0.7321992615758178,OnTrack,837.0,7117.0,7292.0
2026-09-12 15:00:10.087,0 days 01:14:07.557000,81,649.6511111111099,0 days 00:01:02.772000,9051.0,127.0,3,0.0,True,0,car,3920.6211111111097,0.7334628434321017,OnTrack,902.4193654242565,7144.572123095732,7290.021980229339
2026-09-12 15:00:10.255,0 days 01:14:07.725000,81,656.2311093491013,0 days 00:01:02.940000,8676.33901246152,119.26778449732967,3,0.0,True,0,pos,3926.06541275275,0.7344813537266217,OnTrack,937.0,7156.0,7289.0
2026-09-12 15:00:10.326,0 days 01:14:07.796000,81,659.0119444444422,0 days 00:01:03.011000,8518.0,116.0,3,0.0,True,0,car,3928.322222222221,0.7349035536392509,OnTrack,949.5331935917836,7160.825599161473,7288.665332999739
2026-09-12 15:00:10.486,0 days 01:14:07.956000,81,665.4119444444427,0 days 00:01:03.171000,8330.0,114.0,3,0.0,True,0,car,3933.388888888888,0.7358514166524668,OnTrack,974.0734480844145,7171.327269065848,7288.07805991916
2026-09-12 15:00:10.655,0 days 01:14:08.125000,81,671.7024976177762,0 days 00:01:03.340000,8177.2964864,111.5857152,3,0.0,True,0,pos,3938.6190079439607,0.736829858048589,OnTrack,1026.0,7168.0,7286.0
2026-09-12 15:00:10.766,0 days 01:14:08.236000,81,675.8341666666652,0 days 00:01:03.451000,8077.0,110.0,3,0.0,False,0,car,3941.9444444444434,0.7374519748107482,OnTrack,1082.3713583269116,7154.269088432227,7283.404157870673
2026-09-12 15:00:10.835,0 days 01:14:08.305000,81,677.5591653724821,0 days 00:01:03.520000,8047.94739021782,108.66205086529433,3,2.1024914973946145,False,0,pos,3943.958182547671,0.7378287013633179,OnTrack,1114.0,7145.0,7282.0
2026-09-12 15:00:11.127,0 days 01:14:08.597000,81,684.8591666666648,0 days 00:01:03.812000,7925.0,103.0,3,11.0,False,0,car,3952.2730555555545,0.7393842330574812,OnTrack,1159.97313606701,7117.907916451893,7281.165078014465
2026-09-12 15:00:11.215,0 days 01:14:08.685000,81,686.3747222222203,0 days 00:01:03.900000,8081.2,104.375,3,14.025,False,0,pos,3954.8596086008656,0.7398681208134099,OnTrack,1172.0,7105.0,7281.0
2026-09-12 15:00:11.375,0 days 01:14:08.845000,81,689.1302777777757,0 days 00:01:04.060000,8365.2,106.875,3,19.525000000000002,False,0,pos,3959.6773785422124,0.740769420668723,OnTrack,1206.0,7072.0,7280.0
2026-09-12 15:00:11.447,0 days 01:14:08.917000,81,690.3702777777758,0 days 00:01:04.132000,8493.0,108.0,3,22.0,False,0,car,3961.873055555555,0.7411801840298905,OnTrack,1220.9160641516012,7056.366177786151,7279.647405184299
2026-09-12 15:00:11.575,0 days 01:14:09.045000,81,691.0458333333311,0 days 00:01:04.260000,8658.2,110.0,3,24.0,False,0,pos,3965.8122405525737,0.7419171197721712,OnTrack,1247.0,7026.0,7279.0
2026-09-12 15:00:11.767,0 days 01:14:09.237000,81,692.0591666666642,0 days 00:01:04.452000,8906.0,113.0,3,27.0,False,0,car,3971.917499999999,0.743059280880652,OnTrack,1293.3986525242706,6964.891130000537,7276.81544315168
2026-09-12 15:00:11.915,0 days 01:14:09.385000,81,691.4836111111088,0 days 00:01:04.600000,9321.633333333333,117.93333333333334,3,39.333333333333336,False,0,pos,3976.908030478197,0.7439929004707725,OnTrack,1327.0,6918.0,7275.0
2026-09-12 15:00:12.127,0 days 01:14:09.597000,81,690.6591666666645,0 days 00:01:04.812000,9917.0,125.0,3,57.0,False,0,car,3984.417499999999,0.7453977587093098,OnTrack,1361.6856620862263,6867.257654299374,7273.289812956655
2026-09-12 15:00:12.315,0 days 01:14:09.785000,81,688.9880555555538,0 days 00:01:05,10413.32,133.46,3,68.28,False,0,pos,3991.394581158528,0.7467030186771471,OnTrack,1389.0,6826.0,7272.0
2026-09-12 15:00:12.327,0 days 01:14:09.797000,81,688.8813888888872,0 days 00:01:05.012000,10445.0,134.0,3,69.0,False,0,car,3991.8619444444435,0.7467904521717105,OnTrack,1390.913904414015,6823.130014883551,7271.90630666209
2026-09-12 15:00:12.535,0 days 01:14:10.005000,81,685.5880555555538,0 days 00:01:05.220000,11187.857142857143,146.62857142857143,3,92.02857142857142,False,0,pos,4000.459286993131,0.7483988277665492,OnTrack,1433.0,6759.0,7270.0
2026-09-12 15:00:12.607,0 days 01:14:10.077000,81,684.4480555555538,0 days 00:01:05.292000,11445.0,151.0,3,100.0,False,0,car,4003.606388888888,0.7489875820071695,OnTrack,1456.8779777286113,6721.076068303235,7269.153387796852
2026-09-12 15:00:12.796,0 days 01:14:10.266000,81,680.3530569422203,0 days 00:01:05.481000,11438.700002133333,159.92499697777777,3,100.0,False,0,pos,4012.2164225575434,0.7505983318342214,OnTrack,1524.0,6613.0,7267.0
2026-09-12 15:00:12.967,0 days 01:14:10.437000,81,676.6480555555536,0 days 00:01:05.652000,11433.0,168.0,3,100.0,False,0,car,4020.406388888888,0.7521304962088857,OnTrack,1543.259319677111,6582.218791082337,7266.348792513658
2026-09-12 15:00:13.076,0 days 01:14:10.546000,81,673.6202795555536,0 days 00:01:05.761000,11557.138816,172.541664,3,100.0,False,0,pos,4025.8091271091475,0.7531412308922553,OnTrack,1558.0,6557.0,7266.0
2026-09-12 15:00:13.327,0 days 01:14:10.797000,81,666.6480555555536,0 days 00:01:06.012000,11843.0,183.0,4,100.0,False,0,car,4038.7063888888883,0.7555540277500409,OnTrack,1640.147621546721,6414.195118090887,7264.291889330823
2026-09-12 15:00:13.376,0 days 01:14:10.846000,81,665.1372241955537,0 days 00:01:06.061000,11972.2373312,185.4499968,4,100.0,False,0,pos,4041.2766184329967,0.7560348617343174,OnTrack,1654.0,6390.0,7264.0
2026-09-12 15:00:13.487,0 days 01:14:10.957000,81,661.7147222222206,0 days 00:01:06.172000,12265.0,191.0,4,100.0,False,0,car,4047.195277777777,0.7571421140265693,OnTrack,1676.5883591580707,6350.3590566971525,7263.504842368395
2026-09-12 15:00:13.636,0 days 01:14:11.106000,81,656.7066688177763,0 days 00:01:06.321000,12244.5125088,199.3812464,4,100.0,False,0,pos,4055.463102560832,0.7586888440222814,OnTrack,1702.0,6305.0,7263.0
2026-09-12 15:00:13.647,0 days 01:14:11.117000,81,656.3369444444429,0 days 00:01:06.332000,12243.0,200.0,4,100.0,False,0,car,4056.0841666666656,0.7588050315936149,OnTrack,1704.468145934142,6300.56632683705,7262.95842654029
2026-09-12 15:00:13.847,0 days 01:14:11.317000,81,649.1702777777759,0 days 00:01:06.532000,11122.0,207.0,5,100.0,False,0,car,4067.5841666666656,0.7609564311959801,OnTrack,1759.5111262138578,6201.464716292599,7262.051440225674
2026-09-12 15:00:13.856,0 days 01:14:11.326000,81,648.8452800888871,0 days 00:01:06.541000,11134.1499136,207.26249813333334,5,100.0,False,0,pos,4068.1106865163288,0.761054931595563,OnTrack,1762.0,6197.0,7262.0
2026-09-12 15:00:14.087,0 days 01:14:11.557000,81,640.503611111109,0 days 00:01:06.772000,11446.0,214.0,5,100.0,False,0,car,4081.850833333333,0.7636254138910884,OnTrack,1824.869945563315,6084.757326381457,7260.371118491953
2026-09-12 15:00:14.136,0 days 01:14:11.606000,81,638.7205578844424,0 days 00:01:06.821000,11512.1499136,215.2249984,5,100.0,False,0,pos,4084.8021764631594,0.7641775459289972,OnTrack,1842.0,6054.0,7260.0
2026-09-12 15:00:14.287,0 days 01:14:11.757000,81,633.2258333333316,0 days 00:01:06.972000,11716.0,219.0,5,100.0,False,0,car,4094.017499999999,0.7659015323109819,OnTrack,1908.0637475753147,5934.754515082029,7258.861860642179
2026-09-12 15:00:14.435,0 days 01:14:11.905000,81,627.840277777776,0 days 00:01:07.120000,11889.9,224.0875,5,100.0,False,0,pos,4103.372240157461,0.7676516005070683,OnTrack,1967.0,5828.0,7258.0
2026-09-12 15:00:14.607,0 days 01:14:12.077000,81,621.581388888887,0 days 00:01:07.292000,12092.0,230.0,5,100.0,False,0,car,4114.461944444444,0.769726242715187,OnTrack,1997.4547664690238,5772.56777912164,7257.61325546027
2026-09-12 15:00:14.767,0 days 01:14:12.237000,81,615.8480555555534,0 days 00:01:07.452000,12420.0,232.0,5,100.0,False,0,car,4124.773055555555,0.7716552270929599,OnTrack,2032.9102648696269,5711.28005364816,7257.053609719358
2026-09-12 15:00:14.775,0 days 01:14:12.245000,81,615.5924999999978,0 days 00:01:07.460000,12399.2,232.0,5,96.66666666666667,False,0,pos,4125.289265416236,0.7717517987180907,OnTrack,2036.0,5706.0,7257.0
2026-09-12 15:00:14.995,0 days 01:14:12.465000,81,608.5647222222207,0 days 00:01:07.680000,11827.2,232.0,5,5.0,False,0,pos,4139.472724249927,0.7744052150393919,OnTrack,2147.0,5518.0,7255.0
2026-09-12 15:00:15.007,0 days 01:14:12.477000,81,608.1813888888873,0 days 00:01:07.692000,11796.0,232.0,5,0.0,False,0,car,4140.239722222222,0.774548703659619,OnTrack,2151.724362206081,5510.158635106112,7254.913431136719
2026-09-12 15:00:15.247,0 days 01:14:12.717000,81,601.5147222222195,0 days 00:01:07.932000,11828.0,227.0,5,0.0,False,0,car,4155.373055555556,0.7773798208175143,OnTrack,2202.4015807490364,5434.722557164936,7254.075723173456
2026-09-12 15:00:15.315,0 days 01:14:12.785000,81,600.0413888888863,0 days 00:01:08,11747.25,225.5125,5,0.0,False,0,pos,4159.588248810386,0.7781683916951088,OnTrack,2219.0,5416.0,7254.0
2026-09-12 15:00:15.567,0 days 01:14:13.037000,81,594.581388888887,0 days 00:01:08.252000,11448.0,220.0,5,0.0,False,0,car,4174.9286111111105,0.7810382394650145,OnTrack,2321.0127305359383,5311.41633846605,7254.001245234
2026-09-12 15:00:15.655,0 days 01:14:13.125000,81,593.0169444444423,0 days 00:01:08.340000,11475.5,216.7,5,16.5,False,0,pos,4180.181563232052,0.7820209524306003,OnTrack,2363.0,5278.0,7254.0
2026-09-12 15:00:15.727,0 days 01:14:13.197000,81,591.7369444444421,0 days 00:01:08.412000,11498.0,214.0,5,30.0,False,0,car,4184.439722222222,0.7828175612617534,OnTrack,2398.0129774566108,5255.322507986255,7253.99350699384
2026-09-12 15:00:15.735,0 days 01:14:13.205000,81,591.6191666666643,0 days 00:01:08.420000,11488.36,213.88,5,30.16,False,0,pos,4184.910659874469,0.7829056634424302,OnTrack,2402.0,5253.0,7254.0
2026-09-12 15:00:15.927,0 days 01:14:13.397000,81,588.7924999999977,0 days 00:01:08.612000,11257.0,211.0,5,34.0,False,0,car,4196.161944444444,0.7850105338032947,OnTrack,2504.73484762554,5207.428736295373,7254.726881086541
2026-09-12 15:00:16.035,0 days 01:14:13.505000,81,587.292499999998,0 days 00:01:08.720000,11347.18,213.16,5,58.839999999999996,False,0,pos,4202.601244838755,0.7862151866996276,OnTrack,2565.0,5190.0,7255.0
2026-09-12 15:00:16.127,0 days 01:14:13.597000,81,586.0147222222204,0 days 00:01:08.812000,11424.0,215.0,5,80.0,False,0,car,4208.106388888888,0.7872450792840122,OnTrack,2616.5044461302073,5179.672234469846,7254.920099621883
2026-09-12 15:00:16.195,0 days 01:14:13.665000,81,585.0513888888869,0 days 00:01:08.880000,11441.85,214.71666666666667,5,85.66666666666667,False,0,pos,4212.154068549756,0.7880023120155681,OnTrack,2660.0,5175.0,7255.0
2026-09-12 15:00:16.367,0 days 01:14:13.837000,81,582.6147222222198,0 days 00:01:09.052000,11487.0,214.0,5,100.0,False,0,car,4222.373055555556,0.7899140619791205,OnTrack,2805.406637788365,5175.150559176966,7256.659032195945
2026-09-12 15:00:16.495,0 days 01:14:13.965000,81,580.2680555555538,0 days 00:01:09.180000,11546.2,215.6,5,100.0,False,0,pos,4230.051760617585,0.7913505805023492,OnTrack,2904.0,5181.0,7258.0
2026-09-12 15:00:16.527,0 days 01:14:13.997000,81,579.6813888888873,0 days 00:01:09.212000,11561.0,216.0,5,100.0,False,0,car,4231.973055555555,0.7917100129515297,OnTrack,2922.8879575746437,5182.659232460227,7258.21792984421
2026-09-12 15:00:16.767,0 days 01:14:14.237000,81,574.748055555554,0 days 00:01:09.452000,11573.0,216.0,5,100.0,False,0,car,4246.373055555555,0.7944039394101434,OnTrack,3015.018342164138,5198.036944816877,7258.813510859411
2026-09-12 15:00:16.815,0 days 01:14:14.285000,81,573.6413888888873,0 days 00:01:09.500000,11586.68,216.48,5,100.0,False,0,pos,4249.267017088273,0.7949453366006433,OnTrack,3038.0,5202.0,7259.0
2026-09-12 15:00:16.967,0 days 01:14:14.437000,81,570.1369444444426,0 days 00:01:09.652000,11630.0,218.0,5,100.0,False,0,car,4258.484166666666,0.796669664595243,OnTrack,3129.985500356336,5216.248026956181,7259.943532843894
2026-09-12 15:00:16.975,0 days 01:14:14.445000,81,569.9325000657492,0 days 00:01:09.660000,11633.376883336077,218.1206029762885,5,100.0,False,0,pos,4258.97218134749,0.7967609615161363,OnTrack,3135.0,5217.0,7260.0
2026-09-12 15:00:17.166,0 days 01:14:14.636000,81,565.0513888888872,0 days 00:01:09.851000,11714.0,221.0,5,100.0,False,0,car,4270.700555555555,0.7989550849602773,OnTrack,3251.382465184678,5234.001590886113,7261.416671361044
2026-09-12 15:00:17.255,0 days 01:14:14.725000,81,562.5791684444426,0 days 00:01:09.940000,11681.260737828572,221.63571382857143,5,100.0,False,0,pos,4276.196867777187,0.7999833253018508,OnTrack,3305.0,5241.0,7262.0
2026-09-12 15:00:17.446,0 days 01:14:14.916000,81,557.273611111109,0 days 00:01:10.131000,11611.0,223.0,5,100.0,False,0,car,4288.045,0.8021998528629751,OnTrack,3421.4104945802437,5252.68093539555,7262.959351351148
2026-09-12 15:00:17.455,0 days 01:14:14.925000,81,557.0086129427189,0 days 00:01:10.140000,11575.308657905776,223.05607437878118,5,100.0,False,0,pos,4288.604883447287,0.8023045948652242,OnTrack,3427.0,5253.0,7263.0
2026-09-12 15:00:17.675,0 days 01:14:15.145000,81,550.5308338734212,0 days 00:01:10.360000,10702.847424767087,224.42679116297393,5,100.0,False,0,pos,4302.336163215055,0.8048734183289062,OnTrack,3563.0,5254.0,7264.0
2026-09-12 15:00:17.767,0 days 01:14:15.237000,81,547.8219444444421,0 days 00:01:10.452000,10338.0,225.0,6,100.0,False,0,car,4308.1075,0.8059531097779711,OnTrack,3613.5704876318428,5252.163981599948,7264.515176298075
2026-09-12 15:00:17.875,0 days 01:14:15.345000,81,544.551944444442,0 days 00:01:10.560000,10369.628571428571,225.77142857142857,6,100.0,False,0,pos,4314.906008950799,0.8072249627739211,OnTrack,3690.0,5243.0,7265.0
2026-09-12 15:00:18.047,0 days 01:14:15.517000,81,539.344166666664,0 days 00:01:10.732000,10420.0,227.0,6,100.0,False,0,car,4325.763055555556,0.8092560797955154,OnTrack,3888.9307495811827,5203.164227998426,7265.030826581787
2026-09-12 15:00:18.075,0 days 01:14:15.545000,81,538.5197222222196,0 days 00:01:10.760000,10434.42,227.0,6,87.4,False,0,pos,4327.5303219528805,0.8095866968585134,OnTrack,3917.0,5197.0,7265.0
2026-09-12 15:00:18.247,0 days 01:14:15.717000,81,533.4552777777753,0 days 00:01:10.932000,10523.0,227.0,6,10.0,False,0,car,4338.374166666667,0.8116153440937613,OnTrack,4023.3862192160555,5170.786635337739,7264.740646012161
2026-09-12 15:00:18.515,0 days 01:14:15.985000,81,526.0852777777756,0 days 00:01:11.200000,10427.285714285714,226.04285714285714,6,54.98571428571428,False,0,pos,4355.195769094508,0.8147622996393616,OnTrack,4092.0,5133.0,7264.0
2026-09-12 15:00:18.527,0 days 01:14:15.997000,81,525.7552777777755,0 days 00:01:11.212000,10423.0,226.0,6,57.0,False,0,car,4355.951944444445,0.814903763582594,OnTrack,4097.317494664397,5129.964122935385,7263.953499241859
2026-09-12 15:00:18.735,0 days 01:14:16.205000,81,520.3819444444423,0 days 00:01:11.420000,10588.1,227.95,6,72.6,False,0,pos,4369.1331410577395,0.8173696784654235,OnTrack,4210.0,5064.0,7263.0
2026-09-12 15:00:18.847,0 days 01:14:16.317000,81,517.4886111111091,0 days 00:01:11.532000,10677.0,229.0,6,81.0,False,0,car,4376.3075,0.8187118448111282,OnTrack,4263.161340182003,5027.7570928237155,7262.430941046582
2026-09-12 15:00:18.915,0 days 01:14:16.385000,81,515.8263888888874,0 days 00:01:11.600000,10694.425,230.7,6,81.425,False,0,pos,4380.693936042589,0.8195324514857218,OnTrack,4300.0,4994.0,7262.0
2026-09-12 15:00:19.007,0 days 01:14:16.477000,81,513.5774999999994,0 days 00:01:11.692000,10718.0,233.0,6,82.0,False,0,car,4386.663055555555,0.8206491437767363,OnTrack,4362.884181669405,4923.959705499662,7261.2548465512855
2026-09-12 15:00:19.155,0 days 01:14:16.625000,81,510.1652777777764,0 days 00:01:11.840000,10837.14,235.22,6,87.18,False,0,pos,4396.344049781393,0.8224602470052553,OnTrack,4457.0,4807.0,7260.0
2026-09-12 15:00:19.207,0 days 01:14:16.677000,81,508.9663888888872,0 days 00:01:11.892000,10879.0,236.0,6,89.0,False,0,car,4399.774166666666,0.8231019471881286,OnTrack,4472.199792368888,4787.01947020748,7259.680155526984
2026-09-12 15:00:19.376,0 days 01:14:16.846000,81,505.3516680355534,0 days 00:01:12.061000,11009.9749504,239.37999872,6,98.29499648,False,0,pos,4411.029962827311,0.8252076615693732,OnTrack,4484.0,4761.0,7259.0
2026-09-12 15:00:19.407,0 days 01:14:16.877000,81,504.6886111111089,0 days 00:01:12.092000,11034.0,240.0,6,100.0,False,0,car,4413.1075,0.825596323538697,OnTrack,4488.405914728567,4750.884039827186,7258.906319629292
2026-09-12 15:00:19.687,0 days 01:14:17.157000,81,499.63305555555417,0 days 00:01:12.372000,11259.0,243.0,6,100.0,False,0,car,4432.0075,0.8291321020156277,OnTrack,4567.361453023137,4574.176064189392,7258.260082213118
2026-09-12 15:00:19.756,0 days 01:14:17.226000,81,498.5022232711098,0 days 00:01:12.441000,11317.403517257142,243.73928502857143,6,100.0,False,0,pos,4436.696031693932,0.8300092242088454,OnTrack,4585.0,4525.0,7258.0
2026-09-12 15:00:19.967,0 days 01:14:17.437000,81,495.04416666666566,0 days 00:01:12.652000,11496.0,246.0,6,100.0,False,0,car,4451.140833333333,0.8327115320786933,OnTrack,4622.692422345881,4383.441564519417,7257.021752214593
2026-09-12 15:00:19.976,0 days 01:14:17.446000,81,494.924167519999,0 days 00:01:12.661000,11497.174991644444,246.14999893333334,6,100.0,False,0,pos,4451.762630822192,0.8328278568500223,OnTrack,4624.0,4378.0,7257.0
2026-09-12 15:00:20.176,0 days 01:14:17.646000,81,492.2575008533322,0 days 00:01:12.861000,11523.286102755555,249.48333226666668,6,100.0,False,0,pos,4465.707160672182,0.8354365747608432,OnTrack,4655.0,4242.0,7257.0
2026-09-12 15:00:20.327,0 days 01:14:17.797000,81,490.2441666666655,0 days 00:01:13.012000,11543.0,252.0,6,100.0,False,0,car,4476.340833333333,0.8374259033812674,OnTrack,4694.999177891235,4046.0669817575113,7257.000856946322
2026-09-12 15:00:20.336,0 days 01:14:17.806000,81,490.1516673244432,0 days 00:01:13.021000,11546.699973688888,252.09999928888888,6,100.0,False,0,pos,4476.976384048062,0.837544801081698,OnTrack,4697.0,4036.0,7257.0
2026-09-12 15:00:20.687,0 days 01:14:18.157000,81,486.54416666666475,0 days 00:01:13.372000,11691.0,256.0,6,100.0,False,0,car,4501.940833333333,0.8422151059743588,OnTrack,4722.827181354361,3879.034590722667,7256.997260235893
2026-09-12 15:00:20.716,0 days 01:14:18.186000,81,486.3669448355537,0 days 00:01:13.401000,11699.277065066666,256.21145786666665,6,100.0,False,0,pos,4504.0230810724,0.8426046491880851,OnTrack,4724.0,3869.0,7257.0
2026-09-12 15:00:21.647,0 days 01:14:19.117000,81,480.6774999999989,0 days 00:01:14.332000,11965.0,263.0,6,100.0,False,0,car,4572.074166666666,0.8553355255783485,OnTrack,4809.640870785024,3202.820134163845,7257.022809426255
2026-09-12 15:00:21.675,0 days 01:14:19.145000,81,480.5297222222209,0 days 00:01:14.360000,11968.08,263.14,6,100.0,False,0,pos,4574.125076635475,0.8557192061775992,OnTrack,4812.0,3183.0,7257.0
2026-09-12 15:00:21.847,0 days 01:14:19.317000,81,479.6219444444423,0 days 00:01:14.532000,11987.0,264.0,6,100.0,False,0,car,4586.740833333333,0.8580793395639738,OnTrack,4825.465298207668,3066.173268481577,7256.848056466611
2026-09-12 15:00:21.935,0 days 01:14:19.405000,81,478.5952777777757,0 days 00:01:14.620000,11999.57142857143,264.3142857142857,6,100.0,False,0,pos,4593.247581643964,0.8592966104968591,OnTrack,4834.0,2994.0,7257.0
2026-09-12 15:00:22.127,0 days 01:14:19.597000,81,476.3552777777759,0 days 00:01:14.812000,12027.0,265.0,6,100.0,False,0,car,4607.351944444445,0.8619352296725608,OnTrack,4858.011544158586,2799.063614671397,7257.948509067038
2026-09-12 15:00:22.155,0 days 01:14:19.625000,81,475.87305555555366,0 days 00:01:14.840000,11966.177777777777,263.3666666666667,6,92.22222222222223,False,0,pos,4609.356347113492,0.8623102097686624,OnTrack,4861.0,2775.0,7258.0
2026-09-12 15:00:22.475,0 days 01:14:19.945000,81,470.3619444444427,0 days 00:01:15.160000,11271.066666666668,244.7,6,3.3333333333333397,False,0,pos,4631.002357663793,0.866359707028724,OnTrack,4883.0,2605.0,7257.0
2026-09-12 15:00:22.487,0 days 01:14:19.957000,81,470.15527777777606,0 days 00:01:15.172000,11245.0,244.0,6,0.0,True,0,car,4631.751944444444,0.8664999383941009,OnTrack,4883.972902959342,2598.2579083062806,7257.01829091852
2026-09-12 15:00:22.695,0 days 01:14:20.165000,81,467.9019444444424,0 days 00:01:15.380000,10675.971428571429,217.25714285714287,6,0.0,True,0,pos,4643.975792652761,0.868786754235383,OnTrack,4904.0,2466.0,7258.0
2026-09-12 15:00:22.767,0 days 01:14:20.237000,81,467.1219444444423,0 days 00:01:15.452000,10479.0,208.0,6,0.0,True,0,car,4647.929722222222,0.8695264483661238,OnTrack,4910.820809628912,2423.3166264741385,7258.09525591802
2026-09-12 15:00:22.935,0 days 01:14:20.405000,81,465.8152777777763,0 days 00:01:15.620000,11092.2,189.52,6,0.0,True,0,pos,4656.674041940828,0.8711623201892161,OnTrack,4926.0,2333.0,7258.0
2026-09-12 15:00:22.967,0 days 01:14:20.437000,81,465.56638888888756,0 days 00:01:15.652000,11209.0,186.0,6,0.0,True,0,car,4658.263055555555,0.8714595900378143,OnTrack,4928.865623426891,2316.5985537271968,7258.05452825921
2026-09-12 15:00:23.207,0 days 01:14:20.677000,81,464.23305555555453,0 days 00:01:15.892000,11354.0,166.0,5,0.0,True,0,car,4669.329722222222,0.873529922408786,OnTrack,4949.757546737395,2201.410075349172,7258.951939444738
2026-09-12 15:00:23.235,0 days 01:14:20.705000,81,464.21749999999906,0 days 00:01:15.920000,11261.46,162.64,5,0.0,True,0,pos,4670.502988235297,0.8737494149334815,OnTrack,4952.0,2189.0,7259.0
2026-09-12 15:00:23.395,0 days 01:14:20.865000,81,464.12861111111073,0 days 00:01:16.080000,10732.66,143.44,5,0.0,True,0,pos,4676.768950007463,0.8749216399478357,OnTrack,4964.0,2123.0,7259.0
2026-09-12 15:00:23.407,0 days 01:14:20.877000,81,464.1219444444441,0 days 00:01:16.092000,10693.0,142.0,4,0.0,True,0,car,4677.2186111111105,0.8750057617495389,OnTrack,4964.873503090583,2118.492684819717,7259.0041566416785
2026-09-12 15:00:23.607,0 days 01:14:21.077000,81,464.56638888888847,0 days 00:01:16.292000,10693.0,128.0,3,0.0,True,0,car,4684.329722222222,0.8763360958031755,OnTrack,4981.118335316439,2043.7765895599175,7259.028329481666
2026-09-12 15:00:23.615,0 days 01:14:21.085000,81,464.6219444363448,0 days 00:01:16.300000,10667.14123383818,127.59908889671597,3,0.0,True,0,pos,4684.596082891463,0.8763859260847314,OnTrack,4982.0,2040.0,7259.0
2026-09-12 15:00:23.775,0 days 01:14:21.245000,81,465.7330553854717,0 days 00:01:16.460000,10149.96591060178,119.58086683103537,3,0.0,True,0,pos,4689.608610461577,0.8773236608517911,OnTrack,5003.0,1954.0,7258.0
2026-09-12 15:00:24.046,0 days 01:14:21.516000,81,467.6149999999998,0 days 00:01:16.731000,9274.0,106.0,2,0.0,True,0,car,4697.255833333333,0.8787542897427035,OnTrack,5034.162526768695,1859.953870189777,7257.286709933501
2026-09-12 15:00:24.247,0 days 01:14:21.717000,81,469.4574999999995,0 days 00:01:16.932000,8729.0,99.0,2,0.0,True,0,car,4702.783333333333,0.879788364638536,OnTrack,5051.418390411855,1822.2421197781737,7257.0186707128505
2026-09-12 15:00:24.255,0 days 01:14:21.725000,81,469.55749999999955,0 days 00:01:16.940000,8712.233333333334,98.76666666666667,2,0.0,True,0,pos,4702.996255204572,0.8798281976845461,OnTrack,5052.0,1821.0,7257.0
2026-09-12 15:00:24.487,0 days 01:14:21.957000,81,472.4574999999995,0 days 00:01:17.172000,8226.0,92.0,2,0.0,True,0,car,4708.916666666666,0.8809357777597975,OnTrack,5067.056288756842,1792.0652159287854,7256.239913107503
2026-09-12 15:00:24.595,0 days 01:14:22.065000,81,474.2574999999996,0 days 00:01:17.280000,8042.13,90.38,2,0.0,True,0,pos,4711.566760745637,0.8814315526596002,OnTrack,5082.0,1775.0,7256.0
2026-09-12 15:00:24.875,0 days 01:14:22.345000,81,478.9241666666665,0 days 00:01:17.560000,7565.43,86.18,2,0.0,True,0,pos,4718.194797442326,0.8826715140086189,OnTrack,5148.0,1717.0,7256.0
2026-09-12 15:00:24.887,0 days 01:14:22.357000,81,479.1241666666665,0 days 00:01:17.572000,7545.0,86.0,2,0.0,True,0,car,4718.472222222222,0.8827234141443715,OnTrack,5150.282793555741,1715.3930697951894,7255.998229514036
2026-09-12 15:00:25.087,0 days 01:14:22.557000,81,483.06861111111084,0 days 00:01:17.772000,7315.0,82.0,2,0.0,False,0,car,4723.027777777777,0.8835756593974824,OnTrack,5176.803130967829,1704.3267940647527,7255.891124347489
2026-09-12 15:00:25.175,0 days 01:14:22.645000,81,485.12194444444407,0 days 00:01:17.860000,7478.288888888889,81.75555555555556,2,3.9111111111111114,False,0,pos,4725.0056399170135,0.883945674338342,OnTrack,5190.0,1703.0,7256.0
2026-09-12 15:00:25.447,0 days 01:14:22.917000,81,491.4686111111105,0 days 00:01:18.132000,7983.0,81.0,2,16.0,False,0,car,4731.127777777778,0.8850909930304528,OnTrack,5249.269910317181,1701.8126503554233,7256.985271840622
2026-09-12 15:00:25.455,0 days 01:14:22.925000,81,491.6686111111105,0 days 00:01:18.140000,7988.56,81.12,2,15.8,False,0,pos,4731.311718857197,0.8851254044013329,OnTrack,5251.0,1702.0,7257.0
2026-09-12 15:00:25.647,0 days 01:14:23.117000,81,496.4686111111114,0 days 00:01:18.332000,8122.0,84.0,2,11.0,False,0,car,4735.794444444444,0.8859640247531516,OnTrack,5292.853472026867,1713.1063784944838,7257.002656493172
2026-09-12 15:00:25.655,0 days 01:14:23.125000,81,496.6819444444447,0 days 00:01:18.340000,8134.84,84.08,2,11.36,False,0,pos,4735.983158214226,0.8859993289904795,OnTrack,5295.0,1714.0,7257.0
2026-09-12 15:00:25.847,0 days 01:14:23.317000,81,501.8019444444435,0 days 00:01:18.532000,8443.0,86.0,2,20.0,False,0,car,4740.572222222222,0.8868578429454387,OnTrack,5355.8546954116455,1744.5140517632956,7256.997747291172
2026-09-12 15:00:25.876,0 days 01:14:23.346000,81,502.6074982222214,0 days 00:01:18.561000,8494.2936368,86.7249984,2,20.906248,False,0,pos,4741.283240765068,0.8869908590332953,OnTrack,5364.0,1749.0,7257.0
2026-09-12 15:00:26.007,0 days 01:14:23.477000,81,506.24638888888876,0 days 00:01:18.692000,8726.0,90.0,2,25.0,False,0,car,4744.572222222222,0.8876061558506092,OnTrack,5392.826945760773,1766.0066395347426,7257.005267472272
2026-09-12 15:00:26.247,0 days 01:14:23.717000,81,512.9130555555548,0 days 00:01:18.932000,9680.0,97.0,2,44.0,False,0,car,4751.038888888889,0.888815928380635,OnTrack,5425.85947002183,1789.9250806186076,7257.000730718129
2026-09-12 15:00:26.316,0 days 01:14:23.786000,81,514.7722204977771,0 days 00:01:19.001000,9904.8966664,99.8031224,2,48.528120799999996,False,0,pos,4753.0356848765505,0.8891894854322748,OnTrack,5439.0,1799.0,7257.0
2026-09-12 15:00:26.476,0 days 01:14:23.946000,81,519.0833316088882,0 days 00:01:19.161000,10426.3966664,106.3031224,2,59.028120799999996,False,0,pos,4757.911558176685,0.8901016551608916,OnTrack,5477.0,1824.0,7257.0
2026-09-12 15:00:26.567,0 days 01:14:24.037000,81,521.5352777777771,0 days 00:01:19.252000,10723.0,110.0,2,65.0,False,0,car,4760.816666666667,0.890645137704385,OnTrack,5500.597586564516,1838.41457049858,7257.000023090932
2026-09-12 15:00:26.636,0 days 01:14:24.106000,81,523.3369427733327,0 days 00:01:19.321000,10928.0591848,112.8031224,2,68.6656216,False,0,pos,4763.080039116086,0.8910685654076622,OnTrack,5520.0,1849.0,7257.0
2026-09-12 15:00:26.887,0 days 01:14:24.357000,81,529.8908333333329,0 days 00:01:19.572000,11674.0,123.0,2,82.0,False,0,car,4771.75,0.8926905263118511,OnTrack,5608.6496363302385,1883.4540017145002,7256.999997436731
2026-09-12 15:00:26.936,0 days 01:14:24.406000,81,531.0886095466661,0 days 00:01:19.621000,11836.749787428571,124.92499748571429,2,85.14999588571429,False,0,pos,4773.520996069774,0.8930218411153558,OnTrack,5631.0,1889.0,7257.0
2026-09-12 15:00:27.167,0 days 01:14:24.637000,81,536.7352777777769,0 days 00:01:19.852000,12604.0,134.0,2,100.0,False,0,car,4782.172222222222,0.8946402971592121,OnTrack,5762.055949449059,1908.9626541088317,7256.99999864865
2026-09-12 15:00:27.327,0 days 01:14:24.797000,81,540.6019444444437,0 days 00:01:20.012000,11764.0,140.0,2,100.0,False,0,car,4788.394444444444,0.8958043394561439,OnTrack,5843.094670019021,1917.7641407071594,7256.9999987144865
2026-09-12 15:00:27.356,0 days 01:14:24.826000,81,541.2786096177771,0 days 00:01:20.041000,11675.69519488,141.01499776,2,100.0,False,0,pos,4789.552108197847,0.8960209131377739,OnTrack,5854.0,1919.0,7257.0
2026-09-12 15:00:27.527,0 days 01:14:24.997000,81,545.2686111111107,0 days 00:01:20.212000,11155.0,147.0,3,100.0,False,0,car,4796.561111111111,0.8973321449708671,OnTrack,5894.69960161719,1924.0447175443514,7257.000015526948
2026-09-12 15:00:27.727,0 days 01:14:25.197000,81,549.8241666666663,0 days 00:01:20.412000,11518.0,153.0,3,100.0,False,0,car,4805.061111111111,0.8989223098943545,OnTrack,5942.786008227322,1930.6968733166748,7257.000013970855
2026-09-12 15:00:27.775,0 days 01:14:25.245000,81,550.8774999999996,0 days 00:01:20.460000,11633.6,154.2,3,91.2,False,0,pos,4807.163233942932,0.8993155713051806,OnTrack,5969.0,1934.0,7257.0
2026-09-12 15:00:27.955,0 days 01:14:25.425000,81,554.8274999999994,0 days 00:01:20.640000,12067.1,158.7,3,58.2,False,0,pos,4815.139496732552,0.9008077564003069,OnTrack,6099.0,1950.0,7257.0
2026-09-12 15:00:27.967,0 days 01:14:25.437000,81,555.0908333333327,0 days 00:01:20.652000,12096.0,159.0,3,56.0,False,0,car,4815.661111111111,0.9009053390930563,OnTrack,6105.999988009407,1950.8598417989579,7257.0000192676425
2026-09-12 15:00:28.315,0 days 01:14:25.785000,81,564.2741666666661,0 days 00:01:21,10963.26,148.56,3,7.279999999999997,False,0,pos,4829.994739469275,0.9035868488626395,OnTrack,6202.0,1962.0,7257.0
2026-09-12 15:00:28.367,0 days 01:14:25.837000,81,565.6463888888884,0 days 00:01:21.052000,10794.0,147.0,3,0.0,True,0,car,4831.9944444444445,0.9039609501225027,OnTrack,6219.642297793012,1963.6696908117506,7256.999212406124
2026-09-12 15:00:28.575,0 days 01:14:26.045000,81,572.5219444444441,0 days 00:01:21.260000,10210.181818181818,138.4909090909091,3,0.0,True,0,pos,4839.609338569564,0.9053855310088361,OnTrack,6306.0,1971.0,7257.0
2026-09-12 15:00:28.775,0 days 01:14:26.245000,81,579.1330555555553,0 days 00:01:21.460000,9648.818181818182,130.3090909090909,3,0.0,True,0,pos,4846.631686114889,0.906699259332026,OnTrack,6381.0,1973.0,7257.0
2026-09-12 15:00:28.807,0 days 01:14:26.277000,81,580.1908333333331,0 days 00:01:21.492000,9559.0,129.0,3,0.0,True,0,car,4847.761111111111,0.9069105501570497,OnTrack,6395.76990443936,1972.1960925090289,7256.987128241419
2026-09-12 15:00:28.967,0 days 01:14:26.437000,81,585.6130555555555,0 days 00:01:21.652000,9165.0,127.0,3,0.0,True,0,car,4853.405555555555,0.9079665028121235,OnTrack,6479.1707013637015,1963.7538162142257,7256.928143911112
2026-09-12 15:00:29.015,0 days 01:14:26.485000,81,587.3463888888889,0 days 00:01:21.700000,9110.657142857142,126.14285714285714,3,0.0,True,0,pos,4855.072175074099,0.9082782910355574,OnTrack,6499.0,1961.0,7257.0
2026-09-12 15:00:29.247,0 days 01:14:26.717000,81,595.7241666666669,0 days 00:01:21.932000,8848.0,122.0,3,0.0,False,0,car,4862.894444444444,0.9097416673149448,OnTrack,6547.875743819975,1947.7076105371364,7257.930178685137
2026-09-12 15:00:29.315,0 days 01:14:26.785000,81,598.3497222222225,0 days 00:01:22,8844.3875,120.5125,3,2.3375,False,0,pos,4865.1108093798675,0.910156300935881,OnTrack,6561.0,1941.0,7258.0
2026-09-12 15:00:29.567,0 days 01:14:27.037000,81,608.0797222222227,0 days 00:01:22.252000,8831.0,115.0,3,11.0,False,0,car,4873.116666666666,0.9116540225170471,OnTrack,6628.820149890677,1899.7962001964813,7257.0580420221095
2026-09-12 15:00:29.595,0 days 01:14:27.065000,81,609.1608333333338,0 days 00:01:22.280000,8851.58,115.0,3,13.1,False,0,pos,4874.002688724329,0.911819777952051,OnTrack,6636.0,1894.0,7257.0
2026-09-12 15:00:29.735,0 days 01:14:27.205000,81,614.5663888888897,0 days 00:01:22.420000,8954.48,115.0,3,23.599999999999998,False,0,pos,4878.4606543690425,0.9126537662577374,OnTrack,6668.0,1862.0,7257.0
2026-09-12 15:00:29.767,0 days 01:14:27.237000,81,615.8019444444453,0 days 00:01:22.452000,8978.0,115.0,3,26.0,False,0,car,4879.505555555555,0.9128492445183611,OnTrack,6674.688365580311,1854.0380947791903,7257.008532452314
2026-09-12 15:00:29.955,0 days 01:14:27.425000,81,622.3819444444457,0 days 00:01:22.640000,9365.75,120.48333333333333,3,34.61666666666667,False,0,pos,4885.862052148468,0.9140384066263985,OnTrack,6710.0,1803.0,7257.0
2026-09-12 15:00:30.007,0 days 01:14:27.477000,81,624.2019444444459,0 days 00:01:22.692000,9473.0,122.0,3,37.0,False,0,car,4887.638888888888,0.9143708140922078,OnTrack,6718.551191617702,1787.8638116393115,7256.998600373414
2026-09-12 15:00:30.115,0 days 01:14:27.585000,81,627.8619444444454,0 days 00:01:22.800000,9834.125,123.35,3,46.45,False,0,pos,4891.326502357459,0.9150606862791609,OnTrack,6735.0,1755.0,7257.0
2026-09-12 15:00:30.167,0 days 01:14:27.637000,81,629.6241666666674,0 days 00:01:22.852000,10008.0,124.0,3,51.0,False,0,car,4893.15,0.9154018229837761,OnTrack,6742.574560569001,1738.4114864468118,7257.00038698118
2026-09-12 15:00:30.375,0 days 01:14:27.845000,81,635.7486111111118,0 days 00:01:23.060000,10600.8,133.53333333333333,3,51.0,False,0,pos,4900.914082308427,0.9168543137308268,OnTrack,6771.0,1668.0,7257.0
2026-09-12 15:00:30.407,0 days 01:14:27.877000,81,636.690833333334,0 days 00:01:23.092000,10692.0,135.0,3,51.0,False,0,car,4902.15,0.9170855270204098,OnTrack,6775.165479325997,1656.836928817422,7256.999953949457
2026-09-12 15:00:30.635,0 days 01:14:28.105000,81,642.3908333333341,0 days 00:01:23.320000,11381.066666666668,141.96666666666667,3,64.93333333333334,False,0,pos,4911.188754234887,0.9187764811305676,OnTrack,6804.0,1574.0,7257.0
2026-09-12 15:00:30.755,0 days 01:14:28.225000,81,645.3908333333341,0 days 00:01:23.440000,11743.733333333334,145.63333333333333,3,72.26666666666667,False,0,pos,4916.231493091666,0.9197198677715507,OnTrack,6819.0,1528.0,7257.0
2026-09-12 15:00:30.767,0 days 01:14:28.237000,81,645.690833333334,0 days 00:01:23.452000,11780.0,146.0,3,73.0,False,0,car,4916.75,0.9198168691242823,OnTrack,6820.334152050821,1523.785555347296,7257.000002567383
2026-09-12 15:00:31.075,0 days 01:14:28.545000,81,650.7386111111118,0 days 00:01:23.760000,11482.908333333333,160.75833333333333,3,90.325,False,0,pos,4930.917546319244,0.9224673085606052,OnTrack,6848.0,1427.0,7257.0
2026-09-12 15:00:31.247,0 days 01:14:28.717000,81,653.5575000000008,0 days 00:01:23.932000,11317.0,169.0,3,100.0,False,0,car,4939.283333333334,0.9240323651567429,OnTrack,6870.460429577138,1342.873106869246,7256.99974328285
2026-09-12 15:00:31.275,0 days 01:14:28.745000,81,653.9152777777787,0 days 00:01:23.960000,11327.325,170.75,3,100.0,False,0,pos,4940.663542446456,0.9242905722295389,OnTrack,6874.0,1329.0,7257.0
2026-09-12 15:00:31.407,0 days 01:14:28.877000,81,655.6019444444455,0 days 00:01:24.092000,11376.0,179.0,4,100.0,False,0,car,4947.238888888889,0.9255206763792487,OnTrack,6888.847337544636,1267.3318143583374,7257.002890789804
2026-09-12 15:00:31.607,0 days 01:14:29.077000,81,657.7130555555568,0 days 00:01:24.292000,11798.0,184.0,4,100.0,False,0,car,4957.461111111112,0.9274330315813512,OnTrack,6908.167341468257,1177.55827371795,7257.002275038588
2026-09-12 15:00:31.635,0 days 01:14:29.105000,81,657.9308333333346,0 days 00:01:24.320000,11911.225,185.575,4,100.0,False,0,pos,4958.936099982688,0.927708969883247,OnTrack,6911.0,1164.0,7257.0
2026-09-12 15:00:31.767,0 days 01:14:29.237000,81,658.9575000000013,0 days 00:01:24.452000,12445.0,193.0,4,100.0,False,0,car,4966.038888888889,0.9290377470335501,OnTrack,6924.859614978932,1096.5709703477946,7256.987722678529
2026-09-12 15:00:31.815,0 days 01:14:29.285000,81,659.1175000000013,0 days 00:01:24.500000,12347.8,194.5,4,100.0,False,0,pos,4968.668842582803,0.9295297541058393,OnTrack,6930.0,1071.0,7257.0
2026-09-12 15:00:32.087,0 days 01:14:29.557000,81,660.024166666668,0 days 00:01:24.772000,11797.0,203.0,4,100.0,False,0,car,4984.083333333334,0.9324134696946528,OnTrack,6958.276136482875,923.0625657399959,7257.022788961943
2026-09-12 15:00:32.095,0 days 01:14:29.565000,81,659.995277777779,0 days 00:01:24.780000,11795.854545454546,203.3090909090909,4,100.0,False,0,pos,4984.552898908524,0.9325013151895877,OnTrack,6959.0,919.0,7257.0
2026-09-12 15:00:32.315,0 days 01:14:29.785000,81,659.2008333333348,0 days 00:01:25,11764.354545454546,211.8090909090909,4,100.0,False,0,pos,4997.848855776925,0.934988699217391,OnTrack,6980.0,793.0,7256.0
2026-09-12 15:00:32.496,0 days 01:14:29.966000,81,658.5472224533349,0 days 00:01:25.181000,11738.438645527272,218.80227025454545,4,100.0,False,0,pos,5009.055578332234,0.9370852329955918,OnTrack,7011.0,603.0,7256.0
2026-09-12 15:00:32.527,0 days 01:14:29.997000,81,658.4352777777794,0 days 00:01:25.212000,11734.0,220.0,5,100.0,False,0,car,5010.972222222223,0.9374437953349656,OnTrack,7015.535775106325,574.9614834656845,7256.057207257479
2026-09-12 15:00:32.687,0 days 01:14:30.157000,81,657.501944444446,0 days 00:01:25.372000,11906.0,223.0,5,100.0,False,0,car,5020.883333333333,0.9392979484222214,OnTrack,7031.893526752857,472.0401690308226,7256.550384798887
2026-09-12 15:00:32.887,0 days 01:14:30.357000,81,655.501944444446,0 days 00:01:25.572000,12187.0,228.0,5,100.0,False,0,car,5033.55,0.9416676059552613,OnTrack,7047.158750694421,377.95017750043417,7257.000153193494
2026-09-12 15:00:32.896,0 days 01:14:30.366000,81,655.3869452622239,0 days 00:01:25.581000,12200.499904,228.281248,5,100.0,False,0,pos,5034.127402733517,0.9417756254345042,OnTrack,7048.0,373.0,7257.0
2026-09-12 15:00:33.047,0 days 01:14:30.517000,81,653.4575000000023,0 days 00:01:25.732000,12427.0,233.0,5,100.0,False,0,car,5043.905555555555,0.9436049049208693,OnTrack,7064.111199952498,280.66581561124997,7256.734687717145
2026-09-12 15:00:33.356,0 days 01:14:30.826000,81,647.4491679111138,0 days 00:01:26.041000,12643.2999552,238.7937488,5,100.0,False,0,pos,5064.410865209935,0.9474410018805918,OnTrack,7101.0,77.0,7256.0
2026-09-12 15:00:33.367,0 days 01:14:30.837000,81,647.2352777777805,0 days 00:01:26.052000,12651.0,239.0,5,100.0,False,0,car,5065.15,0.9475792779061083,OnTrack,7102.116109339887,70.88392903452296,7256.019976625678
2026-09-12 15:00:33.607,0 days 01:14:31.077000,81,641.3019444444471,0 days 00:01:26.292000,12686.0,239.0,5,17.0,True,0,car,5081.083333333333,0.9505600576450376,OnTrack,7122.829672344947,-42.3047661751452,7257.211453582232
2026-09-12 15:00:33.756,0 days 01:14:31.226000,81,638.4047234666696,0 days 00:01:26.441000,12160.3096008,223.1687568,5,9.0843784,True,0,pos,5089.991919675739,0.9522266601767497,OnTrack,7136.0,-119.0,7257.0
2026-09-12 15:00:33.876,0 days 01:14:31.346000,81,636.0713901333364,0 days 00:01:26.561000,11736.9346008,210.4187568,5,2.7093784,True,0,pos,5096.60326216639,0.9534634984033139,OnTrack,7148.0,-195.0,7256.0
2026-09-12 15:00:33.927,0 days 01:14:31.397000,81,635.0797222222254,0 days 00:01:26.612000,11557.0,205.0,5,0.0,True,0,car,5099.305555555555,0.953969038657481,OnTrack,7153.140925145831,-232.94007422466888,7255.9084363256015
2026-09-12 15:00:34.115,0 days 01:14:31.585000,81,632.2597222222254,0 days 00:01:26.800000,10945.4125,187.9625,5,0.0,True,0,pos,5108.719593173741,0.9557302001173432,OnTrack,7170.0,-380.0,7257.0
2026-09-12 15:00:34.247,0 days 01:14:31.717000,81,630.2797222222252,0 days 00:01:26.932000,10516.0,176.0,5,0.0,True,0,car,5114.95,0.9568957735754813,OnTrack,7176.515665488238,-446.9001495532361,7257.330497960691
2026-09-12 15:00:34.447,0 days 01:14:31.917000,81,627.7241666666696,0 days 00:01:27.132000,9827.0,162.0,4,0.0,True,0,car,5123.95,0.9585794776121149,OnTrack,7179.619070735984,-501.3267658309514,7257.073315703042
2026-09-12 15:00:34.535,0 days 01:14:32.005000,81,626.6975000000028,0 days 00:01:27.220000,9854.133333333333,157.96666666666667,4,0.0,True,0,pos,5127.73216835666,0.959287038959819,OnTrack,7181.0,-529.0,7257.0
2026-09-12 15:00:34.687,0 days 01:14:32.157000,81,624.9241666666694,0 days 00:01:27.372000,9901.0,151.0,4,0.0,True,0,car,5134.016666666666,0.9604627317567941,OnTrack,7183.698382031703,-588.6629517018297,7256.9940716246465
2026-09-12 15:00:34.735,0 days 01:14:32.205000,81,624.4575000000027,0 days 00:01:27.420000,10029.4,148.3,4,0.0,True,0,pos,5135.940194065941,0.9608225818508757,OnTrack,7184.0,-614.0,7257.0
2026-09-12 15:00:34.847,0 days 01:14:32.317000,81,623.3686111111138,0 days 00:01:27.532000,10329.0,142.0,3,0.0,True,0,car,5140.327777777778,0.9616434032293965,OnTrack,7183.0251259465695,-688.7166308012393,7257.003742352005
2026-09-12 15:00:34.975,0 days 01:14:32.445000,81,622.1952777777807,0 days 00:01:27.660000,10091.133333333333,139.15555555555557,3,0.0,True,0,pos,5145.206899734951,0.9625561807110098,OnTrack,7180.0,-772.0,7257.0
2026-09-12 15:00:35.207,0 days 01:14:32.677000,81,620.0686111111145,0 days 00:01:27.892000,9660.0,134.0,3,0.0,False,0,car,5153.727777777777,0.9641502514617176,OnTrack,7171.796248499174,-834.3873739944048,7256.999546511313
2026-09-12 15:00:35.315,0 days 01:14:32.785000,81,619.1686111111146,0 days 00:01:28,9585.942857142858,131.3,3,0.38571428571428573,False,0,pos,5157.578012815503,0.964870546603385,OnTrack,7164.0,-857.0,7257.0
2026-09-12 15:00:35.487,0 days 01:14:32.957000,81,617.7352777777814,0 days 00:01:28.172000,9468.0,127.0,3,1.0,False,0,car,5163.605555555555,0.965998168608097,OnTrack,7144.148383768414,-910.9643655588325,7256.999856191202
2026-09-12 15:00:35.615,0 days 01:14:33.085000,81,616.6686111111152,0 days 00:01:28.300000,9457.76,125.72,3,8.68,False,0,pos,5168.059673929672,0.9668314371732241,OnTrack,7126.0,-953.0,7257.0
2026-09-12 15:00:35.635,0 days 01:14:33.105000,81,616.5019444444486,0 days 00:01:28.320000,9456.16,125.52,3,9.879999999999999,False,0,pos,5168.752713527725,0.9669610897919786,OnTrack,7123.0,-959.0,7257.0
2026-09-12 15:00:35.687,0 days 01:14:33.157000,81,616.0686111111154,0 days 00:01:28.372000,9452.0,125.0,3,13.0,False,0,car,5170.549999999999,0.9672973229573514,OnTrack,7113.0079409808095,-975.2931092150491,7256.996650146232
2026-09-12 15:00:35.847,0 days 01:14:33.317000,81,614.7352777777824,0 days 00:01:28.532000,9771.0,124.0,3,27.0,False,0,car,5176.06111111111,0.9683283318489195,OnTrack,7062.640026821201,-1031.5652372102409,7256.960758726513
2026-09-12 15:00:35.975,0 days 01:14:33.445000,81,613.4552777777824,0 days 00:01:28.660000,9981.8,125.6,3,35.4,False,0,pos,5180.537749626822,0.9691658134421921,OnTrack,7023.0,-1068.0,7257.0
2026-09-12 15:00:36.167,0 days 01:14:33.637000,81,611.5352777777825,0 days 00:01:28.852000,10298.0,128.0,3,48.0,False,0,car,5187.438888888888,0.9704568663347379,OnTrack,6981.670406947755,-1096.5241766779643,7257.243913965889
2026-09-12 15:00:36.327,0 days 01:14:33.797000,81,609.624166666672,0 days 00:01:29.012000,10575.0,134.0,3,50.0,False,0,car,5193.394444444443,0.9715710211046584,OnTrack,6943.451367248415,-1111.1591974193457,7257.033289092746
2026-09-12 15:00:36.335,0 days 01:14:33.805000,81,609.5175000000053,0 days 00:01:29.020000,10598.233333333334,134.1,3,50.3,False,0,pos,5193.694470268554,0.9716271494036749,OnTrack,6941.0,-1112.0,7257.0
2026-09-12 15:00:36.515,0 days 01:14:33.985000,81,607.1175000000054,0 days 00:01:29.200000,11120.983333333334,136.35,3,57.05,False,0,pos,5200.502674158613,0.9729008161116659,OnTrack,6875.0,-1132.0,7256.0
2026-09-12 15:00:36.567,0 days 01:14:34.037000,81,606.4241666666721,0 days 00:01:29.252000,11272.0,137.0,3,59.0,False,0,car,5202.5277777777765,0.9732796689047977,OnTrack,6854.398996980552,-1136.7592437062974,7255.893408166182
2026-09-12 15:00:36.715,0 days 01:14:34.185000,81,603.8341666666724,0 days 00:01:29.400000,11541.6375,142.55,3,65.475,False,0,pos,5208.483967110112,0.974393942240554,OnTrack,6795.0,-1148.0,7256.0
2026-09-12 15:00:36.887,0 days 01:14:34.357000,81,600.8241666666727,0 days 00:01:29.572000,11855.0,149.0,3,73.0,False,0,car,5215.772222222221,0.9757574160796957,OnTrack,6728.113324607278,-1161.3214202774898,7256.006272074969
2026-09-12 15:00:36.935,0 days 01:14:34.405000,81,599.7574998109015,0 days 00:01:29.620000,11883.188370648353,151.12742419987575,3,76.59002833729035,False,0,pos,5217.878247605347,0.976151407572898,OnTrack,6710.0,-1165.0,7256.0
2026-09-12 15:00:37.155,0 days 01:14:34.625000,81,594.868610055284,0 days 00:01:29.840000,12012.385069453308,160.87811844930633,3,93.04432488320441,False,0,pos,5227.918237588924,0.9780296710910216,OnTrack,6619.0,-1183.0,7256.0
2026-09-12 15:00:37.248,0 days 01:14:34.718000,81,592.8019444444499,0 days 00:01:29.933000,12067.0,165.0,3,100.0,False,0,car,5232.318055555555,0.9788527812322292,OnTrack,6559.728183579418,-1193.8867462965677,7256.000942157184
2026-09-12 15:00:37.435,0 days 01:14:34.905000,81,588.0749991404348,0 days 00:01:30.120000,11783.92225428816,171.0927329375065,3,100.0,False,0,pos,5241.41843221255,0.9805552635558149,OnTrack,6436.0,-1216.0,7256.0
2026-09-12 15:00:37.647,0 days 01:14:35.117000,81,582.7161111111172,0 days 00:01:30.332000,11463.0,178.0,4,100.0,False,0,car,5252.046388888887,0.9825435228399387,OnTrack,6381.857598107114,-1225.5947787889065,7255.999964203972
2026-09-12 15:00:37.695,0 days 01:14:35.165000,81,581.436111111117,0 days 00:01:30.380000,11522.76,179.68,4,100.0,False,0,pos,5254.482338958086,0.9829992360582219,OnTrack,6368.0,-1228.0,7256.0
2026-09-12 15:00:37.847,0 days 01:14:35.317000,81,577.3827777777833,0 days 00:01:30.532000,11712.0,185.0,4,100.0,False,0,car,5262.324166666665,0.9844662712768353,OnTrack,6301.867153979304,-1239.4063712904706,7256.000037173092
2026-09-12 15:00:38.055,0 days 01:14:35.525000,81,571.4316666666721,0 days 00:01:30.740000,11553.111111111111,192.51111111111112,4,100.0,False,0,pos,5273.626240294109,0.9865806431644862,OnTrack,6184.0,-1259.0,7256.0
2026-09-12 15:00:38.207,0 days 01:14:35.677000,81,567.0827777777831,0 days 00:01:30.892000,11437.0,198.0,4,100.0,False,0,car,5282.124166666666,0.9881704201574294,OnTrack,6102.980343759516,-1271.5586303060365,7255.999999590684
2026-09-12 15:00:38.235,0 days 01:14:35.705000,81,566.281666666672,0 days 00:01:30.920000,11379.2,198.5,4,100.0,False,0,pos,5283.69768984156,0.988464792082019,OnTrack,6088.0,-1274.0,7256.0
2026-09-12 15:00:38.395,0 days 01:14:35.865000,81,561.7038888888937,0 days 00:01:31.080000,11048.914285714285,201.35714285714286,4,100.0,False,0,pos,5292.730638663901,0.9901546601258947,OnTrack,6001.0,-1289.0,7256.0
2026-09-12 15:00:38.487,0 days 01:14:35.957000,81,559.0716666666713,0 days 00:01:31.172000,10859.0,203.0,5,100.0,False,0,car,5297.913055555555,0.9911241774858942,OnTrack,5951.09819519936,-1297.1879062477483,7255.999999882412
2026-09-12 15:00:38.675,0 days 01:14:36.145000,81,553.7972222222267,0 days 00:01:31.360000,11145.7,203.0,5,100.0,False,0,pos,5308.501491955574,0.9931050433868222,OnTrack,5849.0,-1314.0,7256.0
2026-09-12 15:00:38.687,0 days 01:14:36.157000,81,553.46055555556,0 days 00:01:31.372000,11164.0,203.0,5,100.0,False,0,car,5309.190833333333,0.9932340041490834,OnTrack,5842.4017153016575,-1315.2002916289282,7256.000000000159
2026-09-12 15:00:38.695,0 days 01:14:36.165000,81,553.2272222222266,0 days 00:01:31.380000,11170.24,203.26,5,100.0,False,0,pos,5309.651702864727,0.9933202228035688,OnTrack,5838.0,-1316.0,7256.0
2026-09-12 15:00:38.935,0 days 01:14:36.405000,81,546.2272222222269,0 days 00:01:31.620000,11357.44,211.06,5,100.0,False,0,pos,5323.945819970068,0.9959943408780553,OnTrack,5699.0,-1339.0,7256.0
2026-09-12 15:00:39.087,0 days 01:14:36.557000,81,541.7938888888939,0 days 00:01:31.772000,11476.0,216.0,5,100.0,False,0,car,5333.190833333333,0.9977238815801065,OnTrack,5587.201301204978,-1357.1223565648704,7256.000000000387
2026-09-12 15:00:39.279,0 days 01:14:36.749000,81,541.7938888888939,0 days 00:01:31.964000,11714.08,218.88,5,100.0,False,0,interpolation,5344.8708012122115,0.9999089492540422,OnTrack,5414.924341189654,-1385.230621289193,7256.000000000075
