Date,SessionTime,DriverAhead,DistanceToDriverAhead,Time,RPM,Speed,nGear,Throttle,Brake,DRS,Source,Distance,RelativeDistance,Status,X,Y,Z
2026-09-06 14:53:31.936,0 days 02:46:56.760000,,406.44666666666666,0 days 00:00:00,11159.9875104,317.0,8,100.0,False,0,interpolation,-0.007733355433032929,-1.3394849175062526e-06,OnTrack,-1380.0554326517865,-754.7751654509852,1870.9694296458308
2026-09-06 14:53:31.973,0 days 02:46:56.797000,,406.44666666666666,0 days 00:00:00.037000,11166.0,317.0,8,100.0,False,0,car,3.258055555555556,0.0005643237679757012,OnTrack,-1374.5734218113985,-688.8481204510338,1870.9836124990882
2026-09-06 14:53:31.992,0 days 02:46:56.816000,,406.44666666666666,0 days 00:00:00.056000,11169.51501184,317.19000064,8,100.0,False,0,pos,4.936896579997028,0.0008551137427290469,OnTrack,-1372.0,-658.0,1871.0
2026-09-06 14:53:32.173,0 days 02:46:56.997000,31,406.44666666666666,0 days 00:00:00.237000,11203.0,319.0,8,100.0,False,0,car,20.98027777777778,0.003633967931744968,OnTrack,-1355.6891955516867,-466.1923562797069,1871.4652446534994
2026-09-06 14:53:32.373,0 days 02:46:57.197000,31,406.00222222222226,0 days 00:00:00.437000,11242.0,320.0,8,100.0,False,0,car,38.75805555555556,0.006713234804491569,OnTrack,-1349.6940422848681,-403.50713886998676,1872.4523184581033
2026-09-06 14:53:32.492,0 days 02:46:57.316000,31,405.70472206222223,0 days 00:00:00.556000,11250.1812544,320.3718752,8,100.0,False,0,pos,49.35234343407122,0.008548258287878367,OnTrack,-1344.0,-339.0,1873.0
2026-09-06 14:53:32.693,0 days 02:46:57.517000,31,405.20222222222225,0 days 00:00:00.757000,11264.0,321.0,8,100.0,False,0,car,67.29138888888889,0.011655458135249862,OnTrack,-1328.9055127905517,-164.21663344067886,1873.8923820912435
2026-09-06 14:53:32.712,0 days 02:46:57.536000,31,405.14416647111113,0 days 00:00:00.776000,11269.046892,321.1187504,8,100.0,False,0,pos,68.99169549731944,0.011949966137222805,OnTrack,-1327.0,-143.0,1874.0
2026-09-06 14:53:32.872,0 days 02:46:57.696000,31,404.6552775822222,0 days 00:00:00.936000,11311.546892,322.1187504,8,100.0,False,0,pos,83.34163170759248,0.014435500817128341,OnTrack,-1309.0,53.0,1875.0
2026-09-06 14:53:33.013,0 days 02:46:57.837000,31,404.22444444444443,0 days 00:00:01.077000,11349.0,323.0,8,100.0,False,0,car,96.0025,0.01662847413473562,OnTrack,-1297.5457772517807,182.52016600539756,1875.400039866253
2026-09-06 14:53:33.173,0 days 02:46:57.997000,31,403.6911111111111,0 days 00:00:01.237000,11320.0,323.0,8,100.0,False,0,car,110.35805555555557,0.019114982134478504,OnTrack,-1289.2070093514003,284.20073394153735,1875.5109802836655
2026-09-06 14:53:33.271,0 days 02:46:58.095000,31,403.36444401777777,0 days 00:00:01.335000,11326.805564444445,323.0,8,100.0,False,0,pos,119.13800627841613,0.020635746526023936,OnTrack,-1283.0,357.0,1876.0
2026-09-06 14:53:33.511,0 days 02:46:58.335000,31,402.5644440177778,0 days 00:00:01.575000,11343.47223111111,323.0,8,100.0,False,0,pos,140.67144845716325,0.024365527378617576,OnTrack,-1264.0,572.0,1878.0
2026-09-06 14:53:33.533,0 days 02:46:58.357000,31,402.49111111111114,0 days 00:00:01.597000,11345.0,323.0,8,100.0,False,0,car,142.65805555555556,0.02470962513389998,OnTrack,-1262.242462749314,591.939475086418,1878.056023217197
2026-09-06 14:53:33.691,0 days 02:46:58.515000,31,401.8327773618076,0 days 00:00:01.755000,11336.197766026025,324.760446794795,8,100.0,False,0,pos,156.99780655982636,0.027193395646887306,OnTrack,-1250.0,733.0,1878.0
2026-09-06 14:53:33.851,0 days 02:46:58.675000,31,401.1661108139896,0 days 00:00:01.915000,11327.284118590018,326.5431762819964,8,100.0,False,0,pos,171.55530103884553,0.029714881237480537,OnTrack,-1238.0,877.0,1879.0
2026-09-06 14:53:33.892,0 days 02:46:58.716000,31,400.9952777777778,0 days 00:00:01.956000,11325.0,327.0,8,100.0,False,0,car,175.26722222222224,0.03035781850878032,OnTrack,-1234.8281463365279,914.3059566414024,1879.335733537035
2026-09-06 14:53:34.131,0 days 02:46:58.955000,31,400.1986108977778,0 days 00:00:02.195000,11345.1656304,324.7593744,8,100.0,False,0,pos,196.7739447045978,0.034082971275855335,OnTrack,-1216.0,1129.0,1881.0
2026-09-06 14:53:34.212,0 days 02:46:59.036000,31,399.9286111111112,0 days 00:00:02.276000,11352.0,324.0,8,100.0,False,0,car,204.06722222222223,0.03534623084262981,OnTrack,-1210.1218869731463,1195.852955742383,1880.9895797630768
2026-09-06 14:53:34.311,0 days 02:46:59.135000,31,399.57111088000005,0 days 00:00:02.375000,11370.81001216,324.49500032,8,100.0,False,0,pos,213.0064607114747,0.03689458527092874,OnTrack,-1202.0,1290.0,1881.0
2026-09-06 14:53:34.412,0 days 02:46:59.236000,31,399.20638888888885,0 days 00:00:02.476000,11390.0,325.0,8,100.0,False,0,car,222.1227777777778,0.03847361126026308,OnTrack,-1190.7884856977523,1423.418059027796,1881.6960631449044
2026-09-06 14:53:34.551,0 days 02:46:59.375000,31,398.78166647111107,0 days 00:00:02.615000,11298.95495808,323.60999936,8,100.0,False,0,pos,234.6092238160854,0.04063637311524363,OnTrack,-1175.0,1613.0,1883.0
2026-09-06 14:53:34.612,0 days 02:46:59.436000,31,398.59527777777777,0 days 00:00:02.676000,11259.0,323.0,8,100.0,False,0,car,240.06722222222226,0.04158174625994168,OnTrack,-1170.055479329021,1672.0130495602132,1883.3250689288482
2026-09-06 14:53:34.892,0 days 02:46:59.716000,31,397.8952777777778,0 days 00:00:02.956000,11211.0,321.0,8,100.0,False,0,car,265.0338888888889,0.04590619167435518,OnTrack,-1157.3352234739357,1818.7773502074492,1883.7729955204309
2026-09-06 14:53:34.931,0 days 02:46:59.755000,31,397.76527756444443,0 days 00:00:02.995000,11201.0062336,321.4875008,8,100.0,False,0,pos,268.53008322570565,0.046511763165720164,OnTrack,-1155.0,1845.0,1884.0
2026-09-06 14:53:35.052,0 days 02:46:59.876000,31,397.3619444444444,0 days 00:00:03.116000,11170.0,323.0,8,100.0,False,0,car,279.38944444444445,0.04839269967409806,OnTrack,-1145.9384134868696,1946.4221815175904,1885.1120342473482
2026-09-06 14:53:35.171,0 days 02:46:59.995000,31,397.06444428444445,0 days 00:00:03.235000,11157.674993371429,321.7249993142857,8,100.0,False,0,pos,289.99280158417514,0.05022929403298846,OnTrack,-1136.0,2058.0,1886.0
2026-09-06 14:53:35.332,0 days 02:47:00.156000,31,396.66194444444443,0 days 00:00:03.396000,11141.0,320.0,8,100.0,False,0,car,304.2783333333333,0.0527036732959433,OnTrack,-1123.4399138280507,2201.2076635231883,1885.959927107915
2026-09-06 14:53:35.351,0 days 02:47:00.175000,31,396.6144442844444,0 days 00:00:03.415000,11138.43499136,320.0,8,100.0,False,0,pos,305.9668173007408,0.052996133512905885,OnTrack,-1122.0,2218.0,1886.0
2026-09-06 14:53:35.511,0 days 02:47:00.335000,31,396.21444428444437,0 days 00:00:03.575000,11116.83499136,320.0,8,100.0,False,0,pos,320.19324081652815,0.05546027471195867,OnTrack,-1110.0,2360.0,1887.0
2026-09-06 14:53:35.532,0 days 02:47:00.356000,31,396.1619444444444,0 days 00:00:03.596000,11114.0,320.0,8,100.0,False,0,car,322.0561111111111,0.0557829401686899,OnTrack,-1108.397676090428,2378.600472872225,1887.1376530010539
2026-09-06 14:53:35.731,0 days 02:47:00.555000,31,395.66444428444436,0 days 00:00:03.795000,11072.778558171429,318.5785709714286,8,100.0,False,0,pos,339.64095576875326,0.05882878933462772,OnTrack,-1093.0,2554.0,1888.0
2026-09-06 14:53:35.812,0 days 02:47:00.636000,31,395.4619444444444,0 days 00:00:03.876000,11056.0,318.0,8,100.0,False,0,car,346.78944444444437,0.0600669702053986,OnTrack,-1086.939314575361,2625.1465562870967,1887.9835795169388
2026-09-06 14:53:35.851,0 days 02:47:00.675000,31,395.35361093333324,0 days 00:00:03.915000,11058.6812544,318.0,8,100.0,False,0,pos,350.23276502293123,0.06066338349856254,OnTrack,-1084.0,2660.0,1888.0
2026-09-06 14:53:35.972,0 days 02:47:00.796000,31,395.0174999999999,0 days 00:00:04.036000,11067.0,318.0,8,100.0,False,0,car,360.9227777777777,0.06251498736923214,OnTrack,-1074.5907985027807,2772.2228631129083,1888.4226793845842
2026-09-06 14:53:36.211,0 days 02:47:01.035000,31,393.8888885866666,0 days 00:00:04.275000,11000.2791488,318.0,8,100.0,False,0,pos,382.034866017936,0.0661717860279309,OnTrack,-1056.0,2993.0,1890.0
2026-09-06 14:53:36.212,0 days 02:47:01.036000,31,393.8841666666666,0 days 00:00:04.276000,11000.0,318.0,8,100.0,False,0,car,382.12277777777774,0.06618701311498247,OnTrack,-1055.9275483583506,2993.841798551171,1890.0048785660704
2026-09-06 14:53:36.452,0 days 02:47:01.276000,31,391.55083333333323,0 days 00:00:04.516000,11009.0,315.0,8,100.0,False,0,car,403.12277777777774,0.06982439710841438,OnTrack,-1039.1106154328277,3185.39255859334,1890.8328105827254
2026-09-06 14:53:36.491,0 days 02:47:01.315000,31,390.68416524444433,0 days 00:00:04.555000,11005.0999936,315.0,8,100.0,False,0,pos,406.5338668261936,0.07041522761817053,OnTrack,-1036.0,3221.0,1891.0
2026-09-06 14:53:36.811,0 days 02:47:01.635000,31,383.57305413333324,0 days 00:00:04.875000,10973.0999936,315.0,8,100.0,False,0,pos,434.5354825081286,0.0752653527930135,OnTrack,-1006.0,3570.0,1893.0
2026-09-06 14:53:36.812,0 days 02:47:01.636000,31,383.55083333333323,0 days 00:00:04.876000,10973.0,315.0,8,100.0,False,0,car,434.62277777777774,0.07528047309856227,OnTrack,-1005.9088183537654,3571.0692198342826,1893.0062190297306
2026-09-06 14:53:37.012,0 days 02:47:01.836000,31,377.99527777777774,0 days 00:00:05.076000,10962.0,314.0,8,100.0,False,0,car,452.06722222222214,0.07830200371744486,OnTrack,-988.8832950806255,3771.604452443214,1894.1406971651966
2026-09-06 14:53:37.212,0 days 02:47:02.036000,31,370.7175,0 days 00:00:05.276000,10958.42857142857,314.7142857142857,8,100.0,False,0,pos,469.5757247651217,0.08133462976023084,OnTrack,-975.0,3935.0,1895.0
2026-09-06 14:53:37.292,0 days 02:47:02.116000,31,367.8063888888889,0 days 00:00:05.356000,10957.0,315.0,8,100.0,False,0,car,476.56722222222214,0.08254561837644878,OnTrack,-970.5289715909814,3987.012969901275,1895.2507459737958
2026-09-06 14:53:37.552,0 days 02:47:02.376000,31,357.11749756551944,0 days 00:00:05.616000,10910.736644267421,313.14946577069685,8,100.0,False,0,pos,499.1764404219515,0.08646173306138713,OnTrack,-957.0,4143.0,1896.0
2026-09-06 14:53:37.573,0 days 02:47:02.397000,31,356.2541666666667,0 days 00:00:05.637000,10907.0,313.0,8,100.0,False,0,car,500.998611111111,0.08677734898986568,OnTrack,-955.5988547743138,4159.274603719293,1896.090714872833
2026-09-06 14:53:37.752,0 days 02:47:02.576000,31,347.6522191466667,0 days 00:00:05.816000,10900.0388864,312.5027776,8,100.0,False,0,pos,516.5169031702878,0.08946525313945862,OnTrack,-942.0,4317.0,1897.0
2026-09-06 14:53:37.933,0 days 02:47:02.757000,31,338.95416666666665,0 days 00:00:05.997000,10893.0,312.0,8,100.0,False,0,car,532.1986111111111,0.09218146235153597,OnTrack,-927.9471331530458,4475.551433721223,1897.7966910653352
2026-09-06 14:53:38.052,0 days 02:47:02.876000,31,332.64055216,0 days 00:00:06.116000,10889.599998171429,312.0,8,100.0,False,0,pos,542.5114262266713,0.0939677322862294,OnTrack,-919.0,4576.0,1898.0
2026-09-06 14:53:38.092,0 days 02:47:02.916000,31,330.5183299377778,0 days 00:00:06.156000,10888.457141028572,312.0,8,100.0,False,0,pos,545.9783628680283,0.09456823608839675,OnTrack,-916.0,4610.0,1898.0
2026-09-06 14:53:38.213,0 days 02:47:03.037000,31,324.09861111111115,0 days 00:00:06.277000,10885.0,312.0,8,100.0,False,0,car,556.4652777777777,0.09638466163283507,OnTrack,-903.7921349279608,4753.839519860532,1898.5381896150677
2026-09-06 14:53:38.392,0 days 02:47:03.216000,31,314.1044408711111,0 days 00:00:06.456000,10895.4416704,312.0,8,100.0,False,0,pos,571.9776700441147,0.09907154388661657,OnTrack,-884.0,4991.0,1900.0
2026-09-06 14:53:38.453,0 days 02:47:03.277000,31,310.69861111111106,0 days 00:00:06.517000,10899.0,312.0,8,100.0,False,0,car,577.2652777777778,0.09998740387394861,OnTrack,-879.5302281377553,5043.214586443883,1900.3274191497405
2026-09-06 14:53:38.693,0 days 02:47:03.517000,31,296.63194444444446,0 days 00:00:06.757000,10873.0,312.0,8,100.0,False,0,car,598.0652777777777,0.10359014611506212,OnTrack,-870.0041472166249,5146.7139887112135,1900.899307026918
2026-09-06 14:53:38.752,0 days 02:47:03.576000,31,293.09194060444446,0 days 00:00:06.816000,10865.2562416,311.8156248,8,100.0,False,0,pos,603.1670640797051,0.10447382020232596,OnTrack,-867.0,5180.0,1901.0
2026-09-06 14:53:39.013,0 days 02:47:03.837000,31,277.4319444444444,0 days 00:00:07.077000,10831.0,311.0,8,100.0,False,0,car,625.7097222222222,0.10837840610218309,OnTrack,-847.5923960105844,5402.412856333415,1901.6353014664476
2026-09-06 14:53:39.072,0 days 02:47:03.896000,31,273.7936071644444,0 days 00:00:07.136000,10833.9500032,311.29500032,8,100.0,False,0,pos,630.8187442828905,0.10926333348625762,OnTrack,-843.0,5456.0,1902.0
2026-09-06 14:53:39.213,0 days 02:47:04.037000,31,265.09861111111104,0 days 00:00:07.277000,10841.0,312.0,8,100.0,False,0,car,643.0430555555556,0.11138069130311104,OnTrack,-832.6413169736709,5578.305676182915,1903.313628651114
2026-09-06 14:53:39.292,0 days 02:47:04.116000,31,260.161107111111,0 days 00:00:07.356000,10833.0999936,312.0,8,100.0,False,0,pos,649.8897309517287,0.11256659546950455,OnTrack,-827.0,5646.0,1904.0
2026-09-06 14:53:39.453,0 days 02:47:04.277000,31,250.09861111111093,0 days 00:00:07.517000,10817.0,312.0,8,100.0,False,0,car,663.8430555555557,0.11498343354422456,OnTrack,-815.4205009890878,5785.61327248413,1904.8995452344284
2026-09-06 14:53:39.472,0 days 02:47:04.296000,31,248.89527372444428,0 days 00:00:07.536000,10816.7624992,312.0,8,100.0,False,0,pos,665.4907664242518,0.11526883150325308,OnTrack,-814.0,5802.0,1905.0
2026-09-06 14:53:39.613,0 days 02:47:04.437000,31,239.96527777777771,0 days 00:00:07.677000,10815.0,312.0,8,100.0,False,0,car,677.7097222222222,0.1173852617049669,OnTrack,-803.0056544421424,5922.46620620337,1905.7998629005224
2026-09-06 14:53:39.692,0 days 02:47:04.516000,31,234.8961070044444,0 days 00:00:07.756000,10810.391662933333,311.3416661333333,8,100.0,False,0,pos,684.5226776821827,0.11856532528296808,OnTrack,-797.0,5991.0,1906.0
2026-09-06 14:53:39.853,0 days 02:47:04.677000,31,224.56527777777774,0 days 00:00:07.917000,10801.0,310.0,8,100.0,False,0,car,698.3763888888889,0.12096490944453482,OnTrack,-785.6954661103215,6134.328560988457,1905.76471112282
2026-09-06 14:53:39.891,0 days 02:47:04.715000,31,222.10582504888887,0 days 00:00:07.955000,10801.7125024,310.2375008,8,100.0,False,0,pos,701.6566467068106,0.12153307883887951,OnTrack,-783.0,6167.0,1906.0
2026-09-06 14:53:39.971,0 days 02:47:04.795000,31,216.92804727111113,0 days 00:00:08.035000,10803.2125024,310.7375008,8,100.0,False,0,pos,708.5727777178729,0.12273101332631361,OnTrack,-777.0,6236.0,1907.0
2026-09-06 14:53:40.013,0 days 02:47:04.837000,31,214.20972222222224,0 days 00:00:08.077000,10804.0,311.0,8,100.0,False,0,car,712.1986111111111,0.12335903943809529,OnTrack,-773.3435521113915,6278.496083557482,1907.5226951754591
2026-09-06 14:53:40.293,0 days 02:47:05.117000,31,196.32083333333344,0 days 00:00:08.357000,10668.0,309.0,8,100.0,False,0,car,736.2319444444444,0.1275218233416896,OnTrack,-744.3991028686419,6624.4729241898995,1909.8973757788456
2026-09-06 14:53:40.311,0 days 02:47:05.135000,31,195.18582552258255,0 days 00:00:08.375000,10666.451602247662,308.6774171349294,8,93.93544213667278,False,0,pos,737.769058223216,0.12778806491573666,OnTrack,-743.0,6641.0,1910.0
2026-09-06 14:53:40.572,0 days 02:47:05.396000,31,178.72833333333347,0 days 00:00:08.636000,10644.0,304.0,8,6.0,True,0,car,759.7919444444443,0.131602621764797,OnTrack,-731.4486476225348,6771.983331420023,1910.8982285993764
2026-09-06 14:53:40.691,0 days 02:47:05.515000,31,171.68749621333345,0 days 00:00:08.755000,10293.610922666667,297.38888533333335,8,4.0166656,True,0,pos,769.4512520886474,0.13327569847968554,OnTrack,-726.0,6840.0,1911.0
2026-09-06 14:53:40.771,0 days 02:47:05.595000,31,166.9541628800001,0 days 00:00:08.835000,10058.055367111112,292.9444408888889,8,2.6833322666666666,True,0,pos,775.7911948207186,0.13437383210887174,OnTrack,-721.0,6905.0,1911.0
2026-09-06 14:53:40.932,0 days 02:47:05.756000,31,157.4283333333334,0 days 00:00:08.996000,9584.0,284.0,8,0.0,True,0,car,788.1919444444444,0.13652175059400973,OnTrack,-707.5715680636531,7067.400150881781,1911.3620661550426
2026-09-06 14:53:41.111,0 days 02:47:05.935000,31,147.78221877333345,0 days 00:00:09.175000,9064.00481408,266.99499392,8,0.0,True,0,pos,801.4089042161623,0.1388110438280802,OnTrack,-693.0,7237.0,1912.0
2026-09-06 14:53:41.132,0 days 02:47:05.956000,31,146.65055555555568,0 days 00:00:09.196000,9003.0,265.0,8,0.0,True,0,car,802.9141666666666,0.139071768473003,OnTrack,-691.7449152644938,7251.7298441741395,1912.059411427816
2026-09-06 14:53:41.452,0 days 02:47:06.276000,31,131.53944444444448,0 days 00:00:09.516000,8601.0,242.0,8,0.0,True,0,car,824.4252777777778,0.1427976813890264,OnTrack,-680.2183085808873,7391.455955601599,1912.7741294579782
2026-09-06 14:53:41.511,0 days 02:47:06.335000,31,129.2122196977778,0 days 00:00:09.575000,8474.1498624,231.3062384,8,0.0,True,0,pos,828.0126638934439,0.14341904809547323,OnTrack,-677.0,7431.0,1913.0
2026-09-06 14:53:41.612,0 days 02:47:06.436000,31,125.22833333333335,0 days 00:00:09.676000,8257.0,213.0,8,0.0,True,0,car,833.8919444444444,0.14443739099876396,OnTrack,-669.7870016873824,7519.392044292399,1913.5005671754486
2026-09-06 14:53:41.711,0 days 02:47:06.535000,31,121.81833112888896,0 days 00:00:09.775000,8458.96013056,204.58499456,8,0.0,True,0,pos,839.398239952443,0.145391129624664,OnTrack,-663.0,7602.0,1914.0
2026-09-06 14:53:41.812,0 days 02:47:06.636000,31,118.33944444444455,0 days 00:00:09.876000,8665.0,196.0,7,0.0,True,0,car,844.7808333333332,0.14632344195832125,OnTrack,-658.7361811620185,7652.757709629589,1914.3876457894503
2026-09-06 14:53:42.011,0 days 02:47:06.835000,31,112.70110929777783,0 days 00:00:10.075000,9291.021034666666,181.90416213333333,7,0.0,True,0,pos,854.7627254447035,0.14805239312927662,OnTrack,-654.0,7704.0,1915.0
2026-09-06 14:53:42.052,0 days 02:47:06.876000,31,111.53944444444448,0 days 00:00:10.116000,9420.0,179.0,6,0.0,True,0,car,856.7141666666666,0.14839039984665242,OnTrack,-652.5766767161024,7719.120567162034,1915.1535078132133
2026-09-06 14:53:42.252,0 days 02:47:07.076000,31,107.03944444444448,0 days 00:00:10.316000,9434.0,162.0,6,0.0,True,0,car,865.7141666666666,0.14994927870098038,OnTrack,-643.6066709111343,7813.139243696331,1915.9205930070868
2026-09-06 14:53:42.311,0 days 02:47:07.135000,31,105.99055441777782,0 days 00:00:10.375000,9540.2001152,157.5749952,6,0.0,True,0,pos,868.2060192424274,0.1503808893996977,OnTrack,-641.0,7839.0,1916.0
2026-09-06 14:53:42.452,0 days 02:47:07.276000,31,103.48388888888894,0 days 00:00:10.516000,9794.0,147.0,6,0.0,True,0,car,873.8808333333333,0.15136381692064835,OnTrack,-635.3029776985652,7891.581395322893,1915.8162672323417
2026-09-06 14:53:42.571,0 days 02:47:07.395000,31,102.29388824888895,0 days 00:00:10.635000,9691.8582784,139.562496,6,0.0,True,0,pos,878.3996710041843,0.1521465191974517,OnTrack,-628.0,7940.0,1916.0
2026-09-06 14:53:42.692,0 days 02:47:07.516000,31,101.08388888888896,0 days 00:00:10.756000,9588.0,132.0,4,0.0,True,0,car,882.6808333333332,0.1528880540226579,OnTrack,-615.7802787078178,8004.305622104691,1917.1034381728234
2026-09-06 14:53:42.791,0 days 02:47:07.615000,31,101.2763890133334,0 days 00:00:10.855000,9458.174916072727,125.92499607272727,4,0.0,True,0,pos,885.9008655591296,0.1534457918167744,OnTrack,-606.0,8051.0,1918.0
2026-09-06 14:53:43.131,0 days 02:47:07.955000,31,101.93750012444445,0 days 00:00:11.195000,9012.31127970909,105.06135970909091,4,0.0,True,0,pos,895.4875066951043,0.15510628205576352,OnTrack,-586.0,8111.0,1918.0
2026-09-06 14:53:43.132,0 days 02:47:07.956000,31,101.93944444444446,0 days 00:00:11.196000,9011.0,105.0,2,0.0,True,0,car,895.5141666666666,0.15511089979642187,OnTrack,-585.9074956993122,8111.205667550085,1917.999249626075
2026-09-06 14:53:43.351,0 days 02:47:08.175000,31,104.25111178666666,0 days 00:00:11.415000,9127.965943272728,98.03181614545454,2,0.0,True,0,pos,901.1953578437727,0.15609493188457582,OnTrack,-562.0,8164.0,1918.0
2026-09-06 14:53:43.572,0 days 02:47:08.396000,31,106.58388888888885,0 days 00:00:11.636000,9246.0,91.0,2,0.0,True,0,car,906.6363888888889,0.15703736613368396,OnTrack,-548.758409346029,8183.3007151471165,1917.942205220461
2026-09-06 14:53:43.592,0 days 02:47:08.416000,31,106.9394444444444,0 days 00:00:11.656000,9309.3125,90.5625,2,0.0,True,0,pos,907.1156284527971,0.1571203746250544,OnTrack,-546.0,8187.0,1918.0
2026-09-06 14:53:43.772,0 days 02:47:08.596000,31,110.1394444444444,0 days 00:00:11.836000,9879.125,86.625,2,0.0,True,0,pos,911.3342933779379,0.15785108435230963,OnTrack,-507.0,8239.0,1919.0
2026-09-06 14:53:43.892,0 days 02:47:08.716000,31,112.27277777777772,0 days 00:00:11.956000,10259.0,84.0,1,0.0,False,0,car,914.1030555555556,0.15833065822023754,OnTrack,-481.18417129821876,8265.167697705503,1919.517589684132
2026-09-06 14:53:44.133,0 days 02:47:08.957000,31,117.29361111111098,0 days 00:00:12.197000,9636.0,82.0,1,0.0,False,0,car,919.5925,0.1592814780942878,OnTrack,-438.1719420066184,8287.559632599163,1919.935618262458
2026-09-06 14:53:44.232,0 days 02:47:09.056000,31,119.7411126933332,0 days 00:00:12.296000,9608.27998208,80.01999872,1,0.0,False,0,pos,921.7579423868115,0.15965655168840626,OnTrack,-424.0,8293.0,1920.0
2026-09-06 14:53:44.333,0 days 02:47:09.157000,31,122.23805555555543,0 days 00:00:12.397000,9580.0,78.0,1,0.0,False,0,car,923.9258333333333,0.16003204939451982,OnTrack,-411.65107053351556,8297.365260396517,1920.0192714420966
2026-09-06 14:53:44.492,0 days 02:47:09.316000,31,126.875557422222,0 days 00:00:12.556000,9500.499968,77.0062496,1,0.0,False,0,pos,927.3011269609141,0.16061667982376243,OnTrack,-391.0,8303.0,1920.0
2026-09-06 14:53:44.653,0 days 02:47:09.477000,31,131.57138888888858,0 days 00:00:12.717000,9420.0,76.0,1,0.0,False,0,car,930.6813888888889,0.16120217080616353,OnTrack,-358.8973548882407,8309.244574650318,1919.9981452677962
2026-09-06 14:53:44.812,0 days 02:47:09.636000,31,136.65055759999956,0 days 00:00:12.876000,9758.8688864,75.0062496,1,24.843760000000003,False,0,pos,933.9939384507157,0.16177593341347962,OnTrack,-323.0,8316.0,1920.0
2026-09-06 14:53:44.813,0 days 02:47:09.637000,31,136.68249999999955,0 days 00:00:12.877000,9761.0,75.0,1,25.0,False,0,car,934.0147222222223,0.16177953334480352,OnTrack,-322.7832165041369,8316.044325273713,1919.9999735292995
2026-09-06 14:53:45.533,0 days 02:47:10.357000,31,165.08249999999964,0 days 00:00:13.597000,8899.0,74.0,1,0.0,False,0,car,948.8147222222223,0.16434302301636505,OnTrack,-195.70722412673578,8370.179795271351,1920.2984320221888
2026-09-06 14:53:45.712,0 days 02:47:10.536000,31,172.54083599999964,0 days 00:00:13.776000,8661.8249152,72.5083328,1,0.0,False,0,pos,952.4063727783389,0.16496512836126123,OnTrack,-173.0,8410.0,1921.0
2026-09-06 14:53:45.773,0 days 02:47:10.597000,31,175.08249999999964,0 days 00:00:13.837000,8581.0,72.0,1,0.0,False,0,car,953.6147222222222,0.1651744250720066,OnTrack,-166.06444814825667,8426.976908432698,1921.3235534172293
2026-09-06 14:53:45.912,0 days 02:47:10.736000,31,181.29889175111083,0 days 00:00:13.976000,8707.258391466667,70.84166613333333,1,10.4250048,False,0,pos,956.332243308276,0.16564512353392213,OnTrack,-153.0,8466.0,1922.0
2026-09-06 14:53:46.013,0 days 02:47:10.837000,31,185.8158333333331,0 days 00:00:14.077000,8799.0,70.0,1,18.0,False,0,car,958.2813888888888,0.1659827326261026,OnTrack,-147.64785955895263,8485.810791935683,1922.119555328807
2026-09-06 14:53:46.173,0 days 02:47:10.997000,31,193.104722222222,0 days 00:00:14.237000,9074.0,69.0,1,24.0,False,0,car,961.3480555555556,0.1665139061616514,OnTrack,-145.4782953204737,8504.211515455083,1921.8053172873826
2026-09-06 14:53:46.292,0 days 02:47:11.116000,31,198.62500296888862,0 days 00:00:14.356000,9332.23013888,70.19000064,1,30.54500352,False,0,pos,963.667322305905,0.16691562348328093,OnTrack,-144.0,8521.0,1922.0
2026-09-06 14:53:46.373,0 days 02:47:11.197000,31,202.3824999999997,0 days 00:00:14.437000,9508.0,71.0,1,35.0,False,0,car,965.2925,0.16719711849904206,OnTrack,-142.45770591109726,8535.597579094916,1922.4437885910315
2026-09-06 14:53:46.471,0 days 02:47:11.295000,31,206.95583930666635,0 days 00:00:14.535000,9788.933700266667,73.4500032,1,37.858337066666664,False,0,pos,967.3270250385616,0.1675495160613992,OnTrack,-141.0,8558.0,1923.0
2026-09-06 14:53:46.613,0 days 02:47:11.437000,31,213.58249999999964,0 days 00:00:14.677000,10196.0,77.0,1,42.0,False,0,car,970.4258333333333,0.16808625680854763,OnTrack,-141.95358120617252,8602.676302894892,1923.1130319128222
2026-09-06 14:53:46.751,0 days 02:47:11.575000,31,219.86917249777736,0 days 00:00:14.815000,9573.849422933334,80.8333368888889,1,43.15000106666667,False,0,pos,973.6360104924312,0.1686422876187659,OnTrack,-145.0,8647.0,1923.0
2026-09-06 14:53:46.973,0 days 02:47:11.797000,31,229.9824999999995,0 days 00:00:15.037000,8573.0,87.0,2,45.0,False,0,car,979.1258333333334,0.169593173034398,OnTrack,-151.52742598863603,8694.161106746558,1923.4963820529651
2026-09-06 14:53:47.171,0 days 02:47:11.995000,31,238.89250417158655,0 days 00:00:15.235000,9096.404144774748,91.41225833319072,2,51.618387499786074,False,0,pos,984.2339628251142,0.17047794581772088,OnTrack,-159.0,8729.0,1924.0
2026-09-06 14:53:47.332,0 days 02:47:12.156000,31,246.1374999999996,0 days 00:00:15.396000,9522.0,95.0,2,57.0,False,0,car,988.5994444444445,0.17123408548275773,OnTrack,-166.24727734759745,8763.538834462404,1924.0529703284728
2026-09-06 14:53:47.431,0 days 02:47:12.255000,31,250.42750277333298,0 days 00:00:15.495000,9842.5127072,98.4031272,2,60.093752,False,0,pos,991.4033377949185,0.17171974437762932,OnTrack,-172.0,8788.0,1924.0
2026-09-06 14:53:47.631,0 days 02:47:12.455000,31,259.0941694399997,0 days 00:00:15.695000,10490.0127072,105.2781272,2,66.343752,False,0,pos,997.3686551226642,0.17275298960447144,OnTrack,-187.0,8844.0,1924.0
2026-09-06 14:53:47.652,0 days 02:47:12.476000,31,260.0041666666664,0 days 00:00:15.716000,10558.0,106.0,2,67.0,False,0,car,998.0216666666668,0.17286609692531343,OnTrack,-188.58749716316441,8849.928095261806,1924.0610103571607
2026-09-06 14:53:47.851,0 days 02:47:12.675000,31,268.18528040888856,0 days 00:00:15.915000,11052.390784,114.0843776,2,73.218752,False,0,pos,1004.4649893088274,0.17398213686069974,OnTrack,-205.0,8912.0,1925.0
2026-09-06 14:53:47.972,0 days 02:47:12.796000,31,273.15972222222183,0 days 00:00:16.036000,11353.0,119.0,2,77.0,False,0,car,1008.5994444444447,0.17469826071459768,OnTrack,-220.27399616804777,8968.514973984198,1925.1227789208492
2026-09-06 14:53:48.132,0 days 02:47:12.956000,31,279.381944444444,0 days 00:00:16.196000,10346.0,128.0,2,85.0,False,0,car,1014.2883333333335,0.17568362611387658,OnTrack,-241.96823616446306,9048.436426979746,1924.9901640088838
2026-09-06 14:53:48.151,0 days 02:47:12.975000,31,280.11028023111066,0 days 00:00:16.215000,10403.9501952,128.4750016,2,85.3562512,False,0,pos,1014.9731863971572,0.175802248664934,OnTrack,-244.0,9056.0,1925.0
2026-09-06 14:53:48.292,0 days 02:47:13.116000,31,285.5152777777773,0 days 00:00:16.356000,10834.0,132.0,3,88.0,False,0,car,1020.1550000000002,0.17669978418188298,OnTrack,-255.24883200321645,9098.578949819586,1925.2585415060626
2026-09-06 14:53:48.571,0 days 02:47:13.395000,31,295.2802800177773,0 days 00:00:16.635000,11421.892992,146.946432,3,99.9571456,False,0,pos,1031.545002251899,0.1786726323664644,OnTrack,-274.0,9174.0,1926.0
2026-09-06 14:53:48.572,0 days 02:47:13.396000,31,295.3152777777773,0 days 00:00:16.636000,11424.0,147.0,3,100.0,False,0,car,1031.5883333333334,0.1786801376894181,OnTrack,-274.11734572760537,9174.46910709475,1926.0005847872292
2026-09-06 14:53:48.771,0 days 02:47:13.595000,31,301.5063908799995,0 days 00:00:16.835000,11048.3873792,160.26667093333333,3,100.0,False,0,pos,1040.537905963723,0.18023028208150552,OnTrack,-302.0,9286.0,1926.0
2026-09-06 14:53:48.812,0 days 02:47:13.636000,31,302.781944444444,0 days 00:00:16.876000,10971.0,163.0,4,100.0,False,0,car,1042.4550000000002,0.18056233956538448,OnTrack,-306.9929051714313,9306.266067151568,1926.0875683660026
2026-09-06 14:53:49.012,0 days 02:47:13.836000,31,308.50416666666615,0 days 00:00:17.076000,11346.0,174.0,4,100.0,False,0,car,1052.121666666667,0.18223669092744046,OnTrack,-324.3273295159768,9379.062364478514,1927.1481684233347
2026-09-06 14:53:49.211,0 days 02:47:14.035000,31,313.75555724444393,0 days 00:00:17.275000,11375.8500096,180.39643062857144,4,100.0,False,0,pos,1062.1415230062817,0.18397221783535483,OnTrack,-343.0,9467.0,1928.0
2026-09-06 14:53:49.292,0 days 02:47:14.116000,31,315.89305555555507,0 days 00:00:17.356000,11388.0,183.0,4,100.0,False,0,car,1066.3550000000002,0.1847020289674332,OnTrack,-353.53561076835166,9518.595226134812,1928.045943873122
2026-09-06 14:53:49.431,0 days 02:47:14.255000,31,319.1363903822217,0 days 00:00:17.495000,11017.9123296,189.9500032,4,100.0,False,0,pos,1073.7889227499104,0.18598964952071567,OnTrack,-372.0,9612.0,1928.0
2026-09-06 14:53:49.532,0 days 02:47:14.356000,31,321.493055555555,0 days 00:00:17.596000,10749.0,195.0,5,100.0,False,0,car,1079.3550000000002,0.18695374286812916,OnTrack,-381.57658279063355,9664.652189592214,1928.1934239866898
2026-09-06 14:53:49.771,0 days 02:47:14.595000,31,326.3394457422216,0 days 00:00:17.835000,11071.6500864,205.2428598857143,5,100.0,False,0,pos,1093.0531812397728,0.1893263878767329,OnTrack,-396.0,9767.0,1929.0
2026-09-06 14:53:49.812,0 days 02:47:14.636000,31,327.17083333333267,0 days 00:00:17.876000,11127.0,207.0,5,100.0,False,0,car,1095.4550000000004,0.18974240392976033,OnTrack,-398.50352626343675,9788.599069169994,1929.0831418858393
2026-09-06 14:53:50.051,0 days 02:47:14.875000,31,331.35333445333265,0 days 00:00:18.115000,11454.297309866666,213.63889066666667,5,100.0,False,0,pos,1109.7036725155494,0.19221039885050853,OnTrack,-413.0,9931.0,1930.0
2026-09-06 14:53:50.132,0 days 02:47:14.956000,31,332.77083333333263,0 days 00:00:18.196000,11565.222222222223,215.88888888888889,5,100.0,False,0,pos,1114.6703408724263,0.19307066932584133,OnTrack,-417.0,9979.0,1931.0
2026-09-06 14:53:50.172,0 days 02:47:14.996000,31,333.4708333333326,0 days 00:00:18.236000,11620.0,217.0,5,100.0,False,0,car,1117.1550000000004,0.19350103405630664,OnTrack,-418.7473419585629,10008.485642135265,1931.391300535026
2026-09-06 14:53:50.472,0 days 02:47:15.296000,31,337.3874999999993,0 days 00:00:18.536000,11261.666666666666,228.66666666666666,5,100.0,False,0,pos,1136.3690678366602,0.19682907895143908,OnTrack,-427.0,10301.0,1932.0
2026-09-06 14:53:50.532,0 days 02:47:15.356000,31,338.17083333333267,0 days 00:00:18.596000,11190.0,231.0,5,100.0,False,0,car,1140.2550000000003,0.19750215644908176,OnTrack,-427.6444597503135,10341.546398823164,1932.054139746017
2026-09-06 14:53:50.733,0 days 02:47:15.557000,31,340.6833333333327,0 days 00:00:18.797000,10724.0,234.0,6,100.0,False,0,car,1153.3200000000004,0.1997651289192812,OnTrack,-427.4623233643583,10416.668256349247,1932.375172513676
2026-09-06 14:53:50.892,0 days 02:47:15.716000,31,342.3175006577772,0 days 00:00:18.956000,10875.546936,237.4781264,6,100.0,False,0,pos,1163.880881688483,0.20159436615786286,OnTrack,-426.0,10485.0,1933.0
2026-09-06 14:53:51.053,0 days 02:47:15.877000,31,343.9722222222217,0 days 00:00:19.117000,11029.0,241.0,6,100.0,False,0,car,1174.7422222222226,0.20347564550094085,OnTrack,-423.7766510414151,10591.762821694438,1933.9190795962115
2026-09-06 14:53:51.092,0 days 02:47:15.916000,31,344.3188894577773,0 days 00:00:19.156000,11052.8875392,241.81250133333333,6,100.0,False,0,pos,1177.38811534465,0.20393393737198132,OnTrack,-423.0,10619.0,1934.0
2026-09-06 14:53:51.172,0 days 02:47:15.996000,31,345.03000056888845,0 days 00:00:19.236000,11101.8875392,243.479168,6,100.0,False,0,pos,1182.8337396898478,0.20487716722090824,OnTrack,-421.0,10674.0,1934.0
2026-09-06 14:53:51.293,0 days 02:47:16.117000,31,346.10555555555516,0 days 00:00:19.357000,11176.0,246.0,6,100.0,False,0,car,1191.1422222222225,0.20631626919104956,OnTrack,-416.5902382508516,10756.257316145082,1934.788224039142
2026-09-06 14:53:51.332,0 days 02:47:16.156000,31,346.39805603555516,0 days 00:00:19.396000,11212.46505984,246.9750016,6,100.0,False,0,pos,1193.8431586474214,0.20678409504439701,OnTrack,-415.0,10783.0,1935.0
2026-09-06 14:53:51.493,0 days 02:47:16.317000,31,347.60555555555516,0 days 00:00:19.557000,11363.0,251.0,6,100.0,False,0,car,1205.0866666666668,0.20873156914436017,OnTrack,-408.028750645149,10895.56752134388,1934.9693199433148
2026-09-06 14:53:51.552,0 days 02:47:16.376000,31,347.9988893155551,0 days 00:00:19.616000,11403.457186742857,251.63214354285714,6,100.0,False,0,pos,1209.225600737099,0.2094484687890107,OnTrack,-405.0,10937.0,1935.0
2026-09-06 14:53:51.772,0 days 02:47:16.596000,31,349.4655559822217,0 days 00:00:19.836000,11554.3143296,253.9892864,6,100.0,False,0,pos,1224.7709106592256,0.21214105266918593,OnTrack,-391.0,11091.0,1936.0
2026-09-06 14:53:51.773,0 days 02:47:16.597000,31,349.4722222222217,0 days 00:00:19.837000,11555.0,254.0,6,100.0,False,0,car,1224.8422222222225,0.21215340445669983,OnTrack,-390.93070185597514,11091.704136808403,1936.0031794837573
2026-09-06 14:53:52.013,0 days 02:47:16.837000,31,350.73888888888837,0 days 00:00:20.077000,11561.0,259.0,6,100.0,False,0,car,1242.1088888888894,0.215144142406855,OnTrack,-372.68622036019445,11262.488769526746,1936.0319647462613
2026-09-06 14:53:52.072,0 days 02:47:16.896000,31,351.01750030222166,0 days 00:00:20.136000,11313.1997312,259.59000064,6,100.0,False,0,pos,1246.3746688141707,0.21588301286493697,OnTrack,-367.0,11305.0,1936.0
2026-09-06 14:53:52.192,0 days 02:47:17.016000,31,351.58416696888827,0 days 00:00:20.256000,10809.1997312,260.79000064,6,100.0,False,0,pos,1255.0782574645584,0.21739055067647678,OnTrack,-354.0,11391.0,1936.0
2026-09-06 14:53:52.213,0 days 02:47:17.037000,31,351.6833333333327,0 days 00:00:20.277000,10721.0,261.0,6,100.0,False,0,car,1256.6088888888894,0.21765566944993897,OnTrack,-351.79014164055855,11405.428892517957,1936.0014693509067
2026-09-06 14:53:52.472,0 days 02:47:17.296000,31,352.5466668799994,0 days 00:00:20.536000,10541.549955657143,264.70000091428574,6,100.0,False,0,pos,1275.6650054280672,0.22095635579644268,OnTrack,-319.0,11594.0,1936.0
2026-09-06 14:53:52.493,0 days 02:47:17.317000,31,352.6166666666661,0 days 00:00:20.557000,10527.0,265.0,7,100.0,False,0,car,1277.2200000000003,0.2212256944805295,OnTrack,-314.39475981402484,11615.042138207333,1935.9994841482094
2026-09-06 14:53:52.672,0 days 02:47:17.496000,31,353.1138890666661,0 days 00:00:20.736000,10561.1218872,266.6781256,7,100.0,False,0,pos,1290.5206600152953,0.22352948533013495,OnTrack,-268.0,11811.0,1936.0
2026-09-06 14:53:52.813,0 days 02:47:17.637000,31,353.505555555555,0 days 00:00:20.877000,10588.0,268.0,7,100.0,False,0,car,1301.0422222222226,0.22535191209000996,OnTrack,-244.65450432113764,11905.382828360645,1936.0195075477213
2026-09-06 14:53:53.053,0 days 02:47:17.877000,31,353.9722222222217,0 days 00:00:21.117000,10742.0,270.0,7,100.0,False,0,car,1319.0422222222228,0.22846966979866593,OnTrack,-208.99572255138622,12012.645093636902,1936.0099794151647
2026-09-06 14:53:53.071,0 days 02:47:17.895000,31,353.99222236444393,0 days 00:00:21.135000,10745.87002752,270.27000192,7,100.0,False,0,pos,1320.4014696649433,0.2287051033649166,OnTrack,-204.0,12026.0,1936.0
2026-09-06 14:53:53.253,0 days 02:47:18.077000,31,354.1944444444441,0 days 00:00:21.317000,10785.0,273.0,7,100.0,False,0,car,1334.2088888888893,0.23109666934947784,OnTrack,-134.55105507267245,12205.674737119998,1935.838080185917
2026-09-06 14:53:53.371,0 days 02:47:18.195000,31,354.3255556977775,0 days 00:00:21.435000,10833.885767314287,273.4214290285714,7,100.0,False,0,pos,1343.1759481815525,0.23264984258468202,OnTrack,-93.0,12309.0,1936.0
2026-09-06 14:53:53.533,0 days 02:47:18.357000,31,354.50555555555525,0 days 00:00:21.597000,10901.0,274.0,7,100.0,False,0,car,1355.5200000000004,0.23478794051318283,OnTrack,-60.54073940892755,12381.875689601638,1936.8478187329367
2026-09-06 14:53:53.651,0 days 02:47:18.475000,31,354.6038889812196,0 days 00:00:21.715000,10912.826890376034,274.80637888927504,7,100.0,False,0,pos,1364.560619142577,0.23635385495889338,OnTrack,-35.0,12433.0,1937.0
2026-09-06 14:53:53.811,0 days 02:47:18.635000,31,354.7372222951148,0 days 00:00:21.875000,10928.863334507396,275.8997728073224,7,100.0,False,0,pos,1376.8812214741579,0.238487891230814,OnTrack,20.0,12542.0,1936.0
2026-09-06 14:53:53.972,0 days 02:47:18.796000,31,354.87138888888853,0 days 00:00:22.036000,10945.0,277.0,7,100.0,False,0,car,1389.2986111111115,0.24063869191203605,OnTrack,82.10218295333418,12650.015246883064,1935.8424460087685
2026-09-06 14:53:54.111,0 days 02:47:18.935000,31,355.02583340444414,0 days 00:00:22.175000,10962.761119288889,277.3861112888889,7,100.0,False,0,pos,1400.0234469085858,0.24249632743879404,OnTrack,138.0,12740.0,1936.0
2026-09-06 14:53:54.191,0 days 02:47:19.015000,31,355.11472229333305,0 days 00:00:22.255000,10972.983341511112,277.6083335111111,7,100.0,False,0,pos,1406.1985088060849,0.2435659022628138,OnTrack,171.0,12792.0,1936.0
2026-09-06 14:53:54.332,0 days 02:47:19.156000,31,355.2713888888886,0 days 00:00:22.396000,10991.0,278.0,7,100.0,False,0,car,1417.0986111111115,0.24545389548429353,OnTrack,233.51817792787608,12882.036044733282,1936.5350534287893
2026-09-06 14:53:54.451,0 days 02:47:19.275000,31,355.403611182222,0 days 00:00:22.515000,10971.797716945455,278.2704546909091,7,100.0,False,0,pos,1426.315839021615,0.24705040011598298,OnTrack,288.0,12955.0,1937.0
2026-09-06 14:53:54.671,0 days 02:47:19.495000,31,355.6480556266665,0 days 00:00:22.735000,10936.297716945455,278.7704546909091,7,100.0,False,0,pos,1443.3809689047446,0.2500062301294465,OnTrack,395.0,13087.0,1937.0
2026-09-06 14:53:54.772,0 days 02:47:19.596000,31,355.7602777777777,0 days 00:00:22.836000,10920.0,279.0,7,100.0,False,0,car,1451.1986111111114,0.2513603142545806,OnTrack,461.51239590320847,13158.661068150546,1937.2394997608624
2026-09-06 14:53:54.932,0 days 02:47:19.756000,31,356.0269444444441,0 days 00:00:22.996000,10917.0,278.0,7,100.0,False,0,car,1463.554166666667,0.2535004047311395,OnTrack,578.0066804579309,13275.846257849815,1937.8844852233358
2026-09-06 14:53:54.991,0 days 02:47:19.815000,31,356.1580556977774,0 days 00:00:23.055000,10913.90249664,277.85249984,7,100.0,False,0,pos,1468.1020588881083,0.2542881395106692,OnTrack,611.0,13308.0,1938.0
2026-09-06 14:53:55.231,0 days 02:47:20.055000,31,356.6913890311106,0 days 00:00:23.295000,10901.30249664,277.25249984,7,100.0,False,0,pos,1486.564544243965,0.2574860037350675,OnTrack,703.0,13390.0,1938.0
2026-09-06 14:53:55.332,0 days 02:47:20.156000,31,356.9158333333328,0 days 00:00:23.396000,10896.0,277.0,7,100.0,False,0,car,1494.331944444445,0.25883138550458207,OnTrack,757.8330428765,13435.185035749435,1938.3430661229102
2026-09-06 14:53:55.471,0 days 02:47:20.295000,31,357.3019446222218,0 days 00:00:23.535000,10895.5035712,277.0,7,100.0,False,0,pos,1505.0255528073967,0.2606836121660787,OnTrack,847.0,13506.0,1939.0
2026-09-06 14:53:55.612,0 days 02:47:20.436000,31,357.69361111111084,0 days 00:00:23.676000,10895.0,277.0,7,100.0,False,0,car,1515.8763888888893,0.26256307204599183,OnTrack,935.5010637906083,13571.134112046968,1939.4207115527204
2026-09-06 14:53:55.772,0 days 02:47:20.596000,31,358.1380555555552,0 days 00:00:23.836000,10859.0,277.0,7,100.0,False,0,car,1528.1875000000005,0.26469546435536884,OnTrack,1035.8250247490848,13639.440846390842,1939.838280843707
2026-09-06 14:53:55.811,0 days 02:47:20.635000,31,358.2680557688885,0 days 00:00:23.875000,10853.515616,276.8781248,7,100.0,False,0,pos,1531.1843074387798,0.2652145376605695,OnTrack,1061.0,13656.0,1940.0
2026-09-06 14:53:55.991,0 days 02:47:20.815000,31,358.8680557688883,0 days 00:00:24.055000,10828.203116,276.3156248,7,100.0,False,0,pos,1544.9900528295639,0.26760581372256165,OnTrack,1182.0,13732.0,1941.0
2026-09-06 14:53:56.092,0 days 02:47:20.916000,31,359.20472222222156,0 days 00:00:24.156000,10814.0,276.0,7,100.0,False,0,car,1552.7208333333338,0.26894485263975915,OnTrack,1255.546505796729,13774.01926579952,1941.5970903487366
2026-09-06 14:53:56.191,0 days 02:47:21.015000,31,359.58972247111046,0 days 00:00:24.255000,10817.182144914286,275.6464283428571,7,100.0,False,0,pos,1560.2884105839435,0.270255623323589,OnTrack,1327.0,13813.0,1942.0
2026-09-06 14:53:56.372,0 days 02:47:21.196000,31,360.2936111111105,0 days 00:00:24.436000,10823.0,275.0,7,100.0,False,0,car,1574.1097222222227,0.2726495955960324,OnTrack,1447.0083301934967,13875.732252706062,1941.9443550704818
2026-09-06 14:53:56.431,0 days 02:47:21.255000,31,360.5230558044439,0 days 00:00:24.495000,10807.020816,275.0,7,100.0,False,0,pos,1578.6158157697434,0.2734300904790162,OnTrack,1491.0,13897.0,1942.0
2026-09-06 14:53:56.612,0 days 02:47:21.436000,31,361.22694444444414,0 days 00:00:24.676000,10758.0,275.0,7,100.0,False,0,car,1592.443055555556,0.27582508955855234,OnTrack,1643.8558305496103,13965.890120364946,1942.8620803104784
2026-09-06 14:53:56.631,0 days 02:47:21.455000,31,361.2902779911108,0 days 00:00:24.695000,10760.0187568,275.0,7,100.0,False,0,pos,1593.8948498381328,0.27607655304832385,OnTrack,1658.0,13972.0,1943.0
2026-09-06 14:53:56.772,0 days 02:47:21.596000,31,361.76027777777745,0 days 00:00:24.836000,10775.0,275.0,7,100.0,False,0,car,1604.665277777778,0.27794208553356564,OnTrack,1742.3406407167777,14006.801782014758,1944.2552998711303
2026-09-06 14:53:56.872,0 days 02:47:21.696000,31,362.03805555555516,0 days 00:00:24.936000,10770.0,274.64285714285717,7,100.0,False,0,pos,1612.2883435164476,0.27926246730969495,OnTrack,1799.0,14028.0,1945.0
2026-09-06 14:53:57.052,0 days 02:47:21.876000,31,362.53805555555505,0 days 00:00:25.116000,10761.0,274.0,7,100.0,False,0,car,1625.9763888888892,0.28163335669727063,OnTrack,1924.6100049787235,14071.319931707118,1945.4193339608298
2026-09-06 14:53:57.192,0 days 02:47:22.016000,31,361.9936110145886,0 days 00:00:25.256000,10755.95844785967,273.61218829689767,7,100.0,False,0,pos,1636.597597074193,0.28347304301365783,OnTrack,2030.0,14104.0,1946.0
2026-09-06 14:53:57.392,0 days 02:47:22.216000,31,361.2158330989223,0 days 00:00:25.456000,10748.75623051634,273.05817157818,7,100.0,False,0,pos,1651.7584508925115,0.28609903572820605,OnTrack,2177.0,14143.0,1948.0
2026-09-06 14:53:57.413,0 days 02:47:22.237000,31,361.13416666666626,0 days 00:00:25.477000,10748.0,273.0,7,100.0,False,0,car,1653.3522222222225,0.28637509088648616,OnTrack,2192.5283313199147,14146.789714685765,1948.1334014058034
2026-09-06 14:53:57.652,0 days 02:47:22.476000,31,356.61972101333293,0 days 00:00:25.716000,10760.9458368,273.4979168,7,100.0,False,0,pos,1671.5184780673574,0.2895216455641853,OnTrack,2371.0,14187.0,1949.0
2026-09-06 14:53:57.812,0 days 02:47:22.636000,31,353.59749879111075,0 days 00:00:25.876000,10769.612503466667,273.83125013333336,7,100.0,False,0,pos,1683.7072047056956,0.29163283981059523,OnTrack,2490.0,14211.0,1951.0
2026-09-06 14:53:57.893,0 days 02:47:22.717000,31,352.06749999999965,0 days 00:00:25.957000,10774.0,274.0,7,100.0,False,0,car,1689.8855555555558,0.29270298430998043,OnTrack,2550.62430889668,14221.908623324809,1951.518613481146
2026-09-06 14:53:58.012,0 days 02:47:22.836000,31,348.82805381333293,0 days 00:00:26.076000,10787.3875072,274.3718752,7,100.0,False,0,pos,1698.9719294746076,0.2942768238838612,OnTrack,2640.0,14237.0,1952.0
2026-09-06 14:53:58.132,0 days 02:47:22.956000,31,345.5613871466662,0 days 00:00:26.196000,10800.8875072,274.7468752,7,100.0,False,0,pos,1708.1424197527153,0.29586523314812374,OnTrack,2730.0,14252.0,1953.0
2026-09-06 14:53:58.213,0 days 02:47:23.037000,31,343.35638888888843,0 days 00:00:26.277000,10810.0,275.0,7,100.0,False,0,car,1714.3300000000004,0.29693697626000704,OnTrack,2790.864679083212,14261.372106178118,1953.4559510125234
2026-09-06 14:53:58.392,0 days 02:47:23.216000,31,337.6383312888882,0 days 00:00:26.456000,10822.53000448,275.0,7,100.0,False,0,pos,1728.0014398931014,0.2993049894330705,OnTrack,2926.0,14280.0,1954.0
2026-09-06 14:53:58.413,0 days 02:47:23.237000,31,336.9674999999993,0 days 00:00:26.477000,10824.0,275.0,7,100.0,False,0,car,1729.6077777777782,0.2995832212287736,OnTrack,2941.937698411719,14282.060698408606,1954.0886766072626
2026-09-06 14:53:58.572,0 days 02:47:23.396000,31,331.53499781333284,0 days 00:00:26.636000,10848.84376,275.9937504,7,100.0,False,0,pos,1741.7975980645608,0.30169460490467626,OnTrack,3063.0,14297.0,1955.0
2026-09-06 14:53:58.573,0 days 02:47:23.397000,31,331.5008333333328,0 days 00:00:26.637000,10849.0,276.0,7,100.0,False,0,car,1741.8744444444449,0.3017079153709688,OnTrack,3063.761414651606,14297.091664697882,1955.0072512635063
2026-09-06 14:53:58.812,0 days 02:47:23.636000,31,321.87444186666596,0 days 00:00:26.876000,10862.4437536,277.4937504,7,100.0,False,0,pos,1760.3114422532149,0.3049013649289002,OnTrack,3246.0,14318.0,1957.0
2026-09-06 14:53:58.893,0 days 02:47:23.717000,31,318.6119444444437,0 days 00:00:26.957000,10867.0,278.0,7,100.0,False,0,car,1766.585555555556,0.3059880963240866,OnTrack,3308.3761326475965,14324.267632963625,1957.4800619218674
2026-09-06 14:53:59.092,0 days 02:47:23.916000,31,309.6569415644439,0 days 00:00:27.156000,10912.679560145454,278.9045457454545,7,100.0,False,0,pos,1782.0472498447607,0.3086661972440337,OnTrack,3461.0,14337.0,1958.0
2026-09-06 14:53:59.152,0 days 02:47:23.976000,31,306.956941564444,0 days 00:00:27.216000,10926.452287418182,279.17727301818184,7,100.0,False,0,pos,1786.720589783724,0.30947566066735993,OnTrack,3507.0,14340.0,1958.0
2026-09-06 14:53:59.333,0 days 02:47:24.157000,31,298.8119444444442,0 days 00:00:27.397000,10968.0,280.0,7,100.0,False,0,car,1800.807777777778,0.3119156850541237,OnTrack,3697.0583838169628,14355.252437052482,1959.0869622496994
2026-09-06 14:53:59.532,0 days 02:47:24.356000,31,289.46999699555516,0 days 00:00:27.596000,10968.710714514285,280.0,7,100.0,False,0,pos,1816.278560078156,0.3145953600972316,OnTrack,3909.0,14374.0,1961.0
2026-09-06 14:53:59.613,0 days 02:47:24.437000,31,285.66749999999956,0 days 00:00:27.677000,10969.0,280.0,7,100.0,False,0,car,1822.5855555555559,0.31568778697323835,OnTrack,3965.949580129337,14379.003914912728,1961.5506948935292
2026-09-06 14:53:59.853,0 days 02:47:24.677000,31,274.0008333333326,0 days 00:00:27.917000,11104.0,281.0,7,100.0,False,0,car,1841.3188888888894,0.3189325644403951,OnTrack,4067.053712809782,14387.627548130555,1962.6757247688643
2026-09-06 14:53:59.911,0 days 02:47:24.735000,31,271.1491603733326,0 days 00:00:27.975000,11092.3999744,281.0,7,100.0,False,0,pos,1845.8436458682067,0.3197162919932874,OnTrack,4096.0,14390.0,1963.0
2026-09-06 14:54:00.053,0 days 02:47:24.877000,31,264.16749999999934,0 days 00:00:28.117000,11064.0,281.0,7,100.0,False,0,car,1856.9300000000005,0.3216365456630257,OnTrack,4182.275893925748,14396.959423764813,1963.871019694437
2026-09-06 14:54:00.091,0 days 02:47:24.915000,31,262.2569380088882,0 days 00:00:28.155000,11066.2562576,281.2375008,7,100.0,False,0,pos,1859.9065653836706,0.3221521128669288,OnTrack,4208.0,14399.0,1964.0
2026-09-06 14:54:00.291,0 days 02:47:25.115000,31,252.20138245333263,0 days 00:00:28.355000,11078.1312576,282.4875008,7,100.0,False,0,pos,1875.6349186523644,0.3248764014584806,OnTrack,4365.0,14411.0,1964.0
2026-09-06 14:54:00.373,0 days 02:47:25.197000,31,248.07861111111038,0 days 00:00:28.437000,11083.0,283.0,7,100.0,False,0,car,1882.085555555556,0.32599370828796215,OnTrack,4450.2058160946735,14417.086980786211,1964.386848535526
2026-09-06 14:54:00.571,0 days 02:47:25.395000,31,238.78360659314978,0 days 00:00:28.635000,11115.751895618743,283.0,7,100.0,False,0,pos,1897.6370031828417,0.328687355272447,OnTrack,4670.0,14432.0,1966.0
2026-09-06 14:54:00.772,0 days 02:47:25.596000,31,229.34777777777754,0 days 00:00:28.836000,11149.0,283.0,7,100.0,False,0,car,1913.4513888888891,0.3314265454359297,OnTrack,4807.205454049355,14440.130701271313,1966.7785642918332
2026-09-06 14:54:00.951,0 days 02:47:25.775000,31,221.4419416177775,0 days 00:00:29.015000,11113.9065664,282.7644736,7,100.0,False,0,pos,1927.6120829425674,0.3338793017162504,OnTrack,4906.0,14445.0,1967.0
2026-09-06 14:54:01.532,0 days 02:47:26.356000,31,195.7811111111107,0 days 00:00:29.596000,11000.0,282.0,7,100.0,False,0,car,1972.9847222222227,0.34173824037603995,OnTrack,5363.521175039918,14466.357769772923,1967.001713558469
2026-09-06 14:54:01.551,0 days 02:47:26.375000,31,195.10027548444404,0 days 00:00:29.615000,10961.5248704,281.0499968,7,95.249984,False,0,pos,1974.4052656932017,0.34198429095143584,OnTrack,5379.0,14467.0,1967.0
2026-09-06 14:54:01.811,0 days 02:47:26.635000,31,185.78360881777743,0 days 00:00:29.875000,10435.0248704,268.0499968,7,30.249984000000005,False,0,pos,1993.406925025363,0.3452755448325525,OnTrack,5580.0,14475.0,1967.0
2026-09-06 14:54:01.932,0 days 02:47:26.756000,31,181.44777777777745,0 days 00:00:29.996000,10190.0,262.0,7,0.0,True,0,car,2002.0958333333338,0.3467805398801625,OnTrack,5658.043777248962,14478.468876818642,1966.9918901292963
2026-09-06 14:54:02.071,0 days 02:47:26.895000,31,177.08472021333296,0 days 00:00:30.135000,9717.3997824,255.74499712,7,0.0,True,0,pos,2011.9826719023617,0.3484930269447638,OnTrack,5770.0,14483.0,1967.0
2026-09-06 14:54:02.132,0 days 02:47:26.956000,31,175.16999999999962,0 days 00:00:30.196000,9510.0,253.0,7,0.0,True,0,car,2016.1513888888894,0.3492150852514278,OnTrack,5840.568038720153,14485.436642702756,1967.020504481677
2026-09-06 14:54:02.251,0 days 02:47:27.075000,31,172.78999871999966,0 days 00:00:30.315000,9113.89978697143,240.67499337142857,7,0.0,True,0,pos,2023.8392971842961,0.350546698326508,OnTrack,5981.0,14490.0,1967.0
2026-09-06 14:54:02.412,0 days 02:47:27.236000,31,169.5699999999997,0 days 00:00:30.476000,8578.0,224.0,7,0.0,True,0,car,2033.5736111111114,0.3522327667867194,OnTrack,6060.589376828506,14492.521515772503,1966.5448798661234
2026-09-06 14:54:02.591,0 days 02:47:27.415000,31,167.28277695999958,0 days 00:00:30.655000,9045.6376672,209.8291616,7,0.0,True,0,pos,2043.922581524981,0.354025299135858,OnTrack,6099.0,14494.0,1966.0
2026-09-06 14:54:02.652,0 days 02:47:27.476000,31,166.50333333333288,0 days 00:00:30.716000,9205.0,205.0,7,0.0,True,0,car,2047.2402777777781,0.35459995319514337,OnTrack,6128.038727526052,14495.190197422186,1965.9521396820892
2026-09-06 14:54:02.771,0 days 02:47:27.595000,31,166.9000002133329,0 days 00:00:30.835000,9556.2981056,194.8354112,7,0.0,True,0,pos,2053.328594099866,0.3556545029254726,OnTrack,6197.0,14498.0,1966.0
2026-09-06 14:54:03.131,0 days 02:47:27.955000,31,168.100000213333,0 days 00:00:31.195000,10619.0481056,164.0854112,7,0.0,True,0,pos,2069.0673930587236,0.3583806008020817,OnTrack,6369.0,14506.0,1966.0
2026-09-06 14:54:03.132,0 days 02:47:27.956000,31,168.103333333333,0 days 00:00:31.196000,10622.0,164.0,7,0.0,True,0,car,2069.1069444444447,0.35838745144862166,OnTrack,6369.447923083762,14506.03533228935,1965.9965796550152
2026-09-06 14:54:03.352,0 days 02:47:28.176000,31,171.34222222222178,0 days 00:00:31.416000,10206.2,145.85,7,0.0,True,0,pos,2077.291828208789,0.3598051450292182,OnTrack,6459.0,14515.0,1965.0
2026-09-06 14:54:03.532,0 days 02:47:28.356000,31,173.9922222222217,0 days 00:00:31.596000,9866.0,131.0,4,0.0,True,0,car,2083.6625000000004,0.36090860120068297,OnTrack,6497.398793173494,14520.434887951704,1965.0662481335198
2026-09-06 14:54:03.572,0 days 02:47:28.396000,31,174.66999999999953,0 days 00:00:31.636000,10047.8,130.2,4,0.0,True,0,pos,2085.0838063460933,0.3611547839127326,OnTrack,6510.0,14523.0,1965.0
2026-09-06 14:54:03.732,0 days 02:47:28.556000,31,177.38111111111084,0 days 00:00:31.796000,10775.0,127.0,3,0.0,True,0,car,2090.718055555556,0.3621306852408043,OnTrack,6585.4627812930285,14539.88616328986,1964.1727518176444
2026-09-06 14:54:03.772,0 days 02:47:28.596000,31,178.24777793142476,0 days 00:00:31.836000,10735.886419658535,125.8919665625647,3,0.0,True,0,pos,2092.0810549858934,0.36236676868418355,OnTrack,6603.0,14544.0,1964.0
2026-09-06 14:54:04.093,0 days 02:47:28.917000,31,185.2027777777771,0 days 00:00:32.157000,10422.0,117.0,2,0.0,False,0,car,2102.450555555556,0.3641628570361824,OnTrack,6679.134807738782,14566.471600435272,1964.1183638081889
2026-09-06 14:54:04.192,0 days 02:47:29.016000,31,187.54027928888834,0 days 00:00:32.256000,10177.387341866666,115.34999893333334,2,0.0,False,0,pos,2105.5793498152293,0.3647047916151765,OnTrack,6707.0,14579.0,1964.0
2026-09-06 14:54:04.333,0 days 02:47:29.157000,31,190.86944444444407,0 days 00:00:32.397000,9829.0,113.0,2,0.0,True,0,car,2109.9838888888894,0.3654676963735088,OnTrack,6762.8001595130445,14605.686796481907,1963.3904075508021
2026-09-06 14:54:04.432,0 days 02:47:29.256000,31,193.42694609777715,0 days 00:00:32.496000,9753.099950933334,111.34999893333334,2,0.0,True,0,pos,2113.018630584147,0.3659933402242959,OnTrack,6801.0,14627.0,1963.0
2026-09-06 14:54:04.573,0 days 02:47:29.397000,31,197.06944444444343,0 days 00:00:32.637000,9645.0,109.0,2,0.0,False,0,car,2117.2505555555563,0.36672634670774396,OnTrack,6840.74161073901,14657.101160309543,1962.8723771306668
2026-09-06 14:54:04.733,0 days 02:47:29.557000,31,201.51388888888823,0 days 00:00:32.797000,9665.0,105.0,2,1.0,False,0,car,2121.917222222223,0.36753465426183995,OnTrack,6868.126199509869,14689.039672583487,1963.062229043126
2026-09-06 14:54:04.812,0 days 02:47:29.636000,31,203.81805742222127,0 days 00:00:32.876000,9735.1125568,104.0124992,2,12.8500096,False,0,pos,2124.181784869681,0.36792689635355363,OnTrack,6878.0,14702.0,1963.0
2026-09-06 14:54:04.893,0 days 02:47:29.717000,31,206.1805555555543,0 days 00:00:32.957000,9807.0,103.0,2,25.0,False,0,car,2126.495000000001,0.3683275654815722,OnTrack,6885.828722183838,14713.237414626425,1962.810974162361
2026-09-06 14:54:05.133,0 days 02:47:29.957000,31,213.3138888888875,0 days 00:00:33.197000,10049.0,104.0,2,41.0,False,0,car,2133.428333333334,0.3695284795619434,OnTrack,6903.850067853656,14748.358594105663,1962.0148461959882
2026-09-06 14:54:05.152,0 days 02:47:29.976000,31,213.87333521777643,0 days 00:00:33.216000,10052.3250112,104.38000128,2,41.0,False,0,pos,2133.988605684255,0.3696255236420007,OnTrack,6906.0,14753.0,1962.0
2026-09-06 14:54:05.272,0 days 02:47:30.096000,31,217.4066685511099,0 days 00:00:33.336000,10073.3250112,106.78000128,2,41.0,False,0,pos,2137.5742879809786,0.37024659523207853,OnTrack,6922.0,14788.0,1962.0
2026-09-06 14:54:05.333,0 days 02:47:30.157000,31,219.20277777777665,0 days 00:00:33.397000,10084.0,108.0,2,41.0,False,0,car,2139.428333333334,0.3705677321314954,OnTrack,6930.182261315438,14805.897452707166,1961.8402831985006
2026-09-06 14:54:05.512,0 days 02:47:30.336000,31,224.42361297777654,0 days 00:00:33.576000,8979.953176685714,110.55714377142857,2,32.0499968,False,0,pos,2144.9855454693957,0.37153028996348664,OnTrack,6958.0,14858.0,1961.0
2026-09-06 14:54:05.613,0 days 02:47:30.437000,31,227.36944444444316,0 days 00:00:33.677000,8357.0,112.0,3,27.0,False,0,car,2148.1394444444454,0.37207657289914126,OnTrack,6982.326175530142,14890.616499805943,1960.8437859535275
2026-09-06 14:54:05.773,0 days 02:47:30.597000,31,232.12499999999818,0 days 00:00:33.837000,8379.0,112.0,3,28.0,False,0,car,2153.1172222222235,0.37293876762351036,OnTrack,7028.099755734129,14941.871217395706,1960.9733909683855
2026-09-06 14:54:05.812,0 days 02:47:30.636000,31,233.28416856888714,0 days 00:00:33.876000,8468.11514624,112.39000064,3,31.51000576,False,0,pos,2154.337644579463,0.37315015546862695,OnTrack,7038.0,14952.0,1961.0
2026-09-06 14:54:05.973,0 days 02:47:30.797000,31,238.06944444444298,0 days 00:00:34.037000,8836.0,114.0,3,46.0,False,0,car,2159.4505555555565,0.37403575644692627,OnTrack,7072.36143630747,14982.866334659471,1961.0518734684058
2026-09-06 14:54:06.271,0 days 02:47:31.095000,31,246.67833703110944,0 days 00:00:34.335000,9345.7043856,119.5875024,3,54.0708368,False,0,pos,2169.498058769061,0.37577607203562896,OnTrack,7133.0,15019.0,1961.0
2026-09-06 14:54:06.391,0 days 02:47:31.215000,31,250.14500369777602,0 days 00:00:34.455000,9550.9543856,121.8375024,3,57.3208368,False,0,pos,2173.6783411595648,0.37650013357159295,OnTrack,7169.0,15039.0,1961.0
2026-09-06 14:54:06.453,0 days 02:47:31.277000,31,251.9361111111093,0 days 00:00:34.517000,9657.0,123.0,3,59.0,False,0,car,2175.8505555555566,0.376876380137035,OnTrack,7188.24339296127,15048.679366359238,1961.0558312704406
2026-09-06 14:54:06.613,0 days 02:47:31.437000,31,256.2916666666656,0 days 00:00:34.677000,9921.0,127.0,3,67.0,False,0,car,2181.495000000001,0.37785404736913203,OnTrack,7239.06724655571,15070.696833505695,1961.0712800076694
2026-09-06 14:54:06.631,0 days 02:47:31.455000,31,256.7516699377767,0 days 00:00:34.695000,9958.9127696,127.2250016,3,67.3375024,False,0,pos,2182.133397372465,0.37796462338742015,OnTrack,7245.0,15073.0,1961.0
2026-09-06 14:54:06.773,0 days 02:47:31.597000,31,260.3805555555541,0 days 00:00:34.837000,10258.0,129.0,3,70.0,False,0,car,2187.2283333333344,0.3788471109355928,OnTrack,7293.5782109996935,15090.013123574696,1960.0680864053256
2026-09-06 14:54:06.791,0 days 02:47:31.615000,31,260.7105579022208,0 days 00:00:34.855000,10307.8941048,129.6187544,3,71.687512,False,0,pos,2187.8902536602477,0.3789617613356901,OnTrack,7300.0,15092.0,1960.0
2026-09-06 14:54:06.951,0 days 02:47:31.775000,31,263.6438912355542,0 days 00:00:35.015000,10751.3941048,135.1187544,3,86.687512,False,0,pos,2193.959858533781,0.3800130700791874,OnTrack,7359.0,15108.0,1960.0
2026-09-06 14:54:07.093,0 days 02:47:31.917000,31,266.2472222222209,0 days 00:00:35.157000,11145.0,140.0,3,100.0,False,0,car,2199.6727777777787,0.38100259774651546,OnTrack,7411.486464132309,15120.490562900786,1959.325458034445
2026-09-06 14:54:07.151,0 days 02:47:31.975000,31,266.9238902464631,0 days 00:00:35.215000,11286.273010703848,143.09091529210477,3,100.0,False,0,pos,2202.1035845632523,0.3814236347794967,OnTrack,7437.0,15126.0,1959.0
2026-09-06 14:54:07.412,0 days 02:47:32.236000,31,269.9688888888877,0 days 00:00:35.476000,11922.0,157.0,3,100.0,False,0,car,2213.5847222222233,0.3834122684150743,OnTrack,7587.922947161496,15155.280898563762,1958.1026501207912
2026-09-06 14:54:07.491,0 days 02:47:32.315000,31,270.6272227555542,0 days 00:00:35.555000,11494.4121536,159.30416853333332,3,100.0,False,0,pos,2217.1394931605782,0.38402798588704995,OnTrack,7625.0,15162.0,1958.0
2026-09-06 14:54:07.652,0 days 02:47:32.476000,31,271.96888888888725,0 days 00:00:35.716000,10623.0,164.0,3,100.0,False,0,car,2224.5180555555567,0.3853060175418135,OnTrack,7672.255618899622,15169.813343049502,1958.017063922936
2026-09-06 14:54:07.771,0 days 02:47:32.595000,31,272.59694478222093,0 days 00:00:35.835000,10687.7062848,169.2062528,3,100.0,False,0,pos,2230.149034287677,0.38628135239455486,OnTrack,7707.0,15176.0,1958.0
2026-09-06 14:54:07.812,0 days 02:47:32.636000,31,272.81333333333214,0 days 00:00:35.876000,10710.0,171.0,4,100.0,False,0,car,2232.1180555555566,0.38662240412991267,OnTrack,7722.678986673422,15179.059894890916,1957.9535338402484
2026-09-06 14:54:08.092,0 days 02:47:32.916000,31,273.3577777777764,0 days 00:00:36.156000,11159.0,177.0,4,100.0,False,0,car,2245.8847222222234,0.38900691141449584,OnTrack,7864.398759723974,15209.708736237288,1957.0913978795006
2026-09-06 14:54:08.111,0 days 02:47:32.935000,31,273.373611164443,0 days 00:00:36.175000,11177.0500608,177.4750016,4,100.0,False,0,pos,2246.834887019197,0.389171488282288,OnTrack,7874.0,15212.0,1957.0
2026-09-06 14:54:08.291,0 days 02:47:33.115000,31,273.52361116444246,0 days 00:00:36.355000,11348.0500608,181.9750016,4,100.0,False,0,pos,2255.944501388325,0.39074935330574534,OnTrack,7969.0,15237.0,1956.0
2026-09-06 14:54:08.292,0 days 02:47:33.116000,31,273.52444444444245,0 days 00:00:36.356000,11349.0,182.0,4,100.0,False,0,car,2255.9958333333348,0.3907582444483705,OnTrack,7969.655976876665,15237.189396648051,1955.99458582203
2026-09-06 14:54:08.531,0 days 02:47:33.355000,31,273.5908333511088,0 days 00:00:36.595000,11603.6844432,187.2281264,4,100.0,False,0,pos,2268.497834955451,0.3929237006667583,OnTrack,8149.0,15292.0,1955.0
2026-09-06 14:54:08.612,0 days 02:47:33.436000,31,273.61333333333096,0 days 00:00:36.676000,11690.0,189.0,4,100.0,False,0,car,2272.795833333335,0.3936681516431161,OnTrack,8185.207933778382,15303.166498849703,1954.9321851901118
2026-09-06 14:54:08.831,0 days 02:47:33.655000,31,273.5524999822203,0 days 00:00:36.895000,11946.412574933333,192.65000106666668,4,100.0,False,0,pos,2284.5236354362637,0.39569950972156037,OnTrack,8241.0,15320.0,1955.0
2026-09-06 14:54:08.852,0 days 02:47:33.676000,31,273.5466666666648,0 days 00:00:36.916000,11971.0,193.0,4,100.0,False,0,car,2285.6625000000013,0.3958967710422664,OnTrack,8249.35882782864,15322.517404934853,1954.9568328940059
2026-09-06 14:54:09.071,0 days 02:47:33.895000,31,273.30333326222046,0 days 00:00:37.135000,11367.907516061538,196.36923175384615,4,100.0,False,0,pos,2297.7182299096116,0.3979849290899976,OnTrack,8365.0,15358.0,1954.0
2026-09-06 14:54:09.271,0 days 02:47:34.095000,31,273.0811110399983,0 days 00:00:37.335000,10817.138285292307,199.44615483076922,4,100.0,False,0,pos,2308.966581660913,0.39993324216679166,OnTrack,8470.0,15393.0,1953.0
2026-09-06 14:54:09.372,0 days 02:47:34.196000,31,272.96888888888725,0 days 00:00:37.436000,10539.0,201.0,5,100.0,False,0,car,2314.6958333333346,0.40092559875382067,OnTrack,8523.93481595534,15411.159190162542,1952.9611601079903
2026-09-06 14:54:09.431,0 days 02:47:34.255000,31,272.8705554488871,0 days 00:00:37.495000,10562.8458592,202.229168,5,100.0,False,0,pos,2318.0573068906615,0.4015078354258094,OnTrack,8555.0,15422.0,1953.0
2026-09-06 14:54:09.591,0 days 02:47:34.415000,31,272.6038887822201,0 days 00:00:37.655000,10627.512525866667,205.56250133333333,5,100.0,False,0,pos,2327.2222041652344,0.40309527593285616,OnTrack,8640.0,15454.0,1953.0
2026-09-06 14:54:09.612,0 days 02:47:34.436000,31,272.5688888888867,0 days 00:00:37.676000,10636.0,206.0,5,100.0,False,0,car,2328.429166666668,0.40330433241301744,OnTrack,8652.993928125274,15459.043691697472,1952.9753165758004
2026-09-06 14:54:09.852,0 days 02:47:34.676000,31,272.2355555555537,0 days 00:00:37.916000,10911.0,208.0,5,100.0,False,0,car,2342.2958333333345,0.40570616057375974,OnTrack,8828.520207358906,15528.23847105145,1952.2553245187585
2026-09-06 14:54:09.912,0 days 02:47:34.736000,31,272.1522222222204,0 days 00:00:37.976000,10925.25,208.75,5,100.0,False,0,pos,2345.7906077311336,0.40631148611924595,OnTrack,8866.0,15543.0,1952.0
2026-09-06 14:54:10.092,0 days 02:47:34.916000,31,271.90222222222064,0 days 00:00:38.156000,10968.0,211.0,5,100.0,False,0,car,2356.362500000001,0.4081426304868205,OnTrack,8946.909191496074,15574.512294053175,1951.110873432603
2026-09-06 14:54:10.372,0 days 02:47:35.196000,31,271.5133332815875,0 days 00:00:38.436000,11196.19129855352,214.49272395745183,5,100.0,False,0,pos,2373.14440699397,0.41104940381439775,OnTrack,9067.0,15618.0,1950.0
2026-09-06 14:54:10.573,0 days 02:47:35.397000,31,271.2341666666648,0 days 00:00:38.637000,11360.0,217.0,5,100.0,False,0,car,2385.356111111112,0.41316457796145595,OnTrack,9225.679472570133,15673.618592435556,1949.9942661114937
2026-09-06 14:54:10.612,0 days 02:47:35.436000,31,271.1908332622204,0 days 00:00:38.676000,11382.52253696,217.39000064,5,100.0,False,0,pos,2387.7346328425524,0.41357655876497823,OnTrack,9250.0,15682.0,1950.0
2026-09-06 14:54:10.832,0 days 02:47:35.656000,31,270.946388817776,0 days 00:00:38.896000,11509.57253696,219.59000064,5,100.0,False,0,pos,2401.20897472527,0.415910432835751,OnTrack,9331.0,15709.0,1950.0
2026-09-06 14:54:10.973,0 days 02:47:35.797000,31,270.78972222222046,0 days 00:00:39.037000,11591.0,221.0,5,100.0,False,0,car,2409.9116666666678,0.4174178153294372,OnTrack,9393.34240247671,15730.602724099981,1950.3243671248676
2026-09-06 14:54:11.172,0 days 02:47:35.996000,31,270.56861103999785,0 days 00:00:39.236000,11700.4500352,223.98500096,5,100.0,False,0,pos,2422.2936094574084,0.41956247630632426,OnTrack,9530.0,15776.0,1950.0
2026-09-06 14:54:11.173,0 days 02:47:35.997000,31,270.56749999999784,0 days 00:00:39.237000,11701.0,224.0,5,100.0,False,0,car,2422.3561111111126,0.41957330214035987,OnTrack,9530.889646431775,15776.280003750051,1949.9909958326277
2026-09-06 14:54:11.333,0 days 02:47:36.157000,31,270.4341666666646,0 days 00:00:39.397000,11648.0,225.0,5,100.0,False,0,car,2432.3561111111126,0.42130538975627985,OnTrack,9692.975762742855,15825.833135165214,1947.748293018329
2026-09-06 14:54:11.392,0 days 02:47:36.216000,31,270.53250010666466,0 days 00:00:39.456000,11558.446331428571,223.73571291428573,5,79.56069211428571,False,0,pos,2436.0005358299186,0.4219366360485395,OnTrack,9744.0,15841.0,1947.0
2026-09-06 14:54:11.613,0 days 02:47:36.437000,31,270.9008333333313,0 days 00:00:39.677000,11223.0,219.0,5,3.0,True,0,car,2449.389444444446,0.42425571232873016,OnTrack,9839.466782143456,15867.090556631005,1945.9620460223327
2026-09-06 14:54:11.812,0 days 02:47:36.636000,31,271.7852780622202,0 days 00:00:39.876000,10705.047055644445,213.47222044444445,5,1.3416661333333333,True,0,pos,2461.115508925383,0.4262867694358211,OnTrack,9900.0,15874.0,1945.0
2026-09-06 14:54:11.972,0 days 02:47:36.796000,31,272.49638917333124,0 days 00:00:40.036000,10288.6026112,209.027776,5,0.008332799999999937,True,0,pos,2470.2335288852237,0.4278660903812363,OnTrack,9990.0,15882.0,1943.0
2026-09-06 14:54:11.973,0 days 02:47:36.797000,31,272.50083333333123,0 days 00:00:40.037000,10286.0,209.0,5,0.0,True,0,car,2470.289444444446,0.4278757754460029,OnTrack,9990.581866516044,15882.029280797879,1942.9888614175281
2026-09-06 14:54:12.272,0 days 02:47:37.096000,31,272.99916677333124,0 days 00:00:40.336000,10633.33840768,202.52166528,5,17.69083712,True,0,pos,2486.413970201442,0.43066868458363056,OnTrack,10156.0,15874.0,1941.0
2026-09-06 14:54:13.051,0 days 02:47:37.875000,31,274.2975002133312,0 days 00:00:41.115000,11538.27681536,185.64333056,5,63.78167424,True,0,pos,2525.0479149132348,0.43736042230257377,OnTrack,10531.0,15727.0,1938.0
2026-09-06 14:54:13.173,0 days 02:47:37.997000,31,274.50083333333123,0 days 00:00:41.237000,11680.0,183.0,4,71.0,False,0,car,2531.289444444446,0.4384415099031147,OnTrack,10577.16571756647,15693.308108012301,1938.1635583766576
2026-09-06 14:54:13.371,0 days 02:47:38.195000,31,274.0058330133312,0 days 00:00:41.435000,11675.599997155556,185.75000177777778,4,64.9499960888889,False,0,pos,2541.6065693857436,0.4402285263373868,OnTrack,10653.0,15619.0,1938.0
2026-09-06 14:54:13.533,0 days 02:47:38.357000,31,273.60083333333114,0 days 00:00:41.597000,11672.0,188.0,4,60.0,False,0,car,2550.089444444446,0.4416978346210443,OnTrack,10725.672782555426,15524.623864023066,1936.443833537474
2026-09-06 14:54:13.591,0 days 02:47:38.415000,31,273.3108326933311,0 days 00:00:41.655000,11694.1125488,187.8791664,4,60.604168,False,0,pos,2553.1115419959588,0.442221288395352,OnTrack,10747.0,15494.0,1936.0
2026-09-06 14:54:13.911,0 days 02:47:38.735000,31,271.71083269333104,0 days 00:00:41.975000,11816.1125488,187.21249973333335,4,63.93750133333334,False,0,pos,2569.696239372028,0.4450939032892389,OnTrack,10804.0,15383.0,1936.0
2026-09-06 14:54:14.013,0 days 02:47:38.837000,31,271.20083333333105,0 days 00:00:42.077000,11855.0,187.0,4,65.0,False,0,car,2575.0227777777795,0.4460165064100714,OnTrack,10821.794630762939,15340.144444718522,1935.9676567459978
2026-09-06 14:54:14.131,0 days 02:47:38.955000,31,270.57805497989204,0 days 00:00:42.195000,11701.806875940752,188.182958486944,4,75.35088676076002,False,0,pos,2581.226881005024,0.44709111144685126,OnTrack,10845.0,15275.0,1936.0
2026-09-06 14:54:14.391,0 days 02:47:39.215000,31,269.2058329777758,0 days 00:00:42.455000,11364.263070433994,190.78947435958307,4,98.15790064635178,False,0,pos,2595.0635473390525,0.44948774328713004,OnTrack,10895.0,15079.0,1937.0
2026-09-06 14:54:14.412,0 days 02:47:39.236000,31,269.094999999998,0 days 00:00:42.476000,11337.0,191.0,4,100.0,False,0,car,2596.191944444446,0.44968319155233927,OnTrack,10897.754503796843,15066.493730149106,1937.039261486485
2026-09-06 14:54:14.612,0 days 02:47:39.436000,31,268.0949999999975,0 days 00:00:42.676000,10310.0,195.0,5,100.0,False,0,car,2607.0252777777796,0.45155961980291925,OnTrack,10911.014569200432,14990.384015908863,1936.8225007006108
2026-09-06 14:54:14.791,0 days 02:47:39.615000,31,267.3491663999975,0 days 00:00:42.855000,10478.0611712,197.486112,5,100.0,False,0,pos,2616.8743140169313,0.4532655591727774,OnTrack,10918.0,14926.0,1936.0
2026-09-06 14:54:14.971,0 days 02:47:39.795000,31,266.5991663999975,0 days 00:00:43.035000,10647.0611712,199.986112,5,100.0,False,0,pos,2626.9685547951603,0.4550139701171858,OnTrack,10930.0,14826.0,1935.0
2026-09-06 14:54:14.972,0 days 02:47:39.796000,31,266.5949999999975,0 days 00:00:43.036000,10648.0,200.0,5,100.0,False,0,car,2627.0252777777796,0.45502379503475915,OnTrack,10930.066035942196,14825.420921779649,1934.9971550263554
2026-09-06 14:54:15.231,0 days 02:47:40.055000,31,265.9474998399975,0 days 00:00:43.295000,10845.847271111112,205.7555569777778,5,100.0,False,0,pos,2641.9417134635482,0.45760745238725775,OnTrack,10945.0,14679.0,1935.0
2026-09-06 14:54:15.332,0 days 02:47:40.156000,31,265.69499999999744,0 days 00:00:43.396000,10923.0,208.0,5,100.0,False,0,car,2647.82527777778,0.4586265372758727,OnTrack,10949.9232698443,14625.185779564661,1934.4945654407807
2026-09-06 14:54:15.411,0 days 02:47:40.235000,31,265.7169444622197,0 days 00:00:43.475000,10956.857170285713,208.84642925714286,5,100.0,False,0,pos,2652.4401882840175,0.45942588020951597,OnTrack,10954.0,14575.0,1934.0
2026-09-06 14:54:15.612,0 days 02:47:40.436000,31,265.77277777777545,0 days 00:00:43.676000,11043.0,211.0,5,100.0,False,0,car,2664.236388888891,0.46146908550777693,OnTrack,10966.027958192279,14402.449352458136,1933.05580791771
2026-09-06 14:54:15.631,0 days 02:47:40.455000,31,265.8044445511088,0 days 00:00:43.695000,11050.31502464,211.19000064,5,100.0,False,0,pos,2665.3559136483595,0.4616629970049362,OnTrack,10967.0,14388.0,1933.0
2026-09-06 14:54:15.812,0 days 02:47:40.636000,31,266.1061111111094,0 days 00:00:43.876000,11120.0,213.0,5,100.0,False,0,car,2676.069722222224,0.4635187225199488,OnTrack,10973.653762240505,14287.719658479524,1932.7993703029151
2026-09-06 14:54:16.052,0 days 02:47:40.876000,31,266.7727777777759,0 days 00:00:44.116000,11278.0,216.0,5,100.0,False,0,car,2690.469722222224,0.4660129286868736,OnTrack,10979.400474172558,14195.72739374659,1932.9945336128121
2026-09-06 14:54:16.071,0 days 02:47:40.895000,31,266.8519447111092,0 days 00:00:44.135000,11284.095853866667,216.2375008,5,100.0,False,0,pos,2691.61837414997,0.4662118852647787,OnTrack,10980.0,14186.0,1933.0
2026-09-06 14:54:16.251,0 days 02:47:41.075000,31,267.60194471110884,0 days 00:00:44.315000,11341.845853866667,218.4875008,5,100.0,False,0,pos,2702.561025651394,0.4681072483798732,OnTrack,10987.0,14077.0,1933.0
2026-09-06 14:54:16.292,0 days 02:47:41.116000,31,267.77277777777545,0 days 00:00:44.356000,11355.0,219.0,5,100.0,False,0,car,2705.069722222224,0.46854177660611673,OnTrack,10989.04123733263,14049.392310890164,1933.0066278059992
2026-09-06 14:54:16.512,0 days 02:47:41.336000,31,268.8727777777752,0 days 00:00:44.576000,11545.92857142857,221.35714285714286,5,100.0,False,0,pos,2718.626216929404,0.47088988026587586,OnTrack,11002.0,13894.0,1933.0
2026-09-06 14:54:16.572,0 days 02:47:41.396000,31,269.1727777777751,0 days 00:00:44.636000,11598.0,222.0,5,100.0,False,0,car,2722.3363888888907,0.4715325145562719,OnTrack,11005.509691893394,13853.46387125318,1932.91297809897
2026-09-06 14:54:16.772,0 days 02:47:41.596000,31,270.3949999999977,0 days 00:00:44.836000,11600.0,223.0,5,100.0,False,0,car,2734.7252777777794,0.47367837865821716,OnTrack,11016.786683676828,13726.206873494704,1932.3443321265986
2026-09-06 14:54:16.912,0 days 02:47:41.736000,31,271.4838891368899,0 days 00:00:44.976000,11506.334498239885,223.49822075404316,5,100.0,False,0,pos,2743.440292501462,0.47518789556576224,OnTrack,11025.0,13639.0,1932.0
2026-09-06 14:54:17.053,0 days 02:47:41.877000,31,272.5805555555535,0 days 00:00:45.117000,11412.0,224.0,5,100.0,False,0,car,2752.2097222222237,0.4767068376275634,OnTrack,11033.801361809894,13550.740969683347,1931.813198915127
2026-09-06 14:54:17.332,0 days 02:47:42.156000,31,275.6030562488868,0 days 00:00:45.396000,11225.6678144,220.0142848,5,100.0,False,0,pos,2769.2615816414914,0.4796603690804156,OnTrack,11051.0,13371.0,1932.0
2026-09-06 14:54:17.333,0 days 02:47:42.157000,31,275.6138888888868,0 days 00:00:45.397000,11225.0,220.0,5,100.0,False,0,car,2769.320833333335,0.47967063199258203,OnTrack,11051.054753782855,13370.329934986254,1932.0022964146222
2026-09-06 14:54:17.652,0 days 02:47:42.476000,31,281.46222339555334,0 days 00:00:45.716000,10459.3998464,204.9361080888889,5,11.388871111111117,False,0,pos,2787.401305532878,0.48280232819126334,OnTrack,11065.0,13165.0,1933.0
2026-09-06 14:54:17.693,0 days 02:47:42.517000,31,282.2138888888867,0 days 00:00:45.757000,10361.0,203.0,5,0.0,True,0,car,2789.620833333335,0.4831867698528996,OnTrack,11066.051127055003,13145.444602439922,1933.0629053104608
2026-09-06 14:54:17.933,0 days 02:47:42.757000,31,287.81388888888705,0 days 00:00:45.997000,10005.0,189.0,5,0.0,True,0,car,2802.220833333335,0.48536920024895874,OnTrack,11068.292702440378,13067.668145919537,1932.8813158961023
2026-09-06 14:54:18.072,0 days 02:47:42.896000,31,291.71361290666476,0 days 00:00:46.136000,10323.541813333333,185.9111096888889,5,0.0,True,0,pos,2809.3235343013507,0.486599450287587,OnTrack,11066.0,13018.0,1932.0
2026-09-06 14:54:18.293,0 days 02:47:43.117000,31,297.91388888888696,0 days 00:00:46.357000,10830.0,181.0,4,0.0,False,0,car,2820.320833333335,0.48850427883377384,OnTrack,11056.429514671414,12909.699698364973,1929.4461755494085
2026-09-06 14:54:18.372,0 days 02:47:43.196000,31,300.37166865777573,0 days 00:00:46.436000,10746.391598933333,178.36666453333333,4,0.0,False,0,pos,2824.1458018379412,0.4891667968915851,OnTrack,11051.0,12872.0,1929.0
2026-09-06 14:54:18.472,0 days 02:47:43.296000,31,303.48277976888664,0 days 00:00:46.536000,10640.5582656,175.0333312,4,0.0,False,0,pos,2828.9278972908737,0.48999509772280225,OnTrack,11041.0,12826.0,1929.0
2026-09-06 14:54:18.533,0 days 02:47:43.357000,31,305.3805555555532,0 days 00:00:46.597000,10576.0,173.0,4,0.0,False,0,car,2831.8541666666683,0.4905019532174682,OnTrack,11029.013272340626,12789.939166588785,1928.9349299697424
2026-09-06 14:54:18.693,0 days 02:47:43.517000,31,310.5361111111092,0 days 00:00:46.757000,10453.0,173.0,4,0.0,False,0,car,2839.543055555557,0.4918337361399311,OnTrack,10981.27562871473,12675.448020738888,1928.3064895120126
2026-09-06 14:54:18.752,0 days 02:47:43.576000,31,312.56833553777585,0 days 00:00:46.816000,10495.5292128,171.770832,4,13.2750144,False,0,pos,2842.329081410637,0.4923163002280528,OnTrack,10968.0,12646.0,1928.0
2026-09-06 14:54:18.933,0 days 02:47:43.757000,31,318.80277777777565,0 days 00:00:46.997000,10626.0,168.0,4,54.0,False,0,car,2850.7430555555575,0.4937736742697615,OnTrack,10948.612805292025,12612.035785394366,1926.9977334528335
2026-09-06 14:54:19.012,0 days 02:47:43.836000,31,321.65555786666454,0 days 00:00:47.076000,10681.738934044444,168.21944462222223,4,57.29166933333333,False,0,pos,2854.423947126173,0.49441123694026223,OnTrack,10937.0,12599.0,1927.0
2026-09-06 14:54:19.293,0 days 02:47:44.117000,31,331.80277777777565,0 days 00:00:47.357000,10880.0,169.0,4,69.0,False,0,car,2867.6430555555576,0.4967009023406663,OnTrack,10849.876469547578,12500.169957940301,1929.7180858661493
2026-09-06 14:54:19.332,0 days 02:47:44.156000,31,333.18944671999776,0 days 00:00:47.396000,10969.4563968,169.9750016,4,69.9750016,False,0,pos,2869.5014760571103,0.4970227970542574,OnTrack,10837.0,12487.0,1930.0
2026-09-06 14:54:19.453,0 days 02:47:44.277000,31,337.49166666666406,0 days 00:00:47.517000,11247.0,173.0,4,73.0,False,0,car,2875.3319444444464,0.49803268526312916,OnTrack,10799.600855352382,12452.420451010164,1930.394195088158
2026-09-06 14:54:19.611,0 days 02:47:44.435000,31,342.9338932977754,0 days 00:00:47.675000,11393.94011904,178.53000448,4,76.16000256,False,0,pos,2883.1968283628107,0.4993949520666939,OnTrack,10728.0,12402.0,1930.0
2026-09-06 14:54:19.653,0 days 02:47:44.477000,31,344.3805555555532,0 days 00:00:47.717000,11433.0,180.0,4,77.0,False,0,car,2885.3319444444464,0.49976477287904914,OnTrack,10697.87350729638,12382.96713111684,1929.765766811662
2026-09-06 14:54:19.771,0 days 02:47:44.595000,31,348.3466709688865,0 days 00:00:47.835000,11727.578890971428,182.9500032,4,83.74286445714286,False,0,pos,2891.4245552457764,0.5008200664508096,OnTrack,10606.0,12327.0,1929.0
2026-09-06 14:54:19.933,0 days 02:47:44.757000,31,353.79166666666424,0 days 00:00:47.997000,12132.0,187.0,4,93.0,False,0,car,2899.876388888891,0.502283998089315,OnTrack,10541.256242174773,12289.527079324936,1928.4833218540878
2026-09-06 14:54:20.093,0 days 02:47:44.917000,31,359.21388888888623,0 days 00:00:48.157000,11572.0,187.0,4,93.0,False,0,car,2908.1875000000023,0.503723555352324,OnTrack,10508.340382242934,12273.720267426856,1928.1584835349643
2026-09-06 14:54:20.131,0 days 02:47:44.955000,31,360.42778186666396,0 days 00:00:48.195000,11364.107633066667,188.58333866666666,4,94.10833706666666,False,0,pos,2910.208913300247,0.5040736818467251,OnTrack,10495.0,12267.0,1928.0
2026-09-06 14:54:20.331,0 days 02:47:45.155000,31,366.81667075555276,0 days 00:00:48.395000,10269.9409664,196.916672,4,99.9416704,False,0,pos,2921.2084325429237,0.5059788949528563,OnTrack,10397.0,12217.0,1927.0
2026-09-06 14:54:20.333,0 days 02:47:45.157000,31,366.88055555555275,0 days 00:00:48.397000,10259.0,197.0,5,100.0,False,0,car,2921.320833333336,0.5059983637545656,OnTrack,10395.964762263877,12216.480826594643,1926.9964895713574
2026-09-06 14:54:20.491,0 days 02:47:45.315000,31,371.62055939555205,0 days 00:00:48.555000,10922.6005376,204.11000576,5,100.0,False,0,pos,2930.333629516634,0.5075594590199558,OnTrack,10316.0,12177.0,1927.0
2026-09-06 14:54:20.533,0 days 02:47:45.357000,31,372.88055555555184,0 days 00:00:48.597000,11099.0,206.0,5,100.0,False,0,car,2932.7652777777807,0.5079806418038963,OnTrack,10295.443905631519,12166.827205301664,1926.8390902662702
2026-09-06 14:54:20.771,0 days 02:47:45.595000,31,379.6900036622186,0 days 00:00:48.835000,11501.6168832,212.9416704,5,100.0,False,0,pos,2946.843854431035,0.5104191746309845,OnTrack,10169.0,12103.0,1925.0
2026-09-06 14:54:20.773,0 days 02:47:45.597000,31,379.7472222222186,0 days 00:00:48.837000,11505.0,213.0,5,100.0,False,0,car,2946.965277777781,0.5104402062185027,OnTrack,10167.658069901756,12102.310949224935,1924.991824017535
2026-09-06 14:54:21.012,0 days 02:47:45.836000,31,385.9877777777738,0 days 00:00:49.076000,10314.0,224.0,5,100.0,False,0,car,2961.836388888892,0.5130160129575552,OnTrack,9982.317558054738,12006.082844532642,1925.0651046662692
2026-09-06 14:54:21.071,0 days 02:47:45.895000,31,387.46277937777376,0 days 00:00:49.135000,10379.3917376,225.4750016,5,100.0,False,0,pos,2965.5704652934505,0.5136627877072786,OnTrack,9948.0,11988.0,1925.0
2026-09-06 14:54:21.252,0 days 02:47:46.076000,31,391.9877777777738,0 days 00:00:49.316000,10580.0,230.0,6,100.0,False,0,car,2977.1697222222256,0.5156718806352992,OnTrack,9889.699696719612,11956.31911084319,1924.1719770402544
2026-09-06 14:54:21.311,0 days 02:47:46.135000,31,393.36444593777395,0 days 00:00:49.375000,10652.69650742857,231.68571611428573,6,100.0,False,0,pos,2981.0150818552484,0.516337930615211,OnTrack,9869.0,11945.0,1924.0
2026-09-06 14:54:21.532,0 days 02:47:46.356000,31,398.521111111108,0 days 00:00:49.596000,10925.0,238.0,6,100.0,False,0,car,2995.680833333336,0.5188781672665465,OnTrack,9742.956574754504,11877.140469172664,1924.5076052099523
2026-09-06 14:54:21.691,0 days 02:47:46.515000,31,402.0544458666638,0 days 00:00:49.755000,11043.45504768,242.77000192,6,100.0,False,0,pos,3006.433515940313,0.5207406261046926,OnTrack,9646.0,11825.0,1925.0
2026-09-06 14:54:21.732,0 days 02:47:46.556000,31,402.9655555555528,0 days 00:00:49.796000,11074.0,244.0,6,100.0,False,0,car,3009.2363888888917,0.5212261082570158,OnTrack,9624.469462735366,11813.370644314366,1925.0393117421231
2026-09-06 14:54:21.891,0 days 02:47:46.715000,31,406.32222357333023,0 days 00:00:49.955000,11202.903623314285,247.40714422857144,6,100.0,False,0,pos,3020.229688610522,0.5231302440876089,OnTrack,9535.0,11765.0,1925.0
2026-09-06 14:54:22.012,0 days 02:47:46.836000,31,408.87666666666337,0 days 00:00:50.076000,11301.0,250.0,6,100.0,False,0,car,3028.680833333336,0.5245940563990824,OnTrack,9423.692899329499,11705.1586131918,1925.0530020954313
2026-09-06 14:54:22.071,0 days 02:47:46.895000,31,410.07305685333006,0 days 00:00:50.135000,11382.125088,250.9833344,6,100.0,False,0,pos,3032.8166451937136,0.525310415249596,OnTrack,9375.0,11679.0,1925.0
2026-09-06 14:54:22.252,0 days 02:47:47.076000,31,413.74333333333016,0 days 00:00:50.316000,11631.0,254.0,6,100.0,False,0,car,3045.6141666666695,0.5275270580953735,OnTrack,9294.680330439203,11635.702343211371,1924.2818833729275
2026-09-06 14:54:22.331,0 days 02:47:47.155000,31,415.1697233777746,0 days 00:00:50.395000,11401.50481408,255.77750144,6,100.0,False,0,pos,3051.292364568142,0.5285105717219618,OnTrack,9263.0,11618.0,1924.0
2026-09-06 14:54:22.611,0 days 02:47:47.435000,31,420.2252789333301,0 days 00:00:50.675000,10588.10481408,262.07750144,6,100.0,False,0,pos,3071.8082400559015,0.5320641011081721,OnTrack,9087.0,11517.0,1924.0
2026-09-06 14:54:22.652,0 days 02:47:47.476000,31,420.9655555555523,0 days 00:00:50.716000,10469.0,263.0,7,100.0,False,0,car,3074.8363888888916,0.5325886030174507,OnTrack,9056.16624293778,11499.221756310153,1924.1129619745157
2026-09-06 14:54:22.812,0 days 02:47:47.636000,31,423.76555555555296,0 days 00:00:50.876000,10602.0,267.0,7,100.0,False,0,car,3086.703055555558,0.534644013655009,OnTrack,8927.873336697874,11425.223078402196,1924.7740263449682
2026-09-06 14:54:22.931,0 days 02:47:47.755000,31,425.7488899555525,0 days 00:00:50.995000,10703.8938048,269.2312512,7,100.0,False,0,pos,3095.612403580313,0.5361871907929691,OnTrack,8842.0,11376.0,1925.0
2026-09-06 14:54:22.972,0 days 02:47:47.796000,31,426.432222222219,0 days 00:00:51.036000,10739.0,270.0,7,100.0,False,0,car,3098.7030555555584,0.536722518794113,OnTrack,8816.065665704402,11361.24154609434,1924.9763441142568
2026-09-06 14:54:23.172,0 days 02:47:47.996000,31,429.5433333333308,0 days 00:00:51.236000,10874.0,274.0,7,100.0,False,0,car,3113.92527777778,0.5393591410539023,OnTrack,8712.3508377908,11303.081288376845,1924.3393113747047
2026-09-06 14:54:23.292,0 days 02:47:48.116000,31,431.3099999999975,0 days 00:00:51.356000,10951.142857142857,275.2857142857143,7,100.0,False,0,pos,3123.121936522901,0.5409520829259288,OnTrack,8642.0,11264.0,1925.0
2026-09-06 14:54:23.372,0 days 02:47:48.196000,31,432.48777777777525,0 days 00:00:51.436000,11002.57142857143,276.14285714285717,7,100.0,False,0,pos,3129.2789484190357,0.5420185313315654,OnTrack,8588.0,11234.0,1926.0
2026-09-06 14:54:23.452,0 days 02:47:48.276000,31,433.66555555555306,0 days 00:00:51.516000,11054.0,277.0,7,100.0,False,0,car,3135.469722222225,0.543090827595312,OnTrack,8538.583357995945,11206.455077297545,1926.3747694606204
2026-09-06 14:54:23.653,0 days 02:47:48.477000,31,436.4013888888867,0 days 00:00:51.717000,11172.0,281.0,7,100.0,False,0,car,3151.1588888888914,0.5458083287240558,OnTrack,8414.639728237558,11136.667798243145,1925.0389539562307
2026-09-06 14:54:23.712,0 days 02:47:48.536000,31,437.17166750222003,0 days 00:00:51.776000,11194.4937744,281.5531256,7,100.0,False,0,pos,3155.7850236444438,0.5466096157960227,OnTrack,8357.0,11104.0,1925.0
2026-09-06 14:54:23.892,0 days 02:47:48.716000,31,439.5216675022201,0 days 00:00:51.956000,11263.1187744,283.2406256,7,100.0,False,0,pos,3169.9597050579187,0.5490647948096118,OnTrack,8137.0,10979.0,1926.0
2026-09-06 14:54:23.973,0 days 02:47:48.797000,31,440.5791666666646,0 days 00:00:52.037000,11294.0,284.0,7,100.0,False,0,car,3176.403333333336,0.550180887683356,OnTrack,8066.775104466354,10938.947252706806,1926.0899067737548
2026-09-06 14:54:24.213,0 days 02:47:49.037000,31,443.17916666666406,0 days 00:00:52.277000,11430.0,290.0,7,100.0,False,0,car,3195.7366666666694,0.553529590407468,OnTrack,7982.974205867955,10890.13100974457,1924.7896441230416
2026-09-06 14:54:24.332,0 days 02:47:49.156000,31,444.3691673066641,0 days 00:00:52.396000,11435.525002971428,290.85000045714287,7,100.0,False,0,pos,3205.381117206171,0.5552000937416504,OnTrack,7929.0,10858.0,1925.0
2026-09-06 14:54:24.452,0 days 02:47:49.276000,31,445.5691673066642,0 days 00:00:52.516000,11441.096431542857,291.7071433142857,7,100.0,False,0,pos,3215.1213382163714,0.5568871853604596,OnTrack,7846.0,10808.0,1926.0
2026-09-06 14:54:24.493,0 days 02:47:49.317000,31,445.97916666666424,0 days 00:00:52.557000,11443.0,292.0,7,100.0,False,0,car,3218.4477777777806,0.5574633538374018,OnTrack,7809.551945464179,10785.152453478004,1926.2838478215913
2026-09-06 14:54:24.653,0 days 02:47:49.477000,31,447.53472222222035,0 days 00:00:52.717000,11544.0,292.0,7,100.0,False,0,car,3231.4255555555583,0.5597112186545068,OnTrack,7635.2233691166075,10671.944975624236,1926.8521036031768
2026-09-06 14:54:24.732,0 days 02:47:49.556000,31,448.1930560888868,0 days 00:00:52.796000,11580.73502976,292.39500032,7,100.0,False,0,pos,3237.839736640834,0.5608222110169142,OnTrack,7560.0,10622.0,1927.0
2026-09-06 14:54:24.853,0 days 02:47:49.677000,31,449.2013888888864,0 days 00:00:52.917000,11637.0,293.0,7,100.0,False,0,car,3247.703333333336,0.5625306723848653,OnTrack,7474.225248641199,10563.627868420723,1927.1527315828898
2026-09-06 14:54:25.173,0 days 02:47:49.997000,31,450.97916666666424,0 days 00:00:53.237000,10558.0,298.0,7,100.0,False,0,car,3274.192222222225,0.5671187800252578,OnTrack,7350.764959122966,10468.304455949981,1927.0699243165302
2026-09-06 14:54:25.212,0 days 02:47:50.036000,31,451.0875001777753,0 days 00:00:53.276000,10553.124992,298.3250005333333,7,100.0,False,0,pos,3277.4422558517863,0.5676817143253665,OnTrack,7332.0,10453.0,1927.0
2026-09-06 14:54:25.392,0 days 02:47:50.216000,31,451.5875001777753,0 days 00:00:53.456000,10530.624992,299.8250005333333,7,100.0,False,0,pos,3292.482808468262,0.5702868698177256,OnTrack,7216.0,10358.0,1926.0
2026-09-06 14:54:25.533,0 days 02:47:50.357000,31,451.97916666666424,0 days 00:00:53.597000,10513.0,301.0,8,100.0,False,0,car,3304.292222222225,0.572332363749177,OnTrack,7056.418003511959,10228.374015414887,1922.7189553300598
2026-09-06 14:54:25.612,0 days 02:47:50.436000,31,452.1108334399978,0 days 00:00:53.676000,10529.98501376,301.39500032,8,100.0,False,0,pos,3310.915456248146,0.5734795659125407,OnTrack,6982.0,10168.0,1921.0
2026-09-06 14:54:25.733,0 days 02:47:50.557000,31,452.3124999999982,0 days 00:00:53.797000,10556.0,302.0,8,100.0,False,0,car,3321.0700000000024,0.5752384218603315,OnTrack,6930.044327620469,10125.778483914146,1919.667709371049
2026-09-06 14:54:25.912,0 days 02:47:50.736000,31,452.01416655999805,0 days 00:00:53.976000,10560.02750144,302.44750016,8,100.0,False,0,pos,3336.1172831338217,0.5778447431372645,OnTrack,6880.0,10082.0,1918.0
2026-09-06 14:54:26.131,0 days 02:47:50.955000,31,451.6491664533312,0 days 00:00:54.195000,10564.95500288,302.99500032,8,100.0,False,0,pos,3354.5679720187754,0.5810405641095464,OnTrack,6664.0,9894.0,1912.0
2026-09-06 14:54:26.133,0 days 02:47:50.957000,31,451.6458333333312,0 days 00:00:54.197000,10565.0,303.0,8,100.0,False,0,car,3354.7366666666694,0.5810697835005953,OnTrack,6662.260722424273,9892.484410931227,1911.9526989659025
2026-09-06 14:54:26.373,0 days 02:47:51.197000,31,449.7124999999983,0 days 00:00:54.437000,10584.0,304.0,8,100.0,False,0,car,3375.003333333336,0.5845801477355265,OnTrack,6538.39042172245,9784.028445424086,1908.7141435751475
2026-09-06 14:54:26.571,0 days 02:47:51.395000,31,446.1924977244425,0 days 00:00:54.635000,10595.314293028572,304.0,8,100.0,False,0,pos,3391.7335900199214,0.5874779747773261,OnTrack,6460.0,9716.0,1906.0
2026-09-06 14:54:26.653,0 days 02:47:51.477000,31,444.73472222222017,0 days 00:00:54.717000,10600.0,304.0,8,100.0,False,0,car,3398.6477777777804,0.5886755726762795,OnTrack,6411.010545219673,9673.94194759264,1904.0478624994148
2026-09-06 14:54:26.771,0 days 02:47:51.595000,31,441.98138590222,0 days 00:00:54.835000,10598.81999872,303.40999936,8,100.0,False,0,pos,3408.5738783220218,0.590394860258985,OnTrack,6332.0,9606.0,1901.0
2026-09-06 14:54:26.853,0 days 02:47:51.677000,31,440.0680555555532,0 days 00:00:54.917000,10598.0,303.0,8,100.0,False,0,car,3415.481111111114,0.5915912534964114,OnTrack,6278.994603703504,9559.952468566953,1899.2812136289367
2026-09-06 14:54:27.031,0 days 02:47:51.855000,31,434.6786072355532,0 days 00:00:55.095000,10625.81252,304.1125008,8,100.0,False,0,pos,3430.5556385814753,0.5942022937311372,OnTrack,6167.0,9462.0,1896.0
2026-09-06 14:54:27.173,0 days 02:47:51.997000,31,430.37916666666433,0 days 00:00:55.237000,10648.0,305.0,8,100.0,False,0,car,3442.5922222222252,0.59628713547735,OnTrack,6076.288572907012,9383.13889812853,1892.7889641813322
2026-09-06 14:54:27.211,0 days 02:47:52.035000,31,429.0808289599977,0 days 00:00:55.275000,10638.499968,304.8416661333333,8,100.0,False,0,pos,3445.806411777883,0.5968438612698074,OnTrack,6052.0,9362.0,1892.0
2026-09-06 14:54:27.413,0 days 02:47:52.237000,31,422.1791666666645,0 days 00:00:55.477000,10588.0,304.0,8,100.0,False,0,car,3462.8588888888917,0.5997974997122811,OnTrack,5923.4577760908705,9249.919206204811,1888.4051202815604
2026-09-06 14:54:27.431,0 days 02:47:52.255000,31,421.5491621866645,0 days 00:00:55.495000,10590.9250208,304.0,8,100.0,False,0,pos,3464.3780305410123,0.6000606283565278,OnTrack,5912.0,9240.0,1888.0
2026-09-06 14:54:27.511,0 days 02:47:52.335000,31,418.7491621866643,0 days 00:00:55.575000,10603.9250208,304.0,8,100.0,False,0,pos,3471.130522481536,0.6012302191232058,OnTrack,5861.0,9196.0,1886.0
2026-09-06 14:54:27.573,0 days 02:47:52.397000,31,416.57916666666415,0 days 00:00:55.637000,10614.0,304.0,8,100.0,False,0,car,3476.370000000003,0.6021377425355685,OnTrack,5821.311610751668,9161.657976914612,1884.5817050849823
2026-09-06 14:54:27.771,0 days 02:47:52.595000,31,409.4291643439406,0 days 00:00:55.835000,10671.708561460564,304.9949751975959,8,100.0,False,0,pos,3493.1449764577333,0.6050433154335468,OnTrack,5694.0,9051.0,1881.0
2026-09-06 14:54:27.772,0 days 02:47:52.596000,31,409.3930555555535,0 days 00:00:55.836000,10672.0,305.0,8,100.0,False,0,car,3493.229722222225,0.6050579941424646,OnTrack,5693.3580592187545,9050.442933632461,1880.9838151034137
2026-09-06 14:54:27.971,0 days 02:47:52.795000,31,401.8752753599974,0 days 00:00:56.035000,10598.36997632,305.0,8,100.0,False,0,pos,3510.089473261225,0.6079782507406792,OnTrack,5566.0,8940.0,1878.0
2026-09-06 14:54:27.972,0 days 02:47:52.796000,31,401.83749999999736,0 days 00:00:56.036000,10598.0,305.0,8,100.0,False,0,car,3510.17416666667,0.6079929203805513,OnTrack,5565.362648401491,8939.445437841061,1877.9855053900849
2026-09-06 14:54:28.132,0 days 02:47:52.956000,31,395.79305555555356,0 days 00:00:56.196000,10657.0,305.0,8,100.0,False,0,car,3523.729722222225,0.6103408613710206,OnTrack,5463.681458030665,8850.614547705805,1875.7273392539182
2026-09-06 14:54:28.231,0 days 02:47:53.055000,31,392.1080531733313,0 days 00:00:56.295000,10655.349998933334,305.27500017777777,8,100.0,False,0,pos,3532.136332048282,0.611796959848179,OnTrack,5400.0,8795.0,1875.0
2026-09-06 14:54:28.491,0 days 02:47:53.315000,31,382.43027539555345,0 days 00:00:56.555000,10651.0166656,305.9972224,8,100.0,False,0,pos,3554.244853256196,0.6156263494272323,OnTrack,5233.0,8650.0,1876.0
2026-09-06 14:54:28.492,0 days 02:47:53.316000,31,382.3930555555535,0 days 00:00:56.556000,10651.0,306.0,8,100.0,False,0,car,3554.329722222225,0.6156410494757356,OnTrack,5232.409560319955,8649.488191451353,1876.0021687417282
2026-09-06 14:54:28.691,0 days 02:47:53.515000,31,375.26221992888685,0 days 00:00:56.755000,10628.257135542857,305.2892854857143,8,100.0,False,0,pos,3571.192328144788,0.6185618005647966,OnTrack,5105.0,8539.0,1876.0
2026-09-06 14:54:28.772,0 days 02:47:53.596000,31,372.35972222222017,0 days 00:00:56.836000,10619.0,305.0,8,100.0,False,0,car,3578.051944444447,0.6197499462090569,OnTrack,5019.931093912045,8465.096911689223,1876.3703867868744
2026-09-06 14:54:28.871,0 days 02:47:53.695000,31,369.1422201422199,0 days 00:00:56.935000,10636.3250112,305.0,8,100.0,False,0,pos,3586.438450642611,0.6212025625617243,OnTrack,4914.0,8373.0,1877.0
2026-09-06 14:54:29.012,0 days 02:47:53.836000,31,364.55972222221953,0 days 00:00:57.076000,10661.0,305.0,8,100.0,False,0,car,3598.3852777777806,0.6232718576947608,OnTrack,4829.125333461851,8299.053942300687,1877.6348334029913
2026-09-06 14:54:29.231,0 days 02:47:54.055000,31,357.92888695110855,0 days 00:00:57.295000,10622.6749888,305.0,8,100.0,False,0,pos,3616.93950355579,0.6264856121640682,OnTrack,4760.0,8239.0,1879.0
2026-09-06 14:54:29.292,0 days 02:47:54.116000,31,356.0819444444419,0 days 00:00:57.356000,10612.0,305.0,8,100.0,False,0,car,3622.107500000003,0.627380754428082,OnTrack,4726.941480106647,8210.525895281613,1879.7592537421963
2026-09-06 14:54:29.491,0 days 02:47:54.315000,31,350.33305370666403,0 days 00:00:57.555000,10616.9750016,305.0,8,100.0,False,0,pos,3638.967278595875,0.6303010157993884,OnTrack,4594.0,8095.0,1883.0
2026-09-06 14:54:29.552,0 days 02:47:54.376000,31,348.5708333333307,0 days 00:00:57.616000,10618.5,305.0,8,100.0,False,0,pos,3644.1353275713636,0.6311961671622796,OnTrack,4556.0,8061.0,1884.0
2026-09-06 14:54:29.612,0 days 02:47:54.436000,31,346.83749999999736,0 days 00:00:57.676000,10620.0,305.0,8,100.0,False,0,car,3649.218611111114,0.6320766364090207,OnTrack,4516.422900118076,8026.103496486194,1884.99331215899
2026-09-06 14:54:29.832,0 days 02:47:54.656000,31,340.84861111110837,0 days 00:00:57.896000,10621.375,305.0,8,100.0,False,0,pos,3667.857056540611,0.635304978459864,OnTrack,4340.0,7874.0,1889.0
2026-09-06 14:54:29.932,0 days 02:47:54.756000,31,338.12638888888614,0 days 00:00:57.996000,10622.0,305.0,8,100.0,False,0,car,3676.3297222222254,0.6367725183899593,OnTrack,4236.746106752861,7784.3820850639895,1891.2531968310589
2026-09-06 14:54:30.052,0 days 02:47:54.876000,31,335.0263883941231,0 days 00:00:58.116000,10603.74563299681,305.0,8,100.0,False,0,pos,3686.4978583786383,0.6385337286613104,OnTrack,4118.0,7681.0,1894.0
2026-09-06 14:54:30.333,0 days 02:47:55.157000,31,327.76722222221997,0 days 00:00:58.397000,10561.0,305.0,8,100.0,False,0,car,3710.303333333336,0.6426570454973228,OnTrack,3984.3016186732525,7564.477775479105,1898.7974708624224
2026-09-06 14:54:30.532,0 days 02:47:55.356000,31,323.1238873955533,0 days 00:00:58.596000,10545.364280685715,304.2892854857143,8,100.0,False,0,pos,3727.136652380995,0.6455727238430509,OnTrack,3901.0,7492.0,1898.0
2026-09-06 14:54:30.613,0 days 02:47:55.437000,31,321.23388888888667,0 days 00:00:58.677000,10539.0,304.0,8,100.0,False,0,car,3733.9477777777806,0.6467524704380758,OnTrack,3850.0227272134202,7447.712564978739,1896.2951090334868
2026-09-06 14:54:30.652,0 days 02:47:55.476000,31,320.4322209066644,0 days 00:00:58.716000,10516.249962666667,303.3499989333333,8,100.0,False,0,pos,3737.214758691563,0.6473183401562967,OnTrack,3825.0,7426.0,1896.0
2026-09-06 14:54:30.852,0 days 02:47:55.676000,31,316.32110979555284,0 days 00:00:58.916000,10399.583296,300.0166656,8,100.0,False,0,pos,3753.8647882924993,0.6502022711639451,OnTrack,3698.0,7316.0,1902.0
2026-09-06 14:54:30.853,0 days 02:47:55.677000,31,316.3005555555528,0 days 00:00:58.917000,10399.0,300.0,8,100.0,False,0,car,3753.9477777777806,0.6502166456699158,OnTrack,3697.2325667402033,7315.333834095652,1902.0301940601669
2026-09-06 14:54:31.053,0 days 02:47:55.877000,31,312.6894444444424,0 days 00:00:59.117000,10227.0,298.0,8,100.0,False,0,car,3770.503333333336,0.653084212945161,OnTrack,3508.512741017146,7151.119047281525,1905.3288742423767
2026-09-06 14:54:31.172,0 days 02:47:55.996000,31,310.7722211911091,0 days 00:00:59.236000,10173.4499712,296.21499904,8,100.0,False,0,pos,3780.3032748534133,0.6547816486795276,OnTrack,3413.0,7068.0,1906.0
2026-09-06 14:54:31.253,0 days 02:47:56.077000,31,309.46722222222024,0 days 00:00:59.317000,10137.0,295.0,8,100.0,False,0,car,3786.892222222225,0.6559229120934743,OnTrack,3370.20404524751,7030.840961528309,1906.29572221953
2026-09-06 14:54:31.453,0 days 02:47:56.277000,31,307.1338888888863,0 days 00:00:59.517000,9469.0,283.0,8,15.0,True,0,car,3802.6144444444476,0.6586461387340596,OnTrack,3325.5643516627088,6992.394904507476,1906.56791666796
2026-09-06 14:54:31.592,0 days 02:47:56.416000,31,306.7091664711084,0 days 00:00:59.656000,9260.0034752,271.0857088,8,7.553568,True,0,pos,3812.7252530742194,0.6603974193755161,OnTrack,3246.0,6923.0,1907.0
2026-09-06 14:54:31.733,0 days 02:47:56.557000,31,306.27833333333047,0 days 00:00:59.797000,9048.0,259.0,8,0.0,True,0,car,3822.7588888888918,0.6621353330092405,OnTrack,3104.068994699335,6798.873929411398,1907.7915545295507
2026-09-06 14:54:31.772,0 days 02:47:56.596000,31,306.18083317333065,0 days 00:00:59.836000,8926.6123008,259.0,8,0.0,True,0,pos,3825.5895470830874,0.6626256278095474,OnTrack,3071.0,6770.0,1908.0
2026-09-06 14:54:31.893,0 days 02:47:56.717000,31,305.8783333333313,0 days 00:00:59.957000,8550.0,259.0,8,0.0,True,0,car,3834.270000000003,0.664129158309344,OnTrack,3009.9060901285643,6716.958813043843,1908.5128485864543
2026-09-06 14:54:32.093,0 days 02:47:56.917000,31,307.21166666666477,0 days 00:01:00.157000,8739.0,229.0,8,0.0,True,0,car,3846.9922222222253,0.6663327586651533,OnTrack,2979.2524710970238,6689.967700340925,1908.9590172114592
2026-09-06 14:54:32.132,0 days 02:47:56.956000,31,307.6016673066647,0 days 00:01:00.196000,8845.08017408,227.24499712,8,0.0,True,0,pos,3849.4051994286365,0.6667507074588255,OnTrack,2964.0,6676.0,1909.0
2026-09-06 14:54:32.293,0 days 02:47:57.117000,31,309.2116666666643,0 days 00:01:00.357000,9283.0,220.0,8,0.0,True,0,car,3859.2144444444475,0.6684497546401665,OnTrack,2864.9072827105847,6584.6730010119545,1909.0231440985121
2026-09-06 14:54:32.372,0 days 02:47:57.196000,31,310.4625010133309,0 days 00:01:00.436000,9463.91014656,213.28499456,8,0.0,True,0,pos,3863.795113797861,0.6692431667061338,OnTrack,2820.0,6543.0,1909.0
2026-09-06 14:54:32.493,0 days 02:47:57.317000,31,312.37833333333083,0 days 00:01:00.557000,9741.0,203.0,8,0.0,True,0,car,3870.4922222222253,0.6704031645625652,OnTrack,2776.6281035585607,6502.170860643539,1908.9631028331394
2026-09-06 14:54:32.691,0 days 02:47:57.515000,31,316.7783361777749,0 days 00:01:00.755000,10447.436170971429,188.8571337142857,8,0.0,True,0,pos,3880.6751685169,0.6721669400796236,OnTrack,2738.0,6462.0,1909.0
2026-09-06 14:54:32.773,0 days 02:47:57.597000,31,318.60055555555255,0 days 00:01:00.837000,10740.0,183.0,8,0.0,True,0,car,3884.725555555559,0.672868502602558,OnTrack,2716.2667418405413,6437.857812359339,1909.1026707913693
2026-09-06 14:54:32.971,0 days 02:47:57.795000,31,323.7705588977742,0 days 00:01:01.035000,10507.3498496,174.74999466666668,8,0.0,True,0,pos,3894.272492645542,0.6745221157529108,OnTrack,2656.0,6364.0,1909.0
2026-09-06 14:54:33.013,0 days 02:47:57.837000,31,324.8672222222185,0 days 00:01:01.077000,10458.0,173.0,5,0.0,True,0,car,3896.258888888892,0.6748661769862524,OnTrack,2644.1805918666796,6346.83763115593,1908.746469015138
2026-09-06 14:54:33.211,0 days 02:47:58.035000,31,330.64222595555196,0 days 00:01:01.275000,10289.0811408,169.2874976,5,0.0,True,0,pos,3905.4574161030478,0.6764594424934866,OnTrack,2596.0,6259.0,1907.0
2026-09-06 14:54:33.333,0 days 02:47:58.157000,31,334.200555555552,0 days 00:01:01.397000,10185.0,167.0,4,0.0,False,0,car,3911.1033333333366,0.6774373648249957,OnTrack,2575.1354306294543,6198.123790537359,1906.5116158221763
2026-09-06 14:54:33.573,0 days 02:47:58.397000,31,341.4005555555518,0 days 00:01:01.637000,10045.0,167.0,4,0.0,False,0,car,3922.23666666667,0.6793657557040533,OnTrack,2552.636436547201,6075.51082223646,1906.8462699872653
2026-09-06 14:54:33.671,0 days 02:47:58.495000,31,344.77611551999644,0 days 00:01:01.735000,9995.6936856,164.5499968,4,8.8812616,False,0,pos,3926.6316248628846,0.6801270009704683,OnTrack,2548.0,6040.0,1907.0
2026-09-06 14:54:33.893,0 days 02:47:58.717000,31,352.4227777777746,0 days 00:01:01.957000,9884.0,159.0,4,29.0,False,0,car,3936.370000000003,0.6818137728678868,OnTrack,2545.1029038976108,5987.950677624998,1907.07947528513
2026-09-06 14:54:33.931,0 days 02:47:58.755000,31,353.75278225777464,0 days 00:01:01.995000,9928.016814933333,159.31666773333333,4,32.06112142222222,False,0,pos,3938.050948784813,0.6821049279252034,OnTrack,2545.0,5976.0,1907.0
2026-09-06 14:54:34.191,0 days 02:47:59.015000,31,362.85278225777495,0 days 00:01:02.255000,10229.1834816,161.4833344,4,53.005565866666664,False,0,pos,3949.7240787217825,0.6841268163054882,OnTrack,2545.0,5856.0,1906.0
2026-09-06 14:54:34.253,0 days 02:47:59.077000,31,365.022777777775,0 days 00:01:02.317000,10301.0,162.0,4,58.0,False,0,car,3952.570000000003,0.6846197548056772,OnTrack,2545.3307019217373,5826.3796555917415,1905.9805366993692
2026-09-06 14:54:34.431,0 days 02:47:59.255000,31,371.1044478422691,0 days 00:01:02.495000,10594.544023652086,166.0150398371866,4,65.58396413690801,False,0,pos,3960.889996093356,0.6860608510254571,OnTrack,2546.0,5744.0,1906.0
2026-09-06 14:54:34.591,0 days 02:47:59.415000,31,376.57111363207713,0 days 00:01:02.655000,10858.403630451548,169.62406181468683,4,72.401005649964,False,0,pos,3968.5550038877773,0.6873884975331219,OnTrack,2544.0,5669.0,1905.0
2026-09-06 14:54:34.652,0 days 02:47:59.476000,31,378.65527777777515,0 days 00:01:02.716000,10959.0,171.0,4,75.0,False,0,car,3971.5225000000028,0.6879024938597494,OnTrack,2542.912655452053,5639.685205293648,1904.8554166384208
2026-09-06 14:54:34.851,0 days 02:47:59.675000,31,385.23333544888584,0 days 00:01:02.915000,11156.7563136,175.9750016,4,71.2687488,False,0,pos,3981.3729486899197,0.6896086778784554,OnTrack,2537.0,5542.0,1905.0
2026-09-06 14:54:34.972,0 days 02:47:59.796000,31,389.23305555555226,0 days 00:01:03.036000,11277.0,179.0,4,69.0,False,0,car,3987.433611111114,0.6906584377108577,OnTrack,2529.5788724259796,5482.588034231567,1904.4472624218474
2026-09-06 14:54:35.051,0 days 02:47:59.875000,31,391.88833548444137,0 days 00:01:03.115000,11338.7188,179.7406256,4,67.2718736,False,0,pos,3991.403557376506,0.6913460671870728,OnTrack,2523.0,5444.0,1904.0
2026-09-06 14:54:35.251,0 days 02:48:00.075000,31,398.6105577066641,0 days 00:01:03.315000,11494.9688,181.6156256,4,62.8968736,False,0,pos,4001.518495110125,0.693098063025493,OnTrack,2500.0,5347.0,1903.0
2026-09-06 14:54:35.292,0 days 02:48:00.116000,31,399.98861111110864,0 days 00:01:03.356000,11527.0,182.0,4,62.0,False,0,car,4003.6113888888917,0.693460570565057,OnTrack,2494.13125770011,5327.023594984216,1902.7272550482298
2026-09-06 14:54:35.411,0 days 02:48:00.235000,31,403.9552799111086,0 days 00:01:03.475000,11506.505544533333,183.65277866666668,4,62.330555733333334,False,0,pos,4009.726561029719,0.6945197719584916,OnTrack,2475.0,5269.0,1902.0
2026-09-06 14:54:35.571,0 days 02:48:00.395000,31,409.288613244442,0 days 00:01:03.635000,11478.949988977778,185.87500088888888,4,62.77500017777778,False,0,pos,4018.048522031764,0.695961208517673,OnTrack,2445.0,5192.0,1902.0
2026-09-06 14:54:35.652,0 days 02:48:00.476000,31,411.98861111110864,0 days 00:01:03.716000,11465.0,187.0,4,63.0,False,0,car,4022.3113888888915,0.6966995744068274,OnTrack,2427.9915001600075,5153.378131935058,1901.8952926570344
2026-09-06 14:54:35.891,0 days 02:48:00.715000,31,419.8225020977757,0 days 00:01:03.955000,10676.963677866666,190.9833344,4,70.9666688,False,0,pos,4035.0820063344627,0.69891155723934,OnTrack,2370.0,5042.0,1901.0
2026-09-06 14:54:36.012,0 days 02:48:00.836000,31,423.7886111111093,0 days 00:01:04.076000,10278.0,193.0,5,75.0,False,0,car,4041.6113888888913,0.7000425035055529,OnTrack,2335.4895231607848,4988.380466998875,1900.5743757383373
2026-09-06 14:54:36.152,0 days 02:48:00.976000,31,428.37749999999744,0 days 00:01:04.216000,10558.583333333334,194.75,5,79.08333333333333,False,0,pos,4049.19601730429,0.7013562276005196,OnTrack,2291.0,4928.0,1900.0
2026-09-06 14:54:36.252,0 days 02:48:01.076000,31,431.6552777777747,0 days 00:01:04.316000,10759.0,196.0,5,82.0,False,0,car,4054.6780555555583,0.7023057646570217,OnTrack,2256.101679398699,4885.363882133875,1899.4294508441396
2026-09-06 14:54:36.352,0 days 02:48:01.176000,31,434.8219444444415,0 days 00:01:04.416000,10929.416666666666,198.91666666666666,5,89.08333333333333,False,0,pos,4060.2423230636045,0.7032695445412569,OnTrack,2219.0,4843.0,1899.0
2026-09-06 14:54:36.492,0 days 02:48:01.316000,31,439.25527777777506,0 days 00:01:04.556000,11168.0,203.0,5,99.0,False,0,pos,4068.211388888891,0.7046498565638999,OnTrack,2164.0,4784.0,1899.0
2026-09-06 14:54:36.712,0 days 02:48:01.536000,31,445.67194444444175,0 days 00:01:04.776000,11478.75,213.08333333333334,5,99.91666666666667,False,0,pos,4081.2645494191843,0.7069107783342137,OnTrack,2072.0,4692.0,1899.0
2026-09-06 14:54:36.732,0 days 02:48:01.556000,31,446.25527777777506,0 days 00:01:04.796000,11507.0,214.0,5,100.0,False,0,car,4082.4780555555585,0.7071209682292792,OnTrack,2063.7676736951153,4683.442429649003,1898.9371899264486
2026-09-06 14:54:36.932,0 days 02:48:01.756000,31,451.5330563214895,0 days 00:01:04.996000,11429.90248314231,219.4421776605428,5,100.0,False,0,pos,4094.8368474573454,0.7092616192693609,OnTrack,1985.0,4594.0,1898.0
2026-09-06 14:54:37.092,0 days 02:48:01.916000,31,455.75527915646103,0 days 00:01:05.156000,11368.22446965616,223.79591978897702,5,100.0,False,0,pos,4104.9741187357495,0.7110174834734154,OnTrack,1929.0,4514.0,1898.0
2026-09-06 14:54:37.173,0 days 02:48:01.997000,31,457.89277777777625,0 days 00:01:05.237000,11337.0,226.0,5,100.0,False,0,car,4110.163055555558,0.7119162527939534,OnTrack,1903.5419558716997,4471.026882717683,1897.9978884995778
2026-09-06 14:54:37.252,0 days 02:48:02.076000,31,459.84583491555395,0 days 00:01:05.316000,11244.833258666667,227.9750016,5,100.0,False,0,pos,4115.260450573639,0.7127991662723806,OnTrack,1881.0,4428.0,1898.0
2026-09-06 14:54:37.492,0 days 02:48:02.316000,31,465.77916824888706,0 days 00:01:05.556000,10964.833258666667,233.9750016,5,100.0,False,0,pos,4130.955003487884,0.715517600346397,OnTrack,1825.0,4282.0,1898.0
2026-09-06 14:54:37.533,0 days 02:48:02.357000,31,466.7927777777759,0 days 00:01:05.597000,10917.0,235.0,6,100.0,False,0,car,4133.663055555558,0.7159866586913654,OnTrack,1815.6391089996268,4249.555572096966,1897.8261973512567
2026-09-06 14:54:37.773,0 days 02:48:02.597000,31,472.45944444444103,0 days 00:01:05.837000,11073.0,240.0,6,100.0,False,0,car,4149.6630555555585,0.7187579988768374,OnTrack,1763.9939526907328,4032.7045220442665,1896.086217904267
2026-09-06 14:54:37.792,0 days 02:48:02.616000,31,472.8869458844411,0 days 00:01:05.856000,11083.4500352,240.296876,6,100.0,False,0,pos,4150.939990025001,0.7189791751149237,OnTrack,1761.0,4018.0,1896.0
2026-09-06 14:54:38.093,0 days 02:48:02.917000,31,479.65944444444176,0 days 00:01:06.157000,11249.0,245.0,6,100.0,False,0,car,4171.440833333336,0.7225301007959519,OnTrack,1737.6671155212434,3851.3286976653267,1896.0494171119644
2026-09-06 14:54:38.192,0 days 02:48:03.016000,31,481.6669457422196,0 days 00:01:06.256000,11294.92502968889,247.75000177777778,6,100.0,False,0,pos,4178.361368706671,0.7237287981575211,OnTrack,1733.0,3798.0,1896.0
2026-09-06 14:54:38.453,0 days 02:48:03.277000,31,486.95944444444194,0 days 00:01:06.517000,11416.0,255.0,6,100.0,False,0,car,4196.940833333336,0.7269469242165478,OnTrack,1718.2684532364294,3626.5981600378914,1894.8405374716665
2026-09-06 14:54:38.572,0 days 02:48:03.396000,31,489.27333457777485,0 days 00:01:06.636000,11144.424853942857,256.70000091428574,6,100.0,False,0,pos,4205.4637565356325,0.7284231691895613,OnTrack,1711.0,3543.0,1894.0
2026-09-06 14:54:38.712,0 days 02:48:03.536000,31,491.99555679999656,0 days 00:01:06.776000,10824.924853942857,258.70000091428574,6,100.0,False,0,pos,4215.5593472593655,0.7301718139563589,OnTrack,1702.0,3443.0,1893.0
2026-09-06 14:54:38.733,0 days 02:48:03.557000,31,492.4038888888854,0 days 00:01:06.797000,10777.0,259.0,6,100.0,False,0,car,4217.08527777778,0.7304361184917288,OnTrack,1700.4672484048037,3426.9619323663383,1892.9146513993865
2026-09-06 14:54:39.012,0 days 02:48:03.836000,31,497.20888999110747,0 days 00:01:07.076000,10690.393730133334,263.6500010666667,6,100.0,False,0,pos,4237.6467204459195,0.7339975405128222,OnTrack,1677.0,3196.0,1893.0
2026-09-06 14:54:39.211,0 days 02:48:04.035000,31,500.6361133155518,0 days 00:01:07.275000,10628.6207936,266.9666688,6,100.0,False,0,pos,4252.535063367856,0.7365763319524878,OnTrack,1662.0,3038.0,1892.0
2026-09-06 14:54:39.213,0 days 02:48:04.037000,31,500.6705555555518,0 days 00:01:07.277000,10628.0,267.0,7,100.0,False,0,car,4252.68527777778,0.7366023504044039,OnTrack,1661.826057256269,3036.163263421079,1891.9815726675504
2026-09-06 14:54:39.391,0 days 02:48:04.215000,31,503.3900019555518,0 days 00:01:07.455000,10732.8222976,269.9666688,7,100.0,False,0,pos,4266.102447557458,0.7389263217660115,OnTrack,1645.0,2859.0,1890.0
2026-09-06 14:54:39.573,0 days 02:48:04.397000,31,506.1705555555518,0 days 00:01:07.637000,10840.0,273.0,7,100.0,False,0,car,4279.9852777777805,0.7413309495958654,OnTrack,1633.2045458345524,2729.030280033578,1889.210713619314
2026-09-06 14:54:39.791,0 days 02:48:04.615000,31,509.0166683377739,0 days 00:01:07.855000,10993.20564551111,277.2388913777778,7,100.0,False,0,pos,4296.917721355843,0.7442637971787479,OnTrack,1622.0,2600.0,1889.0
2026-09-06 14:54:39.933,0 days 02:48:04.757000,31,510.8705555555516,0 days 00:01:07.997000,11093.0,280.0,7,100.0,False,0,car,4307.9852777777805,0.7461807949204413,OnTrack,1612.155423686639,2490.6179661874185,1888.339337805766
2026-09-06 14:54:39.991,0 days 02:48:04.815000,31,511.61166830221873,0 days 00:01:08.055000,11140.4876048,280.0,7,100.0,False,0,pos,4312.491560066553,0.7469613224950634,OnTrack,1608.0,2446.0,1888.0
2026-09-06 14:54:40.093,0 days 02:48:04.917000,31,512.9149999999972,0 days 00:01:08.157000,11224.0,280.0,7,100.0,False,0,car,4320.429722222225,0.748336281731364,OnTrack,1600.7984908240005,2371.442120389898,1887.3509511882908
2026-09-06 14:54:40.151,0 days 02:48:04.975000,31,513.5916681599969,0 days 00:01:08.215000,11241.4000384,281.16000256,7,100.0,False,0,pos,4324.97922261097,0.7491242950595609,OnTrack,1596.0,2321.0,1887.0
2026-09-06 14:54:40.293,0 days 02:48:05.117000,31,515.2483333333294,0 days 00:01:08.357000,11284.0,284.0,7,100.0,False,0,car,4336.207500000003,0.7510691310809267,OnTrack,1580.7886089338826,2154.803548969685,1886.2953612004897
2026-09-06 14:54:40.371,0 days 02:48:05.195000,31,516.071668017774,0 days 00:01:08.435000,11299.878597485715,284.8357156571429,7,100.0,False,0,pos,4342.405564173309,0.7521426901006528,OnTrack,1573.0,2069.0,1886.0
2026-09-06 14:54:40.573,0 days 02:48:05.397000,31,518.2038888888856,0 days 00:01:08.637000,11341.0,287.0,7,100.0,False,0,car,4358.529722222225,0.7549355355480191,OnTrack,1560.5867347465905,1934.1518017195656,1885.5335377495164
2026-09-06 14:54:40.851,0 days 02:48:05.675000,31,520.9066679111095,0 days 00:01:08.915000,11433.0875424,288.7375008,7,100.0,False,0,pos,4380.8282201307675,0.7587978307561193,OnTrack,1545.0,1766.0,1884.0
2026-09-06 14:54:40.893,0 days 02:48:05.717000,31,521.3149999999987,0 days 00:01:08.957000,11447.0,289.0,7,100.0,False,0,car,4384.218611111113,0.7593850761791378,OnTrack,1540.6310988643243,1718.0452724950708,1883.472950590385
2026-09-06 14:54:41.071,0 days 02:48:05.895000,31,522.7488894588473,0 days 00:01:09.135000,11516.76887195373,291.6834181520665,7,100.0,False,0,pos,4398.654055130994,0.7618854215608518,OnTrack,1520.0,1491.0,1881.0
2026-09-06 14:54:41.092,0 days 02:48:05.916000,31,522.9180555555531,0 days 00:01:09.156000,11525.0,292.0,7,100.0,False,0,car,4400.359722222225,0.7621808580454122,OnTrack,1518.1026829171467,1470.1863980037533,1880.8063988930676
2026-09-06 14:54:41.452,0 days 02:48:06.276000,31,525.0180555555526,0 days 00:01:09.516000,11647.0,293.0,7,100.0,False,0,car,4429.659722222225,0.7672558747600577,OnTrack,1500.1979448419854,1276.0856527002552,1880.0835785159722
2026-09-06 14:54:41.471,0 days 02:48:06.295000,31,525.0550001244414,0 days 00:01:09.535000,11594.490732218183,293.1727278545454,7,100.0,False,0,pos,4431.214783787471,0.7675252250479732,OnTrack,1499.0,1263.0,1880.0
2026-09-06 14:54:41.631,0 days 02:48:06.455000,31,525.3661112355524,0 days 00:01:09.695000,11152.308914036365,294.6272733090909,7,100.0,False,0,pos,4444.35437728624,0.7698011177657172,OnTrack,1487.0,1132.0,1879.0
2026-09-06 14:54:41.891,0 days 02:48:06.715000,31,525.8716667911075,0 days 00:01:09.955000,10433.763459490909,296.9909096727273,7,100.0,False,0,pos,4465.876539699453,0.7735289448640916,OnTrack,1467.0,918.0,1878.0
2026-09-06 14:54:41.892,0 days 02:48:06.716000,31,525.8736111111075,0 days 00:01:09.956000,10431.0,297.0,8,100.0,False,0,car,4465.9597222222255,0.7735433528058473,OnTrack,1466.8910460268396,916.7909903090166,1877.992449908159
2026-09-06 14:54:42.052,0 days 02:48:06.876000,31,525.8736111111075,0 days 00:01:10.116000,10487.0,300.0,8,100.0,False,0,car,4479.293055555559,0.7758528029604072,OnTrack,1446.3173472719468,684.7437578518286,1876.3414585504358
2026-09-06 14:54:42.091,0 days 02:48:06.915000,31,525.646110737774,0 days 00:01:10.155000,10492.8500096,300.0,8,100.0,False,0,pos,4482.53856940803,0.7764149543955234,OnTrack,1442.0,636.0,1876.0
2026-09-06 14:54:42.252,0 days 02:48:07.076000,31,524.7069444444405,0 days 00:01:10.316000,10517.0,300.0,8,100.0,False,0,car,4495.9597222222255,0.7787396156536072,OnTrack,1430.9031530320628,512.5520641761133,1875.2966557295604
2026-09-06 14:54:42.412,0 days 02:48:07.236000,31,522.7069444444405,0 days 00:01:10.476000,10536.0,304.0,8,100.0,False,0,car,4509.4708333333365,0.7810798584768945,OnTrack,1426.0649590442488,461.87369480022915,1875.2302720320997
2026-09-06 14:54:42.491,0 days 02:48:07.315000,31,521.5877768711077,0 days 00:01:10.555000,10526.6187424,303.0124992,8,100.0,False,0,pos,4516.1075333056415,0.7822293930601553,OnTrack,1422.0,418.0,1875.0
2026-09-06 14:54:42.572,0 days 02:48:07.396000,31,520.440277777775,0 days 00:01:10.636000,10517.0,302.0,8,100.0,False,0,car,4522.893055555558,0.7834047049658182,OnTrack,1416.521865508952,358.24343451360716,1874.6109472828448
2026-09-06 14:54:42.712,0 days 02:48:07.536000,31,517.3291666666635,0 days 00:01:10.776000,10538.875,302.0,8,100.0,False,0,pos,4534.62833549691,0.7854373582713953,OnTrack,1405.0,235.0,1874.0
2026-09-06 14:54:42.832,0 days 02:48:07.656000,31,514.6624999999964,0 days 00:01:10.896000,10557.625,302.0,8,100.0,False,0,pos,4544.697357792912,0.7871814011537279,OnTrack,1395.0,134.0,1874.0
2026-09-06 14:54:42.892,0 days 02:48:07.716000,31,513.3291666666628,0 days 00:01:10.956000,10567.0,302.0,8,100.0,False,0,car,4549.737500000003,0.7880543979436656,OnTrack,1390.7337065807208,89.78951502555277,1873.8193737618662
2026-09-06 14:54:43.132,0 days 02:48:07.956000,31,506.9958333333295,0 days 00:01:11.196000,10557.0,302.6666666666667,8,100.0,False,0,pos,4569.933721877708,0.79155256052394,OnTrack,1372.0,-116.0,1872.0
2026-09-06 14:54:43.252,0 days 02:48:08.076000,31,503.8291666666628,0 days 00:01:11.316000,10552.0,303.0,8,100.0,False,0,car,4580.037500000003,0.7933026234199031,OnTrack,1353.880521238778,-313.4832923195366,1871.2136835203091
2026-09-06 14:54:43.292,0 days 02:48:08.116000,31,502.68472191829943,0 days 00:01:11.356000,10554.987552660596,303.0,8,100.0,False,0,pos,4583.404746334017,0.7938858599873928,OnTrack,1349.0,-367.0,1871.0
2026-09-06 14:54:43.493,0 days 02:48:08.317000,31,496.9338888888851,0 days 00:01:11.557000,10570.0,303.0,8,100.0,False,0,car,4600.321666666669,0.796816018808162,OnTrack,1341.6773902194684,-452.7294176986455,1870.2893024481434
2026-09-06 14:54:43.572,0 days 02:48:08.396000,31,494.49805358221846,0 days 00:01:11.636000,10567.1272704,303.0,8,100.0,False,0,pos,4606.970498086811,0.7979676546644786,OnTrack,1339.0,-484.0,1870.0
2026-09-06 14:54:43.933,0 days 02:48:08.757000,31,483.3672222222185,0 days 00:01:11.997000,10554.0,303.0,8,100.0,False,0,car,4637.355000000002,0.8032305166124522,OnTrack,1303.705530897201,-867.813709895331,1868.0927442881443
2026-09-06 14:54:43.952,0 days 02:48:08.776000,31,482.74444234666294,0 days 00:01:12.016000,10556.18500736,303.0,8,100.0,False,0,pos,4638.954328322473,0.8035075342905663,OnTrack,1302.0,-886.0,1868.0
2026-09-06 14:54:44.252,0 days 02:48:09.076000,31,472.91110901332945,0 days 00:01:12.316000,10590.68500736,303.0,8,100.0,False,0,pos,4664.206510253767,0.8078814334503815,OnTrack,1286.0,-1054.0,1867.0
2026-09-06 14:54:44.333,0 days 02:48:09.157000,31,470.2561111111072,0 days 00:01:12.397000,10600.0,303.0,8,100.0,False,0,car,4671.021666666669,0.8090618782527161,OnTrack,1286.2480279232068,-1052.6531975654157,1866.9943341628325
2026-09-06 14:54:44.532,0 days 02:48:09.356000,31,463.6780534399977,0 days 00:01:12.596000,10564.17998848,303.0,8,100.0,False,0,pos,4687.7706624234925,0.8119629510656652,OnTrack,1286.0,-1059.0,1867.0
2026-09-06 14:54:44.533,0 days 02:48:09.357000,31,463.6449999999977,0 days 00:01:12.597000,10564.0,303.0,8,100.0,False,0,car,4687.855000000001,0.8119775590728479,OnTrack,1285.939842568177,-1059.6339749703475,1866.9970697953918
2026-09-06 14:54:44.693,0 days 02:48:09.517000,31,458.4005555555523,0 days 00:01:12.757000,10564.0,304.0,8,100.0,False,0,car,4701.366111111113,0.8143178018961355,OnTrack,1269.6467035093603,-1229.4752106932185,1866.1863154284977
2026-09-06 14:54:44.732,0 days 02:48:09.556000,31,457.176386879997,0 days 00:01:12.796000,10565.56000256,303.80499968,8,100.0,False,0,pos,4704.654014067271,0.8148872954954062,OnTrack,1266.0,-1268.0,1866.0
2026-09-06 14:54:44.893,0 days 02:48:09.717000,31,452.1227777777758,0 days 00:01:12.957000,10572.0,303.0,8,100.0,False,0,car,4718.199444444445,0.8172334827162672,OnTrack,1257.7340464351723,-1360.3626242067674,1865.5443005259044
2026-09-06 14:54:45.053,0 days 02:48:09.877000,31,447.1449999999977,0 days 00:01:13.117000,10601.0,303.0,8,100.0,False,0,car,4731.6661111111125,0.8195660273723727,OnTrack,1252.6032058711946,-1423.6187180373315,1865.1751061575435
2026-09-06 14:54:45.092,0 days 02:48:09.916000,31,445.9533313777753,0 days 00:01:13.156000,10601.0,303.4875008,8,100.0,False,0,pos,4734.963234567153,0.8201371180430094,OnTrack,1250.0,-1453.0,1865.0
2026-09-06 14:54:45.213,0 days 02:48:10.037000,31,442.2561111111081,0 days 00:01:13.277000,10601.0,305.0,8,100.0,False,0,car,4745.221666666668,0.821913968362842,OnTrack,1238.463916829906,-1579.8461864151984,1864.2398063800608
2026-09-06 14:54:45.392,0 days 02:48:10.216000,31,437.08499815110775,0 days 00:01:13.456000,10598.442856228572,305.0,8,100.0,False,0,pos,4760.3874732153945,0.8245408189336907,OnTrack,1219.0,-1790.0,1863.0
2026-09-06 14:54:45.493,0 days 02:48:10.317000,31,434.1672222222187,0 days 00:01:13.557000,10597.0,305.0,8,100.0,False,0,car,4768.943888888891,0.8260228650961634,OnTrack,1211.8590062311152,-1866.187490007095,1862.5847433640076
2026-09-06 14:54:45.732,0 days 02:48:10.556000,31,427.6611093688863,0 days 00:01:13.796000,10597.7468752,305.0,8,100.0,False,0,pos,4789.199440161043,0.829531304047376,OnTrack,1200.0,-1992.0,1862.0
2026-09-06 14:54:45.813,0 days 02:48:10.637000,31,425.45611111110884,0 days 00:01:13.877000,10598.0,305.0,8,100.0,False,0,car,4796.055000000001,0.8307187470771018,OnTrack,1194.2285104936784,-2054.8368148039463,1861.694596264555
2026-09-06 14:54:45.951,0 days 02:48:10.775000,31,421.92944117333093,0 days 00:01:14.015000,10593.85999616,304.30999936,8,100.0,False,0,pos,4807.715624826861,0.8327384694627511,OnTrack,1183.0,-2177.0,1861.0
2026-09-06 14:54:46.013,0 days 02:48:10.837000,31,420.3449999999975,0 days 00:01:14.077000,10592.0,304.0,8,100.0,False,0,car,4812.94388888889,0.833644050606211,OnTrack,1178.0156333418138,-2230.293172307292,1860.6045276431648
2026-09-06 14:54:46.213,0 days 02:48:11.037000,31,415.45611111110793,0 days 00:01:14.277000,10592.0,303.0,8,100.0,False,0,car,4829.777222222224,0.8365597314263431,OnTrack,1162.3695940505088,-2396.923185694758,1859.1253321878087
2026-09-06 14:54:46.231,0 days 02:48:11.055000,31,415.03610812444134,0 days 00:01:14.295000,10593.53001088,303.09000064,8,100.0,False,0,pos,4831.294249846227,0.8368224939023975,OnTrack,1161.0,-2412.0,1859.0
2026-09-06 14:54:46.391,0 days 02:48:11.215000,31,411.30277479110845,0 days 00:01:14.455000,10607.13001088,303.89000064,8,100.0,False,0,pos,4844.8050871762525,0.8391626893044022,OnTrack,1149.0,-2547.0,1858.0
2026-09-06 14:54:46.413,0 days 02:48:11.237000,31,410.78944444444187,0 days 00:01:14.477000,10609.0,304.0,8,100.0,False,0,car,4846.6661111111125,0.8394850349554523,OnTrack,1147.333959042496,-2565.5508356967725,1857.8844439235477
2026-09-06 14:54:46.611,0 days 02:48:11.435000,31,406.3894415999975,0 days 00:01:14.675000,10609.0,304.99000064,8,100.0,False,0,pos,4863.441071852724,0.8423906051312613,OnTrack,1132.0,-2732.0,1857.0
2026-09-06 14:54:46.613,0 days 02:48:11.437000,31,406.3449999999975,0 days 00:01:14.677000,10609.0,305.0,8,100.0,False,0,car,4863.610555555557,0.8424199611935389,OnTrack,1131.842170580171,-2733.681079213619,1856.990604821004
2026-09-06 14:54:46.813,0 days 02:48:11.637000,31,402.1783333333324,0 days 00:01:14.877000,10627.0,305.0,8,100.0,False,0,car,4880.555,0.8453548874316253,OnTrack,1115.9313835791909,-2901.9741543326263,1856.0706105045895
2026-09-06 14:54:46.851,0 days 02:48:11.675000,31,401.40777518222103,0 days 00:01:14.915000,10628.6625056,305.0,8,100.0,False,0,pos,4883.772755555376,0.8459122308864776,OnTrack,1113.0,-2934.0,1856.0
2026-09-06 14:54:46.973,0 days 02:48:11.797000,31,398.93388888888694,0 days 00:01:15.037000,10634.0,305.0,8,100.0,False,0,car,4894.110555555557,0.8477028284220948,OnTrack,1103.8699863050397,-3036.9288390337065,1856.0438984701193
2026-09-06 14:54:47.011,0 days 02:48:11.835000,31,398.19499751110936,0 days 00:01:15.075000,10624.499968,305.19000064,8,100.0,False,0,pos,4897.339019407756,0.8482620266477788,OnTrack,1101.0,-3069.0,1856.0
2026-09-06 14:54:47.173,0 days 02:48:11.997000,31,395.04499999999916,0 days 00:01:15.237000,10584.0,306.0,8,100.0,False,0,car,4911.110555555556,0.8506473773691586,OnTrack,1088.3971520266834,-3205.7759139302107,1855.1411317543505
2026-09-06 14:54:47.191,0 days 02:48:12.015000,31,394.74499786666576,0 days 00:01:15.255000,10582.124986666666,305.7749984,8,100.0,False,0,pos,4912.633899207427,0.8509112338365784,OnTrack,1087.0,-3221.0,1855.0
2026-09-06 14:54:47.411,0 days 02:48:12.235000,31,391.0783311999983,0 days 00:01:15.475000,10559.20832,303.0249984,8,100.0,False,0,pos,4931.142735949008,0.8541171265270958,OnTrack,1070.0,-3407.0,1853.0
2026-09-06 14:54:47.413,0 days 02:48:12.237000,31,391.04499999999825,0 days 00:01:15.477000,10559.0,303.0,8,100.0,False,0,car,4931.310555555557,0.8541461943533171,OnTrack,1069.840486993046,-3408.677339575003,1852.985071517292
2026-09-06 14:54:47.651,0 days 02:48:12.475000,31,387.4749980799979,0 days 00:01:15.715000,10345.791552,301.0166656,8,100.0,False,0,pos,4951.21132156528,0.8575931813885931,OnTrack,1051.0,-3607.0,1852.0
2026-09-06 14:54:47.653,0 days 02:48:12.477000,31,387.4449999999979,0 days 00:01:15.717000,10344.0,301.0,8,100.0,False,0,car,4951.377222222223,0.8576219168359297,OnTrack,1050.861825622348,-3608.676180392708,1851.9989040879466
2026-09-06 14:54:47.711,0 days 02:48:12.535000,31,386.73610968888704,0 days 00:01:15.775000,10320.545407489322,299.9090887204336,8,100.0,False,0,pos,4956.1764476111075,0.858453184722139,OnTrack,1047.0,-3657.0,1852.0
2026-09-06 14:54:47.972,0 days 02:48:12.796000,31,383.546111111109,0 days 00:01:16.036000,10215.0,295.0,8,100.0,False,0,car,4977.517500000001,0.8621496419774893,OnTrack,1028.0894777338742,-3851.3441704581132,1851.4439824613466
2026-09-06 14:54:48.071,0 days 02:48:12.895000,31,382.556110471109,0 days 00:01:16.135000,10118.4749376,293.01999872,8,100.0,False,0,pos,4985.533180626859,0.8635380280921845,OnTrack,1018.0,-3951.0,1851.0
2026-09-06 14:54:48.172,0 days 02:48:12.996000,31,381.546111111109,0 days 00:01:16.236000,10020.0,291.0,8,100.0,False,0,car,4993.684166666668,0.8649498502898934,OnTrack,1005.3590685129376,-4079.3845636167316,1850.4308023156987
2026-09-06 14:54:48.251,0 days 02:48:13.075000,31,380.8658327822203,0 days 00:01:16.315000,9948.10994176,290.20999936,8,100.0,False,0,pos,5000.051785939895,0.8660527777384985,OnTrack,996.0,-4174.0,1850.0
2026-09-06 14:54:48.372,0 days 02:48:13.196000,31,379.82388888888727,0 days 00:01:16.436000,9838.0,289.0,8,100.0,False,0,car,5009.7397222222235,0.8677308131843426,OnTrack,985.5797406512912,-4275.015121137253,1849.4977480213463
2026-09-06 14:54:48.572,0 days 02:48:13.396000,31,378.71277777777686,0 days 00:01:16.636000,9429.0,280.0,8,45.0,True,0,car,5025.295277777778,0.8704251716979958,OnTrack,975.3480767163779,-4359.6526993111,1849.0648486384055
2026-09-06 14:54:48.671,0 days 02:48:13.495000,31,378.90527790222075,0 days 00:01:16.735000,9107.603363657143,271.5142802285714,8,29.089275428571426,True,0,pos,5032.592515680164,0.8716891172381104,OnTrack,968.0,-4419.0,1849.0
2026-09-06 14:54:48.751,0 days 02:48:13.575000,31,379.06083345777586,0 days 00:01:16.815000,8847.889077942857,264.6571373714286,8,16.23213257142857,True,0,pos,5038.275005874788,0.8726733743274796,OnTrack,961.0,-4477.0,1849.0
2026-09-06 14:54:48.852,0 days 02:48:13.676000,31,379.25722222221975,0 days 00:01:16.916000,8520.0,256.0,8,0.0,True,0,car,5045.20638888889,0.873873950595472,OnTrack,955.8256036738535,-4530.561470858968,1848.91858064674
2026-09-06 14:54:49.071,0 days 02:48:13.895000,31,381.3255561599973,0 days 00:01:17.135000,8925.1501184,237.22856594285713,8,0.0,True,0,pos,5059.39242741837,0.8763310967610596,OnTrack,932.0,-4691.0,1848.0
2026-09-06 14:54:49.132,0 days 02:48:13.956000,31,381.9016666666639,0 days 00:01:17.196000,9038.0,232.0,8,0.0,True,0,car,5063.250833333334,0.8769994064713099,OnTrack,910.9619796352998,-4799.454366966562,1847.4286644244048
2026-09-06 14:54:49.272,0 days 02:48:14.096000,31,383.5738888888865,0 days 00:01:17.336000,9602.375,225.875,8,0.0,True,0,pos,5072.022968292849,0.8785188171041654,OnTrack,855.0,-5074.0,1846.0
2026-09-06 14:54:49.292,0 days 02:48:14.116000,31,383.8127777777754,0 days 00:01:17.356000,9683.0,225.0,8,0.0,True,0,car,5073.250833333334,0.8787314940872298,OnTrack,849.3698065285581,-5100.205182063651,1845.8593411978102
2026-09-06 14:54:49.532,0 days 02:48:14.356000,31,387.6794444444413,0 days 00:01:17.596000,10566.0,212.0,7,0.0,True,0,car,5087.3841666666685,0.8811795112510635,OnTrack,826.0527317129769,-5170.942082782281,1845.2871769475325
2026-09-06 14:54:49.612,0 days 02:48:14.436000,31,389.39055555555234,0 days 00:01:17.676000,10481.555555555555,208.88888888888889,7,0.0,True,0,pos,5091.89283414308,0.881960451961083,OnTrack,819.0,-5182.0,1845.0
2026-09-06 14:54:49.892,0 days 02:48:14.716000,31,395.3794444444411,0 days 00:01:17.956000,10186.0,198.0,5,0.0,False,0,car,5107.184166666669,0.8846090447305851,OnTrack,762.7941682343649,-5324.8701476809865,1843.0776531127128
2026-09-06 14:54:49.912,0 days 02:48:14.736000,31,395.84611119384095,0 days 00:01:17.976000,10165.722988094934,197.8337949843847,5,0.0,False,0,pos,5108.273418798437,0.8847977127433901,OnTrack,757.0,-5337.0,1843.0
2026-09-06 14:54:50.172,0 days 02:48:14.996000,31,401.91277893603933,0 days 00:01:18.236000,9902.121833329078,195.67312978138588,5,0.0,False,0,pos,5122.4164043937135,0.8872474017635612,OnTrack,670.0,-5483.0,1843.0
2026-09-06 14:54:50.253,0 days 02:48:15.077000,31,403.8027777777752,0 days 00:01:18.317000,9820.0,195.0,5,0.0,False,0,car,5126.738333333335,0.8879959977228817,OnTrack,647.2945995038883,-5514.213617048529,1843.0318974583797
2026-09-06 14:54:50.472,0 days 02:48:15.296000,31,409.52111278221963,0 days 00:01:18.536000,9616.642797714285,188.74285531428572,5,0.0,False,0,pos,5138.147798002612,0.889972216968675,OnTrack,589.0,-5576.0,1843.0
2026-09-06 14:54:50.533,0 days 02:48:15.357000,31,411.1138888888863,0 days 00:01:18.597000,9560.0,187.0,5,0.0,False,0,car,5141.282777777779,0.8905152229331477,OnTrack,567.2711478265786,-5595.725606195709,1842.9964006673392
2026-09-06 14:54:50.672,0 days 02:48:15.496000,31,414.89777951999673,0 days 00:01:18.736000,9473.81996032,184.91499904,5,10.4250048,False,0,pos,5148.386076516949,0.8917455765109772,OnTrack,512.0,-5643.0,1843.0
2026-09-06 14:54:50.733,0 days 02:48:15.557000,31,416.55833333332976,0 days 00:01:18.797000,9436.0,184.0,5,15.0,False,0,car,5151.505000000002,0.892285801384977,OnTrack,488.4698908731694,-5662.196673783127,1843.003439133227
2026-09-06 14:54:51.653,0 days 02:48:16.477000,31,441.3472222222181,0 days 00:01:19.717000,10160.0,188.0,5,71.0,False,0,car,5199.549444444447,0.9006075201085747,OnTrack,66.90281198046262,-5803.661572253639,1843.0222163261237
2026-09-06 14:54:51.712,0 days 02:48:16.536000,31,442.8713905422187,0 days 00:01:19.776000,10254.031352,189.4750016,5,73.9500032,False,0,pos,5202.695261476887,0.9011524031809588,OnTrack,15.0,-5801.0,1843.0
2026-09-06 14:54:51.813,0 days 02:48:16.637000,31,445.4805555555531,0 days 00:01:19.877000,10415.0,192.0,5,79.0,False,0,car,5208.0827777777795,0.9020855682074931,OnTrack,-80.89022685261924,-5793.167878850175,1842.9662315924688
2026-09-06 14:54:51.852,0 days 02:48:16.676000,31,446.4988905599974,0 days 00:01:19.916000,10427.6750208,192.0,5,79.0,False,0,pos,5210.156153519223,0.9024446950519834,OnTrack,-112.0,-5790.0,1843.0
2026-09-06 14:54:51.973,0 days 02:48:16.797000,31,449.6583333333301,0 days 00:01:20.037000,10467.0,192.0,5,79.0,False,0,car,5216.616111111113,0.9035636163064115,OnTrack,-170.3780138322498,-5781.654901476097,1843.3645852893537
2026-09-06 14:54:52.132,0 days 02:48:16.956000,31,453.5450015644418,0 days 00:01:20.196000,10753.99511552,197.56500224,5,82.9750016,False,0,pos,5225.380902594003,0.9050817549847747,OnTrack,-209.0,-5770.0,1844.0
2026-09-06 14:54:52.173,0 days 02:48:16.997000,31,454.5472222222197,0 days 00:01:20.237000,10828.0,199.0,5,84.0,False,0,car,5227.671666666668,0.9054785353929006,OnTrack,-223.32805473702538,-5765.927013218405,1844.0914315527098
2026-09-06 14:54:52.491,0 days 02:48:17.315000,31,461.96722520888505,0 days 00:01:20.555000,10995.9438176,203.968752,5,84.0,False,0,pos,5245.690351330489,0.9085995294490378,OnTrack,-402.0,-5704.0,1844.0
2026-09-06 14:54:52.493,0 days 02:48:17.317000,31,462.01388888888505,0 days 00:01:20.557000,10997.0,204.0,5,84.0,False,0,car,5245.805000000002,0.9086193876031023,OnTrack,-403.5383849063425,-5703.280689194018,1843.9974263683457
2026-09-06 14:54:52.693,0 days 02:48:17.517000,31,466.4583333333294,0 days 00:01:20.757000,11373.0,209.0,5,89.0,False,0,car,5257.416111111113,0.910630533779365,OnTrack,-571.4071813294994,-5613.859960413254,1843.860409274107
2026-09-06 14:54:52.731,0 days 02:48:17.555000,31,583.4402100151078,0 days 00:01:20.795000,11404.5876064,210.4250048,5,90.3062544,False,0,pos,5259.686108966755,0.9110237172967571,OnTrack,-597.0,-5598.0,1844.0
2026-09-06 14:54:52.871,0 days 02:48:17.695000,31,1014.4246197373323,0 days 00:01:20.935000,11520.9626064,215.6750048,5,95.1187544,False,0,pos,5268.255748490474,0.9125080539459501,OnTrack,-666.0,-5548.0,1845.0
2026-09-06 14:54:53.013,0 days 02:48:17.837000,87,1451.5655555555568,0 days 00:01:21.077000,11639.0,221.0,5,100.0,False,0,car,5277.060555555558,0.9140331236737499,OnTrack,-730.4518271313386,-5497.187199328765,1845.8054313036255
2026-09-06 14:54:53.071,0 days 02:48:17.895000,87,1449.22943928889,0 days 00:01:21.135000,11656.1583712,221.7250016,5,100.0,False,0,pos,5280.650332084892,0.9146549044207879,OnTrack,-761.0,-5470.0,1846.0
2026-09-06 14:54:53.253,0 days 02:48:18.077000,87,1441.8988888888898,0 days 00:01:21.317000,11710.0,224.0,5,100.0,False,0,car,5291.993888888891,0.9166197078468571,OnTrack,-877.6281113348766,-5352.4073193803315,1846.0847236439702
2026-09-06 14:54:53.331,0 days 02:48:18.155000,87,1438.713883662223,0 days 00:01:21.395000,11240.5367296,227.9000064,5,100.0,False,0,pos,5296.97830545838,0.9174830524681169,OnTrack,-920.0,-5307.0,1846.0
2026-09-06 14:54:53.413,0 days 02:48:18.237000,87,1435.365555555556,0 days 00:01:21.477000,10747.0,232.0,5,100.0,False,0,car,5302.305000000003,0.9184056826330502,OnTrack,-952.757840389498,-5270.437484551236,1845.8815865990587
2026-09-06 14:54:53.613,0 days 02:48:18.437000,87,1427.1433333333334,0 days 00:01:21.677000,10815.0,239.0,6,100.0,False,0,car,5315.582777777781,0.920705510078633,OnTrack,-999.3398270476386,-5209.280841906914,1845.764894808835
2026-09-06 14:54:53.671,0 days 02:48:18.495000,87,1424.9038839466668,0 days 00:01:21.735000,10868.442975085714,239.0,6,100.0,False,0,pos,5319.429590861056,0.9213718118088629,OnTrack,-1017.0,-5184.0,1846.0
2026-09-06 14:54:53.811,0 days 02:48:18.635000,87,1419.4983283911117,0 days 00:01:21.875000,10997.442975085714,239.0,6,100.0,False,0,pos,5328.6858698373635,0.9229750804272993,OnTrack,-1070.0,-5106.0,1847.0
2026-09-06 14:54:53.893,0 days 02:48:18.717000,87,1416.3322222222232,0 days 00:01:21.957000,11073.0,239.0,6,100.0,False,0,car,5334.171666666669,0.9239252685024484,OnTrack,-1100.254703494077,-5058.157195140734,1847.4626867090176
2026-09-06 14:54:54.053,0 days 02:48:18.877000,87,1410.0655555555559,0 days 00:01:22.117000,11328.0,245.0,6,100.0,False,0,car,5345.0605555555585,0.9258113194620058,OnTrack,-1154.2457119798237,-4964.174225295146,1847.928271106061
2026-09-06 14:54:54.131,0 days 02:48:18.955000,87,1407.1405507555562,0 days 00:01:22.195000,11370.575069866667,246.62500266666666,6,100.0,False,0,pos,5350.438656389284,0.9267428536471324,OnTrack,-1179.0,-4917.0,1848.0
2026-09-06 14:54:54.291,0 days 02:48:19.115000,87,1401.140550755557,0 days 00:01:22.355000,11457.9084032,249.958336,6,100.0,False,0,pos,5361.587106835602,0.9286738629426089,OnTrack,-1227.0,-4817.0,1848.0
2026-09-06 14:54:54.293,0 days 02:48:19.117000,87,1401.0655555555568,0 days 00:01:22.357000,11459.0,250.0,6,100.0,False,0,car,5361.727222222225,0.9286981321552056,OnTrack,-1227.5768179868035,-4815.7246708974635,1848.0030297735484
2026-09-06 14:54:54.493,0 days 02:48:19.317000,87,1393.8433333333342,0 days 00:01:22.557000,11659.0,254.0,6,100.0,False,0,car,5375.838333333336,0.9311423002354483,OnTrack,-1282.3611162636007,-4685.073370920752,1848.8746819052687
2026-09-06 14:54:54.511,0 days 02:48:19.335000,87,1393.2083289878217,0 days 00:01:22.575000,11664.422631250844,254.3765716146419,6,100.0,False,0,pos,5377.119189601471,0.9313641557634293,OnTrack,-1287.0,-4673.0,1849.0
2026-09-06 14:54:54.732,0 days 02:48:19.556000,87,1385.411944444445,0 days 00:01:22.796000,11731.0,259.0,6,100.0,False,0,car,5393.033055555558,0.9341205767774778,OnTrack,-1339.675423080846,-4521.326656844857,1850.8256865953956
2026-09-06 14:54:54.791,0 days 02:48:19.615000,87,1383.4780534577783,0 days 00:01:22.855000,11587.522571636364,260.34091054545456,6,100.0,False,0,pos,5397.362777575812,0.9348705225666436,OnTrack,-1352.0,-4481.0,1851.0
2026-09-06 14:54:54.851,0 days 02:48:19.675000,87,1381.5113867911116,0 days 00:01:22.915000,11441.613480727272,261.70454690909094,6,100.0,False,0,pos,5401.803850515744,0.9356397553107089,OnTrack,-1364.0,-4439.0,1851.0
2026-09-06 14:54:55.151,0 days 02:48:19.975000,87,1371.678053457778,0 days 00:01:23.215000,10712.068026181818,268.52272872727275,6,100.0,False,0,pos,5424.335521707862,0.9395424381744938,OnTrack,-1435.0,-4135.0,1853.0
2026-09-06 14:54:55.172,0 days 02:48:19.996000,87,1370.9897222222226,0 days 00:01:23.236000,10661.0,269.0,7,100.0,False,0,car,5425.910833333336,0.9398152959502636,OnTrack,-1438.6728159779084,-4117.012564016783,1853.1183517969912
2026-09-06 14:54:55.372,0 days 02:48:20.196000,87,1364.8786111111112,0 days 00:01:23.436000,10738.0,270.0,7,100.0,False,0,car,5440.910833333336,0.9424134273741435,OnTrack,-1459.4725361892913,-3993.4276036124384,1853.6552562572704
2026-09-06 14:54:55.532,0 days 02:48:20.356000,87,1360.3008333333337,0 days 00:01:23.596000,10877.0,273.0,7,100.0,False,0,car,5453.044166666669,0.9445150270147931,OnTrack,-1467.7564152905313,-3913.632231614669,1853.8915886235077
2026-09-06 14:54:55.571,0 days 02:48:20.395000,87,1359.3041650311116,0 days 00:01:23.635000,10894.4281536,273.4875008,7,100.0,False,0,pos,5456.02003810343,0.9450304740210114,OnTrack,-1470.0,-3891.0,1854.0
2026-09-06 14:54:55.811,0 days 02:48:20.635000,87,1353.1708316977788,0 days 00:01:23.875000,11001.6781536,276.4875008,7,100.0,False,0,pos,5474.4846825758705,0.9482287122233194,OnTrack,-1485.0,-3707.0,1855.0
2026-09-06 14:54:55.852,0 days 02:48:20.676000,87,1352.1230555555567,0 days 00:01:23.916000,11020.0,277.0,7,100.0,False,0,car,5477.666388888891,0.948779811633547,OnTrack,-1487.4283228023573,-3659.975619382084,1855.1798798876864
2026-09-06 14:54:56.052,0 days 02:48:20.876000,87,1347.4563888888897,0 days 00:01:24.116000,11140.0,280.57142857142856,7,100.0,False,0,pos,5493.301000327534,0.9514878633188065,OnTrack,-1497.0,-3412.0,1856.0
2026-09-06 14:54:56.132,0 days 02:48:20.956000,87,1345.589722222223,0 days 00:01:24.196000,11188.0,282.0,7,100.0,False,0,car,5499.599722222224,0.952578857137798,OnTrack,-1498.703858701051,-3357.4827489690783,1856.2834978647184
2026-09-06 14:54:56.352,0 days 02:48:21.176000,87,1340.9452777777778,0 days 00:01:24.416000,11323.4375,284.75,7,100.0,False,0,pos,5517.038738441138,0.9555994475404587,OnTrack,-1499.0,-3285.0,1857.0
2026-09-06 14:54:56.452,0 days 02:48:21.276000,87,1338.8341666666665,0 days 00:01:24.516000,11385.0,286.0,7,100.0,False,0,car,5525.0219444444465,0.9569822087658257,OnTrack,-1499.0833639288728,-3218.802954066446,1857.3607317670392
2026-09-06 14:54:56.572,0 days 02:48:21.396000,87,1336.4674992464347,0 days 00:01:24.636000,11512.761234710046,287.7910453464025,7,100.0,False,0,pos,5534.647380746386,0.9586494186674676,OnTrack,-1499.0,-3109.0,1858.0
2026-09-06 14:54:56.653,0 days 02:48:21.477000,87,1334.8700000000008,0 days 00:01:24.717000,11599.0,289.0,7,100.0,False,0,car,5541.157777777779,0.9597770764747472,OnTrack,-1498.582230105831,-3019.0209684738097,1858.6825217454955
2026-09-06 14:54:56.792,0 days 02:48:21.616000,87,1332.4761100088897,0 days 00:01:24.856000,11589.733329066667,289.57916693333334,7,100.0,False,0,pos,5552.3349779565015,0.9617130654757696,OnTrack,-1497.0,-2851.0,1860.0
2026-09-06 14:54:56.893,0 days 02:48:21.717000,87,1330.7366666666676,0 days 00:01:24.957000,11583.0,290.0,7,100.0,False,0,car,5560.491111111112,0.963125779198859,OnTrack,-1494.952426642585,-2736.8465343222015,1860.693823549346
2026-09-06 14:54:57.213,0 days 02:48:22.037000,87,1325.670000000001,0 days 00:01:25.277000,10444.0,294.0,8,100.0,False,0,car,5586.624444444446,0.9676523015017967,OnTrack,-1486.0051028632088,-2445.89351575826,1861.793203275787
2026-09-06 14:54:57.272,0 days 02:48:22.096000,87,1324.784999040001,0 days 00:01:25.336000,10445.685716114285,294.63214354285714,8,100.0,False,0,pos,5591.474540368979,0.9684923806104875,OnTrack,-1485.0,-2413.0,1862.0
2026-09-06 14:54:57.493,0 days 02:48:22.317000,87,1321.4700000000003,0 days 00:01:25.557000,10452.0,297.0,8,100.0,False,0,car,5609.724444444447,0.9716534238945719,OnTrack,-1482.8143327429557,-2334.298997093574,1862.869191249941
2026-09-06 14:54:57.532,0 days 02:48:22.356000,87,1320.9499991466669,0 days 00:01:25.596000,10466.083356444444,297.43333404444445,8,100.0,False,0,pos,5612.961814461136,0.9722141647459775,OnTrack,-1482.0,-2314.0,1863.0
2026-09-06 14:54:57.812,0 days 02:48:22.636000,87,1317.2166658133335,0 days 00:01:25.876000,10567.194467555555,300.54444515555554,8,100.0,False,0,pos,5636.368728979522,0.9762684474223972,OnTrack,-1471.0,-2081.0,1864.0
2026-09-06 14:54:57.853,0 days 02:48:22.677000,87,1316.67,0 days 00:01:25.917000,10582.0,301.0,8,100.0,False,0,car,5639.824444444447,0.976867007618491,OnTrack,-1469.2853524533962,-2045.8347346016167,1864.3186361731039
2026-09-06 14:54:57.932,0 days 02:48:22.756000,87,1315.7044436622223,0 days 00:01:25.996000,10600.652792888888,302.09722311111113,8,100.0,False,0,pos,5646.504557406512,0.9780240617119449,OnTrack,-1466.0,-1980.0,1865.0
2026-09-06 14:54:58.213,0 days 02:48:23.037000,87,1312.2699999999995,0 days 00:01:26.277000,10667.0,306.0,8,100.0,False,0,car,5670.4244444444475,0.9821671957232061,OnTrack,-1452.7773450924103,-1750.8524907450685,1866.513498729231
2026-09-06 14:54:58.312,0 days 02:48:23.136000,87,1311.1699992888887,0 days 00:01:26.376000,10681.35500928,306.49500032,8,100.0,False,0,pos,5678.862938211149,0.9836288167782383,OnTrack,-1447.0,-1659.0,1867.0
2026-09-06 14:54:58.413,0 days 02:48:23.237000,87,1310.0477777777778,0 days 00:01:26.477000,10696.0,307.0,8,100.0,False,0,car,5687.480000000003,0.9851213673792474,OnTrack,-1440.343828623583,-1555.384564785559,1867.5658866716337
2026-09-06 14:54:58.492,0 days 02:48:23.316000,87,1309.455277297778,0 days 00:01:26.556000,10708.265799410527,307.2078949052632,8,100.0,False,0,pos,5694.230317808092,0.9862905815671389,OnTrack,-1435.0,-1474.0,1868.0
2026-09-06 14:54:59.051,0 days 02:48:23.875000,87,1305.2627768177779,0 days 00:01:27.115000,10795.057914610526,308.67894770526317,8,100.0,False,0,pos,5742.2154811194305,0.9946020322790854,OnTrack,-1400.0,-996.0,1870.0
2026-09-06 14:54:59.173,0 days 02:48:23.997000,87,1304.347777777778,0 days 00:01:27.237000,10814.0,309.0,8,100.0,False,0,car,5752.713333333336,0.9964203522604319,OnTrack,-1391.8730100362623,-896.826316033825,1870.3783184629083
2026-09-06 14:54:59.261,0 days 02:48:24.085000,87,1304.347777777778,0 days 00:01:27.325000,10827.933333333334,309.3666666666667,8,100.0,False,0,interpolation,5760.288792426792,0.9977324881485001,OnTrack,-1385.8114836287803,-825.0344840839716,1870.6534662109373
