Date,SessionTime,DriverAhead,DistanceToDriverAhead,Time,RPM,Speed,nGear,Throttle,Brake,DRS,Source,Distance,RelativeDistance,Status,X,Y,Z
2026-09-06 14:46:31.613,0 days 02:39:56.437000,,36.945277777777775,0 days 00:00:00,11943.071405714285,328.44285622857143,8,100.0,False,0,interpolation,0.10402325579712826,1.8043033559894806e-05,OnTrack,-1386.3329605632562,-828.0937215590178,1870.9806963717404
2026-09-06 14:46:31.631,0 days 02:39:56.455000,,36.945277777777775,0 days 00:00:00.018000,11946.285714285714,328.57142857142856,8,100.0,False,0,pos,1.7503608861542275,0.00030360345836897163,OnTrack,-1385.0,-812.0,1871.0
2026-09-06 14:46:31.691,0 days 02:39:56.515000,,36.945277777777775,0 days 00:00:00.078000,11957.0,329.0,8,100.0,False,0,car,7.240555555555563,0.0012558882711377318,OnTrack,-1380.4311401288492,-757.9670743782773,1870.9953121390342
2026-09-06 14:46:31.811,0 days 02:39:56.635000,,36.945277777777775,0 days 00:00:00.198000,11968.333333333334,329.3333333333333,8,100.0,False,0,pos,18.23217253519678,0.0031624053525484215,OnTrack,-1371.0,-648.0,1871.0
2026-09-06 14:46:31.971,0 days 02:39:56.795000,,36.945277777777775,0 days 00:00:00.358000,11983.444444444445,329.77777777777777,8,100.0,False,0,pos,32.90484957106322,0.00570740937249516,OnTrack,-1359.0,-502.0,1872.0
2026-09-06 14:46:32.051,0 days 02:39:56.875000,81,36.945277777777775,0 days 00:00:00.438000,11991.0,330.0,8,100.0,False,0,car,40.24055555555556,0.006979801668328032,OnTrack,-1353.517538266078,-439.44246150504745,1872.4065913816833
2026-09-06 14:46:32.191,0 days 02:39:57.015000,81,37.10083333333333,0 days 00:00:00.578000,11989.25,330.0,8,100.0,False,0,pos,53.075259732099155,0.009206005764845976,OnTrack,-1341.0,-301.0,1873.0
2026-09-06 14:46:32.291,0 days 02:39:57.115000,81,37.211944444444434,0 days 00:00:00.678000,11988.0,330.0,8,100.0,False,0,car,62.24055555555557,0.010795743933121566,OnTrack,-1325.5866271455573,-125.17230071416083,1873.606774733224
2026-09-06 14:46:32.351,0 days 02:39:57.175000,81,37.311944444444435,0 days 00:00:00.738000,11994.9375,330.0,8,100.0,False,0,pos,67.73873693578156,0.01174941405622635,OnTrack,-1317.0,-27.0,1874.0
2026-09-06 14:46:32.611,0 days 02:39:57.435000,81,37.74527777777777,0 days 00:00:00.998000,12025.0,330.0,8,100.0,False,0,car,91.57388888888889,0.015883666952846275,OnTrack,-1302.7807442377516,131.71163645676438,1875.6077762125344
2026-09-06 14:46:32.711,0 days 02:39:57.535000,81,37.88416666666666,0 days 00:00:01.098000,12022.5,330.3125,8,100.0,False,0,pos,100.7605451329733,0.017477110127115874,OnTrack,-1299.0,173.0,1876.0
2026-09-06 14:46:32.931,0 days 02:39:57.755000,81,38.189722222222215,0 days 00:00:01.318000,12017.0,331.0,8,100.0,False,0,car,120.99611111111112,0.02098700792111561,OnTrack,-1284.2752153092592,337.7850528221415,1876.2603059044568
2026-09-06 14:46:33.071,0 days 02:39:57.895000,81,38.42305555555554,0 days 00:00:01.458000,12025.5,331.0,8,100.0,False,0,pos,133.8699739492383,0.023220004162713987,OnTrack,-1270.0,502.0,1877.0
2026-09-06 14:46:33.211,0 days 02:39:58.035000,81,38.65638888888887,0 days 00:00:01.598000,12034.0,331.0,8,100.0,False,0,car,146.74055555555557,0.025452431268351276,OnTrack,-1252.4173262625498,707.5599553311027,1878.61513989056
2026-09-06 14:46:33.251,0 days 02:39:58.075000,81,38.71194444444442,0 days 00:00:01.638000,12031.0,331.0,8,100.0,False,0,pos,150.4173653807609,0.026090180996151686,OnTrack,-1248.0,759.0,1879.0
2026-09-06 14:46:33.451,0 days 02:39:58.275000,81,38.989722222222184,0 days 00:00:01.838000,12016.0,331.0,8,100.0,False,0,car,168.80722222222224,0.029279936994553276,OnTrack,-1234.185945456865,915.7087241002439,1879.5861125150636
2026-09-06 14:46:33.651,0 days 02:39:58.475000,81,39.15638888888887,0 days 00:00:02.038000,12039.636363636364,331.45454545454544,8,100.0,False,0,pos,187.2382261724271,0.03247683003801525,OnTrack,-1224.0,1034.0,1880.0
2026-09-06 14:46:33.771,0 days 02:39:58.595000,81,39.25638888888888,0 days 00:00:02.158000,12053.818181818182,331.72727272727275,8,100.0,False,0,pos,198.31230812791728,0.03439765082791263,OnTrack,-1215.0,1144.0,1881.0
2026-09-06 14:46:33.891,0 days 02:39:58.715000,81,39.35638888888889,0 days 00:00:02.278000,12068.0,332.0,8,100.0,False,0,car,209.385,0.03631823050517246,OnTrack,-1205.3752002492852,1255.2238342027433,1881.604082583349
2026-09-06 14:46:34.031,0 days 02:39:58.855000,81,39.47305555555557,0 days 00:00:02.418000,12040.0,332.0,8,100.0,False,0,pos,222.30004514403623,0.0385583698968472,OnTrack,-1194.0,1383.0,1882.0
2026-09-06 14:46:34.091,0 days 02:39:58.915000,81,39.52305555555557,0 days 00:00:02.478000,12028.0,332.0,8,100.0,False,0,car,227.82944444444445,0.03951745482818118,OnTrack,-1189.2020207980256,1437.915274793323,1882.2135683930292
2026-09-06 14:46:34.271,0 days 02:39:59.095000,81,39.67305555555555,0 days 00:00:02.658000,12025.136363636364,331.59090909090907,8,100.0,False,0,pos,244.3875358180009,0.042389487587120606,OnTrack,-1175.0,1603.0,1883.0
2026-09-06 14:46:34.451,0 days 02:39:59.275000,81,39.823055555555534,0 days 00:00:02.838000,12022.272727272728,331.1818181818182,8,100.0,False,0,pos,260.92474371398345,0.04525789806675503,OnTrack,-1161.0,1768.0,1884.0
2026-09-06 14:46:34.531,0 days 02:39:59.355000,81,39.88972222222219,0 days 00:00:02.918000,12021.0,331.0,8,100.0,False,0,car,268.28499999999997,0.046534548659551506,OnTrack,-1155.1203988520783,1841.3843508226835,1884.5809777159404
2026-09-06 14:46:34.611,0 days 02:39:59.435000,81,39.93416666666663,0 days 00:00:02.998000,12041.5,331.25,8,100.0,False,0,pos,275.6521897526741,0.047812401875459834,OnTrack,-1149.0,1915.0,1885.0
2026-09-06 14:46:34.751,0 days 02:39:59.575000,81,40.01194444444439,0 days 00:00:03.138000,12077.375,331.6875,8,100.0,False,0,pos,288.5615611256272,0.050051557140640156,OnTrack,-1137.0,2044.0,1885.0
2026-09-06 14:46:34.851,0 days 02:39:59.675000,81,40.06749999999994,0 days 00:00:03.238000,12103.0,332.0,8,100.0,False,0,car,297.7961111111111,0.05165330757636546,OnTrack,-1129.0611144187499,2133.4533301141837,1885.359991452676
2026-09-06 14:46:35.071,0 days 02:39:59.895000,81,40.12861111111107,0 days 00:00:03.458000,12086.5,332.55,8,100.0,False,0,pos,318.1517971731481,0.05518404042968346,OnTrack,-1112.0,2338.0,1887.0
2026-09-06 14:46:35.251,0 days 02:40:00.075000,81,40.17861111111108,0 days 00:00:03.638000,12073.0,333.0,8,100.0,False,0,car,334.7961111111111,0.05807102865806368,OnTrack,-1095.6740345270348,2527.553892801552,1887.877145291458
2026-09-06 14:46:35.311,0 days 02:40:00.135000,81,40.21194444444443,0 days 00:00:03.698000,12075.4,332.7,8,100.0,False,0,pos,340.33357275198784,0.059031512017840695,OnTrack,-1093.0,2559.0,1888.0
2026-09-06 14:46:35.451,0 days 02:40:00.275000,81,40.289722222222224,0 days 00:00:03.838000,12081.0,332.0,8,100.0,False,0,car,353.24055555555555,0.061270252981072394,OnTrack,-1093.3629546481452,2557.560303419904,1887.9878003536496
2026-09-06 14:46:35.471,0 days 02:40:00.295000,81,40.3008333409797,0 days 00:00:03.858000,12079.99641507997,332.0,8,100.0,False,0,pos,355.0841054310459,0.061590020248669594,OnTrack,-1093.0,2562.0,1888.0
2026-09-06 14:46:35.730,0 days 02:40:00.554000,81,40.44472222222225,0 days 00:00:04.117000,12067.0,332.0,8,100.0,False,0,car,378.9705555555555,0.06573317091166955,OnTrack,-1071.7910259228056,2804.676438334544,1888.892338699108
2026-09-06 14:46:35.751,0 days 02:40:00.575000,81,40.45055560888891,0 days 00:00:04.138000,12067.0,332.0875008,8,100.0,False,0,pos,380.91087930986396,0.06606972379446266,OnTrack,-1070.0,2825.0,1889.0
2026-09-06 14:46:35.970,0 days 02:40:00.794000,81,40.5113888888888,0 days 00:00:04.357000,12067.0,333.0,8,100.0,False,0,car,401.17055555555555,0.0695838035606885,OnTrack,-1056.3881770108505,2978.127366592132,1890.3216114947481
2026-09-06 14:46:36.152,0 days 02:40:00.976000,81,40.561944479999994,0 days 00:00:04.539000,12067.0,333.0,8,100.0,False,0,pos,417.9970700659899,0.07250239482839431,OnTrack,-1046.0,3101.0,1891.0
2026-09-06 14:46:36.250,0 days 02:40:01.074000,81,40.5891666666667,0 days 00:00:04.637000,12067.0,333.0,8,100.0,False,0,car,427.0705555555555,0.07407620831787723,OnTrack,-1038.8086963640662,3190.026616025911,1890.992092894732
2026-09-06 14:46:36.312,0 days 02:40:01.136000,81,40.589166666666685,0 days 00:00:04.699000,12076.92002048,333.31000064,8,100.0,False,0,pos,432.8204166984818,0.07507353277933117,OnTrack,-1034.0,3249.0,1891.0
2026-09-06 14:46:36.450,0 days 02:40:01.274000,81,40.58916666666664,0 days 00:00:04.837000,12099.0,334.0,8,100.0,False,0,car,445.6261111111111,0.07729470507656673,OnTrack,-1023.196637815718,3376.6918951271377,1891.3455257795608
2026-09-06 14:46:36.552,0 days 02:40:01.376000,81,40.617500016196054,0 days 00:00:04.939000,12110.615665002819,333.6370104686619,8,100.0,False,0,pos,455.07079994106255,0.07893290449856832,OnTrack,-1015.0,3470.0,1892.0
2026-09-06 14:46:36.731,0 days 02:40:01.555000,81,40.66722222222211,0 days 00:00:05.118000,12131.0,333.0,8,100.0,False,0,car,471.61861111111114,0.08180315413645974,OnTrack,-1000.2073539415552,3634.958106133736,1893.8235267480388
2026-09-06 14:46:36.772,0 days 02:40:01.596000,81,40.67861109333323,0 days 00:00:05.159000,12124.996437942857,333.0,8,100.0,False,0,pos,475.40914259478177,0.08246062910439471,OnTrack,-997.0,3673.0,1894.0
2026-09-06 14:46:36.852,0 days 02:40:01.676000,81,40.70083331555547,0 days 00:00:05.239000,12113.282152228572,333.0,8,100.0,False,0,pos,482.80594735242494,0.08374361909980908,OnTrack,-991.0,3747.0,1894.0
2026-09-06 14:46:37.011,0 days 02:40:01.835000,81,40.74499999999995,0 days 00:00:05.398000,12090.0,333.0,8,100.0,False,0,car,497.51861111111106,0.08629555889364848,OnTrack,-978.5641025159736,3887.2904012585373,1894.6320562924225
2026-09-06 14:46:37.072,0 days 02:40:01.896000,81,40.744999999999955,0 days 00:00:05.459000,12092.772724363636,333.13863621818183,8,100.0,False,0,pos,503.17007449439575,0.08727581607465798,OnTrack,-973.0,3950.0,1895.0
2026-09-06 14:46:37.411,0 days 02:40:02.235000,81,40.745,0 days 00:00:05.798000,12108.181818181818,333.90909090909093,8,100.0,False,0,pos,534.6285335533158,0.09273234623412209,OnTrack,-937.0,4375.0,1897.0
2026-09-06 14:46:37.451,0 days 02:40:02.275000,81,40.745000000000005,0 days 00:00:05.838000,12110.0,334.0,8,100.0,False,0,car,538.3408333333333,0.09337625176276537,OnTrack,-934.0444625010714,4409.2033602792935,1897.1535355496965
2026-09-06 14:46:37.751,0 days 02:40:02.575000,81,40.49499999999995,0 days 00:00:06.138000,12116.666666666666,334.0,8,100.0,False,0,pos,566.1746442866282,0.09820407974489952,OnTrack,-919.0,4578.0,1898.0
2026-09-06 14:46:37.811,0 days 02:40:02.635000,81,40.444999999999936,0 days 00:00:06.198000,12118.0,334.0,8,100.0,False,0,car,571.7408333333333,0.09916954592840646,OnTrack,-914.7654108415929,4628.701009895306,1898.295660677792
2026-09-06 14:46:37.931,0 days 02:40:02.755000,81,40.34500000000003,0 days 00:00:06.318000,12102.25,334.0,8,100.0,False,0,pos,582.873576279777,0.10110054157987995,OnTrack,-905.0,4745.0,1899.0
2026-09-06 14:46:37.971,0 days 02:40:02.795000,81,40.311666666666724,0 days 00:00:06.358000,12097.0,334.0,8,100.0,False,0,car,586.5852777777776,0.10174434333535803,OnTrack,-901.6774168666992,4782.7139969301315,1899.2378013413054
2026-09-06 14:46:38.111,0 days 02:40:02.935000,81,40.156111111111144,0 days 00:00:06.498000,12149.5,334.0,8,100.0,False,0,pos,599.5762199596068,0.10399764721404581,OnTrack,-890.0,4911.0,1900.0
2026-09-06 14:46:38.131,0 days 02:40:02.955000,81,40.13388888888892,0 days 00:00:06.518000,12157.0,334.0,8,100.0,False,0,car,601.429722222222,0.10431914074230964,OnTrack,-888.3516617696458,4929.342409308895,1900.0837940186257
2026-09-06 14:46:38.411,0 days 02:40:03.235000,81,39.58944444444455,0 days 00:00:06.798000,12118.0,333.0,8,100.0,False,0,car,627.329722222222,0.10881154549949838,OnTrack,-866.0315079989012,5188.122091101833,1900.82860777527
2026-09-06 14:46:38.451,0 days 02:40:03.275000,81,39.48944444444455,0 days 00:00:06.838000,12115.833333333334,333.1666666666667,8,100.0,False,0,pos,631.0377604781022,0.10945471185859314,OnTrack,-863.0,5225.0,1901.0
2026-09-06 14:46:38.611,0 days 02:40:03.435000,81,39.08944444444453,0 days 00:00:06.998000,12107.166666666666,333.8333333333333,8,100.0,False,0,pos,645.8899664165534,0.11203085551159099,OnTrack,-851.0,5373.0,1902.0
2026-09-06 14:46:38.651,0 days 02:40:03.475000,81,38.98944444444453,0 days 00:00:07.038000,12105.0,334.0,8,100.0,False,0,car,649.5963888888887,0.11267374160992577,OnTrack,-847.7955649551286,5410.996330974451,1902.3305962343159
2026-09-06 14:46:38.851,0 days 02:40:03.675000,81,38.43388888888899,0 days 00:00:07.238000,11879.0,332.0,8,100.0,False,0,car,668.0408333333331,0.11587296593293449,OnTrack,-831.401503451097,5596.4014602072475,1903.948556716658
2026-09-06 14:46:38.871,0 days 02:40:03.695000,81,38.38944444444454,0 days 00:00:07.258000,11878.25,331.5833333333333,8,100.0,False,0,pos,669.8711302272472,0.11619043444541662,OnTrack,-830.0,5612.0,1904.0
2026-09-06 14:46:39.031,0 days 02:40:03.855000,81,38.03388888888901,0 days 00:00:07.418000,11872.25,328.25,8,100.0,False,0,pos,684.4137300622059,0.11871287632497109,OnTrack,-817.0,5758.0,1904.0
2026-09-06 14:46:39.091,0 days 02:40:03.915000,81,37.900555555555684,0 days 00:00:07.478000,11870.0,327.0,8,100.0,False,0,car,689.8408333333331,0.11965421781350262,OnTrack,-806.4792718659085,5878.840403364329,1904.4748037428265
2026-09-06 14:46:39.211,0 days 02:40:04.035000,81,37.63388888888901,0 days 00:00:07.598000,11810.6,325.2,8,100.0,False,0,pos,700.6661911732418,0.12153189692772179,OnTrack,-782.0,6163.0,1906.0
2026-09-06 14:46:39.291,0 days 02:40:04.115000,81,37.45611111111123,0 days 00:00:07.678000,11771.0,324.0,8,100.0,False,0,car,707.8408333333331,0.12277635239378824,OnTrack,-772.6616294173651,6275.040131335034,1906.8251222569663
2026-09-06 14:46:39.451,0 days 02:40:04.275000,81,37.14500000000014,0 days 00:00:07.838000,11692.6,321.6,8,95.6,False,0,pos,722.051694244768,0.1252412535197449,OnTrack,-764.0,6386.0,1908.0
2026-09-06 14:46:39.671,0 days 02:40:04.495000,81,36.7172222222224,0 days 00:00:08.058000,11584.8,318.3,8,89.55,False,0,pos,741.4135827589215,0.12859961027917122,OnTrack,-747.0,6588.0,1909.0
2026-09-06 14:46:39.691,0 days 02:40:04.515000,81,36.67833333333351,0 days 00:00:08.078000,11575.0,318.0,8,89.0,False,0,car,743.1741666666663,0.1289049869402748,OnTrack,-745.4887067451806,6606.326334034734,1909.0919645316305
2026-09-06 14:46:39.851,0 days 02:40:04.675000,81,35.03388888888901,0 days 00:00:08.238000,11112.0,316.0,8,5.0,True,0,pos,757.2186111111108,0.13134102281032484,OnTrack,-734.0,6747.0,1910.0
2026-09-06 14:46:39.971,0 days 02:40:04.795000,81,33.000555555555664,0 days 00:00:08.358000,11080.2,308.8,8,2.0,True,0,pos,767.5427698455428,0.13313176797683193,OnTrack,-725.0,6851.0,1911.0
2026-09-06 14:46:40.051,0 days 02:40:04.875000,81,31.645000000000095,0 days 00:00:08.438000,11059.0,304.0,8,0.0,True,0,car,774.1074999999998,0.13427043303380273,OnTrack,-719.121129605763,6918.636707486633,1911.4958462081468
2026-09-06 14:46:40.291,0 days 02:40:05.115000,81,28.845000000000027,0 days 00:00:08.678000,9926.0,265.0,8,0.0,True,0,pos,791.7741666666665,0.137334750307046,OnTrack,-703.0,7110.0,1912.0
2026-09-06 14:46:40.471,0 days 02:40:05.295000,81,27.595000000000105,0 days 00:00:08.858000,9035.9,241.6,8,0.0,True,0,pos,803.7702587242303,0.13941549552044652,OnTrack,-693.0,7239.0,1912.0
2026-09-06 14:46:40.491,0 days 02:40:05.315000,81,27.456111111111227,0 days 00:00:08.878000,8937.0,239.0,8,0.0,True,0,car,805.0519444444442,0.13963780637089865,OnTrack,-691.8854720248771,7252.660132458215,1912.0777062422271
2026-09-06 14:46:40.631,0 days 02:40:05.455000,81,26.172777777777867,0 days 00:00:09.018000,9393.75,226.16666666666666,8,0.0,True,0,pos,813.7494173877527,0.1411463997618654,OnTrack,-684.0,7345.0,1913.0
2026-09-06 14:46:40.731,0 days 02:40:05.555000,81,25.25611111111118,0 days 00:00:09.118000,9720.0,217.0,8,0.0,True,0,car,819.5186111111109,0.14214707749653563,OnTrack,-678.6434475418395,7408.061985691659,1913.522248800892
2026-09-06 14:46:40.931,0 days 02:40:05.755000,81,24.311666666666774,0 days 00:00:09.318000,10096.666666666666,194.77777777777777,8,0.0,True,0,pos,829.6694095066226,0.1439077529792098,OnTrack,-669.0,7523.0,1914.0
2026-09-06 14:46:41.091,0 days 02:40:05.915000,81,23.55611111111125,0 days 00:00:09.478000,10398.0,177.0,6,0.0,True,0,car,837.2186111111108,0.14521717650048313,OnTrack,-662.0775195137194,7604.430267263694,1913.974628681655
2026-09-06 14:46:41.111,0 days 02:40:05.935000,81,23.383888888889032,0 days 00:00:09.498000,10465.5,176.0,6,0.0,True,0,pos,838.1659205454463,0.14538148914177032,OnTrack,-661.0,7617.0,1914.0
2026-09-06 14:46:41.251,0 days 02:40:06.075000,81,22.178333333333512,0 days 00:00:09.638000,10938.0,169.0,6,0.0,True,0,car,844.7297222222219,0.14651999315250355,OnTrack,-651.5116694664459,7727.184468619268,1914.498213253046
2026-09-06 14:46:41.351,0 days 02:40:06.175000,81,21.428333333333512,0 days 00:00:09.738000,10872.5,161.5,6,0.0,True,0,pos,849.1407625217516,0.1472850965666255,OnTrack,-646.0,7791.0,1915.0
2026-09-06 14:46:41.451,0 days 02:40:06.275000,81,20.678333333333512,0 days 00:00:09.838000,10807.0,154.0,6,0.0,True,0,car,853.2852777777774,0.14800397069992324,OnTrack,-643.7046249302477,7817.461113591022,1915.495906288259
2026-09-06 14:46:41.591,0 days 02:40:06.415000,81,20.172777777777952,0 days 00:00:09.978000,10837.916666666666,142.33333333333334,6,0.0,True,0,pos,858.6337613773544,0.148931675455386,OnTrack,-642.0,7832.0,1916.0
2026-09-06 14:46:41.691,0 days 02:40:06.515000,81,19.811666666666838,0 days 00:00:10.078000,10860.0,134.0,5,0.0,True,0,car,862.2186111111108,0.1495534745286576,OnTrack,-638.2284446595804,7863.842280001339,1916.0560944845258
2026-09-06 14:46:41.831,0 days 02:40:06.655000,81,19.15055555555572,0 days 00:00:10.218000,10960.1,125.6,5,0.0,True,0,pos,867.0071181861974,0.15038405028016152,OnTrack,-631.0,7922.0,1916.0
2026-09-06 14:46:41.891,0 days 02:40:06.715000,81,18.86722222222238,0 days 00:00:10.278000,11003.0,122.0,3,0.0,True,0,car,868.9963888888886,0.15072909310518492,OnTrack,-628.0120371415459,7943.61216216548,1916.0652805762363
2026-09-06 14:46:42.051,0 days 02:40:06.875000,81,18.022777777777947,0 days 00:00:10.438000,10767.0,115.0,3,0.0,True,0,car,874.1074999999997,0.1516156251465006,OnTrack,-620.0721898130172,7992.165644986568,1916.5024933645627
2026-09-06 14:46:42.171,0 days 02:40:06.995000,81,17.756111111111295,0 days 00:00:10.558000,10524.5,108.5,3,0.0,True,0,pos,877.6038154617469,0.15222206778020658,OnTrack,-611.0,8031.0,1917.0
2026-09-06 14:46:42.291,0 days 02:40:07.115000,81,17.489444444444644,0 days 00:00:10.678000,10282.0,102.0,2,0.0,True,0,car,880.9074999999997,0.15279509821016404,OnTrack,-598.1713172857732,8075.739334860976,1917.6124354530696
2026-09-06 14:46:42.391,0 days 02:40:07.215000,81,17.267222069295194,0 days 00:00:10.778000,10482.716984005952,99.49103769992558,2,0.0,True,0,pos,883.6080215352616,0.15326350885849999,OnTrack,-587.0,8110.0,1918.0
2026-09-06 14:46:42.570,0 days 02:40:07.394000,81,16.86944444444464,0 days 00:00:10.957000,10842.0,95.0,2,0.0,True,0,car,888.2699999999996,0.1540721379794614,OnTrack,-570.5300357048644,8149.903757334517,1918.0078700331824
2026-09-06 14:46:42.772,0 days 02:40:07.596000,81,16.644999857777986,0 days 00:00:11.159000,10558.3581536,88.2666624,2,0.0,True,0,pos,893.1698079885621,0.1549220190882309,OnTrack,-551.0,8182.0,1918.0
2026-09-06 14:46:42.810,0 days 02:40:07.634000,81,16.602777777777987,0 days 00:00:11.197000,10505.0,87.0,1,0.0,True,0,car,894.0699999999996,0.15507815912199788,OnTrack,-546.3714616069354,8189.157949551708,1918.133968849467
2026-09-06 14:46:43.012,0 days 02:40:07.836000,81,16.37833319111136,0 days 00:00:11.399000,10043.5559576,84.4749984,1,0.0,True,0,pos,898.7922172133635,0.15589723676963474,OnTrack,-518.0,8228.0,1919.0
2026-09-06 14:46:43.052,0 days 02:40:07.876000,81,16.333888746666922,0 days 00:00:11.439000,9952.1809576,83.9749984,1,0.0,True,0,pos,899.704020752503,0.15605539084518885,OnTrack,-512.0,8234.0,1919.0
2026-09-06 14:46:43.130,0 days 02:40:07.954000,81,16.24722222222249,0 days 00:00:11.517000,9774.0,83.0,1,0.0,True,0,car,901.4477777777773,0.15635784885120135,OnTrack,-497.3294754145791,8246.454091161391,1919.0766032791416
2026-09-06 14:46:43.432,0 days 02:40:08.256000,81,15.995555541633882,0 days 00:00:11.819000,9433.742783480586,77.78310911639741,1,0.0,True,0,pos,907.7778013436993,0.15745580359948955,OnTrack,-418.0,8295.0,1920.0
2026-09-06 14:46:43.651,0 days 02:40:08.475000,81,15.81305555555582,0 days 00:00:12.038000,9187.0,74.0,1,0.0,False,0,car,912.1572222222218,0.15821542256429288,OnTrack,-372.0220782186502,8307.62918106526,1920.0335819276759
2026-09-06 14:46:43.732,0 days 02:40:08.556000,81,15.948055448889175,0 days 00:00:12.119000,9245.7249536,73.4937504,1,3.2906224,False,0,pos,913.7666197091814,0.15849457565026298,OnTrack,-358.0,8310.0,1920.0
2026-09-06 14:46:43.971,0 days 02:40:08.795000,81,16.346388888889237,0 days 00:00:12.358000,9419.0,72.0,1,13.0,False,0,car,918.5572222222218,0.15932551485950555,OnTrack,-325.2373068709148,8315.326437560783,1919.976356440296
2026-09-06 14:46:44.191,0 days 02:40:09.015000,81,16.40750000000032,0 days 00:00:12.578000,9463.6875,74.75,1,19.1875,False,0,pos,923.1901372093885,0.1601291028644476,OnTrack,-293.0,8323.0,1920.0
2026-09-06 14:46:44.291,0 days 02:40:09.115000,81,16.435277777778083,0 days 00:00:12.678000,9484.0,76.0,1,22.0,False,0,car,925.3127777777773,0.1604972789488967,OnTrack,-273.81736306509293,8328.823712709887,1920.008341221889
2026-09-06 14:46:44.351,0 days 02:40:09.175000,81,16.38527777777809,0 days 00:00:12.738000,9412.5,75.83333333333333,1,18.333333333333332,False,0,pos,926.5806332158429,0.16071719091034048,OnTrack,-262.0,8333.0,1920.0
2026-09-06 14:46:44.571,0 days 02:40:09.395000,81,16.201944444444784,0 days 00:00:12.958000,9150.333333333334,75.22222222222223,1,4.888888888888889,False,0,pos,931.179502426187,0.16151487360988637,OnTrack,-222.0,8353.0,1920.0
2026-09-06 14:46:44.651,0 days 02:40:09.475000,81,16.13527777777813,0 days 00:00:13.038000,9055.0,75.0,1,0.0,False,0,car,932.8127777777773,0.16179816835734906,OnTrack,-209.62996191254942,8362.580955622228,1920.2227444507253
2026-09-06 14:46:44.811,0 days 02:40:09.635000,81,15.913055555555843,0 days 00:00:13.198000,8843.0,72.0,1,0.0,False,0,car,936.0127777777774,0.16235321450495538,OnTrack,-188.67473029451588,8385.42353020824,1920.9014161528842
2026-09-06 14:46:44.871,0 days 02:40:09.695000,81,15.846388888889166,0 days 00:00:13.258000,8801.0,71.625,1,0.0,False,0,pos,937.1992421051783,0.1625590090218917,OnTrack,-182.0,8395.0,1921.0
2026-09-06 14:46:44.951,0 days 02:40:09.775000,81,15.757500000000263,0 days 00:00:13.338000,8745.0,71.125,1,0.0,False,0,pos,938.7746765764163,0.1628322711575376,OnTrack,-174.0,8409.0,1921.0
2026-09-06 14:46:44.971,0 days 02:40:09.795000,81,15.735277777778037,0 days 00:00:13.358000,8731.0,71.0,1,0.0,False,0,car,939.168333333333,0.1629005516782894,OnTrack,-172.09234062525496,8413.065111877311,1921.012469951189
2026-09-06 14:46:45.131,0 days 02:40:09.955000,81,15.557500000000232,0 days 00:00:13.518000,8413.0,70.0,1,0.0,False,0,car,942.279444444444,0.16344017987735113,OnTrack,-157.86139706389304,8455.236598461019,1921.4493178756668
2026-09-06 14:46:45.311,0 days 02:40:10.135000,81,15.907500000000255,0 days 00:00:13.698000,8204.5,67.0,1,2.5,False,0,pos,945.4690061472712,0.16399341548225954,OnTrack,-147.0,8499.0,1922.0
2026-09-06 14:46:45.491,0 days 02:40:10.315000,81,16.257500000000277,0 days 00:00:13.878000,7996.0,64.0,1,5.0,False,0,car,948.679444444444,0.16455027217256377,OnTrack,-144.10084690159917,8517.560727791502,1922.022425988263
2026-09-06 14:46:45.571,0 days 02:40:10.395000,81,16.501944444444728,0 days 00:00:13.958000,8271.333333333334,65.77777777777777,1,8.185185185185185,False,0,pos,950.239110605463,0.16482079926450924,OnTrack,-144.0,8525.0,1922.0
2026-09-06 14:46:46.571,0 days 02:40:11.395000,81,19.557500000000346,0 days 00:00:14.958000,11713.0,88.0,1,48.0,False,0,car,975.079444444444,0.16912940289031603,OnTrack,-167.29731284809435,8765.624551731693,1923.8387141916717
2026-09-06 14:46:46.631,0 days 02:40:11.455000,81,19.740833333333683,0 days 00:00:15.018000,11567.25,90.75,1,49.75,False,0,pos,976.7051643287705,0.16941138712746678,OnTrack,-171.0,8783.0,1924.0
2026-09-06 14:46:46.811,0 days 02:40:11.635000,81,20.290833333333694,0 days 00:00:15.198000,11130.0,99.0,1,55.0,False,0,car,981.679444444444,0.17027418556975407,OnTrack,-183.96498519677303,8835.168785594062,1924.4934230354377
2026-09-06 14:46:47.051,0 days 02:40:11.875000,81,21.290833333333694,0 days 00:00:15.438000,11310.0,107.0,2,59.0,False,0,pos,988.8127777777773,0.17151147594045985,OnTrack,-201.0,8896.0,1925.0
2026-09-06 14:46:47.291,0 days 02:40:12.115000,81,22.02416666666693,0 days 00:00:15.678000,10832.0,120.0,2,61.0,False,0,car,996.8127777777773,0.1728990913094757,OnTrack,-211.34805981471348,8934.95481681928,1925.08484205757
2026-09-06 14:46:47.471,0 days 02:40:12.295000,81,22.274166666666975,0 days 00:00:15.858000,10328.9,128.1,2,67.3,False,0,pos,1003.2528253185192,0.17401612992756643,OnTrack,-226.0,8991.0,1925.0
2026-09-06 14:46:47.491,0 days 02:40:12.315000,81,22.301944444444757,0 days 00:00:15.878000,10273.0,129.0,3,68.0,False,0,car,1003.979444444444,0.1741421634108857,OnTrack,-228.46585676967547,9000.370452889723,1924.9881681970967
2026-09-06 14:46:47.651,0 days 02:40:12.475000,81,22.968611111111386,0 days 00:00:16.038000,11096.0,133.0,3,74.0,False,0,car,1009.8905555555551,0.17516745698910297,OnTrack,-253.06280793949642,9093.73123756327,1924.919630042871
2026-09-06 14:46:47.711,0 days 02:40:12.535000,81,23.23527777777807,0 days 00:00:16.098000,10880.214285714286,136.0,3,76.78571428571429,False,0,pos,1012.2167082177177,0.1755709326371897,OnTrack,-262.0,9128.0,1925.0
2026-09-06 14:46:47.931,0 days 02:40:12.755000,81,24.21305555555591,0 days 00:00:16.318000,10089.0,147.0,4,87.0,False,0,car,1021.3238888888885,0.17715059062065475,OnTrack,-287.78079910484394,9229.609932586032,1926.0008172646833
2026-09-06 14:46:48.151,0 days 02:40:12.975000,81,25.313055555556048,0 days 00:00:16.538000,10718.5,156.5,4,88.0,False,0,pos,1031.26385152195,0.17887469623528965,OnTrack,-305.0,9300.0,1927.0
2026-09-06 14:46:48.371,0 days 02:40:13.195000,81,26.413055555556184,0 days 00:00:16.758000,11348.0,166.0,4,89.0,False,0,car,1041.6127777777774,0.18066973737596434,OnTrack,-317.25790591650434,9351.121677483066,1926.9801449881893
2026-09-06 14:46:48.451,0 days 02:40:13.275000,81,26.7241666666672,0 days 00:00:16.838000,10788.0,168.0,4,93.0,False,0,pos,1045.374348981869,0.18132218912776996,OnTrack,-324.0,9381.0,1927.0
2026-09-06 14:46:48.531,0 days 02:40:13.355000,81,27.03527777777822,0 days 00:00:16.918000,10228.0,170.0,5,97.0,False,0,car,1049.168333333333,0.1819802630022571,OnTrack,-333.01083617450377,9421.699610936901,1927.117881473112
2026-09-06 14:46:48.691,0 days 02:40:13.515000,81,27.613055555556002,0 days 00:00:17.078000,10451.0,175.0,5,100.0,False,0,car,1056.946111111111,0.18332933349991137,OnTrack,-355.9796968007486,9527.473837921789,1927.6175453770031
2026-09-06 14:46:48.791,0 days 02:40:13.615000,81,27.72416666666704,0 days 00:00:17.178000,10675.642857142857,178.21428571428572,5,100.0,False,0,pos,1061.9154515405512,0.18419127514413178,OnTrack,-367.0,9581.0,1928.0
2026-09-06 14:46:48.971,0 days 02:40:13.795000,81,27.924166666666906,0 days 00:00:17.358000,11080.0,184.0,5,100.0,False,0,car,1071.257222222222,0.18581162321559527,OnTrack,-377.65982120935274,9641.819974548478,1928.7539285156201
2026-09-06 14:46:49.031,0 days 02:40:13.855000,81,28.14083344921112,0 days 00:00:17.418000,10985.57098013824,188.345406223727,5,100.0,False,0,pos,1074.5672557968246,0.18638575489810488,OnTrack,-381.0,9664.0,1929.0
2026-09-06 14:46:49.330,0 days 02:40:14.154000,81,29.220555555556075,0 days 00:00:17.717000,10515.0,210.0,5,100.0,False,0,car,1092.1988888888886,0.1894439955305294,OnTrack,-403.92053793348157,9829.663287420188,1929.964952571362
2026-09-06 14:46:49.392,0 days 02:40:14.216000,81,29.42722264888944,0 days 00:00:17.779000,10575.062624,212.1312544,5,100.0,False,0,pos,1095.9480741604414,0.19009429891854115,OnTrack,-408.0,9867.0,1930.0
2026-09-06 14:46:49.552,0 days 02:40:14.376000,81,29.960555982222857,0 days 00:00:17.939000,10730.062624,217.6312544,5,100.0,False,0,pos,1105.7290428382641,0.19179082672619235,OnTrack,-416.0,9963.0,1930.0
2026-09-06 14:46:49.650,0 days 02:40:14.474000,81,30.28722222222291,0 days 00:00:18.037000,10825.0,221.0,6,100.0,False,0,car,1111.843333333333,0.19285136215889048,OnTrack,-419.663237270002,10027.053895935622,1930.6311245153759
2026-09-06 14:46:49.812,0 days 02:40:14.636000,81,30.647222219862304,0 days 00:00:18.199000,11111.356844595377,227.72199165716847,6,100.0,False,0,pos,1122.1815964028017,0.1946445537494059,OnTrack,-424.0,10138.0,1932.0
2026-09-06 14:46:49.891,0 days 02:40:14.715000,81,30.822777777778356,0 days 00:00:18.278000,11251.0,231.0,6,100.0,False,0,car,1127.3074999999997,0.1955336515758516,OnTrack,-425.4172176237524,10190.630358373613,1932.1722843837138
2026-09-06 14:46:50.092,0 days 02:40:14.916000,81,31.325277617778088,0 days 00:00:18.479000,11488.012424533334,236.86249813333333,6,100.0,False,0,pos,1140.5640707364978,0.19783302923765292,OnTrack,-427.0,10322.0,1932.0
2026-09-06 14:46:50.131,0 days 02:40:14.955000,81,31.422777777778037,0 days 00:00:18.518000,11534.0,238.0,6,100.0,False,0,car,1143.1741666666665,0.19828575539106635,OnTrack,-426.97844795654737,10347.70577293785,1932.1230539850603
2026-09-06 14:46:50.291,0 days 02:40:15.115000,81,31.68944444444469,0 days 00:00:18.678000,11780.0,244.0,6,100.0,False,0,car,1154.0186111111109,0.20016674511351004,OnTrack,-426.0084249970788,10454.326576641904,1932.9952360903103
2026-09-06 14:46:50.292,0 days 02:40:15.116000,81,31.69138876444469,0 days 00:00:18.679000,11776.0877504,244.0249984,6,100.0,False,0,pos,1154.087123233008,0.2001786286726736,OnTrack,-426.0,10455.0,1933.0
2026-09-06 14:46:50.572,0 days 02:40:15.396000,81,32.23583320888917,0 days 00:00:18.959000,10680.5877504,251.0249984,6,100.0,False,0,pos,1173.6391783038994,0.20356997018670023,OnTrack,-422.0,10647.0,1934.0
2026-09-06 14:46:50.611,0 days 02:40:15.435000,81,32.31166666666695,0 days 00:00:18.998000,10528.0,252.0,7,100.0,False,0,car,1176.418611111111,0.2040520681467544,OnTrack,-420.9283362823808,10674.221016001791,1934.1976767624058
2026-09-06 14:46:50.771,0 days 02:40:15.595000,81,32.48944444444478,0 days 00:00:19.158000,10734.0,256.0,7,100.0,False,0,pos,1187.9622662088398,0.20605433730028272,OnTrack,-415.0,10787.0,1935.0
2026-09-06 14:46:50.951,0 days 02:40:15.775000,81,32.68944444444484,0 days 00:00:19.338000,10965.75,260.5,7,100.0,False,0,pos,1201.134994473325,0.20833917232424132,OnTrack,-406.0,10915.0,1935.0
2026-09-06 14:46:51.011,0 days 02:40:15.835000,81,32.75611111111152,0 days 00:00:19.398000,11043.0,262.0,7,100.0,False,0,car,1205.529722222222,0.20910144629511754,OnTrack,-402.94536208886,10956.965214851956,1934.9702409226618
2026-09-06 14:46:51.111,0 days 02:40:15.935000,81,32.83944444444478,0 days 00:00:19.498000,11124.25,263.25,7,100.0,False,0,pos,1212.8559515326485,0.21037219484362776,OnTrack,-397.0,11031.0,1935.0
2026-09-06 14:46:51.251,0 days 02:40:16.075000,81,32.95611111111134,0 days 00:00:19.638000,11238.0,265.0,7,100.0,False,0,car,1223.1963888888888,0.21216576356836084,OnTrack,-383.9939400332703,11159.06564703933,1935.3559979920033
2026-09-06 14:46:51.451,0 days 02:40:16.275000,81,32.95611111111148,0 days 00:00:19.838000,11416.125,270.625,7,100.0,False,0,pos,1238.344190143217,0.21479317879677373,OnTrack,-362.0,11342.0,1936.0
2026-09-06 14:46:51.571,0 days 02:40:16.395000,81,32.95611111111157,0 days 00:00:19.958000,11523.0,274.0,7,100.0,False,0,car,1247.5519444444442,0.21639028146958678,OnTrack,-351.5190235525167,11414.226496782485,1936.0833154407756
2026-09-06 14:46:51.751,0 days 02:40:16.575000,81,32.8061111111115,0 days 00:00:20.138000,11682.3,277.6,7,100.0,False,0,pos,1261.4444875053505,0.2187999697528402,OnTrack,-335.0,11508.0,1936.0
2026-09-06 14:46:51.771,0 days 02:40:16.595000,81,32.789444444444825,0 days 00:00:20.158000,11700.0,278.0,7,100.0,False,0,car,1262.9963888888888,0.2190691500292146,OnTrack,-332.6310399009788,11521.26489906988,1935.9982732386845
2026-09-06 14:46:51.891,0 days 02:40:16.715000,81,32.689444444444916,0 days 00:00:20.278000,11547.857142857143,279.7142857142857,7,100.0,False,0,pos,1272.3470256327087,0.2206910359361907,OnTrack,-315.0,11614.0,1936.0
2026-09-06 14:46:52.051,0 days 02:40:16.875000,81,32.556111111111704,0 days 00:00:20.438000,11345.0,282.0,7,100.0,False,0,car,1284.929722222222,0.22287352883259962,OnTrack,-276.0772515230948,11775.345229437933,1935.8962526671144
2026-09-06 14:46:52.251,0 days 02:40:17.075000,81,32.333888888889305,0 days 00:00:20.638000,10958.5,285.0,7,100.0,False,0,pos,1300.8647801715185,0.22563749524717483,OnTrack,-224.0,11965.0,1936.0
2026-09-06 14:46:52.451,0 days 02:40:17.275000,81,32.111666666666906,0 days 00:00:20.838000,10572.0,288.0,8,100.0,False,0,car,1316.9297222222222,0.22842399030866298,OnTrack,-194.67623725480414,12054.99352824957,1936.8290127765815
2026-09-06 14:46:52.511,0 days 02:40:17.335000,81,32.01166666666691,0 days 00:00:20.898000,10571.625,288.75,8,100.0,False,0,pos,1321.755018975331,0.2292609473004975,OnTrack,-183.0,12086.0,1937.0
2026-09-06 14:46:52.611,0 days 02:40:17.435000,81,31.845000000000255,0 days 00:00:20.998000,10571.0,290.0,8,100.0,False,0,car,1329.818611111111,0.23065959284763293,OnTrack,-156.58378473942818,12154.616034320792,1937.0856880856468
2026-09-06 14:46:52.751,0 days 02:40:17.575000,81,31.572777777778015,0 days 00:00:21.138000,10668.3,292.1,8,100.0,False,0,pos,1341.1976395559373,0.23263330719194664,OnTrack,-112.0,12266.0,1937.0
2026-09-06 14:46:52.811,0 days 02:40:17.635000,81,31.45611111111134,0 days 00:00:21.198000,10710.0,293.0,8,100.0,False,0,car,1346.096388888889,0.23348300467486655,OnTrack,-93.43084096537325,12309.80640076178,1936.9886569489981
2026-09-06 14:46:52.951,0 days 02:40:17.775000,81,31.18388888888926,0 days 00:00:21.338000,10764.6,294.4,8,100.0,False,0,pos,1357.5620438757155,0.2354717445593108,OnTrack,-45.0,12414.0,1937.0
2026-09-06 14:46:53.011,0 days 02:40:17.835000,81,31.067222222222654,0 days 00:00:21.398000,10788.0,295.0,8,100.0,False,0,car,1362.4852777777778,0.23632568893778094,OnTrack,-17.451070693216874,12467.73298287432,1937.0018611182456
2026-09-06 14:46:53.171,0 days 02:40:17.995000,81,30.711666666666815,0 days 00:00:21.558000,10800.0,296.0,8,100.0,False,0,car,1375.6408333333334,0.23860754532238473,OnTrack,72.20458543806463,12631.305721866973,1936.9968694866757
2026-09-06 14:46:53.251,0 days 02:40:18.075000,81,30.53388888888901,0 days 00:00:21.638000,10837.5,297.0,8,100.0,False,0,pos,1382.2521522494492,0.23975429128956813,OnTrack,113.0,12702.0,1937.0
2026-09-06 14:46:53.331,0 days 02:40:18.155000,81,30.356111111111204,0 days 00:00:21.718000,10875.0,298.0,8,100.0,False,0,car,1388.885277777778,0.24090481965553318,OnTrack,148.3233741965372,12760.505010748091,1937.0092738780436
2026-09-06 14:46:53.571,0 days 02:40:18.395000,81,29.756111111111522,0 days 00:00:21.958000,10955.0,300.0,8,100.0,False,0,car,1408.8852777777777,0.24437385807807271,OnTrack,228.16330861046393,12875.707708264168,1937.0477097360995
2026-09-06 14:46:53.691,0 days 02:40:18.515000,81,29.422777777778112,0 days 00:00:22.078000,10981.0,300.6666666666667,8,100.0,False,0,pos,1418.9271497189532,0.24611564005798073,OnTrack,272.0,12935.0,1937.0
2026-09-06 14:46:53.871,0 days 02:40:18.695000,81,28.922777777778,0 days 00:00:22.258000,11020.0,301.6666666666667,8,100.0,False,0,pos,1434.036765118108,0.24873643187645392,OnTrack,365.0,13053.0,1937.0
2026-09-06 14:46:53.931,0 days 02:40:18.755000,81,28.756111111111295,0 days 00:00:22.318000,11033.0,302.0,8,100.0,False,0,car,1439.085277777778,0.24961210609610754,OnTrack,419.9180170284361,13113.32060898658,1937.2397711771387
2026-09-06 14:46:54.071,0 days 02:40:18.895000,81,28.328333333333717,0 days 00:00:22.458000,11046.0,303.0,8,100.0,False,0,pos,1450.8882972147971,0.2516593624925576,OnTrack,561.0,13261.0,1938.0
2026-09-06 14:46:54.211,0 days 02:40:19.035000,81,27.90055555555614,0 days 00:00:22.598000,11059.0,304.0,8,100.0,False,0,car,1462.729722222222,0.2537132804089765,OnTrack,619.351427086683,13321.24063158211,1938.128196710562
2026-09-06 14:46:54.391,0 days 02:40:19.215000,81,27.300555555555952,0 days 00:00:22.778000,11086.0,305.2857142857143,8,100.0,False,0,pos,1478.0183322720761,0.25636511919348487,OnTrack,674.0,13364.0,1938.0
2026-09-06 14:46:54.491,0 days 02:40:19.315000,81,26.967222222222517,0 days 00:00:22.878000,11101.0,306.0,8,100.0,False,0,car,1486.5297222222223,0.2578414361317986,OnTrack,761.0809962702676,13432.862357142261,1938.2215669548386
2026-09-06 14:46:54.671,0 days 02:40:19.495000,81,26.31722222222251,0 days 00:00:23.058000,11134.75,306.5625,8,100.0,False,0,pos,1501.8662484346285,0.26050158606675466,OnTrack,955.0,13585.0,1939.0
2026-09-06 14:46:54.811,0 days 02:40:19.635000,81,25.81166666666695,0 days 00:00:23.198000,11161.0,307.0,8,100.0,False,0,car,1513.8186111111113,0.26257474633499706,OnTrack,1049.9860061990466,13655.550795195753,1939.7312033070455
2026-09-06 14:46:54.971,0 days 02:40:19.795000,81,25.14500000000021,0 days 00:00:23.358000,11185.0,308.0,8,100.0,False,0,car,1527.5075000000002,0.2649491104108686,OnTrack,1106.4312641446515,13690.125717601131,1940.6183119084124
2026-09-06 14:46:55.131,0 days 02:40:19.955000,81,24.43388888888908,0 days 00:00:23.518000,11189.8,308.0,8,100.0,False,0,pos,1541.1971425894346,0.2673236052175477,OnTrack,1202.0,13744.0,1941.0
2026-09-06 14:46:55.171,0 days 02:40:19.995000,81,24.256111111111295,0 days 00:00:23.558000,11191.0,308.0,8,100.0,False,0,car,1544.6186111111112,0.26791706550570804,OnTrack,1235.170112398935,13762.770655909813,1940.997726358775
2026-09-06 14:46:55.231,0 days 02:40:20.055000,81,23.95611111111134,0 days 00:00:23.618000,11198.0,308.0,8,100.0,False,0,pos,1549.7500051434288,0.268807115658673,OnTrack,1287.0,13792.0,1941.0
2026-09-06 14:46:55.531,0 days 02:40:20.355000,81,22.456111111111568,0 days 00:00:23.918000,11233.0,308.0,8,100.0,False,0,car,1575.4186111111112,0.27325938467641897,OnTrack,1504.7563476746761,13903.896722157491,1942.719548958895
2026-09-06 14:46:55.571,0 days 02:40:20.395000,81,22.24500000000046,0 days 00:00:23.958000,11234.75,308.25,8,100.0,False,0,pos,1578.8487012661294,0.2738543404034456,OnTrack,1548.0,13923.0,1943.0
2026-09-06 14:46:55.691,0 days 02:40:20.515000,81,21.611666666667134,0 days 00:00:24.078000,11240.0,309.0,8,100.0,False,0,car,1589.1519444444446,0.2756414577265628,OnTrack,1705.393657466133,13989.889385599323,1943.7828747039716
2026-09-06 14:46:55.732,0 days 02:40:20.556000,81,21.372500245423034,0 days 00:00:24.119000,11242.626738251625,309.1142060109403,8,100.0,False,0,pos,1592.6766970753786,0.27625283284189567,OnTrack,1753.0,14010.0,1944.0
2026-09-06 14:46:56.050,0 days 02:40:20.874000,81,19.517500000000155,0 days 00:00:24.437000,11263.0,310.0,8,100.0,False,0,car,1620.0658333333336,0.2810035311438466,OnTrack,1901.772227502907,14071.727690940483,1944.7947451283421
2026-09-06 14:46:56.192,0 days 02:40:21.016000,81,18.649722032930377,0 days 00:00:24.579000,11266.537367319663,310.0,8,100.0,False,0,pos,1632.2933812201104,0.2831244228154801,OnTrack,2045.0,14109.0,1946.0
2026-09-06 14:46:56.331,0 days 02:40:21.155000,81,17.800277777778092,0 days 00:00:24.718000,11270.0,310.0,8,100.0,False,0,car,1644.2630555555556,0.2852005858242274,OnTrack,2277.5574068245082,14167.641787494113,1947.986804645926
2026-09-06 14:46:56.332,0 days 02:40:21.156000,81,17.79388929777809,0 days 00:00:24.719000,11270.027270981818,310.0,8,100.0,False,0,pos,1644.3491869479233,0.2852155254797029,OnTrack,2279.0,14168.0,1948.0
2026-09-06 14:46:56.752,0 days 02:40:21.576000,81,15.110555964444739,0 days 00:00:25.139000,11281.481816436364,310.0,8,100.0,False,0,pos,1680.5199048737818,0.2914894059924852,OnTrack,2516.0,14216.0,1951.0
2026-09-06 14:46:56.771,0 days 02:40:21.595000,81,14.98916666666696,0 days 00:00:25.158000,11282.0,310.0,8,100.0,False,0,car,1682.1519444444446,0.2917724863913718,OnTrack,2529.3533034188345,14218.230033380938,1951.0998926372126
2026-09-06 14:46:56.932,0 days 02:40:21.756000,81,13.96055596444488,0 days 00:00:25.319000,11232.09001984,309.19500032,8,100.0,False,0,pos,1695.9670522459417,0.2941687433801178,OnTrack,2668.0,14242.0,1952.0
2026-09-06 14:46:56.971,0 days 02:40:21.795000,81,13.71138888888936,0 days 00:00:25.358000,11220.0,309.0,8,100.0,False,0,car,1699.318611111111,0.2947500777040516,OnTrack,2699.6477918835785,14247.288979188035,1952.2549843073714
2026-09-06 14:46:57.172,0 days 02:40:21.996000,81,12.538889262222845,0 days 00:00:25.559000,11283.31497984,310.00499968,8,100.0,False,0,pos,1716.6534837564773,0.2977568446668819,OnTrack,2872.0,14273.0,1954.0
2026-09-06 14:46:57.371,0 days 02:40:22.195000,81,11.37805555555633,0 days 00:00:25.758000,11346.0,311.0,8,100.0,False,0,car,1733.8741666666665,0.30074380520077276,OnTrack,3153.389316135741,14307.737552232795,1956.6614259721828
2026-09-06 14:46:57.411,0 days 02:40:22.235000,81,11.14472222222301,0 days 00:00:25.798000,11351.125,311.125,8,100.0,False,0,pos,1737.3374753462936,0.3013445227447098,OnTrack,3198.0,14313.0,1957.0
2026-09-06 14:46:57.691,0 days 02:40:22.515000,81,9.511388888889769,0 days 00:00:26.078000,11387.0,312.0,8,100.0,False,0,car,1761.6074999999998,0.3055542051466943,OnTrack,3332.100273547902,14326.272496117677,1956.9384591864027
2026-09-06 14:46:57.731,0 days 02:40:22.555000,81,9.27805555555642,0 days 00:00:26.118000,11386.375,312.125,8,100.0,False,0,pos,1765.0810789743866,0.30615670409298795,OnTrack,3354.0,14328.0,1957.0
2026-09-06 14:46:58.011,0 days 02:40:22.835000,81,7.644722222222981,0 days 00:00:26.398000,11382.0,313.0,8,100.0,False,0,car,1789.4297222222222,0.31038002304116047,OnTrack,3596.7660731727924,14347.63778136978,1958.876415885327
2026-09-06 14:46:58.031,0 days 02:40:22.855000,81,7.539166666667421,0 days 00:00:26.418000,11382.055555555555,313.0,8,100.0,False,0,pos,1791.1690341780024,0.31068171004132966,OnTrack,3614.0,14349.0,1959.0
2026-09-06 14:46:58.191,0 days 02:40:23.015000,81,6.694722222222936,0 days 00:00:26.578000,11382.5,313.0,8,100.0,False,0,pos,1805.080898074008,0.3130947495605489,OnTrack,3752.0,14360.0,1960.0
2026-09-06 14:46:58.371,0 days 02:40:23.195000,81,5.74472222222289,0 days 00:00:26.758000,11383.0,313.0,8,100.0,False,0,car,1820.729722222222,0.3158090681724349,OnTrack,3986.101567959969,14380.749788408002,1962.7276390076938
2026-09-06 14:46:58.391,0 days 02:40:23.215000,81,5.650277777778418,0 days 00:00:26.778000,11381.166666666666,313.0,8,100.0,False,0,pos,1822.4685556480042,0.3161106721706566,OnTrack,4012.0,14383.0,1963.0
2026-09-06 14:46:58.611,0 days 02:40:23.435000,81,4.611388888889223,0 days 00:00:26.998000,11361.0,313.0,8,100.0,False,0,car,1841.596388888889,0.31942843159328455,OnTrack,4257.552683467434,14402.751250160489,1964.6488798196945
2026-09-06 14:46:58.851,0 days 02:40:23.675000,81,3.4780555555562387,0 days 00:00:27.238000,11355.0,313.0,8,100.0,False,0,pos,1862.4630555555555,0.32304779501413416,OnTrack,4441.0,14416.0,1965.0
2026-09-06 14:46:59.011,0 days 02:40:23.835000,81,2.722500000000764,0 days 00:00:27.398000,11353.0,313.0,8,100.0,False,0,car,1876.3741666666665,0.3254607039613672,OnTrack,4512.975319027933,14421.379565793504,1965.255760593426
2026-09-06 14:46:59.251,0 days 02:40:24.075000,81,1.5891666666674005,0 days 00:00:27.638000,11389.0,313.0,8,100.0,False,0,pos,1897.238927519374,0.3290797368151243,OnTrack,4680.0,14432.0,1966.0
2026-09-06 14:46:59.371,0 days 02:40:24.195000,81,1.0225000000007185,0 days 00:00:27.758000,11407.0,313.0,8,100.0,False,0,car,1907.6741666666665,0.3308897490926416,OnTrack,4867.934113261786,14442.92010613066,1966.7116892198608
2026-09-06 14:46:59.431,0 days 02:40:24.255000,81,12.322777777778015,0 days 00:00:27.818000,11370.5,313.0,8,100.0,False,0,pos,1912.8931170799942,0.33179498606809976,OnTrack,4958.0,14448.0,1967.0
2026-09-06 14:46:59.611,0 days 02:40:24.435000,3,46.2236111111099,0 days 00:00:27.998000,11261.0,313.0,8,100.0,False,0,car,1928.5408333333332,0.3345091125134913,OnTrack,5136.42319643343,14457.197267699552,1967.212317322553
2026-09-06 14:46:59.771,0 days 02:40:24.595000,3,44.84583333333194,0 days 00:00:28.158000,11339.0,312.0,8,100.0,False,0,car,1942.4075,0.3369143124864521,OnTrack,5238.567075656154,14461.452805049852,1967.01718818465
2026-09-06 14:46:59.791,0 days 02:40:24.615000,3,44.64027777777638,0 days 00:00:28.178000,11319.75,311.6666666666667,8,99.58333333333333,False,0,pos,1944.1386640226042,0.3372145862119587,OnTrack,5252.0,14462.0,1967.0
2026-09-06 14:47:00.011,0 days 02:40:24.835000,3,42.37916666666524,0 days 00:00:28.398000,11108.0,308.0,8,95.0,False,0,car,1962.9408333333333,0.34047585860025936,OnTrack,5409.514612917044,14468.242851911575,1966.9165733468083
2026-09-06 14:47:00.251,0 days 02:40:25.075000,3,38.77916666666522,0 days 00:00:28.638000,10761.5,291.5,8,47.5,False,0,pos,1981.9227960188114,0.3437683164948162,OnTrack,5609.0,14476.0,1967.0
2026-09-06 14:47:00.491,0 days 02:40:25.315000,3,35.179166666665196,0 days 00:00:28.878000,10415.0,275.0,8,0.0,True,0,car,1999.6075,0.3468357623749153,OnTrack,5844.0834780977,14485.220986329898,1967.203514455753
2026-09-06 14:47:00.671,0 days 02:40:25.495000,3,32.479166666665435,0 days 00:00:29.058000,9827.75,257.0,8,0.0,True,0,pos,2012.2959446304565,0.3490365974721812,OnTrack,5975.0,14490.0,1967.0
2026-09-06 14:47:00.731,0 days 02:40:25.555000,3,31.579166666665515,0 days 00:00:29.118000,9632.0,251.0,8,0.0,True,0,car,2016.3408333333332,0.34973819118844,OnTrack,5999.660852324782,14490.72058630629,1966.7989864289143
2026-09-06 14:47:00.931,0 days 02:40:25.755000,3,28.74583333333203,0 days 00:00:29.318000,9654.0,228.0,8,0.0,True,0,pos,2029.0075,0.35193524885604843,OnTrack,6054.0,14492.0,1966.0
2026-09-06 14:47:01.171,0 days 02:40:25.995000,3,25.412499999998698,0 days 00:00:29.558000,10211.333333333334,207.33333333333334,8,0.0,True,0,pos,2042.5353967353994,0.35428168853361086,OnTrack,6199.0,14498.0,1966.0
2026-09-06 14:47:01.291,0 days 02:40:26.115000,3,23.74583333333203,0 days 00:00:29.678000,10490.0,197.0,8,0.0,True,0,car,2048.7075,0.35535225170224993,OnTrack,6266.022977193609,14500.808605698267,1966.1466213081844
2026-09-06 14:47:01.491,0 days 02:40:26.315000,3,22.245833333331877,0 days 00:00:29.878000,10872.5,174.5,8,0.0,True,0,pos,2058.2297078923166,0.3570038969545427,OnTrack,6365.0,14506.0,1966.0
2026-09-06 14:47:01.531,0 days 02:40:26.355000,3,21.945833333331848,0 days 00:00:29.918000,10949.0,170.0,6,0.0,True,0,car,2060.0408333333335,0.35731804014168905,OnTrack,6385.211251247777,14507.457184347759,1965.8050444997345
2026-09-06 14:47:01.671,0 days 02:40:26.495000,3,21.09027777777601,0 days 00:00:30.058000,10933.833333333334,160.66666666666666,6,0.0,True,0,pos,2066.162274075333,0.3583798157984538,OnTrack,6455.0,14514.0,1965.0
2026-09-06 14:47:01.771,0 days 02:40:26.595000,3,20.479166666664696,0 days 00:00:30.158000,10923.0,154.0,4,0.0,True,0,car,2070.3075000000003,0.3590988131985927,OnTrack,6499.645209326731,14520.566873359447,1964.8963496401934
2026-09-06 14:47:01.951,0 days 02:40:26.775000,3,19.529166666664782,0 days 00:00:30.338000,10563.0,142.42857142857142,4,0.0,True,0,pos,2077.2630304151166,0.3603052633115518,OnTrack,6569.0,14535.0,1965.0
2026-09-06 14:47:02.051,0 days 02:40:26.875000,3,19.00138888888705,0 days 00:00:30.438000,10363.0,136.0,3,0.0,True,0,car,2080.885277777778,0.36093354907540254,OnTrack,6602.367102960796,14543.268672836597,1964.5159600757172
2026-09-06 14:47:02.131,0 days 02:40:26.955000,3,18.868055555553724,0 days 00:00:30.518000,10550.75,132.0,3,0.0,True,0,pos,2083.6721509963263,0.36141693758909704,OnTrack,6634.0,14553.0,1964.0
2026-09-06 14:47:02.312,0 days 02:40:27.136000,3,18.56638899555374,0 days 00:00:30.699000,10975.5342248,122.9500032,3,0.0,True,0,pos,2089.6576873971344,0.3624551403767927,OnTrack,6729.0,14588.0,1963.0
2026-09-06 14:47:02.371,0 days 02:40:27.195000,3,18.468055555553747,0 days 00:00:30.758000,11114.0,120.0,3,0.0,True,0,car,2091.5519444444444,0.36278370290075695,OnTrack,6752.399067342575,14597.33553324261,1962.8689611055652
2026-09-06 14:47:02.571,0 days 02:40:27.395000,3,18.245833333331575,0 days 00:00:30.958000,10565.0,112.0,2,0.0,True,0,car,2097.7741666666666,0.36386295929888035,OnTrack,6789.188807709097,14615.365550287062,1963.2613391647546
2026-09-06 14:47:02.772,0 days 02:40:27.596000,3,18.52500013537739,0 days 00:00:31.159000,9931.723542271633,105.27196326450606,2,0.0,True,0,pos,2103.607296525485,0.3648747268790756,OnTrack,6815.0,14637.0,1963.0
2026-09-06 14:47:02.810,0 days 02:40:27.634000,3,18.57777777777619,0 days 00:00:31.197000,9812.0,104.0,2,0.0,True,0,car,2104.678611111111,0.36506054845208374,OnTrack,6822.272144350207,14643.124991009681,1962.746835428339
2026-09-06 14:47:02.932,0 days 02:40:27.756000,3,19.08611123946347,0 days 00:00:31.319000,9731.510353120382,101.46887902894285,2,0.0,True,0,pos,2108.0696580248073,0.36564873205389614,OnTrack,6848.0,14666.0,1962.0
2026-09-06 14:47:03.051,0 days 02:40:27.875000,3,19.581944444442797,0 days 00:00:31.438000,9653.0,99.0,2,0.0,False,0,car,2111.306111111111,0.3662101010593528,OnTrack,6869.022589154476,14689.784386347734,1962.672408766723
2026-09-06 14:47:03.112,0 days 02:40:27.936000,3,20.022499537776078,0 days 00:00:31.499000,9611.8250432,98.2375008,2,2.5416640000000004,False,0,pos,2112.9378616754416,0.366493131329536,OnTrack,6878.0,14702.0,1963.0
2026-09-06 14:47:03.291,0 days 02:40:28.115000,3,21.31527777777592,0 days 00:00:31.678000,9491.0,96.0,2,10.0,False,0,car,2117.706111111111,0.36732019335456545,OnTrack,6898.580789269882,14738.564501843066,1962.4781776865598
2026-09-06 14:47:03.372,0 days 02:40:28.196000,3,21.787777404442615,0 days 00:00:31.759000,9597.312416,97.18124906666667,2,15.062496,False,0,pos,2119.9287967994537,0.3677057224572699,OnTrack,6911.0,14764.0,1962.0
2026-09-06 14:47:03.592,0 days 02:40:28.416000,3,23.07111073777603,0 days 00:00:31.979000,9886.062416,100.3895824,2,28.812496,False,0,pos,2126.19243410255,0.36879216238073453,OnTrack,6957.0,14858.0,1961.0
2026-09-06 14:47:03.771,0 days 02:40:28.595000,3,24.1152777777761,0 days 00:00:32.158000,10121.0,103.0,2,40.0,False,0,car,2131.4394444444442,0.36970226640470927,OnTrack,6971.657051301858,14883.122673777929,1960.9240453899592
2026-09-06 14:47:03.891,0 days 02:40:28.715000,3,24.748611111109494,0 days 00:00:32.278000,10530.2,106.0,2,41.8,False,0,pos,2135.0128406150734,0.3703220788354526,OnTrack,6983.0,14895.0,1961.0
2026-09-06 14:47:03.971,0 days 02:40:28.795000,3,25.170833333331757,0 days 00:00:32.358000,10803.0,108.0,2,43.0,False,0,car,2137.4394444444442,0.37074297793147115,OnTrack,6996.691607011504,14910.154048038983,1961.0133855088302
2026-09-06 14:47:04.111,0 days 02:40:28.935000,3,25.90972222222024,0 days 00:00:32.498000,10986.75,111.5,2,42.125,False,0,pos,2141.789704974663,0.37149753897784055,OnTrack,7028.0,14943.0,1961.0
2026-09-06 14:47:04.131,0 days 02:40:28.955000,3,26.015277777775736,0 days 00:00:32.518000,11013.0,112.0,2,42.0,False,0,car,2142.4172222222223,0.37160638304996996,OnTrack,7032.568607740323,14947.209625535832,1960.9994959501887
2026-09-06 14:47:04.251,0 days 02:40:29.075000,3,26.68194444444248,0 days 00:00:32.638000,10383.0,113.0,2,32.0,False,0,pos,2146.202237107401,0.3722629011532984,OnTrack,7062.0,14971.0,1961.0
2026-09-06 14:47:04.371,0 days 02:40:29.195000,3,27.34861111110922,0 days 00:00:32.758000,9753.0,114.0,3,22.0,False,0,car,2150.0172222222222,0.372924617650535,OnTrack,7101.338477531942,14997.72036149962,1960.985323586981
2026-09-06 14:47:04.591,0 days 02:40:29.415000,3,29.426388888887136,0 days 00:00:32.978000,9587.214285714286,115.57142857142857,3,34.57142857142857,False,0,pos,2157.084993250311,0.37415053611344257,OnTrack,7181.0,15045.0,1961.0
2026-09-06 14:47:04.651,0 days 02:40:29.475000,3,29.993055555553838,0 days 00:00:33.038000,9542.0,116.0,3,38.0,False,0,car,2159.039444444444,0.3744895394278139,OnTrack,7197.581298587433,15053.748985504808,1961.042893946628
2026-09-06 14:47:04.971,0 days 02:40:29.795000,3,33.637499999998454,0 days 00:00:33.358000,10292.0,121.0,3,54.0,False,0,car,2169.7949999999996,0.37635511120171294,OnTrack,7266.352886327557,15080.131434723908,1961.0679426375548
2026-09-06 14:47:04.991,0 days 02:40:29.815000,3,33.86527777777618,0 days 00:00:33.378000,10403.583333333334,121.83333333333333,3,54.916666666666664,False,0,pos,2170.5001063565123,0.376477413253849,OnTrack,7272.0,15082.0,1961.0
2026-09-06 14:47:05.211,0 days 02:40:30.035000,3,36.37083333333112,0 days 00:00:33.598000,11631.0,131.0,3,65.0,False,0,pos,2178.528333333333,0.37786992464622193,OnTrack,7346.0,15105.0,1960.0
2026-09-06 14:47:05.331,0 days 02:40:30.155000,3,37.60416666666424,0 days 00:00:33.718000,11707.8,135.2,3,73.4,False,0,pos,2183.0680953202764,0.37865735508431647,OnTrack,7389.0,15115.0,1960.0
2026-09-06 14:47:05.411,0 days 02:40:30.235000,3,38.42638888888632,0 days 00:00:33.798000,11759.0,138.0,3,79.0,False,0,car,2186.195,0.37919972270819546,OnTrack,7428.759129339611,15123.722375599344,1959.7968821899026
2026-09-06 14:47:05.571,0 days 02:40:30.395000,3,39.80416666666406,0 days 00:00:33.958000,11389.545454545454,143.8181818181818,3,86.63636363636364,False,0,pos,2192.762815591216,0.3803389229400997,OnTrack,7519.0,15143.0,1959.0
2026-09-06 14:47:05.851,0 days 02:40:30.675000,3,42.2152777777751,0 days 00:00:34.238000,10743.0,154.0,4,100.0,False,0,car,2205.0172222222222,0.3824644733125188,OnTrack,7607.68036768802,15159.057732714187,1958.1034542278096
2026-09-06 14:47:05.991,0 days 02:40:30.815000,3,43.30416666666383,0 days 00:00:34.378000,10948.0,159.5,4,100.0,False,0,pos,2211.3347038427014,0.38356025263627536,OnTrack,7654.0,15167.0,1958.0
2026-09-06 14:47:06.131,0 days 02:40:30.955000,3,44.393055555552564,0 days 00:00:34.518000,11153.0,165.0,4,100.0,False,0,car,2217.8505555555557,0.3846904396336484,OnTrack,7715.8084821945,15178.300693463065,1958.044672428023
2026-09-06 14:47:06.151,0 days 02:40:30.975000,3,44.51527777777478,0 days 00:00:34.538000,11178.055555555555,165.72222222222223,4,100.0,False,0,pos,2218.803922509775,0.3848558029633968,OnTrack,7725.0,15180.0,1958.0
2026-09-06 14:47:06.331,0 days 02:40:31.155000,3,45.615277777774686,0 days 00:00:34.718000,11403.555555555555,172.22222222222223,4,100.0,False,0,pos,2227.6349529208237,0.3863875621537239,OnTrack,7808.0,15196.0,1957.0
2026-09-06 14:47:06.491,0 days 02:40:31.315000,3,46.59305555555238,0 days 00:00:34.878000,11604.0,178.0,4,100.0,False,0,car,2235.650555555556,0.3877778838297086,OnTrack,7885.942145825177,15214.431811388238,1956.5131213242294
2026-09-06 14:47:06.651,0 days 02:40:31.475000,3,47.43749999999727,0 days 00:00:35.038000,10484.0,181.0,4,100.0,False,0,car,2243.695,0.3891732081729967,OnTrack,7983.182139320299,15241.61435384022,1956.097010801636
2026-09-06 14:47:06.671,0 days 02:40:31.495000,3,47.559722222219484,0 days 00:00:35.058000,10495.555555555555,181.33333333333334,4,100.0,False,0,pos,2244.709860299194,0.3893492376415674,OnTrack,7998.0,15246.0,1956.0
2026-09-06 14:47:06.831,0 days 02:40:31.655000,3,48.53749999999718,0 days 00:00:35.218000,10588.0,184.0,4,100.0,False,0,pos,2252.9229983205378,0.3907738222098505,OnTrack,8126.0,15285.0,1955.0
2026-09-06 14:47:07.011,0 days 02:40:31.835000,3,49.63749999999709,0 days 00:00:35.398000,10692.0,187.0,5,100.0,False,0,car,2262.3950000000004,0.3924167590980713,OnTrack,8214.908812298905,15311.903786402476,1954.273806980078
2026-09-06 14:47:07.271,0 days 02:40:32.095000,3,50.79305555555268,0 days 00:00:35.658000,10915.6,193.5,5,100.0,False,0,pos,2276.5506070136576,0.3948720763293087,OnTrack,8298.0,15337.0,1954.0
2026-09-06 14:47:07.411,0 days 02:40:32.235000,3,51.41527777777492,0 days 00:00:35.798000,11036.0,197.0,5,100.0,False,0,pos,2284.283888888889,0.39621342892718403,OnTrack,8371.0,15360.0,1954.0
2026-09-06 14:47:07.611,0 days 02:40:32.435000,3,52.30416666666406,0 days 00:00:35.998000,11198.0,200.0,5,100.0,False,0,car,2295.395,0.3981406724952615,OnTrack,8474.885466933081,15394.730912277404,1953.4832066781314
2026-09-06 14:47:07.711,0 days 02:40:32.535000,3,52.74861111110843,0 days 00:00:36.098000,11294.875,201.5625,5,100.0,False,0,pos,2301.0309949812,0.39911824665221274,OnTrack,8527.0,15413.0,1953.0
2026-09-06 14:47:07.891,0 days 02:40:32.715000,3,53.5486111111083,0 days 00:00:36.278000,11469.25,204.375,5,100.0,False,0,pos,2311.3145340634646,0.40090194626201586,OnTrack,8623.0,15448.0,1952.0
2026-09-06 14:47:07.931,0 days 02:40:32.755000,3,53.72638888888605,0 days 00:00:36.318000,11508.0,205.0,5,100.0,False,0,car,2313.617222222222,0.4013013519469087,OnTrack,8644.24639775825,15456.075273634104,1951.8944846140662
2026-09-06 14:47:08.151,0 days 02:40:32.975000,3,54.5208333333305,0 days 00:00:36.538000,11657.875,208.4375,5,100.0,False,0,pos,2326.3932189017946,0.40351737311529245,OnTrack,8761.0,15502.0,1952.0
2026-09-06 14:47:08.251,0 days 02:40:33.075000,3,54.881944444441615,0 days 00:00:36.638000,11726.0,210.0,5,100.0,False,0,car,2332.2838888888887,0.40453912114127893,OnTrack,8815.56860230467,15523.390357478911,1952.023921673822
2026-09-06 14:47:08.311,0 days 02:40:33.135000,3,54.931944444441605,0 days 00:00:36.698000,11768.675,210.75,5,100.0,False,0,pos,2335.8473403293524,0.4051572086394701,OnTrack,8848.0,15536.0,1952.0
2026-09-06 14:47:09.051,0 days 02:40:33.875000,3,55.54861111110813,0 days 00:00:37.438000,12295.0,220.0,5,100.0,False,0,car,2381.172777777778,0.41301899284082016,OnTrack,9249.325912012879,15681.772060767253,1950.0604995201204
2026-09-06 14:47:09.132,0 days 02:40:33.956000,3,55.30111130666371,0 days 00:00:37.519000,12335.949967644445,220.8999992888889,5,100.0,False,0,pos,2386.1955752945164,0.4138902067195303,OnTrack,9312.0,15703.0,1950.0
2026-09-06 14:47:09.411,0 days 02:40:34.235000,3,54.44861111110822,0 days 00:00:37.798000,12477.0,224.0,5,100.0,False,0,car,2403.572777777778,0.4169043158740645,OnTrack,9544.908780213811,15780.66077882458,1950.0350346242603
2026-09-06 14:47:09.432,0 days 02:40:34.256000,3,54.34361143110827,0 days 00:00:37.819000,12466.08003328,224.20999936,5,91.6000256,False,0,pos,2404.8891397585817,0.41713264138853345,OnTrack,9558.0,15785.0,1950.0
2026-09-06 14:47:09.611,0 days 02:40:34.435000,3,53.448611111108676,0 days 00:00:37.998000,12373.0,226.0,5,20.0,False,0,car,2416.128333333333,0.41908210110599203,OnTrack,9629.6404147746,15808.636299137848,1949.3437101468846
2026-09-06 14:47:09.771,0 days 02:40:34.595000,3,52.55972222221908,0 days 00:00:38.158000,12518.0,223.0,5,2.0,True,0,car,2426.0394444444446,0.42080120236871726,OnTrack,9688.497515307205,15825.859700390976,1948.0110957335455
2026-09-06 14:47:09.772,0 days 02:40:34.596000,3,52.55555582221908,0 days 00:00:38.159000,12514.333568,222.9500032,5,1.9916672,True,0,pos,2426.1001024690063,0.4208117236196092,OnTrack,9689.0,15826.0,1948.0
2026-09-06 14:47:09.932,0 days 02:40:34.756000,3,51.88888915555241,0 days 00:00:38.319000,11927.666901333334,214.9500032,5,0.6583338666666666,True,0,pos,2435.558313392989,0.42245226847479816,OnTrack,9783.0,15851.0,1946.0
2026-09-06 14:47:10.011,0 days 02:40:34.835000,3,51.55972222221908,0 days 00:00:38.398000,11638.0,211.0,5,0.0,True,0,car,2440.106111111111,0.42324109272590343,OnTrack,9825.680321544438,15860.602437814598,1945.2240380497713
2026-09-06 14:47:10.192,0 days 02:40:35.016000,3,51.006666862219305,0 days 00:00:38.579000,11304.96011776,204.66500224,5,0.0,True,0,pos,2450.361515249692,0.4250199122756739,OnTrack,9913.0,15875.0,1944.0
2026-09-06 14:47:10.211,0 days 02:40:35.035000,3,50.94861111110822,0 days 00:00:38.598000,11270.0,204.0,5,0.0,True,0,car,2451.4394444444442,0.4252068811653425,OnTrack,9922.423569639193,15876.220126032269,1943.8852588203697
2026-09-06 14:47:10.352,0 days 02:40:35.176000,3,50.517777973330304,0 days 00:00:38.739000,11076.125088,204.0,5,0.0,True,0,pos,2459.4455522809285,0.4265955559503304,OnTrack,10002.0,15882.0,1943.0
2026-09-06 14:47:10.371,0 days 02:40:35.195000,3,50.45972222221917,0 days 00:00:38.758000,11050.0,204.0,5,0.0,True,0,car,2460.5061111111113,0.42677951191689384,OnTrack,10015.93175047393,15881.869381614104,1942.8520189640985
2026-09-06 14:47:10.531,0 days 02:40:35.355000,3,50.41527777777492,0 days 00:00:38.918000,10730.0,196.0,5,0.0,True,0,car,2469.217222222222,0.4282904708742666,OnTrack,10155.953407969726,15872.745798948738,1941.357409469742
2026-09-06 14:47:10.571,0 days 02:40:35.395000,3,50.47083333333048,0 days 00:00:38.958000,10689.6,195.2,5,0.0,True,0,pos,2471.3662995607974,0.4286632324672928,OnTrack,10185.0,15870.0,1941.0
2026-09-06 14:47:10.731,0 days 02:40:35.555000,3,50.693055555552746,0 days 00:00:39.118000,10528.0,192.0,5,0.0,False,0,car,2479.883888888889,0.43014062469962105,OnTrack,10255.466087695966,15860.31772455377,1939.7877159552127
2026-09-06 14:47:10.931,0 days 02:40:35.755000,3,51.415277777774854,0 days 00:00:39.318000,10511.57142857143,188.42857142857142,5,12.857142857142858,False,0,pos,2490.314538864247,0.43194984097645,OnTrack,10308.0,15841.0,1939.0
2026-09-06 14:47:11.011,0 days 02:40:35.835000,3,51.704166666663696,0 days 00:00:39.398000,10505.0,187.0,5,18.0,False,0,car,2494.4283333333337,0.4326633865302346,OnTrack,10343.220473690923,15827.221918900368,1939.0008362320516
2026-09-06 14:47:11.151,0 days 02:40:35.975000,3,52.44305555555244,0 days 00:00:39.538000,10415.166666666666,184.66666666666666,5,24.416666666666668,False,0,pos,2501.5562970416695,0.4338997455291689,OnTrack,10413.0,15798.0,1939.0
2026-09-06 14:47:11.251,0 days 02:40:36.075000,3,52.97083333333012,0 days 00:00:39.638000,10351.0,183.0,5,29.0,False,0,car,2506.6283333333336,0.4347794999679837,OnTrack,10455.650686033807,15776.83248831091,1938.4959034985238
2026-09-06 14:47:11.331,0 days 02:40:36.155000,3,53.39305555555238,0 days 00:00:39.718000,10399.6,183.2,5,33.4,False,0,pos,2510.6909634728277,0.4354841709705073,OnTrack,10493.0,15753.0,1938.0
2026-09-06 14:47:11.591,0 days 02:40:36.415000,3,54.765277777774735,0 days 00:00:39.978000,10557.55,183.85,5,47.7,False,0,pos,2523.9677640015275,0.43778705752863,OnTrack,10649.0,15623.0,1937.0
2026-09-06 14:47:11.651,0 days 02:40:36.475000,3,55.08194444444143,0 days 00:00:40.038000,10594.0,184.0,5,51.0,False,0,car,2527.072777777778,0.4383256281332464,OnTrack,10675.110067969288,15598.345107412808,1936.9361088307412
2026-09-06 14:47:12.051,0 days 02:40:36.875000,3,57.08194444444098,0 days 00:00:40.438000,10803.0,190.0,5,74.0,False,0,car,2548.183888888889,0.44198739091259376,OnTrack,10750.769231753016,15487.89295340223,1937.0752314738777
2026-09-06 14:47:12.071,0 days 02:40:36.895000,3,57.17083333332988,0 days 00:00:40.458000,10828.5,190.375,5,77.0,False,0,pos,2549.2522227945733,0.4421726954809398,OnTrack,10755.0,15480.0,1937.0
2026-09-06 14:47:12.211,0 days 02:40:37.035000,3,57.7930555555522,0 days 00:00:40.598000,11007.0,193.0,5,98.0,False,0,car,2556.7616666666668,0.4434752229471496,OnTrack,10789.70704227939,15414.712129662745,1936.2134752887669
2026-09-06 14:47:12.271,0 days 02:40:37.095000,3,58.04305555555224,0 days 00:00:40.658000,11058.0,193.6,5,98.6,False,0,pos,2560.0010681452854,0.4440371033569176,OnTrack,10804.0,15385.0,1936.0
2026-09-06 14:47:12.371,0 days 02:40:37.195000,3,58.459722222218986,0 days 00:00:40.758000,11143.0,194.6,5,99.6,False,0,pos,2565.423659514787,0.4449776622474441,OnTrack,10825.0,15334.0,1936.0
2026-09-06 14:47:12.411,0 days 02:40:37.235000,3,58.626388888885685,0 days 00:00:40.798000,11177.0,195.0,5,100.0,False,0,car,2567.5950000000003,0.4453542854260252,OnTrack,10833.472364123943,15309.79091243798,1936.0827311977046
2026-09-06 14:47:12.571,0 days 02:40:37.395000,3,59.33749999999691,0 days 00:00:40.958000,11139.0,196.0,5,100.0,False,0,car,2576.306111111111,0.4468652443833979,OnTrack,10868.566398987095,15190.131801710748,1936.7537860338837
2026-09-06 14:47:12.671,0 days 02:40:37.495000,3,59.78194444444128,0 days 00:00:41.058000,11244.9375,197.25,5,100.0,False,0,pos,2581.81995275958,0.44782163081011483,OnTrack,10886.0,15123.0,1937.0
2026-09-06 14:47:12.891,0 days 02:40:37.715000,3,60.7597222222189,0 days 00:00:41.278000,11478.0,200.0,5,100.0,False,0,car,2594.083888888889,0.449948834092322,OnTrack,10905.366381644099,15028.601101499864,1936.5142539960461
2026-09-06 14:47:13.051,0 days 02:40:37.875000,3,61.47083333333012,0 days 00:00:41.438000,11506.0,201.0,5,100.0,False,0,car,2603.0172222222222,0.45149833792105637,OnTrack,10913.310500473084,14967.14031607431,1936.0279443245317
2026-09-06 14:47:13.091,0 days 02:40:37.915000,3,61.65972222221899,0 days 00:00:41.478000,11503.0,201.75,5,100.0,False,0,pos,2605.2682338862887,0.451888780218668,OnTrack,10916.0,14947.0,1936.0
2026-09-06 14:47:13.171,0 days 02:40:37.995000,3,62.037499999996726,0 days 00:00:41.558000,11497.0,203.25,5,100.0,False,0,pos,2609.799451268627,0.4526747285786785,OnTrack,10922.0,14902.0,1936.0
2026-09-06 14:47:13.211,0 days 02:40:38.035000,3,62.226388888885594,0 days 00:00:41.598000,11494.0,204.0,5,100.0,False,0,car,2612.083888888889,0.4530709686726076,OnTrack,10924.864174798218,14879.16186769457,1935.9150021986275
2026-09-06 14:47:13.391,0 days 02:40:38.215000,3,62.92638888888564,0 days 00:00:41.778000,11631.5,207.0,5,100.0,False,0,pos,2622.5279251429333,0.45488250682519143,OnTrack,10936.0,14777.0,1935.0
2026-09-06 14:47:13.571,0 days 02:40:38.395000,3,63.626388888885685,0 days 00:00:41.958000,11769.0,210.0,5,100.0,False,0,car,2633.083888888889,0.4567134590162742,OnTrack,10945.226028078725,14673.285269389893,1934.54244842345
2026-09-06 14:47:13.731,0 days 02:40:38.555000,3,64.29305555555247,0 days 00:00:42.118000,11831.4,210.8,5,100.0,False,0,pos,2642.4459638052904,0.4583373288962588,OnTrack,10953.0,14580.0,1934.0
2026-09-06 14:47:13.771,0 days 02:40:38.595000,3,64.45972222221917,0 days 00:00:42.158000,11847.0,211.0,5,100.0,False,0,car,2644.806111111111,0.458746700980596,OnTrack,10955.023016066834,14556.579904521126,1933.7578159378006
2026-09-06 14:47:13.891,0 days 02:40:38.715000,3,64.89305555555256,0 days 00:00:42.278000,11388.0,213.0,5,100.0,False,0,pos,2651.9610837944592,0.4599877447381338,OnTrack,10961.0,14486.0,1933.0
2026-09-06 14:47:14.131,0 days 02:40:38.955000,3,65.75972222221935,0 days 00:00:42.518000,10470.0,217.0,5,100.0,False,0,car,2666.506111111111,0.4625106076690514,OnTrack,10970.505493456505,14342.937892078384,1932.977671353489
2026-09-06 14:47:14.171,0 days 02:40:38.995000,3,65.84861111110831,0 days 00:00:42.558000,10504.6,217.6,5,100.0,False,0,pos,2668.940942287711,0.46293293381425255,OnTrack,10972.0,14319.0,1933.0
2026-09-06 14:47:14.251,0 days 02:40:39.075000,3,66.02638888888623,0 days 00:00:42.638000,10573.8,218.8,5,100.0,False,0,pos,2673.8190662420684,0.4637790537856314,OnTrack,10975.0,14271.0,1933.0
2026-09-06 14:47:14.331,0 days 02:40:39.155000,3,66.20416666666415,0 days 00:00:42.718000,10643.0,220.0,6,100.0,False,0,car,2678.728333333333,0.46463057559393667,OnTrack,10977.924730394401,14222.210977107437,1932.9961496030312
2026-09-06 14:47:14.571,0 days 02:40:39.395000,3,65.93749999999743,0 days 00:00:42.958000,10766.333333333334,223.33333333333334,6,100.0,False,0,pos,2693.6836941101287,0.4672246116518189,OnTrack,10987.0,14075.0,1933.0
2026-09-06 14:47:14.691,0 days 02:40:39.515000,3,65.80416666666406,0 days 00:00:43.078000,10828.0,225.0,6,100.0,False,0,car,2701.228333333333,0.4685332438192937,OnTrack,10992.661661948232,14003.724728428311,1932.993947738724
2026-09-06 14:47:14.731,0 days 02:40:39.555000,3,65.53749999999741,0 days 00:00:43.118000,10845.666666666666,225.25,6,100.0,False,0,pos,2703.7472668707283,0.46897015768054606,OnTrack,10995.0,13976.0,1933.0
2026-09-06 14:47:14.951,0 days 02:40:39.775000,3,64.07083333333082,0 days 00:00:43.338000,10942.833333333334,226.625,6,100.0,False,0,pos,2717.637903119076,0.4713795152234981,OnTrack,11011.0,13792.0,1933.0
2026-09-06 14:47:15.171,0 days 02:40:39.995000,3,62.60416666666424,0 days 00:00:43.558000,11040.0,228.0,6,100.0,False,0,car,2731.6283333333326,0.4738061822215538,OnTrack,11020.835883522645,13685.775131407727,1932.1457544752986
2026-09-06 14:47:15.331,0 days 02:40:40.155000,3,60.78194444444216,0 days 00:00:43.718000,11154.0,231.0,6,100.0,False,0,car,2741.8949999999995,0.47558695527845746,OnTrack,11026.976827943992,13623.088976865389,1931.8763148650644
2026-09-06 14:47:15.371,0 days 02:40:40.195000,3,60.1597222222199,0 days 00:00:43.758000,11165.25,231.5,6,99.5,False,0,pos,2744.4842607595638,0.4760360675315025,OnTrack,11029.0,13602.0,1932.0
2026-09-06 14:47:15.491,0 days 02:40:40.315000,3,58.29305555555311,0 days 00:00:43.878000,11199.0,233.0,6,98.0,False,0,car,2752.250555555555,0.4773831462839057,OnTrack,11036.177384155819,13526.423517514144,1932.7748501370115
2026-09-06 14:47:15.552,0 days 02:40:40.376000,3,57.428889795553204,0 days 00:00:43.939000,11179.48002048,230.56000256,6,68.11003136000001,False,0,pos,2756.133135295231,0.47805658719868127,OnTrack,11040.0,13486.0,1933.0
2026-09-06 14:47:15.691,0 days 02:40:40.515000,3,55.45972222222008,0 days 00:00:44.078000,11135.0,225.0,6,0.0,True,0,car,2764.750555555555,0.47955129529799295,OnTrack,11048.386386763512,13397.169263187774,1932.4353417307448
2026-09-06 14:47:15.812,0 days 02:40:40.636000,3,54.11527848888678,0 days 00:00:44.199000,10924.46011136,215.9250048,6,0.0,True,0,pos,2771.907476693795,0.48079267701877504,OnTrack,11055.0,13322.0,1932.0
2026-09-06 14:47:15.891,0 days 02:40:40.715000,3,53.23749999999791,0 days 00:00:44.278000,10787.0,210.0,6,0.0,True,0,car,2776.4172222222214,0.48157490104447437,OnTrack,11058.83117706529,13273.316176125694,1932.3098901921107
2026-09-06 14:47:15.992,0 days 02:40:40.816000,3,52.48000027883601,0 days 00:00:44.379000,10793.286304739931,203.71369526006845,6,0.0,True,0,pos,2782.006203011875,0.4825443204995815,OnTrack,11063.0,13215.0,1933.0
2026-09-06 14:47:16.132,0 days 02:40:40.956000,3,51.42999999999756,0 days 00:00:44.519000,10802.0,195.0,5,0.0,True,0,car,2789.471388888888,0.4838391713315195,OnTrack,11066.991341511077,13148.579889133835,1933.588075183538
2026-09-06 14:47:16.232,0 days 02:40:41.056000,3,51.152222277949534,0 days 00:00:44.619000,11064.068912939152,190.924765707884,5,0.0,True,0,pos,2794.645479767747,0.48473662733454304,OnTrack,11067.0,13084.0,1933.0
2026-09-06 14:47:16.392,0 days 02:40:41.216000,3,50.70777792267269,0 days 00:00:44.779000,11483.379173641795,184.4043908404984,5,0.0,True,0,pos,2802.6830187932164,0.48613075391964383,OnTrack,11060.0,12932.0,1930.0
2026-09-06 14:47:16.451,0 days 02:40:41.275000,3,50.54388888888661,0 days 00:00:44.838000,11638.0,182.0,4,0.0,True,0,car,2805.5986111111106,0.4866364690084056,OnTrack,11055.233627224357,12884.222723517707,1929.1531280915942
2026-09-06 14:47:16.691,0 days 02:40:41.515000,3,50.74388888888643,0 days 00:00:45.078000,11467.0,175.0,4,0.0,False,0,car,2817.2652777777776,0.4886600747548871,OnTrack,11024.993710641378,12767.12239389861,1928.2861074578918
2026-09-06 14:47:16.851,0 days 02:40:41.675000,3,50.92166666666435,0 days 00:00:45.238000,11282.0,174.0,4,5.0,False,0,car,2824.9986111111107,0.49000143627826903,OnTrack,11006.101547617574,12720.26028078903,1928.0034639708203
2026-09-06 14:47:16.852,0 days 02:40:41.676000,3,50.92666634666435,0 days 00:00:45.239000,11281.3250432,173.9833344,4,5.0458304,False,0,pos,2825.046560593172,0.4900097532080497,OnTrack,11006.0,12720.0,1928.0
2026-09-06 14:47:17.091,0 days 02:40:41.915000,3,52.12166666666417,0 days 00:00:45.478000,11120.0,170.0,4,16.0,False,0,car,2836.331944444444,0.49196722471770815,OnTrack,10987.26572275286,12669.038413695489,1926.5874075918737
2026-09-06 14:47:17.291,0 days 02:40:42.115000,3,53.95499999999746,0 days 00:00:45.678000,11251.42857142857,167.14285714285714,4,34.57142857142857,False,0,pos,2845.554507065427,0.49356689592203146,OnTrack,10937.0,12599.0,1927.0
2026-09-06 14:47:17.371,0 days 02:40:42.195000,3,54.688333333330775,0 days 00:00:45.758000,11304.0,166.0,4,42.0,False,0,car,2849.243055555555,0.49420668174381427,OnTrack,10898.624356544458,12554.211578223021,1928.1179039773046
2026-09-06 14:47:17.491,0 days 02:40:42.315000,3,56.05499999999741,0 days 00:00:45.878000,11335.333333333334,167.0,4,46.666666666666664,False,0,pos,2854.808704720871,0.4951720542838571,OnTrack,10838.0,12487.0,1930.0
2026-09-06 14:47:17.731,0 days 02:40:42.555000,3,58.788333333330684,0 days 00:00:46.118000,11398.0,169.0,4,56.0,False,0,car,2866.1430555555553,0.4971380192108602,OnTrack,10783.294923830965,12437.343932832286,1930.5508992380774
2026-09-06 14:47:17.871,0 days 02:40:42.695000,3,60.57722222221969,0 days 00:00:46.258000,11681.5,173.5,4,68.5,False,0,pos,2872.9613906746495,0.4983206725361546,OnTrack,10740.0,12411.0,1930.0
2026-09-06 14:47:18.011,0 days 02:40:42.835000,3,62.366111111108694,0 days 00:00:46.398000,11965.0,178.0,4,81.0,False,0,car,2879.9874999999997,0.4995393646966848,OnTrack,10661.953439836205,12361.426588954306,1929.3901206040136
2026-09-06 14:47:18.111,0 days 02:40:42.935000,3,63.5327777777756,0 days 00:00:46.498000,11782.142857142857,182.28571428571428,4,87.78571428571429,False,0,pos,2885.1648683681324,0.5004373891865195,OnTrack,10605.0,12326.0,1929.0
2026-09-06 14:47:18.291,0 days 02:40:43.115000,3,65.63277777777603,0 days 00:00:46.678000,11453.0,190.0,4,100.0,False,0,car,2894.765277777777,0.502102598642228,OnTrack,10532.137393225208,12284.97626644011,1928.52423406924
2026-09-06 14:47:18.491,0 days 02:40:43.315000,3,67.68833333333123,0 days 00:00:46.878000,11474.666666666666,196.66666666666666,4,100.0,False,0,pos,2905.7354416229605,0.5040053946362527,OnTrack,10465.0,12252.0,1928.0
2026-09-06 14:47:18.531,0 days 02:40:43.355000,3,68.09944444444227,0 days 00:00:46.918000,11479.0,198.0,5,100.0,False,0,car,2907.9652777777774,0.5043921640011041,OnTrack,10449.02217312298,12243.980716893251,1927.8488345752671
2026-09-06 14:47:18.691,0 days 02:40:43.515000,3,69.78833333333114,0 days 00:00:47.078000,11537.0,202.66666666666666,5,100.0,False,0,pos,2917.0057428917726,0.5059602500430079,OnTrack,10366.0,12202.0,1927.0
2026-09-06 14:47:18.771,0 days 02:40:43.595000,3,70.63277777777557,0 days 00:00:47.158000,11566.0,205.0,5,100.0,False,0,car,2921.6319444444443,0.5067626735898395,OnTrack,10300.992373701903,12169.234384469179,1926.327442288501
2026-09-06 14:47:18.931,0 days 02:40:43.755000,3,72.14388888888652,0 days 00:00:47.318000,11134.0,211.28571428571428,5,100.0,False,0,pos,2931.1384497390404,0.508411595196391,OnTrack,10167.0,12102.0,1925.0
2026-09-06 14:47:19.051,0 days 02:40:43.875000,3,73.27722222221973,0 days 00:00:47.438000,10810.0,216.0,6,100.0,False,0,car,2938.4319444444445,0.5096766658647728,OnTrack,10127.39624298681,12082.6568696646,1924.7707007260283
2026-09-06 14:47:19.211,0 days 02:40:44.035000,3,74.65499999999747,0 days 00:00:47.598000,10954.8,221.6,6,100.0,False,0,pos,2948.316330458175,0.511391131608015,OnTrack,10091.0,12064.0,1925.0
2026-09-06 14:47:19.251,0 days 02:40:44.075000,3,74.9994444444419,0 days 00:00:47.638000,10991.0,223.0,6,100.0,False,0,car,2950.820833333333,0.5118255424431792,OnTrack,10069.121222964473,12052.316664920465,1925.029991584672
2026-09-06 14:47:19.411,0 days 02:40:44.235000,3,76.28833333333114,0 days 00:00:47.798000,11220.0,229.0,6,100.0,False,0,car,2960.998611111111,0.5135908975515382,OnTrack,9931.689406902988,11978.19184713985,1925.0334773228424
2026-09-06 14:47:19.551,0 days 02:40:44.375000,3,77.3383333333311,0 days 00:00:47.938000,11341.5,233.5,6,100.0,False,0,pos,2970.184235760269,0.515184161793686,OnTrack,9822.0,11919.0,1925.0
2026-09-06 14:47:19.691,0 days 02:40:44.515000,3,78.38833333333105,0 days 00:00:48.078000,11463.0,238.0,6,100.0,False,0,car,2979.5097222222225,0.5168016853359555,OnTrack,9762.506751833169,11887.163818607609,1924.9941207962218
2026-09-06 14:47:19.851,0 days 02:40:44.675000,3,79.45499999999765,0 days 00:00:48.238000,11700.0,241.0,6,100.0,False,0,car,2990.2208333333333,0.5186595481355821,OnTrack,9721.564000944292,11865.429614225824,1925.0031324269362
2026-09-06 14:47:19.911,0 days 02:40:44.735000,3,79.80499999999763,0 days 00:00:48.298000,11505.5,242.66666666666666,6,100.0,False,0,pos,2994.3186584368186,0.5193703237722239,OnTrack,9693.0,11850.0,1925.0
2026-09-06 14:47:20.071,0 days 02:40:44.895000,3,80.73833333333093,0 days 00:00:48.458000,10986.833333333334,247.11111111111111,6,100.0,False,0,pos,3005.4950874069514,0.5213088968484326,OnTrack,9586.0,11792.0,1925.0
2026-09-06 14:47:20.211,0 days 02:40:45.035000,3,81.55499999999756,0 days 00:00:48.598000,10533.0,251.0,7,100.0,False,0,car,3015.320833333333,0.5230131913558693,OnTrack,9492.54450367451,11742.043441647864,1925.134571317071
2026-09-06 14:47:20.371,0 days 02:40:45.195000,3,82.62166666666417,0 days 00:00:48.758000,10681.0,252.0,7,100.0,False,0,pos,3026.5208333333335,0.5249558528724916,OnTrack,9391.0,11688.0,1925.0
2026-09-06 14:47:20.571,0 days 02:40:45.395000,3,83.7883333333314,0 days 00:00:48.958000,10911.0,257.7142857142857,7,100.0,False,0,pos,3040.886098872543,0.5274475357777666,OnTrack,9266.0,11620.0,1924.0
2026-09-06 14:47:20.651,0 days 02:40:45.475000,3,84.25499999999829,0 days 00:00:49.038000,11003.0,260.0,7,100.0,False,0,car,3046.743055555555,0.5284634361663926,OnTrack,9215.651852116656,11591.479188637048,1923.9473270139092
2026-09-06 14:47:20.731,0 days 02:40:45.555000,3,84.65499999999813,0 days 00:00:49.118000,11073.888888888889,262.0,7,100.0,False,0,pos,3052.656093541843,0.529489063964811,OnTrack,9166.0,11563.0,1924.0
2026-09-06 14:47:20.911,0 days 02:40:45.735000,3,85.55499999999776,0 days 00:00:49.298000,11233.388888888889,266.5,7,100.0,False,0,pos,3066.135785174543,0.5318271423747021,OnTrack,9051.0,11497.0,1924.0
2026-09-06 14:47:21.011,0 days 02:40:45.835000,3,86.05499999999756,0 days 00:00:49.398000,11322.0,269.0,7,100.0,False,0,car,3073.6430555555557,0.5331292928447084,OnTrack,8962.996903436597,11446.218934281238,1924.3172769788362
2026-09-06 14:47:21.171,0 days 02:40:45.995000,3,86.81055555555304,0 days 00:00:49.558000,11424.4,270.6,7,100.0,False,0,pos,3085.664295834877,0.5352144000654856,OnTrack,8817.0,11362.0,1925.0
2026-09-06 14:47:21.211,0 days 02:40:46.035000,3,86.9994444444419,0 days 00:00:49.598000,11450.0,271.0,7,100.0,False,0,car,3088.698611111111,0.5357407078794534,OnTrack,8789.830430460703,11346.438112112644,1925.0877627701575
2026-09-06 14:47:21.511,0 days 02:40:46.335000,3,88.08277777777525,0 days 00:00:49.898000,11720.0,278.5,7,100.0,False,0,pos,3111.932688944101,0.5397707033151993,OnTrack,8657.0,11272.0,1925.0
2026-09-06 14:47:21.531,0 days 02:40:46.355000,3,88.15499999999747,0 days 00:00:49.918000,11738.0,279.0,7,100.0,False,0,car,3113.498611111111,0.5400423155234025,OnTrack,8646.063809166457,11265.906569130175,1924.9934518715725
2026-09-06 14:47:21.691,0 days 02:40:46.515000,3,88.59944444444181,0 days 00:00:50.078000,11038.0,283.0,7,100.0,False,0,car,3126.076388888889,0.5422239552424664,OnTrack,8540.37624648431,11206.929844554097,1924.9956094597355
2026-09-06 14:47:21.751,0 days 02:40:46.575000,3,88.76611111110849,0 days 00:00:50.138000,10944.333333333334,283.6666666666667,7,100.0,False,0,pos,3130.819400729763,0.5430466397581939,OnTrack,8494.0,11181.0,1925.0
2026-09-06 14:47:22.012,0 days 02:40:46.836000,3,89.4911109333307,0 days 00:00:50.399000,10536.883433244444,286.56666595555555,7,100.0,False,0,pos,3151.636209967947,0.5466573553122908,OnTrack,8273.0,11057.0,1925.0
2026-09-06 14:47:22.051,0 days 02:40:46.875000,3,89.59944444444181,0 days 00:00:50.438000,10476.0,287.0,8,100.0,False,0,car,3154.776388888889,0.5472020253788106,OnTrack,8244.713584908422,11041.017193273317,1925.0066937820386
2026-09-06 14:47:22.392,0 days 02:40:47.216000,3,90.16777767110882,0 days 00:00:50.779000,10728.908285866666,292.68333226666664,8,100.0,False,0,pos,3182.5224470305575,0.5520146324671836,OnTrack,8049.0,10929.0,1925.0
2026-09-06 14:47:22.411,0 days 02:40:47.235000,3,90.19944444444218,0 days 00:00:50.798000,10743.0,293.0,8,100.0,False,0,car,3184.0763888888887,0.552284166667831,OnTrack,8037.598529243955,10922.439721776818,1924.9780889750257
2026-09-06 14:47:22.571,0 days 02:40:47.395000,3,90.42166666666435,0 days 00:00:50.958000,10801.0,295.0,8,100.0,False,0,car,3197.1874999999995,0.5545583140781625,OnTrack,7927.063306547929,10857.664214408042,1924.912929270673
2026-09-06 14:47:22.592,0 days 02:40:47.416000,3,90.43916661890314,0 days 00:00:50.979000,10808.940276836705,295.2089546535975,8,100.0,False,0,pos,3198.914019282432,0.5548577821645633,OnTrack,7908.0,10846.0,1925.0
2026-09-06 14:47:22.772,0 days 02:40:47.596000,3,90.58916666666437,0 days 00:00:51.159000,10877.0,297.0,8,100.0,False,0,car,3213.7699999999995,0.5574345805602506,OnTrack,7708.1274172806225,10719.933906030059,1926.6828001904976
2026-09-06 14:47:22.812,0 days 02:40:47.636000,3,90.61138888293588,0 days 00:00:51.199000,10890.389117753542,297.3347279438385,8,100.0,False,0,pos,3217.08240815525,0.5580091241183356,OnTrack,7672.0,10697.0,1927.0
2026-09-06 14:47:23.011,0 days 02:40:47.835000,3,90.72194444444222,0 days 00:00:51.398000,10957.0,299.0,8,100.0,False,0,car,3233.6202777777776,0.5608776493757104,OnTrack,7586.320264550084,10643.093581914201,1927.4376501463287
2026-09-06 14:47:23.171,0 days 02:40:47.995000,3,90.76638888888692,0 days 00:00:51.558000,10978.0,301.0,8,100.0,False,0,car,3246.998055555555,0.5631980506316756,OnTrack,7507.808272680536,10584.615057220442,1927.0035214071454
2026-09-06 14:47:23.172,0 days 02:40:47.996000,3,90.76638888888692,0 days 00:00:51.559000,10978.749952,301.0124992,8,100.0,False,0,pos,3247.0819324094723,0.5632125992331256,OnTrack,7507.0,10584.0,1927.0
2026-09-06 14:47:23.331,0 days 02:40:48.155000,3,90.76638888888692,0 days 00:00:51.718000,11098.0,303.0,8,100.0,False,0,car,3260.464722222222,0.5655338698361857,OnTrack,7333.791423675242,10451.014952430203,1926.326655716509
2026-09-06 14:47:23.412,0 days 02:40:48.236000,3,90.72138892444252,0 days 00:00:51.799000,11101.374997333332,303.6749994666667,8,100.0,False,0,pos,3267.3174228426774,0.5667224839237117,OnTrack,7251.0,10387.0,1926.0
2026-09-06 14:47:23.691,0 days 02:40:48.515000,3,90.5663888888871,0 days 00:00:52.078000,11113.0,306.0,8,100.0,False,0,car,3291.064722222222,0.5708414986226713,OnTrack,7128.262481979011,10289.584146589157,1925.2707271428199
2026-09-06 14:47:23.911,0 days 02:40:48.735000,3,90.38305555555368,0 days 00:00:52.298000,11158.65,307.1,8,100.0,False,0,pos,3309.8687159034753,0.5741030874515443,OnTrack,7013.0,10192.0,1922.0
2026-09-06 14:47:24.091,0 days 02:40:48.915000,3,90.23305555555362,0 days 00:00:52.478000,11196.0,308.0,8,100.0,False,0,car,3325.286944444444,0.5767774088123501,OnTrack,6822.16647071629,10032.284096598769,1916.5119674830544
2026-09-06 14:47:24.111,0 days 02:40:48.935000,3,90.21638888888694,0 days 00:00:52.498000,11199.1875,308.0625,8,100.0,False,0,pos,3327.0013437509056,0.5770747746656345,OnTrack,6804.0,10017.0,1916.0
2026-09-06 14:47:24.411,0 days 02:40:49.235000,3,89.96638888888674,0 days 00:00:52.798000,11247.0,309.0,8,100.0,False,0,car,3352.753611111111,0.5815415549126378,OnTrack,6667.824563633642,9898.750347183439,1912.4549686392306
2026-09-06 14:47:24.511,0 days 02:40:49.335000,3,89.88305555555367,0 days 00:00:52.898000,11265.333333333334,309.4166666666667,8,100.0,False,0,pos,3361.358133457985,0.5830340258440831,OnTrack,6623.0,9859.0,1911.0
2026-09-06 14:47:24.651,0 days 02:40:49.475000,3,89.76638888888738,0 days 00:00:53.038000,11291.0,310.0,8,100.0,False,0,car,3373.420277777777,0.585126227949262,OnTrack,6533.717000304714,9780.7432276856,1907.796720148271
2026-09-06 14:47:24.731,0 days 02:40:49.555000,3,89.69972222222061,0 days 00:00:53.118000,11299.166666666666,310.1666666666667,8,100.0,False,0,pos,3380.31941906319,0.5863228972593433,OnTrack,6480.0,9734.0,1906.0
2026-09-06 14:47:24.891,0 days 02:40:49.715000,3,89.5663888888871,0 days 00:00:53.278000,11315.5,310.5,8,100.0,False,0,pos,3394.131764825791,0.5887186751671365,OnTrack,6376.0,9644.0,1903.0
2026-09-06 14:47:25.111,0 days 02:40:49.935000,3,89.38305555555353,0 days 00:00:53.498000,11337.958333333334,310.9583333333333,8,100.0,False,0,pos,3413.1556199233564,0.5920183993810505,OnTrack,6194.0,9485.0,1897.0
2026-09-06 14:47:25.131,0 days 02:40:49.955000,3,89.36638888888683,0 days 00:00:53.518000,11340.0,311.0,8,100.0,False,0,car,3414.886944444444,0.5923187009453273,OnTrack,6180.15063281799,9472.934548514073,1896.5472126536472
2026-09-06 14:47:25.411,0 days 02:40:50.235000,3,89.21083333333131,0 days 00:00:53.798000,11363.1,311.7,8,100.0,False,0,pos,3439.1543254069734,0.5965279247939984,OnTrack,6037.0,9349.0,1892.0
2026-09-06 14:47:25.531,0 days 02:40:50.355000,3,89.14416666666466,0 days 00:00:53.918000,11373.0,312.0,8,100.0,False,0,car,3449.5536111111105,0.5983317008777292,OnTrack,5964.678447137782,9285.804222948032,1889.4352008752837
2026-09-06 14:47:25.591,0 days 02:40:50.415000,3,89.11083333333147,0 days 00:00:53.978000,11370.75,312.0,8,100.0,False,0,pos,3454.7505428795193,0.5992331186769257,OnTrack,5919.0,9246.0,1888.0
2026-09-06 14:47:25.691,0 days 02:40:50.515000,3,89.05527777777615,0 days 00:00:54.078000,11367.0,312.0,8,100.0,False,0,car,3463.4202777777773,0.6007369008506901,OnTrack,5824.4135399277575,9163.947386918913,1885.4569930384378
2026-09-06 14:47:25.871,0 days 02:40:50.695000,3,88.85527777777672,0 days 00:00:54.258000,11394.642857142857,313.2857142857143,8,100.0,False,0,pos,3479.1056355021187,0.603457556281541,OnTrack,5643.0,9007.0,1881.0
2026-09-06 14:47:25.971,0 days 02:40:50.795000,3,88.74416666666593,0 days 00:00:54.358000,11410.0,314.0,8,100.0,False,0,car,3487.842499999999,0.6049729822133244,OnTrack,5574.8975389146935,8947.972569190875,1879.0841523191089
2026-09-06 14:47:26.291,0 days 02:40:51.115000,3,88.29972222222159,0 days 00:00:54.678000,11445.0,315.0,8,100.0,False,0,car,3515.842499999999,0.6098296360048798,OnTrack,5454.040587807351,8842.408842908651,1876.0041143954859
2026-09-06 14:47:26.331,0 days 02:40:51.155000,3,88.24416666666598,0 days 00:00:54.718000,11446.727272727272,315.09090909090907,8,100.0,False,0,pos,3519.3485485571805,0.6104377668626876,OnTrack,5433.0,8824.0,1876.0
2026-09-06 14:47:26.571,0 days 02:40:51.395000,3,87.91083333333228,0 days 00:00:54.958000,11457.09090909091,315.6363636363636,8,100.0,False,0,pos,3540.413906498255,0.6140915936667944,OnTrack,5274.0,8686.0,1877.0
2026-09-06 14:47:26.591,0 days 02:40:51.415000,3,87.88305555555448,0 days 00:00:54.978000,11457.954545454546,315.6818181818182,8,100.0,False,0,pos,3542.1704371578826,0.6143962672842253,OnTrack,5261.0,8675.0,1877.0
2026-09-06 14:47:26.731,0 days 02:40:51.555000,3,87.68861111110982,0 days 00:00:55.118000,11464.0,316.0,8,100.0,False,0,car,3554.4647222222216,0.6165287346475175,OnTrack,5169.21945486678,8596.099757583796,1876.542208431465
2026-09-06 14:47:26.951,0 days 02:40:51.775000,3,87.38305555555439,0 days 00:00:55.338000,11485.0,316.0,8,100.0,False,0,pos,3573.779258546469,0.619878878078635,OnTrack,5023.0,8468.0,1876.0
2026-09-06 14:47:27.171,0 days 02:40:51.995000,3,87.07749999999896,0 days 00:00:55.558000,11506.0,316.0,8,100.0,False,0,pos,3593.0869444444434,0.6232278332901549,OnTrack,4877.0,8341.0,1878.0
2026-09-06 14:47:27.331,0 days 02:40:52.155000,3,86.7663888888877,0 days 00:00:55.718000,11515.142857142857,316.0,8,100.0,False,0,pos,3607.1244835651955,0.6256626714185445,OnTrack,4771.0,8249.0,1879.0
2026-09-06 14:47:27.451,0 days 02:40:52.275000,3,86.53305555555426,0 days 00:00:55.838000,11522.0,316.0,8,100.0,False,0,pos,3617.6647222222214,0.6274908960627424,OnTrack,4692.0,8180.0,1881.0
2026-09-06 14:47:27.731,0 days 02:40:52.555000,3,85.59972222222086,0 days 00:00:56.118000,11471.0,317.0,8,100.0,False,0,car,3642.320277777777,0.6317674495403065,OnTrack,4505.935526223023,8018.44570183547,1884.4384635084382
2026-09-06 14:47:27.771,0 days 02:40:52.595000,3,85.39972222222086,0 days 00:00:56.158000,11469.166666666666,316.9166666666667,8,100.0,False,0,pos,3645.8429294781113,0.6323784602451908,OnTrack,4479.0,7995.0,1885.0
2026-09-06 14:47:27.991,0 days 02:40:52.815000,3,84.29972222222081,0 days 00:00:56.378000,11459.083333333334,316.4583333333333,8,100.0,False,0,pos,3665.208024666741,0.6357373732084655,OnTrack,4322.0,7858.0,1889.0
2026-09-06 14:47:28.211,0 days 02:40:53.035000,3,83.19972222222077,0 days 00:00:56.598000,11449.0,316.0,8,100.0,False,0,pos,3684.45361111111,0.6390755571504565,OnTrack,4134.0,7695.0,1894.0
2026-09-06 14:47:28.491,0 days 02:40:53.315000,3,81.79972222222068,0 days 00:00:56.878000,11247.0,311.0,8,100.0,False,0,car,3708.642499999999,0.6432711663981613,OnTrack,4012.0667828399455,7588.9491838123,1898.0317130671212
2026-09-06 14:47:28.592,0 days 02:40:53.416000,3,81.32277807999837,0 days 00:00:56.979000,11194.921908,309.1062512,8,100.0,False,0,pos,3717.249261900571,0.6447640257844981,OnTrack,3964.0,7547.0,1898.0
2026-09-06 14:47:28.772,0 days 02:40:53.596000,3,80.4727780799982,0 days 00:00:57.159000,11102.109408,305.7312512,8,100.0,False,0,pos,3732.462877485182,0.6474028566349364,OnTrack,3848.0,7446.0,1897.0
2026-09-06 14:47:28.811,0 days 02:40:53.635000,3,80.28861111110928,0 days 00:00:57.198000,11082.0,305.0,8,100.0,False,0,car,3735.7536111111103,0.6479736407042705,OnTrack,3822.7537127617857,7424.198026462946,1897.6503492736726
2026-09-06 14:47:28.932,0 days 02:40:53.756000,3,79.65000033777588,0 days 00:00:57.319000,10969.47005952,303.79000064,8,100.0,False,0,pos,3745.954686141343,0.6497430367658249,OnTrack,3746.0,7358.0,1901.0
2026-09-06 14:47:29.011,0 days 02:40:53.835000,3,79.23305555555362,0 days 00:00:57.398000,10896.0,303.0,8,100.0,False,0,car,3752.586944444444,0.650893414709908,OnTrack,3694.435888550201,7312.91658108535,1902.2197458197586
2026-09-06 14:47:29.112,0 days 02:40:53.936000,3,78.13888958222041,0 days 00:00:57.499000,10852.4437776,301.1062512,8,100.0,False,0,pos,3761.0167316995417,0.6523555775039965,OnTrack,3632.0,7258.0,1903.0
2026-09-06 14:47:29.171,0 days 02:40:53.995000,3,77.4997222222205,0 days 00:00:57.558000,10827.0,300.0,8,100.0,False,0,car,3765.920277777777,0.6532061069916011,OnTrack,3600.8593305423956,7230.692978358357,1903.4384049000594
2026-09-06 14:47:29.452,0 days 02:40:54.276000,3,72.11388888888723,0 days 00:00:57.839000,10711.0,297.0,8,100.0,False,0,car,3789.1027777777767,0.6572271561531272,OnTrack,3440.3357906608016,7091.200288607701,1905.6113431644337
2026-09-06 14:47:29.492,0 days 02:40:54.316000,3,71.15833352504183,0 days 00:00:57.879000,10721.532913247314,296.373040878136,8,87.5862093870928,False,0,pos,3792.381636072369,0.6577958804234274,OnTrack,3394.0,7051.0,1906.0
2026-09-06 14:47:29.592,0 days 02:40:54.416000,3,68.7694451154283,0 days 00:00:57.979000,10747.865196365603,294.805643073476,8,56.551732854824756,False,0,pos,3800.5565291090606,0.659213831325649,OnTrack,3258.0,6933.0,1907.0
2026-09-06 14:47:29.771,0 days 02:40:54.595000,3,64.49333333333152,0 days 00:00:58.158000,10795.0,292.0,8,1.0,True,0,car,3814.9772222222214,0.6617151282501095,OnTrack,3137.6328155871793,6828.54694094445,1907.682300388031
2026-09-06 14:47:29.992,0 days 02:40:54.816000,3,59.705001386665025,0 days 00:00:58.379000,10027.0252224,276.34583786666667,8,0.07916693333333331,True,0,pos,3831.9555120207706,0.6646600452331184,OnTrack,3091.0,6788.0,1908.0
2026-09-06 14:47:30.011,0 days 02:40:54.835000,3,59.2933333333317,0 days 00:00:58.398000,9961.0,275.0,8,0.0,True,0,car,3833.310555555555,0.6648950801374374,OnTrack,3082.5309254636472,6780.638760994953,1908.1046237227074
2026-09-06 14:47:30.152,0 days 02:40:54.976000,3,57.57000078222094,0 days 00:00:58.539000,10344.2176832,252.8428672,8,0.0,True,0,pos,3842.7131252833005,0.6665259739202453,OnTrack,3005.0,6713.0,1909.0
2026-09-06 14:47:30.291,0 days 02:40:55.115000,3,55.87111111111017,0 days 00:00:58.678000,10722.0,231.0,8,0.0,True,0,car,3851.277222222221,0.6680114329870187,OnTrack,2933.8565093429925,6649.517829663157,1909.0858812404629
2026-09-06 14:47:30.371,0 days 02:40:55.195000,3,55.29333333333216,0 days 00:00:58.758000,11017.0,224.66666666666666,8,0.0,True,0,pos,3856.0760257720563,0.6688437946818485,OnTrack,2896.0,6615.0,1909.0
2026-09-06 14:47:30.531,0 days 02:40:55.355000,3,54.13777777777614,0 days 00:00:58.918000,11607.0,212.0,8,0.0,True,0,car,3865.4105555555548,0.6704628868056134,OnTrack,2825.008963223137,6548.644246186692,1908.9643737073075
2026-09-06 14:47:30.651,0 days 02:40:55.475000,3,53.57111111110953,0 days 00:00:59.038000,11390.142857142857,206.85714285714286,8,0.0,True,0,pos,3872.211824487897,0.6716425799680295,OnTrack,2776.0,6501.0,1909.0
2026-09-06 14:47:30.811,0 days 02:40:55.635000,3,52.815555555554056,0 days 00:00:59.198000,11101.0,200.0,6,0.0,True,0,car,3880.9661111111104,0.673161027800922,OnTrack,2716.153360641964,6439.064257515197,1909.0214416341596
2026-09-06 14:47:30.831,0 days 02:40:55.655000,3,52.82111111110961,0 days 00:00:59.218000,11162.75,198.83333333333334,6,0.0,True,0,pos,3882.0300834068526,0.6733455758396444,OnTrack,2709.0,6431.0,1909.0
2026-09-06 14:47:31.051,0 days 02:40:55.875000,3,52.88222222222066,0 days 00:00:59.438000,11842.0,186.0,4,0.0,True,0,car,3893.3661111111105,0.6753118316228965,OnTrack,2635.888693951356,6335.91285792655,1908.2939779131484
2026-09-06 14:47:31.111,0 days 02:40:55.935000,3,53.232222222220635,0 days 00:00:59.498000,11787.142857142857,184.5,4,1.2857142857142858,True,0,pos,3896.3927165048453,0.6758368021429332,OnTrack,2620.0,6310.0,1908.0
2026-09-06 14:47:31.311,0 days 02:40:56.135000,3,54.398888888887214,0 days 00:00:59.698000,11604.285714285714,179.5,4,5.571428571428571,True,0,pos,3906.3129270857166,0.6775574817261695,OnTrack,2582.0,6225.0,1907.0
2026-09-06 14:47:31.331,0 days 02:40:56.155000,3,54.515555555553874,0 days 00:00:59.718000,11586.0,179.0,4,6.0,False,0,car,3907.288333333333,0.6777266678136977,OnTrack,2579.0637335135434,6216.032323464175,1906.9517381898295
2026-09-06 14:47:31.551,0 days 02:40:56.375000,3,56.53222222222085,0 days 00:00:59.938000,11466.57142857143,174.28571428571428,4,31.142857142857142,False,0,pos,3917.8532221881655,0.6795591680820613,OnTrack,2555.0,6111.0,1907.0
2026-09-06 14:47:31.611,0 days 02:40:56.435000,3,57.082222222220935,0 days 00:00:59.998000,11434.0,173.0,4,38.0,False,0,car,3920.7438888888883,0.6800605597746396,OnTrack,2550.899773100752,6081.620006564255,1907.0044497014926
2026-09-06 14:47:31.691,0 days 02:40:56.515000,3,57.771111111109676,0 days 00:01:00.078000,11522.857142857143,174.14285714285714,4,43.42857142857143,False,0,pos,3924.6276792395465,0.6807342106722156,OnTrack,2547.0,6042.0,1907.0
2026-09-06 14:47:31.891,0 days 02:40:56.715000,3,59.49333333333152,0 days 00:01:00.278000,11745.0,177.0,4,57.0,False,0,pos,3934.510555555555,0.6824484145554878,OnTrack,2544.0,5940.0,1907.0
2026-09-06 14:47:32.151,0 days 02:40:56.975000,3,61.443333333331594,0 days 00:01:00.538000,12335.6875,183.5,4,75.6875,False,0,pos,3947.817286588,0.6847564926169852,OnTrack,2546.0,5806.0,1906.0
2026-09-06 14:47:32.211,0 days 02:40:57.035000,3,61.89333333333161,0 days 00:01:00.598000,12472.0,185.0,4,80.0,False,0,car,3950.9549999999995,0.6853007350362424,OnTrack,2546.0058492063927,5774.874879043804,1905.7251260794558
2026-09-06 14:47:32.411,0 days 02:40:57.235000,3,63.393333333331384,0 days 00:01:00.798000,11540.333333333334,190.83333333333334,4,80.0,False,0,pos,3961.5904216877634,0.6871454693599806,OnTrack,2544.0,5670.0,1905.0
2026-09-06 14:47:32.451,0 days 02:40:57.275000,3,63.69333333333134,0 days 00:01:00.838000,11354.0,192.0,4,80.0,False,0,car,3963.7549999999997,0.6875209196266678,OnTrack,2543.3047391764676,5648.657180316608,1904.951351548702
2026-09-06 14:47:32.631,0 days 02:40:57.455000,3,64.89333333333188,0 days 00:01:01.018000,11189.3,197.4,4,60.199999999999996,False,0,pos,3973.646006058389,0.6892365336293741,OnTrack,2538.0,5551.0,1905.0
2026-09-06 14:47:32.651,0 days 02:40:57.475000,3,65.02666666666528,0 days 00:01:01.038000,11171.0,198.0,5,58.0,False,0,pos,3974.754999999999,0.6894288907590645,OnTrack,2537.0,5540.0,1905.0
2026-09-06 14:47:32.891,0 days 02:40:57.715000,3,67.02666666666482,0 days 00:01:01.278000,11324.0,201.0,5,58.0,False,0,car,3988.1549999999993,0.691753146502166,OnTrack,2516.5546355931824,5411.074101984938,1904.507287258391
2026-09-06 14:47:32.951,0 days 02:40:57.775000,3,67.55999999999817,0 days 00:01:01.338000,11372.6,201.3,5,58.9,False,0,pos,3991.5147420294943,0.692335900211673,OnTrack,2509.0,5379.0,1904.0
2026-09-06 14:47:33.091,0 days 02:40:57.915000,3,68.80444444444265,0 days 00:01:01.478000,11486.0,202.0,5,61.0,False,0,car,3999.3772222222215,0.6936996625059244,OnTrack,2487.5290544498334,5303.773189536485,1902.2156423441772
2026-09-06 14:47:33.111,0 days 02:40:57.935000,3,69.02111111110932,0 days 00:01:01.498000,11497.57142857143,202.21428571428572,5,61.714285714285715,False,0,pos,4000.506202030688,0.6938954862226165,OnTrack,2484.0,5293.0,1902.0
2026-09-06 14:47:33.371,0 days 02:40:58.195000,3,71.83777777777595,0 days 00:01:01.758000,11648.0,205.0,5,71.0,False,0,pos,4015.321666666666,0.6964652570261156,OnTrack,2430.0,5156.0,1901.0
2026-09-06 14:47:33.571,0 days 02:40:58.395000,3,73.89333333333161,0 days 00:01:01.958000,12165.0,209.0,5,87.0,False,0,car,4026.9327777777767,0.6984792265547566,OnTrack,2382.6963621343148,5060.9153320137775,1901.2766246093986
2026-09-06 14:47:33.631,0 days 02:40:58.455000,3,74.42666666666489,0 days 00:01:02.018000,12120.857142857143,210.92857142857142,5,89.78571428571429,False,0,pos,4030.4995924538057,0.6990978974126177,OnTrack,2359.0,5024.0,1901.0
2026-09-06 14:47:33.811,0 days 02:40:58.635000,3,76.0266666666647,0 days 00:01:02.198000,11988.42857142857,216.71428571428572,5,98.14285714285714,False,0,pos,4041.431211846658,0.7009940077973369,OnTrack,2261.0,4890.0,1899.0
2026-09-06 14:47:33.851,0 days 02:40:58.675000,3,76.38222222222021,0 days 00:01:02.238000,11959.0,218.0,5,100.0,False,0,car,4043.8883333333324,0.7014202002396429,OnTrack,2241.8332799635677,4865.594466780781,1898.6796076813837
2026-09-06 14:47:34.171,0 days 02:40:58.995000,3,78.95999999999776,0 days 00:01:02.558000,11094.0,225.0,6,100.0,False,0,car,4063.8883333333324,0.7048892386621826,OnTrack,2141.4934386739014,4760.618242742046,1898.788428438524
2026-09-06 14:47:34.271,0 days 02:40:59.095000,3,79.65444444444233,0 days 00:01:02.658000,11193.375,229.375,6,100.0,False,0,pos,4070.3068742072355,0.7060025469075931,OnTrack,2105.0,4725.0,1899.0
2026-09-06 14:47:34.331,0 days 02:40:59.155000,3,80.07111111110908,0 days 00:01:02.718000,11253.0,232.0,6,100.0,False,0,car,4074.1994444444435,0.7066777206933585,OnTrack,2079.361575628072,4699.235011181737,1899.0838859433825
2026-09-06 14:47:34.451,0 days 02:40:59.275000,3,80.87111111110917,0 days 00:01:02.838000,11474.4,235.0,6,100.0,False,0,pos,4082.076098337788,0.7080439414432115,OnTrack,2025.0,4642.0,1899.0
2026-09-06 14:47:34.531,0 days 02:40:59.355000,3,81.40444444444256,0 days 00:01:02.918000,11622.0,237.0,6,100.0,False,0,car,4087.36611111111,0.7089615043215304,OnTrack,1992.6658555410056,4604.470033872956,1898.5780428051385
2026-09-06 14:47:34.631,0 days 02:40:59.455000,3,82.071111111109,0 days 00:01:03.018000,11744.083333333334,238.25,6,100.0,False,0,pos,4093.9984350365803,0.7101118936479396,OnTrack,1954.0,4552.0,1898.0
2026-09-06 14:47:34.771,0 days 02:40:59.595000,3,83.00444444444202,0 days 00:01:03.158000,11915.0,240.0,6,100.0,False,0,car,4103.3661111111105,0.7117367350595621,OnTrack,1896.2106266123017,4453.335786122822,1897.9397621212902
2026-09-06 14:47:34.891,0 days 02:40:59.715000,3,83.73777777777559,0 days 00:01:03.278000,11670.875,242.625,6,100.0,False,0,pos,4111.527269518305,0.7131523036639115,OnTrack,1854.0,4368.0,1898.0
2026-09-06 14:47:35.091,0 days 02:40:59.915000,3,84.95999999999822,0 days 00:01:03.478000,11264.0,247.0,6,100.0,False,0,car,4125.321666666666,0.7155449683500833,OnTrack,1816.8985951143368,4263.034942221541,1897.3158979018235
2026-09-06 14:47:35.212,0 days 02:41:00.036000,3,85.6658329599984,0 days 00:01:03.599000,10807.83024128,248.81499904,6,100.0,False,0,pos,4133.714266864261,0.7170006809776068,OnTrack,1800.0,4196.0,1897.0
2026-09-06 14:47:35.291,0 days 02:41:00.115000,3,86.12666666666519,0 days 00:01:03.678000,10510.0,250.0,7,100.0,False,0,car,4139.2105555555545,0.7179540228101802,OnTrack,1787.065929342673,4143.367204726689,1896.9967537683792
2026-09-06 14:47:35.372,0 days 02:41:00.196000,3,86.62166627555403,0 days 00:01:03.759000,10562.874958222223,250.67499946666666,7,100.0,False,0,pos,4144.859143068504,0.7189337811659551,OnTrack,1774.0,4086.0,1897.0
2026-09-06 14:47:35.651,0 days 02:41:00.475000,3,88.326666666665,0 days 00:01:04.038000,10745.0,253.0,7,100.0,False,0,car,4164.510555555555,0.7223423564146928,OnTrack,1743.0825722070133,3890.7101734013886,1896.0046553654263
2026-09-06 14:47:35.652,0 days 02:41:00.476000,3,88.33222186887328,0 days 00:01:04.039000,10745.987514827335,253.03726471046548,7,100.0,False,0,pos,4164.5819744663295,0.7223547441619713,OnTrack,1743.0,3890.0,1896.0
2026-09-06 14:47:35.812,0 days 02:41:00.636000,3,89.22111111110917,0 days 00:01:04.199000,10904.0,259.0,7,100.0,False,0,car,4176.0936111111105,0.7243514596533245,OnTrack,1731.6310406679736,3774.9439555369045,1895.217647764715
2026-09-06 14:47:35.852,0 days 02:41:00.676000,3,89.4544444444424,0 days 00:01:04.239000,10920.25,259.375,7,100.0,False,0,pos,4178.986457875574,0.7248532294821466,OnTrack,1729.0,3746.0,1895.0
2026-09-06 14:47:36.052,0 days 02:41:00.876000,3,90.62111111110858,0 days 00:01:04.439000,11001.5,261.25,7,100.0,False,0,pos,4193.522273106233,0.7273744945590511,OnTrack,1716.0,3601.0,1894.0
2026-09-06 14:47:36.132,0 days 02:41:00.956000,3,91.08777777777505,0 days 00:01:04.519000,11034.0,262.0,7,100.0,False,0,car,4199.3825,0.728390962172015,OnTrack,1711.0437767826925,3542.738422224754,1893.9931657604413
2026-09-06 14:47:36.212,0 days 02:41:01.036000,3,91.57666658824571,0 days 00:01:04.599000,11064.676686808752,263.0025061048612,7,100.0,False,0,pos,4205.271968386548,0.7294125017780785,OnTrack,1706.0,3485.0,1894.0
2026-09-06 14:47:36.432,0 days 02:41:01.256000,3,92.92111081704005,0 days 00:01:04.819000,11149.03757553282,265.7593978932294,7,100.0,False,0,pos,4221.600511023822,0.7322447188677175,OnTrack,1690.0,3325.0,1893.0
2026-09-06 14:47:36.531,0 days 02:41:01.355000,3,93.52611111110855,0 days 00:01:04.918000,11187.0,267.0,7,100.0,False,0,car,4228.974999999999,0.7335238381479651,OnTrack,1681.173283746871,3239.8097113328276,1892.568223937643
2026-09-06 14:47:36.692,0 days 02:41:01.516000,3,94.50999960888738,0 days 00:01:05.079000,11265.08496896,268.60999936,7,100.0,False,0,pos,4240.994467236709,0.7356086378310951,OnTrack,1666.0,3090.0,1892.0
2026-09-06 14:47:36.731,0 days 02:41:01.555000,3,94.74833333333208,0 days 00:01:05.118000,11284.0,269.0,7,100.0,False,0,car,4243.919444444443,0.7361159807470292,OnTrack,1662.5779121053295,3054.404910147839,1891.8691240328656
2026-09-06 14:47:36.931,0 days 02:41:01.755000,3,95.8594444444434,0 days 00:01:05.318000,11452.0,272.0,7,100.0,False,0,car,4259.030555555554,0.7387370319996147,OnTrack,1646.8910403386826,2880.7893263631804,1891.2140297443061
2026-09-06 14:47:36.991,0 days 02:41:01.815000,3,96.20944444444338,0 days 00:01:05.378000,11493.357142857143,272.85714285714283,7,100.0,False,0,pos,4263.60222745757,0.7395299972737817,OnTrack,1643.0,2836.0,1891.0
2026-09-06 14:47:37.211,0 days 02:41:02.035000,3,97.49277777777661,0 days 00:01:05.598000,11645.0,276.0,7,100.0,False,0,car,4280.497222222221,0.7424604665731406,OnTrack,1631.1801142269283,2697.3371117547313,1890.095647861868
2026-09-06 14:47:37.231,0 days 02:41:02.055000,3,97.59833333333208,0 days 00:01:05.618000,11651.7,276.3,7,100.0,False,0,pos,4282.040443634633,0.7427281412918477,OnTrack,1630.0,2684.0,1890.0
2026-09-06 14:47:37.411,0 days 02:41:02.235000,3,98.54833333333136,0 days 00:01:05.798000,11712.0,279.0,7,100.0,False,0,car,4295.997222222221,0.7451489713506088,OnTrack,1617.5381111632137,2548.819371499427,1889.0216335024902
2026-09-06 14:47:37.551,0 days 02:41:02.375000,3,99.17055555555407,0 days 00:01:05.938000,11152.875,281.1875,7,100.0,False,0,pos,4306.985543875018,0.7470549168512475,OnTrack,1607.0,2437.0,1888.0
2026-09-06 14:47:37.731,0 days 02:41:02.555000,3,99.97055555555471,0 days 00:01:06.118000,10434.0,284.0,8,100.0,False,0,car,4321.241666666665,0.7495276687372808,OnTrack,1593.8682294033572,2296.5924204559847,1886.3249264644344
2026-09-06 14:47:37.771,0 days 02:41:02.595000,3,100.13722222222142,0 days 00:01:06.158000,10436.142857142857,284.42857142857144,8,100.0,False,0,pos,4324.419136300506,0.7500788069495932,OnTrack,1591.0,2265.0,1886.0
2026-09-06 14:47:37.971,0 days 02:41:02.795000,3,100.97055555555497,0 days 00:01:06.358000,10446.857142857143,286.57142857142856,8,100.0,False,0,pos,4340.361689764128,0.752844073475528,OnTrack,1577.0,2107.0,1885.0
2026-09-06 14:47:38.011,0 days 02:41:02.835000,3,101.13722222222168,0 days 00:01:06.398000,10449.0,287.0,8,100.0,False,0,car,4343.563888888887,0.7533995010655485,OnTrack,1574.327860960171,2077.949460493259,1884.9731380120538
2026-09-06 14:47:38.211,0 days 02:41:03.035000,3,101.85944444444401,0 days 00:01:06.598000,10531.777777777777,288.6666666666667,8,100.0,False,0,pos,4359.6475689278905,0.7561892462671053,OnTrack,1559.0,1916.0,1885.0
2026-09-06 14:47:38.371,0 days 02:41:03.195000,3,102.43722222222186,0 days 00:01:06.758000,10598.0,290.0,8,100.0,False,0,car,4372.563888888887,0.758429606778231,OnTrack,1538.8078375592615,1695.4807731062208,1883.4362763899735
2026-09-06 14:47:38.411,0 days 02:41:03.235000,3,102.58166666666602,0 days 00:01:06.798000,10588.75,290.25,8,100.0,False,0,pos,4375.79545987388,0.7589901289738362,OnTrack,1534.0,1643.0,1883.0
2026-09-06 14:47:38.531,0 days 02:41:03.355000,3,103.01499999999851,0 days 00:01:06.918000,10561.0,291.0,8,100.0,False,0,car,4385.497222222221,0.7606729182914734,OnTrack,1521.923631650069,1512.2695645405877,1881.8389802490065
2026-09-06 14:47:38.811,0 days 02:41:03.635000,3,104.02611111111003,0 days 00:01:07.198000,10634.5,291.875,8,100.0,False,0,pos,4408.197503036999,0.7646103256089185,OnTrack,1504.0,1321.0,1880.0
2026-09-06 14:47:38.851,0 days 02:41:03.675000,3,104.17055555555453,0 days 00:01:07.238000,10645.0,292.0,8,100.0,False,0,car,4411.452777777777,0.7651749592665025,OnTrack,1501.982930180211,1298.988484070801,1879.8381590042707
2026-09-06 14:47:39.051,0 days 02:41:03.875000,3,104.78166666666402,0 days 00:01:07.438000,10730.0,294.0,8,100.0,False,0,car,4427.786111111111,0.7680080073115766,OnTrack,1493.4785340626393,1203.6155835309874,1879.3871546484622
2026-09-06 14:47:39.211,0 days 02:41:04.035000,3,105.22611111110875,0 days 00:01:07.598000,10752.857142857143,295.14285714285717,8,100.0,False,0,pos,4440.925225017317,0.7702870118605143,OnTrack,1485.0,1109.0,1879.0
2026-09-06 14:47:39.331,0 days 02:41:04.155000,3,105.5594444444423,0 days 00:01:07.718000,10770.0,296.0,8,100.0,False,0,car,4450.8083333333325,0.7720012559846332,OnTrack,1476.4516363968698,1015.1558048197653,1878.539433731558
2026-09-06 14:47:39.451,0 days 02:41:04.275000,3,105.89277777777625,0 days 00:01:07.838000,10785.5,296.5,8,100.0,False,0,pos,4460.706631405217,0.773718134801089,OnTrack,1467.0,913.0,1878.0
2026-09-06 14:47:39.571,0 days 02:41:04.395000,3,106.22611111111019,0 days 00:01:07.958000,10801.0,297.0,8,100.0,False,0,car,4470.608333333332,0.7754356040229472,OnTrack,1457.6197059409658,813.8223139665678,1877.4488804115902
2026-09-06 14:47:39.671,0 days 02:41:04.495000,3,106.5038888888879,0 days 00:01:08.058000,10824.125,297.0,8,100.0,False,0,pos,4478.854021750477,0.7768658345199155,OnTrack,1450.0,732.0,1877.0
2026-09-06 14:47:39.731,0 days 02:41:04.555000,3,106.67055555555453,0 days 00:01:08.118000,10838.0,297.0,8,100.0,False,0,car,4483.808333333332,0.7777251693818233,OnTrack,1445.567261836759,682.7284052614343,1876.742380572106
2026-09-06 14:47:39.891,0 days 02:41:04.715000,3,107.07055555555478,0 days 00:01:08.278000,10869.555555555555,297.8888888888889,8,100.0,False,0,pos,4497.0688183997845,0.7800252259916752,OnTrack,1434.0,551.0,1876.0
2026-09-06 14:47:40.051,0 days 02:41:04.875000,3,107.47055555555501,0 days 00:01:08.438000,10901.111111111111,298.77777777777777,8,100.0,False,0,pos,4510.378602926692,0.7823338336876534,OnTrack,1422.0,419.0,1875.0
2026-09-06 14:47:40.091,0 days 02:41:04.915000,3,107.57055555555507,0 days 00:01:08.478000,10909.0,299.0,8,100.0,False,0,car,4513.708333333331,0.7829113818235199,OnTrack,1418.8045103560767,385.467633355763,1874.7704304067217
2026-09-06 14:47:40.251,0 days 02:41:05.075000,3,107.9705555555538,0 days 00:01:08.638000,10911.0,300.0,8,100.0,False,0,pos,4527.041666666665,0.7852240741052131,OnTrack,1406.0,253.0,1874.0
2026-09-06 14:47:40.411,0 days 02:41:05.235000,3,108.32611111110873,0 days 00:01:08.798000,10940.0,301.0,8,100.0,False,0,car,4540.419444444443,0.7875444753611784,OnTrack,1395.7751579431258,135.08728250486678,1873.4259985107326
2026-09-06 14:47:40.511,0 days 02:41:05.335000,3,108.5483333333317,0 days 00:01:08.898000,10960.0,301.0,8,100.0,False,0,pos,4548.778583386997,0.7889943840697318,OnTrack,1387.0,37.0,1873.0
2026-09-06 14:47:40.571,0 days 02:41:05.395000,3,108.68166666666548,0 days 00:01:08.958000,10972.0,301.0,8,100.0,False,0,car,4553.797222222221,0.7898648766171438,OnTrack,1379.8496809533033,-39.34161678608663,1872.6765499959886
2026-09-06 14:47:40.691,0 days 02:41:05.515000,3,108.94833333333168,0 days 00:01:09.078000,10993.75,301.375,8,100.0,False,0,pos,4563.850959419464,0.7916087166485114,OnTrack,1365.0,-195.0,1872.0
2026-09-06 14:47:40.891,0 days 02:41:05.715000,3,109.39277777777534,0 days 00:01:09.278000,11030.0,302.0,8,100.0,False,0,car,4580.6416666666655,0.7945210970776192,OnTrack,1354.8054802555089,-304.5472005429641,1871.31437315937
2026-09-06 14:47:40.971,0 days 02:41:05.795000,3,109.54833333333085,0 days 00:01:09.358000,11028.666666666666,302.22222222222223,8,100.0,False,0,pos,4587.362871878764,0.7956869030339463,OnTrack,1351.0,-346.0,1871.0
2026-09-06 14:47:41.151,0 days 02:41:05.975000,3,109.89833333333075,0 days 00:01:09.538000,11025.666666666666,302.72222222222223,8,100.0,False,0,pos,4602.501844034095,0.7983127868381761,OnTrack,1337.0,-497.0,1870.0
2026-09-06 14:47:41.251,0 days 02:41:06.075000,3,110.09277777777515,0 days 00:01:09.638000,11024.0,303.0,8,100.0,False,0,car,4610.941666666666,0.7997766902877667,OnTrack,1326.4909530320665,-611.0011487394911,1869.3635546438418
2026-09-06 14:47:41.471,0 days 02:41:06.295000,3,110.45944444444315,0 days 00:01:09.858000,11069.833333333334,304.8333333333333,8,100.0,False,0,pos,4629.58050043821,0.8030096318130073,OnTrack,1303.0,-867.0,1868.0
2026-09-06 14:47:41.491,0 days 02:41:06.315000,3,110.49277777777661,0 days 00:01:09.878000,11074.0,305.0,8,100.0,False,0,car,4631.274999999999,0.8033035460173485,OnTrack,1301.4974878683724,-883.4008301427891,1867.8980190480318
2026-09-06 14:47:41.731,0 days 02:41:06.555000,3,110.82611111110964,0 days 00:01:10.118000,11133.0,305.0,8,100.0,False,0,car,4651.608333333332,0.8068304017469304,OnTrack,1292.5872484460251,-981.097570173649,1866.9859507548226
2026-09-06 14:47:41.952,0 days 02:41:06.776000,3,111.1330554666645,0 days 00:01:10.339000,11131.6187504,306.3812496,8,100.0,False,0,pos,4670.448757893571,0.8100983095817518,OnTrack,1279.0,-1131.0,1866.0
2026-09-06 14:47:42.051,0 days 02:41:06.875000,3,111.27055555555307,0 days 00:01:10.438000,11131.0,307.0,8,100.0,False,0,car,4678.897222222221,0.8115637119501289,OnTrack,1266.394265752013,-1269.7753208659647,1865.3577858742512
2026-09-06 14:47:42.112,0 days 02:41:06.936000,3,111.37222211555344,0 days 00:01:10.499000,11141.6749888,307.0,8,100.0,False,0,pos,4684.098889783412,0.8124659511816814,OnTrack,1259.0,-1351.0,1865.0
2026-09-06 14:47:42.291,0 days 02:41:07.115000,3,111.67055555555453,0 days 00:01:10.678000,11173.0,307.0,8,100.0,False,0,car,4699.363888888887,0.8151136946025277,OnTrack,1246.1881092048172,-1490.3317244856296,1864.420352660247
2026-09-06 14:47:42.492,0 days 02:41:07.316000,3,111.94972220746757,0 days 00:01:10.879000,11220.539416574782,307.83402485218915,8,100.0,False,0,pos,4716.559731635903,0.8180963465623948,OnTrack,1237.0,-1590.0,1864.0
2026-09-06 14:47:42.532,0 days 02:41:07.356000,3,112.00527777777643,0 days 00:01:10.919000,11230.0,308.0,8,100.0,False,0,car,4719.982777777776,0.8186900804918092,OnTrack,1234.341884222137,-1619.382012471975,1863.8605728483733
2026-09-06 14:47:42.712,0 days 02:41:07.536000,3,112.25527777777688,0 days 00:01:11.099000,11242.857142857143,308.0,8,100.0,False,0,pos,4735.378635491215,0.8213605215896029,OnTrack,1220.0,-1777.0,1863.0
2026-09-06 14:47:42.812,0 days 02:41:07.636000,3,112.39416666666602,0 days 00:01:11.199000,11250.0,308.0,8,100.0,False,0,car,4743.938333333332,0.8228452176245844,OnTrack,1211.8158187723143,-1863.039587155711,1862.3595056189629
2026-09-06 14:47:42.872,0 days 02:41:07.696000,3,112.47749999999928,0 days 00:01:11.259000,11251.5,308.25,8,100.0,False,0,pos,4749.079163398228,0.823736904475528,OnTrack,1207.0,-1914.0,1862.0
2026-09-06 14:47:43.052,0 days 02:41:07.876000,3,112.72749999999905,0 days 00:01:11.439000,11256.0,309.0,8,100.0,False,0,car,4764.538333333331,0.8264183271998,OnTrack,1193.1778001243204,-2067.010209364337,1861.2610288975009
2026-09-06 14:47:43.132,0 days 02:41:07.956000,3,112.79416664881376,0 days 00:01:11.519000,11270.05857364122,309.6694558876771,8,100.0,False,0,pos,4771.43877163535,0.8276152214799036,OnTrack,1187.0,-2136.0,1861.0
2026-09-06 14:47:43.291,0 days 02:41:08.115000,3,112.92666666666628,0 days 00:01:11.678000,11298.0,311.0,8,100.0,False,0,car,4785.185277777776,0.829999579379091,OnTrack,1174.2912738112877,-2275.8070712752506,1860.492772452918
2026-09-06 14:47:43.411,0 days 02:41:08.235000,3,113.02666666666592,0 days 00:01:11.798000,11275.8,311.0,8,100.0,False,0,pos,4795.553305962306,0.8317979337859963,OnTrack,1165.0,-2376.0,1860.0
2026-09-06 14:47:43.491,0 days 02:41:08.315000,3,113.09333333333234,0 days 00:01:11.878000,11261.0,311.0,8,100.0,False,0,car,4802.463055555554,0.8329964431274516,OnTrack,1159.207622625106,-2437.3271965944155,1859.57324709386
2026-09-06 14:47:43.571,0 days 02:41:08.395000,3,113.13777777777659,0 days 00:01:11.958000,11298.0,311.0,8,100.0,False,0,pos,4809.372111229718,0.8341948321073086,OnTrack,1152.0,-2514.0,1859.0
2026-09-06 14:47:43.651,0 days 02:41:08.475000,3,113.18222222222084,0 days 00:01:12.038000,11335.0,311.0,8,100.0,False,0,car,4816.285277777776,0.83539393412614,OnTrack,1141.6404427416994,-2625.738488405591,1858.2123548807244
2026-09-06 14:47:43.771,0 days 02:41:08.595000,3,112.88222222222096,0 days 00:01:12.158000,11345.333333333334,311.3333333333333,8,100.0,False,0,pos,4826.671744475244,0.8371954867285372,OnTrack,1125.0,-2806.0,1857.0
2026-09-06 14:47:44.011,0 days 02:41:08.835000,3,112.28222222222121,0 days 00:01:12.398000,11366.0,312.0,8,100.0,False,0,car,4847.485277777776,0.8408056340653017,OnTrack,1111.0588647948082,-2954.7922918014224,1856.2590199421418
2026-09-06 14:47:44.171,0 days 02:41:08.995000,3,111.70444444444213,0 days 00:01:12.558000,11435.333333333334,312.0,8,100.0,False,0,pos,4861.365391739455,0.8432131664974164,OnTrack,1104.0,-3031.0,1856.0
2026-09-06 14:47:44.251,0 days 02:41:09.075000,3,111.4155555555526,0 days 00:01:12.638000,11470.0,312.0,8,100.0,False,0,car,4868.285277777777,0.8444134340247431,OnTrack,1098.4022995145087,-3092.5266631601044,1855.7120926314522
2026-09-06 14:47:44.391,0 days 02:41:09.215000,3,110.7544444444411,0 days 00:01:12.778000,11308.0,310.5,8,100.0,False,0,pos,4880.341602598115,0.8465046267265616,OnTrack,1087.0,-3220.0,1855.0
2026-09-06 14:47:44.531,0 days 02:41:09.355000,3,110.09333333332961,0 days 00:01:12.918000,11146.0,309.0,8,100.0,False,0,car,4892.318611111111,0.8485820618624949,OnTrack,1076.5437370265875,-3340.024791399928,1854.127534964513
2026-09-06 14:47:44.551,0 days 02:41:09.375000,3,109.99333333332963,0 days 00:01:12.938000,11132.666666666666,308.6666666666667,8,100.0,False,0,pos,4894.022218647791,0.8488775558625785,OnTrack,1075.0,-3357.0,1854.0
2026-09-06 14:47:44.711,0 days 02:41:09.535000,3,109.19333333332975,0 days 00:01:13.098000,11026.0,306.0,8,100.0,False,0,pos,4907.5875454771585,0.8512304878618475,OnTrack,1062.0,-3493.0,1853.0
2026-09-06 14:47:44.771,0 days 02:41:09.595000,3,108.89333333332979,0 days 00:01:13.158000,10986.0,305.0,8,100.0,False,0,car,4912.651944444444,0.8521089175920767,OnTrack,1057.2796491777167,-3543.4622319058503,1852.6409181265783
2026-09-06 14:47:44.891,0 days 02:41:09.715000,3,107.69333333332979,0 days 00:01:13.278000,10948.2,303.2,8,100.0,False,0,pos,4922.747817846672,0.8538600662291479,OnTrack,1048.0,-3644.0,1852.0
2026-09-06 14:47:44.971,0 days 02:41:09.795000,3,106.89333333332979,0 days 00:01:13.358000,10923.0,302.0,8,100.0,False,0,car,4929.429722222222,0.8550190553798739,OnTrack,1041.5638671529307,-3711.67541348305,1851.6855174994612
2026-09-06 14:47:45.211,0 days 02:41:10.035000,3,103.22666666666464,0 days 00:01:13.598000,10687.0,296.0,8,100.0,False,0,pos,4949.163055555555,0.8584418399567796,OnTrack,1022.0,-3910.0,1851.0
2026-09-06 14:47:45.431,0 days 02:41:10.255000,3,99.0099999999973,0 days 00:01:13.818000,10555.0,291.6,8,100.0,False,0,pos,4966.875819154382,0.8615141528314642,OnTrack,1004.0,-4089.0,1850.0
2026-09-06 14:47:45.611,0 days 02:41:10.435000,3,95.55999999999676,0 days 00:01:13.998000,10447.0,288.0,8,100.0,False,0,pos,4981.163055555555,0.8639923014328429,OnTrack,981.0,-4313.0,1849.0
2026-09-06 14:47:46.011,0 days 02:41:10.835000,3,87.67111111110898,0 days 00:01:14.398000,10411.0,279.0,8,1.0,True,0,car,5012.163055555554,0.869369310987779,OnTrack,936.3598434746419,-4655.856925198106,1848.017674377811
2026-09-06 14:47:46.091,0 days 02:41:10.915000,3,86.40444444444219,0 days 00:01:14.478000,10650.6,272.6,8,0.6,True,0,pos,5018.093257427532,0.8703979158951445,OnTrack,930.0,-4699.0,1848.0
2026-09-06 14:47:46.211,0 days 02:41:11.035000,3,84.50444444444202,0 days 00:01:14.598000,11010.0,263.0,8,0.0,True,0,car,5026.774166666665,0.871903636279801,OnTrack,922.3492912921342,-4750.27938667609,1848.0674581369522
2026-09-06 14:47:46.391,0 days 02:41:11.215000,3,82.0544444444422,0 days 00:01:14.778000,11311.5,251.0,8,0.0,True,0,pos,5039.25433584019,0.8740683455989385,OnTrack,909.0,-4826.0,1848.0
2026-09-06 14:47:46.451,0 days 02:41:11.275000,3,81.23777777777559,0 days 00:01:14.838000,11412.0,247.0,8,0.0,True,0,car,5043.2408333333315,0.8747598112476919,OnTrack,901.8462166291544,-4861.37167024643,1847.7957144430725
2026-09-06 14:47:46.611,0 days 02:41:11.435000,3,79.81555555555285,0 days 00:01:14.998000,11149.333333333334,233.66666666666666,8,0.0,True,0,pos,5053.422934274992,0.8765259162171317,OnTrack,878.0,-4971.0,1847.0
2026-09-06 14:47:46.691,0 days 02:41:11.515000,3,79.10444444444147,0 days 00:01:15.078000,11018.0,227.0,7,0.0,True,0,car,5058.374166666666,0.8773847169874136,OnTrack,865.3888773575267,-5024.3987251591325,1846.6583350998205
2026-09-06 14:47:46.831,0 days 02:41:11.655000,3,78.0544444444419,0 days 00:01:15.218000,11536.583333333334,221.75,7,0.0,True,0,pos,5066.922463705,0.8788674355310768,OnTrack,839.0,-5120.0,1846.0
2026-09-06 14:47:46.931,0 days 02:41:11.755000,3,77.3044444444422,0 days 00:01:15.318000,11907.0,218.0,6,0.0,True,0,car,5072.907499999998,0.8799055515744589,OnTrack,812.6942014181553,-5197.042843965924,1845.270097128285
2026-09-06 14:47:47.091,0 days 02:41:11.915000,3,76.59333333333143,0 days 00:01:15.478000,11699.0,210.0,5,1.0,True,0,car,5082.2408333333315,0.8815244361716441,OnTrack,765.95731901473,-5317.1043549621745,1844.083050702996
2026-09-06 14:47:47.111,0 days 02:41:11.935000,3,76.54333333333143,0 days 00:01:15.498000,11659.0,209.4,5,1.0,True,0,pos,5083.3889581075655,0.8817235806194283,OnTrack,761.0,-5329.0,1844.0
2026-09-06 14:47:47.291,0 days 02:41:12.115000,3,76.09333333333143,0 days 00:01:15.678000,11299.0,204.0,5,1.0,True,0,car,5093.574166666665,0.8834902246110833,OnTrack,726.4271018651683,-5402.308320501273,1843.9680513433684
2026-09-06 14:47:47.491,0 days 02:41:12.315000,3,76.14888888888719,0 days 00:01:15.878000,11054.0,201.22222222222223,5,3.2222222222222223,True,0,pos,5104.715602262477,0.8854227280192892,OnTrack,685.0,-5462.0,1844.0
2026-09-06 14:47:47.651,0 days 02:41:12.475000,3,76.1933333333318,0 days 00:01:16.038000,10858.0,199.0,5,5.0,False,0,car,5113.474166666665,0.8869419178415101,OnTrack,631.7781478794317,-5530.831057217413,1843.0781965174592
2026-09-06 14:47:47.671,0 days 02:41:12.495000,3,76.23777777777623,0 days 00:01:16.058000,10846.6,198.4,5,6.0,False,0,pos,5114.557410914425,0.887129808637334,OnTrack,625.0,-5539.0,1843.0
2026-09-06 14:47:47.851,0 days 02:41:12.675000,3,76.63777777777614,0 days 00:01:16.238000,10744.0,193.0,5,15.0,False,0,car,5124.196388888888,0.888801707884705,OnTrack,561.7063033792524,-5603.996660941532,1842.9687282059454
2026-09-06 14:47:47.891,0 days 02:41:12.715000,3,76.80444444444285,0 days 00:01:16.278000,10728.42857142857,192.42857142857142,5,17.0,False,0,pos,5126.314175699523,0.8891690420755471,OnTrack,541.0,-5620.0,1843.0
2026-09-06 14:47:48.131,0 days 02:41:12.955000,3,77.8044444444431,0 days 00:01:16.518000,10635.0,189.0,5,29.0,False,0,car,5138.8963888888875,0.8913514511252715,OnTrack,374.25211764378713,-5725.601036515347,1843.002324950553
2026-09-06 14:47:48.151,0 days 02:41:12.975000,3,77.93777777777647,0 days 00:01:16.538000,10633.555555555555,189.0,5,30.333333333333332,False,0,pos,5139.943173012912,0.8915330178425886,OnTrack,365.0,-5731.0,1843.0
2026-09-06 14:47:48.392,0 days 02:41:13.216000,3,79.54444401777684,0 days 00:01:16.779000,10616.150004622223,189.0,5,46.399995733333334,False,0,pos,5152.5728662618,0.8937236623998529,OnTrack,318.0,-5751.0,1843.0
2026-09-06 14:47:48.491,0 days 02:41:13.315000,3,80.20444444444365,0 days 00:01:16.878000,10609.0,189.0,5,53.0,False,0,car,5157.796388888887,0.8946296924345714,OnTrack,279.66883973119843,-5763.645007131696,1842.9984691702107
2026-09-06 14:47:48.632,0 days 02:41:13.456000,3,81.34027726222094,0 days 00:01:17.019000,10770.6463552,190.5107136,5,57.0285696,False,0,pos,5165.285979440903,0.8959287763042728,OnTrack,197.0,-5785.0,1843.0
2026-09-06 14:47:48.771,0 days 02:41:13.595000,3,82.45999999999822,0 days 00:01:17.158000,10930.0,192.0,5,61.0,False,0,car,5172.7297222222205,0.8972199077900676,OnTrack,94.11551025072423,-5795.136312654408,1843.0213412171147
2026-09-06 14:47:48.972,0 days 02:41:13.796000,3,84.30249999999887,0 days 00:01:17.359000,11001.0,195.0,5,69.0,False,0,car,5183.61722222222,0.8991083655813376,OnTrack,-50.16244682811847,-5796.955223087332,1843.0113643540512
2026-09-06 14:47:48.992,0 days 02:41:13.816000,3,84.50249999999889,0 days 00:01:17.379000,11032.142857142857,195.35714285714286,5,69.42857142857143,False,0,pos,5184.711992853658,0.8992982556505539,OnTrack,-60.0,-5797.0,1843.0
2026-09-06 14:47:49.252,0 days 02:41:14.076000,3,87.10249999999905,0 days 00:01:17.639000,11437.0,200.0,5,75.0,False,0,car,5199.172777777776,0.9018065065766461,OnTrack,-133.20565692692531,-5790.966310747335,1842.8117479116886
2026-09-06 14:47:49.332,0 days 02:41:14.156000,3,87.90249999999901,0 days 00:01:17.719000,11570.5,202.0,5,77.25,False,0,pos,5203.723273888572,0.9025957988691448,OnTrack,-181.0,-5777.0,1843.0
2026-09-06 14:47:49.532,0 days 02:41:14.356000,3,89.9024999999989,0 days 00:01:17.919000,11904.25,207.0,5,82.875,False,0,pos,5215.310537700492,0.9046056320379272,OnTrack,-368.0,-5718.0,1844.0
2026-09-06 14:47:49.572,0 days 02:41:14.396000,3,90.30249999999887,0 days 00:01:17.959000,11971.0,208.0,5,84.0,False,0,car,5217.661666666665,0.9050134398739271,OnTrack,-393.86518644451223,-5709.366251583658,1844.1197530815255
2026-09-06 14:47:49.812,0 days 02:41:14.636000,3,92.70249999999942,0 days 00:01:18.199000,12361.0,215.0,5,82.0,False,0,car,5231.994999999998,0.9074995840767471,OnTrack,-454.01462905442816,-5680.921509992407,1844.0590893450556
2026-09-06 14:47:49.872,0 days 02:41:14.696000,3,93.30249989303537,0 days 00:01:18.259000,12118.325948554706,216.16991622597592,5,85.00835600965242,False,0,pos,5235.635104229239,0.9081309671484115,OnTrack,-479.0,-5666.0,1844.0
2026-09-06 14:47:50.071,0 days 02:41:14.895000,3,95.29250017827115,0 days 00:01:18.458000,11313.456752408823,220.05013962337344,5,94.98607331724598,False,0,pos,5247.872302716561,0.9102535327352494,OnTrack,-609.0,-5589.0,1844.0
2026-09-06 14:47:50.171,0 days 02:41:14.995000,3,96.29249999999774,0 days 00:01:18.558000,10909.0,222.0,6,100.0,False,0,car,5254.133333333332,0.9113395205239634,OnTrack,-659.0142691594186,-5555.677102953297,1844.370406572877
2026-09-06 14:47:50.291,0 days 02:41:15.115000,3,97.35916666666448,0 days 00:01:18.678000,11111.714285714286,225.85714285714286,6,100.0,False,0,pos,5261.750649140171,0.9126607585844905,OnTrack,-718.0,-5507.0,1845.0
2026-09-06 14:47:50.451,0 days 02:41:15.275000,3,98.7813888888868,0 days 00:01:18.838000,11382.0,231.0,6,100.0,False,0,car,5272.0999999999985,0.9144558733735447,OnTrack,-837.318526429606,-5392.879017037895,1845.7440252875372
2026-09-06 14:47:50.551,0 days 02:41:15.375000,3,99.55916666666437,0 days 00:01:18.938000,11513.388888888889,233.77777777777777,6,100.0,False,0,pos,5278.692275077879,0.9155993161504005,OnTrack,-903.0,-5327.0,1846.0
2026-09-06 14:47:50.811,0 days 02:41:15.635000,3,101.58138888888607,0 days 00:01:19.198000,11855.0,241.0,6,100.0,False,0,car,5296.199999999999,0.918636064672705,OnTrack,-970.4802645159397,-5249.39820966169,1845.7412555107344
2026-09-06 14:47:50.911,0 days 02:41:15.735000,3,102.3591666666639,0 days 00:01:19.298000,11933.0,243.5,6,100.0,False,0,pos,5303.023755763043,0.9198196582191062,OnTrack,-996.0,-5213.0,1846.0
2026-09-06 14:47:51.011,0 days 02:41:15.835000,3,103.13694444444172,0 days 00:01:19.398000,12011.0,246.0,6,100.0,False,0,car,5309.866666666666,0.9210065742614404,OnTrack,-1033.861602201643,-5159.343670705336,1846.672496577129
2026-09-06 14:47:51.071,0 days 02:41:15.895000,3,103.63694444444154,0 days 00:01:19.458000,11983.4,246.3,6,100.0,False,0,pos,5313.968400366565,0.921718027851639,OnTrack,-1058.0,-5124.0,1847.0
2026-09-06 14:47:51.211,0 days 02:41:16.035000,3,104.80361111110778,0 days 00:01:19.598000,11919.0,247.0,6,100.0,False,0,car,5323.5888888888885,0.9233867200680163,OnTrack,-1109.5081976042939,-5042.52897384135,1847.0275115121058
2026-09-06 14:47:51.291,0 days 02:41:16.115000,3,105.33694444444109,0 days 00:01:19.678000,11359.0,250.0,6,100.0,False,0,pos,5329.181538928866,0.9243567759616412,OnTrack,-1137.0,-4995.0,1847.0
2026-09-06 14:47:51.371,0 days 02:41:16.195000,3,105.87027777777439,0 days 00:01:19.758000,10799.0,253.0,6,100.0,False,0,car,5334.833333333333,0.9253370905589108,OnTrack,-1163.6189431053283,-4945.9669951500955,1847.149650223726
2026-09-06 14:47:51.571,0 days 02:41:16.395000,3,107.14805555555101,0 days 00:01:19.958000,10921.5,257.1666666666667,6,100.0,False,0,pos,5349.148317106104,0.9278200519951995,OnTrack,-1226.0,-4818.0,1848.0
2026-09-06 14:47:51.611,0 days 02:41:16.435000,3,107.40361111110633,0 days 00:01:19.998000,10946.0,258.0,7,100.0,False,0,car,5352.033333333334,0.9283204636022949,OnTrack,-1237.6641093457208,-4791.8202815613895,1848.1675401147581
2026-09-06 14:47:51.811,0 days 02:41:16.635000,3,108.68138888888522,0 days 00:01:20.198000,11044.333333333334,261.3333333333333,7,100.0,False,0,pos,5366.5601310736265,0.9308401645781716,OnTrack,-1292.0,-4658.0,1849.0
2026-09-06 14:47:51.851,0 days 02:41:16.675000,3,108.936944444441,0 days 00:01:20.238000,11064.0,262.0,7,100.0,False,0,car,5369.5,0.9313500904913127,OnTrack,-1302.1230180288371,-4630.57238506098,1849.1889797231638
2026-09-06 14:47:52.011,0 days 02:41:16.835000,3,109.9147222222191,0 days 00:01:20.398000,11150.0,266.0,7,100.0,False,0,pos,5381.392104749052,0.9334127989062792,OnTrack,-1340.0,-4519.0,1850.0
2026-09-06 14:47:52.091,0 days 02:41:16.915000,3,110.40361111110815,0 days 00:01:20.478000,11193.0,268.0,7,100.0,False,0,car,5387.366666666666,0.9344490981487813,OnTrack,-1357.1688589391158,-4462.56641289393,1850.3948892625885
2026-09-06 14:47:52.211,0 days 02:41:17.035000,3,111.10361111110834,0 days 00:01:20.598000,11244.6,268.6,7,100.0,False,0,pos,5396.323396118002,0.9360026600791301,OnTrack,-1381.0,-4377.0,1851.0
2026-09-06 14:47:52.291,0 days 02:41:17.115000,3,111.57027777777512,0 days 00:01:20.678000,11279.0,269.0,7,100.0,False,0,car,5402.31111111111,0.9370412407478456,OnTrack,-1395.9047247641602,-4319.164152115774,1851.4433631110994
2026-09-06 14:47:52.391,0 days 02:41:17.215000,3,112.20916666666342,0 days 00:01:20.778000,11374.416666666666,270.25,7,100.0,False,0,pos,5409.8309072397415,0.9383455638328398,OnTrack,-1413.0,-4246.0,1852.0
2026-09-06 14:47:52.531,0 days 02:41:17.355000,3,113.10361111110706,0 days 00:01:20.918000,11508.0,272.0,7,100.0,False,0,car,5420.444444444444,0.9401865022509482,OnTrack,-1433.184256613874,-4142.027494899498,1852.694009377886
2026-09-06 14:47:52.591,0 days 02:41:17.415000,3,113.47027777777384,0 days 00:01:20.978000,11528.4375,273.125,7,100.0,False,0,pos,5425.033135000122,0.9409824194432875,OnTrack,-1441.0,-4097.0,1853.0
2026-09-06 14:47:52.771,0 days 02:41:17.595000,3,114.57027777777421,0 days 00:01:21.158000,11589.75,276.5,7,100.0,False,0,pos,5438.933905307191,0.9433935347581938,OnTrack,-1462.0,-3961.0,1854.0
2026-09-06 14:47:52.851,0 days 02:41:17.675000,3,115.05916666666326,0 days 00:01:21.238000,11617.0,278.0,7,100.0,False,0,car,5445.155555555555,0.9444726919463526,OnTrack,-1469.272175416049,-3901.0785865956896,1854.4287100016277
2026-09-06 14:47:52.971,0 days 02:41:17.795000,3,115.75916666666325,0 days 00:01:21.358000,11657.363636363636,279.6363636363636,7,100.0,False,0,pos,5454.530019523043,0.946098710731049,OnTrack,-1478.0,-3811.0,1855.0
2026-09-06 14:47:53.291,0 days 02:41:18.115000,3,117.62583333332987,0 days 00:01:21.678000,11765.0,284.0,7,100.0,False,0,pos,5479.866666666666,0.9504934008530268,OnTrack,-1493.0,-3562.0,1856.0
2026-09-06 14:47:54.111,0 days 02:41:18.935000,3,121.49805555555255,0 days 00:01:22.498000,10913.761904761905,296.6904761904762,7,100.0,False,0,pos,5547.506039095721,0.9622255799446695,OnTrack,-1498.0,-2902.0,1860.0
2026-09-06 14:47:54.131,0 days 02:41:18.955000,3,121.59249999999702,0 days 00:01:22.518000,10893.0,297.0,8,100.0,False,0,car,5549.166666666666,0.9625136189871265,OnTrack,-1497.7032326762376,-2885.6810502795875,1860.1138898535066
2026-09-06 14:47:54.291,0 days 02:41:19.115000,3,122.34805555555249,0 days 00:01:22.678000,10929.0,299.0,8,100.0,False,0,car,5562.455555555554,0.9648186022945471,OnTrack,-1494.799313861869,-2754.0071776065665,1860.9282272107876
2026-09-06 14:47:54.331,0 days 02:41:19.155000,3,122.514722222219,0 days 00:01:22.718000,10952.25,299.5,8,100.0,False,0,pos,5565.789627917806,0.965396903550956,OnTrack,-1494.0,-2720.0,1861.0
2026-09-06 14:47:54.451,0 days 02:41:19.275000,3,123.01472222221855,0 days 00:01:22.838000,11022.0,301.0,8,100.0,False,0,car,5575.833333333332,0.9671390035505124,OnTrack,-1491.501250498414,-2614.5823746646042,1860.7956934102206
2026-09-06 14:47:54.551,0 days 02:41:19.375000,3,123.37583333332961,0 days 00:01:22.938000,11080.92857142857,302.42857142857144,8,100.0,False,0,pos,5584.259159786581,0.968600479335911,OnTrack,-1489.0,-2527.0,1861.0
2026-09-06 14:47:54.651,0 days 02:41:19.475000,3,123.73694444444065,0 days 00:01:23.038000,11139.857142857143,303.85714285714283,8,100.0,False,0,pos,5592.736644192464,0.9700709152924354,OnTrack,-1486.0,-2443.0,1862.0
2026-09-06 14:47:54.731,0 days 02:41:19.555000,3,124.0258333333295,0 days 00:01:23.118000,11187.0,305.0,8,100.0,False,0,car,5599.555555555555,0.971253668568358,OnTrack,-1483.740416660416,-2378.8548286846285,1862.4859401988613
2026-09-06 14:47:54.932,0 days 02:41:19.756000,3,124.52833317332848,0 days 00:01:23.319000,11278.7062208,308.140624,8,100.0,False,0,pos,5616.829609652526,0.9742498864371292,OnTrack,-1477.0,-2205.0,1863.0
2026-09-06 14:47:55.051,0 days 02:41:19.875000,3,124.82583333332786,0 days 00:01:23.438000,11333.0,310.0,8,100.0,False,0,car,5627.111111111111,0.9760332326171905,OnTrack,-1470.0211690225394,-2064.860941968501,1864.1805123855731
2026-09-06 14:47:55.212,0 days 02:41:20.036000,3,125.18361096888334,0 days 00:01:23.599000,11388.54497792,311.60999936,8,100.0,False,0,pos,5641.055924699826,0.9784519873239109,OnTrack,-1460.0,-1878.0,1866.0
2026-09-06 14:47:55.251,0 days 02:41:20.075000,3,125.27027777777221,0 days 00:01:23.638000,11402.0,312.0,8,100.0,False,0,car,5644.444444444445,0.9790397325833916,OnTrack,-1458.178163989352,-1844.192468212647,1866.2666606199095
2026-09-06 14:47:55.552,0 days 02:41:20.376000,3,125.6883333277894,0 days 00:01:23.939000,11481.704048788346,314.8130840748828,8,100.0,False,0,pos,5670.770957790328,0.9836061168998103,OnTrack,-1448.0,-1669.0,1867.0
2026-09-06 14:47:55.572,0 days 02:41:20.396000,3,125.71611111110542,0 days 00:01:23.959000,11487.0,315.0,8,100.0,False,0,car,5672.531944444445,0.9839115634180456,OnTrack,-1447.0521947290117,-1654.5601261249167,1867.089014027394
2026-09-06 14:47:55.852,0 days 02:41:20.676000,3,125.8716666666619,0 days 00:01:24.239000,11613.875,318.5,8,100.0,False,0,pos,5697.329874611166,0.9882128120454359,OnTrack,-1428.0,-1381.0,1869.0
2026-09-06 14:47:55.892,0 days 02:41:20.716000,3,125.89388888888425,0 days 00:01:24.279000,11632.0,319.0,8,100.0,False,0,car,5700.8875,0.9888298890037793,OnTrack,-1424.3928100118364,-1331.167756571163,1869.2526740676662
2026-09-06 14:47:56.032,0 days 02:41:20.856000,3,125.85499999999486,0 days 00:01:24.419000,11653.0,320.1666666666667,8,100.0,False,0,pos,5713.361539093096,0.9909935350486901,OnTrack,-1411.0,-1149.0,1870.0
2026-09-06 14:47:56.132,0 days 02:41:20.956000,3,125.82722222221673,0 days 00:01:24.519000,11668.0,321.0,8,100.0,False,0,car,5722.2875,0.9925417601158968,OnTrack,-1402.4542192853128,-1035.3499076402463,1870.3783669825516
2026-09-06 14:47:56.332,0 days 02:41:21.156000,3,125.71611111110724,0 days 00:01:24.719000,11747.0,322.0,8,100.0,False,0,car,5740.176388888888,0.9956446222605014,OnTrack,-1388.1158208426134,-851.1488617594479,1870.8276288152254
2026-09-06 14:47:56.412,0 days 02:41:21.236000,3,125.71611111110724,0 days 00:01:24.799000,11757.322578277259,322.5734765709588,8,100.0,False,0,pos,5747.3566841314705,0.9968900582645863,OnTrack,-1383.0,-787.0,1871.0
2026-09-06 14:47:56.477,0 days 02:41:21.301000,3,125.71611111110724,0 days 00:01:24.864000,11765.709664869468,323.0394258260815,8,100.0,False,0,interpolation,5753.202334941906,0.997903997627894,OnTrack,-1379.065672680807,-738.2724291897766,1871.147100389732
