Date,SessionTime,DriverAhead,DistanceToDriverAhead,Time,RPM,Speed,nGear,Throttle,Brake,DRS,Source,Distance,RelativeDistance,Status,X,Y,Z
2026-09-06 14:53:27.288,0 days 02:46:52.112000,,223.15972222222223,0 days 00:00:00,11069.975,315.975,8,100.0,False,0,interpolation,0.04289264644860021,7.459985669528969e-06,OnTrack,-1375.1774641653371,-689.1898796458155,1870.9893610886738
2026-09-06 14:53:27.291,0 days 02:46:52.115000,,223.15972222222223,0 days 00:00:00.003000,11069.9937504,315.9937504,8,100.0,False,0,pos,0.30656000138039674,5.331760584857185e-05,OnTrack,-1375.0,-687.0,1871.0
2026-09-06 14:53:27.292,0 days 02:46:52.116000,,223.15972222222223,0 days 00:00:00.004000,11070.0,316.0,8,100.0,False,0,car,0.39444444444444215,6.86026661121764e-05,OnTrack,-1374.9412904140263,-686.2758399614789,1871.003551394983
2026-09-06 14:53:27.532,0 days 02:46:52.356000,63,223.15972222222223,0 days 00:00:00.244000,11121.0,317.0,8,100.0,False,0,car,21.527777777777775,0.003744159594150493,OnTrack,-1365.0361490569287,-569.0826758512977,1871.881662350453
2026-09-06 14:53:27.571,0 days 02:46:52.395000,63,223.19222227555557,0 days 00:00:00.283000,11124.621434514285,317.13928594285716,8,100.0,False,0,pos,24.968963617782883,0.00434265838539173,OnTrack,-1363.0,-546.0,1872.0
2026-09-06 14:53:27.812,0 days 02:46:52.636000,63,223.39305555555558,0 days 00:00:00.524000,11147.0,318.0,8,100.0,False,0,car,46.261111111111106,0.00804583662980417,OnTrack,-1344.5124663019433,-338.0744034235698,1872.598527971063
2026-09-06 14:53:27.891,0 days 02:46:52.715000,63,223.43694448000002,0 days 00:00:00.603000,11130.2124864,318.0,8,100.0,False,0,pos,53.23985909607406,0.009259596196294581,OnTrack,-1338.0,-265.0,1873.0
2026-09-06 14:53:28.031,0 days 02:46:52.855000,63,223.51472225777778,0 days 00:00:00.743000,11100.4624864,318.0,8,100.0,False,0,pos,65.60582003783938,0.011410311972857202,OnTrack,-1327.0,-142.0,1874.0
2026-09-06 14:53:28.052,0 days 02:46:52.876000,63,223.52638888888887,0 days 00:00:00.764000,11096.0,318.0,8,100.0,False,0,car,67.46111111111111,0.011732988374650179,OnTrack,-1325.3444422065359,-123.69872913026973,1874.1215362292482
2026-09-06 14:53:28.212,0 days 02:46:53.036000,63,223.61527777777775,0 days 00:00:00.924000,11104.0,318.0,8,100.0,False,0,car,81.59444444444445,0.014191089537880853,OnTrack,-1312.5812786530637,16.183053000689917,1874.7218419311926
2026-09-06 14:53:28.271,0 days 02:46:53.095000,63,223.66444449777774,0 days 00:00:00.983000,11101.9718728,317.8156248,8,100.0,False,0,pos,86.79752288041415,0.015096020657397659,OnTrack,-1308.0,68.0,1875.0
2026-09-06 14:53:28.431,0 days 02:46:53.255000,63,223.79777783111106,0 days 00:00:01.143000,11096.4718728,317.3156248,8,100.0,False,0,pos,100.88179188728174,0.017545588442470884,OnTrack,-1296.0,209.0,1876.0
2026-09-06 14:53:28.532,0 days 02:46:53.356000,63,223.8819444444444,0 days 00:00:01.244000,11093.0,317.0,8,100.0,False,0,car,109.77222222222223,0.01909183210859861,OnTrack,-1288.3023822251005,297.7996715814022,1876.358196884424
2026-09-06 14:53:28.692,0 days 02:46:53.516000,63,224.01527777777773,0 days 00:00:01.404000,11088.0,317.0,8,100.0,False,0,car,123.86111111111111,0.021542203393957488,OnTrack,-1275.9565502769185,437.93938899332784,1876.76033648719
2026-09-06 14:53:28.731,0 days 02:46:53.555000,63,224.05861118222217,0 days 00:00:01.443000,11084.424994133333,316.91874986666664,8,100.0,False,0,pos,127.291651201731,0.02213885065249019,OnTrack,-1273.0,472.0,1877.0
2026-09-06 14:53:28.851,0 days 02:46:53.675000,63,224.1919445155555,0 days 00:00:01.563000,11073.424994133333,316.66874986666664,8,100.0,False,0,pos,137.83471730529732,0.02397252445342375,OnTrack,-1264.0,577.0,1878.0
2026-09-06 14:53:29.091,0 days 02:46:53.915000,63,224.45861118222214,0 days 00:00:01.803000,11051.424994133333,316.16874986666664,8,100.0,False,0,pos,158.88618725997188,0.027633843518279952,OnTrack,-1246.0,788.0,1879.0
2026-09-06 14:53:29.172,0 days 02:46:53.996000,63,224.54861111111103,0 days 00:00:01.884000,11044.0,316.0,8,100.0,False,0,car,165.99444444444444,0.028870127616418734,OnTrack,-1240.5292368774221,850.9189799167435,1879.1810480181048
2026-09-06 14:53:29.391,0 days 02:46:54.215000,63,224.7919445155555,0 days 00:00:02.103000,11033.0499968,316.0,8,100.0,False,0,pos,185.22616181934507,0.03221495121430789,OnTrack,-1223.0,1050.0,1880.0
2026-09-06 14:53:29.572,0 days 02:46:54.396000,63,224.99305555555554,0 days 00:00:02.284000,11024.0,316.0,8,100.0,False,0,car,201.10555555555555,0.03497673113513644,OnTrack,-1199.0502932302238,1324.4451425357427,1881.8434705496004
2026-09-06 14:53:29.591,0 days 02:46:54.415000,63,225.0194445333333,0 days 00:00:02.303000,11023.63055431111,315.94722204444446,8,100.0,False,0,pos,202.7703323844466,0.03526627287048667,OnTrack,-1197.0,1348.0,1882.0
2026-09-06 14:53:29.932,0 days 02:46:54.756000,63,225.49305555555551,0 days 00:00:02.644000,11017.0,315.0,8,100.0,False,0,car,232.60555555555558,0.04045528207677085,OnTrack,-1181.139519133023,1532.1051638473725,1882.8805068493225
2026-09-06 14:53:29.971,0 days 02:46:54.795000,63,225.54722231111108,0 days 00:00:02.683000,11019.437504,315.0,8,100.0,False,0,pos,236.0189029043088,0.04104893913491806,OnTrack,-1179.0,1557.0,1883.0
2026-09-06 14:53:30.092,0 days 02:46:54.916000,63,225.71527777777777,0 days 00:00:02.804000,11027.0,315.0,8,100.0,False,0,car,246.60555555555555,0.042890193606386136,OnTrack,-1170.0780344130135,1660.5600772201142,1883.5620327668198
2026-09-06 14:53:30.171,0 days 02:46:54.995000,63,225.84694455111108,0 days 00:00:02.883000,11019.429160533333,314.67083306666666,8,100.0,False,0,pos,253.5029004569974,0.04408979536526142,OnTrack,-1164.0,1732.0,1884.0
2026-09-06 14:53:30.332,0 days 02:46:55.156000,63,226.1152777777777,0 days 00:00:03.044000,11004.0,314.0,8,100.0,False,0,car,267.5388888888889,0.046530966084001375,OnTrack,-1152.7666106781803,1867.1200987775824,1884.8960067471808
2026-09-06 14:53:30.352,0 days 02:46:55.176000,63,226.14861111111102,0 days 00:00:03.064000,11003.318181818182,314.0,8,100.0,False,0,pos,269.2832037749055,0.04683434125737577,OnTrack,-1151.0,1888.0,1885.0
2026-09-06 14:53:30.572,0 days 02:46:55.396000,63,226.5152777777777,0 days 00:00:03.284000,10995.818181818182,314.0,8,100.0,False,0,pos,288.4845839947008,0.05017388854892624,OnTrack,-1127.0,2166.0,1886.0
2026-09-06 14:53:30.772,0 days 02:46:55.596000,63,226.84861111111104,0 days 00:00:03.484000,10989.0,314.0,8,100.0,False,0,car,305.9166666666667,0.05320571562629599,OnTrack,-1115.9503733687727,2294.157454683792,1886.741887487683
2026-09-06 14:53:30.872,0 days 02:46:55.696000,63,227.07083333333327,0 days 00:00:03.584000,10980.875,313.375,8,100.0,False,0,pos,314.61194350450484,0.054718017756699475,OnTrack,-1112.0,2340.0,1887.0
2026-09-06 14:53:30.932,0 days 02:46:55.756000,63,227.2041666666666,0 days 00:00:03.644000,10976.0,313.0,8,100.0,False,0,car,319.8277777777778,0.05562516740016769,OnTrack,-1109.4024486145415,2370.0162086013625,1887.1070231313893
2026-09-06 14:53:31.252,0 days 02:46:56.076000,63,227.91527791955687,0 days 00:00:03.964000,10939.11525744354,313.0,8,100.0,False,0,pos,347.6501592720934,0.06046409864887226,OnTrack,-1088.0,2616.0,1888.0
2026-09-06 14:53:31.253,0 days 02:46:56.077000,63,227.9174999999999,0 days 00:00:03.965000,10939.0,313.0,8,100.0,False,0,car,347.7369444444444,0.06047919252149778,OnTrack,-1087.89083429035,2617.2544457255203,1888.0080859732457
2026-09-06 14:53:31.452,0 days 02:46:56.276000,63,228.41500015999986,0 days 00:00:04.164000,10926.562496,312.17083306666666,8,100.0,False,0,pos,364.98477717457024,0.06347897443403058,OnTrack,-1064.0,2892.0,1890.0
2026-09-06 14:53:31.493,0 days 02:46:56.317000,63,228.51749999999987,0 days 00:00:04.205000,10924.0,312.0,8,100.0,False,0,car,368.53694444444443,0.06409677536549764,OnTrack,-1060.641588502055,2930.7672453216483,1890.2684566286703
2026-09-06 14:53:31.813,0 days 02:46:56.637000,63,229.31749999999982,0 days 00:00:04.525000,10920.0,312.0,8,100.0,False,0,car,396.2702777777778,0.06892021915749745,OnTrack,-1048.7974301142676,3071.5745803734353,1890.6782175190003
2026-09-06 14:53:31.872,0 days 02:46:56.696000,63,229.4813890666665,0 days 00:00:04.584000,10918.5249984,312.0,8,100.0,False,0,pos,401.3836972752319,0.06980955659250535,OnTrack,-1042.0,3152.0,1891.0
2026-09-06 14:53:31.973,0 days 02:46:56.797000,63,229.76194444444434,0 days 00:00:04.685000,10916.0,312.0,8,100.0,False,0,car,410.1369444444444,0.07133194105349734,OnTrack,-1025.840853517107,3342.5865265282728,1891.8448612968211
2026-09-06 14:53:31.992,0 days 02:46:56.816000,63,229.80944460444434,0 days 00:00:04.704000,10915.23999744,312.0,8,100.0,False,0,pos,411.7836056034124,0.07161833207073598,OnTrack,-1023.0,3376.0,1892.0
2026-09-06 14:53:32.173,0 days 02:46:56.997000,63,230.26194444444434,0 days 00:00:04.885000,10908.0,312.0,8,100.0,False,0,car,427.47027777777777,0.07434659342349724,OnTrack,-1005.6881334170814,3577.5863980929257,1893.0611077481778
2026-09-06 14:53:32.373,0 days 02:46:57.197000,63,230.81749999999988,0 days 00:00:05.085000,10909.0,312.0,8,100.0,False,0,car,444.80361111111114,0.07736124579349712,OnTrack,-1001.0051519995491,3628.3403578034486,1893.6048124915835
2026-09-06 14:53:32.492,0 days 02:46:57.316000,63,231.08194458666654,0 days 00:00:05.204000,10914.578128,312.0,8,100.0,False,0,pos,455.11605370860707,0.07915480903486417,OnTrack,-996.0,3687.0,1894.0
2026-09-06 14:53:32.693,0 days 02:46:57.517000,63,231.528611111111,0 days 00:00:05.405000,10924.0,312.0,8,100.0,False,0,car,472.5369444444445,0.08218468958549693,OnTrack,-981.8013979158644,3855.4211011231937,1894.8913001163005
2026-09-06 14:53:32.712,0 days 02:46:57.536000,63,231.5391667022221,0 days 00:00:05.424000,10923.2874976,312.0,8,100.0,False,0,pos,474.18425057240216,0.08247119277719481,OnTrack,-980.0,3876.0,1895.0
2026-09-06 14:53:32.872,0 days 02:46:57.696000,63,231.62805559111098,0 days 00:00:05.584000,10917.2874976,312.0,8,100.0,False,0,pos,488.05986200310144,0.08488447036669991,OnTrack,-963.0,4066.0,1896.0
2026-09-06 14:53:33.013,0 days 02:46:57.837000,63,231.70638888888874,0 days 00:00:05.725000,10912.0,312.0,8,100.0,False,0,car,500.2702777777778,0.08700813337749674,OnTrack,-952.0744063207254,4191.219323796309,1896.5203569551682
2026-09-06 14:53:33.173,0 days 02:46:57.997000,63,231.75083333333316,0 days 00:00:05.885000,10884.0,311.0,8,100.0,False,0,car,514.0925,0.08941212539562485,OnTrack,-943.9723715511077,4289.023529597123,1896.754691695046
2026-09-06 14:53:33.271,0 days 02:46:58.095000,63,231.4513884977776,0 days 00:00:05.983000,10886.4500032,311.0,8,100.0,False,0,pos,522.5545879733114,0.09088387079354164,OnTrack,-938.0,4359.0,1897.0
2026-09-06 14:53:33.511,0 days 02:46:58.335000,63,230.71805516444425,0 days 00:00:06.223000,10892.4500032,311.0,8,100.0,False,0,pos,543.2891009628587,0.09449006398919925,OnTrack,-920.0,4566.0,1898.0
2026-09-06 14:53:33.533,0 days 02:46:58.357000,63,230.65083333333314,0 days 00:00:06.245000,10893.0,311.0,8,100.0,False,0,car,545.1925,0.0948211074364131,OnTrack,-918.3719003061403,4585.300186570979,1898.111359675308
2026-09-06 14:53:33.691,0 days 02:46:58.515000,63,228.63194316880228,0 days 00:00:06.403000,10900.922010576578,311.44011169869873,8,100.0,False,0,pos,558.8777747900193,0.09720128124871105,OnTrack,-907.0,4722.0,1899.0
2026-09-06 14:53:33.851,0 days 02:46:58.675000,63,226.587499088827,0 days 00:00:06.563000,10908.944293268984,311.8857940704991,8,100.0,False,0,pos,572.7514483711864,0.09961422180306126,OnTrack,-895.0,4860.0,1900.0
2026-09-06 14:53:33.892,0 days 02:46:58.716000,63,226.06361111111096,0 days 00:00:06.604000,10911.0,312.0,8,100.0,False,0,car,576.3058333333333,0.10023240844056289,OnTrack,-891.8704819831187,4895.627855545352,1900.1940798523462
2026-09-06 14:53:34.131,0 days 02:46:58.955000,63,219.7566649777776,0 days 00:00:06.843000,10916.2281264,312.0,8,100.0,False,0,pos,597.0194957385246,0.10383497525563137,OnTrack,-874.0,5101.0,1901.0
2026-09-06 14:53:34.212,0 days 02:46:59.036000,63,217.6191666666665,0 days 00:00:06.924000,10918.0,312.0,8,100.0,False,0,car,604.0391666666667,0.1050558522325627,OnTrack,-868.6190570785396,5165.789944622799,1901.429505346309
2026-09-06 14:53:34.311,0 days 02:46:59.135000,63,214.42916460444434,0 days 00:00:07.023000,10924.43500416,312.0,8,100.0,False,0,pos,612.6192145916511,0.10654811349093386,OnTrack,-861.0,5257.0,1902.0
2026-09-06 14:53:34.412,0 days 02:46:59.236000,63,211.17472222222216,0 days 00:00:07.124000,10931.0,312.0,8,100.0,False,0,car,621.3725,0.10807050460256257,OnTrack,-849.9020285273585,5385.183564333564,1902.4919701853903
2026-09-06 14:53:34.551,0 days 02:46:59.375000,63,205.9236086933332,0 days 00:00:07.263000,10904.58998784,312.0,8,100.0,False,0,pos,633.4183129834594,0.11016553952520651,OnTrack,-834.0,5567.0,1903.0
2026-09-06 14:53:34.612,0 days 02:46:59.436000,63,203.6191666666665,0 days 00:00:07.324000,10893.0,312.0,8,100.0,False,0,car,638.7058333333333,0.11108515697256245,OnTrack,-829.0920695959622,5623.885101567856,1903.1523984433873
2026-09-06 14:53:34.892,0 days 02:46:59.716000,63,191.71916666666652,0 days 00:00:07.604000,10905.0,312.0,8,100.0,False,0,car,662.9725,0.11530567029056228,OnTrack,-817.1681136597881,5766.239983262944,1903.7742050471088
2026-09-06 14:53:34.931,0 days 02:46:59.755000,63,189.9316637333332,0 days 00:00:07.643000,10904.0249984,311.7562496,8,100.0,False,0,pos,666.3443748631895,0.11589211436061944,OnTrack,-815.0,5791.0,1904.0
2026-09-06 14:53:35.052,0 days 02:46:59.876000,63,184.38583333333327,0 days 00:00:07.764000,10901.0,311.0,8,100.0,False,0,car,676.7947222222222,0.11770966230869039,OnTrack,-806.5312925378308,5885.78530322972,1904.9924077151459
2026-09-06 14:53:35.171,0 days 02:46:59.995000,63,178.30360783999998,0 days 00:00:07.883000,10895.899997257144,311.0,8,100.0,False,0,pos,687.0725985174191,0.11949721370091429,OnTrack,-796.0,6007.0,1906.0
2026-09-06 14:53:35.332,0 days 02:47:00.156000,63,170.07472222222225,0 days 00:00:08.044000,10889.0,311.0,8,100.0,False,0,car,700.983611111111,0.12191664834041457,OnTrack,-779.7164289837785,6204.512702332823,1906.890653286318
2026-09-06 14:53:35.351,0 days 02:47:00.175000,63,169.05610768000003,0 days 00:00:08.063000,10883.96498304,311.0,8,100.0,False,0,pos,702.6259866306265,0.12220229398958787,OnTrack,-778.0,6225.0,1907.0
2026-09-06 14:53:35.511,0 days 02:47:00.335000,63,160.4783299022223,0 days 00:00:08.223000,10841.56498304,311.0,8,100.0,False,0,pos,716.4512710776187,0.12460681859674447,OnTrack,-766.0,6363.0,1908.0
2026-09-06 14:53:35.532,0 days 02:47:00.356000,63,159.35250000000008,0 days 00:00:08.244000,10836.0,311.0,8,100.0,False,0,car,718.2613888888887,0.12492163836307471,OnTrack,-764.5370000916577,6379.74247490452,1908.1053128918409
2026-09-06 14:53:35.731,0 days 02:47:00.555000,63,148.29694088888897,0 days 00:00:08.443000,10764.928548571428,309.5785709714286,8,100.0,False,0,pos,735.3511122762532,0.12789392154263396,OnTrack,-751.0,6540.0,1909.0
2026-09-06 14:53:35.812,0 days 02:47:00.636000,63,143.79694444444453,0 days 00:00:08.524000,10736.0,309.0,8,100.0,False,0,car,742.294722222222,0.1291015698222476,OnTrack,-745.6578364543964,6608.954041733787,1909.68904942803
2026-09-06 14:53:35.851,0 days 02:47:00.675000,63,141.59777416888898,0 days 00:00:08.563000,10714.062464,308.7562496,8,100.0,False,0,pos,745.6379637929696,0.1296830339255978,OnTrack,-743.0,6643.0,1910.0
2026-09-06 14:53:35.972,0 days 02:47:00.796000,63,134.7747222222223,0 days 00:00:08.684000,10646.0,308.0,8,100.0,False,0,car,755.9836111111109,0.13148237220676035,OnTrack,-734.0951840724421,6751.954780068209,1910.6080023490906
2026-09-06 14:53:36.211,0 days 02:47:01.035000,63,121.29777416888888,0 days 00:00:08.923000,10288.4957376,301.0291648,8,39.25415039999999,False,0,pos,775.9689518283461,0.134958267673595,OnTrack,-716.0,6962.0,1911.0
2026-09-06 14:53:36.212,0 days 02:47:01.036000,63,121.24138888888888,0 days 00:00:08.924000,10287.0,301.0,8,39.0,True,0,car,776.0502777777776,0.1349724120658756,OnTrack,-715.9329726397737,6962.781273353236,1911.00262035138
2026-09-06 14:53:36.452,0 days 02:47:01.276000,63,108.8413888888889,0 days 00:00:09.164000,9329.0,280.0,8,0.0,True,0,car,794.7169444444443,0.1382189607720293,OnTrack,-701.4653512246429,7133.426293502683,1911.8652936594028
2026-09-06 14:53:36.491,0 days 02:47:01.315000,63,107.23805292444445,0 days 00:00:09.203000,9415.558475377778,275.124992,8,0.0,True,0,pos,797.5097185766882,0.13870468633875874,OnTrack,-699.0,7163.0,1912.0
2026-09-06 14:53:36.811,0 days 02:47:01.635000,63,94.08249736888884,0 days 00:00:09.523000,10125.7806976,235.124992,8,0.0,True,0,pos,818.1555464442118,0.1422954552182649,OnTrack,-677.0,7431.0,1913.0
2026-09-06 14:53:36.812,0 days 02:47:01.636000,63,94.04138888888883,0 days 00:00:09.524000,10128.0,235.0,8,0.0,True,0,car,818.2169444444443,0.1423061336967407,OnTrack,-676.9383653430777,7431.758055640513,1913.004380255785
2026-09-06 14:53:37.012,0 days 02:47:01.836000,63,86.763611111111,0 days 00:00:09.724000,10540.0,214.0,8,0.0,True,0,car,830.1058333333332,0.14437387602744572,OnTrack,-666.2142780506507,7564.555474434314,1914.129334959126
2026-09-06 14:53:37.212,0 days 02:47:02.036000,63,80.93027777777762,0 days 00:00:09.924000,10251.42857142857,192.57142857142858,8,0.0,True,0,pos,840.5176885097959,0.1461847293284353,OnTrack,-658.0,7662.0,1915.0
2026-09-06 14:53:37.292,0 days 02:47:02.116000,63,78.59694444444426,0 days 00:00:10.004000,10136.0,184.0,8,0.0,True,0,car,844.4169444444443,0.1468628967021636,OnTrack,-655.2281088772057,7691.663006956105,1915.0692853636854
2026-09-06 14:53:37.552,0 days 02:47:02.376000,63,72.38583191870255,0 days 00:00:10.264000,10857.708349428236,166.4199248216199,8,0.0,True,0,pos,856.394198661318,0.14894600772972066,OnTrack,-647.0,7773.0,1915.0
2026-09-06 14:53:37.573,0 days 02:47:02.397000,63,71.88416666666649,0 days 00:00:10.285000,10916.0,165.0,6,0.0,True,0,car,857.296111111111,0.14910287037419956,OnTrack,-646.2443523849162,7781.053878047318,1915.067331825707
2026-09-06 14:53:37.752,0 days 02:47:02.576000,63,68.80138778666647,0 days 00:00:10.464000,10580.37488,152.0722176,6,0.0,True,0,pos,864.5316365440834,0.15036128925274023,OnTrack,-639.0,7857.0,1916.0
2026-09-06 14:53:37.933,0 days 02:47:02.757000,63,65.68416666666644,0 days 00:00:10.645000,10241.0,139.0,3,0.0,True,0,car,871.196111111111,0.15152038967860332,OnTrack,-629.9365296023524,7927.977584679035,1916.797360947535
2026-09-06 14:53:38.052,0 days 02:47:02.876000,63,64.0644435733331,0 days 00:00:10.764000,10320.050042514285,131.3499958857143,3,0.0,True,0,pos,875.3154193256639,0.15223682904043576,OnTrack,-624.0,7969.0,1917.0
2026-09-06 14:53:38.092,0 days 02:47:02.916000,63,63.51999912888866,0 days 00:00:10.804000,10346.621471085715,128.7785673142857,3,0.0,True,0,pos,876.6542477286059,0.1524696810914715,OnTrack,-622.0,7982.0,1917.0
2026-09-06 14:53:38.213,0 days 02:47:03.037000,63,61.87305555555531,0 days 00:00:10.925000,10427.0,121.0,2,0.0,True,0,car,880.6072222222222,0.15315719131795583,OnTrack,-610.0514005186757,8032.717602645438,1917.2918463417986
2026-09-06 14:53:38.392,0 days 02:47:03.216000,63,59.8344437155553,0 days 00:00:11.104000,9549.8996864,113.541664,2,0.0,True,0,pos,886.1911446800852,0.154128359687465,OnTrack,-586.0,8112.0,1918.0
2026-09-06 14:53:38.453,0 days 02:47:03.277000,63,59.13972222222196,0 days 00:00:11.165000,9251.0,111.0,2,0.0,True,0,car,888.0072222222221,0.1544442159836096,OnTrack,-580.0970533741371,8129.272500382023,1918.0880032181494
2026-09-06 14:53:38.693,0 days 02:47:03.517000,63,56.87305555555531,0 days 00:00:11.405000,8787.0,101.0,2,0.0,True,0,car,894.7405555555555,0.1556152924811865,OnTrack,-565.2409289817477,8159.245958060637,1917.9395479704485
2026-09-06 14:53:38.752,0 days 02:47:03.576000,63,56.479721795555314,0 days 00:00:11.464000,8689.6498944,99.8937488,2,0.0,True,0,pos,896.337544799461,0.15589304444709057,OnTrack,-561.0,8166.0,1918.0
2026-09-06 14:53:39.013,0 days 02:47:03.837000,63,54.739722222221985,0 days 00:00:11.725000,8259.0,95.0,2,0.0,True,0,car,903.185,0.15708396927682747,OnTrack,-534.9548703477327,8205.662060240176,1918.8715295374934
2026-09-06 14:53:39.072,0 days 02:47:03.896000,63,54.47749971555531,0 days 00:00:11.784000,8176.69491072,93.5249984,2,0.0,True,0,pos,904.680351058909,0.15734404410069605,OnTrack,-527.0,8216.0,1919.0
2026-09-06 14:53:39.213,0 days 02:47:04.037000,63,53.85083333333307,0 days 00:00:11.925000,7980.0,90.0,2,0.0,True,0,car,908.185,0.15795358053740435,OnTrack,-504.65314004741583,8241.88057052622,1919.0483580177936
2026-09-06 14:53:39.292,0 days 02:47:04.116000,63,53.65333317333307,0 days 00:00:12.004000,7973.416661333334,89.0124992,2,0.0,True,0,pos,910.1169782474756,0.15828959454524325,OnTrack,-491.0,8255.0,1919.0
2026-09-06 14:53:39.453,0 days 02:47:04.277000,63,53.25083333333305,0 days 00:00:12.165000,7960.0,87.0,2,0.0,False,0,car,913.9849999999999,0.15896232959967355,OnTrack,-461.7172633354632,8275.89292602494,1918.9597310192146
2026-09-06 14:53:39.472,0 days 02:47:04.296000,63,53.24027774222194,0 days 00:00:12.184000,8093.000448,86.6437488,2,0.11875039999999999,False,0,pos,914.4351789543425,0.15904062573726774,OnTrack,-458.0,8278.0,1919.0
2026-09-06 14:53:39.613,0 days 02:47:04.437000,63,53.1619444444442,0 days 00:00:12.325000,9080.0,84.0,2,1.0,False,0,car,917.7183333333332,0.15961163934090428,OnTrack,-428.356604567914,8291.764078582659,1919.684740271156
2026-09-06 14:53:39.692,0 days 02:47:04.516000,63,53.33750014222197,0 days 00:00:12.404000,9440.108625066667,82.35416533333333,2,6.595837866666667,False,0,pos,919.4875467031686,0.15991934491465867,OnTrack,-411.0,8298.0,1920.0
2026-09-06 14:53:39.853,0 days 02:47:04.677000,63,53.695277777777505,0 days 00:00:12.565000,10174.0,79.0,1,18.0,False,0,car,922.9849999999999,0.16052762986871194,OnTrack,-375.3476636986259,8307.400407173769,1920.0169834350531
2026-09-06 14:53:39.891,0 days 02:47:04.715000,63,53.864167235555286,0 days 00:00:12.603000,10141.2248896,78.7624992,1,20.137507199999998,False,0,pos,923.8073409064864,0.1606706532511747,OnTrack,-367.0,8309.0,1920.0
2026-09-06 14:53:39.971,0 days 02:47:04.795000,63,54.21972279111084,0 days 00:00:12.683000,10072.2248896,78.2624992,1,24.637507199999998,False,0,pos,925.53852326346,0.16097174438552195,OnTrack,-349.0,8312.0,1920.0
2026-09-06 14:53:40.013,0 days 02:47:04.837000,63,54.406388888888614,0 days 00:00:12.725000,10036.0,78.0,1,27.0,False,0,car,926.4516666666666,0.16113056034271192,OnTrack,-338.06084762499387,8314.201518366526,1920.0108608355636
2026-09-06 14:53:40.293,0 days 02:47:05.117000,63,56.11749999999961,0 days 00:00:13.005000,9305.0,79.0,1,0.0,False,0,car,932.5961111111111,0.16219921595848752,OnTrack,-251.96881595684505,8337.69897451347,1920.0286368166812
2026-09-06 14:53:40.311,0 days 02:47:05.135000,63,56.3025012731176,0 days 00:00:13.023000,9283.515981186298,78.87096685397177,1,0.0,False,0,pos,932.9886509568,0.16226748737249475,OnTrack,-248.0,8339.0,1920.0
2026-09-06 14:53:40.572,0 days 02:47:05.396000,63,58.98499999999967,0 days 00:00:13.284000,8972.0,77.0,1,0.0,True,0,car,938.5636111111111,0.16323709699798603,OnTrack,-219.77860005201518,8352.962007142787,1919.290442707171
2026-09-06 14:53:40.691,0 days 02:47:05.515000,63,61.03444554666632,0 days 00:00:13.403000,8991.502788266667,75.0166656,1,4.958336,True,0,pos,940.9659116712052,0.16365491052165562,OnTrack,-208.0,8364.0,1920.0
2026-09-06 14:53:40.771,0 days 02:47:05.595000,63,62.41222332444408,0 days 00:00:13.483000,9004.613899377779,73.68333226666667,1,8.291669333333333,True,0,pos,942.5272464528449,0.1639264613831845,OnTrack,-197.0,8375.0,1921.0
2026-09-06 14:53:40.932,0 days 02:47:05.756000,63,65.1849999999996,0 days 00:00:13.644000,9031.0,71.0,1,15.0,False,0,car,945.6636111111111,0.16447194498800521,OnTrack,-175.39710038802335,8409.623572114753,1921.998174945515
2026-09-06 14:53:41.111,0 days 02:47:05.935000,63,68.71527903999971,0 days 00:00:13.823000,8911.96495744,71.0,1,14.10499968,False,0,pos,949.1909457481258,0.16508542697203937,OnTrack,-157.0,8451.0,1922.0
2026-09-06 14:53:41.132,0 days 02:47:05.956000,63,69.12944444444418,0 days 00:00:13.844000,8898.0,71.0,1,14.0,False,0,car,949.6080555555556,0.165157971649127,OnTrack,-155.49555915627522,8454.738280119656,1921.9881884367337
2026-09-06 14:53:41.452,0 days 02:47:06.276000,63,76.68499999999972,0 days 00:00:14.164000,9078.0,72.0,1,21.0,False,0,car,956.0080555555555,0.16627107406266542,OnTrack,-146.11603446529708,8497.114696547194,1921.825570713731
2026-09-06 14:53:41.511,0 days 02:47:06.335000,63,78.2747239466664,0 days 00:00:14.223000,9146.218824,71.6312496,1,25.7937552,False,0,pos,957.1741229144886,0.1664738791238493,OnTrack,-145.0,8511.0,1922.0
2026-09-06 14:53:41.612,0 days 02:47:06.436000,63,80.99611111111085,0 days 00:00:14.324000,9263.0,71.0,1,34.0,False,0,car,959.1636111111111,0.16681989539156283,OnTrack,-142.78705701642943,8542.282023145755,1922.515564147603
2026-09-06 14:53:41.711,0 days 02:47:06.535000,63,83.9111129955553,0 days 00:00:14.423000,9425.85510528,71.49500032,1,38.9500032,False,0,pos,961.123071056287,0.16716068907815773,OnTrack,-141.0,8572.0,1923.0
2026-09-06 14:53:41.812,0 days 02:47:06.636000,63,86.88499999999976,0 days 00:00:14.524000,9592.0,72.0,1,44.0,False,0,car,963.1636111111111,0.16751558440002434,OnTrack,-140.3195110953696,8591.202238246875,1923.1860311427274
2026-09-06 14:53:42.011,0 days 02:47:06.835000,63,93.02083530666641,0 days 00:00:14.723000,9245.408221866666,76.14583466666667,1,45.658333866666666,False,0,pos,967.3954349017675,0.16825159272425075,OnTrack,-142.0,8615.0,1923.0
2026-09-06 14:53:42.052,0 days 02:47:06.876000,63,94.28499999999974,0 days 00:00:14.764000,9174.0,77.0,1,46.0,False,0,car,968.2969444444444,0.16840838529421662,OnTrack,-142.75505904698738,8622.303511515545,1922.96035167054
2026-09-06 14:53:42.252,0 days 02:47:07.076000,63,100.78499999999974,0 days 00:00:14.964000,8181.0,81.0,2,48.0,False,0,car,972.7969444444444,0.16919103542873581,OnTrack,-148.14812198204802,8668.527276926121,1922.8867801197691
2026-09-06 14:53:42.311,0 days 02:47:07.135000,63,102.78444661333316,0 days 00:00:15.023000,8326.14015744,81.59000064,2,50.9500032,False,0,pos,974.1296145177295,0.1694228164092083,OnTrack,-150.0,8682.0,1923.0
2026-09-06 14:53:42.452,0 days 02:47:07.276000,63,107.5627777777778,0 days 00:00:15.164000,8673.0,83.0,2,58.0,False,0,car,977.4080555555555,0.16999301025793448,OnTrack,-154.72998600876303,8711.490822326754,1923.5849828152416
2026-09-06 14:53:42.571,0 days 02:47:07.395000,63,111.43027985777772,0 days 00:00:15.283000,9052.8085376,89.4458368,2,62.4625024,False,0,pos,980.4636519691743,0.17052444646774673,OnTrack,-162.0,8745.0,1924.0
2026-09-06 14:53:42.692,0 days 02:47:07.516000,63,115.36277777777764,0 days 00:00:15.404000,9439.0,96.0,2,67.0,False,0,car,983.8080555555555,0.1711061126714729,OnTrack,-174.8066675491456,8796.382500406029,1924.008352427574
2026-09-06 14:53:42.791,0 days 02:47:07.615000,63,118.6352798933332,0 days 00:00:15.503000,9521.575053381819,99.60000232727273,2,69.25000145454545,False,0,pos,986.6867603614776,0.17160678349449426,OnTrack,-185.0,8836.0,1924.0
2026-09-06 14:53:43.131,0 days 02:47:07.955000,63,129.8741687822221,0 days 00:00:15.843000,9805.165962472727,111.9636386909091,2,76.97727418181819,False,0,pos,997.4635511933403,0.17348110722654816,OnTrack,-202.0,8901.0,1925.0
2026-09-06 14:53:43.132,0 days 02:47:07.956000,63,129.90722222222212,0 days 00:00:15.844000,9806.0,112.0,2,77.0,False,0,car,997.4969444444444,0.17348691505598562,OnTrack,-202.06771346091455,8901.253625125542,1925.001576055261
2026-09-06 14:53:43.351,0 days 02:47:08.175000,63,136.8422242488887,0 days 00:00:16.063000,10197.711478109091,120.4613661090909,2,79.9863645090909,False,0,pos,1005.0397568697512,0.17479877798027885,OnTrack,-221.0,8972.0,1925.0
2026-09-06 14:53:43.572,0 days 02:47:08.396000,63,143.84055555555528,0 days 00:00:16.284000,10593.0,129.0,3,83.0,False,0,car,1013.263611111111,0.17622908923100475,OnTrack,-240.49417334121657,9045.433250910373,1924.9362518547214
2026-09-06 14:53:43.592,0 days 02:47:08.416000,63,144.4016666666664,0 days 00:00:16.304000,10636.8125,130.1875,3,83.5625,False,0,pos,1014.0456745053881,0.1763651074578344,OnTrack,-243.0,9055.0,1925.0
2026-09-06 14:53:43.772,0 days 02:47:08.596000,63,149.45166666666645,0 days 00:00:16.484000,11031.125,140.875,3,88.625,False,0,pos,1021.3598183975148,0.177637199835849,OnTrack,-271.0,9163.0,1926.0
2026-09-06 14:53:43.892,0 days 02:47:08.716000,63,152.81833333333316,0 days 00:00:16.604000,11294.0,148.0,3,92.0,False,0,car,1026.4191666666666,0.17851713308105593,OnTrack,-287.36109051054984,9228.050367306269,1926.2122488649543
2026-09-06 14:53:44.133,0 days 02:47:08.957000,63,159.4458333333332,0 days 00:00:16.845000,11122.0,157.0,4,94.0,False,0,car,1036.9294444444442,0.18034510426252523,OnTrack,-311.24828901307507,9327.73229314278,1925.7039072516925
2026-09-06 14:53:44.232,0 days 02:47:09.056000,63,162.11333505777756,0 days 00:00:16.944000,11243.77007872,161.9500032,4,95.98000128,False,0,pos,1041.4478424304798,0.18113095421621012,OnTrack,-319.0,9360.0,1926.0
2026-09-06 14:53:44.333,0 days 02:47:09.157000,63,164.8347222222219,0 days 00:00:17.045000,11368.0,167.0,4,98.0,False,0,car,1046.207222222222,0.18195871626826238,OnTrack,-325.86227955991626,9388.156361023593,1926.7223021174914
2026-09-06 14:53:44.492,0 days 02:47:09.316000,63,168.72139045333304,0 days 00:00:17.204000,10694.2372288,173.9562528,4,98.9937504,False,0,pos,1054.0447016485928,0.1833218283410047,OnTrack,-337.0,9436.0,1928.0
2026-09-06 14:53:44.653,0 days 02:47:09.477000,63,172.6569444444442,0 days 00:00:17.365000,10012.0,181.0,5,100.0,False,0,car,1062.2961111111108,0.18475693205785199,OnTrack,-353.03145753849634,9512.070103604474,1928.2087196645632
2026-09-06 14:53:44.812,0 days 02:47:09.636000,63,176.36694593777756,0 days 00:00:17.524000,10064.6687712,189.9437536,5,100.0,False,0,pos,1070.686318861145,0.18621617588545386,OnTrack,-370.0,9597.0,1928.0
2026-09-06 14:53:44.813,0 days 02:47:09.637000,63,176.39027777777756,0 days 00:00:17.525000,10065.0,190.0,5,100.0,False,0,car,1070.7405555555551,0.18622560885349293,OnTrack,-370.09885227619964,9597.50861719292,1927.999533725329
2026-09-06 14:53:45.533,0 days 02:47:10.357000,63,190.39027777777778,0 days 00:00:18.245000,11581.0,216.0,5,100.0,False,0,car,1113.9405555555552,0.19373905014487725,OnTrack,-417.141644382198,9950.331484108607,1930.0978691065907
2026-09-06 14:53:45.712,0 days 02:47:10.536000,63,193.72166785777782,0 days 00:00:18.424000,11851.7375968,220.4750016,5,100.0,False,0,pos,1124.9308221753458,0.1956505020667397,OnTrack,-423.0,10117.0,1931.0
2026-09-06 14:53:45.773,0 days 02:47:10.597000,63,194.85694444444448,0 days 00:00:18.485000,11944.0,222.0,5,100.0,False,0,car,1128.7405555555551,0.19631309947618483,OnTrack,-424.5505771769313,10185.284968340318,1931.3226675008596
2026-09-06 14:53:45.912,0 days 02:47:10.736000,63,197.2122233066668,0 days 00:00:18.624000,11171.391310933333,227.2125024,5,100.0,False,0,pos,1137.6176310580988,0.19785702043978545,OnTrack,-427.0,10338.0,1932.0
2026-09-06 14:53:46.013,0 days 02:47:10.837000,63,198.9236111111113,0 days 00:00:18.725000,10610.0,231.0,6,100.0,False,0,car,1144.1405555555552,0.19899150215876166,OnTrack,-427.49272359507876,10410.845178147785,1932.3164368558375
2026-09-06 14:53:46.173,0 days 02:47:10.997000,63,201.6347222222223,0 days 00:00:18.885000,10696.0,233.0,6,100.0,False,0,car,1154.4961111111108,0.2007925637028898,OnTrack,-426.27472194833723,10468.100296717746,1932.5850285313743
2026-09-06 14:53:46.292,0 days 02:47:11.116000,63,203.48583432888896,0 days 00:00:19.004000,10833.44507392,235.9750016,6,100.0,False,0,pos,1162.3193304497086,0.2021531956290513,OnTrack,-425.0,10521.0,1933.0
2026-09-06 14:53:46.373,0 days 02:47:11.197000,63,204.7458333333334,0 days 00:00:19.085000,10927.0,238.0,6,100.0,False,0,car,1167.718333333333,0.20309220236974868,OnTrack,-424.1028805185192,10569.016142086513,1933.4368365610205
2026-09-06 14:53:46.471,0 days 02:47:11.295000,63,206.18861299555562,0 days 00:00:19.183000,10997.233425066666,240.85833706666668,6,100.0,False,0,pos,1174.3341619939529,0.20424284219001315,OnTrack,-422.0,10642.0,1934.0
2026-09-06 14:53:46.613,0 days 02:47:11.437000,63,208.2791666666667,0 days 00:00:19.325000,11099.0,245.0,6,100.0,False,0,car,1184.0516666666663,0.20593293248763317,OnTrack,-414.71136226745176,10781.008547499681,1934.5787131411341
2026-09-06 14:53:46.751,0 days 02:47:11.575000,63,210.11916837333334,0 days 00:00:19.463000,11232.016790044445,247.30000213333332,6,100.0,False,0,pos,1193.5969348307199,0.2075930670237706,OnTrack,-406.0,10916.0,1935.0
2026-09-06 14:53:46.973,0 days 02:47:11.797000,63,213.07916666666665,0 days 00:00:19.685000,11446.0,251.0,6,100.0,False,0,car,1209.1516666666662,0.21029838101572915,OnTrack,-395.03521778431696,11057.018111583422,1935.6464472014538
2026-09-06 14:53:47.171,0 days 02:47:11.995000,63,215.49916779969024,0 days 00:00:19.883000,11593.810654161889,254.30919374989304,6,100.0,False,0,pos,1223.2195877090112,0.2127451055259951,OnTrack,-385.0,11155.0,1936.0
2026-09-06 14:53:47.332,0 days 02:47:12.156000,63,217.46694444444438,0 days 00:00:20.044000,11714.0,257.0,6,100.0,False,0,car,1234.7802777777774,0.2147557667787628,OnTrack,-374.4575221617472,11247.652919225626,1936.01900012097
2026-09-06 14:53:47.431,0 days 02:47:12.255000,63,218.56694515555546,0 days 00:00:20.143000,11763.500032,258.546876,6,100.0,False,0,pos,1241.9381980505173,0.21600068839305997,OnTrack,-366.0,11312.0,1936.0
2026-09-06 14:53:47.631,0 days 02:47:12.455000,63,220.7891673777776,0 days 00:00:20.343000,11863.500032,261.671876,6,100.0,False,0,pos,1256.5257706833152,0.21853779187825287,OnTrack,-344.0,11456.0,1936.0
2026-09-06 14:53:47.652,0 days 02:47:12.476000,63,221.0224999999998,0 days 00:00:20.364000,11874.0,262.0,6,100.0,False,0,car,1258.0691666666664,0.21880622278358317,OnTrack,-341.6331084895546,11470.601344181652,1935.9933642484723
2026-09-06 14:53:47.851,0 days 02:47:12.675000,63,223.01250063999984,0 days 00:00:20.563000,11177.499776,265.109376,6,100.0,False,0,pos,1272.803663955938,0.22136887973592118,OnTrack,-315.0,11614.0,1936.0
2026-09-06 14:53:47.972,0 days 02:47:12.796000,63,224.22249999999985,0 days 00:00:20.684000,10754.0,267.0,7,100.0,False,0,car,1281.8024999999998,0.22293397756712147,OnTrack,-285.8666444099809,11735.509136561961,1936.3837274842617
2026-09-06 14:53:48.132,0 days 02:47:12.956000,63,225.7780555555555,0 days 00:00:20.844000,10623.0,268.0,7,100.0,False,0,car,1293.7136111111108,0.22500558483676242,OnTrack,-242.17080807642648,11902.458523521884,1936.9742866847391
2026-09-06 14:53:48.151,0 days 02:47:12.975000,63,225.95222280888885,0 days 00:00:20.863000,10629.6500224,268.2375008,7,100.0,False,0,pos,1295.1332373441735,0.22525248942837875,OnTrack,-238.0,11918.0,1937.0
2026-09-06 14:53:48.292,0 days 02:47:13.116000,63,227.2447222222222,0 days 00:00:21.004000,10679.0,270.0,7,100.0,False,0,car,1305.7136111111108,0.22709265186214694,OnTrack,-214.26776725955904,12003.343847534446,1936.8794247706892
2026-09-06 14:53:48.571,0 days 02:47:13.395000,63,229.56972275555546,0 days 00:00:21.283000,10801.5607424,272.9892864,7,100.0,False,0,pos,1326.8707966945847,0.2307723572272477,OnTrack,-166.0,12132.0,1936.0
2026-09-06 14:53:48.572,0 days 02:47:13.396000,63,229.57805555555547,0 days 00:00:21.284000,10802.0,273.0,7,100.0,False,0,car,1326.946944444444,0.23078560101539677,OnTrack,-165.6852430359381,12132.777842043995,1935.9988058661781
2026-09-06 14:53:48.771,0 days 02:47:13.595000,63,231.18111162666662,0 days 00:00:21.483000,10855.895850666666,274.6583338666667,7,100.0,False,0,pos,1342.137977126344,0.2334276596313911,OnTrack,-90.0,12316.0,1936.0
2026-09-06 14:53:48.812,0 days 02:47:13.636000,63,231.51138888888886,0 days 00:00:21.524000,10867.0,275.0,7,100.0,False,0,car,1345.2802777777774,0.23397417563751205,OnTrack,-76.12448756995391,12348.496733598337,1936.0094676562433
2026-09-06 14:53:49.012,0 days 02:47:13.836000,63,232.9558333333332,0 days 00:00:21.724000,10943.0,277.0,7,100.0,False,0,car,1360.6691666666663,0.23665064585062093,OnTrack,-25.585168937726053,12459.387367231762,1936.0093018343953
2026-09-06 14:53:49.211,0 days 02:47:14.035000,63,234.39305601777775,0 days 00:00:21.923000,10970.717866057143,277.7107145142857,7,100.0,False,0,pos,1376.0281623665037,0.23932191697296706,OnTrack,40.0,12577.0,1936.0
2026-09-06 14:53:49.292,0 days 02:47:14.116000,63,234.97805555555556,0 days 00:00:22.004000,10982.0,278.0,7,100.0,False,0,car,1382.2913888888886,0.24041123143524898,OnTrack,79.5392362329254,12643.636241484775,1936.006684694006
2026-09-06 14:53:49.431,0 days 02:47:14.255000,63,235.9433337777777,0 days 00:00:22.143000,11005.166677333333,278.57916693333334,7,100.0,False,0,pos,1393.055823042668,0.24228340606602194,OnTrack,152.0,12762.0,1936.0
2026-09-06 14:53:49.532,0 days 02:47:14.356000,63,236.64472222222207,0 days 00:00:22.244000,11022.0,279.0,7,100.0,False,0,car,1400.8913888888885,0.243646185324595,OnTrack,193.56192799257155,12826.490073094781,1935.9433090658727
2026-09-06 14:53:49.771,0 days 02:47:14.595000,63,238.1716670755555,0 days 00:00:22.483000,11062.117867885714,279.8535716571429,7,100.0,False,0,pos,1419.477569246987,0.24687873567069812,OnTrack,277.0,12941.0,1936.0
2026-09-06 14:53:49.812,0 days 02:47:14.636000,63,238.43361111111108,0 days 00:00:22.524000,11069.0,280.0,7,100.0,False,0,car,1422.6691666666663,0.24743382548177434,OnTrack,294.7661726548363,12963.831096203672,1936.1209488343518
2026-09-06 14:53:50.051,0 days 02:47:14.875000,63,239.827778151111,0 days 00:00:22.763000,11013.2333184,280.0,7,100.0,False,0,pos,1441.2785805576582,0.2506704166562428,OnTrack,414.0,13109.0,1937.0
2026-09-06 14:53:50.132,0 days 02:47:14.956000,63,240.30027777777767,0 days 00:00:22.844000,10994.333333333334,280.0,7,100.0,False,0,pos,1447.5688031451714,0.2517644263349701,OnTrack,456.0,13155.0,1937.0
2026-09-06 14:53:50.172,0 days 02:47:14.996000,63,240.533611111111,0 days 00:00:22.884000,10985.0,280.0,7,100.0,False,0,car,1450.6691666666663,0.2523036485410049,OnTrack,481.337475541984,13180.903711559902,1937.0285480949685
2026-09-06 14:53:50.472,0 days 02:47:15.296000,63,242.53361111111107,0 days 00:00:23.184000,10997.5,278.3333333333333,7,100.0,False,0,pos,1473.829501898785,0.2563317462043222,OnTrack,727.0,13409.0,1938.0
2026-09-06 14:53:50.532,0 days 02:47:15.356000,63,242.93361111111108,0 days 00:00:23.244000,11000.0,278.0,7,100.0,False,0,car,1478.4691666666663,0.2571386871498124,OnTrack,761.878350965485,13439.777656226228,1938.22578034447
2026-09-06 14:53:50.733,0 days 02:47:15.557000,63,244.21777777777766,0 days 00:00:23.445000,10982.0,279.0,7,100.0,False,0,car,1494.0466666666664,0.25984796103213975,OnTrack,830.951988077607,13495.769840317667,1938.9388099073271
2026-09-06 14:53:50.892,0 days 02:47:15.716000,63,245.27777820444427,0 days 00:00:23.604000,10975.0437472,278.5031248,7,100.0,False,0,pos,1506.3341281395794,0.2619850240042897,OnTrack,897.0,13543.0,1939.0
2026-09-06 14:53:51.053,0 days 02:47:15.877000,63,246.35111111111087,0 days 00:00:23.765000,10968.0,278.0,7,100.0,False,0,car,1518.7577777777776,0.2641457731288575,OnTrack,998.5502696168594,13614.558101238401,1938.7194366195567
2026-09-06 14:53:51.092,0 days 02:47:15.916000,63,246.62194488888863,0 days 00:00:23.804000,10963.774993066667,278.0,7,100.0,False,0,pos,1521.7685803437137,0.26466941869179983,OnTrack,1024.0,13632.0,1939.0
2026-09-06 14:53:51.172,0 days 02:47:15.996000,63,247.17750044444412,0 days 00:00:23.884000,10955.1083264,278.0,7,100.0,False,0,pos,1527.9462124014037,0.26574384637201354,OnTrack,1075.0,13666.0,1940.0
2026-09-06 14:53:51.293,0 days 02:47:16.117000,63,248.01777777777738,0 days 00:00:24.005000,10942.0,278.0,7,100.0,False,0,car,1537.291111111111,0.26736913220139585,OnTrack,1154.0665243577905,13715.456595909856,1940.0389960503612
2026-09-06 14:53:51.332,0 days 02:47:16.156000,63,248.28861155555518,0 days 00:00:24.044000,10941.21999872,278.0,7,100.0,False,0,pos,1540.3029058840862,0.267892950331221,OnTrack,1180.0,13731.0,1940.0
2026-09-06 14:53:51.493,0 days 02:47:16.317000,63,249.4066666666663,0 days 00:00:24.205000,10938.0,278.0,7,100.0,False,0,car,1552.7355555555553,0.27005526476184444,OnTrack,1288.6829460545055,13793.137486814197,1940.6798700825839
2026-09-06 14:53:51.552,0 days 02:47:16.376000,63,249.83277823999967,0 days 00:00:24.264000,10937.367856457144,278.0,7,100.0,False,0,pos,1557.2916911749458,0.27084767812971194,OnTrack,1329.0,13815.0,1941.0
2026-09-06 14:53:51.772,0 days 02:47:16.596000,63,251.42166712888866,0 days 00:00:24.484000,10935.0107136,278.0,7,100.0,False,0,pos,1574.280565070176,0.27380242133847454,OnTrack,1481.0,13892.0,1942.0
2026-09-06 14:53:51.773,0 days 02:47:16.597000,63,251.42888888888865,0 days 00:00:24.485000,10935.0,278.0,7,100.0,False,0,car,1574.3577777777775,0.27381585034647254,OnTrack,1481.695000622779,13892.333982437296,1942.0060743636907
2026-09-06 14:53:52.013,0 days 02:47:16.837000,63,253.2288888888886,0 days 00:00:24.725000,10913.0,278.0,7,100.0,False,0,car,1592.891111111111,0.2770392094190109,OnTrack,1649.791707028945,13968.429888826218,1943.8135369392476
2026-09-06 14:53:52.072,0 days 02:47:16.896000,63,253.6713893688886,0 days 00:00:24.784000,10913.88500096,278.0,7,100.0,False,0,pos,1597.4492779273219,0.27783197605720383,OnTrack,1692.0,13986.0,1944.0
2026-09-06 14:53:52.192,0 days 02:47:17.016000,63,254.57138936888862,0 days 00:00:24.904000,10915.68500096,278.0,7,100.0,False,0,pos,1606.7163657687815,0.27944372884514157,OnTrack,1778.0,14020.0,1944.0
2026-09-06 14:53:52.213,0 days 02:47:17.037000,63,254.7288888888886,0 days 00:00:24.925000,10916.0,278.0,7,100.0,False,0,car,1608.3355555555554,0.2797253419794595,OnTrack,1792.427330851573,14025.49540961049,1944.0422817892759
2026-09-06 14:53:52.472,0 days 02:47:17.296000,63,256.74333383111076,0 days 00:00:25.184000,10899.349995885714,277.07499977142857,7,100.0,False,0,pos,1628.2619533833322,0.28319098596621334,OnTrack,1982.0,14089.0,1946.0
2026-09-06 14:53:52.493,0 days 02:47:17.317000,63,256.9066666666663,0 days 00:00:25.205000,10898.0,277.0,7,100.0,False,0,car,1629.8799999999997,0.28347240027781184,OnTrack,2003.4925553571525,14095.192972852932,1946.2119235040052
2026-09-06 14:53:52.672,0 days 02:47:17.496000,63,258.29888938666625,0 days 00:00:25.384000,10919.2562576,277.5593752,7,100.0,False,0,pos,1643.7042181745953,0.28587673943647185,OnTrack,2205.0,14150.0,1948.0
2026-09-06 14:53:52.813,0 days 02:47:17.637000,63,259.3955555555551,0 days 00:00:25.525000,10936.0,278.0,7,100.0,False,0,car,1654.5911111111109,0.28777021237452965,OnTrack,2302.6673233781353,14175.209838846064,1948.8293835036961
2026-09-06 14:53:53.053,0 days 02:47:17.877000,63,261.12888888888847,0 days 00:00:25.765000,10903.0,277.0,7,100.0,False,0,car,1673.0577777777778,0.2909819766302604,OnTrack,2416.7018523266415,14197.471199524616,1949.8601843800418
2026-09-06 14:53:53.071,0 days 02:47:17.895000,63,261.2438897066662,0 days 00:00:25.783000,10905.43001728,277.0,7,100.0,False,0,pos,1674.4420945046486,0.2912227401130388,OnTrack,2431.0,14200.0,1950.0
2026-09-06 14:53:53.253,0 days 02:47:18.077000,63,262.40666666666607,0 days 00:00:25.965000,10930.0,277.0,7,100.0,False,0,car,1688.4466666666667,0.2936584468433692,OnTrack,2623.7021859971283,14233.193717086015,1951.9290701907937
2026-09-06 14:53:53.371,0 days 02:47:18.195000,63,262.9966673066661,0 days 00:00:26.083000,10954.021454628572,277.4214290285714,7,100.0,False,0,pos,1697.5456938343998,0.2952409701404404,OnTrack,2735.0,14252.0,1953.0
2026-09-06 14:53:53.533,0 days 02:47:18.357000,63,263.80666666666616,0 days 00:00:26.245000,10987.0,278.0,7,100.0,False,0,car,1710.068888888889,0.2974190324279973,OnTrack,2814.6770884207717,14264.991439383597,1953.6123795149606
2026-09-06 14:53:53.651,0 days 02:47:18.475000,63,263.54444419822784,0 days 00:00:26.363000,11009.578608899701,278.5375859261834,7,100.0,False,0,pos,1719.2171143391572,0.29901011240116715,OnTrack,2872.0,14273.0,1954.0
2026-09-06 14:53:53.811,0 days 02:47:18.635000,63,263.1888886945073,0 days 00:00:26.523000,11040.193638605027,279.2665152048816,7,100.0,False,0,pos,1731.6568738127876,0.30117366338459456,OnTrack,2995.0,14289.0,1955.0
2026-09-06 14:53:53.972,0 days 02:47:18.796000,63,262.83111111111066,0 days 00:00:26.684000,11071.0,280.0,7,100.0,False,0,car,1744.2133333333334,0.30335751110300346,OnTrack,3120.4658413286343,14304.358034441164,1956.327721261928
2026-09-06 14:53:54.111,0 days 02:47:18.935000,63,260.5530545066662,0 days 00:00:26.823000,11091.8500096,280.77222257777777,7,100.0,False,0,pos,1755.0849586779416,0.30524832866709234,OnTrack,3227.0,14316.0,1957.0
2026-09-06 14:53:54.191,0 days 02:47:19.015000,63,259.24194339555504,0 days 00:00:26.903000,11103.8500096,281.2166670222222,7,100.0,False,0,pos,1761.35426843653,0.30633870113951495,OnTrack,3289.0,14322.0,1957.0
2026-09-06 14:53:54.332,0 days 02:47:19.156000,63,256.93111111111057,0 days 00:00:27.044000,11125.0,282.0,7,100.0,False,0,car,1772.4133333333334,0.3082621186126571,OnTrack,3399.8230816633413,14331.561933325187,1957.4358995578682
2026-09-06 14:53:54.451,0 days 02:47:19.275000,63,253.69166492444387,0 days 00:00:27.163000,11132.843186036363,282.2704546909091,7,100.0,False,0,pos,1781.7547937214772,0.30988680644140965,OnTrack,3492.0,14339.0,1958.0
2026-09-06 14:53:54.671,0 days 02:47:19.495000,63,247.70277603555493,0 days 00:00:27.383000,11147.343186036363,282.7704546909091,7,100.0,False,0,pos,1799.047569936736,0.31289440502609467,OnTrack,3664.0,14353.0,1959.0
2026-09-06 14:53:54.772,0 days 02:47:19.596000,63,244.9533333333327,0 days 00:00:27.484000,11154.0,283.0,7,100.0,False,0,car,1807.0022222222224,0.31427789606638123,OnTrack,3763.187994555022,14361.407217642702,1959.8554500535586
2026-09-06 14:53:54.932,0 days 02:47:19.756000,63,239.8422222222216,0 days 00:00:27.644000,11202.0,284.0,7,100.0,False,0,car,1819.6244444444444,0.3164731813819709,OnTrack,3931.3860926794723,14375.92057997392,1961.5407086018115
2026-09-06 14:53:54.991,0 days 02:47:19.815000,63,237.48221966222164,0 days 00:00:27.703000,11215.12751424,284.14750016,7,100.0,False,0,pos,1824.2839174038663,0.31728356741274427,OnTrack,3979.0,14380.0,1962.0
2026-09-06 14:53:55.231,0 days 02:47:20.055000,63,227.8822196622218,0 days 00:00:27.943000,11268.52751424,284.74750016,7,100.0,False,0,pos,1843.2703219366304,0.3205857256486561,OnTrack,4111.0,14391.0,1963.0
2026-09-06 14:53:55.332,0 days 02:47:20.156000,63,223.84222222222184,0 days 00:00:28.044000,11291.0,285.0,7,100.0,False,0,car,1851.2911111111111,0.3219807193656245,OnTrack,4186.641905836188,14397.197331964528,1963.3833553399793
2026-09-06 14:53:55.471,0 days 02:47:20.295000,63,217.70305272888857,0 days 00:00:28.183000,11285.5392832,285.9928576,7,100.0,False,0,pos,1862.3650495691609,0.3239067236820356,OnTrack,4310.0,14407.0,1964.0
2026-09-06 14:53:55.612,0 days 02:47:20.436000,63,211.47555555555527,0 days 00:00:28.324000,11280.0,287.0,7,100.0,False,0,car,1873.6133333333335,0.32586305052673337,OnTrack,4436.782807253804,14416.292728761653,1964.7641227658528
2026-09-06 14:53:55.772,0 days 02:47:20.596000,63,204.27555555555546,0 days 00:00:28.484000,11278.0,287.0,7,100.0,False,0,car,1886.368888888889,0.3280815254759384,OnTrack,4577.517473552606,14425.86271870626,1965.7528361747993
2026-09-06 14:53:55.811,0 days 02:47:20.635000,63,202.4230525155555,0 days 00:00:28.523000,11286.6531392,287.1218752,7,100.0,False,0,pos,1889.4819413313712,0.32862295456768814,OnTrack,4610.0,14428.0,1966.0
2026-09-06 14:53:55.991,0 days 02:47:20.815000,63,193.87305251555574,0 days 00:00:28.703000,11326.5906392,287.6843752,7,100.0,False,0,pos,1903.8767511554934,0.3311265323110721,OnTrack,4753.0,14437.0,1967.0
2026-09-06 14:53:56.092,0 days 02:47:20.916000,63,189.07555555555587,0 days 00:00:28.804000,11349.0,288.0,7,100.0,False,0,car,1911.9688888888886,0.332533935130092,OnTrack,4834.079530429164,14441.73104200816,1967.0838274046891
2026-09-06 14:53:56.191,0 days 02:47:21.015000,63,184.20805240888922,0 days 00:00:28.903000,11357.132148114286,288.3535716571429,7,100.0,False,0,pos,1919.909900447805,0.33391505374449304,OnTrack,4913.0,14446.0,1967.0
2026-09-06 14:53:56.372,0 days 02:47:21.196000,63,175.30888888888921,0 days 00:00:29.084000,11372.0,289.0,7,100.0,False,0,car,1934.4466666666665,0.3364433208637521,OnTrack,5053.454528626832,14452.61177702111,1966.993081101034
2026-09-06 14:53:56.431,0 days 02:47:21.255000,63,172.34249678222255,0 days 00:00:29.143000,11350.6124768,289.0,7,100.0,False,0,pos,1939.1882594815554,0.3372679893647317,OnTrack,5105.0,14455.0,1967.0
2026-09-06 14:53:56.612,0 days 02:47:21.436000,63,163.2422222222226,0 days 00:00:29.324000,11285.0,289.0,7,100.0,False,0,car,1953.7133333333334,0.3397942229211751,OnTrack,5280.849828072363,14463.286105146384,1967.000168105765
2026-09-06 14:53:56.631,0 days 02:47:21.455000,63,162.28694122666707,0 days 00:00:29.343000,11276.4499712,288.7624992,7,100.0,False,0,pos,1955.2317151835425,0.3400583033121346,OnTrack,5297.0,14464.0,1967.0
2026-09-06 14:53:56.772,0 days 02:47:21.596000,63,155.19777777777836,0 days 00:00:29.484000,11213.0,287.0,7,100.0,False,0,car,1966.4688888888888,0.34201269787038013,OnTrack,5392.753305855129,14467.72651914976,1967.0021617085288
2026-09-06 14:53:56.872,0 days 02:47:21.696000,63,150.25333333333398,0 days 00:00:29.584000,11145.142857142857,285.92857142857144,7,100.0,False,0,pos,1974.4326425499796,0.3433977718424091,OnTrack,5456.0,14470.0,1967.0
2026-09-06 14:53:57.052,0 days 02:47:21.876000,63,141.35333333333415,0 days 00:00:29.764000,11023.0,284.0,7,100.0,False,0,car,1988.5577777777776,0.345854447172662,OnTrack,5593.821998988373,14475.4178607991,1966.9774720392804
2026-09-06 14:53:57.192,0 days 02:47:22.016000,63,135.79222123631942,0 days 00:00:29.904000,10667.764479958245,274.3047074224412,7,61.21882968976482,False,0,pos,1999.0809699988604,0.34768466446319574,OnTrack,5706.0,14480.0,1967.0
2026-09-06 14:53:57.392,0 days 02:47:22.216000,63,127.84777538344122,0 days 00:00:30.104000,10160.285165612882,260.45428945450004,7,5.817157818000269,False,0,pos,2013.145467531601,0.3501307935489612,OnTrack,5854.0,14486.0,1967.0
2026-09-06 14:53:57.413,0 days 02:47:22.237000,63,127.01361111111169,0 days 00:00:30.125000,10107.0,259.0,7,0.0,True,0,car,2014.529722222222,0.35037154624225525,OnTrack,5868.790706628379,14486.561630165204,1966.950477549825
2026-09-06 14:53:57.652,0 days 02:47:22.476000,63,121.10499841777829,0 days 00:00:30.364000,10038.2874816,232.6104096,7,0.0,True,0,pos,2029.0229335998201,0.3528922382054313,OnTrack,6028.0,14492.0,1966.0
2026-09-06 14:53:57.812,0 days 02:47:22.636000,63,117.1494428622227,0 days 00:00:30.524000,9992.2874816,214.94374293333334,7,0.0,True,0,pos,2037.7400715957428,0.35440834247768277,OnTrack,6126.0,14495.0,1966.0
2026-09-06 14:53:57.893,0 days 02:47:22.717000,63,115.1469444444449,0 days 00:00:30.605000,9969.0,206.0,7,0.0,True,0,car,2041.9963888888888,0.3551486107670243,OnTrack,6172.338894727454,14496.524775569384,1966.0046085939655
2026-09-06 14:53:58.012,0 days 02:47:22.836000,63,113.2958323377782,0 days 00:00:30.724000,10253.484528,195.2156192,7,0.0,True,0,pos,2048.058426985636,0.3562029340852198,OnTrack,6237.0,14499.0,1966.0
2026-09-06 14:53:58.132,0 days 02:47:22.956000,63,111.42916567111149,0 days 00:00:30.844000,10540.359528,184.3406192,7,0.0,True,0,pos,2053.928580040377,0.3572238843247623,OnTrack,6299.0,14502.0,1966.0
2026-09-06 14:53:58.213,0 days 02:47:23.037000,63,110.16916666666702,0 days 00:00:30.925000,10734.0,177.0,6,0.0,True,0,car,2057.729722222222,0.35788498753363956,OnTrack,6337.9222656576985,14504.09666725974,1965.7682956517926
2026-09-06 14:53:58.392,0 days 02:47:23.216000,63,108.42888826666712,0 days 00:00:31.104000,10810.97002752,161.78499456,6,0.0,True,0,pos,2065.7046877531175,0.3592720114993154,OnTrack,6418.0,14510.0,1965.0
2026-09-06 14:53:58.413,0 days 02:47:23.237000,63,108.22472222222268,0 days 00:00:31.125000,10820.0,160.0,4,0.0,True,0,car,2066.6186111111106,0.35943096310799844,OnTrack,6427.297141017388,14510.97616555624,1964.9638617845453
2026-09-06 14:53:58.572,0 days 02:47:23.396000,63,107.12055511111137,0 days 00:00:31.284000,10456.2873536,153.0437472,4,0.0,True,0,pos,2073.377907543403,0.3606065551662182,OnTrack,6490.0,14519.0,1965.0
2026-09-06 14:53:58.573,0 days 02:47:23.397000,63,107.11361111111137,0 days 00:00:31.285000,10454.0,153.0,3,0.0,True,0,car,2073.4186111111107,0.36061363442238303,OnTrack,6490.274135402351,14519.038978898754,1965.0007025064367
2026-09-06 14:53:58.812,0 days 02:47:23.636000,63,107.57833345777806,0 days 00:00:31.524000,9374.765336,138.062496,3,0.0,True,0,pos,2082.4023017395607,0.36217609812879087,OnTrack,6526.0,14526.0,1965.0
2026-09-06 14:53:58.893,0 days 02:47:23.717000,63,107.73583333333363,0 days 00:00:31.605000,9009.0,133.0,3,0.0,True,0,car,2085.240833333333,0.36266978193628036,OnTrack,6548.059462322178,14531.012231192699,1964.7410043138013
2026-09-06 14:53:59.092,0 days 02:47:23.916000,63,110.0575007466669,0 days 00:00:31.804000,8732.20900189091,126.2159069090909,3,0.0,True,0,pos,2091.9401708223418,0.3638349458000497,OnTrack,6621.0,14549.0,1964.0
2026-09-06 14:53:59.152,0 days 02:47:23.976000,63,110.75750074666689,0 days 00:00:31.864000,8648.754456436363,124.17045236363636,3,0.0,True,0,pos,2093.8876967712085,0.36417366389912986,OnTrack,6640.0,14555.0,1964.0
2026-09-06 14:53:59.333,0 days 02:47:24.157000,63,112.86916666666684,0 days 00:00:32.045000,8397.0,118.0,3,0.0,True,0,car,2099.6630555555553,0.3651781273056777,OnTrack,6712.0694905703185,14583.536152267458,1964.0909302012387
2026-09-06 14:53:59.532,0 days 02:47:24.356000,63,116.13055660444468,0 days 00:00:32.244000,9451.7003392,113.0249984,3,0.0,True,0,pos,2105.8432817717544,0.3662530061677815,OnTrack,6787.0,14618.0,1964.0
2026-09-06 14:53:59.613,0 days 02:47:24.437000,63,117.4580555555558,0 days 00:00:32.325000,9881.0,111.0,2,0.0,False,0,car,2108.2963888888885,0.3666796560822738,OnTrack,6805.378686495048,14627.67263504926,1963.8166471757715
2026-09-06 14:53:59.853,0 days 02:47:24.677000,63,122.05805555555571,0 days 00:00:32.565000,9266.0,106.0,2,0.0,True,0,car,2115.363055555555,0.36790870666388914,OnTrack,6831.809221733891,14649.435121682065,1963.0585365954053
2026-09-06 14:53:59.911,0 days 02:47:24.735000,63,123.2663915555558,0 days 00:00:32.623000,9363.73021568,105.41999872,2,4.3500096,True,0,pos,2117.0501098993,0.3682021229547942,OnTrack,6840.0,14658.0,1963.0
2026-09-06 14:54:00.053,0 days 02:47:24.877000,63,126.22472222222268,0 days 00:00:32.765000,9603.0,104.0,2,15.0,False,0,car,2121.140833333333,0.3689135907872224,OnTrack,6865.499114134957,14685.87654198417,1963.057022439014
2026-09-06 14:54:00.091,0 days 02:47:24.915000,63,127.11139187555602,0 days 00:00:32.803000,9623.9000704,103.7624992,2,18.9187632,False,0,pos,2122.218525807222,0.369101025489369,OnTrack,6872.0,14694.0,1963.0
2026-09-06 14:54:00.291,0 days 02:47:25.115000,63,131.7780585422227,0 days 00:00:33.003000,9733.900070400001,102.5124992,2,39.5437632,False,0,pos,2127.8200719778306,0.3700752590146896,OnTrack,6901.0,14742.0,1962.0
2026-09-06 14:54:00.373,0 days 02:47:25.197000,63,133.69138888888938,0 days 00:00:33.085000,9779.0,102.0,2,48.0,False,0,car,2130.2074999999995,0.3704904858730685,OnTrack,6914.837215629325,14770.431947234878,1961.6116283477115
2026-09-06 14:54:00.571,0 days 02:47:25.395000,63,138.0913910275689,0 days 00:00:33.283000,9161.676391670955,107.95489011249883,2,52.46616758437412,False,0,pos,2136.3200335731235,0.37155359147823713,OnTrack,6951.0,14847.0,1961.0
2026-09-06 14:54:00.772,0 days 02:47:25.596000,63,142.5580555555557,0 days 00:00:33.484000,8535.0,114.0,3,57.0,False,0,car,2142.8424999999997,0.37268799352854637,OnTrack,6979.304136074927,14893.310396407787,1960.9076971815584
2026-09-06 14:54:00.951,0 days 02:47:25.775000,63,146.7844459555557,0 days 00:00:33.663000,8728.6027008,116.1197376,3,56.7644736,False,0,pos,2148.76031574897,0.37371723337121115,OnTrack,7007.0,14923.0,1961.0
2026-09-06 14:54:01.532,0 days 02:47:26.356000,63,160.50250000000005,0 days 00:00:34.244000,9357.0,123.0,3,56.0,False,0,car,2168.8091666666664,0.37720417467514233,OnTrack,7163.918366182127,15035.828005255904,1960.993567006658
2026-09-06 14:54:01.551,0 days 02:47:26.375000,63,160.9352792355556,0 days 00:00:34.263000,9413.57269056,123.4750016,3,56.9500032,False,0,pos,2169.492306382719,0.37732298787306773,OnTrack,7170.0,15039.0,1961.0
2026-09-06 14:54:01.811,0 days 02:47:26.635000,63,166.85750145777766,0 days 00:00:34.523000,10187.72269056,129.9750016,3,69.9500032,False,0,pos,2179.025036005759,0.3789809416779138,OnTrack,7254.0,15076.0,1961.0
2026-09-06 14:54:01.932,0 days 02:47:26.756000,63,169.6136111111109,0 days 00:00:34.644000,10548.0,133.0,3,76.0,False,0,car,2183.5869444444443,0.37977435906751406,OnTrack,7288.721605627555,15088.561057575458,1960.6630105280185
2026-09-06 14:54:02.071,0 days 02:47:26.895000,63,172.5866680355554,0 days 00:00:34.783000,10887.85515648,137.86500224,3,80.17000192,False,0,pos,2188.938093486665,0.380705042960342,OnTrack,7348.0,15105.0,1960.0
2026-09-06 14:54:02.132,0 days 02:47:26.956000,63,173.89138888888874,0 days 00:00:34.844000,11037.0,140.0,3,82.0,False,0,car,2191.364722222222,0.3811270876950781,OnTrack,7389.698643504047,15115.10649797209,1959.6355159708426
2026-09-06 14:54:02.251,0 days 02:47:27.075000,63,176.1722234488888,0 days 00:00:34.963000,11300.925141942856,145.10000274285716,3,89.65000411428572,False,0,pos,2196.279327758124,0.3819818469581408,OnTrack,7476.0,15135.0,1959.0
2026-09-06 14:54:02.412,0 days 02:47:27.236000,63,179.25805555555553,0 days 00:00:35.124000,11658.0,152.0,3,100.0,False,0,car,2203.186944444444,0.3831832352089754,OnTrack,7527.910689220809,15145.9454485031,1958.9779074849846
2026-09-06 14:54:02.591,0 days 02:47:27.415000,63,182.4900011555553,0 days 00:00:35.303000,11031.499776,157.2208352,3,100.0,False,0,pos,2211.025613924888,0.3845465542586024,OnTrack,7562.0,15151.0,1959.0
2026-09-06 14:54:02.652,0 days 02:47:27.476000,63,183.59138888888856,0 days 00:00:35.364000,10818.0,159.0,3,100.0,False,0,car,2213.786944444444,0.3850268110813984,OnTrack,7586.018090175655,15155.087282665883,1958.721060507962
2026-09-06 14:54:02.771,0 days 02:47:27.595000,63,185.31027870222192,0 days 00:00:35.483000,10909.2333824,163.2145856,3,100.0,False,0,pos,2219.348026937304,0.38599400707275605,OnTrack,7643.0,15165.0,1958.0
2026-09-06 14:54:03.131,0 days 02:47:27.955000,63,190.51027870222197,0 days 00:00:35.843000,11185.2333824,175.9645856,3,100.0,False,0,pos,2237.20316010479,0.38909941204506515,OnTrack,7811.0,15197.0,1957.0
2026-09-06 14:54:03.132,0 days 02:47:27.956000,63,190.52472222222195,0 days 00:00:35.844000,11186.0,176.0,4,100.0,False,0,car,2237.253611111111,0.38910818659770596,OnTrack,7811.5709106189015,15197.131797483275,1956.996434797844
2026-09-06 14:54:03.352,0 days 02:47:28.176000,63,192.35805555555538,0 days 00:00:36.064000,11406.0,180.4,4,100.0,False,0,pos,2248.433353449939,0.3910525925633446,OnTrack,7946.0,15231.0,1956.0
2026-09-06 14:54:03.532,0 days 02:47:28.356000,63,193.85805555555544,0 days 00:00:36.244000,11586.0,184.0,4,100.0,False,0,car,2257.698055555555,0.39266393041873143,OnTrack,8031.870448584239,15255.974302106837,1955.1978591502495
2026-09-06 14:54:03.572,0 days 02:47:28.396000,63,194.0802777777776,0 days 00:00:36.284000,11418.0,184.8,4,100.0,False,0,pos,2259.77119971216,0.393024496319408,OnTrack,8055.0,15263.0,1955.0
2026-09-06 14:54:03.732,0 days 02:47:28.556000,63,194.9691666666663,0 days 00:00:36.444000,10746.0,188.0,4,100.0,False,0,car,2268.1425,0.39448045171860324,OnTrack,8170.108940955553,15298.145074440314,1954.1467442715552
2026-09-06 14:54:03.772,0 days 02:47:28.596000,63,195.05805557131393,0 days 00:00:36.484000,10693.146805034337,188.77562340620472,4,100.0,False,0,pos,2270.2672629640238,0.3948499952785176,OnTrack,8196.0,15306.0,1954.0
2026-09-06 14:54:04.093,0 days 02:47:28.917000,63,195.77138888888885,0 days 00:00:36.805000,10269.0,195.0,5,100.0,False,0,car,2287.6966666666663,0.3978813564235093,OnTrack,8318.773517207143,15342.55252679046,1954.1129169197995
2026-09-06 14:54:04.192,0 days 02:47:29.016000,63,195.77138888888885,0 days 00:00:36.904000,10360.162558933333,196.2375008,5,100.0,False,0,pos,2293.120728815131,0.398824721527984,OnTrack,8372.0,15360.0,1954.0
2026-09-06 14:54:04.333,0 days 02:47:29.157000,63,195.77138888888885,0 days 00:00:37.045000,10490.0,198.0,5,100.0,False,0,car,2300.8966666666665,0.4001771301514323,OnTrack,8481.187766928302,15397.023313307314,1953.4396836032188
2026-09-06 14:54:04.432,0 days 02:47:29.256000,63,195.55138874666665,0 days 00:00:37.144000,10554.762541866667,199.65000106666668,5,100.0,False,0,pos,2306.41917099824,0.4011376165420965,OnTrack,8561.0,15425.0,1953.0
2026-09-06 14:54:04.573,0 days 02:47:29.397000,63,195.23805555555555,0 days 00:00:37.285000,10647.0,202.0,5,100.0,False,0,car,2314.363333333333,0.40251928314658597,OnTrack,8657.254353702543,15460.579798671777,1952.5607302395258
2026-09-06 14:54:04.733,0 days 02:47:29.557000,63,194.52694444444433,0 days 00:00:37.445000,10849.0,205.0,5,100.0,False,0,car,2323.474444444444,0.4041039081103039,OnTrack,8742.147226271296,15494.050266861714,1952.2198307544606
2026-09-06 14:54:04.812,0 days 02:47:29.636000,63,194.1099996622221,0 days 00:00:37.524000,10884.5500288,206.4812512,5,100.0,False,0,pos,2328.0233472692803,0.40489506353425336,OnTrack,8775.0,15507.0,1952.0
2026-09-06 14:54:04.893,0 days 02:47:29.717000,63,193.6824999999999,0 days 00:00:37.605000,10921.0,208.0,5,100.0,False,0,car,2332.718888888888,0.4057117227076371,OnTrack,8802.493604317753,15517.767743566332,1951.732081294954
2026-09-06 14:54:05.133,0 days 02:47:29.957000,63,192.28250000000025,0 days 00:00:37.845000,11112.0,211.0,5,100.0,False,0,car,2346.7855555555548,0.4081582290540601,OnTrack,8876.078337474139,15546.473238603297,1951.01173200223
2026-09-06 14:54:05.152,0 days 02:47:29.976000,63,192.16638849777803,0 days 00:00:37.864000,11125.20504448,211.28500096,5,100.0,False,0,pos,2347.908586201603,0.4083535490732154,OnTrack,8885.0,15550.0,1951.0
2026-09-06 14:54:05.272,0 days 02:47:30.096000,63,191.43305516444474,0 days 00:00:37.984000,11208.60504448,213.08500096,5,100.0,False,0,pos,2355.032665034439,0.4095925849080697,OnTrack,8951.0,15576.0,1951.0
2026-09-06 14:54:05.333,0 days 02:47:30.157000,63,191.06027777777808,0 days 00:00:38.045000,11251.0,214.0,5,100.0,False,0,car,2358.674444444444,0.4102259713847652,OnTrack,8984.228902234501,15588.613868498327,1950.840696643118
2026-09-06 14:54:05.512,0 days 02:47:30.336000,63,189.966388497778,0 days 00:00:38.224000,11337.303602285714,215.91785782857144,5,100.0,False,0,pos,2369.4386024634014,0.4120980979895481,OnTrack,9086.0,15625.0,1950.0
2026-09-06 14:54:05.613,0 days 02:47:30.437000,63,189.34916666666686,0 days 00:00:38.325000,11386.0,217.0,5,100.0,False,0,car,2375.5522222222216,0.4131613925065792,OnTrack,9160.857432532348,15650.866532986445,1949.8223210309404
2026-09-06 14:54:05.773,0 days 02:47:30.597000,63,188.3269444444445,0 days 00:00:38.485000,11531.0,219.0,5,100.0,False,0,car,2385.2855555555548,0.4148542357605021,OnTrack,9290.318308837595,15694.956881000233,1949.9452732251084
2026-09-06 14:54:05.812,0 days 02:47:30.636000,63,188.08861072000008,0 days 00:00:38.524000,11547.38002688,219.39000064,5,100.0,False,0,pos,2387.6674410563955,0.4152684986510892,OnTrack,9317.0,15704.0,1950.0
2026-09-06 14:54:05.973,0 days 02:47:30.797000,63,187.10472222222234,0 days 00:00:38.685000,11615.0,221.0,5,100.0,False,0,car,2397.5633333333326,0.4169896145225854,OnTrack,9403.496614439524,15733.127932640456,1950.3035893149085
2026-09-06 14:54:06.271,0 days 02:47:31.095000,63,185.28361032888895,0 days 00:00:38.983000,11581.4749856,224.7250016,5,100.0,False,0,pos,2416.3354079315154,0.4202544960135792,OnTrack,9529.0,15775.0,1950.0
2026-09-06 14:54:06.391,0 days 02:47:31.215000,63,184.5502769955556,0 days 00:00:39.103000,11567.9749856,226.2250016,5,100.0,False,0,pos,2423.9279843743248,0.42157501400787084,OnTrack,9601.0,15799.0,1949.0
2026-09-06 14:54:06.453,0 days 02:47:31.277000,63,184.17138888888894,0 days 00:00:39.165000,11561.0,227.0,5,100.0,True,0,car,2427.829999999999,0.42225366135327747,OnTrack,9638.622700972917,15810.836261717885,1948.5079443329455
2026-09-06 14:54:06.613,0 days 02:47:31.437000,63,183.415833333333,0 days 00:00:39.325000,11261.0,225.0,5,5.0,True,0,car,2437.8299999999995,0.4239928838744313,OnTrack,9734.265996884142,15838.180911632207,1947.2000837346275
2026-09-06 14:54:06.631,0 days 02:47:31.455000,63,183.3608329422219,0 days 00:00:39.343000,11233.437304,224.5499968,5,4.7749984,True,0,pos,2438.947454046373,0.42418723399881203,OnTrack,9745.0,15841.0,1947.0
2026-09-06 14:54:06.773,0 days 02:47:31.597000,63,182.92694444444396,0 days 00:00:39.485000,11016.0,221.0,5,3.0,True,0,car,2447.6522222222216,0.42570118688409786,OnTrack,9828.220881568981,15860.962741732541,1945.1783626556216
2026-09-06 14:54:06.791,0 days 02:47:31.615000,63,182.96194469333284,0 days 00:00:39.503000,10987.4247968,220.156244,5,2.8312488,True,0,pos,2448.728362959626,0.4258883517047404,OnTrack,9838.0,15863.0,1945.0
2026-09-06 14:54:06.951,0 days 02:47:31.775000,63,183.27305580444397,0 days 00:00:39.663000,10733.4247968,212.656244,5,1.3312488,True,0,pos,2457.9866572257743,0.4274985750942558,OnTrack,9918.0,15876.0,1944.0
2026-09-06 14:54:07.093,0 days 02:47:31.917000,63,183.54916666666622,0 days 00:00:39.805000,10508.0,206.0,5,0.0,True,0,car,2465.9633333333327,0.42888589656727727,OnTrack,9994.893674233375,15882.904098225594,1942.5328336106772
2026-09-06 14:54:07.151,0 days 02:47:31.975000,63,183.871389535353,0 days 00:00:39.863000,10436.727129734996,204.7272701738392,5,0.0,True,0,pos,2469.200491732929,0.4294489104465892,OnTrack,10031.0,15883.0,1942.0
2026-09-06 14:54:07.412,0 days 02:47:32.236000,63,185.32138888888858,0 days 00:00:40.124000,10116.0,199.0,5,0.0,True,0,car,2483.596944444444,0.4319527739246485,OnTrack,10224.000353210948,15860.236918252735,1941.1531200974393
2026-09-06 14:54:07.491,0 days 02:47:32.315000,63,185.91388936888865,0 days 00:00:40.203000,10024.491592533333,197.35416533333333,5,0.0,True,0,pos,2487.8869044429284,0.4326988934290698,OnTrack,10269.0,15852.0,1941.0
2026-09-06 14:54:07.652,0 days 02:47:32.476000,63,187.12138888888876,0 days 00:00:40.364000,9838.0,194.0,5,0.0,False,0,car,2496.530277777777,0.43420216838534065,OnTrack,10323.098571864783,15838.101324082696,1940.512762514335
2026-09-06 14:54:07.771,0 days 02:47:32.595000,63,188.24527838222198,0 days 00:00:40.483000,9695.1999232,191.0249984,5,4.4625024,False,0,pos,2502.831213221651,0.4352980412681728,OnTrack,10358.0,15823.0,1940.0
2026-09-06 14:54:07.812,0 days 02:47:32.636000,63,188.6324999999997,0 days 00:00:40.524000,9646.0,190.0,5,6.0,False,0,car,2504.9747222222218,0.43567084518098165,OnTrack,10373.250702377036,15815.715207558333,1939.7930426177143
2026-09-06 14:54:08.092,0 days 02:47:32.916000,63,191.97694444444414,0 days 00:00:40.804000,9715.0,184.0,5,59.0,False,0,car,2519.285833333333,0.4381598658556995,OnTrack,10503.87981053209,15745.073024460087,1938.1111212011785
2026-09-06 14:54:08.111,0 days 02:47:32.935000,63,192.20916744888862,0 days 00:00:40.823000,9730.86505344,184.09500032,5,60.425004799999996,False,0,pos,2520.2558697301265,0.43832857677046366,OnTrack,10512.0,15740.0,1938.0
2026-09-06 14:54:08.291,0 days 02:47:33.115000,63,194.40916744888895,0 days 00:00:41.003000,9881.16505344,184.99500032,5,73.9250048,False,0,pos,2529.5116665548335,0.43993836579933915,OnTrack,10586.0,15684.0,1937.0
2026-09-06 14:54:08.292,0 days 02:47:33.116000,63,194.42138888888894,0 days 00:00:41.004000,9882.0,185.0,5,74.0,False,0,car,2529.5636111111103,0.43994740011355193,OnTrack,10586.481924831684,15683.54831563001,1936.994570437781
2026-09-06 14:54:08.531,0 days 02:47:33.355000,63,196.94416734222258,0 days 00:00:41.243000,10014.1969104,188.734376,5,81.468752,False,0,pos,2542.1511944760227,0.4421366609610675,OnTrack,10713.0,15546.0,1936.0
2026-09-06 14:54:08.612,0 days 02:47:33.436000,63,197.79916666666713,0 days 00:00:41.324000,10059.0,190.0,5,84.0,False,0,car,2546.452499999999,0.4428847537048338,OnTrack,10736.676689182455,15516.499386303743,1936.0886238074702
2026-09-06 14:54:08.831,0 days 02:47:33.655000,63,199.8675006044447,0 days 00:00:41.543000,10205.000042666667,191.82500053333334,5,98.60000426666667,False,0,pos,2558.1246012106885,0.44491479183431554,OnTrack,10764.0,15465.0,1937.0
2026-09-06 14:54:08.852,0 days 02:47:33.676000,63,200.06583333333356,0 days 00:00:41.564000,10219.0,192.0,5,100.0,False,0,car,2559.252499999999,0.4451109585319107,OnTrack,10767.897994912839,15457.086148940978,1937.0566838240604
2026-09-06 14:54:09.071,0 days 02:47:33.895000,63,200.43083344000027,0 days 00:00:41.783000,10345.34619076923,194.10576984615383,5,100.0,False,0,pos,2571.1319178103604,0.4471770536313083,OnTrack,10820.0,15347.0,1937.0
2026-09-06 14:54:09.271,0 days 02:47:34.095000,63,200.76416677333364,0 days 00:00:41.983000,10460.730806153846,196.02884676923077,5,100.0,False,0,pos,2582.12995944564,0.4490898578013748,OnTrack,10856.0,15244.0,1936.0
2026-09-06 14:54:09.372,0 days 02:47:34.196000,63,200.93250000000035,0 days 00:00:42.084000,10519.0,197.0,5,100.0,False,0,car,2587.708055555555,0.45006001283932723,OnTrack,10871.226832330596,15189.684308745433,1936.7309385228368
2026-09-06 14:54:09.431,0 days 02:47:34.255000,63,200.75222202666706,0 days 00:00:42.143000,10542.1083584,197.7375008,5,100.0,False,0,pos,2590.9736440606553,0.45062797134661636,OnTrack,10879.0,15158.0,1937.0
2026-09-06 14:54:09.591,0 days 02:47:34.415000,63,200.26333313777832,0 days 00:00:42.303000,10604.775025066667,199.7375008,5,100.0,False,0,pos,2599.8673369639805,0.45217478244598525,OnTrack,10896.0,15070.0,1936.0
2026-09-06 14:54:09.612,0 days 02:47:34.436000,63,200.19916666666722,0 days 00:00:42.324000,10613.0,200.0,5,100.0,False,0,car,2601.041388888888,0.45237897620086553,OnTrack,10898.206093179555,15056.491756075287,1935.8614396593052
2026-09-06 14:54:09.852,0 days 02:47:34.676000,63,199.13250000000062,0 days 00:00:42.564000,10794.0,203.0,5,100.0,False,0,car,2614.574722222221,0.454732724012827,OnTrack,10923.983577465902,14873.907140957706,1935.1058012545402
2026-09-06 14:54:09.912,0 days 02:47:34.736000,63,198.69916666666722,0 days 00:00:42.624000,10825.75,203.75,5,100.0,False,0,pos,2617.9874822014303,0.4553262789143404,OnTrack,10929.0,14835.0,1935.0
2026-09-06 14:54:10.092,0 days 02:47:34.916000,63,197.39916666666704,0 days 00:00:42.804000,10921.0,206.0,5,100.0,False,0,car,2628.308055555555,0.45712125627521155,OnTrack,10938.807557429409,14751.389997380127,1934.7054199133056
2026-09-06 14:54:10.372,0 days 02:47:35.196000,63,194.3658329297302,0 days 00:00:43.084000,11051.39502774487,209.49272395745183,5,100.0,False,0,pos,2644.6885943806724,0.45997019647853943,OnTrack,10949.0,14628.0,1934.0
2026-09-06 14:54:10.573,0 days 02:47:35.397000,63,192.18833333333396,0 days 00:00:43.285000,11145.0,212.0,5,100.0,False,0,car,2656.63361111111,0.46204770068985296,OnTrack,10962.12767804465,14464.15369636399,1933.10210706975
2026-09-06 14:54:10.612,0 days 02:47:35.436000,63,191.67916583111173,0 days 00:00:43.324000,11170.44754176,212.4875008,5,100.0,False,0,pos,2658.9646244097353,0.46245311577246084,OnTrack,10964.0,14439.0,1933.0
2026-09-06 14:54:10.832,0 days 02:47:35.656000,63,188.80694360888955,0 days 00:00:43.544000,11313.99754176,215.2375008,5,100.0,False,0,pos,2672.1948015471426,0.4647541379760839,OnTrack,10969.0,14355.0,1933.0
2026-09-06 14:54:10.973,0 days 02:47:35.797000,63,186.9661111111118,0 days 00:00:43.685000,11406.0,217.0,5,100.0,False,0,car,2680.7447222222213,0.46624115943530153,OnTrack,10973.10140759904,14290.570757436464,1933.029547746446
2026-09-06 14:54:11.172,0 days 02:47:35.996000,63,184.42333251555613,0 days 00:00:43.884000,11532.36504064,219.98500096,5,100.0,False,0,pos,2692.905545495548,0.4683561972065755,OnTrack,10983.0,14149.0,1933.0
2026-09-06 14:54:11.173,0 days 02:47:35.997000,63,184.41055555555613,0 days 00:00:43.885000,11533.0,220.0,5,100.0,False,0,car,2692.9669444444435,0.46836687585004505,OnTrack,10983.065888880377,14148.075216703366,1932.9998092181527
2026-09-06 14:54:11.333,0 days 02:47:36.157000,63,182.4994444444451,0 days 00:00:44.045000,11694.0,222.0,5,100.0,False,0,car,2702.8336111111103,0.47008290873758346,OnTrack,10995.187709623517,13979.490456690748,1932.9755426189377
2026-09-06 14:54:11.392,0 days 02:47:36.216000,63,181.94222161777847,0 days 00:00:44.104000,11699.267862857143,222.63214354285714,5,100.0,False,0,pos,2706.497251891279,0.4707200973930122,OnTrack,10999.0,13927.0,1933.0
2026-09-06 14:54:11.613,0 days 02:47:36.437000,63,179.85500000000093,0 days 00:00:44.325000,11719.0,225.0,5,100.0,False,0,car,2720.3336111111103,0.47312654814960253,OnTrack,11005.95348801674,13834.429572465533,1933.3366740109916
2026-09-06 14:54:11.812,0 days 02:47:36.636000,63,178.58361070222304,0 days 00:00:44.524000,11618.947190044444,225.0,5,100.0,False,0,pos,2732.9046216418806,0.4753129266124802,OnTrack,11012.0,13774.0,1933.0
2026-09-06 14:54:11.972,0 days 02:47:36.796000,63,177.56138848000074,0 days 00:00:44.684000,11538.5027456,225.0,5,100.0,False,0,pos,2742.773337408467,0.4770293158840915,OnTrack,11022.0,13675.0,1932.0
2026-09-06 14:54:11.973,0 days 02:47:36.797000,63,177.55500000000075,0 days 00:00:44.685000,11538.0,225.0,5,100.0,False,0,car,2742.8336111111103,0.47703979882219855,OnTrack,11022.064681702446,13674.356976492892,1931.9968043997164
2026-09-06 14:54:12.272,0 days 02:47:37.096000,63,181.87388981333402,0 days 00:00:44.984000,11439.08081216,216.02999808,5,75.083328,False,0,pos,2760.0755391642665,0.4800385537800147,OnTrack,11040.0,13491.0,1933.0
2026-09-06 14:54:13.051,0 days 02:47:37.875000,63,193.12611296000048,0 days 00:00:45.763000,11181.36162432,192.65999616,5,10.166655999999994,False,0,pos,2799.7258209030233,0.4869346200770286,OnTrack,11067.0,13044.0,1932.0
2026-09-06 14:54:13.173,0 days 02:47:37.997000,63,194.88833333333378,0 days 00:00:45.885000,11141.0,189.0,4,0.0,True,0,car,2805.8336111111103,0.48799690070546736,OnTrack,11065.580357614117,12985.409635463457,1930.8727283884919
2026-09-06 14:54:13.371,0 days 02:47:38.195000,63,198.79333585777817,0 days 00:00:46.083000,10874.249827555555,183.49999644444443,4,2.750001777777778,True,0,pos,2815.758995117869,0.48972314584503274,OnTrack,11053.0,12883.0,1929.0
2026-09-06 14:54:13.533,0 days 02:47:38.357000,63,201.98833333333369,0 days 00:00:46.245000,10656.0,179.0,4,5.0,False,0,car,2823.7336111111103,0.49111010901833263,OnTrack,11026.02659327493,12775.753884525095,1928.1581874053954
2026-09-06 14:54:13.591,0 days 02:47:38.415000,63,203.47055882666703,0 days 00:00:46.303000,10636.1832896,177.791664,4,11.5250144,False,0,pos,2826.5277010232867,0.49159606342847123,OnTrack,11016.0,12743.0,1928.0
2026-09-06 14:54:13.911,0 days 02:47:38.735000,63,211.64833660444495,0 days 00:00:46.623000,10526.849956266668,171.12499733333334,4,47.525014399999996,False,0,pos,2841.4900133542305,0.4941983424859227,OnTrack,10966.0,12642.0,1928.0
2026-09-06 14:54:14.013,0 days 02:47:38.837000,63,214.25500000000056,0 days 00:00:46.725000,10492.0,169.0,4,59.0,False,0,car,2846.2669444444437,0.4950291570993325,OnTrack,10943.18932205853,12606.883132882547,1927.8938213866466
2026-09-06 14:54:14.131,0 days 02:47:38.955000,63,217.43444738334728,0 days 00:00:46.843000,10691.328505050064,169.887218865208,4,63.436094326040006,False,0,pos,2851.8397179067347,0.49599838641042293,OnTrack,10905.0,12558.0,1928.0
2026-09-06 14:54:14.391,0 days 02:47:39.215000,63,224.44000181520468,0 days 00:00:47.103000,11130.526429589745,171.8421057696873,4,73.21052884843647,False,0,pos,2864.309943178041,0.4981672360739947,OnTrack,10773.0,12434.0,1930.0
2026-09-06 14:54:14.412,0 days 02:47:39.236000,63,225.0058333333336,0 days 00:00:47.124000,11166.0,172.0,4,74.0,False,0,car,2865.330277777777,0.498344694965492,OnTrack,10764.188467024396,12426.594304770155,1930.1193797560961
2026-09-06 14:54:14.612,0 days 02:47:39.436000,63,230.3391666666671,0 days 00:00:47.324000,11297.0,177.0,4,84.0,False,0,car,2875.16361111111,0.5000549304446265,OnTrack,10707.35852869415,12385.59144108508,1930.5126734708576
2026-09-06 14:54:14.791,0 days 02:47:39.615000,63,234.96333498666695,0 days 00:00:47.503000,11396.9417024,180.9777792,4,85.4916672,False,0,pos,2884.2101192150303,0.5016283195078403,OnTrack,10655.0,12356.0,1930.0
2026-09-06 14:54:14.971,0 days 02:47:39.795000,63,239.6133349866668,0 days 00:00:47.683000,11497.4417024,184.97777920000001,4,86.9916672,False,0,pos,2893.6103822685754,0.5032632344285898,OnTrack,10574.0,12309.0,1929.0
2026-09-06 14:54:14.972,0 days 02:47:39.796000,63,239.63916666666682,0 days 00:00:47.684000,11498.0,185.0,4,87.0,False,0,car,2893.66361111111,0.503272492108761,OnTrack,10573.52163774883,12308.73411187052,1928.995084638345
2026-09-06 14:54:15.231,0 days 02:47:40.055000,63,245.75444595555572,0 days 00:00:47.943000,10821.722055111111,195.07222471111112,4,96.35278008888889,False,0,pos,2907.8283561897038,0.5057360564734701,OnTrack,10449.0,12244.0,1928.0
2026-09-06 14:54:15.332,0 days 02:47:40.156000,63,248.13916666666682,0 days 00:00:48.044000,10558.0,199.0,5,100.0,False,0,car,2913.5636111111103,0.506733544925857,OnTrack,10402.922038414184,12220.298274965833,1927.450299742983
2026-09-06 14:54:15.411,0 days 02:47:40.235000,63,249.8069457955557,0 days 00:00:48.123000,10778.353749942857,202.6678601142857,5,100.0,False,0,pos,2918.1342104077166,0.5075284738490397,OnTrack,10359.0,12198.0,1927.0
2026-09-06 14:54:15.612,0 days 02:47:40.436000,63,254.05027777777786,0 days 00:00:48.324000,11339.0,212.0,5,100.0,False,0,car,2930.0524999999993,0.5096013296162928,OnTrack,10203.159129094347,12120.554995769748,1926.0640047719198
2026-09-06 14:54:15.631,0 days 02:47:40.455000,63,254.43027905777785,0 days 00:00:48.343000,11365.98009088,212.66500224,5,100.0,False,0,pos,2931.1950853522917,0.5098000506339975,OnTrack,10190.0,12114.0,1926.0
2026-09-06 14:54:15.812,0 days 02:47:40.636000,63,258.05027777777786,0 days 00:00:48.524000,11623.0,219.0,5,100.0,False,0,car,2942.2191666666663,0.5117173836836967,OnTrack,10098.086669823682,12067.612406677385,1925.6386144861997
2026-09-06 14:54:16.052,0 days 02:47:40.876000,63,262.51694444444456,0 days 00:00:48.764000,10812.0,226.0,5,100.0,False,0,car,2957.285833333333,0.514337812282235,OnTrack,10012.09050246149,12021.887161402366,1925.0985866372205
2026-09-06 14:54:16.071,0 days 02:47:40.895000,63,262.83888997333344,0 days 00:00:48.783000,10800.758295466667,226.63333546666667,5,100.0,False,0,pos,2958.5023063791327,0.5145493840139982,OnTrack,10003.0,12017.0,1925.0
2026-09-06 14:54:16.251,0 days 02:47:41.075000,63,265.8888899733334,0 days 00:00:48.963000,10694.258295466667,232.63333546666667,5,100.0,False,0,pos,2970.1913970050464,0.5165823769808378,OnTrack,9901.0,11962.0,1924.0
2026-09-06 14:54:16.292,0 days 02:47:41.116000,63,266.58361111111117,0 days 00:00:49.004000,10670.0,234.0,6,100.0,False,0,car,2972.8858333333324,0.5170509994152348,OnTrack,9875.013452138632,11948.007037659585,1923.983092827354
2026-09-06 14:54:16.512,0 days 02:47:41.336000,63,270.1280555555558,0 days 00:00:49.224000,10927.714285714286,238.71428571428572,6,100.0,False,0,pos,2987.5158745787367,0.5195954891371763,OnTrack,9726.0,11868.0,1925.0
2026-09-06 14:54:16.572,0 days 02:47:41.396000,63,271.0947222222226,0 days 00:00:49.284000,10998.0,240.0,6,100.0,False,0,car,2991.552499999999,0.5202975481213885,OnTrack,9685.39554460667,11846.2654029619,1925.1808075632885
2026-09-06 14:54:16.772,0 days 02:47:41.596000,63,274.0947222222226,0 days 00:00:49.484000,11212.0,245.0,6,100.0,False,0,car,3005.16361111111,0.5226648232196256,OnTrack,9552.166708893617,11775.098824897594,1925.2208044667334
2026-09-06 14:54:16.912,0 days 02:47:41.736000,63,275.9613893140375,0 days 00:00:49.624000,11437.19578082751,248.48754527830212,6,100.0,False,0,pos,3014.8900423578666,0.5243564660471068,OnTrack,9461.0,11726.0,1925.0
2026-09-06 14:54:17.053,0 days 02:47:41.877000,63,277.841388888889,0 days 00:00:49.765000,11664.0,252.0,6,100.0,False,0,car,3024.8336111111103,0.5260858739187351,OnTrack,9370.98199585748,11676.977752918101,1924.6699498546432
2026-09-06 14:54:17.332,0 days 02:47:42.156000,63,281.09638963555545,0 days 00:00:50.044000,11679.9428608,258.9750016,6,100.0,False,0,pos,3044.904814906198,0.5295767028854436,OnTrack,9186.0,11574.0,1924.0
2026-09-06 14:54:17.333,0 days 02:47:42.157000,63,281.10805555555544,0 days 00:00:50.045000,11680.0,259.0,6,100.0,False,0,car,3044.978055555555,0.529589441064126,OnTrack,9185.27710244564,11573.590784006645,1923.9986359265213
2026-09-06 14:54:17.652,0 days 02:47:42.476000,63,284.03222280888855,0 days 00:00:50.364000,10772.622040177777,267.8611128888889,6,100.0,False,0,pos,3068.7885740153247,0.5337306200586839,OnTrack,8954.0,11441.0,1924.0
2026-09-06 14:54:17.693,0 days 02:47:42.517000,63,284.40805555555517,0 days 00:00:50.405000,10656.0,269.0,7,100.0,False,0,car,3071.878055555555,0.5342679496460296,OnTrack,8931.167662625567,11427.816448548328,1924.0681432381923
2026-09-06 14:54:17.933,0 days 02:47:42.757000,63,286.47472222222177,0 days 00:00:50.645000,10968.0,273.0,7,100.0,False,0,car,3090.0780555555552,0.5374333346345296,OnTrack,8835.801466246277,11372.601814474112,1924.7350419636248
2026-09-06 14:54:18.072,0 days 02:47:42.896000,63,287.32416705777746,0 days 00:00:50.784000,11066.072267377778,276.4750016,7,100.0,False,0,pos,3100.864168445527,0.5393092796799243,OnTrack,8769.0,11335.0,1925.0
2026-09-06 14:54:18.293,0 days 02:47:43.117000,63,288.67472222222204,0 days 00:00:51.005000,11222.0,282.0,7,100.0,False,0,car,3118.278055555555,0.5423379421441832,OnTrack,8617.928505785501,11251.398309533915,1925.0165287925438
2026-09-06 14:54:18.372,0 days 02:47:43.196000,63,289.1355559288887,0 days 00:00:51.084000,11276.641710933332,282.9875008,7,100.0,False,0,pos,3124.5134188257584,0.5434224105668944,OnTrack,8564.0,11221.0,1925.0
2026-09-06 14:54:18.472,0 days 02:47:43.296000,63,289.7188892622221,0 days 00:00:51.184000,11345.8083776,284.2375008,7,100.0,False,0,pos,3132.422772328869,0.5447980231409321,OnTrack,8496.0,11182.0,1925.0
2026-09-06 14:54:18.533,0 days 02:47:43.357000,63,290.07472222222214,0 days 00:00:51.245000,11388.0,285.0,7,100.0,False,0,car,3137.2780555555546,0.5456424649343753,OnTrack,8439.266752307261,11149.731966001285,1924.9997287273177
2026-09-06 14:54:18.693,0 days 02:47:43.517000,63,290.8302777777776,0 days 00:00:51.405000,11469.0,289.0,7,100.0,False,0,car,3150.1224999999995,0.547876399639324,OnTrack,8251.055337696633,11043.577560325166,1924.9951155187866
2026-09-06 14:54:18.752,0 days 02:47:43.576000,63,291.07611137777764,0 days 00:00:51.464000,11520.625056,289.7375008,7,100.0,False,0,pos,3154.882895954526,0.548704338424696,OnTrack,8202.0,11016.0,1925.0
2026-09-06 14:54:18.933,0 days 02:47:43.757000,63,291.8302777777776,0 days 00:00:51.645000,11679.0,292.0,7,100.0,False,0,car,3169.589166666666,0.5512620861471701,OnTrack,8143.09185436462,10983.085252551035,1925.0326297669658
2026-09-06 14:54:19.012,0 days 02:47:43.836000,63,292.02777793777756,0 days 00:00:51.724000,11582.005476977778,293.53611235555553,7,100.0,False,0,pos,3176.087475116175,0.5523922865876492,OnTrack,8117.0,10968.0,1925.0
2026-09-06 14:54:19.293,0 days 02:47:44.117000,63,292.73027777777725,0 days 00:00:52.005000,11237.0,299.0,7,100.0,False,0,car,3199.4891666666663,0.5564623614854198,OnTrack,7916.730442217162,10850.364721586802,1924.8485657783299
2026-09-06 14:54:19.332,0 days 02:47:44.156000,63,292.806111235555,0 days 00:00:52.044000,11104.3997824,299.4875008,7,100.0,False,0,pos,3202.7453305619147,0.5570286808433382,OnTrack,7889.0,10834.0,1925.0
2026-09-06 14:54:19.453,0 days 02:47:44.277000,63,293.0413888888884,0 days 00:00:52.165000,10693.0,301.0,8,100.0,False,0,car,3212.8669444444436,0.55878905472483,OnTrack,7813.377752970686,10789.248348427504,1925.874216575715
2026-09-06 14:54:19.611,0 days 02:47:44.435000,63,293.26083351111066,0 days 00:00:52.323000,10745.14004224,303.37000192,8,100.0,False,0,pos,3226.1913889046077,0.5611064721135279,OnTrack,7690.0,10710.0,1927.0
2026-09-06 14:54:19.653,0 days 02:47:44.477000,63,293.3191666666662,0 days 00:00:52.365000,10759.0,304.0,8,100.0,False,0,car,3229.7558333333327,0.5617264083161119,OnTrack,7641.081119694659,10676.806684696965,1927.0748427571123
2026-09-06 14:54:19.771,0 days 02:47:44.595000,63,293.3519444799994,0 days 00:00:52.483000,10814.207202742857,305.6857161142857,8,100.0,False,0,pos,3239.8220583438797,0.5634771488402464,OnTrack,7494.0,10575.0,1927.0
2026-09-06 14:54:19.933,0 days 02:47:44.757000,63,293.39694444444376,0 days 00:00:52.645000,10890.0,308.0,8,100.0,False,0,car,3253.7113888888885,0.5658928124890092,OnTrack,7387.493044206854,10498.13520759735,1927.214720238324
2026-09-06 14:54:20.093,0 days 02:47:44.917000,63,293.441388888888,0 days 00:00:52.805000,10902.0,309.0,8,100.0,False,0,car,3267.4447222222216,0.5682813447513937,OnTrack,7335.206492331011,10454.744156970402,1927.19114273163
2026-09-06 14:54:20.131,0 days 02:47:44.955000,63,293.4202777066658,0 days 00:00:52.843000,10921.633399466667,309.4750016,8,100.0,False,0,pos,3270.721822759705,0.5688513054572814,OnTrack,7316.0,10439.0,1927.0
2026-09-06 14:54:20.331,0 days 02:47:45.155000,63,293.3091665955548,0 days 00:00:53.043000,11024.9667328,311.9750016,8,100.0,False,0,pos,3288.0707294382346,0.5718686663785508,OnTrack,7181.0,10329.0,1925.0
2026-09-06 14:54:20.333,0 days 02:47:45.157000,63,293.3080555555548,0 days 00:00:53.045000,11026.0,312.0,8,100.0,False,0,car,3288.2447222222218,0.5718989275953936,OnTrack,7179.594570212947,10327.853233115542,1924.9758638100323
2026-09-06 14:54:20.491,0 days 02:47:45.315000,63,293.1324998577771,0 days 00:00:53.203000,11048.91001856,313.58000128,8,100.0,False,0,pos,3302.0177067938534,0.5742943560904421,OnTrack,7072.0,10240.0,1923.0
2026-09-06 14:54:20.533,0 days 02:47:45.357000,63,293.08583333333263,0 days 00:00:53.245000,11055.0,314.0,8,100.0,False,0,car,3305.6891666666656,0.5749329046600729,OnTrack,7044.747414914759,10217.878790293944,1922.5007275540336
2026-09-06 14:54:20.771,0 days 02:47:45.595000,63,292.75527759999915,0 days 00:00:53.483000,11147.2250496,315.9833344,8,100.0,False,0,pos,3326.5797285703966,0.5785662382343256,OnTrack,6883.0,10085.0,1919.0
2026-09-06 14:54:20.773,0 days 02:47:45.597000,63,292.75249999999915,0 days 00:00:53.485000,11148.0,316.0,8,100.0,False,0,car,3326.7558333333327,0.5785968667713036,OnTrack,6881.343542819075,10083.589855762264,1918.952419786853
2026-09-06 14:54:21.012,0 days 02:47:45.836000,63,292.28777777777714,0 days 00:00:53.724000,11193.0,318.0,8,100.0,False,0,car,3347.867499999999,0.5822686553838793,OnTrack,6657.335891750756,9888.209539266174,1911.4317139669877
2026-09-06 14:54:21.071,0 days 02:47:45.895000,63,292.14027761777714,0 days 00:00:53.783000,11214.6333568,318.4916672,8,100.0,False,0,pos,3353.099822694255,0.5831786727306587,OnTrack,6616.0,9852.0,1910.0
2026-09-06 14:54:21.252,0 days 02:47:46.076000,63,291.6877777777772,0 days 00:00:53.964000,11281.0,320.0,8,100.0,False,0,car,3369.2008333333324,0.5859789967623408,OnTrack,6545.257326093284,9790.86230088266,1907.7208188523523
2026-09-06 14:54:21.311,0 days 02:47:46.135000,63,291.52388871111054,0 days 00:00:54.023000,11294.907157942856,320.4214290285714,8,100.0,False,0,pos,3374.4640548122115,0.5868943880953295,OnTrack,6521.0,9770.0,1907.0
2026-09-06 14:54:21.532,0 days 02:47:46.356000,63,290.9099999999994,0 days 00:00:54.244000,11347.0,322.0,8,100.0,False,0,car,3394.245277777777,0.590334782943097,OnTrack,6377.6708269476485,9645.995113470826,1902.7623175914327
2026-09-06 14:54:21.691,0 days 02:47:46.515000,63,290.37999978666585,0 days 00:00:54.403000,11388.34001664,323.59000064,8,100.0,False,0,pos,3408.547108203078,0.5928221895000376,OnTrack,6264.0,9547.0,1899.0
2026-09-06 14:54:21.732,0 days 02:47:46.556000,63,290.24333333333243,0 days 00:00:54.444000,11399.0,324.0,8,100.0,False,0,car,3412.2452777777776,0.5934653834811738,OnTrack,6237.535631790112,9523.827441902567,1898.0158938572174
2026-09-06 14:54:21.891,0 days 02:47:46.715000,63,289.6249997511102,0 days 00:00:54.603000,11405.814288457143,325.13571474285715,8,100.0,False,0,pos,3426.6278982290214,0.5959668412213749,OnTrack,6128.0,9428.0,1894.0
2026-09-06 14:54:22.012,0 days 02:47:46.836000,63,289.15444444444347,0 days 00:00:54.724000,11411.0,326.0,8,100.0,False,0,car,3437.6008333333325,0.5978752788070326,OnTrack,6003.5919911703895,9320.406537767298,1890.4891624250156
2026-09-06 14:54:22.071,0 days 02:47:46.895000,63,288.8758330311102,0 days 00:00:54.783000,11426.2416832,326.2458336,8,100.0,False,0,pos,3442.9559556519935,0.5988066537410474,OnTrack,5950.0,9274.0,1889.0
2026-09-06 14:54:22.252,0 days 02:47:47.076000,63,288.02111111111026,0 days 00:00:54.964000,11473.0,327.0,8,100.0,False,0,car,3459.4008333333327,0.6016667839031479,OnTrack,5861.809121001737,9196.537885333599,1886.1451616818283
2026-09-06 14:54:22.331,0 days 02:47:47.155000,63,287.4724995555547,0 days 00:00:55.043000,11485.44251008,327.19750016,8,100.0,False,0,pos,3466.5840070656145,0.6029160976560024,OnTrack,5827.0,9166.0,1885.0
2026-09-06 14:54:22.611,0 days 02:47:47.435000,63,285.52805511111023,0 days 00:00:55.323000,11529.54251008,327.89750016,8,100.0,False,0,pos,3492.0950577939393,0.6073530370525023,OnTrack,5634.0,8999.0,1880.0
2026-09-06 14:54:22.652,0 days 02:47:47.476000,63,285.24333333333243,0 days 00:00:55.364000,11536.0,328.0,8,100.0,False,0,car,3495.845277777777,0.6080052837580194,OnTrack,5600.651388064246,8970.067518894737,1879.4248076129147
2026-09-06 14:54:22.812,0 days 02:47:47.636000,63,283.55444444444356,0 days 00:00:55.524000,11549.0,330.0,8,100.0,False,0,car,3510.511944444444,0.6105561434557116,OnTrack,5463.2213921897155,8850.453784087078,1877.7995501884907
2026-09-06 14:54:22.931,0 days 02:47:47.755000,63,282.06694364444354,0 days 00:00:55.643000,11557.1812544,330.0,8,100.0,False,0,pos,3521.420551930199,0.6124533930370769,OnTrack,5372.0,8771.0,1877.0
2026-09-06 14:54:22.972,0 days 02:47:47.796000,63,281.55444444444356,0 days 00:00:55.684000,11560.0,330.0,8,100.0,False,0,car,3525.1786111111105,0.6131070031534038,OnTrack,5344.583530346119,8747.137605283038,1876.7824979100594
2026-09-06 14:54:23.172,0 days 02:47:47.996000,63,278.1655555555549,0 days 00:00:55.884000,11573.0,330.0,8,100.0,False,0,car,3543.511944444444,0.6162955777755191,OnTrack,5236.141533822197,8652.86404114272,1876.1355817812848
2026-09-06 14:54:23.292,0 days 02:47:48.116000,63,275.1655555555549,0 days 00:00:56.004000,11578.57142857143,330.0,8,100.0,False,0,pos,3554.512918205335,0.6182088919074754,OnTrack,5164.0,8590.0,1876.0
2026-09-06 14:54:23.372,0 days 02:47:48.196000,63,273.1655555555549,0 days 00:00:56.084000,11582.285714285714,330.0,8,100.0,False,0,pos,3561.846677034662,0.6194843957595432,OnTrack,5109.0,8542.0,1876.0
2026-09-06 14:54:23.452,0 days 02:47:48.276000,63,271.1655555555549,0 days 00:00:56.164000,11586.0,330.0,8,100.0,False,0,car,3569.178611111111,0.6207595822464805,OnTrack,5058.440251680786,8497.95759606928,1876.078202198951
2026-09-06 14:54:23.653,0 days 02:47:48.477000,63,265.1355555555547,0 days 00:00:56.365000,11555.0,330.0,8,100.0,False,0,car,3587.603611111111,0.6239640997417064,OnTrack,4931.283399306532,8387.605661909483,1877.1018663268926
2026-09-06 14:54:23.712,0 days 02:47:48.536000,63,262.9886087822213,0 days 00:00:56.424000,11550.7593704,330.1843752,8,100.0,False,0,pos,3593.024236362002,0.6249068670932147,OnTrack,4873.0,8337.0,1878.0
2026-09-06 14:54:23.892,0 days 02:47:48.716000,63,256.4386087822212,0 days 00:00:56.604000,11537.8218704,330.7468752,8,100.0,False,0,pos,3609.5904395843704,0.6277880984666502,OnTrack,4652.0,8145.0,1882.0
2026-09-06 14:54:23.973,0 days 02:47:48.797000,63,253.49111111111006,0 days 00:00:56.685000,11532.0,331.0,8,100.0,False,0,car,3617.0258333333336,0.6290812788928344,OnTrack,4581.551480746197,8083.761076489278,1883.2932301005856
2026-09-06 14:54:24.213,0 days 02:47:49.037000,63,243.75777777777694,0 days 00:00:56.925000,11494.0,329.0,8,100.0,False,0,car,3638.9591666666665,0.632895973622565,OnTrack,4497.88525676241,8010.909572649991,1884.8104461025791
2026-09-06 14:54:24.332,0 days 02:47:49.156000,63,238.73333063111014,0 days 00:00:57.044000,11472.324988342858,328.57499977142857,8,100.0,False,0,pos,3649.808667507625,0.6347829432431522,OnTrack,4445.0,7965.0,1886.0
2026-09-06 14:54:24.452,0 days 02:47:49.276000,63,233.66666396444333,0 days 00:00:57.164000,11450.467845485715,328.1464283428571,8,100.0,False,0,pos,3660.7381244264056,0.6366838190048645,OnTrack,4362.0,7893.0,1888.0
2026-09-06 14:54:24.493,0 days 02:47:49.317000,63,231.9355555555544,0 days 00:00:57.205000,11443.0,328.0,8,100.0,False,0,car,3664.470277777778,0.6373329235209751,OnTrack,4322.87651903609,7859.011289115472,1888.9990853584848
2026-09-06 14:54:24.653,0 days 02:47:49.477000,63,225.04666666666526,0 days 00:00:57.365000,11307.0,327.0,8,100.0,False,0,car,3679.0036111111117,0.639860593585052,OnTrack,4124.922543848956,7686.838657458236,1894.1570065683825
2026-09-06 14:54:24.732,0 days 02:47:49.556000,63,221.60138609777658,0 days 00:00:57.444000,11264.33996544,325.41999872,8,100.0,False,0,pos,3686.121537581452,0.6410985593871652,OnTrack,4040.0,7613.0,1896.0
2026-09-06 14:54:24.853,0 days 02:47:49.677000,63,216.32444444444354,0 days 00:00:57.565000,11199.0,323.0,8,100.0,False,0,car,3696.9480555555556,0.642981531775789,OnTrack,3946.966776792554,7532.2094305825085,1897.166037349374
2026-09-06 14:54:25.173,0 days 02:47:49.997000,63,202.81333333333214,0 days 00:00:57.885000,10980.0,318.0,8,100.0,False,0,car,3725.2147222222225,0.6478977341022504,OnTrack,3831.5665045924643,7432.202240881425,1896.3201507686558
2026-09-06 14:54:25.212,0 days 02:47:50.036000,63,201.26416412444328,0 days 00:00:57.924000,10954.216624355555,317.24166542222224,8,100.0,False,0,pos,3728.616198713931,0.6484893265542059,OnTrack,3813.0,7416.0,1897.0
2026-09-06 14:54:25.392,0 days 02:47:50.216000,63,194.11416412444342,0 days 00:00:58.104000,10835.216624355555,313.74166542222224,8,100.0,False,0,pos,3744.1888766203274,0.6511977617671536,OnTrack,3695.0,7313.0,1902.0
2026-09-06 14:54:25.533,0 days 02:47:50.357000,63,188.5133333333324,0 days 00:00:58.245000,10742.0,311.0,8,100.0,False,0,car,3756.3147222222224,0.6533067161430386,OnTrack,3535.3292464333576,7174.459456809052,1904.3130894013007
2026-09-06 14:54:25.612,0 days 02:47:50.436000,63,185.50694200888788,0 days 00:00:58.324000,10690.6499584,309.81499904,8,100.0,False,0,pos,3763.0962062208473,0.6544861671127639,OnTrack,3461.0,7110.0,1905.0
2026-09-06 14:54:25.733,0 days 02:47:50.557000,63,180.9022222222211,0 days 00:00:58.445000,10612.0,308.0,8,100.0,False,0,car,3773.4258333333337,0.6562827191236795,OnTrack,3408.6050455276973,7064.441743638356,1905.4964586518124
2026-09-06 14:54:25.912,0 days 02:47:50.736000,63,175.33333134222116,0 days 00:00:58.624000,10491.62245696,303.07749824,8,100.0,False,0,pos,3788.45693353209,0.6588969619220191,OnTrack,3359.0,7021.0,1906.0
2026-09-06 14:54:26.131,0 days 02:47:50.955000,63,168.51999601777675,0 days 00:00:58.843000,10344.34491392,297.05499648,8,100.0,False,0,pos,3806.267169330168,0.6619945582427268,OnTrack,3150.0,6839.0,1908.0
2026-09-06 14:54:26.133,0 days 02:47:50.957000,63,168.45777777777676,0 days 00:00:58.845000,10343.0,297.0,8,100.0,True,0,car,3806.4258333333337,0.662022153443487,OnTrack,3148.3461511981523,6837.560308928287,1908.0152966781056
2026-09-06 14:54:26.373,0 days 02:47:51.197000,63,162.79111111111024,0 days 00:00:59.085000,9854.0,275.0,8,0.0,True,0,car,3824.759166666667,0.6652107280656023,OnTrack,3036.997514394924,6740.651595333657,1908.9272576315363
2026-09-06 14:54:26.571,0 days 02:47:51.395000,63,160.31610951111023,0 days 00:00:59.283000,10125.543032685715,250.249984,8,0.0,True,0,pos,3838.189772570566,0.6675466092916825,OnTrack,2979.0,6689.0,1909.0
2026-09-06 14:54:26.653,0 days 02:47:51.477000,63,159.29111111111024,0 days 00:00:59.365000,10238.0,240.0,8,0.0,True,0,car,3843.4258333333337,0.6684572767717559,OnTrack,2942.6004811549205,6656.249628571405,1909.0054100813984
2026-09-06 14:54:26.771,0 days 02:47:51.595000,63,158.60277703111007,0 days 00:00:59.483000,10485.8002688,227.60998656,8,0.0,True,0,pos,3850.7214634010593,0.6697261491837355,OnTrack,2885.0,6604.0,1909.0
2026-09-06 14:54:26.853,0 days 02:47:51.677000,63,158.12444444444327,0 days 00:00:59.565000,10658.0,219.0,8,0.0,True,0,car,3855.5925,0.6705733308391597,OnTrack,2848.268686520848,6570.179965692202,1908.9983346092988
2026-09-06 14:54:27.031,0 days 02:47:51.855000,63,158.42111132444325,0 days 00:00:59.743000,10498.3561352,206.2062408,8,0.0,True,0,pos,3865.5381156115272,0.6723030947049905,OnTrack,2777.0,6502.0,1909.0
2026-09-06 14:54:27.173,0 days 02:47:51.997000,63,158.65777777777657,0 days 00:00:59.885000,10371.0,196.0,5,0.0,True,0,car,3873.0147222222226,0.6736034429649033,OnTrack,2726.1182723779416,6448.787250593311,1909.0023219801674
2026-09-06 14:54:27.211,0 days 02:47:52.035000,63,158.9322231466655,0 days 00:00:59.923000,10451.2752704,193.624992,5,0.0,True,0,pos,3874.9664565517714,0.6739428929950293,OnTrack,2713.0,6434.0,1909.0
2026-09-06 14:54:27.413,0 days 02:47:52.237000,63,160.39111111111015,0 days 00:01:00.125000,10878.0,181.0,4,0.0,True,0,car,3885.0813888888893,0.6757021048070955,OnTrack,2652.015196000725,6358.1678165912845,1908.9912821056348
2026-09-06 14:54:27.431,0 days 02:47:52.255000,63,160.53611214222124,0 days 00:01:00.143000,10854.5998336,180.6624976,4,0.0,True,0,pos,3885.974784751653,0.6758574862275779,OnTrack,2649.0,6354.0,1909.0
2026-09-06 14:54:27.511,0 days 02:47:52.335000,63,161.18055658666563,0 days 00:01:00.223000,10750.5998336,179.1624976,4,0.0,True,0,pos,3889.936625106107,0.6765465384245459,OnTrack,2640.0,6340.0,1909.0
2026-09-06 14:54:27.573,0 days 02:47:52.397000,63,161.67999999999893,0 days 00:01:00.285000,10670.0,178.0,4,0.0,True,0,car,3892.9925000000003,0.6770780230682748,OnTrack,2630.578737788923,6323.754513854481,1908.71676046335
2026-09-06 14:54:27.771,0 days 02:47:52.595000,63,163.7700006789492,0 days 00:01:00.483000,10443.145654948132,175.01507440721224,4,5.969851185575497,True,0,pos,3902.6183952490146,0.6787521804486102,OnTrack,2589.0,6242.0,1907.0
2026-09-06 14:54:27.772,0 days 02:47:52.596000,63,163.78055555555466,0 days 00:01:00.484000,10442.0,175.0,4,6.0,False,0,car,3902.6661111111116,0.6787604792988077,OnTrack,2588.82459109488,6241.56855437133,1906.9956667585066
2026-09-06 14:54:27.971,0 days 02:47:52.795000,63,166.48916753777684,0 days 00:01:00.683000,10474.83501056,169.02999808,4,25.9000064,False,0,pos,3912.0082200956626,0.6803852799329081,OnTrack,2563.0,6155.0,1907.0
2026-09-06 14:54:27.972,0 days 02:47:52.796000,63,166.50277777777683,0 days 00:01:00.684000,10475.0,169.0,4,26.0,False,0,car,3912.0550000000003,0.6803934159992242,OnTrack,2562.9040728427067,6154.550473574785,1907.001188770652
2026-09-06 14:54:28.132,0 days 02:47:52.956000,63,168.99166666666588,0 days 00:01:00.844000,10642.0,169.0,4,54.0,False,0,car,3919.5661111111117,0.6816997653595576,OnTrack,2551.1391327602955,6080.089043011384,1907.1304709244696
2026-09-06 14:54:28.231,0 days 02:47:53.055000,63,170.5591676799993,0 days 00:01:00.943000,10718.175049244444,169.82500053333334,4,60.05000391111111,False,0,pos,3924.2570191601762,0.6825156186519171,OnTrack,2547.0,6032.0,1907.0
2026-09-06 14:54:28.491,0 days 02:47:53.315000,63,174.67583434666616,0 days 00:01:01.203000,10918.2306048,171.9916672,4,75.9388928,False,0,pos,3936.7179440307104,0.6846828507688408,OnTrack,2545.0,5904.0,1906.0
2026-09-06 14:54:28.492,0 days 02:47:53.316000,63,174.69166666666615,0 days 00:01:01.204000,10919.0,172.0,4,76.0,False,0,car,3936.7661111111115,0.6846912280959421,OnTrack,2545.004366077776,5903.540955079317,1905.9987084304291
2026-09-06 14:54:28.691,0 days 02:47:53.515000,63,177.84250101333285,0 days 00:01:01.403000,11299.942979657142,174.84285805714285,4,81.68571611428571,False,0,pos,3946.409222473696,0.686368379741522,OnTrack,2546.0,5803.0,1906.0
2026-09-06 14:54:28.772,0 days 02:47:53.596000,63,179.12499999999955,0 days 00:01:01.484000,11455.0,176.0,4,84.0,False,0,car,3950.4550000000004,0.6870720304804547,OnTrack,2545.3565051047,5735.034485561374,1905.5969755116619
2026-09-06 14:54:28.871,0 days 02:47:53.695000,63,180.52750090666643,0 days 00:01:01.583000,10877.499626666666,180.9500032,4,86.06250133333333,False,0,pos,3955.5380873935646,0.6879560924876428,OnTrack,2544.0,5650.0,1905.0
2026-09-06 14:54:29.012,0 days 02:47:53.836000,63,182.5250000000001,0 days 00:01:01.724000,10055.0,188.0,4,89.0,False,0,car,3962.9883333333332,0.6892518560403007,OnTrack,2542.1732294009744,5580.737483745485,1904.734076108466
2026-09-06 14:54:29.231,0 days 02:47:54.055000,63,185.44500085333362,0 days 00:01:01.943000,10368.639377371428,194.25714468571428,4,81.96071222857142,False,0,pos,3974.876438026216,0.6913194619818703,OnTrack,2535.0,5522.0,1905.0
2026-09-06 14:54:29.292,0 days 02:47:54.116000,63,186.25833333333367,0 days 00:01:02.004000,10456.0,196.0,5,80.0,False,0,car,3978.2327777777778,0.6919032041503262,OnTrack,2530.6948700197313,5494.576294503599,1905.0147821977032
2026-09-06 14:54:29.491,0 days 02:47:54.315000,63,189.0775009066667,0 days 00:01:02.203000,10708.4813312,199.109376,5,81.8656256,False,0,pos,3989.2831200684823,0.6938251045681715,OnTrack,2510.0,5384.0,1904.0
2026-09-06 14:54:29.552,0 days 02:47:54.376000,63,189.9416666666666,0 days 00:01:02.264000,10785.875,200.0625,5,82.4375,False,0,pos,3992.708799951534,0.6944209065284583,OnTrack,2502.0,5352.0,1903.0
2026-09-06 14:54:29.612,0 days 02:47:54.436000,63,190.79166666666652,0 days 00:01:02.324000,10862.0,201.0,5,83.0,False,0,car,3996.0994444444445,0.6950106150547878,OnTrack,2494.0173422944754,5322.17743351928,1902.328167613838
2026-09-06 14:54:29.832,0 days 02:47:54.656000,63,193.9083333333338,0 days 00:01:02.544000,11187.875,205.125,5,83.6875,False,0,pos,4008.705777365809,0.6972031368673877,OnTrack,2450.0,5202.0,1902.0
2026-09-06 14:54:29.932,0 days 02:47:54.756000,63,195.32500000000073,0 days 00:01:02.644000,11336.0,207.0,5,84.0,False,0,car,4014.4994444444446,0.6982107844937107,OnTrack,2408.245428592877,5117.543291149584,1901.6314847212884
2026-09-06 14:54:30.052,0 days 02:47:54.876000,63,196.891666916709,0 days 00:01:02.764000,11502.982570291482,208.49625959042547,5,83.4014961638298,False,0,pos,4021.490303331459,0.6994266504155611,OnTrack,2354.0,5016.0,1901.0
2026-09-06 14:54:30.333,0 days 02:47:55.157000,63,200.56027777777854,0 days 00:01:03.045000,11894.0,212.0,5,82.0,False,0,car,4038.113888888889,0.702317861853942,OnTrack,2285.848429740498,4912.409165126874,1899.5344774958699
2026-09-06 14:54:30.532,0 days 02:47:55.356000,63,202.71611180444486,0 days 00:01:03.244000,11387.260551314286,217.68571611428573,5,94.79286125714286,False,0,pos,4050.2244461934256,0.7044241572547192,OnTrack,2231.0,4855.0,1899.0
2026-09-06 14:54:30.613,0 days 02:47:55.437000,63,203.5936111111114,0 days 00:01:03.325000,11181.0,220.0,5,100.0,False,0,car,4055.2250000000004,0.7052938648345829,OnTrack,2197.0595534374593,4817.97889329705,1898.9873026914267
2026-09-06 14:54:30.652,0 days 02:47:55.476000,63,204.09194526222257,0 days 00:01:03.364000,11068.874816,220.9750016,5,100.0,False,0,pos,4057.6459910951435,0.7057149290582013,OnTrack,2180.0,4800.0,1899.0
2026-09-06 14:54:30.852,0 days 02:47:55.676000,63,206.64750081777845,0 days 00:01:03.564000,10493.874816,225.9750016,5,100.0,False,0,pos,4070.2278268902796,0.7079031902754375,OnTrack,2090.0,4710.0,1899.0
2026-09-06 14:54:30.853,0 days 02:47:55.677000,63,206.66027777777845,0 days 00:01:03.565000,10491.0,226.0,6,100.0,False,0,car,4070.2916666666665,0.7079142934331212,OnTrack,2089.478525890487,4709.420464618544,1898.99850825543
2026-09-06 14:54:31.053,0 days 02:47:55.877000,63,208.99361111111193,0 days 00:01:03.765000,10784.0,233.0,6,100.0,False,0,car,4083.2361111111113,0.7101656203632813,OnTrack,1967.6074377589841,4558.370865917391,1898.3240491201504
2026-09-06 14:54:31.172,0 days 02:47:55.996000,63,210.38194519111175,0 days 00:01:03.884000,10961.90509568,235.38000128,6,100.0,False,0,pos,4091.046570312345,0.7115240330176151,OnTrack,1908.0,4480.0,1898.0
2026-09-06 14:54:31.253,0 days 02:47:56.077000,63,211.32694444444496,0 days 00:01:03.965000,11083.0,237.0,6,100.0,False,0,car,4096.402777777778,0.7124555966828006,OnTrack,1881.8111286407038,4445.010652826028,1897.9425201648664
2026-09-06 14:54:31.453,0 days 02:47:56.277000,63,213.60472222222324,0 days 00:01:04.165000,11111.0,241.0,6,100.0,False,0,car,4109.791666666667,0.7147842223916787,OnTrack,1859.546294651047,4404.931618846124,1898.236600920495
2026-09-06 14:54:31.592,0 days 02:47:56.416000,63,215.0719451200009,0 days 00:01:04.304000,11238.0857728,244.4750016,6,100.0,False,0,pos,4119.3149977645535,0.7164405415838636,OnTrack,1833.0,4308.0,1898.0
2026-09-06 14:54:31.733,0 days 02:47:56.557000,63,216.56027777777854,0 days 00:01:04.445000,11367.0,248.0,6,100.0,False,0,car,4129.080555555555,0.7181389893880374,OnTrack,1785.8561106060715,4131.34351465815,1897.2073862817438
2026-09-06 14:54:31.772,0 days 02:47:56.596000,63,216.96111176888957,0 days 00:01:04.484000,11376.5062656,248.4875008,6,100.0,False,0,pos,4131.783737706933,0.7186091329156831,OnTrack,1775.0,4090.0,1897.0
2026-09-06 14:54:31.893,0 days 02:47:56.717000,63,218.2047222222227,0 days 00:01:04.605000,11406.0,250.0,6,100.0,False,0,car,4140.1916666666675,0.7200714588559862,OnTrack,1755.610613515758,4013.1609678476384,1896.5468349871069
2026-09-06 14:54:32.093,0 days 02:47:56.917000,63,220.26027777777836,0 days 00:01:04.805000,11486.0,253.0,6,100.0,False,0,car,4154.247222222223,0.7225160327329413,OnTrack,1751.4253538474754,3962.848851098761,1896.1235810284595
2026-09-06 14:54:32.132,0 days 02:47:56.956000,63,220.65027841777837,0 days 00:01:04.844000,11524.41506304,253.58500096,6,100.0,False,0,pos,4157.006607107685,0.722995951166674,OnTrack,1749.0,3937.0,1896.0
2026-09-06 14:54:32.293,0 days 02:47:57.117000,63,222.26027777777836,0 days 00:01:05.005000,11683.0,256.0,6,100.0,False,0,car,4168.469444444445,0.7249895936519155,OnTrack,1731.8574075252186,3770.038698650104,1895.3272438744386
2026-09-06 14:54:32.372,0 days 02:47:57.196000,63,223.00638949333418,0 days 00:01:05.084000,11463.7748224,257.58000128,6,100.0,False,0,pos,4174.151515730897,0.7259778322867353,OnTrack,1724.0,3693.0,1895.0
2026-09-06 14:54:32.493,0 days 02:47:57.317000,63,224.14916666666795,0 days 00:01:05.205000,11128.0,260.0,6,100.0,False,0,car,4182.913888888889,0.7275018039602487,OnTrack,1716.603334914159,3614.6250600918443,1894.5839888800788
2026-09-06 14:54:32.691,0 days 02:47:57.515000,63,226.07416791111268,0 days 00:01:05.403000,10724.221167542857,262.12142994285716,6,100.0,False,0,pos,4197.347988727546,0.730012215111446,OnTrack,1710.0,3532.0,1894.0
2026-09-06 14:54:32.773,0 days 02:47:57.597000,63,226.87138888889058,0 days 00:01:05.485000,10557.0,263.0,7,100.0,False,0,car,4203.3694444444445,0.7310594802507421,OnTrack,1705.863959034176,3484.6147954041653,1893.7286305619716
2026-09-06 14:54:32.971,0 days 02:47:57.795000,63,228.74139009778003,0 days 00:01:05.683000,10597.425026133333,266.30000213333335,7,100.0,False,0,pos,4218.0324710259665,0.7336097068566281,OnTrack,1691.0,3327.0,1893.0
2026-09-06 14:54:33.013,0 days 02:47:57.837000,63,229.1380555555579,0 days 00:01:05.725000,10606.0,267.0,7,100.0,False,0,car,4221.169444444444,0.7341552963383957,OnTrack,1686.6322028546708,3283.33345484513,1892.8336477244977
2026-09-06 14:54:33.211,0 days 02:47:58.035000,63,230.78805662222476,0 days 00:01:05.923000,10716.7563216,270.093752,7,100.0,False,0,pos,4236.0908942006545,0.7367504684848222,OnTrack,1663.0,3051.0,1892.0
2026-09-06 14:54:33.333,0 days 02:47:58.157000,63,231.80472222222488,0 days 00:01:06.045000,10785.0,272.0,7,100.0,False,0,car,4245.347222222222,0.7383603499006519,OnTrack,1650.6265490711467,2923.803722715716,1891.4543726319346
2026-09-06 14:54:33.573,0 days 02:47:58.397000,63,233.60472222222506,0 days 00:01:06.285000,10785.0,275.0,7,100.0,False,0,car,4263.680555555555,0.7415489245227671,OnTrack,1632.806843213237,2726.140917328541,1890.3719283502833
2026-09-06 14:54:33.671,0 days 02:47:58.495000,63,234.28527866666963,0 days 00:01:06.383000,10913.625168,277.4500032,7,100.0,False,0,pos,4271.3044111002755,0.7428748826489073,OnTrack,1628.0,2670.0,1890.0
2026-09-06 14:54:33.893,0 days 02:47:58.717000,63,235.8269444444477,0 days 00:01:06.605000,11205.0,283.0,7,100.0,False,0,car,4288.836111111111,0.745924035398203,OnTrack,1620.8086811731662,2581.679335460875,1889.2143863689346
2026-09-06 14:54:33.931,0 days 02:47:58.755000,63,236.0802786311143,0 days 00:01:06.643000,11231.388977777779,283.5277795555556,7,100.0,False,0,pos,4291.854278695016,0.7464489619016574,OnTrack,1619.0,2561.0,1889.0
2026-09-06 14:54:34.191,0 days 02:47:59.015000,63,237.81361196444738,0 days 00:01:06.903000,11411.944533333333,287.13889066666667,7,100.0,False,0,pos,4312.635791713762,0.7500633294482427,OnTrack,1600.0,2355.0,1887.0
2026-09-06 14:54:34.253,0 days 02:47:59.077000,63,238.22694444444733,0 days 00:01:06.965000,11455.0,288.0,7,100.0,False,0,car,4317.636111111111,0.7509329962591259,OnTrack,1595.248674240481,2304.271175458347,1886.6847428580777
2026-09-06 14:54:34.431,0 days 02:47:59.255000,63,239.26527835789767,0 days 00:01:07.143000,11561.621613454177,290.67669322479105,7,100.0,False,0,pos,4332.097418183269,0.7534481393536476,OnTrack,1582.0,2163.0,1886.0
2026-09-06 14:54:34.591,0 days 02:47:59.415000,63,240.19861154152355,0 days 00:01:07.303000,11657.461197078906,293.0827078764579,7,100.0,False,0,pos,4345.206363560675,0.7557280766565434,OnTrack,1570.0,2034.0,1885.0
2026-09-06 14:54:34.652,0 days 02:47:59.476000,63,240.55444444444765,0 days 00:01:07.364000,11694.0,294.0,7,100.0,False,0,car,4350.221111111111,0.7566002528443054,OnTrack,1565.3390208035778,1984.362830040993,1884.697329647104
2026-09-06 14:54:34.851,0 days 02:47:59.675000,63,241.66000035555908,0 days 00:01:07.563000,11061.5529216,296.4875008,7,100.0,False,0,pos,4366.646822301912,0.7594570495272062,OnTrack,1550.0,1821.0,1884.0
2026-09-06 14:54:34.972,0 days 02:47:59.796000,63,242.33222222222594,0 days 00:01:07.684000,10677.0,298.0,7,100.0,False,0,car,4376.709999999999,0.7612072600558949,OnTrack,1540.9075310671744,1720.736027728814,1883.5082633539532
2026-09-06 14:54:35.051,0 days 02:47:59.875000,63,242.68333361778133,0 days 00:01:07.763000,10679.468752,299.234376,7,100.0,False,0,pos,4383.318636200621,0.7623566489473182,OnTrack,1535.0,1655.0,1883.0
2026-09-06 14:54:35.251,0 days 02:48:00.075000,63,243.5722225066698,0 days 00:01:07.963000,10685.718752,302.359376,7,100.0,False,0,pos,4400.172154079485,0.7652878507328772,OnTrack,1520.0,1488.0,1881.0
2026-09-06 14:54:35.292,0 days 02:48:00.116000,63,243.75444444444747,0 days 00:01:08.004000,10687.0,303.0,8,100.0,False,0,car,4403.643333333333,0.7658915660462026,OnTrack,1516.9575838785186,1453.7451767718594,1880.6556415862217
2026-09-06 14:54:35.411,0 days 02:48:00.235000,63,244.1511113244474,0 days 00:01:08.123000,10733.6083584,304.3222229333333,8,100.0,False,0,pos,4413.747104184075,0.7676488366274213,OnTrack,1508.0,1354.0,1880.0
2026-09-06 14:54:35.571,0 days 02:48:00.395000,63,244.68444465778066,0 days 00:01:08.283000,10796.275025066667,306.10000071111114,8,100.0,False,0,pos,4427.400415880083,0.7700234513464244,OnTrack,1495.0,1218.0,1880.0
2026-09-06 14:54:35.652,0 days 02:48:00.476000,63,244.9544444444473,0 days 00:01:08.364000,10828.0,307.0,8,100.0,False,0,car,4434.343333333333,0.7712309791861447,OnTrack,1488.5479314101246,1148.96053039428,1879.719530495933
2026-09-06 14:54:35.891,0 days 02:48:00.715000,63,245.55194460444704,0 days 00:01:08.603000,10911.6500224,309.6555562666667,8,100.0,False,0,pos,4454.949908714254,0.7748149211847798,OnTrack,1470.0,945.0,1878.0
2026-09-06 14:54:36.012,0 days 02:48:00.836000,63,245.85444444444693,0 days 00:01:08.724000,10954.0,311.0,8,100.0,False,0,car,4465.443333333334,0.7766399612269329,OnTrack,1460.3235481577415,841.4428259165032,1877.4746801960214
2026-09-06 14:54:36.152,0 days 02:48:00.976000,63,246.0877777777806,0 days 00:01:08.864000,11005.916666666666,312.75,8,100.0,False,0,pos,4477.631439637955,0.7787597441244541,OnTrack,1449.0,721.0,1877.0
2026-09-06 14:54:36.252,0 days 02:48:01.076000,63,246.25444444444747,0 days 00:01:08.964000,11043.0,314.0,8,100.0,False,0,car,4486.376666666666,0.7802807337045481,OnTrack,1440.9554286520406,634.289908052555,1876.5656646836565
2026-09-06 14:54:36.352,0 days 02:48:01.176000,63,246.33777777778073,0 days 00:01:09.064000,11074.666666666666,315.25,8,100.0,False,0,pos,4495.160238355793,0.7818083922743377,OnTrack,1433.0,547.0,1876.0
2026-09-06 14:54:36.492,0 days 02:48:01.316000,63,246.4544444444473,0 days 00:01:09.204000,11119.0,317.0,8,100.0,False,0,pos,4507.509999999999,0.7839562906325863,OnTrack,1422.0,424.0,1875.0
2026-09-06 14:54:36.712,0 days 02:48:01.536000,63,246.4544444444473,0 days 00:01:09.424000,11212.5,318.8333333333333,8,100.0,False,0,pos,4527.000887967271,0.7873461897635827,OnTrack,1404.0,231.0,1874.0
2026-09-06 14:54:36.732,0 days 02:48:01.556000,63,246.4544444444473,0 days 00:01:09.444000,11221.0,319.0,8,100.0,False,0,car,4528.776666666667,0.7876550371942401,OnTrack,1402.3557604707128,213.41751198234826,1873.917941098851
2026-09-06 14:54:36.932,0 days 02:48:01.756000,63,246.39888888082908,0 days 00:01:09.644000,11257.734699208664,319.9070296100905,8,100.0,False,0,pos,4546.565078715527,0.7907488378793345,OnTrack,1386.0,37.0,1873.0
2026-09-06 14:54:37.092,0 days 02:48:01.916000,63,246.3544444299345,0 days 00:01:09.804000,11287.122458575595,320.63265329816284,8,100.0,False,0,pos,4560.845938823582,0.793232597231472,OnTrack,1373.0,-105.0,1872.0
2026-09-06 14:54:37.173,0 days 02:48:01.997000,63,246.3319444444469,0 days 00:01:09.885000,11302.0,321.0,8,100.0,False,0,car,4568.099166666667,0.7944940949530471,OnTrack,1366.345620773797,-177.35823438100527,1871.4673515415886
2026-09-06 14:54:37.252,0 days 02:48:02.076000,63,246.24416659555808,0 days 00:01:09.964000,11318.019457422222,321.6583338666667,8,100.0,False,0,pos,4575.188632477391,0.7957271108131434,OnTrack,1360.0,-247.0,1871.0
2026-09-06 14:54:37.492,0 days 02:48:02.316000,63,245.97749992889166,0 days 00:01:10.204000,11366.686124088888,323.6583338666667,8,100.0,False,0,pos,4596.801724936401,0.7994861085287922,OnTrack,1341.0,-462.0,1870.0
2026-09-06 14:54:37.533,0 days 02:48:02.357000,63,245.93194444444725,0 days 00:01:10.245000,11375.0,324.0,8,100.0,False,0,car,4600.4991666666665,0.8001291759215853,OnTrack,1336.9240490765117,-507.1522931291681,1869.7774678083128
2026-09-06 14:54:37.773,0 days 02:48:02.597000,63,245.66527777778083,0 days 00:01:10.485000,11420.0,325.0,8,100.0,False,0,car,4622.165833333333,0.8038974913840851,OnTrack,1309.8324387267824,-801.2664027285219,1868.1255400551106
2026-09-06 14:54:37.792,0 days 02:48:02.616000,63,245.63888880000306,0 days 00:01:10.504000,11420.7718776,325.0593752,8,100.0,False,0,pos,4623.883122488264,0.8041961661814441,OnTrack,1308.0,-821.0,1868.0
2026-09-06 14:54:38.093,0 days 02:48:02.917000,63,245.2208333333365,0 days 00:01:10.805000,11433.0,326.0,8,100.0,False,0,car,4651.143611111111,0.8089373717564952,OnTrack,1287.381036081048,-1041.226797457112,1866.3475154197558
2026-09-06 14:54:38.192,0 days 02:48:03.016000,63,245.05583322666973,0 days 00:01:10.904000,11444.275007288888,326.55000035555554,8,100.0,False,0,pos,4660.143990417711,0.8105027379953916,OnTrack,1281.0,-1110.0,1866.0
2026-09-06 14:54:38.453,0 days 02:48:03.277000,63,244.62083333333612,0 days 00:01:11.165000,11474.0,328.0,8,100.0,False,0,car,4683.943611111111,0.8146420216258796,OnTrack,1260.9727689617641,-1328.7668385352213,1865.5287620778365
2026-09-06 14:54:38.572,0 days 02:48:03.396000,63,244.3233331733362,0 days 00:01:11.284000,11494.400010971429,328.42500022857143,8,100.0,False,0,pos,4694.814319620169,0.8165326797318649,OnTrack,1251.0,-1436.0,1865.0
2026-09-06 14:54:38.712,0 days 02:48:03.536000,63,243.9733331733363,0 days 00:01:11.424000,11518.400010971429,328.92500022857143,8,100.0,False,0,pos,4707.612617204115,0.8187585884709073,OnTrack,1239.0,-1563.0,1864.0
2026-09-06 14:54:38.733,0 days 02:48:03.557000,63,243.9208333333363,0 days 00:01:11.445000,11522.0,329.0,8,100.0,False,0,car,4709.532499999998,0.8190924988105651,OnTrack,1237.2002450639466,-1582.181989596717,1863.8766009848516
2026-09-06 14:54:39.012,0 days 02:48:03.836000,63,241.67333281778068,0 days 00:01:11.724000,11540.600004266667,329.0,8,100.0,False,0,pos,4735.041912558074,0.8235291532928057,OnTrack,1214.0,-1836.0,1863.0
2026-09-06 14:54:39.211,0 days 02:48:04.035000,63,240.07027674666952,0 days 00:01:11.923000,11553.8666752,329.0,8,100.0,False,0,pos,4753.216678004375,0.8266901494308954,OnTrack,1198.0,-2018.0,1862.0
2026-09-06 14:54:39.213,0 days 02:48:04.037000,63,240.05416666666952,0 days 00:01:11.925000,11554.0,329.0,8,100.0,False,0,car,4753.399166666665,0.8267218882700264,OnTrack,1197.8023213693589,-2020.1986855597997,1861.9824138889337
2026-09-06 14:54:39.391,0 days 02:48:04.215000,63,237.18638682666943,0 days 00:01:12.103000,11523.3444224,328.5055552,8,100.0,False,0,pos,4769.628912070827,0.8295446021419773,OnTrack,1178.0,-2236.0,1860.0
2026-09-06 14:54:39.573,0 days 02:48:04.397000,63,234.25416666666933,0 days 00:01:12.285000,11492.0,328.0,8,100.0,False,0,car,4786.199166666665,0.8324265381394108,OnTrack,1163.160599773432,-2392.364674881369,1858.8268442017538
2026-09-06 14:54:39.791,0 days 02:48:04.615000,63,228.86471905778066,0 days 00:01:12.503000,11434.472188444444,327.39444408888886,8,100.0,False,0,pos,4806.017139043463,0.8358733245275439,OnTrack,1149.0,-2544.0,1858.0
2026-09-06 14:54:39.933,0 days 02:48:04.757000,63,225.3541666666697,0 days 00:01:12.645000,11397.0,327.0,8,100.0,False,0,car,4818.899166666665,0.8381137957835836,OnTrack,1137.7594119690064,-2672.8628566460065,1857.1736654691574
2026-09-06 14:54:39.991,0 days 02:48:04.815000,63,223.82360773333622,0 days 00:01:12.703000,11403.5250144,326.6374992,8,100.0,False,0,pos,4824.153214449325,0.8390275916066655,OnTrack,1133.0,-2725.0,1857.0
2026-09-06 14:54:40.093,0 days 02:48:04.917000,63,221.13194444444707,0 days 00:01:12.805000,11415.0,326.0,8,100.0,False,0,car,4833.388055555555,0.8406337359697889,OnTrack,1124.566792598814,-2811.0935059053354,1857.0800452556432
2026-09-06 14:54:40.151,0 days 02:48:04.975000,63,219.44027404444716,0 days 00:01:12.863000,11409.77998848,326.0,8,100.0,False,0,pos,4838.641230720097,0.8415473800251624,OnTrack,1119.0,-2869.0,1857.0
2026-09-06 14:54:40.293,0 days 02:48:05.117000,63,215.29861111111404,0 days 00:01:13.005000,11397.0,326.0,8,100.0,False,0,car,4851.499166666666,0.843783661202545,OnTrack,1101.7786855189258,-3059.6358359267965,1855.7610715094343
2026-09-06 14:54:40.371,0 days 02:48:05.195000,63,212.8286070577807,0 days 00:01:13.083000,11385.578552685714,325.7214281142857,8,100.0,False,0,pos,4858.5498438926315,0.8450099308646236,OnTrack,1093.0,-3158.0,1855.0
2026-09-06 14:54:40.573,0 days 02:48:05.397000,63,206.43194444444725,0 days 00:01:13.285000,11356.0,325.0,8,100.0,False,0,car,4876.776944444444,0.8481800292421282,OnTrack,1078.8231236463255,-3312.3702015498393,1853.9805171723174
2026-09-06 14:54:40.851,0 days 02:48:05.675000,63,197.0880512533354,0 days 00:01:13.563000,11278.6812144,324.1312496,8,100.0,False,0,pos,4901.81132059465,0.8525340643224755,OnTrack,1061.0,-3499.0,1853.0
2026-09-06 14:54:40.893,0 days 02:48:05.717000,63,195.67638888889087,0 days 00:01:13.605000,11267.0,324.0,8,100.0,False,0,car,4905.576944444445,0.8531889901030513,OnTrack,1056.0937387357073,-3551.7739064928282,1852.6596636368197
2026-09-06 14:54:41.071,0 days 02:48:05.895000,63,189.64416426890256,0 days 00:01:13.783000,11178.447200981806,321.3165818479335,8,100.0,False,0,pos,4921.459912254305,0.8559513916348181,OnTrack,1033.0,-3801.0,1851.0
2026-09-06 14:54:41.092,0 days 02:48:05.916000,63,188.9325000000017,0 days 00:01:13.804000,11168.0,321.0,8,100.0,False,0,car,4923.321111111111,0.8562750955316285,OnTrack,1030.8726601244591,-3823.7667358637595,1850.8512466694647
2026-09-06 14:54:41.452,0 days 02:48:06.276000,63,176.7325000000019,0 days 00:01:14.164000,10785.0,314.0,8,100.0,False,0,car,4954.721111111111,0.8617362542480513,OnTrack,1010.4023924954406,-4031.303916934932,1849.999971636478
2026-09-06 14:54:41.471,0 days 02:48:06.295000,63,176.125553511113,0 days 00:01:14.183000,10773.643143563637,313.5681803636364,8,100.0,False,0,pos,4956.34957590401,0.8620194805123227,OnTrack,1009.0,-4045.0,1850.0
2026-09-06 14:54:41.631,0 days 02:48:06.455000,63,171.01444240000185,0 days 00:01:14.343000,10678.006779927273,309.93181672727275,8,100.0,False,0,pos,4969.944611611078,0.8643839597400851,OnTrack,995.0,-4182.0,1850.0
2026-09-06 14:54:41.891,0 days 02:48:06.715000,63,162.70888684444623,0 days 00:01:14.603000,10522.597689018181,304.0227258181818,8,100.0,False,0,pos,4991.792619972236,0.8681838145584935,OnTrack,971.0,-4401.0,1849.0
2026-09-06 14:54:41.892,0 days 02:48:06.716000,63,162.67694444444624,0 days 00:01:14.604000,10522.0,304.0,8,100.0,False,0,car,4991.876666666666,0.8681984321488715,OnTrack,970.8512440059968,-4402.188392998177,1848.9949366405735
2026-09-06 14:54:42.052,0 days 02:48:06.876000,63,157.78805555555755,0 days 00:01:14.764000,9890.0,300.0,8,22.0,True,0,car,5005.209999999999,0.8705173955104099,OnTrack,941.3400340803607,-4626.608820074779,1848.1657987385004
2026-09-06 14:54:42.091,0 days 02:48:06.915000,63,156.84555400889093,0 days 00:01:14.803000,9976.58014208,295.90499328,8,17.70999296,True,0,pos,5008.34534056108,0.8710627010019417,OnTrack,935.0,-4673.0,1848.0
2026-09-06 14:54:42.252,0 days 02:48:07.076000,63,152.95472222222452,0 days 00:01:14.964000,10334.0,279.0,8,0.0,True,0,car,5020.709999999999,0.8732131904181982,OnTrack,918.3675553467093,-4786.577908366598,1847.564133279753
2026-09-06 14:54:42.412,0 days 02:48:07.236000,63,150.02138888889112,0 days 00:01:15.124000,9926.0,259.0,8,0.0,True,0,car,5032.22111111111,0.875215228786993,OnTrack,910.1004543018338,-4823.897924958213,1847.2876775079521
2026-09-06 14:54:42.491,0 days 02:48:07.315000,63,148.7705545422247,0 days 00:01:15.203000,10220.7689888,255.0499968,8,0.0,True,0,pos,5037.805804390733,0.8761865312195586,OnTrack,903.0,-4857.0,1847.0
2026-09-06 14:54:42.572,0 days 02:48:07.396000,63,147.48805555555828,0 days 00:01:15.284000,10523.0,251.0,8,0.0,True,0,car,5043.376666666666,0.8771554281328134,OnTrack,893.4029582689699,-4902.729797787776,1846.5928286143364
2026-09-06 14:54:42.712,0 days 02:48:07.536000,63,146.51583333333627,0 days 00:01:15.424000,10547.9375,238.3125,8,0.0,True,0,pos,5052.348074731213,0.8787157556280454,OnTrack,872.0,-4999.0,1846.0
2026-09-06 14:54:42.832,0 days 02:48:07.656000,63,145.68250000000313,0 days 00:01:15.544000,10569.3125,227.4375,8,0.0,True,0,pos,5059.551179840356,0.8799685358908513,OnTrack,851.0,-5080.0,1846.0
2026-09-06 14:54:42.892,0 days 02:48:07.716000,63,145.26583333333656,0 days 00:01:15.604000,10580.0,222.0,6,0.0,True,0,car,5063.109999999999,0.8805874939078902,OnTrack,842.0474665131583,-5113.980550850984,1845.8252116890042
2026-09-06 14:54:43.132,0 days 02:48:07.956000,63,144.99916666666954,0 days 00:01:15.844000,10447.333333333334,212.66666666666666,6,0.0,True,0,pos,5077.083439600511,0.8830177859930095,OnTrack,795.0,-5249.0,1844.0
2026-09-06 14:54:43.252,0 days 02:48:08.076000,63,144.865833333336,0 days 00:01:15.964000,10381.0,208.0,5,0.0,True,0,car,5083.909999999999,0.88420507675189,OnTrack,739.2974726325828,-5368.023369955269,1843.1388228965716
2026-09-06 14:54:43.292,0 days 02:48:08.116000,63,144.94361113176853,0 days 00:01:16.004000,10357.597504158673,206.6721988175134,5,0.0,True,0,pos,5086.161497666903,0.8845966622967506,OnTrack,724.0,-5400.0,1843.0
2026-09-06 14:54:43.493,0 days 02:48:08.317000,63,145.3344444444474,0 days 00:01:16.205000,10240.0,200.0,5,0.0,True,0,car,5097.298888888888,0.8865337024607681,OnTrack,698.7687623365927,-5448.918479615386,1843.729136310226
2026-09-06 14:54:43.572,0 days 02:48:08.396000,63,145.92694492444744,0 days 00:01:16.284000,10169.7976704,198.5636352,5,2.3340928,True,0,pos,5101.600585454217,0.8872818632153272,OnTrack,685.0,-5463.0,1844.0
2026-09-06 14:54:43.933,0 days 02:48:08.757000,63,148.63444444444758,0 days 00:01:16.645000,9849.0,192.0,5,13.0,False,0,car,5120.765555555554,0.8906150779770756,OnTrack,518.5388445152719,-5637.075492859008,1843.039093205916
2026-09-06 14:54:43.952,0 days 02:48:08.776000,63,148.86666744889206,0 days 00:01:16.664000,9838.12246336,191.66749888,5,14.56750528,False,0,pos,5121.755528708266,0.8907872563373289,OnTrack,511.0,-5644.0,1843.0
2026-09-06 14:54:44.252,0 days 02:48:09.076000,63,152.53333411555926,0 days 00:01:16.964000,9666.37246336,186.41749888,5,39.31750528,False,0,pos,5137.182777689226,0.8934703982240424,OnTrack,426.0,-5700.0,1843.0
2026-09-06 14:54:44.333,0 days 02:48:09.157000,63,153.52333333333718,0 days 00:01:17.045000,9620.0,185.0,5,46.0,False,0,car,5141.3211111111095,0.8941901464927806,OnTrack,398.76925383023166,-5714.996013145075,1843.0135975699588
2026-09-06 14:54:44.532,0 days 02:48:09.356000,63,156.28722311111454,0 days 00:01:17.244000,9758.30504448,184.00499968,5,63.91000576,False,0,pos,5151.492011376907,0.8959590923730488,OnTrack,296.0,-5758.0,1843.0
2026-09-06 14:54:44.533,0 days 02:48:09.357000,63,156.30111111111455,0 days 00:01:17.245000,9759.0,184.0,5,64.0,False,0,car,5151.543333333332,0.8959680184032934,OnTrack,295.2484708674957,-5758.213610348642,1843.000017491429
2026-09-06 14:54:44.693,0 days 02:48:09.517000,63,158.56777777778098,0 days 00:01:17.405000,9873.0,186.0,5,74.0,False,0,car,5159.809999999999,0.8974057756874472,OnTrack,153.51587042828044,-5790.289755124989,1843.0083870628685
2026-09-06 14:54:44.732,0 days 02:48:09.556000,63,159.12027868444758,0 days 00:01:17.444000,9914.73006848,186.78000128,5,74.9750016,False,0,pos,5161.851834729745,0.8977608961820922,OnTrack,125.0,-5796.0,1843.0
2026-09-06 14:54:44.893,0 days 02:48:09.717000,63,161.401111111114,0 days 00:01:17.605000,10087.0,190.0,5,79.0,False,0,car,5170.365555555554,0.8992416216819984,OnTrack,61.45841799639394,-5807.3875822360915,1842.8938888206796
2026-09-06 14:54:45.053,0 days 02:48:09.877000,63,163.89000000000215,0 days 00:01:17.765000,10286.0,191.0,5,78.0,False,0,car,5178.854444444443,0.9007180283555112,OnTrack,26.153492133044715,-5803.347444386367,1842.9175955142034
2026-09-06 14:54:45.092,0 days 02:48:09.916000,63,164.4750009600023,0 days 00:01:17.804000,10314.031296,191.9750016,5,78.7312512,False,0,pos,5180.948014863527,0.9010821468377601,OnTrack,8.0,-5801.0,1843.0
2026-09-06 14:54:45.213,0 days 02:48:10.037000,63,166.2900000000027,0 days 00:01:17.925000,10401.0,195.0,5,81.0,False,0,car,5187.521111111109,0.902225354540511,OnTrack,-72.7863587976545,-5790.362779200936,1843.4494944503974
2026-09-06 14:54:45.392,0 days 02:48:10.216000,63,169.02472320000302,0 days 00:01:18.104000,10640.732228571429,198.83571565714286,5,82.91785782857143,False,0,pos,5197.458496891352,0.9039536870555503,OnTrack,-209.0,-5770.0,1844.0
2026-09-06 14:54:45.493,0 days 02:48:10.317000,63,170.56777777778098,0 days 00:01:18.205000,10776.0,201.0,5,84.0,False,0,car,5203.154444444443,0.9049443390819147,OnTrack,-258.377177370684,-5759.390525302817,1843.7879087252977
2026-09-06 14:54:45.732,0 days 02:48:10.556000,63,174.28555655111455,0 days 00:01:18.444000,10934.3375424,205.4812512,5,81.7593744,False,0,pos,5216.8439560254665,0.9073252497664461,OnTrack,-339.0,-5729.0,1843.0
2026-09-06 14:54:45.813,0 days 02:48:10.637000,63,175.54555555555908,0 days 00:01:18.525000,10988.0,207.0,5,81.0,False,0,car,5221.554444444443,0.9081445085208377,OnTrack,-378.70419257532774,-5712.787129410574,1843.2971735407696
2026-09-06 14:54:45.951,0 days 02:48:10.775000,63,177.6155574755591,0 days 00:01:18.663000,11166.02016512,210.4500032,5,84.4500032,False,0,pos,5229.663239894775,0.9095548084875023,OnTrack,-457.0,-5678.0,1844.0
2026-09-06 14:54:46.013,0 days 02:48:10.837000,63,178.54555555555908,0 days 00:01:18.725000,11246.0,212.0,5,86.0,False,0,car,5233.3322222222205,0.9101929261568632,OnTrack,-492.5302497590308,-5659.583473850429,1844.0741297970774
2026-09-06 14:54:46.213,0 days 02:48:11.037000,63,181.54555555555908,0 days 00:01:18.925000,11518.0,215.0,5,100.0,False,0,car,5245.276666666665,0.912270330834908,OnTrack,-604.5892534022896,-5591.356046688675,1843.9331359216667
2026-09-06 14:54:46.231,0 days 02:48:11.055000,63,181.80555740444794,0 days 00:01:18.943000,11538.7001472,215.4500032,5,100.0,False,0,pos,5246.3646531620025,0.9124595558964482,OnTrack,-614.0,-5585.0,1844.0
2026-09-06 14:54:46.391,0 days 02:48:11.215000,63,184.1166685155589,0 days 00:01:19.103000,11722.7001472,219.4500032,5,100.0,False,0,pos,5256.140865630912,0.9141598567861997,OnTrack,-693.0,-5527.0,1845.0
2026-09-06 14:54:46.413,0 days 02:48:11.237000,63,184.43444444444776,0 days 00:01:19.125000,11748.0,220.0,5,100.0,False,0,car,5257.498888888887,0.9143960472496516,OnTrack,-703.5892124501167,-5518.563772057316,1845.0688884379758
2026-09-06 14:54:46.611,0 days 02:48:11.435000,63,187.18444622222603,0 days 00:01:19.323000,11097.56957952,224.9500032,5,100.0,False,0,pos,5269.872400626951,0.9165480762777117,OnTrack,-797.0,-5437.0,1845.0
2026-09-06 14:54:46.613,0 days 02:48:11.437000,63,187.21222222222605,0 days 00:01:19.325000,11091.0,225.0,5,100.0,False,0,car,5269.998888888887,0.9165700754010938,OnTrack,-797.9163812563861,-5436.132379438792,1845.003395451097
2026-09-06 14:54:46.813,0 days 02:48:11.637000,63,189.8788888888921,0 days 00:01:19.525000,10568.0,230.0,6,100.0,False,0,car,5282.776666666666,0.9187924152892348,OnTrack,-886.6512305038594,-5345.21793590985,1845.8928119497962
2026-09-06 14:54:46.851,0 days 02:48:11.675000,63,190.37500167111423,0 days 00:01:19.563000,10596.0250944,230.4750016,6,100.0,False,0,pos,5285.2181964504525,0.9192170516478377,OnTrack,-903.0,-5327.0,1846.0
2026-09-06 14:54:46.973,0 days 02:48:11.797000,63,191.9677777777806,0 days 00:01:19.685000,10686.0,232.0,6,100.0,False,0,car,5293.087777777777,0.9205857469554912,OnTrack,-954.4627563056274,-5266.4670109068775,1846.026771838062
2026-09-06 14:54:47.011,0 days 02:48:11.835000,63,192.45333496889174,0 days 00:01:19.723000,10721.53011968,232.76000256,6,100.0,False,0,pos,5295.556285366227,0.9210150753546382,OnTrack,-970.0,-5247.0,1846.0
2026-09-06 14:54:47.173,0 days 02:48:11.997000,63,194.52333333333627,0 days 00:01:19.885000,10873.0,236.0,6,100.0,False,0,car,5306.198888888888,0.9228660609276707,OnTrack,-1033.2285821191022,-5160.867499538324,1845.9680002744276
2026-09-06 14:54:47.191,0 days 02:48:12.015000,63,194.74833493333628,0 days 00:01:19.903000,10885.300087466667,236.52500373333334,6,100.0,False,0,pos,5307.397009159535,0.9230744407034466,OnTrack,-1040.0,-5151.0,1846.0
2026-09-06 14:54:47.411,0 days 02:48:12.235000,63,197.49833493333628,0 days 00:01:20.123000,11035.6334208,242.9416704,6,100.0,False,0,pos,5322.262607002761,0.9256598989593819,OnTrack,-1119.0,-5026.0,1847.0
2026-09-06 14:54:47.413,0 days 02:48:12.237000,63,197.52333333333627,0 days 00:01:20.125000,11037.0,243.0,6,100.0,False,0,car,5322.398888888888,0.9256836014119397,OnTrack,-1119.68567095676,-5024.831537829548,1847.010734727254
2026-09-06 14:54:47.651,0 days 02:48:12.475000,63,200.36611264000305,0 days 00:01:20.363000,11280.9501312,246.9666688,6,100.0,False,0,pos,5338.727413416799,0.9285234951715553,OnTrack,-1197.0,-4881.0,1848.0
2026-09-06 14:54:47.653,0 days 02:48:12.477000,63,200.39000000000306,0 days 00:01:20.365000,11283.0,247.0,6,100.0,False,0,car,5338.865555555554,0.9285475211634395,OnTrack,-1197.6124039696067,-4879.735323124404,1848.0011080160482
2026-09-06 14:54:47.711,0 days 02:48:12.535000,63,201.0827791676797,0 days 00:01:20.423000,11315.909156933587,247.7272741863776,6,100.0,False,0,pos,5342.878779158003,0.9292455100506201,OnTrack,-1215.0,-4843.0,1848.0
2026-09-06 14:54:47.972,0 days 02:48:12.796000,63,204.2002777777816,0 days 00:01:20.684000,11464.0,251.0,6,100.0,False,0,car,5361.106944444443,0.9324157936091689,OnTrack,-1280.9465622558353,-4692.292844906861,1849.3511339689908
2026-09-06 14:54:48.071,0 days 02:48:12.895000,63,205.32777850667028,0 days 00:01:20.783000,11527.36004096,252.98000128,6,100.0,False,0,pos,5368.097512539809,0.9336316089558809,OnTrack,-1310.0,-4610.0,1850.0
2026-09-06 14:54:48.172,0 days 02:48:12.996000,63,206.47805555555897,0 days 00:01:20.884000,11592.0,255.0,6,100.0,False,0,car,5375.27361111111,0.9348796921808036,OnTrack,-1345.043457879411,-4501.261594478087,1850.5691066775435
2026-09-06 14:54:48.251,0 days 02:48:13.075000,63,207.37777850666993,0 days 00:01:20.963000,11443.47987968,256.18500096,6,100.0,False,0,pos,5380.9181982084865,0.9358614114810407,OnTrack,-1370.0,-4420.0,1851.0
2026-09-06 14:54:48.372,0 days 02:48:13.196000,63,208.75583333333634,0 days 00:01:21.084000,11216.0,258.0,6,100.0,False,0,car,5389.606944444444,0.9373725777944574,OnTrack,-1395.3981646505297,-4331.348938900592,1851.7064017782313
2026-09-06 14:54:48.572,0 days 02:48:13.396000,63,211.03361111111462,0 days 00:01:21.284000,10405.0,260.0,7,100.0,False,0,car,5404.051388888888,0.9398847881027906,OnTrack,-1412.1245107235675,-4250.733804466094,1852.8035880234359
2026-09-06 14:54:48.671,0 days 02:48:13.495000,63,212.1611118400035,0 days 00:01:21.383000,10419.142866285714,261.0607149714286,7,100.0,False,0,pos,5411.253207223616,0.9411373445668924,OnTrack,-1423.0,-4194.0,1853.0
2026-09-06 14:54:48.751,0 days 02:48:13.575000,63,213.0722229511146,0 days 00:01:21.463000,10430.571437714285,261.9178578285714,7,100.0,False,0,pos,5417.098981018493,0.9421540547106544,OnTrack,-1434.0,-4137.0,1853.0
2026-09-06 14:54:48.852,0 days 02:48:13.676000,63,214.2225000000035,0 days 00:01:21.564000,10445.0,263.0,7,100.0,False,0,car,5424.5069444444425,0.9434424643932838,OnTrack,-1447.203665676743,-4063.821655646347,1853.1422300857282
2026-09-06 14:54:49.071,0 days 02:48:13.895000,63,216.59500069333717,0 days 00:01:21.783000,10541.98574262857,265.34642925714286,7,100.0,False,0,pos,5440.671155610281,0.9462537804029151,OnTrack,-1472.0,-3871.0,1854.0
2026-09-06 14:54:49.132,0 days 02:48:13.956000,63,217.25583333333725,0 days 00:01:21.844000,10569.0,266.0,7,100.0,False,0,car,5445.195833333331,0.9470407225426042,OnTrack,-1478.241659966066,-3794.8644360308735,1854.3019895273449
2026-09-06 14:54:49.272,0 days 02:48:14.096000,63,218.7336111111158,0 days 00:01:21.984000,10597.875,267.75,7,100.0,False,0,pos,5455.614749246042,0.9488528038627436,OnTrack,-1490.0,-3619.0,1855.0
2026-09-06 14:54:49.292,0 days 02:48:14.116000,63,218.94472222222703,0 days 00:01:22.004000,10602.0,268.0,7,100.0,False,0,car,5457.106944444443,0.9491123298122452,OnTrack,-1491.1136675783182,-3600.646962448113,1855.0844295840582
2026-09-06 14:54:49.532,0 days 02:48:14.356000,63,221.47805555555988,0 days 00:01:22.244000,10746.0,270.0,7,100.0,False,0,car,5475.106944444443,0.952242930350322,OnTrack,-1494.595196883073,-3501.4253654246336,1855.8039084575855
2026-09-06 14:54:49.612,0 days 02:48:14.436000,63,222.23361111111535,0 days 00:01:22.324000,10776.444444444445,271.1111111111111,7,100.0,False,0,pos,5481.16733295019,0.953296966767936,OnTrack,-1495.0,-3468.0,1856.0
2026-09-06 14:54:49.892,0 days 02:48:14.716000,63,224.8780555555595,0 days 00:01:22.604000,10883.0,275.0,7,100.0,False,0,car,5502.606944444443,0.9570257922834949,OnTrack,-1498.8254688203656,-3259.4078206255067,1856.882272939241
2026-09-06 14:54:49.912,0 days 02:48:14.736000,63,225.05027780831423,0 days 00:01:22.624000,10898.512468124094,275.22160668748705,7,100.0,False,0,pos,5504.148056054686,0.9572938258855095,OnTrack,-1499.0,-3241.0,1857.0
2026-09-06 14:54:50.172,0 days 02:48:14.996000,63,227.28916709412576,0 days 00:01:22.884000,11100.174553737317,278.1024936248188,7,100.0,False,0,pos,5524.283678544156,0.9607958586966233,OnTrack,-1499.0,-2994.0,1859.0
2026-09-06 14:54:50.253,0 days 02:48:15.077000,63,227.98666666667123,0 days 00:01:22.965000,11163.0,279.0,7,100.0,False,0,car,5530.584444444443,0.9618917020920529,OnTrack,-1498.443576420749,-2936.4661546913626,1859.3841761006724
2026-09-06 14:54:50.472,0 days 02:48:15.296000,63,931.2102114605752,0 days 00:01:23.184000,11169.257144685715,280.5642861714286,7,100.0,False,0,pos,5547.670916878274,0.9648634198584519,OnTrack,-1496.0,-2808.0,1860.0
2026-09-06 14:54:50.533,0 days 02:48:15.357000,87,1127.0850000000037,0 days 00:01:23.245000,11171.0,281.0,7,100.0,False,0,car,5552.439999999999,0.9656928695355079,OnTrack,-1495.1391509415912,-2763.1304062894146,1860.2697931334733
2026-09-06 14:54:50.672,0 days 02:48:15.496000,87,1119.1311074488933,0 days 00:01:23.384000,11143.1999872,281.69500032,7,100.0,False,0,pos,5563.321151781756,0.9675853439590003,OnTrack,-1493.0,-2652.0,1861.0
2026-09-06 14:54:50.733,0 days 02:48:15.557000,87,1115.6405555555602,0 days 00:01:23.445000,11131.0,282.0,7,100.0,False,0,car,5568.106666666665,0.9684176514853154,OnTrack,-1492.0560904561007,-2606.0594425238633,1861.3068997176924
2026-09-06 14:54:51.653,0 days 02:48:16.477000,87,1061.4627777777832,0 days 00:01:24.365000,11260.0,285.0,7,100.0,False,0,car,5640.939999999998,0.9810849888477187,OnTrack,-1463.7598259384179,-1928.2250251153098,1865.5889842951412
2026-09-06 14:54:51.712,0 days 02:48:16.536000,87,1057.9719406577826,0 days 00:01:24.424000,11269.9562608,285.0,7,100.0,False,0,pos,5645.609550044954,0.9818971275079028,OnTrack,-1459.0,-1851.0,1866.0
2026-09-06 14:54:51.813,0 days 02:48:16.637000,87,1051.9961111111152,0 days 00:01:24.525000,11287.0,285.0,7,100.0,False,0,car,5653.606666666666,0.9832880040411803,OnTrack,-1450.0011257773385,-1708.3919560591705,1866.7466526109572
2026-09-06 14:54:51.852,0 days 02:48:16.676000,87,1049.623607217782,0 days 00:01:24.564000,11291.1437568,285.2437504,7,100.0,False,0,pos,5656.7003611630535,0.983826066355349,OnTrack,-1447.0,-1661.0,1867.0
2026-09-06 14:54:51.973,0 days 02:48:16.797000,87,1042.2627777777825,0 days 00:01:24.685000,11304.0,286.0,7,100.0,False,0,car,5666.317777777776,0.9854987491125136,OnTrack,-1440.9429186318168,-1564.3275053571874,1867.5596308679644
2026-09-06 14:54:52.132,0 days 02:48:16.956000,87,1032.546107200005,0 days 00:01:24.844000,11315.13000448,286.79500032,7,100.0,False,0,pos,5678.989784677512,0.9877026930913371,OnTrack,-1436.0,-1489.0,1868.0
2026-09-06 14:54:52.173,0 days 02:48:16.997000,87,1030.0405555555608,0 days 00:01:24.885000,11318.0,287.0,7,100.0,False,0,car,5682.262222222221,0.9882718427990198,OnTrack,-1434.2562032603364,-1464.3903283122197,1868.1109757199224
2026-09-06 14:54:52.491,0 days 02:48:17.315000,87,1010.5188810311166,0 days 00:01:25.203000,11358.7437664,287.9937504,7,100.0,False,0,pos,5707.7018947054785,0.9926963679303855,OnTrack,-1416.0,-1218.0,1869.0
2026-09-06 14:54:52.493,0 days 02:48:17.317000,87,1010.3961111111166,0 days 00:01:25.205000,11359.0,288.0,7,100.0,False,0,car,5707.86222222222,0.9927242524531734,OnTrack,-1415.8807079511334,-1216.3591882246944,1869.0062674079954
2026-09-06 14:54:52.693,0 days 02:48:17.517000,87,998.173888888894,0 days 00:01:25.405000,11390.0,289.0,7,100.0,False,0,car,5723.917777777776,0.9955166708343592,OnTrack,-1404.1705589973076,-1054.2821662153563,1869.767253187117
2026-09-06 14:54:52.731,0 days 02:48:17.555000,87,998.173888888894,0 days 00:01:25.443000,11393.2062608,289.1187504,7,100.0,False,0,pos,5726.973182461758,0.9960480736981212,OnTrack,-1402.0,-1026.0,1870.0
2026-09-06 14:54:52.871,0 days 02:48:17.695000,87,998.173888888894,0 days 00:01:25.583000,11405.0187608,289.5562504,7,100.0,False,0,pos,5738.24319285793,0.9980081792875872,OnTrack,-1394.0,-928.0,1871.0
2026-09-06 14:54:52.999,0 days 02:48:17.823000,87,998.173888888894,0 days 00:01:25.711000,11415.8187608,289.9562504,7,100.0,False,0,interpolation,5748.565502700535,0.9998034586624458,OnTrack,-1385.9240999539409,-829.045887895724,1871.2298173505205
