Date,SessionTime,DriverAhead,DistanceToDriverAhead,Time,RPM,Speed,nGear,Throttle,Brake,DRS,Source,Distance,RelativeDistance,Status,X,Y,Z
2026-09-06 14:42:15.393,0 days 02:35:40.217000,,77.09444444444445,0 days 00:00:00,11777.725004799999,322.1916672,8,99.0,False,0,interpolation,0.0811940427377834,1.4190739525965047e-05,OnTrack,-1374.2686030687896,-688.3145546881444,1870.9515864313971
2026-09-06 14:42:15.411,0 days 02:35:40.235000,,77.09444444444445,0 days 00:00:00.018000,11779.0750144,322.34166826666666,8,99.0,False,0,pos,1.696061370419761,0.00029643018522192176,OnTrack,-1373.0,-673.0,1871.0
2026-09-06 14:42:15.490,0 days 02:35:40.314000,,77.09444444444445,0 days 00:00:00.097000,11785.0,323.0,8,99.0,False,0,car,8.782499999999995,0.0015349669222565962,OnTrack,-1368.5916947677815,-620.2692417370918,1871.176954082642
2026-09-06 14:42:15.690,0 days 02:35:40.514000,3,77.09444444444445,0 days 00:00:00.297000,11850.0,323.0,8,99.0,False,0,car,26.726944444444438,0.0046712184065143105,OnTrack,-1361.19938719018,-536.004964570057,1871.6314242922476
2026-09-06 14:42:15.751,0 days 02:35:40.575000,3,76.84027697777778,0 days 00:00:00.358000,11853.0500096,323.3812512,8,99.0,False,0,pos,32.21226045636994,0.005629917938131745,OnTrack,-1356.0,-476.0,1872.0
2026-09-06 14:42:15.850,0 days 02:35:40.674000,3,76.42777777777776,0 days 00:00:00.457000,11858.0,324.0,8,99.0,False,0,car,41.12694444444444,0.007187987399454248,OnTrack,-1343.622385010589,-332.3423952906362,1872.8842581699018
2026-09-06 14:42:15.971,0 days 02:35:40.795000,3,75.88999914666665,0 days 00:00:00.578000,11854.9749952,324.33611164444443,8,99.0,False,0,pos,52.03569946799387,0.009094571871318619,OnTrack,-1328.0,-152.0,1874.0
2026-09-06 14:42:16.210,0 days 02:35:41.034000,3,74.82777777777778,0 days 00:00:00.817000,11849.0,325.0,8,99.0,False,0,car,73.62694444444443,0.012868195196020076,OnTrack,-1316.7779305295812,-32.53860969167303,1874.7643349828327
2026-09-06 14:42:16.291,0 days 02:35:41.115000,3,74.4452768711111,0 days 00:00:00.898000,11852.64500864,325.40500096,8,99.0,False,0,pos,80.95920908716388,0.014149696328021892,OnTrack,-1313.0,9.0,1875.0
2026-09-06 14:42:16.410,0 days 02:35:41.234000,3,73.88333333333333,0 days 00:00:01.017000,11858.0,326.0,8,99.0,False,0,car,91.73805555555555,0.016033575951029413,OnTrack,-1304.4117569134628,108.59353348991093,1875.53769155821
2026-09-06 14:42:16.511,0 days 02:35:41.335000,3,73.40638798222221,0 days 00:00:01.118000,11873.570862933333,326.0,8,99.0,False,0,pos,100.88430562439476,0.017632117518732837,OnTrack,-1296.0,207.0,1876.0
2026-09-06 14:42:16.650,0 days 02:35:41.474000,3,72.74999999999999,0 days 00:00:01.257000,11895.0,326.0,8,99.0,False,0,car,113.47138888888888,0.01983203285704061,OnTrack,-1284.9633183922065,334.5297972103651,1876.4207876007788
2026-09-06 14:42:16.791,0 days 02:35:41.615000,3,72.08416575999996,0 days 00:00:01.398000,11887.3624896,326.0,8,99.0,False,0,pos,126.24407502441218,0.022064387053043314,OnTrack,-1274.0,460.0,1877.0
2026-09-06 14:42:16.890,0 days 02:35:41.714000,3,71.61666666666662,0 days 00:00:01.497000,11882.0,326.0,8,99.0,False,0,car,135.20472222222224,0.023630489763051817,OnTrack,-1266.2050631631078,549.0449748169005,1877.7232294986184
2026-09-06 14:42:16.931,0 days 02:35:41.755000,3,71.43444359111106,0 days 00:00:01.538000,11877.8999808,325.8861105777778,8,99.0,False,0,pos,138.9120933419027,0.024278447865783266,OnTrack,-1263.0,586.0,1878.0
2026-09-06 14:42:17.191,0 days 02:35:42.015000,3,70.27888803555554,0 days 00:00:01.798000,11851.8999808,325.16388835555557,8,99.0,False,0,pos,162.38180729621936,0.0283803817792134,OnTrack,-1243.0,820.0,1879.0
2026-09-06 14:42:17.250,0 days 02:35:42.074000,3,70.01666666666665,0 days 00:00:01.857000,11846.0,325.0,8,99.0,False,0,car,167.70472222222224,0.029310697559617648,OnTrack,-1238.3074264719196,872.8816488760493,1879.263613278882
2026-09-06 14:42:17.391,0 days 02:35:42.215000,3,69.42916586666665,0 days 00:00:01.998000,11863.625024,325.0,8,99.0,False,0,pos,180.4254190719936,0.03153396529573524,OnTrack,-1227.0,1000.0,1880.0
2026-09-06 14:42:17.591,0 days 02:35:42.415000,3,68.59583253333332,0 days 00:00:02.198000,11888.625024,325.0,8,99.0,False,0,pos,198.48076891976692,0.03468960034112125,OnTrack,-1212.0,1180.0,1881.0
2026-09-06 14:42:17.650,0 days 02:35:42.474000,3,68.35,0 days 00:00:02.257000,11896.0,325.0,8,99.0,False,0,car,203.81583333333336,0.035622039555801906,OnTrack,-1208.0037282709418,1226.1967938716364,1881.2435407734629
2026-09-06 14:42:17.831,0 days 02:35:42.655000,3,67.54555470222222,0 days 00:00:02.438000,11873.9406016,325.5656256,8,99.0,False,0,pos,220.2089333361967,0.038487153846452606,OnTrack,-1193.0,1396.0,1882.0
2026-09-06 14:42:17.970,0 days 02:35:42.794000,3,66.92777777777778,0 days 00:00:02.577000,11857.0,326.0,8,99.0,False,0,car,232.79361111111112,0.040686648763816835,OnTrack,-1172.7244575121272,1633.9434338697374,1882.879112998713
2026-09-06 14:42:17.991,0 days 02:35:42.815000,3,66.84027697777778,0 days 00:00:02.598000,11856.4749952,325.94166613333334,8,99.0,False,0,pos,234.6926726275806,0.04101855842634017,OnTrack,-1170.0,1666.0,1883.0
2026-09-06 14:42:18.330,0 days 02:35:43.154000,3,65.4277777777778,0 days 00:00:02.937000,11848.0,325.0,8,99.0,False,0,car,265.2936111111111,0.04636685656038266,OnTrack,-1152.437212786524,1870.5438672997454,1884.075904072529
2026-09-06 14:42:18.491,0 days 02:35:43.315000,3,64.80166592000003,0 days 00:00:03.098000,11855.24500864,325.0,8,99.0,False,0,pos,279.8281852523184,0.048907145832894953,OnTrack,-1142.0,1990.0,1885.0
2026-09-06 14:42:18.530,0 days 02:35:43.354000,3,64.65000000000003,0 days 00:00:03.137000,11857.0,325.0,8,99.0,False,0,car,283.34916666666663,0.049522527558474784,OnTrack,-1138.0371650943312,2035.5273909638404,1885.3263692618623
2026-09-06 14:42:18.690,0 days 02:35:43.514000,3,63.98333333333335,0 days 00:00:03.297000,11830.0,325.0,8,99.0,False,0,car,297.7936111111111,0.05204706435694849,OnTrack,-1118.9857969737166,2254.9959629698888,1886.8452446387605
2026-09-06 14:42:18.711,0 days 02:35:43.535000,3,63.895832533333355,0 days 00:00:03.318000,11828.4249856,325.0,8,99.0,False,0,pos,299.6894499357543,0.05237841077149527,OnTrack,-1117.0,2278.0,1887.0
2026-09-06 14:42:18.930,0 days 02:35:43.754000,3,62.983333333333405,0 days 00:00:03.537000,11812.0,325.0,8,99.0,False,0,car,319.4602777777777,0.055833869554659035,OnTrack,-1105.877045680623,2409.3126100393497,1887.7888013928966
2026-09-06 14:42:19.031,0 days 02:35:43.855000,3,62.56249920000006,0 days 00:00:03.638000,11812.0,325.0,8,99.0,False,0,pos,328.5783520935171,0.0574274866875184,OnTrack,-1101.0,2467.0,1888.0
2026-09-06 14:42:19.090,0 days 02:35:43.914000,3,62.31666666666672,0 days 00:00:03.697000,11812.0,325.0,8,99.0,False,0,car,333.9047222222222,0.05835840635313274,OnTrack,-1097.165975608125,2511.8522161909455,1888.145388551175
2026-09-06 14:42:19.330,0 days 02:35:44.154000,3,61.31666666666672,0 days 00:00:03.937000,11812.0,325.0,8,99.0,False,0,car,355.5713888888888,0.062145211550843286,OnTrack,-1077.080954627885,2745.05989436325,1888.995051320501
2026-09-06 14:42:19.331,0 days 02:35:44.155000,3,61.31277703180458,0 days 00:00:03.938000,11812.105869886418,325.0,8,99.0,False,0,pos,355.66168399511105,0.06216099293442345,OnTrack,-1077.0,2746.0,1889.0
2026-09-06 14:42:19.512,0 days 02:35:44.336000,3,60.608888517288854,0 days 00:00:04.119000,11831.264634069814,325.0,8,99.0,False,0,pos,372.0019529356284,0.06501687364315913,OnTrack,-1063.0,2908.0,1890.0
2026-09-06 14:42:19.689,0 days 02:35:44.513000,3,59.92055555555555,0 days 00:00:04.296000,11850.0,325.0,8,99.0,False,0,car,387.9811111111111,0.06780964099241867,OnTrack,-1048.9070759458345,3067.1681719391017,1890.7066854624684
2026-09-06 14:42:19.752,0 days 02:35:44.576000,3,59.65805524699359,0 days 00:00:04.359000,11850.0,325.0,8,99.0,False,0,pos,393.66861701986534,0.0688036783895239,OnTrack,-1044.0,3124.0,1891.0
2026-09-06 14:42:19.952,0 days 02:35:44.776000,3,58.82472178065945,0 days 00:00:04.559000,11850.0,325.0,8,99.0,False,0,pos,411.724176331771,0.07195935004413448,OnTrack,-1029.0,3304.0,1892.0
2026-09-06 14:42:20.090,0 days 02:35:44.914000,3,58.24972222222232,0 days 00:00:04.697000,11850.0,325.0,8,99.0,True,0,car,424.18249999999995,0.07413676134359339,OnTrack,-1018.0809030091455,3429.095811941924,1891.9976157581264
2026-09-06 14:42:20.091,0 days 02:35:44.915000,3,58.24583258666676,0 days 00:00:04.698000,11850.0,325.0,8,99.0,True,0,pos,424.27279511799463,0.0741525427292311,OnTrack,-1018.0,3430.0,1892.0
2026-09-06 14:42:20.251,0 days 02:35:45.075000,3,57.62361036444445,0 days 00:00:04.858000,11850.0,325.0,8,99.0,True,0,pos,438.717239614409,0.07667707953678786,OnTrack,-1005.0,3574.0,1893.0
2026-09-06 14:42:20.290,0 days 02:35:45.114000,3,57.47194444444443,0 days 00:00:04.897000,11850.0,325.0,8,99.0,True,0,car,442.23805555555555,0.07729243234168552,OnTrack,-1001.9607247179481,3609.082654578827,1893.2985185073214
2026-09-06 14:42:20.490,0 days 02:35:45.314000,3,56.69416666666666,0 days 00:00:05.097000,11850.0,325.0,8,99.0,True,0,car,460.2936111111111,0.08044810333977764,OnTrack,-987.1165730029516,3789.141749037511,1894.7699489020254
2026-09-06 14:42:20.531,0 days 02:35:45.355000,3,56.53472147555556,0 days 00:00:05.138000,11850.0,325.0,8,99.0,True,0,pos,463.9950173356341,0.0810950189242328,OnTrack,-984.0,3826.0,1895.0
2026-09-06 14:42:20.650,0 days 02:35:45.474000,3,56.071944444444455,0 days 00:00:05.257000,11850.0,325.0,8,99.0,True,0,car,474.7380555555555,0.08297264013825134,OnTrack,-974.654132518456,3932.8149834280043,1895.4882880462965
2026-09-06 14:42:20.771,0 days 02:35:45.595000,3,55.601388142222234,0 days 00:00:05.378000,11850.0,325.0,8,101.52083733333333,True,0,pos,485.6616840608957,0.08488182413218431,OnTrack,-965.0,4042.0,1896.0
2026-09-06 14:42:20.890,0 days 02:35:45.714000,3,55.13861111111112,0 days 00:00:05.497000,11850.0,325.0,8,104.0,True,0,car,496.4047222222222,0.08675944533596189,OnTrack,-955.6699431344994,4150.450703231572,1896.7719811723448
2026-09-06 14:42:20.951,0 days 02:35:45.775000,3,54.88444364444445,0 days 00:00:05.558000,11850.0,325.0,8,104.0,True,0,pos,501.91168385065555,0.08772192799372237,OnTrack,-951.0,4204.0,1897.0
2026-09-06 14:42:21.051,0 days 02:35:45.875000,3,54.46777697777778,0 days 00:00:05.658000,11850.0,325.0,8,104.0,True,0,pos,510.93946121039465,0.08929976341970547,OnTrack,-943.0,4294.0,1897.0
2026-09-06 14:42:21.250,0 days 02:35:46.074000,3,53.63861111111112,0 days 00:00:05.857000,11850.0,325.0,8,104.0,True,0,car,528.9047222222222,0.09243965313252772,OnTrack,-918.3106410254824,4585.128982894263,1897.779343653457
2026-09-06 14:42:21.291,0 days 02:35:46.115000,3,53.47916592000003,0 days 00:00:05.898000,11850.0,325.0,8,104.0,True,0,pos,532.6061290701798,0.09308656882594407,OnTrack,-914.0,4636.0,1898.0
2026-09-06 14:42:21.570,0 days 02:35:46.394000,3,52.39416666666682,0 days 00:00:06.177000,11850.0,325.0,8,104.0,True,0,car,557.793611111111,0.09748872672947512,OnTrack,-900.2752055260664,4791.748851136055,1899.5143035854908
2026-09-06 14:42:21.671,0 days 02:35:46.495000,3,52.00138814222239,0 days 00:00:06.278000,11850.0,325.0,8,104.0,True,0,pos,566.911673380337,0.09908234175689758,OnTrack,-895.0,4852.0,1900.0
2026-09-06 14:42:21.890,0 days 02:35:46.714000,3,51.14972222222241,0 days 00:00:06.497000,11850.0,325.0,8,104.0,True,0,car,586.6824999999999,0.10253780032642253,OnTrack,-876.1320533701734,5073.889160812522,1900.8456667324037
2026-09-06 14:42:22.011,0 days 02:35:46.835000,3,50.67916592000015,0 days 00:00:06.618000,11850.0,325.0,8,104.0,True,0,pos,597.6061767033657,0.10444699274419553,OnTrack,-869.0,5159.0,1901.0
2026-09-06 14:42:22.050,0 days 02:35:46.874000,3,50.527500000000146,0 days 00:00:06.657000,11850.0,325.0,8,104.0,True,0,car,601.1269444444443,0.10506233712489622,OnTrack,-867.9808000106766,5171.466673831521,1900.982804724728
2026-09-06 14:42:22.171,0 days 02:35:46.995000,3,50.05694369777783,0 days 00:00:06.778000,11836.3874784,325.0,8,101.47916266666667,True,0,pos,612.050109609619,0.10697144013826242,OnTrack,-865.0,5207.0,1901.0
2026-09-06 14:42:22.290,0 days 02:35:47.114000,3,49.59416666666664,0 days 00:00:06.897000,11823.0,325.0,8,99.0,False,0,car,622.793611111111,0.10884914232260677,OnTrack,-851.9971680379726,5355.432872011341,1901.8802566733186
2026-09-06 14:42:22.411,0 days 02:35:47.235000,3,49.08999920000003,0 days 00:00:07.018000,11835.1000192,325.0,8,98.49583253333333,False,0,pos,633.7200262104276,0.11075881334524224,OnTrack,-837.0,5527.0,1903.0
2026-09-06 14:42:22.530,0 days 02:35:47.354000,3,48.59416666666675,0 days 00:00:07.137000,11847.0,325.0,8,98.0,False,0,car,644.4602777777776,0.11263594752031732,OnTrack,-829.9623595715368,5609.925403965644,1903.5961083414754
2026-09-06 14:42:22.691,0 days 02:35:47.515000,3,47.83388798222229,0 days 00:00:07.298000,11888.86004992,324.19499904,8,98.80500096,False,0,pos,658.962451258122,0.11517057394709276,OnTrack,-825.0,5671.0,1904.0
2026-09-06 14:42:22.730,0 days 02:35:47.554000,3,47.649722222222294,0 days 00:00:07.337000,11899.0,324.0,8,99.0,False,0,car,662.4602777777776,0.11578190876149223,OnTrack,-822.915637825308,5695.458648968245,1904.11482064164
2026-09-06 14:42:22.890,0 days 02:35:47.714000,3,46.89416666666682,0 days 00:00:07.497000,11658.0,321.0,8,99.0,False,0,car,676.7269444444443,0.11827537433783088,OnTrack,-810.790871254944,5835.258675160823,1904.6903520367018
2026-09-06 14:42:22.951,0 days 02:35:47.775000,3,46.62305470222239,0 days 00:00:07.558000,11613.520693333334,319.9833301333333,8,99.0,False,0,pos,682.1299016867563,0.1192196795640553,OnTrack,-805.0,5902.0,1905.0
2026-09-06 14:42:23.130,0 days 02:35:47.954000,3,45.827500000000214,0 days 00:00:07.737000,11483.0,317.0,8,99.0,False,0,car,697.8602777777776,0.12196896586913625,OnTrack,-784.8585271486876,6135.308875788005,1906.253759012384
2026-09-06 14:42:23.211,0 days 02:35:48.035000,3,45.444999093333536,0 days 00:00:07.818000,11443.1229824,315.7538432,8,99.0,False,0,pos,704.9108765707941,0.12320123867635319,OnTrack,-775.0,6252.0,1907.0
2026-09-06 14:42:23.411,0 days 02:35:48.235000,3,44.50055464888906,0 days 00:00:08.018000,11344.661443938461,312.6769201230769,8,99.0,False,0,pos,722.1376587509352,0.1262120602901802,OnTrack,-752.0,6532.0,1909.0
2026-09-06 14:42:23.650,0 days 02:35:48.474000,3,43.37194444444458,0 days 00:00:08.257000,11227.0,309.0,8,99.0,False,0,car,742.4936111111109,0.12976978457642,OnTrack,-740.779547027962,6672.406644854403,1909.3797688757986
2026-09-06 14:42:23.771,0 days 02:35:48.595000,3,41.72499738666674,0 days 00:00:08.378000,11230.889291885715,307.2714258285714,8,72.20710034285715,False,0,pos,752.7304020489261,0.1315589261055521,OnTrack,-735.0,6738.0,1910.0
2026-09-06 14:42:23.871,0 days 02:35:48.695000,3,40.363886275555586,0 days 00:00:08.478000,11234.1035776,305.8428544,8,50.0642432,False,0,pos,761.1904719561384,0.13303754010698096,OnTrack,-728.0,6815.0,1911.0
2026-09-06 14:42:23.930,0 days 02:35:48.754000,3,39.560833333333335,0 days 00:00:08.537000,11236.0,305.0,8,37.0,False,0,car,766.2158333333332,0.13391585078006718,OnTrack,-723.9244431338816,6862.251696258195,1911.270254394101
2026-09-06 14:42:24.090,0 days 02:35:48.914000,3,36.80527777777786,0 days 00:00:08.697000,10760.0,305.0,8,0.0,True,0,car,779.7713888888886,0.13628503146786555,OnTrack,-713.1031007073617,6996.894371542671,1910.886497672274
2026-09-06 14:42:24.151,0 days 02:35:48.975000,3,35.720829920000085,0 days 00:00:08.758000,10502.8460656,297.1843504,8,0.0,True,0,pos,784.6386478251197,0.13713570968809585,OnTrack,-708.0,7059.0,1911.0
2026-09-06 14:42:24.391,0 days 02:35:49.215000,3,31.454163253333434,0 days 00:00:08.998000,9491.0960656,266.4343504,8,0.0,True,0,pos,801.9626083896411,0.14016351571474184,OnTrack,-685.0,7329.0,1913.0
2026-09-06 14:42:24.410,0 days 02:35:49.234000,3,31.11638888888899,0 days 00:00:09.017000,9411.0,264.0,8,0.0,True,0,car,803.2380555555553,0.14038643278969362,OnTrack,-683.7543489176172,7343.371646714432,1913.0860319555018
2026-09-06 14:42:24.691,0 days 02:35:49.515000,3,27.681942097777835,0 days 00:00:09.298000,9612.170592,233.3454336,8,0.0,True,0,pos,820.6285336789955,0.14342586446424047,OnTrack,-675.0,7446.0,1913.0
2026-09-06 14:42:24.850,0 days 02:35:49.674000,3,25.73861111111114,0 days 00:00:09.457000,9726.0,216.0,8,0.0,True,0,car,829.6380555555554,0.14500050927675018,OnTrack,-667.9839589570951,7539.730684236154,1913.7945685094883
2026-09-06 14:42:24.891,0 days 02:35:49.715000,3,25.16916400000004,0 days 00:00:09.498000,10013.001344,212.4124832,8,0.0,True,0,pos,831.8957679790523,0.1453951023755302,OnTrack,-666.0,7565.0,1914.0
2026-09-06 14:42:25.170,0 days 02:35:49.994000,3,21.294166666666797,0 days 00:00:09.777000,11966.0,188.0,8,0.0,True,0,car,846.3491666666664,0.1479212041574459,OnTrack,-652.6157983208725,7714.457001046135,1914.7311560624717
2026-09-06 14:42:25.251,0 days 02:35:50.075000,3,20.461664693333493,0 days 00:00:09.858000,11540.748992,175.8499712,8,0.0,True,0,pos,850.1198987034575,0.14858023620403485,OnTrack,-649.0,7753.0,1915.0
2026-09-06 14:42:25.330,0 days 02:35:50.154000,3,19.649722222222408,0 days 00:00:09.937000,11126.0,164.0,7,0.0,True,0,car,853.6380555555553,0.14919512426498338,OnTrack,-645.6476506126621,7789.105534403944,1915.3543080438742
2026-09-06 14:42:25.451,0 days 02:35:50.275000,3,18.473331466666863,0 days 00:00:10.058000,11022.3935856,157.1937392,7,0.0,True,0,pos,858.7935615769769,0.15009618104954095,OnTrack,-640.0,7845.0,1916.0
2026-09-06 14:42:25.650,0 days 02:35:50.474000,3,16.538611111111322,0 days 00:00:10.257000,10852.0,146.0,4,0.0,True,0,car,866.6158333333331,0.15146332348084285,OnTrack,-627.2534060225929,7944.325162762641,1916.9488316100214
2026-09-06 14:42:25.671,0 days 02:35:50.495000,3,16.42777676444466,0 days 00:00:10.278000,10851.665906036364,144.61589643636364,4,0.0,True,0,pos,867.3892737218357,0.15159850200776445,OnTrack,-626.0,7953.0,1917.0
2026-09-06 14:42:25.951,0 days 02:35:50.775000,3,14.949998986666897,0 days 00:00:10.558000,10847.211360581818,126.16135098181819,4,0.0,True,0,pos,876.7722176492787,0.153238411892423,OnTrack,-611.0,8031.0,1917.0
2026-09-06 14:42:26.090,0 days 02:35:50.914000,3,14.216388888889128,0 days 00:00:10.697000,10845.0,117.0,2,0.0,True,0,car,880.915833333333,0.15396261491133179,OnTrack,-599.5956784158757,8070.755225731006,1917.5107832622552
2026-09-06 14:42:26.232,0 days 02:35:51.056000,3,13.82194415920795,0 days 00:00:10.839000,11077.975098834522,108.693587308107,2,0.0,True,0,pos,884.8471325548651,0.15464971018790963,OnTrack,-586.0,8111.0,1918.0
2026-09-06 14:42:26.392,0 days 02:35:51.216000,3,13.37749979399591,0 days 00:00:10.999000,11340.482015824933,99.3342575002995,2,0.0,True,0,pos,889.0154317539073,0.15537822728356557,OnTrack,-570.0,8149.0,1918.0
2026-09-06 14:42:26.449,0 days 02:35:51.273000,3,13.219166666666865,0 days 00:00:11.056000,11434.0,96.0,2,0.0,True,0,car,890.4891666666664,0.15563580022330484,OnTrack,-563.4849338698913,8161.729078742478,1918.1135965978776
2026-09-06 14:42:26.650,0 days 02:35:51.474000,3,12.660833333333585,0 days 00:00:11.257000,11152.0,92.0,1,0.0,True,0,car,895.625833333333,0.15653356434786975,OnTrack,-536.8716887685745,8204.052245254023,1918.9296432248748
2026-09-06 14:42:26.691,0 days 02:35:51.515000,3,12.535554968889134,0 days 00:00:11.298000,11043.04198976,91.28249664,1,0.0,True,0,pos,896.6458267167428,0.15671183432845096,OnTrack,-531.0,8212.0,1919.0
2026-09-06 14:42:26.791,0 days 02:35:51.615000,3,12.229999413333562,0 days 00:00:11.398000,10777.29198976,89.53249664,1,0.0,True,0,pos,899.086077210652,0.15713833063248409,OnTrack,-515.0,8231.0,1919.0
2026-09-06 14:42:27.011,0 days 02:35:51.835000,3,11.557777191111306,0 days 00:00:11.618000,10192.64198976,85.68249664,1,0.0,True,0,pos,904.2026645603463,0.15803258538188544,OnTrack,-455.0,8279.0,1919.0
2026-09-06 14:42:27.050,0 days 02:35:51.874000,3,11.4386111111113,0 days 00:00:11.657000,10089.0,85.0,1,0.0,True,0,car,905.0702777777775,0.15818422302379487,OnTrack,-444.4522204406301,8285.554063775124,1919.0378452127063
2026-09-06 14:42:27.450,0 days 02:35:52.274000,3,11.4386111111113,0 days 00:00:12.057000,9330.0,75.0,1,0.0,False,0,car,913.4036111111109,0.15964068656137587,OnTrack,-360.50912683419637,8310.546026557235,1919.9230493495913
2026-09-06 14:42:27.511,0 days 02:35:52.335000,3,11.455555608889078,0 days 00:00:12.118000,9413.003832685714,74.56428434285715,1,2.614293942857143,False,0,pos,914.6330876161401,0.15985556908536236,OnTrack,-351.0,8312.0,1920.0
2026-09-06 14:42:27.730,0 days 02:35:52.554000,3,11.516388888889082,0 days 00:00:12.337000,9711.0,73.0,1,12.0,False,0,car,919.0813888888887,0.16063302371831437,OnTrack,-322.99978463120453,8316.388981032136,1920.0276752768088
2026-09-06 14:42:27.871,0 days 02:35:52.695000,3,11.203055128889034,0 days 00:00:12.478000,9726.8625216,75.203128,1,15.9656304,False,0,pos,922.102374333521,0.16116101833603472,OnTrack,-301.0,8321.0,1920.0
2026-09-06 14:42:27.971,0 days 02:35:52.795000,3,10.980832906666777,0 days 00:00:12.578000,9738.1125216,76.765628,1,18.7781304,False,0,pos,924.2969797214904,0.16154458186326948,OnTrack,-281.0,8326.0,1920.0
2026-09-06 14:42:28.050,0 days 02:35:52.874000,3,10.80527777777786,0 days 00:00:12.657000,9747.0,78.0,1,21.0,False,0,car,926.0147222222221,0.16184480138158175,OnTrack,-265.2711732153214,8331.080332272784,1919.9507446160628
2026-09-06 14:42:28.311,0 days 02:35:53.135000,3,10.152777297777897,0 days 00:00:12.918000,9177.1495808,76.9124992,1,9.5812416,False,0,pos,931.581327379043,0.16281770827426417,OnTrack,-218.0,8356.0,1920.0
2026-09-06 14:42:28.511,0 days 02:35:53.335000,3,9.652777297777925,0 days 00:00:13.118000,8740.482914133334,76.07916586666667,1,0.8312416000000009,False,0,pos,935.7548637666515,0.16354714070282247,OnTrack,-189.0,8385.0,1921.0
2026-09-06 14:42:28.530,0 days 02:35:53.354000,3,9.605277777777928,0 days 00:00:13.137000,8699.0,76.0,1,0.0,True,0,car,936.1480555555554,0.16361586104328024,OnTrack,-186.60313257883453,8388.127501168823,1921.0337363879166
2026-09-06 14:42:28.671,0 days 02:35:53.495000,3,9.448610897777938,0 days 00:00:13.278000,8434.0371392,74.2374976,1,0.0,True,0,pos,939.04658946506,0.1641224541174765,OnTrack,-171.0,8413.0,1921.0
2026-09-06 14:42:28.770,0 days 02:35:53.594000,3,9.338611111111277,0 days 00:00:13.377000,8248.0,73.0,1,0.0,True,0,car,941.0147222222221,0.16446643574922754,OnTrack,-162.80563646101885,8431.762142912426,1921.2497569045252
2026-09-06 14:42:28.971,0 days 02:35:53.795000,3,9.785278204444639,0 days 00:00:13.578000,8049.153381485714,68.69285302857143,1,2.153573485714286,True,0,pos,944.7695952101903,0.16512269602065435,OnTrack,-152.0,8471.0,1922.0
2026-09-06 14:42:29.050,0 days 02:35:53.874000,3,9.96083333333354,0 days 00:00:13.657000,7971.0,67.0,1,3.0,False,0,car,946.2258333333332,0.1653772109480615,OnTrack,-149.03542988554122,8485.812170693642,1922.000321182666
2026-09-06 14:42:29.051,0 days 02:35:53.875000,3,9.964445137777984,0 days 00:00:13.658000,7971.685845942857,67.00357211428572,1,3.0428653714285714,False,0,pos,946.2443466253292,0.16538044662023182,OnTrack,-149.0,8486.0,1922.0
2026-09-06 14:42:29.211,0 days 02:35:54.035000,3,10.542222915555735,0 days 00:00:13.818000,8081.400131657143,67.57500068571429,1,9.900008228571428,False,0,pos,949.2311854210968,0.16590247323607196,OnTrack,-144.0,8517.0,1922.0
2026-09-06 14:42:29.330,0 days 02:35:54.154000,3,10.971944444444603,0 days 00:00:13.937000,8163.0,68.0,1,15.0,False,0,car,951.5147222222221,0.16630157980657956,OnTrack,-141.98669042424922,8542.919928223178,1922.2334428700017
2026-09-06 14:42:29.591,0 days 02:35:54.415000,3,12.42194551111121,0 days 00:00:14.198000,8971.507412945455,71.55909352727272,1,25.084098327272727,False,0,pos,956.7768739478277,0.16722127566068717,OnTrack,-142.0,8600.0,1923.0
2026-09-06 14:42:29.770,0 days 02:35:54.594000,3,13.416388888888946,0 days 00:00:14.377000,9526.0,74.0,1,32.0,False,0,car,960.5591666666666,0.1678823282327008,OnTrack,-143.92855918265784,8628.318924387086,1923.028375304466
2026-09-06 14:42:29.831,0 days 02:35:54.655000,3,13.789167840000093,0 days 00:00:14.438000,9764.6632512,75.906256,1,33.5250048,False,0,pos,961.8764224527586,0.16811255243535406,OnTrack,-145.0,8639.0,1923.0
2026-09-06 14:42:29.930,0 days 02:35:54.754000,3,14.39416666666682,0 days 00:00:14.537000,10152.0,79.0,1,36.0,False,0,car,964.0702777777776,0.16849598486986825,OnTrack,-147.2337312297347,8659.32661377368,1922.9504083141496
2026-09-06 14:42:30.051,0 days 02:35:54.875000,3,15.368890435555763,0 days 00:00:14.658000,10737.64092928,82.63000576,1,38.42000384,False,0,pos,966.9043717353583,0.16899131541122359,OnTrack,-151.0,8687.0,1923.0
2026-09-06 14:42:30.130,0 days 02:35:54.954000,3,16.00527777777802,0 days 00:00:14.737000,11120.0,85.0,1,40.0,False,0,car,968.7924999999998,0.16932131420783078,OnTrack,-154.2182861858829,8705.195788284771,1923.1797597255388
2026-09-06 14:42:30.370,0 days 02:35:55.194000,3,18.33861111111139,0 days 00:00:14.977000,11713.0,88.0,1,46.0,False,0,car,974.6591666666665,0.1703466645382878,OnTrack,-166.81844776659844,8761.832025060075,1923.9784114532993
2026-09-06 14:42:30.391,0 days 02:35:55.215000,3,18.51944609777805,0 days 00:00:14.998000,11688.69227776,88.94500864,1,46.5250048,False,0,pos,975.2121543120946,0.17044331329936369,OnTrack,-168.0,8767.0,1924.0
2026-09-06 14:42:30.571,0 days 02:35:55.395000,3,20.069446097778005,0 days 00:00:15.178000,11480.34227776,97.04500864,1,51.0250048,False,0,pos,980.2927279809745,0.17133127373520976,OnTrack,-179.0,8814.0,1924.0
2026-09-06 14:42:30.770,0 days 02:35:55.594000,3,21.783055555555734,0 days 00:00:15.377000,11250.0,106.0,2,56.0,False,0,car,986.4369444444443,0.1724051330047356,OnTrack,-196.02003386120694,8878.24737750379,1924.859093761106
2026-09-06 14:42:30.811,0 days 02:35:55.635000,3,22.227224302222403,0 days 00:00:15.418000,11403.579885866666,108.0500096,2,56.68333653333333,False,0,pos,987.7505149569386,0.17263471311139433,OnTrack,-200.0,8893.0,1925.0
2026-09-06 14:42:31.010,0 days 02:35:55.834000,3,24.383055555555757,0 days 00:00:15.617000,12149.0,118.0,2,60.0,False,0,car,994.303611111111,0.17378003458421204,OnTrack,-221.04878378813,8971.365760385064,1925.0763399764737
2026-09-06 14:42:31.210,0 days 02:35:56.034000,3,26.88305555555587,0 days 00:00:15.817000,11869.0,122.0,2,65.0,False,0,car,1001.0813888888887,0.17496462492811124,OnTrack,-242.89463869209615,9053.600003061552,1924.998577172246
2026-09-06 14:42:31.211,0 days 02:35:56.035000,3,26.89305747555587,0 days 00:00:15.818000,11867.6841224,122.0437584,2,65.0281304,False,0,pos,1001.1167171581719,0.17497079944843807,OnTrack,-243.0,9054.0,1925.0
2026-09-06 14:42:31.530,0 days 02:35:56.354000,3,30.08305555555603,0 days 00:00:16.137000,11448.0,136.0,3,74.0,False,0,car,1013.1702777777775,0.17707746803329538,OnTrack,-274.1887804686235,9173.952939645784,1925.9677345423377
2026-09-06 14:42:31.551,0 days 02:35:56.375000,3,30.351391342222687,0 days 00:00:16.158000,11411.249664,137.1812608,3,75.0500096,False,0,pos,1013.9978652330542,0.17722211014762776,OnTrack,-276.0,9181.0,1926.0
2026-09-06 14:42:31.690,0 days 02:35:56.514000,3,32.127500000000396,0 days 00:00:16.297000,11168.0,145.0,3,82.0,False,0,car,1019.614722222222,0.17820379983569132,OnTrack,-287.11719544125157,9224.48893304536,1926.0072467070706
2026-09-06 14:42:32.010,0 days 02:35:56.834000,3,35.68305555555594,0 days 00:00:16.617000,11194.0,164.0,4,91.0,False,0,car,1034.1924999999999,0.18075164005076635,OnTrack,-309.98648476311524,9318.071730981279,1925.7221467518193
2026-09-06 14:42:32.071,0 days 02:35:56.895000,3,36.31000197333375,0 days 00:00:16.678000,11338.875456,167.35501056,4,92.5250048,False,0,pos,1037.1258872344335,0.18126432463659334,OnTrack,-315.0,9340.0,1926.0
2026-09-06 14:42:32.210,0 days 02:35:57.034000,3,37.738611111111595,0 days 00:00:16.817000,11669.0,175.0,4,96.0,False,0,car,1043.914722222222,0.1824508475112775,OnTrack,-328.8641545091665,9402.381405347642,1926.993190402999
2026-09-06 14:42:32.211,0 days 02:35:57.035000,3,37.75055784888937,0 days 00:00:16.818000,11666.468264,175.0125024,4,96.0093768,False,0,pos,1043.9638479858813,0.1824594334973006,OnTrack,-329.0,9403.0,1927.0
2026-09-06 14:42:32.391,0 days 02:35:57.215000,3,39.90055784888942,0 days 00:00:16.998000,11210.843264,177.2625024,4,97.6968768,False,0,pos,1052.861147390718,0.1840144645572309,OnTrack,-360.0,9547.0,1928.0
2026-09-06 14:42:32.530,0 days 02:35:57.354000,3,41.5608333333339,0 days 00:00:17.137000,10859.0,179.0,5,99.0,False,0,car,1059.825833333333,0.18523172189236542,OnTrack,-378.62618753299245,9643.535064679661,1928.7035826602698
2026-09-06 14:42:32.890,0 days 02:35:57.714000,3,45.76083333333395,0 days 00:00:17.497000,11435.0,189.0,5,99.0,False,0,car,1078.725833333333,0.18853498119559908,OnTrack,-401.90623595654483,9809.219148308555,1929.9980443588147
2026-09-06 14:42:32.892,0 days 02:35:57.716000,3,45.77305633777839,0 days 00:00:17.499000,11430.1684408,189.1750112,5,99.0,False,0,pos,1078.8397323998402,0.18855488797607892,OnTrack,-402.0,9810.0,1930.0
2026-09-06 14:42:33.210,0 days 02:35:58.034000,3,47.71638888888947,0 days 00:00:17.817000,10662.0,217.0,5,99.0,False,0,car,1098.014722222222,0.1919062087972532,OnTrack,-413.9779004060733,9930.845991497801,1929.8589622228408
2026-09-06 14:42:33.271,0 days 02:35:58.095000,3,48.140001333333906,0 days 00:00:17.878000,10727.5752064,217.0,5,99.0,False,0,pos,1101.6833853626727,0.19254740168874124,OnTrack,-416.0,9962.0,1930.0
2026-09-06 14:42:33.370,0 days 02:35:58.194000,3,48.827500000000555,0 days 00:00:17.977000,10834.0,217.0,6,99.0,False,0,car,1107.6591666666664,0.19359182259808025,OnTrack,-419.2404650678266,10021.322672200407,1930.4464714479782
2026-09-06 14:42:33.471,0 days 02:35:58.295000,3,49.47277900444494,0 days 00:00:18.078000,11010.1190848,222.6812608,6,99.0,False,0,pos,1113.9536634089868,0.19469194719719374,OnTrack,-422.0,10085.0,1931.0
2026-09-06 14:42:33.530,0 days 02:35:58.354000,3,49.84972222222268,0 days 00:00:18.137000,11113.0,226.0,6,99.0,False,0,car,1117.7036111111108,0.1953473466487112,OnTrack,-423.1213169910616,10119.851217602356,1931.2836429131974
2026-09-06 14:42:33.691,0 days 02:35:58.515000,3,50.65472318222266,0 days 00:00:18.298000,11303.516893866667,230.91945031111112,6,99.0,False,0,pos,1128.1540730874206,0.19717383266703575,OnTrack,-425.0,10215.0,1932.0
2026-09-06 14:42:33.890,0 days 02:35:58.714000,3,51.649722222222636,0 days 00:00:18.497000,11539.0,237.0,6,99.0,False,0,car,1141.4036111111109,0.19948952894959152,OnTrack,-426.9453807433817,10357.717976010881,1932.948621336383
2026-09-06 14:42:33.911,0 days 02:35:58.735000,3,51.73722302222264,0 days 00:00:18.518000,11530.524922514285,237.6000054857143,6,99.0,False,0,pos,1142.8150012400893,0.19973620554081056,OnTrack,-427.0,10372.0,1933.0
2026-09-06 14:42:34.151,0 days 02:35:58.975000,3,52.73722302222271,0 days 00:00:18.758000,11433.667779657142,244.45714834285715,6,99.0,False,0,pos,1159.1461407152476,0.20259049064153664,OnTrack,-425.0,10519.0,1933.0
2026-09-06 14:42:34.170,0 days 02:35:58.994000,3,52.81638888888938,0 days 00:00:18.777000,11426.0,245.0,6,99.0,False,0,car,1160.4591666666665,0.2028199755721934,OnTrack,-424.6834095106871,10531.18917930975,1933.0285454593595
2026-09-06 14:42:34.411,0 days 02:35:59.235000,3,53.68666736000061,0 days 00:00:19.018000,10927.263491555555,251.0250048,6,99.0,False,0,pos,1177.3840102236854,0.20577802567460063,OnTrack,-419.0,10698.0,1934.0
2026-09-06 14:42:34.530,0 days 02:35:59.354000,3,54.11638888888956,0 days 00:00:19.137000,10681.0,254.0,7,99.0,False,0,car,1185.8591666666664,0.2072592764347402,OnTrack,-415.1775473285982,10781.50887656884,1934.6511654777948
2026-09-06 14:42:34.631,0 days 02:35:59.455000,3,54.42500058666731,0 days 00:00:19.238000,10791.81965511111,255.68333653333335,7,99.0,False,0,pos,1193.0909434562377,0.20852321473945234,OnTrack,-411.0,10853.0,1935.0
2026-09-06 14:42:34.811,0 days 02:35:59.635000,3,54.975000586667264,0 days 00:00:19.418000,10989.31965511111,258.6833365333333,7,99.0,False,0,pos,1206.0863996762437,0.21079450371609265,OnTrack,-401.0,10983.0,1935.0
2026-09-06 14:42:34.890,0 days 02:35:59.714000,3,55.21638888888947,0 days 00:00:19.497000,11076.0,260.0,7,99.0,False,0,car,1211.8591666666664,0.21180344267199286,OnTrack,-396.2476437220568,11040.06140573673,1935.3496563232188
2026-09-06 14:42:35.011,0 days 02:35:59.835000,3,55.45166704000059,0 days 00:00:19.618000,11170.98515072,262.72250432,7,99.0,False,0,pos,1220.7890682776394,0.21336417180286102,OnTrack,-388.0,11128.0,1936.0
2026-09-06 14:42:35.171,0 days 02:35:59.995000,3,55.762778151111725,0 days 00:00:19.778000,11296.58515072,266.32250432,7,99.0,False,0,pos,1232.7546065103072,0.21545545622007042,OnTrack,-374.0,11246.0,1936.0
2026-09-06 14:42:35.290,0 days 02:36:00.114000,3,55.9941666666673,0 days 00:00:19.897000,11390.0,269.0,7,99.0,False,0,car,1241.748055555555,0.21702729189344994,OnTrack,-363.5013860910097,11329.909796872604,1935.9941571071943
2026-09-06 14:42:35.371,0 days 02:36:00.195000,3,56.039166773333925,0 days 00:00:19.978000,11449.4001408,270.57500373333335,7,99.0,False,0,pos,1247.91346768098,0.2181048556480309,OnTrack,-354.0,11394.0,1936.0
2026-09-06 14:42:35.650,0 days 02:36:00.474000,3,56.194166666667115,0 days 00:00:20.257000,11654.0,276.0,7,99.0,False,0,car,1269.3480555555552,0.22185109912991818,OnTrack,-300.0810599792451,11678.014246768273,1935.9381950234522
2026-09-06 14:42:35.711,0 days 02:36:00.535000,3,56.2280556622228,0 days 00:00:20.318000,11678.70507776,276.61000192,7,99.0,False,0,pos,1274.0484837875167,0.22267261940962232,OnTrack,-289.0,11730.0,1936.0
2026-09-06 14:42:35.850,0 days 02:36:00.674000,3,56.305277777778656,0 days 00:00:20.457000,11735.0,278.0,7,99.0,False,0,car,1284.7924999999996,0.2245504115529016,OnTrack,-268.2960758248793,11818.506978556383,1936.3070630814025
2026-09-06 14:42:36.111,0 days 02:36:00.935000,3,56.23277772444545,0 days 00:00:20.718000,11320.6621952,281.2625024,7,99.0,False,0,pos,1305.212395694207,0.22811931157527998,OnTrack,-229.0,11947.0,1937.0
2026-09-06 14:42:36.170,0 days 02:36:00.994000,3,56.216388888889924,0 days 00:00:20.777000,11227.0,282.0,7,99.0,False,0,car,1309.8591666666662,0.22893145387394517,OnTrack,-215.31559608212513,11989.430402314987,1937.0404874723379
2026-09-06 14:42:36.251,0 days 02:36:01.075000,3,56.148888728889986,0 days 00:00:20.858000,10962.7368736,283.0125024,7,99.0,False,0,pos,1316.2526098469918,0.230048871898554,OnTrack,-195.0,12051.0,1937.0
2026-09-06 14:42:36.410,0 days 02:36:01.234000,3,56.016388888890106,0 days 00:00:21.017000,10444.0,285.0,8,99.0,False,0,car,1328.859166666666,0.23225219073962977,OnTrack,-156.87384419405757,12158.235897238557,1936.5102258920433
2026-09-06 14:42:36.571,0 days 02:36:01.395000,3,55.79277751111238,0 days 00:00:21.178000,10516.4500864,286.5093768,8,99.0,False,0,pos,1341.7209640965716,0.234500119417759,OnTrack,-103.0,12286.0,1936.0
2026-09-06 14:42:36.730,0 days 02:36:01.554000,3,55.57194444444576,0 days 00:00:21.337000,10588.0,288.0,8,99.0,False,0,car,1354.459166666666,0.23672644672707857,OnTrack,-20.68745572570903,12461.457720368768,1935.9890397220731
2026-09-06 14:42:36.791,0 days 02:36:01.615000,3,55.50416645333454,0 days 00:00:21.398000,10584.187488,288.0,8,99.0,False,0,pos,1359.340028644914,0.23757950242747253,OnTrack,6.0,12516.0,1936.0
2026-09-06 14:42:36.970,0 days 02:36:01.794000,3,55.305277777778656,0 days 00:00:21.577000,10573.0,288.0,8,99.0,False,0,car,1373.6591666666664,0.2400821387176652,OnTrack,49.16102373389368,12595.290611029557,1935.9089534346272
2026-09-06 14:42:37.051,0 days 02:36:01.875000,3,55.17027745777878,0 days 00:00:21.658000,10610.66508928,288.40500096,8,99.0,False,0,pos,1380.1512594727596,0.2412167982922252,OnTrack,69.0,12628.0,1936.0
2026-09-06 14:42:37.170,0 days 02:36:01.994000,3,54.971944444445626,0 days 00:00:21.777000,10666.0,289.0,8,99.0,False,0,car,1389.7147222222218,0.24288825846673787,OnTrack,110.88313546464259,12698.19533583323,1936.4192849043093
2026-09-06 14:42:37.291,0 days 02:36:02.115000,3,54.6358328000012,0 days 00:00:21.898000,10677.275017890908,289.8250013090909,8,99.0,False,0,pos,1399.4862158694605,0.24459607737132677,OnTrack,171.0,12792.0,1937.0
2026-09-06 14:42:37.551,0 days 02:36:02.375000,3,53.913610577779004,0 days 00:00:22.158000,10701.502290618182,291.59772858181816,8,99.0,False,0,pos,1420.60563255456,0.24828723661174604,OnTrack,344.0,13026.0,1938.0
2026-09-06 14:42:37.610,0 days 02:36:02.434000,3,53.749722222223454,0 days 00:00:22.217000,10707.0,292.0,8,99.0,False,0,car,1425.4036111111104,0.2491258063103513,OnTrack,375.6507540460353,13065.636429758286,1938.1090149608851
2026-09-06 14:42:37.890,0 days 02:36:02.714000,3,52.81638888889006,0 days 00:00:22.497000,10700.0,293.0,8,99.0,False,0,car,1448.1924999999994,0.2531087485977895,OnTrack,481.20208108590856,13180.738751601326,1938.051898454935
2026-09-06 14:42:37.951,0 days 02:36:02.775000,3,52.57916592000115,0 days 00:00:22.558000,10708.714313142857,293.2178578285714,8,99.0,False,0,pos,1453.1663948037215,0.25397806416835556,OnTrack,507.0,13207.0,1938.0
2026-09-06 14:42:38.170,0 days 02:36:02.994000,3,51.7275000000011,0 days 00:00:22.777000,10740.0,294.0,8,99.0,False,0,car,1471.0591666666662,0.2571052845449117,OnTrack,636.1239706361491,13331.237404759062,1937.9971990105607
2026-09-06 14:42:38.171,0 days 02:36:02.995000,3,51.72305470222332,0 days 00:00:22.778000,10740.16003072,294.00500096,8,99.0,False,0,pos,1471.141034855362,0.25711959310871857,OnTrack,637.0,13332.0,1938.0
2026-09-06 14:42:38.370,0 days 02:36:03.194000,3,50.838611111112186,0 days 00:00:22.977000,10772.0,295.0,8,99.0,False,0,car,1487.4480555555551,0.2599696628354876,OnTrack,847.329941416675,13504.845268529014,1938.945869185225
2026-09-06 14:42:38.391,0 days 02:36:03.215000,3,50.75111031111218,0 days 00:00:22.998000,10773.1812608,295.0,8,99.0,False,0,pos,1489.1686918872047,0.2602703881249058,OnTrack,865.0,13519.0,1939.0
2026-09-06 14:42:38.530,0 days 02:36:03.354000,3,50.171944444445444,0 days 00:00:23.137000,10781.0,295.0,8,99.0,False,0,car,1500.5591666666662,0.26226116546794837,OnTrack,938.0853028363293,13576.445324292354,1938.908108646336
2026-09-06 14:42:38.751,0 days 02:36:03.575000,3,49.12833242666742,0 days 00:00:23.358000,10807.0464512,295.7892864,8,99.0,False,0,pos,1518.728091050435,0.26543665057379134,OnTrack,1012.0,13624.0,1939.0
2026-09-06 14:42:38.810,0 days 02:36:03.634000,3,48.84972222222291,0 days 00:00:23.417000,10814.0,296.0,8,99.0,False,0,car,1523.5813888888886,0.2662848887344388,OnTrack,1056.018712132347,13652.371352495771,1939.607009580401
2026-09-06 14:42:38.931,0 days 02:36:03.755000,3,48.24472126222297,0 days 00:00:23.538000,10818.75357897143,296.0,8,99.0,False,0,pos,1533.5309958261741,0.26802383750052905,OnTrack,1166.0,13722.0,1941.0
2026-09-06 14:42:39.090,0 days 02:36:03.914000,3,47.449722222223045,0 days 00:00:23.697000,10825.0,296.0,8,99.0,False,0,car,1546.6036111111107,0.27030861200092915,OnTrack,1303.797541228348,13801.601844725881,1941.0361077163975
2026-09-06 14:42:39.192,0 days 02:36:04.016000,3,46.939721582223044,0 days 00:00:23.799000,10782.66994688,296.0,8,99.0,False,0,pos,1554.9934824615498,0.2717749570057583,OnTrack,1396.0,13850.0,1941.0
2026-09-06 14:42:39.290,0 days 02:36:04.114000,3,46.449722222223045,0 days 00:00:23.897000,10742.0,296.0,8,99.0,False,0,car,1563.048055555555,0.27318270004842227,OnTrack,1492.2343193623278,13897.418595534693,1941.4899189337746
2026-09-06 14:42:39.452,0 days 02:36:04.276000,3,45.684721617778685,0 days 00:00:24.059000,10748.750005333333,295.32499946666667,8,99.0,False,0,pos,1576.3310799589376,0.2755042489339013,OnTrack,1657.0,13972.0,1943.0
2026-09-06 14:42:39.530,0 days 02:36:04.354000,3,45.31638888888983,0 days 00:00:24.137000,10752.0,295.0,8,99.0,False,0,car,1582.7147222222218,0.2766199539971134,OnTrack,1732.040786089942,14002.554567225869,1943.7674255411728
2026-09-06 14:42:39.770,0 days 02:36:04.594000,3,44.18305555555639,0 days 00:00:24.377000,10739.0,294.0,8,99.0,False,0,car,1602.3147222222217,0.2800455562375039,OnTrack,1933.408382904259,14074.123458217831,1945.880225318524
2026-09-06 14:42:39.792,0 days 02:36:04.616000,3,44.085277208889735,0 days 00:00:24.399000,10737.166656,293.9083328,8,99.0,False,0,pos,1604.108388392315,0.2803590453625439,OnTrack,1948.0,14079.0,1946.0
2026-09-06 14:42:40.010,0 days 02:36:04.834000,3,43.11638888888979,0 days 00:00:24.617000,10719.0,293.0,8,99.0,False,0,car,1621.8480555555552,0.28345950676959375,OnTrack,2055.286550586483,14112.429237519047,1946.4272766581444
2026-09-06 14:42:40.171,0 days 02:36:04.995000,3,42.53499930666758,0 days 00:00:24.778000,10676.892257476924,292.3807684923077,8,99.0,False,0,pos,1634.8917259941434,0.28573922241639693,OnTrack,2143.0,14135.0,1947.0
2026-09-06 14:42:40.391,0 days 02:36:05.215000,3,41.74055486222315,0 days 00:00:24.998000,10619.353795938461,291.53461464615384,8,99.0,False,0,pos,1652.651246362836,0.2888431536798282,OnTrack,2317.0,14176.0,1949.0
2026-09-06 14:42:40.530,0 days 02:36:05.354000,3,41.23861111111205,0 days 00:00:25.137000,10583.0,291.0,8,99.0,False,0,car,1663.8813888888885,0.2908059088531522,OnTrack,2418.760614149195,14197.833740269325,1949.8962290431614
2026-09-06 14:42:40.671,0 days 02:36:05.495000,3,40.768610471112076,0 days 00:00:25.278000,10583.0,291.0,8,99.0,False,0,pos,1675.2811026325182,0.2927983009419271,OnTrack,2539.0,14220.0,1951.0
2026-09-06 14:42:40.690,0 days 02:36:05.514000,3,40.70527777777875,0 days 00:00:25.297000,10583.0,291.0,8,99.0,False,0,car,1676.814722222222,0.2930663402634779,OnTrack,2558.8907522659797,14223.377607091295,1951.2163390014366
2026-09-06 14:42:40.890,0 days 02:36:05.714000,3,40.09416666666766,0 days 00:00:25.497000,10546.0,290.0,8,99.0,False,0,car,1692.925833333333,0.2958821697694678,OnTrack,2790.3708405022976,14260.149432521057,1953.846769209593
2026-09-06 14:42:40.911,0 days 02:36:05.735000,3,40.02999941333433,0 days 00:00:25.518000,10552.968245527272,290.0954554181818,8,99.0,False,0,pos,1694.6201406099813,0.29617829338185536,OnTrack,2809.0,14263.0,1954.0
2026-09-06 14:42:41.191,0 days 02:36:06.015000,3,39.174443857778776,0 days 00:00:25.798000,10645.877336436364,291.36818269090907,8,99.0,False,0,pos,1717.302024684817,0.30014253383609185,OnTrack,2953.0,14283.0,1954.0
2026-09-06 14:42:41.330,0 days 02:36:06.154000,3,38.74972222222323,0 days 00:00:25.937000,10692.0,292.0,8,99.0,False,0,car,1728.614722222222,0.3021197176130813,OnTrack,3059.4690475982056,14296.63952531523,1955.1080111074834
2026-09-06 14:42:41.431,0 days 02:36:06.255000,3,38.44111052444535,0 days 00:00:26.038000,10698.6281376,292.6312512,8,99.0,False,0,pos,1736.8542500254862,0.303559786230562,OnTrack,3146.0,14307.0,1956.0
2026-09-06 14:42:41.650,0 days 02:36:06.474000,3,37.771944444445126,0 days 00:00:26.257000,10713.0,294.0,8,99.0,False,0,car,1754.7480555555555,0.3066871872669353,OnTrack,3323.194576804098,14324.924203149236,1956.9952560206764
2026-09-06 14:42:41.651,0 days 02:36:06.475000,3,37.769443964445124,0 days 00:00:26.258000,10713.040916945454,294.0,8,99.0,False,0,pos,1754.8297287444768,0.3067014617495347,OnTrack,3324.0,14325.0,1957.0
2026-09-06 14:42:41.831,0 days 02:36:06.655000,3,37.319443964445256,0 days 00:00:26.438000,10720.40455330909,294.0,8,99.0,False,0,pos,1769.5181502780908,0.3092686397961341,OnTrack,3470.0,14338.0,1958.0
2026-09-06 14:42:42.011,0 days 02:36:06.835000,3,36.86944396444539,0 days 00:00:26.618000,10727.768189672728,294.0,8,99.0,False,0,pos,1784.2126594755132,0.3118368818179774,OnTrack,3617.0,14349.0,1959.0
2026-09-06 14:42:42.090,0 days 02:36:06.914000,3,36.671944444445444,0 days 00:00:26.697000,10731.0,294.0,8,99.0,False,0,car,1790.6813888888887,0.31296745804098447,OnTrack,3681.914736588748,14354.211420508054,1959.652236587226
2026-09-06 14:42:42.231,0 days 02:36:07.055000,3,36.31944396444544,0 days 00:00:26.838000,10753.56003072,294.70500096,8,99.0,False,0,pos,1802.2577471649997,0.31499072328824,OnTrack,3796.0,14364.0,1961.0
2026-09-06 14:42:42.490,0 days 02:36:07.314000,3,35.671944444445444,0 days 00:00:27.097000,10795.0,296.0,8,99.0,False,0,car,1823.5702777777778,0.31871563413597076,OnTrack,4004.8089830828003,14382.220223757506,1962.8897043521727
2026-09-06 14:42:42.511,0 days 02:36:07.335000,3,35.62527735111211,0 days 00:00:27.118000,10798.225029485715,296.0,8,99.0,False,0,pos,1825.2965093674163,0.31901733734009824,OnTrack,4026.0,14384.0,1963.0
2026-09-06 14:42:42.770,0 days 02:36:07.594000,3,35.04972222222318,0 days 00:00:27.377000,10838.0,296.0,8,99.0,False,0,car,1846.5925,0.3227393574024611,OnTrack,4336.844215478168,14408.91277664077,1963.9957688578936
2026-09-06 14:42:42.771,0 days 02:36:07.595000,3,35.04722174222318,0 days 00:00:27.378000,10838.562608,296.00833493333334,8,98.99583253333333,False,0,pos,1846.6749910644396,0.3227537748297651,OnTrack,4338.0,14409.0,1964.0
2026-09-06 14:42:43.010,0 days 02:36:07.834000,3,34.44972222222327,0 days 00:00:27.617000,10973.0,298.0,8,98.0,False,0,car,1866.4591666666668,0.3262115664760542,OnTrack,4579.641864809712,14425.780936259725,1965.2580384382968
2026-09-06 14:42:43.151,0 days 02:36:07.975000,3,33.901388142223354,0 days 00:00:27.758000,10973.0,299.0071442285714,8,98.0,False,0,pos,1878.1914881552314,0.3282620902911669,OnTrack,4677.0,14432.0,1966.0
2026-09-06 14:42:43.290,0 days 02:36:08.114000,3,33.36083333333454,0 days 00:00:27.897000,10973.0,300.0,8,98.0,False,0,car,1889.7924999999998,0.33028966438128093,OnTrack,4733.479949921375,14435.515073430679,1966.6123335308926
2026-09-06 14:42:43.431,0 days 02:36:08.255000,3,32.65583237333454,0 days 00:00:28.038000,10996.97003264,300.70500096,8,98.70500096,False,0,pos,1901.5856329820501,0.3323508165631449,OnTrack,4793.0,14439.0,1967.0
2026-09-06 14:42:43.490,0 days 02:36:08.314000,3,32.36083333333454,0 days 00:00:28.097000,11007.0,301.0,8,99.0,False,0,car,1906.5147222222222,0.3332123012133601,OnTrack,4831.391450191705,14441.213957402784,1967.058278954112
2026-09-06 14:42:43.671,0 days 02:36:08.495000,3,31.455832373334626,0 days 00:00:28.278000,10871.896285257142,300.35357074285713,8,99.0,False,0,pos,1921.5913085457728,0.3358473210035334,OnTrack,4993.0,14450.0,1967.0
2026-09-06 14:42:43.770,0 days 02:36:08.594000,3,30.960833333334676,0 days 00:00:28.377000,10798.0,300.0,8,99.0,False,0,car,1929.8480555555552,0.3372903991185868,OnTrack,5102.696272435525,14455.17502856514,1966.9835976322702
2026-09-06 14:42:43.951,0 days 02:36:08.775000,3,29.955276711112454,0 days 00:00:28.558000,10704.483234133333,296.9833301333333,8,99.0,False,0,pos,1945.0110230523842,0.33994051623226573,OnTrack,5307.0,14464.0,1967.0
2026-09-06 14:42:44.130,0 days 02:36:08.954000,3,28.960833333334676,0 days 00:00:28.737000,10612.0,294.0,8,99.0,False,0,car,1959.248055555555,0.3424288024791725,OnTrack,5448.727618015505,14469.777797738838,1967.037515326346
2026-09-06 14:42:44.431,0 days 02:36:09.255000,3,27.372221208890213,0 days 00:00:29.038000,10208.267133773914,266.51737377391305,8,66.60976194782609,False,0,pos,1979.6169695819688,0.34598879214872374,OnTrack,5615.0,14476.0,1967.0
2026-09-06 14:42:45.050,0 days 02:36:09.874000,3,24.105277777779065,0 days 00:00:29.657000,9378.0,210.0,8,0.0,True,0,car,2012.9147222222218,0.351808427661194,OnTrack,6042.075423615646,14492.381484643516,1966.0468317953653
2026-09-06 14:42:45.131,0 days 02:36:09.955000,3,23.70027681777905,0 days 00:00:29.738000,9577.4629728,203.5874848,8,0.0,True,0,pos,2017.254895695066,0.35256698419039084,OnTrack,6091.0,14494.0,1966.0
2026-09-06 14:42:45.251,0 days 02:36:10.075000,3,23.100276817779026,0 days 00:00:29.858000,9872.9629728,194.0874848,8,0.0,True,0,pos,2023.6353338326105,0.3536821292505259,OnTrack,6157.0,14496.0,1966.0
2026-09-06 14:42:45.290,0 days 02:36:10.114000,3,22.90527777777902,0 days 00:00:29.897000,9969.0,191.0,6,0.0,True,0,car,2025.6480555555552,0.35403390394661777,OnTrack,6176.571451133675,14496.5640417369,1966.0203556004763
2026-09-06 14:42:45.490,0 days 02:36:10.314000,3,21.90527777777902,0 days 00:00:30.097000,10624.0,176.0,6,0.0,True,0,car,2035.425833333333,0.35574282116404615,OnTrack,6265.480848188323,14499.292741881713,1966.2248073861683
2026-09-06 14:42:45.611,0 days 02:36:10.435000,3,21.46833264000115,0 days 00:00:30.218000,10770.7127328,166.9249856,6,0.0,True,0,pos,2040.8286160511398,0.3566870958876412,OnTrack,6334.0,14504.0,1966.0
2026-09-06 14:42:45.810,0 days 02:36:10.634000,3,20.749722222223227,0 days 00:00:30.417000,11012.0,152.0,6,0.0,True,0,car,2048.936944444444,0.3581042340463108,OnTrack,6470.954758221131,14516.898858984167,1965.0065013900962
2026-09-06 14:42:45.812,0 days 02:36:10.636000,3,20.74638867555656,0 days 00:00:30.419000,11012.8000512,151.87999232,6,0.0,True,0,pos,2049.0143424233434,0.3581177613264087,OnTrack,6472.0,14517.0,1965.0
2026-09-06 14:42:46.210,0 days 02:36:11.034000,3,20.08305555555671,0 days 00:00:30.817000,11172.0,128.0,3,0.0,True,0,car,2063.1591666666664,0.3605899318171156,OnTrack,6564.127426988634,14533.746519953962,1965.0070261719222
2026-09-06 14:42:46.212,0 days 02:36:11.036000,3,20.07972201116777,0 days 00:00:30.819000,11173.024975925995,127.95017478137524,3,0.0,True,0,pos,2063.227401011186,0.36060185751729196,OnTrack,6565.0,14534.0,1965.0
2026-09-06 14:42:46.392,0 days 02:36:11.216000,3,19.779722216149892,0 days 00:00:30.999000,11265.266905782042,123.46619208003958,3,0.0,True,0,pos,2069.3184209037418,0.36166641932291466,OnTrack,6664.0,14563.0,1964.0
2026-09-06 14:42:46.491,0 days 02:36:11.315000,3,19.614722222223463,0 days 00:00:31.098000,11316.0,121.0,2,0.0,True,0,car,2072.6038888888884,0.3622406390418253,OnTrack,6702.2193201825285,14574.97152544963,1963.5431329996654
2026-09-06 14:42:46.690,0 days 02:36:11.514000,3,19.28305555555653,0 days 00:00:31.297000,10907.0,116.0,2,0.0,True,0,car,2079.0161111111106,0.3633613391852093,OnTrack,6732.0806502320975,14587.663099400525,1963.051634493731
2026-09-06 14:42:46.831,0 days 02:36:11.655000,3,19.36138899555646,0 days 00:00:31.438000,10647.3246464,112.8666624,2,0.0,True,0,pos,2083.336926235005,0.364116512346879,OnTrack,6755.0,14601.0,1963.0
2026-09-06 14:42:47.050,0 days 02:36:11.874000,3,19.483055555556348,0 days 00:00:31.657000,10244.0,108.0,2,0.0,False,0,car,2089.816111111111,0.36524891592991426,OnTrack,6809.145521067783,14633.747449974788,1963.0770667111294
2026-09-06 14:42:47.071,0 days 02:36:11.895000,3,19.53555603555633,0 days 00:00:31.678000,10235.7311744,107.8687488,2,0.5906304,False,0,pos,2090.436329510644,0.36535731498802515,OnTrack,6814.0,14637.0,1963.0
2026-09-06 14:42:47.231,0 days 02:36:12.055000,3,19.935556035556193,0 days 00:00:31.838000,10172.7311744,106.8687488,2,5.090630399999999,False,0,pos,2095.1592640634303,0.3661827688240069,OnTrack,6848.0,14666.0,1962.0
2026-09-06 14:42:47.370,0 days 02:36:12.194000,3,20.283055555556075,0 days 00:00:31.977000,10118.0,106.0,2,9.0,False,0,car,2099.2383333333332,0.36689569070307254,OnTrack,6885.265192953448,14718.835225023236,1961.8687119521765
2026-09-06 14:42:47.471,0 days 02:36:12.295000,3,20.731945297778367,0 days 00:00:32.078000,10208.9001728,105.3687488,2,14.6812608,False,0,pos,2102.1810696291227,0.3674100092769365,OnTrack,6907.0,14754.0,1962.0
2026-09-06 14:42:47.530,0 days 02:36:12.354000,3,20.994166666667297,0 days 00:00:32.137000,10262.0,105.0,2,18.0,False,0,car,2103.9049999999997,0.36771131028411785,OnTrack,6914.209878436481,14766.668317043497,1962.0552084579192
2026-09-06 14:42:47.731,0 days 02:36:12.555000,3,21.496667146667093,0 days 00:00:32.338000,10510.458570666666,106.6750016,2,30.84167893333333,False,0,pos,2109.855406180935,0.3687512962404773,OnTrack,6923.0,14789.0,1962.0
2026-09-06 14:42:47.890,0 days 02:36:12.714000,3,21.894166666666933,0 days 00:00:32.497000,10707.0,108.0,2,41.0,False,0,car,2114.705,0.3695988870288229,OnTrack,6942.676674513081,14830.58521752031,1961.4359222002006
2026-09-06 14:42:48.031,0 days 02:36:12.855000,3,22.011666826667003,0 days 00:00:32.638000,10976.8587008,110.7416704,2,38.6499968,False,0,pos,2119.14616109892,0.3703750937334349,OnTrack,6967.0,14873.0,1961.0
2026-09-06 14:42:48.211,0 days 02:36:13.035000,3,22.161666826667094,0 days 00:00:32.818000,11321.3587008,114.2416704,2,35.6499968,False,0,pos,2124.9456856956335,0.37138870926668494,OnTrack,7001.0,14916.0,1961.0
2026-09-06 14:42:48.250,0 days 02:36:13.074000,3,22.194166666667115,0 days 00:00:32.857000,11396.0,115.0,2,35.0,False,0,car,2126.205,0.37160880671068464,OnTrack,7008.640125703684,14924.350884457259,1961.0085927423581
2026-09-06 14:42:48.451,0 days 02:36:13.275000,3,22.864167306666886,0 days 00:00:33.058000,11324.812432,115.8375008,2,27.4624928,False,0,pos,2132.691497579266,0.3727424883759817,OnTrack,7056.0,14967.0,1961.0
2026-09-06 14:42:48.490,0 days 02:36:13.314000,3,22.994166666666843,0 days 00:00:33.097000,11311.0,116.0,2,26.0,False,0,car,2133.9383333333335,0.3729604048735598,OnTrack,7069.210809169367,14976.616293488192,1960.9988239108159
2026-09-06 14:42:48.691,0 days 02:36:13.515000,3,24.166667786666757,0 days 00:00:33.298000,11542.868078628571,114.56428434285715,2,31.74286262857143,False,0,pos,2140.2896449452014,0.3740704593269799,OnTrack,7147.0,15027.0,1961.0
2026-09-06 14:42:48.770,0 days 02:36:13.594000,3,24.627500000000055,0 days 00:00:33.377000,11634.0,114.0,2,34.0,False,0,car,2142.8050000000003,0.374510082077546,OnTrack,7169.363190634633,15040.130172218805,1960.9960352148623
2026-09-06 14:42:48.970,0 days 02:36:13.794000,3,26.071944444444398,0 days 00:00:33.577000,11945.0,117.0,2,41.0,False,0,car,2149.3050000000003,0.3756461236368592,OnTrack,7205.469879561598,15056.859012425475,1960.98189469912
2026-09-06 14:42:49.071,0 days 02:36:13.895000,3,27.08194636444434,0 days 00:00:33.678000,11423.2708832,118.8937536,2,43.5250048,False,0,pos,2152.6640372797274,0.3762332014751749,OnTrack,7229.0,15066.0,1961.0
2026-09-06 14:42:49.191,0 days 02:36:14.015000,3,28.281946364444273,0 days 00:00:33.798000,10803.3958832,121.1437536,2,46.5250048,False,0,pos,2156.738989658804,0.3769454038220754,OnTrack,7267.0,15080.0,1961.0
2026-09-06 14:42:49.290,0 days 02:36:14.114000,3,29.271944444444216,0 days 00:00:33.897000,10292.0,123.0,3,49.0,False,0,car,2160.2383333333337,0.3775570037981654,OnTrack,7310.602847902213,15093.623312797143,1960.7588433881574
2026-09-06 14:42:49.471,0 days 02:36:14.295000,3,30.780279377777354,0 days 00:00:34.078000,11060.604386742858,131.40358034285714,3,67.1000192,False,0,pos,2166.9822742450838,0.37873568028267324,OnTrack,7404.0,15119.0,1960.0
2026-09-06 14:42:49.570,0 days 02:36:14.394000,3,31.605277777777246,0 days 00:00:34.177000,11481.0,136.0,3,77.0,False,0,car,2170.8161111111117,0.37940574151520157,OnTrack,7448.830118750076,15129.723834609167,1959.6934376103986
2026-09-06 14:42:49.930,0 days 02:36:14.754000,3,34.70527777777761,0 days 00:00:34.537000,10506.0,147.0,3,92.0,False,0,car,2185.5161111111115,0.3819749431954944,OnTrack,7577.687064747833,15153.945264590611,1959.002205987742
2026-09-06 14:42:49.931,0 days 02:36:14.755000,3,34.71139006222205,0 days 00:00:34.538000,10507.742001066666,147.05417706666665,3,92.0250048,False,0,pos,2185.559035546615,0.3819824453405163,OnTrack,7578.0,15154.0,1959.0
2026-09-06 14:42:50.170,0 days 02:36:14.994000,3,36.17194444444385,0 days 00:00:34.777000,10924.0,160.0,4,98.0,False,0,car,2196.1827777777785,0.3838392165235981,OnTrack,7648.361423113278,15166.149782302273,1958.370635940955
2026-09-06 14:42:50.271,0 days 02:36:15.095000,3,36.59277857777719,0 days 00:00:34.878000,11042.6752256,164.62917546666668,4,98.42083413333333,False,0,pos,2200.8993848078676,0.3846635644628488,OnTrack,7682.0,15172.0,1958.0
2026-09-06 14:42:50.410,0 days 02:36:15.234000,3,37.17194444444385,0 days 00:00:35.017000,11206.0,171.0,4,99.0,False,0,car,2207.5827777777786,0.3858316586430089,OnTrack,7736.167086158925,15181.547756687984,1957.362996985817
2026-09-06 14:42:50.531,0 days 02:36:15.355000,3,37.64250074666611,0 days 00:00:35.138000,11460.77262648889,174.36111644444443,4,99.0,False,0,pos,2213.544746445463,0.38687366544021073,OnTrack,7801.0,15195.0,1957.0
2026-09-06 14:42:50.711,0 days 02:36:15.535000,3,38.342500746666154,0 days 00:00:35.318000,11839.77262648889,179.36111644444443,4,99.0,False,0,pos,2222.647055136653,0.3884645271261938,OnTrack,7929.0,15226.0,1957.0
2026-09-06 14:42:50.770,0 days 02:36:15.594000,3,38.57194444444394,0 days 00:00:35.377000,11964.0,181.0,4,99.0,False,0,car,2225.6827777777785,0.3889950974466348,OnTrack,7962.475553874537,15234.948240858745,1956.8376122138193
2026-09-06 14:42:50.931,0 days 02:36:15.755000,3,39.063889475555214,0 days 00:00:35.538000,11306.582549333334,186.36667306666666,4,98.32916586666667,False,0,pos,2234.0941360086335,0.3904651978344074,OnTrack,8036.0,15257.0,1956.0
2026-09-06 14:42:51.010,0 days 02:36:15.834000,3,39.30527777777752,0 days 00:00:35.617000,10984.0,189.0,5,98.0,False,0,car,2238.2827777777784,0.3911972703154572,OnTrack,8076.796691531985,15269.877522210081,1955.5906402810176
2026-09-06 14:42:51.191,0 days 02:36:16.015000,3,39.80805608888863,0 days 00:00:35.798000,10972.436098844444,192.01666986666666,5,98.50277831111111,False,0,pos,2248.020902492829,0.39289925714408375,OnTrack,8168.0,15298.0,1955.0
2026-09-06 14:42:51.231,0 days 02:36:16.055000,3,39.91916719999974,0 days 00:00:35.838000,10969.88054328889,192.68333653333335,5,98.61388942222223,False,0,pos,2250.196297919435,0.3932794632383244,OnTrack,8183.0,15302.0,1955.0
2026-09-06 14:42:51.370,0 days 02:36:16.194000,3,40.30527777777752,0 days 00:00:35.977000,10961.0,195.0,5,99.0,False,0,car,2257.7827777777784,0.3946053949933967,OnTrack,8256.01461106398,15324.035096920841,1954.343256785017
2026-09-06 14:42:51.431,0 days 02:36:16.255000,3,40.474722755555085,0 days 00:00:36.038000,11025.4314528,196.1437536,5,99.0,False,0,pos,2261.1253461281035,0.3951895944642912,OnTrack,8291.0,15335.0,1954.0
2026-09-06 14:42:51.530,0 days 02:36:16.354000,3,40.74972222222141,0 days 00:00:36.137000,11130.0,198.0,5,99.0,False,0,car,2266.5827777777786,0.39614342048908224,OnTrack,8344.756080428651,15351.916518797272,1953.614167157396
2026-09-06 14:42:51.730,0 days 02:36:16.554000,3,41.13861111111055,0 days 00:00:36.337000,11215.0,202.0,5,99.0,False,0,car,2277.8050000000007,0.39810479138635796,OnTrack,8447.782789260975,15385.221797987924,1953.0906994050497
2026-09-06 14:42:51.751,0 days 02:36:16.575000,3,41.19111159111057,0 days 00:00:36.358000,11237.350204342858,202.30000274285715,5,99.0,False,0,pos,2278.9958483818323,0.398312922655989,OnTrack,8459.0,15389.0,1953.0
2026-09-06 14:42:51.991,0 days 02:36:16.815000,3,41.791111591110806,0 days 00:00:36.598000,11492.778775771429,205.72857417142856,5,99.0,False,0,pos,2292.7340999663297,0.4007140341563411,OnTrack,8587.0,15434.0,1952.0
2026-09-06 14:42:52.010,0 days 02:36:16.834000,3,41.83861111111082,0 days 00:00:36.617000,11513.0,206.0,5,99.0,False,0,car,2293.8272222222226,0.40090508528128027,OnTrack,8595.796811596061,15437.21945215966,1952.0387945950756
2026-09-06 14:42:52.170,0 days 02:36:16.994000,3,42.23861111111046,0 days 00:00:36.777000,11590.0,208.0,5,99.0,False,0,car,2303.071666666667,0.40252078883230347,OnTrack,8668.31731587987,15464.812143148949,1953.0271122219508
2026-09-06 14:42:52.231,0 days 02:36:17.055000,3,42.35722259555498,0 days 00:00:36.838000,11650.69519104,208.91500288,5,99.0,False,0,pos,2306.6374525124643,0.4031440012803706,OnTrack,8717.0,15484.0,1953.0
2026-09-06 14:42:52.352,0 days 02:36:17.176000,3,42.59250024888846,0 days 00:00:36.959000,11771.09012736,210.73000192,5,99.0,False,0,pos,2313.7894370282474,0.40439399384060043,OnTrack,8848.0,15536.0,1952.0
2026-09-06 14:42:52.570,0 days 02:36:17.394000,3,43.01638888888874,0 days 00:00:37.177000,11988.0,214.0,5,99.0,False,0,car,2326.849444444445,0.4066765647928679,OnTrack,8943.900492508179,15573.58611625562,1951.2637774942566
2026-09-06 14:42:52.712,0 days 02:36:17.536000,3,43.292500248888416,0 days 00:00:37.319000,11503.678134857142,216.02857325714285,5,98.49285668571429,False,0,pos,2335.424847761146,0.4081753362629671,OnTrack,8981.0,15587.0,1951.0
2026-09-06 14:42:52.850,0 days 02:36:17.674000,3,43.56083333333254,0 days 00:00:37.457000,11033.0,218.0,5,98.0,False,0,car,2343.8050000000007,0.40963998260399936,OnTrack,9049.03372298764,15611.670315404599,1950.4262538145658
2026-09-06 14:42:52.972,0 days 02:36:17.796000,3,43.730277753484344,0 days 00:00:37.579000,10771.571466051419,219.51552773303524,5,98.75776386651762,False,0,pos,2351.250335030232,0.4109412456835921,OnTrack,9123.0,15638.0,1950.0
2026-09-06 14:42:53.011,0 days 02:36:17.835000,3,43.78444444444358,0 days 00:00:37.618000,10688.0,220.0,6,99.0,False,0,car,2353.6438888888897,0.41135958055403665,OnTrack,9147.182648594307,15646.42198719647,1949.9401531702297
2026-09-06 14:42:53.191,0 days 02:36:18.015000,3,43.734444444443895,0 days 00:00:37.798000,10758.2,222.7,6,99.0,False,0,pos,2364.787813373368,0.4133072669153004,OnTrack,9257.0,15684.0,1950.0
2026-09-06 14:42:53.211,0 days 02:36:18.035000,3,43.72888888888838,0 days 00:00:37.818000,10766.0,223.0,6,99.0,False,0,car,2366.0327777777784,0.41352485634657365,OnTrack,9268.057761966615,15687.79766623122,1950.0140163319973
2026-09-06 14:42:53.391,0 days 02:36:18.215000,3,43.228888587947594,0 days 00:00:37.998000,10868.131722913136,224.69279098751056,6,99.0,False,0,pos,2377.284964852719,0.4154914643696965,OnTrack,9374.0,15724.0,1950.0
2026-09-06 14:42:53.530,0 days 02:36:18.354000,3,42.84277777777697,0 days 00:00:38.137000,10947.0,226.0,6,99.0,False,0,car,2386.0588888888897,0.41702493242251915,OnTrack,9512.351360645354,15769.822713941827,1949.4310947964868
2026-09-06 14:42:53.611,0 days 02:36:18.435000,3,42.482776924443534,0 days 00:00:38.218000,10985.07009024,226.81000192,6,99.0,False,0,pos,2391.2143953386185,0.41792598928193436,OnTrack,9589.0,15795.0,1949.0
2026-09-06 14:42:53.730,0 days 02:36:18.554000,3,41.95388888888783,0 days 00:00:38.337000,11041.0,228.0,6,99.0,False,0,car,2398.7255555555566,0.4192387569996423,OnTrack,9668.814876829767,15821.021213472955,1948.3726150068942
2026-09-06 14:42:54.010,0 days 02:36:18.834000,3,40.86499999999933,0 days 00:00:38.617000,10786.0,216.0,6,0.0,True,0,car,2415.5255555555564,0.42217498749140553,OnTrack,9754.829630591636,15845.20106008979,1946.6993204095484
2026-09-06 14:42:54.091,0 days 02:36:18.915000,3,40.4824990933327,0 days 00:00:38.698000,10997.179072,214.553568,6,0.0,True,0,pos,2420.3316809820108,0.42301498106428614,OnTrack,9791.0,15853.0,1946.0
2026-09-06 14:42:54.290,0 days 02:36:19.114000,3,39.542777777777246,0 days 00:00:38.897000,11516.0,211.0,5,0.0,True,0,car,2431.9366666666674,0.4250432496847483,OnTrack,9908.419542575135,15874.91946242781,1944.008551141545
2026-09-06 14:42:54.291,0 days 02:36:19.115000,3,39.542777777777246,0 days 00:00:38.898000,11513.956425890909,210.95680989090908,5,0.0,True,0,pos,2431.993100318383,0.42505311291147024,OnTrack,9909.0,15875.0,1944.0
2026-09-06 14:42:54.431,0 days 02:36:19.255000,3,39.542777777777246,0 days 00:00:39.038000,11227.910971345455,204.91135534545455,5,0.0,True,0,pos,2439.687425130951,0.4263978933357675,OnTrack,9986.0,15882.0,1943.0
2026-09-06 14:42:54.591,0 days 02:36:19.415000,3,39.542777777777246,0 days 00:00:39.198000,10901.001880436364,198.00226443636365,5,0.0,True,0,pos,2448.0702543790685,0.42786300755276546,OnTrack,10073.0,15882.0,1942.0
2026-09-06 14:42:54.730,0 days 02:36:19.554000,3,39.542777777777246,0 days 00:00:39.337000,10617.0,192.0,5,0.0,True,0,car,2455.403333333334,0.42914465100657634,OnTrack,10147.314392886665,15875.991019566925,1941.184677542338
2026-09-06 14:42:54.771,0 days 02:36:19.595000,3,39.542777777777246,0 days 00:00:39.378000,10591.8873824,192.0,5,0.0,True,0,pos,2457.5881459132047,0.42952650298965994,OnTrack,10169.0,15873.0,1941.0
2026-09-06 14:42:54.890,0 days 02:36:19.714000,3,39.542777777777246,0 days 00:00:39.497000,10519.0,192.0,5,0.0,False,0,car,2463.9366666666674,0.43063606966905926,OnTrack,10231.40912383786,15860.94184366029,1940.6724475652777
2026-09-06 14:42:55.130,0 days 02:36:19.954000,3,40.07611111111055,0 days 00:00:39.737000,10216.0,187.0,5,14.0,False,0,car,2476.403333333334,0.43281493912128044,OnTrack,10348.562897387048,15826.15385460617,1940.0068104468846
2026-09-06 14:42:55.131,0 days 02:36:19.955000,3,40.08055640888833,0 days 00:00:39.738000,10216.2875552,186.98999808,5,14.05251008,False,0,pos,2476.4547115504856,0.43282391878126936,OnTrack,10349.0,15826.0,1940.0
2026-09-06 14:42:55.351,0 days 02:36:20.175000,3,41.05833418666588,0 days 00:00:39.958000,10279.5375552,184.78999808,5,25.602510080000002,False,0,pos,2487.6772279256115,0.4347853410893025,OnTrack,10449.0,15779.0,1938.0
2026-09-06 14:42:55.530,0 days 02:36:20.354000,3,41.85388888888792,0 days 00:00:40.137000,10331.0,183.0,5,35.0,False,0,car,2496.7366666666676,0.43636871015297807,OnTrack,10576.275027660407,15689.395600949407,1937.0894993967481
2026-09-06 14:42:55.571,0 days 02:36:20.395000,3,42.0816677333324,0 days 00:00:40.178000,10360.631956945455,182.90681774545453,5,36.67728058181818,False,0,pos,2498.80732057399,0.43673060998277385,OnTrack,10597.0,15674.0,1937.0
2026-09-06 14:42:55.811,0 days 02:36:20.635000,3,43.41500106666593,0 days 00:00:40.418000,10534.0865024,182.3613632,5,46.4954624,False,0,pos,2510.903462007961,0.438844720656054,OnTrack,10633.0,15640.0,1937.0
2026-09-06 14:42:55.970,0 days 02:36:20.794000,3,44.29833333333272,0 days 00:00:40.577000,10649.0,182.0,5,53.0,False,0,car,2518.981111111112,0.4402564968226276,OnTrack,10675.992539614905,15588.133504271396,1936.6008563749383
2026-09-06 14:42:56.151,0 days 02:36:20.975000,3,45.354167786666125,0 days 00:00:40.758000,10714.046944,184.2625024,5,58.656256,False,0,pos,2528.2849828621083,0.4418825868182662,OnTrack,10739.0,15505.0,1936.0
2026-09-06 14:42:56.290,0 days 02:36:21.114000,3,46.16499999999951,0 days 00:00:40.897000,10764.0,186.0,5,63.0,False,0,car,2535.5144444444454,0.44314612048118823,OnTrack,10775.518591360971,15442.48459622519,1935.8101350687762
2026-09-06 14:42:56.371,0 days 02:36:21.195000,3,46.59250101333261,0 days 00:00:40.978000,10849.0502016,187.3500032,5,65.7000064,False,0,pos,2539.763122105004,0.4438886857726529,OnTrack,10794.0,15405.0,1936.0
2026-09-06 14:42:56.530,0 days 02:36:21.354000,3,47.43166666666548,0 days 00:00:41.137000,11016.0,190.0,5,71.0,False,0,car,2548.1811111111124,0.4453599450583114,OnTrack,10826.813391056583,15328.469084357579,1936.9955833450579
2026-09-06 14:42:56.531,0 days 02:36:21.355000,3,47.43694545777659,0 days 00:00:41.138000,11016.3625696,190.0125024,5,71.06751296,False,0,pos,2548.234400235208,0.4453692586982548,OnTrack,10827.0,15328.0,1937.0
2026-09-06 14:42:56.751,0 days 02:36:21.575000,3,48.59805656888806,0 days 00:00:41.358000,11096.1125696,192.7625024,5,85.91751296,False,0,pos,2560.058193960684,0.44743576963069887,OnTrack,10864.0,15216.0,1937.0
2026-09-06 14:42:56.930,0 days 02:36:21.754000,3,49.542777777777246,0 days 00:00:41.537000,11161.0,195.0,5,98.0,False,0,car,2569.847777777779,0.4491467502560219,OnTrack,10896.701371116766,15061.5555329074,1936.247490967954
2026-09-06 14:42:56.991,0 days 02:36:21.815000,3,49.8308342399993,0 days 00:00:41.598000,11254.63529472,196.5250048,5,98.30500096,False,0,pos,2573.2218451429967,0.44973645498691567,OnTrack,10906.0,15011.0,1936.0
2026-09-06 14:42:57.130,0 days 02:36:21.954000,3,50.487222222221135,0 days 00:00:41.737000,11468.0,200.0,5,99.0,False,0,car,2580.95888888889,0.45108870163946324,OnTrack,10920.769220457882,14918.020634309692,1935.5920253403747
2026-09-06 14:42:57.391,0 days 02:36:22.215000,3,51.71972312888767,0 days 00:00:41.998000,11556.9031904,201.6312512,5,99.0,False,0,pos,2595.5588864489387,0.453640425330861,OnTrack,10934.0,14789.0,1935.0
2026-09-06 14:42:57.450,0 days 02:36:22.274000,3,51.998333333332084,0 days 00:00:42.057000,11577.0,202.0,5,99.0,False,0,car,2598.914444444446,0.45422689507510444,OnTrack,10936.96320118912,14757.842575985054,1934.786423421256
2026-09-06 14:42:57.810,0 days 02:36:22.634000,3,53.398333333332175,0 days 00:00:42.417000,11813.0,210.0,5,99.0,False,0,car,2619.914444444446,0.45789718318980854,OnTrack,10955.216964676543,14555.692007217143,1933.134081969458
2026-09-06 14:42:57.851,0 days 02:36:22.675000,3,53.53500063999887,0 days 00:00:42.458000,11574.003047466667,210.68333653333335,5,99.0,False,0,pos,2622.3366981056665,0.4583205340861693,OnTrack,10957.0,14534.0,1933.0
2026-09-06 14:42:58.050,0 days 02:36:22.874000,3,54.19833333333236,0 days 00:00:42.657000,10414.0,214.0,5,99.0,False,0,car,2634.1811111111124,0.4603906487661471,OnTrack,10964.464358368974,14435.354610143073,1932.6031040376658
2026-09-06 14:42:59.152,0 days 02:36:23.976000,3,52.97388874666516,0 days 00:00:43.759000,10984.678637714285,226.7910729142857,5,99.0,False,0,pos,2703.6419087806503,0.4725307030577837,OnTrack,11008.0,13819.0,1933.0
2026-09-06 14:42:59.170,0 days 02:36:23.994000,3,52.95388888888738,0 days 00:00:43.777000,10994.0,227.0,6,99.0,False,0,car,2704.803333333335,0.4727336917593002,OnTrack,11009.716992405927,13801.020206205623,1932.9137228406753
2026-09-06 14:42:59.372,0 days 02:36:24.196000,3,51.55111096829681,0 days 00:00:43.979000,11108.149596108802,229.797784218353,6,99.0,False,0,pos,2717.8651448626165,0.4750165780265586,OnTrack,11029.0,13604.0,1932.0
2026-09-06 14:42:59.531,0 days 02:36:24.355000,3,50.44694444444349,0 days 00:00:44.138000,11198.0,232.0,6,99.0,False,0,car,2728.067777777779,0.4767997495659495,OnTrack,11035.896416872363,13533.023219878773,1932.3556222505536
2026-09-06 14:42:59.691,0 days 02:36:24.515000,3,48.802499999999064,0 days 00:00:44.298000,10983.714285714286,227.42857142857142,6,42.42857142857142,False,0,pos,2738.177041016135,0.47856660236176635,OnTrack,11041.0,13476.0,1933.0
2026-09-06 14:42:59.811,0 days 02:36:24.635000,3,47.56916666666575,0 days 00:00:44.418000,10823.0,224.0,6,0.0,True,0,car,2745.4900000000016,0.4798447293351855,OnTrack,11048.20864519638,13393.996369043074,1933.1163020840504
2026-09-06 14:42:59.991,0 days 02:36:24.815000,3,46.56916613184648,0 days 00:00:44.598000,10905.729849259418,211.96656738044828,6,0.0,True,0,pos,2755.817613150818,0.48164974437331437,OnTrack,11060.0,13253.0,1933.0
2026-09-06 14:43:00.170,0 days 02:36:24.994000,3,45.574722222221226,0 days 00:00:44.777000,10988.0,200.0,6,0.0,True,0,car,2765.434444444446,0.48333053206846266,OnTrack,11065.64912522215,13164.576946858939,1933.024166794106
2026-09-06 14:43:00.331,0 days 02:36:25.155000,3,45.08277719111026,0 days 00:00:44.938000,11659.504967466666,187.9249856,6,0.0,True,0,pos,2773.6316619977742,0.4847632058855877,OnTrack,11067.0,13098.0,1933.0
2026-09-06 14:43:00.410,0 days 02:36:25.234000,3,44.841388888888105,0 days 00:00:45.017000,11989.0,182.0,5,0.0,True,0,car,2777.567777777779,0.4854511429791805,OnTrack,11066.872282708659,13059.555999905771,1932.91725564947
2026-09-06 14:43:00.571,0 days 02:36:25.395000,3,44.57305523555502,0 days 00:00:45.178000,11746.924711314286,178.54999588571428,5,0.0,True,0,pos,2785.5030772521864,0.48683803990049174,OnTrack,11064.0,12976.0,1932.0
2026-09-06 14:43:00.690,0 days 02:36:25.514000,3,44.37472222222186,0 days 00:00:45.297000,11568.0,176.0,4,0.0,False,0,car,2791.2566666666676,0.48784362708358014,OnTrack,11058.248462654468,12918.607224883519,1929.929640292305
2026-09-06 14:43:00.751,0 days 02:36:25.575000,3,44.44250021333294,0 days 00:00:45.358000,11494.2278928,174.6656208,4,0.19062559999999998,False,0,pos,2794.159625086495,0.4883509934543312,OnTrack,11054.0,12890.0,1929.0
2026-09-06 14:43:00.931,0 days 02:36:25.755000,3,44.642500213332845,0 days 00:00:45.538000,11276.5403928,170.7281208,4,0.7531256,False,0,pos,2802.5793121685565,0.489822549522275,OnTrack,11036.0,12807.0,1928.0
2026-09-06 14:43:01.010,0 days 02:36:25.834000,3,44.730277777777246,0 days 00:00:45.617000,11181.0,169.0,4,1.0,False,0,car,2806.27888888889,0.49046914535399283,OnTrack,11025.302484468955,12771.624487423496,1927.900961622639
2026-09-06 14:43:01.170,0 days 02:36:25.994000,3,45.04138888888792,0 days 00:00:45.777000,11177.0,169.0,4,3.0,False,0,car,2813.7900000000013,0.49178190448919923,OnTrack,10998.36754039269,12702.507397148729,1928.0116498947198
2026-09-06 14:43:01.271,0 days 02:36:26.095000,3,45.71472350222122,0 days 00:00:45.878000,11164.374976,167.31666346666665,4,7.629175466666666,False,0,pos,2818.4465116792294,0.4925957492259731,OnTrack,10978.0,12662.0,1928.0
2026-09-06 14:43:01.410,0 days 02:36:26.234000,3,46.64138888888783,0 days 00:00:46.017000,11147.0,165.0,4,14.0,False,0,car,2824.7900000000013,0.4937044363588061,OnTrack,10945.329345036234,12610.131118439933,1927.8330158906535
2026-09-06 14:43:01.471,0 days 02:36:26.295000,3,47.302224302221134,0 days 00:00:46.078000,11194.136512,165.1386368,4,18.5750144,False,0,pos,2827.5831657261124,0.4941926136429464,OnTrack,10927.0,12586.0,1928.0
2026-09-06 14:43:01.691,0 days 02:36:26.515000,3,49.685557635554346,0 days 00:00:46.298000,11364.136512,165.6386368,4,35.0750144,False,0,pos,2837.7082659985917,0.4959622343662924,OnTrack,10842.0,12492.0,1930.0
2026-09-06 14:43:01.850,0 days 02:36:26.674000,3,51.408055555554256,0 days 00:00:46.457000,11487.0,166.0,4,47.0,False,0,car,2845.07888888889,0.4972504395849699,OnTrack,10789.6156948564,12445.192051865191,1930.4269213534683
2026-09-06 14:43:02.090,0 days 02:36:26.914000,3,54.20805555555398,0 days 00:00:46.697000,11744.0,169.0,4,61.0,False,0,car,2856.345555555557,0.4992195782877794,OnTrack,10716.352380219985,12395.232954622315,1929.9997951821783
2026-09-06 14:43:02.091,0 days 02:36:26.915000,3,54.21916879999843,0 days 00:00:46.698000,11741.667409371428,169.03214902857144,4,61.07858651428572,False,0,pos,2856.3934165338396,0.49922794322014846,OnTrack,10716.0,12395.0,1930.0
2026-09-06 14:43:02.251,0 days 02:36:27.075000,3,55.99694657777658,0 days 00:00:46.858000,11368.524552228571,174.17500617142858,4,73.65001508571429,False,0,pos,2864.172891263108,0.5005876057743139,OnTrack,10650.0,12353.0,1930.0
2026-09-06 14:43:02.370,0 days 02:36:27.194000,3,57.31916666666575,0 days 00:00:46.977000,11091.0,178.0,5,83.0,False,0,car,2870.190000000001,0.5016392497115473,OnTrack,10575.068762182496,12310.41983972976,1929.1028483608213
2026-09-06 14:43:02.491,0 days 02:36:27.315000,3,58.46194625777694,0 days 00:00:47.098000,11212.432335542857,184.48215314285713,5,86.88929188571429,False,0,pos,2876.560225715078,0.5027526098891677,OnTrack,10499.0,12269.0,1928.0
2026-09-06 14:43:02.650,0 days 02:36:27.474000,3,59.96361111111037,0 days 00:00:47.257000,11372.0,193.0,5,92.0,False,0,car,2885.201111111112,0.5042628260305764,OnTrack,10438.966224392234,12237.51898271246,1927.4592308697677
2026-09-06 14:43:02.810,0 days 02:36:27.634000,3,61.43027777777661,0 days 00:00:47.417000,11603.0,200.0,5,98.0,False,0,car,2894.090000000001,0.5058163871373295,OnTrack,10401.901390662577,12220.076876091627,1927.546222961123
2026-09-06 14:43:02.931,0 days 02:36:27.755000,3,62.40500154666542,0 days 00:00:47.538000,11489.9404456,205.2937584,5,98.3781256,False,0,pos,2901.1387747830668,0.5070483411520682,OnTrack,10333.0,12186.0,1927.0
2026-09-06 14:43:03.130,0 days 02:36:27.954000,3,64.00805555555417,0 days 00:00:47.737000,11304.0,214.0,5,99.0,False,0,car,2913.1122222222234,0.5091410079057811,OnTrack,10157.694085126863,12097.890889890601,1925.1298012153266
2026-09-06 14:43:03.151,0 days 02:36:27.975000,3,64.18305715555424,0 days 00:00:47.758000,11233.780608,214.3937536,5,99.0,False,0,pos,2914.3725813209044,0.5093612879543595,OnTrack,10144.0,12091.0,1925.0
2026-09-06 14:43:03.290,0 days 02:36:28.114000,3,65.3413888888881,0 days 00:00:47.897000,10769.0,217.0,6,99.0,False,0,car,2922.7566666666676,0.5108266217066081,OnTrack,10097.148175301121,12067.486548022654,1924.7726087029957
2026-09-06 14:43:03.431,0 days 02:36:28.255000,3,66.16389000888793,0 days 00:00:48.038000,10955.504799418182,222.1272797090909,6,99.0,False,0,pos,2931.5902035633117,0.5123705086343489,OnTrack,10068.0,12052.0,1925.0
2026-09-06 14:43:03.651,0 days 02:36:28.475000,3,67.44722334222102,0 days 00:00:48.258000,11246.504799418182,230.1272797090909,6,99.0,False,0,pos,2945.982565369907,0.5148859426572662,OnTrack,9946.0,11986.0,1925.0
2026-09-06 14:43:03.730,0 days 02:36:28.554000,3,67.90805555555426,0 days 00:00:48.337000,11351.0,233.0,6,99.0,False,0,car,2951.2344444444457,0.5158038431023682,OnTrack,9889.295590808586,11955.430325552134,1924.9947137722293
2026-09-06 14:43:03.931,0 days 02:36:28.755000,3,68.96888990222102,0 days 00:00:48.538000,11482.15262528,238.52750528,6,99.0,False,0,pos,2964.762667957735,0.5181682468154104,OnTrack,9740.0,11875.0,1925.0
2026-09-06 14:43:04.130,0 days 02:36:28.954000,3,70.01916666666557,0 days 00:00:48.737000,11612.0,244.0,6,99.0,False,0,car,2978.3455555555565,0.520542204477965,OnTrack,9630.326868031538,11815.316578901115,1924.9573505554713
2026-09-06 14:43:04.231,0 days 02:36:29.055000,3,70.58027884444334,0 days 00:00:48.838000,11341.263374222222,245.68333653333335,6,99.0,False,0,pos,2985.294422751833,0.5217566970818293,OnTrack,9576.0,11786.0,1925.0
2026-09-06 14:43:04.490,0 days 02:36:29.314000,3,72.01916666666557,0 days 00:00:49.097000,10647.0,250.0,7,99.0,False,0,car,3003.3455555555565,0.5249115950907078,OnTrack,9414.750746125046,11700.347482714618,1925.2203422449543
2026-09-06 14:43:04.551,0 days 02:36:29.375000,3,72.29027863111003,0 days 00:00:49.158000,10711.703775085714,251.74286262857143,7,99.0,False,0,pos,3007.6672608159615,0.5256669238265421,OnTrack,9375.0,11679.0,1925.0
2026-09-06 14:43:04.731,0 days 02:36:29.555000,3,73.09027863111008,0 days 00:00:49.338000,10902.632346514285,256.88571977142857,7,99.0,False,0,pos,3020.582119706324,0.5279241263545601,OnTrack,9258.0,11615.0,1924.0
2026-09-06 14:43:04.770,0 days 02:36:29.594000,3,73.2636111111101,0 days 00:00:49.377000,10944.0,258.0,7,99.0,False,0,car,3023.412222222223,0.5284187592892029,OnTrack,9233.307440092723,11601.197332841239,1924.0998244768214
2026-09-06 14:43:04.911,0 days 02:36:29.735000,3,73.85111191110997,0 days 00:00:49.518000,11064.7314144,261.0843792,7,99.0,False,0,pos,3033.7389305458914,0.5302236161856017,OnTrack,9145.0,11551.0,1925.0
2026-09-06 14:43:05.090,0 days 02:36:29.914000,3,74.59694444444312,0 days 00:00:49.697000,11218.0,265.0,7,99.0,False,0,car,3046.967777777779,0.5325356962220985,OnTrack,9029.871332149836,11484.437796957971,1924.1908047515267
2026-09-06 14:43:05.131,0 days 02:36:29.955000,3,74.75638963555436,0 days 00:00:49.738000,11243.1126176,265.5125024,7,99.0,False,0,pos,3049.998466875638,0.5330653868018717,OnTrack,9005.0,11470.0,1924.0
2026-09-06 14:43:05.250,0 days 02:36:30.074000,3,75.21916666666584,0 days 00:00:49.857000,11316.0,267.0,7,99.0,False,0,car,3058.834444444445,0.5346097002996137,OnTrack,8937.635356302399,11430.884958029465,1923.8101284725394
2026-09-06 14:43:05.331,0 days 02:36:30.155000,3,75.39916709333254,0 days 00:00:49.938000,11402.062704,269.2781304,7,99.0,False,0,pos,3064.94186191958,0.5356771280029718,OnTrack,8882.0,11399.0,1924.0
2026-09-06 14:43:05.570,0 days 02:36:30.394000,3,75.93027777777706,0 days 00:00:50.177000,11656.0,276.0,7,99.0,False,0,car,3083.3677777777784,0.5388975289542521,OnTrack,8644.685586947538,11265.332960081823,1925.7472437147294
2026-09-06 14:43:05.632,0 days 02:36:30.456000,3,75.99916680888799,0 days 00:00:50.239000,11495.833002666666,277.80833706666664,7,99.0,False,0,pos,3088.219870156689,0.5397455564299549,OnTrack,8596.0,11238.0,1926.0
2026-09-06 14:43:05.810,0 days 02:36:30.634000,3,76.19694444444303,0 days 00:00:50.417000,11036.0,283.0,7,99.0,False,0,car,3102.234444444445,0.5421949624033355,OnTrack,8521.654237592038,11196.216803813431,1925.6773363458697
2026-09-06 14:43:05.932,0 days 02:36:30.756000,3,76.43416691555457,0 days 00:00:50.539000,10645.5995904,283.0,7,99.0,False,0,pos,3111.8059402298986,0.5438678265567303,OnTrack,8473.0,11169.0,1925.0
2026-09-06 14:43:06.010,0 days 02:36:30.834000,3,76.58583333333263,0 days 00:00:50.617000,10396.0,283.0,8,99.0,False,0,car,3117.956666666667,0.5449428236109048,OnTrack,8425.644948795501,11142.585359317625,1924.51416947521
2026-09-06 14:43:06.152,0 days 02:36:30.976000,3,76.70416669247827,0 days 00:00:50.759000,10521.323870753797,286.03202913114023,8,99.0,False,0,pos,3129.288811880619,0.5469234063677081,OnTrack,8321.0,11084.0,1924.0
2026-09-06 14:43:06.291,0 days 02:36:31.115000,3,76.8199999999988,0 days 00:00:50.898000,10644.0,289.0,8,99.0,False,0,car,3140.514722222223,0.5488854218583521,OnTrack,8222.385940517797,11027.974554345205,1924.7571533396901
2026-09-06 14:43:06.351,0 days 02:36:31.175000,3,76.81999999999903,0 days 00:00:50.958000,10671.25,290.25,8,99.0,False,0,pos,3145.3906248985036,0.5497376107936477,OnTrack,8182.0,11005.0,1925.0
2026-09-06 14:43:06.531,0 days 02:36:31.355000,3,76.81999999999971,0 days 00:00:51.138000,10753.0,294.0,8,99.0,False,0,car,3160.1147222222226,0.5523110240987424,OnTrack,8061.971884366969,10936.554893278135,1924.8021258184344
2026-09-06 14:43:06.571,0 days 02:36:31.395000,3,76.79777777777736,0 days 00:00:51.178000,10764.0,294.6,8,99.0,False,0,pos,3163.4018629141933,0.552885536166033,OnTrack,8027.0,10916.0,1925.0
2026-09-06 14:43:06.731,0 days 02:36:31.555000,3,76.70888888888794,0 days 00:00:51.338000,10808.0,297.0,8,99.0,False,0,car,3176.614722222223,0.555194821903153,OnTrack,7848.153493996743,10808.564387053848,1927.2604146734127
2026-09-06 14:43:06.791,0 days 02:36:31.615000,3,76.62555550539803,0 days 00:00:51.398000,10833.015689037657,297.7523515500047,8,99.0,False,0,pos,3181.6052679735903,0.5560670476534926,OnTrack,7788.0,10772.0,1928.0
2026-09-06 14:43:07.050,0 days 02:36:31.874000,3,76.26583333333338,0 days 00:00:51.657000,10941.0,301.0,8,99.0,False,0,car,3203.286666666667,0.5598564276503191,OnTrack,7654.804340342133,10688.527316327236,1927.9062550341528
2026-09-06 14:43:07.210,0 days 02:36:32.034000,3,76.0436111111103,0 days 00:00:51.817000,11047.0,301.0,8,99.0,False,0,car,3216.664444444445,0.5621945371159824,OnTrack,7581.066277047383,10636.594278787803,1927.0798367798184
2026-09-06 14:43:07.251,0 days 02:36:32.075000,3,75.9638885155547,0 days 00:00:51.858000,11055.932184685715,301.43928777142855,8,99.0,False,0,pos,3220.107002334498,0.5627962123211273,OnTrack,7552.0,10616.0,1927.0
2026-09-06 14:43:07.351,0 days 02:36:32.175000,3,75.76944407111016,0 days 00:00:51.958000,11077.717898971428,302.51071634285717,8,99.0,False,0,pos,3228.537530140334,0.5642696630833389,OnTrack,7468.0,10556.0,1927.0
2026-09-06 14:43:07.490,0 days 02:36:32.314000,3,75.49916666666559,0 days 00:00:52.097000,11108.0,304.0,8,99.0,False,0,car,3240.3088888888897,0.5663270096599456,OnTrack,7361.122770912876,10475.268678698294,1927.1205462280839
2026-09-06 14:43:07.551,0 days 02:36:32.375000,3,75.34666618666587,0 days 00:00:52.158000,11130.57007104,304.61000192,8,99.0,False,0,pos,3245.487215769912,0.5672320549744917,OnTrack,7319.0,10442.0,1927.0
2026-09-06 14:43:07.690,0 days 02:36:32.514000,3,74.9991666666665,0 days 00:00:52.297000,11182.0,306.0,8,99.0,False,0,car,3257.308888888889,0.5692981952766107,OnTrack,7231.422752380123,10370.123679932449,1926.0470471307983
2026-09-06 14:43:07.771,0 days 02:36:32.595000,3,74.79666618666631,0 days 00:00:52.378000,11202.65504896,306.40500096,8,99.0,False,0,pos,3264.205075309468,0.5705034805650028,OnTrack,7173.0,10322.0,1925.0
2026-09-06 14:43:07.890,0 days 02:36:32.714000,3,74.49916666666604,0 days 00:00:52.497000,11233.0,307.0,8,99.0,False,0,car,3274.364444444445,0.5722790906501932,OnTrack,7065.539324579199,10234.904103433722,1922.752586321045
2026-09-06 14:43:08.051,0 days 02:36:32.875000,3,73.96249935999953,0 days 00:00:52.658000,11283.129605236363,308.46363810909094,8,99.0,False,0,pos,3288.2113036634155,0.574699184117687,OnTrack,6907.0,10106.0,1919.0
2026-09-06 14:43:08.330,0 days 02:36:33.154000,3,73.0324999999998,0 days 00:00:52.937000,11370.0,311.0,8,99.0,False,0,car,3312.375555555556,0.5789225063329458,OnTrack,6693.844657579552,9922.571933883944,1912.7806424263108
2026-09-06 14:43:08.551,0 days 02:36:33.375000,3,72.29583269333308,0 days 00:00:53.158000,11365.2642816,311.7892864,8,99.0,False,0,pos,3331.524610547216,0.5822692943778841,OnTrack,6581.0,9822.0,1909.0
2026-09-06 14:43:08.610,0 days 02:36:33.434000,3,72.0991666666664,0 days 00:00:53.217000,11364.0,312.0,8,99.0,False,0,car,3336.6422222222227,0.5831637281543817,OnTrack,6559.196072213674,9802.82742539567,1908.268698269382
2026-09-06 14:43:08.811,0 days 02:36:33.635000,3,71.42916602666651,0 days 00:00:53.418000,11387.4500224,312.55833386666666,8,99.0,False,0,pos,3354.102383467766,0.5862153387401119,OnTrack,6489.0,9742.0,1906.0
2026-09-06 14:43:08.970,0 days 02:36:33.794000,3,70.89916666666659,0 days 00:00:53.577000,11406.0,313.0,8,99.0,False,0,car,3367.9422222222224,0.5886342052015359,OnTrack,6393.774270314609,9659.408105311522,1903.1605571999999
2026-09-06 14:43:09.031,0 days 02:36:33.855000,3,70.71277719111106,0 days 00:00:53.638000,11410.0031376,313.1906256,8,99.0,False,0,pos,3373.258487022228,0.5895633587020159,OnTrack,6352.0,9623.0,1902.0
2026-09-06 14:43:09.191,0 days 02:36:34.015000,3,70.22388830222224,0 days 00:00:53.798000,11420.5031376,313.6906256,8,99.0,False,0,pos,3387.2175254874314,0.592003058367327,OnTrack,6240.0,9525.0,1899.0
2026-09-06 14:43:09.290,0 days 02:36:34.114000,3,69.92138888888894,0 days 00:00:53.897000,11427.0,314.0,8,99.0,False,0,car,3395.8533333333335,0.5935123870767404,OnTrack,6178.243485176092,9471.341199322245,1896.9597789228344
2026-09-06 14:43:09.531,0 days 02:36:34.355000,3,69.18499941333314,0 days 00:00:54.138000,11482.946473142858,314.0,8,99.0,False,0,pos,3416.868803888795,0.5971853790674369,OnTrack,6016.0,9331.0,1891.0
2026-09-06 14:43:09.570,0 days 02:36:34.394000,3,69.0658333333331,0 days 00:00:54.177000,11492.0,314.0,8,99.0,False,0,car,3420.275555555556,0.5977807962175444,OnTrack,5978.8716128074475,9298.65396814993,1889.8502217736457
2026-09-06 14:43:09.731,0 days 02:36:34.555000,3,68.57388830222146,0 days 00:00:54.338000,11479.9249856,314.80500096,8,99.0,False,0,pos,3434.3626770007827,0.6002428816656781,OnTrack,5812.0,9153.0,1885.0
2026-09-06 14:43:09.770,0 days 02:36:34.594000,3,68.45472222222133,0 days 00:00:54.377000,11477.0,315.0,8,99.0,False,0,car,3437.7755555555564,0.6008393696464646,OnTrack,5778.149119177011,9123.50925108976,1884.0073462642988
2026-09-06 14:43:09.930,0 days 02:36:34.754000,3,67.9658333333332,0 days 00:00:54.537000,11493.0,315.0,8,99.0,False,0,car,3451.775555555556,0.6032862283896006,OnTrack,5674.20583264024,9033.337305372823,1880.849245476297
2026-09-06 14:43:10.130,0 days 02:36:34.954000,3,67.29916666666622,0 days 00:00:54.737000,11508.0,316.0,8,99.0,False,0,car,3469.3311111111116,0.6063545115754378,OnTrack,5579.110677973844,8951.284617277735,1878.591137645051
2026-09-06 14:43:10.211,0 days 02:36:35.035000,3,67.00666597333316,0 days 00:00:54.818000,11503.9499904,316.3375008,8,99.0,False,0,pos,3476.4607253958907,0.6076005943645737,OnTrack,5527.0,8906.0,1878.0
2026-09-06 14:43:10.370,0 days 02:36:35.194000,3,66.43250000000035,0 days 00:00:54.977000,11496.0,317.0,8,99.0,False,0,car,3490.4644444444443,0.6100481031067431,OnTrack,5399.919189355343,8795.138704776933,1877.3647436228905
2026-09-06 14:43:10.531,0 days 02:36:35.355000,3,65.89583269333343,0 days 00:00:55.138000,11505.25751104,316.59749952,8,99.0,False,0,pos,3504.605464051761,0.612519608639816,OnTrack,5276.0,8687.0,1877.0
2026-09-06 14:43:10.770,0 days 02:36:35.594000,3,65.0991666666664,0 days 00:00:55.377000,11519.0,316.0,8,99.0,False,0,car,3525.575555555556,0.6161846694784178,OnTrack,5170.403205881947,8595.548434823462,1876.1891034905893
2026-09-06 14:43:10.931,0 days 02:36:35.755000,3,64.51777708444418,0 days 00:00:55.538000,11539.125024,316.5031256,8,99.0,False,0,pos,3539.737327208532,0.6186598019632306,OnTrack,5097.0,8532.0,1876.0
2026-09-06 14:43:11.090,0 days 02:36:35.914000,3,63.94361111111084,0 days 00:00:55.697000,11559.0,317.0,8,99.0,False,0,car,3553.753333333334,0.621109458186825,OnTrack,4990.858161115863,8439.65338389825,1876.407997714459
2026-09-06 14:43:11.211,0 days 02:36:36.035000,3,63.50666597333306,0 days 00:00:55.818000,11559.0,317.3781256,8,99.0,False,0,pos,3564.440439623749,0.6229773038629338,OnTrack,4904.0,8364.0,1877.0
2026-09-06 14:43:11.410,0 days 02:36:36.234000,3,62.788055555555275,0 days 00:00:56.017000,11559.0,318.0,8,99.0,False,0,car,3582.020000000001,0.6260497825062996,OnTrack,4771.932724775786,8249.081070655577,1878.6600852981576
2026-09-06 14:43:11.431,0 days 02:36:36.255000,3,62.718054915555335,0 days 00:00:56.038000,11557.9499904,317.9124992,8,99.0,False,0,pos,3583.8717458811698,0.6263734225491142,OnTrack,4758.0,8237.0,1879.0
2026-09-06 14:43:11.531,0 days 02:36:36.355000,3,62.384721582222305,0 days 00:00:56.138000,11552.9499904,317.4958325333333,8,99.0,False,0,pos,3592.680004568205,0.6279128914619839,OnTrack,4691.0,8179.0,1881.0
2026-09-06 14:43:11.650,0 days 02:36:36.474000,3,61.988055555556,0 days 00:00:56.257000,11547.0,317.0,8,99.0,False,0,car,3603.1533333333336,0.6297433740376049,OnTrack,4611.805713330842,8110.270387334763,1882.864031068276
2026-09-06 14:43:11.831,0 days 02:36:36.655000,3,61.384721582221985,0 days 00:00:56.438000,11599.49005568,317.0,8,99.0,False,0,pos,3619.089785484134,0.6325286774147303,OnTrack,4492.0,8006.0,1885.0
2026-09-06 14:43:11.850,0 days 02:36:36.674000,3,61.32138888888858,0 days 00:00:56.457000,11605.0,317.0,8,99.0,False,0,car,3620.764444444445,0.6328213669803594,OnTrack,4479.361003379719,7994.998414960341,1885.2549856308754
2026-09-06 14:43:12.072,0 days 02:36:36.896000,3,60.51972175999968,0 days 00:00:56.679000,11589.0437408,317.6937504,8,99.0,False,0,pos,3640.364531498277,0.6362469844356378,OnTrack,4315.0,7852.0,1889.0
2026-09-06 14:43:12.170,0 days 02:36:36.994000,3,60.16583333333301,0 days 00:00:56.777000,11582.0,318.0,8,99.0,False,0,car,3649.031111111112,0.6377616912998342,OnTrack,4213.741932186314,7764.02597962869,1891.4393044794904
2026-09-06 14:43:12.232,0 days 02:36:37.056000,3,59.85583269333299,0 days 00:00:56.839000,11603.921473828572,318.0,8,99.0,False,0,pos,3654.517603825922,0.6387205964904331,OnTrack,4155.0,7713.0,1893.0
2026-09-06 14:43:12.450,0 days 02:36:37.274000,3,58.76583333333292,0 days 00:00:57.057000,11681.0,318.0,8,99.0,False,0,car,3673.7644444444454,0.6420844750793746,OnTrack,4042.1715694123873,7614.970978014503,1897.341447137097
2026-09-06 14:43:12.552,0 days 02:36:37.376000,3,58.31249964816837,0 days 00:00:57.159000,11573.149542232639,316.47381427687696,8,99.0,False,0,pos,3682.6810476001265,0.643642879964414,OnTrack,3995.0,7574.0,1898.0
2026-09-06 14:43:12.772,0 days 02:36:37.596000,3,57.3347223385536,0 days 00:00:57.379000,11340.53119974566,313.1820452794197,8,99.0,False,0,pos,3701.7214947200687,0.6469706860007461,OnTrack,3850.0,7448.0,1897.0
2026-09-06 14:43:12.851,0 days 02:36:37.675000,3,56.98361111111126,0 days 00:00:57.458000,11257.0,312.0,8,99.0,False,0,car,3708.5177777777785,0.6481585106165022,OnTrack,3790.893466078792,7396.468512588275,1897.8570672182166
2026-09-06 14:43:13.091,0 days 02:36:37.915000,3,55.716944444444316,0 days 00:00:57.698000,11135.285714285714,308.57142857142856,8,99.0,False,0,pos,3729.058843860231,0.6517485882691582,OnTrack,3616.0,7244.0,1903.0
2026-09-06 14:43:13.131,0 days 02:36:37.955000,3,55.50583333333316,0 days 00:00:57.738000,11115.0,308.0,8,99.0,False,0,car,3732.4733333333343,0.6523453577992018,OnTrack,3592.730074493892,7223.881605313566,1903.405684090564
2026-09-06 14:43:13.311,0 days 02:36:38.135000,3,54.355833333332754,0 days 00:00:57.918000,11045.25,306.3125,8,99.0,False,0,pos,3747.8159018143974,0.6550268647870626,OnTrack,3500.0,7144.0,1904.0
2026-09-06 14:43:13.451,0 days 02:36:38.275000,3,53.461388888887996,0 days 00:00:58.058000,10991.0,305.0,8,99.0,False,0,car,3759.5844444444456,0.6570837191747986,OnTrack,3414.5799152102336,7069.403806558433,1905.0009715404012
2026-09-06 14:43:13.671,0 days 02:36:38.495000,3,50.52805398675147,0 days 00:00:58.278000,10649.049956394405,294.5821671302955,8,38.33144387642681,False,0,pos,3777.5691012515767,0.6602269987998579,OnTrack,3271.0,6944.0,1907.0
2026-09-06 14:43:13.810,0 days 02:36:38.634000,3,48.674722222221135,0 days 00:00:58.417000,10433.0,288.0,8,0.0,True,0,car,3788.304444444446,0.6621032751107178,OnTrack,3191.5040297330793,6876.014093523186,1907.6639150426754
2026-09-06 14:43:13.891,0 days 02:36:38.715000,3,48.02222067555445,0 days 00:00:58.498000,10386.4248896,279.2249792,8,0.0,True,0,pos,3794.2578557419993,0.6631437862882109,OnTrack,3135.0,6827.0,1908.0
2026-09-06 14:43:14.091,0 days 02:36:38.915000,3,46.41110956444329,0 days 00:00:58.698000,10271.4248896,257.5583125333333,8,0.0,True,0,pos,3808.049441825804,0.6655542193589874,OnTrack,2960.0,6672.0,1909.0
2026-09-06 14:43:14.170,0 days 02:36:38.994000,3,45.774722222221044,0 days 00:00:58.777000,10226.0,249.0,7,0.0,True,0,car,3813.204444444446,0.6664551881610097,OnTrack,2915.559355811702,6632.3304384286,1909.4051842917104
2026-09-06 14:43:14.450,0 days 02:36:39.274000,3,43.908055555554256,0 days 00:00:59.057000,11199.0,219.0,7,0.0,True,0,car,3830.2377777777792,0.6694321996318252,OnTrack,2847.34408483942,6569.322899487078,1910.0041286023948
2026-09-06 14:43:14.451,0 days 02:36:39.275000,3,43.90583290666537,0 days 00:00:59.058000,11200.696754285715,218.92141348571428,7,0.0,True,0,pos,3830.2953056479087,0.6694422541012538,OnTrack,2847.0,6569.0,1910.0
2026-09-06 14:43:14.611,0 days 02:36:39.435000,3,43.55027735111005,0 days 00:00:59.218000,11472.125325714285,206.34998491428573,7,0.0,True,0,pos,3839.202584895523,0.670999029394438,OnTrack,2779.0,6504.0,1909.0
2026-09-06 14:43:14.730,0 days 02:36:39.554000,3,43.28583333333245,0 days 00:00:59.337000,11674.0,197.0,5,0.0,True,0,car,3845.5600000000013,0.6721101505895908,OnTrack,2723.6776888070285,6446.033815642565,1908.8268531427423
2026-09-06 14:43:14.931,0 days 02:36:39.755000,3,43.118333173332346,0 days 00:00:59.538000,11799.62512,189.74165973333334,5,0.0,True,0,pos,3855.9543168791856,0.6739268238135019,OnTrack,2639.0,6340.0,1909.0
2026-09-06 14:43:15.090,0 days 02:36:39.914000,3,42.985833333332266,0 days 00:00:59.697000,11899.0,184.0,4,0.0,True,0,car,3863.9600000000014,0.6753260220805696,OnTrack,2595.9995248290716,6258.024097586859,1908.127501904627
2026-09-06 14:43:15.271,0 days 02:36:40.095000,3,43.438333813332314,0 days 00:00:59.878000,11685.82199608889,180.48055182222222,4,0.0,True,0,pos,3872.9193262949943,0.6768918939289633,OnTrack,2568.0,6179.0,1907.0
2026-09-06 14:43:15.450,0 days 02:36:40.274000,3,43.88583333333236,0 days 00:01:00.057000,11475.0,177.0,4,0.0,False,0,car,3881.660000000001,0.6784195506343916,OnTrack,2555.7089887723023,6129.711103665733,1906.9353584434114
2026-09-06 14:43:15.611,0 days 02:36:40.435000,3,44.82500111999909,0 days 00:01:00.218000,11350.895685333333,174.9874976,4,8.0500096,False,0,pos,3889.4555013337126,0.6797820142483574,OnTrack,2551.0,6082.0,1907.0
2026-09-06 14:43:15.690,0 days 02:36:40.514000,3,45.28583333333245,0 days 00:01:00.297000,11290.0,174.0,4,12.0,False,0,car,3893.260000000001,0.6804469478787043,OnTrack,2548.779068152661,6048.647768319699,1906.831540313332
2026-09-06 14:43:15.951,0 days 02:36:40.775000,3,47.75083514666589,0 days 00:01:00.558000,11376.4563136,173.1843744,4,41.3625216,False,0,pos,3905.7779831365046,0.6826347861989888,OnTrack,2544.0,5911.0,1906.0
2026-09-06 14:43:16.010,0 days 02:36:40.834000,3,48.3080555555548,0 days 00:01:00.617000,11396.0,173.0,4,48.0,False,0,car,3908.637777777779,0.683134608593387,OnTrack,2544.267644219676,5881.208366606605,1906.0022491119953
2026-09-06 14:43:16.171,0 days 02:36:40.995000,3,49.783890648888075,0 days 00:01:00.778000,11635.89028608,175.41500288,4,56.855010560000004,False,0,pos,3916.538820440274,0.6845155182590025,OnTrack,2546.0,5802.0,1906.0
2026-09-06 14:43:16.351,0 days 02:36:41.175000,3,51.433890648888,0 days 00:01:00.958000,11904.09028608,178.11500288,4,66.75501056,False,0,pos,3925.5390315594873,0.6860885357780823,OnTrack,2545.0,5712.0,1905.0
2026-09-06 14:43:16.410,0 days 02:36:41.234000,3,51.97472222222132,0 days 00:01:01.017000,11992.0,179.0,4,70.0,False,0,car,3928.526666666668,0.686610701569747,OnTrack,2544.9223839881643,5685.981144683171,1904.8899883719475
2026-09-06 14:43:16.611,0 days 02:36:41.435000,3,53.53805704888847,0 days 00:01:01.218000,11053.999104,184.0250048,4,68.3249984,False,0,pos,3938.839106582026,0.6884130646961728,OnTrack,2540.0,5582.0,1905.0
2026-09-06 14:43:16.650,0 days 02:36:41.474000,3,53.84138888888856,0 days 00:01:01.257000,10872.0,185.0,4,68.0,False,0,car,3940.860000000001,0.6887662676053669,OnTrack,2536.1080270797897,5548.839503843646,1904.8526801517444
2026-09-06 14:43:16.791,0 days 02:36:41.615000,3,55.09472392888827,0 days 00:01:01.398000,10957.30511616,187.11500288,4,65.17999616,False,0,pos,3948.213085469871,0.6900514077104368,OnTrack,2518.0,5419.0,1904.0
2026-09-06 14:43:16.850,0 days 02:36:41.674000,3,55.61916666666593,0 days 00:01:01.457000,10993.0,188.0,5,64.0,False,0,car,3951.304444444446,0.6905917019058018,OnTrack,2512.8059853339446,5386.051205513516,1903.720628999769
2026-09-06 14:43:17.090,0 days 02:36:41.914000,3,58.01916666666557,0 days 00:01:01.697000,11058.0,190.0,5,63.0,False,0,car,3963.971111111113,0.6928055264829249,OnTrack,2498.111654236045,5338.316311175328,1903.0031723058387
2026-09-06 14:43:17.091,0 days 02:36:41.915000,3,58.02916858666557,0 days 00:01:01.698000,11059.5127904,190.0250048,5,63.0062512,False,0,pos,3964.0244816975646,0.6928148543605025,OnTrack,2498.0,5338.0,1903.0
2026-09-06 14:43:17.250,0 days 02:36:42.074000,3,59.61916666666593,0 days 00:01:01.857000,11300.0,194.0,5,64.0,False,0,car,3972.593333333335,0.6943124807564753,OnTrack,2472.9941594480924,5264.449252249566,1902.4341148050437
2026-09-06 14:43:17.371,0 days 02:36:42.195000,3,60.795557422221336,0 days 00:01:01.978000,11356.970923733334,197.0250048,5,64.0,False,0,pos,3979.25894662116,0.6954774674815951,OnTrack,2447.0,5196.0,1902.0
2026-09-06 14:43:17.490,0 days 02:36:42.314000,3,61.95249999999896,0 days 00:01:02.097000,11413.0,200.0,5,64.0,False,0,car,3985.9266666666686,0.6966428224166049,OnTrack,2417.4007838483053,5130.756335716921,1901.6235677412358
2026-09-06 14:43:17.651,0 days 02:36:42.475000,3,63.56250191999913,0 days 00:01:02.258000,11473.822294755555,203.1305592888889,5,67.57778204444445,False,0,pos,3995.100378922018,0.6982461637051061,OnTrack,2373.0,5048.0,1901.0
2026-09-06 14:43:17.850,0 days 02:36:42.674000,3,65.55249999999933,0 days 00:01:02.457000,11549.0,207.0,5,72.0,False,0,car,4006.6266666666684,0.7002606778439561,OnTrack,2315.170872281624,4958.839866635008,1899.6724153645512
2026-09-06 14:43:17.991,0 days 02:36:42.815000,3,66.96250191999965,0 days 00:01:02.598000,10835.186528,210.5250048,5,92.2687776,False,0,pos,4014.8823534039025,0.7017035706492127,OnTrack,2268.0,4898.0,1899.0
2026-09-06 14:43:18.010,0 days 02:36:42.834000,3,67.15249999999969,0 days 00:01:02.617000,10739.0,211.0,5,95.0,False,0,car,4016.004444444446,0.7018996848115805,OnTrack,2261.0451316511617,4889.636400903415,1898.9575101912671
2026-09-06 14:43:18.170,0 days 02:36:42.994000,3,68.53027777777697,0 days 00:01:02.777000,10957.0,216.0,6,99.0,False,0,car,4025.6044444444465,0.7035775308068739,OnTrack,2197.3250038332244,4818.138359020908,1898.9712063501768
2026-09-06 14:43:18.211,0 days 02:36:43.035000,3,68.8036123911102,0 days 00:01:02.818000,10983.1376224,218.0500096,6,99.0,False,0,pos,4028.139852706526,0.704020658369266,OnTrack,2180.0,4800.0,1899.0
2026-09-06 14:43:18.371,0 days 02:36:43.195000,3,69.87027905777651,0 days 00:01:02.978000,11085.1376224,226.0500096,6,99.0,False,0,pos,4038.3065646934124,0.7057975518059846,OnTrack,2110.0,4730.0,1899.0
2026-09-06 14:43:18.410,0 days 02:36:43.234000,3,70.13027777777643,0 days 00:01:03.017000,11110.0,228.0,6,99.0,False,0,car,4040.8044444444467,0.7062341202994217,OnTrack,2092.8347256180537,4712.555020746862,1898.9228864312038
2026-09-06 14:43:18.650,0 days 02:36:43.474000,3,71.59694444444358,0 days 00:01:03.257000,11437.0,232.0,6,99.0,False,0,car,4056.271111111113,0.7089373166251719,OnTrack,1991.2659449575506,4601.32195647469,1898.0386884777158
2026-09-06 14:43:18.672,0 days 02:36:43.496000,3,71.71305623111019,0 days 00:01:03.279000,11445.7313008,232.4812528,6,99.0,False,0,pos,4057.7091454732827,0.7091886499788865,OnTrack,1983.0,4591.0,1898.0
2026-09-06 14:43:18.832,0 days 02:36:43.656000,3,72.55750067555417,0 days 00:01:03.439000,11509.2313008,235.9812528,6,99.0,False,0,pos,4068.293234178941,0.7110384906922843,OnTrack,1928.0,4513.0,1898.0
2026-09-06 14:43:18.970,0 days 02:36:43.794000,3,73.28583333333154,0 days 00:01:03.577000,11564.0,239.0,6,99.0,False,0,car,4077.5155555555575,0.7126503276703117,OnTrack,1882.3249776588157,4431.051372595661,1898.0757193554357
2026-09-06 14:43:19.032,0 days 02:36:43.856000,3,73.61305603538723,0 days 00:01:03.639000,11349.414015552988,239.77258680268952,6,99.0,False,0,pos,4081.6698174411026,0.7133763913857348,OnTrack,1864.0,4392.0,1898.0
2026-09-06 14:43:19.291,0 days 02:36:44.115000,3,74.97999999999774,0 days 00:01:03.898000,10453.0,243.0,7,99.0,False,0,car,4099.183055555558,0.7164372785143761,OnTrack,1807.1848562138853,4223.681836954363,1897.0015933346458
2026-09-06 14:43:19.292,0 days 02:36:44.116000,3,74.98388863999774,0 days 00:01:03.899000,10453.7155792,243.0249984,7,99.0,False,0,pos,4099.251642585325,0.7164492658553367,OnTrack,1807.0,4223.0,1897.0
2026-09-06 14:43:19.471,0 days 02:36:44.295000,3,75.67999999999779,0 days 00:01:04.078000,10581.8125,247.5,7,99.0,False,0,pos,4111.66450555981,0.718618731733656,OnTrack,1777.0,4099.0,1897.0
2026-09-06 14:43:19.611,0 days 02:36:44.435000,3,76.22444444444227,0 days 00:01:04.218000,10682.0,251.0,7,99.0,False,0,car,4121.494166666669,0.7203367168923263,OnTrack,1759.0350440387908,4009.1446383543366,1896.565415308041
2026-09-06 14:43:19.731,0 days 02:36:44.555000,3,76.69111111110897,0 days 00:01:04.338000,10683.0,253.0,7,99.0,False,0,pos,4129.966943958464,0.7218175518348315,OnTrack,1746.0,3919.0,1896.0
2026-09-06 14:43:19.851,0 days 02:36:44.675000,3,77.15777777777566,0 days 00:01:04.458000,10684.0,255.0,7,99.0,False,0,car,4138.494166666669,0.7233079025089915,OnTrack,1733.807614616527,3801.1024048095774,1895.4524636724782
2026-09-06 14:43:19.951,0 days 02:36:44.775000,3,77.51888888888705,0 days 00:01:04.558000,10797.57142857143,256.42857142857144,7,99.0,False,0,pos,4145.649975808933,0.724558563520703,OnTrack,1725.0,3704.0,1895.0
2026-09-06 14:43:20.131,0 days 02:36:44.955000,3,78.16888888888752,0 days 00:01:04.738000,11002.0,259.0,7,99.0,False,0,car,4158.638611111113,0.7268286603671704,OnTrack,1713.628469254457,3575.4358056291103,1894.1751095697748
2026-09-06 14:43:20.371,0 days 02:36:45.195000,3,78.96888927385007,0 days 00:01:04.978000,11036.887234832955,262.00752024422025,7,99.0,False,0,pos,4176.155868187865,0.7298902499124572,OnTrack,1702.0,3444.0,1893.0
2026-09-06 14:43:20.530,0 days 02:36:45.354000,3,79.49888888888745,0 days 00:01:05.137000,11060.0,264.0,7,99.0,False,0,car,4187.8986111111135,0.7319425951403249,OnTrack,1692.2030025081601,3340.562214748877,1892.1749121029986
2026-09-06 14:43:20.591,0 days 02:36:45.415000,3,79.66833386666531,0 days 00:01:05.198000,11115.408507733333,265.27083733333336,7,99.0,False,0,pos,4192.434773035187,0.7327354056734822,OnTrack,1688.0,3298.0,1892.0
2026-09-06 14:43:20.770,0 days 02:36:45.594000,3,80.16555555555442,0 days 00:01:05.377000,11278.0,269.0,7,99.0,False,0,car,4205.831944444447,0.7350769046731991,OnTrack,1674.2389509790944,3164.543212932224,1892.17636606174
2026-09-06 14:43:20.891,0 days 02:36:45.715000,3,80.5688895288867,0 days 00:01:05.498000,11380.8501632,270.5125024,7,99.0,False,0,pos,4214.9385327727805,0.7366685143354367,OnTrack,1663.0,3051.0,1892.0
2026-09-06 14:43:20.930,0 days 02:36:45.754000,3,80.69888888888636,0 days 00:01:05.537000,11414.0,271.0,7,99.0,False,0,car,4217.8763888888925,0.7371819799728497,OnTrack,1658.950920766652,3008.3285985202156,1891.779666797135
2026-09-06 14:43:21.131,0 days 02:36:45.955000,3,81.36888952888575,0 days 00:01:05.738000,11537.9501184,271.8375008,7,99.0,False,0,pos,4233.041621689907,0.7398324930064825,OnTrack,1638.0,2779.0,1890.0
2026-09-06 14:43:21.170,0 days 02:36:45.994000,3,81.49888888888563,0 days 00:01:05.777000,11562.0,272.0,7,99.0,False,0,car,4236.009722222226,0.740351244630626,OnTrack,1635.1009065948758,2746.484324051906,1889.757536480829
2026-09-06 14:43:21.490,0 days 02:36:46.314000,3,82.29888888888672,0 days 00:01:06.097000,10224.0,279.0,8,99.0,False,0,car,4260.809722222225,0.7446856801184668,OnTrack,1622.0481447800323,2594.539549700818,1889.0026109421635
2026-09-06 14:43:21.491,0 days 02:36:46.315000,3,82.29916671999783,0 days 00:01:06.098000,10224.632934,279.0171908,8,99.0,False,0,pos,4260.888457802308,0.7446994411786472,OnTrack,1622.0,2594.0,1889.0
2026-09-06 14:43:22.051,0 days 02:36:46.875000,3,82.45472227555351,0 days 00:01:06.658000,10579.007934,288.6421908,8,99.0,False,0,pos,4305.947401600749,0.7525746462207678,OnTrack,1581.0,2155.0,1886.0
2026-09-06 14:43:22.130,0 days 02:36:46.954000,3,82.47666666666464,0 days 00:01:06.737000,10629.0,290.0,8,99.0,False,0,car,4312.365277777781,0.7536963345376345,OnTrack,1575.2013277556136,2093.2283952558387,1885.3421587950718
2026-09-06 14:43:22.331,0 days 02:36:47.155000,3,82.36499989333097,0 days 00:01:06.938000,10705.810787657143,292.1535734857143,8,99.0,False,0,pos,4328.709876844161,0.756552972046822,OnTrack,1561.0,1939.0,1884.0
2026-09-06 14:43:22.410,0 days 02:36:47.234000,3,82.32111111110862,0 days 00:01:07.017000,10736.0,293.0,8,99.0,False,0,car,4335.15416666667,0.7576792768250726,OnTrack,1555.3302354325624,1874.6304759538593,1883.991048812499
2026-09-06 14:43:22.531,0 days 02:36:47.355000,3,82.22027761777522,0 days 00:01:07.138000,10776.669508977779,294.00833493333334,8,99.0,False,0,pos,4345.056048602329,0.759409884424199,OnTrack,1546.0,1768.0,1884.0
2026-09-06 14:43:22.770,0 days 02:36:47.594000,3,82.02111111110844,0 days 00:01:07.377000,10857.0,296.0,8,99.0,False,0,car,4364.75416666667,0.7628526353105604,OnTrack,1523.8752555223405,1524.8347611412855,1881.5757099756877
2026-09-06 14:43:22.831,0 days 02:36:47.655000,3,81.93638862221917,0 days 00:01:07.438000,10882.416746666666,297.0166698666667,8,99.0,False,0,pos,4369.820587327796,0.7637381221456376,OnTrack,1519.0,1473.0,1881.0
2026-09-06 14:43:23.010,0 days 02:36:47.834000,3,81.68777777777359,0 days 00:01:07.617000,10957.0,300.0,8,99.0,False,0,car,4384.754166666671,0.7663481478007549,OnTrack,1508.0914176343433,1361.6784642562309,1880.105082034729
2026-09-06 14:43:23.091,0 days 02:36:47.915000,3,81.55277745777371,0 days 00:01:07.698000,10970.77003264,300.40500096,8,99.0,False,0,pos,4391.52171913929,0.7675309510105592,OnTrack,1503.0,1308.0,1880.0
2026-09-06 14:43:23.210,0 days 02:36:48.034000,3,81.35444444444056,0 days 00:01:07.817000,10991.0,301.0,8,99.0,False,0,car,4401.476388888893,0.7692707846328339,OnTrack,1494.159683165186,1210.3147766794525,1880.0644480041
2026-09-06 14:43:23.251,0 days 02:36:48.075000,3,81.2861107911071,0 days 00:01:07.858000,10986.07997696,301.20500096,8,99.0,False,0,pos,4404.911152067701,0.7698710975124531,OnTrack,1491.0,1175.0,1880.0
2026-09-06 14:43:23.410,0 days 02:36:48.234000,3,81.02111111110662,0 days 00:01:08.017000,10967.0,302.0,8,99.0,False,0,car,4418.254166666671,0.7722031312218305,OnTrack,1478.9064534385225,1039.6491829357285,1878.9447796987645
2026-09-06 14:43:23.531,0 days 02:36:48.355000,3,80.7858329599948,0 days 00:01:08.138000,11018.929249066667,302.5041674666667,8,99.0,False,0,pos,4428.429646628548,0.7739815570868535,OnTrack,1470.0,941.0,1878.0
2026-09-06 14:43:23.650,0 days 02:36:48.474000,3,80.55444444443856,0 days 00:01:08.257000,11070.0,303.0,8,99.0,False,0,car,4438.454166666672,0.7757335988369268,OnTrack,1461.5653834714062,849.3171166610745,1877.4344239413267
2026-09-06 14:43:23.751,0 days 02:36:48.575000,3,80.386110791105,0 days 00:01:08.358000,11074.629175466667,303.42083413333336,8,99.0,False,0,pos,4446.975535990112,0.777222926482109,OnTrack,1453.0,757.0,1877.0
2026-09-06 14:43:23.890,0 days 02:36:48.714000,3,80.15444444443801,0 days 00:01:08.497000,11081.0,304.0,8,99.0,False,0,car,4458.720833333338,0.7792757181603238,OnTrack,1436.9483406431093,583.983691460219,1876.1628477285115
2026-09-06 14:43:24.071,0 days 02:36:48.895000,3,79.85277745777213,0 days 00:01:08.678000,11099.1000192,304.5656256,8,99.0,False,0,pos,4474.042169425024,0.7819535142440714,OnTrack,1417.0,369.0,1875.0
2026-09-06 14:43:24.210,0 days 02:36:49.034000,3,79.62111111110607,0 days 00:01:08.817000,11113.0,305.0,8,99.0,False,0,car,4485.831944444449,0.7840140795359204,OnTrack,1410.4040030026022,298.0033510188007,1874.37886150356
2026-09-06 14:43:24.351,0 days 02:36:49.175000,3,79.34694407110446,0 days 00:01:08.958000,11185.2625984,305.8812512,8,99.0,False,0,pos,4497.815097311028,0.7861084425617723,OnTrack,1406.0,251.0,1874.0
2026-09-06 14:43:24.370,0 days 02:36:49.194000,3,79.30999999999312,0 days 00:01:08.977000,11195.0,306.0,8,99.0,False,0,car,4499.43194444445,0.7863910280292529,OnTrack,1405.1489188404973,241.9406986257513,1873.9687509913012
2026-09-06 14:43:24.610,0 days 02:36:49.434000,3,78.77666666665937,0 days 00:01:09.217000,11233.0,307.0,8,99.0,False,0,car,4519.898611111116,0.7899681024775517,OnTrack,1388.171738708143,59.87923970833991,1873.5573699098054
2026-09-06 14:43:24.671,0 days 02:36:49.495000,3,78.64111068443711,0 days 00:01:09.278000,11234.186114844444,307.1694449777778,8,99.0,False,0,pos,4525.11127643695,0.7908791493152345,OnTrack,1381.0,-19.0,1873.0
2026-09-06 14:43:24.811,0 days 02:36:49.635000,3,78.32999957332594,0 days 00:01:09.418000,11236.908337066667,307.55833386666666,8,99.0,False,0,pos,4537.089750068017,0.7929726945247771,OnTrack,1361.0,-241.0,1871.0
2026-09-06 14:43:24.970,0 days 02:36:49.794000,3,77.97666666665918,0 days 00:01:09.577000,11240.0,308.0,8,99.0,False,0,car,4550.698611111116,0.795351191712451,OnTrack,1343.270337916327,-435.8216679976668,1869.6172088188673
2026-09-06 14:43:25.130,0 days 02:36:49.954000,3,77.66555555554896,0 days 00:01:09.737000,11240.0,308.0,8,99.0,False,0,car,4564.387500000005,0.7977436758168507,OnTrack,1332.0621264407005,-556.0423747550581,1869.31561487237
2026-09-06 14:43:25.272,0 days 02:36:50.096000,3,77.38944419554814,0 days 00:01:09.879000,11214.2624768,308.0,8,99.0,False,0,pos,4576.536226061717,0.7998669770012837,OnTrack,1325.0,-632.0,1869.0
2026-09-06 14:43:25.450,0 days 02:36:50.274000,3,77.04333333332488,0 days 00:01:10.057000,11182.0,308.0,8,99.0,False,0,car,4591.765277777784,0.8025286440256502,OnTrack,1318.9018398390497,-698.6897387060419,1868.3619809822105
2026-09-06 14:43:25.532,0 days 02:36:50.356000,3,76.906666453325,0 days 00:01:10.139000,11182.0,308.0,8,99.0,False,0,pos,4598.780868330978,0.8037547982458891,OnTrack,1314.0,-752.0,1868.0
2026-09-06 14:43:25.690,0 days 02:36:50.514000,3,76.64333333332524,0 days 00:01:10.297000,11182.0,308.0,8,99.0,False,0,car,4612.298611111117,0.8061173701822497,OnTrack,1297.4200405535228,-931.2434314599404,1867.2062375893145
2026-09-06 14:43:25.912,0 days 02:36:50.736000,3,76.33500003289045,0 days 00:01:10.519000,11182.0,308.0,8,99.0,False,0,pos,4631.291910729286,0.8094369359845154,OnTrack,1273.0,-1194.0,1866.0
2026-09-06 14:43:25.971,0 days 02:36:50.795000,3,76.25305555554769,0 days 00:01:10.578000,11182.0,308.0,8,99.0,True,0,car,4636.339722222228,0.8103191703906018,OnTrack,1270.0528052568147,-1225.315555061163,1865.6930039761155
2026-09-06 14:43:26.151,0 days 02:36:50.975000,3,76.05305555554804,0 days 00:01:10.758000,11182.0,308.0,8,101.8125,True,0,pos,4651.739959092391,0.8130107564071819,OnTrack,1265.0,-1280.0,1865.0
2026-09-06 14:43:26.291,0 days 02:36:51.115000,3,75.89749999999276,0 days 00:01:10.898000,11182.0,308.0,8,104.0,True,0,car,4663.717500000005,0.8151041385994009,OnTrack,1254.9452169765912,-1394.432836971083,1865.0518082517517
2026-09-06 14:43:26.351,0 days 02:36:51.175000,3,75.83083333332604,0 days 00:01:10.958000,11182.0,308.0,8,104.0,True,0,pos,4668.850493045121,0.816001260664465,OnTrack,1250.0,-1450.0,1865.0
2026-09-06 14:43:26.451,0 days 02:36:51.275000,3,75.71972222221484,0 days 00:01:11.058000,11182.0,308.0,8,104.0,True,0,car,4677.406388888895,0.8174966227038007,OnTrack,1241.9299719166822,-1538.7181408388142,1864.6241768748432
2026-09-06 14:43:26.731,0 days 02:36:51.555000,3,75.40861111110331,0 days 00:01:11.338000,11182.0,308.0,8,104.0,True,0,pos,4701.3718791787005,0.821685206235883,OnTrack,1220.0,-1773.0,1863.0
2026-09-06 14:43:26.811,0 days 02:36:51.635000,3,75.3197222222143,0 days 00:01:11.418000,11182.0,308.0,8,104.0,True,0,car,4708.206388888895,0.8228797119387001,OnTrack,1213.6945912567642,-1841.5466608105937,1863.0040650919489
2026-09-06 14:43:26.871,0 days 02:36:51.695000,3,75.26972218204699,0 days 00:01:11.478000,11182.0,308.0,8,104.0,True,0,pos,4713.326098003754,0.8237745122965578,OnTrack,1209.0,-1893.0,1863.0
2026-09-06 14:43:27.050,0 days 02:36:51.874000,3,75.12055555554798,0 days 00:01:11.657000,11182.0,308.0,8,104.0,True,0,car,4728.654166666672,0.826453485069647,OnTrack,1195.2495535463438,-2044.8280255176594,1862.292684754313
2026-09-06 14:43:27.091,0 days 02:36:51.915000,3,75.00666613332582,0 days 00:01:11.698000,11224.171626057143,309.0250048,8,103.26785371428572,True,0,pos,4732.207737016429,0.8270745625467654,OnTrack,1192.0,-2080.0,1862.0
2026-09-06 14:43:27.311,0 days 02:36:52.135000,3,74.39555502221502,0 days 00:01:11.918000,11450.457340342857,314.5250048,8,99.33928228571429,True,0,pos,4751.487910299038,0.8304442668728885,OnTrack,1174.0,-2270.0,1860.0
2026-09-06 14:43:27.330,0 days 02:36:52.154000,3,74.3427777777706,0 days 00:01:11.937000,11470.0,315.0,8,99.0,True,0,car,4753.154166666672,0.8307354878701351,OnTrack,1172.5247916468384,-2285.7200625221385,1859.8665090446593
2026-09-06 14:43:27.511,0 days 02:36:52.335000,3,73.8902772977708,0 days 00:01:12.118000,11493.127802311112,315.0,8,99.0,True,0,pos,4768.99537455735,0.8335041448722168,OnTrack,1158.0,-2444.0,1859.0
2026-09-06 14:43:27.690,0 days 02:36:52.514000,3,73.44277777777097,0 days 00:01:12.297000,11516.0,315.0,8,99.0,False,0,car,4784.654166666672,0.8362409200421912,OnTrack,1137.6152361534837,-2671.776494919825,1858.2283358584154
2026-09-06 14:43:27.731,0 days 02:36:52.555000,3,73.32888835554881,0 days 00:01:12.338000,11516.878575542858,315.14642925714287,8,98.85357074285714,False,0,pos,4788.24674284762,0.8368688147878154,OnTrack,1133.0,-2723.0,1858.0
2026-09-06 14:43:27.970,0 days 02:36:52.794000,3,72.6649999999936,0 days 00:01:12.577000,11522.0,316.0,8,98.0,False,0,car,4809.231944444449,0.8405365165023633,OnTrack,1110.3023681690393,-2969.0136650758977,1856.129207714116
2026-09-06 14:43:28.131,0 days 02:36:52.955000,3,72.17305496888294,0 days 00:01:12.738000,11544.1375264,316.67083413333336,8,98.0,False,0,pos,4823.407509170014,0.8430140596800518,OnTrack,1099.0,-3090.0,1855.0
2026-09-06 14:43:28.210,0 days 02:36:53.034000,3,71.93166666666093,0 days 00:01:12.817000,11555.0,317.0,8,98.0,False,0,car,4830.3652777777825,0.8442301080336686,OnTrack,1094.6150129572627,-3137.4863078140856,1854.627874876749
2026-09-06 14:43:28.370,0 days 02:36:53.194000,3,71.39833333332717,0 days 00:01:12.977000,11519.0,317.0,8,99.0,False,0,car,4844.454166666672,0.8466925023878723,OnTrack,1087.3537714280883,-3217.25199383671,1854.1844405156519
2026-09-06 14:43:28.451,0 days 02:36:53.275000,3,71.01583242666055,0 days 00:01:13.058000,11414.91475328,317.0,8,99.0,False,0,pos,4851.594744919876,0.8479405014114366,OnTrack,1083.0,-3265.0,1854.0
2026-09-06 14:43:28.570,0 days 02:36:53.394000,3,70.45388888888283,0 days 00:01:13.177000,11262.0,317.0,8,99.0,False,0,car,4862.065277777783,0.8497704953306269,OnTrack,1075.3092105244389,-3349.028286966439,1853.741039579715
2026-09-06 14:43:28.730,0 days 02:36:53.554000,3,69.60944444443794,0 days 00:01:13.337000,11320.0,314.0,8,99.0,False,0,car,4876.0208333333385,0.8522095862682291,OnTrack,1061.5336252021418,-3497.1853936595467,1853.2294685494853
2026-09-06 14:43:28.771,0 days 02:36:53.595000,3,69.39305454221576,0 days 00:01:13.378000,11295.229050666667,313.3166634666667,8,99.0,False,0,pos,4879.572093240301,0.8528302599362648,OnTrack,1057.0,-3545.0,1853.0
2026-09-06 14:43:28.970,0 days 02:36:53.794000,3,68.34277777777152,0 days 00:01:13.577000,11175.0,310.0,8,99.0,False,0,car,4896.687500000005,0.8558216158414298,OnTrack,1030.5711190728925,-3819.8813196943765,1851.4081602711997
2026-09-06 14:43:29.031,0 days 02:36:53.855000,3,67.9530543288826,0 days 00:01:13.638000,11152.124928,309.3222200888889,8,99.0,False,0,pos,4901.910579720521,0.8567344828614472,OnTrack,1024.0,-3888.0,1851.0
2026-09-06 14:43:29.330,0 days 02:36:54.154000,3,66.04277777777133,0 days 00:01:13.937000,11040.0,306.0,8,99.0,False,0,car,4927.287500000005,0.8611697499514273,OnTrack,1009.3251309456097,-4040.231956417047,1850.177901903691
2026-09-06 14:43:29.391,0 days 02:36:54.215000,3,65.70388782221586,0 days 00:01:13.998000,10978.4279312,304.4749952,8,99.0,False,0,pos,4932.384360362141,0.8620605569042586,OnTrack,1006.0,-4074.0,1850.0
2026-09-06 14:43:29.650,0 days 02:36:54.474000,3,64.26499999999396,0 days 00:01:14.257000,10717.0,298.0,8,99.0,False,0,car,4953.776388888894,0.8657993620495513,OnTrack,984.0477609207062,-4287.349901383401,1849.0215722389012
2026-09-06 14:43:29.671,0 days 02:36:54.495000,3,63.96749727999399,0 days 00:01:14.278000,10700.7248512,297.5499958857143,8,94.19995611428571,False,0,pos,4955.504106908181,0.8661013250453488,OnTrack,982.0,-4305.0,1849.0
2026-09-06 14:43:29.791,0 days 02:36:54.615000,3,62.267497279994174,0 days 00:01:14.398000,10607.7248512,294.9785673142857,8,66.77138468571428,False,0,pos,4965.364736363807,0.8678247227165149,OnTrack,970.0,-4402.0,1849.0
2026-09-06 14:43:29.930,0 days 02:36:54.754000,3,60.29833333332772,0 days 00:01:14.537000,10500.0,292.0,8,35.0,True,0,car,4976.487500000005,0.8697687106773053,OnTrack,955.9633911865365,-4516.132951117407,1848.3257630255248
2026-09-06 14:43:30.011,0 days 02:36:54.835000,3,59.30833098666146,0 days 00:01:14.618000,10213.25932032,283.08997888,8,20.8249664,True,0,pos,4982.707678249038,0.8708558462153418,OnTrack,948.0,-4579.0,1848.0
2026-09-06 14:43:30.130,0 days 02:36:54.954000,3,57.853888888884285,0 days 00:01:14.737000,9792.0,270.0,8,0.0,True,0,car,4991.487500000004,0.8723903450449509,OnTrack,936.4669130798325,-4663.194541899075,1848.0180563281504
2026-09-06 14:43:30.191,0 days 02:36:55.015000,3,57.396387448884006,0 days 00:01:14.798000,9943.7379776,264.6624832,8,0.0,True,0,pos,4995.8170344073,0.8731470421248222,OnTrack,928.0,-4715.0,1848.0
2026-09-06 14:43:30.370,0 days 02:36:55.194000,3,56.05388888888319,0 days 00:01:14.977000,10389.0,249.0,8,0.0,True,0,car,5008.087500000004,0.8752916204118123,OnTrack,889.005849680717,-4920.229740418641,1847.2750959247312
2026-09-06 14:43:30.431,0 days 02:36:55.255000,3,55.47777596443881,0 days 00:01:15.038000,10246.666218666667,247.4749952,8,0.0,True,0,pos,5012.26106081641,0.876021057109929,OnTrack,877.0,-4979.0,1847.0
2026-09-06 14:43:30.610,0 days 02:36:55.434000,3,53.78722222221677,0 days 00:01:15.217000,9829.0,243.0,7,0.0,True,0,car,5024.287500000004,0.8781229855288697,OnTrack,855.623262364961,-5070.2116420149205,1846.4449372364809
2026-09-06 14:43:30.751,0 days 02:36:55.575000,3,53.1997214222173,0 days 00:01:15.358000,10536.6447136,226.2562272,7,0.0,True,0,pos,5033.086450374163,0.8796608275755431,OnTrack,840.0,-5118.0,1846.0
2026-09-06 14:43:30.770,0 days 02:36:55.594000,3,53.12055555555071,0 days 00:01:15.377000,10632.0,224.0,6,0.0,True,0,car,5034.243055555559,0.879862973968433,OnTrack,837.2394579144498,-5126.205709199737,1845.9244563192551
2026-09-06 14:43:30.970,0 days 02:36:55.794000,3,52.509444444439396,0 days 00:01:15.577000,11472.0,214.0,6,0.0,True,0,car,5046.131944444448,0.8819408619487152,OnTrack,798.9630195869426,-5236.77200084917,1844.9075119417098
2026-09-06 14:43:31.111,0 days 02:36:55.935000,3,52.235277404439266,0 days 00:01:15.718000,11402.003476114285,208.96427885714286,6,0.0,True,0,pos,5054.217502005469,0.883354020320952,OnTrack,766.0,-5318.0,1844.0
2026-09-06 14:43:31.250,0 days 02:36:56.074000,3,51.96499999999469,0 days 00:01:15.857000,11333.0,204.0,5,0.0,True,0,car,5061.998611111115,0.8847139685242694,OnTrack,730.6787408376996,-5388.865149098508,1843.0802186672786
2026-09-06 14:43:31.271,0 days 02:36:56.095000,3,51.95916661332802,0 days 00:01:15.878000,11311.856624872727,203.61817832727272,5,0.0,True,0,pos,5063.161770313685,0.8849172604003029,OnTrack,725.0,-5399.0,1843.0
2026-09-06 14:43:31.451,0 days 02:36:56.275000,3,51.909166613328004,0 days 00:01:16.058000,11130.629352145455,200.34545105454546,5,0.0,True,0,pos,5072.9979180899345,0.8866363792706669,OnTrack,672.0,-5481.0,1843.0
2026-09-06 14:43:31.690,0 days 02:36:56.514000,3,51.842777777772426,0 days 00:01:16.297000,10890.0,196.0,5,0.0,False,0,car,5085.95416666667,0.8889008157069689,OnTrack,588.3825611973289,-5577.626441627099,1842.9992844011604
2026-09-06 14:43:31.691,0 days 02:36:56.515000,3,51.84333343999465,0 days 00:01:16.298000,10888.8247744,196.0,5,0.010001920000000001,False,0,pos,5086.008811736769,0.8889103663332218,OnTrack,588.0,-5578.0,1843.0
2026-09-06 14:43:31.872,0 days 02:36:56.696000,3,51.94388895999483,0 days 00:01:16.479000,10676.1498496,196.0,5,1.82000128,False,0,pos,5095.8832378435545,0.8906361753227104,OnTrack,515.0,-5641.0,1843.0
2026-09-06 14:43:31.890,0 days 02:36:56.714000,3,51.95388888888374,0 days 00:01:16.497000,10655.0,196.0,5,2.0,False,0,car,5096.843055555559,0.8908039280627413,OnTrack,507.49801832773176,-5646.70543052669,1842.9140256910873
2026-09-06 14:43:32.032,0 days 02:36:56.856000,3,52.782222968883524,0 days 00:01:16.639000,10563.8832512,190.8722176,5,6.7333376000000005,False,0,pos,5104.206575639205,0.8920908918839504,OnTrack,447.0,-5688.0,1842.0
2026-09-06 14:43:32.250,0 days 02:36:57.074000,3,54.05388888888319,0 days 00:01:16.857000,10424.0,183.0,5,14.0,False,0,car,5115.143055555559,0.8940023219912692,OnTrack,347.9392355929071,-5738.606153534918,1842.9927196706526
2026-09-06 14:43:32.252,0 days 02:36:57.076000,3,54.06944542936492,0 days 00:01:16.859000,10424.768731944496,183.0,5,14.199300874499047,False,0,pos,5115.243995429196,0.8940199638207219,OnTrack,347.0,-5739.0,1843.0
2026-09-06 14:43:32.492,0 days 02:36:57.316000,3,55.93611082058702,0 days 00:01:17.099000,10517.010661800545,183.0,5,38.11387528162258,False,0,pos,5127.438733713959,0.896151306820174,OnTrack,231.0,-5777.0,1843.0
2026-09-06 14:43:32.531,0 days 02:36:57.355000,3,56.23944444443805,0 days 00:01:17.138000,10532.0,183.0,5,42.0,False,0,car,5129.427222222226,0.8964988461410368,OnTrack,211.694418737647,-5781.428977032449,1842.9831609414773
2026-09-06 14:43:32.691,0 days 02:36:57.515000,3,57.483888888882575,0 days 00:01:17.298000,10631.0,184.0,5,49.0,False,0,car,5137.605000000004,0.8979281223592497,OnTrack,131.23113418339344,-5794.79164287767,1842.998475724718
2026-09-06 14:43:32.711,0 days 02:36:57.535000,3,57.66166666666038,0 days 00:01:17.318000,10648.333333333334,184.20833333333334,5,49.5,False,0,pos,5138.633822150153,0.8981079353930516,OnTrack,121.0,-5796.0,1843.0
2026-09-06 14:43:32.831,0 days 02:36:57.655000,3,58.728333333327214,0 days 00:01:17.438000,10752.333333333334,185.45833333333334,5,52.5,False,0,pos,5144.845377998454,0.8991935639456152,OnTrack,59.0,-5801.0,1843.0
2026-09-06 14:43:33.171,0 days 02:36:57.995000,3,61.75055555554991,0 days 00:01:17.778000,11047.0,189.0,5,61.0,False,0,pos,5162.805000000004,0.9023324680968945,OnTrack,-116.0,-5789.0,1843.0
2026-09-06 14:43:33.391,0 days 02:36:58.215000,3,63.46166666666113,0 days 00:01:17.998000,11337.888888888889,193.88888888888889,5,67.11111111111111,False,0,pos,5174.715518849707,0.9044141364670862,OnTrack,-231.0,-5764.0,1843.0
2026-09-06 14:43:33.531,0 days 02:36:58.355000,3,64.55055555555009,0 days 00:01:18.138000,11523.0,197.0,5,71.0,False,0,car,5182.505000000004,0.9057755478997359,OnTrack,-304.0276600630475,-5741.97382587173,1843.850016257314
2026-09-06 14:43:33.571,0 days 02:36:58.395000,3,64.93944460031939,0 days 00:01:18.178000,11548.469738810418,198.0855954247063,5,72.00208808434428,False,0,pos,5184.769833771136,0.9061713856364964,OnTrack,-324.0,-5735.0,1844.0
2026-09-06 14:43:33.731,0 days 02:36:58.555000,3,66.49500077939656,0 days 00:01:18.338000,11650.348694052087,202.42797712353155,5,76.01044042172143,False,0,pos,5194.003692092062,0.9077852389911705,OnTrack,-406.0,-5701.0,1844.0
2026-09-06 14:43:33.931,0 days 02:36:58.755000,3,68.43944600324303,0 days 00:01:18.538000,11777.697388104172,207.85595424706307,5,81.02088084344284,False,0,pos,5205.792041076679,0.9098455550468951,OnTrack,-565.0,-5618.0,1845.0
2026-09-06 14:43:34.010,0 days 02:36:58.834000,3,69.20749999999498,0 days 00:01:18.617000,11828.0,210.0,5,83.0,False,0,car,5210.44666666667,0.9106590701412449,OnTrack,-632.6451768052686,-5571.863324193195,1845.0997226846869
2026-09-06 14:43:34.111,0 days 02:36:58.935000,3,70.1894463111065,0 days 00:01:18.718000,11264.9239296,211.51500288,5,90.07001344,False,0,pos,5216.393202729054,0.9116983796952176,OnTrack,-708.0,-5515.0,1845.0
2026-09-06 14:43:34.210,0 days 02:36:59.034000,3,71.15194444444023,0 days 00:01:18.817000,10713.0,213.0,6,97.0,False,0,car,5222.280000000003,0.9127272483646099,OnTrack,-753.9801294841852,-5479.072958114443,1844.8922793253505
2026-09-06 14:43:34.451,0 days 02:36:59.275000,3,73.29416837332809,0 days 00:01:19.058000,11038.3502592,220.531256,6,98.5062512,False,0,pos,5237.101385260476,0.9153176652296081,OnTrack,-809.0,-5426.0,1845.0
2026-09-06 14:43:34.530,0 days 02:36:59.354000,3,73.9963888888833,0 days 00:01:19.137000,11145.0,223.0,6,99.0,False,0,car,5242.102222222226,0.9161916896326693,OnTrack,-839.6065122829234,-5394.580490779545,1845.35331234812
2026-09-06 14:43:34.671,0 days 02:36:59.495000,3,75.05389032888348,0 days 00:01:19.278000,11348.443134171428,228.53929325714284,6,99.0,False,0,pos,5251.196250151669,0.9177811040433465,OnTrack,-904.0,-5326.0,1846.0
2026-09-06 14:43:34.810,0 days 02:36:59.634000,3,76.09638888888367,0 days 00:01:19.417000,11549.0,234.0,6,99.0,False,0,car,5260.302222222226,0.9193726059987462,OnTrack,-961.6342937769291,-5257.580445901409,1845.998751587435
2026-09-06 14:43:34.831,0 days 02:36:59.655000,3,76.23639016888362,0 days 00:01:19.438000,11576.9127552,234.437504,6,99.0,False,0,pos,5261.684137206463,0.9196141310531354,OnTrack,-970.0,-5247.0,1846.0
2026-09-06 14:43:35.050,0 days 02:36:59.874000,3,77.69638888888312,0 days 00:01:19.657000,11868.0,239.0,6,99.0,False,0,car,5276.23555555556,0.922157364282601,OnTrack,-1053.5671816911704,-5131.206781757108,1846.4580055825224
2026-09-06 14:43:35.171,0 days 02:36:59.995000,3,78.43583450666114,0 days 00:01:19.778000,11549.942352457143,242.45714834285715,6,99.0,False,0,pos,5284.459016533563,0.9235946248106627,OnTrack,-1097.0,-5063.0,1847.0
2026-09-06 14:43:35.330,0 days 02:37:00.154000,3,79.4074999999948,0 days 00:01:19.937000,11132.0,247.0,6,99.0,False,0,car,5295.44666666667,0.925514998224571,OnTrack,-1151.1813492204435,-4968.959966537453,1847.8939103921637
2026-09-06 14:43:35.391,0 days 02:37:00.215000,3,79.72944545777263,0 days 00:01:19.998000,11107.091588266667,248.1437536,6,99.0,False,0,pos,5299.703748368653,0.9262590323376237,OnTrack,-1171.0,-4932.0,1848.0
2026-09-06 14:43:35.611,0 days 02:37:00.435000,3,80.89055656888394,0 days 00:01:20.218000,11017.258254933333,252.2687536,6,99.0,False,0,pos,5315.248372575712,0.9289758537411814,OnTrack,-1237.0,-4795.0,1848.0
2026-09-06 14:43:35.671,0 days 02:37:00.495000,3,81.20722323555066,0 days 00:01:20.278000,10992.758254933333,253.3937536,6,99.0,False,0,pos,5319.541667396345,0.9297262170246618,OnTrack,-1253.0,-4756.0,1849.0
2026-09-06 14:43:35.810,0 days 02:37:00.634000,3,81.94083333332856,0 days 00:01:20.417000,10936.0,256.0,7,99.0,False,0,car,5329.580000000004,0.9314806728745026,OnTrack,-1289.6810386881539,-4664.438391627267,1849.873224397531
2026-09-06 14:43:35.851,0 days 02:37:00.675000,3,82.10027852443963,0 days 00:01:20.458000,10970.166826666667,257.0250048,7,99.0,False,0,pos,5332.565567825861,0.9320024773557829,OnTrack,-1300.0,-4637.0,1850.0
2026-09-06 14:43:36.071,0 days 02:37:00.895000,3,82.95583407999496,0 days 00:01:20.678000,11153.50016,262.5250048,7,99.0,False,0,pos,5348.757298195612,0.9348323971430492,OnTrack,-1350.0,-4486.0,1851.0
2026-09-06 14:43:36.170,0 days 02:37:00.994000,3,83.34083333332819,0 days 00:01:20.777000,11236.0,265.0,7,99.0,False,0,car,5356.080000000004,0.9361122269240102,OnTrack,-1370.4681990115566,-4416.351485785419,1851.4025613233418
2026-09-06 14:43:36.311,0 days 02:37:01.135000,3,83.88916741332929,0 days 00:01:20.918000,11236.0,266.1750016,7,99.0,False,0,pos,5366.521014015713,0.9379370616691205,OnTrack,-1397.0,-4316.0,1852.0
2026-09-06 14:43:36.410,0 days 02:37:01.234000,3,84.2741666666634,0 days 00:01:21.017000,11236.0,267.0,7,99.0,False,0,car,5373.880000000003,0.939223233040283,OnTrack,-1413.1231401639568,-4245.242203566497,1852.5677510635305
2026-09-06 14:43:36.511,0 days 02:37:01.335000,3,84.69500079999635,0 days 00:01:21.118000,11371.508590933334,268.2625024,7,99.0,False,0,pos,5381.424373122151,0.940541805564241,OnTrack,-1428.0,-4171.0,1853.0
2026-09-06 14:43:36.650,0 days 02:37:01.474000,3,85.2741666666625,0 days 00:01:21.257000,11558.0,270.0,7,99.0,False,0,car,5391.880000000004,0.9423691942814582,OnTrack,-1446.5329481450892,-4064.7775101479333,1852.9772888295406
2026-09-06 14:43:36.691,0 days 02:37:01.515000,3,85.4336118577735,0 days 00:01:21.298000,11563.5094008,270.640628,7,99.0,False,0,pos,5394.98362765266,0.9429116327426971,OnTrack,-1451.0,-4037.0,1853.0
2026-09-06 14:43:36.931,0 days 02:37:01.755000,3,86.36694519110621,0 days 00:01:21.538000,11595.7594008,274.390628,7,99.0,False,0,pos,5413.321228549481,0.9461165983914483,OnTrack,-1468.0,-3907.0,1854.0
2026-09-06 14:43:36.970,0 days 02:37:01.794000,3,86.51861111110611,0 days 00:01:21.577000,11601.0,275.0,7,99.0,False,0,car,5416.324444444448,0.946641487325029,OnTrack,-1470.4853532376355,-3881.778836934994,1854.2097343423936
2026-09-06 14:43:37.130,0 days 02:37:01.954000,3,87.00749999999607,0 days 00:01:21.737000,11744.0,279.0,7,99.0,False,0,car,5428.724444444448,0.9488087050689494,OnTrack,-1480.7609767385477,-3761.352406834175,1854.9568697076083
2026-09-06 14:43:37.151,0 days 02:37:01.975000,3,87.06583386666256,0 days 00:01:21.758000,11655.7991936,279.5250048,7,99.0,False,0,pos,5430.366573550012,0.9490957092088999,OnTrack,-1482.0,-3745.0,1855.0
2026-09-06 14:43:37.330,0 days 02:37:02.154000,3,87.56305555554991,0 days 00:01:21.937000,10904.0,284.0,7,99.0,False,0,car,5444.502222222226,0.9515662760334361,OnTrack,-1490.9607245911484,-3604.786238398105,1854.9986742089584
2026-09-06 14:43:37.331,0 days 02:37:02.155000,3,87.5652782044388,0 days 00:01:21.938000,10902.7372576,284.0166698666667,7,99.0,False,0,pos,5444.581736729666,0.9515801732311313,OnTrack,-1491.0,-3604.0,1855.0
2026-09-06 14:43:37.570,0 days 02:37:02.394000,3,88.09638888888367,0 days 00:01:22.177000,10601.0,288.0,8,99.0,False,0,car,5463.702222222227,0.9549219680240228,OnTrack,-1496.700794477147,-3415.1884109043126,1856.1681948239302
2026-09-06 14:43:37.691,0 days 02:37:02.515000,3,88.3652782044397,0 days 00:01:22.298000,10653.63508352,289.21000192,8,99.0,False,0,pos,5473.424442981908,0.9566211752289175,OnTrack,-1498.0,-3317.0,1857.0
2026-09-06 14:43:37.770,0 days 02:37:02.594000,3,88.54083333332892,0 days 00:01:22.377000,10688.0,290.0,8,99.0,False,0,car,5479.813333333337,0.9577377975300126,OnTrack,-1498.5665163573474,-3251.493913474222,1857.531676544886
2026-09-06 14:43:37.851,0 days 02:37:02.675000,3,88.65333359999542,0 days 00:01:22.458000,10733.36010752,292.0250048,8,99.0,False,0,pos,5486.416330309474,0.9588918404501526,OnTrack,-1499.0,-3188.0,1858.0
2026-09-06 14:43:37.970,0 days 02:37:02.794000,3,88.81861111110629,0 days 00:01:22.577000,10800.0,295.0,8,99.0,False,0,car,5496.202222222226,0.9606021758205885,OnTrack,-1499.5179671290266,-3110.2390440602253,1858.4231593045577
2026-09-06 14:43:38.071,0 days 02:37:02.895000,3,88.90277793777403,0 days 00:01:22.678000,10926.8814912,297.5250048,8,99.0,False,0,pos,5504.573764545955,0.9620653173583278,OnTrack,-1499.0,-3016.0,1859.0
2026-09-06 14:43:38.130,0 days 02:37:02.954000,3,88.95194444444132,0 days 00:01:22.737000,11001.0,299.0,8,99.0,False,0,car,5509.491111111114,0.9629247496751843,OnTrack,-1497.9795380485018,-2933.252089007515,1859.6002935838242
2026-09-06 14:43:38.251,0 days 02:37:03.075000,3,88.98555560888528,0 days 00:01:22.858000,11044.1063184,300.5125024,8,99.0,False,0,pos,5519.637135098158,0.9646980273538104,OnTrack,-1495.0,-2742.0,1861.0
2026-09-06 14:43:38.450,0 days 02:37:03.274000,3,89.04083333332892,0 days 00:01:23.057000,11115.0,303.0,8,99.0,False,0,car,5536.424444444448,0.9676320398286461,OnTrack,-1491.1573143266799,-2565.3495288927825,1861.7129786637668
2026-09-06 14:43:38.610,0 days 02:37:03.434000,3,89.08527777777363,0 days 00:01:23.217000,11177.0,304.0,8,98.0,False,0,car,5549.935555555559,0.9699934527109108,OnTrack,-1487.8417036448868,-2480.1062444813997,1861.7458939083385
2026-09-06 14:43:38.672,0 days 02:37:03.496000,3,89.05083326221833,0 days 00:01:23.279000,11196.891707733334,305.03333546666664,8,98.25833386666666,False,0,pos,5555.209892972875,0.9709152783268972,OnTrack,-1486.0,-2432.0,1862.0
2026-09-06 14:43:38.850,0 days 02:37:03.674000,3,88.95194444444132,0 days 00:01:23.457000,11254.0,308.0,8,99.0,False,0,car,5570.468888888892,0.9735821788675102,OnTrack,-1479.1285252026933,-2251.807546790175,1863.4109981705433
2026-09-06 14:43:38.932,0 days 02:37:03.756000,3,88.83805545559157,0 days 00:01:23.539000,11285.807857099258,308.8754456082365,8,99.0,False,0,pos,5577.528148300217,0.9748159653397005,OnTrack,-1476.0,-2176.0,1864.0
2026-09-06 14:43:39.131,0 days 02:37:03.955000,3,88.56166666666195,0 days 00:01:23.738000,11363.0,311.0,8,99.0,False,0,car,5594.744166666671,0.9778249057012683,OnTrack,-1469.061590819296,-2039.8697265266524,1864.7862663003336
2026-09-06 14:43:39.172,0 days 02:37:03.996000,3,88.4819445688844,0 days 00:01:23.779000,11376.3249792,311.5124992,8,99.0,False,0,pos,5598.310444036074,0.9784482040556807,OnTrack,-1467.0,-2004.0,1865.0
2026-09-06 14:43:39.371,0 days 02:37:04.195000,3,88.09499999999662,0 days 00:01:23.978000,11441.0,314.0,8,99.0,False,0,car,5615.677500000003,0.9814835421076716,OnTrack,-1452.1203681074094,-1752.4473092086496,1866.6895469572632
2026-09-06 14:43:39.531,0 days 02:37:04.355000,3,87.78388888888495,0 days 00:01:24.138000,11489.0,314.0,8,99.0,False,0,pos,5629.625576649107,0.9839213259147281,OnTrack,-1439.0,-1540.0,1868.0
2026-09-06 14:43:39.571,0 days 02:37:04.395000,3,87.70611111110702,0 days 00:01:24.178000,11501.0,314.0,8,99.0,False,0,car,5633.121944444448,0.9845324057796745,OnTrack,-1436.1049496628646,-1495.0997408974902,1868.2243000820702
2026-09-06 14:43:39.891,0 days 02:37:04.715000,3,86.81722222221742,0 days 00:01:24.498000,11618.0,317.0,8,99.0,False,0,car,5661.299722222227,0.9894571944880818,OnTrack,-1417.861789189833,-1236.3486427484745,1868.9256382589747
2026-09-06 14:43:39.931,0 days 02:37:04.755000,3,86.69499999999553,0 days 00:01:24.538000,11625.0,317.4,8,99.0,False,0,pos,5664.840283742626,0.9900759983389247,OnTrack,-1416.0,-1211.0,1869.0
2026-09-06 14:43:40.091,0 days 02:37:04.915000,3,86.20611111110793,0 days 00:01:24.698000,11653.0,319.0,8,99.0,False,0,car,5679.021944444447,0.9925546069446705,OnTrack,-1409.3088123646946,-1120.20719254979,1869.3775033651216
2026-09-06 14:43:40.291,0 days 02:37:05.115000,3,85.59499999999571,0 days 00:01:24.898000,11712.0,319.0,8,99.0,False,0,pos,5696.74416666667,0.9956520194012594,OnTrack,-1400.0,-1000.0,1870.0
2026-09-06 14:43:40.518,0 days 02:37:05.342000,3,85.59499999999571,0 days 00:01:25.125000,11738.849488412552,320.6272417219728,8,99.0,False,0,interpolation,5716.969174614417,0.9991868577960408,OnTrack,-1383.8498353479986,-804.6925901837752,1870.8611988695002
