Date,SessionTime,DriverAhead,DistanceToDriverAhead,Time,RPM,Speed,nGear,Throttle,Brake,DRS,Source,Distance,RelativeDistance,Status,X,Y,Z
2026-09-06 14:38:25.313,0 days 02:31:50.137000,,48.50777777777777,0 days 00:00:00,11665.84,326.12,8,100.0,False,0,interpolation,-0.0007344966690557935,-1.2715544818769113e-07,OnTrack,-1382.1632940443023,-781.2417570824606,1871.329416482351
2026-09-06 14:38:25.489,0 days 02:31:50.313000,,48.50777777777777,0 days 00:00:00.176000,11738.0,327.0,8,100.0,False,0,car,15.993333333333329,0.0027687524720574853,OnTrack,-1364.1683671989824,-568.9546718304043,1871.9947323644215
2026-09-06 14:38:25.491,0 days 02:31:50.315000,,48.50777777777777,0 days 00:00:00.178000,11738.338910577777,327.01666773333335,8,100.0,False,0,pos,16.175719543223575,0.0028003270199630378,OnTrack,-1364.0,-567.0,1872.0
2026-09-06 14:38:25.849,0 days 02:31:50.673000,43,48.50777777777777,0 days 00:00:00.536000,11799.0,330.0,8,100.0,False,0,car,48.99333333333334,0.008481684834160261,OnTrack,-1342.7950939817274,-327.40531874464733,1872.7257464601362
2026-09-06 14:38:25.891,0 days 02:31:50.715000,43,48.484444373333325,0 days 00:00:00.578000,11804.483350044444,330.1166670222222,8,100.0,False,0,pos,52.851398070528056,0.009149589770287753,OnTrack,-1340.0,-294.0,1873.0
2026-09-06 14:38:26.011,0 days 02:31:50.835000,43,48.41777770666666,0 days 00:00:00.698000,11820.150016711112,330.4500003555556,8,100.0,False,0,pos,63.876527762557174,0.011058250988893006,OnTrack,-1331.0,-185.0,1874.0
2026-09-06 14:38:26.209,0 days 02:31:51.033000,43,48.30777777777777,0 days 00:00:00.896000,11846.0,331.0,8,100.0,False,0,car,82.09333333333333,0.014211929112511831,OnTrack,-1315.120532511571,-7.508645066844504,1874.8856638239902
2026-09-06 14:38:26.231,0 days 02:31:51.055000,43,48.289444337777766,0 days 00:00:00.918000,11852.187536,331.1375008,8,100.0,False,0,pos,84.12070457462758,0.014562905923856872,OnTrack,-1313.0,16.0,1875.0
2026-09-06 14:38:26.369,0 days 02:31:51.193000,43,48.17444444444442,0 days 00:00:01.056000,11891.0,332.0,8,100.0,False,0,car,96.8488888888889,0.016766398532334217,OnTrack,-1297.4226156180068,190.37577109448566,1875.984205471607
2026-09-06 14:38:26.511,0 days 02:31:51.335000,43,47.97722204444443,0 days 00:00:01.198000,11878.3777664,332.0,8,100.0,False,0,pos,109.95103347871301,0.01903463083052076,OnTrack,-1282.0,365.0,1877.0
2026-09-06 14:38:26.729,0 days 02:31:51.553000,43,47.67444444444445,0 days 00:00:01.416000,11859.0,332.0,8,100.0,False,0,car,130.04888888888888,0.02251395472693458,OnTrack,-1268.8985955680978,517.3530821536449,1877.611277818828
2026-09-06 14:38:26.891,0 days 02:31:51.715000,43,47.494444302222206,0 days 00:00:01.578000,11844.8249888,331.59499968,8,100.0,False,0,pos,144.946678842461,0.02509304764661857,OnTrack,-1260.0,622.0,1878.0
2026-09-06 14:38:27.091,0 days 02:31:51.915000,43,47.27222207999996,0 days 00:00:01.778000,11827.3249888,331.09499968,8,100.0,False,0,pos,163.32834928214666,0.028275267038266702,OnTrack,-1244.0,806.0,1879.0
2026-09-06 14:38:27.129,0 days 02:31:51.953000,43,47.22999999999996,0 days 00:00:01.816000,11824.0,331.0,8,100.0,False,0,car,166.82666666666668,0.028880892813991886,OnTrack,-1240.8636456704814,841.2333140976765,1879.2372117942784
2026-09-06 14:38:27.251,0 days 02:31:52.075000,43,47.06055537777773,0 days 00:00:01.938000,11829.49000576,331.30500032,8,100.0,False,0,pos,178.071470271897,0.030827583796470985,OnTrack,-1231.0,952.0,1880.0
2026-09-06 14:38:27.511,0 days 02:31:52.335000,43,46.69944426666661,0 days 00:00:02.198000,11841.19000576,331.95500032,8,100.0,False,0,pos,202.05787304298468,0.03498008975530064,OnTrack,-1211.0,1191.0,1881.0
2026-09-06 14:38:27.529,0 days 02:31:52.353000,43,46.67444444444439,0 days 00:00:02.216000,11842.0,332.0,8,100.0,False,0,car,203.71555555555557,0.03526706636354785,OnTrack,-1209.5853236277655,1207.5392982647352,1881.077056987761
2026-09-06 14:38:27.711,0 days 02:31:52.535000,43,46.421666488888874,0 days 00:00:02.398000,11830.299991771428,331.3499995428571,8,100.0,False,0,pos,220.45281588011312,0.03816460685327826,OnTrack,-1195.0,1375.0,1882.0
2026-09-06 14:38:27.809,0 days 02:31:52.633000,43,46.28555555555556,0 days 00:00:02.496000,11824.0,331.0,8,100.0,False,0,car,229.45999999999998,0.039723923024487955,OnTrack,-1187.2191743703545,1466.7036428636773,1882.5515750855266
2026-09-06 14:38:27.891,0 days 02:31:52.715000,43,46.14888867555554,0 days 00:00:02.578000,11832.8833472,331.0,8,100.0,False,0,pos,236.9985486810645,0.041028990258528575,OnTrack,-1181.0,1540.0,1883.0
2026-09-06 14:38:28.049,0 days 02:31:52.873000,43,45.8855555555555,0 days 00:00:02.736000,11850.0,331.0,8,100.0,False,0,car,251.52666666666667,0.04354408587672234,OnTrack,-1169.350039447156,1673.3958909270755,1883.7762115499925
2026-09-06 14:38:28.091,0 days 02:31:52.915000,43,45.815555342222176,0 days 00:00:02.778000,11840.2874704,331.0,8,100.0,False,0,pos,255.3884258591598,0.04421263039385694,OnTrack,-1165.0,1723.0,1884.0
2026-09-06 14:38:28.209,0 days 02:31:53.033000,43,45.618888888888875,0 days 00:00:02.896000,11813.0,331.0,8,100.0,False,0,car,266.23777777777775,0.046090861111545256,OnTrack,-1148.7585850403655,1908.780580042669,1884.6989791257406
2026-09-06 14:38:28.271,0 days 02:31:53.095000,43,45.51555534222219,0 days 00:00:02.958000,11812.6124992,331.0,8,100.0,False,0,pos,271.93831413175235,0.04707773319087752,OnTrack,-1141.0,1998.0,1885.0
2026-09-06 14:38:28.529,0 days 02:31:53.353000,43,45.08555555555546,0 days 00:00:03.216000,11811.0,331.0,8,100.0,False,0,car,295.66,0.0511844115811911,OnTrack,-1127.845053902992,2154.6014936068286,1885.3950136038272
2026-09-06 14:38:28.650,0 days 02:31:53.474000,43,44.850277902222125,0 days 00:00:03.337000,11813.474998690908,331.0,8,100.0,False,0,pos,306.785280993634,0.05311041090925226,OnTrack,-1121.0,2236.0,1886.0
2026-09-06 14:38:28.870,0 days 02:31:53.694000,43,44.42249962666657,0 days 00:00:03.557000,11817.975003927273,331.0,8,100.0,False,0,pos,327.0130738892937,0.05661222947432885,OnTrack,-1099.0,2492.0,1888.0
2026-09-06 14:38:28.969,0 days 02:31:53.793000,43,44.229999999999905,0 days 00:00:03.656000,11820.0,331.0,8,100.0,False,0,car,336.1155555555556,0.05818804347695414,OnTrack,-1090.8791344254112,2587.200685221811,1888.0294626944626
2026-09-06 14:38:29.050,0 days 02:31:53.874000,43,44.072500124444346,0 days 00:00:03.737000,11820.184090763636,331.0,8,100.0,False,0,pos,343.5630518695259,0.05947734780146088,OnTrack,-1085.0,2656.0,1888.0
2026-09-06 14:38:29.351,0 days 02:31:54.175000,43,43.48722197333324,0 days 00:00:04.038000,11820.86818210909,331.0,8,100.0,False,0,pos,371.2383545372829,0.06426847302090385,OnTrack,-1061.0,2931.0,1890.0
2026-09-06 14:38:29.409,0 days 02:31:54.233000,43,43.37444444444435,0 days 00:00:04.096000,11821.0,331.0,8,100.0,False,0,car,376.5711111111111,0.06519167537271717,OnTrack,-1054.2210333799778,3008.444252275519,1890.3540806515764
2026-09-06 14:38:29.551,0 days 02:31:54.375000,43,43.098333084444356,0 days 00:00:04.238000,11808.7722112,331.0,8,100.0,False,0,pos,389.62719173601533,0.06745193311587591,OnTrack,-1037.0,3206.0,1891.0
2026-09-06 14:38:29.769,0 days 02:31:54.593000,43,42.67444444444436,0 days 00:00:04.456000,11790.0,331.0,8,100.0,False,0,car,409.67111111111114,0.07092191965106874,OnTrack,-1023.7133784808781,3364.2214470863,1891.5051496834046
2026-09-06 14:38:29.911,0 days 02:31:54.735000,43,42.35888853257399,0 days 00:00:04.598000,11799.09609568025,331.0,8,100.0,False,0,pos,422.72747485400885,0.07318222640737738,OnTrack,-1017.0,3444.0,1892.0
2026-09-06 14:38:30.050,0 days 02:31:54.874000,43,42.049999999999955,0 days 00:00:04.737000,11808.0,331.0,8,100.0,False,0,car,435.5075,0.07539469365722648,OnTrack,-1007.92767535421,3547.2703094704984,1892.8767443847612
2026-09-06 14:38:30.211,0 days 02:31:55.035000,43,41.69222189136221,0 days 00:00:04.898000,11805.979077629034,331.0,8,100.0,False,0,pos,450.3093006434679,0.07795716898793745,OnTrack,-993.0,3718.0,1894.0
2026-09-06 14:38:30.289,0 days 02:31:55.113000,43,41.51888888888885,0 days 00:00:04.976000,11805.0,331.0,8,100.0,False,0,car,457.4822222222222,0.07919893916424323,OnTrack,-983.4784402309173,3829.2321147856296,1894.4197108911394
2026-09-06 14:38:30.411,0 days 02:31:55.235000,43,41.28166641777775,0 days 00:00:05.098000,11801.078567314285,331.0,8,100.0,False,0,pos,468.70576048543955,0.08114194870852302,OnTrack,-968.0,4011.0,1895.0
2026-09-06 14:38:30.569,0 days 02:31:55.393000,43,40.97444444444443,0 days 00:00:05.256000,11796.0,331.0,8,100.0,False,0,car,483.2266666666667,0.08365579582518334,OnTrack,-953.0475334142805,4185.082964570713,1895.8376942508214
2026-09-06 14:38:30.769,0 days 02:31:55.593000,43,40.585555555555516,0 days 00:00:05.456000,11802.0,330.0,8,100.0,False,0,car,501.56000000000006,0.08682964713746266,OnTrack,-940.3485191778194,4331.601130356084,1896.8458960969099
2026-09-06 14:38:30.811,0 days 02:31:55.635000,43,40.49222193777776,0 days 00:00:05.498000,11801.15999744,330.21000064,8,100.0,False,0,pos,505.41698633994355,0.08749736538236119,OnTrack,-938.0,4359.0,1897.0
2026-09-06 14:38:30.969,0 days 02:31:55.793000,43,40.14111111111117,0 days 00:00:05.656000,11798.0,331.0,8,100.0,False,0,car,519.9488888888889,0.0900131161809913,OnTrack,-930.0503936609011,4452.9046870128495,1897.3913309720576
2026-09-06 14:38:31.131,0 days 02:31:55.955000,43,39.78111082666667,0 days 00:00:05.818000,11819.600017066667,331.0,8,100.0,False,0,pos,534.8444792442783,0.09259182830808012,OnTrack,-921.0,4560.0,1898.0
2026-09-06 14:38:31.209,0 days 02:31:56.033000,43,39.607777777777756,0 days 00:00:05.896000,11830.0,331.0,8,100.0,False,0,car,542.0155555555556,0.09383327903322569,OnTrack,-915.4472720496614,4625.03569051417,1898.559100409591
2026-09-06 14:38:31.411,0 days 02:31:56.235000,43,39.15888860444435,0 days 00:00:06.098000,11814.0083232,331.0,8,100.0,False,0,pos,560.5883027356787,0.09704857747014925,OnTrack,-899.0,4816.0,1900.0
2026-09-06 14:38:31.449,0 days 02:31:56.273000,43,39.07444444444434,0 days 00:00:06.136000,11811.0,331.0,8,100.0,False,0,car,564.0822222222223,0.09765344188546007,OnTrack,-895.9852772458509,4850.703604278762,1900.0532674797678
2026-09-06 14:38:31.611,0 days 02:31:56.435000,43,38.71444415999987,0 days 00:00:06.298000,11809.264284342857,331.0,8,100.0,False,0,pos,578.9772629862007,0.10023205886774408,OnTrack,-883.0,5000.0,1900.0
2026-09-06 14:38:31.729,0 days 02:31:56.553000,43,38.452222222222076,0 days 00:00:06.416000,11808.0,331.0,8,100.0,False,0,car,589.8266666666668,0.1021102985464002,OnTrack,-872.1690506558807,5126.287216491177,1900.8772033633068
2026-09-06 14:38:31.851,0 days 02:31:56.675000,43,38.181110826666554,0 days 00:00:06.538000,11814.535721142856,331.0,8,100.0,False,0,pos,601.0438986343731,0.10405221635008274,OnTrack,-861.0,5256.0,1902.0
2026-09-06 14:38:32.009,0 days 02:31:56.833000,43,37.82999999999993,0 days 00:00:06.696000,11823.0,331.0,8,100.0,False,0,car,615.5711111111112,0.10656715520734031,OnTrack,-848.7621937067967,5393.972086288737,1902.617817385562
2026-09-06 14:38:32.169,0 days 02:31:56.993000,43,37.25222222222203,0 days 00:00:06.856000,11817.0,331.0,8,100.0,False,0,car,630.2822222222223,0.10911393044216322,OnTrack,-837.9245575151208,5514.963820462287,1902.722152095442
2026-09-06 14:38:32.251,0 days 02:31:57.075000,43,36.8877772088887,0 days 00:00:06.938000,11820.5875056,331.0,8,100.0,False,0,pos,637.8217790675566,0.11041917220875787,OnTrack,-832.0,5585.0,1903.0
2026-09-06 14:38:32.329,0 days 02:31:57.153000,43,36.54111111111092,0 days 00:00:07.016000,11824.0,331.0,8,100.0,False,0,car,644.9933333333335,0.11166070567698615,OnTrack,-826.0904965584691,5657.313543489303,1903.4234045856817
2026-09-06 14:38:32.411,0 days 02:31:57.235000,43,36.062777031110926,0 days 00:00:07.098000,11827.8071488,331.0,8,100.0,False,0,pos,652.532202308386,0.11296582836005371,OnTrack,-820.0,5732.0,1904.0
2026-09-06 14:38:32.609,0 days 02:31:57.433000,43,34.907777777777596,0 days 00:00:07.296000,11837.0,331.0,8,100.0,False,0,car,670.7377777777779,0.11611756233792625,OnTrack,-805.7573140284786,5897.265689054876,1905.687369779715
2026-09-06 14:38:32.651,0 days 02:31:57.475000,43,34.627776924444255,0 days 00:00:07.338000,11834.8999936,331.0,8,95.7999872,False,0,pos,674.6011413318538,0.1167863846007944,OnTrack,-801.0,5952.0,1906.0
2026-09-06 14:38:32.809,0 days 02:31:57.633000,43,33.574444444444225,0 days 00:00:07.496000,11827.0,331.0,8,80.0,False,0,car,689.1266666666668,0.11930103138145491,OnTrack,-777.5673520767717,6223.067442408153,1906.8980701560877
2026-09-06 14:38:32.831,0 days 02:31:57.655000,43,33.43388807111091,0 days 00:00:07.518000,11801.8373536,330.7249984,8,68.999936,False,0,pos,691.145221487328,0.1196504819014438,OnTrack,-775.0,6253.0,1907.0
2026-09-06 14:38:32.969,0 days 02:31:57.793000,43,32.5522222222221,0 days 00:00:07.656000,11644.0,329.0,8,0.0,False,0,car,703.7488888888889,0.12183241824627888,OnTrack,-766.651540378131,6352.60197014175,1907.5431898962925
2026-09-06 14:38:33.111,0 days 02:31:57.935000,43,31.723888142222112,0 days 00:00:07.798000,11386.0331008,323.6749952,8,0.0,False,0,pos,716.486547120293,0.12403755097135746,OnTrack,-763.0,6398.0,1908.0
2026-09-06 14:38:33.209,0 days 02:31:58.033000,43,31.15222222222212,0 days 00:00:07.896000,11208.0,320.0,8,0.0,True,0,car,725.0822222222223,0.1255256270460221,OnTrack,-757.9102998172264,6457.395303482806,1908.298086473094
2026-09-06 14:38:33.369,0 days 02:31:58.193000,43,30.752222222222144,0 days 00:00:08.056000,10942.0,305.0,8,0.0,True,0,car,738.6377777777778,0.12787235347085893,OnTrack,-746.7497164899523,6587.4907281205715,1908.8229131485814
2026-09-06 14:38:33.411,0 days 02:31:58.235000,43,30.635555199999903,0 days 00:00:08.098000,10798.5433128,301.1937384,8,0.0,True,0,pos,742.0352345494032,0.12846051834175176,OnTrack,-744.0,6621.0,1909.0
2026-09-06 14:38:33.611,0 days 02:31:58.435000,43,30.07999964444426,0 days 00:00:08.298000,10115.4183128,283.0687384,8,0.0,True,0,pos,757.3271700665285,0.13110784541129641,OnTrack,-731.0,6785.0,1910.0
2026-09-06 14:38:33.689,0 days 02:31:58.513000,43,29.863333333333117,0 days 00:00:08.376000,9849.0,276.0,8,0.0,True,0,car,763.1711111111111,0.1321195435905636,OnTrack,-723.9638769482666,6869.169340571434,1910.3387742956336
2026-09-06 14:38:33.849,0 days 02:31:58.673000,43,29.285555555555334,0 days 00:00:08.536000,10365.0,267.0,8,0.0,True,0,car,775.0377777777778,0.13417389098542076,OnTrack,-708.5151042344454,7049.2028836294285,1910.9227862749726
2026-09-06 14:38:33.871,0 days 02:31:58.695000,43,29.114443448888668,0 days 00:00:08.558000,10377.9250752,265.23998976,8,0.0,True,0,pos,776.6146093085537,0.1344468707394133,OnTrack,-707.0,7067.0,1911.0
2026-09-06 14:38:34.171,0 days 02:31:58.995000,43,26.781110115555354,0 days 00:00:08.858000,10554.1750752,241.23998976,8,0.0,True,0,pos,796.4598407093481,0.13788246057889866,OnTrack,-697.0,7190.0,1912.0
2026-09-06 14:38:34.249,0 days 02:31:59.073000,43,26.174444444444248,0 days 00:00:08.936000,10600.0,235.0,8,0.0,True,0,car,801.1488888888889,0.13869422467260645,OnTrack,-692.6578477505868,7242.833236085981,1912.236126569496
2026-09-06 14:38:34.511,0 days 02:31:59.335000,43,23.62722097777762,0 days 00:00:09.198000,11237.732129745455,209.99089687272726,8,0.0,True,0,pos,815.5527744086668,0.14118781327036287,OnTrack,-674.0,7467.0,1913.0
2026-09-06 14:38:34.689,0 days 02:31:59.513000,43,21.896666666666533,0 days 00:00:09.376000,11671.0,193.0,5,0.0,True,0,car,824.7377777777778,0.1427779133610725,OnTrack,-668.2366209905957,7535.562780677876,1913.5754980208603
2026-09-06 14:38:34.831,0 days 02:31:59.655000,43,20.51610986666651,0 days 00:00:09.518000,11421.9081088,185.3083264,5,0.0,True,0,pos,831.9641628048151,0.1440289390847688,OnTrack,-665.0,7573.0,1914.0
2026-09-06 14:38:34.929,0 days 02:31:59.753000,43,19.563333333333162,0 days 00:00:09.616000,11250.0,180.0,4,0.0,True,0,car,836.7377777777778,0.14485534331092806,OnTrack,-662.0254985491347,7607.012631229929,1914.2438523603514
2026-09-06 14:38:35.131,0 days 02:31:59.955000,43,18.104443519999815,0 days 00:00:09.818000,11924.1754272,162.3249888,4,0.0,True,0,pos,845.7455611369876,0.14641476322194746,OnTrack,-652.0,7719.0,1915.0
2026-09-06 14:38:35.169,0 days 02:31:59.993000,43,17.829999999999814,0 days 00:00:09.856000,12051.0,159.0,4,0.0,True,0,car,847.3377777777778,0.14669040643330047,OnTrack,-649.0667969362241,7751.2032454426935,1915.2686572715127
2026-09-06 14:38:35.270,0 days 02:32:00.094000,43,17.156665386666518,0 days 00:00:09.957000,11497.462836622222,153.10832213333333,4,0.0,True,0,pos,851.4299070439649,0.14739883242465524,OnTrack,-641.0,7839.0,1916.0
2026-09-06 14:38:35.529,0 days 02:32:00.353000,43,15.42999999999995,0 days 00:00:10.216000,10078.0,138.0,3,0.0,True,0,car,861.1377777777777,0.14907945087563435,OnTrack,-633.9378993738626,7905.366334290137,1915.936719835198
2026-09-06 14:38:35.630,0 days 02:32:00.454000,43,14.868887822222128,0 days 00:00:10.317000,9777.01942784,131.43498752,3,0.0,True,0,pos,864.7109927267728,0.14969804285499383,OnTrack,-631.0,7923.0,1916.0
2026-09-06 14:38:35.729,0 days 02:32:00.553000,43,14.31888888888875,0 days 00:00:10.416000,9482.0,125.0,3,0.0,True,0,car,868.0822222222222,0.15028166728180076,OnTrack,-626.1502100477774,7954.176682304727,1916.3953018270813
2026-09-06 14:38:35.831,0 days 02:32:00.655000,43,13.80888824888878,0 days 00:00:10.518000,9967.4568592,120.8562448,3,0.0,True,0,pos,871.3980782137228,0.15085570549398006,OnTrack,-620.0,7991.0,1917.0
2026-09-06 14:38:36.011,0 days 02:32:00.835000,43,12.90888824888883,0 days 00:00:10.698000,10824.1443592,113.5437448,3,0.0,True,0,pos,876.9112366437763,0.15181013886405437,OnTrack,-608.0,8045.0,1918.0
2026-09-06 14:38:36.049,0 days 02:32:00.873000,43,12.718888888888841,0 days 00:00:10.736000,11005.0,112.0,2,0.0,True,0,car,878.0377777777777,0.15200516472168094,OnTrack,-604.9223560670622,8055.944438407537,1918.0838213083157
2026-09-06 14:38:36.211,0 days 02:32:01.035000,43,12.0888883911111,0 days 00:00:10.898000,10833.549864533334,105.24999466666667,2,0.0,True,0,pos,882.6998319126155,0.15281225562897763,OnTrack,-590.0,8101.0,1918.0
2026-09-06 14:38:36.289,0 days 02:32:01.113000,43,11.785555555555561,0 days 00:00:10.976000,10751.0,102.0,1,0.0,True,0,car,884.8377777777777,0.15318237502659907,OnTrack,-582.6414953699872,8120.077239899006,1917.9319154001462
2026-09-06 14:38:36.530,0 days 02:32:01.354000,43,11.25,0 days 00:00:11.217000,10118.0,92.0,1,0.0,True,0,car,890.9966666666666,0.15424859671289992,OnTrack,-557.1287703387974,8171.783373413046,1917.997611525149
2026-09-06 14:38:36.531,0 days 02:32:01.355000,43,11.248055182222222,0 days 00:00:11.218000,10114.95441536,91.9749952,1,0.0,True,0,pos,891.0213732902927,0.15425287390288994,OnTrack,-557.0,8172.0,1918.0
2026-09-06 14:38:36.730,0 days 02:32:01.554000,43,10.861111111111086,0 days 00:00:11.417000,9509.0,87.0,1,0.0,False,0,car,895.8299999999999,0.15508533933159174,OnTrack,-527.5675072665591,8215.57516109057,1918.7874110907567
2026-09-06 14:38:36.811,0 days 02:32:01.635000,43,10.771110921878252,0 days 00:00:11.498000,9288.367736939183,85.30543576758205,1,0.0,False,0,pos,897.7173097099429,0.15541206880793249,OnTrack,-515.0,8231.0,1919.0
2026-09-06 14:38:36.969,0 days 02:32:01.793000,43,10.59555555555562,0 days 00:00:11.656000,8858.0,82.0,1,0.0,True,0,car,901.2738888888888,0.15602778081671373,OnTrack,-491.16296179929464,8254.541629470003,1918.9364890381346
2026-09-06 14:38:37.131,0 days 02:32:01.955000,43,10.59555555555562,0 days 00:00:11.818000,8715.513523781818,79.42272523636363,1,0.0,True,0,pos,904.7411320360386,0.15662802704649045,OnTrack,-465.0,8273.0,1919.0
2026-09-06 14:38:37.331,0 days 02:32:02.155000,43,10.59555555555562,0 days 00:00:12.018000,8539.604432872728,76.24090705454546,1,0.0,True,0,pos,908.842949194991,0.15733813019772702,OnTrack,-427.0,8292.0,1920.0
2026-09-06 14:38:37.409,0 days 02:32:02.233000,43,10.59555555555562,0 days 00:00:12.096000,8471.0,75.0,1,0.0,False,0,car,910.4405555555554,0.1576147064728534,OnTrack,-411.21453089450915,8297.402467629116,1920.101451161816
2026-09-06 14:38:37.531,0 days 02:32:02.355000,43,10.73111125333339,0 days 00:00:12.218000,8628.583498666667,74.49166613333334,1,3.5583370666666667,False,0,pos,912.9423193364419,0.15804780972334315,OnTrack,-386.0,8304.0,1920.0
2026-09-06 14:38:37.649,0 days 02:32:02.473000,43,10.862222222222272,0 days 00:00:12.336000,8781.0,74.0,1,7.0,False,0,car,915.3738888888888,0.158468761007794,OnTrack,-361.5590739537199,8309.312344017884,1919.9770114920686
2026-09-06 14:38:37.791,0 days 02:32:02.615000,43,11.020000142222317,0 days 00:00:12.478000,8741.23996416,74.71000064,1,7.71000064,False,0,pos,918.326166944897,0.15897985691228175,OnTrack,-332.0,8315.0,1920.0
2026-09-06 14:38:37.849,0 days 02:32:02.673000,43,11.084444444444557,0 days 00:00:12.536000,8725.0,75.0,1,8.0,False,0,car,919.5405555555554,0.15919009085149385,OnTrack,-319.84404447270566,8317.340359572057,1920.0026408200674
2026-09-06 14:38:38.031,0 days 02:32:02.855000,43,11.135000035555656,0 days 00:00:12.718000,8733.19000576,75.91000064,1,8.91000064,False,0,pos,923.3812963243665,0.1598549966767238,OnTrack,-282.0,8326.0,1920.0
2026-09-06 14:38:38.049,0 days 02:32:02.873000,43,11.1400000000001,0 days 00:00:12.736000,8734.0,76.0,1,9.0,False,0,car,923.7627777777777,0.15992103842644304,OnTrack,-278.36850611174566,8327.140272040848,1920.0009969766295
2026-09-06 14:38:38.091,0 days 02:32:02.915000,43,11.081666488888988,0 days 00:00:12.778000,8678.3498304,76.0,1,7.9499968,False,0,pos,924.6537668930071,0.1600752857158574,OnTrack,-270.0,8330.0,1920.0
2026-09-06 14:38:38.331,0 days 02:32:03.155000,43,10.748333155555656,0 days 00:00:13.018000,8360.3498304,76.0,1,1.9499968000000003,False,0,pos,929.7437391923751,0.16095645745741094,OnTrack,-226.0,8351.0,1920.0
2026-09-06 14:38:38.409,0 days 02:32:03.233000,43,10.6400000000001,0 days 00:00:13.096000,8257.0,76.0,1,0.0,False,0,car,931.3627777777778,0.16123674406135155,OnTrack,-213.36010927703217,8359.919893006858,1920.317873244691
2026-09-06 14:38:38.551,0 days 02:32:03.375000,43,10.600555520000109,0 days 00:00:13.238000,8153.69490688,74.57999872,1,0.0,False,0,pos,934.2476608348504,0.16173617260006767,OnTrack,-193.0,8379.0,1921.0
2026-09-06 14:38:38.809,0 days 02:32:03.633000,43,10.528888888889014,0 days 00:00:13.496000,7966.0,72.0,1,0.0,False,0,car,939.3627777777778,0.16262169736125526,OnTrack,-166.70250267229218,8422.833443351647,1920.9501129865398
2026-09-06 14:38:38.831,0 days 02:32:03.655000,43,10.535000035555687,0 days 00:00:13.518000,7937.5373344,71.8624992,1,0.0,False,0,pos,939.798412023829,0.1626971139970827,OnTrack,-165.0,8427.0,1921.0
2026-09-06 14:38:38.969,0 days 02:32:03.793000,43,10.573333333333494,0 days 00:00:13.656000,7759.0,71.0,1,0.0,False,0,car,942.5183333333333,0.16316798449621728,OnTrack,-156.07263321417616,8454.354657390886,1921.6956779231714
2026-09-06 14:38:39.051,0 days 02:32:03.875000,43,10.687222400000135,0 days 00:00:13.738000,7816.4000896,70.17999872,1,6.1500096,False,0,pos,944.1025400439663,0.16344224103516988,OnTrack,-152.0,8470.0,1922.0
2026-09-06 14:38:39.169,0 days 02:32:03.993000,43,10.851111111111209,0 days 00:00:13.856000,7899.0,69.0,1,15.0,False,0,car,946.3516666666667,0.16383160795242113,OnTrack,-147.55200105192512,8490.442148116364,1921.9237792500542
2026-09-06 14:38:39.251,0 days 02:32:04.075000,43,11.056111431111216,0 days 00:00:13.938000,8220.5088352,69.0,1,18.7583392,False,0,pos,947.9085866276021,0.16410114063211909,OnTrack,-145.0,8509.0,1922.0
2026-09-06 14:38:39.409,0 days 02:32:04.233000,43,11.451111111111231,0 days 00:00:14.096000,8840.0,69.0,1,26.0,False,0,car,950.9516666666667,0.16462795609986577,OnTrack,-141.0278183090844,8560.35853089344,1922.9897080102182
2026-09-06 14:38:39.411,0 days 02:32:04.235000,43,11.455000248889009,0 days 00:00:14.098000,8842.062632,69.0500032,1,26.0375024,False,0,pos,950.9912576552465,0.1646348100586508,OnTrack,-141.0,8561.0,1923.0
2026-09-06 14:38:39.569,0 days 02:32:04.393000,43,11.762222222222363,0 days 00:00:14.256000,9005.0,73.0,1,29.0,False,0,car,954.1961111111111,0.16518963160482672,OnTrack,-141.07134614560542,8606.20070709243,1923.3174478750618
2026-09-06 14:38:39.769,0 days 02:32:04.593000,43,12.373333333333449,0 days 00:00:14.456000,9462.0,75.0,1,37.0,False,0,car,958.3627777777778,0.16591096144852654,OnTrack,-145.48861684565443,8647.911604345247,1922.9249172902394
2026-09-06 14:38:39.851,0 days 02:32:04.675000,43,12.760556160000132,0 days 00:00:14.538000,9514.7875824,75.5125008,1,39.562504,False,0,pos,960.0723931628097,0.1662069286321598,OnTrack,-147.0,8660.0,1923.0
2026-09-06 14:38:39.929,0 days 02:32:04.753000,43,13.128888888889037,0 days 00:00:14.616000,9565.0,76.0,1,42.0,False,0,car,961.7405555555555,0.16649571950848588,OnTrack,-148.18215157198503,8668.792822364529,1923.2260099610783
2026-09-06 14:38:40.131,0 days 02:32:04.955000,43,14.363334115555729,0 days 00:00:14.818000,9956.094692266666,81.61111466666667,1,50.416672,False,0,pos,966.4440390066736,0.16730998262431943,OnTrack,-152.0,8691.0,1924.0
2026-09-06 14:38:40.289,0 days 02:32:05.113000,43,15.328888888889082,0 days 00:00:14.976000,10262.0,86.0,1,57.0,False,0,car,970.3405555555555,0.16798454430588236,OnTrack,-158.8766437164149,8726.756328709642,1923.9830276199011
2026-09-06 14:38:40.331,0 days 02:32:05.155000,43,15.65555655111131,0 days 00:00:15.018000,10196.6373008,86.9187528,1,58.0500032,False,0,pos,971.3882259820389,0.16816591613267856,OnTrack,-161.0,8737.0,1924.0
2026-09-06 14:38:40.609,0 days 02:32:05.433000,43,17.81777777777802,0 days 00:00:15.296000,9764.0,93.0,1,65.0,False,0,car,978.6072222222222,0.16941566271578284,OnTrack,-176.9042991669361,8803.27603951199,1924.8308220344513
2026-09-06 14:38:40.691,0 days 02:32:05.515000,43,18.318889671111286,0 days 00:00:15.378000,9880.8501824,98.6375088,1,67.0500032,False,0,pos,980.9357521949563,0.1698187758744907,OnTrack,-183.0,8827.0,1925.0
2026-09-06 14:38:40.769,0 days 02:32:05.593000,43,18.795555555555666,0 days 00:00:15.456000,9992.0,104.0,2,69.0,False,0,car,983.2294444444444,0.17021585795572722,OnTrack,-189.58252216225867,8852.459091282903,1925.0531488788668
2026-09-06 14:38:40.911,0 days 02:32:05.735000,43,19.93944547555567,0 days 00:00:15.598000,10544.9129984,108.8812544,2,72.1062528,False,0,pos,987.5636478834924,0.17096619162514765,OnTrack,-202.0,8900.0,1925.0
2026-09-06 14:38:41.089,0 days 02:32:05.913000,43,21.37333333333345,0 days 00:00:15.776000,11238.0,115.0,2,76.0,False,0,car,993.4516666666667,0.1719855205056042,OnTrack,-214.3360624422091,8945.924120603564,1924.9907615903517
2026-09-06 14:38:41.171,0 days 02:32:05.995000,43,22.14777898666679,0 days 00:00:15.858000,11334.90207433846,118.46923618461538,2,77.57692553846154,False,0,pos,996.4095982791123,0.17249759514904747,OnTrack,-220.0,8967.0,1925.0
2026-09-06 14:38:42.050,0 days 02:32:06.874000,43,30.449443840000193,0 days 00:00:16.737000,12373.6431936,155.6576896,2,94.480768,False,0,pos,1035.6528090250774,0.17929134692672755,OnTrack,-303.0,9291.0,1926.0
2026-09-06 14:38:42.129,0 days 02:32:06.953000,43,31.195555555555757,0 days 00:00:16.816000,12467.0,159.0,3,96.0,False,0,car,1039.385,0.1799374607025513,OnTrack,-310.8844287720582,9323.135390219719,1926.3142535216027
2026-09-06 14:38:42.290,0 days 02:32:07.114000,43,32.49249948444454,0 days 00:00:16.977000,11958.508535466666,167.72082986666666,3,98.68333226666667,False,0,pos,1047.0090921797644,0.18125733715544312,OnTrack,-328.0,9396.0,1927.0
2026-09-06 14:38:42.369,0 days 02:32:07.193000,43,33.12888888888892,0 days 00:00:17.056000,11709.0,172.0,3,100.0,False,0,car,1050.8516666666667,0.18192256043241326,OnTrack,-337.8117050289352,9440.814726127694,1927.2816184692235
2026-09-06 14:38:42.611,0 days 02:32:07.435000,43,35.07833436444439,0 days 00:00:17.298000,11864.955638044445,182.08333866666666,3,100.0,False,0,pos,1063.2633538015891,0.18407126131427365,OnTrack,-368.0,9588.0,1928.0
2026-09-06 14:38:42.729,0 days 02:32:07.553000,43,36.02888888888879,0 days 00:00:17.416000,11941.0,187.0,4,100.0,False,0,car,1069.5516666666667,0.18515988877093817,OnTrack,-376.9985197167859,9636.981263978274,1928.3729651676065
2026-09-06 14:38:42.889,0 days 02:32:07.713000,43,37.273333333333085,0 days 00:00:17.576000,11770.0,196.0,4,100.0,False,0,car,1078.262777777778,0.18666794903083334,OnTrack,-385.65750109418116,9693.521706596357,1928.920362653276
2026-09-06 14:38:42.911,0 days 02:32:07.735000,43,37.432223174835265,0 days 00:00:17.598000,11739.34607660429,196.67036412992604,4,100.0,False,0,pos,1079.4826978271246,0.1868791405680785,OnTrack,-387.0,9703.0,1929.0
2026-09-06 14:38:43.250,0 days 02:32:08.074000,43,39.880555555555475,0 days 00:00:17.937000,11267.0,207.0,5,100.0,False,0,car,1099.020277777778,0.19026147004617722,OnTrack,-409.9458682977419,9891.414749215804,1929.999904198895
2026-09-06 14:38:43.251,0 days 02:32:08.075000,43,39.88639000888881,0 days 00:00:17.938000,11268.694769777778,207.04167466666667,5,100.0,False,0,pos,1099.0800047844946,0.19027180993555792,OnTrack,-410.0,9892.0,1930.0
2026-09-06 14:38:43.311,0 days 02:32:08.135000,43,40.23639000888879,0 days 00:00:17.998000,11370.361436444444,209.54167466666667,5,100.0,False,0,pos,1102.6854782469538,0.19089598648175146,OnTrack,-413.0,9927.0,1930.0
2026-09-06 14:38:43.511,0 days 02:32:08.335000,43,41.40305667555541,0 days 00:00:18.198000,11709.250325333333,217.875008,5,100.0,False,0,pos,1115.0050330922686,0.1930287374987969,OnTrack,-420.0,10046.0,1931.0
2026-09-06 14:38:43.610,0 days 02:32:08.434000,43,41.980555555555384,0 days 00:00:18.297000,11877.0,222.0,5,100.0,False,0,car,1121.220277777778,0.19410471545341,OnTrack,-422.53911628182266,10110.739290149384,1931.392300774875
2026-09-06 14:38:43.769,0 days 02:32:08.593000,43,42.731388888889114,0 days 00:00:18.456000,12023.0,229.0,5,100.0,False,0,car,1131.3344444444444,0.19585567151600697,OnTrack,-425.4350905484374,10221.041873868646,1931.7767625923475
2026-09-06 14:38:43.831,0 days 02:32:08.655000,43,43.058611786666866,0 days 00:00:18.518000,11731.377969371428,230.10714514285715,5,100.0,False,0,pos,1135.3193996005073,0.19654554361517665,OnTrack,-426.0,10263.0,1932.0
2026-09-06 14:38:44.049,0 days 02:32:08.873000,43,44.20916666666676,0 days 00:00:18.736000,10706.0,234.0,5,100.0,False,0,car,1149.5344444444445,0.1990064402732879,OnTrack,-425.97957939847817,10404.135379279294,1932.966600674923
2026-09-06 14:38:44.071,0 days 02:32:08.895000,43,44.31305616000008,0 days 00:00:18.758000,10741.2002048,234.8250048,5,100.0,False,0,pos,1150.9902720495309,0.1992584719290073,OnTrack,-426.0,10418.0,1933.0
2026-09-06 14:38:44.171,0 days 02:32:08.995000,43,44.78527838222225,0 days 00:00:18.858000,10901.2002048,238.5750048,5,100.0,False,0,pos,1157.6548885456687,0.20041224475512215,OnTrack,-426.0,10484.0,1933.0
2026-09-06 14:38:44.209,0 days 02:32:09.033000,43,44.964722222222235,0 days 00:00:18.896000,10962.0,240.0,6,100.0,False,0,car,1160.2011111111112,0.2008530446731595,OnTrack,-425.49071310470066,10515.071376047808,1933.0453783149255
2026-09-06 14:38:44.449,0 days 02:32:09.273000,43,46.098055555555675,0 days 00:00:19.136000,11218.0,244.0,6,100.0,False,0,car,1176.4677777777779,0.2036691163829637,OnTrack,-417.0666862332699,10752.441782597876,1933.9918546285294
2026-09-06 14:38:44.451,0 days 02:32:09.275000,43,46.10527824000012,0 days 00:00:19.138000,11220.07013248,244.0500032,6,100.0,False,0,pos,1176.6054938991108,0.20369295768254994,OnTrack,-417.0,10754.0,1934.0
2026-09-06 14:38:44.831,0 days 02:32:09.655000,43,47.477500462222025,0 days 00:00:19.518000,11613.37013248,253.5500032,6,100.0,False,0,pos,1203.4031561660029,0.20833214653082963,OnTrack,-405.0,10935.0,1935.0
2026-09-06 14:38:44.849,0 days 02:32:09.673000,43,47.54249999999979,0 days 00:00:19.536000,11632.0,254.0,6,100.0,False,0,car,1204.6900000000003,0.20855492385762403,OnTrack,-404.0039034299511,10946.338367215929,1935.0030228524952
2026-09-06 14:38:44.991,0 days 02:32:09.815000,43,48.055278239999865,0 days 00:00:19.678000,11217.83296,256.958336,6,100.0,False,0,pos,1214.875835978788,0.21031828725151153,OnTrack,-395.0,11048.0,1935.0
2026-09-06 14:38:45.089,0 days 02:32:09.913000,43,48.40916666666658,0 days 00:00:19.776000,10932.0,259.0,6,100.0,False,0,car,1221.956666666667,0.2115441147299162,OnTrack,-389.58264963501057,11110.729131948752,1935.2801916866188
2026-09-06 14:38:45.271,0 days 02:32:10.095000,43,49.01583375999998,0 days 00:00:19.958000,10603.48976896,262.64000256,6,100.0,False,0,pos,1235.2439862909682,0.2138444043749851,OnTrack,-374.0,11249.0,1936.0
2026-09-06 14:38:45.289,0 days 02:32:10.113000,43,49.07583333333332,0 days 00:00:19.976000,10571.0,263.0,7,100.0,False,0,car,1236.567777777778,0.2140735780484903,OnTrack,-371.23076784724185,11269.00077633908,1936.0293305108437
2026-09-06 14:38:45.471,0 days 02:32:10.295000,43,49.63194483555552,0 days 00:00:20.158000,10665.64006656,266.64000256,7,100.0,False,0,pos,1250.0555665328563,0.21640857274158398,OnTrack,-337.0,11497.0,1936.0
2026-09-06 14:38:45.489,0 days 02:32:10.313000,43,49.68694444444441,0 days 00:00:20.176000,10675.0,267.0,7,100.0,False,0,car,1251.4011111111113,0.21664151229206174,OnTrack,-334.3432918963062,11513.860113818135,1935.993221147585
2026-09-06 14:38:45.831,0 days 02:32:10.655000,43,50.44694472888897,0 days 00:00:20.518000,10885.187578666666,271.98750186666666,7,100.0,False,0,pos,1277.3582291313792,0.2211351868243317,OnTrack,-305.0,11658.0,1936.0
2026-09-06 14:38:45.969,0 days 02:32:10.793000,43,50.75361111111124,0 days 00:00:20.656000,10970.0,274.0,7,100.0,False,0,car,1287.9344444444446,0.22296613236162197,OnTrack,-281.62127815844474,11756.065784731372,1936.00130230858
2026-09-06 14:38:46.071,0 days 02:32:10.895000,43,50.98027806222234,0 days 00:00:20.758000,11007.400046933333,274.85000106666666,7,100.0,False,0,pos,1295.7645836809857,0.2243216795084161,OnTrack,-262.0,11835.0,1936.0
2026-09-06 14:38:46.329,0 days 02:32:11.153000,43,51.553611111111195,0 days 00:00:21.016000,11102.0,277.0,7,100.0,False,0,car,1315.6344444444446,0.22776153316253855,OnTrack,-204.6939183093217,12023.078049244636,1936.000078301439
2026-09-06 14:38:46.331,0 days 02:32:11.155000,43,51.55750024888897,0 days 00:00:21.018000,11102.78004992,277.02000128,7,100.0,False,0,pos,1315.7889810497488,0.22778828641022256,OnTrack,-204.0,12025.0,1936.0
2026-09-06 14:38:46.529,0 days 02:32:11.353000,43,51.94249999999988,0 days 00:00:21.216000,11180.0,279.0,7,100.0,False,0,car,1331.1344444444449,0.230444880181102,OnTrack,-115.33442737331265,12254.06692638588,1935.9901157144175
2026-09-06 14:38:46.591,0 days 02:32:11.415000,43,52.06305580444433,0 days 00:00:21.278000,11203.250048,279.7750016,7,100.0,False,0,pos,1335.9659337483802,0.23128130356296886,OnTrack,-91.0,12314.0,1936.0
2026-09-06 14:38:46.689,0 days 02:32:11.513000,43,52.25361111111101,0 days 00:00:21.376000,11240.0,281.0,7,100.0,False,0,car,1343.6233333333337,0.23260694616595168,OnTrack,-62.52355991814554,12381.382794387298,1936.0362165820532
2026-09-06 14:38:46.849,0 days 02:32:11.673000,43,52.520277777777665,0 days 00:00:21.536000,11297.0,282.0,7,100.0,False,0,car,1356.156666666667,0.2347767063358008,OnTrack,-37.2223356892358,12431.642521158257,1936.1135459346503
2026-09-06 14:38:46.971,0 days 02:32:11.795000,43,52.689722399999994,0 days 00:00:21.658000,11322.271455085714,282.87142948571426,7,100.0,False,0,pos,1365.7569904939892,0.2364387063564001,OnTrack,-9.0,12484.0,1936.0
2026-09-06 14:38:47.129,0 days 02:32:11.953000,43,52.909166666666806,0 days 00:00:21.816000,11355.0,284.0,7,100.0,False,0,car,1378.2455555555557,0.2386007162805349,OnTrack,47.58435283735847,12590.172843898936,1935.6452944102075
2026-09-06 14:38:47.211,0 days 02:32:12.035000,43,53.00027792000006,0 days 00:00:21.898000,11375.500032,284.6833344,7,100.0,False,0,pos,1384.7486410377694,0.23972652499280336,OnTrack,81.0,12649.0,1936.0
2026-09-06 14:38:47.311,0 days 02:32:12.135000,43,53.11138903111107,0 days 00:00:21.998000,11400.500032,285.51666773333335,7,100.0,False,0,pos,1392.6969757340346,0.2411025340385948,OnTrack,122.0,12716.0,1937.0
2026-09-06 14:38:47.369,0 days 02:32:12.193000,43,53.17583333333323,0 days 00:00:22.056000,11415.0,286.0,7,100.0,False,0,car,1397.3122222222225,0.2419015216453054,OnTrack,144.38520798384423,12751.928662934997,1937.070268632952
2026-09-06 14:38:47.531,0 days 02:32:12.355000,43,53.31083344000008,0 days 00:00:22.218000,11445.375024,286.67500053333333,7,100.0,False,0,pos,1410.2213867350574,0.24413634539418674,OnTrack,219.0,12862.0,1936.0
2026-09-06 14:38:47.609,0 days 02:32:12.433000,43,53.3758333333335,0 days 00:00:22.296000,11460.0,287.0,7,100.0,False,0,car,1416.4455555555558,0.24521386828757508,OnTrack,278.50329626999894,12939.844602589395,1936.1092535540909
2026-09-06 14:38:47.751,0 days 02:32:12.575000,43,53.49416677333348,0 days 00:00:22.438000,11484.4555776,287.3944448,7,100.0,False,0,pos,1427.7902213517616,0.2471778473289201,OnTrack,395.0,13087.0,1937.0
2026-09-06 14:38:47.969,0 days 02:32:12.793000,43,53.67583333333346,0 days 00:00:22.656000,11522.0,288.0,7,100.0,False,0,car,1445.2455555555557,0.2501997001672284,OnTrack,461.5265484144203,13173.18603142929,1937.78477673172
2026-09-06 14:38:48.211,0 days 02:32:13.035000,43,53.743055591111236,0 days 00:00:22.898000,11492.614270171429,288.86428617142855,7,100.0,False,0,pos,1464.6752599937784,0.25356335432696214,OnTrack,573.0,13272.0,1938.0
2026-09-06 14:38:48.249,0 days 02:32:13.073000,43,53.75361111111124,0 days 00:00:22.936000,11488.0,289.0,7,100.0,False,0,car,1467.7233333333336,0.25409103423070784,OnTrack,615.4735375638112,13309.75521198118,1938.0007294806064
2026-09-06 14:38:48.351,0 days 02:32:13.175000,43,53.78194448000011,0 days 00:00:23.038000,11313.749781333334,288.7166663111111,7,100.0,False,0,pos,1475.896223791283,0.25550591818189394,OnTrack,741.0,13421.0,1938.0
2026-09-06 14:38:48.609,0 days 02:32:13.433000,43,53.85361111111115,0 days 00:00:23.296000,10873.0,288.0,7,100.0,False,0,car,1496.5233333333335,0.2590768661103612,OnTrack,874.1922347596872,13531.38178064692,1938.4684989516932
2026-09-06 14:38:48.790,0 days 02:32:13.614000,43,53.85361111111115,0 days 00:00:23.477000,10636.945582933333,287.62291626666666,7,100.0,False,0,pos,1510.9728486665235,0.2615783541032,OnTrack,931.0,13568.0,1939.0
2026-09-06 14:38:49.071,0 days 02:32:13.895000,43,53.85361111111115,0 days 00:00:23.758000,10270.474833066666,287.03749973333333,7,100.0,False,0,pos,1533.3588571794737,0.26545380114841033,OnTrack,1116.0,13692.0,1940.0
2026-09-06 14:38:49.089,0 days 02:32:13.913000,43,53.85361111111115,0 days 00:00:23.776000,10247.0,287.0,8,100.0,False,0,car,1534.7900000000002,0.26570155939490053,OnTrack,1130.7984793083333,13701.279485647454,1940.090541444995
2026-09-06 14:38:49.249,0 days 02:32:14.073000,43,53.8980555555554,0 days 00:00:23.936000,10242.0,286.0,8,100.0,False,0,car,1547.5011111111114,0.26790209630474754,OnTrack,1277.9356436756527,13787.871459941021,1940.989566946269
2026-09-06 14:38:49.251,0 days 02:32:14.075000,43,53.8980555555554,0 days 00:00:23.938000,10241.749984,286.0,8,100.0,False,0,pos,1547.6600285617556,0.2679296079607078,OnTrack,1280.0,13789.0,1941.0
2026-09-06 14:38:49.449,0 days 02:32:14.273000,43,53.8980555555554,0 days 00:00:24.136000,10217.0,286.0,8,100.0,False,0,car,1563.3900000000003,0.2706527674420563,OnTrack,1500.174459492032,13900.533890900799,1941.8993222105178
2026-09-06 14:38:49.471,0 days 02:32:14.295000,43,53.90416670384495,0 days 00:00:24.158000,10215.448123338922,285.90871313758356,8,100.0,False,0,pos,1565.134552081055,0.27095478283724517,OnTrack,1522.0,13911.0,1942.0
2026-09-06 14:38:49.690,0 days 02:32:14.514000,43,53.96499999999992,0 days 00:00:24.377000,10200.0,285.0,8,100.0,False,0,car,1582.469166666667,0.2739557367963579,OnTrack,1684.5791371814473,13983.4311329758,1943.1070200508
2026-09-06 14:38:49.871,0 days 02:32:14.695000,43,54.015277831110815,0 days 00:00:24.558000,10190.195822933334,285.0,8,100.0,False,0,pos,1596.8026029173968,0.2764371292756589,OnTrack,1785.0,14022.0,1944.0
2026-09-06 14:38:49.930,0 days 02:32:14.754000,43,54.0316666666663,0 days 00:00:24.617000,10187.0,285.0,8,100.0,False,0,car,1601.4691666666672,0.27724500088362924,OnTrack,1817.9289907505408,14034.113132641598,1944.25919751696
2026-09-06 14:38:50.250,0 days 02:32:15.074000,43,54.12055555555503,0 days 00:00:24.937000,10154.0,284.0,8,100.0,False,0,car,1626.7136111111117,0.28161529796332535,OnTrack,2009.3108640706582,14097.721330150154,1945.832380524644
2026-09-06 14:38:50.271,0 days 02:32:15.095000,43,54.1263889422217,0 days 00:00:24.958000,10151.5062272,284.0,8,100.0,False,0,pos,1628.369991013572,0.28190204906480115,OnTrack,2024.0,14102.0,1946.0
2026-09-06 14:38:50.410,0 days 02:32:15.234000,43,54.16499999999951,0 days 00:00:25.097000,10135.0,284.0,8,100.0,False,0,car,1639.335833333334,0.28380044650317343,OnTrack,2128.8983552263057,14130.797259905956,1947.3397085888541
2026-09-06 14:38:50.491,0 days 02:32:15.315000,43,54.18750004817157,0 days 00:00:25.178000,10132.387091180022,284.0,8,100.0,False,0,pos,1645.7254129341402,0.28490660517231514,OnTrack,2192.0,14147.0,1948.0
2026-09-06 14:38:50.689,0 days 02:32:15.513000,43,54.24249999999961,0 days 00:00:25.376000,10126.0,284.0,8,100.0,False,0,car,1661.345833333334,0.28761079926953353,OnTrack,2344.4464160128077,14182.669710293723,1948.9849457305286
2026-09-06 14:38:50.691,0 days 02:32:15.515000,43,54.243611182221834,0 days 00:00:25.378000,10125.8999936,284.0,8,100.0,False,0,pos,1661.5036922091977,0.28763812766591434,OnTrack,2346.0,14183.0,1949.0
2026-09-06 14:38:50.849,0 days 02:32:15.673000,43,54.33138888888857,0 days 00:00:25.536000,10118.0,284.0,8,100.0,False,0,car,1673.9680555555562,0.28979594780938156,OnTrack,2469.349069535407,14207.175702292901,1950.629055626933
2026-09-06 14:38:50.891,0 days 02:32:15.715000,43,54.378055697777434,0 days 00:00:25.578000,10118.2625008,283.7374992,8,100.0,False,0,pos,1677.2719011915256,0.2903679067988701,OnTrack,2501.0,14213.0,1951.0
2026-09-06 14:38:51.009,0 days 02:32:15.833000,43,54.50916666666626,0 days 00:00:25.696000,10119.0,283.0,8,100.0,False,0,car,1686.545833333334,0.2919734021642302,OnTrack,2586.831750426138,14228.229443004326,1951.660155569757
2026-09-06 14:38:51.071,0 days 02:32:15.895000,43,54.560833439999584,0 days 00:00:25.758000,10132.08891591111,283.34444515555555,8,100.0,False,0,pos,1691.433324712552,0.29281952057846744,OnTrack,2640.0,14237.0,1952.0
2026-09-06 14:38:51.311,0 days 02:32:16.135000,43,54.76083343999956,0 days 00:00:25.998000,10182.755582577778,284.67777848888886,8,100.0,False,0,pos,1710.4435241200244,0.2961105503786183,OnTrack,2905.0,14277.0,1954.0
2026-09-06 14:38:51.369,0 days 02:32:16.193000,43,54.809166666666215,0 days 00:00:26.056000,10195.0,285.0,8,100.0,False,0,car,1715.045833333334,0.2969072982951371,OnTrack,2957.4456710376116,14284.423769674475,1954.4961012662095
2026-09-06 14:38:51.569,0 days 02:32:16.393000,43,54.92027777777753,0 days 00:00:26.256000,10237.0,286.0,8,100.0,False,0,car,1730.934722222223,0.2996579694324459,OnTrack,3078.4962062541313,14299.721088903885,1956.0904541582115
2026-09-06 14:38:51.769,0 days 02:32:16.593000,43,55.031388888888614,0 days 00:00:26.456000,10280.0,287.0,8,100.0,False,0,car,1746.8791666666673,0.30241825830100394,OnTrack,3189.745498672936,14311.397948673139,1956.9701594311143
2026-09-06 14:38:51.791,0 days 02:32:16.615000,43,55.04361118222196,0 days 00:00:26.478000,10283.9875232,287.0,8,100.0,False,0,pos,1748.632399029668,0.3027217764193334,OnTrack,3205.0,14313.0,1957.0
2026-09-06 14:38:51.929,0 days 02:32:16.753000,43,55.120277777777574,0 days 00:00:26.616000,10309.0,287.0,8,100.0,False,0,car,1759.6347222222228,0.30462648939585035,OnTrack,3313.3003636550384,14324.275388699967,1956.9332953811827
2026-09-06 14:38:51.991,0 days 02:32:16.815000,43,55.12027777777752,0 days 00:00:26.678000,10323.7250304,287.51666773333335,8,100.0,False,0,pos,1764.597555594283,0.3054856509527888,OnTrack,3364.0,14329.0,1957.0
2026-09-06 14:38:52.169,0 days 02:32:16.993000,43,55.120277777777346,0 days 00:00:26.856000,10366.0,289.0,8,100.0,False,0,car,1778.9013888888896,0.3079619185931185,OnTrack,3506.405190075921,14339.880923911132,1957.9839105876104
2026-09-06 14:38:52.171,0 days 02:32:16.995000,43,55.11972218666624,0 days 00:00:26.858000,10366.416693333333,289.00833386666665,8,100.0,False,0,pos,1779.0622453390622,0.3079897659270531,OnTrack,3508.0,14340.0,1958.0
2026-09-06 14:38:52.391,0 days 02:32:17.215000,43,55.05861107555539,0 days 00:00:27.078000,10412.250026666667,289.92500053333333,8,100.0,False,0,pos,1796.77965398642,0.3110569888735407,OnTrack,3684.0,14354.0,1960.0
2026-09-06 14:38:52.409,0 days 02:32:17.233000,43,55.05361111111097,0 days 00:00:27.096000,10416.0,290.0,8,100.0,False,0,car,1798.234722222223,0.3113088890678858,OnTrack,3698.4552047043426,14355.25376469676,1960.1187182595042
2026-09-06 14:38:52.611,0 days 02:32:17.435000,43,54.829166524444354,0 days 00:00:27.298000,10452.86502336,291.51500096,8,100.0,False,0,pos,1814.638383357504,0.31414867714536193,OnTrack,3861.0,14370.0,1961.0
2026-09-06 14:38:52.771,0 days 02:32:17.595000,43,54.65138874666661,0 days 00:00:27.458000,10482.06502336,292.71500096,8,100.0,False,0,pos,1827.6893024137512,0.31640804132207767,OnTrack,3990.0,14381.0,1962.0
2026-09-06 14:38:52.809,0 days 02:32:17.633000,43,54.609166666666624,0 days 00:00:27.496000,10489.0,293.0,8,100.0,False,0,car,1830.7902777777783,0.31694487957999384,OnTrack,4021.1503093327924,14383.597511258697,1962.2739782080362
2026-09-06 14:38:52.969,0 days 02:32:17.793000,43,54.38694444444445,0 days 00:00:27.656000,10523.0,294.0,8,100.0,False,0,car,1843.856944444445,0.31920696996983655,OnTrack,4159.959193268217,14394.910166344203,1963.5231667967223
2026-09-06 14:38:53.031,0 days 02:32:17.855000,43,54.28361089777776,0 days 00:00:27.718000,10532.558353066666,294.25833386666665,8,100.0,False,0,pos,1848.9299252313044,0.32008520015497516,OnTrack,4226.0,14400.0,1964.0
2026-09-06 14:38:53.209,0 days 02:32:18.033000,43,53.98694444444436,0 days 00:00:27.896000,10560.0,295.0,8,100.0,False,0,car,1863.5236111111117,0.32261164683209986,OnTrack,4461.896849800604,14417.287332618871,1965.2844362020437
2026-09-06 14:38:53.331,0 days 02:32:18.155000,43,53.749721973333514,0 days 00:00:28.018000,10575.250016,295.61000064,8,100.0,False,0,pos,1873.5435882218235,0.3243462968776549,OnTrack,4599.0,14427.0,1966.0
2026-09-06 14:38:53.409,0 days 02:32:18.233000,43,53.5980555555559,0 days 00:00:28.096000,10585.0,296.0,8,100.0,False,0,car,1879.968055555556,0.3254584952819019,OnTrack,4655.587772436152,14430.880193107623,1966.357652236983
2026-09-06 14:38:53.671,0 days 02:32:18.495000,43,52.94305523555584,0 days 00:00:28.358000,10507.855517866667,297.4555562666667,8,45.41664,False,0,pos,1901.6731915132025,0.32921607024057703,OnTrack,4763.0,14437.0,1967.0
2026-09-06 14:38:53.769,0 days 02:32:18.593000,43,52.69805555555581,0 days 00:00:28.456000,10479.0,298.0,8,25.0,False,0,car,1909.768055555556,0.33061744632404316,OnTrack,4838.19404593261,14441.119798141206,1967.0268171047355
2026-09-06 14:38:53.871,0 days 02:32:18.695000,43,52.5280553422224,0 days 00:00:28.558000,10404.02990592,296.46999808,8,12.249984000000001,False,0,pos,1918.154416629253,0.33206928612944325,OnTrack,4928.0,14446.0,1967.0
2026-09-06 14:38:53.969,0 days 02:32:18.793000,43,52.364722222222326,0 days 00:00:28.656000,10332.0,295.0,8,0.0,False,0,car,1926.156944444445,0.3334546770425959,OnTrack,5010.684199473672,14450.387819631671,1966.9895642332197
2026-09-06 14:38:54.169,0 days 02:32:18.993000,43,52.253611111110786,0 days 00:00:28.856000,10332.0,291.0,8,0.0,False,0,car,1942.3236111111119,0.33625343683615133,OnTrack,5172.019719775641,14458.450036096056,1966.9989412437076
2026-09-06 14:38:54.211,0 days 02:32:19.035000,43,52.230277706666385,0 days 00:00:28.898000,10305.2249184,291.0,8,0.0,False,0,pos,1945.7243641091427,0.33684217234699887,OnTrack,5206.0,14460.0,1967.0
2026-09-06 14:38:54.329,0 days 02:32:19.153000,43,52.16472222222205,0 days 00:00:29.016000,10230.0,291.0,8,0.0,False,0,car,1955.256944444445,0.33849244467099565,OnTrack,5301.806517916708,14464.083399503668,1966.9996185528148
2026-09-06 14:38:54.391,0 days 02:32:19.215000,43,52.35416705777758,0 days 00:00:29.078000,10142.2310688,288.4812448,8,0.0,False,0,pos,1960.1975204447633,0.33934775305037884,OnTrack,5350.0,14466.0,1967.0
2026-09-06 14:38:54.591,0 days 02:32:19.415000,43,52.96527816888861,0 days 00:00:29.278000,9859.1060688,280.3562448,8,0.0,False,0,pos,1975.6886860815357,0.3420295706713792,OnTrack,5508.0,14472.0,1967.0
2026-09-06 14:38:54.649,0 days 02:32:19.473000,43,53.1424999999997,0 days 00:00:29.336000,9777.0,278.0,8,0.0,True,0,car,1979.9680555555562,0.3427704115306982,OnTrack,5572.8601087561765,14474.705462261734,1966.988669771817
2026-09-06 14:38:54.791,0 days 02:32:19.615000,43,54.996390559999625,0 days 00:00:29.478000,9674.444352,263.7999872,8,0.0,True,0,pos,1989.9916310858607,0.3445056845316393,OnTrack,5744.0,14482.0,1967.0
2026-09-06 14:38:55.009,0 days 02:32:19.833000,43,57.84249999999952,0 days 00:00:29.696000,9517.0,242.0,8,0.0,True,0,car,2004.1680555555565,0.346959895262907,OnTrack,5873.615780195634,14486.532893907814,1967.4485367806044
2026-09-06 14:38:55.230,0 days 02:32:20.054000,43,62.87639326222177,0 days 00:00:29.917000,9561.813927822222,220.5138702222222,8,0.0,True,0,pos,2017.1305429096253,0.34920395021740414,OnTrack,5954.0,14489.0,1967.0
2026-09-06 14:38:55.350,0 days 02:32:20.174000,43,65.60972659555512,0 days 00:00:30.037000,9586.147261155556,208.84720355555555,8,0.0,True,0,pos,2023.8193334029665,0.3503619080256688,OnTrack,6026.0,14492.0,1966.0
2026-09-06 14:38:55.369,0 days 02:32:20.193000,43,66.04249999999956,0 days 00:00:30.056000,9590.0,207.0,7,0.0,True,0,car,2024.8680555555566,0.3505434619264078,OnTrack,6037.367250087135,14492.424686396964,1965.9195736955028
2026-09-06 14:38:55.511,0 days 02:32:20.335000,43,69.86861455999959,0 days 00:00:30.198000,9841.543083885714,199.39285028571427,7,0.0,True,0,pos,2032.6165346568605,0.351884872138981,OnTrack,6118.0,14495.0,1966.0
2026-09-06 14:38:55.649,0 days 02:32:20.473000,43,73.58694444444404,0 days 00:00:30.336000,10086.0,192.0,6,0.0,True,0,car,2039.8013888888897,0.35312870808622804,OnTrack,6192.575565984109,14497.455162565186,1966.0047672129094
2026-09-06 14:38:55.731,0 days 02:32:20.555000,43,76.29750423111065,0 days 00:00:30.418000,10231.5502272,184.4833216,6,0.0,True,0,pos,2043.8212481180824,0.3538246227493054,OnTrack,6235.0,14499.0,1966.0
2026-09-06 14:38:55.889,0 days 02:32:20.713000,43,81.52027777777721,0 days 00:00:30.576000,10512.0,170.0,5,0.0,True,0,car,2051.134722222223,0.3550907252610916,OnTrack,6312.236769654361,14502.23952082441,1966.124823514993
2026-09-06 14:38:55.991,0 days 02:32:20.815000,43,85.40195000371848,0 days 00:00:30.678000,10178.309771401178,164.9141201398994,5,0.0,True,0,pos,2055.6532209080187,0.35587296396927953,OnTrack,6359.0,14505.0,1966.0
2026-09-06 14:38:56.211,0 days 02:32:21.035000,43,93.77417371021305,0 days 00:00:30.898000,9458.586652115086,153.94458910929004,5,0.0,True,0,pos,2064.838920843302,0.35746318464894145,OnTrack,6452.0,14514.0,1965.0
2026-09-06 14:38:56.250,0 days 02:32:21.074000,43,95.25833333333276,0 days 00:00:30.937000,9331.0,152.0,4,0.0,True,0,car,2066.376944444445,0.3577294460066581,OnTrack,6467.525325116937,14516.1943714742,1964.922799841828
2026-09-06 14:38:56.471,0 days 02:32:21.295000,43,104.8350083199995,0 days 00:00:31.158000,9794.4097776,138.8781136,4,0.0,True,0,pos,2074.6044569072205,0.359153786073573,OnTrack,6548.0,14531.0,1965.0
2026-09-06 14:38:56.570,0 days 02:32:21.394000,43,109.12499999999955,0 days 00:00:31.257000,10002.0,133.0,3,0.0,True,0,car,2078.199166666667,0.35977609921651577,OnTrack,6577.31984044877,14537.439974508678,1964.816550632174
2026-09-06 14:38:56.730,0 days 02:32:21.554000,43,116.19166666666615,0 days 00:00:31.417000,9361.0,130.0,3,0.0,True,0,car,2083.976944444445,0.36077634326644625,OnTrack,6617.058391567197,14547.725169901638,1964.2065863321354
2026-09-06 14:38:56.851,0 days 02:32:21.675000,43,121.93917578666642,0 days 00:00:31.538000,9098.9589592,125.4624928,3,0.0,True,0,pos,2088.0957069211777,0.361489379976905,OnTrack,6650.0,14558.0,1964.0
2026-09-06 14:38:57.050,0 days 02:32:21.874000,43,131.39166666666688,0 days 00:00:31.737000,8668.0,118.0,3,0.0,True,0,car,2094.4658333333336,0.3625921709263199,OnTrack,6711.753079282981,14580.396819641366,1964.0729123491114
2026-09-06 14:38:57.071,0 days 02:32:21.895000,43,131.36249974114392,0 days 00:00:31.758000,8633.556179666964,117.38493177976723,3,0.0,True,0,pos,2095.124120569113,0.3627061330612545,OnTrack,6718.0,14583.0,1964.0
2026-09-06 14:38:57.231,0 days 02:32:22.055000,43,131.14027757842877,0 days 00:00:31.918000,8371.129471697548,112.69874056602762,3,0.0,True,0,pos,2100.064447196896,0.36356139826947337,OnTrack,6762.0,14604.0,1963.0
2026-09-06 14:38:57.289,0 days 02:32:22.113000,43,131.05972222222226,0 days 00:00:31.976000,8276.0,111.0,3,0.0,True,0,car,2101.8350000000005,0.3638679148878875,OnTrack,6776.927756354093,14612.26822199004,1962.890978371876
2026-09-06 14:38:57.391,0 days 02:32:22.215000,43,131.0313888533333,0 days 00:00:32.078000,8245.90996224,109.97999872,3,0.0,True,0,pos,2104.9301180509765,0.3644037391326738,OnTrack,6802.0,14628.0,1963.0
2026-09-06 14:38:57.489,0 days 02:32:22.313000,43,131.0041666666666,0 days 00:00:32.176000,8217.0,109.0,3,0.0,False,0,car,2107.890555555556,0.3649162475940646,OnTrack,6824.531395507472,14645.057615626443,1963.100288953927
2026-09-06 14:38:57.671,0 days 02:32:22.495000,43,131.25694462222228,0 days 00:00:32.358000,8085.0499072,108.24166613333334,3,0.0,False,0,pos,2113.368325917632,0.36586455461144857,OnTrack,6861.0,14680.0,1963.0
2026-09-06 14:38:57.729,0 days 02:32:22.553000,43,131.3375000000001,0 days 00:00:32.416000,8043.0,108.0,3,0.0,False,0,car,2115.090555555556,0.36616270556397795,OnTrack,6870.618110637256,14691.274980129157,1962.793258167416
2026-09-06 14:38:57.911,0 days 02:32:22.735000,43,131.89361150222248,0 days 00:00:32.598000,8063.4750144,105.7249984,3,12.891675733333335,False,0,pos,2120.402128169588,0.3670822405664132,OnTrack,6899.0,14736.0,1962.0
2026-09-06 14:38:57.969,0 days 02:32:22.793000,43,132.07083333333367,0 days 00:00:32.656000,8070.0,105.0,3,17.0,False,0,car,2122.090555555556,0.36737453970139367,OnTrack,6910.0643846748735,14758.338151434036,1961.9405069435827
2026-09-06 14:38:58.151,0 days 02:32:22.975000,43,132.62694483555606,0 days 00:00:32.838000,8293.708490666666,105.75833386666666,3,30.6500096,False,0,pos,2127.4278424123963,0.3682985263320079,OnTrack,6944.0,14834.0,1962.0
2026-09-06 14:38:58.209,0 days 02:32:23.033000,43,132.80416666666724,0 days 00:00:32.896000,8365.0,106.0,3,35.0,False,0,car,2129.1572222222226,0.36859791511630857,OnTrack,6949.864008140177,14847.374072760007,1961.8306457177553
2026-09-06 14:38:58.391,0 days 02:32:23.215000,43,133.1580558044447,0 days 00:00:33.078000,8343.008317866666,109.03333546666667,3,39.5500032,False,0,pos,2134.697588541813,0.3695570586934325,OnTrack,6965.0,14871.0,1961.0
2026-09-06 14:38:58.449,0 days 02:32:23.273000,43,133.27083333333348,0 days 00:00:33.136000,8336.0,110.0,3,41.0,False,0,car,2136.490555555556,0.36986745564122037,OnTrack,6976.944783764031,14884.666909125845,1960.8753441365507
2026-09-06 14:38:58.711,0 days 02:32:23.535000,43,133.92583365333374,0 days 00:00:33.398000,8657.885871542858,112.80714422857143,3,27.899993600000002,False,0,pos,2144.710182304818,0.3712904305400162,OnTrack,7058.0,14969.0,1961.0
2026-09-06 14:38:58.729,0 days 02:32:23.553000,43,133.97083333333376,0 days 00:00:33.416000,8680.0,113.0,3,27.0,False,0,car,2145.279444444445,0.37138898072486454,OnTrack,7062.67006000379,14973.40087689826,1961.0096301974488
2026-09-06 14:38:59.009,0 days 02:32:23.833000,43,135.37083333333385,0 days 00:00:33.696000,8899.0,115.0,3,35.0,False,0,car,2154.223888888889,0.3729374354560068,OnTrack,7113.329395970961,15010.474821003912,1961.0193434423236
2026-09-06 14:38:59.151,0 days 02:32:23.975000,43,136.35694533333404,0 days 00:00:33.838000,8993.835799771428,117.02857325714285,3,44.12857965714286,False,0,pos,2158.888207041713,0.37374491830820106,OnTrack,7144.0,15026.0,1961.0
2026-09-06 14:38:59.289,0 days 02:32:24.113000,43,137.31527777777865,0 days 00:00:33.976000,9086.0,119.0,3,53.0,False,0,car,2163.4794444444447,0.3745397494821454,OnTrack,7184.221952958626,15045.901441076947,1960.9959563819898
2026-09-06 14:38:59.331,0 days 02:32:24.155000,43,137.6302787377786,0 days 00:00:34.018000,9177.3502784,119.5250016,3,54.5750048,False,0,pos,2164.881381914084,0.37478245172275,OnTrack,7197.0,15052.0,1961.0
2026-09-06 14:38:59.411,0 days 02:32:24.235000,43,138.23027873777852,0 days 00:00:34.098000,9351.3502784,120.5250016,3,57.5750048,False,0,pos,2167.5647226114347,0.37524698941694506,OnTrack,7221.0,15063.0,1961.0
2026-09-06 14:38:59.449,0 days 02:32:24.273000,43,138.51527777777846,0 days 00:00:34.136000,9434.0,121.0,3,59.0,False,0,car,2168.8572222222224,0.3754707458670807,OnTrack,7232.2387781180505,15067.842838072776,1960.9662971128432
2026-09-06 14:38:59.689,0 days 02:32:24.513000,43,140.64861111111168,0 days 00:00:34.376000,9995.0,127.0,3,72.0,False,0,car,2177.323888888889,0.3769364881094788,OnTrack,7306.518774715411,15093.981501168533,1960.2383039476392
2026-09-06 14:38:59.751,0 days 02:32:24.575000,43,141.13083432888948,0 days 00:00:34.438000,10173.508701866667,129.06667093333334,3,75.35834026666667,False,0,pos,2179.5932912733138,0.3773293651496185,OnTrack,7332.0,15101.0,1960.0
2026-09-06 14:38:59.929,0 days 02:32:24.753000,43,142.51527777777846,0 days 00:00:34.616000,10686.0,135.0,3,85.0,False,0,car,2186.323888888889,0.3784945605718704,OnTrack,7422.928873207049,15122.84905891706,1959.2965840579204
2026-09-06 14:39:00.011,0 days 02:32:24.835000,43,143.1530565511116,0 days 00:00:34.698000,10900.2253344,139.6125072,3,87.0500032,False,0,pos,2189.558201723882,0.3790544821010885,OnTrack,7465.0,15132.0,1959.0
2026-09-06 14:39:00.089,0 days 02:32:24.913000,43,143.75972222222254,0 days 00:00:34.776000,11104.0,144.0,3,89.0,False,0,car,2192.723888888889,0.37960252321179344,OnTrack,7501.928738221917,15139.520760984304,1958.747601195743
2026-09-06 14:39:00.369,0 days 02:32:25.193000,43,145.47083333333376,0 days 00:00:35.056000,11983.0,156.0,3,100.0,False,0,car,2204.8572222222224,0.3817030357166474,OnTrack,7621.111519759265,15160.84197349927,1958.0051217565936
2026-09-06 14:39:00.371,0 days 02:32:25.195000,43,145.47972279111153,0 days 00:00:35.058000,11977.1496256,156.0750048,3,100.0,False,0,pos,2204.947972196393,0.3817187462761716,OnTrack,7622.0,15161.0,1958.0
2026-09-06 14:39:00.751,0 days 02:32:25.575000,43,147.16861168000003,0 days 00:00:35.438000,10865.6496256,170.3250048,3,100.0,False,0,pos,2222.98791365428,0.3848418058326929,OnTrack,7794.0,15193.0,1957.0
2026-09-06 14:39:00.769,0 days 02:32:25.593000,43,147.24861111111113,0 days 00:00:35.456000,10813.0,171.0,4,100.0,False,0,car,2223.857222222223,0.38499229980391875,OnTrack,7800.956530185291,15194.429330401646,1956.9484115646728
2026-09-06 14:39:00.929,0 days 02:32:25.753000,43,147.95972222222235,0 days 00:00:35.616000,11183.0,175.0,4,100.0,False,0,car,2231.6350000000007,0.3863387821788251,OnTrack,7855.562310482724,15206.450279547797,1956.4677143066372
2026-09-06 14:39:01.171,0 days 02:32:25.995000,43,148.76638931555573,0 days 00:00:35.858000,11552.0501952,182.77857554285714,4,100.0,False,0,pos,2243.96224207261,0.3884728640022216,OnTrack,7941.0,15229.0,1956.0
2026-09-06 14:39:01.209,0 days 02:32:26.033000,43,148.89305555555575,0 days 00:00:35.896000,11610.0,184.0,4,100.0,False,0,car,2245.946111111112,0.38881630974865283,OnTrack,7958.25979171552,15233.878581662533,1955.9978778605887
2026-09-06 14:39:01.291,0 days 02:32:26.115000,43,149.12083368888906,0 days 00:00:35.978000,11360.085973527273,185.67727534545455,4,100.0,False,0,pos,2250.262716456767,0.3895635968508837,OnTrack,8000.0,15246.0,1956.0
2026-09-06 14:39:01.631,0 days 02:32:26.455000,43,150.06527813333346,0 days 00:00:36.318000,10323.8587008,192.6318208,4,100.0,False,0,pos,2268.559149615884,0.392731060035907,OnTrack,8223.0,15315.0,1955.0
2026-09-06 14:39:01.649,0 days 02:32:26.473000,43,150.11527777777792,0 days 00:00:36.336000,10269.0,193.0,4,100.0,False,0,car,2269.5350000000008,0.3928999984371189,OnTrack,8232.495302081172,15317.906484021069,1954.9485418654785
2026-09-06 14:39:01.809,0 days 02:32:26.633000,43,150.55972222222226,0 days 00:00:36.496000,10463.0,196.0,5,100.0,False,0,car,2278.246111111112,0.39440805869701406,OnTrack,8298.133143954887,15337.457688884724,1954.588010763924
2026-09-06 14:39:02.009,0 days 02:32:26.833000,43,151.11527777777837,0 days 00:00:36.696000,10660.0,200.0,5,100.0,False,0,car,2289.357222222223,0.3963316049468803,OnTrack,8370.913684709998,15359.712232372427,1954.0808980046063
2026-09-06 14:39:02.030,0 days 02:32:26.854000,43,151.1677782577784,0 days 00:00:36.717000,10677.8501632,200.37500342857143,5,100.0,False,0,pos,2290.537891798319,0.396536001475069,OnTrack,8381.0,15363.0,1954.0
2026-09-06 14:39:02.271,0 days 02:32:27.095000,43,151.77027809777863,0 days 00:00:36.958000,10882.7001088,204.6785737142857,5,100.0,False,0,pos,2304.2642227871497,0.39891229239988807,OnTrack,8519.0,15410.0,1953.0
2026-09-06 14:39:02.289,0 days 02:32:27.113000,43,151.81527777777865,0 days 00:00:36.976000,10898.0,205.0,5,100.0,False,0,car,2305.301666666667,0.39909189381543836,OnTrack,8528.914078152498,15413.512584789094,1952.973656757119
2026-09-06 14:39:02.569,0 days 02:32:27.393000,43,152.3597222222229,0 days 00:00:37.256000,11167.0,210.0,5,100.0,False,0,car,2321.6350000000007,0.40191950680274174,OnTrack,8668.980045517468,15465.609112842832,1953.0078899893767
2026-09-06 14:39:02.571,0 days 02:32:27.395000,43,152.36250017866297,0 days 00:00:37.258000,11168.71155286338,210.02985266622176,5,100.0,False,0,pos,2321.752727711561,0.40193988772556866,OnTrack,8670.0,15466.0,1953.0
2026-09-06 14:39:02.731,0 days 02:32:27.555000,43,152.58472247164258,0 days 00:00:37.418000,11305.627019343927,212.41791312809175,5,100.0,False,0,pos,2331.2113794421984,0.40357736159144203,OnTrack,8758.0,15500.0,1952.0
2026-09-06 14:39:02.770,0 days 02:32:27.594000,43,152.6388888888896,0 days 00:00:37.457000,11339.0,213.0,5,100.0,False,0,car,2333.5275000000006,0.4039783264426299,OnTrack,8783.55004492012,15509.884692338519,1951.7954299821804
2026-09-06 14:39:02.930,0 days 02:32:27.754000,43,152.95000000000073,0 days 00:00:37.617000,11412.0,215.0,5,100.0,False,0,car,2343.083055555556,0.40563257621751475,OnTrack,8907.874246517582,15557.928963281407,1951.3347413660636
2026-09-06 14:39:03.091,0 days 02:32:27.915000,43,153.218333653334,0 days 00:00:37.778000,11529.61958471111,217.23611377777777,5,100.0,False,0,pos,2352.860951425882,0.40732531736148003,OnTrack,9015.0,15599.0,1951.0
2026-09-06 14:39:03.290,0 days 02:32:28.114000,43,153.55000000000064,0 days 00:00:37.977000,11675.0,220.0,5,100.0,False,0,car,2365.083055555556,0.40944119779224997,OnTrack,9080.44163431325,15623.147056201533,1950.340723772013
2026-09-06 14:39:03.431,0 days 02:32:28.255000,43,153.78500032000065,0 days 00:00:38.118000,11732.407221028572,221.00714422857143,5,100.0,False,0,pos,2373.7472354890724,0.4109411333659854,OnTrack,9153.0,15648.0,1950.0
2026-09-06 14:39:03.570,0 days 02:32:28.394000,43,154.01666666666733,0 days 00:00:38.257000,11789.0,222.0,5,100.0,False,0,car,2382.3497222222227,0.4124303886645421,OnTrack,9288.328505057925,15694.124497695822,1949.944296358527
2026-09-06 14:39:03.671,0 days 02:32:28.495000,43,153.87638862222286,0 days 00:00:38.358000,11862.2251392,224.02000384,5,100.0,False,0,pos,2388.6744922547373,0.41352532755550003,OnTrack,9376.0,15724.0,1950.0
2026-09-06 14:39:03.770,0 days 02:32:28.594000,43,153.7388888888895,0 days 00:00:38.457000,11934.0,226.0,5,100.0,False,0,car,2394.9052777777783,0.414603995926891,OnTrack,9421.44325015672,15739.521774526513,1950.0837643634347
2026-09-06 14:39:03.951,0 days 02:32:28.775000,43,152.7333324684087,0 days 00:00:38.638000,11926.62381810682,226.0,5,43.26013928323224,False,0,pos,2406.302535981482,0.4165770797217752,OnTrack,9459.0,15752.0,1950.0
2026-09-06 14:39:04.089,0 days 02:32:28.913000,43,151.9666666666667,0 days 00:00:38.776000,11921.0,226.0,5,0.0,True,0,car,2414.9313888888896,0.4180708995103375,OnTrack,9524.337785945321,15773.057388254008,1949.3215847817573
2026-09-06 14:39:04.249,0 days 02:32:29.073000,43,151.21111111111168,0 days 00:00:38.936000,11358.0,221.0,5,0.0,True,0,car,2424.7536111111117,0.41977131439521925,OnTrack,9632.00195434439,15807.375562785543,1948.2021857359518
2026-09-06 14:39:04.351,0 days 02:32:29.175000,43,150.92777742222276,0 days 00:00:39.038000,11135.421149257143,215.53570742857144,5,0.0,True,0,pos,2430.735788479599,0.4208069439311063,OnTrack,9695.0,15827.0,1948.0
2026-09-06 14:39:04.391,0 days 02:32:29.215000,43,150.81666631111165,0 days 00:00:39.078000,11048.13543497143,213.39285028571427,5,0.0,True,0,pos,2433.014301603256,0.42120139821479163,OnTrack,9718.0,15834.0,1948.0
2026-09-06 14:39:04.529,0 days 02:32:29.353000,43,150.43333333333385,0 days 00:00:39.216000,10747.0,206.0,5,0.0,True,0,car,2440.775833333334,0.4225450680875264,OnTrack,9796.90294886255,15854.913362178213,1945.9518130075644
2026-09-06 14:39:04.591,0 days 02:32:29.415000,43,150.29555527111168,0 days 00:00:39.278000,10635.7872704,203.6749952,5,0.0,True,0,pos,2444.237484064277,0.42314434616289315,OnTrack,9829.0,15862.0,1945.0
2026-09-06 14:39:04.689,0 days 02:32:29.513000,43,150.07777777777846,0 days 00:00:39.376000,10460.0,200.0,5,0.0,True,0,car,2449.6647222222227,0.4240839050874194,OnTrack,9872.825056240714,15869.749192651016,1944.3158945752368
2026-09-06 14:39:04.791,0 days 02:32:29.615000,43,149.87944419555623,0 days 00:00:39.478000,10331.649838933334,197.87499733333334,5,0.0,True,0,pos,2455.233312460143,0.4250479347656468,OnTrack,9917.0,15875.0,1944.0
2026-09-06 14:39:04.929,0 days 02:32:29.753000,43,149.61111111111177,0 days 00:00:39.616000,10158.0,195.0,5,0.0,False,0,car,2462.6647222222227,0.4263344541997629,OnTrack,9987.172787291855,15880.36448781011,1943.0828402201212
2026-09-06 14:39:05.089,0 days 02:32:29.913000,43,149.43333333333385,0 days 00:00:39.776000,10024.0,192.0,5,0.0,False,0,car,2471.1980555555565,0.42781173771966025,OnTrack,10076.061327984184,15881.565275236499,1942.0493070742652
2026-09-06 14:39:05.111,0 days 02:32:29.935000,43,149.41499989333394,0 days 00:00:39.798000,10011.7624288,191.8624992,5,0.0,False,0,pos,2472.3693185547572,0.428014505789135,OnTrack,10088.0,15881.0,1942.0
2026-09-06 14:39:05.249,0 days 02:32:30.073000,43,149.3000000000011,0 days 00:00:39.936000,9935.0,191.0,5,0.0,False,0,car,2479.686944444445,0.429281327054558,OnTrack,10161.178437604693,15873.38644905915,1942.2084565226376
2026-09-06 14:39:05.371,0 days 02:32:30.195000,43,149.50333354666782,0 days 00:00:40.058000,9849.091576533334,188.45833066666665,5,9.150009599999999,False,0,pos,2486.0318048546555,0.43037974397487666,OnTrack,10223.0,15863.0,1941.0
2026-09-06 14:39:05.411,0 days 02:32:30.235000,43,149.57000021333448,0 days 00:00:40.098000,9820.924909866666,187.62499733333334,5,12.150009599999999,False,0,pos,2488.089074823472,0.4307358968288898,OnTrack,10243.0,15859.0,1940.0
2026-09-06 14:39:05.489,0 days 02:32:30.313000,43,149.70000000000118,0 days 00:00:40.176000,9766.0,186.0,5,18.0,False,0,car,2492.086944444445,0.4314280046694088,OnTrack,10289.351463826844,15845.484372508927,1938.596848029151
2026-09-06 14:39:05.689,0 days 02:32:30.513000,43,150.31111111111204,0 days 00:00:40.376000,9720.0,183.0,5,32.0,False,0,car,2502.2536111111117,0.43318804948803635,OnTrack,10434.147540352753,15785.676483625555,1938.0473387913137
2026-09-06 14:39:05.731,0 days 02:32:30.555000,43,150.48611164444537,0 days 00:00:40.418000,9717.549992533333,182.64999893333334,5,34.975009066666665,False,0,pos,2504.3726258862894,0.4335548915512148,OnTrack,10459.0,15774.0,1938.0
2026-09-06 14:39:05.929,0 days 02:32:30.753000,43,151.31111111111204,0 days 00:00:40.616000,9706.0,181.0,5,49.0,False,0,car,2514.3202777777783,0.4352770207153911,OnTrack,10539.237185825496,15728.913414745499,1937.5746857425534
2026-09-06 14:39:06.209,0 days 02:32:31.033000,43,152.63333333333412,0 days 00:00:40.896000,9810.0,182.0,5,62.0,False,0,car,2528.475833333334,0.43772761863772075,OnTrack,10604.430109147403,15666.586151646598,1937.0006896437555
2026-09-06 14:39:06.211,0 days 02:32:31.035000,43,152.642778382223,0 days 00:00:40.898000,9812.0251296,182.0250016,5,62.1125072,False,0,pos,2528.5775462631727,0.4377452270949487,OnTrack,10605.0,15666.0,1937.0
2026-09-06 14:39:06.369,0 days 02:32:31.193000,43,153.3888888888896,0 days 00:00:41.056000,9972.0,184.0,5,71.0,False,0,car,2536.6536111111113,0.4391433486776222,OnTrack,10655.244140533687,15613.11523354291,1937.104334008044
2026-09-06 14:39:06.531,0 days 02:32:31.355000,43,154.10888945777836,0 days 00:00:41.218000,10103.1188536,186.0250016,5,74.5437528,False,0,pos,2545.079789380435,0.44060208160258174,OnTrack,10707.0,15553.0,1937.0
2026-09-06 14:39:06.689,0 days 02:32:31.513000,43,154.8111111111116,0 days 00:00:41.376000,10231.0,188.0,5,78.0,False,0,car,2553.3647222222226,0.4420363622374211,OnTrack,10748.712309855786,15492.71240663072,1936.227096487555
2026-09-06 14:39:06.751,0 days 02:32:31.575000,43,155.12111175111158,0 days 00:00:41.438000,10246.81003264,188.31000064,5,80.17000448,False,0,pos,2556.610996156924,0.44259835446220314,OnTrack,10768.0,15456.0,1936.0
2026-09-06 14:39:06.889,0 days 02:32:31.713000,43,155.8111111111116,0 days 00:00:41.576000,10282.0,189.0,5,85.0,False,0,car,2563.8647222222226,0.4438541134435447,OnTrack,10820.130169595588,15340.729274885698,1935.931732640989
2026-09-06 14:39:06.931,0 days 02:32:31.755000,43,155.9977783466671,0 days 00:00:41.618000,10302.4750624,189.656252,5,86.968756,False,0,pos,2566.0966876722173,0.4442405094329499,OnTrack,10833.0,15311.0,1936.0
2026-09-06 14:39:07.209,0 days 02:32:32.033000,43,157.23333333333358,0 days 00:00:41.896000,10438.0,194.0,5,100.0,False,0,car,2581.109166666667,0.4468394572233371,OnTrack,10862.05835495907,15226.809092686797,1936.9603311212209
2026-09-06 14:39:07.251,0 days 02:32:32.075000,43,157.42000056888904,0 days 00:00:41.938000,10465.650084266666,194.5250016,5,100.0,False,0,pos,2583.393965692215,0.4472349997170932,OnTrack,10866.0,15207.0,1937.0
2026-09-06 14:39:07.449,0 days 02:32:32.273000,43,158.29999999999973,0 days 00:00:42.136000,10596.0,197.0,5,100.0,False,0,car,2594.2425000000007,0.44911308889067914,OnTrack,10896.91055973225,15048.405742796342,1936.504296766168
2026-09-06 14:39:07.571,0 days 02:32:32.395000,43,158.74055601777752,0 days 00:00:42.258000,10690.9313496,199.2875024,5,100.0,False,0,pos,2601.0517623421906,0.4502919026845198,OnTrack,10914.0,14958.0,1936.0
2026-09-06 14:39:07.769,0 days 02:32:32.593000,43,159.4555555555553,0 days 00:00:42.456000,10845.0,203.0,5,100.0,False,0,car,2612.286944444445,0.4522369280004619,OnTrack,10924.67472809716,14892.90908078875,1935.280766976575
2026-09-06 14:39:07.931,0 days 02:32:32.755000,43,160.0405560177777,0 days 00:00:42.618000,10956.559179054546,205.20909265454546,5,100.0,False,0,pos,2621.6038262296247,0.4538498587721116,OnTrack,10930.0,14834.0,1935.0
2026-09-06 14:39:08.191,0 days 02:32:33.015000,43,160.9794449066669,0 days 00:00:42.878000,11135.6046336,208.7545472,5,100.0,False,0,pos,2636.772521750869,0.45647585063678425,OnTrack,10948.0,14639.0,1935.0
2026-09-06 14:39:08.209,0 days 02:32:33.033000,43,161.0444444444447,0 days 00:00:42.896000,11148.0,209.0,5,100.0,False,0,car,2637.8313888888893,0.45665916082890434,OnTrack,10949.026182488758,14627.81441267909,1934.9352318595118
2026-09-06 14:39:08.510,0 days 02:32:33.334000,43,162.0477784177779,0 days 00:00:43.197000,11320.238998755556,213.18055822222223,5,100.0,False,0,pos,2655.698340575283,0.4597522725410658,OnTrack,10960.0,14499.0,1933.0
2026-09-06 14:39:08.569,0 days 02:32:33.393000,43,162.24444444444453,0 days 00:00:43.256000,11354.0,214.0,5,100.0,False,0,car,2659.2313888888893,0.4603639109061468,OnTrack,10962.071835491926,14469.765984149653,1932.898924344433
2026-09-06 14:39:08.711,0 days 02:32:33.535000,43,162.71777820444441,0 days 00:00:43.398000,11470.44010496,216.13000192,5,100.0,False,0,pos,2667.7746158347754,0.46184290719996324,OnTrack,10968.0,14380.0,1933.0
2026-09-06 14:39:08.769,0 days 02:32:33.593000,43,162.91111111111104,0 days 00:00:43.456000,11518.0,217.0,5,100.0,False,0,car,2671.286944444445,0.4624509585872517,OnTrack,10971.117636239402,14331.117582558583,1933.0197263009093
2026-09-06 14:39:08.969,0 days 02:32:33.793000,43,163.52222222222235,0 days 00:00:43.656000,11659.0,220.0,5,100.0,False,0,car,2683.509166666667,0.4645668594621046,OnTrack,10983.010004384643,14141.633922164434,1932.9955360667584
2026-09-06 14:39:08.991,0 days 02:32:33.815000,43,163.5527779596213,0 days 00:00:43.678000,11669.199644899745,220.1829532717443,5,100.0,False,0,pos,2684.8616449255737,0.4648009993655697,OnTrack,10984.0,14126.0,1933.0
2026-09-06 14:39:09.391,0 days 02:32:34.215000,43,164.10833358909682,0 days 00:00:44.078000,11854.646655021592,223.50935704074604,5,100.0,False,0,pos,2709.7188360878117,0.4691042554813796,OnTrack,10996.0,13966.0,1933.0
2026-09-06 14:39:09.450,0 days 02:32:34.274000,43,164.19027777777774,0 days 00:00:44.137000,11882.0,224.0,5,100.0,False,0,car,2713.4380555555563,0.46974812364074436,OnTrack,11000.074596098748,13917.739997051201,1932.8132152901144
2026-09-06 14:39:09.651,0 days 02:32:34.475000,43,163.07361004444465,0 days 00:00:44.338000,12020.8157576,227.140628,5,100.0,False,0,pos,2726.214873059067,0.4719600355862137,OnTrack,11018.0,13710.0,1932.0
2026-09-06 14:39:09.770,0 days 02:32:34.594000,43,162.41250000000036,0 days 00:00:44.457000,12103.0,229.0,5,100.0,False,0,car,2733.7936111111117,0.4732720603704993,OnTrack,11027.619288974653,13607.539373307816,1931.8177547402404
2026-09-06 14:39:10.010,0 days 02:32:34.834000,43,160.14583333333303,0 days 00:00:44.697000,12344.0,228.0,5,100.0,False,0,car,2748.993611111112,0.4759034716403164,OnTrack,11043.21766560557,13457.354672216408,1931.9970294875534
2026-09-06 14:39:10.091,0 days 02:32:34.915000,43,159.31333135999984,0 days 00:00:44.778000,12185.1817664,225.9749952,5,73.964224,False,0,pos,2754.077237125721,0.47678354471836737,OnTrack,11047.0,13419.0,1932.0
2026-09-06 14:39:10.290,0 days 02:32:35.114000,43,157.26805555555575,0 days 00:00:44.977000,11795.0,221.0,5,10.0,True,0,car,2766.1825000000003,0.4788791976888594,OnTrack,11053.129652915472,13347.54652967279,1931.815443743959
2026-09-06 14:39:10.411,0 days 02:32:35.235000,43,156.79749932193397,0 days 00:00:45.098000,11745.93842588597,212.17994173230917,5,7.243731791346618,True,0,pos,2772.957362527605,0.48005205621560937,OnTrack,11057.0,13297.0,1932.0
2026-09-06 14:39:10.611,0 days 02:32:35.435000,43,156.01972165754515,0 days 00:00:45.298000,11664.84504363079,197.60135615834443,5,2.6879237994826353,True,0,pos,2783.2822349687763,0.48183948948542005,OnTrack,11065.0,13184.0,1933.0
2026-09-06 14:39:10.729,0 days 02:32:35.553000,43,155.56083333333345,0 days 00:00:45.416000,11617.0,189.0,5,0.0,True,0,car,2789.2300000000005,0.4828691615863007,OnTrack,11067.104752692792,13122.96196088708,1933.2067184332882
2026-09-06 14:39:10.791,0 days 02:32:35.615000,43,155.4919443022223,0 days 00:00:45.478000,11367.4494848,185.124992,5,0.0,True,0,pos,2792.3365123258286,0.48340695839840664,OnTrack,11067.0,13089.0,1933.0
2026-09-06 14:39:10.889,0 days 02:32:35.713000,43,155.38305555555553,0 days 00:00:45.576000,10973.0,179.0,4,0.0,True,0,car,2797.185555555556,0.484246420701205,OnTrack,11064.960805984887,13028.033977107132,1932.096827784879
2026-09-06 14:39:11.111,0 days 02:32:35.935000,43,155.62972236444443,0 days 00:00:45.798000,10578.1569152,171.8642816,4,0.0,True,0,pos,2807.7071551362264,0.48606791120864434,OnTrack,11054.0,12887.0,1929.0
2026-09-06 14:39:11.169,0 days 02:32:35.993000,43,155.69416666666666,0 days 00:00:45.856000,10475.0,170.0,4,0.0,False,0,car,2810.4077777777784,0.4865354407385458,OnTrack,11050.47376671453,12860.508271492301,1928.522750689892
2026-09-06 14:39:11.449,0 days 02:32:36.273000,43,156.47194444444403,0 days 00:00:46.136000,10298.0,166.0,4,0.0,False,0,car,2823.3188888888894,0.4887706014808904,OnTrack,11027.932521921983,12777.786151537037,1928.0029135962404
2026-09-06 14:39:11.491,0 days 02:32:36.315000,43,156.7052784888885,0 days 00:00:46.178000,10270.349915733334,165.29999786666667,4,4.025012266666667,False,0,pos,2825.2266215083996,0.48910086655423096,OnTrack,11023.0,12764.0,1928.0
2026-09-06 14:39:11.689,0 days 02:32:36.513000,43,157.80527777777752,0 days 00:00:46.376000,10140.0,162.0,4,23.0,False,0,car,2834.118888888889,0.49064028843576035,OnTrack,10988.552233403885,12682.99678803892,1928.0007109855321
2026-09-06 14:39:11.691,0 days 02:32:36.515000,43,157.8186119644442,0 days 00:00:46.378000,10141.5375984,161.9749984,4,23.1500096,False,0,pos,2834.2080866621986,0.49065573027957154,OnTrack,10988.0,12682.0,1928.0
2026-09-06 14:39:11.849,0 days 02:32:36.673000,43,158.87194444444413,0 days 00:00:46.536000,10263.0,160.0,4,35.0,False,0,car,2841.2300000000005,0.4918713580356748,OnTrack,10929.584344828949,12592.348539570825,1927.8985493041182
2026-09-06 14:39:11.931,0 days 02:32:36.755000,43,159.6463900977772,0 days 00:00:46.618000,10267.7833408,160.0,4,40.4666752,False,0,pos,2844.8761325979194,0.4925025734573466,OnTrack,10898.0,12550.0,1928.0
2026-09-06 14:39:12.089,0 days 02:32:36.913000,43,161.1386111111101,0 days 00:00:46.776000,10277.0,160.0,4,51.0,False,0,car,2851.8966666666674,0.49371796243554644,OnTrack,10848.016475751607,12492.921726803386,1928.7384471743671
2026-09-06 14:39:12.249,0 days 02:32:37.073000,43,162.78305555555517,0 days 00:00:46.936000,10193.0,160.0,4,59.0,False,0,car,2859.0077777777783,0.4949490320354608,OnTrack,10802.864203305693,12456.502093851597,1929.777727575092
2026-09-06 14:39:12.331,0 days 02:32:37.155000,43,163.67139027555518,0 days 00:00:47.018000,10403.6378288,162.3062536,4,65.40626,False,0,pos,2862.7594881643945,0.4955985249954893,OnTrack,10773.0,12435.0,1930.0
2026-09-06 14:39:12.569,0 days 02:32:37.393000,43,166.24972222222186,0 days 00:00:47.256000,11015.0,169.0,4,84.0,False,0,car,2874.0300000000007,0.49754966656528,OnTrack,10662.358277048512,12361.40500941009,1929.4294964425144
2026-09-06 14:39:12.671,0 days 02:32:37.495000,43,167.46805708444376,0 days 00:00:47.358000,11179.4752064,171.5500032,4,86.12500266666666,False,0,pos,2878.93318670727,0.49839850214156456,OnTrack,10622.0,12336.0,1929.0
2026-09-06 14:39:12.809,0 days 02:32:37.633000,43,169.11638888888774,0 days 00:00:47.496000,11402.0,175.0,4,89.0,False,0,car,2885.6966666666676,0.4995693901276396,OnTrack,10584.669291215247,12314.067799950333,1928.4581814206897
2026-09-06 14:39:13.011,0 days 02:32:37.835000,43,171.36083475555446,0 days 00:00:47.698000,11694.9001856,182.5750048,4,92.7875024,False,0,pos,2896.055375993264,0.5013626812107161,OnTrack,10534.0,12288.0,1928.0
2026-09-06 14:39:13.129,0 days 02:32:37.953000,43,172.6719444444434,0 days 00:00:47.816000,11866.0,187.0,4,95.0,False,0,car,2902.31888888889,0.5024470153174395,OnTrack,10483.148555410493,12261.546679468587,1928.1030787117982
2026-09-06 14:39:13.251,0 days 02:32:38.075000,43,173.9258346488878,0 days 00:00:47.938000,11799.6624304,191.5750048,4,96.906252,False,0,pos,2908.937656208872,0.5035928507725775,OnTrack,10422.0,12230.0,1928.0
2026-09-06 14:39:13.449,0 days 02:32:38.273000,43,175.96083333333218,0 days 00:00:48.136000,11692.0,199.0,4,100.0,False,0,car,2920.0077777777788,0.5055093009472267,OnTrack,10323.544942834125,12180.659523905302,1926.4466098767323
2026-09-06 14:39:13.511,0 days 02:32:38.335000,43,176.52916783999902,0 days 00:00:48.198000,11622.766523733333,201.84167253333334,4,100.0,False,0,pos,2923.5644644135623,0.5061250315588457,OnTrack,10294.0,12166.0,1926.0
2026-09-06 14:39:13.689,0 days 02:32:38.513000,43,178.1608333333329,0 days 00:00:48.376000,11424.0,210.0,5,100.0,False,0,car,2934.0077777777783,0.507932969222058,OnTrack,10213.295703280904,12125.996532479461,1925.3742241790208
2026-09-06 14:39:13.811,0 days 02:32:38.635000,43,179.1436121422219,0 days 00:00:48.498000,11596.63018112,214.88000512,5,100.0,False,0,pos,2941.3520299669317,0.5092044000101447,OnTrack,10139.0,12088.0,1925.0
2026-09-06 14:39:13.889,0 days 02:32:38.713000,43,179.77194444444422,0 days 00:00:48.576000,11707.0,218.0,5,100.0,False,0,car,2946.1188888888896,0.5100296346344123,OnTrack,10076.194258030993,12055.235607497289,1924.6213144865726
2026-09-06 14:39:14.011,0 days 02:32:38.835000,43,180.6869454044441,0 days 00:00:48.698000,11869.666837333334,221.55833706666667,5,100.0,False,0,pos,2953.6779819097515,0.5113382584873526,OnTrack,9977.0,12003.0,1924.0
2026-09-06 14:39:14.129,0 days 02:32:38.953000,43,181.57194444444394,0 days 00:00:48.816000,12027.0,225.0,5,100.0,False,0,car,2961.1188888888896,0.5126264220717317,OnTrack,9917.276114944263,11971.249509563117,1923.6725380126848
2026-09-06 14:39:14.351,0 days 02:32:39.175000,43,182.99027859555545,0 days 00:00:49.038000,10757.899268266667,232.40000426666666,5,100.0,False,0,pos,2975.472267873156,0.5151112670203601,OnTrack,9843.0,11931.0,1924.0
2026-09-06 14:39:14.369,0 days 02:32:39.193000,43,183.1052777777777,0 days 00:00:49.056000,10655.0,233.0,6,100.0,False,0,car,2976.6522222222225,0.5153155397290446,OnTrack,9833.966792408093,11926.135926870635,1924.0967267544534
2026-09-06 14:39:14.511,0 days 02:32:39.335000,43,184.05194529777765,0 days 00:00:49.198000,10824.8084864,236.5500032,6,100.0,False,0,pos,2986.0358889306576,0.5169400322506752,OnTrack,9752.0,11882.0,1925.0
2026-09-06 14:39:14.609,0 days 02:32:39.433000,43,184.7052777777776,0 days 00:00:49.296000,10942.0,239.0,6,100.0,False,0,car,2992.585555555556,0.5180739050513529,OnTrack,9701.21131316192,11854.329128035193,1925.2422476993086
2026-09-06 14:39:14.809,0 days 02:32:39.633000,43,185.98305555555498,0 days 00:00:49.496000,11177.0,244.0,6,100.0,False,0,car,3006.1411111111115,0.5204206314761898,OnTrack,9586.613347599587,11791.951222716812,1925.0106154578837
2026-09-06 14:39:14.831,0 days 02:32:39.655000,43,186.11138963555499,0 days 00:00:49.518000,11199.8251328,244.4812528,6,100.0,False,0,pos,3007.650715224202,0.5206819728759364,OnTrack,9568.0,11782.0,1925.0
2026-09-06 14:39:15.030,0 days 02:32:39.854000,43,187.27222334222174,0 days 00:00:49.717000,11406.2876992,248.8343792,6,100.0,False,0,pos,3021.4779245812906,0.5230757277793813,OnTrack,9365.0,11674.0,1925.0
2026-09-06 14:39:15.129,0 days 02:32:39.953000,43,187.84972222222177,0 days 00:00:49.816000,11509.0,251.0,6,100.0,False,0,car,3028.4522222222226,0.5242831123459212,OnTrack,9288.184916346545,11632.216600943597,1924.8190546640915
2026-09-06 14:39:15.369,0 days 02:32:40.193000,43,189.0497222222225,0 days 00:00:50.056000,11583.0,257.0,6,100.0,False,0,car,3045.5855555555554,0.5272492206632148,OnTrack,9175.901988676613,11568.11370439118,1924.0471356265841
2026-09-06 14:39:15.391,0 days 02:32:40.215000,43,189.1597228622225,0 days 00:00:50.078000,11504.035254857143,257.39285942857146,6,100.0,False,0,pos,3047.170368751984,0.5275235821964802,OnTrack,9167.0,11563.0,1924.0
2026-09-06 14:39:15.649,0 days 02:32:40.473000,43,190.4497222222226,0 days 00:00:50.336000,10578.0,262.0,6,100.0,False,0,car,3065.963333333333,0.5307770044854695,OnTrack,9063.484346106039,11503.787323129782,1923.8613684082752
2026-09-06 14:39:15.731,0 days 02:32:40.555000,43,190.79138947675298,0 days 00:00:50.418000,10642.209586786568,263.84040216904174,6,100.0,False,0,pos,3072.046770695125,0.531830164066591,OnTrack,9015.0,11476.0,1924.0
2026-09-06 14:39:16.031,0 days 02:32:40.855000,43,192.0413896762541,0 days 00:00:50.718000,10877.122342483366,270.5735703259564,6,100.0,False,0,pos,3094.7029744565807,0.5357523870869307,OnTrack,8769.0,11335.0,1925.0
2026-09-06 14:39:16.050,0 days 02:32:40.874000,43,192.1205555555557,0 days 00:00:50.737000,10892.0,271.0,7,100.0,False,0,car,3096.1497222222224,0.53600284684845,OnTrack,8754.95501655486,11327.019235927208,1925.0414438694477
2026-09-06 14:39:16.330,0 days 02:32:41.154000,43,193.1316666666662,0 days 00:00:51.017000,11075.0,276.0,7,100.0,False,0,car,3117.616388888889,0.5397191382031916,OnTrack,8593.395366149152,11236.666437780175,1925.11659917473
2026-09-06 14:39:16.471,0 days 02:32:41.295000,43,193.60166730666617,0 days 00:00:51.158000,11185.5970256,278.203128,7,100.0,False,0,pos,3128.5575392794303,0.5416132609954569,OnTrack,8515.0,11193.0,1925.0
2026-09-06 14:39:16.650,0 days 02:32:41.474000,43,194.1983333333328,0 days 00:00:51.337000,11326.0,281.0,7,100.0,False,0,car,3142.5941666666668,0.5440432701728909,OnTrack,8402.35505348187,11129.75442993369,1924.852169760604
2026-09-06 14:39:16.751,0 days 02:32:41.575000,43,194.4227782044441,0 days 00:00:51.438000,11393.859504,282.8937536,7,100.0,False,0,pos,3150.5945687299904,0.5454282930776605,OnTrack,8339.0,11094.0,1925.0
2026-09-06 14:39:16.970,0 days 02:32:41.794000,43,194.9094444444445,0 days 00:00:51.657000,11541.0,287.0,7,100.0,False,0,car,3168.1052777777772,0.5484597323625837,OnTrack,8202.089537041742,11016.170107657177,1926.00193376102
2026-09-06 14:39:17.031,0 days 02:32:41.855000,43,195.0111114311112,0 days 00:00:51.718000,11498.2998656,287.91500288,7,100.0,False,0,pos,3173.0087102508755,0.5493086104856428,OnTrack,8146.0,10984.0,1926.0
2026-09-06 14:39:17.170,0 days 02:32:41.994000,43,195.24277777777797,0 days 00:00:51.857000,11401.0,290.0,7,100.0,False,0,car,3184.2163888888886,0.5512488744248898,OnTrack,7977.8800958381535,10887.152750068777,1925.2366899569986
2026-09-06 14:39:17.231,0 days 02:32:42.055000,43,195.3444447411231,0 days 00:00:51.918000,11201.820207295723,290.4372772616998,7,100.0,False,0,pos,3189.1458288556005,0.5521022549434618,OnTrack,7909.0,10847.0,1925.0
2026-09-06 14:39:17.449,0 days 02:32:42.273000,43,195.70777777777766,0 days 00:00:52.136000,10490.0,292.0,8,100.0,False,0,car,3206.8463888888887,0.5551665610719925,OnTrack,7755.080591563815,10753.261359701568,1925.9321840807766
2026-09-06 14:39:17.611,0 days 02:32:42.435000,43,195.8427778844445,0 days 00:00:52.298000,10581.800072533333,294.7000021333333,8,100.0,False,0,pos,3220.143209000967,0.5574684954335486,OnTrack,7675.0,10700.0,1927.0
2026-09-06 14:39:17.689,0 days 02:32:42.513000,43,195.90777777777794,0 days 00:00:52.376000,10626.0,296.0,8,100.0,False,0,car,3226.579722222222,0.5585827792117549,OnTrack,7632.67733451066,10671.178626929106,1927.2857913389823
2026-09-06 14:39:18.009,0 days 02:32:42.833000,43,195.90777777777794,0 days 00:00:52.696000,10748.0,299.0,8,100.0,False,0,car,3253.1575,0.563183901841435,OnTrack,7440.041715660553,10534.837205280272,1927.1626235865997
2026-09-06 14:39:18.091,0 days 02:32:42.915000,43,195.88499996444446,0 days 00:00:52.778000,10761.666688,299.6833344,8,100.0,False,0,pos,3260.001401246936,0.5643687122934549,OnTrack,7391.0,10498.0,1927.0
2026-09-06 14:39:18.249,0 days 02:32:43.073000,43,195.84111111111088,0 days 00:00:52.936000,10788.0,301.0,8,100.0,False,0,car,3273.224166666667,0.5666578263686936,OnTrack,7298.924363659207,10425.92526661891,1926.615793686706
2026-09-06 14:39:18.491,0 days 02:32:43.315000,43,195.70666659555513,0 days 00:00:53.178000,10824.3000192,302.34444515555555,8,100.0,False,0,pos,3293.5727155266,0.5701805501051708,OnTrack,7155.0,10308.0,1925.0
2026-09-06 14:39:18.609,0 days 02:32:43.433000,43,195.6411111111106,0 days 00:00:53.296000,10842.0,303.0,8,100.0,False,0,car,3303.524166666667,0.5719033369920788,OnTrack,7078.444329688503,10244.804307929817,1923.320117383692
2026-09-06 14:39:18.631,0 days 02:32:43.455000,43,195.6288888177772,0 days 00:00:53.318000,10844.4750144,303.1375008,8,100.0,False,0,pos,3305.381085007088,0.5722248051399813,OnTrack,7064.0,10233.0,1923.0
2026-09-06 14:39:18.769,0 days 02:32:43.593000,43,195.5522222222212,0 days 00:00:53.456000,10860.0,304.0,8,100.0,False,0,car,3317.0352777777784,0.5742423692319163,OnTrack,6973.279546782198,10159.958702121567,1921.081166570392
2026-09-06 14:39:18.831,0 days 02:32:43.655000,43,195.5522222222213,0 days 00:00:53.518000,10874.208362666666,304.0,8,100.0,False,0,pos,3322.269336561198,0.5751484851049147,OnTrack,6933.0,10127.0,1920.0
2026-09-06 14:39:19.009,0 days 02:32:43.833000,43,195.55222222222164,0 days 00:00:53.696000,10915.0,304.0,8,100.0,False,0,car,3337.301944444445,0.5777509175916723,OnTrack,6819.285494532177,10030.113795562529,1916.0389766772923
2026-09-06 14:39:19.011,0 days 02:32:43.835000,43,195.55166663111055,0 days 00:00:53.698000,10915.375024,304.0125008,8,100.0,False,0,pos,3337.4711372009488,0.5777802080999772,OnTrack,6818.0,10029.0,1916.0
2026-09-06 14:39:19.169,0 days 02:32:43.993000,43,195.5077777777774,0 days 00:00:53.856000,10945.0,305.0,8,100.0,False,0,car,3350.8575000000005,0.5800976440165091,OnTrack,6715.325439416124,9939.250429962936,1913.6604932952469
2026-09-06 14:39:19.271,0 days 02:32:44.095000,43,195.47944440888853,0 days 00:00:53.958000,10941.599995733333,305.42500053333333,8,100.0,False,0,pos,3359.517940041829,0.5815969321433276,OnTrack,6651.0,9883.0,1912.0
2026-09-06 14:39:19.409,0 days 02:32:44.233000,43,195.44111111111079,0 days 00:00:54.096000,10937.0,306.0,8,100.0,False,0,car,3371.2575,0.5836292749312635,OnTrack,6567.634736995679,9810.752688982566,1908.7349685402994
2026-09-06 14:39:19.471,0 days 02:32:44.295000,43,195.423888853333,0 days 00:00:54.158000,10945.783351466667,306.25833386666665,8,100.0,False,0,pos,3376.540414415458,0.584543848650363,OnTrack,6523.0,9772.0,1907.0
2026-09-06 14:39:19.649,0 days 02:32:44.473000,43,195.37444444444418,0 days 00:00:54.336000,10971.0,307.0,8,100.0,False,0,car,3391.724166666667,0.5871724471235171,OnTrack,6355.811536650952,9626.05608311653,1901.4178217311123
2026-09-06 14:39:19.731,0 days 02:32:44.555000,43,195.3516666311107,0 days 00:00:54.418000,10980.2250144,307.0,8,100.0,False,0,pos,3398.71598671117,0.5883828651538879,OnTrack,6279.0,9559.0,1899.0
2026-09-06 14:39:19.809,0 days 02:32:44.633000,43,195.32999999999947,0 days 00:00:54.496000,10989.0,307.0,8,100.0,False,0,car,3405.3686111111115,0.589534561918353,OnTrack,6213.304090466479,9501.753509258533,1896.9571011594455
2026-09-06 14:39:20.111,0 days 02:32:44.935000,43,195.24611107555495,0 days 00:00:54.798000,11017.312512,307.9437504,8,100.0,False,0,pos,3431.2002247293863,0.5940065092336614,OnTrack,6020.0,9334.0,1891.0
2026-09-06 14:39:20.129,0 days 02:32:44.953000,43,195.2411111111105,0 days 00:00:54.816000,11019.0,308.0,8,100.0,False,0,car,3432.746388888889,0.5942741798780233,OnTrack,6010.949260350753,9326.15419513797,1890.7065635628496
2026-09-06 14:39:20.551,0 days 02:32:45.375000,43,194.88944433777795,0 days 00:00:55.238000,11112.0318464,310.8772736,8,100.0,False,0,pos,3469.199088375926,0.6005848406836446,OnTrack,5825.0,9165.0,1885.0
2026-09-06 14:39:20.569,0 days 02:32:45.393000,43,194.87444444444463,0 days 00:00:55.256000,11116.0,311.0,8,100.0,False,0,car,3470.7575,0.6008546315988158,OnTrack,5814.027879971568,9155.489211205919,1884.7607581864354
2026-09-06 14:39:20.691,0 days 02:32:45.515000,43,194.73888874666687,0 days 00:00:55.378000,11123.625008,311.30500032,8,100.0,False,0,pos,3481.322321301397,0.6026836046143487,OnTrack,5734.0,9086.0,1883.0
2026-09-06 14:39:20.851,0 days 02:32:45.675000,43,194.56111096888915,0 days 00:00:55.538000,11133.625008,311.70500032,8,100.0,False,0,pos,3495.185861204863,0.6050836490315552,OnTrack,5630.0,8995.0,1880.0
2026-09-06 14:39:20.969,0 days 02:32:45.793000,43,194.4300000000003,0 days 00:00:55.656000,11141.0,312.0,8,100.0,False,0,car,3505.4241666666667,0.6068560958983985,OnTrack,5514.35387813049,8894.63142286648,1878.321796138681
2026-09-06 14:39:21.111,0 days 02:32:45.935000,43,194.27222208000018,0 days 00:00:55.798000,11153.07001088,312.35500032,8,100.0,False,0,pos,3517.7623172585795,0.6089920661955208,OnTrack,5368.0,8768.0,1877.0
2026-09-06 14:39:21.369,0 days 02:32:46.193000,43,193.9855555555555,0 days 00:00:56.056000,11175.0,313.0,8,100.0,False,0,car,3540.2019444444445,0.6128767956604798,OnTrack,5234.09437239834,8651.999457392458,1876.0491822190938
2026-09-06 14:39:21.529,0 days 02:32:46.353000,43,193.80777777777757,0 days 00:00:56.216000,11184.0,313.0,8,100.0,False,0,car,3554.113055555556,0.6152850755653124,OnTrack,5177.139131549373,8601.918116057752,1876.0118738571582
2026-09-06 14:39:21.610,0 days 02:32:46.434000,43,193.69527786666646,0 days 00:00:56.297000,11190.0749952,313.22499982222223,8,100.0,False,0,pos,3561.1674254068553,0.6165063221658496,OnTrack,5132.0,8562.0,1876.0
2026-09-06 14:39:21.650,0 days 02:32:46.474000,43,193.63972231111092,0 days 00:00:56.337000,11193.0749952,313.3361109333333,8,100.0,False,0,pos,3564.6547766153244,0.6171100494863612,OnTrack,5106.0,8539.0,1876.0
2026-09-06 14:39:21.889,0 days 02:32:46.713000,43,193.30777777777757,0 days 00:00:56.576000,11211.0,314.0,8,100.0,False,0,car,3585.513055555556,0.6207210172674346,OnTrack,4948.681063137822,8403.174338729496,1876.66469579256
2026-09-06 14:39:21.951,0 days 02:32:46.775000,43,193.2388887466662,0 days 00:00:56.638000,11220.61001984,314.0,8,100.0,False,0,pos,3590.9219945009745,0.6216574082476138,OnTrack,4908.0,8368.0,1877.0
2026-09-06 14:39:22.089,0 days 02:32:46.913000,43,193.0855555555545,0 days 00:00:56.776000,11242.0,314.0,8,100.0,False,0,car,3602.957500000001,0.6237409848797246,OnTrack,4817.724908752456,8289.058397644229,1877.9835500260463
2026-09-06 14:39:22.171,0 days 02:32:46.995000,43,192.9944443022214,0 days 00:00:56.858000,11239.9499968,314.0,8,100.0,False,0,pos,3610.107138378744,0.6249787242879443,OnTrack,4764.0,8242.0,1879.0
2026-09-06 14:39:22.329,0 days 02:32:47.153000,43,192.81888888888852,0 days 00:00:57.016000,11236.0,314.0,8,100.0,False,0,car,3623.890833333334,0.6273649460144726,OnTrack,4659.946758656121,8151.430846943705,1882.0758579218896
2026-09-06 14:39:22.391,0 days 02:32:47.215000,43,192.6638885379849,0 days 00:00:57.078000,11240.442377658293,314.1931468547084,8,100.0,False,0,pos,3629.308691071087,0.6283028810085114,OnTrack,4619.0,8116.0,1883.0
2026-09-06 14:39:22.511,0 days 02:32:47.335000,43,192.36388847817153,0 days 00:00:57.198000,11249.040510213685,314.5669787049428,8,100.0,False,0,pos,3639.8096884980055,0.6301208048883478,OnTrack,4539.0,8047.0,1884.0
2026-09-06 14:39:22.650,0 days 02:32:47.474000,43,192.01638888888783,0 days 00:00:57.337000,11259.0,315.0,8,100.0,False,0,car,3651.9783333333344,0.6322274304908533,OnTrack,4440.527702805068,7961.5817769610585,1886.0872971203407
2026-09-06 14:39:22.871,0 days 02:32:47.695000,43,191.21833263999966,0 days 00:00:57.558000,11263.604170666667,315.0,8,100.0,False,0,pos,3671.316385159417,0.6355752178271336,OnTrack,4270.0,7813.0,1891.0
2026-09-06 14:39:22.890,0 days 02:32:47.714000,43,191.14972222222195,0 days 00:00:57.577000,11264.0,315.0,8,100.0,False,0,car,3672.978333333334,0.6358629329031005,OnTrack,4254.578100603871,7799.578831177153,1891.4148442536691
2026-09-06 14:39:23.071,0 days 02:32:47.895000,43,190.29499909333316,0 days 00:00:57.758000,11269.0906304,315.0,8,100.0,False,0,pos,3688.8063630979027,0.6386030681597771,OnTrack,4109.0,7673.0,1895.0
2026-09-06 14:39:23.210,0 days 02:32:48.034000,43,189.638611111111,0 days 00:00:57.897000,11273.0,315.0,8,100.0,False,0,car,3700.978333333334,0.6407102694527634,OnTrack,4018.841560091332,7594.680243942232,1896.5887146067678
2026-09-06 14:39:23.410,0 days 02:32:48.234000,43,188.41638888888883,0 days 00:00:58.097000,11295.0,316.0,8,100.0,False,0,car,3718.5338888888896,0.6437494725275521,OnTrack,3909.156696976124,7499.535010906203,1897.8380737814475
2026-09-06 14:39:23.431,0 days 02:32:48.255000,43,187.9030509033406,0 days 00:00:58.118000,11282.489248321262,315.7634521741415,8,97.37169082379448,False,0,pos,3720.376904096505,0.644068533776747,OnTrack,3897.0,7489.0,1898.0
2026-09-06 14:39:24.091,0 days 02:32:48.915000,43,171.76971886228935,0 days 00:00:58.778000,10889.297790454244,308.32915990354667,8,14.768443372740455,False,0,pos,3777.2689866566366,0.6539176434617531,OnTrack,3465.0,7114.0,1905.0
2026-09-06 14:39:24.209,0 days 02:32:49.033000,43,168.8852777777779,0 days 00:00:58.896000,10819.0,307.0,8,0.0,False,0,car,3786.670833333334,0.6555452832842632,OnTrack,3388.9374764375416,7047.20728389906,1905.8609447033123
2026-09-06 14:39:24.231,0 days 02:32:49.055000,43,168.45138636444455,0 days 00:00:58.918000,10764.121902933333,304.6166528,8,0.0,False,0,pos,3788.388296447524,0.6558426090601958,OnTrack,3375.0,7035.0,1906.0
2026-09-06 14:39:24.431,0 days 02:32:49.255000,43,164.5069419199999,0 days 00:00:59.118000,10265.233014044445,282.9499861333333,8,0.0,False,0,pos,3803.495918597754,0.6584580279540282,OnTrack,3252.0,6928.0,1907.0
2026-09-06 14:39:24.569,0 days 02:32:49.393000,43,161.78527777777754,0 days 00:00:59.256000,9921.0,268.0,8,0.0,True,0,car,3813.470833333334,0.6601848768389407,OnTrack,3170.5312132977697,6857.4278235320535,1907.5111902410958
2026-09-06 14:39:24.691,0 days 02:32:49.515000,43,159.58249768888857,0 days 00:00:59.378000,10159.916917333334,256.8166549333333,8,0.0,True,0,pos,3822.018399580665,0.661664624348989,OnTrack,3102.0,6798.0,1908.0
2026-09-06 14:39:24.809,0 days 02:32:49.633000,43,157.45194444444405,0 days 00:00:59.496000,10391.0,246.0,8,0.0,True,0,car,3829.8708333333343,0.6630240311037432,OnTrack,3039.8347086664467,6743.87446569905,1908.618047821676
2026-09-06 14:39:24.911,0 days 02:32:49.735000,43,156.23360958222185,0 days 00:00:59.598000,10249.656965485714,235.43570102857143,8,0.0,True,0,pos,3836.1970898062723,0.6641192273260224,OnTrack,2989.0,6699.0,1909.0
2026-09-06 14:39:25.071,0 days 02:32:49.895000,43,154.32249847111072,0 days 00:00:59.758000,10027.942679771428,218.86427245714285,8,0.0,True,0,pos,3845.6659969684347,0.6657584766036124,OnTrack,2914.0,6631.0,1909.0
2026-09-06 14:39:25.089,0 days 02:32:49.913000,43,154.10749999999962,0 days 00:00:59.776000,10003.0,217.0,7,0.0,True,0,car,3846.748611111112,0.6659458978572901,OnTrack,2905.8979179091625,6623.545230548251,1908.992640354437
2026-09-06 14:39:25.249,0 days 02:32:50.073000,43,152.0186111111111,0 days 00:00:59.936000,10450.0,217.0,6,0.0,True,0,car,3856.393055555556,0.6676155360021739,OnTrack,2836.7733482763983,6559.0548775235075,1908.9851060543183
2026-09-06 14:39:25.431,0 days 02:32:50.255000,43,151.2097216533333,0 days 00:01:00.118000,10104.65475712,203.3499904,6,0.0,True,0,pos,3866.303543676728,0.6693312314055582,OnTrack,2765.0,6489.0,1909.0
2026-09-06 14:39:25.611,0 days 02:32:50.435000,43,150.4097216533333,0 days 00:01:00.298000,9763.10475712,189.8499904,6,0.0,True,0,pos,3875.2862617016276,0.6708863120268942,OnTrack,2702.0,6422.0,1909.0
2026-09-06 14:39:25.649,0 days 02:32:50.473000,43,150.24083333333328,0 days 00:01:00.336000,9691.0,187.0,5,0.0,True,0,car,3877.170833333334,0.6712125674894238,OnTrack,2689.918114742033,6407.72340896639,1909.0392330664715
2026-09-06 14:39:25.831,0 days 02:32:50.655000,43,150.34194451555564,0 days 00:01:00.518000,9468.0498432,181.43888497777778,5,0.0,True,0,pos,3886.146316737076,0.6727663956592043,OnTrack,2640.0,6341.0,1909.0
2026-09-06 14:39:26.009,0 days 02:32:50.833000,43,150.44083333333356,0 days 00:01:00.696000,9250.0,176.0,5,0.0,True,0,car,3894.770833333334,0.674259464749212,OnTrack,2608.409009258706,6285.906906819923,1907.3145018837065
2026-09-06 14:39:26.051,0 days 02:32:50.875000,43,150.65083397333353,0 days 00:01:00.738000,9232.966614755556,175.18333084444444,5,3.033342577777778,True,0,pos,3896.7734325877327,0.6746061530549325,OnTrack,2602.0,6272.0,1907.0
2026-09-06 14:39:26.369,0 days 02:32:51.193000,43,152.24083333333328,0 days 00:01:01.056000,9104.0,169.0,5,26.0,False,0,car,3911.670833333334,0.6771851785952585,OnTrack,2560.1804134450795,6142.901430652349,1906.9977876007981
2026-09-06 14:39:26.371,0 days 02:32:51.195000,43,152.25527870222217,0 days 00:01:01.058000,9104.583370666667,169.0,5,26.0750048,False,0,pos,3911.764479520869,0.6772013905448149,OnTrack,2560.0,6142.0,1907.0
2026-09-06 14:39:26.571,0 days 02:32:51.395000,43,153.69972314666643,0 days 00:01:01.258000,9162.916704,169.0,5,33.5750048,False,0,pos,3921.1520893576057,0.6788265656975144,OnTrack,2548.0,6047.0,1907.0
2026-09-06 14:39:26.609,0 days 02:32:51.433000,43,153.9741666666664,0 days 00:01:01.296000,9174.0,169.0,5,35.0,False,0,car,3922.937500000001,0.6791356544926229,OnTrack,2546.8141096450336,6027.604404306736,1906.9356732046272
2026-09-06 14:39:26.891,0 days 02:32:51.715000,43,156.4025011022216,0 days 00:01:01.578000,9322.690976581818,170.28181876363635,5,57.43182836363636,False,0,pos,3936.2041533951933,0.6814323664174167,OnTrack,2545.0,5870.0,1906.0
2026-09-06 14:39:27.049,0 days 02:32:51.873000,43,157.76305555555473,0 days 00:01:01.736000,9406.0,171.0,5,70.0,False,0,car,3943.837500000001,0.6827538449886214,OnTrack,2544.615844763009,5772.38555820311,1905.5125954938324
2026-09-06 14:39:27.311,0 days 02:32:52.135000,43,159.72805651555458,0 days 00:01:01.998000,9686.194581333333,179.00555946666665,5,78.00555946666667,False,0,pos,3957.000515402696,0.6850326151909522,OnTrack,2543.0,5634.0,1905.0
2026-09-06 14:39:27.409,0 days 02:32:52.233000,43,160.46305555555455,0 days 00:01:02.096000,9791.0,182.0,5,81.0,False,0,car,3962.037500000001,0.6859046137459023,OnTrack,2541.868498223529,5607.034739493368,1904.9547129278822
2026-09-06 14:39:27.531,0 days 02:32:52.355000,43,161.27638974222117,0 days 00:01:02.218000,9993.8252128,185.812504,5,77.187496,False,0,pos,3968.3695865537943,0.6870008192668964,OnTrack,2539.0,5573.0,1905.0
2026-09-06 14:39:27.569,0 days 02:32:52.393000,43,161.52972222222115,0 days 00:01:02.256000,10057.0,187.0,5,76.0,False,0,car,3970.348611111112,0.6873434263408023,OnTrack,2537.4897763490408,5556.851178705204,1905.0339441437313
2026-09-06 14:39:27.729,0 days 02:32:52.553000,43,162.72972222222143,0 days 00:01:02.416000,10115.0,188.0,5,72.0,False,0,car,3978.7041666666673,0.6887899331207017,OnTrack,2528.1428551022723,5471.042413722499,1905.0071217318198
2026-09-06 14:39:27.731,0 days 02:32:52.555000,43,162.74583436444365,0 days 00:01:02.418000,10117.243000685714,188.02142994285714,5,72.00714331428571,False,0,pos,3978.80907205521,0.6888080942537067,OnTrack,2528.0,5470.0,1905.0
2026-09-06 14:39:28.009,0 days 02:32:52.833000,43,164.9852777777769,0 days 00:01:02.696000,10429.0,191.0,5,73.0,False,0,car,3993.559722222223,0.6913617144567729,OnTrack,2498.2266783992554,5335.175055020879,1902.510318452331
2026-09-06 14:39:28.071,0 days 02:32:52.895000,43,165.5880567999992,0 days 00:01:02.758000,10476.828670171428,192.32857417142858,5,73.44285805714286,False,0,pos,3996.917056610269,0.6919429333742233,OnTrack,2485.0,5297.0,1902.0
2026-09-06 14:39:28.289,0 days 02:32:53.113000,43,167.70749999999953,0 days 00:01:02.976000,10645.0,197.0,5,75.0,False,0,car,4008.8819444444453,0.6940142847353384,OnTrack,2420.510772653555,5138.386277547934,1901.0349044889776
2026-09-06 14:39:28.310,0 days 02:32:53.134000,43,167.92333530666622,0 days 00:01:02.997000,10662.01015552,197.21000192,5,75.10500096,False,0,pos,4010.0392395282865,0.6942146346910044,OnTrack,2415.0,5126.0,1901.0
2026-09-06 14:39:28.489,0 days 02:32:53.313000,43,169.76305555555518,0 days 00:01:03.176000,10807.0,199.0,5,76.0,False,0,car,4019.937500000001,0.6959282132539554,OnTrack,2380.502873073391,5057.841766778309,1901.0799067722658
2026-09-06 14:39:28.651,0 days 02:32:53.475000,43,171.47305690666659,0 days 00:01:03.338000,10885.9750624,201.0250016,5,80.0500032,False,0,pos,4028.9938112255963,0.6974960342685607,OnTrack,2350.0,5011.0,1901.0
2026-09-06 14:39:28.729,0 days 02:32:53.553000,43,172.29638888888894,0 days 00:01:03.416000,10924.0,202.0,5,82.0,False,0,car,4033.404166666667,0.6982595513087931,OnTrack,2329.824066681388,4980.206905787665,1900.6826948551927
2026-09-06 14:39:28.851,0 days 02:32:53.675000,43,173.5163904121288,0 days 00:01:03.538000,11054.361533480182,204.28037667895362,5,83.14018833947681,False,0,pos,4040.3789943468955,0.6994670276352921,OnTrack,2285.0,4919.0,1900.0
2026-09-06 14:39:29.050,0 days 02:32:53.874000,43,175.50638888888807,0 days 00:01:03.737000,11267.0,208.0,5,85.0,False,0,car,4051.9508333333342,0.70147033470907,OnTrack,2165.071201276672,4786.239628528808,1899.102081905702
2026-09-06 14:39:29.091,0 days 02:32:53.915000,43,175.89361292444383,0 days 00:01:03.778000,11316.2002304,209.281256,5,86.7937584,False,0,pos,4054.363817113702,0.7018880684402246,OnTrack,2143.0,4763.0,1899.0
2026-09-06 14:39:29.210,0 days 02:32:54.034000,43,177.01749999999993,0 days 00:01:03.897000,11459.0,213.0,5,92.0,False,0,car,4061.4175000000005,0.703109196113956,OnTrack,2093.6805973045903,4712.453626129123,1898.9103240510792
2026-09-06 14:39:29.370,0 days 02:32:54.194000,43,178.43972222222146,0 days 00:01:04.057000,11744.0,216.0,5,96.0,False,0,car,4071.017500000001,0.7047711400738405,OnTrack,2056.659593762748,4677.233515377135,1899.160222905339
2026-09-06 14:39:29.511,0 days 02:32:54.335000,43,179.6147238222212,0 days 00:01:04.198000,11826.8376128,220.1125056,5,96.0,False,0,pos,4079.690371573557,0.7062725803370201,OnTrack,2018.0,4633.0,1899.0
2026-09-06 14:39:29.610,0 days 02:32:54.434000,43,180.439722222221,0 days 00:01:04.297000,11885.0,223.0,5,96.0,False,0,car,4085.884166666667,0.7073448449561615,OnTrack,1982.9563433785668,4588.640488250796,1898.576749909295
2026-09-06 14:39:29.751,0 days 02:32:54.575000,43,181.45805694222125,0 days 00:01:04.438000,11095.3989248,227.23000576,5,95.29499904,False,0,pos,4094.8260060197704,0.7088928486960726,OnTrack,1931.0,4517.0,1898.0
2026-09-06 14:39:29.810,0 days 02:32:54.634000,43,181.8841666666658,0 days 00:01:04.497000,10765.0,229.0,5,95.0,False,0,car,4098.606388888889,0.7095473054122583,OnTrack,1912.6858018527748,4488.645869619354,1897.9807462154802
2026-09-06 14:39:29.851,0 days 02:32:54.675000,43,182.1802791644436,0 days 00:01:04.538000,10792.6751296,229.7687536,5,95.640628,False,0,pos,4101.246271122231,0.7100043196135613,OnTrack,1899.0,4463.0,1898.0
2026-09-06 14:39:30.051,0 days 02:32:54.875000,43,183.62472360888805,0 days 00:01:04.738000,10927.6751296,233.5187536,5,98.765628,False,0,pos,4114.275873964153,0.7122599935451057,OnTrack,1817.0,4258.0,1898.0
2026-09-06 14:39:30.130,0 days 02:32:54.954000,43,184.19527777777694,0 days 00:01:04.817000,10981.0,235.0,6,100.0,False,0,car,4119.495277777778,0.7131635723620069,OnTrack,1798.181206082666,4204.40263066379,1897.8627757719992
2026-09-06 14:39:30.290,0 days 02:32:55.114000,43,185.26194444444445,0 days 00:01:04.977000,11223.0,240.0,6,100.0,False,0,car,4130.161944444445,0.7150101767618785,OnTrack,1788.7847152629413,4161.460389099853,1897.340822357155
2026-09-06 14:39:30.391,0 days 02:32:55.215000,43,185.9633346666668,0 days 00:01:05.078000,11207.8499712,240.0,6,100.0,False,0,pos,4136.87360076172,0.7161720930824323,OnTrack,1783.0,4126.0,1897.0
2026-09-06 14:39:30.450,0 days 02:32:55.274000,43,186.37305555555577,0 days 00:01:05.137000,11199.0,240.0,6,100.0,False,0,car,4140.828611111111,0.71685678116175,OnTrack,1777.6128805209617,4096.6756998368155,1896.8132977250802
2026-09-06 14:39:30.711,0 days 02:32:55.535000,43,187.7505565688894,0 days 00:01:05.398000,11464.660909714286,248.3892918857143,6,100.0,False,0,pos,4158.8611339902145,0.7199785564201255,OnTrack,1745.0,3910.0,1896.0
2026-09-06 14:39:30.730,0 days 02:32:55.554000,43,187.85083333333387,0 days 00:01:05.417000,11484.0,249.0,6,100.0,False,0,car,4160.195277777778,0.7202095222752669,OnTrack,1743.100622512901,3894.995826990332,1895.930433642583
2026-09-06 14:39:30.951,0 days 02:32:55.775000,43,188.89444514173442,0 days 00:01:05.638000,11495.777437336188,253.84953302078335,6,100.0,False,0,pos,4175.86247316155,0.7229218140186409,OnTrack,1726.0,3712.0,1895.0
2026-09-06 14:39:31.049,0 days 02:32:55.873000,43,189.35722222222194,0 days 00:01:05.736000,11501.0,256.0,6,100.0,False,0,car,4182.879722222223,0.724136634298994,OnTrack,1718.3953338896397,3625.9548577830906,1894.5287409049788
2026-09-06 14:39:31.329,0 days 02:32:56.153000,43,190.60166666666646,0 days 00:01:06.016000,10464.0,261.0,7,100.0,False,0,car,4203.179722222223,0.7276509532974996,OnTrack,1697.2454245998958,3395.3246062835337,1893.1036698970386
2026-09-06 14:39:31.351,0 days 02:32:56.175000,43,190.67500042666643,0 days 00:01:06.038000,10481.550102109091,261.4500026181818,7,100.0,False,0,pos,4204.800907382294,0.727931611514649,OnTrack,1696.0,3382.0,1893.0
2026-09-06 14:39:31.631,0 days 02:32:56.455000,43,191.6083337599995,0 days 00:01:06.318000,10704.913738472727,267.1772753454545,7,100.0,False,0,pos,4225.783480651475,0.731564097025852,OnTrack,1683.0,3250.0,1892.0
2026-09-06 14:39:31.769,0 days 02:32:56.593000,43,192.0683333333327,0 days 00:01:06.456000,10815.0,270.0,7,100.0,False,0,car,4236.179722222223,0.7333638856596024,OnTrack,1672.6257004366134,3152.4056199932543,1892.0120491854018
2026-09-06 14:39:31.831,0 days 02:32:56.655000,43,192.29222268444408,0 days 00:01:06.518000,10834.37504,270.3875008,7,100.0,False,0,pos,4240.839730564162,0.7341706224009459,OnTrack,1668.0,3107.0,1892.0
2026-09-06 14:39:31.929,0 days 02:32:56.753000,43,192.64611111111117,0 days 00:01:06.616000,10865.0,271.0,7,100.0,False,0,car,4248.224166666667,0.7354490097944573,OnTrack,1661.672710130701,3040.0078737639146,1891.8505513047487
2026-09-06 14:39:32.111,0 days 02:32:56.935000,43,193.20222261333316,0 days 00:01:06.798000,11013.33010432,274.18500224,7,100.0,False,0,pos,4262.147787203182,0.737859455320539,OnTrack,1649.0,2896.0,1891.0
2026-09-06 14:39:32.329,0 days 02:32:57.153000,43,193.86833333333288,0 days 00:01:07.016000,11191.0,278.0,7,100.0,False,0,car,4279.1130555555565,0.7407964683690856,OnTrack,1625.1770616388733,2636.922484004426,1889.0137952495622
2026-09-06 14:39:32.331,0 days 02:32:57.155000,43,193.87166687999954,0 days 00:01:07.018000,11192.492952685714,278.0428598857143,7,100.0,False,0,pos,4279.269712218458,0.7408235886393654,OnTrack,1625.0,2635.0,1889.0
2026-09-06 14:39:32.609,0 days 02:32:57.433000,43,194.33499999999822,0 days 00:01:07.296000,11400.0,284.0,7,100.0,False,0,car,4301.201944444446,0.7446204783138198,OnTrack,1611.6959358494998,2488.47951758318,1888.260626195037
2026-09-06 14:39:32.691,0 days 02:32:57.515000,43,194.4261112533321,0 days 00:01:07.378000,11447.56007424,285.23000192,7,100.0,False,0,pos,4307.716210445858,0.7457482225882083,OnTrack,1608.0,2447.0,1888.0
2026-09-06 14:39:32.809,0 days 02:32:57.633000,43,194.55722222222175,0 days 00:01:07.496000,11516.0,287.0,7,100.0,False,0,car,4317.146388888889,0.7473807671823777,OnTrack,1600.9636849526803,2368.088289961534,1887.3618936000223
2026-09-06 14:39:33.011,0 days 02:32:57.835000,43,194.55722222222175,0 days 00:01:07.698000,10990.7996672,290.3666688,7,100.0,False,0,pos,4333.529780381837,0.7502170461963491,OnTrack,1585.0,2193.0,1886.0
2026-09-06 14:39:33.169,0 days 02:32:57.993000,43,194.55722222222175,0 days 00:01:07.856000,10580.0,293.0,8,100.0,False,0,car,4346.4463888888895,0.7524531586432751,OnTrack,1570.3357582180106,2039.3086100129397,1885.2625383515494
2026-09-06 14:39:33.231,0 days 02:32:58.055000,43,194.53999996444398,0 days 00:01:07.918000,10588.008349866666,293.51666773333335,8,100.0,False,0,pos,4351.517771652436,0.7533311121799562,OnTrack,1565.0,1983.0,1885.0
2026-09-06 14:39:33.409,0 days 02:32:58.233000,43,194.49055555555515,0 days 00:01:08.096000,10611.0,295.0,8,100.0,False,0,car,4366.1130555555565,0.7558578355055384,OnTrack,1552.6517890824953,1847.8724524721626,1884.2276573335114
2026-09-06 14:39:33.611,0 days 02:32:58.435000,43,194.26611096888868,0 days 00:01:08.298000,10679.455598933333,297.2444458666667,8,100.0,False,0,pos,4382.82732880119,0.7587513964914173,OnTrack,1540.0,1705.0,1883.0
2026-09-06 14:39:33.731,0 days 02:32:58.555000,43,194.13277763555547,0 days 00:01:08.418000,10720.1222656,298.5777792,8,100.0,False,0,pos,4392.833142058261,0.7604835945024925,OnTrack,1531.0,1606.0,1882.0
2026-09-06 14:39:33.769,0 days 02:32:58.593000,43,194.0905555555555,0 days 00:01:08.456000,10733.0,299.0,8,100.0,False,0,car,4396.013055555556,0.7610340984639284,OnTrack,1528.0083022653391,1574.3600771089318,1881.7433663806423
2026-09-06 14:39:33.931,0 days 02:32:58.755000,43,193.77555530666646,0 days 00:01:08.618000,10795.485763657143,301.31428754285713,8,100.0,False,0,pos,4409.630363027617,0.7633915153288326,OnTrack,1515.0,1440.0,1881.0
2026-09-06 14:39:34.049,0 days 02:32:58.873000,43,193.5461111111108,0 days 00:01:08.736000,10841.0,303.0,8,100.0,False,0,car,4419.579722222223,0.7651139400598947,OnTrack,1506.0300841261644,1341.366628939448,1880.5770146414375
2026-09-06 14:39:34.211,0 days 02:32:59.035000,43,193.276110897777,0 days 00:01:08.898000,10925.24006656,303.81000064,8,100.0,False,0,pos,4433.252705510005,0.7674809954753875,OnTrack,1494.0,1205.0,1880.0
2026-09-06 14:39:34.249,0 days 02:32:59.073000,43,193.21277777777686,0 days 00:01:08.936000,10945.0,304.0,8,100.0,False,0,car,4436.468611111111,0.7680377303596914,OnTrack,1491.1066707827438,1172.9275075554744,1879.8410219406385
2026-09-06 14:39:34.431,0 days 02:32:59.255000,43,192.8083330488889,0 days 00:01:09.118000,10983.22002688,305.82000128,8,100.0,False,0,pos,4451.933615855363,0.7707150190288887,OnTrack,1477.0,1019.0,1879.0
2026-09-06 14:39:34.449,0 days 02:32:59.273000,43,192.76833333333343,0 days 00:01:09.136000,10987.0,306.0,8,100.0,False,0,car,4453.4686111111105,0.7709807561219866,OnTrack,1475.6063103290583,1003.7683436178504,1878.9176543479134
2026-09-06 14:39:34.609,0 days 02:32:59.433000,43,192.36833333333198,0 days 00:01:09.296000,11027.0,308.0,8,100.0,False,0,car,4467.1575,0.773350565101822,OnTrack,1463.1589019803014,867.7220211871844,1878.0173909192292
2026-09-06 14:39:34.611,0 days 02:32:59.435000,43,192.36222183110976,0 days 00:01:09.298000,11027.77004928,308.02000128,8,100.0,False,0,pos,4467.329162137676,0.7733802831073274,OnTrack,1463.0,866.0,1878.0
2026-09-06 14:39:34.809,0 days 02:32:59.633000,43,191.75722222222248,0 days 00:01:09.496000,11104.0,310.0,8,100.0,False,0,car,4484.379722222221,0.7763320617891144,OnTrack,1447.0779317030363,695.8213877864358,1876.0045159788478
2026-09-06 14:39:34.810,0 days 02:32:59.634000,43,191.75416686222246,0 days 00:01:09.497000,11104.2749824,310.0062496,8,100.0,False,0,pos,4484.466008412184,0.7763469995820551,OnTrack,1447.0,695.0,1876.0
2026-09-06 14:39:34.969,0 days 02:32:59.793000,43,191.26833333333252,0 days 00:01:09.656000,11148.0,311.0,8,100.0,False,0,car,4498.201944444444,0.7787249533239482,OnTrack,1434.191520756491,560.0564715185424,1876.0022742645274
2026-09-06 14:39:34.971,0 days 02:32:59.795000,43,191.2622218311103,0 days 00:01:09.658000,11148.1125072,311.0062504,8,100.0,False,0,pos,4498.374920841464,0.7787548988529305,OnTrack,1434.0,558.0,1876.0
2026-09-06 14:39:35.289,0 days 02:33:00.113000,43,190.29055555555624,0 days 00:01:09.976000,11166.0,312.0,8,100.0,False,0,car,4525.935277777777,0.7835261247636143,OnTrack,1398.153734084672,163.68758433240865,1874.0109975768617
2026-09-06 14:39:35.291,0 days 02:33:00.115000,43,190.2838884622229,0 days 00:01:09.978000,11166.07000448,312.01000064,8,100.0,False,0,pos,4526.109014934093,0.7835562019946088,OnTrack,1398.0,162.0,1874.0
2026-09-06 14:39:35.489,0 days 02:33:00.313000,43,189.62388888889018,0 days 00:01:10.176000,11173.0,313.0,8,100.0,False,0,car,4543.324166666665,0.7865364746446549,OnTrack,1389.7128432351576,72.98352705267357,1873.3278105658922
2026-09-06 14:39:35.591,0 days 02:33:00.415000,43,189.3405550873718,0 days 00:01:10.278000,11190.1056183277,313.0,8,100.0,False,0,pos,4552.190421331625,0.7880713932266576,OnTrack,1385.0,23.0,1873.0
2026-09-06 14:39:35.650,0 days 02:33:00.474000,43,189.1766666666681,0 days 00:01:10.337000,11200.0,313.0,8,100.0,False,0,car,4557.322222222221,0.7889598062988927,OnTrack,1380.9249624431302,-20.649176571432918,1872.7527614273952
2026-09-06 14:39:35.791,0 days 02:33:00.615000,43,188.78499946666835,0 days 00:01:10.478000,11202.11500288,313.35250048,8,100.0,False,0,pos,4569.606702434518,0.7910864852248456,OnTrack,1369.0,-149.0,1872.0
2026-09-06 14:39:36.050,0 days 02:33:00.874000,43,188.0655555555577,0 days 00:01:10.737000,11206.0,314.0,8,100.0,False,0,car,4592.211111111109,0.7949997415234725,OnTrack,1348.9460567952767,-366.04631453181935,1870.2320696965135
2026-09-06 14:39:36.091,0 days 02:33:00.915000,43,187.9516661333355,0 days 00:01:10.778000,11206.0,314.0,8,100.0,False,0,pos,4595.787947820467,0.7956189604989528,OnTrack,1345.0,-409.0,1870.0
2026-09-06 14:39:36.210,0 days 02:33:01.034000,43,187.62111111111335,0 days 00:01:10.897000,11206.0,314.0,8,100.0,False,0,car,4606.166666666665,0.7974157156133047,OnTrack,1331.5566968950009,-555.6569956796291,1869.470546112817
2026-09-06 14:39:36.331,0 days 02:33:01.155000,43,187.31861063111327,0 days 00:01:11.018000,11224.5281544,314.0,8,100.0,False,0,pos,4616.716423908414,0.7992420807514476,OnTrack,1318.0,-704.0,1869.0
2026-09-06 14:39:36.530,0 days 02:33:01.354000,43,186.82111111111317,0 days 00:01:11.217000,11255.0,314.0,8,100.0,False,0,car,4634.077777777776,0.8022476637929686,OnTrack,1302.9690759625046,-869.762815125827,1868.035990934526
2026-09-06 14:39:36.731,0 days 02:33:01.555000,43,186.31861063111288,0 days 00:01:11.418000,11242.437488,314.8375008,8,100.0,False,0,pos,4651.660701322334,0.8052916047910923,OnTrack,1290.0,-1010.0,1867.0
2026-09-06 14:39:36.770,0 days 02:33:01.594000,43,186.2211111111128,0 days 00:01:11.457000,11240.0,315.0,8,100.0,False,0,car,4655.077777777776,0.8058831662052158,OnTrack,1286.922949457743,-1042.457375438322,1866.8126403874967
2026-09-06 14:39:36.891,0 days 02:33:01.715000,43,185.88499946666835,0 days 00:01:11.578000,11253.780577422222,315.33611164444443,8,100.0,False,0,pos,4665.690769004067,0.8077204783578035,OnTrack,1277.0,-1149.0,1866.0
2026-09-06 14:39:36.971,0 days 02:33:01.795000,43,185.66277724444615,0 days 00:01:11.658000,11262.891688533333,315.55833386666666,8,100.0,False,0,pos,4672.716584119203,0.808936781586331,OnTrack,1271.0,-1219.0,1865.0
2026-09-06 14:39:37.130,0 days 02:33:01.954000,43,185.2211111111128,0 days 00:01:11.817000,11281.0,316.0,8,100.0,False,0,car,4686.677777777776,0.8113537317398355,OnTrack,1254.7442891667527,-1398.8957609754661,1864.1553718088294
2026-09-06 14:39:37.271,0 days 02:33:02.095000,43,184.86861063111232,0 days 00:01:11.958000,11294.218768,316.0,8,100.0,False,0,pos,4699.053148381199,0.8134961455341785,OnTrack,1239.0,-1569.0,1864.0
2026-09-06 14:39:37.290,0 days 02:33:02.114000,43,184.82111111111226,0 days 00:01:11.977000,11296.0,316.0,8,100.0,False,0,car,4700.722222222222,0.8137850941996667,OnTrack,1237.0519521411331,-1590.1154024927746,1863.9607724146472
2026-09-06 14:39:37.650,0 days 02:33:02.474000,43,183.92111111111262,0 days 00:01:12.337000,11304.0,317.0,8,100.0,False,0,car,4732.4222222222215,0.819272971650535,OnTrack,1207.3347471329037,-1914.3010985932704,1862.4680388419958
2026-09-06 14:39:37.731,0 days 02:33:02.555000,43,183.71861069623822,0 days 00:01:12.418000,11305.62814403919,317.0,8,100.0,False,0,pos,4739.556113308829,0.8205079849007288,OnTrack,1202.0,-1972.0,1862.0
2026-09-06 14:39:37.849,0 days 02:33:02.673000,43,183.42361111111222,0 days 00:01:12.536000,11308.0,317.0,8,100.0,False,0,car,4749.945277777777,0.8223065483525428,OnTrack,1194.9409313987665,-2047.566705672428,1861.2524830310847
2026-09-06 14:39:38.111,0 days 02:33:02.935000,43,182.91416641777863,0 days 00:01:12.798000,11314.5500032,317.0,8,100.0,False,0,pos,4773.013210745638,0.8263000495882674,OnTrack,1179.0,-2217.0,1860.0
2026-09-06 14:39:38.129,0 days 02:33:02.953000,43,182.87916666666752,0 days 00:01:12.816000,11315.0,317.0,8,100.0,False,0,car,4774.600833333333,0.8265748974809961,OnTrack,1177.6311123673477,-2231.701890497107,1859.988827693415
2026-09-06 14:39:38.271,0 days 02:33:03.095000,43,182.5636108266676,0 days 00:01:12.958000,11333.46001664,317.71000064,8,100.0,False,0,pos,4787.142357293911,0.8287460756053744,OnTrack,1166.0,-2358.0,1860.0
2026-09-06 14:39:38.329,0 days 02:33:03.153000,43,182.43472222222317,0 days 00:01:13.016000,11341.0,318.0,8,100.0,False,0,car,4792.2675,0.8296333360182836,OnTrack,1161.403640521125,-2409.4014902421204,1859.7713303705332
2026-09-06 14:39:38.451,0 days 02:33:03.275000,43,182.1636108266674,0 days 00:01:13.138000,11345.066670933333,318.0,8,100.0,False,0,pos,4803.045806058936,0.8314992673362456,OnTrack,1152.0,-2516.0,1859.0
2026-09-06 14:39:38.569,0 days 02:33:03.393000,43,181.90138888888941,0 days 00:01:13.256000,11349.0,318.0,8,100.0,False,0,car,4813.4675,0.8333034622630283,OnTrack,1142.6576278197135,-2619.685932749529,1858.447979959779
2026-09-06 14:39:38.651,0 days 02:33:03.475000,43,181.67361075555584,0 days 00:01:13.338000,11352.48500544,318.0,8,100.0,False,0,pos,4820.707654727065,0.8345568717856611,OnTrack,1136.0,-2692.0,1858.0
2026-09-06 14:39:38.891,0 days 02:33:03.715000,43,181.00694408888853,0 days 00:01:13.578000,11362.68500544,318.0,8,100.0,False,0,pos,4841.900349323098,0.8382257333249895,OnTrack,1116.0,-2904.0,1856.0
2026-09-06 14:39:38.969,0 days 02:33:03.793000,43,180.7902777777772,0 days 00:01:13.656000,11366.0,318.0,8,100.0,False,0,car,4848.800833333334,0.8394203393376031,OnTrack,1109.6297281243428,-2972.6853916944387,1855.4608229278394
2026-09-06 14:39:39.051,0 days 02:33:03.875000,43,180.40305495111056,0 days 00:01:13.738000,11369.5142912,318.2928576,8,100.0,False,0,pos,4856.0639054791,0.8406777163045677,OnTrack,1103.0,-3045.0,1855.0
2026-09-06 14:39:39.249,0 days 02:33:04.073000,43,179.4680555555551,0 days 00:01:13.936000,11378.0,319.0,8,100.0,False,0,car,4873.611944444445,0.8437156181135544,OnTrack,1087.0693694568768,-3221.132032796545,1854.3053236918217
2026-09-06 14:39:39.391,0 days 02:33:04.215000,43,178.12694323555525,0 days 00:01:14.078000,11319.95744768,318.28999936,8,100.0,False,0,pos,4886.16731695948,0.8458891936880817,OnTrack,1076.0,-3344.0,1854.0
2026-09-06 14:39:40.049,0 days 02:33:04.873000,43,171.91250000000036,0 days 00:01:14.736000,11051.0,315.0,8,100.0,False,0,car,4943.611944444445,0.8558339594877119,OnTrack,1021.6628942126438,-3917.105569979962,1852.161847928583
2026-09-06 14:39:40.071,0 days 02:33:04.895000,43,171.60694266666704,0 days 00:01:14.758000,11033.1936464,314.3812464,8,93.12496,False,0,pos,4945.492467657791,0.8561595140914456,OnTrack,1019.0,-3943.0,1852.0
2026-09-06 14:39:40.369,0 days 02:33:05.193000,43,167.46805555555602,0 days 00:01:15.056000,10792.0,306.0,8,0.0,False,0,car,4970.811944444445,0.8605428007073844,OnTrack,979.8256015565325,-4315.58830733692,1849.2822538710427
2026-09-06 14:39:40.411,0 days 02:33:05.235000,43,166.74472001777826,0 days 00:01:15.098000,10781.07996672,305.57999872,8,0.0,False,0,pos,4974.398892183678,0.8611637700958887,OnTrack,976.0,-4352.0,1849.0
2026-09-06 14:39:40.569,0 days 02:33:05.393000,43,164.02361111111168,0 days 00:01:15.256000,10740.0,304.0,8,0.0,True,0,car,4987.700833333333,0.863466591007181,OnTrack,967.872401578214,-4430.82811938805,1848.3698558565618
2026-09-06 14:39:40.731,0 days 02:33:05.555000,43,161.72860929777858,0 days 00:01:15.418000,10241.03960576,282.93998336,8,0.0,True,0,pos,5000.265171249581,0.8656417186644576,OnTrack,959.0,-4499.0,1848.0
2026-09-06 14:39:40.769,0 days 02:33:05.593000,43,161.19027777777865,0 days 00:01:15.456000,10124.0,278.0,8,0.0,True,0,car,5003.145277777778,0.8661403202944952,OnTrack,955.2150336642115,-4525.56651819322,1847.888855796479
2026-09-06 14:39:41.049,0 days 02:33:05.873000,43,157.14583333333394,0 days 00:01:15.736000,9910.0,265.0,8,0.0,True,0,car,5023.756388888889,0.8697084985879971,OnTrack,915.6136439555683,-4787.182395601403,1847.0296735182853
2026-09-06 14:39:41.071,0 days 02:33:05.895000,43,156.99916581333395,0 days 00:01:15.758000,9921.000064,262.3187344,8,0.0,True,0,pos,5025.249801608807,0.8699670369473181,OnTrack,913.0,-4803.0,1847.0
2026-09-06 14:39:41.350,0 days 02:33:06.174000,43,155.1391653866674,0 days 00:01:16.037000,10060.500096,228.3156016,8,0.0,True,0,pos,5042.681370063444,0.8729847754790366,OnTrack,887.0,-4932.0,1847.0
2026-09-06 14:39:41.369,0 days 02:33:06.193000,43,155.01250000000073,0 days 00:01:16.056000,10070.0,226.0,6,0.0,True,0,car,5043.8452777777775,0.8731862702077552,OnTrack,884.8301059638089,-4941.269429901232,1846.9793643969026
2026-09-06 14:39:41.529,0 days 02:33:06.353000,43,153.94583333333412,0 days 00:01:16.216000,9888.0,220.0,6,0.0,True,0,car,5053.623055555555,0.8748789909076374,OnTrack,862.801308611756,-5032.073516573404,1846.563130993003
2026-09-06 14:39:41.611,0 days 02:33:06.435000,43,153.5586105066675,0 days 00:01:16.298000,10267.66059264,215.48999296,6,0.0,True,0,pos,5058.472629806124,0.8757185451403191,OnTrack,850.0,-5080.0,1846.0
2026-09-06 14:39:41.729,0 days 02:33:06.553000,43,153.00138888888978,0 days 00:01:16.416000,10814.0,209.0,6,0.0,True,0,car,5065.234166666666,0.8768890967387477,OnTrack,830.4741398616876,-5145.875479675897,1844.678208051152
2026-09-06 14:39:41.811,0 days 02:33:06.635000,43,152.77361075555658,0 days 00:01:16.498000,10663.7640512,205.1928512,6,0.0,True,0,pos,5069.802029661748,0.8776798813548159,OnTrack,816.0,-5190.0,1844.0
2026-09-06 14:39:41.971,0 days 02:33:06.795000,43,152.32916631111235,0 days 00:01:16.658000,10370.621194057143,197.76427977142856,6,0.0,True,0,pos,5078.453627251724,0.8791776386837756,OnTrack,785.0,-5273.0,1844.0
2026-09-06 14:39:42.009,0 days 02:33:06.833000,43,152.2236111111124,0 days 00:01:16.696000,10301.0,196.0,5,0.0,True,0,car,5080.478611111111,0.8795282021935642,OnTrack,776.8223274806514,-5292.056439508799,1844.0313901105055
2026-09-06 14:39:42.131,0 days 02:33:06.955000,43,152.12194431462348,0 days 00:01:16.818000,10080.01039396678,192.52668595625587,5,0.0,True,0,pos,5086.911944706248,0.88064193551756,OnTrack,750.0,-5350.0,1844.0
2026-09-06 14:39:42.290,0 days 02:33:07.114000,43,151.98944444444533,0 days 00:01:16.977000,9792.0,188.0,5,0.0,True,0,car,5095.1530555555555,0.8820686297257627,OnTrack,721.4511924442054,-5411.644605066112,1843.5413466990685
2026-09-06 14:39:42.471,0 days 02:33:07.295000,43,152.29111143111223,0 days 00:01:17.158000,9689.0561408,184.6062464,5,2.828128,True,0,pos,5104.358703182725,0.8836623037331376,OnTrack,660.0,-5497.0,1843.0
2026-09-06 14:39:42.610,0 days 02:33:07.434000,43,152.52277777777908,0 days 00:01:17.297000,9610.0,182.0,5,5.0,False,0,car,5111.3308333333325,0.8848693130655678,OnTrack,569.4536975343847,-5593.378417020214,1842.9939232659772
2026-09-06 14:39:42.631,0 days 02:33:07.455000,43,152.57527825777905,0 days 00:01:17.318000,9599.8936576,181.6062464,5,7.8875264000000005,False,0,pos,5112.378618369897,0.8850507047335653,OnTrack,558.0,-5605.0,1843.0
2026-09-06 14:39:42.770,0 days 02:33:07.594000,43,152.92277777777872,0 days 00:01:17.457000,9533.0,179.0,5,27.0,False,0,car,5119.286388888888,0.886246572180472,OnTrack,513.4789407071621,-5646.613870246975,1843.014146261862
2026-09-06 14:39:42.951,0 days 02:33:07.775000,43,153.72722307555662,0 days 00:01:17.638000,9575.9875456,179.0,5,45.1000192,False,0,pos,5128.264400925214,0.8878008381050077,OnTrack,488.0,-5660.0,1843.0
2026-09-06 14:39:43.090,0 days 02:33:07.914000,43,154.34500000000116,0 days 00:01:17.777000,9609.0,179.0,5,59.0,False,0,car,5135.197499999999,0.8890010904102805,OnTrack,446.53175004193025,-5687.865797833595,1842.9979244988483
2026-09-06 14:39:43.271,0 days 02:33:08.095000,43,155.30027879111196,0 days 00:01:17.958000,9731.62763008,180.81000192,5,64.43000576,False,0,pos,5144.324010007796,0.8905810641792684,OnTrack,351.0,-5737.0,1843.0
2026-09-06 14:39:43.471,0 days 02:33:08.295000,43,156.35583434666717,0 days 00:01:18.158000,9867.12763008,182.81000192,5,70.43000576,False,0,pos,5154.550656918198,0.8923514927274573,OnTrack,197.0,-5785.0,1843.0
2026-09-06 14:39:43.490,0 days 02:33:08.314000,43,156.45611111111157,0 days 00:01:18.177000,9880.0,183.0,5,71.0,False,0,car,5155.530833333333,0.8925211800475359,OnTrack,186.69005404107517,-5787.807230934415,1843.0007637735177
2026-09-06 14:39:43.751,0 days 02:33:08.575000,43,157.9061121777787,0 days 00:01:18.438000,10091.766064872727,186.55909352727272,5,75.74545803636363,False,0,pos,5169.1470582990405,0.8948784095098468,OnTrack,116.0,-5797.0,1843.0
2026-09-06 14:39:43.930,0 days 02:33:08.754000,43,158.90055555555682,0 days 00:01:18.617000,10237.0,189.0,5,79.0,False,0,car,5178.630833333333,0.8965202327010078,OnTrack,25.90120504894142,-5796.335798513266,1842.91380711164
2026-09-06 14:39:44.090,0 days 02:33:08.914000,43,159.87833333333492,0 days 00:01:18.777000,10434.0,193.0,5,82.0,False,0,car,5187.20861111111,0.8980052104059044,OnTrack,-72.29055611886007,-5793.371812055883,1842.93995613277
2026-09-06 14:39:44.131,0 days 02:33:08.955000,43,160.15166794666837,0 days 00:01:18.818000,10470.49017088,193.82000384,5,82.41000192,False,0,pos,5189.430597936587,0.8983898789041904,OnTrack,-94.0,-5792.0,1843.0
2026-09-06 14:39:44.290,0 days 02:33:09.114000,43,161.21166666666886,0 days 00:01:18.977000,10612.0,197.0,5,84.0,False,0,car,5198.153055555555,0.8998999034620226,OnTrack,-164.71648547553514,-5784.311190426174,1843.4396201253462
2026-09-06 14:39:44.489,0 days 02:33:09.313000,43,162.48305555555817,0 days 00:01:19.176000,10893.0,202.0,5,85.0,False,0,car,5209.319166666665,0.9018329712658257,OnTrack,-274.4228836313428,-5751.582255219066,1843.9974956261894
2026-09-06 14:39:44.491,0 days 02:33:09.315000,43,162.49750092444705,0 days 00:01:19.178000,10894.627881955555,202.03333546666667,5,85.01666773333334,False,0,pos,5209.432741212799,0.9018526331961322,OnTrack,-276.0,-5751.0,1844.0
2026-09-06 14:39:44.691,0 days 02:33:09.515000,43,163.9419453688912,0 days 00:01:19.378000,11057.405659733333,205.3666688,5,86.6833344,False,0,pos,5220.920834780736,0.9038414423331971,OnTrack,-456.0,-5678.0,1844.0
2026-09-06 14:39:44.849,0 days 02:33:09.673000,43,165.08305555555762,0 days 00:01:19.536000,11186.0,208.0,5,88.0,False,0,car,5230.1191666666655,0.9054338498455754,OnTrack,-538.9361914223823,-5637.5133836985715,1843.884345761977
2026-09-06 14:39:45.049,0 days 02:33:09.873000,43,166.58305555555762,0 days 00:01:19.736000,11415.0,212.0,5,87.0,False,0,car,5241.896944444444,0.9074728088704337,OnTrack,-594.1444092795224,-5598.514290468573,1843.9492198224366
2026-09-06 14:39:45.071,0 days 02:33:09.895000,43,166.74194536889095,0 days 00:01:19.758000,11446.7626848,212.5500032,5,87.6187536,False,0,pos,5243.214621938435,0.9077009240946227,OnTrack,-602.0,-5593.0,1844.0
2026-09-06 14:39:45.311,0 days 02:33:10.135000,43,168.4752787022243,0 days 00:01:19.998000,11793.2626848,218.5500032,5,94.3687536,False,0,pos,5257.879401744058,0.9102396784926425,OnTrack,-717.0,-5507.0,1845.0
2026-09-06 14:39:45.369,0 days 02:33:10.193000,43,168.89416666666875,0 days 00:01:20.056000,11877.0,220.0,5,96.0,False,0,car,5261.4524999999985,0.9108582502701982,OnTrack,-755.3855380355261,-5472.937558801086,1845.27486608407
2026-09-06 14:39:45.529,0 days 02:33:10.353000,43,170.13861111111328,0 days 00:01:20.216000,12035.0,223.0,5,100.0,False,0,car,5271.363611111109,0.9125740535250788,OnTrack,-867.2079756490866,-5365.792305036395,1845.9420270657977
2026-09-06 14:39:45.551,0 days 02:33:10.375000,43,170.2852786311133,0 days 00:01:20.238000,11973.8579776,223.7333376,5,100.0,False,0,pos,5272.748829296188,0.9128138613371429,OnTrack,-879.0,-5354.0,1846.0
2026-09-06 14:39:45.769,0 days 02:33:10.593000,43,171.73861111111364,0 days 00:01:20.456000,11368.0,231.0,5,100.0,False,0,car,5286.76361111111,0.9152400886273935,OnTrack,-940.4447552373955,-5284.813284443838,1846.0894919003524
2026-09-06 14:39:45.891,0 days 02:33:10.715000,43,172.58583422222472,0 days 00:01:20.578000,11214.192695771428,233.1785737142857,5,100.0,False,0,pos,5294.694161264661,0.916613018828045,OnTrack,-970.0,-5246.0,1846.0
2026-09-06 14:39:46.049,0 days 02:33:10.873000,43,173.68305555555798,0 days 00:01:20.736000,11015.0,236.0,6,100.0,False,0,car,5305.1191666666655,0.9184177870321726,OnTrack,-1032.0365958669079,-5163.4196343965905,1845.9966182361393
2026-09-06 14:39:46.051,0 days 02:33:10.875000,43,173.69416737778022,0 days 00:01:20.738000,11016.375088,236.0687544,6,100.0,False,0,pos,5305.253088082663,0.9184409713955494,OnTrack,-1033.0,-5162.0,1846.0
2026-09-06 14:39:46.291,0 days 02:33:11.115000,43,175.02750071111325,0 days 00:01:20.978000,11181.375088,244.3187544,6,100.0,False,0,pos,5321.654746953739,0.9212804128427233,OnTrack,-1165.0,-4943.0,1847.0
2026-09-06 14:39:46.369,0 days 02:33:11.193000,43,175.46083333333536,0 days 00:01:21.056000,11235.0,247.0,6,100.0,False,0,car,5327.074722222221,0.9222187144219083,OnTrack,-1198.9994785282645,-4880.0241563738255,1847.3612278691623
2026-09-06 14:39:46.729,0 days 02:33:11.553000,43,177.26083333333554,0 days 00:01:21.416000,11658.0,254.0,6,100.0,False,0,car,5352.47472222222,0.9266159411491024,OnTrack,-1291.060249032494,-4661.928954957251,1848.9012273607425
2026-09-06 14:39:46.751,0 days 02:33:11.575000,43,177.37083397333552,0 days 00:01:21.438000,11649.592808228572,254.47143131428572,6,100.0,False,0,pos,5354.049141184843,0.9268885032413168,OnTrack,-1296.0,-4648.0,1849.0
2026-09-06 14:39:47.009,0 days 02:33:11.833000,43,178.66083333333518,0 days 00:01:21.696000,11551.0,260.0,6,100.0,False,0,car,5372.696944444443,0.930116795323859,OnTrack,-1354.8624656294703,-4468.799667342465,1850.2246392871677
2026-09-06 14:39:47.171,0 days 02:33:11.995000,43,179.42583393777954,0 days 00:01:21.858000,10779.06939008,263.24000256,6,100.0,False,0,pos,5384.558524975969,0.9321702622112603,OnTrack,-1387.0,-4356.0,1851.0
2026-09-06 14:39:47.209,0 days 02:33:12.033000,43,179.60527777777952,0 days 00:01:21.896000,10598.0,264.0,7,100.0,False,0,car,5387.36361111111,0.9326558763736826,OnTrack,-1393.5378280587336,-4330.696887475469,1851.1780475018827
2026-09-06 14:39:47.369,0 days 02:33:12.193000,43,180.22750000000178,0 days 00:01:22.056000,10758.0,268.0,7,100.0,False,0,car,5399.274722222221,0.9347179179535391,OnTrack,-1416.8947903743106,-4228.975643030374,1851.9117733089922
2026-09-06 14:39:47.591,0 days 02:33:12.415000,43,181.21416723555643,0 days 00:01:22.278000,10881.025070933334,270.7750016,7,100.0,False,0,pos,5415.982549630316,0.9376103630414221,OnTrack,-1442.0,-4093.0,1853.0
2026-09-06 14:39:47.609,0 days 02:33:12.433000,43,181.29416666666748,0 days 00:01:22.296000,10891.0,271.0,7,100.0,False,0,car,5417.341388888888,0.9378456041558219,OnTrack,-1443.844117918306,-4081.8763356103514,1853.0970864761784
2026-09-06 14:39:47.849,0 days 02:33:12.673000,43,182.4275000000016,0 days 00:01:22.536000,11024.0,273.0,7,100.0,False,0,car,5435.541388888888,0.9409963729131027,OnTrack,-1465.6778784626063,-3931.949785242891,1854.4958903794861
2026-09-06 14:39:48.030,0 days 02:33:12.854000,43,183.18166746666847,0 days 00:01:22.717000,11107.38937417143,276.87857554285716,7,100.0,False,0,pos,5449.532341622979,0.9434184749328371,OnTrack,-1478.0,-3812.0,1855.0
2026-09-06 14:39:48.129,0 days 02:33:12.953000,43,183.59416666666857,0 days 00:01:22.816000,11153.0,279.0,7,100.0,False,0,car,5457.241388888888,0.9447530587390914,OnTrack,-1483.06209438323,-3742.1219074350847,1854.9179277248313
2026-09-06 14:39:48.191,0 days 02:33:13.015000,43,183.88694504889077,0 days 00:01:22.878000,11188.428644571428,279.6642870857143,7,100.0,False,0,pos,5462.076953434093,0.9455901876233138,OnTrack,-1486.0,-3688.0,1855.0
2026-09-06 14:39:48.409,0 days 02:33:13.233000,43,184.91638888889065,0 days 00:01:23.096000,11313.0,282.0,7,100.0,False,0,car,5479.174722222221,0.9485501390363275,OnTrack,-1495.7882949802806,-3427.5916883812124,1856.7674954392207
2026-09-06 14:39:48.451,0 days 02:33:13.275000,43,185.07972272000168,0 days 00:01:23.138000,11352.9001216,283.0500032,7,100.0,False,0,pos,5482.501308447913,0.9491260348576633,OnTrack,-1497.0,-3390.0,1857.0
2026-09-06 14:39:48.609,0 days 02:33:13.433000,43,185.69416666666802,0 days 00:01:23.296000,11503.0,287.0,7,100.0,False,0,car,5495.1191666666655,0.9513104279048855,OnTrack,-1498.8108994112729,-3319.7874382956834,1857.0366384832946
2026-09-06 14:39:48.711,0 days 02:33:13.535000,43,186.03416714267743,0 days 00:01:23.398000,11286.278608149276,288.6190498857578,7,100.0,False,0,pos,5503.35365307208,0.9527359752949095,OnTrack,-1499.0,-3279.0,1857.0
2026-09-06 14:39:48.931,0 days 02:33:13.755000,43,186.76750058243616,0 days 00:01:23.618000,10818.840898589155,292.1111138846061,7,100.0,False,0,pos,5521.333242881281,0.9558485868245554,OnTrack,-1499.0,-3101.0,1858.0
2026-09-06 14:39:49.050,0 days 02:33:13.874000,43,187.1641666666692,0 days 00:01:23.737000,10566.0,294.0,8,100.0,False,0,car,5531.134166666665,0.9575453145418894,OnTrack,-1497.9354664228763,-2965.616487233728,1859.1259537772657
2026-09-06 14:39:49.251,0 days 02:33:14.075000,43,187.77833392000272,0 days 00:01:23.938000,10672.02760128,296.5125024,8,100.0,False,0,pos,5547.787163008766,0.9604282673215491,OnTrack,-1495.0,-2741.0,1861.0
2026-09-06 14:39:49.450,0 days 02:33:14.274000,43,188.38638888889182,0 days 00:01:24.137000,10777.0,299.0,8,100.0,False,0,car,5564.3563888888875,0.9632967178289896,OnTrack,-1492.266464671856,-2633.208888936497,1861.1325173886141
2026-09-06 14:39:49.591,0 days 02:33:14.415000,43,188.81722280889196,0 days 00:01:24.278000,10892.62015744,300.41000192,8,100.0,False,0,pos,5576.12656466192,0.9653343608011533,OnTrack,-1490.0,-2568.0,1861.0
2026-09-06 14:39:49.650,0 days 02:33:14.474000,43,188.99750000000313,0 days 00:01:24.337000,10941.0,301.0,8,100.0,False,0,car,5581.07861111111,0.9661916549350383,OnTrack,-1488.882945041267,-2532.1949634243297,1861.0474455629283
2026-09-06 14:39:49.891,0 days 02:33:14.715000,43,189.4661114844476,0 days 00:01:24.578000,11003.5094248,304.765628,8,100.0,False,0,pos,5601.527858799833,0.9697318115684188,OnTrack,-1483.0,-2346.0,1862.0
2026-09-06 14:39:49.970,0 days 02:33:14.794000,43,189.6197222222254,0 days 00:01:24.657000,11024.0,306.0,8,100.0,False,0,car,5608.27861111111,0.970900496154711,OnTrack,-1480.4276284397379,-2279.0713818536024,1862.653779089785
2026-09-06 14:39:50.011,0 days 02:33:14.835000,43,189.68805587555883,0 days 00:01:24.698000,11039.375072,306.5125024,8,100.0,False,0,pos,5611.788089398736,0.9715080540966344,OnTrack,-1479.0,-2244.0,1863.0
2026-09-06 14:39:50.210,0 days 02:33:15.034000,43,190.01972222222594,0 days 00:01:24.897000,11114.0,309.0,8,100.0,False,0,car,5628.87861111111,0.974466750901963,OnTrack,-1471.3968177005302,-2073.781569043725,1864.3816903501947
2026-09-06 14:39:50.311,0 days 02:33:15.135000,43,190.1880558755595,0 days 00:01:24.998000,11125.783355733332,309.84166826666666,8,100.0,False,0,pos,5637.588200295389,0.9759745476871594,OnTrack,-1467.0,-1988.0,1865.0
2026-09-06 14:39:50.450,0 days 02:33:15.274000,43,190.41972222222648,0 days 00:01:25.137000,11142.0,311.0,8,100.0,False,0,car,5649.611944444443,0.9780560882042133,OnTrack,-1460.1716431924788,-1869.1528098657086,1865.8575791160433
2026-09-06 14:39:50.471,0 days 02:33:15.295000,43,190.45472254222645,0 days 00:01:25.158000,11149.800071314286,311.1500013714286,8,100.0,False,0,pos,5651.432048524678,0.9783711830982248,OnTrack,-1459.0,-1850.0,1866.0
2026-09-06 14:39:50.730,0 days 02:33:15.554000,43,190.88638888889272,0 days 00:01:25.417000,11246.0,313.0,8,100.0,False,0,car,5673.956388888888,0.9822705780376704,OnTrack,-1442.0648318774997,-1588.9955688692758,1867.9928026244118
2026-09-06 14:39:50.731,0 days 02:33:15.555000,43,190.88722238222607,0 days 00:01:25.418000,11246.23004416,313.01000192,8,100.0,False,0,pos,5674.043648090791,0.9822856842776232,OnTrack,-1442.0,-1588.0,1868.0
2026-09-06 14:39:50.911,0 days 02:33:15.735000,43,191.03722238222633,0 days 00:01:25.598000,11287.63004416,314.81000192,8,100.0,False,0,pos,5689.787957321467,0.9850113259055895,OnTrack,-1431.0,-1420.0,1869.0
2026-09-06 14:39:50.930,0 days 02:33:15.754000,43,191.0530555555597,0 days 00:01:25.617000,11292.0,315.0,8,100.0,False,0,car,5691.456388888888,0.9853001633812097,OnTrack,-1429.9219547292978,-1404.418941045473,1869.0341634257575
2026-09-06 14:39:51.091,0 days 02:33:15.915000,43,191.14250009072526,0 days 00:01:25.778000,11333.707563194195,316.34540526432886,8,100.0,False,0,pos,5705.651815747198,0.9877576637900796,OnTrack,-1420.0,-1270.0,1869.0
2026-09-06 14:39:51.289,0 days 02:33:16.113000,43,191.25250000000415,0 days 00:01:25.976000,11385.0,318.0,8,100.0,False,0,car,5723.168055555554,0.9907900605556405,OnTrack,-1400.0039230967354,-1006.3359900590928,1869.8933254178498
2026-09-06 14:39:51.311,0 days 02:33:16.135000,43,191.26472229333743,0 days 00:01:25.998000,11388.0250176,318.0,8,100.0,False,0,pos,5725.111624694646,0.9911265296172374,OnTrack,-1398.0,-980.0,1870.0
2026-09-06 14:39:51.449,0 days 02:33:16.273000,43,191.34138888889265,0 days 00:01:26.136000,11407.0,318.0,8,100.0,False,0,car,5737.301388888887,0.9932368113854703,OnTrack,-1388.126000147557,-850.5991048725499,1870.5494279952632
2026-09-06 14:39:51.609,0 days 02:33:16.433000,43,191.38583333333554,0 days 00:01:26.296000,11437.0,319.0,8,100.0,False,0,car,5751.479166666666,0.9956912564002998,OnTrack,-1382.4996271483164,-777.8686122591014,1870.9279464272322
2026-09-06 14:39:51.633,0 days 02:33:16.457000,43,191.38583333333554,0 days 00:01:26.320000,11436.228571428572,319.0857142857143,8,100.0,False,0,interpolation,5753.608950919207,0.9960599628663798,OnTrack,-1382.19485197227,-774.1181403946464,1870.9607837590586
