Date,SessionTime,DriverAhead,DistanceToDriverAhead,Time,RPM,Speed,nGear,Throttle,Brake,DRS,Source,Distance,RelativeDistance,Status,X,Y,Z
2026-09-06 14:30:51.420,0 days 02:24:16.244000,,49.914722222222224,0 days 00:00:00,11354.5749824,317.7607140571429,8,100.0,False,0,interpolation,0.06017045945826374,1.0414711822017988e-05,OnTrack,-1366.804054818184,-596.0350044325729,1872.0542443918548
2026-09-06 14:30:51.487,0 days 02:24:16.311000,,49.914722222222224,0 days 00:00:00.067000,11373.0,318.0,8,100.0,False,0,car,5.977500000000003,0.0010346263012881412,OnTrack,-1364.9854893399797,-576.8971919214576,1872.4105559222533
2026-09-06 14:30:51.647,0 days 02:24:16.471000,44,49.914722222222224,0 days 00:00:00.227000,11374.0,318.0,8,100.0,False,0,car,20.110833333333336,0.0034809196332060087,OnTrack,-1358.0759458949394,-499.0307340730682,1872.9225011110195
2026-09-06 14:30:51.731,0 days 02:24:16.555000,44,49.72805555555556,0 days 00:00:00.311000,11390.2,318.3,8,100.0,False,0,pos,27.542716462456234,0.004767280445165884,OnTrack,-1353.0,-440.0,1873.0
2026-09-06 14:30:51.891,0 days 02:24:16.715000,44,49.37249999999999,0 days 00:00:00.471000,11421.057142857142,318.87142857142857,8,100.0,False,0,pos,41.72593927965868,0.0072222089878187885,OnTrack,-1341.0,-299.0,1873.0
2026-09-06 14:30:51.927,0 days 02:24:16.751000,44,49.29249999999999,0 days 00:00:00.507000,11428.0,319.0,8,100.0,False,0,car,44.92194444444445,0.007775395270134153,OnTrack,-1338.1763958594167,-266.3023431715419,1873.1243163354775
2026-09-06 14:30:52.127,0 days 02:24:16.951000,44,48.84805555555555,0 days 00:00:00.707000,11450.0,320.0,8,100.0,False,0,car,62.69972222222222,0.010852493800848451,OnTrack,-1322.4081590397088,-87.81206682302354,1874.671694978553
2026-09-06 14:30:52.211,0 days 02:24:17.035000,44,48.66138888888888,0 days 00:00:00.791000,11455.25,320.0,8,100.0,False,0,pos,70.16355183817916,0.012144384127741365,OnTrack,-1316.0,-16.0,1875.0
2026-09-06 14:30:52.350,0 days 02:24:17.174000,44,48.35249985777777,0 days 00:00:00.930000,11463.937504,320.0,8,100.0,False,0,pos,82.51940591933774,0.014283019277426867,OnTrack,-1305.0,107.0,1875.0
2026-09-06 14:30:52.367,0 days 02:24:17.191000,44,48.314722222222215,0 days 00:00:00.947000,11465.0,320.0,8,100.0,False,0,car,84.03305555555555,0.014545012037705609,OnTrack,-1303.3400343852159,125.52737005109961,1875.059940440543
2026-09-06 14:30:52.527,0 days 02:24:17.351000,44,47.914722222222224,0 days 00:00:01.107000,11471.0,321.0,8,100.0,False,0,car,98.29972222222221,0.017014383608603835,OnTrack,-1284.3685476630149,337.2369165429349,1876.4852441458675
2026-09-06 14:30:52.590,0 days 02:24:17.414000,44,47.77472208,0 days 00:00:01.170000,11475.3312544,321.0,8,100.0,False,0,pos,103.9162890748269,0.017986537149155567,OnTrack,-1278.0,409.0,1877.0
2026-09-06 14:30:52.687,0 days 02:24:17.511000,44,47.559166666666655,0 days 00:00:01.267000,11482.0,321.0,8,100.0,False,0,car,112.56638888888888,0.01948375517950206,OnTrack,-1270.954627665029,489.8537946711589,1877.4766111381878
2026-09-06 14:30:52.930,0 days 02:24:17.754000,44,47.01916709333332,0 days 00:00:01.510000,11527.899963733333,321.6749994666667,8,100.0,False,0,pos,134.2978382897553,0.023245182049472585,OnTrack,-1260.0,623.0,1878.0
2026-09-06 14:30:53.047,0 days 02:24:17.871000,44,46.75916666666666,0 days 00:00:01.627000,11550.0,322.0,8,100.0,False,0,car,144.76638888888888,0.025057149893258333,OnTrack,-1251.4018829892589,725.9184541315286,1878.7432953441637
2026-09-06 14:30:53.090,0 days 02:24:17.914000,44,46.66361153777777,0 days 00:00:01.670000,11552.5531136,322.0,8,100.0,False,0,pos,148.61187084164888,0.02572275202951168,OnTrack,-1248.0,766.0,1879.0
2026-09-06 14:30:53.367,0 days 02:24:18.191000,44,46.04805555555552,0 days 00:00:01.947000,11569.0,322.0,8,100.0,False,0,car,173.38861111111112,0.03001127852770836,OnTrack,-1226.2004844686112,1014.4990843075542,1879.868679024292
2026-09-06 14:30:53.410,0 days 02:24:18.234000,44,45.94055603555553,0 days 00:00:01.990000,11573.2999808,322.2687488,8,100.0,False,0,pos,177.24423630296616,0.03067863632468073,OnTrack,-1223.0,1051.0,1880.0
2026-09-06 14:30:53.527,0 days 02:24:18.351000,44,45.648055555555544,0 days 00:00:02.107000,11585.0,323.0,8,100.0,False,0,car,187.74416666666667,0.03249603559126015,OnTrack,-1214.6511525571225,1147.1753419961508,1880.4363693614757
2026-09-06 14:30:53.630,0 days 02:24:18.454000,44,45.390555395555545,0 days 00:00:02.210000,11566.45998848,323.0,8,100.0,False,0,pos,196.9832430451794,0.03409519768591832,OnTrack,-1206.0,1248.0,1881.0
2026-09-06 14:30:53.727,0 days 02:24:18.551000,44,45.148055555555544,0 days 00:00:02.307000,11549.0,323.0,8,100.0,False,0,car,205.6886111111111,0.035601981920699896,OnTrack,-1195.4133495710541,1372.0189499317019,1881.7484024726373
2026-09-06 14:30:53.890,0 days 02:24:18.714000,44,44.69527831111109,0 days 00:00:02.470000,11558.314274742857,323.5821421714286,8,100.0,False,0,pos,220.34649851497414,0.038139068634101284,OnTrack,-1177.0,1588.0,1883.0
2026-09-06 14:30:54.007,0 days 02:24:18.831000,44,44.370277777777744,0 days 00:00:02.587000,11565.0,324.0,8,100.0,False,0,car,230.88861111111112,0.03996376908798742,OnTrack,-1168.5677113893541,1686.3004667466487,1883.354952100149
2026-09-06 14:30:54.287,0 days 02:24:19.111000,44,43.51472222222219,0 days 00:00:02.867000,11598.0,325.0,8,100.0,False,0,car,256.1663888888889,0.04433901856134681,OnTrack,-1155.2160530107317,1837.5737269070398,1883.974281925514
2026-09-06 14:30:54.290,0 days 02:24:19.114000,44,43.50638942222219,0 days 00:00:02.870000,11598.56996352,325.0,8,100.0,False,0,pos,256.43715825888995,0.04438588516306765,OnTrack,-1155.0,1840.0,1884.0
2026-09-06 14:30:54.390,0 days 02:24:19.214000,44,43.22861093333328,0 days 00:00:02.970000,11617.57001216,325.0,8,100.0,False,0,pos,265.46066648347926,0.04594773525742983,OnTrack,-1147.0,1930.0,1885.0
2026-09-06 14:30:54.487,0 days 02:24:19.311000,44,42.95916666666659,0 days 00:00:03.067000,11636.0,325.0,8,100.0,False,0,car,274.2219444444445,0.04746419675660353,OnTrack,-1139.3119576468284,2018.0241860479598,1885.6200979884177
2026-09-06 14:30:54.570,0 days 02:24:19.394000,44,42.70555614222215,0 days 00:00:03.150000,11625.1062752,325.5187488,8,100.0,False,0,pos,281.7350585745379,0.04876461758196099,OnTrack,-1133.0,2092.0,1886.0
2026-09-06 14:30:54.647,0 days 02:24:19.471000,44,42.47027777777771,0 days 00:00:03.227000,11615.0,326.0,8,100.0,False,0,car,288.71083333333337,0.04997203205913568,OnTrack,-1127.3395961111266,2159.978730199051,1886.3857868362875
2026-09-06 14:30:54.770,0 days 02:24:19.594000,44,42.094445031111036,0 days 00:00:03.350000,11628.3249792,326.0,8,100.0,False,0,pos,299.8509663687082,0.05190024195261083,OnTrack,-1118.0,2272.0,1887.0
2026-09-06 14:30:54.887,0 days 02:24:19.711000,44,41.73694444444436,0 days 00:00:03.467000,11641.0,326.0,8,100.0,False,0,car,310.4441666666667,0.05373378501293392,OnTrack,-1107.664778940888,2390.1192956965365,1887.4710111373656
2026-09-06 14:30:55.050,0 days 02:24:19.874000,44,41.23888947555546,0 days 00:00:03.630000,11664.091639466667,326.0,8,100.0,False,0,pos,325.19805870844675,0.056287488861163346,OnTrack,-1093.0,2555.0,1888.0
2026-09-06 14:30:55.127,0 days 02:24:19.951000,44,41.00361111111101,0 days 00:00:03.707000,11675.0,326.0,8,100.0,False,0,car,332.1775,0.05749553796673214,OnTrack,-1087.0931870930933,2623.115024650103,1888.231192696476
2026-09-06 14:30:55.311,0 days 02:24:20.135000,44,40.44138888888876,0 days 00:00:03.891000,11670.4,326.92,8,100.0,False,0,pos,348.8907998600129,0.06038838942913027,OnTrack,-1073.0,2790.0,1889.0
2026-09-06 14:30:55.327,0 days 02:24:20.151000,44,40.39249999999987,0 days 00:00:03.907000,11670.0,327.0,8,100.0,False,0,car,350.3441666666667,0.06063994802780582,OnTrack,-1071.4877748969332,2808.0006529912935,1889.1093046949345
2026-09-06 14:30:55.551,0 days 02:24:20.375000,44,39.70805555555541,0 days 00:00:04.131000,11689.6,327.0,8,100.0,False,0,pos,370.68844420544934,0.06416127376972637,OnTrack,-1047.0,3098.0,1891.0
2026-09-06 14:30:55.567,0 days 02:24:20.391000,44,39.65916666666652,0 days 00:00:04.147000,11691.0,327.0,8,100.0,False,0,car,372.1441666666667,0.06441324010109423,OnTrack,-1045.3203479955778,3117.4600006783508,1891.101709765501
2026-09-06 14:30:55.727,0 days 02:24:20.551000,44,39.08138888888874,0 days 00:00:04.307000,11676.0,328.0,8,100.0,False,0,car,386.7219444444445,0.06693646089627996,OnTrack,-1029.8863661759447,3291.8273368993137,1891.7106761685864
2026-09-06 14:30:55.891,0 days 02:24:20.715000,44,38.48916647809821,0 days 00:00:04.471000,11705.373143681001,328.0,8,100.0,False,0,pos,401.66158963424266,0.06952231616106926,OnTrack,-1018.0,3425.0,1892.0
2026-09-06 14:30:55.928,0 days 02:24:20.752000,44,38.35555555555544,0 days 00:00:04.508000,11712.0,328.0,8,100.0,False,0,car,405.03527777777776,0.07010625702023202,OnTrack,-1016.0300391675989,3447.796597231107,1892.0698970446206
2026-09-06 14:30:56.211,0 days 02:24:21.035000,44,37.254999751111015,0 days 00:00:04.791000,11740.3000064,328.7861112888889,8,100.0,False,0,pos,430.89644309502506,0.0745824831714967,OnTrack,-1003.0,3606.0,1893.0
2026-09-06 14:30:56.288,0 days 02:24:21.112000,44,36.95555555555546,0 days 00:00:04.868000,11748.0,329.0,8,100.0,False,0,car,437.9352777777778,0.07580081248863517,OnTrack,-995.9954619837092,3688.5082505350183,1893.5830372653336
2026-09-06 14:30:56.551,0 days 02:24:21.375000,44,36.00583310222212,0 days 00:00:05.131000,11735.671872,329.0,8,100.0,False,0,pos,461.9657508455666,0.07996016999065618,OnTrack,-967.0,4025.0,1896.0
2026-09-06 14:30:56.608,0 days 02:24:21.432000,44,35.7999999999999,0 days 00:00:05.188000,11733.0,329.0,8,100.0,False,0,car,467.1797222222222,0.08086263957166018,OnTrack,-963.1329601554627,4069.218805726903,1896.31542206872
2026-09-06 14:30:56.871,0 days 02:24:21.695000,44,34.77722197333323,0 days 00:00:05.451000,11752.127277381818,329.5977274181818,8,100.0,False,0,pos,491.2826413416042,0.08503453652837008,OnTrack,-951.0,4207.0,1897.0
2026-09-06 14:30:57.048,0 days 02:24:21.872000,44,34.08888888888879,0 days 00:00:05.628000,11765.0,330.0,8,100.0,False,0,car,507.5130555555556,0.08784380686321826,OnTrack,-933.0536846357892,4418.458090930456,1897.5455274257
2026-09-06 14:30:57.171,0 days 02:24:21.995000,44,33.610555306666555,0 days 00:00:05.751000,11777.3000064,330.0,8,100.0,False,0,pos,518.784448607362,0.08979473613190173,OnTrack,-920.0,4572.0,1898.0
2026-09-06 14:30:57.408,0 days 02:24:22.232000,44,32.688888888888755,0 days 00:00:05.988000,11801.0,330.0,8,100.0,False,0,car,540.5130555555556,0.09355567101085668,OnTrack,-902.3973441009504,4774.636278242064,1899.0115378463113
2026-09-06 14:30:57.651,0 days 02:24:22.475000,44,31.676388622222024,0 days 00:00:06.231000,11797.528570514285,330.86785737142856,8,100.0,False,0,pos,562.8554852734525,0.09742285050409263,OnTrack,-888.0,4938.0,1900.0
2026-09-06 14:30:57.688,0 days 02:24:22.512000,44,31.522222222222013,0 days 00:00:06.268000,11797.0,331.0,8,100.0,False,0,car,566.2575,0.09801169432064732,OnTrack,-885.525017108696,4966.487281887523,1900.1248476956275
2026-09-06 14:30:57.927,0 days 02:24:22.751000,44,30.526388888888732,0 days 00:00:06.507000,11833.0,331.0,8,100.0,False,0,car,588.2322222222223,0.10181522850293291,OnTrack,-867.8932303905693,5171.746690999007,1900.8971367891277
2026-09-06 14:30:57.951,0 days 02:24:22.775000,44,30.419722222222056,0 days 00:00:06.531000,11832.925,331.075,8,100.0,False,0,pos,590.4428110144346,0.10219785222618771,OnTrack,-866.0,5194.0,1901.0
2026-09-06 14:30:58.247,0 days 02:24:23.071000,44,29.1041666666664,0 days 00:00:06.827000,11832.0,332.0,8,100.0,False,0,car,617.7433333333335,0.10692321206391865,OnTrack,-840.3936107893298,5496.114383983515,1902.8087480809036
2026-09-06 14:30:58.271,0 days 02:24:23.095000,44,29.0041666666664,0 days 00:00:06.851000,11822.4,331.8666666666667,8,100.0,False,0,pos,619.9523841316673,0.10730556958074638,OnTrack,-838.0,5524.0,1903.0
2026-09-06 14:30:58.607,0 days 02:24:23.431000,44,27.6041666666664,0 days 00:00:07.187000,11688.0,330.0,8,100.0,False,0,car,650.7433333333335,0.11263507621155708,OnTrack,-802.9086080050912,5927.987716667524,1905.8385191723246
2026-09-06 14:30:58.651,0 days 02:24:23.475000,44,27.43305555555531,0 days 00:00:07.231000,11666.275,329.175,8,100.0,False,0,pos,654.7506205176087,0.11332868469631928,OnTrack,-800.0,5962.0,1906.0
2026-09-06 14:30:58.767,0 days 02:24:23.591000,44,26.981944444444252,0 days 00:00:07.347000,11609.0,327.0,8,100.0,False,0,car,665.2766666666668,0.11515060426041601,OnTrack,-795.3093628588351,6018.650849665701,1906.0574943999145
2026-09-06 14:30:58.911,0 days 02:24:23.735000,44,26.421944444444318,0 days 00:00:07.491000,11502.8,324.3,8,100.0,False,0,pos,678.2409359080148,0.11739454803859745,OnTrack,-791.0,6071.0,1906.0
2026-09-06 14:30:58.927,0 days 02:24:23.751000,44,26.359722222222103,0 days 00:00:07.507000,11491.0,324.0,8,100.0,False,0,car,679.6766666666667,0.11764305407029459,OnTrack,-790.2570859846281,6079.5660185223405,1906.03502955146
2026-09-06 14:30:59.150,0 days 02:24:23.974000,44,25.43055528888877,0 days 00:00:07.730000,11388.791637333334,321.2124992,8,100.0,False,0,pos,699.5755560579853,0.12108728900641869,OnTrack,-776.0,6242.0,1907.0
2026-09-06 14:30:59.167,0 days 02:24:23.991000,44,25.359722222222103,0 days 00:00:07.747000,11381.0,321.0,8,100.0,False,0,car,701.0766666666667,0.12134711142664192,OnTrack,-774.8751734766673,6255.322333229537,1907.0489647013653
2026-09-06 14:30:59.470,0 days 02:24:24.294000,44,24.265555324444207,0 days 00:00:08.050000,11155.6437024,313.4249984,8,6.259355199999999,False,0,pos,727.4333369945854,0.12590910295079838,OnTrack,-755.0,6499.0,1908.0
2026-09-06 14:30:59.487,0 days 02:24:24.311000,44,24.204166666666424,0 days 00:00:08.067000,11143.0,313.0,8,1.0,False,0,car,728.8988888888889,0.1261627706272098,OnTrack,-753.7544133099115,6513.574764482435,1908.1926713077391
2026-09-06 14:30:59.630,0 days 02:24:24.454000,44,23.211110666666475,0 days 00:00:08.210000,11072.521397028571,309.4249984,8,0.4892854857142857,False,0,pos,741.1905809685304,0.12829030018186174,OnTrack,-743.0,6638.0,1910.0
2026-09-06 14:30:59.767,0 days 02:24:24.591000,44,22.25972222222208,0 days 00:00:08.347000,11005.0,306.0,8,0.0,True,0,car,752.6988888888889,0.13028223628520355,OnTrack,-733.7191681711366,6752.870717809798,1909.998213459483
2026-09-06 14:30:59.790,0 days 02:24:24.614000,44,22.183055342222087,0 days 00:00:08.370000,10929.4591648,304.3468704,8,0.0,True,0,pos,754.5862253135241,0.13060890929303404,OnTrack,-732.0,6774.0,1910.0
2026-09-06 14:31:00.087,0 days 02:24:24.911000,44,21.193055555555475,0 days 00:00:08.667000,9954.0,283.0,8,0.0,True,0,car,777.8544444444444,0.1346363307061643,OnTrack,-705.6362706607076,7085.789690600966,1911.857919637147
2026-09-06 14:31:00.110,0 days 02:24:24.934000,44,21.001388355555473,0 days 00:00:08.690000,9843.0246912,280.6999936,8,0.0,True,0,pos,779.578923577264,0.13493481526774317,OnTrack,-704.0,7105.0,1912.0
2026-09-06 14:31:00.327,0 days 02:24:25.151000,44,19.193055555555475,0 days 00:00:08.907000,8796.0,259.0,8,0.0,True,0,car,795.1211111111111,0.13762496265412055,OnTrack,-693.987012042658,7223.445168018074,1912.815095220096
2026-09-06 14:31:00.510,0 days 02:24:25.334000,44,18.430555288888808,0 days 00:00:09.090000,9140.650120533333,236.6333255111111,8,0.0,True,0,pos,806.5775217657155,0.13960791602620107,OnTrack,-687.0,7309.0,1913.0
2026-09-06 14:31:00.570,0 days 02:24:25.394000,44,18.180556355555474,0 days 00:00:09.150000,9253.6496384,229.30002346666666,8,0.0,True,0,pos,810.0434943049063,0.1402078300953921,OnTrack,-684.0,7346.0,1913.0
2026-09-06 14:31:00.687,0 days 02:24:25.511000,44,17.693055555555475,0 days 00:00:09.267000,9474.0,215.0,8,0.0,True,0,car,816.6211111111111,0.14134632868970315,OnTrack,-678.332662329867,7413.190618111716,1912.8995745701939
2026-09-06 14:31:00.770,0 days 02:24:25.594000,44,17.301112017777672,0 days 00:00:09.350000,9529.135586742857,207.29287497142857,8,0.0,True,0,pos,821.1421233411606,0.14212885619478965,OnTrack,-674.0,7464.0,1913.0
2026-09-06 14:31:00.967,0 days 02:24:25.791000,44,16.370833333333167,0 days 00:00:09.547000,9660.0,189.0,8,0.0,True,0,car,831.3211111111111,0.14389070453728756,OnTrack,-661.5395594288574,7613.366914814731,1914.366289196295
2026-09-06 14:31:01.070,0 days 02:24:25.894000,44,15.97027752888878,0 days 00:00:09.650000,10137.846725485715,180.17142308571428,8,0.0,True,0,pos,836.2696206965912,0.1447472261883648,OnTrack,-656.0,7680.0,1915.0
2026-09-06 14:31:01.247,0 days 02:24:26.071000,44,15.281944444444434,0 days 00:00:09.827000,10959.0,165.0,8,0.0,True,0,car,844.1544444444444,0.14611198503914694,OnTrack,-650.3584261462354,7747.048107708972,1915.2085691794048
2026-09-06 14:31:01.470,0 days 02:24:26.294000,44,14.724444284444386,0 days 00:00:10.050000,10495.577992,147.57812,8,0.0,True,0,pos,852.9820300754116,0.14763992352022964,OnTrack,-645.0,7801.0,1915.0
2026-09-06 14:31:01.567,0 days 02:24:26.391000,44,14.481944444444366,0 days 00:00:10.147000,10294.0,140.0,7,0.0,True,0,car,856.5988888888888,0.14826595401064693,OnTrack,-641.0694122110564,7837.026891712171,1915.2153604091886
2026-09-06 14:31:01.767,0 days 02:24:26.591000,44,13.759722222222194,0 days 00:00:10.347000,11554.0,128.0,5,0.0,True,0,car,863.7099999999999,0.14949679342293265,OnTrack,-631.1466903489385,7919.924330855941,1915.9892938413225
2026-09-06 14:31:01.770,0 days 02:24:26.594000,44,13.755555822222195,0 days 00:00:10.350000,11548.750336,127.8031376,5,0.0,True,0,pos,863.809312663136,0.14951398313323486,OnTrack,-631.0,7921.0,1916.0
2026-09-06 14:31:02.051,0 days 02:24:26.875000,44,13.36527777777784,0 days 00:00:10.631000,11057.0,109.3625,5,0.0,True,0,pos,872.184503139229,0.15096361798808455,OnTrack,-617.0,8003.0,1917.0
2026-09-06 14:31:02.087,0 days 02:24:26.911000,44,13.315277777777851,0 days 00:00:10.667000,10994.0,107.0,2,0.0,True,0,car,873.221111111111,0.1511430411368648,OnTrack,-614.9016506767261,8013.0672346756255,1917.1841430722839
2026-09-06 14:31:02.247,0 days 02:24:27.071000,44,13.226388888888891,0 days 00:00:10.827000,11244.0,104.0,2,0.0,True,0,car,877.8433333333332,0.15194308675485052,OnTrack,-604.2971082042942,8057.9253013692705,1917.9892349685622
2026-09-06 14:31:02.251,0 days 02:24:27.075000,44,13.219722222222222,0 days 00:00:10.831000,11232.65,103.925,2,0.0,True,0,pos,877.9579042551322,0.1519629174682016,OnTrack,-604.0,8059.0,1918.0
2026-09-06 14:31:02.407,0 days 02:24:27.231000,44,12.959722222222126,0 days 00:00:10.987000,10790.0,101.0,1,0.0,True,0,car,882.3322222222222,0.1527200541338559,OnTrack,-590.805687561373,8099.243469591856,1918.0296168253917
2026-09-06 14:31:02.451,0 days 02:24:27.275000,44,12.923055543880494,0 days 00:00:11.031000,10618.159149264604,99.24875566129533,1,0.0,True,0,pos,883.5062903678078,0.15292326982317875,OnTrack,-586.0,8111.0,1918.0
2026-09-06 14:31:02.608,0 days 02:24:27.432000,44,12.792222222222108,0 days 00:00:11.188000,10005.0,93.0,1,0.0,True,0,car,887.5247222222222,0.15361880730314717,OnTrack,-564.1688709366225,8156.019079078268,1917.9657404925483
2026-09-06 14:31:02.691,0 days 02:24:27.515000,44,12.653888782222117,0 days 00:00:11.271000,9798.5373408,91.9624992,1,0.0,True,0,pos,889.629182254241,0.15398306153972371,OnTrack,-552.0,8178.0,1918.0
2026-09-06 14:31:02.848,0 days 02:24:27.672000,44,12.39222222222213,0 days 00:00:11.428000,9408.0,90.0,1,0.0,True,0,car,893.5247222222222,0.15465732805726326,OnTrack,-530.7254126814622,8211.410138634994,1918.1730400229912
2026-09-06 14:31:03.088,0 days 02:24:27.912000,44,12.192222222222199,0 days 00:00:11.668000,8932.0,83.0,1,0.0,True,0,car,899.0580555555555,0.15561507497494806,OnTrack,-501.1666579354963,8245.208264376994,1918.6961370258416
2026-09-06 14:31:03.191,0 days 02:24:28.015000,44,12.04916657777773,0 days 00:00:11.771000,8782.6499072,81.96999936,1,0.0,True,0,pos,901.395326113845,0.15601962563874275,OnTrack,-488.0,8257.0,1919.0
2026-09-06 14:31:03.288,0 days 02:24:28.112000,44,11.91444444444437,0 days 00:00:11.868000,8642.0,81.0,1,0.0,True,0,car,903.5580555555555,0.1563939655405351,OnTrack,-475.19980672445814,8266.933694671032,1919.3283183781496
2026-09-06 14:31:03.511,0 days 02:24:28.335000,44,11.852499982222099,0 days 00:00:12.091000,8269.404059733333,76.35416533333333,1,0.0,True,0,pos,908.2770428700553,0.15721075991795488,OnTrack,-442.0,8286.0,1920.0
2026-09-06 14:31:03.528,0 days 02:24:28.352000,44,11.847777777777651,0 days 00:00:12.108000,8241.0,76.0,1,0.0,False,0,car,908.6247222222222,0.1572709386217887,OnTrack,-439.04558708341193,8287.286396551397,1920.0249254514854
2026-09-06 14:31:03.831,0 days 02:24:28.655000,44,12.100277831111013,0 days 00:00:12.411000,8540.2125632,72.96999936,1,8.332501760000001,False,0,pos,914.6321861555533,0.15831075128418334,OnTrack,-379.0,8306.0,1920.0
2026-09-06 14:31:03.928,0 days 02:24:28.752000,44,12.181111111111022,0 days 00:00:12.508000,8636.0,72.0,1,11.0,False,0,car,916.6247222222222,0.15865563296061014,OnTrack,-359.6754730363622,8309.967713815402,1919.9952349289167
2026-09-06 14:31:04.011,0 days 02:24:28.835000,44,12.088888817777674,0 days 00:00:12.591000,8560.5218168,73.5562512,1,8.1468728,False,0,pos,918.3892927345679,0.15896105681047215,OnTrack,-343.0,8313.0,1920.0
2026-09-06 14:31:04.231,0 days 02:24:29.055000,44,11.844444373333191,0 days 00:00:12.811000,8360.4593168,77.6812512,1,0.5843727999999995,False,0,pos,923.1947066034096,0.1597928104829571,OnTrack,-297.0,8322.0,1920.0
2026-09-06 14:31:04.248,0 days 02:24:29.072000,44,11.825555555555411,0 days 00:00:12.828000,8345.0,78.0,1,0.0,True,0,car,923.5580555555556,0.15985570138758873,OnTrack,-293.4305935638097,8322.913727645722,1919.9998556443177
2026-09-06 14:31:04.391,0 days 02:24:29.215000,44,11.66666659555542,0 days 00:00:12.971000,8381.3458496,76.2124992,1,0.0,True,0,pos,926.5531067919984,0.16037410519903653,OnTrack,-264.0,8332.0,1920.0
2026-09-06 14:31:04.488,0 days 02:24:29.312000,44,11.55888888888876,0 days 00:00:13.068000,8406.0,75.0,1,0.0,False,0,car,928.5580555555556,0.16072113534935212,OnTrack,-245.667917194099,8339.216517387656,1920.002389574331
2026-09-06 14:31:04.531,0 days 02:24:29.355000,44,11.499166588424533,0 days 00:00:13.111000,8388.272957277244,74.8802226843057,1,0.1197773156942947,False,0,pos,929.4469224467264,0.16087498646837337,OnTrack,-238.0,8343.0,1920.0
2026-09-06 14:31:04.691,0 days 02:24:29.515000,44,11.276944405818563,0 days 00:00:13.271000,8322.31196625079,74.43454031250535,1,0.5654596874946518,False,0,pos,932.7539886465268,0.1614473959489948,OnTrack,-212.0,8361.0,1920.0
2026-09-06 14:31:04.847,0 days 02:24:29.671000,44,11.060277777777742,0 days 00:00:13.427000,8258.0,74.0,1,1.0,False,0,car,935.9375,0.1619984197175858,OnTrack,-191.02356529075726,8382.939723947826,1920.225621424697
2026-09-06 14:31:05.051,0 days 02:24:29.875000,44,11.060277777777742,0 days 00:00:13.631000,8358.98,72.98,1,4.57,False,0,pos,940.0036453638937,0.1627022157758619,OnTrack,-170.0,8417.0,1921.0
2026-09-06 14:31:05.231,0 days 02:24:30.055000,44,11.060277777777742,0 days 00:00:13.811000,8448.08,72.08,1,7.720000000000001,False,0,pos,943.6107554071609,0.16332655888291414,OnTrack,-157.0,8451.0,1922.0
2026-09-06 14:31:05.247,0 days 02:24:30.071000,44,11.060277777777742,0 days 00:00:13.827000,8456.0,72.0,1,8.0,False,0,car,943.9375,0.16338311405640724,OnTrack,-156.05099687643448,8454.139187671863,1922.0443124870371
2026-09-06 14:31:05.451,0 days 02:24:30.275000,44,11.230277777777683,0 days 00:00:14.031000,8752.65,74.55,1,11.4,False,0,pos,948.1807185802901,0.16411755914972098,OnTrack,-147.0,8495.0,1922.0
2026-09-06 14:31:05.487,0 days 02:24:30.311000,44,11.260277777777674,0 days 00:00:14.067000,8805.0,75.0,1,12.0,False,0,car,948.9375,0.16424854801817065,OnTrack,-146.09545066556672,8502.191064966082,1922.0001520231076
2026-09-06 14:31:05.491,0 days 02:24:30.315000,44,11.26361111111101,0 days 00:00:14.071000,8813.28,75.04,1,12.12,False,0,pos,949.0216661829957,0.16426311607280997,OnTrack,-146.0,8503.0,1922.0
2026-09-06 14:31:05.687,0 days 02:24:30.511000,44,11.426944444444416,0 days 00:00:14.267000,9219.0,77.0,1,18.0,False,0,car,953.2152777777777,0.16498897485212377,OnTrack,-142.03938049780248,8545.339098154363,1921.9951012345243
2026-09-06 14:31:05.690,0 days 02:24:30.514000,44,11.431944124444415,0 days 00:00:14.270000,9228.3244032,77.0749952,1,18.1416576,False,0,pos,953.2820384100052,0.16500053023581146,OnTrack,-142.0,8546.0,1922.0
2026-09-06 14:31:05.990,0 days 02:24:30.814000,44,11.931944551111005,0 days 00:00:14.570000,10160.825198933333,84.5750016,1,32.308336355555554,False,0,pos,960.403038395684,0.1662330812816761,OnTrack,-142.0,8613.0,1923.0
2026-09-06 14:31:06.047,0 days 02:24:30.871000,44,12.026944444444325,0 days 00:00:14.627000,10338.0,86.0,1,35.0,False,0,car,961.8152777777777,0.16647752126635681,OnTrack,-142.84225861630532,8626.466348248918,1922.9989394896852
2026-09-06 14:31:06.150,0 days 02:24:30.974000,44,12.22722234666656,0 days 00:00:14.730000,10689.74521856,89.09000192,1,37.5750016,False,0,pos,964.3976387763169,0.1669244938482906,OnTrack,-145.0,8651.0,1923.0
2026-09-06 14:31:06.247,0 days 02:24:31.071000,44,12.41583333333324,0 days 00:00:14.827000,11021.0,92.0,1,40.0,False,0,car,966.9263888888888,0.16736218709393716,OnTrack,-147.72005334279996,8673.337596503356,1923.4547102291249
2026-09-06 14:31:06.350,0 days 02:24:31.174000,44,12.558888977777684,0 days 00:00:14.930000,10945.180508444444,96.00555804444444,1,42.86111288888889,False,0,pos,969.7755585882219,0.16785534073806316,OnTrack,-153.0,8703.0,1924.0
2026-09-06 14:31:06.607,0 days 02:24:31.431000,44,12.91583333333324,0 days 00:00:15.187000,10756.0,106.0,1,50.0,False,0,car,977.5263888888888,0.16919690709287558,OnTrack,-178.76133303142439,8814.003798055819,1923.9989544619896
2026-09-06 14:31:06.610,0 days 02:24:31.434000,44,12.92833253333324,0 days 00:00:15.190000,10768.17172096,106.09749376,1,50.16498944,False,0,pos,977.6209890324807,0.169213281128286,OnTrack,-179.0,8815.0,1924.0
2026-09-06 14:31:07.007,0 days 02:24:31.831000,44,14.582499999999868,0 days 00:00:15.587000,12379.0,119.0,2,72.0,False,0,car,990.7486111111111,0.17148549912509434,OnTrack,-198.40652364634852,8889.92550402471,1924.9623953317475
2026-09-06 14:31:07.050,0 days 02:24:31.874000,44,14.761665866666524,0 days 00:00:15.630000,12301.6003456,120.0749952,2,73.8812416,False,0,pos,992.1953099989624,0.1717359035950927,OnTrack,-204.0,8910.0,1925.0
2026-09-06 14:31:07.167,0 days 02:24:31.991000,44,15.249166666666497,0 days 00:00:15.747000,12091.0,123.0,2,79.0,False,0,car,996.2152777777778,0.172431706923289,OnTrack,-224.33658926453555,8982.980348746698,1924.9768721252901
2026-09-06 14:31:07.210,0 days 02:24:32.034000,44,15.44027692444428,0 days 00:00:15.790000,11860.73602816,126.00998656,2,78.57000192,False,0,pos,997.7730399392211,0.17270133497906157,OnTrack,-231.0,9007.0,1925.0
2026-09-06 14:31:07.367,0 days 02:24:32.191000,44,16.13805555555541,0 days 00:00:15.947000,11020.0,137.0,2,77.0,False,0,car,1003.8263888888889,0.17374908973175104,OnTrack,-244.45101529963657,9056.441355419363,1925.4361272041976
2026-09-06 14:31:07.550,0 days 02:24:32.374000,44,16.443055662222097,0 days 00:00:16.130000,11585.339483428572,146.80357485714285,2,92.03214811428572,False,0,pos,1011.4773485543653,0.1750733697986681,OnTrack,-253.0,9091.0,1926.0
2026-09-06 14:31:07.647,0 days 02:24:32.471000,44,16.604722222222108,0 days 00:00:16.227000,11885.0,152.0,3,100.0,False,0,car,1015.6486111111112,0.17579536025467607,OnTrack,-261.6348618827348,9125.626908680002,1926.0023316124393
2026-09-06 14:31:07.807,0 days 02:24:32.631000,44,17.093611111111045,0 days 00:00:16.387000,11045.0,157.0,3,100.0,False,0,car,1022.626388888889,0.1770031214279814,OnTrack,-279.6599460892567,9197.644794324153,1925.9928111948225
2026-09-06 14:31:07.810,0 days 02:24:32.634000,44,17.105277031111047,0 days 00:00:16.390000,11046.687392,157.2062368,3,100.0,False,0,pos,1022.7610719082583,0.1770264332797884,OnTrack,-280.0,9199.0,1926.0
2026-09-06 14:31:07.967,0 days 02:24:32.791000,44,17.71583333333342,0 days 00:00:16.547000,11135.0,168.0,4,100.0,False,0,car,1030.0930555555556,0.1782955028108814,OnTrack,-297.7353980178636,9269.671611507214,1926.7338040540892
2026-09-06 14:31:08.050,0 days 02:24:32.874000,44,17.784999840000083,0 days 00:00:16.630000,11337.0526576,173.187488,4,100.0,False,0,pos,1034.245049498368,0.17901415812431054,OnTrack,-307.0,9308.0,1927.0
2026-09-06 14:31:08.230,0 days 02:24:33.054000,44,17.935000053333408,0 days 00:00:16.810000,11775.2407808,184.437504,4,100.0,False,0,pos,1043.7722239621671,0.1806631861924339,OnTrack,-327.0,9395.0,1927.0
2026-09-06 14:31:08.287,0 days 02:24:33.111000,44,17.982500000000073,0 days 00:00:16.867000,11914.0,188.0,4,100.0,False,0,car,1046.8041666666668,0.18118797542975287,OnTrack,-333.59824711491524,9423.330210203674,1927.224709772403
2026-09-06 14:31:08.430,0 days 02:24:33.254000,44,18.260555680000092,0 days 00:00:17.010000,11480.8289728,190.3833344,4,100.0,False,0,pos,1054.3844361158406,0.18250001995387932,OnTrack,-350.0,9496.0,1928.0
2026-09-06 14:31:08.527,0 days 02:24:33.351000,44,18.44916666666677,0 days 00:00:17.107000,11187.0,192.0,4,100.0,False,0,car,1059.6041666666667,0.18340348637186715,OnTrack,-359.77743953760483,9546.799519015158,1928.0028086484178
2026-09-06 14:31:08.591,0 days 02:24:33.415000,44,18.555833333333485,0 days 00:00:17.171000,11159.8,194.88,4,100.0,False,0,pos,1063.115367381167,0.18401122884084645,OnTrack,-366.0,9581.0,1928.0
2026-09-06 14:31:08.727,0 days 02:24:33.551000,44,18.782500000000255,0 days 00:00:17.307000,11102.0,201.0,5,100.0,False,0,car,1070.7708333333333,0.18533628888647205,OnTrack,-379.4028261507908,9655.493269951898,1928.464441856367
2026-09-06 14:31:08.831,0 days 02:24:33.655000,44,18.8402777777779,0 days 00:00:17.411000,11307.4,206.72,5,100.0,False,0,pos,1076.8277500853553,0.18638466117862676,OnTrack,-389.0,9714.0,1929.0
2026-09-06 14:31:08.927,0 days 02:24:33.751000,44,18.893611111111113,0 days 00:00:17.507000,11497.0,212.0,5,100.0,False,0,car,1082.5486111111113,0.18737486666307032,OnTrack,-396.8526300564588,9769.113802054271,1929.4779185675902
2026-09-06 14:31:09.088,0 days 02:24:33.912000,44,19.11722222222238,0 days 00:00:17.668000,11659.0,219.0,5,100.0,False,0,car,1092.3427777777779,0.18907010755517117,OnTrack,-407.82228969993463,9864.192310846789,1929.9979098870422
2026-09-06 14:31:09.091,0 days 02:24:33.915000,44,19.121388977777933,0 days 00:00:17.671000,11665.312634666667,219.05000106666665,5,100.0,False,0,pos,1092.5265050697244,0.18910190832280185,OnTrack,-408.0,9866.0,1930.0
2026-09-06 14:31:09.251,0 days 02:24:34.075000,44,19.343611199999952,0 days 00:00:17.831000,12001.979301333333,221.71666773333334,5,100.0,False,0,pos,1102.3753906464704,0.19080662033552934,OnTrack,-416.0,9964.0,1930.0
2026-09-06 14:31:09.328,0 days 02:24:34.152000,44,19.45055555555541,0 days 00:00:17.908000,12164.0,223.0,5,100.0,False,0,car,1107.2094444444447,0.19164333120148103,OnTrack,-418.71528778288376,10011.717068570677,1930.4377785057104
2026-09-06 14:31:09.488,0 days 02:24:34.312000,44,19.53944444444437,0 days 00:00:18.068000,11464.0,232.0,5,100.0,False,0,car,1117.5205555555558,0.19342804834929533,OnTrack,-422.52574283635215,10114.973711850276,1931.883659115208
2026-09-06 14:31:09.511,0 days 02:24:34.335000,44,19.53944444444437,0 days 00:00:18.091000,11428.9967776,232.6468768,5,100.0,False,0,pos,1119.0292782511983,0.19368918832123375,OnTrack,-423.0,10131.0,1932.0
2026-09-06 14:31:09.771,0 days 02:24:34.595000,44,19.53944444444437,0 days 00:00:18.351000,11033.3092776,239.9593768,5,100.0,False,0,pos,1136.4443768401948,0.19670351187450882,OnTrack,-427.0,10324.0,1932.0
2026-09-06 14:31:09.808,0 days 02:24:34.632000,44,19.53944444444437,0 days 00:00:18.388000,10977.0,241.0,6,100.0,False,0,car,1138.942777777778,0.19713595207880605,OnTrack,-427.20892945531114,10349.333076430228,1932.0564316940442
2026-09-06 14:31:09.968,0 days 02:24:34.792000,44,19.628333333333558,0 days 00:00:18.548000,11224.0,244.0,6,100.0,False,0,car,1149.7872222222222,0.19901298218254174,OnTrack,-426.8369009584415,10452.682597888665,1932.690720445024
2026-09-06 14:31:10.031,0 days 02:24:34.855000,44,19.715833422222428,0 days 00:00:18.611000,11298.49757568,245.26000128,6,100.0,False,0,pos,1154.109779352162,0.19976115973092418,OnTrack,-426.0,10499.0,1933.0
2026-09-06 14:31:10.231,0 days 02:24:35.055000,44,19.993611200000142,0 days 00:00:18.811000,11534.99757568,249.26000128,6,100.0,False,0,pos,1168.061953305728,0.20217609676689358,OnTrack,-421.0,10666.0,1934.0
2026-09-06 14:31:10.368,0 days 02:24:35.192000,44,20.183888888888987,0 days 00:00:18.948000,11697.0,252.0,6,100.0,False,0,car,1177.7872222222225,0.20385941236841681,OnTrack,-416.8059402278242,10756.786523334233,1934.5912548962808
2026-09-06 14:31:10.531,0 days 02:24:35.355000,44,20.229166684444532,0 days 00:00:19.111000,11260.9748288,256.0750016,6,100.0,False,0,pos,1189.5207820001597,0.2058903365932584,OnTrack,-411.0,10851.0,1935.0
2026-09-06 14:31:10.751,0 days 02:24:35.575000,44,20.290277795555628,0 days 00:00:19.331000,10672.474828800001,261.5750016,6,100.0,False,0,pos,1205.639239844589,0.2086802287592225,OnTrack,-399.0,11010.0,1935.0
2026-09-06 14:31:10.768,0 days 02:24:35.592000,44,20.295000000000073,0 days 00:00:19.348000,10627.0,262.0,6,100.0,False,0,car,1206.8983333333335,0.20889816121246146,OnTrack,-397.4286615710232,11026.61194313583,1935.0352540902354
2026-09-06 14:31:11.011,0 days 02:24:35.835000,44,20.159999964444523,0 days 00:00:19.591000,10846.712557866667,267.06250133333333,6,100.0,False,0,pos,1225.1090683759614,0.21205019892737448,OnTrack,-369.0,11291.0,1936.0
2026-09-06 14:31:11.248,0 days 02:24:36.072000,44,20.02833333333342,0 days 00:00:19.828000,11061.0,272.0,7,100.0,False,0,car,1243.1650000000002,0.21517544221511864,OnTrack,-354.775785661007,11389.757254671922,1936.0173819195657
2026-09-06 14:31:11.291,0 days 02:24:36.115000,44,19.980555499810247,0 days 00:00:19.871000,11093.412098118722,273.08040327062406,7,100.0,False,0,pos,1246.4630189903169,0.21574628574327076,OnTrack,-351.0,11412.0,1936.0
2026-09-06 14:31:11.447,0 days 02:24:36.271000,44,19.807222222222208,0 days 00:00:20.027000,11211.0,277.0,7,100.0,False,0,car,1258.4769444444448,0.21782573756368998,OnTrack,-331.12446667027723,11529.566467487733,1936.0054282819058
2026-09-06 14:31:11.491,0 days 02:24:36.315000,44,19.75833333333322,0 days 00:00:20.071000,11211.0,277.55,7,100.0,False,0,pos,1261.8753766674138,0.21841396129619167,OnTrack,-325.0,11564.0,1936.0
2026-09-06 14:31:11.607,0 days 02:24:36.431000,44,19.62944444444406,0 days 00:00:20.187000,11211.0,279.0,7,100.0,False,0,car,1270.876944444445,0.21997201378886322,OnTrack,-309.20034241487696,11646.740179035512,1935.940191429223
2026-09-06 14:31:11.751,0 days 02:24:36.575000,44,19.349444444444206,0 days 00:00:20.331000,11404.68,282.6,7,100.0,False,0,pos,1282.212750892003,0.22193409216560187,OnTrack,-281.0,11763.0,1936.0
2026-09-06 14:31:11.807,0 days 02:24:36.631000,44,19.240555555555375,0 days 00:00:20.387000,11480.0,284.0,7,100.0,False,0,car,1286.6547222222227,0.22270293873487218,OnTrack,-264.13004521788,11822.952492821085,1936.144449891249
2026-09-06 14:31:12.031,0 days 02:24:36.855000,44,18.618333333333293,0 days 00:00:20.611000,11565.866666666667,287.73333333333335,7,100.0,False,0,pos,1304.565189789022,0.22580300411554619,OnTrack,-184.0,12084.0,1937.0
2026-09-06 14:31:12.047,0 days 02:24:36.871000,44,18.57388888888886,0 days 00:00:20.627000,11572.0,288.0,7,100.0,False,0,car,1305.8547222222226,0.22602620514804359,OnTrack,-179.7514774106937,12097.183217467826,1937.0338022404696
2026-09-06 14:31:12.247,0 days 02:24:37.071000,44,17.85166666666646,0 days 00:00:20.827000,11741.0,292.0,7,100.0,False,0,car,1322.076944444445,0.22883405755732042,OnTrack,-147.8050798068941,12186.595027287236,1937.0501918493237
2026-09-06 14:31:12.390,0 days 02:24:37.214000,44,17.37499978666673,0 days 00:00:20.970000,11471.44487936,293.43000064,7,100.0,False,0,pos,1333.7364359316514,0.23085216153930438,OnTrack,-119.0,12251.0,1937.0
2026-09-06 14:31:12.447,0 days 02:24:37.271000,44,17.185000000000173,0 days 00:00:21.027000,11364.0,294.0,7,100.0,False,0,car,1338.4102777777782,0.23166114183241415,OnTrack,-101.44517088717517,12290.23319704073,1937.0280003354665
2026-09-06 14:31:12.530,0 days 02:24:37.354000,44,16.816111964444637,0 days 00:00:21.110000,11226.12809671111,295.1527751111111,7,100.0,False,0,pos,1345.251964706521,0.2328453474771915,OnTrack,-72.0,12355.0,1937.0
2026-09-06 14:31:12.790,0 days 02:24:37.614000,44,15.66055527111137,0 days 00:00:21.370000,10794.238782577779,298.76388977777776,7,100.0,False,0,pos,1366.8913501357551,0.23659083928962094,OnTrack,23.0,12547.0,1936.0
2026-09-06 14:31:12.807,0 days 02:24:37.631000,44,15.585000000000264,0 days 00:00:21.387000,10766.0,299.0,8,100.0,False,0,car,1368.310277777778,0.23683643692375925,OnTrack,28.862534649303168,12558.130239573891,1936.0208240240468
2026-09-06 14:31:12.967,0 days 02:24:37.791000,44,14.829444444444789,0 days 00:00:21.547000,10808.0,301.0,8,100.0,False,0,car,1381.6880555555558,0.23915195356812174,OnTrack,84.37494678831953,12657.470353936389,1936.907632503576
2026-09-06 14:31:13.050,0 days 02:24:37.874000,44,14.391389902222572,0 days 00:00:21.630000,10846.90616,302.0374976,8,100.0,False,0,pos,1388.660063505337,0.24035871606040676,OnTrack,133.0,12733.0,1937.0
2026-09-06 14:31:13.127,0 days 02:24:37.951000,44,13.985000000000355,0 days 00:00:21.707000,10883.0,303.0,8,100.0,False,0,car,1395.1547222222225,0.24148285570513783,OnTrack,196.84262302326616,12827.142280658785,1936.5705684770958
2026-09-06 14:31:13.210,0 days 02:24:38.034000,44,13.52388995555591,0 days 00:00:21.790000,10907.669387377779,303.9222200888889,8,100.0,False,0,pos,1402.1884107002247,0.24270029428220324,OnTrack,267.0,12928.0,1936.0
2026-09-06 14:31:13.487,0 days 02:24:38.311000,44,11.985000000000355,0 days 00:00:22.067000,10990.0,307.0,8,100.0,False,0,car,1425.8547222222226,0.2467966202303651,OnTrack,372.02814885010207,13063.732865131211,1936.649022130302
2026-09-06 14:31:13.610,0 days 02:24:38.434000,44,11.233334506667006,0 days 00:00:22.190000,11035.0999296,308.0249984,8,100.0,False,0,pos,1436.4088799872447,0.2486234055438969,OnTrack,417.0,13112.0,1937.0
2026-09-06 14:31:13.727,0 days 02:24:38.551000,44,10.518333333333658,0 days 00:00:22.307000,11078.0,309.0,8,100.0,False,0,car,1446.4547222222225,0.2503622081528303,OnTrack,481.2075771312935,13181.684418778403,1936.9806713649762
2026-09-06 14:31:13.770,0 days 02:24:38.594000,44,10.267501120000308,0 days 00:00:22.350000,11078.8062464,309.0,8,100.0,False,0,pos,1450.1447796570644,0.2510009083578242,OnTrack,511.0,13212.0,1937.0
2026-09-06 14:31:13.887,0 days 02:24:38.711000,44,9.585000000000264,0 days 00:00:22.467000,11081.0,309.0,8,100.0,False,0,car,1460.1880555555558,0.25273926676780706,OnTrack,610.3613837609781,13305.581330681243,1937.2969651950384
2026-09-06 14:31:14.050,0 days 02:24:38.874000,44,8.58889006222262,0 days 00:00:22.630000,11081.679165866666,309.67916586666666,8,100.0,False,0,pos,1474.2208044382385,0.2551681502598013,OnTrack,753.0,13431.0,1938.0
2026-09-06 14:31:14.127,0 days 02:24:38.951000,44,8.118333333333794,0 days 00:00:22.707000,11082.0,310.0,8,100.0,False,0,car,1480.8547222222226,0.25631639380976246,OnTrack,800.8702806775561,13471.43276255352,1938.2882964982991
2026-09-06 14:31:14.390,0 days 02:24:39.214000,44,6.4380551466672316,0 days 00:00:22.970000,11109.239292342858,310.0,8,100.0,False,0,pos,1503.502044894385,0.26023634624646325,OnTrack,917.0,13558.0,1939.0
2026-09-06 14:31:14.407,0 days 02:24:39.231000,44,6.329444444445016,0 days 00:00:22.987000,11111.0,310.0,8,100.0,False,0,car,1504.9658333333334,0.2604897086920437,OnTrack,926.5475514584389,13564.673645391105,1939.0275939586454
2026-09-06 14:31:14.647,0 days 02:24:39.471000,44,4.729444444445107,0 days 00:00:23.227000,11147.0,310.0,8,100.0,False,0,car,1525.6325000000002,0.2640668357339991,OnTrack,1095.9715613409687,13679.3656161079,1939.4015796904498
2026-09-06 14:31:14.730,0 days 02:24:39.554000,44,4.153056888889506,0 days 00:00:23.310000,11134.03128,310.0,8,100.0,False,0,pos,1532.77983710516,0.2653039453873945,OnTrack,1161.0,13720.0,1940.0
2026-09-06 14:31:14.910,0 days 02:24:39.734000,44,2.903055111111629,0 days 00:00:23.490000,11105.90624,310.0,8,100.0,False,0,pos,1548.2799265354736,0.26798680614806714,OnTrack,1304.0,13802.0,1942.0
2026-09-06 14:31:14.967,0 days 02:24:39.791000,44,2.5072222222227083,0 days 00:00:23.547000,11097.0,310.0,8,100.0,False,0,car,1553.1880555555558,0.26883633845660626,OnTrack,1348.350432309618,13825.700510154255,1942.229269033673
2026-09-06 14:31:15.151,0 days 02:24:39.975000,44,96.9943456790124,0 days 00:00:23.731000,11090.866666666667,310.0,8,100.0,False,0,pos,1569.0310244401578,0.2715785471221853,OnTrack,1489.0,13896.0,1942.0
2026-09-06 14:31:15.327,0 days 02:24:40.151000,81,187.373333333333,0 days 00:00:23.907000,11085.0,310.0,8,100.0,False,0,car,1584.1880555555558,0.27420202901953933,OnTrack,1625.8389608938553,13958.827145271782,1942.8335054089428
2026-09-06 14:31:15.351,0 days 02:24:40.175000,81,187.253333333333,0 days 00:00:23.931000,11084.7,310.0,8,100.0,False,0,pos,1586.255438171161,0.2745598656450401,OnTrack,1645.0,13967.0,1943.0
2026-09-06 14:31:15.491,0 days 02:24:40.315000,81,186.55333333333297,0 days 00:00:24.071000,11082.95,310.0,8,100.0,False,0,pos,1598.3159222999197,0.2766473761571074,OnTrack,1757.0,14012.0,1944.0
2026-09-06 14:31:15.567,0 days 02:24:40.391000,81,186.17333333333295,0 days 00:00:24.147000,11082.0,310.0,8,100.0,False,0,car,1604.8547222222223,0.27777915606149467,OnTrack,1812.1191421991157,14033.299054688505,1944.3040791118692
2026-09-06 14:31:15.711,0 days 02:24:40.535000,81,185.53333312955172,0 days 00:00:24.291000,11080.567163722879,309.283581861439,8,100.0,False,0,pos,1617.2198755919017,0.27991940079520133,OnTrack,1935.0,14075.0,1945.0
2026-09-06 14:31:15.768,0 days 02:24:40.592000,81,185.27999999999952,0 days 00:00:24.348000,11080.0,309.0,8,100.0,False,0,car,1622.1072222222224,0.2807653359465593,OnTrack,2008.0097449875357,14096.368583933268,1945.7076657438165
2026-09-06 14:31:15.911,0 days 02:24:40.735000,81,184.76361087999942,0 days 00:00:24.491000,11059.19999069091,308.67499985454543,8,100.0,False,0,pos,1634.3528152663503,0.2828848863670237,OnTrack,2216.0,14153.0,1948.0
2026-09-06 14:31:16.208,0 days 02:24:41.032000,81,183.69111111111033,0 days 00:00:24.788000,11016.0,308.0,8,100.0,False,0,car,1659.751666666667,0.28728109208534686,OnTrack,2448.691907907303,14205.65101679266,1950.0867553947667
2026-09-06 14:31:16.408,0 days 02:24:41.232000,81,183.02444444444382,0 days 00:00:24.988000,11000.0,308.0,8,100.0,False,0,car,1676.862777777778,0.2902427994211593,OnTrack,2549.337966600053,14221.725047036634,1950.9817848225555
2026-09-06 14:31:16.411,0 days 02:24:41.235000,81,183.0169442844438,0 days 00:00:24.991000,10999.9343736,307.9906248,8,100.0,False,0,pos,1677.1190551144687,0.29028715764331975,OnTrack,2551.0,14222.0,1951.0
2026-09-06 14:31:16.728,0 days 02:24:41.552000,81,182.22444444444363,0 days 00:00:25.308000,10993.0,307.0,8,100.0,False,0,car,1704.151666666667,0.2949661456658058,OnTrack,2773.9295737007456,14258.279361560713,1953.5987818772721
2026-09-06 14:31:16.771,0 days 02:24:41.595000,81,182.1049998222214,0 days 00:00:25.351000,10998.80500864,307.21500032,8,100.0,False,0,pos,1707.8268034188138,0.29560226329769235,OnTrack,2821.0,14265.0,1954.0
2026-09-06 14:31:16.928,0 days 02:24:41.752000,81,181.66888888888798,0 days 00:00:25.508000,11020.0,308.0,8,100.0,False,0,car,1721.2627777777782,0.29792785300161834,OnTrack,3031.044935942189,14293.121615360873,1955.4818574150404
2026-09-06 14:31:16.991,0 days 02:24:41.815000,81,181.47638869333235,0 days 00:00:25.571000,11019.737499733334,308.0,8,100.0,False,0,pos,1726.6522933468982,0.2988607069638121,OnTrack,3109.0,14303.0,1956.0
2026-09-06 14:31:17.168,0 days 02:24:41.992000,81,180.9355555555544,0 days 00:00:25.748000,11019.0,308.0,8,100.0,False,0,car,1741.7961111111117,0.3014819018045934,OnTrack,3265.643963437157,14320.906365273044,1957.0656741811854
2026-09-06 14:31:17.448,0 days 02:24:42.272000,81,179.69111111111033,0 days 00:00:26.028000,11070.0,309.0,8,100.0,False,0,car,1765.8294444444448,0.3056417543808027,OnTrack,3415.2190942925754,14332.857597167756,1957.9912869587404
2026-09-06 14:31:17.451,0 days 02:24:42.275000,81,179.6752774399992,0 days 00:00:26.031000,11069.9249984,309.01500032,8,100.0,False,0,pos,1766.0875172656488,0.3056864233776183,OnTrack,3417.0,14333.0,1958.0
2026-09-06 14:31:17.648,0 days 02:24:42.472000,81,178.63555555555445,0 days 00:00:26.228000,11065.0,310.0,8,100.0,False,0,car,1783.0516666666672,0.3086226935824322,OnTrack,3544.6471956589394,14343.377048496004,1958.5274915481107
2026-09-06 14:31:17.851,0 days 02:24:42.675000,81,177.45138851555475,0 days 00:00:26.431000,11080.2250048,310.0,8,100.0,False,0,pos,1800.529086745641,0.3116478041625021,OnTrack,3742.0,14360.0,1960.0
2026-09-06 14:31:17.888,0 days 02:24:42.712000,81,177.2355555555548,0 days 00:00:26.468000,11083.0,310.0,8,100.0,False,0,car,1803.7183333333337,0.31219982062438756,OnTrack,3790.095613145961,14364.107851244326,1960.484938249104
2026-09-06 14:31:18.071,0 days 02:24:42.895000,81,174.2872217167185,0 days 00:00:26.651000,11094.214486602432,310.5097493910196,8,100.0,False,0,pos,1819.5199573602113,0.3149348730411628,OnTrack,4034.0,14385.0,1963.0
2026-09-06 14:31:18.247,0 days 02:24:43.071000,81,171.4516666666657,0 days 00:00:26.827000,11105.0,311.0,8,100.0,False,0,car,1834.731944444445,0.31756786709088325,OnTrack,4128.546265217128,14392.780409919402,1962.9720259676708
2026-09-06 14:31:18.331,0 days 02:24:43.155000,81,169.04833333333238,0 days 00:00:26.911000,11105.381818181819,311.0,8,100.0,False,0,pos,1841.9877575167498,0.31882375250147915,OnTrack,4171.0,14396.0,1963.0
2026-09-06 14:31:18.687,0 days 02:24:43.511000,81,158.86277777777696,0 days 00:00:27.267000,11107.0,311.0,8,100.0,False,0,car,1872.7430555555559,0.32414708838686673,OnTrack,4508.249557543688,14420.743762227572,1965.9891275572445
2026-09-06 14:31:18.691,0 days 02:24:43.515000,81,158.70944444444362,0 days 00:00:27.271000,11104.033333333333,311.0,8,98.88888888888889,False,0,pos,1873.0892540606642,0.32420701077563324,OnTrack,4512.0,14421.0,1966.0
2026-09-06 14:31:18.830,0 days 02:24:43.654000,81,153.38110865777708,0 days 00:00:27.410000,11000.9416192,311.0,8,60.27776,False,0,pos,1885.1305583502776,0.32629120151086494,OnTrack,4633.0,14429.0,1966.0
2026-09-06 14:31:19.047,0 days 02:24:43.871000,81,145.06277777777723,0 days 00:00:27.627000,10840.0,311.0,8,0.0,False,0,car,1903.8430555555558,0.329530087629035,OnTrack,4809.0380302096655,14440.406488363928,1966.8781484898818
2026-09-06 14:31:19.090,0 days 02:24:43.914000,81,143.2830635022216,0 days 00:00:27.670000,10818.07009792,309.9250048,8,0.0,False,0,pos,1907.5140313778481,0.33016548505891985,OnTrack,4857.0,14443.0,1967.0
2026-09-06 14:31:19.247,0 days 02:24:44.071000,81,136.78499999999917,0 days 00:00:27.827000,10738.0,306.0,8,0.0,False,0,car,1920.843055555556,0.3324725630990306,OnTrack,5076.544015875584,14453.550582255128,1967.0246826153932
2026-09-06 14:31:19.290,0 days 02:24:44.114000,81,134.86195303111026,0 days 00:00:27.870000,10731.33502976,305.57000192,8,0.0,False,0,pos,1924.4894894007357,0.333103712636819,OnTrack,5129.0,14456.0,1967.0
2026-09-06 14:31:19.447,0 days 02:24:44.271000,81,127.8405555555546,0 days 00:00:28.027000,10707.0,304.0,8,0.0,False,0,car,1937.731944444445,0.3353958067032092,OnTrack,5252.597216584721,14461.85477905997,1966.963339852262
2026-09-06 14:31:19.710,0 days 02:24:44.534000,81,115.64027480888821,0 days 00:00:28.290000,10454.332081371429,295.5464265142857,8,0.0,False,0,pos,1959.2932318919288,0.3391277807864882,OnTrack,5378.0,14467.0,1967.0
2026-09-06 14:31:19.727,0 days 02:24:44.551000,81,114.851666666666,0 days 00:00:28.307000,10438.0,295.0,8,0.0,False,0,car,1960.6763888888893,0.3393671869944123,OnTrack,5392.141285672754,14467.508310156465,1967.0011307890143
2026-09-06 14:31:19.910,0 days 02:24:44.734000,81,106.15916362666589,0 days 00:00:28.490000,10258.267794285714,291.7321417142857,8,0.0,False,0,pos,1975.5288195872483,0.34193794658263177,OnTrack,5572.0,14474.0,1967.0
2026-09-06 14:31:20.007,0 days 02:24:44.831000,81,101.55166666666582,0 days 00:00:28.587000,10163.0,290.0,8,0.0,False,0,car,1983.231944444445,0.34327125575525613,OnTrack,5649.62111441342,14477.34880249582,1966.9880344548153
2026-09-06 14:31:20.207,0 days 02:24:45.031000,81,92.773888888888,0 days 00:00:28.787000,9879.0,275.0,8,0.0,True,0,car,1998.5097222222228,0.34591563730508873,OnTrack,5777.072574663894,14483.411224067153,1966.9892521747474
2026-09-06 14:31:20.230,0 days 02:24:45.054000,81,91.86027523555467,0 days 00:00:28.810000,9789.874752,272.8916608,8,0.0,True,0,pos,2000.20674117608,0.3462093688723735,OnTrack,5793.0,14484.0,1967.0
2026-09-06 14:31:20.410,0 days 02:24:45.234000,81,84.71028540444358,0 days 00:00:28.990000,9092.375744,256.3916842666667,8,0.0,True,0,pos,2012.9429535932984,0.3484138390263923,OnTrack,5926.0,14488.0,1967.0
2026-09-06 14:31:20.447,0 days 02:24:45.271000,81,83.24055555555469,0 days 00:00:29.027000,8949.0,253.0,8,0.0,True,0,car,2015.3763888888896,0.3488350345361039,OnTrack,5952.3148910248665,14488.80328367763,1966.8860951930449
2026-09-06 14:31:20.630,0 days 02:24:45.454000,81,78.56388725333244,0 days 00:00:29.210000,9080.011409454546,230.95681047272728,8,0.0,True,0,pos,2026.3490741763528,0.3507342614360064,OnTrack,6074.0,14493.0,1966.0
2026-09-06 14:31:20.870,0 days 02:24:45.694000,81,72.43055391999906,0 days 00:00:29.450000,9251.829591272728,202.04771956363638,8,0.0,True,0,pos,2038.9510867999597,0.3529155033782144,OnTrack,6221.0,14499.0,1966.0
2026-09-06 14:31:20.887,0 days 02:24:45.711000,81,71.99611111111017,0 days 00:00:29.467000,9264.0,200.0,8,0.0,True,0,car,2039.820833333334,0.35306604501583605,OnTrack,6230.696306801859,14499.325873491809,1966.011614956967
2026-09-06 14:31:21.030,0 days 02:24:45.854000,81,69.05666535111035,0 days 00:00:29.610000,9435.6000768,185.6999936,8,0.0,True,0,pos,2047.0233018472168,0.35431269718792513,OnTrack,6309.0,14502.0,1966.0
2026-09-06 14:31:21.087,0 days 02:24:45.911000,81,67.88499999999931,0 days 00:00:29.667000,9504.0,180.0,8,0.0,True,0,car,2049.820833333334,0.3547969129393629,OnTrack,6339.544311565926,14503.750510474603,1965.8637809697732
2026-09-06 14:31:21.247,0 days 02:24:46.071000,81,65.08499999999913,0 days 00:00:29.827000,9591.0,171.0,7,0.0,True,0,car,2057.420833333334,0.35611237256124323,OnTrack,6419.819895848777,14510.57925107513,1965.17302118575
2026-09-06 14:31:21.310,0 days 02:24:46.134000,81,64.20999911111036,0 days 00:00:29.890000,9521.6999296,167.53499648,7,0.0,True,0,pos,2060.3139502386407,0.3566131328862841,OnTrack,6443.0,14513.0,1965.0
2026-09-06 14:31:21.447,0 days 02:24:46.271000,81,62.30722222222175,0 days 00:00:30.027000,9371.0,160.0,5,0.0,True,0,car,2066.3097222222227,0.35765092182660035,OnTrack,6473.997803033116,14517.192503536016,1964.941055049052
2026-09-06 14:31:21.530,0 days 02:24:46.354000,81,61.82305667555499,0 days 00:00:30.110000,9462.892644571428,152.58930285714285,5,0.0,True,0,pos,2069.6339287392348,0.3582262980697478,OnTrack,6490.0,14520.0,1965.0
2026-09-06 14:31:21.727,0 days 02:24:46.551000,81,60.67388888888809,0 days 00:00:30.307000,9681.0,135.0,4,0.0,True,0,car,2076.8097222222227,0.3594683331463035,OnTrack,6540.979294387383,14529.550685394095,1965.1698989281028
2026-09-06 14:31:21.871,0 days 02:24:46.695000,81,60.4338888888881,0 days 00:00:30.451000,9311.1,129.15,4,0.0,True,0,pos,2081.7820114671185,0.36032897074235226,OnTrack,6584.0,14539.0,1965.0
2026-09-06 14:31:22.047,0 days 02:24:46.871000,81,60.14055555555478,0 days 00:00:30.627000,8859.0,122.0,3,0.0,True,0,car,2087.654166666667,0.36134536325003924,OnTrack,6639.522125623473,14554.249259033431,1964.2209901439871
2026-09-06 14:31:22.091,0 days 02:24:46.915000,81,60.128333330895735,0 days 00:00:30.671000,8779.77256987366,121.17756992948435,3,0.0,True,0,pos,2089.1020795643803,0.36159597784911046,OnTrack,6656.0,14560.0,1964.0
2026-09-06 14:31:22.351,0 days 02:24:47.175000,81,60.05611109427408,0 days 00:00:30.931000,8311.61048276346,116.3177558764373,3,0.0,True,0,pos,2097.465786490215,0.3630436250530811,OnTrack,6765.0,14606.0,1963.0
2026-09-06 14:31:22.368,0 days 02:24:47.192000,81,60.05138888888814,0 days 00:00:30.948000,8281.0,116.0,3,0.0,True,0,car,2097.9975000000004,0.3631356576389404,OnTrack,6770.003662276684,14608.301211904289,1962.9865135925959
2026-09-06 14:31:22.568,0 days 02:24:47.392000,81,60.662499999999,0 days 00:00:31.148000,8034.0,110.0,3,0.0,True,0,car,2104.1086111111117,0.3641934102588735,OnTrack,6800.581478382572,14624.627950494785,1963.3407804615922
2026-09-06 14:31:22.691,0 days 02:24:47.515000,81,61.48250042666562,0 days 00:00:31.271000,8129.7094248,108.4624992,3,3.843752,True,0,pos,2107.751493707804,0.3648239451224523,OnTrack,6818.0,14639.0,1963.0
2026-09-06 14:31:22.811,0 days 02:24:47.635000,81,62.28250042666557,0 days 00:00:31.391000,8223.0844248,106.9624992,3,7.593751999999999,True,0,pos,2111.2565214959127,0.3654306191394031,OnTrack,6843.0,14661.0,1962.0
2026-09-06 14:31:22.888,0 days 02:24:47.712000,81,62.79583333333221,0 days 00:00:31.468000,8283.0,106.0,3,10.0,False,0,car,2113.530833333334,0.3658242724801521,OnTrack,6856.8407699487125,14674.313864369458,1961.6476545120183
2026-09-06 14:31:23.088,0 days 02:24:47.912000,81,64.51805555555438,0 days 00:00:31.668000,8494.0,108.0,3,23.0,False,0,car,2119.530833333334,0.3668627932342682,OnTrack,6886.103584508387,14713.681340294437,1961.9060726981365
2026-09-06 14:31:23.151,0 days 02:24:47.975000,81,65.27055631999883,0 days 00:00:31.731000,8638.675146971429,108.45000045714286,3,26.37500342857143,False,0,pos,2121.433179160038,0.36719206417135786,OnTrack,6899.0,14738.0,1962.0
2026-09-06 14:31:23.351,0 days 02:24:48.175000,81,67.6594452088877,0 days 00:00:31.931000,9097.960861257143,109.87857188571428,3,37.08928914285714,False,0,pos,2127.55273901477,0.3682512791572236,OnTrack,6948.0,14841.0,1962.0
2026-09-06 14:31:23.368,0 days 02:24:48.192000,81,67.86249999999882,0 days 00:00:31.948000,9137.0,110.0,3,38.0,False,0,car,2128.08638888889,0.36834364690217447,OnTrack,6950.94899657758,14847.13064934044,1961.966901383337
2026-09-06 14:31:23.608,0 days 02:24:48.432000,81,70.99583333333157,0 days 00:00:32.188000,8889.0,116.0,3,9.0,False,0,car,2135.8197222222234,0.3696821847630352,OnTrack,6970.7097139870775,14879.04254065974,1961.097921275507
2026-09-06 14:31:23.651,0 days 02:24:48.475000,81,71.5811119822205,0 days 00:00:32.231000,8901.9000192,116.2687504,3,9.8062512,False,0,pos,2137.217788108288,0.3699241715027518,OnTrack,6976.0,14885.0,1961.0
2026-09-06 14:31:23.768,0 days 02:24:48.592000,81,73.1736111111095,0 days 00:00:32.348000,8937.0,117.0,3,12.0,False,0,car,2141.019722222223,0.3705822360832691,OnTrack,6997.472877851494,14909.548955407854,1960.9215388033083
2026-09-06 14:31:23.911,0 days 02:24:48.735000,81,75.47750103110945,0 days 00:00:32.491000,9029.23504128,117.71500032,3,17.72000256,False,0,pos,2145.6425810256173,0.371382391885048,OnTrack,7032.0,14946.0,1961.0
2026-09-06 14:31:24.168,0 days 02:24:48.992000,81,79.61805555555384,0 days 00:00:32.748000,9195.0,119.0,3,28.0,False,0,car,2154.2419444444454,0.3728708281154879,OnTrack,7098.204618137246,14997.30861717068,1960.9977587968872
2026-09-06 14:31:24.211,0 days 02:24:49.035000,81,80.22722309136387,0 days 00:00:32.791000,9312.370716065712,120.3243522264114,3,30.97979250942568,False,0,pos,2155.783576577653,0.3731376642764126,OnTrack,7110.0,15005.0,1961.0
2026-09-06 14:31:24.411,0 days 02:24:49.235000,81,83.06055625017044,0 days 00:00:32.991000,9858.280210831634,126.48412085564607,3,44.839271925203654,False,0,pos,2163.359840865821,0.3744490155600677,OnTrack,7169.0,15039.0,1961.0
2026-09-06 14:31:25.207,0 days 02:24:50.031000,81,94.33722222222059,0 days 00:00:33.787000,12031.0,151.0,3,100.0,False,0,car,2197.822222222223,0.38041399860588215,OnTrack,7486.574376425515,15136.701863326167,1959.0004781342236
2026-09-06 14:31:25.211,0 days 02:24:50.035000,81,94.38499999999837,0 days 00:00:33.791000,12034.625,151.2,3,100.0,False,0,pos,2197.9979976538443,0.38044442301151593,OnTrack,7488.0,15137.0,1959.0
2026-09-06 14:31:25.367,0 days 02:24:50.191000,81,96.24833333333163,0 days 00:00:33.947000,12176.0,159.0,3,100.0,False,0,car,2204.8888888888896,0.38163714527184106,OnTrack,7540.437072299735,15146.987537518698,1959.121221171576
2026-09-06 14:31:25.510,0 days 02:24:50.334000,81,97.87694517333159,0 days 00:00:34.090000,11750.5748096,162.972224,3,100.0,False,0,pos,2211.436638259685,0.38277047420756133,OnTrack,7593.0,15156.0,1959.0
2026-09-06 14:31:25.710,0 days 02:24:50.534000,81,100.15472295110932,0 days 00:00:34.290000,11155.5748096,168.52777955555555,3,100.0,False,0,pos,2220.9637324403075,0.3844194883797271,OnTrack,7685.0,15172.0,1958.0
2026-09-06 14:31:25.727,0 days 02:24:50.551000,81,100.34833333333154,0 days 00:00:34.307000,11105.0,169.0,3,100.0,False,0,car,2221.7888888888897,0.3845623120626014,OnTrack,7693.030070083445,15173.467988135451,1957.9258466675146
2026-09-06 14:31:25.927,0 days 02:24:50.751000,81,102.18166666666502,0 days 00:00:34.507000,11281.0,178.0,4,100.0,False,0,car,2231.6777777777784,0.3862739481203112,OnTrack,7787.313225721323,15191.932978266244,1957.387843194293
2026-09-06 14:31:26.050,0 days 02:24:50.874000,81,103.2066650666649,0 days 00:00:34.630000,11468.135422171428,181.0749952,4,100.0,False,0,pos,2237.9334085672103,0.38735671518779663,OnTrack,7853.0,15207.0,1957.0
2026-09-06 14:31:26.207,0 days 02:24:51.031000,81,104.51499999999805,0 days 00:00:34.787000,11707.0,185.0,4,100.0,False,0,car,2246.0666666666675,0.3887644747436081,OnTrack,7948.071599242741,15231.424557366712,1956.2223444249466
2026-09-06 14:31:26.250,0 days 02:24:51.074000,81,104.88527612444248,0 days 00:00:34.830000,11609.761797818182,185.5863610181818,4,100.0,False,0,pos,2248.312179803598,0.3891531434096653,OnTrack,7972.0,15238.0,1956.0
2026-09-06 14:31:26.450,0 days 02:24:51.274000,81,106.60749834666466,0 days 00:00:35.030000,11157.489070545455,188.31363374545455,4,100.0,False,0,pos,2258.8568978028206,0.39097829482441426,OnTrack,8072.0,15268.0,1955.0
2026-09-06 14:31:26.647,0 days 02:24:51.471000,81,108.30388888888683,0 days 00:00:35.227000,10712.0,191.0,4,100.0,False,0,car,2269.411111111112,0.3928050897517523,OnTrack,8203.39928668465,15308.509266965722,1954.0077959782782
2026-09-06 14:31:26.650,0 days 02:24:51.474000,81,108.32722072888683,0 days 00:00:35.230000,10711.035776,191.0642816,4,100.0,False,0,pos,2269.5731416555095,0.39283313509894524,OnTrack,8205.0,15309.0,1954.0
2026-09-06 14:31:26.890,0 days 02:24:51.714000,81,110.19388739555362,0 days 00:00:35.470000,10633.892918857144,196.20713874285715,4,100.0,False,0,pos,2282.6796692706184,0.3951017019227263,OnTrack,8299.0,15338.0,1954.0
2026-09-06 14:31:26.927,0 days 02:24:51.751000,81,110.48166666666475,0 days 00:00:35.507000,10622.0,197.0,5,100.0,False,0,car,2284.733333333334,0.39545716404791165,OnTrack,8320.694455107334,15344.981838892343,1953.959872984064
2026-09-06 14:31:27.210,0 days 02:24:52.034000,81,112.1324988799982,0 days 00:00:35.790000,10834.249856,203.1906208,5,100.0,False,0,pos,2300.7445406768497,0.3982284925686945,OnTrack,8533.0,15415.0,1953.0
2026-09-06 14:31:27.247,0 days 02:24:52.071000,81,112.34833333333154,0 days 00:00:35.827000,10862.0,204.0,5,100.0,False,0,car,2302.8666666666672,0.39859580454924026,OnTrack,8550.450631955058,15420.992368944506,1952.8491438260576
2026-09-06 14:31:27.490,0 days 02:24:52.314000,81,112.07833354666481,0 days 00:00:36.070000,11059.099844266666,207.37499733333334,5,100.0,False,0,pos,2316.933596783786,0.40103060436146176,OnTrack,8619.0,15447.0,1952.0
2026-09-06 14:31:27.607,0 days 02:24:52.431000,81,111.94833333333145,0 days 00:00:36.187000,11154.0,209.0,5,100.0,False,0,car,2323.7666666666673,0.4022133185094113,OnTrack,8676.463035550782,15469.195562823132,1951.910644653328
2026-09-06 14:31:27.750,0 days 02:24:52.574000,81,111.39222197333142,0 days 00:00:36.330000,11261.250048,210.7875008,5,100.0,False,0,pos,2332.1604091508743,0.40366616447183706,OnTrack,8761.0,15502.0,1952.0
2026-09-06 14:31:27.847,0 days 02:24:52.671000,81,111.01499999999805,0 days 00:00:36.427000,11334.0,212.0,5,100.0,False,0,car,2337.900000000001,0.4046596118413292,OnTrack,8814.737801249057,15523.256025548686,1952.0903754444596
2026-09-06 14:31:27.930,0 days 02:24:52.754000,81,110.53083445333135,0 days 00:00:36.510000,11387.9498752,213.38333013333335,5,100.0,False,0,pos,2342.8499447785316,0.405516381905368,OnTrack,8860.0,15541.0,1952.0
2026-09-06 14:31:28.087,0 days 02:24:52.911000,81,109.61499999999796,0 days 00:00:36.667000,11490.0,216.0,5,100.0,False,0,car,2352.300000000001,0.40715206165120776,OnTrack,8947.749719918329,15574.104677996029,1951.131044444783
2026-09-06 14:31:28.110,0 days 02:24:52.934000,81,109.42333279999798,0 days 00:00:36.690000,11505.87004416,216.34500096,5,100.0,False,0,pos,2353.692170040446,0.40739302789791787,OnTrack,8961.0,15579.0,1951.0
2026-09-06 14:31:28.287,0 days 02:24:53.111000,81,107.94833333333145,0 days 00:00:36.867000,11628.0,219.0,5,100.0,False,0,car,2364.4666666666676,0.40925795095816536,OnTrack,9066.623027214478,15617.327369062294,1950.2595680316083
2026-09-06 14:31:28.411,0 days 02:24:53.235000,81,106.57055555555367,0 days 00:00:36.991000,11704.466666666667,220.03333333333333,5,100.0,False,0,pos,2372.069524319411,0.4105739052019927,OnTrack,9133.0,15641.0,1950.0
2026-09-06 14:31:28.647,0 days 02:24:53.471000,81,103.94833333333145,0 days 00:00:37.227000,11850.0,222.0,5,100.0,False,0,car,2386.6666666666674,0.4131004777483948,OnTrack,9251.533138359106,15682.023669693206,1949.9868819302046
2026-09-06 14:31:28.691,0 days 02:24:53.515000,81,103.34944420637483,0 days 00:00:37.271000,11878.968955614988,222.81987610231099,5,100.0,False,0,pos,2389.4080994924643,0.4135749835626623,OnTrack,9296.0,15697.0,1950.0
2026-09-06 14:31:28.808,0 days 02:24:53.632000,81,101.75694444444252,0 days 00:00:37.388000,11956.0,225.0,5,100.0,False,0,car,2396.7291666666674,0.41484216359644366,OnTrack,9447.6559206065,15747.875557169164,1950.0015944810798
2026-09-06 14:31:28.811,0 days 02:24:53.635000,81,101.71444353777585,0 days 00:00:37.391000,11957.62003456,225.03000064,5,100.0,False,0,pos,2396.91751108,0.414874763526805,OnTrack,9451.0,15749.0,1950.0
2026-09-06 14:31:29.008,0 days 02:24:53.832000,81,98.92361111110904,0 days 00:00:37.588000,12064.0,227.0,5,100.0,False,0,car,2409.3402777777787,0.41702498036666913,OnTrack,9553.055864006219,15783.967178324043,1949.6672846891397
2026-09-06 14:31:29.191,0 days 02:24:54.015000,81,96.38194355555302,0 days 00:00:37.771000,11807.146338742858,226.34642834285714,5,55.557127314285715,False,0,pos,2420.906037982024,0.41902686070154216,OnTrack,9594.0,15797.0,1949.0
2026-09-06 14:31:29.288,0 days 02:24:54.112000,81,95.03472222221944,0 days 00:00:37.868000,11671.0,226.0,5,32.0,True,0,car,2426.9180555555567,0.42006746153891295,OnTrack,9650.243208837064,15814.088114730148,1948.5150054976941
2026-09-06 14:31:29.351,0 days 02:24:54.175000,81,94.40472158221954,0 days 00:00:37.931000,11546.837373866667,223.11249706666666,5,23.599991466666665,True,0,pos,2430.749011561167,0.42073054942556826,OnTrack,9691.0,15826.0,1948.0
2026-09-06 14:31:29.528,0 days 02:24:54.352000,81,92.6347222222198,0 days 00:00:38.108000,11198.0,215.0,5,0.0,True,0,car,2441.25138888889,0.42254837222930125,OnTrack,9797.45200757615,15853.929791611443,1945.3400860904526
2026-09-06 14:31:29.631,0 days 02:24:54.455000,81,91.94805512888651,0 days 00:00:38.211000,10970.541525333334,211.56666453333332,5,0.0,True,0,pos,2447.2456424598668,0.42358589835245025,OnTrack,9854.0,15866.0,1944.0
2026-09-06 14:31:29.768,0 days 02:24:54.592000,81,91.0347222222199,0 days 00:00:38.348000,10668.0,207.0,5,0.0,True,0,car,2455.05138888889,0.4249369699637683,OnTrack,9923.131047575058,15876.95257437265,1943.2651114095202
2026-09-06 14:31:29.891,0 days 02:24:54.715000,81,90.7613887466643,0 days 00:00:38.471000,10514.6342952,202.7718728,5,0.0,True,0,pos,2461.846497927527,0.42611311359095266,OnTrack,9985.0,15882.0,1943.0
2026-09-06 14:31:30.088,0 days 02:24:54.912000,81,90.32361111110868,0 days 00:00:38.668000,10269.0,196.0,5,0.0,False,0,car,2472.4736111111124,0.42795252652386834,OnTrack,10092.554451221238,15880.863499814895,1942.231843033596
2026-09-06 14:31:30.131,0 days 02:24:54.955000,81,90.32361111110868,0 days 00:00:38.711000,10218.116590933334,195.4624992,5,1.6125024,False,0,pos,2474.7889329387976,0.4283532781522865,OnTrack,10116.0,15879.0,1942.0
2026-09-06 14:31:30.291,0 days 02:24:55.115000,81,90.32361111110868,0 days 00:00:38.871000,10028.7832576,193.4624992,5,7.6125023999999994,False,0,pos,2483.374988834127,0.42983941102616996,OnTrack,10201.0,15867.0,1941.0
2026-09-06 14:31:30.328,0 days 02:24:55.152000,81,90.32361111110868,0 days 00:00:38.908000,9985.0,193.0,5,9.0,False,0,car,2485.340277777779,0.43017957658547284,OnTrack,10220.232706403442,15863.215919141658,1940.7907385717856
2026-09-06 14:31:30.491,0 days 02:24:55.315000,81,90.86694465777535,0 days 00:00:39.071000,9984.629545309092,190.77727185454546,5,14.927275054545454,False,0,pos,2493.8884731721027,0.43165915630668034,OnTrack,10303.0,15842.0,1940.0
2026-09-06 14:31:30.711,0 days 02:24:55.535000,81,91.6002779911087,0 days 00:00:39.291000,9984.129545309092,187.77727185454546,5,22.927275054545454,False,0,pos,2505.2471086181267,0.433625186081536,OnTrack,10409.0,15800.0,1939.0
2026-09-06 14:31:30.768,0 days 02:24:55.592000,81,91.79027777777537,0 days 00:00:39.348000,9984.0,187.0,5,25.0,False,0,car,2508.1958333333346,0.43413557138402237,OnTrack,10435.671204015958,15786.231940064175,1938.7302120881188
2026-09-06 14:31:30.911,0 days 02:24:55.735000,81,92.4655558577753,0 days 00:00:39.491000,10067.65503744,187.0,5,40.01500672,False,0,pos,2515.612417024605,0.43541928406535946,OnTrack,10499.0,15749.0,1938.0
2026-09-06 14:31:30.968,0 days 02:24:55.792000,81,92.73472222221972,0 days 00:00:39.548000,10101.0,187.0,5,46.0,False,0,car,2518.5847222222237,0.4359337508379086,OnTrack,10521.27227216433,15734.911883638983,1937.6717398949324
2026-09-06 14:31:31.111,0 days 02:24:55.935000,81,93.44972254221953,0 days 00:00:39.691000,10162.285741714286,188.53214354285714,5,55.703575771428575,False,0,pos,2526.0945917712797,0.4372336100691417,OnTrack,10583.0,15686.0,1937.0
2026-09-06 14:31:31.248,0 days 02:24:56.072000,81,94.13472222221935,0 days 00:00:39.828000,10221.0,190.0,5,65.0,False,0,car,2533.3625000000015,0.4384915889915649,OnTrack,10673.465224868905,15593.467773909255,1937.0160823982058
2026-09-06 14:31:31.271,0 days 02:24:56.095000,81,94.24333363555274,0 days 00:00:39.851000,10245.7250688,190.4312512,5,70.031264,False,0,pos,2534.589867494028,0.43870403009414377,OnTrack,10686.0,15580.0,1937.0
2026-09-06 14:31:31.408,0 days 02:24:56.232000,81,94.89027777777528,0 days 00:00:39.988000,10393.0,193.0,5,100.0,False,0,car,2541.940277777779,0.43997628903263447,OnTrack,10728.423822380337,15530.838776396611,1936.5515355648163
2026-09-06 14:31:31.591,0 days 02:24:56.415000,81,95.85611127670441,0 days 00:00:40.171000,10485.264639774548,194.52924817305882,5,100.0,False,0,pos,2551.845264096752,0.4416907113428827,OnTrack,10748.0,15492.0,1936.0
2026-09-06 14:31:31.767,0 days 02:24:56.591000,81,96.78499999999758,0 days 00:00:40.347000,10574.0,196.0,5,100.0,False,0,car,2561.4858333333345,0.44335936654849667,OnTrack,10791.884842656013,15409.156870170686,1936.758117360806
2026-09-06 14:31:31.831,0 days 02:24:56.655000,81,97.1227777777754,0 days 00:00:40.411000,10604.24,196.8,5,100.0,False,0,pos,2565.0248246130313,0.4439719191972635,OnTrack,10808.0,15375.0,1937.0
2026-09-06 14:31:32.110,0 days 02:24:56.934000,81,98.59527811555331,0 days 00:00:40.690000,10736.06753024,200.2875008,5,100.0,False,0,pos,2580.6209087147677,0.44667139536769557,OnTrack,10860.0,15228.0,1937.0
2026-09-06 14:31:32.167,0 days 02:24:56.991000,81,98.8961111111089,0 days 00:00:40.747000,10763.0,201.0,5,100.0,False,0,car,2583.8191666666676,0.4472249715777064,OnTrack,10868.290700872472,15199.270928099259,1937.0105481857258
2026-09-06 14:31:32.290,0 days 02:24:57.114000,81,99.5794433777756,0 days 00:00:40.870000,10845.58558537143,201.87857005714287,5,100.0,False,0,pos,2590.7260912712272,0.4484204690025314,OnTrack,10885.0,15130.0,1937.0
2026-09-06 14:31:32.447,0 days 02:24:57.271000,81,100.45166666666455,0 days 00:00:41.027000,10951.0,203.0,5,100.0,False,0,car,2599.6080555555563,0.449957819710297,OnTrack,10907.11694729044,14997.85953505224,1936.4816039206007
2026-09-06 14:31:32.570,0 days 02:24:57.394000,81,101.0666657066647,0 days 00:00:41.150000,11066.31232,206.0749952,5,100.0,False,0,pos,2606.6693598563106,0.4511800382215408,OnTrack,10921.0,14903.0,1936.0
2026-09-06 14:31:32.607,0 days 02:24:57.431000,81,101.25166666666473,0 days 00:00:41.187000,11101.0,207.0,5,100.0,False,0,car,2608.808055555556,0.4515502181999417,OnTrack,10923.997229472905,14882.1334381398,1935.8895122769748
2026-09-06 14:31:32.927,0 days 02:24:57.751000,81,102.85166666666464,0 days 00:00:41.507000,11273.0,211.0,5,100.0,False,0,car,2627.5636111111116,0.45479655714984524,OnTrack,10936.832858325122,14765.911823997376,1935.0169544622759
2026-09-06 14:31:32.930,0 days 02:24:57.754000,81,102.85666634666464,0 days 00:00:41.510000,11274.418091054546,211.04090647272727,5,100.0,False,0,pos,2627.741843991097,0.4548274069073337,OnTrack,10937.0,14764.0,1935.0
2026-09-06 14:31:33.210,0 days 02:24:58.034000,81,103.32333301333117,0 days 00:00:41.790000,11406.781727418182,214.85908829090909,5,100.0,False,0,pos,2644.5736619845165,0.4577407722932788,OnTrack,10957.0,14528.0,1933.0
2026-09-06 14:31:33.367,0 days 02:24:58.191000,81,103.58499999999776,0 days 00:00:41.947000,11481.0,217.0,5,100.0,False,0,car,2654.085833333334,0.45938720352035467,OnTrack,10963.176107497775,14452.853976754293,1932.7419978635648
2026-09-06 14:31:33.570,0 days 02:24:58.394000,81,102.45722328888691,0 days 00:00:42.150000,11673.003985066667,218.69166506666667,5,100.0,False,0,pos,2666.417090873403,0.46152158133363996,OnTrack,10968.0,14383.0,1933.0
2026-09-06 14:31:33.607,0 days 02:24:58.431000,81,102.25166666666473,0 days 00:00:42.187000,11708.0,219.0,5,100.0,False,0,car,2668.685833333334,0.4619142706887038,OnTrack,10969.205975948651,14363.950127177844,1933.01706430827
2026-09-06 14:31:33.810,0 days 02:24:58.634000,81,99.82694673777593,0 days 00:00:42.390000,11795.5436672,222.171872,5,100.0,False,0,pos,2681.2886310357558,0.4640956485176857,OnTrack,10977.0,14236.0,1933.0
2026-09-06 14:31:33.890,0 days 02:24:58.714000,81,98.8713911822204,0 days 00:00:42.470000,11830.0436672,223.421872,5,100.0,False,0,pos,2686.2863389134986,0.46496068574336,OnTrack,10980.0,14186.0,1933.0
2026-09-06 14:31:33.927,0 days 02:24:58.751000,81,98.42944444444265,0 days 00:00:42.507000,11846.0,224.0,5,100.0,False,0,car,2688.596944444445,0.4653606210431038,OnTrack,10981.385594379524,14163.456203537498,1933.0007530682424
2026-09-06 14:31:34.087,0 days 02:24:58.911000,81,96.25166666666473,0 days 00:00:42.667000,11919.0,225.0,5,100.0,False,0,car,2698.5969444444454,0.4670914889666306,OnTrack,10987.811027900461,14066.402508923742,1933.0022799143412
2026-09-06 14:31:34.130,0 days 02:24:58.954000,81,95.57083637333132,0 days 00:00:42.710000,11859.260981028572,225.30714148571428,5,100.0,False,0,pos,2701.298503198689,0.4675590931057549,OnTrack,10990.0,14037.0,1933.0
2026-09-06 14:31:34.367,0 days 02:24:59.191000,81,91.81833333333088,0 days 00:00:42.947000,11530.0,227.0,5,100.0,False,0,car,2716.252500000001,0.4701474324449463,OnTrack,11005.775902455649,13847.729430661111,1932.9801575562806
2026-09-06 14:31:34.430,0 days 02:24:59.254000,81,90.7858322844421,0 days 00:00:43.010000,11576.200046933332,226.47499946666667,5,100.0,False,0,pos,2720.205827042898,0.4708317011419224,OnTrack,11010.0,13800.0,1933.0
2026-09-06 14:31:34.607,0 days 02:24:59.431000,81,87.88499999999794,0 days 00:00:43.187000,11706.0,225.0,5,100.0,False,0,car,2731.2525000000005,0.47274373433023636,OnTrack,11020.654248550243,13684.615508786606,1933.1461599003078
2026-09-06 14:31:34.847,0 days 02:24:59.671000,81,83.88499999999794,0 days 00:00:43.427000,11649.0,223.0,5,100.0,False,0,car,2746.1191666666673,0.4753169579765462,OnTrack,11032.890438870418,13561.019173939389,1933.1257120015578
2026-09-06 14:31:34.891,0 days 02:24:59.715000,81,83.15166666666452,0 days 00:00:43.471000,11615.175,222.45,5,100.0,False,0,pos,2748.8252375196967,0.4757853431003762,OnTrack,11035.0,13540.0,1933.0
2026-09-06 14:31:35.007,0 days 02:24:59.831000,81,81.21833333333097,0 days 00:00:43.587000,11526.0,221.0,5,100.0,False,0,car,2755.94138888889,0.4770170549147659,OnTrack,11040.377460793881,13486.77030951629,1932.4777565493466
2026-09-06 14:31:35.151,0 days 02:24:59.975000,81,79.01833333333127,0 days 00:00:43.731000,11336.55,219.65,5,54.99999999999999,False,0,pos,2764.788147155613,0.47854831192587255,OnTrack,11047.0,13419.0,1932.0
2026-09-06 14:31:35.327,0 days 02:25:00.151000,81,76.32944444444274,0 days 00:00:43.907000,11105.0,218.0,5,0.0,True,0,car,2775.319166666667,0.48037109231324443,OnTrack,11055.562937501758,13322.393262687396,1932.650275175061
2026-09-06 14:31:35.451,0 days 02:25:00.275000,81,75.43388871033409,0 days 00:00:44.031000,10677.760039428793,209.5015559380049,5,0.0,True,0,pos,2782.312058689436,0.4815814695627342,OnTrack,11061.0,13240.0,1933.0
2026-09-06 14:31:35.648,0 days 02:25:00.472000,81,74.01111111110959,0 days 00:00:44.228000,9999.0,196.0,5,0.0,True,0,car,2792.795833333334,0.4833960724875948,OnTrack,11066.833611562293,13084.798730072958,1932.2693304238799
2026-09-06 14:31:35.691,0 days 02:25:00.515000,81,74.09472234666512,0 days 00:00:44.271000,10085.293310254545,194.14317905454544,5,0.0,True,0,pos,2795.005346813566,0.4837785100885482,OnTrack,11067.0,13054.0,1932.0
2026-09-06 14:31:36.088,0 days 02:25:00.912000,81,74.86666666666497,0 days 00:00:44.668000,10882.0,177.0,4,0.0,True,0,car,2814.4291666666672,0.48714051676215775,OnTrack,11050.157251451239,12867.960385067861,1929.0177107696911
2026-09-06 14:31:36.091,0 days 02:25:00.915000,81,74.88916714666497,0 days 00:00:44.671000,10878.839218285715,176.95714194285713,4,0.0,True,0,pos,2814.5736643793693,0.4871655274077516,OnTrack,11050.0,12867.0,1929.0
2026-09-06 14:31:36.331,0 days 02:25:01.155000,81,76.68916714666489,0 days 00:00:44.911000,10625.982075428572,173.52857051428572,4,0.0,True,0,pos,2826.108129814827,0.4891619910314779,OnTrack,11032.0,12793.0,1928.0
2026-09-06 14:31:36.368,0 days 02:25:01.192000,81,76.96666666666488,0 days 00:00:44.948000,10587.0,173.0,4,0.0,False,0,car,2827.884722222223,0.4894694957125922,OnTrack,11025.903368948508,12776.945594844772,1927.9155395446794
2026-09-06 14:31:36.568,0 days 02:25:01.392000,81,78.6888888888866,0 days 00:00:45.148000,10487.0,172.0,4,12.0,False,0,car,2837.4402777777786,0.49112343617285115,OnTrack,10976.296116277563,12666.311113224707,1927.8042124092244
2026-09-06 14:31:36.651,0 days 02:25:01.475000,81,79.79555640888667,0 days 00:00:45.231000,10609.7215232,170.517856,4,22.671436800000002,False,0,pos,2841.3147985190267,0.4917940645398577,OnTrack,10955.0,12626.0,1928.0
2026-09-06 14:31:36.848,0 days 02:25:01.672000,81,82.42222222222017,0 days 00:00:45.428000,10901.0,167.0,4,48.0,False,0,car,2850.4291666666672,0.49337164128685423,OnTrack,10910.567360112967,12561.44293290173,1929.1049498042448
2026-09-06 14:31:37.031,0 days 02:25:01.855000,81,85.06555647999797,0 days 00:00:45.611000,11125.937578666666,171.5750016,4,57.912503466666664,False,0,pos,2859.173979209296,0.49488525283958323,OnTrack,10867.0,12516.0,1930.0
2026-09-06 14:31:37.088,0 days 02:25:01.912000,81,85.88888888888687,0 days 00:00:45.668000,11196.0,173.0,4,61.0,False,0,car,2861.9625000000005,0.4953679089586551,OnTrack,10851.143624941757,12500.168556457995,1930.080686874138
2026-09-06 14:31:37.271,0 days 02:25:02.095000,81,88.53222314666455,0 days 00:00:45.851000,11640.283488711111,178.0833351111111,4,80.82500693333333,False,0,pos,2871.1308596129215,0.4969548309151914,OnTrack,10780.0,12439.0,1930.0
2026-09-06 14:31:37.448,0 days 02:25:02.272000,81,91.08888888888669,0 days 00:00:46.028000,12070.0,183.0,4,100.0,False,0,car,2880.2625000000007,0.49853539725870916,OnTrack,10657.475419704582,12357.453103365531,1930.103225137096
2026-09-06 14:31:37.491,0 days 02:25:02.315000,81,91.67416753777553,0 days 00:00:46.071000,11819.166293333334,184.43333546666668,4,100.0,False,0,pos,2882.5130467730287,0.49892493718069214,OnTrack,10633.0,12342.0,1930.0
2026-09-06 14:31:37.688,0 days 02:25:02.512000,81,94.35555555555311,0 days 00:00:46.268000,10670.0,191.0,4,100.0,False,0,car,2892.9958333333343,0.5007393690813333,OnTrack,10577.264034798467,12309.844350121273,1928.567771616566
2026-09-06 14:31:37.791,0 days 02:25:02.615000,81,95.72888974221951,0 days 00:00:46.371000,10897.458474666666,194.43333546666668,4,100.0,False,0,pos,2898.604042936164,0.5017100760923286,OnTrack,10548.0,12295.0,1928.0
2026-09-06 14:31:37.928,0 days 02:25:02.752000,81,97.55555555555247,0 days 00:00:46.508000,11200.0,199.0,5,100.0,False,0,car,2906.262500000001,0.5030356538598789,OnTrack,10483.082378069226,12261.046849896116,1927.9973090820317
2026-09-06 14:31:38.031,0 days 02:25:02.855000,81,98.67138958221929,0 days 00:00:46.611000,11208.75500544,204.66500352,5,100.0,False,0,pos,2912.2276339349637,0.5040681397586357,OnTrack,10429.0,12233.0,1928.0
2026-09-06 14:31:38.128,0 days 02:25:02.952000,81,99.72222222221944,0 days 00:00:46.708000,11217.0,210.0,5,100.0,False,0,car,2917.9291666666677,0.5050549997706602,OnTrack,10382.791103898833,12209.680177025584,1927.6576969782393
2026-09-06 14:31:38.288,0 days 02:25:03.112000,81,101.54444444444152,0 days 00:00:46.868000,11456.0,213.0,5,100.0,False,0,car,2927.3958333333344,0.5066935547382655,OnTrack,10306.85267931195,12172.419153894223,1926.5372179970407
2026-09-06 14:31:38.371,0 days 02:25:03.195000,81,102.39750031440671,0 days 00:00:46.951000,11696.647887437328,216.6540893970961,5,100.0,False,0,pos,2932.4300367351393,0.5075649088571349,OnTrack,10250.0,12144.0,1926.0
2026-09-06 14:31:38.447,0 days 02:25:03.271000,81,103.1786111111087,0 days 00:00:47.027000,11917.0,220.0,5,100.0,False,0,car,2937.112500000001,0.5083753814039591,OnTrack,10185.352715917583,12111.360468878052,1925.5727769294645
2026-09-06 14:31:38.591,0 days 02:25:03.415000,81,104.69861111110859,0 days 00:00:47.171000,11409.8,223.6,5,100.0,False,0,pos,2946.140349151343,0.5099379828554087,OnTrack,10063.0,12049.0,1925.0
2026-09-06 14:31:38.807,0 days 02:25:03.631000,81,106.97861111110842,0 days 00:00:47.387000,10649.0,229.0,6,100.0,False,0,car,2960.012500000001,0.5123390689488354,OnTrack,9995.951550918884,12013.12499888248,1924.9377621871777
2026-09-06 14:31:38.910,0 days 02:25:03.734000,81,108.00861175110842,0 days 00:00:47.490000,10763.07257088,231.5750016,6,100.0,False,0,pos,2966.73725200502,0.5135030347027513,OnTrack,9950.0,11988.0,1925.0
2026-09-06 14:31:39.207,0 days 02:25:04.031000,81,110.97861111110842,0 days 00:00:47.787000,11092.0,239.0,6,100.0,False,0,car,2986.568055555557,0.5169354848790899,OnTrack,9694.732786520695,11850.932158866714,1925.0001386447736
2026-09-06 14:31:39.210,0 days 02:25:04.034000,81,111.00360951110842,0 days 00:00:47.790000,11094.8873152,239.08249472,6,100.0,False,0,pos,2986.772272835817,0.5169708321930732,OnTrack,9693.0,11850.0,1925.0
2026-09-06 14:31:39.470,0 days 02:25:04.294000,81,113.17027831110822,0 days 00:00:48.050000,11345.1375616,246.23250176,6,100.0,False,0,pos,3004.762174012561,0.5200846464824974,OnTrack,9621.0,11811.0,1925.0
2026-09-06 14:31:39.607,0 days 02:25:04.431000,81,114.31194444444145,0 days 00:00:48.187000,11477.0,250.0,6,100.0,False,0,car,3014.3458333333347,0.521743451333331,OnTrack,9557.478002579976,11777.195643670213,1924.9741482975594
2026-09-06 14:31:39.807,0 days 02:25:04.631000,81,116.08972222221928,0 days 00:00:48.387000,11716.0,253.0,6,100.0,False,0,car,3028.4013888888903,0.524176282359177,OnTrack,9425.583945633218,11706.903944630292,1924.971372697011
2026-09-06 14:31:39.850,0 days 02:25:04.674000,81,116.42416517333037,0 days 00:00:48.430000,11610.32797184,253.85999616,6,100.0,False,0,pos,3031.4599333753717,0.5247056760136101,OnTrack,9398.0,11692.0,1925.0
2026-09-06 14:31:39.970,0 days 02:25:04.794000,81,117.35749850666362,0 days 00:00:48.550000,11315.42797184,256.25999616,6,100.0,False,0,pos,3040.079827043388,0.5261976657590282,OnTrack,9323.0,11651.0,1925.0
2026-09-06 14:31:40.130,0 days 02:25:04.954000,81,118.60194295110796,0 days 00:00:48.710000,10922.22797184,259.45999616,6,100.0,False,0,pos,3051.7406633219784,0.5282160025066392,OnTrack,9223.0,11595.0,1924.0
2026-09-06 14:31:40.207,0 days 02:25:05.031000,81,119.20083333333014,0 days 00:00:48.787000,10733.0,261.0,6,100.0,False,0,car,3057.4013888888903,0.5291957993374048,OnTrack,9177.044609935614,11568.926100278239,1923.8344606175374
2026-09-06 14:31:40.350,0 days 02:25:05.174000,81,120.15416709333002,0 days 00:00:48.930000,10810.025034472726,263.92500130909093,6,100.0,False,0,pos,3067.9965785569225,0.5310296867314127,OnTrack,9083.0,11515.0,1924.0
2026-09-06 14:31:40.610,0 days 02:25:05.434000,81,121.88749871999644,0 days 00:00:49.190000,10950.070351127273,269.24317789090907,6,100.0,False,0,pos,3087.574533521763,0.5344183721571021,OnTrack,8849.0,11380.0,1924.0
2026-09-06 14:31:40.647,0 days 02:25:05.471000,81,122.13416666666308,0 days 00:00:49.227000,10970.0,270.0,7,100.0,False,0,car,3090.4013888888903,0.5349076634850431,OnTrack,8823.26308218701,11365.315805583856,1924.0561976452905
2026-09-06 14:31:40.887,0 days 02:25:05.711000,81,123.26749999999674,0 days 00:00:49.467000,11102.0,278.0,7,100.0,False,0,car,3108.9347222222236,0.5381155387033129,OnTrack,8716.164724532078,11305.836991856155,1924.819239384755
2026-09-06 14:31:40.970,0 days 02:25:05.794000,81,123.72861004444108,0 days 00:00:49.550000,11188.1123008,278.5187488,7,100.0,False,0,pos,3115.3619601300366,0.5392280086964636,OnTrack,8675.0,11283.0,1925.0
2026-09-06 14:31:41.047,0 days 02:25:05.871000,81,124.15638888888543,0 days 00:00:49.627000,11268.0,279.0,7,100.0,False,0,car,3121.3347222222237,0.540261814928486,OnTrack,8629.153900460538,11257.369247606803,1925.0797900688785
2026-09-06 14:31:41.247,0 days 02:25:06.071000,81,125.21194444444154,0 days 00:00:49.827000,11388.0,281.0,7,100.0,False,0,car,3136.9458333333346,0.5429638920757694,OnTrack,8487.329560907909,11177.53140751475,1925.0111198039635
2026-09-06 14:31:41.290,0 days 02:25:06.114000,81,125.41499909333041,0 days 00:00:49.870000,11388.0,281.8062464,7,100.0,False,0,pos,3140.325105684575,0.5435487994875318,OnTrack,8458.0,11161.0,1925.0
2026-09-06 14:31:41.407,0 days 02:25:06.231000,81,125.96749999999702,0 days 00:00:49.987000,11388.0,284.0,7,100.0,False,0,car,3149.5680555555573,0.5451486320325767,OnTrack,8381.690147605954,11117.968774192503,1924.9979150289314
2026-09-06 14:31:41.471,0 days 02:25:06.295000,81,126.21638888888582,0 days 00:00:50.051000,11420.0,284.9142857142857,7,100.0,False,0,pos,3154.658523343196,0.5460297247735137,OnTrack,8334.0,11091.0,1925.0
2026-09-06 14:31:41.671,0 days 02:25:06.495000,81,126.99416666666332,0 days 00:00:50.251000,11520.0,287.77142857142854,7,100.0,False,0,pos,3170.683778929938,0.5488034848596549,OnTrack,8154.0,10989.0,1925.0
2026-09-06 14:31:41.687,0 days 02:25:06.511000,81,127.05638888888552,0 days 00:00:50.267000,11528.0,288.0,7,100.0,False,0,car,3171.9680555555574,0.5490257761812768,OnTrack,8141.771213050624,10982.103877909634,1925.0040333482025
2026-09-06 14:31:41.968,0 days 02:25:06.792000,81,128.07111111110862,0 days 00:00:50.548000,11670.0,290.0,7,100.0,False,0,car,3194.6041666666683,0.5529437880448378,OnTrack,7995.644610128525,10899.658257109135,1925.3660191242768
2026-09-06 14:31:42.071,0 days 02:25:06.895000,81,128.32861127110854,0 days 00:00:50.651000,11276.0247552,291.83928685714284,7,100.0,False,0,pos,3203.0061493897147,0.5543980602837726,OnTrack,7916.0,10851.0,1926.0
2026-09-06 14:31:42.248,0 days 02:25:07.072000,81,128.77111111110844,0 days 00:00:50.828000,10599.0,295.0,8,100.0,False,0,car,3217.5486111111127,0.5569151683360409,OnTrack,7720.958614425196,10728.423640584964,1927.7396614387324
2026-09-06 14:31:42.291,0 days 02:25:07.115000,81,128.8666668088863,0 days 00:00:50.871000,10619.117887085715,295.3071433142857,8,100.0,False,0,pos,3221.0867460172544,0.557527572757856,OnTrack,7681.0,10703.0,1928.0
2026-09-06 14:31:42.528,0 days 02:25:07.352000,81,129.39333333333116,0 days 00:00:51.108000,10730.0,297.0,8,100.0,False,0,car,3240.648611111112,0.5609134732393878,OnTrack,7571.199460063968,10630.357969486327,1927.4130416963255
2026-09-06 14:31:42.651,0 days 02:25:07.475000,81,129.59833343999787,0 days 00:00:51.231000,10746.400008533334,298.5375008,8,100.0,False,0,pos,3250.883023287116,0.5626849148145475,OnTrack,7517.0,10591.0,1927.0
2026-09-06 14:31:42.768,0 days 02:25:07.592000,81,129.79333333333125,0 days 00:00:51.348000,10762.0,300.0,8,100.0,False,0,car,3260.648611111112,0.5643752090864413,OnTrack,7437.377413219693,10532.863712767581,1927.0593900298302
2026-09-06 14:31:42.871,0 days 02:25:07.695000,81,129.96500010666455,0 days 00:00:51.451000,10773.444451555555,300.2861112888889,8,100.0,False,0,pos,3269.2498807992297,0.5658639752669179,OnTrack,7358.0,10473.0,1927.0
2026-09-06 14:31:43.128,0 days 02:25:07.952000,81,130.39333333333116,0 days 00:00:51.708000,10802.0,301.0,8,100.0,False,0,car,3290.748611111112,0.569585121536257,OnTrack,7176.801802825577,10325.480355785137,1925.0282917964305
2026-09-06 14:31:43.131,0 days 02:25:07.955000,81,130.39750008888672,0 days 00:00:51.711000,10802.42750912,301.01500032,8,100.0,False,0,pos,3291.000161558851,0.5696286615963709,OnTrack,7175.0,10324.0,1925.0
2026-09-06 14:31:43.371,0 days 02:25:08.195000,81,130.73083342222012,0 days 00:00:51.951000,10836.62750912,302.21500032,8,100.0,False,0,pos,3311.170839242693,0.573119939496247,OnTrack,7032.0,10207.0,1922.0
2026-09-06 14:31:43.528,0 days 02:25:08.352000,81,130.9488888888868,0 days 00:00:52.108000,10859.0,303.0,8,100.0,False,0,car,3324.4152777777786,0.5754123768787971,OnTrack,6869.196472374149,10071.123105497534,1917.5652858232338
2026-09-06 14:31:43.631,0 days 02:25:08.455000,81,131.06333340444226,0 days 00:00:52.211000,10877.597233777778,303.5722225777778,8,100.0,False,0,pos,3333.125299076493,0.5769199665267151,OnTrack,6774.0,9991.0,1915.0
2026-09-06 14:31:43.888,0 days 02:25:08.712000,81,131.34888888888645,0 days 00:00:52.468000,10924.0,305.0,8,100.0,False,0,car,3354.915277777779,0.5806915240455539,OnTrack,6678.582436531969,9907.88411995207,1912.9938012201962
2026-09-06 14:31:43.971,0 days 02:25:08.795000,81,131.44111118221997,0 days 00:00:52.551000,10929.187504,305.2593752,8,100.0,False,0,pos,3361.9622272412907,0.5819112579240645,OnTrack,6646.0,9879.0,1912.0
2026-09-06 14:31:44.208,0 days 02:25:09.032000,81,131.70444444444274,0 days 00:00:52.788000,10944.0,306.0,8,100.0,False,0,car,3382.1152777777784,0.5853994847975467,OnTrack,6494.802585000979,9746.88192461699,1906.498568677838
2026-09-06 14:31:44.231,0 days 02:25:09.055000,81,131.7236111644428,0 days 00:00:52.811000,10947.4500096,306.11500032,8,100.0,False,0,pos,3384.0744908987076,0.5857385987121836,OnTrack,6480.0,9734.0,1906.0
2026-09-06 14:31:44.408,0 days 02:25:09.232000,81,131.8711111111097,0 days 00:00:52.988000,10974.0,307.0,8,100.0,False,0,car,3399.170833333334,0.5883515762004508,OnTrack,6374.739001686192,9642.615343740035,1902.903411116279
2026-09-06 14:31:44.491,0 days 02:25:09.315000,81,131.91722225777644,0 days 00:00:53.071000,10985.0666752,307.23055573333335,8,100.0,False,0,pos,3406.2585632397986,0.589578368635023,OnTrack,6313.0,9589.0,1901.0
2026-09-06 14:31:44.711,0 days 02:25:09.535000,81,132.03944447999882,0 days 00:00:53.291000,11014.400008533334,307.84166684444443,8,100.0,False,0,pos,3425.0798720006205,0.592836088596313,OnTrack,6106.0,9409.0,1894.0
2026-09-06 14:31:44.768,0 days 02:25:09.592000,81,132.07111111110999,0 days 00:00:53.348000,11022.0,308.0,8,100.0,False,0,car,3429.9708333333338,0.5936826494049132,OnTrack,6066.36483202474,9374.550549239935,1892.7218967124854
2026-09-06 14:31:45.071,0 days 02:25:09.895000,81,132.23944447999872,0 days 00:00:53.651000,11072.500010666667,309.68333368888887,8,100.0,False,0,pos,3456.0612075636227,0.5981985485917148,OnTrack,5938.0,9263.0,1889.0
2026-09-06 14:31:45.128,0 days 02:25:09.952000,81,132.2711111111098,0 days 00:00:53.708000,11082.0,310.0,8,100.0,False,0,car,3460.9708333333338,0.5990483399678462,OnTrack,5905.015666288584,9234.23695339686,1887.8638927790787
2026-09-06 14:31:45.250,0 days 02:25:10.074000,81,132.33888879049474,0 days 00:00:53.830000,11080.46541103279,310.0,8,100.0,False,0,pos,3471.4742179298896,0.6008663371165107,OnTrack,5821.0,9161.0,1885.0
2026-09-06 14:31:45.287,0 days 02:25:10.111000,81,132.35944444444294,0 days 00:00:53.867000,11080.0,310.0,8,100.0,False,0,car,3474.6625000000004,0.6014181866331417,OnTrack,5792.903581231246,9136.562213626956,1884.1412148410013
2026-09-06 14:31:45.607,0 days 02:25:10.431000,81,132.4483333333319,0 days 00:00:54.187000,11109.0,311.0,8,100.0,False,0,car,3502.306944444445,0.6062030748484024,OnTrack,5535.955251685495,8913.696358629266,1878.031453966896
2026-09-06 14:31:45.610,0 days 02:25:10.434000,81,132.4491666133319,0 days 00:00:54.190000,11109.0,311.0,8,100.0,False,0,pos,3502.5661189369716,0.6062479345299734,OnTrack,5534.0,8912.0,1878.0
2026-09-06 14:31:45.807,0 days 02:25:10.631000,81,132.50388888888756,0 days 00:00:54.387000,11109.0,311.0,8,100.0,False,0,car,3519.584722222223,0.6091936299829405,OnTrack,5432.408297766781,8823.752937221827,1877.194647572029
2026-09-06 14:31:45.970,0 days 02:25:10.794000,81,132.50388888888756,0 days 00:00:54.550000,11131.638862222222,311.45277724444446,8,100.0,False,0,pos,3533.6934431662366,0.6116356632353389,OnTrack,5351.0,8753.0,1877.0
2026-09-06 14:31:46.167,0 days 02:25:10.991000,81,132.50388888888756,0 days 00:00:54.747000,11159.0,312.0,8,100.0,False,0,car,3550.7847222222226,0.614593937904344,OnTrack,5222.221632660183,8641.207981731959,1876.0780864220128
2026-09-06 14:31:46.190,0 days 02:25:11.014000,81,132.44638872888757,0 days 00:00:54.770000,11160.472004096,312.046000128,8,100.0,False,0,pos,3552.7828735138337,0.6149397915020443,OnTrack,5207.0,8628.0,1876.0
2026-09-06 14:31:47.150,0 days 02:25:11.974000,81,130.04638872888756,0 days 00:00:55.730000,11221.912004096,313.966000128,8,100.0,False,0,pos,3636.52409091889,0.6294342902103938,OnTrack,4577.0,8080.0,1884.0
2026-09-06 14:31:47.167,0 days 02:25:11.991000,81,130.00388888888756,0 days 00:00:55.747000,11223.0,314.0,8,100.0,False,0,car,3638.006944444445,0.629690952570661,OnTrack,4561.2340308422345,8066.184833162058,1884.306331873116
2026-09-06 14:31:47.310,0 days 02:25:12.134000,81,129.52722200888758,0 days 00:00:55.890000,11231.0437536,314.0,8,100.0,False,0,pos,3650.4789978680938,0.6318497002918116,OnTrack,4424.0,7946.0,1887.0
2026-09-06 14:31:47.327,0 days 02:25:12.151000,81,129.47055555555426,0 days 00:00:55.907000,11232.0,314.0,8,100.0,False,0,car,3651.9625,0.6321064749172717,OnTrack,4408.265593189619,7932.274940828337,1887.313724484438
2026-09-06 14:31:47.607,0 days 02:25:12.431000,81,126.35944444444294,0 days 00:00:56.187000,11083.0,314.0,8,100.0,False,0,car,3676.3847222222225,0.6363336390238405,OnTrack,4186.804764998106,7740.55906685231,1891.9581434416398
2026-09-06 14:31:47.610,0 days 02:25:12.434000,81,126.30028156444294,0 days 00:00:56.190000,11082.5750272,313.9666688,8,100.0,False,0,pos,3676.6450762181053,0.636378702861864,OnTrack,4185.0,7739.0,1892.0
2026-09-06 14:31:47.967,0 days 02:25:12.791000,81,119.25944444444303,0 days 00:00:56.547000,11032.0,310.0,8,100.0,False,0,car,3707.3847222222225,0.6416993295867736,OnTrack,4029.6510429863947,7604.351493016541,1896.302186635433
2026-09-06 14:31:48.011,0 days 02:25:12.835000,81,118.15944444444304,0 days 00:00:56.591000,11001.985714285714,309.5285714285714,8,100.0,False,0,pos,3711.1503664877387,0.6423511128738331,OnTrack,4004.0,7582.0,1897.0
2026-09-06 14:31:48.071,0 days 02:25:12.895000,81,116.65944444444304,0 days 00:00:56.651000,10961.057142857142,308.8857142857143,8,100.0,False,0,pos,3716.278750329958,0.643238768383036,OnTrack,3965.0,7548.0,1898.0
2026-09-06 14:31:48.247,0 days 02:25:13.071000,81,112.25944444444303,0 days 00:00:56.827000,10841.0,307.0,8,100.0,False,0,car,3731.2625000000003,0.6458322575508392,OnTrack,3860.7808228006616,7457.321770293336,1899.12877528854
2026-09-06 14:31:48.371,0 days 02:25:13.195000,81,108.78055555555402,0 days 00:00:56.951000,10785.2,305.14,8,100.0,False,0,pos,3741.750968401718,0.6476476729031849,OnTrack,3773.0,7381.0,1900.0
2026-09-06 14:31:48.447,0 days 02:25:13.271000,81,106.64833333333172,0 days 00:00:57.027000,10751.0,304.0,8,100.0,False,0,car,3748.1513888888894,0.6487555011550178,OnTrack,3705.1560838080036,7321.979867568895,1901.1424969947634
2026-09-06 14:31:48.611,0 days 02:25:13.435000,81,101.77388733682471,0 days 00:00:57.191000,10638.40294922283,301.55223802658327,8,100.0,False,0,pos,3761.88287946537,0.6511322408131219,OnTrack,3558.0,7194.0,1904.0
2026-09-06 14:31:48.648,0 days 02:25:13.472000,81,100.67416666666486,0 days 00:00:57.228000,10613.0,301.0,8,100.0,False,0,car,3764.9572222222228,0.6516643689394982,OnTrack,3535.239051417884,7174.24567630149,1904.3670194153383
2026-09-06 14:31:48.888,0 days 02:25:13.712000,81,93.6074999999978,0 days 00:00:57.468000,10613.0,296.0,8,100.0,False,0,car,3784.6905555555563,0.6550799483085912,OnTrack,3447.343105669661,7098.168486986537,1904.9897465103838
2026-09-06 14:31:48.891,0 days 02:25:13.715000,81,93.51416467555336,0 days 00:00:57.471000,10605.76984576,295.95499904,8,98.499968,False,0,pos,3784.9360851264455,0.6551224462344442,OnTrack,3446.0,7097.0,1905.0
2026-09-06 14:31:49.088,0 days 02:25:13.912000,81,87.38527777777608,0 days 00:00:57.668000,10131.0,293.0,8,0.0,False,0,car,3800.9683333333337,0.6578974166507764,OnTrack,3329.3851987800485,6995.19479208918,1906.1795698862493
2026-09-06 14:31:49.211,0 days 02:25:14.035000,81,83.79777591110941,0 days 00:00:57.791000,10081.7999744,288.3874976,8,0.0,False,0,pos,3810.753532156336,0.659591105327583,OnTrack,3249.0,6925.0,1907.0
2026-09-06 14:31:49.328,0 days 02:25:14.152000,81,80.38527777777608,0 days 00:00:57.908000,10035.0,284.0,8,0.0,True,0,car,3819.901666666667,0.6611745265859871,OnTrack,3177.8437438890855,6862.986105383735,1907.6314275804561
2026-09-06 14:31:49.391,0 days 02:25:14.215000,81,78.70527607110937,0 days 00:00:57.971000,9777.32973824,280.53499648,8,0.0,True,0,pos,3824.7725585821454,0.6620176136435338,OnTrack,3141.0,6831.0,1908.0
2026-09-06 14:31:49.528,0 days 02:25:14.352000,81,75.0519444444426,0 days 00:00:58.108000,9217.0,273.0,8,0.0,True,0,car,3835.0683333333336,0.6637996762700027,OnTrack,3063.5382047609774,6763.9613130262505,1908.9047787154318
2026-09-06 14:31:49.551,0 days 02:25:14.375000,81,74.67499895110926,0 days 00:00:58.131000,9206.4343456,270.484368,8,0.0,True,0,pos,3836.7225597598076,0.6640860010159861,OnTrack,3051.0,6753.0,1909.0
2026-09-06 14:31:49.751,0 days 02:25:14.575000,81,71.39722117333143,0 days 00:00:58.331000,9114.5593456,248.609368,8,0.0,True,0,pos,3850.1855633178366,0.666416269117278,OnTrack,2948.0,6661.0,1909.0
2026-09-06 14:31:49.848,0 days 02:25:14.672000,81,69.80749999999807,0 days 00:00:58.428000,9070.0,238.0,8,0.0,True,0,car,3856.223888888889,0.6674614235215527,OnTrack,2901.4470776379503,6618.572102886547,1908.9593229975533
2026-09-06 14:31:50.008,0 days 02:25:14.832000,81,68.51861111110884,0 days 00:00:58.588000,9630.0,211.0,8,0.0,True,0,car,3865.6016666666674,0.6690845929965046,OnTrack,2829.794020417255,6552.100662202711,1908.9946773620086
2026-09-06 14:31:50.091,0 days 02:25:14.915000,81,68.17277751110896,0 days 00:00:58.671000,9823.39014912,206.01999616,8,0.0,True,0,pos,3870.2663146907976,0.6698919819604555,OnTrack,2796.0,6520.0,1909.0
2026-09-06 14:31:50.208,0 days 02:25:15.032000,81,67.68527777777581,0 days 00:00:58.788000,10096.0,199.0,8,0.0,True,0,car,3876.6572222222226,0.6709981636452925,OnTrack,2750.289277568617,6474.394176906277,1908.9987483158407
2026-09-06 14:31:50.211,0 days 02:25:15.035000,81,67.68277772444247,0 days 00:00:58.791000,10093.32994304,198.86499712,8,0.0,True,0,pos,3876.818723746243,0.6710261174260452,OnTrack,2749.0,6473.0,1909.0
2026-09-06 14:31:50.408,0 days 02:25:15.232000,81,67.5186111111093,0 days 00:00:58.988000,9918.0,190.0,6,0.0,True,0,car,3887.2127777777782,0.6728251908979042,OnTrack,2654.708564120611,6360.14901895245,1909.0703918696272
2026-09-06 14:31:50.431,0 days 02:25:15.255000,81,67.54416673777597,0 days 00:00:59.011000,9899.0249472,189.67142765714286,6,0.16428617142857144,True,0,pos,3888.4116934857407,0.6730327073720966,OnTrack,2646.0,6349.0,1909.0
2026-09-06 14:31:50.688,0 days 02:25:15.512000,81,67.82972222222043,0 days 00:00:59.268000,9687.0,186.0,5,2.0,False,0,car,3901.679444444445,0.6753291798272729,OnTrack,2602.2429139052756,6280.360559687646,1906.9471642610852
2026-09-06 14:31:50.791,0 days 02:25:15.615000,81,68.03000012444267,0 days 00:00:59.371000,9681.8499968,184.0687488,5,7.1500032,False,0,pos,3906.9355352184352,0.6762389397196575,OnTrack,2592.0,6251.0,1907.0
2026-09-06 14:31:50.848,0 days 02:25:15.672000,81,68.14083333333156,0 days 00:00:59.428000,9679.0,183.0,5,10.0,False,0,car,3909.812777777778,0.6767369524050747,OnTrack,2585.04404913152,6229.640117672497,1907.4765460434867
2026-09-06 14:31:51.008,0 days 02:25:15.832000,81,68.98527777777599,0 days 00:00:59.588000,9799.0,179.0,5,44.0,False,0,car,3917.768333333334,0.6781139539975694,OnTrack,2562.131229210945,6152.263377847339,1909.6537157985465
2026-09-06 14:31:51.111,0 days 02:25:15.935000,81,69.52888922666466,0 days 00:00:59.691000,9824.750016,179.73571474285714,5,46.94285897142857,False,0,pos,3922.908902021221,0.6790037185426243,OnTrack,2553.0,6100.0,1907.0
2026-09-06 14:31:51.131,0 days 02:25:15.955000,81,69.63444478222017,0 days 00:00:59.711000,9829.750016,179.87857188571428,5,47.51428754285714,False,0,pos,3923.9111744062184,0.6791771986548072,OnTrack,2552.0,6090.0,1906.0
2026-09-06 14:31:51.288,0 days 02:25:16.112000,81,70.46305555555318,0 days 00:00:59.868000,9869.0,181.0,5,52.0,False,0,car,3931.846111111112,0.6805506313965788,OnTrack,2546.0846559111656,6008.3240463249695,1905.0895708556
2026-09-06 14:31:51.411,0 days 02:25:16.235000,81,71.04388919110903,0 days 00:00:59.991000,10060.4188496,184.0750016,5,63.531256,False,0,pos,3938.1556509315064,0.6816427294053125,OnTrack,2544.0,5942.0,1907.0
2026-09-06 14:31:51.448,0 days 02:25:16.272000,81,71.21861111110911,0 days 00:01:00.028000,10118.0,185.0,5,67.0,False,0,car,3940.068333333334,0.6819737894670341,OnTrack,2543.868658445121,5921.898812898918,1907.1169241363023
2026-09-06 14:31:51.611,0 days 02:25:16.435000,81,72.0788892266645,0 days 00:01:00.191000,10395.779275733334,188.39583466666667,5,79.2250048,False,0,pos,3948.5847854312037,0.6834478748428795,OnTrack,2545.0,5833.0,1906.0
2026-09-06 14:31:51.688,0 days 02:25:16.512000,81,72.48527777777554,0 days 00:01:00.268000,10527.0,190.0,5,85.0,False,0,car,3952.735000000001,0.6841662221701681,OnTrack,2545.3882331120644,5791.336391051592,1905.5191805881636
2026-09-06 14:31:51.831,0 days 02:25:16.655000,81,73.0016668977755,0 days 00:01:00.411000,10682.87006976,198.58000384,5,88.5750016,False,0,pos,3960.726075798622,0.6855493718475985,OnTrack,2545.0,5713.0,1905.0
2026-09-06 14:31:51.888,0 days 02:25:16.712000,81,73.20749999999771,0 days 00:01:00.468000,10745.0,202.0,5,90.0,False,0,car,3963.957222222223,0.6861086406176815,OnTrack,2544.152436266848,5680.513532689064,1904.9341614968926
2026-09-06 14:31:52.047,0 days 02:25:16.871000,81,73.82583333333105,0 days 00:01:00.627000,11091.0,205.0,5,78.0,False,0,car,3973.01138888889,0.6876757972834414,OnTrack,2540.142345214926,5589.33778606267,1905.0205186359676
2026-09-06 14:31:52.090,0 days 02:25:16.914000,81,74.11249871999782,0 days 00:01:00.670000,11161.6809344,205.5374976,5,77.1937536,False,0,pos,3975.473661259044,0.6881019841098901,OnTrack,2539.0,5567.0,1905.0
2026-09-06 14:31:52.207,0 days 02:25:17.031000,81,74.89249999999811,0 days 00:01:00.787000,11354.0,207.0,5,75.0,False,0,car,3982.21138888889,0.6892681957730861,OnTrack,2535.9714191201456,5512.622458458711,1904.7856509138937
2026-09-06 14:31:52.330,0 days 02:25:17.154000,81,75.74666533333132,0 days 00:01:00.910000,11526.81473024,208.84499712,5,74.38500096,False,0,pos,3989.3712446873783,0.6905074722469542,OnTrack,2521.0,5432.0,1904.0
2026-09-06 14:31:52.407,0 days 02:25:17.231000,81,76.2813888888868,0 days 00:01:00.987000,11635.0,210.0,5,74.0,False,0,car,3993.878055555557,0.6912875416838673,OnTrack,2498.957298040893,5350.926201922489,1903.0459924867941
2026-09-06 14:31:52.490,0 days 02:25:17.314000,81,76.88083194666446,0 days 00:01:01.070000,11645.374976,210.7781232,5,76.0749952,False,0,pos,3998.747434158605,0.6921303668070197,OnTrack,2473.0,5263.0,1902.0
2026-09-06 14:31:52.727,0 days 02:25:17.551000,81,78.59249999999747,0 days 00:01:01.307000,11675.0,213.0,5,82.0,False,0,car,4012.81138888889,0.6945646516190781,OnTrack,2438.5607996887716,5163.600494864439,1901.1931794425404
2026-09-06 14:31:52.890,0 days 02:25:17.714000,81,79.63388766221954,0 days 00:01:01.470000,11406.791225018182,217.0749952,5,88.66817396363636,False,0,pos,4022.7659734266467,0.696287658725922,OnTrack,2413.0,5120.0,1901.0
2026-09-06 14:31:53.130,0 days 02:25:17.954000,81,81.16722099555263,0 days 00:01:01.710000,11011.882134109092,223.0749952,5,98.48635578181818,False,0,pos,4037.829920483887,0.6988950290022303,OnTrack,2339.0,4992.0,1900.0
2026-09-06 14:31:53.167,0 days 02:25:17.991000,81,81.40361111110815,0 days 00:01:01.747000,10951.0,224.0,5,100.0,False,0,car,4040.189166666668,0.6993033833563781,OnTrack,2326.7522970592413,4973.463714860701,1899.9685797734403
2026-09-06 14:31:53.290,0 days 02:25:18.114000,81,82.05277676444136,0 days 00:01:01.870000,10931.5250304,227.75832746666666,5,100.0,False,0,pos,4048.101852817295,0.7006729648210837,OnTrack,2279.0,4911.0,1900.0
2026-09-06 14:31:53.527,0 days 02:25:18.351000,81,83.30361111110778,0 days 00:01:02.107000,10894.0,235.0,6,100.0,False,0,car,4063.689166666668,0.703370922976666,OnTrack,2119.8206078530616,4739.909263458581,1899.0130252509903
2026-09-06 14:31:53.530,0 days 02:25:18.354000,81,83.31527703110778,0 days 00:01:02.110000,10897.7122624,235.093744,6,100.0,False,0,pos,4063.889814880998,0.7034056525324757,OnTrack,2118.0,4738.0,1899.0
2026-09-06 14:31:53.847,0 days 02:25:18.671000,81,84.54805555555276,0 days 00:01:02.427000,11290.0,245.0,6,100.0,False,0,car,4085.4669444444457,0.7071403686767911,OnTrack,1996.348303898297,4609.3091538539875,1898.1144474995149
2026-09-06 14:31:54.010,0 days 02:25:18.834000,81,85.1819436977748,0 days 00:01:02.590000,11415.8154768,246.5281232,6,100.0,False,0,pos,4096.66165851112,0.7090780258258971,OnTrack,1951.0,4547.0,1898.0
2026-09-06 14:31:54.167,0 days 02:25:18.991000,81,85.79249999999683,0 days 00:01:02.747000,11537.0,248.0,6,100.0,False,0,car,4107.51138888889,0.7109559708548767,OnTrack,1902.2541555241085,4466.8104677910105,1898.0916249058282
2026-09-06 14:31:54.310,0 days 02:25:19.134000,81,86.42805583999815,0 days 00:01:02.890000,11678.2125632,250.6812512,6,100.0,False,0,pos,4117.477996736373,0.7126810590378346,OnTrack,1860.0,4381.0,1898.0
2026-09-06 14:31:54.327,0 days 02:25:19.151000,81,86.50361111110942,0 days 00:01:02.907000,11695.0,251.0,6,100.0,False,0,car,4118.666944444445,0.7128868501828999,OnTrack,1855.4887710408032,4370.247857671337,1897.95782067536
2026-09-06 14:31:54.487,0 days 02:25:19.311000,81,87.12583333333168,0 days 00:01:03.067000,11732.0,253.0,6,100.0,False,0,car,4129.91138888889,0.7148331150035767,OnTrack,1818.2663743638368,4263.500378830708,1897.2722376266256
2026-09-06 14:31:54.591,0 days 02:25:19.415000,81,87.50138888888698,0 days 00:01:03.171000,11747.08,255.08,6,100.0,False,0,pos,4137.318914832603,0.7161152599084433,OnTrack,1798.0,4191.0,1897.0
2026-09-06 14:31:54.687,0 days 02:25:19.511000,81,87.8480555555534,0 days 00:01:03.267000,11761.0,257.0,6,100.0,False,0,car,4144.189166666668,0.7173044097610567,OnTrack,1781.549898133016,4122.868719787712,1897.0616685972261
2026-09-06 14:31:54.771,0 days 02:25:19.595000,81,88.1980555555535,0 days 00:01:03.351000,11383.3,257.3,6,100.0,False,0,pos,4150.19393427262,0.7183437557247943,OnTrack,1769.0,4063.0,1897.0
2026-09-06 14:31:54.951,0 days 02:25:19.775000,81,88.9480555555537,0 days 00:01:03.531000,10573.942857142856,257.9428571428571,6,100.0,False,0,pos,4163.099145295182,0.720577477305324,OnTrack,1748.0,3935.0,1896.0
2026-09-06 14:31:54.967,0 days 02:25:19.791000,81,89.01472222222037,0 days 00:01:03.547000,10502.0,258.0,6,100.0,False,0,car,4164.2558333333345,0.7207776847276005,OnTrack,1746.5019729566309,3923.443303823133,1895.9707245026493
2026-09-06 14:31:55.071,0 days 02:25:19.895000,81,89.47694452638748,0 days 00:01:03.651000,10572.581729964628,259.72853216239906,6,100.0,False,0,pos,4171.816593930259,0.7220863525270685,OnTrack,1738.0,3848.0,1896.0
2026-09-06 14:31:55.291,0 days 02:25:20.115000,81,90.45472247751023,0 days 00:01:03.871000,10721.889235659033,263.38504250593553,6,100.0,False,0,pos,4187.997939475234,0.7248871297233986,OnTrack,1723.0,3686.0,1895.0
2026-09-06 14:31:55.328,0 days 02:25:20.152000,81,90.61916666666366,0 days 00:01:03.908000,10747.0,264.0,7,100.0,False,0,car,4190.729166666668,0.7253598690771504,OnTrack,1720.1347066848211,3653.949274210013,1894.7661387716428
2026-09-06 14:31:55.568,0 days 02:25:20.392000,81,91.8191666666653,0 days 00:01:04.148000,10743.0,267.0,7,100.0,False,0,car,4208.529166666667,0.728440813981028,OnTrack,1698.6154867476637,3415.572922150808,1893.2294878974728
2026-09-06 14:31:55.651,0 days 02:25:20.475000,81,92.18805583999846,0 days 00:01:04.231000,10777.7562768,268.296876,7,100.0,False,0,pos,4214.755889020433,0.7295185773801119,OnTrack,1692.0,3345.0,1893.0
2026-09-06 14:31:55.888,0 days 02:25:20.712000,81,93.24138888888683,0 days 00:01:04.468000,10877.0,272.0,7,100.0,False,0,car,4232.706944444445,0.7326256679827995,OnTrack,1677.331138008979,3199.36646874692,1893.3031196669517
2026-09-06 14:31:55.971,0 days 02:25:20.795000,81,93.63333363555346,0 days 00:01:04.551000,10905.22002176,272.83000064,7,100.0,False,0,pos,4239.0159978913,0.7337176818066972,OnTrack,1672.0,3147.0,1893.0
2026-09-06 14:31:56.088,0 days 02:25:20.912000,81,94.18583333333117,0 days 00:01:04.668000,10945.0,274.0,7,100.0,False,0,car,4247.929166666668,0.7352604335997237,OnTrack,1663.4672337139878,3061.35173567639,1891.8366562890126
2026-09-06 14:31:56.191,0 days 02:25:21.015000,81,94.72944478221996,0 days 00:01:04.771000,11036.4125568,274.85833386666667,7,100.0,False,0,pos,4255.800476419838,0.7366228533565142,OnTrack,1656.0,2981.0,1891.0
2026-09-06 14:31:56.328,0 days 02:25:21.152000,81,95.4524999999976,0 days 00:01:04.908000,11158.0,276.0,7,100.0,False,0,car,4266.329166666667,0.7384452305790129,OnTrack,1647.193811593166,2876.2181313551932,1891.00379023839
2026-09-06 14:31:56.331,0 days 02:25:21.155000,81,95.46583361777539,0 days 00:01:04.911000,11159.7531624,276.046876,7,100.0,False,0,pos,4266.560851077368,0.7384853320904993,OnTrack,1647.0,2874.0,1891.0
2026-09-06 14:31:56.511,0 days 02:25:21.335000,81,96.26583361777602,0 days 00:01:05.091000,11264.9406624,278.859376,7,100.0,False,0,pos,4280.55039965576,0.740906738180395,OnTrack,1634.0,2735.0,1890.0
2026-09-06 14:31:56.648,0 days 02:25:21.472000,81,96.87472222222095,0 days 00:01:05.228000,11345.0,281.0,7,100.0,False,0,car,4291.3069444444445,0.7427685540146663,OnTrack,1619.7063711507299,2576.953077819204,1888.643237082609
2026-09-06 14:31:56.811,0 days 02:25:21.635000,81,97.41805576888765,0 days 00:01:05.391000,11426.500032,283.91071542857145,7,100.0,False,0,pos,4304.220001510757,0.7450036336417415,OnTrack,1603.0,2389.0,1887.0
2026-09-06 14:31:56.928,0 days 02:25:21.752000,81,97.80805555555435,0 days 00:01:05.508000,11485.0,286.0,7,100.0,False,0,car,4313.551388888889,0.7466187735512226,OnTrack,1595.8385168795712,2309.2098220234443,1886.2158267507148
2026-09-06 14:31:57.168,0 days 02:25:21.992000,81,98.4747222222195,0 days 00:01:05.748000,11536.0,289.0,7,100.0,False,0,car,4332.818055555556,0.7499535790838844,OnTrack,1587.597646558791,2221.0046958529692,1885.3468295910623
2026-09-06 14:31:57.251,0 days 02:25:22.075000,81,98.68222238221962,0 days 00:01:05.831000,11542.2250048,289.6916672,7,100.0,False,0,pos,4339.5096953018,0.7511118135431414,OnTrack,1581.0,2150.0,1885.0
2026-09-06 14:31:57.408,0 days 02:25:22.232000,81,99.07472222221986,0 days 00:01:05.988000,11554.0,291.0,7,100.0,False,0,car,4352.218055555556,0.7533114628555263,OnTrack,1562.144750668943,1946.2572953818376,1884.22516169207
2026-09-06 14:31:57.491,0 days 02:25:22.315000,81,99.23611123555368,0 days 00:01:06.071000,11218.541408,292.0375008,7,100.0,False,0,pos,4358.9752239218005,0.7544810394534266,OnTrack,1554.0,1858.0,1884.0
2026-09-06 14:31:57.648,0 days 02:25:22.472000,81,99.54138888888792,0 days 00:01:06.228000,10584.0,294.0,8,100.0,False,0,car,4371.8180555555555,0.7567039639856388,OnTrack,1547.945151107557,1791.762229873839,1884.1639381720736
2026-09-06 14:31:57.731,0 days 02:25:22.555000,81,99.6566667555548,0 days 00:01:06.311000,10623.01003008,294.83000064,8,100.0,False,0,pos,4378.629127914953,0.7578828706528087,OnTrack,1545.0,1760.0,1884.0
2026-09-06 14:31:57.848,0 days 02:25:22.672000,81,99.8191666666662,0 days 00:01:06.428000,10678.0,296.0,8,100.0,False,0,car,4388.2625,0.7595502801265495,OnTrack,1537.529747061745,1680.4617795619247,1883.0403105726803
2026-09-06 14:31:58.031,0 days 02:25:22.855000,81,100.07333342222176,0 days 00:01:06.611000,10703.925009066666,297.52500053333335,8,100.0,False,0,pos,4403.429640370277,0.7621755118024034,OnTrack,1522.0,1514.0,1881.0
2026-09-06 14:31:58.208,0 days 02:25:23.032000,81,100.3191666666662,0 days 00:01:06.788000,10729.0,299.0,8,100.0,False,0,car,4418.162499999999,0.7647255752178945,OnTrack,1508.7451332976632,1367.0991142086148,1880.2184595777517
2026-09-06 14:31:58.271,0 days 02:25:23.095000,81,100.38916673777688,0 days 00:01:06.851000,10736.56000768,299.31500032,8,100.0,False,0,pos,4423.4092003471715,0.765633709751422,OnTrack,1504.0,1315.0,1880.0
2026-09-06 14:31:58.408,0 days 02:25:23.232000,81,100.54138888888701,0 days 00:01:06.988000,10753.0,300.0,8,100.0,False,0,car,4434.829166666666,0.7676103550904392,OnTrack,1493.1836315331125,1198.769855055704,1879.398642855702
2026-09-06 14:31:58.490,0 days 02:25:23.314000,81,100.60972209725513,0 days 00:01:07.070000,10761.234294564874,300.3430956068698,8,100.0,False,0,pos,4441.677090250107,0.7687956402177731,OnTrack,1487.0,1132.0,1879.0
2026-09-06 14:31:58.647,0 days 02:25:23.471000,81,100.74055555555333,0 days 00:01:07.227000,10777.0,301.0,8,100.0,False,0,car,4454.812222222223,0.7710691580779558,OnTrack,1475.9575700835765,1009.6518746948959,1878.21923322704
2026-09-06 14:31:58.690,0 days 02:25:23.514000,81,100.76444433777549,0 days 00:01:07.270000,10783.142829714287,301.15357074285714,8,100.0,False,0,pos,4458.41397950673,0.7716925746931643,OnTrack,1472.0,966.0,1878.0
2026-09-06 14:31:58.890,0 days 02:25:23.714000,81,100.87555544888627,0 days 00:01:07.470000,10811.714258285714,301.86785645714286,8,100.0,False,0,pos,4475.191758260769,0.7745965866005038,OnTrack,1449.0,715.0,1877.0
2026-09-06 14:31:58.927,0 days 02:25:23.751000,81,100.89611111110844,0 days 00:01:07.507000,10817.0,302.0,8,100.0,False,0,car,4478.301111111112,0.7751347745116621,OnTrack,1445.9912890318876,682.3334396417831,1876.846352399527
2026-09-06 14:31:59.087,0 days 02:25:23.911000,81,100.94055555555315,0 days 00:01:07.667000,10844.0,303.0,8,100.0,False,0,car,4491.767777777778,0.7774656766486782,OnTrack,1439.0434642532227,607.52430101025,1876.304491593277
2026-09-06 14:31:59.170,0 days 02:25:23.994000,81,100.94055555555315,0 days 00:01:07.750000,10852.761090844444,303.23055502222223,8,100.0,False,0,pos,4498.767427302529,0.7786772235325102,OnTrack,1435.0,564.0,1876.0
2026-09-06 14:31:59.390,0 days 02:25:24.214000,81,100.94055555555315,0 days 00:01:07.970000,10875.98334008889,303.84166684444443,8,100.0,False,0,pos,4517.353363283821,0.7818942035743842,OnTrack,1418.0,380.0,1875.0
2026-09-06 14:31:59.447,0 days 02:25:24.271000,81,100.94055555555315,0 days 00:01:08.027000,10882.0,304.0,8,100.0,False,0,car,4522.167777777778,0.7827275151361995,OnTrack,1413.24850677888,328.3832823400177,1874.7207649769855
2026-09-06 14:31:59.647,0 days 02:25:24.471000,81,100.94055555555315,0 days 00:01:08.227000,10894.0,304.0,8,100.0,False,0,car,4539.056666666666,0.785650758740378,OnTrack,1396.7030976507408,148.1548518869217,1873.696399681555
2026-09-06 14:31:59.770,0 days 02:25:24.594000,81,100.9063889422203,0 days 00:01:08.350000,10909.374976,304.3843744,8,100.0,False,0,pos,4549.457465793106,0.7874509996990781,OnTrack,1387.0,43.0,1873.0
2026-09-06 14:31:59.967,0 days 02:25:24.791000,81,100.85166666666555,0 days 00:01:08.547000,10934.0,305.0,8,100.0,False,0,car,4566.167777777777,0.7903433339997172,OnTrack,1372.4460925177812,-113.25627745086635,1871.7636255450154
2026-09-06 14:32:00.110,0 days 02:25:24.934000,81,100.89138890666497,0 days 00:01:08.690000,10959.74001152,306.43000064,8,100.0,False,0,pos,4578.35999687907,0.7924536460956213,OnTrack,1362.0,-227.0,1871.0
2026-09-06 14:32:00.167,0 days 02:25:24.991000,81,100.9072222222203,0 days 00:01:08.747000,10970.0,307.0,8,100.0,False,0,car,4583.223333333332,0.7932954254026213,OnTrack,1357.7472007557255,-274.17507252740944,1870.7682633780178
2026-09-06 14:32:00.370,0 days 02:25:25.194000,81,101.01999989333162,0 days 00:01:08.950000,10986.74748416,307.0,8,100.0,False,0,pos,4600.5299245437545,0.7962909677617922,OnTrack,1342.0,-448.0,1870.0
2026-09-06 14:32:00.530,0 days 02:25:25.354000,81,101.10888878222066,0 days 00:01:09.110000,10999.94748416,307.0,8,100.0,False,0,pos,4614.175362993889,0.7986528129333719,OnTrack,1329.0,-584.0,1869.0
2026-09-06 14:32:00.567,0 days 02:25:25.391000,81,101.12944444444292,0 days 00:01:09.147000,11003.0,307.0,8,100.0,False,0,car,4617.334444444444,0.7991996082084294,OnTrack,1326.2804025961168,-613.8386587808903,1868.8089581500176
2026-09-06 14:32:00.770,0 days 02:25:25.594000,81,101.18583327999843,0 days 00:01:09.350000,11024.991645866667,307.84583253333335,8,100.0,False,0,pos,4634.694992539742,0.802204489791729,OnTrack,1311.0,-788.0,1868.0
2026-09-06 14:32:00.807,0 days 02:25:25.631000,81,101.19611111110953,0 days 00:01:09.387000,11029.0,308.0,8,100.0,False,0,car,4637.867777777777,0.8027536570114043,OnTrack,1307.1078703080495,-829.9799383153114,1867.8183458669398
2026-09-06 14:32:00.950,0 days 02:25:25.774000,81,101.19611111110953,0 days 00:01:09.530000,11050.4500096,308.71500032,8,100.0,False,0,pos,4650.1599262892105,0.8048812655683711,OnTrack,1290.0,-1011.0,1867.0
2026-09-06 14:32:01.207,0 days 02:25:26.031000,81,101.19611111110953,0 days 00:01:09.787000,11089.0,310.0,8,100.0,False,0,car,4672.312222222222,0.8087155354146635,OnTrack,1266.2118629910426,-1274.2809104289836,1865.4403387080054
2026-09-06 14:32:01.311,0 days 02:25:26.135000,81,101.22499999999853,0 days 00:01:09.891000,11094.2,310.0,8,100.0,False,0,pos,4681.26729762717,0.8102655406917821,OnTrack,1259.0,-1354.0,1865.0
2026-09-06 14:32:01.567,0 days 02:25:26.391000,81,101.2961111111099,0 days 00:01:10.147000,11107.0,310.0,8,100.0,False,0,car,4703.312222222222,0.8140812259775965,OnTrack,1246.1249047638253,-1486.8665293272963,1864.66538486463
2026-09-06 14:32:01.751,0 days 02:25:26.575000,81,101.2961111111099,0 days 00:01:10.331000,11120.742742238737,310.76348567992983,8,100.0,False,0,pos,4719.201782812588,0.8168314990520765,OnTrack,1233.0,-1628.0,1864.0
2026-09-06 14:32:01.808,0 days 02:25:26.632000,81,101.2961111111099,0 days 00:01:10.388000,11125.0,311.0,8,100.0,False,0,car,4724.131944444444,0.8176848449147148,OnTrack,1227.2084041074359,-1692.7413388957398,1863.5798195131124
2026-09-06 14:32:01.991,0 days 02:25:26.815000,81,101.24527775999906,0 days 00:01:10.571000,11131.608335644445,311.5083335111111,8,100.0,False,0,pos,4739.984871582087,0.8204287772223702,OnTrack,1207.0,-1921.0,1862.0
2026-09-06 14:32:02.168,0 days 02:25:26.992000,81,101.19611111111044,0 days 00:01:10.748000,11138.0,312.0,8,100.0,False,0,car,4755.331944444444,0.8230851528361184,OnTrack,1195.6804567036006,-2044.6545893441566,1861.365174483181
2026-09-06 14:32:02.328,0 days 02:25:27.152000,81,101.15166666666573,0 days 00:01:10.908000,11165.0,312.0,8,100.0,False,0,car,4769.198611111111,0.8254852896900755,OnTrack,1187.5396826275078,-2128.974282619537,1861.073318639979
2026-09-06 14:32:02.351,0 days 02:25:27.175000,81,101.1516666666659,0 days 00:01:10.931000,11163.6583296,312.0,8,100.0,False,0,pos,4771.191240760793,0.8258301875644857,OnTrack,1186.0,-2145.0,1861.0
2026-09-06 14:32:02.568,0 days 02:25:27.392000,81,101.15166666666755,0 days 00:01:11.148000,11151.0,312.0,8,100.0,False,0,car,4789.99861111111,0.8290854949710111,OnTrack,1168.245467901515,-2332.3238148637547,1860.0144735274566
2026-09-06 14:32:02.571,0 days 02:25:27.395000,81,101.1499999644453,0 days 00:01:11.151000,11151.7312656,312.0187504,8,100.0,False,0,pos,4790.259131203775,0.8291305875581939,OnTrack,1168.0,-2335.0,1860.0
2026-09-06 14:32:02.728,0 days 02:25:27.552000,81,101.06277777777723,0 days 00:01:11.308000,11190.0,313.0,8,100.0,False,0,car,4803.909722222223,0.8314933245712953,OnTrack,1155.8185923010603,-2471.831166907584,1859.2668713969217
2026-09-06 14:32:02.791,0 days 02:25:27.615000,81,101.02777774222183,0 days 00:01:11.371000,11187.2437472,313.0,8,100.0,False,0,pos,4809.38672087035,0.8324413206990197,OnTrack,1151.0,-2526.0,1859.0
2026-09-06 14:32:02.888,0 days 02:25:27.712000,81,100.97388888888872,0 days 00:01:11.468000,11183.0,313.0,8,100.0,False,0,car,4817.820833333333,0.8339011541715792,OnTrack,1143.4512414535513,-2609.3013423601756,1858.6293994386972
2026-09-06 14:32:03.031,0 days 02:25:27.855000,81,100.61638872888886,0 days 00:01:11.611000,11199.6833408,313.3972224,8,100.0,False,0,pos,4830.274006260776,0.8360566339282035,OnTrack,1132.0,-2733.0,1858.0
2026-09-06 14:32:03.191,0 days 02:25:28.015000,81,100.21638872888903,0 days 00:01:11.771000,11218.350007466666,313.84166684444443,8,100.0,False,0,pos,4844.237569394078,0.8384735422807608,OnTrack,1119.0,-2872.0,1857.0
2026-09-06 14:32:03.248,0 days 02:25:28.072000,81,100.07388888888909,0 days 00:01:11.828000,11225.0,314.0,8,100.0,False,0,car,4849.220833333333,0.8393360794514532,OnTrack,1114.7658596930746,-2917.977786114804,1856.765823209796
2026-09-06 14:32:03.431,0 days 02:25:28.255000,81,98.90472181333352,0 days 00:01:12.011000,11234.565912436363,314.41590923636363,8,100.0,False,0,pos,4865.251066564395,0.8421107011020833,OnTrack,1100.0,-3081.0,1856.0
2026-09-06 14:32:03.671,0 days 02:25:28.495000,81,97.37138848000018,0 days 00:01:12.251000,11247.111366981819,314.9613637818182,8,100.0,False,0,pos,4886.241760926947,0.8457439130585527,OnTrack,1070.0,-3411.0,1853.0
2026-09-06 14:32:03.688,0 days 02:25:28.512000,81,97.26277777777796,0 days 00:01:12.268000,11248.0,315.0,8,100.0,False,0,car,4887.720833333333,0.8459999209570314,OnTrack,1068.3640672631773,-3428.982866099638,1852.8491065398628
2026-09-06 14:32:03.848,0 days 02:25:28.672000,81,95.97388888888963,0 days 00:01:12.428000,11158.0,312.0,8,100.0,False,0,car,4901.5875,0.8484000578109885,OnTrack,1058.5439615146013,-3536.91765838768,1852.2096077652707
2026-09-06 14:32:04.071,0 days 02:25:28.895000,81,91.26610976000029,0 days 00:01:12.651000,10999.66995456,309.76999936,8,100.0,False,0,pos,4920.732399994727,0.8517137871409887,OnTrack,1049.0,-3635.0,1852.0
2026-09-06 14:32:04.248,0 days 02:25:29.072000,81,87.52944444444438,0 days 00:01:12.828000,10874.0,308.0,8,100.0,False,0,car,4935.809722222222,0.8543234724826136,OnTrack,1033.987771700161,-3784.7470014751275,1851.0638183716778
2026-09-06 14:32:04.271,0 days 02:25:29.095000,81,87.03110972444442,0 days 00:01:12.851000,10853.874944,307.53999872,8,100.0,False,0,pos,4937.763093327401,0.8546615752214833,OnTrack,1032.0,-3805.0,1851.0
2026-09-06 14:32:04.448,0 days 02:25:29.272000,81,83.19611111111135,0 days 00:01:13.028000,10699.0,304.0,8,100.0,False,0,car,4952.698611111111,0.8572467160867921,OnTrack,1017.7873085970297,-3953.560101636984,1851.0450959527384
2026-09-06 14:32:04.471,0 days 02:25:29.295000,81,82.63388732444476,0 days 00:01:13.051000,10681.97995264,303.36749824,8,100.0,False,0,pos,4954.6136438451485,0.8575781829599769,OnTrack,1016.0,-3972.0,1851.0
2026-09-06 14:32:04.651,0 days 02:25:29.475000,81,78.23388732444535,0 days 00:01:13.231000,10548.77995264,298.41749824,8,100.0,False,0,pos,4969.3645262095915,0.8601313658728102,OnTrack,1001.0,-4121.0,1850.0
2026-09-06 14:32:04.848,0 days 02:25:29.672000,81,73.41833333333489,0 days 00:01:13.428000,10403.0,293.0,8,100.0,False,0,car,4985.254166666666,0.8628816527711626,OnTrack,977.505138383225,-4342.264166040099,1849.0831955714582
2026-09-06 14:32:04.871,0 days 02:25:29.695000,81,72.85610954666822,0 days 00:01:13.451000,10390.872693527273,292.52954414545457,8,97.43862923636364,False,0,pos,4987.105181861214,0.8632020390537831,OnTrack,975.0,-4365.0,1849.0
2026-09-06 14:32:05.250,0 days 02:25:30.074000,81,63.59166979555718,0 days 00:01:13.830000,10191.036431127273,284.77727534545454,8,55.23183243636364,False,0,pos,5017.106014067458,0.8683947868682727,OnTrack,945.0,-4602.0,1848.0
2026-09-06 14:32:05.288,0 days 02:25:30.112000,81,62.66277777777941,0 days 00:01:13.868000,10171.0,284.0,8,51.0,True,0,car,5019.9652777777765,0.8688896876523822,OnTrack,941.5456562678119,-4626.35035927775,1847.8782503416035
2026-09-06 14:32:05.510,0 days 02:25:30.334000,81,58.40777646385972,0 days 00:01:14.090000,9331.300995936135,259.8493649273667,8,3.6276004344500907,True,0,pos,5035.930649564666,0.8716530826436929,OnTrack,914.0,-4799.0,1847.0
2026-09-06 14:32:05.527,0 days 02:25:30.351000,81,58.08194444444507,0 days 00:01:14.107000,9267.0,258.0,8,0.0,True,0,car,5037.0936111111105,0.8718543759273965,OnTrack,910.9451973882893,-4815.056133891366,1846.9214988124984
2026-09-06 14:32:05.710,0 days 02:25:30.534000,81,55.896110346667065,0 days 00:01:14.290000,9678.750144,244.73249536,8,0.0,True,0,pos,5049.0420442548075,0.8739224918938796,OnTrack,871.0,-5001.0,1846.0
2026-09-06 14:32:05.927,0 days 02:25:30.751000,81,53.30416666666679,0 days 00:01:14.507000,10167.0,229.0,8,0.0,True,0,car,5062.538055555556,0.8762584731994815,OnTrack,821.1936362364036,-5174.194738369053,1844.85583924378
2026-09-06 14:32:06.090,0 days 02:25:30.914000,81,51.58361313777761,0 days 00:01:14.670000,11022.748992,225.60417066666668,8,0.0,True,0,pos,5072.741953117723,0.8780246330980124,OnTrack,791.0,-5260.0,1844.0
2026-09-06 14:32:06.167,0 days 02:25:30.991000,81,50.77083333333303,0 days 00:01:14.747000,11427.0,224.0,6,0.0,True,0,car,5077.471388888889,0.8788432359652815,OnTrack,780.6492375441958,-5286.794763816243,1843.6030517537056
2026-09-06 14:32:06.390,0 days 02:25:31.214000,81,49.284166239999784,0 days 00:01:14.970000,11075.7748992,214.9406224,6,0.0,True,0,pos,5090.6223963291,0.881119501659314,OnTrack,753.0,-5345.0,1843.0
2026-09-06 14:32:06.487,0 days 02:25:31.311000,81,48.63749999999982,0 days 00:01:15.067000,10923.0,211.0,5,0.0,True,0,car,5096.226944444445,0.882089574915185,OnTrack,732.4354947562216,-5385.974074732576,1843.4137660713895
2026-09-06 14:32:06.630,0 days 02:25:31.454000,81,47.96222191999989,0 days 00:01:15.210000,10870.80497664,208.13999872,5,2.14500096,True,0,pos,5104.455626668596,0.8835138511266528,OnTrack,686.0,-5462.0,1844.0
2026-09-06 14:32:06.687,0 days 02:25:31.511000,81,47.693055555555475,0 days 00:01:15.267000,10850.0,207.0,5,3.0,False,0,car,5107.726944444445,0.8840800730272409,OnTrack,659.7653389961268,-5495.203479483739,1843.8563308360485
2026-09-06 14:32:06.847,0 days 02:25:31.671000,81,47.11527777777701,0 days 00:01:15.427000,10699.0,205.0,5,5.0,False,0,car,5116.838055555556,0.885657086024232,OnTrack,567.2935220430452,-5593.040899167521,1842.4802467396125
2026-09-06 14:32:06.950,0 days 02:25:31.774000,81,47.08666664888815,0 days 00:01:15.530000,10599.004104533333,201.1374976,5,7.145834666666667,False,0,pos,5122.5076822164,0.8866384235167947,OnTrack,520.0,-5638.0,1842.0
2026-09-06 14:32:07.087,0 days 02:25:31.911000,81,47.048611111110404,0 days 00:01:15.667000,10466.0,196.0,5,10.0,False,0,car,5129.9047222222225,0.8879187534443069,OnTrack,484.4773668934904,-5665.86439428373,1842.395995711534
2026-09-06 14:32:07.210,0 days 02:25:32.034000,81,47.2877774044441,0 days 00:01:15.790000,10429.484432,195.6156256,5,16.9187392,False,0,pos,5136.568416479367,0.8890721509084951,OnTrack,458.0,-5681.0,1843.0
2026-09-06 14:32:07.407,0 days 02:25:32.231000,81,47.670833333333576,0 days 00:01:15.987000,10371.0,195.0,5,28.0,False,0,car,5147.238055555556,0.8909189245117534,OnTrack,387.82392000818135,-5723.320260173482,1843.116727672833
2026-09-06 14:32:07.550,0 days 02:25:32.374000,81,48.26666693333344,0 days 00:01:16.130000,10370.1062496,194.5531248,5,36.937504,False,0,pos,5154.923627259824,0.8922491954654417,OnTrack,294.0,-5759.0,1843.0
2026-09-06 14:32:07.711,0 days 02:25:32.535000,81,48.93749999999996,0 days 00:01:16.291000,10369.1,194.05,5,47.0,False,0,pos,5163.609969237758,0.8937526865356807,OnTrack,148.0,-5794.0,1843.0
2026-09-06 14:32:07.727,0 days 02:25:32.551000,81,49.004166666666606,0 days 00:01:16.307000,10369.0,194.0,5,48.0,False,0,car,5164.4825,0.8939037100865462,OnTrack,136.62310896164485,-5796.295439144446,1843.001921033753
2026-09-06 14:32:08.051,0 days 02:25:32.875000,81,50.44416666666693,0 days 00:01:16.631000,10672.3,199.4,5,68.7,False,0,pos,5182.465098335021,0.8970162603505216,OnTrack,28.0,-5801.0,1843.0
2026-09-06 14:32:08.087,0 days 02:25:32.911000,81,50.60416666666697,0 days 00:01:16.667000,10706.0,200.0,5,71.0,False,0,car,5184.4825,0.8973654459335998,OnTrack,12.13100752774833,-5800.547099493061,1842.986112799083
2026-09-06 14:32:08.231,0 days 02:25:33.055000,81,51.68416688199423,0 days 00:01:16.811000,10905.177609804881,201.79439288112505,5,74.14018754196886,False,0,pos,5192.572478208728,0.8987657143119516,OnTrack,-71.0,-5796.0,1843.0
2026-09-06 14:32:08.408,0 days 02:25:33.232000,81,53.011666666667224,0 days 00:01:16.988000,11150.0,204.0,5,78.0,False,0,car,5202.6725,0.900513894686495,OnTrack,-207.62136298063777,-5768.2516268208865,1843.6072442384475
2026-09-06 14:32:08.531,0 days 02:25:33.355000,81,53.90000046222272,0 days 00:01:17.111000,11331.11759424,207.38250176,5,84.76500352,False,0,pos,5209.878978122502,0.9017612408688789,OnTrack,-295.0,-5745.0,1844.0
2026-09-06 14:32:08.808,0 days 02:25:33.632000,81,55.90055555555591,0 days 00:01:17.388000,11739.0,215.0,5,100.0,False,0,car,5226.561388888889,0.9046487458371425,OnTrack,-408.84316944603967,-5704.310442603126,1843.8891347609072
2026-09-06 14:32:08.951,0 days 02:25:33.775000,81,56.89361155555609,0 days 00:01:17.531000,11891.5334016,218.5750016,5,100.0,False,0,pos,5235.318647577211,0.9061645116533066,OnTrack,-471.0,-5671.0,1844.0
2026-09-06 14:32:09.048,0 days 02:25:33.872000,81,57.56722222222288,0 days 00:01:17.628000,11995.0,221.0,5,100.0,False,0,car,5241.294722222222,0.9071988912444718,OnTrack,-526.7119779671161,-5638.91875893521,1844.3194928471623
2026-09-06 14:32:09.231,0 days 02:25:34.055000,81,58.83805600000131,0 days 00:01:17.811000,11463.38481408,223.74500096,5,100.0,False,0,pos,5252.664017045158,0.9091667660166859,OnTrack,-642.0,-5566.0,1845.0
2026-09-06 14:32:09.248,0 days 02:25:34.072000,81,58.95611111111248,0 days 00:01:17.828000,11414.0,224.0,5,100.0,False,0,car,5253.739166666666,0.9093528602159718,OnTrack,-651.453612460916,-5559.23823670781,1845.0231398407109
2026-09-06 14:32:09.391,0 days 02:25:34.215000,81,59.869722631112836,0 days 00:01:17.971000,11254.9124288,228.64750208,5,100.0,False,0,pos,5262.950316026323,0.9109471885125162,OnTrack,-723.0,-5503.0,1845.0
2026-09-06 14:32:09.611,0 days 02:25:34.435000,81,61.27527818666895,0 days 00:01:18.191000,11010.1624288,235.79750208,5,100.0,False,0,pos,5277.583125825713,0.9134799346237994,OnTrack,-828.0,-5407.0,1845.0
2026-09-06 14:32:09.648,0 days 02:25:34.472000,81,61.51166666666904,0 days 00:01:18.228000,10969.0,237.0,6,100.0,False,0,car,5280.072499999999,0.9139108124145923,OnTrack,-850.0390784534901,-5383.6562879105495,1845.093431012375
2026-09-06 14:32:09.851,0 days 02:25:34.675000,81,62.470278080001506,0 days 00:01:18.431000,11168.6167296,243.7666688,6,100.0,False,0,pos,5293.865511171127,0.9162982004750874,OnTrack,-979.0,-5236.0,1846.0
2026-09-06 14:32:09.888,0 days 02:25:34.712000,81,62.645000000001346,0 days 00:01:18.468000,11205.0,245.0,6,100.0,False,0,car,5296.405833333333,0.9167378966896862,OnTrack,-996.0933058160554,-5215.170865609087,1846.1594884493984
2026-09-06 14:32:10.211,0 days 02:25:35.035000,81,63.990833600001345,0 days 00:01:18.791000,11566.5806272,250.3833344,6,100.0,False,0,pos,5318.904086322888,0.9206320471331872,OnTrack,-1081.0,-5089.0,1847.0
2026-09-06 14:32:10.248,0 days 02:25:35.072000,81,64.14500000000135,0 days 00:01:18.828000,11608.0,251.0,6,100.0,False,0,car,5321.505833333334,0.9210823751777385,OnTrack,-1093.575012594058,-5068.422311900993,1846.9834057803455
2026-09-06 14:32:10.351,0 days 02:25:35.175000,81,64.54555580444558,0 days 00:01:18.931000,11667.74003712,253.06000128,6,100.0,False,0,pos,5328.768353934342,0.9223394215729623,OnTrack,-1132.0,-5004.0,1847.0
2026-09-06 14:32:10.448,0 days 02:25:35.272000,81,64.92277777777872,0 days 00:01:19.028000,11724.0,255.0,6,100.0,False,0,car,5335.672500000001,0.9235344380694015,OnTrack,-1165.0416962862187,-4943.013576452221,1847.5736604507704
2026-09-06 14:32:10.511,0 days 02:25:35.335000,81,65.02777788444529,0 days 00:01:19.091000,11518.899791644444,256.4000014222222,6,100.0,False,0,pos,5340.208932800052,0.924319634671486,OnTrack,-1185.0,-4904.0,1848.0
2026-09-06 14:32:10.751,0 days 02:25:35.575000,81,65.42777788444492,0 days 00:01:19.331000,10737.566458311112,261.7333347555556,6,100.0,False,0,pos,5357.785103881071,0.9273618377457414,OnTrack,-1257.0,-4747.0,1849.0
2026-09-06 14:32:10.808,0 days 02:25:35.632000,81,65.52277777777817,0 days 00:01:19.388000,10552.0,263.0,7,100.0,False,0,car,5361.972500000001,0.928086620708277,OnTrack,-1276.1879458370656,-4697.56819258525,1849.3243886172465
2026-09-06 14:32:11.048,0 days 02:25:35.872000,81,66.18944444444514,0 days 00:01:19.628000,10721.0,265.0,7,100.0,False,0,car,5379.639166666667,0.9311444873731742,OnTrack,-1355.3013781525135,-4471.142213902441,1850.9836888408552
2026-09-06 14:32:11.051,0 days 02:25:35.875000,81,66.20194471111182,0 days 00:01:19.631000,10722.362529066666,265.06250133333333,7,100.0,False,0,pos,5379.8619115498595,0.9311830415705191,OnTrack,-1356.0,-4469.0,1851.0
2026-09-06 14:32:11.288,0 days 02:25:36.112000,81,67.18944444444605,0 days 00:01:19.868000,10830.0,270.0,7,100.0,False,0,car,5397.639166666667,0.9342600496355224,OnTrack,-1387.6700779477078,-4356.418078692858,1851.8439250123186
2026-09-06 14:32:11.351,0 days 02:25:36.175000,81,67.46944472889001,0 days 00:01:19.931000,10870.5562912,271.1812512,7,100.0,False,0,pos,5402.408872056003,0.9350856226418298,OnTrack,-1395.0,-4324.0,1852.0
2026-09-06 14:32:11.448,0 days 02:25:36.272000,81,67.90055555555591,0 days 00:01:20.028000,10933.0,273.0,7,100.0,False,0,car,5409.772500000001,0.9363601693827351,OnTrack,-1408.56705049334,-4261.978938600024,1852.2217734945857
2026-09-06 14:32:11.608,0 days 02:25:36.432000,81,68.70055555555518,0 days 00:01:20.188000,11026.0,274.0,7,100.0,False,0,car,5421.950277777779,0.9384679818762744,OnTrack,-1434.731888235818,-4134.993347965547,1852.6245330158938
2026-09-06 14:32:11.690,0 days 02:25:36.514000,81,69.11055491555551,0 days 00:01:20.270000,11064.1811904,275.281248,7,100.0,False,0,pos,5428.254519933522,0.9395591629292264,OnTrack,-1446.0,-4071.0,1853.0
2026-09-06 14:32:11.850,0 days 02:25:36.674000,81,69.91055491555615,0 days 00:01:20.430000,11138.6811904,277.781248,7,100.0,False,0,pos,5440.678162687016,0.9417095314027644,OnTrack,-1463.0,-3949.0,1854.0
2026-09-06 14:32:11.928,0 days 02:25:36.752000,81,70.30055555555646,0 days 00:01:20.508000,11175.0,279.0,7,100.0,False,0,car,5446.750277777778,0.9427605343266208,OnTrack,-1470.3313732448971,-3882.5204648464055,1854.3806470476143
2026-09-06 14:32:12.130,0 days 02:25:36.954000,81,71.31055464509544,0 days 00:01:20.710000,11246.840939423348,280.6903750452552,7,100.0,False,0,pos,5462.504908004339,0.9454874527372388,OnTrack,-1486.0,-3702.0,1855.0
2026-09-06 14:32:12.167,0 days 02:25:36.991000,81,71.49555555555526,0 days 00:01:20.747000,11260.0,281.0,7,100.0,False,0,car,5465.405555555556,0.9459895165176245,OnTrack,-1487.9612398684885,-3672.6557308330707,1855.0923198277171
2026-09-06 14:32:12.447,0 days 02:25:37.271000,81,72.97333333333245,0 days 00:01:21.027000,11510.0,285.0,7,100.0,False,0,car,5487.572222222223,0.949826273748109,OnTrack,-1494.9476320483725,-3480.7572851470177,1855.7585131211756
2026-09-06 14:32:12.510,0 days 02:25:37.334000,81,73.21833358222159,0 days 00:01:21.090000,11528.1125184,286.31250133333333,7,100.0,False,0,pos,5492.621364428188,0.9507002135766722,OnTrack,-1496.0,-3434.0,1856.0
2026-09-06 14:32:12.687,0 days 02:25:37.511000,81,73.90666666666675,0 days 00:01:21.267000,11579.0,290.0,7,100.0,False,0,car,5506.905555555556,0.9531726184002607,OnTrack,-1498.7918366133863,-3291.484912545367,1856.886758559464
2026-09-06 14:32:12.710,0 days 02:25:37.534000,81,74.00888917333329,0 days 00:01:21.290000,11508.61980416,290.23000064,7,100.0,False,0,pos,5508.767100509426,0.9534948272451462,OnTrack,-1499.0,-3274.0,1857.0
2026-09-06 14:32:12.887,0 days 02:25:37.711000,81,74.79555555555453,0 days 00:01:21.467000,10967.0,292.0,7,100.0,False,0,car,5523.127777777779,0.9559804708095376,OnTrack,-1499.0192018706941,-3131.4622387370964,1857.9739567514223
2026-09-06 14:32:12.890,0 days 02:25:37.714000,81,74.80972131555455,0 days 00:01:21.470000,10962.7252736,292.0249984,7,100.0,False,0,pos,5523.371693071066,0.9560226893252585,OnTrack,-1499.0,-3128.0,1858.0
2026-09-06 14:32:13.070,0 days 02:25:37.894000,81,75.65972252444472,0 days 00:01:21.650000,10706.2249088,293.52500053333335,7,100.0,False,0,pos,5538.048033372223,0.9585629699914618,OnTrack,-1497.0,-2867.0,1860.0
2026-09-06 14:32:13.127,0 days 02:25:37.951000,81,75.92888888888956,0 days 00:01:21.707000,10625.0,294.0,8,100.0,False,0,car,5542.727777777778,0.95937297193965,OnTrack,-1496.2155354731376,-2797.846718200731,1860.4579799412445
2026-09-06 14:32:13.527,0 days 02:25:38.351000,81,77.373333333333,0 days 00:01:22.107000,10867.0,300.0,8,100.0,False,0,car,5576.061111111112,0.9651425316847394,OnTrack,-1489.7488684579798,-2563.092489814525,1860.928157735095
2026-09-06 14:32:13.570,0 days 02:25:38.394000,81,77.50472163555526,0 days 00:01:22.150000,10879.285659428571,300.61428297142857,8,100.0,False,0,pos,5579.678589659533,0.9657686694430904,OnTrack,-1489.0,-2541.0,1861.0
2026-09-06 14:32:13.807,0 days 02:25:38.631000,81,78.22888888888883,0 days 00:01:22.387000,10947.0,304.0,8,100.0,False,0,car,5599.705555555556,0.9692350727305894,OnTrack,-1484.6543854574459,-2398.88374371033,1861.877012181053
2026-09-06 14:32:13.970,0 days 02:25:38.794000,81,78.72694385777788,0 days 00:01:22.550000,10977.15496448,305.62999808,8,100.0,False,0,pos,5613.554112386269,0.9716320750111311,OnTrack,-1479.0,-2254.0,1863.0
2026-09-06 14:32:14.007,0 days 02:25:38.831000,81,78.84000000000015,0 days 00:01:22.587000,10984.0,306.0,8,100.0,False,0,car,5616.705555555556,0.972177548200585,OnTrack,-1477.2033407704323,-2213.429369058439,1863.3179636184561
2026-09-06 14:32:14.190,0 days 02:25:39.014000,81,79.34833351111126,0 days 00:01:22.770000,11048.558355911111,307.01666702222224,8,100.0,False,0,pos,5632.334254895274,0.9748826696379412,OnTrack,-1467.0,-1999.0,1865.0
2026-09-06 14:32:14.367,0 days 02:25:39.191000,81,79.84000000000015,0 days 00:01:22.947000,11111.0,308.0,8,100.0,False,0,car,5647.505555555556,0.9775086214050475,OnTrack,-1459.8496661153624,-1861.1050404280452,1866.0390725606296
2026-09-06 14:32:14.567,0 days 02:25:39.391000,81,80.3955555555558,0 days 00:01:23.147000,11149.0,310.0,8,100.0,False,0,car,5664.727777777779,0.980489560606677,OnTrack,-1452.55692990807,-1743.6128454593716,1866.7358249187964
2026-09-06 14:32:14.631,0 days 02:25:39.455000,81,80.50222222222261,0 days 00:01:23.211000,11171.133333333333,311.06666666666666,8,100.0,False,0,pos,5670.288013695533,0.981451964006405,OnTrack,-1449.0,-1689.0,1867.0
2026-09-06 14:32:14.807,0 days 02:25:39.631000,81,80.79555555555635,0 days 00:01:23.387000,11232.0,314.0,8,100.0,False,0,car,5685.6611111111115,0.984112844126593,OnTrack,-1436.647614827605,-1503.8493546789089,1867.8616622796485
2026-09-06 14:32:14.831,0 days 02:25:39.655000,81,80.83555556617875,0 days 00:01:23.411000,11237.67635005513,314.0,8,100.0,False,0,pos,5687.754988225862,0.9844752665999658,OnTrack,-1435.0,-1480.0,1868.0
2026-09-06 14:32:14.991,0 days 02:25:39.815000,81,81.10222230366146,0 days 00:01:23.571000,11275.518683756,314.0,8,100.0,False,0,pos,5701.699283507698,0.9868888399419175,OnTrack,-1425.0,-1341.0,1869.0
2026-09-06 14:32:15.048,0 days 02:25:39.872000,81,81.19722222222299,0 days 00:01:23.628000,11289.0,314.0,8,100.0,False,0,car,5706.681666666667,0.9877512246611755,OnTrack,-1421.5835967192984,-1294.3986786469557,1869.3119808588428
2026-09-06 14:32:15.251,0 days 02:25:40.075000,81,81.36638894222399,0 days 00:01:23.831000,11339.1156408,315.9031256,8,100.0,False,0,pos,5724.527087591839,0.9908400313272967,OnTrack,-1409.0,-1124.0,1870.0
2026-09-06 14:32:15.368,0 days 02:25:40.192000,81,81.46388888889123,0 days 00:01:23.948000,11368.0,317.0,8,100.0,False,0,car,5734.859444444444,0.9926284258323574,OnTrack,-1400.5781746769278,-1010.4677366602725,1869.9449515630536
2026-09-06 14:32:15.431,0 days 02:25:40.255000,81,81.48138890666895,0 days 00:01:24.011000,11383.300015542856,317.45000045714283,8,100.0,False,0,pos,5740.432132727901,0.9935929845721222,OnTrack,-1396.0,-950.0,1870.0
2026-09-06 14:32:15.631,0 days 02:25:40.455000,81,81.53694446222435,0 days 00:01:24.211000,11431.871444114286,318.8785718857143,8,100.0,False,0,pos,5758.161443872993,0.9966616941688489,OnTrack,-1382.0,-774.0,1871.0
2026-09-06 14:32:15.648,0 days 02:25:40.472000,81,81.54166666666879,0 days 00:01:24.228000,11436.0,319.0,8,100.0,False,0,car,5759.670555555555,0.9969229014692856,OnTrack,-1380.7813952335894,-759.1754705667872,1871.0888921639373
2026-09-06 14:32:15.662,0 days 02:25:40.486000,81,81.54166666666879,0 days 00:01:24.242000,11440.41004032,319.07000064,8,100.0,False,0,interpolation,5760.913602742656,0.9971380565196438,OnTrack,-1379.771351394127,-746.936469831045,1871.1600185880561
