Date,SessionTime,DriverAhead,DistanceToDriverAhead,Time,RPM,Speed,nGear,Throttle,Brake,DRS,Source,Distance,RelativeDistance,Status,X,Y,Z
2026-09-05 14:02:45.435,0 days 00:16:08.831000,,252.41694444444443,0 days 00:00:00,10645.51995648,308.83499904,7,100.0,False,0,interpolation,0.1568861626540846,2.6057487819583042e-05,OnTrack,-1364.0538951421918,-556.567324170166,1871.8909172658687
2026-09-05 14:02:45.446,0 days 00:16:08.842000,,252.41694444444443,0 days 00:00:00.011000,10653.0,309.0,8,100.0,False,0,car,1.1016666666666737,0.00018297767796897655,OnTrack,-1363.2255563924455,-547.0692010064166,1871.9468459914476
2026-09-05 14:02:45.606,0 days 00:16:09.002000,87,252.41694444444443,0 days 00:00:00.171000,10751.0,310.0,8,100.0,False,0,car,14.879444444444452,0.0024713520670918156,OnTrack,-1352.333149059043,-422.1650361062014,1872.6649461238958
2026-09-05 14:02:45.699,0 days 00:16:09.095000,87,252.8302774933333,0 days 00:00:00.264000,10789.749973333333,311.93749866666667,8,100.0,False,0,pos,22.97768521731927,0.0038164025593045063,OnTrack,-1347.0,-361.0,1873.0
2026-09-05 14:02:45.846,0 days 00:16:09.242000,87,253.4836111111111,0 days 00:00:00.411000,10851.0,315.0,8,100.0,False,0,car,35.879444444444445,0.0059592775472871095,OnTrack,-1340.0666912078627,-281.4663250770581,1873.4061366494377
2026-09-05 14:02:46.039,0 days 00:16:09.435000,87,254.23416693428928,0 days 00:00:00.604000,10935.394295325106,316.3835130381165,8,100.0,False,0,pos,52.85914085430631,0.008779464011760338,OnTrack,-1330.0,-169.0,1874.0
2026-09-05 14:02:46.125,0 days 00:16:09.521000,87,254.56861111111107,0 days 00:00:00.690000,10973.0,317.0,8,100.0,False,0,car,60.44694444444444,0.01003973512989177,OnTrack,-1323.4515373162542,-97.71535476325828,1874.4192881462582
2026-09-05 14:02:46.238,0 days 00:16:09.634000,87,254.97666735999996,0 days 00:00:00.803000,11009.16006144,318.13000192,8,100.0,False,0,pos,70.44226358332917,0.011699874573091757,OnTrack,-1314.0,6.0,1875.0
2026-09-05 14:02:46.325,0 days 00:16:09.721000,87,255.2908333333333,0 days 00:00:00.890000,11037.0,319.0,8,100.0,False,0,car,78.16916666666667,0.012983248961061875,OnTrack,-1307.1485244773758,83.83965616045133,1875.3563274138119
2026-09-05 14:02:46.498,0 days 00:16:09.894000,87,255.81944374394757,0 days 00:00:01.063000,11114.462583916338,321.5820861305446,8,100.0,False,0,pos,93.6349787877214,0.015551991826249497,OnTrack,-1294.0,236.0,1876.0
2026-09-05 14:02:46.526,0 days 00:16:09.922000,87,255.90499999999997,0 days 00:00:01.091000,11127.0,322.0,8,100.0,False,0,car,96.1475,0.015969300719384624,OnTrack,-1291.8050001261504,260.85918257709915,1876.129163299924
2026-09-05 14:02:46.686,0 days 00:16:10.082000,87,256.30499999999995,0 days 00:00:01.251000,11215.0,324.0,8,100.0,False,0,car,110.54749999999999,0.018361021048661396,OnTrack,-1279.010494432535,404.22137079322636,1876.9013681891267
2026-09-05 14:02:46.738,0 days 00:16:10.134000,87,256.4061106133333,0 days 00:00:01.303000,11219.1166464,324.4333312,8,100.0,False,0,pos,115.24458597561889,0.019141167994234213,OnTrack,-1275.0,451.0,1877.0
2026-09-05 14:02:46.818,0 days 00:16:10.214000,87,256.56166616888885,0 days 00:00:01.383000,11225.449979733334,325.0999978666667,8,100.0,False,0,pos,122.48754438712767,0.02034416319401975,OnTrack,-1269.0,523.0,1877.0
2026-09-05 14:02:46.926,0 days 00:16:10.322000,87,256.77166666666665,0 days 00:00:01.491000,11234.0,326.0,8,100.0,False,0,car,132.28083333333333,0.021970747101180972,OnTrack,-1260.5904687647212,620.0000257582831,1877.275237814262
2026-09-05 14:02:47.058,0 days 00:16:10.454000,87,256.99166624000003,0 days 00:00:01.623000,11264.35994112,326.65999872,8,100.0,False,0,pos,144.2631548453051,0.02396091112563329,OnTrack,-1250.0,739.0,1878.0
2026-09-05 14:02:47.126,0 days 00:16:10.522000,87,257.105,0 days 00:00:01.691000,11280.0,327.0,8,100.0,False,0,car,150.4475,0.024988079461032455,OnTrack,-1244.5699168125243,800.9105406627847,1878.4544543280747
2026-09-05 14:02:47.338,0 days 00:16:10.734000,87,257.34055527111104,0 days 00:00:01.903000,11331.485652114286,328.5142838857143,8,100.0,False,0,pos,169.79915907058245,0.028202229211334216,OnTrack,-1228.0,993.0,1880.0
2026-09-05 14:02:47.406,0 days 00:16:10.802000,87,257.41611111111104,0 days 00:00:01.971000,11348.0,329.0,8,100.0,False,0,car,176.0363888888889,0.02923818124986302,OnTrack,-1222.9361389555813,1052.2840595166003,1880.4117377386754
2026-09-05 14:02:47.518,0 days 00:16:10.914000,87,257.41611111111104,0 days 00:00:02.083000,11381.95,330.05,8,100.0,False,0,pos,186.34561235113685,0.030950457592482158,OnTrack,-1214.0,1158.0,1881.0
2026-09-05 14:02:47.726,0 days 00:16:11.122000,87,257.41611111111104,0 days 00:00:02.291000,11445.0,332.0,8,100.0,False,0,car,205.54749999999999,0.034139731554306774,OnTrack,-1192.2830003626575,1417.91450610901,1881.9424426728797
2026-09-05 14:02:47.738,0 days 00:16:11.134000,87,257.41611111111104,0 days 00:00:02.303000,11444.7000064,332.0,8,100.0,False,0,pos,206.6538202518604,0.03432348215410297,OnTrack,-1191.0,1433.0,1882.0
2026-09-05 14:02:47.886,0 days 00:16:11.282000,87,257.41611111111104,0 days 00:00:02.451000,11441.0,332.0,8,100.0,False,0,car,220.30305555555555,0.03659050670652866,OnTrack,-1175.615318147366,1609.9285882146423,1882.7747962432331
2026-09-05 14:02:48.046,0 days 00:16:11.442000,87,257.2383333333333,0 days 00:00:02.611000,11479.0,334.0,8,100.0,False,0,car,235.1475,0.039056045564486816,OnTrack,-1160.9120420361307,1775.1526824551224,1883.7000409702332
2026-09-05 14:02:48.098,0 days 00:16:11.494000,87,257.18055583999995,0 days 00:00:02.663000,11489.771375542858,334.0,8,100.0,False,0,pos,239.97328845645768,0.03985756892254925,OnTrack,-1157.0,1820.0,1884.0
2026-09-05 14:02:48.326,0 days 00:16:11.722000,87,256.9272222222222,0 days 00:00:02.891000,11537.0,334.0,8,100.0,False,0,car,261.12527777777774,0.04337073856591358,OnTrack,-1144.9843586431791,1964.5580709337773,1885.3053232485809
2026-09-05 14:02:48.558,0 days 00:16:11.954000,87,256.5405555555555,0 days 00:00:03.123000,11544.975,334.725,8,100.0,False,0,pos,282.70300251816826,0.04695461932432541,OnTrack,-1132.0,2116.0,1886.0
2026-09-05 14:02:48.618,0 days 00:16:12.014000,87,256.4405559822222,0 days 00:00:03.183000,11547.0374912,334.9124992,8,100.0,False,0,pos,288.29304410295686,0.047883078775703296,OnTrack,-1127.0,2171.0,1886.0
2026-09-05 14:02:48.646,0 days 00:16:12.042000,87,256.39388888888885,0 days 00:00:03.211000,11548.0,335.0,8,100.0,False,0,car,290.9030555555555,0.048316579987566166,OnTrack,-1124.5277235132628,2198.584178367894,1886.0330918742077
2026-09-05 14:02:48.966,0 days 00:16:12.362000,87,255.68277777777774,0 days 00:00:03.531000,11528.0,336.0,8,100.0,False,0,car,320.7697222222222,0.05327718511495503,OnTrack,-1094.3630771898174,2551.2522478310952,1887.8349358769601
2026-09-05 14:02:48.998,0 days 00:16:12.394000,87,255.60277777777776,0 days 00:00:03.563000,11537.466666666667,336.0,8,100.0,False,0,pos,323.7554600065079,0.053773091348049876,OnTrack,-1092.0,2579.0,1888.0
2026-09-05 14:02:49.206,0 days 00:16:12.602000,87,255.08277777777784,0 days 00:00:03.771000,11599.0,336.0,8,100.0,False,0,car,343.16972222222216,0.05699763896049667,OnTrack,-1080.389095949297,2713.771239060023,1888.751036125409
2026-09-05 14:02:49.278,0 days 00:16:12.674000,87,254.88277777777782,0 days 00:00:03.843000,11573.35,336.45,8,100.0,False,0,pos,349.9090435261989,0.058116984222180645,OnTrack,-1076.0,2765.0,1889.0
2026-09-05 14:02:49.366,0 days 00:16:12.762000,87,254.63833333333332,0 days 00:00:03.931000,11542.0,337.0,8,100.0,False,0,car,358.1475,0.05948532337705925,OnTrack,-1069.6014386728882,2840.275157944659,1889.3455900357624
2026-09-05 14:02:49.518,0 days 00:16:12.914000,87,254.21611111111108,0 days 00:00:04.083000,11528.32,336.24,8,100.0,False,0,pos,372.33893698162854,0.06184240312224058,OnTrack,-1057.0,2988.0,1890.0
2026-09-05 14:02:49.566,0 days 00:16:12.962000,87,254.08277777777772,0 days 00:00:04.131000,11524.0,336.0,8,100.0,False,0,car,376.81416666666667,0.0625857015816773,OnTrack,-1053.043421882143,3033.5540548902463,1890.2029108992394
2026-09-05 14:02:49.738,0 days 00:16:13.134000,87,253.60500071111107,0 days 00:00:04.303000,11518.2666752,335.52222293333335,8,100.0,False,0,pos,392.83422771632354,0.06524650058783836,OnTrack,-1039.0,3193.0,1891.0
2026-09-05 14:02:49.898,0 days 00:16:13.294000,87,253.16055626666667,0 days 00:00:04.463000,11512.933341866667,335.0777784888889,8,100.0,False,0,pos,407.7128730539258,0.06771771992992465,OnTrack,-1026.0,3341.0,1892.0
2026-09-05 14:02:49.926,0 days 00:16:13.322000,87,253.08277777777778,0 days 00:00:04.491000,11512.0,335.0,8,100.0,False,0,car,410.3141666666666,0.06814977318103645,OnTrack,-1023.7433494238168,3366.90814255093,1892.1595865057782
2026-09-05 14:02:50.098,0 days 00:16:13.494000,87,252.6527784177778,0 days 00:00:04.663000,11518.4499904,334.2833344,8,100.0,False,0,pos,426.2771770415692,0.07080109654423856,OnTrack,-1010.0,3526.0,1893.0
2026-09-05 14:02:50.166,0 days 00:16:13.562000,87,252.4827777777778,0 days 00:00:04.731000,11521.0,334.0,8,100.0,False,0,car,432.5808333333333,0.07184808146797368,OnTrack,-1004.5945073766231,3588.796841547846,1893.3152891009463
2026-09-05 14:02:50.738,0 days 00:16:14.134000,87,250.8938895999999,0 days 00:00:05.303000,11445.686700373333,333.0466670933333,8,100.0,False,0,pos,485.49062795760085,0.08063595864996811,OnTrack,-959.0,4118.0,1896.0
2026-09-05 14:02:50.766,0 days 00:16:14.162000,87,250.816111111111,0 days 00:00:05.331000,11442.0,333.0,8,100.0,False,0,car,488.0808333333334,0.08106617023706125,OnTrack,-956.7083447041276,4144.2640608592965,1896.1482688409233
2026-09-05 14:02:50.926,0 days 00:16:14.322000,87,250.37166666666667,0 days 00:00:05.491000,11425.0,333.0,8,100.0,False,0,car,502.8808333333333,0.08352432724215127,OnTrack,-943.8828482659935,4291.6518819349685,1896.9543176800332
2026-09-05 14:02:50.938,0 days 00:16:14.334000,87,250.26833553777777,0 days 00:00:05.503000,11425.666652444444,332.96666737777775,8,100.0,False,0,pos,503.98963531821914,0.0837084900371786,OnTrack,-943.0,4302.0,1897.0
2026-09-05 14:02:51.238,0 days 00:16:14.634000,87,247.6849999999999,0 days 00:00:05.803000,11442.333333333334,332.1333333333333,8,100.0,False,0,pos,531.6546688899524,0.08830342220409798,OnTrack,-920.0,4578.0,1898.0
2026-09-05 14:02:51.286,0 days 00:16:14.682000,87,247.27166666666653,0 days 00:00:05.851000,11445.0,332.0,8,100.0,False,0,car,536.0808333333333,0.0890385713346505,OnTrack,-913.9543899864116,4648.402972602478,1898.4221844732774
2026-09-05 14:02:51.438,0 days 00:16:14.834000,87,244.27388888888882,0 days 00:00:06.003000,11426.0,332.0,8,100.0,False,0,pos,550.1051982285827,0.09136790179473128,OnTrack,-893.0,4890.0,1900.0
2026-09-05 14:02:51.566,0 days 00:16:14.962000,87,241.7494444444444,0 days 00:00:06.131000,11410.0,332.0,8,100.0,False,0,car,561.9030555555555,0.09332742785103877,OnTrack,-882.1064376111235,5015.721561722241,1900.6469573962213
2026-09-05 14:02:51.766,0 days 00:16:15.162000,87,236.41611111111104,0 days 00:00:06.331000,11413.0,331.0,8,100.0,False,0,car,580.2919444444444,0.09638166947523095,OnTrack,-875.295022098409,5094.302623353133,1900.652729436626
2026-09-05 14:02:51.878,0 days 00:16:15.274000,87,232.6516666666666,0 days 00:00:06.443000,11394.52,331.0,8,100.0,False,0,pos,590.5925388596773,0.0980925126048523,OnTrack,-869.0,5165.0,1901.0
2026-09-05 14:02:51.966,0 days 00:16:15.362000,87,229.69388888888886,0 days 00:00:06.531000,11380.0,331.0,8,100.0,False,0,car,598.6808333333332,0.09943591109942312,OnTrack,-862.0267977003294,5242.802443434405,1901.5322358415478
2026-09-05 14:02:52.038,0 days 00:16:15.434000,87,226.67388888888888,0 days 00:00:06.603000,11369.0,330.8,8,100.0,False,0,pos,605.2901165673876,0.10053365811837008,OnTrack,-856.0,5312.0,1902.0
2026-09-05 14:02:52.239,0 days 00:16:15.635000,87,218.24305824000004,0 days 00:00:06.804000,11338.291676444445,330.24166684444447,8,100.0,False,0,pos,623.7087763913112,0.1035928444474611,OnTrack,-841.0,5495.0,1903.0
2026-09-05 14:02:52.326,0 days 00:16:15.722000,87,214.59388888888896,0 days 00:00:06.891000,11325.0,330.0,8,100.0,False,0,car,631.6808333333332,0.10491693685401572,OnTrack,-834.2878966085876,5568.761404204548,1903.435887551061
2026-09-05 14:02:52.419,0 days 00:16:15.815000,87,210.2280585600001,0 days 00:00:06.984000,11327.3249984,330.0,8,100.0,False,0,pos,640.2055481005424,0.10633282113248935,OnTrack,-826.0,5659.0,1904.0
2026-09-05 14:02:52.486,0 days 00:16:15.882000,87,207.0827777777779,0 days 00:00:07.051000,11329.0,330.0,8,100.0,False,0,car,646.3474999999999,0.10735294830050132,OnTrack,-818.7877733309681,5741.658622496239,1904.5171573902087
2026-09-05 14:02:52.659,0 days 00:16:16.055000,87,198.09639221333342,0 days 00:00:07.224000,11328.13500032,330.0,8,100.0,False,0,pos,662.2054175754693,0.10998681662308782,OnTrack,-798.0,5988.0,1906.0
2026-09-05 14:02:52.686,0 days 00:16:16.082000,87,196.69388888888898,0 days 00:00:07.251000,11328.0,330.0,8,100.0,False,0,car,664.6808333333332,0.11039796260860833,OnTrack,-795.041446284107,6023.1140750656095,1906.1901900845216
2026-09-05 14:02:52.845,0 days 00:16:16.241000,87,187.77222222222235,0 days 00:00:07.410000,11347.0,330.0,8,100.0,False,0,car,679.2558333333332,0.11281874898355339,OnTrack,-779.625123807852,6205.72865299112,1907.0373892915673
2026-09-05 14:02:53.046,0 days 00:16:16.442000,87,176.21472222222235,0 days 00:00:07.611000,11321.0,329.0,8,100.0,False,0,car,697.6249999999998,0.11586971491053531,OnTrack,-764.5007846213446,6385.03279662996,1907.7215388236523
2026-09-05 14:02:53.118,0 days 00:16:16.514000,87,171.71472222222235,0 days 00:00:07.683000,11313.8,328.775,8,100.0,False,0,pos,704.1897176313367,0.11696005995323189,OnTrack,-760.0,6439.0,1908.0
2026-09-05 14:02:53.366,0 days 00:16:16.762000,87,156.21472222222235,0 days 00:00:07.931000,11289.0,328.0,8,100.0,False,0,car,726.7805555555553,0.12071221039203398,OnTrack,-747.8707057936764,6587.218411664488,1909.1283023758021
2026-09-05 14:02:53.518,0 days 00:16:16.914000,87,146.41916666666677,0 days 00:00:08.083000,11277.6,328.0,8,100.0,False,0,pos,740.6504078662564,0.12301587759589301,OnTrack,-739.0,6693.0,1910.0
2026-09-05 14:02:53.566,0 days 00:16:16.962000,87,143.32583333333343,0 days 00:00:08.131000,11274.0,328.0,8,100.0,False,0,car,745.0027777777776,0.12373877006797064,OnTrack,-735.5209599300084,6733.674804708118,1910.309388744749
2026-09-05 14:02:53.698,0 days 00:16:17.094000,87,134.9658495466668,0 days 00:00:08.263000,11083.92036864,322.06001152,8,34.000128000000004,False,0,pos,756.8426689927,0.12570527760374534,OnTrack,-725.0,6856.0,1911.0
2026-09-05 14:02:53.766,0 days 00:16:17.162000,87,130.6591666666668,0 days 00:00:08.331000,10986.0,319.0,8,0.0,True,0,car,762.7249999999998,0.12668228389914074,OnTrack,-719.7540533753701,6917.5272817412015,1911.020788055168
2026-09-05 14:02:53.858,0 days 00:16:17.254000,87,125.47140332444457,0 days 00:00:08.423000,10474.02142464,305.66003712,8,0.0,True,0,pos,770.3469684459931,0.1279482295159038,OnTrack,-713.0,6998.0,1911.0
2026-09-05 14:02:53.966,0 days 00:16:17.362000,87,119.38138888888898,0 days 00:00:08.531000,9873.0,290.0,8,0.0,True,0,car,778.836111111111,0.12935820556384084,OnTrack,-705.6928798953656,7087.937385326189,1911.539104379918
2026-09-05 14:02:54.038,0 days 00:16:17.434000,87,115.88138888888895,0 days 00:00:08.603000,9475.2,280.4,8,0.0,True,0,pos,784.2448451525235,0.1302565513390143,OnTrack,-701.0,7145.0,1912.0
2026-09-05 14:02:54.206,0 days 00:16:17.602000,87,107.71472222222224,0 days 00:00:08.771000,8547.0,258.0,8,0.0,True,0,car,796.036111111111,0.13221498262381035,OnTrack,-690.2297772800315,7268.943902153519,1912.8235048076988
2026-09-05 14:02:54.278,0 days 00:16:17.674000,87,104.95472222222226,0 days 00:00:08.843000,8394.45,248.325,8,0.0,True,0,pos,800.6992543018496,0.13298949195489493,OnTrack,-686.0,7319.0,1913.0
2026-09-05 14:02:54.478,0 days 00:16:17.874000,87,97.28805555555567,0 days 00:00:09.043000,7970.7,221.45,8,0.0,True,0,pos,812.5081622773167,0.13495085343208124,OnTrack,-676.0,7447.0,1913.0
2026-09-05 14:02:54.526,0 days 00:16:17.922000,87,95.4480555555557,0 days 00:00:09.091000,7869.0,215.0,8,0.0,True,0,car,815.147222222222,0.13538917935710973,OnTrack,-673.9396494857601,7473.039544717901,1913.0365586363396
2026-09-05 14:02:54.766,0 days 00:16:18.162000,87,88.24805555555565,0 days 00:00:09.331000,8563.0,185.0,8,0.0,True,0,car,827.4805555555554,0.13743764352801807,OnTrack,-663.5425992153957,7594.769917926147,1913.7261438451349
2026-09-05 14:02:54.818,0 days 00:16:18.214000,87,86.83250696888896,0 days 00:00:09.383000,8614.3497472,182.4000128,8,0.0,True,0,pos,830.080219463082,0.13786942609863742,OnTrack,-660.0,7634.0,1914.0
2026-09-05 14:02:54.926,0 days 00:16:18.322000,87,83.89250000000004,0 days 00:00:09.491000,8721.0,177.0,8,0.0,True,0,car,835.3472222222221,0.13874423148567855,OnTrack,-650.872607683353,7733.807398072759,1914.6997378421245
2026-09-05 14:02:54.978,0 days 00:16:18.374000,87,82.83806074666668,0 days 00:00:09.543000,8919.156167314286,172.72859245714287,8,0.0,True,0,pos,837.7462490247414,0.1391426899005442,OnTrack,-647.0,7776.0,1915.0
2026-09-05 14:02:55.206,0 days 00:16:18.602000,87,78.21472222222212,0 days 00:00:09.771000,9788.0,154.0,8,0.0,True,0,car,847.3249999999999,0.14073364083364182,OnTrack,-640.3417441982607,7848.176814858574,1915.5814421268524
2026-09-05 14:02:55.358,0 days 00:16:18.754000,87,75.7658333333333,0 days 00:00:09.923000,10511.266666666666,141.96666666666667,8,0.0,True,0,pos,853.1359928994717,0.14169879846217995,OnTrack,-637.0,7875.0,1916.0
2026-09-05 14:02:55.446,0 days 00:16:18.842000,87,74.34805555555556,0 days 00:00:10.011000,10930.0,135.0,8,0.0,True,0,car,856.3249999999998,0.14222846603943975,OnTrack,-633.2270848417444,7904.692734911636,1916.4427516762357
2026-09-05 14:02:55.578,0 days 00:16:18.974000,87,72.62472556444446,0 days 00:00:10.143000,10685.47047424,129.39001088,8,0.0,True,0,pos,860.8860947420991,0.14298602597127558,OnTrack,-626.0,7957.0,1917.0
2026-09-05 14:02:55.698,0 days 00:16:19.094000,87,71.05805889777781,0 days 00:00:10.263000,10463.17047424,124.29001088,8,0.0,True,0,pos,864.8084311324222,0.14363749344926155,OnTrack,-619.0,7997.0,1917.0
2026-09-05 14:02:55.846,0 days 00:16:19.242000,87,69.12583333333339,0 days 00:00:10.411000,10189.0,118.0,4,0.0,True,0,car,869.4361111111109,0.14440611263554054,OnTrack,-608.4781576268389,8044.3055220863935,1917.5636190657906
2026-09-05 14:02:55.958,0 days 00:16:19.354000,87,68.00583333333337,0 days 00:00:10.523000,10606.9,113.45,4,0.0,True,0,pos,872.7956251432971,0.14496409999715654,OnTrack,-599.0,8078.0,1918.0
2026-09-05 14:02:56.166,0 days 00:16:19.562000,87,65.92583333333334,0 days 00:00:10.731000,11383.0,105.0,1,0.0,True,0,car,878.7694444444443,0.14595630173784957,OnTrack,-577.4765578368039,8133.895439287914,1918.006830981396
2026-09-05 14:02:56.178,0 days 00:16:19.574000,87,65.8291687288889,0 days 00:00:10.743000,11342.14087168,104.64000768,1,0.0,True,0,pos,879.1070814312689,0.14601238043544013,OnTrack,-576.0,8137.0,1918.0
2026-09-05 14:02:56.338,0 days 00:16:19.734000,87,64.54027984000004,0 days 00:00:10.903000,10797.34087168,99.84000768,1,0.0,True,0,pos,883.5226285267339,0.14674576611273893,OnTrack,-555.0,8176.0,1918.0
2026-09-05 14:02:56.366,0 days 00:16:19.762000,87,64.31472222222226,0 days 00:00:10.931000,10702.0,99.0,1,0.0,True,0,car,884.2694444444443,0.14686980603028166,OnTrack,-551.7609671856193,8181.537435744244,1918.040916726772
2026-09-05 14:02:56.646,0 days 00:16:20.042000,87,63.14805555555563,0 days 00:00:11.211000,9864.0,91.0,1,0.0,True,0,car,891.3472222222221,0.14804536609953267,OnTrack,-526.159456317044,8217.817030440481,1918.9344592488605
2026-09-05 14:02:56.698,0 days 00:16:20.094000,87,63.09027806222229,0 days 00:00:11.263000,9806.057428114285,90.44285988571428,1,0.0,True,0,pos,892.6358185212689,0.14825939123596746,OnTrack,-520.0,8225.0,1919.0
2026-09-05 14:02:56.918,0 days 00:16:20.314000,87,62.84583333333339,0 days 00:00:11.483000,9560.914285714285,88.08571428571429,1,0.0,True,0,pos,898.0027643327717,0.14915079633343262,OnTrack,-484.0,8261.0,1919.0
2026-09-05 14:02:56.926,0 days 00:16:20.322000,87,62.8369444444445,0 days 00:00:11.491000,9552.0,88.0,1,0.0,False,0,car,898.1916666666665,0.14918217144122595,OnTrack,-482.31824536989757,8262.27191888568,1919.0228875731666
2026-09-05 14:02:57.086,0 days 00:16:20.482000,87,63.014722222222304,0 days 00:00:11.651000,9292.0,83.0,1,0.0,False,0,car,901.8805555555554,0.1497948652292814,OnTrack,-444.3762968725164,8285.316843826358,1919.860889797052
2026-09-05 14:02:57.118,0 days 00:16:20.514000,87,63.156944444444534,0 days 00:00:11.683000,9258.4,82.73333333333333,1,0.13333333333333333,False,0,pos,902.607602020387,0.14991562160499436,OnTrack,-437.0,8289.0,1920.0
2026-09-05 14:02:57.326,0 days 00:16:20.722000,87,64.08138888888902,0 days 00:00:11.891000,9040.0,81.0,1,1.0,False,0,car,907.2805555555553,0.1506917603527602,OnTrack,-395.61046546614494,8303.895105024068,1920.206191026769
2026-09-05 14:02:57.518,0 days 00:16:20.914000,87,65.68138888888902,0 days 00:00:12.083000,9326.4,80.2,1,28.999999999999996,False,0,pos,911.5404441804957,0.1513992924516994,OnTrack,-358.0,8311.0,1920.0
2026-09-05 14:02:57.566,0 days 00:16:20.962000,87,66.08138888888902,0 days 00:00:12.131000,9398.0,80.0,1,36.0,False,0,car,912.6138888888887,0.15157758269693677,OnTrack,-347.3651451009683,8312.79200074629,1919.983285243496
2026-09-05 14:02:57.738,0 days 00:16:21.134000,87,67.70583091555571,0 days 00:00:12.303000,9243.2002304,80.85999872,1,5.040046080000001,False,0,pos,916.4920429263632,0.1522217118532906,OnTrack,-307.0,8320.0,1920.0
2026-09-05 14:02:57.766,0 days 00:16:21.162000,87,67.97027777777794,0 days 00:00:12.331000,9218.0,81.0,1,0.0,False,0,car,917.1138888888887,0.15232499529983579,OnTrack,-300.56595385860317,8321.483172792397,1920.0041114115472
2026-09-05 14:02:57.878,0 days 00:16:21.274000,87,69.58805555555567,0 days 00:00:12.443000,8777.28,79.32,1,0.0,False,0,pos,919.5549233351871,0.15273043083523,OnTrack,-276.0,8328.0,1920.0
2026-09-05 14:02:57.966,0 days 00:16:21.362000,87,70.85916666666674,0 days 00:00:12.531000,8431.0,78.0,1,0.0,True,0,car,921.4472222222221,0.15304472595447927,OnTrack,-259.16340404170904,8332.924313432615,1919.932205819916
2026-09-05 14:02:58.158,0 days 00:16:21.554000,87,74.85916666666674,0 days 00:00:12.723000,8236.866666666667,76.93333333333334,1,0.5333333333333333,True,0,pos,925.5630273286562,0.15372832697839586,OnTrack,-223.0,8353.0,1920.0
2026-09-05 14:02:58.326,0 days 00:16:21.722000,87,78.35916666666674,0 days 00:00:12.891000,8067.0,76.0,1,1.0,False,0,car,929.0472222222221,0.1543070227949309,OnTrack,-182.35890985202255,8395.14599954206,1920.935208691009
2026-09-05 14:02:58.338,0 days 00:16:21.734000,87,78.62582764444451,0 days 00:00:12.903000,8059.125168,75.625008,1,1.5999872,False,0,pos,929.2886526034025,0.15434712237484574,OnTrack,-180.0,8398.0,1921.0
2026-09-05 14:02:58.486,0 days 00:16:21.882000,87,81.91472222222228,0 days 00:00:13.051000,7962.0,71.0,1,9.0,False,0,car,932.2027777777777,0.1548311343485687,OnTrack,-161.0418880819275,8426.471284218062,1921.613705192681
2026-09-05 14:02:58.646,0 days 00:16:22.042000,87,85.82583333333343,0 days 00:00:13.211000,8148.0,70.0,1,15.0,False,0,car,935.3138888888888,0.15534786404933837,OnTrack,-157.26307113433032,8446.2237181959,1921.9246148831228
2026-09-05 14:02:58.758,0 days 00:16:22.154000,87,88.93694444444458,0 days 00:00:13.323000,8238.533333333333,70.0,1,17.8,False,0,pos,937.4976841960706,0.1557105743015027,OnTrack,-155.0,8460.0,1922.0
2026-09-05 14:02:58.886,0 days 00:16:22.282000,87,92.49250000000018,0 days 00:00:13.451000,8342.0,70.0,1,21.0,False,0,car,939.9805555555554,0.15612295860049288,OnTrack,-151.56233378768593,8476.534285033755,1921.9521128225078
2026-09-05 14:02:59.126,0 days 00:16:22.522000,87,100.22583333333364,0 days 00:00:13.691000,8242.0,69.0,1,27.0,False,0,car,944.5805555555554,0.1568869803723452,OnTrack,-144.62563363826044,8518.451632943314,1921.9150266326733
2026-09-05 14:02:59.159,0 days 00:16:22.555000,87,101.3349978488892,0 days 00:00:13.724000,8310.80486656,69.65999872,1,28.97999616,False,0,pos,945.2296821344302,0.15699479490255133,OnTrack,-144.0,8527.0,1922.0
2026-09-05 14:02:59.326,0 days 00:16:22.722000,87,106.94805555555592,0 days 00:00:13.891000,8659.0,73.0,1,39.0,False,0,car,948.636111111111,0.1575605744465628,OnTrack,-142.2056955099924,8579.417055886777,1922.7509978839641
2026-09-05 14:02:59.398,0 days 00:16:22.794000,87,109.38805555555592,0 days 00:00:13.963000,8999.5,75.4,1,42.3,False,0,pos,950.1980514373546,0.1578199997542985,OnTrack,-142.0,8598.0,1923.0
2026-09-05 14:02:59.566,0 days 00:16:22.962000,87,115.08138888888925,0 days 00:00:14.131000,9794.0,81.0,1,50.0,False,0,car,954.0361111111109,0.1584574695700416,OnTrack,-142.67611170900017,8620.603546622147,1923.0747561520175
2026-09-05 14:02:59.658,0 days 00:16:23.054000,87,118.3269354133338,0 days 00:00:14.223000,10155.0989952,83.2999936,1,53.066658133333334,False,0,pos,956.2146311074442,0.1588193036369142,OnTrack,-144.0,8634.0,1923.0
2026-09-05 14:02:59.806,0 days 00:16:23.202000,87,123.54805555555618,0 days 00:00:14.371000,10736.0,87.0,1,58.0,False,0,car,959.8361111111109,0.1594208013693336,OnTrack,-147.84995005258742,8668.843332593047,1922.9455974311493
2026-09-05 14:02:59.838,0 days 00:16:23.234000,87,124.6413888888895,0 days 00:00:14.403000,10809.44,88.12,1,58.32,False,0,pos,960.6398960260407,0.1595543033638755,OnTrack,-149.0,8677.0,1923.0
2026-09-05 14:03:00.006,0 days 00:16:23.402000,87,130.38138888888943,0 days 00:00:14.571000,11195.0,94.0,1,60.0,False,0,car,965.058333333333,0.16028816908133983,OnTrack,-156.93320163884275,8719.183311521254,1923.759114541573
2026-09-05 14:03:00.078,0 days 00:16:23.474000,87,132.82138888888943,0 days 00:00:14.643000,11028.745454545455,97.43636363636364,1,62.78181818181818,False,0,pos,967.1321609043432,0.16063261460640926,OnTrack,-161.0,8738.0,1924.0
2026-09-05 14:03:00.298,0 days 00:16:23.694000,87,140.27693576888947,0 days 00:00:14.863000,10520.746045672728,107.93635141818181,1,71.28180829090908,False,0,pos,974.1473313497233,0.1617977761180452,OnTrack,-175.0,8799.0,1924.0
2026-09-05 14:03:00.446,0 days 00:16:23.842000,87,145.2925000000006,0 days 00:00:15.011000,10179.0,115.0,2,77.0,False,0,car,979.1138888888886,0.16262268005088854,OnTrack,-185.17578293927403,8837.923117058714,1924.3778760398038
2026-09-05 14:03:00.638,0 days 00:16:24.034000,87,151.53250000000048,0 days 00:00:15.203000,10970.04,124.6,2,85.64,False,0,pos,985.7670198664026,0.16372770981562892,OnTrack,-203.0,8903.0,1925.0
2026-09-05 14:03:00.646,0 days 00:16:24.042000,87,151.79250000000047,0 days 00:00:15.211000,11003.0,125.0,2,86.0,False,0,car,986.058333333333,0.16377609456153513,OnTrack,-203.97272843272665,8906.626540184108,1925.0113012220638
2026-09-05 14:03:00.838,0 days 00:16:24.234000,87,157.6058333333338,0 days 00:00:15.403000,11151.8,134.6,2,92.0,False,0,pos,993.4681825761095,0.16500680894145353,OnTrack,-229.0,9001.0,1925.0
2026-09-05 14:03:00.966,0 days 00:16:24.362000,87,161.48138888888934,0 days 00:00:15.531000,11251.0,141.0,2,96.0,False,0,car,998.5916666666664,0.1658577770703501,OnTrack,-237.8809662845926,9035.027252496273,1924.8852169440759
2026-09-05 14:03:01.078,0 days 00:16:24.474000,87,164.87250000000037,0 days 00:00:15.643000,11115.2,144.5,2,98.8,False,0,pos,1003.082051958046,0.16660359275004993,OnTrack,-245.0,9062.0,1925.0
2026-09-05 14:03:01.126,0 days 00:16:24.522000,87,166.32583333333366,0 days 00:00:15.691000,11057.0,146.0,2,100.0,False,0,car,1005.0805555555553,0.16693552758909827,OnTrack,-249.36042109072878,9078.242795246962,1925.175566979649
2026-09-05 14:03:01.298,0 days 00:16:24.694000,87,170.91249317333364,0 days 00:00:15.863000,11339.3662464,158.8999808,2,100.0,False,0,pos,1012.7957840077012,0.16821696291784907,OnTrack,-269.0,9152.0,1926.0
2026-09-05 14:03:01.366,0 days 00:16:24.762000,87,172.72583333333364,0 days 00:00:15.931000,11451.0,164.0,3,100.0,False,0,car,1016.0138888888886,0.16875146339466027,OnTrack,-276.566427301146,9181.913538524297,1926.0717816922195
2026-09-05 14:03:01.498,0 days 00:16:24.894000,87,175.8058273600004,0 days 00:00:16.063000,11071.972163657143,171.07141485714286,3,100.0,False,0,pos,1022.4631980698082,0.1698226400528406,OnTrack,-291.0,9241.0,1926.0
2026-09-05 14:03:01.646,0 days 00:16:25.042000,87,179.25916666666717,0 days 00:00:16.211000,10647.0,179.0,4,100.0,False,0,car,1029.9361111111107,0.17106382880560453,OnTrack,-308.1650792628915,9312.115312899161,1926.29359245393
2026-09-05 14:03:01.818,0 days 00:16:25.214000,87,183.1291609066669,0 days 00:00:16.383000,11260.4657536,185.4499904,4,100.0,False,0,pos,1038.8414820940231,0.17254293691807557,OnTrack,-328.0,9395.0,1927.0
2026-09-05 14:03:01.886,0 days 00:16:25.282000,87,184.6591666666668,0 days 00:00:16.451000,11503.0,188.0,4,100.0,False,0,car,1042.4694444444442,0.17314551131441952,OnTrack,-335.29876300169263,9425.661066933517,1927.3281572420058
2026-09-05 14:03:02.018,0 days 00:16:25.414000,87,187.29916154666688,0 days 00:00:16.583000,11162.44066048,193.27998976,4,100.0,False,0,pos,1049.7246027707768,0.1743505328186703,OnTrack,-351.0,9498.0,1928.0
2026-09-05 14:03:02.238,0 days 00:16:25.634000,87,191.699166666667,0 days 00:00:16.803000,10594.84,202.08,4,100.0,False,0,pos,1062.3351301031214,0.17644503660920294,OnTrack,-387.0,9696.0,1929.0
2026-09-05 14:03:02.286,0 days 00:16:25.682000,87,192.65916666666703,0 days 00:00:16.851000,10471.0,204.0,5,100.0,False,0,car,1065.1361111111107,0.17691025627717,OnTrack,-392.56428428826644,9728.366094025794,1929.1837392468399
2026-09-05 14:03:02.446,0 days 00:16:25.842000,87,195.59250000000043,0 days 00:00:17.011000,10673.0,213.0,5,100.0,False,0,car,1074.6027777777774,0.1784825909380834,OnTrack,-401.8676660368721,9788.138318492844,1929.69602746954
2026-09-05 14:03:02.646,0 days 00:16:26.042000,87,198.92583333333369,0 days 00:00:17.211000,11223.0,220.0,5,100.0,False,0,car,1086.8249999999996,0.1805126004768214,OnTrack,-407.4645816270476,9853.597050538106,1929.9974962600327
2026-09-05 14:03:02.658,0 days 00:16:26.054000,87,199.1091627555559,0 days 00:00:17.223000,11203.900407466666,220.3333262222222,5,100.0,False,0,pos,1087.5727440502872,0.18063679454947199,OnTrack,-408.0,9860.0,1930.0
2026-09-05 14:03:02.758,0 days 00:16:26.154000,87,200.63694444444474,0 days 00:00:17.323000,11044.733333333334,223.11111111111111,5,100.0,False,0,pos,1093.8677450782368,0.1816823419058168,OnTrack,-413.0,9921.0,1930.0
2026-09-05 14:03:03.006,0 days 00:16:26.402000,87,204.42583333333346,0 days 00:00:17.571000,10650.0,230.0,5,100.0,False,0,car,1109.8249999999998,0.18433270933608298,OnTrack,-421.6873034300882,10074.791330349579,1930.9269529465323
2026-09-05 14:03:03.018,0 days 00:16:26.414000,87,204.59916296888903,0 days 00:00:17.583000,10653.74992,230.2249952,5,100.0,False,0,pos,1110.6018974011465,0.18446174553803332,OnTrack,-422.0,10085.0,1931.0
2026-09-05 14:03:03.298,0 days 00:16:26.694000,87,208.6436074133337,0 days 00:00:17.863000,10741.24992,235.4749952,5,100.0,False,0,pos,1128.9247252586738,0.1875050149739143,OnTrack,-427.0,10378.0,1933.0
2026-09-05 14:03:03.326,0 days 00:16:26.722000,87,209.04805555555595,0 days 00:00:17.891000,10750.0,236.0,6,100.0,False,0,car,1130.8027777777775,0.18781694388984418,OnTrack,-427.2211430249231,10400.628258681189,1933.1540060434727
2026-09-05 14:03:03.606,0 days 00:16:27.002000,87,212.3147222222226,0 days 00:00:18.171000,11067.0,248.0,6,100.0,False,0,car,1150.0916666666665,0.19102066803461618,OnTrack,-426.44215367479404,10525.53894512317,1933.9432027214018
2026-09-05 14:03:03.738,0 days 00:16:27.134000,87,213.6347196622224,0 days 00:00:18.303000,11257.299630933334,251.84999253333334,6,100.0,False,0,pos,1159.3901972114538,0.19256507668297518,OnTrack,-424.0,10597.0,1934.0
2026-09-05 14:03:03.778,0 days 00:16:27.174000,87,214.03471966222233,0 days 00:00:18.343000,11314.9662976,253.0166592,6,100.0,False,0,pos,1162.231779667061,0.19303703991397456,OnTrack,-423.0,10625.0,1934.0
2026-09-05 14:03:03.846,0 days 00:16:27.242000,87,214.71472222222224,0 days 00:00:18.411000,11413.0,255.0,6,100.0,False,0,car,1167.0916666666667,0.19384422675667906,OnTrack,-421.26399025884285,10671.863202951612,1934.1662424929375
2026-09-05 14:03:03.998,0 days 00:16:27.394000,87,216.06583333333333,0 days 00:00:18.563000,11550.75,258.325,6,100.0,False,0,pos,1178.0877632726542,0.19567058702023685,OnTrack,-416.0,10781.0,1935.0
2026-09-05 14:03:04.166,0 days 00:16:27.562000,87,217.55916666666667,0 days 00:00:18.731000,11703.0,262.0,6,100.0,False,0,car,1190.3805555555557,0.1977123176595835,OnTrack,-404.3757459873679,10939.340880833135,1935.6310685666892
2026-09-05 14:03:04.326,0 days 00:16:27.722000,87,218.8036111111112,0 days 00:00:18.891000,11003.0,265.0,6,100.0,False,0,car,1202.1583333333333,0.1996685086696401,OnTrack,-391.2863733638653,11093.187294745447,1935.9411180372742
2026-09-05 14:03:04.378,0 days 00:16:27.774000,87,219.16472044444447,0 days 00:00:18.943000,10857.66071552,266.03999488,6,100.0,False,0,pos,1206.0176415674598,0.2003095076946752,OnTrack,-388.0,11131.0,1936.0
2026-09-05 14:03:04.526,0 days 00:16:27.922000,87,220.19249999999988,0 days 00:00:19.091000,10444.0,269.0,7,100.0,False,0,car,1217.1027777777779,0.20215065669655158,OnTrack,-381.330233444191,11205.109160131784,1936.0563110158248
2026-09-05 14:03:04.758,0 days 00:16:28.154000,87,221.5458333333333,0 days 00:00:19.323000,10645.066666666668,273.8333333333333,7,100.0,False,0,pos,1234.7584101939954,0.20508311051433664,OnTrack,-362.0,11340.0,1936.0
2026-09-05 14:03:04.766,0 days 00:16:28.162000,87,221.59249999999997,0 days 00:00:19.331000,10652.0,274.0,7,100.0,False,0,car,1235.3694444444445,0.20518459822535637,OnTrack,-360.63879529510683,11348.582115327152,1936.0004627980143
2026-09-05 14:03:04.938,0 days 00:16:28.334000,87,222.5480541333331,0 days 00:00:19.503000,10742.2998656,275.4333312,7,100.0,False,0,pos,1248.525195035998,0.20736965906818364,OnTrack,-325.0,11566.0,1936.0
2026-09-05 14:03:05.006,0 days 00:16:28.402000,87,222.925833333333,0 days 00:00:19.571000,10778.0,276.0,7,100.0,False,0,car,1253.7694444444446,0.2082406853127656,OnTrack,-313.6804713440617,11630.22492950743,1935.9314100996028
2026-09-05 14:03:05.206,0 days 00:16:28.602000,87,223.75916666666626,0 days 00:00:19.771000,10884.0,281.0,7,100.0,False,0,car,1269.3805555555557,0.21083356113269913,OnTrack,-293.4378804080647,11721.292196816486,1935.5384105049216
2026-09-05 14:03:05.358,0 days 00:16:28.754000,87,224.2658333333328,0 days 00:00:19.923000,10990.4,283.28,7,100.0,False,0,pos,1281.354026406492,0.2128222551359066,OnTrack,-273.0,11795.0,1936.0
2026-09-05 14:03:05.406,0 days 00:16:28.802000,87,224.42583333333278,0 days 00:00:19.971000,11024.0,284.0,7,100.0,False,0,car,1285.1583333333335,0.2134541189008882,OnTrack,-264.2115247361607,11827.149144064804,1936.3572867919625
2026-09-05 14:03:05.559,0 days 00:16:28.955000,87,224.76583319111057,0 days 00:00:20.124000,11095.582112914286,286.18571337142856,7,100.0,False,0,pos,1297.3698899898118,0.21548235697779194,OnTrack,-230.0,11947.0,1937.0
2026-09-05 14:03:05.639,0 days 00:16:29.035000,87,224.94361096888835,0 days 00:00:20.204000,11133.010684342857,287.32857051428573,7,100.0,False,0,pos,1303.7865015233174,0.2165481028284695,OnTrack,-210.0,12008.0,1936.0
2026-09-05 14:03:05.686,0 days 00:16:29.082000,87,225.04805555555504,0 days 00:00:20.251000,11155.0,288.0,7,100.0,False,0,car,1307.5583333333336,0.21717457274642984,OnTrack,-198.31450534173163,12042.567646729569,1935.642074961455
2026-09-05 14:03:05.978,0 days 00:16:29.374000,87,225.53472179555501,0 days 00:00:20.543000,11277.2748928,289.8249984,7,100.0,False,0,pos,1331.0645835777889,0.22107876556411948,OnTrack,-114.0,12263.0,1937.0
2026-09-05 14:03:06.006,0 days 00:16:29.402000,87,225.58138888888834,0 days 00:00:20.571000,11289.0,290.0,7,100.0,False,0,car,1333.3361111111114,0.22145604740995,OnTrack,-102.26152430690902,12289.365919605329,1936.9954729576934
2026-09-05 14:03:06.218,0 days 00:16:29.614000,87,225.75805538913724,0 days 00:00:20.783000,11365.531048240611,293.51866888462575,7,100.0,False,0,pos,1350.644393244855,0.22433080923245918,OnTrack,-3.0,12498.0,1936.0
2026-09-05 14:03:06.247,0 days 00:16:29.643000,87,225.78222222222166,0 days 00:00:20.812000,11376.0,294.0,7,100.0,False,0,car,1353.017777777778,0.22472500867944414,OnTrack,8.080347713748834,12520.148276146716,1935.8832585297719
2026-09-05 14:03:06.486,0 days 00:16:29.882000,87,225.78222222222212,0 days 00:00:21.051000,11440.0,295.0,7,100.0,False,0,car,1372.6025,0.22797786828236963,OnTrack,75.57558835168685,12641.941992322445,1935.6446638673074
2026-09-05 14:03:06.558,0 days 00:16:29.954000,87,225.72222222222203,0 days 00:00:21.123000,11448.7,295.6,7,100.0,False,0,pos,1378.5264387264663,0.22896178527413902,OnTrack,101.0,12683.0,1936.0
2026-09-05 14:03:06.698,0 days 00:16:30.094000,87,225.60555576888854,0 days 00:00:21.263000,11465.616635733333,296.7666645333333,7,100.0,False,0,pos,1390.084386897821,0.23088146441345545,OnTrack,163.0,12780.0,1937.0
2026-09-05 14:03:06.726,0 days 00:16:30.122000,87,225.58222222222184,0 days 00:00:21.291000,11469.0,297.0,7,100.0,False,0,car,1392.4025000000001,0.2312664837351252,OnTrack,175.97763447257304,12799.593185595086,1937.0304884053564
2026-09-05 14:03:06.918,0 days 00:16:30.314000,87,225.26222222222214,0 days 00:00:21.483000,11517.0,298.6,7,100.0,False,0,pos,1408.3475653962535,0.2339148265865048,OnTrack,267.0,12929.0,1936.0
2026-09-05 14:03:06.966,0 days 00:16:30.362000,87,225.1822222222222,0 days 00:00:21.531000,11529.0,299.0,7,100.0,False,0,car,1412.3358333333333,0.23457724474648517,OnTrack,290.88794543140557,12960.47231260016,1935.9095857972286
2026-09-05 14:03:07.166,0 days 00:16:30.562000,87,224.84888888888872,0 days 00:00:21.731000,11539.0,299.0,7,100.0,False,0,car,1428.9469444444446,0.23733621225595183,OnTrack,395.95688142766244,13088.315118979506,1936.6178328719398
2026-09-05 14:03:07.238,0 days 00:16:30.634000,87,224.68888888888875,0 days 00:00:21.803000,11575.36,299.36,7,100.0,False,0,pos,1434.9389381570834,0.23833143261535575,OnTrack,436.0,13133.0,1937.0
2026-09-05 14:03:07.366,0 days 00:16:30.762000,87,224.40444444444438,0 days 00:00:21.931000,11640.0,300.0,7,100.0,False,0,car,1445.6136111111111,0.24010440708150363,OnTrack,510.0587697666759,13210.64159932109,1937.691930842078
2026-09-05 14:03:07.458,0 days 00:16:30.854000,87,224.1488896,0 days 00:00:22.023000,11598.6001152,300.5749984,7,100.0,False,0,pos,1453.3044080881618,0.2413817845452781,OnTrack,564.0,13264.0,1938.0
2026-09-05 14:03:07.526,0 days 00:16:30.922000,87,223.96000000000004,0 days 00:00:22.091000,11568.0,301.0,7,100.0,False,0,car,1458.9913888888889,0.24232634479481321,OnTrack,603.6069904834469,13301.699625891371,1938.0434806131454
2026-09-05 14:03:07.658,0 days 00:16:31.054000,87,223.59333404444442,0 days 00:00:22.223000,11620.13989888,301.0,7,100.0,False,0,pos,1470.0238387918737,0.2441587430388894,OnTrack,688.0,13377.0,1938.0
2026-09-05 14:03:07.726,0 days 00:16:31.122000,87,223.40444444444438,0 days 00:00:22.291000,11647.0,301.0,7,100.0,False,0,car,1475.713611111111,0.24510376693645022,OnTrack,741.797230892065,13421.904825827349,1938.1645023538733
2026-09-05 14:03:07.898,0 days 00:16:31.294000,87,222.926667377778,0 days 00:00:22.463000,11668.499968,301.7166656,7,100.0,False,0,pos,1490.1408570873275,0.2475000125959497,OnTrack,898.0,13544.0,1939.0
2026-09-05 14:03:07.966,0 days 00:16:31.362000,87,222.7377777777781,0 days 00:00:22.531000,11677.0,302.0,7,100.0,False,0,car,1495.8469444444443,0.24844774628571678,OnTrack,959.4118292804327,13588.296108849936,1939.3640480017484
2026-09-05 14:03:08.166,0 days 00:16:31.562000,87,222.23777777777786,0 days 00:00:22.731000,11680.0,302.0,7,100.0,False,0,car,1512.6247222222223,0.25123439574343903,OnTrack,1132.665272511896,13701.868499196935,1940.4680379883284
2026-09-05 14:03:08.278,0 days 00:16:31.674000,87,221.95777777777795,0 days 00:00:22.843000,11677.9,302.35,7,100.0,False,0,pos,1522.041966925499,0.25279852182695295,OnTrack,1213.0,13751.0,1941.0
2026-09-05 14:03:08.486,0 days 00:16:31.882000,87,221.43777777777814,0 days 00:00:23.051000,11674.0,303.0,7,100.0,False,0,car,1539.5580555555555,0.2557077985815307,OnTrack,1322.1583062500117,13812.228556595603,1941.7476457021712
2026-09-05 14:03:08.678,0 days 00:16:32.074000,87,221.01111111111135,0 days 00:00:23.243000,11684.08,303.0,7,100.0,False,0,pos,1555.712006337788,0.25839083555958636,OnTrack,1428.0,13866.0,1942.0
2026-09-05 14:03:08.758,0 days 00:16:32.154000,87,220.8333333333335,0 days 00:00:23.323000,11688.28,303.0,7,100.0,False,0,pos,1562.442036178952,0.2595086375865136,OnTrack,1488.0,13896.0,1942.0
2026-09-05 14:03:08.886,0 days 00:16:32.282000,87,220.548888888889,0 days 00:00:23.451000,11695.0,303.0,7,100.0,False,0,car,1573.2247222222222,0.2612995521291454,OnTrack,1617.0404557481772,13953.194587613922,1942.715293494849
2026-09-05 14:03:09.118,0 days 00:16:32.514000,87,220.03333333333336,0 days 00:00:23.683000,11732.7,303.725,7,100.0,False,0,pos,1592.8117270941752,0.2645527908612213,OnTrack,1862.0,14051.0,1945.0
2026-09-05 14:03:09.206,0 days 00:16:32.602000,87,219.83777777777777,0 days 00:00:23.771000,11747.0,304.0,7,100.0,False,0,car,1600.2469444444446,0.26578771867297346,OnTrack,1909.8632535162299,14068.778158729216,1945.4181995520735
2026-09-05 14:03:09.378,0 days 00:16:32.774000,87,219.4555561244448,0 days 00:00:23.943000,11756.3166528,304.0,7,100.0,False,0,pos,1614.7777705536857,0.26820116813176914,OnTrack,1974.0,14088.0,1946.0
2026-09-05 14:03:09.446,0 days 00:16:32.842000,87,219.30444444444493,0 days 00:00:24.011000,11760.0,304.0,7,100.0,False,0,car,1620.513611111111,0.26915384358084443,OnTrack,2014.9368795934683,14099.38762695523,1946.4545834235648
2026-09-05 14:03:09.606,0 days 00:16:33.002000,87,219.03777777777827,0 days 00:00:24.171000,11686.0,303.0,7,100.0,False,0,car,1633.9802777777777,0.2713905449998903,OnTrack,2149.318639163729,14135.846201165697,1948.0442806058954
2026-09-05 14:03:09.778,0 days 00:16:33.174000,87,218.84666695111144,0 days 00:00:24.343000,11652.6750496,302.4625008,7,100.0,False,0,pos,1648.4210652144307,0.27378903978343244,OnTrack,2301.0,14173.0,1949.0
2026-09-05 14:03:09.858,0 days 00:16:33.254000,87,218.75777806222249,0 days 00:00:24.423000,11637.1750496,302.2125008,7,100.0,False,0,pos,1655.1276652586434,0.2749029503157986,OnTrack,2367.0,14187.0,1949.0
2026-09-05 14:03:09.926,0 days 00:16:33.322000,87,218.68222222222244,0 days 00:00:24.491000,11624.0,302.0,7,100.0,False,0,car,1660.8247222222221,0.2758491841322458,OnTrack,2431.804716398545,14199.708350718958,1949.2741717276062
2026-09-05 14:03:10.178,0 days 00:16:33.574000,87,218.54222236444465,0 days 00:00:24.743000,11626.624997333332,301.47500053333334,7,100.0,False,0,pos,1681.9086335760435,0.2793510465909682,OnTrack,2697.0,14247.0,1952.0
2026-09-05 14:03:10.406,0 days 00:16:33.802000,87,218.41555555555578,0 days 00:00:24.971000,11629.0,301.0,7,100.0,False,0,car,1700.9580555555556,0.28251499727217455,OnTrack,2830.3216341924062,14267.495436483829,1953.7334622403107
2026-09-05 14:03:10.458,0 days 00:16:33.854000,87,218.40111118222245,0 days 00:00:25.023000,11627.7000064,301.0,7,100.0,False,0,pos,1705.3005951231428,0.28323625700581945,OnTrack,2863.0,14272.0,1954.0
2026-09-05 14:03:10.686,0 days 00:16:34.082000,87,218.337777777778,0 days 00:00:25.251000,11622.0,301.0,7,100.0,False,0,car,1724.3691666666668,0.2864033882704664,OnTrack,3049.9618304497726,14296.626190357507,1954.7709020107254
2026-09-05 14:03:10.738,0 days 00:16:34.134000,87,218.29444465777797,0 days 00:00:25.303000,11649.9498624,301.6499968,7,100.0,False,0,pos,1728.7402458156334,0.28712938819140127,OnTrack,3095.0,14302.0,1955.0
2026-09-05 14:03:10.846,0 days 00:16:34.242000,87,218.20444444444456,0 days 00:00:25.411000,11708.0,303.0,7,100.0,False,0,car,1737.8358333333335,0.28864008968951227,OnTrack,3186.5665285882383,14312.009717868634,1955.6308365679836
2026-09-05 14:03:11.018,0 days 00:16:34.414000,87,218.1088890311112,0 days 00:00:25.583000,11714.688878933333,303.0,7,100.0,False,0,pos,1752.3095524867338,0.29104405415752826,OnTrack,3346.0,14327.0,1957.0
2026-09-05 14:03:11.206,0 days 00:16:34.602000,87,218.00444444444452,0 days 00:00:25.771000,11722.0,303.0,7,100.0,False,0,car,1768.1358333333335,0.29367266788236546,OnTrack,3575.5810931390697,14346.410523789657,1958.8613726783944
2026-09-05 14:03:11.338,0 days 00:16:34.734000,87,216.75778019555568,0 days 00:00:25.903000,11728.966653155556,303.36666595555556,7,100.0,False,0,pos,1779.2695151739765,0.29552187991000195,OnTrack,3716.0,14358.0,1960.0
2026-09-05 14:03:11.566,0 days 00:16:34.962000,87,214.60444444444465,0 days 00:00:26.131000,11741.0,304.0,7,100.0,False,0,car,1798.5358333333334,0.29872185524417194,OnTrack,3836.930891981535,14368.248389419006,1961.0683865020897
2026-09-05 14:03:11.758,0 days 00:16:35.154000,87,209.37777777777805,0 days 00:00:26.323000,11759.327272727272,304.43636363636364,7,100.0,False,0,pos,1814.785002733017,0.30142070724327513,OnTrack,3952.0,14378.0,1962.0
2026-09-05 14:03:11.999,0 days 00:16:35.395000,87,202.8172239644448,0 days 00:00:26.564000,11782.331812072727,304.98409076363635,7,100.0,False,0,pos,1835.2193051478603,0.30481467505578697,OnTrack,4231.0,14401.0,1964.0
2026-09-05 14:03:12.006,0 days 00:16:35.402000,87,202.626666666667,0 days 00:00:26.571000,11783.0,305.0,7,100.0,False,0,car,1835.8136111111112,0.3049133843373229,OnTrack,4239.1081477086855,14401.653440593102,1964.0550402160645
2026-09-05 14:03:12.246,0 days 00:16:35.642000,87,193.96000000000026,0 days 00:00:26.811000,11785.0,306.0,7,100.0,False,0,car,1856.213611111111,0.3083016548037983,OnTrack,4487.250836788124,14420.958452267314,1965.6114220543573
2026-09-05 14:03:13.318,0 days 00:16:36.714000,87,137.38222222222248,0 days 00:00:27.883000,11836.614814814815,306.9925925925926,7,100.0,False,0,pos,1947.63123533742,0.3234853624646489,OnTrack,5135.0,14457.0,1967.0
2026-09-05 14:03:13.326,0 days 00:16:36.722000,87,136.96000000000026,0 days 00:00:27.891000,11837.0,307.0,7,100.0,False,0,car,1948.313611111111,0.32359869940979763,OnTrack,5139.678457591434,14457.21263228799,1967.0008453263686
2026-09-05 14:03:13.718,0 days 00:16:37.114000,87,115.07333333333345,0 days 00:00:28.283000,11837.0,307.0,7,103.92,False,0,pos,1981.7425159886986,0.3291509627001577,OnTrack,5390.0,14468.0,1967.0
2026-09-05 14:03:13.726,0 days 00:16:37.122000,87,114.62666666666678,0 days 00:00:28.291000,11837.0,307.0,7,104.0,True,0,car,1982.4247222222223,0.3292642714860937,OnTrack,5395.978499177493,14468.233983855078,1966.99950785218
2026-09-05 14:03:13.886,0 days 00:16:37.282000,87,105.69333333333361,0 days 00:00:28.451000,11837.0,307.0,7,104.0,True,0,car,1996.0691666666667,0.33153050031661213,OnTrack,5524.688021835741,14473.070807538015,1966.9881484790162
2026-09-05 14:03:13.998,0 days 00:16:37.394000,87,99.40888888888927,0 days 00:00:28.563000,11837.0,307.0,7,104.0,True,0,pos,2005.6202929007711,0.3331168630097785,OnTrack,5628.0,14477.0,1967.0
2026-09-05 14:03:14.126,0 days 00:16:37.522000,87,92.22666666666714,0 days 00:00:28.691000,11837.0,307.0,7,104.0,True,0,car,2016.5358333333331,0.33492984356238975,OnTrack,5760.504965269186,14482.24570503412,1967.0414805416888
2026-09-05 14:03:14.198,0 days 00:16:37.594000,87,88.34666666666716,0 days 00:00:28.763000,11837.0,307.0,7,104.0,True,0,pos,2022.675828727051,0.33594964577105785,OnTrack,5832.0,14485.0,1967.0
2026-09-05 14:03:14.566,0 days 00:16:37.962000,87,68.51555555555615,0 days 00:00:29.131000,11837.0,307.0,7,104.0,True,0,car,2054.0580555555553,0.3411619728463154,OnTrack,6114.782467493512,14494.446901301419,1965.9938951841032
2026-09-05 14:03:14.618,0 days 00:16:38.014000,87,65.77112462222284,0 days 00:00:29.183000,11837.0,307.0,7,104.0,True,0,pos,2058.492478395502,0.34189849362790636,OnTrack,6156.0,14496.0,1966.0
2026-09-05 14:03:14.726,0 days 00:16:38.122000,87,60.071111111111804,0 days 00:00:29.291000,11837.0,307.0,7,104.0,True,0,car,2067.7025,0.34342820167683386,OnTrack,6247.2822432753555,14499.764257919023,1966.1776079108058
2026-09-05 14:03:14.778,0 days 00:16:38.174000,87,57.3700132977785,0 days 00:00:29.343000,11837.0,307.0,7,104.0,True,0,pos,2072.1369225365474,0.34416472240803264,OnTrack,6292.0,14502.0,1966.0
2026-09-05 14:03:14.878,0 days 00:16:38.274000,87,52.17555555555633,0 days 00:00:29.443000,11837.0,307.0,7,104.0,True,0,pos,2080.6647221090357,0.3455811190470271,OnTrack,6376.0,14507.0,1965.0
2026-09-05 14:03:15.086,0 days 00:16:38.482000,87,41.371111111111986,0 days 00:00:29.651000,11837.0,307.0,7,104.0,True,0,car,2098.4024999999997,0.3485272165455003,OnTrack,6523.331292349791,14516.98676595215,1964.3113586725544
2026-09-05 14:03:15.218,0 days 00:16:38.614000,87,34.58779093333425,0 days 00:00:29.783000,11837.0,307.0,7,104.0,True,0,pos,2109.659144852277,0.3503968517074892,OnTrack,6644.0,14553.0,1964.0
2026-09-05 14:03:15.378,0 days 00:16:38.774000,87,26.36556871111208,0 days 00:00:29.943000,11837.0,307.0,7,104.0,True,0,pos,2123.303589281757,0.35266308053552214,OnTrack,6830.0,14640.0,1963.0
2026-09-05 14:03:15.406,0 days 00:16:38.802000,87,24.926666666667643,0 days 00:00:29.971000,11837.0,307.0,7,104.0,True,0,car,2125.6913888888885,0.3530596742065371,OnTrack,6853.954611803556,14654.631499736968,1962.8191381633726
2026-09-05 14:03:15.806,0 days 00:16:39.202000,87,5.260000000001128,0 days 00:00:30.371000,11837.0,307.0,7,104.0,True,0,car,2159.8024999999993,0.35872524628283314,OnTrack,6964.217864992908,14854.207639916824,1961.0145497914014
2026-09-05 14:03:15.818,0 days 00:16:39.214000,87,12.684108282312218,0 days 00:00:30.383000,11837.0,307.0,7,104.0,True,0,pos,2160.825811502317,0.3588952098191717,OnTrack,6972.0,14864.0,1961.0
2026-09-05 14:03:15.978,0 days 00:16:39.374000,87,111.67433050453415,0 days 00:00:30.543000,11837.0,307.0,7,104.0,True,0,pos,2174.470255946888,0.3611614386497112,OnTrack,7101.0,15003.0,1961.0
2026-09-05 14:03:16.006,0 days 00:16:39.402000,18,128.99777777777854,0 days 00:00:30.571000,11837.0,307.0,7,104.0,True,0,car,2176.858055555555,0.36155803232098116,OnTrack,7116.431704343647,15018.697466764535,1961.0065459983953
2026-09-05 14:03:16.358,0 days 00:16:39.754000,18,118.0466666666676,0 days 00:00:30.923000,11837.0,307.0,7,104.0,True,0,pos,2206.8758333328456,0.3665437357480409,OnTrack,7108.0,15001.0,1961.0
2026-09-05 14:03:16.366,0 days 00:16:39.762000,18,117.79777777777872,0 days 00:00:30.931000,11837.0,307.0,7,104.0,True,0,car,2207.558055555555,0.3666570471896476,OnTrack,7107.445696859786,15000.30775827939,1960.9997210323836
2026-09-05 14:03:16.526,0 days 00:16:39.922000,18,113.04222222222324,0 days 00:00:31.091000,11837.0,307.0,7,104.0,True,0,car,2221.2024999999994,0.36892327602016606,OnTrack,7106.99651242316,14998.941045573625,1960.999170258584
2026-09-05 14:03:16.618,0 days 00:16:40.014000,18,110.384451840001,0 days 00:00:31.183000,11837.0,307.0,7,104.0,True,0,pos,2229.0480336801556,0.37022635396439213,OnTrack,7109.0,15001.0,1961.0
2026-09-05 14:03:16.806,0 days 00:16:40.202000,18,104.95333333333429,0 days 00:00:31.371000,11837.0,307.0,7,104.0,True,0,car,2245.080277777777,0.3728891764735733,OnTrack,7109.030535578566,15001.031380965647,1961.0000126463005
2026-09-05 14:03:16.818,0 days 00:16:40.214000,18,104.6233403733343,0 days 00:00:31.383000,11837.0,307.0,7,104.0,True,0,pos,2246.103589306781,0.37305914001434426,OnTrack,7109.0,15001.0,1961.0
2026-09-05 14:03:17.038,0 days 00:16:40.434000,18,98.57333333333449,0 days 00:00:31.603000,11837.0,307.0,7,104.0,True,0,pos,2264.86472293057,0.3761752083954758,OnTrack,7109.0,15001.0,1961.0
2026-09-05 14:03:17.126,0 days 00:16:40.522000,18,96.15333333333456,0 days 00:00:31.691000,11837.0,307.0,7,104.0,True,0,car,2272.369166666666,0.3774216341346101,OnTrack,7109.007399228375,15001.007604460532,1961.0000030670838
2026-09-05 14:03:17.198,0 days 00:16:40.594000,18,94.23333333333449,0 days 00:00:31.763000,11837.0,307.0,7,104.0,True,0,pos,2278.509165411662,0.37844143689989757,OnTrack,7109.0,15001.0,1961.0
2026-09-05 14:03:17.486,0 days 00:16:40.882000,18,86.5533333333342,0 days 00:00:32.051000,11837.0,307.0,7,104.0,True,0,car,2303.069166666666,0.38252064900327665,OnTrack,7108.999852860198,15000.999847440964,1960.9999999295721
2026-09-05 14:03:17.498,0 days 00:16:40.894000,18,86.24000668444532,0 days 00:00:32.063000,11837.0,307.0,7,104.0,True,0,pos,2304.092479197441,0.38269061271043336,OnTrack,7109.0,15001.0,1961.0
2026-09-05 14:03:17.726,0 days 00:16:41.122000,18,80.28666666666777,0 days 00:00:32.291000,11837.0,307.0,7,104.0,True,0,car,2323.5358333333324,0.3859199922490542,OnTrack,7109.000007712327,15001.000014965679,1961.000000052842
2026-09-05 14:03:17.738,0 days 00:16:41.134000,18,79.98667306666778,0 days 00:00:32.303000,11837.0,307.0,7,104.0,True,0,pos,2324.5591396949712,0.38608995493156884,OnTrack,7109.0,15001.0,1961.0
2026-09-05 14:03:17.898,0 days 00:16:41.294000,18,75.98667306666778,0 days 00:00:32.463000,11837.0,307.0,7,104.0,True,0,pos,2338.203466828383,0.38835616427769964,OnTrack,7109.0,15001.0,1961.0
2026-09-05 14:03:18.006,0 days 00:16:41.402000,18,73.28666666666777,0 days 00:00:32.571000,11837.0,307.0,7,104.0,True,0,car,2347.41361111111,0.38988589270246143,OnTrack,7108.998751630367,15000.999362585782,1961.0000040354498
2026-09-05 14:03:18.206,0 days 00:16:41.602000,18,68.0644444444456,0 days 00:00:32.771000,11837.0,307.0,7,104.0,True,0,car,2364.469166666666,0.39271867874060945,OnTrack,7108.99471140603,15000.997244216369,1961.000016704784
2026-09-05 14:03:18.358,0 days 00:16:41.754000,18,64.05333333333479,0 days 00:00:32.923000,11837.0,307.0,7,104.0,True,0,pos,2377.429069384149,0.394871210879141,OnTrack,7109.0,15001.0,1961.0
2026-09-05 14:03:18.406,0 days 00:16:41.802000,18,62.786666666668225,0 days 00:00:32.971000,11837.0,307.0,7,104.0,True,0,car,2381.524722222221,0.39555146477875747,OnTrack,7109.00371217708,15001.001938457606,1960.9999883035707
2026-09-05 14:03:18.559,0 days 00:16:41.955000,18,58.53666844444562,0 days 00:00:33.124000,11837.0,307.0,7,104.0,True,0,pos,2394.595510561119,0.3977224140974947,OnTrack,7109.0,15001.0,1961.0
2026-09-05 14:03:18.739,0 days 00:16:42.135000,18,53.53666844444516,0 days 00:00:33.304000,11837.0,307.0,7,104.0,True,0,pos,2409.936469164311,0.4002704198309563,OnTrack,7109.0,15001.0,1961.0
2026-09-05 14:03:18.766,0 days 00:16:42.162000,18,52.786666666667315,0 days 00:00:33.331000,11837.0,307.0,7,104.0,True,0,car,2412.2247222222218,0.400650479647424,OnTrack,7109.051390448458,15001.02684505035,1960.999838144771
2026-09-05 14:03:18.879,0 days 00:16:42.275000,18,49.33389084444511,0 days 00:00:33.444000,11837.0,307.0,7,104.0,True,0,pos,2421.764061903696,0.4022348846921503,OnTrack,7109.0,15001.0,1961.0
2026-09-05 14:03:19.118,0 days 00:16:42.514000,18,42.031111111111805,0 days 00:00:33.683000,11837.0,307.0,7,104.0,True,0,pos,2442.0964987307193,0.4056119334770758,OnTrack,7109.0,15001.0,1961.0
2026-09-05 14:03:19.166,0 days 00:16:42.562000,18,40.564444444445144,0 days 00:00:33.731000,11837.0,307.0,7,104.0,True,0,car,2446.3358333333326,0.40631605172372004,OnTrack,7112.930999033884,15003.05345373658,1960.987619246862
2026-09-05 14:03:19.327,0 days 00:16:42.723000,18,35.466111111111786,0 days 00:00:33.892000,11837.0,307.0,7,104.0,True,0,car,2460.065555555555,0.4085964444844292,OnTrack,7138.463215369945,15016.528770693347,1960.9115378701958
2026-09-05 14:03:19.478,0 days 00:16:42.874000,18,36.09527804444483,0 days 00:00:34.043000,10961.1996288,222.69163093333333,7,101.48333226666666,True,0,pos,2467.8299314238593,0.40988604279056606,OnTrack,7162.0,15034.0,1961.0
2026-09-05 14:03:19.567,0 days 00:16:42.963000,18,36.46611111111133,0 days 00:00:34.132000,10445.0,173.0,7,100.0,False,0,car,2471.5988888888883,0.41051203530371105,OnTrack,7171.256231214947,15045.389496525839,1961.1767258141185
2026-09-05 14:03:19.718,0 days 00:16:43.114000,18,37.05333358222248,0 days 00:00:34.283000,10595.370897066667,174.8875008,7,100.0,False,0,pos,2478.812452624833,0.4117101482921689,OnTrack,7265.0,15080.0,1961.0
2026-09-05 14:03:19.807,0 days 00:16:43.203000,18,37.399444444444725,0 days 00:00:34.372000,10684.0,176.0,5,100.0,False,0,car,2483.332222222222,0.4124608444608996,OnTrack,7439.635037358499,15120.890370342999,1960.0270383912432
2026-09-05 14:03:19.998,0 days 00:16:43.394000,18,37.61166668094878,0 days 00:00:34.563000,11163.497940218125,186.38912203805938,5,100.0,False,0,pos,2493.321593438479,0.4141199960035812,OnTrack,7921.0,15225.0,1957.0
2026-09-05 14:03:20.046,0 days 00:16:43.442000,18,37.66500000000042,0 days 00:00:34.611000,11284.0,189.0,4,100.0,False,0,car,2495.8797222222215,0.41454487993531625,OnTrack,7997.084631771011,15242.432730046356,1956.4778879922214
2026-09-05 14:03:20.378,0 days 00:16:43.774000,18,37.572777848889814,0 days 00:00:34.943000,10974.133572266666,196.3777720888889,4,100.0,False,0,pos,2514.0148398693004,0.4175569722652012,OnTrack,8127.0,15285.0,1955.0
2026-09-05 14:03:20.406,0 days 00:16:43.802000,18,37.565000000000964,0 days 00:00:34.971000,10948.0,197.0,4,100.0,False,0,car,2515.5797222222213,0.41781688621911844,OnTrack,8132.308040747039,15287.123070869558,1954.8983276173692
2026-09-05 14:03:20.678,0 days 00:16:44.074000,18,37.0361111111119,0 days 00:00:35.243000,10625.927272727273,202.56363636363636,4,100.0,False,0,pos,2531.060708486329,0.420388149383363,OnTrack,8212.0,15312.0,1954.0
2026-09-05 14:03:20.846,0 days 00:16:44.242000,18,36.709444444445126,0 days 00:00:35.411000,10427.0,206.0,5,100.0,False,0,car,2540.7574999999993,0.42199870586891874,OnTrack,8301.477690605774,15338.885138352003,1954.0092086306788
2026-09-05 14:03:20.898,0 days 00:16:44.294000,18,36.59388945777849,0 days 00:00:35.463000,10467.55980032,206.77999616,5,100.0,False,0,pos,2543.766624228431,0.42249849639603404,OnTrack,8331.0,15348.0,1954.0
2026-09-05 14:03:21.046,0 days 00:16:44.442000,18,36.26500000000078,0 days 00:00:35.611000,10583.0,209.0,5,100.0,False,0,car,2552.36861111111,0.42392721493071983,OnTrack,8413.064281564619,15374.300729958914,1953.7850800903807
2026-09-05 14:03:21.238,0 days 00:16:44.634000,18,35.73166666666735,0 days 00:00:35.803000,10669.4,211.88,5,100.0,False,0,pos,2563.672653274166,0.4258047223921352,OnTrack,8518.0,15410.0,1953.0
2026-09-05 14:03:21.246,0 days 00:16:44.642000,18,35.709444444445126,0 days 00:00:35.811000,10673.0,212.0,5,100.0,False,0,car,2564.146388888888,0.42588340594077645,OnTrack,8522.41934713653,15411.549985494,1952.9521633672816
2026-09-05 14:03:21.398,0 days 00:16:44.794000,18,35.32944444444504,0 days 00:00:35.963000,10811.225,213.425,5,100.0,False,0,pos,2573.182812181101,0.42738428075271634,OnTrack,8607.0,15442.0,1952.0
2026-09-05 14:03:21.566,0 days 00:16:44.962000,18,34.909444444444944,0 days 00:00:36.131000,10964.0,215.0,5,100.0,False,0,car,2583.2574999999993,0.4290576026740759,OnTrack,8701.134408367085,15478.06366935578,1951.8305604810794
2026-09-05 14:03:21.678,0 days 00:16:45.074000,18,34.598333333333905,0 days 00:00:36.243000,11038.666666666666,216.86666666666667,5,100.0,False,0,pos,2590.030316855582,0.4301825112685179,OnTrack,8764.0,15503.0,1952.0
2026-09-05 14:03:21.806,0 days 00:16:45.202000,18,34.24277777777843,0 days 00:00:36.371000,11124.0,219.0,5,100.0,False,0,car,2597.857499999999,0.4314825413412593,OnTrack,8835.872851800681,15531.950316219356,1952.2030204946159
2026-09-05 14:03:21.878,0 days 00:16:45.274000,18,33.98277777777853,0 days 00:00:36.443000,11191.8,220.8,5,100.0,False,0,pos,2602.31769566993,0.4322233427757263,OnTrack,8877.0,15548.0,1952.0
2026-09-05 14:03:21.998,0 days 00:16:45.394000,18,33.54944444444536,0 days 00:00:36.563000,11304.8,223.8,5,100.0,False,0,pos,2609.8331509314353,0.43347159743772035,OnTrack,8947.0,15574.0,1951.0
2026-09-05 14:03:22.046,0 days 00:16:45.442000,18,33.376111111112095,0 days 00:00:36.611000,11350.0,225.0,5,100.0,False,0,car,2612.8574999999987,0.43397391668425583,OnTrack,8974.916522269152,15584.293196759903,1950.6518236235238
2026-09-05 14:03:22.198,0 days 00:16:45.594000,18,32.78500000000095,0 days 00:00:36.763000,11420.127272727274,226.72727272727272,5,100.0,False,0,pos,2622.4962701668155,0.43557483630628374,OnTrack,9064.0,15617.0,1950.0
2026-09-05 14:03:22.458,0 days 00:16:45.854000,18,31.773889884445325,0 days 00:00:37.023000,11540.081700072727,229.68181527272728,5,100.0,False,0,pos,2639.1646282317133,0.43834331205902544,OnTrack,9219.0,15672.0,1950.0
2026-09-05 14:03:22.486,0 days 00:16:45.882000,18,31.665000000000873,0 days 00:00:37.051000,11553.0,230.0,5,100.0,False,0,car,2640.96861111111,0.4386429386233533,OnTrack,9232.852918241568,15676.764111785471,1950.0058105767491
2026-09-05 14:03:22.698,0 days 00:16:46.094000,18,30.78166773333432,0 days 00:00:37.263000,11666.571291428572,232.27142582857144,5,100.0,False,0,pos,2654.678344582913,0.4409200114187336,OnTrack,9365.0,15721.0,1950.0
2026-09-05 14:03:22.766,0 days 00:16:46.162000,18,30.498333333334358,0 days 00:00:37.331000,11703.0,233.0,5,100.0,False,0,car,2659.0908333333323,0.4416528891303366,OnTrack,9455.922353807899,15751.428194866783,1950.0381397513354
2026-09-05 14:03:22.798,0 days 00:16:46.194000,18,30.400555555556608,0 days 00:00:37.363000,11672.6,232.86666666666667,5,87.73333333333333,False,0,pos,2661.1694086524976,0.44199812321691867,OnTrack,9500.0,15766.0,1950.0
2026-09-05 14:03:23.006,0 days 00:16:46.402000,18,29.765000000001237,0 days 00:00:37.571000,11475.0,232.0,5,8.0,False,0,car,2674.5574999999985,0.44422177392844864,OnTrack,9727.191194201434,15836.254308121574,1948.2646828376137
2026-09-05 14:03:23.258,0 days 00:16:46.654000,18,30.60499914666792,0 days 00:00:37.823000,11040.3004416,221.11819287272726,5,3.418186472727273,False,0,pos,2689.7116305426134,0.4467387490736769,OnTrack,9886.0,15876.0,1945.0
2026-09-05 14:03:23.446,0 days 00:16:46.842000,18,31.231666666667934,0 days 00:00:38.011000,10716.0,213.0,5,0.0,True,0,car,2700.5908333333323,0.4485456942459607,OnTrack,9940.606211423063,15883.126240590273,1943.6582614943352
2026-09-05 14:03:23.578,0 days 00:16:46.974000,18,32.11166496000115,0 days 00:00:38.143000,10497.900422981818,210.30000523636363,5,0.0,True,0,pos,2708.1752068389737,0.4498053956555628,OnTrack,9985.0,15883.0,1943.0
2026-09-05 14:03:23.798,0 days 00:16:47.194000,18,33.578333333334285,0 days 00:00:38.363000,10134.4,205.8,5,0.0,True,0,pos,2720.6538433764877,0.4518779934811481,OnTrack,10111.0,15880.0,1942.0
2026-09-05 14:03:23.886,0 days 00:16:47.282000,18,34.16500000000087,0 days 00:00:38.451000,9989.0,204.0,5,0.0,True,0,car,2725.5241666666657,0.4526869137049862,OnTrack,10161.159773885864,15874.651110834731,1941.5850897798134
2026-09-05 14:03:23.998,0 days 00:16:47.394000,18,34.880555555556455,0 days 00:00:38.563000,9856.0,200.64,5,0.84,True,0,pos,2731.6134477110036,0.45369829268168216,OnTrack,10222.0,15864.0,1941.0
2026-09-05 14:03:24.158,0 days 00:16:47.554000,18,35.90277777777872,0 days 00:00:38.723000,9666.0,195.84,5,2.04,True,0,pos,2740.1192335160945,0.45511103301685657,OnTrack,10306.0,15842.0,1940.0
2026-09-05 14:03:24.286,0 days 00:16:47.682000,18,36.72055555555653,0 days 00:00:38.851000,9514.0,192.0,5,3.0,False,0,car,2746.8574999999987,0.4562302030816925,OnTrack,10370.05157971496,15818.626279926228,1939.1733964511752
2026-09-05 14:03:24.526,0 days 00:16:47.922000,18,36.9205555555568,0 days 00:00:39.091000,9514.0,188.0,5,3.0,False,0,car,2759.390833333332,0.45831188559050745,OnTrack,10481.949265058804,15761.024545788523,1938.0335289989466
2026-09-05 14:03:24.558,0 days 00:16:47.954000,18,36.88500000000124,0 days 00:00:39.123000,9523.828571428572,187.88571428571427,5,11.342857142857143,False,0,pos,2761.053164978183,0.4585879850619651,OnTrack,10496.0,15752.0,1938.0
2026-09-05 14:03:24.718,0 days 00:16:48.114000,18,36.70722222222346,0 days 00:00:39.283000,9572.971428571429,187.31428571428572,5,53.05714285714286,False,0,pos,2769.3443811430207,0.45996508716306717,OnTrack,10563.0,15703.0,1938.0
2026-09-05 14:03:24.806,0 days 00:16:48.202000,18,36.60944444444567,0 days 00:00:39.371000,9600.0,187.0,5,76.0,False,0,car,2773.9352777777767,0.4607275969416057,OnTrack,10597.220815757586,15675.10534259025,1937.5050550790836
2026-09-05 14:03:24.878,0 days 00:16:48.274000,18,36.44944444444566,0 days 00:00:39.443000,9645.771428571428,188.02857142857144,5,78.05714285714286,False,0,pos,2777.7190465783983,0.46135604949450365,OnTrack,10626.0,15648.0,1937.0
2026-09-05 14:03:25.086,0 days 00:16:48.482000,18,35.98722222222341,0 days 00:00:39.651000,9778.0,191.0,5,84.0,False,0,car,2788.7908333333326,0.46319498126278097,OnTrack,10718.510724535525,15536.624851896917,1936.084683262596
2026-09-05 14:03:25.139,0 days 00:16:48.535000,18,35.692778133334535,0 days 00:00:39.704000,9812.008292266666,191.6624992,5,85.76666453333333,False,0,pos,2791.646069623506,0.4636692122822321,OnTrack,10739.0,15508.0,1936.0
2026-09-05 14:03:25.566,0 days 00:16:48.962000,18,33.32055555555689,0 days 00:00:40.131000,10086.0,197.0,5,100.0,False,0,car,2815.057499999999,0.46755765630785057,OnTrack,10834.697124453107,15308.100232707578,1936.9739238344087
2026-09-05 14:03:25.579,0 days 00:16:48.975000,18,33.237500392330944,0 days 00:00:40.144000,10090.292814612898,197.1214947531952,5,100.0,False,0,pos,2815.7764479826396,0.4676770675929738,OnTrack,10837.0,15301.0,1937.0
2026-09-05 14:03:25.887,0 days 00:16:49.283000,18,31.269722222223663,0 days 00:00:40.452000,10192.0,200.0,5,100.0,False,0,car,2832.890833333332,0.47051962477119097,OnTrack,10889.622416318567,15105.744684922664,1937.0710826744819
2026-09-05 14:03:25.918,0 days 00:16:49.314000,18,31.088888515556985,0 days 00:00:40.483000,10210.406288,200.3875008,5,100.0,False,0,pos,2834.623077163091,0.4708073360755588,OnTrack,10894.0,15085.0,1937.0
2026-09-05 14:03:26.047,0 days 00:16:49.443000,18,30.33638888889027,0 days 00:00:40.612000,10287.0,202.0,5,100.0,False,0,car,2841.86861111111,0.47201075905055495,OnTrack,10909.686014705843,14998.34361777926,1936.5300574404569
2026-09-05 14:03:26.247,0 days 00:16:49.643000,18,29.503055555556784,0 days 00:00:40.812000,10471.0,206.0,5,100.0,False,0,car,2853.3130555555545,0.4739115861641005,OnTrack,10926.253398854233,14868.45593620929,1935.4072002944554
2026-09-05 14:03:26.398,0 days 00:16:49.794000,18,29.083610933334658,0 days 00:00:40.963000,10575.441710933334,207.8875008,5,100.0,False,0,pos,2862.056422353706,0.4753637867278131,OnTrack,10934.0,14800.0,1935.0
2026-09-05 14:03:26.487,0 days 00:16:49.883000,18,28.83638888889027,0 days 00:00:41.052000,10637.0,209.0,5,100.0,False,0,car,2867.246388888888,0.47622579703826184,OnTrack,10936.795742017002,14774.198054954764,1935.0137049028037
2026-09-05 14:03:26.658,0 days 00:16:50.054000,18,28.69388908704914,0 days 00:00:41.223000,10699.24677536488,211.14644052982345,5,100.0,False,0,pos,2877.2960908997284,0.47789496902454665,OnTrack,10941.0,14730.0,1935.0
2026-09-05 14:03:26.726,0 days 00:16:50.122000,18,28.6372222222235,0 days 00:00:41.291000,10724.0,212.0,5,100.0,False,0,car,2881.3208333333323,0.4785634452952795,OnTrack,10943.646100958247,14700.530484906387,1934.6637177883379
2026-09-05 14:03:26.958,0 days 00:16:50.354000,18,28.95944444444578,0 days 00:00:41.523000,10871.9,214.32,5,100.0,False,0,pos,2895.173271118708,0.48086422009120483,OnTrack,10956.0,14552.0,1933.0
2026-09-05 14:03:27.126,0 days 00:16:50.522000,18,29.192777777779156,0 days 00:00:41.691000,10979.0,216.0,5,100.0,False,0,car,2905.3208333333328,0.4825496458440742,OnTrack,10965.490903796044,14417.904017116552,1932.9760903261622
2026-09-05 14:03:27.158,0 days 00:16:50.554000,18,29.25500000000138,0 days 00:00:41.723000,10994.733333333334,216.53333333333333,5,100.0,False,0,pos,2907.264769942977,0.4828725175599153,OnTrack,10967.0,14396.0,1933.0
2026-09-05 14:03:27.366,0 days 00:16:50.762000,18,29.659444444445853,0 days 00:00:41.931000,11097.0,220.0,5,100.0,False,0,car,2919.9874999999993,0.4849856572905598,OnTrack,10973.751421489065,14296.834855020594,1933.0115178289861
2026-09-05 14:03:27.438,0 days 00:16:50.834000,18,29.89944444444591,0 days 00:00:42.003000,11133.0,220.9,5,100.0,False,0,pos,2924.4273738385577,0.48572308343771986,OnTrack,10976.0,14262.0,1933.0
2026-09-05 14:03:27.606,0 days 00:16:51.002000,18,30.459444444446035,0 days 00:00:42.171000,11217.0,223.0,5,100.0,False,0,car,2934.854166666666,0.48745488707495205,OnTrack,10982.464235857833,14160.068575409323,1932.9977334576456
2026-09-05 14:03:27.618,0 days 00:16:51.014000,18,30.49277706666825,0 days 00:00:42.183000,11227.7997696,223.1499968,5,100.0,False,0,pos,2935.6020973881637,0.4875791121521392,OnTrack,10983.0,14152.0,1933.0
2026-09-05 14:03:27.766,0 days 00:16:51.162000,18,30.90388888889038,0 days 00:00:42.331000,11361.0,225.0,5,100.0,False,0,car,2944.8541666666665,0.4891158039702832,OnTrack,10990.464210786084,14045.455368043447,1933.0601868714925
2026-09-05 14:03:27.926,0 days 00:16:51.322000,18,31.6150000000016,0 days 00:00:42.491000,11390.0,226.0,5,100.0,False,0,car,2954.8986111111108,0.4907841027184824,OnTrack,10999.493746979038,13926.10577152156,1933.1048885564128
2026-09-05 14:03:28.018,0 days 00:16:51.414000,18,31.99833226666844,0 days 00:00:42.583000,11467.0497856,227.7249952,5,100.0,False,0,pos,2960.7382353299417,0.4917540157712265,OnTrack,11004.0,13870.0,1933.0
2026-09-05 14:03:28.086,0 days 00:16:51.482000,18,32.28166666666857,0 days 00:00:42.651000,11524.0,229.0,5,100.0,False,0,car,2965.0763888888887,0.4924745470252861,OnTrack,11006.957515236516,13835.060354850548,1932.85571731162
2026-09-05 14:03:28.286,0 days 00:16:51.682000,18,33.226111111112914,0 days 00:00:42.851000,11616.0,231.0,5,100.0,False,0,car,2977.9097222222217,0.49460605704096094,OnTrack,11015.0001935463,13750.576335485615,1932.2002025426318
2026-09-05 14:03:28.378,0 days 00:16:51.774000,18,33.686109831112915,0 days 00:00:42.943000,11644.05992192,231.91999744,5,100.0,False,0,pos,2983.8787758467975,0.49559746724238035,OnTrack,11021.0,13690.0,1932.0
2026-09-05 14:03:28.486,0 days 00:16:51.882000,18,34.226111111112914,0 days 00:00:43.051000,11677.0,233.0,5,100.0,False,0,car,2990.8541666666665,0.4967560216888062,OnTrack,11030.60137218587,13593.106898502354,1931.9049979248055
2026-09-05 14:03:28.638,0 days 00:16:52.034000,18,35.746111111112874,0 days 00:00:43.203000,11517.4,228.77777777777777,5,57.77777777777778,False,0,pos,3000.4213316474393,0.49834504828450477,OnTrack,11045.0,13445.0,1932.0
2026-09-05 14:03:28.846,0 days 00:16:52.242000,18,37.82611111111282,0 days 00:00:43.411000,11299.0,223.0,5,0.0,True,0,car,3013.1541666666667,0.5004598663653946,OnTrack,11056.906593698197,13308.55062382335,1932.4947437733674
2026-09-05 14:03:29.006,0 days 00:16:52.402000,18,39.959444444446035,0 days 00:00:43.571000,10641.0,215.0,5,0.0,True,0,car,3022.709722222222,0.5020469647320442,OnTrack,11061.745747695795,13238.144779537191,1932.9170482038505
2026-09-05 14:03:29.058,0 days 00:16:52.454000,18,40.999439324446016,0 days 00:00:43.623000,10759.856557714285,211.47144594285714,5,0.0,True,0,pos,3025.6810945717543,0.5025404849858099,OnTrack,11063.0,13217.0,1933.0
2026-09-05 14:03:29.286,0 days 00:16:52.682000,18,45.559444444445944,0 days 00:00:43.851000,11281.0,196.0,4,0.0,True,0,car,3037.9541666666664,0.5045789402658156,OnTrack,11066.628493215214,13130.476207273085,1933.05367156549
2026-09-05 14:03:29.338,0 days 00:16:52.734000,18,46.87388241777932,0 days 00:00:43.903000,11120.172220342856,193.4000128,4,0.0,True,0,pos,3040.6495240950603,0.5050266167349933,OnTrack,11067.0,13108.0,1933.0
2026-09-05 14:03:29.566,0 days 00:16:52.962000,18,52.637222222223954,0 days 00:00:44.131000,10415.0,182.0,4,0.0,True,0,car,3052.109722222222,0.5069300604043177,OnTrack,11065.774734750057,12991.506489163803,1932.3658180636157
2026-09-05 14:03:29.618,0 days 00:16:53.014000,18,54.11054830222391,0 days 00:00:44.183000,10313.34050048,179.92001024,4,0.0,True,0,pos,3054.6558770392094,0.5073529555596838,OnTrack,11064.0,12965.0,1932.0
2026-09-05 14:03:29.766,0 days 00:16:53.162000,18,58.30388888889047,0 days 00:00:44.331000,10024.0,174.0,4,0.0,True,0,car,3061.776388888889,0.5085356134031378,OnTrack,11055.001068211533,12894.176841124778,1930.3756395596195
2026-09-05 14:03:29.878,0 days 00:16:53.274000,18,61.78833333333498,0 days 00:00:44.443000,9901.15,171.55,4,0.0,True,0,pos,3067.0493813698617,0.5094114136331981,OnTrack,11045.0,12843.0,1929.0
2026-09-05 14:03:29.978,0 days 00:16:53.374000,18,64.89943648000171,0 days 00:00:44.543000,9791.4627808,169.3625056,4,0.0,True,0,pos,3071.6782537770096,0.5101802308719342,OnTrack,11034.0,12798.0,1928.0
2026-09-05 14:03:30.086,0 days 00:16:53.482000,18,68.25944444444622,0 days 00:00:44.651000,9673.0,167.0,4,0.0,False,0,car,3076.6208333333334,0.511001152261096,OnTrack,11018.898470175964,12751.285406063478,1927.752954548825
2026-09-05 14:03:30.218,0 days 00:16:53.614000,18,72.73276910222418,0 days 00:00:44.783000,9787.2622784,165.3500032,4,29.2874432,False,0,pos,3082.5874651218996,0.5119921602156808,OnTrack,10996.0,12697.0,1928.0
2026-09-05 14:03:30.406,0 days 00:16:53.802000,18,79.1038888888911,0 days 00:00:44.971000,9950.0,163.0,4,71.0,False,0,car,3091.109722222222,0.513407636296109,OnTrack,10955.392791802607,12624.504421160636,1927.856477275283
2026-09-05 14:03:30.458,0 days 00:16:53.854000,18,80.793880568891,0 days 00:00:45.023000,10025.21391542857,164.2999936,4,74.52855405714286,False,0,pos,3093.5168721046693,0.5138074438870439,OnTrack,10942.0,12605.0,1928.0
2026-09-05 14:03:30.618,0 days 00:16:54.014000,18,85.99388056889069,0 days 00:00:45.183000,10256.642486857143,168.2999936,4,85.38569691428572,False,0,pos,3101.062530317205,0.5150607150082036,OnTrack,10896.0,12547.0,1929.0
2026-09-05 14:03:30.686,0 days 00:16:54.082000,18,88.20388888889056,0 days 00:00:45.251000,10355.0,170.0,4,90.0,False,0,car,3104.331944444444,0.51560373752438,OnTrack,10877.041898282721,12525.08116061694,1929.1356396049093
2026-09-05 14:03:30.858,0 days 00:16:54.254000,18,93.55499203555718,0 days 00:00:45.423000,10709.31947264,176.01999104,4,89.14000128,False,0,pos,3112.7684101533287,0.5170049643676567,OnTrack,10815.0,12467.0,1929.0
2026-09-05 14:03:30.886,0 days 00:16:54.282000,18,94.42611111111273,0 days 00:00:45.451000,10767.0,177.0,4,89.0,False,0,car,3114.1652777777776,0.5172369724714556,OnTrack,10799.045538803915,12454.68357691578,1929.067002933855
2026-09-05 14:03:31.098,0 days 00:16:54.494000,18,100.72721461333485,0 days 00:00:45.663000,11418.8992128,183.18332586666668,4,98.71665493333333,False,0,pos,3124.9698252709773,0.5190315180192419,OnTrack,10655.0,12354.0,1930.0
2026-09-05 14:03:31.126,0 days 00:16:54.522000,18,101.55944444444594,0 days 00:00:45.691000,11505.0,184.0,4,100.0,False,0,car,3126.4319444444445,0.5192743638630618,OnTrack,10641.86241151692,12345.293196378852,1930.031489342342
2026-09-05 14:03:31.406,0 days 00:16:54.802000,18,109.25944444444622,0 days 00:00:45.971000,10669.0,194.0,4,100.0,False,0,car,3141.520833333333,0.5217805029117947,OnTrack,10574.269669837948,12308.1688614203,1929.05512006455
2026-09-05 14:03:31.418,0 days 00:16:54.814000,18,109.56277130666842,0 days 00:00:45.983000,10652.92034304,194.53998848,4,100.0,False,0,pos,3142.18506843446,0.5218908268419881,OnTrack,10570.0,12306.0,1929.0
2026-09-05 14:03:31.606,0 days 00:16:55.002000,18,114.31500000000142,0 days 00:00:46.171000,10401.0,203.0,5,100.0,False,0,car,3152.798611111111,0.5236536480770847,OnTrack,10477.079596195126,12257.83344631341,1928.1498988929527
2026-09-05 14:03:31.638,0 days 00:16:55.034000,18,115.04388888889031,0 days 00:00:46.203000,10477.685714285713,204.25714285714287,5,100.0,False,0,pos,3154.6536058476754,0.5239617472869558,OnTrack,10460.0,12249.0,1928.0
2026-09-05 14:03:31.839,0 days 00:16:55.235000,18,119.62222076444583,0 days 00:00:46.404000,10959.367703771428,212.15356891428573,5,100.0,False,0,pos,3166.6066656998787,0.5259470511928986,OnTrack,10356.0,12196.0,1927.0
2026-09-05 14:03:31.886,0 days 00:16:55.282000,18,120.69277777777916,0 days 00:00:46.451000,11072.0,214.0,5,100.0,False,0,car,3169.4430555555555,0.5264181519762026,OnTrack,10331.699407710239,12183.888956164612,1926.7541028582423
2026-09-05 14:03:32.039,0 days 00:16:55.435000,18,123.92277642666801,0 days 00:00:46.604000,11262.612420266667,218.46249813333333,5,100.0,False,0,pos,3178.7559623250722,0.5279649483960158,OnTrack,10249.0,12143.0,1926.0
2026-09-05 14:03:32.126,0 days 00:16:55.522000,18,125.75944444444576,0 days 00:00:46.691000,11371.0,221.0,5,100.0,False,0,car,3184.176388888889,0.5288652362019903,OnTrack,10195.897438050848,12116.387883383326,1925.6972481968303
2026-09-05 14:03:32.378,0 days 00:16:55.774000,18,130.23944078654284,0 days 00:00:46.943000,10697.430456509499,231.20559914379547,5,100.0,False,0,pos,3200.5137373276066,0.5315787340066681,OnTrack,10037.0,12035.0,1925.0
2026-09-05 14:03:32.447,0 days 00:16:55.843000,18,131.4661111111127,0 days 00:00:47.012000,10513.0,234.0,5,100.0,False,0,car,3205.041388888889,0.5323307393040987,OnTrack,10001.862016015837,12016.374316986823,1924.6834075653314
2026-09-05 14:03:32.607,0 days 00:16:56.003000,18,134.22166666666817,0 days 00:00:47.172000,10594.0,237.0,6,100.0,False,0,car,3215.574722222222,0.5340802384338474,OnTrack,9927.565495184514,11976.028226281678,1924.0138624053395
2026-09-05 14:03:32.618,0 days 00:16:56.014000,18,134.38666378666818,0 days 00:00:47.183000,10610.3622144,237.36666026666666,6,100.0,False,0,pos,3216.3084041468264,0.5342020969042848,OnTrack,9922.0,11973.0,1924.0
2026-09-05 14:03:32.847,0 days 00:16:56.243000,18,137.82166666666808,0 days 00:00:47.412000,10951.0,245.0,6,100.0,False,0,car,3231.9080555555556,0.5367930693628882,OnTrack,9789.849548550554,11901.196334158734,1924.6794760285547
2026-09-05 14:03:32.958,0 days 00:16:56.354000,18,139.24000081777922,0 days 00:00:47.523000,11073.1000704,247.7750016,6,100.0,False,0,pos,3239.627552874209,0.5380752137148895,OnTrack,9721.0,11864.0,1925.0
2026-09-05 14:03:33.138,0 days 00:16:56.534000,18,141.53999754666813,0 days 00:00:47.703000,11271.0997888,252.2749952,6,100.0,False,0,pos,3252.3310317794553,0.5401851559892102,OnTrack,9611.0,11805.0,1925.0
2026-09-05 14:03:33.167,0 days 00:16:56.563000,18,141.91055555555704,0 days 00:00:47.732000,11303.0,253.0,6,100.0,False,0,car,3254.3969444444447,0.5405282869141662,OnTrack,9594.63824083554,11796.277192854444,1924.9898926044143
2026-09-05 14:03:33.338,0 days 00:16:56.734000,18,143.7630530506114,0 days 00:00:47.903000,11531.612594096036,257.2903167792822,6,100.0,False,0,pos,3266.6860427475553,0.5425694040141683,OnTrack,9502.0,11747.0,1925.0
2026-09-05 14:03:33.446,0 days 00:16:56.842000,18,144.93305555555708,0 days 00:00:48.011000,11676.0,260.0,6,100.0,False,0,car,3274.5469444444448,0.5438750344582584,OnTrack,9435.82001284692,11711.473787194353,1925.1226711267768
2026-09-05 14:03:33.578,0 days 00:16:56.974000,18,146.10638661333485,0 days 00:00:48.143000,11317.9506944,262.8874944,6,100.0,False,0,pos,3284.262681957659,0.5454887377168883,OnTrack,9350.0,11665.0,1925.0
2026-09-05 14:03:33.766,0 days 00:16:57.162000,18,147.7775000000015,0 days 00:00:48.331000,10808.0,267.0,6,100.0,False,0,car,3298.2802777777783,0.5478169438898441,OnTrack,9229.615762698417,11598.678108247872,1923.9194723094236
2026-09-05 14:03:33.798,0 days 00:16:57.194000,18,148.0086111111126,0 days 00:00:48.363000,10804.96,267.56,6,100.0,False,0,pos,3300.6834718543532,0.5482160944542984,OnTrack,9209.0,11587.0,1924.0
2026-09-05 14:03:33.918,0 days 00:16:57.314000,18,148.87527777777922,0 days 00:00:48.483000,10793.56,269.66,6,100.0,False,0,pos,3309.739734934383,0.5497202644901169,OnTrack,9131.0,11542.0,1925.0
2026-09-05 14:03:34.158,0 days 00:16:57.554000,18,150.60861111111242,0 days 00:00:48.723000,10770.76,273.86,6,100.0,False,0,pos,3328.105467071882,0.5527706599703467,OnTrack,8973.0,11451.0,1924.0
2026-09-05 14:03:34.166,0 days 00:16:57.562000,18,150.6663888888902,0 days 00:00:48.731000,10770.0,274.0,7,100.0,False,0,car,3328.7247222222227,0.5528735131045188,OnTrack,8967.696771777899,11447.954433572768,1923.9977185245552
2026-09-05 14:03:34.378,0 days 00:16:57.774000,18,151.6674987911123,0 days 00:00:48.943000,10943.385504914286,280.05713554285717,7,100.0,False,0,pos,3345.2948497770994,0.5556256735858873,OnTrack,8826.0,11367.0,1925.0
2026-09-05 14:03:34.446,0 days 00:16:57.842000,18,151.98861111111228,0 days 00:00:49.011000,10999.0,282.0,7,100.0,False,0,car,3350.658055555556,0.556516457494945,OnTrack,8779.75431933575,11340.984691418154,1925.0191807272065
2026-09-05 14:03:34.558,0 days 00:16:57.954000,18,152.3619444444457,0 days 00:00:49.123000,11059.355555555556,283.55555555555554,7,100.0,False,0,pos,3359.531944961836,0.5579903367791641,OnTrack,8703.0,11298.0,1925.0
2026-09-05 14:03:34.718,0 days 00:16:58.114000,18,152.89527777777914,0 days 00:00:49.283000,11145.577777777778,285.77777777777777,7,100.0,False,0,pos,3372.2955932531595,0.5601102726884765,OnTrack,8593.0,11236.0,1926.0
2026-09-05 14:03:34.806,0 days 00:16:58.202000,18,153.18861111111255,0 days 00:00:49.371000,11193.0,287.0,7,100.0,False,0,car,3379.358055555556,0.5612832889845453,OnTrack,8531.815708406626,11201.642369639885,1925.9980626691538
2026-09-05 14:03:34.998,0 days 00:16:58.394000,18,153.66861111111254,0 days 00:00:49.563000,11280.36,290.84,7,100.0,False,0,pos,3394.8746238054973,0.5638604620209338,OnTrack,8397.0,11126.0,1925.0
2026-09-05 14:03:35.006,0 days 00:16:58.402000,18,153.68861111111255,0 days 00:00:49.571000,11284.0,291.0,7,100.0,False,0,car,3395.5247222222224,0.5639684379653305,OnTrack,8391.373930212587,11122.824711496489,1924.974559345126
2026-09-05 14:03:35.166,0 days 00:16:58.562000,18,153.95527777777897,0 days 00:00:49.731000,11403.0,294.0,7,100.0,False,0,car,3408.5913888888895,0.5661387027085631,OnTrack,8278.663373102621,11058.896809393651,1924.8844028549504
2026-09-05 14:03:35.198,0 days 00:16:58.594000,18,153.97305555555678,0 days 00:00:49.763000,11424.44,294.48,7,100.0,False,0,pos,3411.220485725459,0.5665753738440952,OnTrack,8256.0,11046.0,1925.0
2026-09-05 14:03:35.358,0 days 00:16:58.754000,18,154.06194444444583,0 days 00:00:49.923000,11531.64,296.88,7,100.0,False,0,pos,3424.429636111963,0.5687693039490868,OnTrack,8142.0,10981.0,1926.0
2026-09-05 14:03:35.366,0 days 00:16:58.762000,18,154.0663888888903,0 days 00:00:49.931000,11537.0,297.0,7,100.0,False,0,car,3425.091388888889,0.5688792155858594,OnTrack,8136.283799764854,10977.736372684778,1926.0288539576254
2026-09-05 14:03:35.538,0 days 00:16:58.934000,18,154.11416659555704,0 days 00:00:50.103000,11484.54007808,297.85999872,7,100.0,False,0,pos,3439.330946913344,0.5712442878363461,OnTrack,8013.0,10907.0,1926.0
2026-09-05 14:03:35.566,0 days 00:16:58.962000,18,154.12194444444594,0 days 00:00:50.131000,11476.0,298.0,7,100.0,False,0,car,3441.6469444444447,0.5716289557792409,OnTrack,7992.80497950414,10895.253003124015,1925.9643300968978
2026-09-05 14:03:35.726,0 days 00:16:59.122000,18,154.16638888889065,0 days 00:00:50.291000,11476.0,298.0,7,100.0,False,0,car,3454.8913888888887,0.573828747933946,OnTrack,7877.439121785333,10827.047172445042,1925.8269339322246
2026-09-05 14:03:35.798,0 days 00:16:59.194000,18,154.06638888889069,0 days 00:00:50.363000,11269.9,299.35,7,100.0,False,0,pos,3460.911313439426,0.5748286073734066,OnTrack,7828.0,10797.0,1926.0
2026-09-05 14:03:35.978,0 days 00:16:59.374000,18,153.8163892444463,0 days 00:00:50.543000,10754.6507328,302.7249952,7,100.0,False,0,pos,3476.1353798797354,0.5773571982900418,OnTrack,7701.0,10716.0,1927.0
2026-09-05 14:03:36.046,0 days 00:16:59.442000,18,153.7219444444463,0 days 00:00:50.611000,10560.0,304.0,8,100.0,False,0,car,3481.913611111111,0.578316914477774,OnTrack,7634.167629150132,10670.96199489771,1927.1644160831197
2026-09-05 14:03:36.218,0 days 00:16:59.614000,18,153.29194508444638,0 days 00:00:50.783000,10622.3499072,306.1499968,8,100.0,False,0,pos,3496.569754792221,0.5807511781438096,OnTrack,7441.0,10536.0,1927.0
2026-09-05 14:03:36.286,0 days 00:16:59.682000,18,153.1219444444464,0 days 00:00:50.851000,10647.0,307.0,8,100.0,False,0,car,3502.380277777778,0.5817162577235517,OnTrack,7377.819313025219,10489.457133263544,1926.8625224040413
2026-09-05 14:03:36.526,0 days 00:16:59.922000,18,152.38861111111282,0 days 00:00:51.091000,10712.0,309.0,8,100.0,False,0,car,3522.980277777778,0.5851377465279338,OnTrack,7218.405305954325,10359.854968485633,1926.0390068662748
2026-09-05 14:03:36.658,0 days 00:17:00.054000,18,151.83861217777962,0 days 00:00:51.223000,10731.7999616,310.6499968,8,100.0,False,0,pos,3534.412549759487,0.5870365518965779,OnTrack,7142.0,10296.0,1925.0
2026-09-05 14:03:36.846,0 days 00:17:00.242000,18,151.0552777777798,0 days 00:00:51.411000,10760.0,313.0,8,100.0,False,0,car,3550.8025000000002,0.5897587864233883,OnTrack,7031.567616412031,10206.380794499393,1922.6221606042814
2026-09-05 14:03:37.058,0 days 00:17:00.454000,18,149.99527905777987,0 days 00:00:51.623000,10844.7998976,314.4454528,8,100.0,False,0,pos,3569.379708501272,0.5928443063701734,OnTrack,6899.0,10098.0,1919.0
2026-09-05 14:03:37.286,0 days 00:17:00.682000,18,148.85527777777997,0 days 00:00:51.851000,10936.0,316.0,8,100.0,False,0,car,3589.424722222222,0.5961736165658003,OnTrack,6739.3017449376875,9960.636891402144,1914.4209598933544
2026-09-05 14:03:37.518,0 days 00:17:00.914000,18,147.50194444444656,0 days 00:00:52.083000,10987.233333333334,316.96666666666664,8,100.0,False,0,pos,3609.8519347133274,0.5995664068008999,OnTrack,6594.0,9833.0,1910.0
2026-09-05 14:03:37.526,0 days 00:17:00.922000,18,147.45527777777988,0 days 00:00:52.091000,10989.0,317.0,8,100.0,False,0,car,3610.5580555555557,0.5996836876046001,OnTrack,6589.947592437165,9829.444857836515,1909.8694879168083
2026-09-05 14:03:37.806,0 days 00:17:01.202000,18,145.1219444444464,0 days 00:00:52.371000,11020.0,319.0,8,100.0,False,0,car,3635.369166666667,0.6038046069682382,OnTrack,6460.360255374544,9716.149429646477,1905.3831675295266
2026-09-05 14:03:37.858,0 days 00:17:01.254000,18,144.63083575111312,0 days 00:00:52.423000,11032.3499392,319.6499968,8,100.0,False,0,pos,3639.9992991094964,0.60457363348843,OnTrack,6420.0,9681.0,1904.0
2026-09-05 14:03:37.966,0 days 00:17:01.362000,18,143.61083333333545,0 days 00:00:52.531000,11058.0,321.0,8,100.0,False,0,car,3649.6358333333333,0.6061741817389106,OnTrack,6310.057308662376,9585.323565249155,1900.282515162779
2026-09-05 14:03:38.118,0 days 00:17:01.514000,18,141.87972222222436,0 days 00:00:52.683000,11066.685714285713,321.54285714285714,8,100.0,False,0,pos,3663.232772296031,0.6084325203037035,OnTrack,6151.0,9447.0,1895.0
2026-09-05 14:03:38.246,0 days 00:17:01.642000,18,140.42194444444658,0 days 00:00:52.811000,11074.0,322.0,8,100.0,False,0,car,3674.680277777778,0.6103338558301065,OnTrack,6079.053960314971,9384.51801715382,1892.7440939783935
2026-09-05 14:03:38.486,0 days 00:17:01.882000,18,136.82194444444667,0 days 00:00:53.051000,11112.0,321.0,8,100.0,False,0,car,3696.080277777778,0.613888217986115,OnTrack,6000.3847291148995,9316.236702342132,1890.7012268998092
2026-09-05 14:03:38.519,0 days 00:17:01.915000,18,136.08861253333555,0 days 00:00:53.084000,11104.9875136,321.0,8,100.0,False,0,pos,3699.021165516174,0.6143766749993123,OnTrack,5976.0,9295.0,1890.0
2026-09-05 14:03:38.646,0 days 00:17:02.042000,18,133.26638888889102,0 days 00:00:53.211000,11078.0,321.0,8,100.0,False,0,car,3710.3469444444445,0.6162577927567873,OnTrack,5847.885902941463,9183.354177795169,1886.2231431095497
2026-09-05 14:03:38.719,0 days 00:17:02.115000,18,131.23861288889086,0 days 00:00:53.284000,11068.4187584,321.4562496,8,100.0,False,0,pos,3716.872795255487,0.6173416823436344,OnTrack,5774.0,9119.0,1884.0
2026-09-05 14:03:38.806,0 days 00:17:02.202000,18,128.82194444444622,0 days 00:00:53.371000,11057.0,322.0,8,100.0,False,0,car,3724.658055555556,0.6186347493803279,OnTrack,5701.751180391102,9056.158650568088,1881.7761586865204
2026-09-05 14:03:39.007,0 days 00:17:02.403000,18,122.73611111111268,0 days 00:00:53.572000,11111.0,322.0,8,100.0,False,0,car,3742.6363888888895,0.6216208011386507,OnTrack,5597.06368818869,8965.519068584656,1878.3880723573502
2026-09-05 14:03:39.198,0 days 00:17:02.594000,18,115.78583100444605,0 days 00:00:53.763000,11111.530555733334,322.0,8,100.0,False,0,pos,3759.713466155788,0.6244571617541974,OnTrack,5504.0,8885.0,1877.0
2026-09-05 14:03:39.367,0 days 00:17:02.763000,18,109.63611111111277,0 days 00:00:53.932000,11112.0,322.0,8,100.0,False,0,car,3774.8363888888894,0.6269689535416167,OnTrack,5401.0409085716165,8795.676675576027,1876.9944612025922
2026-09-05 14:03:39.418,0 days 00:17:02.814000,18,107.5677855644461,0 days 00:00:53.983000,11110.261370181819,322.1159086545455,8,100.0,False,0,pos,3779.4053982690075,0.6277278280290534,OnTrack,5368.0,8767.0,1877.0
2026-09-05 14:03:39.778,0 days 00:17:03.174000,18,92.96778556444612,0 days 00:00:54.343000,11097.988642909091,322.9340904727273,8,100.0,False,0,pos,3811.7105696822928,0.6330934485297425,OnTrack,5125.0,8556.0,1876.0
2026-09-05 14:03:39.807,0 days 00:17:03.203000,18,91.79166666666833,0 days 00:00:54.372000,11097.0,323.0,8,100.0,False,0,car,3814.314166666667,0.6335258843517405,OnTrack,5105.347193158828,8538.90575499985,1875.9135552382234
2026-09-05 14:03:40.018,0 days 00:17:03.414000,18,83.17584314972468,0 days 00:00:54.583000,11078.84948304528,323.0,8,100.0,False,0,pos,3833.253712618133,0.6366715855378093,OnTrack,4963.0,8415.0,1876.0
2026-09-05 14:03:40.086,0 days 00:17:03.482000,18,80.3991666666684,0 days 00:00:54.651000,11073.0,323.0,8,100.0,False,0,car,3839.3466666666673,0.637683574569978,OnTrack,4917.161875029314,8375.131111872055,1876.7528726732698
2026-09-05 14:03:40.178,0 days 00:17:03.574000,18,76.66806593777957,0 days 00:00:54.743000,11077.928557714285,322.67142948571427,8,100.0,False,0,pos,3847.5773808007325,0.639050627786569,OnTrack,4855.0,8321.0,1878.0
2026-09-05 14:03:40.366,0 days 00:17:03.762000,18,69.04361111111302,0 days 00:00:54.931000,11088.0,322.0,8,100.0,False,0,car,3864.391111111111,0.6418432486611738,OnTrack,4727.9159761184765,8209.895618856004,1879.8407888319048
2026-09-05 14:03:40.378,0 days 00:17:03.774000,18,68.56695461333523,0 days 00:00:54.943000,11085.6000512,322.0749984,8,100.0,False,0,pos,3865.4667919507215,0.6420219103092231,OnTrack,4720.0,8203.0,1880.0
2026-09-05 14:03:40.526,0 days 00:17:03.922000,18,62.688055555557185,0 days 00:00:55.091000,11056.0,323.0,8,100.0,False,0,car,3878.746666666667,0.6442275871375825,OnTrack,4623.99801862542,8119.807168586921,1882.6470192798213
2026-09-05 14:03:40.598,0 days 00:17:03.994000,18,60.00805555555716,0 days 00:00:55.163000,11067.7,322.7,8,100.0,False,0,pos,3885.1944215602475,0.6452985056415528,OnTrack,4571.0,8074.0,1884.0
2026-09-05 14:03:40.766,0 days 00:17:04.162000,18,53.75472222222379,0 days 00:00:55.331000,11095.0,322.0,8,100.0,False,0,car,3900.2133333333336,0.6477930220728932,OnTrack,4422.24847105516,7945.3366707481055,1886.7329030973763
2026-09-05 14:03:40.838,0 days 00:17:04.234000,18,51.21472222222392,0 days 00:00:55.403000,11075.65,322.0,8,100.0,False,0,pos,3906.6527173066993,0.6488625502365821,OnTrack,4362.0,7893.0,1888.0
2026-09-05 14:03:40.926,0 days 00:17:04.322000,18,48.11027777777963,0 days 00:00:55.491000,11052.0,322.0,8,100.0,False,0,car,3914.5244444444443,0.6501699786964337,OnTrack,4298.2989523766655,7837.349442029701,1889.7646931801344
2026-09-05 14:03:41.038,0 days 00:17:04.434000,18,44.31472222222413,0 days 00:00:55.603000,11068.8,322.0,8,100.0,False,0,pos,3924.5415183396594,0.6518337314238679,OnTrack,4226.0,7774.0,1892.0
2026-09-05 14:03:41.166,0 days 00:17:04.562000,18,39.97694444444642,0 days 00:00:55.731000,11088.0,322.0,8,100.0,False,0,car,3935.991111111111,0.6537354136317445,OnTrack,4142.762168630241,7701.464918600622,1893.9631019888484
2026-09-05 14:03:41.238,0 days 00:17:04.634000,18,37.65694444444638,0 days 00:00:55.803000,11094.42857142857,322.0,8,100.0,False,0,pos,3942.4341083864288,0.6548055419348592,OnTrack,4087.0,7653.0,1895.0
2026-09-05 14:03:41.438,0 days 00:17:04.834000,18,31.212500000001846,0 days 00:00:56.003000,11112.285714285714,322.0,8,100.0,False,0,pos,3960.321437016894,0.6577764785683271,OnTrack,3898.0,7489.0,1898.0
2026-09-05 14:03:41.446,0 days 00:17:04.842000,18,30.954722222224063,0 days 00:00:56.011000,11113.0,322.0,8,100.0,False,0,car,3961.0355555555557,0.6578950877229404,OnTrack,3891.4480563430398,7483.330758226068,1898.1080093919652
2026-09-05 14:03:41.646,0 days 00:17:05.042000,18,24.899166666668407,0 days 00:00:56.211000,11074.0,321.0,8,100.0,False,0,car,3978.8688888888887,0.6608570561862808,OnTrack,3774.1577131289423,7382.451187490893,1900.345660257497
2026-09-05 14:03:41.838,0 days 00:17:05.234000,18,19.13916666666841,0 days 00:00:56.403000,11066.32,321.96,8,100.0,False,0,pos,3996.041537469402,0.6637092904027766,OnTrack,3682.0,7302.0,1902.0
2026-09-05 14:03:41.846,0 days 00:17:05.242000,18,18.899166666668407,0 days 00:00:56.411000,11066.0,322.0,8,100.0,False,0,car,3996.757777777778,0.6638282519657064,OnTrack,3677.389232153881,7297.908018018744,1902.064925802145
2026-09-05 14:03:41.958,0 days 00:17:05.354000,18,15.97472222222399,0 days 00:00:56.523000,11056.48,321.72,8,96.64,False,0,pos,4006.788295699735,0.6654942376342564,OnTrack,3602.0,7231.0,1903.0
2026-09-05 14:03:42.218,0 days 00:17:05.614000,18,9.185840017779613,0 days 00:00:56.783000,11034.38002176,321.07000064,8,88.84000768,False,0,pos,4029.9602767100496,0.6693429111100887,OnTrack,3333.0,6998.0,1906.0
2026-09-05 14:03:42.246,0 days 00:17:05.642000,18,8.454722222224063,0 days 00:00:56.811000,11032.0,321.0,8,88.0,False,0,car,4032.4244444444444,0.6697521888923873,OnTrack,3313.362490426305,6980.985430855911,1906.277937629419
2026-09-05 14:03:42.526,0 days 00:17:05.922000,18,2.6991666666685887,0 days 00:00:57.091000,10534.0,307.0,8,0.0,True,0,car,4056.302222222222,0.6737180893457946,OnTrack,3220.557411949154,6899.808875491592,1907.9794064118425
2026-09-05 14:03:42.538,0 days 00:17:05.934000,18,2.6058353244463603,0 days 00:00:57.103000,10468.1514048,305.0500416,8,0.0,True,0,pos,4057.257537247352,0.6738767592323549,OnTrack,3215.0,6895.0,1908.0
2026-09-05 14:03:42.718,0 days 00:17:06.114000,18,1.2058333333351583,0 days 00:00:57.283000,9480.4,275.8,8,0.0,True,0,pos,4070.7822680322834,0.6761231046189046,OnTrack,3105.0,6800.0,1908.0
2026-09-05 14:03:42.766,0 days 00:17:06.162000,18,0.8325000000018008,0 days 00:00:57.331000,9217.0,268.0,8,0.0,True,0,car,4074.168888888889,0.6766855941987862,OnTrack,3076.2752322740444,6774.916675238603,1908.087082988401
2026-09-05 14:03:43.018,0 days 00:17:06.414000,18,1.5324992888907352,0 days 00:00:57.583000,9344.799870171428,237.4000310857143,8,0.0,True,0,pos,4090.6421896421307,0.6794216725530792,OnTrack,2945.0,6658.0,1909.0
2026-09-05 14:03:43.046,0 days 00:17:06.442000,18,1.610277777779629,0 days 00:00:57.611000,9359.0,234.0,8,0.0,True,0,car,4092.3688888888887,0.6797084629482887,OnTrack,2931.2069462757686,6645.587987288757,1909.03471649877
2026-09-05 14:03:43.198,0 days 00:17:06.594000,18,3.552500000001813,0 days 00:00:57.763000,9552.483333333334,224.5,8,0.0,True,0,pos,4101.435883084247,0.6812144153331826,OnTrack,2859.0,6580.0,1909.0
2026-09-05 14:03:43.358,0 days 00:17:06.754000,18,5.596944444446217,0 days 00:00:57.923000,9756.15,214.5,8,0.0,True,0,pos,4110.450750616956,0.6827117099126074,OnTrack,2790.0,6514.0,1909.0
2026-09-05 14:03:43.526,0 days 00:17:06.922000,18,7.743611111112841,0 days 00:00:58.091000,9970.0,204.0,8,0.0,True,0,car,4119.568888888889,0.6842261569035892,OnTrack,2713.806258915284,6430.728146004241,1909.1099447025692
2026-09-05 14:03:43.738,0 days 00:17:07.134000,18,11.689161902223844,0 days 00:00:58.303000,10407.54391608889,193.4000128,8,0.5888881777777778,True,0,pos,4130.638475568628,0.6860647232576602,OnTrack,2639.0,6340.0,1909.0
2026-09-05 14:03:43.886,0 days 00:17:07.282000,18,14.44361111111266,0 days 00:00:58.451000,10713.0,186.0,5,1.0,True,0,car,4138.168888888889,0.6873154623289052,OnTrack,2623.929647891379,6316.254321624175,1908.435291762326
2026-09-05 14:03:43.978,0 days 00:17:07.374000,18,16.385827928890762,0 days 00:00:58.543000,10674.666773333332,183.7000064,5,2.5333290666666666,True,0,pos,4142.796669673711,0.688084098258245,OnTrack,2616.0,6297.0,1908.0
2026-09-05 14:03:44.126,0 days 00:17:07.522000,18,19.510277777780175,0 days 00:00:58.691000,10613.0,180.0,4,5.0,False,0,car,4150.168888888889,0.6893085626033025,OnTrack,2589.9447314871923,6235.503727515088,1907.3031188708583
2026-09-05 14:03:44.238,0 days 00:17:07.634000,18,21.93694444444718,0 days 00:00:58.803000,10670.6,179.2,4,27.4,False,0,pos,4155.703723728237,0.6902278526730563,OnTrack,2570.0,6183.0,1907.0
2026-09-05 14:03:44.406,0 days 00:17:07.802000,18,25.57694444444769,0 days 00:00:58.971000,10757.0,178.0,4,61.0,False,0,car,4164.013333333333,0.6916080097717274,OnTrack,2553.3114581192413,6117.4554082464665,1907.1623116614414
2026-09-05 14:03:44.518,0 days 00:17:07.914000,18,28.06583333333638,0 days 00:00:59.083000,10797.0,179.6,4,65.4,False,0,pos,4169.628489715665,0.6925406405822614,OnTrack,2548.0,6045.0,1907.0
2026-09-05 14:03:44.678,0 days 00:17:08.074000,18,31.621388888891644,0 days 00:00:59.243000,10854.142857142857,181.88571428571427,4,71.68571428571428,False,0,pos,4177.7589497465215,0.693891042425468,OnTrack,2545.0,5887.0,1906.0
2026-09-05 14:03:44.686,0 days 00:17:08.082000,18,31.799166666669407,0 days 00:00:59.251000,10857.0,182.0,4,72.0,False,0,car,4178.168888888889,0.6939591299102296,OnTrack,2544.938121894504,5880.483849553584,1905.9654075374474
2026-09-05 14:03:44.886,0 days 00:17:08.282000,18,36.07694444444678,0 days 00:00:59.451000,11432.0,187.0,4,86.0,False,0,car,4188.557777777778,0.6956846380181568,OnTrack,2545.471458260666,5797.011972552074,1906.0439138265228
2026-09-05 14:03:45.079,0 days 00:17:08.475000,18,40.151387537779755,0 days 00:00:59.644000,10729.618090057143,192.5142838857143,4,58.428580571428576,False,0,pos,4198.9854467871055,0.6974165871818082,OnTrack,2546.0,5748.0,1906.0
2026-09-05 14:03:45.166,0 days 00:17:08.562000,18,41.98805555555737,0 days 00:00:59.731000,10413.0,195.0,4,46.0,False,0,car,4203.724444444445,0.6982036953094091,OnTrack,2545.15784360096,5703.548416000347,1905.4161018268908
2026-09-05 14:03:45.239,0 days 00:17:08.635000,18,43.63055411555753,0 days 00:00:59.804000,10231.7168256,195.0,4,44.479168,False,0,pos,4207.689858083784,0.6988623175604646,OnTrack,2544.0,5662.0,1905.0
2026-09-05 14:03:45.406,0 days 00:17:08.802000,18,47.38805555555791,0 days 00:00:59.971000,9817.0,195.0,5,41.0,False,0,car,4216.724444444445,0.7003628872733394,OnTrack,2539.553482721231,5570.944313374572,1905.0116211737734
2026-09-05 14:03:45.419,0 days 00:17:08.815000,18,47.70222073125476,0 days 00:00:59.984000,9824.20218188626,194.9639890905687,5,42.476447286683175,False,0,pos,4217.425636121477,0.7004793493836642,OnTrack,2539.0,5564.0,1905.0
2026-09-05 14:03:45.638,0 days 00:17:09.034000,18,52.99472321620398,0 days 00:01:00.203000,9945.531878742493,194.35734060628752,5,67.34903514221122,False,0,pos,4229.200432923005,0.7024350452783392,OnTrack,2524.0,5449.0,1904.0
2026-09-05 14:03:45.767,0 days 00:17:09.163000,18,56.11222222222386,0 days 00:01:00.332000,10017.0,194.0,5,82.0,False,0,car,4236.178333333334,0.7035940165468845,OnTrack,2509.818873201739,5382.469747202684,1903.060288015492
2026-09-05 14:03:45.958,0 days 00:17:09.354000,18,60.72805710222473,0 days 00:01:00.523000,10228.6917376,197.1833344,5,82.7958336,False,0,pos,4246.646544559799,0.7053326994358776,OnTrack,2481.0,5284.0,1902.0
2026-09-05 14:03:46.007,0 days 00:17:09.403000,18,61.912222222224955,0 days 00:01:00.572000,10283.0,198.0,5,83.0,False,0,car,4249.378333333334,0.7057864268487214,OnTrack,2471.991682303373,5258.380306407191,1901.9670466210957
2026-09-05 14:03:46.158,0 days 00:17:09.554000,18,65.26777920000274,0 days 00:01:00.723000,10490.625088,201.7750016,5,87.61389084444444,False,0,pos,4257.942115055663,0.7072087998237758,OnTrack,2441.0,5180.0,1902.0
2026-09-05 14:03:46.318,0 days 00:17:09.714000,18,68.82333475555829,0 days 00:01:00.883000,10710.625088,205.7750016,5,92.50277973333333,False,0,pos,4267.213938780796,0.7087487726913363,OnTrack,2402.0,5098.0,1901.0
2026-09-05 14:03:46.367,0 days 00:17:09.763000,18,69.91222222222495,0 days 00:01:00.932000,10778.0,207.0,5,94.0,False,0,car,4270.078333333334,0.7092245248220568,OnTrack,2384.8520976694895,5068.249168444819,1900.7337619483235
2026-09-05 14:03:46.567,0 days 00:17:09.963000,18,74.13444444444758,0 days 00:01:01.132000,11132.0,213.0,5,100.0,False,0,car,4281.911666666667,0.7111899431481985,OnTrack,2299.0775029299775,4937.742133651029,1900.0374539228023
2026-09-05 14:03:46.578,0 days 00:17:09.974000,18,74.35444060444753,0 days 00:01:01.143000,11141.3498368,213.32999424,5,100.0,False,0,pos,4282.572218405291,0.7112996553024906,OnTrack,2295.0,4932.0,1900.0
2026-09-05 14:03:46.767,0 days 00:17:10.163000,18,78.13444444444667,0 days 00:01:01.332000,11302.0,219.0,5,100.0,False,0,car,4294.078333333334,0.7132107253708514,OnTrack,2240.792607876057,4864.002982453074,1899.3006475182444
2026-09-05 14:03:46.898,0 days 00:17:10.294000,18,80.64527308713248,0 days 00:01:01.463000,11376.150804870116,222.29559132756071,5,100.0,False,0,pos,4302.176027997498,0.7145556851589455,OnTrack,2199.0,4820.0,1899.0
2026-09-05 14:03:46.926,0 days 00:17:10.322000,18,81.18194444444725,0 days 00:01:01.491000,11392.0,223.0,5,100.0,False,0,car,4303.927500000001,0.7148465901030113,OnTrack,2187.851394378767,4808.423173457681,1898.9752327895594
2026-09-05 14:03:47.058,0 days 00:17:10.454000,18,83.49193996444666,0 days 00:01:01.623000,11594.9496064,227.9499904,5,100.0,False,0,pos,4312.303098817857,0.7162377074615207,OnTrack,2128.0,4747.0,1899.0
2026-09-05 14:03:47.086,0 days 00:17:10.482000,18,83.98194444444653,0 days 00:01:01.651000,11638.0,229.0,5,100.0,False,0,car,4314.105277777779,0.716537034409815,OnTrack,2115.038007177078,4733.893845010284,1899.0170226011082
2026-09-05 14:03:47.278,0 days 00:17:10.674000,18,87.07527777778112,0 days 00:01:01.843000,10767.28,235.72,5,100.0,False,0,pos,4326.685746305396,0.718626545682685,OnTrack,2028.0,4644.0,1899.0
2026-09-05 14:03:47.286,0 days 00:17:10.682000,18,87.20416666667006,0 days 00:01:01.851000,10731.0,236.0,5,100.0,False,0,car,4327.216388888889,0.7187146810059156,OnTrack,2024.5595848317053,4640.095603793897,1898.9795587263961
2026-09-05 14:03:47.518,0 days 00:17:10.914000,18,90.61972222222565,0 days 00:01:02.083000,10890.914285714285,240.97142857142856,5,100.0,False,0,pos,4342.784548919632,0.7213004230083435,OnTrack,1934.0,4522.0,1898.0
2026-09-05 14:03:47.566,0 days 00:17:10.962000,18,91.32638888889232,0 days 00:01:02.131000,10924.0,242.0,6,100.0,False,0,car,4346.038611111111,0.7218408956955721,OnTrack,1918.2124074623496,4497.6430152758985,1897.9423822375475
2026-09-05 14:03:47.738,0 days 00:17:11.134000,18,93.7152742222253,0 days 00:01:02.303000,11021.17985536,245.43999488,6,100.0,False,0,pos,4357.779724504182,0.7237909970560271,OnTrack,1866.0,4394.0,1898.0
2026-09-05 14:03:47.766,0 days 00:17:11.162000,18,94.1041666666697,0 days 00:01:02.331000,11037.0,246.0,6,100.0,False,0,car,4359.705277777778,0.7241108154525246,OnTrack,1856.9188698383475,4370.017220107714,1897.9482958804938
2026-09-05 14:03:47.998,0 days 00:17:11.394000,18,97.06861111111395,0 days 00:01:02.563000,11244.971428571429,249.31428571428572,6,100.0,False,0,pos,4375.8045337399035,0.7267847680755,OnTrack,1783.0,4127.0,1897.0
2026-09-05 14:03:48.046,0 days 00:17:11.442000,18,97.68194444444725,0 days 00:01:02.611000,11288.0,250.0,6,100.0,False,0,car,4379.149722222222,0.727340376082335,OnTrack,1772.5337009031666,4085.6369107555074,1896.8438029230126
2026-09-05 14:03:48.246,0 days 00:17:11.642000,18,100.1263888888916,0 days 00:01:02.811000,11373.0,252.0,6,100.0,False,0,car,4393.149722222222,0.7296656597357986,OnTrack,1750.8505179794138,3964.2297844444115,1896.4849972942548
2026-09-05 14:03:48.418,0 days 00:17:11.814000,18,101.8463863288912,0 days 00:01:02.983000,11491.67982336,255.43999488,6,100.0,False,0,pos,4405.459440578314,0.7317102016552384,OnTrack,1742.0,3876.0,1896.0
2026-09-05 14:03:48.646,0 days 00:17:12.042000,18,104.12638888889069,0 days 00:01:03.211000,11649.0,260.0,6,100.0,False,0,car,4422.038611111111,0.7344638641000883,OnTrack,1729.2057562016603,3741.9397133734597,1894.6637837960616
2026-09-05 14:03:48.838,0 days 00:17:12.234000,18,105.83305555555746,0 days 00:01:03.403000,11697.685714285713,262.0571428571429,6,100.0,False,0,pos,4436.038288232561,0.7367890941261079,OnTrack,1719.0,3630.0,1894.0
2026-09-05 14:03:48.926,0 days 00:17:12.322000,18,106.61527777777974,0 days 00:01:03.491000,11720.0,263.0,6,100.0,False,0,car,4442.494166666666,0.737861361882649,OnTrack,1714.8918355187209,3583.206757642784,1894.1188897478296
2026-09-05 14:03:49.078,0 days 00:17:12.474000,18,107.79750000000203,0 days 00:01:03.643000,10981.171428571428,265.1714285714286,6,100.0,False,0,pos,4453.729026941489,0.7397273788073626,OnTrack,1703.0,3454.0,1894.0
2026-09-05 14:03:49.206,0 days 00:17:12.602000,18,108.79305555555766,0 days 00:01:03.771000,10359.0,267.0,6,100.0,False,0,car,4463.260833333333,0.7413105326352865,OnTrack,1681.733494992434,3234.4359348640305,1892.3833958766552
2026-09-05 14:03:49.238,0 days 00:17:12.634000,18,109.01527777777984,0 days 00:01:03.803000,10377.56,267.48,6,100.0,False,0,pos,4465.652502053125,0.7417077689337603,OnTrack,1677.0,3186.0,1892.0
2026-09-05 14:03:49.406,0 days 00:17:12.802000,18,110.18194444444634,0 days 00:01:03.971000,10475.0,270.0,7,100.0,False,0,car,4478.260833333333,0.7438019079782832,OnTrack,1663.3432161988742,3048.931042264193,1890.9313276261018
2026-09-05 14:03:49.566,0 days 00:17:12.962000,18,111.20416666666733,0 days 00:01:04.131000,10603.0,272.0,7,100.0,False,0,car,4490.349722222222,0.7458097719584168,OnTrack,1660.2838554374928,3020.2125990960653,1890.9527349634648
2026-09-05 14:03:49.638,0 days 00:17:13.034000,18,111.56416666666723,0 days 00:01:04.203000,10639.257142857143,273.2857142857143,7,100.0,False,0,pos,4495.844778126612,0.7467224550776557,OnTrack,1657.0,2985.0,1891.0
2026-09-05 14:03:49.798,0 days 00:17:13.194000,18,112.36416666666703,0 days 00:01:04.363000,10719.828571428572,276.14285714285717,7,100.0,False,0,pos,4508.176197405629,0.7487706013400489,OnTrack,1646.0,2863.0,1891.0
2026-09-05 14:03:49.846,0 days 00:17:13.242000,18,112.60416666666697,0 days 00:01:04.411000,10744.0,277.0,7,100.0,False,0,car,4511.894166666667,0.7493881251362469,OnTrack,1642.7017311776215,2825.3963531147065,1890.8117557443704
2026-09-05 14:03:49.978,0 days 00:17:13.374000,18,113.1541656000001,0 days 00:01:04.543000,10825.83984128,278.97999616,7,100.0,False,0,pos,4522.154154194048,0.751092223799258,OnTrack,1634.0,2725.0,1890.0
2026-09-05 14:03:50.046,0 days 00:17:13.442000,18,113.4375,0 days 00:01:04.611000,10868.0,280.0,7,100.0,False,0,car,4527.449722222223,0.7519717736400953,OnTrack,1629.3758660855156,2672.666263850291,1889.6811491365345
2026-09-05 14:03:50.178,0 days 00:17:13.574000,18,113.95083233777706,0 days 00:01:04.743000,10910.8999168,280.8249984,7,100.0,False,0,pos,4537.74416153645,0.7536815944585912,OnTrack,1620.0,2570.0,1889.0
2026-09-05 14:03:50.206,0 days 00:17:13.602000,18,114.05972222222135,0 days 00:01:04.771000,10920.0,281.0,7,100.0,False,0,car,4539.938611111112,0.7540460742960421,OnTrack,1617.931014426643,2548.199907407312,1888.7644815583128
2026-09-05 14:03:50.378,0 days 00:17:13.774000,18,114.53749928888791,0 days 00:01:04.943000,10995.7873872,283.687496,7,100.0,False,0,pos,4553.533313482095,0.7563040413815384,OnTrack,1605.0,2414.0,1887.0
2026-09-05 14:03:50.526,0 days 00:17:13.922000,18,114.94861111111004,0 days 00:01:05.091000,11061.0,286.0,7,100.0,False,0,car,4565.360833333333,0.758268494136617,OnTrack,1594.6549186201023,2297.4181113539353,1886.2410046909617
2026-09-05 14:03:50.578,0 days 00:17:13.974000,18,98.60107122133273,0 days 00:01:05.143000,11094.944277333334,286.72221866666666,7,100.0,False,0,pos,4569.539490200423,0.7589625343156511,OnTrack,1591.0,2256.0,1886.0
2026-09-05 14:03:50.886,0 days 00:17:14.282000,87,1.772777777779993,0 days 00:01:05.451000,11296.0,291.0,7,100.0,False,0,car,4594.4608333333335,0.7631017623020305,OnTrack,1568.1791335970618,2007.5884861282532,1884.1355805608382
2026-09-05 14:03:50.958,0 days 00:17:14.354000,87,2.332777777779211,0 days 00:01:05.523000,11307.25,291.45,7,100.0,False,0,pos,4600.292629603872,0.7640703751976172,OnTrack,1563.0,1952.0,1884.0
2026-09-05 14:03:51.046,0 days 00:17:14.442000,87,3.017222222222699,0 days 00:01:05.611000,11321.0,292.0,7,100.0,False,0,car,4607.438611111113,0.7652572633395271,OnTrack,1556.864491073202,1886.1329416633196,1884.0991743077898
2026-09-05 14:03:51.118,0 days 00:17:14.514000,87,3.497222222222672,0 days 00:01:05.683000,11349.125,292.9,7,100.0,False,0,pos,4613.319424155377,0.7662340175138774,OnTrack,1551.0,1823.0,1884.0
2026-09-05 14:03:51.318,0 days 00:17:14.714000,87,4.83055555555593,0 days 00:01:05.883000,11427.25,295.4,7,100.0,False,0,pos,4629.786496082283,0.7689690613118801,OnTrack,1530.0,1595.0,1882.0
2026-09-05 14:03:51.366,0 days 00:17:14.762000,87,5.150555555555911,0 days 00:01:05.931000,11446.0,296.0,7,100.0,False,0,car,4633.749722222223,0.7696273202374647,OnTrack,1526.3152488469082,1553.9435155000492,1881.6565946983308
2026-09-05 14:03:51.619,0 days 00:17:15.015000,87,6.696666275555601,0 days 00:01:06.184000,11522.803552,297.8071424,7,100.0,False,0,pos,4654.686732221452,0.7731047836020082,OnTrack,1514.0,1414.0,1881.0
2026-09-05 14:03:51.646,0 days 00:17:15.042000,87,6.861666666666679,0 days 00:01:06.211000,11531.0,298.0,7,100.0,False,0,car,4656.927500000001,0.7734769565081988,OnTrack,1512.1756818108104,1394.8535774849345,1880.8966177166265
2026-09-05 14:03:51.819,0 days 00:17:15.215000,87,7.8227774222222966,0 days 00:01:06.384000,11186.853698742858,299.2357138285714,7,100.0,False,0,pos,4671.318716589693,0.7758672179860177,OnTrack,1498.0,1249.0,1880.0
2026-09-05 14:03:51.926,0 days 00:17:15.322000,87,8.417222222222335,0 days 00:01:06.491000,10974.0,300.0,7,100.0,False,0,car,4680.260833333334,0.7773524292639713,OnTrack,1489.4853134997059,1157.7252316885215,1879.421379261274
2026-09-05 14:03:52.178,0 days 00:17:15.574000,87,9.537221283004412,0 days 00:01:06.743000,10573.313355401813,302.0941810693285,7,100.0,False,0,pos,4701.460713328898,0.7808735531503338,OnTrack,1471.0,950.0,1878.0
2026-09-05 14:03:52.287,0 days 00:17:15.683000,87,10.021666666667443,0 days 00:01:06.852000,10400.0,303.0,8,100.0,False,0,car,4710.645,0.7823989868406936,OnTrack,1463.2090994070586,862.3008744135689,1877.3053256421067
2026-09-05 14:03:52.338,0 days 00:17:15.734000,87,10.248332480000725,0 days 00:01:06.903000,10409.43496448,303.0,8,100.0,False,0,pos,4714.9393239707415,0.7831122383643967,OnTrack,1459.0,816.0,1877.0
2026-09-05 14:03:52.487,0 days 00:17:15.883000,87,10.91055555555613,0 days 00:01:07.052000,10437.0,303.0,8,100.0,False,0,car,4727.478333333334,0.7851948636145011,OnTrack,1443.6966920380717,652.6520363803315,1876.2631994609026
2026-09-05 14:03:52.558,0 days 00:17:15.954000,87,11.22611139555638,0 days 00:01:07.123000,10446.7625088,303.0,8,100.0,False,0,pos,4733.452586147231,0.7861871373580592,OnTrack,1437.0,582.0,1876.0
2026-09-05 14:03:52.647,0 days 00:17:16.043000,87,11.621666666667807,0 days 00:01:07.212000,10459.0,303.0,8,100.0,False,0,car,4740.945000000001,0.7874315650335468,OnTrack,1430.4085055230355,512.697176503631,1875.7539895820437
2026-09-05 14:03:52.898,0 days 00:17:16.294000,87,12.66749920000114,0 days 00:01:07.463000,10481.311094044444,303.6972216888889,8,100.0,False,0,pos,4762.124904206816,0.790949371107406,OnTrack,1415.0,347.0,1875.0
2026-09-05 14:03:53.007,0 days 00:17:16.403000,87,13.121666666667807,0 days 00:01:07.572000,10491.0,304.0,8,100.0,False,0,car,4771.345,0.7924807523953533,OnTrack,1403.6767533127306,220.23422966911698,1874.1947692793124
2026-09-05 14:03:53.158,0 days 00:17:16.554000,87,13.666944675557001,0 days 00:01:07.723000,10486.46999808,304.75500032,8,100.0,False,0,pos,4784.137850225193,0.7946055385031995,OnTrack,1388.0,44.0,1873.0
2026-09-05 14:03:53.207,0 days 00:17:16.603000,87,13.843888888890433,0 days 00:01:07.772000,10485.0,305.0,8,100.0,False,0,car,4788.289444444445,0.795295083801331,OnTrack,1384.6515835724992,6.821320088593336,1872.738704636616
2026-09-05 14:03:53.407,0 days 00:17:16.803000,87,14.621666666669626,0 days 00:01:07.972000,10513.0,305.0,8,100.0,False,0,car,4805.233888888888,0.7981094152073085,OnTrack,1376.0253177612353,-85.47735951462556,1872.1119007616203
2026-09-05 14:03:53.438,0 days 00:17:16.834000,87,14.733611316545987,0 days 00:01:08.003000,10512.333332109916,305.1111113150139,8,100.0,False,0,pos,4807.864722002363,0.7985463747240051,OnTrack,1374.0,-107.0,1872.0
2026-09-05 14:03:53.686,0 days 00:17:17.082000,87,15.629166666668425,0 days 00:01:08.251000,10507.0,306.0,8,100.0,False,0,car,4828.948888888889,0.8020482796245864,OnTrack,1347.719582402991,-387.6920183293646,1870.7505643568647
2026-09-05 14:03:53.818,0 days 00:17:17.214000,87,16.105832408890464,0 days 00:01:08.383000,10533.812448,306.0,8,100.0,False,0,pos,4840.165060800674,0.8039111925675084,OnTrack,1333.0,-547.0,1870.0
2026-09-05 14:03:54.006,0 days 00:17:17.402000,87,16.784722222223536,0 days 00:01:08.571000,10572.0,306.0,8,100.0,False,0,car,4856.148888888889,0.8065659735798869,OnTrack,1316.4728343940028,-730.1935565286963,1868.9668551700106
2026-09-05 14:03:54.206,0 days 00:17:17.602000,87,17.451388888890506,0 days 00:01:08.771000,10551.0,307.0,8,100.0,False,0,car,4873.204444444445,0.809398759618035,OnTrack,1304.5343877221705,-864.1393055241357,1868.0444677531034
2026-09-05 14:03:54.218,0 days 00:17:17.614000,87,17.488054773334962,0 days 00:01:08.783000,10553.999936,307.02999936,8,100.0,False,0,pos,4874.229011755494,0.8095689317337676,OnTrack,1304.0,-870.0,1868.0
2026-09-05 14:03:54.558,0 days 00:17:17.954000,87,18.526944444446418,0 days 00:01:09.123000,10639.0,307.88,8,100.0,False,0,pos,4903.311873232027,0.8143993533328624,OnTrack,1292.0,-997.0,1867.0
2026-09-05 14:03:54.606,0 days 00:17:18.002000,87,18.673611111113132,0 days 00:01:09.171000,10651.0,308.0,8,100.0,False,0,car,4907.426666666667,0.8150827863265014,OnTrack,1288.912108765447,-1030.8780231939488,1866.8112758304533
2026-09-05 14:03:54.778,0 days 00:17:18.174000,87,19.05583276444677,0 days 00:01:09.343000,10641.6833472,308.7166656,8,100.0,False,0,pos,4922.188703568357,0.8175346379764534,OnTrack,1275.0,-1184.0,1866.0
2026-09-05 14:03:54.846,0 days 00:17:18.242000,87,19.20694444444689,0 days 00:01:09.411000,10638.0,309.0,8,100.0,False,0,car,4928.026666666667,0.8185042751308834,OnTrack,1269.4897977598407,-1243.2912022770174,1865.6481132507765
2026-09-05 14:03:54.978,0 days 00:17:18.374000,87,19.426944017780773,0 days 00:01:09.543000,10647.8999808,309.0,8,100.0,False,0,pos,4939.356732196201,0.8203861048572048,OnTrack,1259.0,-1355.0,1865.0
2026-09-05 14:03:55.006,0 days 00:17:18.402000,87,19.473611111114224,0 days 00:01:09.571000,10650.0,309.0,8,100.0,False,0,car,4941.759999999999,0.820785267667138,OnTrack,1256.7868465970193,-1378.7528318509133,1864.8885669744855
2026-09-05 14:03:55.206,0 days 00:17:18.602000,87,19.751388888891597,0 days 00:01:09.771000,10659.0,309.0,8,100.0,False,0,car,4958.926666666666,0.8236365083374564,OnTrack,1241.0703123208757,-1549.4326075537258,1864.2475615435346
2026-09-05 14:03:55.258,0 days 00:17:18.654000,87,19.549167662224917,0 days 00:01:09.823000,10659.0,309.0,8,100.0,False,0,pos,4963.390275061188,0.8243778765971166,OnTrack,1237.0,-1594.0,1864.0
2026-09-05 14:03:55.438,0 days 00:17:18.834000,87,18.849166666669316,0 days 00:01:10.003000,10659.0,309.0,8,100.0,False,0,pos,4978.840194157903,0.8269439797630399,OnTrack,1223.0,-1748.0,1863.0
2026-09-05 14:03:55.446,0 days 00:17:18.842000,87,18.818055555558203,0 days 00:01:10.011000,10659.0,309.0,8,100.0,False,0,car,4979.526666666666,0.8270579971418384,OnTrack,1222.3865691827023,-1754.7565223693916,1862.980486712116
2026-09-05 14:03:55.618,0 days 00:17:19.014000,87,16.954724995558593,0 days 00:01:10.183000,10659.0,309.0,8,100.0,False,0,pos,4994.2839283647745,0.8295090556701594,OnTrack,1209.0,-1902.0,1863.0
2026-09-05 14:03:55.686,0 days 00:17:19.082000,87,16.21805555555875,0 days 00:01:10.251000,10659.0,309.0,8,100.0,False,0,car,5000.126666666666,0.8304794859462205,OnTrack,1203.1080509074577,-1966.435423489416,1862.8498680920334
2026-09-05 14:03:56.298,0 days 00:17:19.694000,87,60.01628723471852,0 days 00:01:10.863000,10697.699983811764,310.79999924705885,8,100.0,False,0,pos,5052.993428771268,0.8392602157843188,OnTrack,1144.0,-2604.0,1858.0
2026-09-05 14:03:56.366,0 days 00:17:19.762000,18,64.88277777777694,0 days 00:01:10.931000,10702.0,311.0,8,100.0,False,0,car,5058.87111111111,0.8402364499746819,OnTrack,1139.5405479954688,-2651.10309729217,1857.798904923889
2026-09-05 14:03:56.526,0 days 00:17:19.922000,18,59.72722222222092,0 days 00:01:11.091000,10718.0,311.0,8,100.0,False,0,car,5072.693333333332,0.8425322062166729,OnTrack,1131.4203413199555,-2735.5364483370677,1857.7770915325543
2026-09-05 14:03:56.726,0 days 00:17:20.122000,18,53.17166666666526,0 days 00:01:11.291000,10692.0,311.0,8,100.0,False,0,car,5089.97111111111,0.8454019015191617,OnTrack,1120.7786528182428,-2853.0104089151746,1857.1001338303493
2026-09-05 14:03:56.738,0 days 00:17:20.134000,18,52.78500824888747,0 days 00:01:11.303000,10694.499946666667,311.0499989333333,8,100.0,False,0,pos,5091.009140654371,0.8455743095997871,OnTrack,1120.0,-2862.0,1857.0
2026-09-05 14:03:56.938,0 days 00:17:20.334000,18,46.34056380444282,0 days 00:01:11.503000,10736.166613333333,311.8833322666667,8,100.0,False,0,pos,5108.34052709277,0.8484529088552923,OnTrack,1105.0,-3035.0,1855.0
2026-09-05 14:03:56.966,0 days 00:17:20.362000,18,45.438333333331684,0 days 00:01:11.531000,10742.0,312.0,8,100.0,False,0,car,5110.771111111111,0.8488566086614506,OnTrack,1102.704713025373,-3059.5138691421466,1854.9000379280178
2026-09-05 14:03:57.118,0 days 00:17:20.514000,18,40.58277777777569,0 days 00:01:11.683000,10756.114285714286,312.54285714285714,8,100.0,False,0,pos,5123.982480335732,0.8510509072970137,OnTrack,1090.0,-3190.0,1855.0
2026-09-05 14:03:57.246,0 days 00:17:20.642000,18,36.49388888888643,0 days 00:01:11.811000,10768.0,313.0,8,100.0,False,0,car,5135.115555555556,0.8529000185699733,OnTrack,1080.0643661933489,-3300.9913844154707,1854.5073828445582
2026-09-05 14:03:57.338,0 days 00:17:20.734000,18,33.70834108444208,0 days 00:01:11.903000,10778.733303466666,313.0,8,100.0,False,0,pos,5143.114768658569,0.8542286213891881,OnTrack,1073.0,-3381.0,1854.0
2026-09-05 14:03:57.486,0 days 00:17:20.882000,18,29.227222222220007,0 days 00:01:12.051000,10796.0,313.0,8,100.0,False,0,car,5155.982222222222,0.8563657984915641,OnTrack,1061.1996891706988,-3509.1093183526236,1853.2832489616658
2026-09-05 14:03:57.538,0 days 00:17:20.934000,18,27.681674275553366,0 days 00:01:12.103000,10788.72003584,313.0,8,100.0,False,0,pos,5160.504470964264,0.8571169064256191,OnTrack,1057.0,-3554.0,1853.0
2026-09-05 14:03:57.686,0 days 00:17:21.082000,18,23.282777777775664,0 days 00:01:12.251000,10768.0,313.0,8,100.0,False,0,car,5173.371111111111,0.8592539484262232,OnTrack,1044.9849412186695,-3681.632119197735,1852.0688564088066
2026-09-05 14:03:57.698,0 days 00:17:21.094000,18,22.95278481777569,0 days 00:01:12.263000,10765.750048,312.9500010666667,8,100.0,False,0,pos,5174.413137108943,0.8594270202847408,OnTrack,1044.0,-3692.0,1852.0
2026-09-05 14:03:57.926,0 days 00:17:21.322000,18,16.68277777777621,0 days 00:01:12.491000,10723.0,312.0,8,100.0,False,0,car,5194.17111111111,0.8627086555685117,OnTrack,1024.9101315326243,-3889.5465578137246,1851.0940964554545
2026-09-05 14:03:58.019,0 days 00:17:21.415000,18,14.254446115554082,0 days 00:01:12.584000,10698.5875168,311.61250026666664,8,100.0,False,0,pos,5202.204817550656,0.8640429874442689,OnTrack,1017.0,-3969.0,1851.0
2026-09-05 14:03:58.099,0 days 00:17:21.495000,18,12.165557226665273,0 days 00:01:12.664000,10677.5875168,311.27916693333333,8,100.0,False,0,pos,5209.109634425108,0.8651898201448633,OnTrack,1010.0,-4038.0,1851.0
2026-09-05 14:03:58.166,0 days 00:17:21.562000,18,10.416111111109785,0 days 00:01:12.731000,10660.0,311.0,8,100.0,False,0,car,5214.904444444443,0.8661522899314981,OnTrack,1003.2527447920191,-4103.559433890779,1850.7679092132128
2026-09-05 14:03:58.326,0 days 00:17:21.722000,18,6.416111111109785,0 days 00:01:12.891000,10604.0,310.0,8,100.0,False,0,car,5228.682222222221,0.868440664320621,OnTrack,983.5514167809444,-4291.451328500553,1849.2301229970005
2026-09-05 14:03:58.479,0 days 00:17:21.875000,18,3.866112177776452,0 days 00:01:13.044000,10464.60005831111,298.5250048,8,57.50001777777778,False,0,pos,5241.204846063798,0.8705205680718562,OnTrack,964.0,-4461.0,1848.0
2026-09-05 14:03:58.686,0 days 00:17:22.082000,18,0.41611111110978527,0 days 00:01:13.251000,10276.0,283.0,8,0.0,True,0,car,5256.982222222221,0.873141059134408,OnTrack,939.4682152180532,-4637.796405463432,1847.7768399212093
2026-09-05 14:03:58.818,0 days 00:17:22.214000,18,137.5129961319101,0 days 00:01:13.383000,10444.1866232397,268.6075016787542,8,0.0,True,0,pos,5266.3540874579585,0.8746976480654883,OnTrack,928.0,-4715.0,1848.0
2026-09-05 14:03:59.007,0 days 00:17:22.403000,30,333.8113888888929,0 days 00:01:13.572000,10685.0,248.0,8,0.0,True,0,car,5279.095555555554,0.8768139000289501,OnTrack,919.275784305734,-4777.352827797287,1848.2939014753206
2026-09-05 14:03:59.118,0 days 00:17:22.514000,30,335.1988896888924,0 days 00:01:13.683000,10425.25985024,240.22999552,8,0.0,True,0,pos,5286.392295110981,0.8780258278297939,OnTrack,907.0,-4836.0,1848.0
2026-09-05 14:03:59.207,0 days 00:17:22.603000,30,336.311388888892,0 days 00:01:13.772000,10217.0,234.0,7,0.0,True,0,car,5292.095555555554,0.8789730919928804,OnTrack,889.1600825881219,-4912.584808632963,1847.348974185797
2026-09-05 14:03:59.438,0 days 00:17:22.834000,30,160.74550691394037,0 days 00:01:14.003000,10425.950057890908,223.4999970909091,7,0.0,True,0,pos,5306.115862537734,0.8813017484673235,OnTrack,832.0,-5144.0,1845.0
2026-09-05 14:03:59.647,0 days 00:17:23.043000,18,1.9002777777768642,0 days 00:01:14.212000,10615.0,214.0,5,0.0,True,0,car,5318.251111111109,0.8833173124057797,OnTrack,812.5661498464062,-5207.79735060449,1844.275799135256
2026-09-05 14:03:59.738,0 days 00:17:23.134000,18,2.860831306665742,0 days 00:01:14.303000,10498.406496,211.7250048,5,0.5687487999999999,True,0,pos,5323.486376583082,0.884186846493174,OnTrack,802.0,-5232.0,1844.0
2026-09-05 14:03:59.967,0 days 00:17:23.363000,18,5.278055555554602,0 days 00:01:14.532000,10205.0,206.0,5,2.0,True,0,car,5336.56222222222,0.8863586357874527,OnTrack,750.9182171085469,-5348.422901102801,1842.910676004585
2026-09-05 14:04:00.058,0 days 00:17:23.454000,18,6.2891645333326665,0 days 00:01:14.623000,10129.9251584,204.8625024,5,2.5687488,True,0,pos,5341.739488847774,0.8872185367484542,OnTrack,727.0,-5396.0,1843.0
2026-09-05 14:04:00.127,0 days 00:17:23.523000,18,7.055833333332885,0 days 00:01:14.692000,10073.0,204.0,5,3.0,True,0,car,5345.628888888887,0.8878645337725528,OnTrack,708.8743515953793,-5427.881028858995,1843.4193149075634
2026-09-05 14:04:00.218,0 days 00:17:23.614000,18,8.319719265631155,0 days 00:01:14.783000,10013.638131695912,201.71685121907356,5,4.3046564462436825,True,0,pos,5350.67931036176,0.8887033668078367,OnTrack,681.0,-5469.0,1844.0
2026-09-05 14:04:00.406,0 days 00:17:23.802000,18,10.930833333331975,0 days 00:01:14.971000,9891.0,197.0,5,7.0,False,0,car,5360.8963888888875,0.8904003386424998,OnTrack,593.3348667611417,-5569.402152228075,1843.426216756061
2026-09-05 14:04:00.498,0 days 00:17:23.894000,18,12.361940462220957,0 days 00:01:15.063000,9751.8503872,194.7000064,5,15.0499776,False,0,pos,5365.842266344241,0.8912218077852833,OnTrack,551.0,-5612.0,1843.0
2026-09-05 14:04:00.566,0 days 00:17:23.962000,18,13.419722222221026,0 days 00:01:15.131000,9649.0,193.0,5,21.0,False,0,car,5369.474166666665,0.8918250362460504,OnTrack,524.0998484823301,-5636.896554589419,1842.8212611633116
2026-09-05 14:04:00.806,0 days 00:17:24.202000,18,17.48638888888763,0 days 00:01:15.371000,9737.0,190.0,5,48.0,False,0,car,5382.140833333331,0.8939288643134696,OnTrack,449.5552349874397,-5688.449032806126,1842.937899571231
2026-09-05 14:04:00.898,0 days 00:17:24.294000,18,19.121939893332332,0 days 00:01:15.463000,9739.2999936,189.4250016,5,52.0249888,False,0,pos,5386.965748489821,0.8947302426236651,OnTrack,414.0,-5707.0,1843.0
2026-09-05 14:04:00.966,0 days 00:17:24.362000,18,20.33083333333252,0 days 00:01:15.531000,9741.0,189.0,5,55.0,False,0,car,5390.540833333332,0.8953240345055479,OnTrack,383.30876797596017,-5722.003787427495,1843.0156833400981
2026-09-05 14:04:01.118,0 days 00:17:24.514000,18,22.94861111111022,0 days 00:01:15.683000,9783.275,190.425,5,59.75,False,0,pos,5398.5985264993205,0.8966623503772264,OnTrack,308.0,-5755.0,1843.0
2026-09-05 14:04:01.286,0 days 00:17:24.682000,18,25.84194444444347,0 days 00:01:15.851000,9830.0,192.0,5,65.0,False,0,car,5407.607499999998,0.898158666006913,OnTrack,224.61004471093534,-5779.535410648792,1843.001544102439
2026-09-05 14:04:01.298,0 days 00:17:24.694000,18,26.035273653332354,0 days 00:01:15.863000,9841.314044342857,192.17142491428572,5,65.47141851428572,False,0,pos,5408.254969324343,0.8982662052809143,OnTrack,217.0,-5781.0,1843.0
2026-09-05 14:04:01.498,0 days 00:17:24.894000,18,29.257495875554458,0 days 00:01:16.063000,10029.885472914286,195.02856777142858,5,73.32856137142858,False,0,pos,5419.124060208423,0.9000714709495398,OnTrack,66.0,-5801.0,1843.0
2026-09-05 14:04:01.566,0 days 00:17:24.962000,18,30.35305555555442,0 days 00:01:16.131000,10094.0,196.0,5,76.0,False,0,car,5422.851944444443,0.9006906415406843,OnTrack,28.138972942865177,-5805.236613685665,1843.0963482824977
2026-09-05 14:04:01.918,0 days 00:17:25.314000,18,35.7308333333322,0 days 00:01:16.483000,10332.577777777778,200.88888888888889,5,79.91111111111111,False,0,pos,5442.494208970063,0.9039530584420009,OnTrack,-121.0,-5789.0,1844.0
2026-09-05 14:04:01.926,0 days 00:17:25.322000,18,35.85305555555442,0 days 00:01:16.491000,10338.0,201.0,5,80.0,False,0,car,5442.951944444443,0.9040290845002998,OnTrack,-127.90744097853919,-5787.33391727283,1844.007158459707
2026-09-05 14:04:02.098,0 days 00:17:25.494000,18,38.0508300622211,0 days 00:01:16.663000,10560.817850181818,205.2999936,5,85.47271912727273,False,0,pos,5452.93816140336,0.9056877121470505,OnTrack,-298.0,-5744.0,1844.0
2026-09-05 14:04:02.366,0 days 00:17:25.762000,18,41.47527777777668,0 days 00:01:16.931000,10908.0,212.0,5,94.0,False,0,car,5468.863055555554,0.9083327047224243,OnTrack,-385.048790492058,-5716.002504618309,1843.9009166045046
2026-09-05 14:04:02.458,0 days 00:17:25.854000,18,42.5741636088877,0 days 00:01:17.023000,10971.47982336,213.83999488,5,96.75999232,False,0,pos,5474.359891603309,0.9092456835086824,OnTrack,-419.0,-5697.0,1844.0
2026-09-05 14:04:02.566,0 days 00:17:25.962000,18,43.86416666666537,0 days 00:01:17.131000,11046.0,216.0,5,100.0,False,0,car,5480.863055555554,0.9103258049968217,OnTrack,-485.3062726473961,-5659.982073548877,1844.2542395747232
2026-09-05 14:04:02.766,0 days 00:17:26.162000,18,46.03083333333143,0 days 00:01:17.331000,11315.0,221.0,5,100.0,False,0,car,5493.140833333332,0.9123650418516449,OnTrack,-646.2771468267928,-5563.069368451668,1844.9588308877856
2026-09-05 14:04:02.778,0 days 00:17:26.174000,18,46.15416403555365,0 days 00:01:17.343000,11321.733189688888,221.16666311111112,5,100.0,False,0,pos,5493.884699485194,0.9124885918375942,OnTrack,-655.0,-5557.0,1845.0
2026-09-05 14:04:03.126,0 days 00:17:26.522000,18,49.73083333333125,0 days 00:01:17.691000,11517.0,226.0,5,100.0,False,0,car,5515.740833333332,0.9161187140350933,OnTrack,-848.3820526192158,-5386.634133706931,1845.9813812201633
2026-09-05 14:04:03.138,0 days 00:17:26.534000,18,49.84416424888679,0 days 00:01:17.703000,11452.26138112,226.23999488,5,100.0,False,0,pos,5516.502636788133,0.9162452432579934,OnTrack,-853.0,-5382.0,1846.0
2026-09-05 14:04:03.326,0 days 00:17:26.722000,18,51.619722222219934,0 days 00:01:17.891000,10438.0,230.0,5,100.0,False,0,car,5528.518611111111,0.9182409967346831,OnTrack,-907.5234906888836,-5324.754003392029,1846.1247945483228
2026-09-05 14:04:03.538,0 days 00:17:26.934000,18,53.44527557333065,0 days 00:01:18.103000,10537.942736457142,233.7857097142857,5,100.0,False,0,pos,5542.326662648898,0.9205343993437543,OnTrack,-964.0,-5255.0,1846.0
2026-09-05 14:04:03.606,0 days 00:17:27.002000,18,54.03083333333052,0 days 00:01:18.171000,10570.0,235.0,6,100.0,False,0,car,5546.796388888889,0.921276783726705,OnTrack,-989.801082474806,-5221.486915931094,1845.9281160622688
2026-09-05 14:04:03.698,0 days 00:17:27.094000,18,54.74638689777501,0 days 00:01:18.263000,10660.8497472,236.7249952,6,100.0,False,0,pos,5552.866641468878,0.922285002233608,OnTrack,-1027.0,-5171.0,1846.0
2026-09-05 14:04:03.766,0 days 00:17:27.162000,18,55.275277777775045,0 days 00:01:18.331000,10728.0,238.0,6,100.0,False,0,car,5557.3741666666665,0.9230336647093218,OnTrack,-1052.7126536018066,-5133.185762287921,1846.3610157528171
2026-09-05 14:04:03.858,0 days 00:17:27.254000,18,55.939720373330346,0 days 00:01:18.423000,10752.533265066666,239.1499968,6,100.0,False,0,pos,5563.504665914777,0.9240518896871219,OnTrack,-1085.0,-5083.0,1847.0
2026-09-05 14:04:04.006,0 days 00:17:27.402000,18,57.00861111110771,0 days 00:01:18.571000,10792.0,241.0,6,100.0,False,0,car,5573.440833333333,0.9257022045211538,OnTrack,-1130.8896084551473,-5009.481496390774,1847.5529444266178
2026-09-05 14:04:04.218,0 days 00:17:27.614000,18,58.421942737774295,0 days 00:01:18.783000,10945.6998144,243.6499968,6,100.0,False,0,pos,5587.82231625667,0.9280908493178824,OnTrack,-1202.0,-4871.0,1848.0
2026-09-05 14:04:04.326,0 days 00:17:27.722000,18,59.141944444440924,0 days 00:01:18.891000,11024.0,245.0,6,100.0,False,0,car,5595.218611111111,0.9293193124265415,OnTrack,-1251.6467885480877,-4756.263682673351,1848.4879119138045
2026-09-05 14:04:04.438,0 days 00:17:27.834000,18,59.79527777777451,0 days 00:01:19.003000,11065.533333333333,246.86666666666667,6,100.0,False,0,pos,5602.9398499559375,0.9306017460315674,OnTrack,-1298.0,-4644.0,1849.0
2026-09-05 14:04:04.566,0 days 00:17:27.962000,18,60.54194444444147,0 days 00:01:19.131000,11113.0,249.0,6,100.0,False,0,car,5611.818611111111,0.9320764344727911,OnTrack,-1325.3150826520784,-4574.180566364482,1849.3508190299522
2026-09-05 14:04:04.779,0 days 00:17:28.175000,18,61.72527742221932,0 days 00:01:19.344000,11184.50712137143,251.28214217142857,6,100.0,False,0,pos,5626.701518755281,0.9345483617485765,OnTrack,-1343.0,-4512.0,1850.0
2026-09-05 14:04:04.846,0 days 00:17:28.242000,18,62.097499999997126,0 days 00:01:19.411000,11207.0,252.0,6,100.0,False,0,car,5631.418611111111,0.9353318315876401,OnTrack,-1353.4864561035617,-4475.407165622917,1850.4488830750618
2026-09-05 14:04:05.079,0 days 00:17:28.475000,18,63.26249967999666,0 days 00:01:19.644000,11340.327741155555,254.5888881777778,6,100.0,False,0,pos,5647.965019789109,0.9380800525606742,OnTrack,-1399.0,-4309.0,1852.0
2026-09-05 14:04:05.159,0 days 00:17:28.555000,18,63.66249967999649,0 days 00:01:19.724000,11386.105518933333,255.47777706666668,6,100.0,False,0,pos,5653.668439202162,0.9390273431271039,OnTrack,-1411.0,-4254.0,1852.0
2026-09-05 14:04:05.206,0 days 00:17:28.602000,18,63.8974999999964,0 days 00:01:19.771000,11413.0,256.0,6,100.0,False,0,car,5657.018611111112,0.9395837788396878,OnTrack,-1419.012378716008,-4212.441381089792,1852.136143557384
2026-09-05 14:04:05.367,0 days 00:17:28.763000,18,64.65777777777475,0 days 00:01:19.932000,11497.0,257.0,6,100.0,False,0,car,5668.512222222223,0.9414927721279687,OnTrack,-1451.4551478084115,-4024.1233590972765,1853.4717953063043
2026-09-05 14:04:05.438,0 days 00:17:28.834000,18,64.93388913777466,0 days 00:01:20.003000,11525.4000256,258.0142866285714,6,100.0,False,0,pos,5673.622967536888,0.9423416244520547,OnTrack,-1462.0,-3958.0,1854.0
2026-09-05 14:04:05.647,0 days 00:17:29.043000,18,65.74666666666326,0 days 00:01:20.212000,11609.0,261.0,6,100.0,False,0,car,5688.812222222223,0.9448644334254909,OnTrack,-1473.6756227643575,-3861.1534720681198,1854.790820304727
2026-09-05 14:04:05.718,0 days 00:17:29.114000,18,66.00305578666324,0 days 00:01:20.283000,11455.4623616,261.53250048,6,100.0,False,0,pos,5693.999357776241,0.9457259735334951,OnTrack,-1476.0,-3829.0,1855.0
2026-09-05 14:04:06.047,0 days 00:17:29.443000,18,67.1911111111076,0 days 00:01:20.612000,10744.0,264.0,6,100.0,False,0,car,5718.145555555556,0.949736456318462,OnTrack,-1491.5906064940878,-3589.33455235964,1855.9938535586723
2026-09-05 14:04:06.058,0 days 00:17:29.454000,18,64.59140252037766,0 days 00:01:20.623000,10725.732461714286,264.03928502857144,6,100.0,False,0,pos,5718.953470211632,0.9498706442286883,OnTrack,-1492.0,-3581.0,1856.0
2026-09-05 14:04:06.198,0 days 00:17:29.594000,18,31.503564239237534,0 days 00:01:20.763000,10493.232036571428,264.53928594285713,6,100.0,False,0,pos,5729.236081465143,0.9515785005045962,OnTrack,-1496.0,-3478.0,1856.0
2026-09-05 14:04:06.327,0 days 00:17:29.723000,87,1.015555555557512,0 days 00:01:20.892000,10279.0,265.0,7,100.0,False,0,car,5738.756666666667,0.9531597905860612,OnTrack,-1498.0842400474176,-3383.1930914413974,1856.5339214918001
2026-09-05 14:04:06.418,0 days 00:17:29.814000,87,1.5969432177797802,0 days 00:01:20.983000,10308.069383111111,266.0111089777778,7,100.0,False,0,pos,5745.520510974544,0.9542832089148954,OnTrack,-1499.0,-3316.0,1857.0
2026-09-05 14:04:06.678,0 days 00:17:30.074000,87,3.2580559644465783,0 days 00:01:21.243000,10391.125020444444,268.9000007111111,7,100.0,False,0,pos,5764.983102853945,0.9575157836828383,OnTrack,-1500.0,-3123.0,1858.0
2026-09-05 14:04:06.687,0 days 00:17:30.083000,87,3.315555555557694,0 days 00:01:21.252000,10394.0,269.0,7,100.0,False,0,car,5765.656666666667,0.9576276570345017,OnTrack,-1499.9743985825492,-3116.2660453419485,1858.0494371111358
2026-09-05 14:04:06.838,0 days 00:17:30.234000,87,4.322222648891093,0 days 00:01:21.403000,10394.0,269.0,7,100.0,False,0,pos,5776.948740816375,0.9595031767083599,OnTrack,-1499.0,-3004.0,1859.0
2026-09-05 14:04:06.967,0 days 00:17:30.363000,87,5.182222222224482,0 days 00:01:21.532000,10394.0,269.0,7,100.0,False,0,car,5786.578888888889,0.9611026642721778,OnTrack,-1497.8013335989758,-2913.877693540279,1859.5545751655848
2026-09-05 14:04:07.098,0 days 00:17:30.494000,87,6.055554041694855,0 days 00:01:21.663000,10489.920335820496,269.0,7,100.0,False,0,pos,5796.340383730208,0.9627239674427411,OnTrack,-1496.0,-2810.0,1860.0
2026-09-05 14:04:07.206,0 days 00:17:30.602000,87,6.77555555555773,0 days 00:01:21.771000,10569.0,269.0,7,100.0,False,0,car,5804.437500000001,0.9640688311643371,OnTrack,-1493.8256055252457,-2700.6239090795502,1860.4358184764862
2026-09-05 14:04:07.338,0 days 00:17:30.734000,87,7.582220657780219,0 days 00:01:21.903000,10603.2374336,271.4749952,7,100.0,False,0,pos,5814.459965635193,0.9657334794149737,OnTrack,-1491.0,-2576.0,1861.0
2026-09-05 14:04:07.526,0 days 00:17:30.922000,87,8.731111111113933,0 days 00:01:22.091000,10652.0,275.0,7,100.0,False,0,car,5828.881944444445,0.968128850241813,OnTrack,-1487.9769473710096,-2488.575447955584,1861.7641788645094
2026-09-05 14:04:07.578,0 days 00:17:30.974000,87,9.034442951113775,0 days 00:01:22.143000,10662.00995072,275.25999872,7,100.0,False,0,pos,5832.876639886674,0.968792335956983,OnTrack,-1487.0,-2461.0,1862.0
2026-09-05 14:04:07.778,0 days 00:17:31.174000,87,10.201109617779835,0 days 00:01:22.343000,10700.50995072,276.25999872,7,100.0,False,0,pos,5848.2602983852985,0.9713474337882201,OnTrack,-1482.0,-2308.0,1863.0
2026-09-05 14:04:07.926,0 days 00:17:31.322000,87,11.064444444446053,0 days 00:01:22.491000,10729.0,277.0,7,100.0,False,0,car,5859.6597222222235,0.9732407833529989,OnTrack,-1477.284745799912,-2194.4171827686096,1863.5869596485063
2026-09-05 14:04:08.018,0 days 00:17:31.414000,87,11.601109617779247,0 days 00:01:22.583000,10751.233271466666,277.3833322666667,7,100.0,False,0,pos,5866.751544245968,0.9744186760547908,OnTrack,-1474.0,-2124.0,1864.0
2026-09-05 14:04:08.166,0 days 00:17:31.562000,87,12.46444444444569,0 days 00:01:22.731000,10787.0,278.0,7,100.0,False,0,car,5878.193055555556,0.9763190159990124,OnTrack,-1468.2624409155565,-2007.9331155064297,1864.8436003021598
2026-09-05 14:04:08.198,0 days 00:17:31.594000,87,12.624444444445725,0 days 00:01:22.763000,10796.0,278.3,7,100.0,False,0,pos,5880.677572910768,0.9767316736842138,OnTrack,-1467.0,-1984.0,1865.0
2026-09-05 14:04:08.438,0 days 00:17:31.834000,87,13.824444444445998,0 days 00:01:23.003000,10863.5,280.55,7,100.0,False,0,pos,5899.41471582407,0.9798437574077076,OnTrack,-1456.0,-1798.0,1866.0
2026-09-05 14:04:08.486,0 days 00:17:31.882000,87,14.064444444446053,0 days 00:01:23.051000,10877.0,281.0,7,100.0,False,0,car,5903.1708333333345,0.9804676173109061,OnTrack,-1452.6096881625933,-1743.5642403714685,1866.4030440568486
2026-09-05 14:04:08.686,0 days 00:17:32.082000,87,15.12000000000171,0 days 00:01:23.251000,10913.0,282.0,7,100.0,False,0,car,5918.8375000000015,0.9830697204469249,OnTrack,-1435.395435684732,-1471.7631115287998,1868.6518588911956
2026-09-05 14:04:08.738,0 days 00:17:32.134000,87,15.379998720001947,0 days 00:01:23.303000,10917.41997824,282.25999872,7,100.0,False,0,pos,5922.918732700561,0.9837475792815384,OnTrack,-1432.0,-1420.0,1869.0
2026-09-05 14:04:08.886,0 days 00:17:32.282000,87,16.12000000000262,0 days 00:01:23.451000,10930.0,283.0,7,100.0,False,0,car,5934.559722222223,0.9856810508990287,OnTrack,-1426.2498221419876,-1339.3074961419252,1869.1557532424313
2026-09-05 14:04:09.058,0 days 00:17:32.454000,87,16.932221013335376,0 days 00:01:23.623000,10998.2623984,284.0749984,7,100.0,False,0,pos,5948.150171130102,0.9879383115196516,OnTrack,-1421.0,-1276.0,1869.0
2026-09-05 14:04:09.206,0 days 00:17:32.602000,87,17.63111111111266,0 days 00:01:23.771000,11057.0,285.0,7,100.0,False,0,car,5959.893055555557,0.9898887070338676,OnTrack,-1412.2402305013109,-1159.9014066910083,1869.7169780583151
2026-09-05 14:04:09.258,0 days 00:17:32.654000,87,17.86222108444598,0 days 00:01:23.823000,11061.333312,285.4333312,7,100.0,False,0,pos,5964.028563728051,0.990575580573315,OnTrack,-1409.0,-1117.0,1870.0
2026-09-05 14:04:09.446,0 days 00:17:32.842000,87,18.697777777779265,0 days 00:01:24.011000,11077.0,287.0,7,100.0,False,0,car,5979.02638888889,0.993066594693601,OnTrack,-1398.3248503816876,-978.8718442484743,1870.779600766949
2026-09-05 14:04:09.538,0 days 00:17:32.934000,87,19.081110044445843,0 days 00:01:24.103000,11095.1124496,287.5749984,7,100.0,False,0,pos,5986.396787943262,0.9942907567250748,OnTrack,-1393.0,-912.0,1871.0
2026-09-05 14:04:09.766,0 days 00:17:33.162000,87,20.031111111112295,0 days 00:01:24.331000,11140.0,289.0,7,100.0,False,0,car,6004.71527777778,0.9973333056513851,OnTrack,-1378.2478760406582,-731.9129507102621,1871.0496553571022
2026-09-05 14:04:09.791,0 days 00:17:33.187000,87,20.031111111112295,0 days 00:01:24.356000,11147.499980800001,289.0,7,100.0,False,0,interpolation,6006.723207308238,0.9976668060595623,OnTrack,-1376.4954416015214,-710.9214843935187,1871.0120525807454
