Date,SessionTime,DriverAhead,DistanceToDriverAhead,Time,RPM,Speed,nGear,Throttle,Brake,DRS,Source,Distance,RelativeDistance,Status,X,Y,Z
2026-09-05 14:10:03.813,0 days 00:23:27.209000,,220.75166666666667,0 days 00:00:00,11225.6964032,290.517856,7,100.0,False,0,interpolation,0.07884189878621187,1.3736492978614689e-05,OnTrack,-1381.0777342444003,-763.7018709308145,1870.612627504093
2026-09-05 14:10:03.998,0 days 00:23:27.394000,,220.75166666666667,0 days 00:00:00.185000,11299.035765028571,293.82143085714284,7,100.0,False,0,pos,15.220001708260058,0.002651755599734408,OnTrack,-1370.0,-631.0,1871.0
2026-09-05 14:10:04.008,0 days 00:23:27.404000,,220.75166666666667,0 days 00:00:00.195000,11303.0,294.0,7,100.0,False,0,car,16.04305555555556,0.0027951549035113788,OnTrack,-1369.3342780537687,-623.1485098237706,1871.0399292355862
2026-09-05 14:10:04.198,0 days 00:23:27.594000,,220.75166666666667,0 days 00:00:00.385000,11338.285738057142,296.71428754285716,7,100.0,False,0,pos,31.763623338329303,0.005534123298393395,OnTrack,-1356.0,-468.0,1872.0
2026-09-05 14:10:04.288,0 days 00:23:27.684000,55,220.75166666666667,0 days 00:00:00.475000,11355.0,298.0,7,100.0,False,0,car,39.22083333333333,0.0068333806008361005,OnTrack,-1350.1410524625771,-401.2370151233461,1872.33984670647
2026-09-05 14:10:04.418,0 days 00:23:27.814000,55,222.15999861333333,0 days 00:00:00.605000,11453.79990272,298.0,7,100.0,False,0,pos,49.97423443123539,0.008706927800379205,OnTrack,-1340.0,-286.0,1873.0
2026-09-05 14:10:04.488,0 days 00:23:27.884000,55,222.91833333333332,0 days 00:00:00.675000,11507.0,298.0,7,100.0,False,0,car,55.77638888888889,0.009717827527496618,OnTrack,-1332.1153539847849,-195.5163224172301,1873.6807609844898
2026-09-05 14:10:04.618,0 days 00:23:28.014000,55,224.29055420444445,0 days 00:00:00.805000,11538.958301866667,299.0833322666667,7,100.0,False,0,pos,66.59893410620529,0.011603421592037524,OnTrack,-1317.0,-22.0,1875.0
2026-09-05 14:10:04.728,0 days 00:23:28.124000,55,225.45166666666668,0 days 00:00:00.915000,11566.0,300.0,7,100.0,False,0,car,75.77638888888889,0.013202394284536166,OnTrack,-1310.0958523620038,55.581175163783975,1875.3026737914554
2026-09-05 14:10:04.938,0 days 00:23:28.334000,55,227.6683313886384,0 days 00:00:01.125000,11511.52306034529,300.0,7,100.0,False,0,pos,93.28040057517362,0.016252089146379146,OnTrack,-1302.0,143.0,1875.0
2026-09-05 14:10:04.967,0 days 00:23:28.363000,55,227.9744444444445,0 days 00:00:01.154000,11504.0,300.0,7,100.0,False,0,car,95.69305555555555,0.016672442013421385,OnTrack,-1299.758291935732,168.06524155398296,1875.0676359715785
2026-09-05 14:10:05.167,0 days 00:23:28.563000,55,230.14111111111112,0 days 00:00:01.354000,11366.0,300.0,7,100.0,False,0,car,112.35972222222223,0.01957624764428768,OnTrack,-1277.3202495644691,422.0434079897103,1876.2851051168134
2026-09-05 14:10:05.278,0 days 00:23:28.674000,55,231.03527829333333,0 days 00:00:01.465000,11229.171074953847,302.3480782769231,7,100.0,False,0,pos,121.77463660502006,0.02121659252822122,OnTrack,-1268.0,529.0,1877.0
2026-09-05 14:10:05.498,0 days 00:23:28.894000,55,232.80749845333335,0 days 00:00:01.685000,10957.979082830769,307.0019190153846,7,100.0,False,0,pos,140.82928488588902,0.02453645222655106,OnTrack,-1261.0,614.0,1878.0
2026-09-05 14:10:05.687,0 days 00:23:29.083000,55,234.33000000000004,0 days 00:00:01.874000,10725.0,311.0,8,100.0,False,0,car,157.28194444444446,0.027402971754682624,OnTrack,-1247.7149861314858,771.4375967071909,1878.838450937858
2026-09-05 14:10:05.718,0 days 00:23:29.114000,55,234.56250048000004,0 days 00:00:01.905000,10739.3375296,311.25833386666665,8,100.0,False,0,pos,159.97716315033895,0.027872555229958178,OnTrack,-1245.0,803.0,1879.0
2026-09-05 14:10:05.927,0 days 00:23:29.323000,55,236.13000000000008,0 days 00:00:02.114000,10836.0,313.0,8,100.0,False,0,car,178.1486111111111,0.03103853640452722,OnTrack,-1224.4785646104197,1036.9060705256468,1880.3111143835727
2026-09-05 14:10:06.058,0 days 00:23:29.454000,55,237.03972088888895,0 days 00:00:02.245000,10886.060640914286,313.9357129142857,8,100.0,False,0,pos,189.58582101450168,0.033031222475659136,OnTrack,-1213.0,1167.0,1881.0
2026-09-05 14:10:06.207,0 days 00:23:29.603000,55,238.0744444444445,0 days 00:00:02.394000,10943.0,315.0,8,100.0,False,0,car,202.64861111111114,0.035307130681900674,OnTrack,-1203.5095244326385,1275.6352500040107,1881.4357410405378
2026-09-05 14:10:06.407,0 days 00:23:29.803000,55,239.2966666666668,0 days 00:00:02.594000,11002.0,317.0,8,100.0,False,0,car,220.25972222222222,0.03837548529851605,OnTrack,-1192.7734674226313,1402.6626399885513,1881.9461781898883
2026-09-05 14:10:06.419,0 days 00:23:29.815000,55,239.37000000000012,0 days 00:00:02.606000,11002.0,317.0,8,100.0,False,0,pos,221.31670331839774,0.03855964135804368,OnTrack,-1192.0,1412.0,1882.0
2026-09-05 14:10:06.567,0 days 00:23:29.963000,55,240.2744444444445,0 days 00:00:02.754000,11002.0,317.0,8,100.0,False,0,car,234.34861111111113,0.04083016899180836,OnTrack,-1181.3754514876468,1541.2629385597807,1882.832762848149
2026-09-05 14:10:06.599,0 days 00:23:29.995000,55,240.47000000000006,0 days 00:00:02.786000,11001.377777777778,317.0,8,100.0,False,0,pos,237.16616063397615,0.04132106596199276,OnTrack,-1179.0,1570.0,1883.0
2026-09-05 14:10:06.839,0 days 00:23:30.235000,55,241.93666666666675,0 days 00:00:03.026000,10996.711111111112,317.0,8,100.0,False,0,pos,258.29909835394074,0.04500302257487154,OnTrack,-1161.0,1780.0,1884.0
2026-09-05 14:10:06.927,0 days 00:23:30.323000,55,242.47444444444454,0 days 00:00:03.114000,10995.0,317.0,8,100.0,False,0,car,266.0486111111111,0.046353207301716035,OnTrack,-1153.7819770440622,1856.9153745575077,1884.5244863634834
2026-09-05 14:10:06.999,0 days 00:23:30.395000,55,242.9144445321704,0 days 00:00:03.186000,10995.0,317.0,8,100.0,False,0,pos,272.38946349586166,0.047457963473275876,OnTrack,-1148.0,1920.0,1885.0
2026-09-05 14:10:07.179,0 days 00:23:30.575000,55,244.01444475148503,0 days 00:00:03.366000,10995.0,317.0,8,100.0,False,0,pos,288.2409365232778,0.050219739271348054,OnTrack,-1135.0,2078.0,1886.0
2026-09-05 14:10:07.248,0 days 00:23:30.644000,55,244.43611111111113,0 days 00:00:03.435000,10995.0,317.0,8,100.0,False,0,car,294.31444444444446,0.05127791646138373,OnTrack,-1129.928525382832,2138.698058806175,1886.0297480803883
2026-09-05 14:10:07.379,0 days 00:23:30.775000,55,245.2366670577778,0 days 00:00:03.566000,10972.54284617143,317.0,8,100.0,False,0,pos,305.83982894419506,0.05328596504588023,OnTrack,-1120.0,2254.0,1886.0
2026-09-05 14:10:07.528,0 days 00:23:30.924000,55,246.14722222222224,0 days 00:00:03.715000,10947.0,317.0,8,100.0,True,0,car,318.97,0.055573612924645265,OnTrack,-1108.5038467052914,2384.8795918023566,1887.2239354087185
2026-09-05 14:10:07.639,0 days 00:23:31.035000,55,246.76388924444444,0 days 00:00:03.826000,10947.0,317.6937504,8,100.0,True,0,pos,328.7894393792362,0.057284437526327836,OnTrack,-1100.0,2482.0,1888.0
2026-09-05 14:10:07.839,0 days 00:23:31.235000,55,247.8750003555555,0 days 00:00:04.026000,10947.0,318.9437504,8,100.0,True,0,pos,346.5276864010431,0.06037494282134505,OnTrack,-1085.0,2657.0,1888.0
2026-09-05 14:10:07.848,0 days 00:23:31.244000,55,247.92499999999995,0 days 00:00:04.035000,10947.0,319.0,8,100.0,True,0,car,347.32555555555564,0.060513954237959126,OnTrack,-1084.3195576562491,2665.0042758305553,1888.033477455839
2026-09-05 14:10:08.048,0 days 00:23:31.444000,55,249.03611111111098,0 days 00:00:04.235000,10947.0,319.0,8,100.0,True,0,car,365.04777777777787,0.06360166755878029,OnTrack,-1069.209271961964,2843.167906623388,1889.7692338510553
2026-09-05 14:10:08.079,0 days 00:23:31.475000,55,249.19111143111098,0 days 00:00:04.266000,10947.0,319.0,8,100.0,True,0,pos,367.79454332143285,0.06408023195392037,OnTrack,-1067.0,2869.0,1890.0
2026-09-05 14:10:08.288,0 days 00:23:31.684000,55,250.2361111111111,0 days 00:00:04.475000,10947.0,319.0,8,100.0,True,0,car,386.31444444444446,0.06730692354376566,OnTrack,-1052.1736184421586,3039.7633038666704,1890.7747960653069
2026-09-05 14:10:08.339,0 days 00:23:31.735000,55,250.46277806222218,0 days 00:00:04.526000,10947.0,319.0,8,100.0,True,0,pos,390.8336537089763,0.06809429786233032,OnTrack,-1047.0,3099.0,1891.0
2026-09-05 14:10:08.488,0 days 00:23:31.884000,55,251.12499999999994,0 days 00:00:04.675000,10947.0,319.0,8,100.0,True,0,car,404.0366666666667,0.07039463686458682,OnTrack,-1028.1446239904133,3314.893240904881,1891.940436660035
2026-09-05 14:10:08.498,0 days 00:23:31.894000,55,251.16666613333328,0 days 00:00:04.685000,10947.0,319.0,8,100.2499968,True,0,pos,404.92276485220026,0.07054902027862597,OnTrack,-1027.0,3328.0,1892.0
2026-09-05 14:10:08.648,0 days 00:23:32.044000,55,251.79166666666657,0 days 00:00:04.835000,10947.0,319.0,8,104.0,True,0,car,418.2144444444445,0.07286480752124375,OnTrack,-1013.9131264647269,3477.8751128695635,1892.7085221108434
2026-09-05 14:10:08.968,0 days 00:23:32.364000,16,248.25638888888898,0 days 00:00:05.155000,10947.0,319.0,8,104.0,True,0,car,446.57000000000005,0.0778051488345576,OnTrack,-998.659450384718,3655.218231096962,1893.9366232196642
2026-09-05 14:10:08.978,0 days 00:23:32.374000,16,248.13972371555565,0 days 00:00:05.165000,10947.0,319.0,8,104.0,True,0,pos,447.456100700365,0.07795953268675167,OnTrack,-998.0,3663.0,1894.0
2026-09-05 14:10:09.128,0 days 00:23:32.524000,16,246.3897222222223,0 days 00:00:05.315000,10947.0,319.0,8,104.0,True,0,car,460.74777777777786,0.08027531949121453,OnTrack,-986.7636405055443,3795.9666555208423,1894.9679970464426
2026-09-05 14:10:09.138,0 days 00:23:32.534000,16,246.23694640000008,0 days 00:00:05.325000,10947.0,319.0,8,104.0,True,0,pos,461.63387305882696,0.0804297023992102,OnTrack,-986.0,3805.0,1895.0
2026-09-05 14:10:09.298,0 days 00:23:32.694000,16,243.79250195555565,0 days 00:00:05.485000,10947.0,319.0,8,104.0,True,0,pos,475.81149952513886,0.08289984669312192,OnTrack,-974.0,3946.0,1895.0
2026-09-05 14:10:09.408,0 days 00:23:32.804000,16,242.11194444444453,0 days 00:00:05.595000,10947.0,319.0,8,104.0,True,0,car,485.55888888888893,0.08459811814036414,OnTrack,-965.4814698559481,4043.133045422499,1895.3837366161424
2026-09-05 14:10:09.518,0 days 00:23:32.914000,16,240.0647198400001,0 days 00:00:05.705000,10947.0,319.0,8,104.0,True,0,pos,495.306681890747,0.08629645991280302,OnTrack,-957.0,4140.0,1896.0
2026-09-05 14:10:09.718,0 days 00:23:33.114000,16,236.34249761777784,0 days 00:00:05.905000,10947.0,319.0,8,104.0,True,0,pos,513.0285398847524,0.08938410977474735,OnTrack,-942.0,4317.0,1897.0
2026-09-05 14:10:09.728,0 days 00:23:33.124000,16,236.15638888888896,0 days 00:00:05.915000,10947.0,319.0,8,104.0,True,0,car,513.9144444444445,0.089538459453678,OnTrack,-941.1906156568291,4326.470451596914,1897.0411342621221
2026-09-05 14:10:09.888,0 days 00:23:33.284000,16,232.7786111111111,0 days 00:00:06.075000,10947.0,319.0,8,104.0,True,0,car,528.0922222222223,0.09200863011033493,OnTrack,-927.1275442567602,4488.706145568232,1897.5636642520378
2026-09-05 14:10:10.018,0 days 00:23:33.414000,16,229.78139184,0 days 00:00:06.205000,10947.0,319.0,8,104.0,True,0,pos,539.6231514229756,0.09401764473887103,OnTrack,-916.0,4616.0,1898.0
2026-09-05 14:10:10.048,0 days 00:23:33.444000,16,229.08972222222224,0 days 00:00:06.235000,10947.0,319.0,8,104.0,False,0,car,542.2700000000001,0.09447880076699186,OnTrack,-913.6460266974563,4642.949824175124,1898.1212803977007
2026-09-05 14:10:10.408,0 days 00:23:33.804000,16,220.28972222222228,0 days 00:00:06.595000,10861.0,313.0,8,100.0,False,0,car,573.57,0.09993214774175874,OnTrack,-889.661403958632,4920.179741036862,1899.951531290771
2026-09-05 14:10:10.418,0 days 00:23:33.814000,16,220.01194800000005,0 days 00:00:06.605000,10861.166664533333,313.0,8,100.0,False,0,pos,574.4383445663728,0.10008343797224066,OnTrack,-889.0,4928.0,1900.0
2026-09-05 14:10:10.638,0 days 00:23:34.034000,16,213.9008297777779,0 days 00:00:06.825000,10864.833335466667,313.0,8,100.0,False,0,pos,593.5687512277088,0.10341649692727765,OnTrack,-873.0,5118.0,1901.0
2026-09-05 14:10:10.648,0 days 00:23:34.044000,16,213.62305555555565,0 days 00:00:06.835000,10865.0,313.0,8,100.0,False,0,car,594.4366666666667,0.10356771239160334,OnTrack,-872.1167982547976,5128.322823496265,1901.0459315373735
2026-09-05 14:10:10.858,0 days 00:23:34.254000,16,206.7397264177779,0 days 00:00:07.045000,10834.55001856,311.95000064,8,100.0,False,0,pos,612.6041836811792,0.10673300868393937,OnTrack,-852.0,5360.0,1902.0
2026-09-05 14:10:11.048,0 days 00:23:34.444000,16,200.51194444444457,0 days 00:00:07.235000,10807.0,311.0,8,100.0,False,0,car,628.9922222222223,0.10958826939959945,OnTrack,-840.2659002274889,5492.395945592753,1902.649706741743
2026-09-05 14:10:11.158,0 days 00:23:34.554000,16,195.92860577777793,0 days 00:00:07.345000,10778.749967127273,310.7499997090909,8,100.0,False,0,pos,638.4775488808968,0.1112408820973234,OnTrack,-834.0,5566.0,1903.0
2026-09-05 14:10:11.398,0 days 00:23:34.794000,16,185.92860577777796,0 days 00:00:07.585000,10717.113603490909,310.20454516363634,8,100.0,False,0,pos,659.1519830505587,0.1148429543987337,OnTrack,-817.0,5772.0,1904.0
2026-09-05 14:10:11.488,0 days 00:23:34.884000,16,182.1786111111113,0 days 00:00:07.675000,10694.0,310.0,8,100.0,False,0,car,666.8811111111111,0.1161895875337688,OnTrack,-810.1951545512756,5846.798797890279,1904.6582680748686
2026-09-05 14:10:11.538,0 days 00:23:34.934000,16,179.9425061730676,0 days 00:00:07.725000,10703.874580890366,309.8432606207878,8,100.0,False,0,pos,671.1685478603528,0.11693658051223466,OnTrack,-806.0,5893.0,1905.0
2026-09-05 14:10:11.758,0 days 00:23:35.154000,16,170.10360780923818,0 days 00:00:07.945000,10747.322898593526,309.15360478422974,8,100.0,False,0,pos,690.0292948814275,0.12022265711636317,OnTrack,-784.0,6148.0,1906.0
2026-09-05 14:10:11.807,0 days 00:23:35.203000,16,167.91222222222257,0 days 00:00:07.994000,10757.0,309.0,8,100.0,False,0,car,694.2619444444445,0.1209601046144375,OnTrack,-779.5998873486654,6201.0829587675125,1906.2899527664752
2026-09-05 14:10:12.078,0 days 00:23:35.474000,16,153.23305208888925,0 days 00:00:08.265000,10706.448064984615,308.4788460307692,8,100.0,False,0,pos,717.9519928211196,0.12508758236673853,OnTrack,-762.0,6421.0,1908.0
2026-09-05 14:10:12.278,0 days 00:23:35.674000,16,142.39971875555594,0 days 00:00:08.465000,10669.140372676922,308.09423064615385,8,100.0,False,0,pos,734.8282351362287,0.12802790201448722,OnTrack,-756.0,6490.0,1908.0
2026-09-05 14:10:12.327,0 days 00:23:35.723000,16,139.74555555555594,0 days 00:00:08.514000,10660.0,308.0,8,100.0,False,0,car,738.7508333333333,0.12871132977842992,OnTrack,-754.1897425730635,6510.771800336733,1908.0430573600988
2026-09-05 14:10:13.279,0 days 00:23:36.675000,16,98.75666666666702,0 days 00:00:09.466000,9589.991666666667,239.575,8,0.8333333333333336,False,0,pos,801.9934915135491,0.13972999299450967,OnTrack,-687.0,7309.0,1913.0
2026-09-05 14:10:13.287,0 days 00:23:36.683000,16,98.41222222222257,0 days 00:00:09.474000,9581.0,239.0,8,0.0,True,0,car,802.4841666666666,0.13981548251086262,OnTrack,-686.5443773684393,7314.417654257843,1913.0009534913297
2026-09-05 14:10:13.539,0 days 00:23:36.935000,16,88.82222222222256,0 days 00:00:09.726000,8871.8,216.5,8,0.0,True,0,pos,817.5845067373538,0.14244638966237805,OnTrack,-673.0,7477.0,1913.0
2026-09-05 14:10:13.567,0 days 00:23:36.963000,16,87.756666666667,0 days 00:00:09.754000,8793.0,214.0,8,0.0,True,0,car,819.128611111111,0.14271541640088775,OnTrack,-671.22686848935,7498.898750172841,1913.1415132185202
2026-09-05 14:10:13.799,0 days 00:23:37.195000,16,81.56999901260198,0 days 00:00:09.986000,9394.695856629764,187.38652941829895,8,0.0,True,0,pos,830.5412660552571,0.14470382430228448,OnTrack,-656.0,7688.0,1915.0
2026-09-05 14:10:13.968,0 days 00:23:37.364000,16,77.06333333333362,0 days 00:00:10.155000,9833.0,168.0,8,0.0,True,0,car,837.8419444444444,0.1459758093632244,OnTrack,-650.738069755822,7745.494353384678,1915.0610879962428
2026-09-05 14:10:14.119,0 days 00:23:37.515000,16,74.12722097777801,0 days 00:00:10.306000,9970.158391466666,151.64165973333334,8,0.0,True,0,pos,843.9410022904397,0.14703843807419523,OnTrack,-647.0,7779.0,1915.0
2026-09-05 14:10:14.208,0 days 00:23:37.604000,16,72.39666666666687,0 days 00:00:10.395000,10051.0,142.0,8,0.0,True,0,car,847.3086111111111,0.14762517096155647,OnTrack,-643.6142511161697,7811.175197395041,1915.3418294581777
2026-09-05 14:10:14.359,0 days 00:23:37.755000,16,70.46722140444462,0 days 00:00:10.546000,9813.1748992,132.0906208,8,0.0,True,0,pos,852.5907507545991,0.14854546937194343,OnTrack,-637.0,7875.0,1916.0
2026-09-05 14:10:14.459,0 days 00:23:37.855000,16,69.18944362666682,0 days 00:00:10.646000,9655.6748992,125.5281208,8,0.0,True,0,pos,855.8564931468553,0.14911445424079897,OnTrack,-633.0,7912.0,1916.0
2026-09-05 14:10:14.528,0 days 00:23:37.924000,16,68.30777777777791,0 days 00:00:10.715000,9547.0,121.0,5,0.0,True,0,car,858.0641666666667,0.14949909352867552,OnTrack,-629.875854705388,7935.7448848998065,1916.0537793360388
2026-09-05 14:10:14.768,0 days 00:23:38.164000,16,65.84111111111133,0 days 00:00:10.955000,10178.0,111.0,3,0.0,True,0,car,865.4641666666666,0.15078838322878016,OnTrack,-616.0870246330992,8009.91683516434,1916.8468594151204
2026-09-05 14:10:14.799,0 days 00:23:38.195000,16,65.55694385777801,0 days 00:00:10.986000,10309.860986514286,110.2249984,3,0.0,True,0,pos,866.3914205539495,0.15094993713232824,OnTrack,-614.0,8019.0,1917.0
2026-09-05 14:10:14.999,0 days 00:23:38.395000,16,63.723610524444716,0 days 00:00:11.186000,11160.57527222857,105.2249984,3,0.0,True,0,pos,872.1980431201468,0.1519616153305706,OnTrack,-599.0,8075.0,1918.0
2026-09-05 14:10:15.048,0 days 00:23:38.444000,16,63.274444444444725,0 days 00:00:11.235000,11369.0,104.0,1,0.0,True,0,car,873.5530555555555,0.1521976968949606,OnTrack,-594.9978329066583,8087.648344447027,1918.077349859093
2026-09-05 14:10:15.178,0 days 00:23:38.574000,16,62.37166755555583,0 days 00:00:11.365000,10972.036105142857,99.35714742857142,1,0.0,True,0,pos,877.0024581682169,0.15279868057874688,OnTrack,-583.0,8120.0,1918.0
2026-09-05 14:10:15.328,0 days 00:23:38.724000,16,61.33000000000027,0 days 00:00:11.515000,10514.0,94.0,1,0.0,True,0,car,880.8641666666666,0.15347149963170062,OnTrack,-564.6941822686674,8157.9459475656595,1917.9434442631884
2026-09-05 14:10:15.358,0 days 00:23:38.754000,16,61.10499904000026,0 days 00:00:11.545000,10476.8748416,93.87499946666667,1,0.0,True,0,pos,881.6423452123555,0.15360708038626808,OnTrack,-561.0,8165.0,1918.0
2026-09-05 14:10:15.568,0 days 00:23:38.964000,16,59.5300000000002,0 days 00:00:11.755000,10217.0,93.0,1,0.0,False,0,car,887.0641666666667,0.15455171532638287,OnTrack,-533.7853387051456,8208.863268773335,1918.96817193139
2026-09-05 14:10:15.578,0 days 00:23:38.974000,16,59.46888967111131,0 days 00:00:11.765000,10198.6252352,92.687504,1,0.0,False,0,pos,887.3145483520567,0.15459533891125696,OnTrack,-532.0,8211.0,1919.0
2026-09-05 14:10:15.728,0 days 00:23:39.124000,16,58.55222222222244,0 days 00:00:11.915000,9923.0,88.0,1,0.0,False,0,car,890.9752777777777,0.15523314171442615,OnTrack,-497.60254056508563,8245.104094048638,1919.1138761404684
2026-09-05 14:10:15.918,0 days 00:23:39.314000,16,57.81333283555573,0 days 00:00:12.105000,9780.499904,85.6249984,1,0.0,False,0,pos,895.4461506247335,0.15601209445929878,OnTrack,-451.0,8282.0,1919.0
2026-09-05 14:10:16.048,0 days 00:23:39.444000,16,57.307777777777915,0 days 00:00:12.235000,9683.0,84.0,1,0.0,False,0,car,898.4419444444444,0.15653404663705425,OnTrack,-430.89298579882205,8293.88913590162,1919.3221406147404
2026-09-05 14:10:16.258,0 days 00:23:39.654000,16,56.84111139555572,0 days 00:00:12.445000,9488.7501184,82.25000106666667,1,0.0,False,0,pos,903.2261845632197,0.1573675968408332,OnTrack,-403.0,8301.0,1920.0
2026-09-05 14:10:16.288,0 days 00:23:39.684000,16,56.77444444444461,0 days 00:00:12.475000,9461.0,82.0,1,0.0,False,0,car,903.9086111111111,0.1574864948839784,OnTrack,-397.2439165778991,8302.34326858054,1920.036787607021
2026-09-05 14:10:16.448,0 days 00:23:39.844000,16,56.596666666666806,0 days 00:00:12.635000,9371.0,82.0,1,8.0,False,0,car,907.5530555555556,0.15812146038192784,OnTrack,-360.0075498075051,8310.69695748361,1920.0144633527084
2026-09-05 14:10:16.498,0 days 00:23:39.894000,16,56.67999978666681,0 days 00:00:12.685000,9340.8959104,81.8958336,1,7.1666688,False,0,pos,908.6937830815158,0.1583202074427179,OnTrack,-348.0,8313.0,1920.0
2026-09-05 14:10:16.698,0 days 00:23:40.094000,16,57.013333120000176,0 days 00:00:12.885000,9220.479243733333,81.47916693333333,1,3.8333354666666666,False,0,pos,913.2653984406987,0.1591167123880469,OnTrack,-301.0,8321.0,1920.0
2026-09-05 14:10:16.928,0 days 00:23:40.324000,16,57.396666666666874,0 days 00:00:13.115000,9082.0,81.0,1,0.0,False,0,car,918.3530555555556,0.1600031264307292,OnTrack,-245.26058541368207,8339.788319143465,1919.9868670350454
2026-09-05 14:10:16.938,0 days 00:23:40.334000,16,57.4744434488891,0 days 00:00:13.125000,9058.954840436363,80.81818414545455,1,0.022726981818181818,False,0,pos,918.5668444717637,0.16004037451825132,OnTrack,-243.0,8341.0,1920.0
2026-09-05 14:10:17.298,0 days 00:23:40.694000,16,60.274443448889095,0 days 00:00:13.485000,8229.3184768,74.2727296,1,0.8409088,False,0,pos,925.8983516312989,0.16131773082460696,OnTrack,-180.0,8398.0,1921.0
2026-09-05 14:10:17.368,0 days 00:23:40.764000,16,60.81888888888909,0 days 00:00:13.555000,8068.0,73.0,1,1.0,False,0,car,927.2752777777778,0.16155763037845294,OnTrack,-173.94803118126072,8406.374694202228,1921.0151276602317
2026-09-05 14:10:17.578,0 days 00:23:40.974000,16,63.327220693333565,0 days 00:00:13.765000,8371.97481472,71.95000064,1,15.69999104,False,0,pos,931.3460219826496,0.1622668693750883,OnTrack,-164.0,8430.0,1921.0
2026-09-05 14:10:17.768,0 days 00:23:41.164000,16,65.59666666666692,0 days 00:00:13.955000,8647.0,71.0,1,29.0,False,0,car,935.1641666666667,0.162932098377063,OnTrack,-153.4722250973465,8466.788380555554,1921.9047188556203
2026-09-05 14:10:17.798,0 days 00:23:41.194000,16,65.94666816000024,0 days 00:00:13.985000,8706.16691911111,71.7500032,1,30.333339022222223,False,0,pos,935.7956093320561,0.16304211358310258,OnTrack,-152.0,8473.0,1922.0
2026-09-05 14:10:18.078,0 days 00:23:41.474000,16,69.21333482666687,0 days 00:00:14.265000,9258.389141333333,78.7500032,1,42.77778346666667,False,0,pos,942.0170607763091,0.16412606672726157,OnTrack,-143.0,8531.0,1922.0
2026-09-05 14:10:18.128,0 days 00:23:41.524000,16,69.79666666666685,0 days 00:00:14.315000,9357.0,80.0,1,45.0,False,0,car,943.1641666666667,0.1643259250798788,OnTrack,-142.11980851386787,8542.0135753989,1922.1013614699561
2026-09-05 14:10:18.288,0 days 00:23:41.684000,16,71.75222222222237,0 days 00:00:14.475000,9993.0,84.0,1,45.0,False,0,car,946.8975,0.16497637754119288,OnTrack,-140.69374406131064,8578.905380562352,1922.7546957739105
2026-09-05 14:10:18.378,0 days 00:23:41.774000,16,72.77722048996804,0 days 00:00:14.565000,10291.24217379289,85.88284200626825,1,49.518820815043796,False,0,pos,949.0671300320282,0.1653543885754269,OnTrack,-141.0,8600.0,1923.0
2026-09-05 14:10:18.527,0 days 00:23:41.923000,16,74.47416666666675,0 days 00:00:14.714000,10785.0,89.0,1,57.0,False,0,car,952.8061111111111,0.16600582503409547,OnTrack,-143.4387341700515,8635.238498992847,1923.0290923104699
2026-09-05 14:10:18.578,0 days 00:23:41.974000,16,75.11166426666675,0 days 00:00:14.765000,10899.5901936,90.593744,1,57.4781232,False,0,pos,954.1385887059629,0.16623798039067147,OnTrack,-145.0,8648.0,1923.0
2026-09-05 14:10:18.678,0 days 00:23:42.074000,16,76.36166746666674,0 days 00:00:14.865000,11124.2782688,93.718752,1,58.4156256,False,0,pos,956.8301246950438,0.1667069222323178,OnTrack,-149.0,8674.0,1923.0
2026-09-05 14:10:18.847,0 days 00:23:42.243000,16,78.47416666666675,0 days 00:00:15.034000,11504.0,99.0,1,60.0,False,0,car,961.6061111111111,0.16753903440719287,OnTrack,-155.60467164668967,8715.633910617093,1923.8058339377503
2026-09-05 14:10:18.898,0 days 00:23:42.294000,16,79.05499781333343,0 days 00:00:15.085000,11311.7944736,100.9124928,1,62.2312416,False,0,pos,963.1015762552654,0.16779958681357443,OnTrack,-159.0,8732.0,1924.0
2026-09-05 14:10:19.158,0 days 00:23:42.554000,16,82.01611184000014,0 days 00:00:15.345000,10331.9185088,110.6625024,1,73.6062528,False,0,pos,971.1762724061017,0.1692064277025944,OnTrack,-187.0,8843.0,1924.0
2026-09-05 14:10:19.167,0 days 00:23:42.563000,16,82.11861111111125,0 days 00:00:15.354000,10298.0,111.0,2,74.0,False,0,car,971.4727777777778,0.16925808734066572,OnTrack,-187.8544997198251,8846.258300294328,1924.0041797969848
2026-09-05 14:10:19.599,0 days 00:23:42.995000,16,85.71861111111122,0 days 00:00:15.786000,11310.254545454545,131.61818181818182,2,90.69090909090909,False,0,pos,987.2783589306118,0.1720118674737085,OnTrack,-216.0,8951.0,1925.0
2026-09-05 14:10:19.607,0 days 00:23:43.003000,16,85.78527777777788,0 days 00:00:15.794000,11329.0,132.0,2,91.0,False,0,car,987.6061111111111,0.1720689711913443,OnTrack,-216.69674196850897,8953.573964800175,1925.0071592868394
2026-09-05 14:10:19.779,0 days 00:23:43.175000,16,86.31083333333356,0 days 00:00:15.966000,11262.35,144.47,2,94.87,False,0,pos,994.9874441947588,0.17335500858564004,OnTrack,-234.0,9018.0,1925.0
2026-09-05 14:10:20.007,0 days 00:23:43.403000,16,87.00750000000039,0 days 00:00:16.194000,11174.0,161.0,3,100.0,False,0,car,1005.4949999999999,0.1751857225684741,OnTrack,-257.6984741356411,9109.90825756508,1924.9779491668914
2026-09-05 14:10:20.019,0 days 00:23:43.415000,16,87.02083333599208,0 days 00:00:16.206000,11197.327107454626,161.52336459032813,3,100.0,False,0,pos,1006.0605082025269,0.17528425012264204,OnTrack,-259.0,9115.0,1925.0
2026-09-05 14:10:20.239,0 days 00:23:43.635000,16,87.26527782917306,0 days 00:00:16.426000,11624.990744122766,171.11838207967742,3,100.0,False,0,pos,1016.6556973291454,0.1771302323134001,OnTrack,-284.0,9213.0,1926.0
2026-09-05 14:10:20.328,0 days 00:23:43.724000,16,87.36416666666696,0 days 00:00:16.515000,11798.0,175.0,3,100.0,False,0,car,1021.0991666666666,0.17790441059037268,OnTrack,-294.33736750141895,9253.797991123178,1926.745733245417
2026-09-05 14:10:20.439,0 days 00:23:43.835000,16,87.27166661333362,0 days 00:00:16.626000,11460.2426624,180.1535744,3,100.0,False,0,pos,1026.7837191204399,0.17889482071582594,OnTrack,-307.0,9306.0,1927.0
2026-09-05 14:10:20.539,0 days 00:23:43.935000,16,87.18833328000028,0 days 00:00:16.726000,11155.956948114286,184.79643154285714,3,100.0,False,0,pos,1032.035068724862,0.17980975462888407,OnTrack,-318.0,9355.0,1926.0
2026-09-05 14:10:20.608,0 days 00:23:44.004000,16,87.13083333333361,0 days 00:00:16.795000,10946.0,188.0,3,100.0,False,0,car,1035.721388888889,0.18045201606385272,OnTrack,-325.9533809532948,9389.524320582485,1926.3754717486142
2026-09-05 14:10:20.719,0 days 00:23:44.115000,16,86.94583322666692,0 days 00:00:16.906000,11051.72756096,191.33000192,3,100.0,False,0,pos,1041.7582431182764,0.1815038071420936,OnTrack,-339.0,9446.0,1928.0
2026-09-05 14:10:20.999,0 days 00:23:44.395000,16,86.47916656000021,0 days 00:00:17.186000,11318.42756096,199.73000192,3,100.0,False,0,pos,1057.434608625299,0.18423507424794225,OnTrack,-369.0,9593.0,1928.0
2026-09-05 14:10:21.008,0 days 00:23:44.404000,16,86.46416666666687,0 days 00:00:17.195000,11327.0,200.0,4,100.0,False,0,car,1057.943611111111,0.18432375690500777,OnTrack,-369.91231760040677,9597.881687930512,1928.0092011650293
2026-09-05 14:10:21.219,0 days 00:23:44.615000,16,86.05388876444482,0 days 00:00:17.406000,11327.0,206.15416853333332,4,100.0,False,0,pos,1070.0265696498022,0.18642895068753826,OnTrack,-390.0,9716.0,1929.0
2026-09-05 14:10:21.248,0 days 00:23:44.644000,16,85.9975000000004,0 days 00:00:17.435000,11327.0,207.0,4,100.0,False,0,car,1071.743611111111,0.18672810796736503,OnTrack,-392.4060311128077,9732.939972972987,1929.184508457067
2026-09-05 14:10:21.379,0 days 00:23:44.775000,16,85.378888586667,0 days 00:00:17.566000,11097.749888,214.6416704,4,100.0,False,0,pos,1079.7223166985882,0.18811822458008146,OnTrack,-402.0,9809.0,1930.0
2026-09-05 14:10:21.488,0 days 00:23:44.884000,16,84.86416666666696,0 days 00:00:17.675000,10907.0,221.0,5,100.0,False,0,car,1086.4769444444444,0.18929507214505084,OnTrack,-408.3268603277083,9864.79879273301,1930.438540962442
2026-09-05 14:10:21.698,0 days 00:23:45.094000,16,84.04750049777817,0 days 00:00:17.885000,10952.937472,222.9687488,5,100.0,False,0,pos,1099.4527679722569,0.19155582831056217,OnTrack,-418.0,10002.0,1931.0
2026-09-05 14:10:21.808,0 days 00:23:45.204000,16,83.61972222222266,0 days 00:00:17.995000,10977.0,224.0,5,100.0,False,0,car,1106.3880555555554,0.19276415193872576,OnTrack,-423.1519808167714,10130.776633459978,1931.4726425579902
2026-09-05 14:10:21.918,0 days 00:23:45.314000,16,83.00861040000048,0 days 00:00:18.105000,10976.541666133333,229.04167253333333,5,100.0,False,0,pos,1113.4897350105823,0.19400146574613264,OnTrack,-427.0,10253.0,1932.0
2026-09-05 14:10:22.048,0 days 00:23:45.444000,16,82.2863888888894,0 days 00:00:18.235000,10976.0,235.0,5,100.0,False,0,car,1122.054722222222,0.19549372923174005,OnTrack,-428.0286654316589,10327.719675495056,1932.5871491244757
2026-09-05 14:10:22.198,0 days 00:23:45.594000,16,81.24472133333379,0 days 00:00:18.385000,10724.749785599999,239.28571794285713,5,100.0,False,0,pos,1132.10284385732,0.19724439676275768,OnTrack,-427.0,10384.0,1933.0
2026-09-05 14:10:22.328,0 days 00:23:45.724000,16,80.34194444444483,0 days 00:00:18.515000,10507.0,243.0,5,100.0,False,0,car,1140.954722222222,0.19878664481714245,OnTrack,-426.6097284974142,10468.834998060398,1932.9424801991752
2026-09-05 14:10:22.398,0 days 00:23:45.794000,16,79.8363879644448,0 days 00:00:18.585000,10584.500141714285,244.7500032,5,100.0,False,0,pos,1145.7764841283783,0.19962673237957007,OnTrack,-426.0,10519.0,1933.0
2026-09-05 14:10:22.608,0 days 00:23:46.004000,16,78.31972222222248,0 days 00:00:18.795000,10817.0,250.0,6,100.0,False,0,car,1160.3991666666666,0.20217441805315314,OnTrack,-421.28044039132993,10662.427143810888,1933.958206240867
2026-09-05 14:10:22.618,0 days 00:23:46.014000,16,78.25027866666694,0 days 00:00:18.805000,10822.624928,250.1249984,6,100.0,False,0,pos,1161.0966443113364,0.2022959384238729,OnTrack,-421.0,10669.0,1934.0
2026-09-05 14:10:22.768,0 days 00:23:46.164000,16,77.20861111111162,0 days 00:00:18.955000,10907.0,252.0,6,100.0,False,0,car,1171.5991666666664,0.20412577543709526,OnTrack,-416.4494400266961,10764.829069473244,1934.4179399501131
2026-09-05 14:10:22.958,0 days 00:23:46.354000,16,75.6252767111115,0 days 00:00:19.145000,11127.611259733334,256.7500032,6,100.0,False,0,pos,1185.2496196470092,0.20650407117078695,OnTrack,-407.0,10908.0,1935.0
2026-09-05 14:10:23.118,0 days 00:23:46.514000,16,74.29194337777807,0 days 00:00:19.305000,11313.389037511111,260.7500032,6,100.0,False,0,pos,1196.9636805031816,0.20854499252325479,OnTrack,-394.0,11066.0,1936.0
2026-09-05 14:10:23.128,0 days 00:23:46.524000,16,74.2086111111114,0 days 00:00:19.315000,11325.0,261.0,6,100.0,False,0,car,1197.6991666666665,0.20867313505503188,OnTrack,-393.21922710134277,11074.877232394596,1936.0458206845487
2026-09-05 14:10:23.488,0 days 00:23:46.884000,16,71.40861111111121,0 days 00:00:19.675000,10197.0,267.0,6,100.0,False,0,car,1224.3991666666666,0.2133250316756797,OnTrack,-368.66638911575524,11295.440896043092,1936.023140479793
2026-09-05 14:10:23.538,0 days 00:23:46.934000,16,71.0336120711112,0 days 00:00:19.725000,10212.62496,267.6249984,6,100.0,False,0,pos,1228.127528051305,0.21397461788263675,OnTrack,-364.0,11328.0,1936.0
2026-09-05 14:10:23.618,0 days 00:23:47.014000,16,70.43361207111117,0 days 00:00:19.805000,10237.62496,268.6249984,6,100.0,False,0,pos,1234.1050478241086,0.21501607121712965,OnTrack,-355.0,11387.0,1936.0
2026-09-05 14:10:23.648,0 days 00:23:47.044000,16,70.20861111111117,0 days 00:00:19.835000,10247.0,269.0,7,100.0,False,0,car,1236.354722222222,0.2154080282482211,OnTrack,-350.5429192901575,11413.41577578438,1935.9930738488697
2026-09-05 14:10:23.848,0 days 00:23:47.244000,16,68.7641666666666,0 days 00:00:20.035000,10391.0,272.0,7,100.0,False,0,car,1251.4658333333332,0.21804081202020653,OnTrack,-306.12508052100173,11645.035440199443,1935.8367797291166
2026-09-05 14:10:23.958,0 days 00:23:47.354000,16,68.00027688888889,0 days 00:00:20.145000,10497.333457066667,273.3750016,7,100.0,False,0,pos,1259.8425389339184,0.21950027151367185,OnTrack,-286.0,11743.0,1936.0
2026-09-05 14:10:24.088,0 days 00:23:47.484000,16,67.09750000000008,0 days 00:00:20.275000,10623.0,275.0,7,100.0,False,0,car,1269.7991666666665,0.22123499821415946,OnTrack,-273.41651458929755,11798.142732760465,1936.5788855435173
2026-09-05 14:10:24.238,0 days 00:23:47.634000,16,66.05583244444433,0 days 00:00:20.425000,10616.749994666667,276.8750016,7,100.0,False,0,pos,1281.3653099673852,0.2232501481368015,OnTrack,-259.0,11846.0,1937.0
2026-09-05 14:10:24.328,0 days 00:23:47.724000,16,65.43083333333311,0 days 00:00:20.515000,10613.0,278.0,7,100.0,False,0,car,1288.3325,0.2244640300756828,OnTrack,-241.64731089605434,11905.108223890125,1936.6775977736163
2026-09-05 14:10:24.458,0 days 00:23:47.854000,16,64.56416751999983,0 days 00:00:20.645000,10633.428551314286,278.9285705142857,7,100.0,False,0,pos,1298.4212664506406,0.22622177908535468,OnTrack,-210.0,12009.0,1936.0
2026-09-05 14:10:24.608,0 days 00:23:48.004000,16,63.56416666666655,0 days 00:00:20.795000,10657.0,280.0,7,100.0,False,0,car,1310.1102777777778,0.22825833610001475,OnTrack,-172.12432489638962,12116.649438797775,1935.9510741615768
2026-09-05 14:10:24.638,0 days 00:23:48.034000,16,63.372499182222136,0 days 00:00:20.825000,10680.55010048,280.30000128,7,100.0,False,0,pos,1312.45592615311,0.2286670145176341,OnTrack,-163.0,12140.0,1936.0
2026-09-05 14:10:24.808,0 days 00:23:48.204000,16,62.28638888888895,0 days 00:00:20.995000,10814.0,282.0,7,100.0,False,0,car,1325.7769444444443,0.23098791339302904,OnTrack,-97.2403115319579,12294.545559890694,1936.5293440601463
2026-09-05 14:10:25.008,0 days 00:23:48.404000,16,61.175277777777865,0 days 00:00:21.195000,10814.0,282.0,7,100.0,False,0,car,1341.4436111111108,0.23371749068604333,OnTrack,-13.500481287951573,12475.715931832041,1937.0052819906812
2026-09-05 14:10:25.018,0 days 00:23:48.414000,16,61.11416747348685,0 days 00:00:21.205000,10813.937107748585,282.1257845028289,7,100.0,False,0,pos,1342.2298954074922,0.23385448369208095,OnTrack,-10.0,12483.0,1937.0
2026-09-05 14:10:25.167,0 days 00:23:48.563000,16,60.20361111111151,0 days 00:00:21.354000,10813.0,284.0,7,100.0,False,0,car,1353.9869444444441,0.2359028948038333,OnTrack,34.24494194492403,12571.175424450064,1936.5884009123404
2026-09-05 14:10:25.418,0 days 00:23:48.814000,16,58.94861207111135,0 days 00:00:21.605000,10931.701992533333,285.04583253333334,7,100.0,False,0,pos,1373.8956640260224,0.2393715579252928,OnTrack,105.0,12690.0,1936.0
2026-09-05 14:10:25.598,0 days 00:23:48.994000,16,58.04861079111123,0 days 00:00:21.785000,11016.8271136,285.7958336,7,100.0,False,0,pos,1388.218943060306,0.24186707902402607,OnTrack,183.0,12810.0,1937.0
2026-09-05 14:10:25.647,0 days 00:23:49.043000,16,57.803611111111195,0 days 00:00:21.834000,11040.0,286.0,7,100.0,False,0,car,1392.1202777777776,0.2425468020872554,OnTrack,205.3233053793851,12842.64010455438,1937.1423634966254
2026-09-05 14:10:25.858,0 days 00:23:49.254000,16,56.80722312888908,0 days 00:00:22.045000,11020.072240355556,286.5861105777778,7,100.0,False,0,pos,1408.9310466289328,0.245475714402206,OnTrack,304.0,12977.0,1937.0
2026-09-05 14:10:26.007,0 days 00:23:49.403000,16,56.10361111111138,0 days 00:00:22.194000,11006.0,287.0,7,100.0,False,0,car,1420.8202777777776,0.24754715538360716,OnTrack,378.8702881349798,13068.502064463546,1936.8702561246273
2026-09-05 14:10:26.078,0 days 00:23:49.474000,16,55.827499751111326,0 days 00:00:22.265000,11015.0229248,287.1479168,7,100.0,False,0,pos,1426.4924922175503,0.24853541587738875,OnTrack,416.0,13111.0,1937.0
2026-09-05 14:10:26.279,0 days 00:23:49.675000,16,55.0458333333334,0 days 00:00:22.466000,11040.566666666668,287.56666666666666,7,100.0,False,0,pos,1442.5739061534514,0.2513372538977504,OnTrack,526.0,13227.0,1938.0
2026-09-05 14:10:26.459,0 days 00:23:49.855000,16,54.34583333333327,0 days 00:00:22.646000,11063.441666666668,287.94166666666666,7,100.0,False,0,pos,1456.9801564740721,0.25384723094579165,OnTrack,631.0,13326.0,1938.0
2026-09-05 14:10:26.487,0 days 00:23:49.883000,16,54.23694444444436,0 days 00:00:22.674000,11067.0,288.0,7,100.0,False,0,car,1459.2202777777777,0.2542375235571231,OnTrack,647.7027736902639,13341.12746923608,1937.9865106963894
2026-09-05 14:10:26.539,0 days 00:23:49.935000,16,54.04916663337632,0 days 00:00:22.726000,11067.0,288.0,7,100.0,False,0,pos,1463.3798952215227,0.2549622467904469,OnTrack,679.0,13369.0,1938.0
2026-09-05 14:10:26.799,0 days 00:23:50.195000,16,53.110277578036126,0 days 00:00:22.986000,11067.0,288.0,7,100.0,False,0,pos,1484.1761927612192,0.25858555114426346,OnTrack,840.0,13501.0,1939.0
2026-09-05 14:10:26.848,0 days 00:23:50.244000,16,52.93333333333317,0 days 00:00:23.035000,11067.0,288.0,7,100.0,False,0,car,1488.1002777777778,0.25926923795428825,OnTrack,869.7734079840797,13523.851578238788,1939.0349656005671
2026-09-05 14:10:27.059,0 days 00:23:50.455000,16,52.1127775288888,0 days 00:00:23.246000,11119.163904711111,288.5861112888889,7,100.0,False,0,pos,1505.0219764917188,0.2622174773948501,OnTrack,1009.0,13623.0,1939.0
2026-09-05 14:10:27.208,0 days 00:23:50.604000,16,51.5333333333333,0 days 00:00:23.395000,11156.0,289.0,7,100.0,False,0,car,1517.0002777777777,0.2643044369182104,OnTrack,1145.2712076795074,13709.940968897816,1940.2826139698993
2026-09-05 14:10:27.279,0 days 00:23:50.675000,16,51.23749973333332,0 days 00:00:23.466000,11150.0093696,289.2218752,7,100.0,False,0,pos,1522.7176600504224,0.2653005669284376,OnTrack,1213.0,13751.0,1941.0
2026-09-05 14:10:27.528,0 days 00:23:50.924000,16,50.200000000000045,0 days 00:00:23.715000,11129.0,290.0,7,100.0,False,0,car,1542.7780555555555,0.26879565629395025,OnTrack,1435.2451821264074,13874.32561192566,1942.999530150494
2026-09-05 14:10:28.338,0 days 00:23:51.734000,16,47.50000042666676,0 days 00:00:24.525000,10993.03573577143,287.10714331428574,7,100.0,False,0,pos,1607.3649546360125,0.28004852436775163,OnTrack,2005.0,14097.0,1946.0
2026-09-05 14:10:28.368,0 days 00:23:51.764000,16,47.40000000000009,0 days 00:00:24.555000,10988.0,287.0,7,100.0,False,0,car,1609.7447222222222,0.280463147318771,OnTrack,2022.1677696594038,14102.208748221123,1946.111159749042
2026-09-05 14:10:28.728,0 days 00:23:52.124000,16,46.30000000000041,0 days 00:00:24.915000,10927.0,285.0,7,100.0,False,0,car,1638.2447222222222,0.2854286549475524,OnTrack,2229.0385560486684,14156.388093565205,1947.9182520902173
2026-09-05 14:10:28.738,0 days 00:23:52.134000,16,46.27222257777818,0 days 00:00:24.925000,10927.0,284.9375008,7,100.0,False,0,pos,1639.0342694895091,0.2855662164555874,OnTrack,2236.0,14158.0,1948.0
2026-09-05 14:10:28.888,0 days 00:23:52.284000,16,45.85555555555584,0 days 00:00:25.075000,10927.0,284.0,7,100.0,False,0,car,1650.8669444444445,0.2876278037453284,OnTrack,2350.6366863020735,14183.51238867452,1949.4373153576905
2026-09-05 14:10:28.958,0 days 00:23:52.354000,16,45.6805552355558,0 days 00:00:25.145000,10914.4583104,284.0,7,100.0,False,0,pos,1656.3887572543154,0.288589860013122,OnTrack,2406.0,14195.0,1950.0
2026-09-05 14:10:29.128,0 days 00:23:52.524000,16,45.2555555555557,0 days 00:00:25.315000,10884.0,284.0,7,100.0,False,0,car,1669.8002777777779,0.29092652694199256,OnTrack,2537.8082359576647,14219.868889829666,1950.8214172903965
2026-09-05 14:10:29.158,0 days 00:23:52.554000,16,45.18055523555572,0 days 00:00:25.345000,10888.285732571429,284.0,7,100.0,False,0,pos,1672.1665660141946,0.2913388014083022,OnTrack,2561.0,14224.0,1951.0
2026-09-05 14:10:29.398,0 days 00:23:52.794000,16,44.58055523555588,0 days 00:00:25.585000,10922.571446857142,284.0,7,100.0,False,0,pos,1691.099511355687,0.29463745700579275,OnTrack,2748.0,14255.0,1953.0
2026-09-05 14:10:29.408,0 days 00:23:52.804000,16,44.555555555555884,0 days 00:00:25.595000,10924.0,284.0,7,100.0,False,0,car,1691.8891666666666,0.2947750373381007,OnTrack,2755.8920922995303,14256.185846430093,1953.0672041466369
2026-09-05 14:10:29.618,0 days 00:23:53.014000,16,43.97222257777791,0 days 00:00:25.805000,10948.81816669091,284.47727243636365,7,100.0,False,0,pos,1708.4915476366564,0.29766764257888734,OnTrack,2920.0,14279.0,1954.0
2026-09-05 14:10:29.838,0 days 00:23:53.234000,16,43.36111075555549,0 days 00:00:26.025000,10974.818196945454,284.9772730181818,7,100.0,False,0,pos,1725.9287163956321,0.30070569150860804,OnTrack,3092.0,14301.0,1955.0
2026-09-05 14:10:29.848,0 days 00:23:53.244000,16,43.33333333333326,0 days 00:00:26.035000,10976.0,285.0,7,100.0,False,0,car,1726.7225,0.30084399110661125,OnTrack,3102.420158381719,14302.190178333867,1955.0901803945987
2026-09-05 14:10:30.008,0 days 00:23:53.404000,16,42.88888888888869,0 days 00:00:26.195000,10954.0,286.0,7,100.0,False,0,car,1739.4336111111113,0.3030586268677519,OnTrack,3287.6708750132475,14322.05517964488,1956.9100483360496
2026-09-05 14:10:30.018,0 days 00:23:53.414000,16,42.86111146666646,0 days 00:00:26.205000,10955.249984,286.0,7,100.0,False,0,pos,1740.228170162844,0.3031970615706606,OnTrack,3297.0,14323.0,1957.0
2026-09-05 14:10:30.168,0 days 00:23:53.564000,16,42.444444444444116,0 days 00:00:26.355000,10974.0,286.0,7,100.0,False,0,car,1752.1447222222225,0.30527326262889265,OnTrack,3385.1109117926594,14330.943018609405,1957.7284874155032
2026-09-05 14:10:30.278,0 days 00:23:53.674000,16,42.169444124444055,0 days 00:00:26.465000,11012.5000448,286.0,7,100.0,False,0,pos,1760.8808188361133,0.3067953382212452,OnTrack,3439.0,14335.0,1958.0
2026-09-05 14:10:30.328,0 days 00:23:53.724000,16,42.044444444444025,0 days 00:00:26.515000,11030.0,286.0,7,100.0,False,0,car,1764.8558333333337,0.3074878983900334,OnTrack,3471.742354108278,14337.595961847872,1958.1550707077981
2026-09-05 14:10:30.538,0 days 00:23:53.934000,16,41.402778168888425,0 days 00:00:26.725000,11035.999996342856,286.74999954285715,7,100.0,False,0,pos,1781.5941121878982,0.310404180893367,OnTrack,3646.0,14352.0,1959.0
2026-09-05 14:10:30.608,0 days 00:23:54.004000,16,41.188888888888414,0 days 00:00:26.795000,11038.0,287.0,7,100.0,False,0,car,1787.178055555556,0.3113770620649736,OnTrack,3704.087582556993,14356.958152647894,1959.3360264376117
2026-09-05 14:10:30.858,0 days 00:23:54.254000,16,40.425000391110665,0 days 00:00:27.045000,11049.87499392,287.0,7,100.0,False,0,pos,1807.113010246097,0.3148502960858611,OnTrack,3900.0,14374.0,1961.0
2026-09-05 14:10:31.008,0 days 00:23:54.404000,16,39.96666666666624,0 days 00:00:27.195000,11057.0,287.0,7,100.0,False,0,car,1819.0669444444447,0.3169330101720311,OnTrack,4013.844044832213,14383.616634882863,1962.6531455526003
2026-09-05 14:10:31.038,0 days 00:23:54.434000,16,39.86666623999958,0 days 00:00:27.225000,11062.2500224,287.0,7,100.0,False,0,pos,1821.4570212733486,0.3173494292852696,OnTrack,4043.0,14386.0,1963.0
2026-09-05 14:10:31.168,0 days 00:23:54.564000,16,39.43333333333294,0 days 00:00:27.355000,11085.0,287.0,7,100.0,False,0,car,1831.8225000000002,0.3191553894148541,OnTrack,4202.81881437609,14398.783110745579,1964.4569498375731
2026-09-05 14:10:31.238,0 days 00:23:54.634000,16,38.986110293332935,0 days 00:00:27.425000,11085.0,287.4375008,7,100.0,False,0,pos,1837.4244069938304,0.3201314003591905,OnTrack,4282.0,14405.0,1965.0
2026-09-05 14:10:31.488,0 days 00:23:54.884000,16,37.38888888888846,0 days 00:00:27.675000,11085.0,289.0,7,100.0,False,0,car,1857.511388888889,0.3236311218272293,OnTrack,4428.6336945415305,14415.807370003762,1965.0115064952683
2026-09-05 14:10:31.578,0 days 00:23:54.974000,16,36.56389006222183,0 days 00:00:27.765000,11085.0,289.0,7,100.0,False,0,pos,1864.7381614644146,0.3248902304010974,OnTrack,4474.0,14419.0,1965.0
2026-09-05 14:10:31.688,0 days 00:23:55.084000,16,35.5555555555552,0 days 00:00:27.875000,11085.0,289.0,7,100.0,False,0,car,1873.5669444444445,0.32642845458496383,OnTrack,4542.933203620193,14423.943158749524,1965.2788902047332
2026-09-05 14:10:31.838,0 days 00:23:55.234000,16,33.72222065777767,0 days 00:00:28.025000,11085.0,289.0,7,100.0,False,0,pos,1885.6071272769068,0.3285261956272977,OnTrack,4683.0,14433.0,1966.0
2026-09-05 14:10:31.888,0 days 00:23:55.284000,16,33.111111111111086,0 days 00:00:28.075000,11085.0,289.0,7,100.0,False,0,car,1889.6225,0.32922578734269836,OnTrack,4748.756652383112,14436.766932571729,1966.2693038159482
2026-09-05 14:10:32.038,0 days 00:23:55.434000,16,30.569442785482774,0 days 00:00:28.225000,11115.094063529717,289.0,7,100.0,False,0,pos,1901.677523244813,0.3313261140054091,OnTrack,4955.0,14448.0,1967.0
2026-09-05 14:10:32.207,0 days 00:23:55.603000,16,27.70583333333343,0 days 00:00:28.394000,11149.0,289.0,7,100.0,True,0,car,1915.231111111111,0.3336875330912849,OnTrack,5041.993302345789,14452.839736631635,1967.1551750574413
2026-09-05 14:10:32.378,0 days 00:23:55.774000,16,24.2383372266668,0 days 00:00:28.565000,10928.3033728,287.3968768,7,100.0,True,0,pos,1928.8610711914782,0.33606225838107606,OnTrack,5115.0,14456.0,1967.0
2026-09-05 14:10:32.527,0 days 00:23:55.923000,16,21.216944444444607,0 days 00:00:28.714000,10736.0,286.0,7,100.0,False,0,car,1940.6533333333332,0.3381168046135663,OnTrack,5294.640904627321,14463.406101590273,1966.9866705037714
2026-09-05 14:10:32.638,0 days 00:23:56.034000,16,18.719443004444354,0 days 00:00:28.825000,10733.77999872,283.77999872,7,100.0,False,0,pos,1949.3789074838153,0.33963704689460894,OnTrack,5429.0,14469.0,1967.0
2026-09-05 14:10:32.727,0 days 00:23:56.123000,16,16.716944444444152,0 days 00:00:28.914000,10732.0,282.0,7,100.0,False,0,car,1956.3200000000002,0.3408463819065807,OnTrack,5503.340125278309,14472.207149841466,1967.0005928449882
2026-09-05 14:10:33.007,0 days 00:23:56.403000,16,9.872499999999945,0 days 00:00:29.194000,10560.0,277.0,7,100.0,False,0,car,1977.8644444444444,0.34460003465208044,OnTrack,5598.620971773508,14476.840477385087,1966.969311981915
2026-09-05 14:10:33.139,0 days 00:23:56.535000,16,6.572499999999946,0 days 00:00:29.326000,10501.15,274.8,7,100.0,False,0,pos,1988.0687452515256,0.34637791302063975,OnTrack,5707.0,14481.0,1967.0
2026-09-05 14:10:33.247,0 days 00:23:56.643000,16,3.8724999999999454,0 days 00:00:29.434000,10453.0,273.0,7,100.0,False,0,car,1996.0644444444445,0.3477709904009864,OnTrack,5848.642471172211,14486.151812794264,1967.0565571937152
2026-09-05 14:10:33.339,0 days 00:23:56.735000,16,115.6947334760745,0 days 00:00:29.526000,10046.062132597413,260.7842291211231,7,61.82571600350964,False,0,pos,2002.3858437994395,0.34887235730350574,OnTrack,5958.0,14490.0,1967.0
2026-09-05 14:10:33.488,0 days 00:23:56.884000,55,296.7980555555546,0 days 00:00:29.675000,9387.0,241.0,7,0.0,True,0,car,2012.1980555555556,0.3505819226484255,OnTrack,6030.404520576445,14492.166471180508,1966.4892500989215
2026-09-05 14:10:33.639,0 days 00:23:57.035000,55,299.27277882666573,0 days 00:00:29.826000,9115.1998848,241.0,7,0.0,True,0,pos,2022.3373428177522,0.35234847381512174,OnTrack,6066.0,14493.0,1966.0
2026-09-05 14:10:33.648,0 days 00:23:57.044000,55,299.42027777777685,0 days 00:00:29.835000,9099.0,241.0,7,0.0,True,0,car,2022.9091666666668,0.35244810173386226,OnTrack,6069.958201055506,14493.127722686937,1965.989685431659
2026-09-05 14:10:33.819,0 days 00:23:57.215000,55,303.8852794488879,0 days 00:00:30.006000,9277.69506688,211.0749888,7,0.0,True,0,pos,2032.8046202088647,0.35417217015681085,OnTrack,6175.0,14497.0,1966.0
2026-09-05 14:10:33.848,0 days 00:23:57.244000,55,304.642499999999,0 days 00:00:30.035000,9308.0,206.0,7,0.0,True,0,car,2034.3536111111111,0.3544420482670571,OnTrack,6194.756736743316,14497.842117589997,1965.9639109454795
2026-09-05 14:10:34.128,0 days 00:23:57.524000,55,301.4536111111104,0 days 00:00:30.315000,9552.0,175.0,6,0.0,True,0,car,2047.9647222222222,0.3568134895322646,OnTrack,6378.1658851763905,14507.148747744415,1965.0528415914541
2026-09-05 14:10:34.159,0 days 00:23:57.555000,55,301.4622222399993,0 days 00:00:30.346000,9566.795485090908,173.23863272727272,6,0.0,True,0,pos,2049.3632410039672,0.3570571511350628,OnTrack,6393.0,14508.0,1965.0
2026-09-05 14:10:34.499,0 days 00:23:57.895000,55,301.55666668444354,0 days 00:00:30.686000,9729.068212363636,153.9204509090909,6,0.0,True,0,pos,2063.595096606566,0.35953674368125293,OnTrack,6502.0,14521.0,1965.0
2026-09-05 14:10:34.568,0 days 00:23:57.964000,55,301.5758333333324,0 days 00:00:30.755000,9762.0,150.0,4,0.0,True,0,car,2066.2980555555555,0.3600076757262175,OnTrack,6535.88442797763,14528.689858615518,1964.7712077046062
2026-09-05 14:10:34.728,0 days 00:23:58.124000,55,302.4202777777773,0 days 00:00:30.915000,10602.0,136.0,4,0.0,True,0,car,2072.3424999999997,0.3610607892350116,OnTrack,6624.021788731711,14550.681451764473,1964.036635175614
2026-09-05 14:10:34.739,0 days 00:23:58.135000,55,302.5577785777773,0 days 00:00:30.926000,10598.822203733333,135.6333312,4,0.0,True,0,pos,2072.7431669203334,0.36113059676657366,OnTrack,6629.0,14552.0,1964.0
2026-09-05 14:10:35.088,0 days 00:23:58.484000,55,306.9202777777773,0 days 00:00:31.275000,10498.0,124.0,2,0.0,True,0,car,2084.7425,0.3632212206243762,OnTrack,6716.416741187439,14582.088925388534,1963.890649565011
2026-09-05 14:10:35.158,0 days 00:23:58.554000,55,307.9313907377775,0 days 00:00:31.345000,10363.2497536,124.0,2,0.0,True,0,pos,2087.1672806269876,0.363643686122672,OnTrack,6733.0,14590.0,1964.0
2026-09-05 14:10:35.248,0 days 00:23:58.644000,55,309.2313888888889,0 days 00:00:31.435000,10190.0,124.0,2,0.0,True,0,car,2090.253611111111,0.3641814123529826,OnTrack,6758.049738229579,14602.341062591582,1964.1740795281596
2026-09-05 14:10:35.358,0 days 00:23:58.754000,55,311.2480579022223,0 days 00:00:31.545000,9980.9997568,119.8749952,2,0.0,True,0,pos,2093.8411533983067,0.3648064638826545,OnTrack,6790.0,14620.0,1964.0
2026-09-05 14:10:35.488,0 days 00:23:58.884000,55,313.631388888889,0 days 00:00:31.675000,9734.0,115.0,2,0.0,False,0,car,2097.9202777777773,0.36551716294318104,OnTrack,6822.285953468397,14643.265373267184,1962.5183051100119
2026-09-05 14:10:35.598,0 days 00:23:58.994000,55,316.0452805866668,0 days 00:00:31.785000,9670.7499264,113.4285696,2,0.0,False,0,pos,2101.3370934034656,0.3661124690503914,OnTrack,6846.0,14664.0,1962.0
2026-09-05 14:10:35.698,0 days 00:23:59.094000,55,318.23971941333355,0 days 00:00:31.885000,9613.2500736,112.00000182857143,2,0.0,False,0,pos,2104.415504320562,0.3666488154677025,OnTrack,6866.0,14685.0,1963.0
2026-09-05 14:10:35.768,0 days 00:23:59.164000,55,319.7758333333336,0 days 00:00:31.955000,9573.0,111.0,2,0.0,False,0,car,2106.5536111111105,0.3670213342599698,OnTrack,6881.1272876304365,14707.844531775174,1963.2697665106061
2026-09-05 14:10:35.928,0 days 00:23:59.324000,55,323.50916666666717,0 days 00:00:32.115000,9630.0,109.0,2,30.0,False,0,car,2111.398055555555,0.3678653737633416,OnTrack,6916.68741249484,14777.769242121169,1962.3092069279555
2026-09-05 14:10:35.978,0 days 00:23:59.374000,55,324.70360805333377,0 days 00:00:32.165000,9748.1246976,109.3124992,2,34.9999872,False,0,pos,2112.909695704262,0.36812874431388115,OnTrack,6925.0,14795.0,1962.0
2026-09-05 14:10:36.088,0 days 00:23:59.484000,55,327.33138888888925,0 days 00:00:32.275000,10008.0,110.0,2,46.0,False,0,car,2116.2869444444436,0.36871715674839567,OnTrack,6937.406909280099,14821.433339444451,1961.474607078185
2026-09-05 14:10:36.298,0 days 00:23:59.694000,55,332.0563860088893,0 days 00:00:32.485000,10297.624823466667,117.8749952,2,52.12499626666666,False,0,pos,2123.205784436355,0.3699226147400503,OnTrack,6955.0,14854.0,1961.0
2026-09-05 14:10:36.328,0 days 00:23:59.724000,55,332.73138888888934,0 days 00:00:32.515000,10339.0,119.0,2,53.0,False,0,car,2124.220277777777,0.37009936822868805,OnTrack,6959.480890522303,14860.88527678141,1960.9787429108428
2026-09-05 14:10:36.498,0 days 00:23:59.894000,55,336.6036081955557,0 days 00:00:32.685000,10574.1664896,121.8333312,2,45.2083392,False,0,pos,2130.0267198117454,0.3711110149731002,OnTrack,6993.0,14907.0,1961.0
2026-09-05 14:10:36.568,0 days 00:23:59.964000,55,338.1980555555556,0 days 00:00:32.755000,10671.0,123.0,2,42.0,False,0,car,2132.4202777777773,0.3715280405990743,OnTrack,7008.61193963344,14924.424773948578,1961.006015343022
2026-09-05 14:10:36.718,0 days 00:24:00.114000,55,341.6980585422225,0 days 00:00:32.905000,10828.5001344,123.0,2,42.625000533333335,False,0,pos,2137.526588355962,0.3724177046036673,OnTrack,7045.0,14958.0,1961.0
2026-09-05 14:10:36.808,0 days 00:24:00.204000,55,343.79805555555595,0 days 00:00:32.995000,10923.0,123.0,2,43.0,False,0,car,2140.620277777777,0.3729567129694605,OnTrack,7069.034018450148,14977.10110123971,1961.0005988422733
2026-09-05 14:10:36.958,0 days 00:24:00.354000,55,347.38139194666735,0 days 00:00:33.145000,11167.6877088,125.8125024,2,45.8125024,False,0,pos,2145.868305222742,0.37387106806819825,OnTrack,7112.0,15007.0,1961.0
2026-09-05 14:10:36.968,0 days 00:24:00.364000,55,347.6202777777785,0 days 00:00:33.155000,11184.0,126.0,2,46.0,False,0,car,2146.220277777777,0.37393239166143155,OnTrack,7114.943977148276,15008.883743263565,1960.999220602465
2026-09-05 14:10:37.128,0 days 00:24:00.524000,55,351.39805555555586,0 days 00:00:33.315000,11448.0,128.0,2,62.0,False,0,car,2151.909166666666,0.37492355731676724,OnTrack,7163.496060893508,15037.117581984525,1960.9901837495001
2026-09-05 14:10:37.158,0 days 00:24:00.554000,55,352.0730584355559,0 days 00:00:33.345000,11468.464373028572,128.96428982857142,2,63.928579657142855,False,0,pos,2153.0057974184065,0.3751146214698804,OnTrack,7173.0,15042.0,1961.0
2026-09-05 14:10:37.408,0 days 00:24:00.804000,55,357.69805555555604,0 days 00:00:33.595000,11639.0,137.0,2,80.0,False,0,car,2162.5647222222215,0.3767800570501011,OnTrack,7257.450095787119,15077.737520849872,1961.0261764868285
2026-09-05 14:10:37.418,0 days 00:24:00.814000,55,357.9008307377783,0 days 00:00:33.605000,11607.5629024,137.312496,2,80.624992,False,0,pos,2162.9604693127676,0.3768490074078967,OnTrack,7261.0,15079.0,1961.0
2026-09-05 14:10:37.618,0 days 00:24:01.014000,55,361.95638629333394,0 days 00:00:33.805000,10978.812902399999,143.562496,2,93.124992,False,0,pos,2171.0716830199194,0.378262210690056,OnTrack,7335.0,15102.0,1960.0
2026-09-05 14:10:37.728,0 days 00:24:01.124000,55,364.1869444444451,0 days 00:00:33.915000,10633.0,147.0,3,100.0,False,0,car,2175.631388888888,0.37905664066470024,OnTrack,7378.966013173463,15113.469859184372,1959.393045789373
2026-09-05 14:10:37.838,0 days 00:24:01.234000,55,366.38694700444466,0 days 00:00:34.025000,10668.0625408,150.437504,3,100.0,False,0,pos,2180.240516595439,0.37985968132396014,OnTrack,7423.0,15124.0,1959.0
2026-09-05 14:10:37.888,0 days 00:24:01.284000,55,367.38694444444445,0 days 00:00:34.075000,10684.0,152.0,3,100.0,False,0,car,2182.386944444444,0.3802336498804114,OnTrack,7442.24185455841,15128.401245956917,1958.955347977268
2026-09-05 14:10:38.018,0 days 00:24:01.414000,55,369.6980532800002,0 days 00:00:34.205000,11101.392446171429,157.5714230857143,3,100.0,False,0,pos,2188.1801469047355,0.381242989915908,OnTrack,7498.0,15140.0,1959.0
2026-09-05 14:10:38.168,0 days 00:24:01.564000,55,372.36472222222255,0 days 00:00:34.355000,11583.0,164.0,3,100.0,False,0,car,2195.1424999999995,0.3824560291232344,OnTrack,7597.893011911866,15157.71682273303,1958.6088458272461
2026-09-05 14:10:38.318,0 days 00:24:01.714000,55,374.78139095111135,0 days 00:00:34.505000,11583.0,168.82143268571429,3,100.0,False,0,pos,2202.276372994439,0.38369895195750287,OnTrack,7699.0,15175.0,1958.0
2026-09-05 14:10:38.448,0 days 00:24:01.844000,55,376.8758333333335,0 days 00:00:34.635000,11583.0,173.0,3,100.0,False,0,car,2208.598055555555,0.38480036820255387,OnTrack,7756.1955649989695,15185.268133313723,1957.549482867703
2026-09-05 14:10:38.738,0 days 00:24:02.134000,55,380.98416402909186,0 days 00:00:34.925000,10547.54611931363,180.27272260359172,3,100.0,False,0,pos,2223.1519061965423,0.3873360614090789,OnTrack,7833.0,15202.0,1957.0
2026-09-05 14:10:38.767,0 days 00:24:02.163000,55,381.39500000000044,0 days 00:00:34.954000,10444.0,181.0,4,100.0,False,0,car,2224.6366666666663,0.387594748757897,OnTrack,7842.912578214338,15204.348250316,1957.0031970131465
2026-09-05 14:10:38.938,0 days 00:24:02.334000,55,382.9624982400003,0 days 00:00:35.125000,10673.899741866666,184.79999573333333,4,100.0,False,0,pos,2233.4915470326287,0.3891375198459367,OnTrack,7910.0,15221.0,1957.0
2026-09-05 14:10:39.127,0 days 00:24:02.523000,55,384.69500000000016,0 days 00:00:35.314000,10928.0,189.0,4,100.0,False,0,car,2243.5366666666664,0.39088766434329936,OnTrack,7992.712313307297,15244.424655186314,1956.0613319241545
2026-09-05 14:10:39.138,0 days 00:24:02.534000,55,384.74999904000015,0 days 00:00:35.325000,10945.2559488,189.5499904,4,100.0,False,0,pos,2244.1317359952154,0.3909913422833192,OnTrack,7998.0,15246.0,1956.0
2026-09-05 14:10:39.287,0 days 00:24:02.683000,55,385.4949999999999,0 days 00:00:35.474000,11179.0,197.0,4,100.0,False,0,car,2252.292222222222,0.39241313023471447,OnTrack,8075.434779664243,15269.716435504135,1955.2373451962417
2026-09-05 14:10:39.379,0 days 00:24:02.775000,55,385.62277777777774,0 days 00:00:35.566000,11294.0,198.31428571428572,4,100.0,False,0,pos,2257.395933575664,0.39330234138070097,OnTrack,8122.0,15284.0,1955.0
2026-09-05 14:10:39.567,0 days 00:24:02.963000,55,385.88388888888903,0 days 00:00:35.754000,11529.0,201.0,4,100.0,False,0,car,2267.925555555555,0.395136899916467,OnTrack,8218.831590930089,15313.18330244564,1955.0336485689854
2026-09-05 14:10:39.579,0 days 00:24:02.975000,55,385.8772222222224,0 days 00:00:35.766000,11522.88,201.12,4,100.0,False,0,pos,2268.599495300905,0.3952543193181117,OnTrack,8228.0,15316.0,1955.0
2026-09-05 14:10:39.739,0 days 00:24:03.135000,55,385.7883333333337,0 days 00:00:35.926000,11441.28,202.72,4,100.0,False,0,pos,2277.614071027872,0.39682491386346197,OnTrack,8379.0,15363.0,1954.0
2026-09-05 14:10:39.767,0 days 00:24:03.163000,55,385.7727777777782,0 days 00:00:35.954000,11427.0,203.0,4,100.0,False,0,car,2279.203333333333,0.39710180839335324,OnTrack,8401.513033363208,15370.087852127763,1953.7961719172868
2026-09-05 14:10:40.008,0 days 00:24:03.404000,55,385.0363888888892,0 days 00:00:36.195000,10166.0,207.0,5,100.0,False,0,car,2293.060833333333,0.399516177585137,OnTrack,8504.398030844672,15403.751640796534,1952.0702609300693
2026-09-05 14:10:40.208,0 days 00:24:03.604000,55,384.0919444444444,0 days 00:00:36.395000,10326.0,211.0,5,100.0,False,0,car,2304.783055555555,0.4015585208788463,OnTrack,8569.875943803896,15428.09297344556,1951.9472490180199
2026-09-05 14:10:40.219,0 days 00:24:03.615000,55,384.0399996977777,0 days 00:00:36.406000,10329.79502208,211.11000064,5,100.0,False,0,pos,2305.431264139032,0.4016714571829269,OnTrack,8575.0,15430.0,1952.0
2026-09-05 14:10:40.379,0 days 00:24:03.775000,55,383.28444414222264,0 days 00:00:36.566000,10384.99502208,212.71000064,5,100.0,False,0,pos,2314.893201514313,0.40331999480468167,OnTrack,8663.0,15463.0,1953.0
2026-09-05 14:10:40.408,0 days 00:24:03.804000,55,383.1475000000005,0 days 00:00:36.595000,10395.0,213.0,5,100.0,False,0,car,2316.616388888888,0.4036202228767613,OnTrack,8679.520242576526,15469.353025242832,1953.005241383597
2026-09-05 14:10:40.599,0 days 00:24:03.995000,55,382.19249968000054,0 days 00:00:36.786000,10522.7312928,214.7906256,5,100.0,False,0,pos,2328.034252779805,0.4056095383242958,OnTrack,8785.0,15511.0,1952.0
2026-09-05 14:10:40.719,0 days 00:24:04.115000,55,381.59249968000057,0 days 00:00:36.906000,10602.9812928,215.9156256,5,100.0,False,0,pos,2335.271542010896,0.4068704791975828,OnTrack,8851.0,15537.0,1952.0
2026-09-05 14:10:40.728,0 days 00:24:04.124000,55,381.5475000000006,0 days 00:00:36.915000,10609.0,216.0,5,100.0,False,0,car,2335.816388888888,0.40696540696351924,OnTrack,8857.097487444948,15539.356698873728,1951.9804326106382
2026-09-05 14:10:40.999,0 days 00:24:04.395000,55,379.9666662933338,0 days 00:00:37.186000,10749.5812832,219.3875008,5,100.0,False,0,pos,2352.3551726225974,0.4098469317635367,OnTrack,9090.0,15627.0,1950.0
2026-09-05 14:10:41.048,0 days 00:24:04.444000,55,379.6808333333338,0 days 00:00:37.235000,10775.0,220.0,5,100.0,False,0,car,2355.3719444444437,0.4103725389037357,OnTrack,9119.572480343906,15637.817383841792,1949.7923937344528
2026-09-05 14:10:41.288,0 days 00:24:04.684000,55,378.1475000000005,0 days 00:00:37.475000,10863.0,223.0,5,100.0,False,0,car,2370.2386111111105,0.41296273352646845,OnTrack,9193.433545331649,15662.835519624827,1949.908468371652
2026-09-05 14:10:41.379,0 days 00:24:04.775000,55,377.6166662933337,0 days 00:00:37.566000,10910.125033142856,223.32500022857144,5,100.0,False,0,pos,2375.8849018693872,0.41394647738031204,OnTrack,9230.0,15675.0,1950.0
2026-09-05 14:10:41.568,0 days 00:24:04.964000,55,376.5141666666668,0 days 00:00:37.755000,11008.0,224.0,5,100.0,False,0,car,2387.660833333333,0.41599817834593406,OnTrack,9341.839670635032,15712.919625715136,1950.000180913685
2026-09-05 14:10:41.578,0 days 00:24:04.974000,55,376.45583408000016,0 days 00:00:37.765000,11012.3124448,224.1249984,5,100.0,False,0,pos,2388.2885066956524,0.4161075368325649,OnTrack,9348.0,15715.0,1950.0
2026-09-05 14:10:41.718,0 days 00:24:05.114000,55,375.6391659200001,0 days 00:00:37.905000,11072.6875552,225.8750016,5,100.0,False,0,pos,2397.128075140672,0.41764764015006955,OnTrack,9431.0,15743.0,1950.0
2026-09-05 14:10:41.888,0 days 00:24:05.284000,55,374.64750000000004,0 days 00:00:38.075000,11146.0,228.0,5,100.0,False,0,car,2407.9275,0.41952920599306753,OnTrack,9522.175431426069,15774.698632863288,1949.749329513041
2026-09-05 14:10:41.978,0 days 00:24:05.374000,55,374.2225006044445,0 days 00:00:38.165000,11047.0001408,228.0,5,100.0,False,0,pos,2413.643665535217,0.4205251240131552,OnTrack,9587.0,15795.0,1949.0
2026-09-05 14:10:42.168,0 days 00:24:05.564000,55,373.32527777777796,0 days 00:00:38.355000,10838.0,228.0,5,100.0,False,0,car,2425.660833333333,0.4226188551843092,OnTrack,9776.611999699635,15848.480324283912,1945.6873329249368
2026-09-05 14:10:42.218,0 days 00:24:05.614000,55,373.21416695111134,0 days 00:00:38.405000,10825.3437824,227.218752,5,84.8437888,False,0,pos,2428.7951672694276,0.423164944976268,OnTrack,9815.0,15859.0,1945.0
2026-09-05 14:10:42.488,0 days 00:24:05.884000,55,372.6141666666672,0 days 00:00:38.675000,10757.0,223.0,5,3.0,False,0,car,2445.483055555555,0.4260724480146195,OnTrack,9889.265654882012,15874.48313081905,1944.1402881640395
2026-09-05 14:10:42.538,0 days 00:24:05.934000,55,372.6141666666672,0 days 00:00:38.725000,10682.3126912,221.1250048,5,2.0625024,False,0,pos,2448.5209365794854,0.42660173297601095,OnTrack,9908.0,15875.0,1944.0
2026-09-05 14:10:42.648,0 days 00:24:06.044000,55,372.6141666666672,0 days 00:00:38.835000,10518.0,217.0,5,0.0,True,0,car,2455.1274999999996,0.4277527835396808,OnTrack,9971.820774405905,15876.617549245784,1943.4177301899686
2026-09-05 14:10:42.858,0 days 00:24:06.254000,55,373.5474994311117,0 days 00:00:39.045000,11048.2496768,211.7500032,5,0.0,True,0,pos,2467.3391533738695,0.42988039960943475,OnTrack,10125.0,15878.0,1942.0
2026-09-05 14:10:43.088,0 days 00:24:06.484000,55,374.56972222222294,0 days 00:00:39.275000,11629.0,206.0,5,0.0,True,0,car,2480.305277777777,0.43213946591270946,OnTrack,10213.51864212201,15868.517463899936,1941.6577987268722
2026-09-05 14:10:43.238,0 days 00:24:06.634000,55,375.69472318222284,0 days 00:00:39.425000,11452.333182577779,203.08333084444445,5,5.8333383111111115,True,0,pos,2488.6551115137017,0.43359424356585996,OnTrack,10268.0,15853.0,1941.0
2026-09-05 14:10:43.448,0 days 00:24:06.844000,55,377.26972222222275,0 days 00:00:39.635000,11205.0,199.0,4,14.0,False,0,car,2500.205277777777,0.43560660983596383,OnTrack,10375.872421502752,15816.18051272416,1939.0373690273839
2026-09-05 14:10:43.458,0 days 00:24:06.854000,55,377.3586099733339,0 days 00:00:39.645000,11209.3124448,198.8125024,4,16.5624672,False,0,pos,2500.751257978055,0.4357017350587583,OnTrack,10381.0,15814.0,1939.0
2026-09-05 14:10:43.578,0 days 00:24:06.974000,55,378.42527664000073,0 days 00:00:39.765000,11261.0624448,196.5625024,4,47.3124672,False,0,pos,2507.2820883851264,0.43683959078537554,OnTrack,10440.0,15785.0,1939.0
2026-09-05 14:10:43.608,0 days 00:24:07.004000,55,378.6919444444452,0 days 00:00:39.795000,11274.0,196.0,4,55.0,False,0,car,2508.9163888888884,0.43712433224569663,OnTrack,10454.29010185742,15777.045755664312,1938.9769733217506
2026-09-05 14:10:43.838,0 days 00:24:07.234000,55,380.8002789511118,0 days 00:00:40.025000,11352.857186742856,196.82142902857143,4,78.82144182857142,False,0,pos,2521.502359701478,0.4393171650206275,OnTrack,10558.0,15708.0,1938.0
2026-09-05 14:10:43.888,0 days 00:24:07.284000,55,381.2586111111118,0 days 00:00:40.075000,11370.0,197.0,4,84.0,False,0,car,2524.2386111111105,0.439793897555673,OnTrack,10578.7123805522,15691.45923586479,1937.7012916051033
2026-09-05 14:10:44.018,0 days 00:24:07.414000,55,382.5586098311121,0 days 00:00:40.205000,11397.6249728,197.0,4,96.99998719999999,False,0,pos,2531.3476319756164,0.4410324904446509,OnTrack,10631.0,15643.0,1937.0
2026-09-05 14:10:44.048,0 days 00:24:07.444000,55,382.85861111111217,0 days 00:00:40.235000,11404.0,197.0,4,100.0,False,0,car,2532.994166666666,0.44131936344708805,OnTrack,10643.331380157793,15629.652532119704,1936.91275477385
2026-09-05 14:10:44.248,0 days 00:24:07.644000,55,384.8030555555565,0 days 00:00:40.435000,11473.0,199.0,4,100.0,False,0,car,2544.0497222222216,0.44324555451556275,OnTrack,10727.048061677833,15521.811770416998,1937.0190944497235
2026-09-05 14:10:44.358,0 days 00:24:07.754000,55,385.87250124444546,0 days 00:00:40.545000,11152.166293333334,199.45833386666666,4,100.0,False,0,pos,2550.158584604281,0.44430989145455546,OnTrack,10764.0,15467.0,1937.0
2026-09-05 14:10:44.488,0 days 00:24:07.884000,55,387.13638888889,0 days 00:00:40.675000,10773.0,200.0,4,100.0,False,0,car,2557.3830555555546,0.4455685990202557,OnTrack,10794.474968615128,15415.166832124067,1936.6258193298052
2026-09-05 14:10:44.718,0 days 00:24:08.114000,55,388.6697230755566,0 days 00:00:40.905000,9970.8745536,200.0,4,100.0,False,0,pos,2570.158410442186,0.44779442786762264,OnTrack,10833.0,15313.0,1936.0
2026-09-05 14:10:44.728,0 days 00:24:08.124000,55,388.7363888888899,0 days 00:00:40.915000,9936.0,200.0,5,100.0,False,0,car,2570.716388888888,0.44789164352494876,OnTrack,10835.047901703349,15306.384555025837,1936.014293009089
2026-09-05 14:10:44.978,0 days 00:24:08.374000,55,388.3891668444454,0 days 00:00:41.165000,10030.37495168,201.87499904,5,100.0,False,0,pos,2584.7659893967107,0.450339482068911,OnTrack,10890.0,15105.0,1937.0
2026-09-05 14:10:45.128,0 days 00:24:08.524000,55,388.18083333333425,0 days 00:00:41.315000,10087.0,203.0,5,100.0,False,0,car,2593.2719444444438,0.4518214604787212,OnTrack,10909.234768958686,15007.947845161294,1936.9363145413593
2026-09-05 14:10:45.378,0 days 00:24:08.774000,55,386.79194537833547,0 days 00:00:41.565000,10137.125279578902,205.50626397894513,5,100.0,False,0,pos,2607.561532042673,0.45431111157455095,OnTrack,10923.0,14890.0,1936.0
2026-09-05 14:10:45.527,0 days 00:24:08.923000,55,385.96416666666755,0 days 00:00:41.714000,10167.0,207.0,5,100.0,False,0,car,2616.214444444444,0.4558186941198902,OnTrack,10930.180076384382,14829.697009991583,1935.5970322063217
2026-09-05 14:10:45.738,0 days 00:24:09.134000,55,383.9127796444454,0 days 00:00:41.925000,10353.131973485713,211.52142445714287,5,100.0,False,0,pos,2628.6862636155097,0.4579916384440553,OnTrack,10940.0,14740.0,1935.0
2026-09-05 14:10:45.807,0 days 00:24:09.203000,55,383.2419444444454,0 days 00:00:41.994000,10414.0,213.0,5,100.0,False,0,car,2632.7811111111105,0.45870507691697127,OnTrack,10943.259650826956,14704.198684306204,1934.7114466426171
2026-09-05 14:10:45.959,0 days 00:24:09.355000,55,381.46861111111195,0 days 00:00:42.146000,10460.233333333334,213.63333333333333,5,100.0,False,0,pos,2641.7956522173135,0.4602756654304033,OnTrack,10951.0,14610.0,1934.0
2026-09-05 14:10:46.047,0 days 00:24:09.443000,55,380.4419444444452,0 days 00:00:42.234000,10487.0,214.0,5,100.0,False,0,car,2647.0477777777774,0.46119073453699283,OnTrack,10956.310808777964,14541.938949702491,1933.63305901237
2026-09-05 14:10:46.259,0 days 00:24:09.655000,55,378.08638888888913,0 days 00:00:42.446000,10607.385714285714,217.02857142857144,5,100.0,False,0,pos,2659.865980234865,0.4634240286453414,OnTrack,10969.0,14372.0,1933.0
2026-09-05 14:10:46.327,0 days 00:24:09.723000,55,377.33083333333343,0 days 00:00:42.514000,10646.0,218.0,5,100.0,False,0,car,2664.003333333333,0.4641448727987942,OnTrack,10971.701100065671,14333.26540130134,1932.9179434269809
2026-09-05 14:10:46.527,0 days 00:24:09.923000,55,375.1641666666669,0 days 00:00:42.714000,10802.0,220.0,5,100.0,False,0,car,2676.2255555555553,0.46627433026142945,OnTrack,10976.347574388734,14257.1052755239,1932.9690328987188
2026-09-05 14:10:46.619,0 days 00:24:10.015000,55,374.4230554241675,0 days 00:00:42.806000,10823.40720601125,221.01939076244048,5,100.0,False,0,pos,2681.9058675466536,0.46726400157811915,OnTrack,10979.0,14214.0,1933.0
2026-09-05 14:10:46.819,0 days 00:24:10.215000,55,372.8119440274297,0 days 00:00:43.006000,10869.944610383533,223.23545763731104,5,100.0,False,0,pos,2694.3732299241683,0.46943616940255184,OnTrack,10987.0,14091.0,1933.0
2026-09-05 14:10:46.888,0 days 00:24:10.284000,55,372.25611111111084,0 days 00:00:43.075000,10886.0,224.0,5,100.0,False,0,car,2698.6877777777777,0.470187885903669,OnTrack,10989.91419961401,14048.718221194078,1932.9998702036762
2026-09-05 14:10:46.999,0 days 00:24:10.395000,55,371.7319441422222,0 days 00:00:43.186000,10935.9500288,224.61666702222223,5,100.0,False,0,pos,2705.6369361702964,0.47139862621986767,OnTrack,10995.0,13979.0,1933.0
2026-09-05 14:10:47.248,0 days 00:24:10.644000,55,370.5561111111115,0 days 00:00:43.435000,11048.0,226.0,5,100.0,False,0,car,2721.2877777777776,0.4741254463391237,OnTrack,11010.892396014098,13786.419545917195,1932.9849084243037
2026-09-05 14:10:47.299,0 days 00:24:10.695000,55,370.286944106667,0 days 00:00:43.486000,11080.8312912,226.6375008,5,100.0,False,0,pos,2724.510704607922,0.47468697152375827,OnTrack,11015.0,13743.0,1933.0
2026-09-05 14:10:47.408,0 days 00:24:10.804000,55,369.71166666666704,0 days 00:00:43.595000,11151.0,228.0,5,100.0,False,0,car,2731.421111111111,0.4758909601626904,OnTrack,11024.788244671381,13647.03860470652,1933.063927805412
2026-09-05 14:10:47.499,0 days 00:24:10.895000,55,369.4588887111113,0 days 00:00:43.686000,11139.624992,228.5687504,5,100.0,False,0,pos,2737.215722675154,0.47690054570399154,OnTrack,11033.0,13567.0,1933.0
2026-09-05 14:10:47.568,0 days 00:24:10.964000,55,369.26722222222224,0 days 00:00:43.755000,11131.0,229.0,5,100.0,False,0,car,2741.5988888888887,0.4776642174679394,OnTrack,11038.725265511717,13508.108543742921,1932.8024154124637
2026-09-05 14:10:47.779,0 days 00:24:11.175000,55,369.26722222222264,0 days 00:00:43.966000,10866.370753066667,226.3624992,5,100.0,False,0,pos,2754.853026929327,0.4799734639083856,OnTrack,11053.0,13353.0,1932.0
2026-09-05 14:10:47.808,0 days 00:24:11.204000,55,369.2672222222227,0 days 00:00:43.995000,10830.0,226.0,5,100.0,False,0,car,2756.665555555555,0.48028925775824244,OnTrack,11054.46984338647,13337.727154105763,1931.9874848876996
2026-09-05 14:10:48.048,0 days 00:24:11.444000,55,370.0005555555558,0 days 00:00:44.235000,10421.0,222.0,5,0.0,True,0,car,2771.465555555555,0.4828678371584518,OnTrack,11062.160099078163,13259.425887949386,1932.7931787209882
2026-09-05 14:10:48.158,0 days 00:24:11.554000,55,371.1616680177779,0 days 00:00:44.345000,10090.999616,214.9285632,5,0.0,True,0,pos,2777.8793320265627,0.48398529877234947,OnTrack,11064.0,13205.0,1933.0
2026-09-05 14:10:48.328,0 days 00:24:11.724000,55,372.9561111111111,0 days 00:00:44.515000,9581.0,204.0,5,0.0,True,0,car,2787.332222222222,0.4856322601190365,OnTrack,11065.370894791988,13070.016997044006,1932.6683857899664
2026-09-05 14:10:48.438,0 days 00:24:11.834000,55,374.75889098666653,0 days 00:00:44.625000,10044.9648256,198.8928512,5,0.0,True,0,pos,2793.2278261306687,0.48665944138863876,OnTrack,11065.0,12991.0,1932.0
2026-09-05 14:10:48.608,0 days 00:24:12.004000,55,377.5449999999996,0 days 00:00:44.795000,10762.0,191.0,4,0.0,False,0,car,2802.1877777777777,0.4882205188713487,OnTrack,11062.08686469071,12927.137730869874,1930.2424220201965
2026-09-05 14:10:48.738,0 days 00:24:12.134000,55,379.8561088355552,0 days 00:00:44.925000,10762.0,191.0,4,0.0,False,0,pos,2809.1022051760997,0.48942520806415657,OnTrack,11055.0,12888.0,1929.0
2026-09-05 14:10:48.768,0 days 00:24:12.164000,55,380.38944444444405,0 days 00:00:44.955000,10762.0,191.0,4,0.0,False,0,car,2810.6766666666663,0.48969952387266985,OnTrack,11052.476276780959,12876.409980169446,1928.7943835945796
2026-09-05 14:10:49.048,0 days 00:24:12.444000,55,386.53388888888867,0 days 00:00:45.235000,10280.0,182.0,4,14.0,False,0,car,2824.832222222222,0.49216582278848564,OnTrack,11013.81920746473,12738.749978786323,1928.0125345398744
2026-09-05 14:10:49.058,0 days 00:24:12.454000,55,386.7783302044442,0 days 00:00:45.245000,10281.874976,181.83333546666665,4,15.333316266666667,False,0,pos,2825.328173201251,0.492252231503218,OnTrack,11012.0,12734.0,1928.0
2026-09-05 14:10:49.278,0 days 00:24:12.674000,55,392.1561142399999,0 days 00:00:45.465000,10323.125024,178.16666453333335,4,44.666683733333336,False,0,pos,2836.2003287466223,0.4941464690927561,OnTrack,10964.0,12638.0,1928.0
2026-09-05 14:10:49.288,0 days 00:24:12.684000,55,392.40055555555546,0 days 00:00:45.475000,10325.0,178.0,4,46.0,False,0,car,2836.6988888888886,0.4942333323976625,OnTrack,10961.378940240555,12633.799380093005,1928.0285393825277
2026-09-05 14:10:49.478,0 days 00:24:12.874000,55,397.20333656888886,0 days 00:00:45.665000,10503.12512,180.85000192,4,57.40000768,False,0,pos,2846.290544580095,0.4959044706259897,OnTrack,10906.0,12557.0,1929.0
2026-09-05 14:10:49.658,0 days 00:24:13.054000,55,401.75333009777785,0 days 00:00:45.845000,10671.87488,183.54999808,4,68.19999231999999,False,0,pos,2855.5775546003038,0.49752253094542537,OnTrack,10843.0,12491.0,1930.0
2026-09-05 14:10:49.688,0 days 00:24:13.084000,55,402.51166666666677,0 days 00:00:45.875000,10700.0,184.0,4,70.0,False,0,car,2857.143333333333,0.4977953339715251,OnTrack,10826.441795247543,12477.242461460859,1930.164608064979
2026-09-05 14:10:49.898,0 days 00:24:13.294000,55,407.64499687111135,0 days 00:00:46.085000,11098.124757333333,190.12499626666667,4,96.249984,False,0,pos,2868.2599590863992,0.49973216519900426,OnTrack,10682.0,12371.0,1931.0
2026-09-05 14:10:49.928,0 days 00:24:13.324000,55,408.37833333333356,0 days 00:00:46.115000,11155.0,191.0,4,100.0,False,0,car,2869.8766666666666,0.500013841473507,OnTrack,10666.538926416322,12360.28824557525,1930.9893099617561
2026-09-05 14:10:50.278,0 days 00:24:13.674000,55,416.8366697600001,0 days 00:00:46.465000,11479.545573236364,198.95454836363638,4,100.0,False,0,pos,2889.3057264810923,0.5033989342710009,OnTrack,10566.0,12304.0,1929.0
2026-09-05 14:10:50.368,0 days 00:24:13.764000,55,419.01166666666677,0 days 00:00:46.555000,11563.0,201.0,4,100.0,False,0,car,2894.443333333333,0.5042940509734039,OnTrack,10523.61718249214,12281.984655984439,1928.5452004918834
2026-09-05 14:10:50.478,0 days 00:24:13.874000,55,421.5477807288889,0 days 00:00:46.665000,11222.7853184,204.5357184,4,100.0,False,0,pos,2900.792730799246,0.5054002959402513,OnTrack,10464.0,12251.0,1928.0
2026-09-05 14:10:50.638,0 days 00:24:14.034000,55,425.23666961777764,0 days 00:00:46.825000,10727.928175542856,209.67857554285715,4,100.0,False,0,pos,2910.1827383412333,0.5070363013467094,OnTrack,10381.0,12209.0,1927.0
2026-09-05 14:10:50.648,0 days 00:24:14.044000,55,425.46722222222206,0 days 00:00:46.835000,10697.0,210.0,5,100.0,False,0,car,2910.7766666666666,0.5071397804916529,OnTrack,10376.022458247946,12206.505886570772,1926.9384973592544
2026-09-05 14:10:50.808,0 days 00:24:14.204000,55,428.8894444444445,0 days 00:00:46.995000,10857.0,217.0,5,100.0,False,0,car,2920.421111111111,0.5088201160167142,OnTrack,10291.734652028426,12164.383519627885,1926.0470543284512
2026-09-05 14:10:50.818,0 days 00:24:14.214000,55,429.0866641422223,0 days 00:00:47.005000,10867.84986112,217.44999424,5,100.0,False,0,pos,2921.0366043412737,0.5089273523791645,OnTrack,10285.0,12161.0,1926.0
2026-09-05 14:10:51.008,0 days 00:24:14.404000,55,432.8338888888893,0 days 00:00:47.195000,11074.0,226.0,5,100.0,False,0,car,2932.9766666666665,0.5110076495919668,OnTrack,10118.76641150692,12076.981727633642,1925.3080341900868
2026-09-05 14:10:51.098,0 days 00:24:14.494000,55,434.6088863644448,0 days 00:00:47.285000,11171.8748608,227.1249984,5,100.0,False,0,pos,2938.6812313327646,0.5120015464119102,OnTrack,10050.0,12042.0,1925.0
2026-09-05 14:10:51.248,0 days 00:24:14.644000,55,437.5672222222224,0 days 00:00:47.435000,11335.0,229.0,5,100.0,False,0,car,2948.2433333333333,0.5136675355498403,OnTrack,9982.530258848632,12007.229345753898,1924.408507274788
2026-09-05 14:10:51.528,0 days 00:24:14.924000,55,442.85611111111075,0 days 00:00:47.715000,11388.0,234.0,5,100.0,False,0,car,2966.4433333333336,0.5168384912987464,OnTrack,9897.350144094375,11960.06018047219,1923.818093541252
2026-09-05 14:10:51.578,0 days 00:24:14.974000,55,443.7311088711108,0 days 00:00:47.765000,11205.0838016,235.6666624,5,100.0,False,0,pos,2969.76024661392,0.517416391586422,OnTrack,9855.0,11937.0,1924.0
2026-09-05 14:10:51.738,0 days 00:24:15.134000,55,446.531108871111,0 days 00:00:47.925000,10619.750468266666,240.99999573333332,5,100.0,False,0,pos,2980.5289626827625,0.5192926070878964,OnTrack,9676.0,11840.0,1925.0
2026-09-05 14:10:51.768,0 days 00:24:15.164000,55,447.056111111111,0 days 00:00:47.955000,10510.0,242.0,6,100.0,False,0,car,2982.576666666667,0.5196493751494249,OnTrack,9646.437704229842,11824.04985621375,1925.135451717286
2026-09-05 14:10:52.008,0 days 00:24:15.404000,55,450.85611111111075,0 days 00:00:48.195000,10782.0,250.0,6,100.0,False,0,car,2999.243333333334,0.5225531807802912,OnTrack,9497.485697963126,11744.667117950805,1925.1892317168147
2026-09-05 14:10:52.178,0 days 00:24:15.574000,55,453.4061083710112,0 days 00:00:48.365000,10870.84412563807,253.4170817553104,6,100.0,False,0,pos,3011.221969274651,0.5246401986100809,OnTrack,9430.0,11709.0,1925.0
2026-09-05 14:10:52.207,0 days 00:24:15.603000,55,453.8411111111109,0 days 00:00:48.394000,10886.0,254.0,6,100.0,False,0,car,3013.283888888889,0.524999443437254,OnTrack,9418.767380667176,11703.01885462681,1924.9938761218027
2026-09-05 14:10:52.407,0 days 00:24:15.803000,55,456.67444444444436,0 days 00:00:48.594000,10987.0,259.0,6,100.0,False,0,car,3027.6727777777783,0.5275063956319019,OnTrack,9340.15280319459,11660.580255393057,1925.0755653791484
2026-09-05 14:10:52.479,0 days 00:24:15.875000,55,457.6144444444444,0 days 00:00:48.666000,10999.6,260.35,6,100.0,False,0,pos,3032.921355133322,0.5284208465406459,OnTrack,9305.0,11641.0,1925.0
2026-09-05 14:10:52.727,0 days 00:24:16.123000,55,460.8522222222223,0 days 00:00:48.914000,11043.0,265.0,6,100.0,False,0,car,3051.228333333334,0.5316104409235263,OnTrack,9149.138845869185,11552.02874505648,1924.1642416329007
2026-09-05 14:10:52.799,0 days 00:24:16.195000,55,461.7322222222222,0 days 00:00:48.986000,10789.92,266.44,6,100.0,False,0,pos,3056.5862155888144,0.5325439358433052,OnTrack,9102.0,11525.0,1924.0
2026-09-05 14:10:52.927,0 days 00:24:16.323000,55,463.2966666666666,0 days 00:00:49.114000,10340.0,269.0,6,100.0,False,0,car,3066.1727777777783,0.5342141866392031,OnTrack,9020.250849765274,11478.188065187758,1923.9535763138872
2026-09-05 14:10:52.959,0 days 00:24:16.355000,55,463.6522223032028,0 days 00:00:49.146000,10370.519579904816,269.5693951474779,6,100.0,False,0,pos,3068.58699483068,0.5346348116635441,OnTrack,8999.0,11466.0,1924.0
2026-09-05 14:10:53.208,0 days 00:24:16.604000,55,466.41888888888843,0 days 00:00:49.395000,10608.0,274.0,7,100.0,False,0,car,3087.560000000001,0.5379404468182518,OnTrack,8822.10949232981,11364.42405726717,1924.9295050646674
2026-09-05 14:10:53.239,0 days 00:24:16.635000,55,466.75472291555525,0 days 00:00:49.426000,10617.1062688,274.3875008,7,100.0,False,0,pos,3089.931433039221,0.5383536176550023,OnTrack,8802.0,11353.0,1925.0
2026-09-05 14:10:53.368,0 days 00:24:16.764000,55,468.15222222222246,0 days 00:00:49.555000,10655.0,276.0,7,100.0,False,0,car,3099.8266666666673,0.5400776477625694,OnTrack,8726.510604322173,11310.621628790974,1925.0498189277685
2026-09-05 14:10:53.459,0 days 00:24:16.855000,55,469.08750065777787,0 days 00:00:49.646000,10650.4499968,277.7062512,7,100.0,False,0,pos,3106.8617047072676,0.5413033507471086,OnTrack,8668.0,11278.0,1925.0
2026-09-05 14:10:53.528,0 days 00:24:16.924000,55,469.7966666666666,0 days 00:00:49.715000,10647.0,279.0,7,100.0,False,0,car,3112.2266666666674,0.5422380791519339,OnTrack,8615.153148410802,11248.49253445902,1924.9793150791313
2026-09-05 14:10:53.808,0 days 00:24:17.204000,55,472.4411111111117,0 days 00:00:49.995000,10784.0,283.0,7,100.0,False,0,car,3134.237777777778,0.5460730384550978,OnTrack,8375.173680065609,11114.046046686395,1924.9988272351522
2026-09-05 14:10:53.819,0 days 00:24:17.215000,55,472.5327783111117,0 days 00:00:50.006000,10795.88006912,283.16500096,7,100.0,False,0,pos,3135.108534832338,0.5462247490093867,OnTrack,8368.0,11110.0,1925.0
2026-09-05 14:10:54.008,0 days 00:24:17.404000,55,474.1077777777782,0 days 00:00:50.195000,11000.0,286.0,7,100.0,False,0,car,3150.126666666667,0.5488413331565237,OnTrack,8277.21747672018,11058.338914247262,1925.0129804759572
2026-09-05 14:10:54.099,0 days 00:24:17.495000,55,474.8155560533338,0 days 00:00:50.286000,11042.0875296,286.75833386666665,7,100.0,False,0,pos,3157.388877406825,0.5501066160629123,OnTrack,8231.0,11032.0,1925.0
2026-09-05 14:10:54.248,0 days 00:24:17.644000,55,475.974444444445,0 days 00:00:50.435000,11111.0,288.0,7,100.0,False,0,car,3169.3266666666673,0.5521865172432818,OnTrack,8130.133818187063,10974.80415047966,1924.94575381423
2026-09-05 14:10:54.339,0 days 00:24:17.735000,55,476.63166712888943,0 days 00:00:50.526000,11108.7249984,289.1375008,7,100.0,False,0,pos,3176.650999866966,0.553462623642644,OnTrack,8064.0,10937.0,1925.0
2026-09-05 14:10:54.408,0 days 00:24:17.804000,55,477.13000000000056,0 days 00:00:50.595000,11107.0,290.0,7,100.0,False,0,car,3182.215555555556,0.5544321269311516,OnTrack,8015.414950123799,10908.912683978595,1925.1234448144023
2026-09-05 14:10:54.568,0 days 00:24:17.964000,55,478.24111111111097,0 days 00:00:50.755000,11283.0,291.0,7,100.0,False,0,car,3195.14888888889,0.556685480100704,OnTrack,7905.644810395908,10844.09770718561,1925.7783275183895
2026-09-05 14:10:54.599,0 days 00:24:17.995000,55,478.43916707555553,0 days 00:00:50.786000,11273.6999808,291.3875008,7,100.0,False,0,pos,3197.6650535385074,0.5571238672853687,OnTrack,7884.0,10831.0,1926.0
2026-09-05 14:10:54.718,0 days 00:24:18.114000,55,479.19944526222264,0 days 00:00:50.905000,11237.9999616,292.8750016,7,100.0,False,0,pos,3207.355330014573,0.5588121880491198,OnTrack,7801.0,10780.0,1927.0
2026-09-05 14:10:54.728,0 days 00:24:18.124000,55,479.2633333333338,0 days 00:00:50.915000,11235.0,293.0,7,100.0,False,0,car,3208.1711111111117,0.5589543202336208,OnTrack,7794.391885906352,10775.924462559604,1927.0619582681416
2026-09-05 14:10:55.058,0 days 00:24:18.454000,55,481.096665955556,0 days 00:00:51.245000,11355.999953066666,294.8333326222222,7,100.0,False,0,pos,3235.2028720570866,0.56366401901245,OnTrack,7569.0,10628.0,1927.0
2026-09-05 14:10:55.088,0 days 00:24:18.484000,55,481.2633333333338,0 days 00:00:51.275000,11367.0,295.0,7,100.0,False,0,car,3237.6711111111117,0.5640940562002541,OnTrack,7537.592940154057,10605.201848837876,1926.9820419706186
2026-09-05 14:10:55.248,0 days 00:24:18.644000,55,482.06333333333396,0 days 00:00:51.435000,11421.0,297.0,7,100.0,False,0,car,3250.871111111112,0.5663938702599003,OnTrack,7355.869932986097,10469.723014998312,1927.000600020486
2026-09-05 14:10:55.258,0 days 00:24:18.654000,55,482.1022217244451,0 days 00:00:51.445000,11423.818145745454,297.06818094545457,7,100.0,False,0,pos,3251.698932579425,0.5665381002183628,OnTrack,7347.0,10463.0,1927.0
2026-09-05 14:10:55.598,0 days 00:24:18.994000,55,483.4244449422229,0 days 00:00:51.785000,11519.63639970909,299.3863645090909,7,100.0,False,0,pos,3280.028693595467,0.5714739473919314,OnTrack,7205.0,10348.0,1926.0
2026-09-05 14:10:55.688,0 days 00:24:19.084000,55,483.7744444444452,0 days 00:00:51.875000,11545.0,300.0,7,100.0,False,0,car,3287.5377777777785,0.5727822426478061,OnTrack,7152.364173750675,10305.079501144995,1924.9143089160534
2026-09-05 14:10:55.818,0 days 00:24:19.214000,55,484.279999502223,0 days 00:00:52.005000,11514.9375296,300.0,7,100.0,False,0,pos,3298.3722710312336,0.5746699183988241,OnTrack,7062.0,10232.0,1923.0
2026-09-05 14:10:55.848,0 days 00:24:19.244000,55,484.39666666666744,0 days 00:00:52.035000,11508.0,300.0,7,100.0,False,0,car,3300.8711111111115,0.5751052871524991,OnTrack,7041.896971538928,10215.718408253048,1922.5868335756822
2026-09-05 14:10:56.038,0 days 00:24:19.434000,55,485.08277824000066,0 days 00:00:52.225000,11476.785693257143,300.0,7,100.0,False,0,pos,3316.6910602667544,0.5778615705987896,OnTrack,6920.0,10116.0,1920.0
2026-09-05 14:10:56.128,0 days 00:24:19.524000,55,485.4077777777784,0 days 00:00:52.315000,11462.0,300.0,7,100.0,False,0,car,3324.204444444445,0.5791706150357119,OnTrack,6862.995474964504,10067.847975940089,1918.4912594786133
2026-09-05 14:10:56.258,0 days 00:24:19.654000,55,485.80499960888943,0 days 00:00:52.445000,11508.428525714286,300.9285705142857,7,100.0,False,0,pos,3335.09659060284,0.58106833555653,OnTrack,6781.0,9997.0,1916.0
2026-09-05 14:10:56.408,0 days 00:24:19.804000,55,486.2633333333338,0 days 00:00:52.595000,11562.0,302.0,7,100.0,False,0,car,3347.693333333334,0.5832630451048129,OnTrack,6687.013898494006,9914.199609380987,1912.838078000525
2026-09-05 14:10:56.498,0 days 00:24:19.894000,55,486.53833294222267,0 days 00:00:52.685000,11555.750008888888,302.0,7,100.0,False,0,pos,3355.2491815613116,0.5845794879826353,OnTrack,6630.0,9864.0,1911.0
2026-09-05 14:10:56.658,0 days 00:24:20.054000,55,487.0272218311115,0 days 00:00:52.845000,11544.638897777777,302.0,7,100.0,False,0,pos,3368.6756173648673,0.586918753575965,OnTrack,6529.0,9776.0,1908.0
2026-09-05 14:10:56.768,0 days 00:24:20.164000,55,487.3633333333337,0 days 00:00:52.955000,11537.0,302.0,7,100.0,False,0,car,3377.893333333334,0.5885247409079425,OnTrack,6468.5642716307375,9723.450879779131,1905.8005898789656
2026-09-05 14:10:56.958,0 days 00:24:20.354000,55,487.9966670933336,0 days 00:00:53.145000,11525.388881066667,301.47222186666664,7,100.0,False,0,pos,3393.7856432414037,0.5912936316478542,OnTrack,6339.0,9611.0,1901.0
2026-09-05 14:10:57.128,0 days 00:24:20.524000,55,488.5633333333335,0 days 00:00:53.315000,11515.0,301.0,7,100.0,False,0,car,3407.993333333334,0.5937690138772871,OnTrack,6146.518985188476,9444.248042895606,1895.274277272043
2026-09-05 14:10:57.138,0 days 00:24:20.534000,55,488.59666624000016,0 days 00:00:53.325000,11514.85000192,301.0,7,100.0,False,0,pos,3408.829245921918,0.5939146535381856,OnTrack,6137.0,9436.0,1895.0
2026-09-05 14:10:57.328,0 days 00:24:20.724000,55,489.23,0 days 00:00:53.515000,11512.0,301.0,7,100.0,False,0,car,3424.7155555555564,0.5966824988602563,OnTrack,6030.897487566637,9343.959615602338,1892.0453959071244
2026-09-05 14:10:57.488,0 days 00:24:20.884000,55,489.6744444444448,0 days 00:00:53.675000,11512.0,301.0,7,100.0,False,0,car,3438.0933333333337,0.5990132868466316,OnTrack,5992.829619855178,9310.67212857926,1891.0138563117905
2026-09-05 14:10:57.558,0 days 00:24:20.954000,55,489.88833372444486,0 days 00:00:53.745000,11516.5937584,300.7812496,7,100.0,False,0,pos,3443.9356594329333,0.6000311856121542,OnTrack,5960.0,9282.0,1890.0
2026-09-05 14:10:57.658,0 days 00:24:21.054000,55,490.19388849777835,0 days 00:00:53.845000,11523.1562416,300.4687504,7,100.0,False,0,pos,3452.268158614405,0.6014829430946949,OnTrack,5897.0,9227.0,1888.0
2026-09-05 14:10:57.808,0 days 00:24:21.204000,55,490.6522222222229,0 days 00:00:53.995000,11533.0,300.0,7,100.0,False,0,car,3464.76,0.6036593758560176,OnTrack,5784.302268972141,9128.652991322482,1884.4605849582472
2026-09-05 14:10:58.018,0 days 00:24:21.414000,55,491.0605553066669,0 days 00:00:54.205000,11498.8750208,300.0,7,100.0,False,0,pos,3482.2570962164236,0.6067078658470412,OnTrack,5633.0,8997.0,1880.0
2026-09-05 14:10:58.208,0 days 00:24:21.604000,55,491.42999999999984,0 days 00:00:54.395000,11468.0,300.0,7,100.0,False,0,car,3498.093333333334,0.6094669871177503,OnTrack,5546.012925913148,8922.097773416192,1878.175633211265
2026-09-05 14:10:58.238,0 days 00:24:21.634000,55,491.3216662044444,0 days 00:00:54.425000,11469.3125056,300.0,7,100.0,False,0,pos,3500.594035726597,0.6099026803391909,OnTrack,5532.0,8910.0,1878.0
2026-09-05 14:10:58.368,0 days 00:24:21.764000,55,490.85222222222274,0 days 00:00:54.555000,11475.0,300.0,7,100.0,False,0,car,3511.426666666667,0.6117900316224433,OnTrack,5463.561091898566,8850.627088486131,1877.4728132530558
2026-09-05 14:10:58.518,0 days 00:24:21.914000,55,488.14388657777835,0 days 00:00:54.705000,11481.136368872727,299.65909061818184,7,100.0,False,0,pos,3523.9003017505934,0.6139632923300877,OnTrack,5356.0,8757.0,1877.0
2026-09-05 14:10:58.758,0 days 00:24:22.154000,55,483.81055324444503,0 days 00:00:54.945000,11490.954550690909,299.1136360727273,7,100.0,False,0,pos,3543.8198888056277,0.6174338488733843,OnTrack,5117.0,8549.0,1876.0
2026-09-05 14:10:58.808,0 days 00:24:22.204000,55,482.9077777777784,0 days 00:00:54.995000,11493.0,299.0,7,100.0,False,0,car,3547.9711111111114,0.6181571094357228,OnTrack,5076.043622178979,8513.329547132555,1875.9528153549077
2026-09-05 14:10:58.967,0 days 00:24:22.363000,55,479.37444444444463,0 days 00:00:55.154000,11496.0,299.0,7,100.0,False,0,car,3561.1769444444453,0.6204579398273398,OnTrack,4980.303552087512,8429.840126517407,1876.3199135579914
2026-09-05 14:10:59.239,0 days 00:24:22.635000,55,471.59222222222263,0 days 00:00:55.426000,11495.381818181819,299.0,7,100.0,False,0,pos,3583.783222985363,0.6243965941625426,OnTrack,4867.0,8331.0,1878.0
2026-09-05 14:10:59.407,0 days 00:24:22.803000,55,466.78555555555613,0 days 00:00:55.594000,11495.0,299.0,7,100.0,False,0,car,3597.7213888888896,0.6268250176406192,OnTrack,4783.47936826985,8258.42454447019,1879.2092518845752
2026-09-05 14:10:59.567,0 days 00:24:22.963000,55,461.9411111111117,0 days 00:00:55.754000,11445.0,298.0,7,100.0,False,0,car,3610.9658333333336,0.6291325751819475,OnTrack,4694.8196581264365,8181.566450127843,1880.7114838861662
2026-09-05 14:10:59.659,0 days 00:24:23.055000,55,459.00222155286724,0 days 00:00:55.846000,11430.92170497861,298.0,7,100.0,False,0,pos,3618.579927192346,0.6304591660992522,OnTrack,4641.0,8135.0,1882.0
2026-09-05 14:10:59.719,0 days 00:24:23.115000,55,457.0855544496643,0 days 00:00:55.906000,11421.740208225528,298.0,7,100.0,False,0,pos,3623.546101551445,0.6313244144033212,OnTrack,4604.0,8103.0,1883.0
2026-09-05 14:10:59.848,0 days 00:24:23.244000,55,452.9647222222229,0 days 00:00:56.035000,11402.0,298.0,7,100.0,False,0,car,3634.2263888888892,0.6331852231139056,OnTrack,4501.27913166628,8013.7395215418455,1885.262040483655
2026-09-05 14:11:00.059,0 days 00:24:23.455000,55,446.1658312711116,0 days 00:00:56.246000,11402.0,298.0,7,100.0,False,0,pos,3651.696596086455,0.6362290282758672,OnTrack,4310.0,7847.0,1889.0
2026-09-05 14:11:00.088,0 days 00:24:23.484000,55,445.23138888888934,0 days 00:00:56.275000,11402.0,298.0,7,100.0,False,0,car,3654.093055555556,0.6366465594258982,OnTrack,4288.252257178294,7828.052476844347,1889.4899723216276
2026-09-05 14:11:00.248,0 days 00:24:23.644000,55,440.209166666667,0 days 00:00:56.435000,11365.0,297.0,7,100.0,False,0,car,3667.2930555555563,0.6389463734855444,OnTrack,4189.736229957968,7742.289478163539,1892.0829544911503
2026-09-05 14:11:00.499,0 days 00:24:23.895000,55,432.6791647466669,0 days 00:00:56.686000,11365.0,297.0,7,100.0,False,0,pos,3688.003812980147,0.6425547743272862,OnTrack,4072.0,7640.0,1895.0
2026-09-05 14:11:00.528,0 days 00:24:23.924000,55,431.8091666666669,0 days 00:00:56.715000,11365.0,297.0,7,100.0,False,0,car,3690.393055555556,0.642971048089925,OnTrack,4058.1330127488986,7627.961316979005,1895.1792704071584
2026-09-05 14:11:00.808,0 days 00:24:24.204000,55,423.95361111111197,0 days 00:00:56.995000,11326.0,296.0,7,100.0,False,0,car,3713.415277777778,0.6469821716013616,OnTrack,3910.8969265912574,7500.192314616441,1896.1013238811197
2026-09-05 14:11:00.879,0 days 00:24:24.275000,55,422.0997205511119,0 days 00:00:57.066000,11341.531264,296.0,7,100.0,False,0,pos,3719.251670447424,0.6479990365952456,OnTrack,3860.0,7456.0,1897.0
2026-09-05 14:11:00.968,0 days 00:24:24.364000,55,419.77583333333405,0 days 00:00:57.155000,11361.0,296.0,7,100.0,False,0,car,3726.570833333334,0.6492742421793255,OnTrack,3785.8926602868078,7391.635309390863,1898.7427340960742
2026-09-05 14:11:01.119,0 days 00:24:24.515000,55,416.0008317333344,0 days 00:00:57.306000,11130.7249024,296.0,7,100.0,False,0,pos,3738.9954154998404,0.6514389564787012,OnTrack,3662.0,7284.0,1902.0
2026-09-05 14:11:01.168,0 days 00:24:24.564000,55,414.7758333333345,0 days 00:00:57.355000,11056.0,296.0,7,100.0,False,0,car,3743.015277777778,0.6521393304017801,OnTrack,3633.1991564967875,7258.972159522785,1902.6457451739275
2026-09-05 14:11:01.398,0 days 00:24:24.794000,55,409.47305260444546,0 days 00:00:57.585000,11197.285792914287,293.53571291428574,7,100.0,False,0,pos,3761.756785062882,0.6554046320649045,OnTrack,3539.0,7177.0,1904.0
2026-09-05 14:11:01.448,0 days 00:24:24.844000,55,408.32027777777876,0 days 00:00:57.635000,11228.0,293.0,7,100.0,False,0,car,3765.804166666667,0.6561098006343846,OnTrack,3512.0348647198434,7153.495096719332,1904.4185570307204
2026-09-05 14:11:01.638,0 days 00:24:25.034000,55,404.3619417777784,0 days 00:00:57.825000,11037.2082048,289.8333312,7,100.0,False,0,pos,3781.088286836887,0.6587727274871722,OnTrack,3392.0,7049.0,1906.0
2026-09-05 14:11:01.688,0 days 00:24:25.084000,55,403.3202777777783,0 days 00:00:57.875000,10987.0,289.0,7,100.0,False,0,car,3785.0708333333337,0.6594665999436661,OnTrack,3362.8948799249797,7023.808163359581,1906.0437771446495
2026-09-05 14:11:01.798,0 days 00:24:25.194000,55,401.3341643555562,0 days 00:00:57.985000,10902.208234666667,286.2499968,7,100.0,False,0,pos,3793.762921880515,0.6609810080837037,OnTrack,3296.0,6966.0,1906.0
2026-09-05 14:11:01.928,0 days 00:24:25.324000,55,398.98694444444527,0 days 00:00:58.115000,10802.0,283.0,7,100.0,False,0,car,3803.9375000000005,0.6627537079178067,OnTrack,3187.0664467259635,6871.4580277886,1907.1890889688561
2026-09-05 14:11:02.078,0 days 00:24:25.474000,55,397.15360954666767,0 days 00:00:58.265000,10674.4998912,278.41666275555554,7,58.33329777777778,False,0,pos,3815.5853898859164,0.6647831004121127,OnTrack,3059.0,6760.0,1909.0
2026-09-05 14:11:02.288,0 days 00:24:25.684000,55,394.58694444444563,0 days 00:00:58.475000,10496.0,272.0,7,0.0,True,0,car,3831.1375000000003,0.6674927187073805,OnTrack,2956.889414517001,6670.633037893173,1909.5681457326841
2026-09-05 14:11:02.538,0 days 00:24:25.934000,55,394.7952776711121,0 days 00:00:58.725000,9965.643128685715,238.07144594285714,7,0.0,True,0,pos,3847.474591729048,0.6703391030446677,OnTrack,2878.0,6598.0,1909.0
2026-09-05 14:11:02.568,0 days 00:24:25.964000,55,394.82027777777876,0 days 00:00:58.755000,9902.0,234.0,7,0.0,True,0,car,3849.3375000000005,0.6706636744562865,OnTrack,2865.2728625335044,6585.977016740811,1908.9904420263665
2026-09-05 14:11:02.638,0 days 00:24:26.034000,55,395.36472321777893,0 days 00:00:58.825000,9902.0,227.69998848,7,0.0,True,0,pos,3853.6268596281384,0.6714110024547464,OnTrack,2832.0,6554.0,1909.0
2026-09-05 14:11:02.768,0 days 00:24:26.164000,55,396.37583333333487,0 days 00:00:58.955000,9902.0,216.0,6,0.0,True,0,car,3861.3375,0.6727544145105102,OnTrack,2751.964497550767,6473.084827902446,1909.018816896867
2026-09-05 14:11:02.878,0 days 00:24:26.274000,55,397.8119461155571,0 days 00:00:59.065000,9784.14272,209.3214208,6,0.0,True,0,pos,3867.5375957885194,0.673834646894267,OnTrack,2689.0,6407.0,1909.0
2026-09-05 14:11:03.048,0 days 00:24:26.444000,55,400.03138888889043,0 days 00:00:59.235000,9602.0,199.0,5,0.0,True,0,car,3876.8152777777777,0.6754510820063746,OnTrack,2636.887078155411,6347.423677218748,1908.8611300437697
2026-09-05 14:11:03.208,0 days 00:24:26.604000,55,402.3869444444458,0 days 00:00:59.395000,10442.0,197.0,5,0.0,True,0,car,3885.5708333333337,0.6769765478977898,OnTrack,2627.8277216783727,6326.909772749079,1908.5714238545893
2026-09-05 14:11:03.358,0 days 00:24:26.754000,55,405.47028040889023,0 days 00:00:59.545000,10502.75005184,191.74999552,5,11.62500992,True,0,pos,3893.374554035249,0.6783361771847456,OnTrack,2611.0,6289.0,1908.0
2026-09-05 14:11:03.538,0 days 00:24:26.934000,55,409.170275146668,0 days 00:00:59.725000,10575.64994816,185.45000448,5,25.57499008,True,0,pos,3902.3607224678713,0.6799018223744193,OnTrack,2577.0,6208.0,1907.0
2026-09-05 14:11:03.608,0 days 00:24:27.004000,55,410.609166666668,0 days 00:00:59.795000,10604.0,183.0,4,31.0,False,0,car,3905.904166666667,0.6805191907674467,OnTrack,2565.8980191218843,6161.294337159481,1906.6598235206923
2026-09-05 14:11:03.818,0 days 00:24:27.214000,55,415.04249729777933,0 days 00:01:00.005000,10762.8124032,184.9687488,4,59.8749824,False,0,pos,3916.733112335388,0.6824058999719973,OnTrack,2545.0,5994.0,1906.0
2026-09-05 14:11:03.928,0 days 00:24:27.324000,55,417.3647222222239,0 days 00:01:00.115000,10846.0,186.0,4,75.0,False,0,car,3922.4375000000005,0.6833997659532661,OnTrack,2541.2779481866132,5920.074367830573,1905.9470988275818
2026-09-05 14:11:04.088,0 days 00:24:27.484000,55,420.74250000000166,0 days 00:01:00.275000,11093.0,187.0,4,75.0,False,0,car,3930.7486111111116,0.684847797027858,OnTrack,2543.7677609932643,5833.879773402877,1906.1662285648672
2026-09-05 14:11:04.238,0 days 00:24:27.634000,55,423.74250256000187,0 days 00:01:00.425000,11231.7501184,191.82143268571429,4,88.39286857142856,False,0,pos,3938.7909381039194,0.6862489982922771,OnTrack,2546.0,5776.0,1906.0
2026-09-05 14:11:04.368,0 days 00:24:27.764000,55,426.342500000002,0 days 00:01:00.555000,11352.0,196.0,4,100.0,False,0,car,3945.993055555556,0.6875038112448905,OnTrack,2545.958191313679,5743.641917187866,1905.4154483570794
2026-09-05 14:11:04.478,0 days 00:24:27.874000,55,428.298057831113,0 days 00:01:00.665000,11477.583479466666,201.04167253333333,4,95.8749952,False,0,pos,3952.2574003606037,0.6885952376280056,OnTrack,2545.0,5710.0,1905.0
2026-09-05 14:11:04.608,0 days 00:24:28.004000,55,430.60916666666844,0 days 00:01:00.795000,11626.0,207.0,4,91.0,False,0,car,3959.7930555555563,0.6899081623072477,OnTrack,2543.296911965306,5643.317392287583,1905.008481088994
2026-09-05 14:11:04.758,0 days 00:24:28.154000,55,433.2341689066681,0 days 00:01:00.945000,10796.49929216,210.00000256,4,86.49999616,False,0,pos,3968.5631944125357,0.6914361690230303,OnTrack,2538.0,5550.0,1905.0
2026-09-05 14:11:04.808,0 days 00:24:28.204000,55,434.109166666668,0 days 00:01:00.995000,10520.0,211.0,4,85.0,False,0,car,3971.5152777777785,0.691950505600957,OnTrack,2534.7478727982475,5520.367844525205,1904.8060736559098
2026-09-05 14:11:04.938,0 days 00:24:28.334000,55,436.2758312000014,0 days 00:01:01.125000,10611.8124096,213.4374976,4,85.0,False,0,pos,3979.271971386555,0.6933019414356412,OnTrack,2524.0,5448.0,1904.0
2026-09-05 14:11:05.128,0 days 00:24:28.524000,55,439.4425000000015,0 days 00:01:01.315000,10746.0,217.0,5,85.0,False,0,car,3990.8041666666672,0.6953111766510797,OnTrack,2506.4054653970175,5356.61412381971,1902.7250193753734
2026-09-05 14:11:05.238,0 days 00:24:28.634000,55,441.24527987555706,0 days 00:01:01.425000,10879.571584,219.3571456,5,89.7142912,False,0,pos,3997.575415707729,0.6964909201166856,OnTrack,2478.0,5275.0,1902.0
2026-09-05 14:11:05.398,0 days 00:24:28.794000,55,443.8675020977793,0 days 00:01:01.585000,11073.857298285715,222.78571702857144,5,96.57143405714285,False,0,pos,4007.5242675487993,0.698224292036491,OnTrack,2406.0,5106.0,1901.0
2026-09-05 14:11:05.408,0 days 00:24:28.804000,55,444.03138888889043,0 days 00:01:01.595000,11086.0,223.0,5,97.0,False,0,car,4008.1486111111117,0.6983330703776012,OnTrack,2401.714628485517,5096.740890821533,1900.939557902865
2026-09-05 14:11:05.727,0 days 00:24:29.123000,55,449.34805555555704,0 days 00:01:01.914000,11428.0,227.0,5,100.0,False,0,car,4028.2633333333342,0.7018376249967332,OnTrack,2300.4584426498227,4933.702599867521,1899.2436591943058
2026-09-05 14:11:05.819,0 days 00:24:29.215000,55,450.83027777777914,0 days 00:01:02.006000,11506.2,229.0125,5,100.0,False,0,pos,4034.1738315072735,0.7028674012694559,OnTrack,2267.0,4896.0,1899.0
2026-09-05 14:11:06.047,0 days 00:24:29.443000,55,454.50361111111215,0 days 00:01:02.234000,11700.0,234.0,5,100.0,False,0,car,4049.0633333333344,0.7054615744240543,OnTrack,2157.921868679852,4780.040601229691,1899.0395796535706
2026-09-05 14:11:06.259,0 days 00:24:29.655000,55,457.6836116186441,0 days 00:01:02.446000,11081.44628531811,238.229427108936,5,100.0,False,0,pos,4063.2285088365825,0.7079295494073669,OnTrack,2065.0,4684.0,1899.0
2026-09-05 14:11:06.448,0 days 00:24:29.844000,55,460.5186111111134,0 days 00:01:02.635000,10530.0,242.0,6,100.0,False,0,car,4076.019444444445,0.7101580928578964,OnTrack,2018.6036160565582,4635.611129541819,1898.2701780533432
2026-09-05 14:11:06.539,0 days 00:24:29.935000,55,461.833056480002,0 days 00:01:02.726000,10621.5688144,243.7062512,6,100.0,False,0,pos,4082.202990421927,0.7112354417955844,OnTrack,1994.0,4605.0,1898.0
2026-09-05 14:11:06.608,0 days 00:24:30.004000,55,462.82972222222406,0 days 00:01:02.795000,10691.0,245.0,6,100.0,False,0,car,4086.908333333334,0.7120552458700624,OnTrack,1970.467333206794,4573.2990349166585,1897.9147927236631
2026-09-05 14:11:06.779,0 days 00:24:30.175000,55,465.29972314666827,0 days 00:01:02.966000,10728.9406392,246.6031256,6,100.0,False,0,pos,4098.6489221728,0.714100789148966,OnTrack,1905.0,4474.0,1898.0
2026-09-05 14:11:06.928,0 days 00:24:30.324000,55,467.45194444444587,0 days 00:01:03.115000,10762.0,248.0,6,100.0,False,0,car,4108.9527777777785,0.7158960127844882,OnTrack,1860.871132997481,4383.949329786329,1898.0240335408282
2026-09-05 14:11:06.939,0 days 00:24:30.335000,55,467.60777868444586,0 days 00:01:03.126000,10766.2625248,248.1031256,6,100.0,False,0,pos,4109.715585289331,0.7160289154693269,OnTrack,1858.0,4377.0,1898.0
2026-09-05 14:11:07.159,0 days 00:24:30.555000,55,470.7244453511128,0 days 00:01:03.346000,10851.5125248,250.1656256,6,100.0,False,0,pos,4125.033050132247,0.7186976519090142,OnTrack,1809.0,4229.0,1897.0
2026-09-05 14:11:07.248,0 days 00:24:30.644000,55,471.98527777777963,0 days 00:01:03.435000,10886.0,251.0,6,100.0,False,0,car,4131.26388888889,0.7197832405890079,OnTrack,1792.5984587072928,4167.640550410516,1896.9902338084137
2026-09-05 14:11:07.379,0 days 00:24:30.775000,55,473.80472311111254,0 days 00:01:03.566000,10955.593784,252.6375008,6,100.0,False,0,pos,4140.4685632127,0.721386955696914,OnTrack,1772.0,4077.0,1897.0
2026-09-05 14:11:07.408,0 days 00:24:30.804000,55,474.20750000000135,0 days 00:01:03.595000,10971.0,253.0,6,100.0,False,0,car,4142.508333333334,0.7217423414546323,OnTrack,1768.0793097733908,4056.914428251413,1896.8762355175004
2026-09-05 14:11:07.539,0 days 00:24:30.935000,55,476.09972314666817,0 days 00:01:03.726000,10990.97750976,253.0,6,100.0,False,0,pos,4151.724486008508,0.7233480564166179,OnTrack,1753.0,3966.0,1896.0
2026-09-05 14:11:07.808,0 days 00:24:31.204000,55,479.98527777777963,0 days 00:01:03.995000,11032.0,253.0,6,100.0,False,0,car,4170.619444444445,0.7266400936186935,OnTrack,1732.0517494794183,3777.432987829814,1895.371965452408
2026-09-05 14:11:07.918,0 days 00:24:31.314000,55,481.63527969777937,0 days 00:01:04.105000,11080.125056,253.0,6,100.0,False,0,pos,4178.310206149436,0.7279800422473698,OnTrack,1725.0,3700.0,1895.0
2026-09-05 14:11:08.078,0 days 00:24:31.474000,55,484.035279697779,0 days 00:01:04.265000,11150.125056,253.0,6,100.0,False,0,pos,4189.541125142723,0.7299367865961204,OnTrack,1715.0,3588.0,1894.0
2026-09-05 14:11:08.128,0 days 00:24:31.524000,55,484.7852777777789,0 days 00:01:04.315000,11172.0,253.0,6,100.0,False,0,car,4193.1083333333345,0.7305582953499424,OnTrack,1712.0463784605242,3553.906998478061,1893.6494675686065
2026-09-05 14:11:08.238,0 days 00:24:31.634000,55,486.2213905600012,0 days 00:01:04.425000,11261.65010432,257.40000512,6,100.0,False,0,pos,4201.061044476995,0.7319438829939193,OnTrack,1705.0,3474.0,1893.0
2026-09-05 14:11:08.328,0 days 00:24:31.724000,55,487.3963888888902,0 days 00:01:04.515000,11335.0,261.0,6,100.0,False,0,car,4207.6083333333345,0.7330846062487961,OnTrack,1697.1864631083245,3392.2432593823924,1892.8442427792377
2026-09-05 14:11:08.518,0 days 00:24:31.914000,55,489.82416830222337,0 days 00:01:04.705000,11335.0,261.0,6,100.0,False,0,pos,4221.38692271021,0.7354852269738739,OnTrack,1678.0,3200.0,1893.0
2026-09-05 14:11:08.608,0 days 00:24:32.004000,55,490.97416666666777,0 days 00:01:04.795000,11335.0,261.0,6,100.0,False,0,car,4227.908333333335,0.7366214415071913,OnTrack,1670.3914510018067,3122.984394227961,1892.7947778832884
2026-09-05 14:11:08.848,0 days 00:24:32.244000,55,494.0408333333344,0 days 00:01:05.035000,11335.0,261.0,6,100.0,False,0,car,4245.308333333334,0.7396530145858157,OnTrack,1654.8988558174663,2961.708043779004,1891.4817113020306
2026-09-05 14:11:08.958,0 days 00:24:32.354000,55,495.4463905244454,0 days 00:01:05.145000,11335.0,261.0,6,100.0,False,0,pos,4253.2806714796725,0.741042021809846,OnTrack,1649.0,2897.0,1891.0
2026-09-05 14:11:09.128,0 days 00:24:32.524000,55,497.61861111111193,0 days 00:01:05.315000,11335.0,261.0,6,100.0,False,0,car,4265.6083333333345,0.7431898498442109,OnTrack,1640.9345651337417,2803.6765175612577,1890.5936227921127
2026-09-05 14:11:09.338,0 days 00:24:32.734000,55,500.36027610666656,0 days 00:01:05.525000,11335.0,261.0,6,100.0,False,0,pos,4280.846912731094,0.7458448422039078,OnTrack,1630.0,2680.0,1890.0
2026-09-05 14:11:09.368,0 days 00:24:32.764000,55,500.75194444444423,0 days 00:01:05.555000,11335.0,261.0,6,100.0,False,0,car,4283.008333333335,0.7462214229228353,OnTrack,1628.0560623352544,2659.4654991673265,1889.8360585563619
2026-09-05 14:11:09.498,0 days 00:24:32.894000,55,502.4491649955561,0 days 00:01:05.685000,11335.0,261.0,6,102.59999744,False,0,pos,4292.328833535518,0.7478453181810109,OnTrack,1619.0,2565.0,1889.0
2026-09-05 14:11:09.568,0 days 00:24:32.964000,55,503.36305555555646,0 days 00:01:05.755000,11335.0,261.0,6,104.0,True,0,car,4297.508333333334,0.7487477338216889,OnTrack,1614.3281893063934,2514.2080959874015,1888.6034494490384
2026-09-05 14:11:09.678,0 days 00:24:33.074000,55,503.9741673777788,0 days 00:01:05.865000,11253.5311552,270.2812608,6,102.6249984,True,0,pos,4306.056924033685,0.750237140570388,OnTrack,1607.0,2433.0,1888.0
2026-09-05 14:11:09.888,0 days 00:24:33.284000,55,505.14083333333474,0 days 00:01:06.075000,11098.0,288.0,6,100.0,False,0,car,4323.1083333333345,0.7532079792706996,OnTrack,1591.294514626928,2263.984718143206,1886.5409795972125
2026-09-05 14:11:09.978,0 days 00:24:33.374000,55,505.640832622224,0 days 00:01:06.165000,11098.0,288.0,6,100.0,False,0,pos,4330.308756153879,0.7544624969705543,OnTrack,1585.0,2195.0,1886.0
2026-09-05 14:11:10.048,0 days 00:24:33.444000,55,506.02972222222434,0 days 00:01:06.235000,11098.0,288.0,7,100.0,False,0,car,4335.908333333335,0.7554381019952049,OnTrack,1580.5722544098376,2145.0784893448035,1885.6672520544791
2026-09-05 14:11:10.218,0 days 00:24:33.614000,55,506.78527720889014,0 days 00:01:06.405000,11172.374944,290.1249984,7,100.0,False,0,pos,4349.665826701762,0.7578350471977957,OnTrack,1568.0,2003.0,1885.0
2026-09-05 14:11:10.368,0 days 00:24:33.764000,55,507.45194444444496,0 days 00:01:06.555000,11238.0,292.0,7,100.0,False,0,car,4361.863888888891,0.7599602952976742,OnTrack,1548.9777009861393,1797.4684360523859,1884.2393871268562
2026-09-05 14:11:10.418,0 days 00:24:33.814000,55,507.6741660977785,0 days 00:01:06.605000,11253.24996096,292.0,7,100.0,False,0,pos,4365.918490533123,0.7606667218028006,OnTrack,1544.0,1744.0,1884.0
2026-09-05 14:11:10.568,0 days 00:24:33.964000,55,508.34083333333456,0 days 00:01:06.755000,11299.0,292.0,7,100.0,False,0,car,4378.086111111113,0.7627866661117172,OnTrack,1537.8446879203568,1677.8449729522183,1883.4049232191642
2026-09-05 14:11:10.658,0 days 00:24:34.054000,55,508.6658328711124,0 days 00:01:06.845000,11307.249988266667,293.1249984,7,100.0,False,0,pos,4385.438391060021,0.764067641626638,OnTrack,1535.0,1647.0,1883.0
2026-09-05 14:11:10.808,0 days 00:24:34.204000,55,509.20750000000135,0 days 00:01:06.995000,11321.0,295.0,7,100.0,False,0,car,4397.75277777778,0.7662131567561395,OnTrack,1525.2735266222128,1541.3176765955766,1882.0856798141783
2026-09-05 14:11:10.968,0 days 00:24:34.364000,55,509.7408333333351,0 days 00:01:07.155000,11370.0,296.0,7,100.0,False,0,car,4410.908333333335,0.7685052273341032,OnTrack,1511.7944665844736,1394.6547532560867,1881.0550530803664
2026-09-05 14:11:10.978,0 days 00:24:34.374000,55,509.7713884977795,0 days 00:01:07.165000,11371.222206577777,296.05555484444443,7,100.0,False,0,pos,4411.732352530579,0.7686487948291973,OnTrack,1511.0,1386.0,1881.0
2026-09-05 14:11:11.178,0 days 00:24:34.574000,55,510.3824996088903,0 days 00:01:07.365000,11395.666651022222,297.1666659555556,7,100.0,False,0,pos,4428.267646093224,0.7715297115425115,OnTrack,1496.0,1222.0,1880.0
2026-09-05 14:11:11.328,0 days 00:24:34.724000,55,510.84083333333456,0 days 00:01:07.515000,11414.0,298.0,7,100.0,False,0,car,4440.708333333335,0.7736972318020922,OnTrack,1484.7664419128364,1098.2864182061141,1879.0507268156416
2026-09-05 14:11:11.338,0 days 00:24:34.734000,55,510.86583301333457,0 days 00:01:07.525000,11414.535707428571,298.03571382857143,7,100.0,False,0,pos,4441.538247298364,0.7738418263327794,OnTrack,1484.0,1090.0,1879.0
2026-09-05 14:11:11.608,0 days 00:24:35.004000,55,511.5408333333344,0 days 00:01:07.795000,11429.0,299.0,7,100.0,False,0,car,4463.96388888889,0.777749008592361,OnTrack,1462.7639046564084,866.2493105403248,1878.0681481973288
2026-09-05 14:11:11.618,0 days 00:24:35.014000,55,511.5686107555566,0 days 00:01:07.805000,11432.1874592,299.0,7,100.0,False,0,pos,4464.794510215456,0.777893726365473,OnTrack,1462.0,858.0,1878.0
2026-09-05 14:11:11.738,0 days 00:24:35.134000,55,511.9019440888899,0 days 00:01:07.925000,11470.4374592,299.0,7,100.0,False,0,pos,4474.7611562973725,0.7796301985462842,OnTrack,1453.0,759.0,1877.0
2026-09-05 14:11:11.768,0 days 00:24:35.164000,55,511.9852777777787,0 days 00:01:07.955000,11480.0,299.0,7,100.0,False,0,car,4477.252777777779,0.7800643096153715,OnTrack,1450.742533590707,734.0177958173,1876.8001942072456
2026-09-05 14:11:11.978,0 days 00:24:35.374000,55,512.5686107555568,0 days 00:01:08.165000,11421.500035657144,299.0,7,100.0,False,0,pos,4494.694522399516,0.7831031557900554,OnTrack,1435.0,561.0,1876.0
2026-09-05 14:11:12.048,0 days 00:24:35.444000,55,512.763055555557,0 days 00:01:08.235000,11402.0,299.0,7,100.0,False,0,car,4500.508333333334,0.7841160864056403,OnTrack,1430.0597845540342,508.25675861098006,1875.67713623054
2026-09-05 14:11:12.159,0 days 00:24:35.555000,55,513.0713890217171,0 days 00:01:08.346000,11405.287017361346,299.0,7,100.0,False,0,pos,4509.727061053064,0.7857222500133587,OnTrack,1421.0,412.0,1875.0
2026-09-05 14:11:12.399,0 days 00:24:35.795000,55,513.7380555911924,0 days 00:01:08.586000,11412.394077828654,299.0,7,100.0,False,0,pos,4529.659570192824,0.7891950579499984,OnTrack,1392.0,98.0,1873.0
2026-09-05 14:11:12.487,0 days 00:24:35.883000,55,513.9825000000001,0 days 00:01:08.674000,11415.0,299.0,7,100.0,False,0,car,4536.969722222224,0.7904686935875261,OnTrack,1385.026923922197,22.19276176051909,1872.5701816375108
2026-09-05 14:11:12.647,0 days 00:24:36.043000,55,514.4269444444462,0 days 00:01:08.834000,11452.0,299.0,7,100.0,False,0,car,4550.258611111112,0.7927839946105367,OnTrack,1379.9558208330525,-33.27070171793053,1872.3876768940756
2026-09-05 14:11:12.859,0 days 00:24:36.255000,55,515.1336112238973,0 days 00:01:09.046000,11429.266829289469,298.471321611383,7,100.0,False,0,pos,4567.817497228575,0.7958432501533145,OnTrack,1368.0,-165.0,1872.0
2026-09-05 14:11:13.039,0 days 00:24:36.435000,55,515.7336113196577,0 days 00:01:09.226000,11409.96508057298,298.0224437342554,7,100.0,False,0,pos,4582.707724191843,0.7984375496473634,OnTrack,1347.0,-396.0,1871.0
2026-09-05 14:11:13.048,0 days 00:24:36.444000,55,515.7636111111124,0 days 00:01:09.235000,11409.0,298.0,7,100.0,False,0,car,4583.452500000001,0.7985673106984911,OnTrack,1346.1347816205,-405.5348442461886,1870.9446860235807
2026-09-05 14:11:13.248,0 days 00:24:36.644000,55,516.3747222222237,0 days 00:01:09.435000,11455.0,298.0,7,100.0,False,0,car,4600.008055555557,0.8014517576251516,OnTrack,1335.0413070808931,-528.4534288919175,1869.6923674956495
2026-09-05 14:11:13.379,0 days 00:24:36.775000,55,516.7022223822238,0 days 00:01:09.566000,11455.0,298.0,7,100.0,False,0,pos,4610.852330622051,0.8033411376451967,OnTrack,1329.0,-594.0,1869.0
2026-09-05 14:11:13.568,0 days 00:24:36.964000,55,517.1747222222239,0 days 00:01:09.755000,11455.0,298.0,7,100.0,False,0,car,4626.496944444445,0.8060668727078083,OnTrack,1314.9807716912246,-743.7430424528826,1868.1954581160778
2026-09-05 14:11:13.599,0 days 00:24:36.995000,55,517.2350001244461,0 days 00:01:09.786000,11455.0,298.0,7,100.0,False,0,pos,4629.062915772851,0.8065139376273324,OnTrack,1312.0,-776.0,1868.0
2026-09-05 14:11:13.839,0 days 00:24:37.235000,55,517.701666791113,0 days 00:01:10.026000,11455.0,298.0,7,100.0,False,0,pos,4648.92955865116,0.8099752697947189,OnTrack,1285.0,-1072.0,1866.0
2026-09-05 14:11:13.848,0 days 00:24:37.244000,55,517.7191666666686,0 days 00:01:10.035000,11455.0,298.0,7,100.0,False,0,car,4649.674722222223,0.8101050984051331,OnTrack,1284.0996587217476,-1081.8598059846736,1865.9509029005512
2026-09-05 14:11:14.088,0 days 00:24:37.484000,55,517.985833333335,0 days 00:01:10.275000,11455.0,298.0,7,100.0,True,0,car,4669.541388888891,0.8135664347171259,OnTrack,1266.0279974540526,-1277.9486978895404,1865.8397088237452
2026-09-05 14:11:14.319,0 days 00:24:37.715000,55,515.8041660622241,0 days 00:01:10.506000,11413.99748864,297.42249984,7,100.0,True,0,pos,4688.606285316514,0.8168880799330307,OnTrack,1253.0,-1419.0,1866.0
2026-09-05 14:11:14.488,0 days 00:24:37.884000,55,514.2080555555576,0 days 00:01:10.675000,11384.0,297.0,7,100.0,False,0,car,4702.54138888889,0.819315969866241,OnTrack,1242.5921097050643,-1533.7870503316074,1865.2173514559056
2026-09-05 14:11:14.688,0 days 00:24:38.084000,55,511.3747222222246,0 days 00:01:10.875000,11364.0,297.0,7,100.0,False,0,car,4719.04138888889,0.8221907374407986,OnTrack,1229.652612820376,-1675.0443763188052,1864.0396730226148
2026-09-05 14:11:14.698,0 days 00:24:38.094000,55,511.1525028444468,0 days 00:01:10.885000,11365.3124832,297.0,7,100.0,False,0,pos,4719.8664247530605,0.8223344820680816,OnTrack,1229.0,-1682.0,1864.0
2026-09-05 14:11:14.958,0 days 00:24:38.354000,55,505.37471937777997,0 days 00:01:11.145000,11399.4375168,297.0,7,100.0,False,0,pos,4741.316648629579,0.8260717189206399,OnTrack,1209.0,-1895.0,1863.0
2026-09-05 14:11:15.138,0 days 00:24:38.534000,55,501.37472506666876,0 days 00:01:11.325000,11423.0624832,297.0,7,100.0,False,0,pos,4756.166393829262,0.8286589653443062,OnTrack,1187.0,-2141.0,1861.0
2026-09-05 14:11:15.168,0 days 00:24:38.564000,55,500.7080555555576,0 days 00:01:11.355000,11427.0,297.0,7,100.0,False,0,car,4758.64138888889,0.829090179619737,OnTrack,1184.3539088351622,-2170.236768156531,1860.7686746875738
2026-09-05 14:11:15.328,0 days 00:24:38.724000,55,497.06361111111346,0 days 00:01:11.515000,11408.0,297.0,7,100.0,False,0,car,4771.84138888889,0.831389993679383,OnTrack,1177.3586429521004,-2243.4302468125306,1860.3222700907363
2026-09-05 14:11:15.438,0 days 00:24:38.834000,55,494.3136079111135,0 days 00:01:11.625000,11408.0,297.0,7,100.0,False,0,pos,4780.916389529149,0.8329711159569408,OnTrack,1173.0,-2289.0,1860.0
2026-09-05 14:11:15.568,0 days 00:24:38.964000,55,491.06361111111346,0 days 00:01:11.755000,11408.0,297.0,7,100.0,False,0,car,4791.641388888889,0.8348397147688521,OnTrack,1164.613956225774,-2381.2502969382563,1859.1555789112783
2026-09-05 14:11:15.758,0 days 00:24:39.154000,55,485.94416321778,0 days 00:01:11.945000,11395.909082763636,297.0,7,100.0,False,0,pos,4807.316578503066,0.8375707770008447,OnTrack,1149.0,-2552.0,1858.0
2026-09-05 14:11:15.898,0 days 00:24:39.294000,55,482.17194789333547,0 days 00:01:12.085000,11387.000008145455,297.0,7,100.0,False,0,pos,4818.866636435261,0.839583124396465,OnTrack,1138.0,-2667.0,1858.0
2026-09-05 14:11:16.008,0 days 00:24:39.404000,55,479.2080555555576,0 days 00:01:12.195000,11380.0,297.0,7,100.0,False,0,car,4827.941388888889,0.8411642034328789,OnTrack,1129.9311194621694,-2756.7681887381386,1857.638803945931
2026-09-05 14:11:16.118,0 days 00:24:39.514000,55,476.2441632177798,0 days 00:01:12.305000,11377.2499968,297.0,7,100.0,False,0,pos,4837.015850377588,0.8427452317749566,OnTrack,1122.0,-2847.0,1857.0
2026-09-05 14:11:16.278,0 days 00:24:39.674000,55,471.9330521066687,0 days 00:01:12.465000,11373.2499968,297.0,7,100.0,False,0,pos,4850.215669187,0.8450450142660677,OnTrack,1110.0,-2979.0,1856.0
2026-09-05 14:11:16.328,0 days 00:24:39.724000,55,470.58583333333536,0 days 00:01:12.515000,11372.0,297.0,7,100.0,False,0,car,4854.34138888889,0.8457638315521712,OnTrack,1106.1508640333243,-3020.4917225002955,1855.7736542300397
2026-09-05 14:11:16.538,0 days 00:24:39.934000,55,465.1608366400022,0 days 00:01:12.725000,11369.3750016,297.0,7,100.0,False,0,pos,4871.668739585143,0.8487827470633577,OnTrack,1090.0,-3192.0,1855.0
2026-09-05 14:11:16.568,0 days 00:24:39.964000,55,464.38583333333554,0 days 00:01:12.755000,11369.0,297.0,7,100.0,False,0,car,4874.141388888889,0.8492135526416402,OnTrack,1087.8173843395225,-3215.152803408542,1854.8105955526523
2026-09-05 14:11:16.798,0 days 00:24:40.194000,55,458.8274969066684,0 days 00:01:12.985000,11358.138882844445,296.36111075555556,7,100.0,False,0,pos,4893.065468134554,0.8525106635139915,OnTrack,1070.0,-3405.0,1853.0
2026-09-05 14:11:16.928,0 days 00:24:40.324000,55,455.6858333333348,0 days 00:01:13.115000,11352.0,296.0,7,100.0,False,0,car,4903.74138888889,0.8543707114420588,OnTrack,1055.2308821561703,-3563.5720080086353,1852.4990250918252
2026-09-05 14:11:17.038,0 days 00:24:40.434000,55,453.1191636800018,0 days 00:01:13.225000,11339.89998592,295.44999936,7,100.0,False,0,pos,4912.76542265373,0.8559429538456268,OnTrack,1044.0,-3684.0,1852.0
2026-09-05 14:11:17.128,0 days 00:24:40.524000,55,451.01916666666875,0 days 00:01:13.315000,11330.0,295.0,7,100.0,False,0,car,4920.130277777778,0.8572261203124106,OnTrack,1038.2323596051124,-3745.311965461523,1851.26948520136
2026-09-05 14:11:17.318,0 days 00:24:40.714000,55,447.0080528533352,0 days 00:01:13.505000,11281.142824228571,293.6428562285714,7,100.0,False,0,pos,4935.5992568082265,0.8599212548171526,OnTrack,1030.0,-3831.0,1850.0
2026-09-05 14:11:17.408,0 days 00:24:40.804000,55,445.10805555555726,0 days 00:01:13.595000,11258.0,293.0,7,100.0,False,0,car,4942.9191666666675,0.8611965905450152,OnTrack,1023.3327314185452,-3900.665233103521,1850.4486182118333
2026-09-05 14:11:17.498,0 days 00:24:40.894000,55,443.28305815111275,0 days 00:01:13.685000,11227.6250432,293.0,7,100.0,False,0,pos,4950.246265993652,0.862473178882032,OnTrack,1016.0,-3977.0,1851.0
2026-09-05 14:11:17.568,0 days 00:24:40.964000,55,441.86361111111273,0 days 00:01:13.755000,11204.0,293.0,7,100.0,False,0,car,4955.941388888889,0.863465430677932,OnTrack,1010.7723316496961,-4030.891780506601,1851.0714038539058
2026-09-05 14:11:17.878,0 days 00:24:41.274000,55,436.1802754311126,0 days 00:01:14.065000,11159.4374816,290.0937488,7,100.0,False,0,pos,4980.928885951502,0.8678189607582322,OnTrack,984.0,-4283.0,1849.0
2026-09-05 14:11:17.888,0 days 00:24:41.284000,55,435.99694444444594,0 days 00:01:14.075000,11158.0,290.0,7,100.0,False,0,car,4981.719166666668,0.867956650053672,OnTrack,982.6188369371474,-4294.952905948896,1848.935015272587
2026-09-05 14:11:18.078,0 days 00:24:41.474000,55,433.46360940444606,0 days 00:01:14.265000,10946.6248576,283.82499584,7,100.0,False,0,pos,4996.49525516242,0.8705310633922407,OnTrack,954.0,-4536.0,1848.0
2026-09-05 14:11:18.288,0 days 00:24:41.684000,55,430.6636111111129,0 days 00:01:14.475000,10713.0,277.0,7,100.0,False,0,car,5012.496944444445,0.8733190111186716,OnTrack,941.5854955687025,-4629.360271306658,1847.9304544233564
2026-09-05 14:11:18.358,0 days 00:24:41.754000,55,429.98305431111294,0 days 00:01:14.545000,10485.499584,274.19999488,7,64.999936,False,0,pos,5017.804961753777,0.8742438181517662,OnTrack,937.0,-4660.0,1848.0
2026-09-05 14:11:18.488,0 days 00:24:41.884000,55,428.71916666666857,0 days 00:01:14.675000,10063.0,269.0,7,0.0,True,0,car,5027.441388888889,0.8759227568343484,OnTrack,922.9431216866882,-4751.1925472048115,1848.0744654111993
2026-09-05 14:11:18.518,0 days 00:24:41.914000,55,428.66083308444615,0 days 00:01:14.705000,10084.3750912,265.87498666666664,7,0.0,True,0,pos,5029.572938647561,0.8762941332058507,OnTrack,918.0,-4778.0,1848.0
2026-09-05 14:11:18.728,0 days 00:24:42.124000,55,428.2525000000005,0 days 00:01:14.915000,10234.0,244.0,7,0.0,True,0,car,5043.708055555557,0.8787568711300741,OnTrack,861.9386039394363,-5022.873554961871,1846.078528156218
2026-09-05 14:11:18.919,0 days 00:24:42.315000,55,428.7300001600008,0 days 00:01:15.106000,10572.494557866667,237.10277546666666,7,0.0,True,0,pos,5056.106151516292,0.8809169707818422,OnTrack,799.0,-5239.0,1844.0
2026-09-05 14:11:19.088,0 days 00:24:42.484000,55,429.15250000000106,0 days 00:01:15.275000,10872.0,231.0,6,0.0,True,0,car,5066.808055555557,0.8827815457344548,OnTrack,748.8627459075753,-5356.88284779241,1843.2063698684074
2026-09-05 14:11:19.259,0 days 00:24:42.655000,55,430.24500015828073,0 days 00:01:15.446000,10641.548353709339,224.87096685397177,6,1.8387099438084717,True,0,pos,5077.384611532123,0.8846242815024503,OnTrack,710.0,-5425.0,1843.0
2026-09-05 14:11:19.367,0 days 00:24:42.763000,55,430.9350000000013,0 days 00:01:15.554000,10496.0,221.0,5,3.0,True,0,car,5083.935555555557,0.8857656415910145,OnTrack,695.0467877241728,-5451.433937539526,1842.9678729626976
2026-09-05 14:11:19.539,0 days 00:24:42.935000,55,432.6072225556257,0 days 00:01:15.726000,10752.660487309256,216.1775691319764,5,1.3925230439921334,True,0,pos,5094.164311292396,0.8875477807013377,OnTrack,664.0,-5492.0,1843.0
2026-09-05 14:11:19.688,0 days 00:24:43.084000,55,434.0558333333338,0 days 00:01:15.875000,10975.0,212.0,5,0.0,False,0,car,5102.83888888889,0.8890591379375431,OnTrack,598.2917518405741,-5560.636282378685,1843.0072813544534
2026-09-05 14:11:19.879,0 days 00:24:43.275000,55,436.4433341333338,0 days 00:01:16.066000,11560.41519616,205.31499776,5,0.0,False,0,pos,5113.721962573805,0.8909552777763865,OnTrack,492.0,-5659.0,1843.0
2026-09-05 14:11:19.888,0 days 00:24:43.284000,55,436.5558333333338,0 days 00:01:16.075000,11588.0,205.0,5,0.0,False,0,car,5114.227777777779,0.891043405118635,OnTrack,487.46391584397435,-5662.682736871408,1842.9997315822777
2026-09-05 14:11:20.208,0 days 00:24:43.604000,55,441.26694444444456,0 days 00:01:16.395000,11435.0,199.0,4,45.0,False,0,car,5131.916666666668,0.8941253108281944,OnTrack,350.84799938466193,-5741.126754072723,1842.9959250922723
2026-09-05 14:11:20.339,0 days 00:24:43.735000,55,443.2683343111104,0 days 00:01:16.526000,11440.7312528,199.0,4,45.0,False,0,pos,5139.15656310357,0.8953867059506163,OnTrack,294.0,-5760.0,1843.0
2026-09-05 14:11:20.368,0 days 00:24:43.764000,55,443.711388888888,0 days 00:01:16.555000,11442.0,199.0,4,45.0,False,0,car,5140.761111111113,0.8956662636829742,OnTrack,280.65277534240033,-5763.896635646217,1843.0014573241258
2026-09-05 14:11:20.648,0 days 00:24:44.044000,55,448.06694444444474,0 days 00:01:16.835000,11581.0,200.0,4,74.0,False,0,car,5156.3166666666675,0.8983764822717826,OnTrack,138.2174915830094,-5794.656708754559,1843.0092660745213
2026-09-05 14:11:20.699,0 days 00:24:44.095000,55,448.8036120355559,0 days 00:01:16.886000,11650.8063376,200.796876,4,78.1437552,False,0,pos,5159.185218201061,0.8988762652376627,OnTrack,110.0,-5798.0,1843.0
2026-09-05 14:11:20.799,0 days 00:24:44.195000,55,450.24805648000034,0 days 00:01:16.986000,11787.6813376,202.359376,4,86.2687552,False,0,pos,5164.849015394785,0.8998630592086558,OnTrack,53.0,-5802.0,1843.0
2026-09-05 14:11:20.968,0 days 00:24:44.364000,55,452.689166666667,0 days 00:01:17.155000,12019.0,205.0,4,100.0,False,0,car,5174.53888888889,0.9015513097615299,OnTrack,-45.446960530817066,-5798.723535379543,1843.4786126523315
2026-09-05 14:11:21.138,0 days 00:24:44.534000,55,454.9086094399999,0 days 00:01:17.325000,12182.6248768,208.1874976,4,100.0,False,0,pos,5184.435823128369,0.9032756361639045,OnTrack,-141.0,-5786.0,1844.0
2026-09-05 14:11:21.288,0 days 00:24:44.684000,55,456.866944444444,0 days 00:01:17.475000,12327.0,211.0,4,100.0,False,0,car,5193.294444444446,0.9048190590314646,OnTrack,-223.37248160071934,-5767.658283945452,1844.007182248122
2026-09-05 14:11:21.318,0 days 00:24:44.714000,55,457.23361267555526,0 days 00:01:17.505000,12143.249216,211.937504,4,100.0,False,0,pos,5195.080483263927,0.9051302376063219,OnTrack,-245.0,-5761.0,1844.0
2026-09-05 14:11:21.448,0 days 00:24:44.844000,55,458.8225000000002,0 days 00:01:17.635000,11347.0,216.0,4,100.0,False,0,car,5202.894444444446,0.9064916510748438,OnTrack,-363.5827204993688,-5718.604633422074,1844.006276761857
2026-09-05 14:11:21.498,0 days 00:24:44.894000,55,459.35027642666677,0 days 00:01:17.685000,11253.8752384,217.4583296,4,100.0,False,0,pos,5205.948006073438,0.9070236680419914,OnTrack,-404.0,-5703.0,1844.0
2026-09-05 14:11:21.688,0 days 00:24:45.084000,55,461.35583333333307,0 days 00:01:17.875000,10900.0,223.0,5,100.0,False,0,car,5217.761111111113,0.9090818456975764,OnTrack,-484.8176886597863,-5666.387546869115,1843.868833023539
2026-09-05 14:11:21.818,0 days 00:24:45.214000,55,462.6197209777774,0 days 00:01:18.005000,11018.772610327273,224.77272552727274,5,100.0,False,0,pos,5225.948720868824,0.9105083593366433,OnTrack,-526.0,-5641.0,1844.0
2026-09-05 14:11:22.078,0 days 00:24:45.474000,55,465.14750124444384,0 days 00:01:18.265000,11256.318298763636,228.31818356363635,5,100.0,False,0,pos,5242.534176175263,0.9133980156472025,OnTrack,-662.0,-5551.0,1845.0
2026-09-05 14:11:22.128,0 days 00:24:45.524000,55,465.63361111111044,0 days 00:01:18.315000,11302.0,229.0,5,100.0,False,0,car,5245.750000000002,0.9139583032870113,OnTrack,-691.8363716924929,-5527.8092320855085,1845.0843189493478
2026-09-05 14:11:22.328,0 days 00:24:45.724000,55,467.4669444444444,0 days 00:01:18.515000,11423.0,233.0,5,100.0,False,0,car,5258.694444444446,0.9162135923269841,OnTrack,-812.1677904407175,-5422.602871161277,1845.0008251203813
2026-09-05 14:11:22.378,0 days 00:24:45.774000,55,467.91138775111114,0 days 00:01:18.565000,11462.3748992,233.6249984,5,100.0,False,0,pos,5261.950272736352,0.9167808498786145,OnTrack,-838.0,-5398.0,1845.0
2026-09-05 14:11:22.488,0 days 00:24:45.884000,55,468.8891666666668,0 days 00:01:18.675000,11549.0,235.0,5,100.0,False,0,car,5269.1388888888905,0.918033310522327,OnTrack,-886.7356568079657,-5348.522420050281,1845.085192735592
2026-09-05 14:11:22.688,0 days 00:24:46.084000,55,470.61138888888854,0 days 00:01:18.875000,10314.0,237.0,5,100.0,False,0,car,5282.3055555555575,0.9203273169707114,OnTrack,-953.1331653449303,-5269.163063378695,1845.5536361758707
2026-09-05 14:11:22.798,0 days 00:24:46.194000,55,471.4975010311108,0 days 00:01:18.985000,10363.041723733333,238.83333546666665,5,100.0,False,0,pos,5289.637050877134,0.921604671214559,OnTrack,-992.0,-5218.0,1846.0
2026-09-05 14:11:22.928,0 days 00:24:46.324000,55,472.54472222222194,0 days 00:01:19.115000,10421.0,241.0,6,100.0,False,0,car,5298.372222222224,0.9231265855988665,OnTrack,-1042.760382171196,-5148.164024416078,1846.6987496257857
2026-09-05 14:11:22.978,0 days 00:24:46.374000,55,472.93361011555527,0 days 00:01:19.165000,10469.958208,241.6249984,6,100.0,False,0,pos,5301.745764784424,0.9237143523121515,OnTrack,-1062.0,-5120.0,1847.0
2026-09-05 14:11:23.158,0 days 00:24:46.554000,55,474.3336121066665,0 days 00:01:19.345000,10646.208458666666,243.8750016,6,100.0,False,0,pos,5313.957161198708,0.9258419236122639,OnTrack,-1126.0,-5016.0,1848.0
2026-09-05 14:11:23.168,0 days 00:24:46.564000,55,474.4113888888887,0 days 00:01:19.355000,10656.0,244.0,6,100.0,False,0,car,5314.638888888891,0.9259606998945921,OnTrack,-1129.3765913223474,-5010.061663663708,1848.0264679584986
2026-09-05 14:11:23.398,0 days 00:24:46.794000,55,476.1363898488887,0 days 00:01:19.585000,10709.47502976,246.30000128,6,100.0,False,0,pos,5330.4173140379,0.9287097486822256,OnTrack,-1202.0,-4871.0,1848.0
2026-09-05 14:11:23.568,0 days 00:24:46.964000,55,477.4113888888887,0 days 00:01:19.755000,10749.0,248.0,6,100.0,False,0,car,5342.194444444446,0.9307616585376242,OnTrack,-1248.52292017379,-4770.432493886302,1848.641015846395
2026-09-05 14:11:23.638,0 days 00:24:47.034000,55,477.8780564088883,0 days 00:01:19.825000,10790.562576,249.3125024,6,100.0,False,0,pos,5347.070965147678,0.931611286634249,OnTrack,-1269.0,-4720.0,1849.0
2026-09-05 14:11:23.728,0 days 00:24:47.124000,55,478.4780555555544,0 days 00:01:19.915000,10844.0,251.0,6,100.0,False,0,car,5353.350000000002,0.9327052724398841,OnTrack,-1298.0359961395757,-4642.477092609852,1849.4700113327212
2026-09-05 14:11:23.838,0 days 00:24:47.234000,55,479.30305651555494,0 days 00:01:20.025000,10845.718752,251.0,6,100.0,False,0,pos,5361.012072883964,0.9340402226629574,OnTrack,-1331.0,-4549.0,1850.0
2026-09-05 14:11:24.048,0 days 00:24:47.444000,55,480.8780555555559,0 days 00:01:20.235000,10849.0,251.0,6,100.0,False,0,car,5375.661111111112,0.9365925002444037,OnTrack,-1364.960555533647,-4440.262945509973,1850.7196849835811
2026-09-05 14:11:24.118,0 days 00:24:47.514000,55,481.3836120355558,0 days 00:01:20.305000,10872.10004224,251.52500096,6,100.0,False,0,pos,5380.5768502506935,0.9374489613040068,OnTrack,-1375.0,-4402.0,1851.0
2026-09-05 14:11:24.448,0 days 00:24:47.844000,55,483.76694444444456,0 days 00:01:20.635000,10981.0,254.0,6,100.0,False,0,car,5403.883333333335,0.9415096111126706,OnTrack,-1434.369993930523,-4136.28811482606,1852.9353409643873
2026-09-05 14:11:24.458,0 days 00:24:47.854000,55,483.8419434844446,0 days 00:01:20.645000,10982.64997888,254.0,6,100.0,False,0,pos,5404.588294175149,0.9416324352683907,OnTrack,-1436.0,-4127.0,1853.0
2026-09-05 14:11:24.648,0 days 00:24:48.044000,55,485.26694444444456,0 days 00:01:20.835000,11014.0,254.0,6,100.0,False,0,car,5417.994444444445,0.9439681665468039,OnTrack,-1462.5570678703543,-3942.267885608585,1854.2408857265252
2026-09-05 14:11:24.798,0 days 00:24:48.194000,55,486.26694529777797,0 days 00:01:20.985000,11041.857166628572,256.14285897142855,6,100.0,False,0,pos,5428.720110776612,0.9458368815642122,OnTrack,-1477.0,-3821.0,1855.0
2026-09-05 14:11:24.928,0 days 00:24:48.324000,55,487.13361111111135,0 days 00:01:21.115000,11066.0,258.0,6,100.0,False,0,car,5438.061111111112,0.947464348526367,OnTrack,-1484.5081367776042,-3754.439411581396,1855.3608452943827
2026-09-05 14:11:25.248,0 days 00:24:48.644000,55,489.4447222222225,0 days 00:01:21.435000,11066.0,258.0,6,100.0,False,0,car,5460.994444444446,0.9514599850744392,OnTrack,-1491.133379369635,-3608.990954093876,1855.8691504184087
2026-09-05 14:11:25.278,0 days 00:24:48.674000,55,489.6613898133336,0 days 00:01:21.465000,11066.0,258.0,6,100.0,False,0,pos,5463.144602370565,0.9518346035160258,OnTrack,-1492.0,-3578.0,1856.0
2026-09-05 14:11:25.448,0 days 00:24:48.844000,55,490.8891666666668,0 days 00:01:21.635000,11066.0,258.0,6,100.0,False,0,car,5475.32777777778,0.9539572579169843,OnTrack,-1497.7003065200909,-3360.213348309042,1856.948656071663
2026-09-05 14:11:25.459,0 days 00:24:48.855000,55,490.9686115733335,0 days 00:01:21.646000,11066.0,258.0,6,100.0,False,0,pos,5476.115274594936,0.9540944621785008,OnTrack,-1498.0,-3348.0,1857.0
2026-09-05 14:11:25.648,0 days 00:24:49.044000,55,492.33361111111117,0 days 00:01:21.835000,11066.0,258.0,6,100.0,False,0,car,5489.661111111112,0.9564545307595291,OnTrack,-1500.772212253747,-3213.927936635545,1857.4870719292167
2026-09-05 14:11:25.919,0 days 00:24:49.315000,55,493.68861143111116,0 days 00:01:22.106000,10458.95985664,261.3875008,6,100.0,False,0,pos,5509.406455959298,0.9598947293727426,OnTrack,-1500.0,-3118.0,1858.0
2026-09-05 14:11:26.048,0 days 00:24:49.444000,55,494.33361111111117,0 days 00:01:22.235000,10170.0,263.0,6,100.0,False,0,car,5518.883333333335,0.9615458699656481,OnTrack,-1499.289193205466,-3027.8122576864944,1858.7712773245485
2026-09-05 14:11:26.079,0 days 00:24:49.475000,55,494.4455557866667,0 days 00:01:22.266000,10181.8187744,263.1937504,6,100.0,False,0,pos,5521.163865677319,0.9619432033253581,OnTrack,-1499.0,-3001.0,1859.0
2026-09-05 14:11:26.339,0 days 00:24:49.735000,55,495.38444467555576,0 days 00:01:22.526000,10280.9437744,264.8187504,6,100.0,False,0,pos,5540.339584791308,0.9652841569937046,OnTrack,-1495.0,-2736.0,1861.0
2026-09-05 14:11:26.528,0 days 00:24:49.924000,55,496.06694444444474,0 days 00:01:22.715000,10353.0,266.0,7,100.0,False,0,car,5554.350000000002,0.9677251683481316,OnTrack,-1493.0998516251539,-2632.6531143610705,1860.9491752835556
2026-09-05 14:11:26.659,0 days 00:24:50.055000,55,496.4672224177782,0 days 00:01:22.846000,10308.7874784,267.6375008,7,100.0,False,0,pos,5564.09991481244,0.969423879800101,OnTrack,-1491.0,-2565.0,1861.0
2026-09-05 14:11:26.688,0 days 00:24:50.084000,55,496.5558333333338,0 days 00:01:22.875000,10299.0,268.0,7,100.0,False,0,car,5566.261111111113,0.9698004214389906,OnTrack,-1490.3161785374875,-2545.872232197876,1861.1045967364455
2026-09-05 14:11:26.839,0 days 00:24:50.235000,55,496.93333349333386,0 days 00:01:23.026000,10328.2562624,268.4718752,7,100.0,False,0,pos,5577.526593182186,0.9717631876553351,OnTrack,-1486.0,-2430.0,1862.0
2026-09-05 14:11:27.008,0 days 00:24:50.404000,55,497.355833333334,0 days 00:01:23.195000,10361.0,269.0,7,100.0,False,0,car,5590.172222222223,0.9739664145840734,OnTrack,-1481.761663540797,-2302.6657487931375,1862.8732675215165
2026-09-05 14:11:27.039,0 days 00:24:50.435000,55,497.4075001066673,0 days 00:01:23.226000,10364.6812576,269.1937504,7,100.0,False,0,pos,5592.4977266868855,0.9743715833616189,OnTrack,-1481.0,-2281.0,1863.0
2026-09-05 14:11:27.279,0 days 00:24:50.675000,55,497.80750010666765,0 days 00:01:23.466000,10393.1812576,270.6937504,7,100.0,False,0,pos,5610.561410183766,0.9775187889127646,OnTrack,-1473.0,-2101.0,1864.0
2026-09-05 14:11:27.328,0 days 00:24:50.724000,55,497.88916666666773,0 days 00:01:23.515000,10399.0,271.0,7,100.0,False,0,car,5614.261111111113,0.9781633816558856,OnTrack,-1469.8700807066307,-2042.0472374357614,1864.4360561758751
2026-09-05 14:11:27.479,0 days 00:24:50.875000,55,497.9730555911122,0 days 00:01:23.666000,10437.436379927272,271.68636392727274,7,100.0,False,0,pos,5625.686026291157,0.9801539256378043,OnTrack,-1459.0,-1845.0,1866.0
2026-09-05 14:11:27.768,0 days 00:24:51.164000,55,498.13361111111226,0 days 00:01:23.955000,10511.0,273.0,7,100.0,False,0,car,5647.62777777778,0.9839768005288799,OnTrack,-1451.7372880052221,-1720.7654738045287,1866.8185972156707
2026-09-05 14:11:27.818,0 days 00:24:51.214000,55,498.13361111111226,0 days 00:01:24.005000,10504.571445028572,273.1785709714286,7,100.0,False,0,pos,5651.429076187337,0.9846390944324565,OnTrack,-1450.0,-1694.0,1867.0
2026-09-05 14:11:28.048,0 days 00:24:51.444000,55,498.13361111111226,0 days 00:01:24.235000,10475.0,274.0,7,100.0,False,0,car,5668.938888888891,0.9876897999955476,OnTrack,-1435.822736663873,-1479.015840550249,1868.5361911839725
2026-09-05 14:11:28.118,0 days 00:24:51.514000,55,498.11416663111225,0 days 00:01:24.305000,10503.0000512,274.2916672,7,100.0,False,0,pos,5674.279308088827,0.9886202523561852,OnTrack,-1430.0,-1397.0,1869.0
2026-09-05 14:11:28.288,0 days 00:24:51.684000,55,498.06694444444565,0 days 00:01:24.475000,10571.0,275.0,7,100.0,False,0,car,5687.272222222224,0.9908839861895005,OnTrack,-1414.3585731692506,-1190.3669951003164,1869.874382375962
2026-09-05 14:11:28.318,0 days 00:24:51.714000,55,498.041944337779,0 days 00:01:24.505000,10580.37504,275.1250005333333,7,100.0,False,0,pos,5689.5685156672835,0.9912840655796537,OnTrack,-1412.0,-1160.0,1870.0
2026-09-05 14:11:28.528,0 days 00:24:51.924000,55,497.86694444444583,0 days 00:01:24.715000,10646.0,276.0,7,100.0,False,0,car,5705.672222222224,0.9940897876059769,OnTrack,-1401.4891060708949,-1028.9936862107018,1870.673677143994
2026-09-05 14:11:28.728,0 days 00:24:52.124000,55,497.58916666666755,0 days 00:01:24.915000,10672.0,277.0,7,100.0,False,0,car,5721.061111111113,0.9967709681384768,OnTrack,-1396.020417752219,-958.5105170038908,1870.9751592469377
2026-09-05 14:11:28.798,0 days 00:24:52.194000,55,497.58916666666755,0 days 00:01:24.985000,10681.6250176,277.2916672,7,100.0,False,0,pos,5726.459181632901,0.9977114649930956,OnTrack,-1393.0,-914.0,1871.0
2026-09-05 14:11:28.838,0 days 00:24:52.234000,55,497.58916666666755,0 days 00:01:25.025000,10687.1250176,277.4583338666667,7,100.0,False,0,pos,5729.54655894972,0.9982493736113269,OnTrack,-1391.0,-884.0,1871.0
2026-09-05 14:11:28.963,0 days 00:24:52.359000,55,497.58916666666755,0 days 00:01:25.150000,10704.3125088,277.9791669333333,7,100.0,False,0,interpolation,5739.207598242417,0.9999326004292161,OnTrack,-1383.3237165339758,-779.9042151388876,1871.1347809121414
