Date,SessionTime,DriverAhead,DistanceToDriverAhead,Time,RPM,Speed,nGear,Throttle,Brake,DRS,Source,Distance,RelativeDistance,Status,X,Y,Z
2026-09-05 14:39:29.133,0 days 00:52:52.529000,,138.48277777777778,0 days 00:00:00,10847.6155752,306.109372,8,100.0,False,0,interpolation,0.21669472465504072,3.749547330863373e-05,OnTrack,-1373.1932130681457,-660.9954230083829,1871.379412242884
2026-09-05 14:39:29.254,0 days 00:52:52.650000,,138.48277777777778,0 days 00:00:00.121000,10879.0,308.0,8,100.0,False,0,car,10.628611111111116,0.001839107088827052,OnTrack,-1366.9336689502477,-584.7993773378737,1871.8634332152176
2026-09-05 14:39:29.479,0 days 00:52:52.875000,,138.48277777777778,0 days 00:00:00.346000,10994.7142528,312.017856,8,100.0,False,0,pos,30.17156007742455,0.005220694354068052,OnTrack,-1352.0,-416.0,1873.0
2026-09-05 14:39:29.534,0 days 00:52:52.930000,10,138.48277777777778,0 days 00:00:00.401000,11023.0,313.0,8,100.0,False,0,car,34.97305555555556,0.0060515145128346515,OnTrack,-1347.6987766187685,-369.3800304771976,1873.3243551824596
2026-09-05 14:39:29.679,0 days 00:52:53.075000,10,139.08694417777778,0 days 00:00:00.546000,11077.8281008,314.3593744,8,100.0,False,0,pos,47.66573198280106,0.008247774301579044,OnTrack,-1336.0,-242.0,1874.0
2026-09-05 14:39:29.839,0 days 00:52:53.235000,10,139.75361084444447,0 days 00:00:00.706000,11138.3281008,315.8593744,8,100.0,False,0,pos,61.73837321066839,0.010682814399493121,OnTrack,-1324.0,-102.0,1874.0
2026-09-05 14:39:29.854,0 days 00:52:53.250000,10,139.81611111111113,0 days 00:00:00.721000,11144.0,316.0,8,100.0,False,0,car,63.06194444444444,0.010911836725473268,OnTrack,-1322.655242058861,-86.70930876360063,1874.0487947256538
2026-09-05 14:39:30.055,0 days 00:52:53.451000,10,140.59777777777776,0 days 00:00:00.922000,11234.0,319.0,8,100.0,False,0,car,80.87277777777778,0.01399370974715222,OnTrack,-1301.1297471620046,150.21233219573804,1875.6912514152586
2026-09-05 14:39:30.099,0 days 00:52:53.495000,10,140.75666666666666,0 days 00:00:00.966000,11251.05,319.55,8,100.0,False,0,pos,84.79301854384856,0.014672043210237769,OnTrack,-1297.0,196.0,1876.0
2026-09-05 14:39:30.295,0 days 00:52:53.691000,10,141.46444444444444,0 days 00:00:01.162000,11327.0,322.0,8,100.0,False,0,car,102.33944444444444,0.017708164855861793,OnTrack,-1284.1726184940483,344.2159069950922,1876.5361360297147
2026-09-05 14:39:30.479,0 days 00:52:53.875000,10,142.02666666666667,0 days 00:00:01.346000,11380.945454545454,323.25454545454545,8,100.0,False,0,pos,118.89401708144092,0.02057266253772493,OnTrack,-1274.0,464.0,1877.0
2026-09-05 14:39:30.619,0 days 00:52:54.015000,10,142.45444444444442,0 days 00:00:01.486000,11421.99090909091,324.2090909090909,8,100.0,False,0,pos,131.54238097901515,0.02276125476891262,OnTrack,-1263.0,589.0,1878.0
2026-09-05 14:39:30.735,0 days 00:52:54.131000,10,142.80888888888887,0 days 00:00:01.602000,11456.0,325.0,8,100.0,False,0,car,142.06166666666667,0.02458144488362408,OnTrack,-1249.2030806629568,749.567835723129,1878.9522574962202
2026-09-05 14:39:30.879,0 days 00:52:54.275000,10,143.1688888888889,0 days 00:00:01.746000,11489.0,326.8,8,100.0,False,0,pos,155.16939781318374,0.02684952309421905,OnTrack,-1232.0,951.0,1880.0
2026-09-05 14:39:30.975,0 days 00:52:54.371000,10,143.4088888888889,0 days 00:00:01.842000,11511.0,328.0,8,100.0,False,0,car,163.92833333333334,0.028365113441564272,OnTrack,-1225.228906051075,1029.0693169799267,1880.4515862066812
2026-09-05 14:39:31.219,0 days 00:52:54.615000,10,144.0188888888889,0 days 00:00:02.086000,11562.414285714285,328.87142857142857,8,100.0,False,0,pos,186.22803350062554,0.032223711355031215,OnTrack,-1216.0,1132.0,1881.0
2026-09-05 14:39:31.255,0 days 00:52:54.651000,10,144.1088888888889,0 days 00:00:02.122000,11570.0,329.0,8,100.0,False,0,car,189.51722222222222,0.03279285159651155,OnTrack,-1213.7917621475,1157.3289536332002,1881.0670592861143
2026-09-05 14:39:31.495,0 days 00:52:54.891000,10,144.84222222222223,0 days 00:00:02.362000,11630.0,329.0,8,100.0,False,0,car,211.45055555555558,0.03658805572932352,OnTrack,-1194.2287724667071,1386.0286564949354,1881.716199006561
2026-09-05 14:39:31.539,0 days 00:52:54.935000,10,144.95222222222225,0 days 00:00:02.406000,11637.48,329.44,8,100.0,False,0,pos,215.4871849760456,0.037286528342968236,OnTrack,-1191.0,1425.0,1882.0
2026-09-05 14:39:31.659,0 days 00:52:55.055000,10,145.25222222222223,0 days 00:00:02.526000,11657.88,330.64,8,100.0,False,0,pos,226.52432301475235,0.03919632432620147,OnTrack,-1182.0,1534.0,1883.0
2026-09-05 14:39:31.695,0 days 00:52:55.091000,10,145.34222222222223,0 days 00:00:02.562000,11664.0,331.0,8,100.0,False,0,car,229.83944444444444,0.039769951798119756,OnTrack,-1177.735618776263,1583.293737312041,1883.2550293351987
2026-09-05 14:39:31.839,0 days 00:52:55.235000,10,145.70222222222225,0 days 00:00:02.706000,11669.04,331.72,8,100.0,False,0,pos,243.11382128084523,0.042066865316205404,OnTrack,-1156.0,1829.0,1884.0
2026-09-05 14:39:31.895,0 days 00:52:55.291000,10,145.84222222222223,0 days 00:00:02.762000,11671.0,332.0,8,100.0,False,0,car,248.2838888888889,0.04296146084597582,OnTrack,-1149.324276660203,1904.5632522785393,1884.2420887025592
2026-09-05 14:39:32.055,0 days 00:52:55.451000,10,146.1977777777778,0 days 00:00:02.922000,11680.0,333.0,8,100.0,False,0,car,263.0838888888889,0.0455223584675085,OnTrack,-1137.7584363881913,2036.948828614296,1884.824803517131
2026-09-05 14:39:32.255,0 days 00:52:55.651000,10,146.5866666666667,0 days 00:00:03.122000,11709.0,334.0,8,100.0,False,0,car,281.63944444444445,0.048733093473484174,OnTrack,-1131.5888338549983,2111.742696392134,1885.5107849796686
2026-09-05 14:39:32.359,0 days 00:52:55.755000,10,146.78888888888895,0 days 00:00:03.226000,11731.75,334.0,8,100.0,False,0,pos,291.28919476894424,0.05040282473391632,OnTrack,-1126.0,2179.0,1886.0
2026-09-05 14:39:32.415,0 days 00:52:55.811000,10,146.89777777777783,0 days 00:00:03.282000,11744.0,334.0,8,100.0,False,0,car,296.4838888888889,0.05130168147826471,OnTrack,-1122.2297459860893,2224.2304475652395,1886.303139609248
2026-09-05 14:39:32.539,0 days 00:52:55.935000,10,147.10444444444448,0 days 00:00:03.406000,11744.516666666666,334.0,8,100.0,False,0,pos,307.9832035932671,0.05329144956446052,OnTrack,-1112.0,2346.0,1887.0
2026-09-05 14:39:32.655,0 days 00:52:56.051000,10,147.2977777777778,0 days 00:00:03.522000,11745.0,334.0,8,100.0,False,0,car,318.75055555555554,0.05515456348543551,OnTrack,-1100.112598406737,2485.1475588305298,1887.5331142368475
2026-09-05 14:39:32.779,0 days 00:52:56.175000,10,147.43555555555557,0 days 00:00:03.646000,11750.757142857143,334.4428571428571,8,100.0,False,0,pos,330.2850939823513,0.05715042645993948,OnTrack,-1088.0,2625.0,1888.0
2026-09-05 14:39:32.935,0 days 00:52:56.331000,10,147.60888888888888,0 days 00:00:03.802000,11758.0,335.0,8,100.0,False,0,car,344.80611111111114,0.05966305066448518,OnTrack,-1078.436539709586,2731.9794043766187,1888.4900849629864
2026-09-05 14:39:33.099,0 days 00:52:56.495000,10,147.79111111111112,0 days 00:00:03.966000,11744.333333333334,334.65833333333336,8,100.0,False,0,pos,360.04514124256025,0.06229991526030227,OnTrack,-1070.0,2829.0,1889.0
2026-09-05 14:39:33.319,0 days 00:52:56.715000,10,148.03555555555556,0 days 00:00:04.186000,11726.0,334.2,8,100.0,False,0,pos,380.44762930179195,0.06583023168896683,OnTrack,-1053.0,3033.0,1890.0
2026-09-05 14:39:33.415,0 days 00:52:56.811000,10,148.14222222222224,0 days 00:00:04.282000,11718.0,334.0,8,100.0,False,0,car,389.33944444444444,0.06736881467882679,OnTrack,-1044.4107823657287,3122.4100963569044,1890.7827945533882
2026-09-05 14:39:33.575,0 days 00:52:56.971000,10,148.32,0 days 00:00:04.442000,11700.0,333.0,8,100.0,False,0,car,404.13944444444445,0.06992971230035948,OnTrack,-1031.3292402009986,3268.3626503047612,1891.967839001884
2026-09-05 14:39:33.599,0 days 00:52:56.995000,10,148.35333332261305,0 days 00:00:04.466000,11698.793970237115,332.87939702371153,8,100.0,False,0,pos,406.3550421815385,0.07031308520408905,OnTrack,-1030.0,3291.0,1892.0
2026-09-05 14:39:33.619,0 days 00:52:57.015000,10,148.38111109145729,0 days 00:00:04.486000,11697.788945434711,332.7788945434711,8,100.0,False,0,pos,408.2003387286545,0.07063238355128713,OnTrack,-1029.0,3310.0,1892.0
2026-09-05 14:39:33.774,0 days 00:52:57.170000,10,148.5963888888889,0 days 00:00:04.641000,11690.0,332.0,8,100.0,False,0,car,422.4916666666667,0.07310526380297624,OnTrack,-1017.7982486725733,3453.0872678464684,1892.354930659905
2026-09-05 14:39:33.899,0 days 00:52:57.295000,10,148.7005555022222,0 days 00:00:04.766000,11673.2031336,332.3906248,8,100.0,False,0,pos,434.0485850501282,0.07510499926246637,OnTrack,-1007.0,3567.0,1893.0
2026-09-05 14:39:34.059,0 days 00:52:57.455000,10,148.83388883555546,0 days 00:00:04.926000,11651.7031336,332.8906248,8,100.0,False,0,pos,448.8581526089627,0.0776675523933682,OnTrack,-994.0,3715.0,1894.0
2026-09-05 14:39:34.094,0 days 00:52:57.490000,10,148.86305555555543,0 days 00:00:04.961000,11647.0,333.0,8,100.0,False,0,car,452.0916666666667,0.07822705904604163,OnTrack,-991.1901185866811,3747.3456854279902,1894.1542297302444
2026-09-05 14:39:34.294,0 days 00:52:57.690000,10,149.08527777777766,0 days 00:00:05.161000,11636.0,332.0,8,100.0,False,0,car,470.5361111111111,0.08141856809389768,OnTrack,-975.1795631515096,3931.332222274258,1894.639831781458
2026-09-05 14:39:34.359,0 days 00:52:57.755000,10,149.139444391111,0 days 00:00:05.226000,11629.906256,332.0,8,100.0,False,0,pos,476.53186232225676,0.08245603464902772,OnTrack,-970.0,3991.0,1895.0
2026-09-05 14:39:34.454,0 days 00:52:57.850000,10,149.218611111111,0 days 00:00:05.321000,11621.0,332.0,8,100.0,False,0,car,485.2916666666667,0.08397177533218253,OnTrack,-962.4535141559076,4078.161331643292,1895.833135929937
2026-09-05 14:39:34.599,0 days 00:52:57.995000,10,149.37972215111097,0 days 00:00:05.466000,11609.08929097143,331.4821430857143,8,100.0,False,0,pos,498.6294706065023,0.08627966387177674,OnTrack,-951.0,4211.0,1897.0
2026-09-05 14:39:34.734,0 days 00:52:58.130000,10,149.52972222222206,0 days 00:00:05.601000,11598.0,331.0,8,100.0,False,0,car,511.03611111111115,0.08842642982849727,OnTrack,-940.3946236441701,4334.423342973974,1896.9966053409603
2026-09-05 14:39:34.739,0 days 00:52:58.135000,10,149.5338888355554,0 days 00:00:05.606000,11597.70000384,331.0,8,100.0,False,0,pos,511.49582188552176,0.08850597524936085,OnTrack,-940.0,4339.0,1897.0
2026-09-05 14:39:34.934,0 days 00:52:58.330000,10,149.6963888888887,0 days 00:00:05.801000,11586.0,331.0,8,100.0,False,0,car,529.4250000000001,0.09160832589729352,OnTrack,-924.517213372716,4517.838459138299,1897.769439053287
2026-09-05 14:39:34.979,0 days 00:52:58.375000,10,149.74638881777756,0 days 00:00:05.846000,11581.72500608,330.77500032,8,100.0,False,0,pos,533.5556747173068,0.09232307150937975,OnTrack,-921.0,4559.0,1898.0
2026-09-05 14:39:35.134,0 days 00:52:58.530000,10,149.91861111111086,0 days 00:00:06.001000,11567.0,330.0,8,100.0,False,0,car,547.7583333333334,0.09478060898702997,OnTrack,-909.1604527693701,4700.166994634801,1898.739546772492
2026-09-05 14:39:35.239,0 days 00:52:58.635000,10,150.03527770666645,0 days 00:00:06.106000,11561.7500032,329.5625002666667,8,100.0,False,0,pos,557.3592977460941,0.09644189864439881,OnTrack,-901.0,4796.0,1899.0
2026-09-05 14:39:35.374,0 days 00:52:58.770000,10,150.18527777777763,0 days 00:00:06.241000,11555.0,329.0,8,100.0,False,0,car,569.6916666666667,0.09857581311984193,OnTrack,-890.0627662349501,4919.963995403291,1899.045499864171
2026-09-05 14:39:35.439,0 days 00:52:58.835000,10,150.23944439111094,0 days 00:00:06.306000,11552.910716342858,329.0,8,100.0,False,0,pos,575.6306363197002,0.0996034545562479,OnTrack,-885.0,4979.0,1900.0
2026-09-05 14:39:35.479,0 days 00:52:58.875000,10,150.27277772444427,0 days 00:00:06.346000,11551.625002057142,329.0,8,100.0,False,0,pos,579.2857977556074,0.10023592038243254,OnTrack,-882.0,5015.0,1901.0
2026-09-05 14:39:35.654,0 days 00:52:59.050000,10,150.41861111111086,0 days 00:00:06.521000,11546.0,329.0,8,100.0,False,0,car,595.2805555555557,0.10300355127478922,OnTrack,-867.8141365417047,5175.121750780205,1901.2994059908754
2026-09-05 14:39:35.738,0 days 00:52:59.134000,10,150.11527870222199,0 days 00:00:06.605000,11538.02002432,329.0,8,100.0,False,0,pos,602.9598766750372,0.10433233203086123,OnTrack,-861.0,5252.0,1901.0
2026-09-05 14:39:35.999,0 days 00:52:59.395000,10,149.17277800888874,0 days 00:00:06.866000,11513.22500608,329.0,8,100.0,False,0,pos,626.8160267483961,0.10846024811071199,OnTrack,-841.0,5488.0,1903.0
2026-09-05 14:39:36.054,0 days 00:52:59.450000,10,148.97416666666652,0 days 00:00:06.921000,11508.0,329.0,8,100.0,False,0,car,631.8361111111112,0.10932889149614247,OnTrack,-836.634376624164,5538.113070351858,1903.363659733553
2026-09-05 14:39:36.199,0 days 00:52:59.595000,10,145.4297237866665,0 days 00:00:07.066000,11501.738639127272,328.6704546909091,8,100.0,False,0,pos,645.0562667845738,0.11161642292995748,OnTrack,-825.0,5670.0,1904.0
2026-09-05 14:39:36.459,0 days 00:52:59.855000,10,139.07416823111095,0 days 00:00:07.326000,11490.5113664,328.0795456,8,100.0,False,0,pos,668.7351641443109,0.11571366833057015,OnTrack,-805.0,5906.0,1905.0
2026-09-05 14:39:36.494,0 days 00:52:59.890000,10,138.21861111111093,0 days 00:00:07.361000,11489.0,328.0,8,100.0,False,0,car,671.9250000000001,0.11626561718569949,OnTrack,-802.0560493740775,5941.260336801246,1905.1949107962675
2026-09-05 14:39:36.619,0 days 00:53:00.015000,10,133.77416805610258,0 days 00:00:07.486000,11478.875392573287,328.0,8,100.0,False,0,pos,683.3228194707984,0.11823782318390398,OnTrack,-791.0,6074.0,1906.0
2026-09-05 14:39:36.779,0 days 00:53:00.175000,10,128.08527803298017,0 days 00:00:07.646000,11465.915888431828,328.0,8,100.0,False,0,pos,697.9003892198256,0.12076023289322903,OnTrack,-777.0,6242.0,1907.0
2026-09-05 14:39:36.815,0 days 00:53:00.211000,10,126.80527777777763,0 days 00:00:07.682000,11463.0,328.0,8,100.0,False,0,car,701.1716666666667,0.12132627388194449,OnTrack,-774.2924045691582,6274.5368106697215,1907.1939881810113
2026-09-05 14:39:36.979,0 days 00:53:00.375000,10,120.10861111111107,0 days 00:00:07.846000,11460.266666666666,326.6333333333333,8,100.0,False,0,pos,716.0331563983252,0.12389781129452804,OnTrack,-763.0,6410.0,1908.0
2026-09-05 14:39:37.055,0 days 00:53:00.451000,10,117.00527777777779,0 days 00:00:07.922000,11459.0,326.0,8,100.0,False,0,car,722.905,0.12508687129014112,OnTrack,-756.6175335133258,6485.813565658902,1908.437504590064
2026-09-05 14:39:37.299,0 days 00:53:00.695000,10,105.41527777777773,0 days 00:00:08.166000,11412.814285714287,325.12857142857143,8,100.0,False,0,pos,744.9323256114454,0.128898339247376,OnTrack,-733.0,6764.0,1910.0
2026-09-05 14:39:37.335,0 days 00:53:00.731000,10,103.70527777777772,0 days 00:00:08.202000,11406.0,325.0,8,100.0,False,0,car,748.1827777777778,0.12946077676235349,OnTrack,-729.8054825706697,6801.426057341531,1910.2068263595272
2026-09-05 14:39:37.655,0 days 00:53:01.051000,10,87.1719444444443,0 days 00:00:08.522000,10691.0,319.0,8,100.0,True,0,car,776.5383333333334,0.1343672412744792,OnTrack,-706.041935011498,7078.1573476055955,1911.6781405491422
2026-09-05 14:39:37.759,0 days 00:53:01.155000,10,82.40527777777758,0 days 00:00:08.626000,10645.066666666668,302.96666666666664,8,56.666666666666664,True,0,pos,784.9683597919103,0.13582591929523777,OnTrack,-700.0,7149.0,1912.0
2026-09-05 14:39:37.895,0 days 00:53:01.291000,10,76.1719444444442,0 days 00:00:08.762000,10585.0,282.0,8,0.0,True,0,car,795.3383333333335,0.13762027338831803,OnTrack,-693.3040960640052,7228.407405449025,1912.3001857848828
2026-09-05 14:39:38.095,0 days 00:53:01.491000,10,68.22749999999974,0 days 00:00:08.962000,10344.0,252.0,8,0.0,True,0,car,809.3383333333335,0.1400427441113895,OnTrack,-683.5314597466282,7348.115494320887,1912.727845868189
2026-09-05 14:39:38.159,0 days 00:53:01.555000,10,66.21861111111085,0 days 00:00:09.026000,10275.0,244.0,8,0.0,True,0,pos,813.4244135459634,0.1407497733747622,OnTrack,-679.0,7405.0,1913.0
2026-09-05 14:39:38.339,0 days 00:53:01.735000,10,60.56861111111082,0 days 00:00:09.206000,10080.9375,221.5,8,0.0,True,0,pos,823.95289414393,0.14257155451811931,OnTrack,-664.0,7594.0,1914.0
2026-09-05 14:39:38.415,0 days 00:53:01.811000,10,58.183055555555256,0 days 00:00:09.282000,9999.0,212.0,8,0.0,True,0,car,828.1827777777779,0.14330346660847615,OnTrack,-659.492555424449,7648.481166809341,1914.2796622567516
2026-09-05 14:39:38.655,0 days 00:53:02.051000,10,51.849722222222,0 days 00:00:09.522000,10801.0,190.0,8,0.0,True,0,car,840.8494444444445,0.14549522583411223,OnTrack,-652.841567428633,7714.852105579368,1914.6555854329756
2026-09-05 14:39:38.739,0 days 00:53:02.135000,10,50.029722222221984,0 days 00:00:09.606000,10428.25,179.5,8,0.0,True,0,pos,844.9064892494144,0.1461972309957,OnTrack,-650.0,7743.0,1915.0
2026-09-05 14:39:38.815,0 days 00:53:02.211000,10,48.3830555555553,0 days 00:00:09.682000,10091.0,170.0,7,0.0,True,0,car,848.4050000000001,0.14680259098624604,OnTrack,-646.7421240831754,7776.721901290716,1915.4625409742923
2026-09-05 14:39:38.919,0 days 00:53:02.315000,10,46.56305555555528,0 days 00:00:09.786000,10420.333333333334,161.76666666666668,7,0.0,True,0,pos,852.9455961659089,0.14758826679176068,OnTrack,-642.0,7827.0,1916.0
2026-09-05 14:39:39.055,0 days 00:53:02.451000,10,44.183055555555256,0 days 00:00:09.922000,10851.0,151.0,5,0.0,True,0,car,858.4716666666668,0.14854446279188316,OnTrack,-636.399070123778,7883.254591784908,1915.9669296688262
2026-09-05 14:39:39.079,0 days 00:53:02.475000,10,43.869722222221924,0 days 00:00:09.946000,10893.857142857143,149.2,5,0.0,True,0,pos,859.4011642598938,0.14870529712808014,OnTrack,-635.0,7894.0,1916.0
2026-09-05 14:39:39.335,0 days 00:53:02.731000,10,40.52749999999969,0 days 00:00:10.202000,11351.0,130.0,3,0.0,True,0,car,868.5827777777779,0.1502940249807681,OnTrack,-610.9452815601492,8029.093803539251,1917.7477942184626
2026-09-05 14:39:39.379,0 days 00:53:02.775000,10,40.07527777777747,0 days 00:00:10.246000,11116.7,127.36,3,0.0,True,0,pos,870.0699842510942,0.15055136170510888,OnTrack,-607.0,8048.0,1918.0
2026-09-05 14:39:39.535,0 days 00:53:02.931000,10,38.47194444444415,0 days 00:00:10.402000,10286.0,118.0,2,0.0,True,0,car,875.1383333333334,0.15142835650982536,OnTrack,-595.8132580740402,8094.663940326714,1918.3963314320324
2026-09-05 14:39:39.815,0 days 00:53:03.211000,10,36.52749999999958,0 days 00:00:10.682000,9996.0,106.0,2,0.0,True,0,car,883.382777777778,0.1528549226023008,OnTrack,-578.2170071878069,8132.970598798022,1918.0122031494711
2026-09-05 14:39:39.839,0 days 00:53:03.235000,10,36.380833333332895,0 days 00:00:10.706000,10164.0,105.25,2,0.0,True,0,pos,884.0657675123309,0.15297310279059456,OnTrack,-576.0,8137.0,1918.0
2026-09-05 14:39:39.975,0 days 00:53:03.371000,10,35.5497222222217,0 days 00:00:10.842000,11116.0,101.0,2,0.0,True,0,car,887.8716666666669,0.15363165131033324,OnTrack,-561.478833210742,8162.435073385137,1918.0050412691235
2026-09-05 14:39:40.019,0 days 00:53:03.415000,10,35.34194444444393,0 days 00:00:10.886000,11110.3625,99.9,2,0.0,True,0,pos,889.0614127111965,0.15383751737895918,OnTrack,-557.0,8170.0,1918.0
2026-09-05 14:39:40.179,0 days 00:53:03.575000,10,34.5863888888884,0 days 00:00:11.046000,11089.8625,95.9,2,0.0,True,0,pos,893.209106893436,0.15455520793072555,OnTrack,-543.0,8193.0,1918.0
2026-09-05 14:39:40.295,0 days 00:53:03.691000,10,34.03861111111064,0 days 00:00:11.162000,11075.0,93.0,1,0.0,True,0,car,896.1383333333335,0.1550620625944326,OnTrack,-532.3278920617753,8212.074617109683,1918.4337844997006
2026-09-05 14:39:40.439,0 days 00:53:03.835000,10,33.43861127178002,0 days 00:00:11.306000,10746.02937679548,90.5899588043625,1,0.0,True,0,pos,899.7362916624407,0.15568463035979638,OnTrack,-502.0,8245.0,1919.0
2026-09-05 14:39:40.534,0 days 00:53:03.930000,10,33.042777777777246,0 days 00:00:11.401000,10529.0,89.0,1,0.0,True,0,car,902.0469444444446,0.1560844509823384,OnTrack,-462.4468234639318,8274.373770539363,1918.9973387313096
2026-09-05 14:39:40.559,0 days 00:53:03.955000,10,32.95944465777724,0 days 00:00:11.426000,10460.8751744,88.4531264,1,0.0781248,True,0,pos,902.6428537637963,0.15618756333089087,OnTrack,-453.0,8281.0,1919.0
2026-09-05 14:39:40.854,0 days 00:53:04.250000,10,31.976111111110527,0 days 00:00:11.721000,9657.0,82.0,1,1.0,False,0,car,909.3358333333335,0.15734567383498513,OnTrack,-413.4921170751893,8300.321554826856,1919.8023729891738
2026-09-05 14:39:40.939,0 days 00:53:04.335000,10,31.858055644443848,0 days 00:00:11.806000,9759.3540896,80.5833344,1,7.7291616,False,0,pos,911.1796352689405,0.15766471356413875,OnTrack,-403.0,8301.0,1920.0
2026-09-05 14:39:41.094,0 days 00:53:04.490000,10,31.642777777777155,0 days 00:00:11.961000,9946.0,78.0,1,20.0,False,0,car,914.5358333333336,0.1582454486749831,OnTrack,-369.2092038216101,8306.688038938526,1920.1251927335447
2026-09-05 14:39:41.299,0 days 00:53:04.695000,10,31.585833351110477,0 days 00:00:12.166000,10288.236004266666,80.84722133333334,1,30.819441066666666,False,0,pos,919.2068050579126,0.15905368383577503,OnTrack,-313.0,8319.0,1920.0
2026-09-05 14:39:41.454,0 days 00:53:04.850000,10,31.542777777777133,0 days 00:00:12.321000,10547.0,83.0,1,39.0,False,0,car,922.8358333333335,0.1596816277465183,OnTrack,-278.50196652640665,8328.085009565948,1919.8527804698776
2026-09-05 14:39:41.654,0 days 00:53:05.050000,10,31.65388888888822,0 days 00:00:12.521000,10342.0,84.0,1,0.0,False,0,car,927.5025000000003,0.16048911798754215,OnTrack,-241.80734885316258,8341.881156537635,1919.8801338152978
2026-09-05 14:39:41.699,0 days 00:53:05.095000,10,32.00388839111044,0 days 00:00:12.566000,10236.2501504,83.18181934545454,1,0.0,False,0,pos,928.511219119331,0.16066366031142654,OnTrack,-234.0,8346.0,1920.0
2026-09-05 14:39:41.939,0 days 00:53:05.335000,10,33.8705550577771,0 days 00:00:12.806000,9672.2501504,78.81818298181818,1,0.0,False,0,pos,933.5832820974845,0.16154129774500872,OnTrack,-195.0,8377.0,1921.0
2026-09-05 14:39:42.094,0 days 00:53:05.490000,10,35.076111111110436,0 days 00:00:12.961000,9308.0,76.0,1,0.0,False,0,car,936.7913888888892,0.16209640808634193,OnTrack,-173.03865082717803,8410.52217393665,1921.0087429905386
2026-09-05 14:39:42.138,0 days 00:53:05.534000,10,35.55277500444379,0 days 00:00:13.005000,9294.14008064,75.78000128,1,0.0,False,0,pos,937.7080163644019,0.16225501545944143,OnTrack,-168.0,8420.0,1921.0
2026-09-05 14:39:42.294,0 days 00:53:05.690000,10,37.24277777777718,0 days 00:00:13.161000,9245.0,75.0,1,0.0,False,0,car,940.9580555555558,0.1628173815158275,OnTrack,-155.70228705618516,8449.474241029899,1921.1378047188994
2026-09-05 14:39:42.534,0 days 00:53:05.930000,10,40.57611111111055,0 days 00:00:13.401000,9455.0,74.0,1,20.0,False,0,car,945.8913888888892,0.1636710140563384,OnTrack,-147.74665408157702,8492.509344710923,1921.8830365101323
2026-09-05 14:39:42.559,0 days 00:53:05.955000,10,41.089998684443884,0 days 00:00:13.426000,9478.977211345455,74.28409018181819,1,20.96590661818182,False,0,pos,946.4166521105606,0.16376190225465306,OnTrack,-147.0,8498.0,1922.0
2026-09-05 14:39:42.759,0 days 00:53:06.155000,10,45.20110979555501,0 days 00:00:13.626000,9670.795393163637,76.55681745454545,1,28.693179345454546,False,0,pos,950.737370938855,0.16450953188780784,OnTrack,-142.0,8549.0,1923.0
2026-09-05 14:39:42.974,0 days 00:53:06.370000,10,49.62055555555503,0 days 00:00:13.841000,9877.0,79.0,1,37.0,False,0,car,955.5469444444448,0.16534174981693292,OnTrack,-143.08532363329505,8615.214310205254,1923.0212384098538
2026-09-05 14:39:43.139,0 days 00:53:06.535000,10,53.05805500513963,0 days 00:00:14.006000,10564.59775466995,81.93594259039261,1,42.284696662706715,False,0,pos,959.3152011901981,0.16599378493433323,OnTrack,-146.0,8657.0,1923.0
2026-09-05 14:39:43.255,0 days 00:53:06.651000,10,55.474722222221544,0 days 00:00:14.122000,11048.0,84.0,1,46.0,False,0,car,962.1036111111115,0.1664762736055714,OnTrack,-147.86066117589314,8674.70814303418,1923.322794227244
2026-09-05 14:39:43.459,0 days 00:53:06.855000,10,60.5180555555549,0 days 00:00:14.326000,11023.775,91.65,1,59.387499999999996,False,0,pos,967.430146472197,0.16739794331754532,OnTrack,-153.0,8701.0,1924.0
2026-09-05 14:39:43.575,0 days 00:53:06.971000,10,63.3858333333327,0 days 00:00:14.442000,11010.0,96.0,1,67.0,False,0,car,970.6369444444448,0.16795282718915783,OnTrack,-158.86583338396366,8728.717678202422,1923.9721482789237
2026-09-05 14:39:43.739,0 days 00:53:07.135000,10,67.44027777777703,0 days 00:00:14.606000,10548.75,102.15,1,67.68333333333334,False,0,pos,975.3456265261341,0.16876758750966808,OnTrack,-169.0,8774.0,1924.0
2026-09-05 14:39:43.815,0 days 00:53:07.211000,10,69.31916666666586,0 days 00:00:14.682000,10335.0,105.0,2,68.0,False,0,car,977.6369444444448,0.16916406255069355,OnTrack,-173.4298650647493,8791.85225026506,1924.3557438033783
2026-09-05 14:39:43.939,0 days 00:53:07.335000,10,72.35027777777701,0 days 00:00:14.806000,10826.7375,110.425,2,73.425,False,0,pos,981.557355877164,0.1698424255448476,OnTrack,-184.0,8832.0,1925.0
2026-09-05 14:39:44.099,0 days 00:53:07.495000,10,76.26138888888816,0 days 00:00:14.966000,11461.2375,117.425,2,80.425,False,0,pos,986.9495871811881,0.1707754628638496,OnTrack,-209.0,8927.0,1925.0
2026-09-05 14:39:44.135,0 days 00:53:07.531000,10,77.14138888888817,0 days 00:00:15.002000,11604.0,119.0,2,82.0,False,0,car,988.2147222222226,0.17099437376368087,OnTrack,-213.09002146624726,8942.394898880608,1924.9690550927314
2026-09-05 14:39:44.415,0 days 00:53:07.811000,10,83.5969444444437,0 days 00:00:15.282000,10764.0,135.0,2,92.0,False,0,car,998.7147222222226,0.17281122680598449,OnTrack,-225.73917705888616,8988.030212949378,1924.9901872923615
2026-09-05 14:39:44.419,0 days 00:53:07.815000,10,83.68249999999925,0 days 00:00:15.286000,10774.57142857143,135.22857142857143,2,92.11428571428571,False,0,pos,998.8734866699099,0.17283869839358357,OnTrack,-226.0,8989.0,1925.0
2026-09-05 14:39:44.679,0 days 00:53:08.075000,10,89.24361111111018,0 days 00:00:15.546000,11461.714285714286,150.0857142857143,2,99.54285714285714,False,0,pos,1009.7509182263062,0.17472085978555382,OnTrack,-252.0,9088.0,1926.0
2026-09-05 14:39:44.695,0 days 00:53:08.091000,10,89.5858333333324,0 days 00:00:15.562000,11504.0,151.0,3,100.0,False,0,car,1010.459166666667,0.17484341057922775,OnTrack,-253.78080221599663,9094.897749274081,1926.037758513348
2026-09-05 14:39:44.959,0 days 00:53:08.355000,10,94.71916666666574,0 days 00:00:15.826000,11070.285714285714,167.02857142857144,3,100.0,False,0,pos,1022.7540338051535,0.17697083598544466,OnTrack,-282.0,9206.0,1926.0
2026-09-05 14:39:44.975,0 days 00:53:08.371000,10,95.03027777777686,0 days 00:00:15.842000,11044.0,168.0,3,100.0,False,0,car,1023.5258333333337,0.17710438325409444,OnTrack,-283.5025737670109,9212.000767880972,1925.9691517193314
2026-09-05 14:39:45.159,0 days 00:53:08.555000,10,98.40361111110995,0 days 00:00:16.026000,11044.0,177.2,3,100.0,False,0,pos,1032.6021813487414,0.17867489663550395,OnTrack,-304.0,9296.0,1926.0
2026-09-05 14:39:45.175,0 days 00:53:08.571000,10,98.69694444444326,0 days 00:00:16.042000,11044.0,178.0,4,100.0,False,0,car,1033.4147222222227,0.1788154935267402,OnTrack,-306.98390158417305,9308.531274946128,1926.1362977594936
2026-09-05 14:39:45.319,0 days 00:53:08.715000,10,101.17694444444335,0 days 00:00:16.186000,11405.44,185.2,4,100.0,False,0,pos,1040.9036954046571,0.1801113376896198,OnTrack,-339.0,9444.0,1928.0
2026-09-05 14:39:45.375,0 days 00:53:08.771000,10,102.14138888888783,0 days 00:00:16.242000,11546.0,188.0,4,100.0,False,0,car,1043.859166666667,0.18062273358998396,OnTrack,-348.0100204801319,9482.292571028669,1928.4431638374815
2026-09-05 14:39:45.535,0 days 00:53:08.931000,10,104.80805555555457,0 days 00:00:16.402000,12034.0,192.0,4,100.0,False,0,car,1052.3925000000004,0.18209928717357038,OnTrack,-358.658201728263,9528.181653215659,1928.395034053193
2026-09-05 14:39:45.735,0 days 00:53:09.131000,10,107.91916666666611,0 days 00:00:16.602000,11474.0,201.0,4,100.0,False,0,car,1063.559166666667,0.18403149596459165,OnTrack,-368.6155990820451,9590.602486700078,1927.9928781175477
2026-09-05 14:39:45.739,0 days 00:53:09.135000,10,107.97361111111056,0 days 00:00:16.606000,11474.527272727273,201.1727272727273,4,100.0,False,0,pos,1063.7900554480457,0.18407144748696133,OnTrack,-369.0,9593.0,1928.0
2026-09-05 14:39:45.959,0 days 00:53:09.355000,10,110.96805555555486,0 days 00:00:16.826000,11503.527272727273,210.6727272727273,4,100.0,False,0,pos,1076.978137785844,0.18635342915530226,OnTrack,-396.0,9764.0,1929.0
2026-09-05 14:39:46.175,0 days 00:53:09.571000,10,113.90805555555471,0 days 00:00:17.042000,11532.0,220.0,5,100.0,False,0,car,1090.4480555555558,0.18868417782953842,OnTrack,-408.3572319927915,9863.611982604572,1929.6744457163397
2026-09-05 14:39:46.279,0 days 00:53:09.675000,10,115.23694444444367,0 days 00:00:17.146000,11671.1,223.03333333333333,5,100.0,False,0,pos,1096.97950699941,0.18981433853681695,OnTrack,-412.0,9908.0,1930.0
2026-09-05 14:39:46.415,0 days 00:53:09.811000,10,116.97472222222154,0 days 00:00:17.282000,11853.0,227.0,5,100.0,False,0,car,1105.581388888889,0.19130275332542993,OnTrack,-417.25627332948477,9981.610001403791,1930.5566584750106
2026-09-05 14:39:46.519,0 days 00:53:09.915000,10,118.27472222222154,0 days 00:00:17.386000,11563.533333333333,229.16666666666666,5,100.0,False,0,pos,1112.2207517470217,0.19245158633569237,OnTrack,-421.0,10058.0,1931.0
2026-09-05 14:39:46.655,0 days 00:53:10.051000,10,119.97472222222154,0 days 00:00:17.522000,11185.0,232.0,5,100.0,False,0,car,1121.0480555555555,0.19397900669568027,OnTrack,-424.8510684138905,10192.694907329069,1931.5166629861
2026-09-05 14:39:46.779,0 days 00:53:10.175000,10,121.35249999999924,0 days 00:00:17.646000,11117.488888888889,236.4777777777778,5,100.0,False,0,pos,1129.319315361616,0.19541021274733025,OnTrack,-427.0,10318.0,1932.0
2026-09-05 14:39:47.015,0 days 00:53:10.411000,10,123.97472222222132,0 days 00:00:17.882000,10989.0,245.0,6,100.0,False,0,car,1145.5480555555557,0.1982183304610554,OnTrack,-426.71225217157297,10486.1741049155,1933.1307424628858
2026-09-05 14:39:47.219,0 days 00:53:10.615000,10,125.95805520198005,0 days 00:00:18.086000,11241.869035700227,250.68245024045456,6,100.0,False,0,pos,1159.9206292781673,0.20070526896521343,OnTrack,-424.0,10592.0,1934.0
2026-09-05 14:39:47.374,0 days 00:53:10.770000,10,127.46499999999924,0 days 00:00:18.241000,11434.0,255.0,6,100.0,False,0,car,1170.9772222222223,0.2026184313012057,OnTrack,-421.5884451433307,10666.798606327102,1934.4132982634428
2026-09-05 14:39:47.574,0 days 00:53:10.970000,10,129.2983333333325,0 days 00:00:18.441000,11636.0,259.0,6,100.0,False,0,car,1185.3661111111112,0.20510819287769583,OnTrack,-414.59866714720863,10795.554214664533,1934.9076362715057
2026-09-05 14:39:47.599,0 days 00:53:10.995000,10,129.50666613333246,0 days 00:00:18.466000,11592.0417792,259.520832,6,100.0,False,0,pos,1187.1820654713015,0.2054224140399812,OnTrack,-413.0,10819.0,1935.0
2026-09-05 14:39:47.814,0 days 00:53:11.210000,10,131.29833333333227,0 days 00:00:18.681000,11214.0,264.0,6,100.0,False,0,car,1202.9661111111113,0.20815358464384282,OnTrack,-394.78210870605034,11059.578438422692,1935.93239221269
2026-09-05 14:39:47.839,0 days 00:53:11.235000,10,131.49277727999893,0 days 00:00:18.706000,11124.75022848,264.49999872,6,100.0,False,0,pos,1204.8170208971321,0.20847385427010579,OnTrack,-393.0,11081.0,1936.0
2026-09-05 14:39:48.014,0 days 00:53:11.410000,10,132.85388888888792,0 days 00:00:18.881000,10500.0,268.0,7,100.0,False,0,car,1217.8550000000002,0.21072986303187122,OnTrack,-384.866616313388,11161.759337196572,1936.0746719528038
2026-09-05 14:39:48.139,0 days 00:53:11.535000,10,133.7566662044435,0 days 00:00:19.006000,10620.3124384,270.3437488,7,100.0,False,0,pos,1227.2524441584846,0.2123559368422732,OnTrack,-378.0,11214.0,1936.0
2026-09-05 14:39:48.174,0 days 00:53:11.570000,10,134.0094444444435,0 days 00:00:19.041000,10654.0,271.0,7,100.0,False,0,car,1229.8994444444447,0.21281395689203744,OnTrack,-375.25950041118256,11235.75582345471,1935.9945493451958
2026-09-05 14:39:48.339,0 days 00:53:11.735000,10,135.10944401777675,0 days 00:00:19.206000,10814.187437866667,273.74999893333336,7,100.0,False,0,pos,1242.4772573074756,0.2149903414221063,OnTrack,-359.0,11364.0,1936.0
2026-09-05 14:39:48.414,0 days 00:53:11.810000,10,135.6094444444434,0 days 00:00:19.281000,10887.0,275.0,7,100.0,False,0,car,1248.232777777778,0.21598623998177388,OnTrack,-351.35932214663285,11418.955159505815,1935.9557778249039
2026-09-05 14:39:48.614,0 days 00:53:12.010000,10,136.83166666666534,0 days 00:00:19.481000,10992.0,278.0,7,100.0,False,0,car,1263.6772222222226,0.21865864816040037,OnTrack,-326.968861027389,11561.524566205077,1935.8495459441706
2026-09-05 14:39:48.678,0 days 00:53:12.074000,10,137.187222222221,0 days 00:00:19.545000,11042.4,279.2,7,100.0,False,0,pos,1268.6593826967503,0.21952072943805662,OnTrack,-314.0,11621.0,1936.0
2026-09-05 14:39:48.774,0 days 00:53:12.170000,10,137.72055555555448,0 days 00:00:19.641000,11118.0,281.0,7,100.0,False,0,car,1276.1661111111111,0.220819645853045,OnTrack,-288.8906993369155,11726.495003796568,1936.4376063132695
2026-09-05 14:39:48.898,0 days 00:53:12.294000,10,138.3749986488878,0 days 00:00:19.765000,11166.0499008,282.5499968,7,100.0,False,0,pos,1285.9073942988414,0.2225052153764325,OnTrack,-254.0,11863.0,1937.0
2026-09-05 14:39:48.934,0 days 00:53:12.330000,10,138.56499999999892,0 days 00:00:19.801000,11180.0,283.0,7,100.0,False,0,car,1288.743888888889,0.2229960243121854,OnTrack,-245.32551580347362,11895.220465090179,1937.0640036712157
2026-09-05 14:39:49.134,0 days 00:53:12.530000,10,139.5649999999987,0 days 00:00:20.001000,11248.0,285.0,7,100.0,False,0,car,1304.5772222222224,0.22573572334423053,OnTrack,-209.07925076431152,12013.530758769144,1936.6075497913093
2026-09-05 14:39:49.319,0 days 00:53:12.715000,10,140.33583306666546,0 days 00:00:20.186000,11324.8905984,287.3124992,7,100.0,False,0,pos,1319.3894299662193,0.22829873331593661,OnTrack,-176.0,12105.0,1936.0
2026-09-05 14:39:49.454,0 days 00:53:12.850000,10,140.89833333333218,0 days 00:00:20.321000,11381.0,289.0,7,100.0,False,0,car,1330.2661111111113,0.23018076486148548,OnTrack,-140.922586439377,12198.12400684616,1935.9277253147882
2026-09-05 14:39:49.479,0 days 00:53:12.875000,10,140.98861087999887,0 days 00:00:20.346000,11388.4999808,289.24999936,7,100.0,False,0,pos,1332.2837411320086,0.23052988269402933,OnTrack,-130.0,12224.0,1936.0
2026-09-05 14:39:49.639,0 days 00:53:13.035000,10,141.56638865777677,0 days 00:00:20.506000,11436.4999808,290.84999936,7,100.0,False,0,pos,1345.2187959630082,0.23276808209613079,OnTrack,-30.0,12444.0,1937.0
2026-09-05 14:39:49.654,0 days 00:53:13.050000,10,141.62055555555457,0 days 00:00:20.521000,11441.0,291.0,7,100.0,False,0,car,1346.4327777777778,0.2329781417678894,OnTrack,-21.25250416024573,12462.414744170625,1937.079029188044
2026-09-05 14:39:49.855,0 days 00:53:13.251000,10,142.346388888888,0 days 00:00:20.722000,11522.0,292.0,7,100.0,False,0,car,1362.736111111111,0.23579916660278047,OnTrack,63.16611854857761,12624.788282122627,1937.4701034683173
2026-09-05 14:39:50.059,0 days 00:53:13.455000,10,142.96972222222138,0 days 00:00:20.926000,11571.0875,293.9125,7,100.0,False,0,pos,1379.441634668838,0.2386897838693643,OnTrack,120.0,12714.0,1937.0
2026-09-05 14:39:50.175,0 days 00:53:13.571000,10,143.32416666666586,0 days 00:00:21.042000,11599.0,295.0,7,100.0,False,0,car,1388.9583333333333,0.24033649271900953,OnTrack,152.59822717811554,12764.293596821026,1936.5025059349018
2026-09-05 14:39:50.375,0 days 00:53:13.771000,10,143.93527777777695,0 days 00:00:21.242000,10759.0,295.0,7,100.0,False,0,car,1405.3472222222222,0.24317232154165272,OnTrack,218.38717823005473,12860.7458121488,1935.991678886287
2026-09-05 14:39:50.379,0 days 00:53:13.775000,10,143.94527777777694,0 days 00:00:21.246000,10752.971428571429,295.0285714285714,7,100.0,False,0,pos,1405.6758270249518,0.24322918122122938,OnTrack,220.0,12863.0,1936.0
2026-09-05 14:39:50.655,0 days 00:53:14.051000,10,144.63527777777722,0 days 00:00:21.522000,10337.0,297.0,8,100.0,False,0,car,1428.447222222222,0.24716939823472062,OnTrack,356.26370975421077,13042.624078634208,1937.8259071944942
2026-09-05 14:39:50.699,0 days 00:53:14.095000,10,144.73305555555496,0 days 00:00:21.566000,10366.975,297.275,8,100.0,False,0,pos,1432.0865657068314,0.24779912702348253,OnTrack,380.0,13071.0,1938.0
2026-09-05 14:39:50.815,0 days 00:53:14.211000,10,144.9908333333326,0 days 00:00:21.682000,10446.0,298.0,8,100.0,False,0,car,1441.6916666666666,0.24946113244257873,OnTrack,443.44475689222185,13142.195406686133,1938.0654727881204
2026-09-05 14:39:50.899,0 days 00:53:14.295000,10,145.17749999999927,0 days 00:00:21.766000,10463.4,298.3,8,100.0,False,0,pos,1448.661128078668,0.2506670836015894,OnTrack,491.0,13192.0,1938.0
2026-09-05 14:39:51.095,0 days 00:53:14.491000,10,145.61305555555487,0 days 00:00:21.962000,10504.0,299.0,8,100.0,False,0,car,1464.9472222222223,0.25348512547701413,OnTrack,608.5444437193444,13305.744830378324,1938.0023575912585
2026-09-05 14:39:51.099,0 days 00:53:14.495000,10,145.62194444444376,0 days 00:00:21.966000,10504.35,299.0,8,100.0,False,0,pos,1465.279407488999,0.25354260469725715,OnTrack,611.0,13308.0,1938.0
2026-09-05 14:39:51.255,0 days 00:53:14.651000,10,145.96861111111025,0 days 00:00:22.122000,10518.0,299.0,8,100.0,False,0,car,1478.2361111111113,0.25578455006812006,OnTrack,708.0616606715015,13393.563902369182,1937.8770605096538
2026-09-05 14:39:51.299,0 days 00:53:14.695000,10,146.01749999999913,0 days 00:00:22.166000,10521.807692307691,299.16923076923075,8,100.0,False,0,pos,1481.8984493068513,0.25641825771506055,OnTrack,736.0,13417.0,1938.0
2026-09-05 14:39:51.459,0 days 00:53:14.855000,10,146.1952777777769,0 days 00:00:22.326000,10535.653846153846,299.7846153846154,8,100.0,False,0,pos,1495.2543348842003,0.25872927498590487,OnTrack,840.0,13500.0,1939.0
2026-09-05 14:39:51.639,0 days 00:53:15.035000,10,146.39527777777693,0 days 00:00:22.506000,10551.23076923077,300.4769230769231,8,100.0,False,0,pos,1510.3299450037216,0.261337862424975,OnTrack,961.0,13589.0,1939.0
2026-09-05 14:39:51.775,0 days 00:53:15.171000,10,146.54638888888803,0 days 00:00:22.642000,10563.0,301.0,8,100.0,False,0,car,1521.713888888889,0.2633076674803253,OnTrack,1051.1027336246743,13651.133349703507,1939.508708747265
2026-09-05 14:39:51.879,0 days 00:53:15.275000,10,146.6619444444435,0 days 00:00:22.746000,10576.52,301.0,8,100.0,False,0,pos,1530.4135431848958,0.2648130001826767,OnTrack,1128.0,13700.0,1940.0
2026-09-05 14:39:52.175,0 days 00:53:15.571000,10,146.99083333333215,0 days 00:00:23.042000,10615.0,301.0,8,100.0,False,0,car,1555.1583333333335,0.26909468087432936,OnTrack,1393.764943916663,13849.308749343378,1940.9745355491975
2026-09-05 14:39:52.179,0 days 00:53:15.575000,10,146.99527777777658,0 days 00:00:23.046000,10614.94,301.0,8,100.0,False,0,pos,1555.4927526279523,0.2691525466565039,OnTrack,1397.0,13851.0,1941.0
2026-09-05 14:39:52.375,0 days 00:53:15.771000,10,147.21305555555432,0 days 00:00:23.242000,10612.0,301.0,8,100.0,False,0,car,1571.8805555555557,0.2719881875713314,OnTrack,1531.9661318388532,13917.062584156512,1942.8803368476713
2026-09-05 14:39:52.535,0 days 00:53:15.931000,10,147.39083333333224,0 days 00:00:23.402000,10598.0,301.0,8,100.0,False,0,car,1585.2583333333334,0.274302992928933,OnTrack,1636.1778135631025,13962.787425983928,1943.9907118136778
2026-09-05 14:39:52.539,0 days 00:53:15.935000,10,147.3963888888878,0 days 00:00:23.406000,10598.0375,301.0,8,100.0,False,0,pos,1585.592851564143,0.27436087583039515,OnTrack,1639.0,13964.0,1944.0
2026-09-05 14:39:52.699,0 days 00:53:16.095000,10,147.61861111111008,0 days 00:00:23.566000,10599.5375,301.0,8,100.0,False,0,pos,1598.9777563949744,0.27667691440780845,OnTrack,1763.0,14015.0,1944.0
2026-09-05 14:39:52.855,0 days 00:53:16.251000,10,147.8352777777768,0 days 00:00:23.722000,10601.0,301.0,8,100.0,False,0,car,1612.013888888889,0.27893260364413625,OnTrack,1916.5921686391055,14068.053174572498,1945.0831035174556
2026-09-05 14:39:53.039,0 days 00:53:16.435000,10,148.1930555555549,0 days 00:00:23.906000,10590.485714285714,300.34285714285716,8,100.0,False,0,pos,1627.348003896423,0.2815859211205622,OnTrack,2097.0,14123.0,1947.0
2026-09-05 14:39:53.135,0 days 00:53:16.531000,10,148.37972222222174,0 days 00:00:24.002000,10585.0,300.0,8,100.0,False,0,car,1635.347222222222,0.2829700548492553,OnTrack,2168.315037340236,14142.673470136724,1947.6837121785343
2026-09-05 14:39:53.399,0 days 00:53:16.795000,10,148.9663888888883,0 days 00:00:24.266000,10500.025,300.0,8,100.0,False,0,pos,1657.360115592054,0.28677902554343476,OnTrack,2324.0,14178.0,1949.0
2026-09-05 14:39:53.455,0 days 00:53:16.851000,10,149.09083333333274,0 days 00:00:24.322000,10482.0,300.0,8,100.0,False,0,car,1662.0138888888887,0.28758428479796283,OnTrack,2362.3848232631453,14186.145926196965,1949.3542387504738
2026-09-05 14:39:53.659,0 days 00:53:17.055000,10,149.6574999999993,0 days 00:00:24.526000,10470.1,298.3,8,100.0,False,0,pos,1678.9030028720485,0.2905066693810215,OnTrack,2536.0,14220.0,1951.0
2026-09-05 14:39:53.695,0 days 00:53:17.091000,10,149.75749999999925,0 days 00:00:24.562000,10468.0,298.0,8,100.0,False,0,car,1681.8805555555555,0.29102188610975,OnTrack,2575.7346662198443,14226.785483833162,1951.364428240475
2026-09-05 14:39:53.859,0 days 00:53:17.255000,10,150.21305546415826,0 days 00:00:24.726000,10473.655171279213,298.0,8,100.0,False,0,pos,1695.448721016022,0.29336963493787643,OnTrack,2765.0,14257.0,1953.0
2026-09-05 14:39:54.014,0 days 00:53:17.410000,10,150.64361111111066,0 days 00:00:24.881000,10479.0,298.0,8,100.0,False,0,car,1708.2866666666664,0.295591031186667,OnTrack,2868.0540957151115,14272.69924240241,1953.5413009165477
2026-09-05 14:39:54.159,0 days 00:53:17.555000,10,151.00611095111054,0 days 00:00:25.026000,10499.390616,298.4531248,8,100.0,False,0,pos,1720.3162455538231,0.2976725528055968,OnTrack,2945.0,14283.0,1954.0
2026-09-05 14:39:54.334,0 days 00:53:17.730000,10,151.44361111111039,0 days 00:00:25.201000,10524.0,299.0,8,100.0,False,0,car,1734.8644444444442,0.3001898803688789,OnTrack,3081.6115961899613,14299.718666556582,1955.6251595553958
2026-09-05 14:39:54.479,0 days 00:53:17.875000,10,148.47698626311123,0 days 00:00:25.346000,10539.7083264,299.6041664,8,100.0,False,0,pos,1746.946729571448,0.30228052193944804,OnTrack,3209.0,14314.0,1957.0
2026-09-05 14:39:54.574,0 days 00:53:17.970000,3,146.53333333333399,0 days 00:00:25.441000,10550.0,300.0,8,100.0,False,0,car,1754.864444444444,0.3036505528304095,OnTrack,3290.2447440352416,14322.265461636864,1957.55631454909
2026-09-05 14:39:54.679,0 days 00:53:18.075000,3,142.45000248888942,0 days 00:00:25.546000,10555.9062464,300.0,8,100.0,False,0,pos,1763.6101933965479,0.3051638614581098,OnTrack,3374.0,14330.0,1958.0
2026-09-05 14:39:54.734,0 days 00:53:18.130000,3,140.3111111111116,0 days 00:00:25.601000,10559.0,300.0,8,100.0,False,0,car,1768.1977777777772,0.30595766780476324,OnTrack,3413.5017648219978,14333.282420984011,1958.2278079505816
2026-09-05 14:39:54.859,0 days 00:53:18.255000,3,135.10278044444493,0 days 00:00:25.726000,10566.986107022221,300.6944440888889,8,100.0,False,0,pos,1778.655062952484,0.30776712974608733,OnTrack,3524.0,14342.0,1959.0
2026-09-05 14:39:55.019,0 days 00:53:18.415000,3,128.43611377777825,0 days 00:00:25.886000,10577.208329244444,301.5833329777778,8,100.0,False,0,pos,1792.0917838402677,0.31009213424356863,OnTrack,3774.0,14363.0,1961.0
2026-09-05 14:39:55.094,0 days 00:53:18.490000,3,125.31111111111159,0 days 00:00:25.961000,10582.0,302.0,8,100.0,False,0,car,1798.3977777777773,0.31118328322167454,OnTrack,3855.371448173983,14369.858937787498,1961.569901780523
2026-09-05 14:39:55.374,0 days 00:53:18.770000,3,113.10000000000036,0 days 00:00:26.241000,10620.0,303.0,8,100.0,False,0,car,1821.964444444444,0.3152611089388449,OnTrack,3962.4861552800344,14378.90989628743,1961.897764733609
2026-09-05 14:39:55.398,0 days 00:53:18.794000,3,112.02666666666703,0 days 00:00:26.265000,10622.775,303.0,8,100.0,False,0,pos,1823.9841242602788,0.3156105814548333,OnTrack,3975.0,14380.0,1962.0
2026-09-05 14:39:55.694,0 days 00:53:19.090000,3,98.78888888888923,0 days 00:00:26.561000,10657.0,303.0,8,100.0,False,0,car,1848.8977777777775,0.3199214811870395,OnTrack,4208.759590400911,14399.687061949444,1963.9902856123301
2026-09-05 14:39:55.699,0 days 00:53:19.095000,3,98.55833628444479,0 days 00:00:26.566000,10657.52499328,303.02499968,8,100.0,False,0,pos,1849.3192748767215,0.319994414357186,OnTrack,4213.0,14400.0,1964.0
2026-09-05 14:39:55.819,0 days 00:53:19.215000,3,93.02500295111149,0 days 00:00:26.686000,10670.12499328,303.62499968,8,100.0,False,0,pos,1859.444652235568,0.3217464450866043,OnTrack,4314.0,14407.0,1964.0
2026-09-05 14:39:55.894,0 days 00:53:19.290000,3,89.56666666666706,0 days 00:00:26.761000,10678.0,304.0,8,100.0,False,0,car,1865.7866666666664,0.322843826821221,OnTrack,4378.901640292428,14411.520278266313,1964.2093007123647
2026-09-05 14:39:56.139,0 days 00:53:19.535000,3,77.24861254123498,0 days 00:00:27.006000,10699.111108660116,305.11111098211137,8,100.0,False,0,pos,1886.5927137746544,0.3264439725342172,OnTrack,4596.0,14427.0,1966.0
2026-09-05 14:39:56.299,0 days 00:53:19.695000,3,69.2041669293425,0 days 00:00:27.166000,10712.89795873349,305.8367346701837,8,100.0,False,0,pos,1900.2094409876236,0.32880012417832205,OnTrack,4731.0,14436.0,1967.0
2026-09-05 14:39:56.335,0 days 00:53:19.731000,3,67.3941666666667,0 days 00:00:27.202000,10716.0,306.0,8,100.0,False,0,car,1903.2716666666665,0.32932999218224485,OnTrack,4761.2427251729405,14437.678350675988,1967.0726050220744
2026-09-05 14:39:56.459,0 days 00:53:19.855000,3,60.91861111111121,0 days 00:00:27.326000,10729.64,306.0,8,100.0,False,0,pos,1913.8150085171435,0.3311543448219673,OnTrack,4866.0,14443.0,1967.0
2026-09-05 14:39:56.559,0 days 00:53:19.955000,3,55.69638888888904,0 days 00:00:27.426000,10740.64,306.0,8,100.0,False,0,pos,1922.3130124701681,0.3326247852348779,OnTrack,4951.0,14448.0,1967.0
2026-09-05 14:39:56.735,0 days 00:53:20.131000,3,46.50527777777802,0 days 00:00:27.602000,10760.0,306.0,8,100.0,False,0,car,1937.2716666666663,0.33521313536684694,OnTrack,5092.957764825019,14455.319404674114,1967.001117549748
2026-09-05 14:39:56.799,0 days 00:53:20.195000,3,43.074166666666926,0 days 00:00:27.666000,10759.36,306.0,8,100.0,False,0,pos,1942.7129300139095,0.33615465687793394,OnTrack,5154.0,14458.0,1967.0
2026-09-05 14:39:56.935,0 days 00:53:20.331000,3,35.78305555555585,0 days 00:00:27.802000,10758.0,306.0,8,100.0,False,0,car,1954.2716666666663,0.338154706959148,OnTrack,5312.898383145667,14464.355479322769,1967.0016641858588
2026-09-05 14:39:57.135,0 days 00:53:20.531000,3,24.783055555555848,0 days 00:00:28.002000,11106.0,306.0,8,100.0,False,0,car,1971.2716666666663,0.34109627855144903,OnTrack,5544.212375603875,14473.244055090749,1967.0017872854892
2026-09-05 14:39:57.159,0 days 00:53:20.555000,3,23.449722222222512,0 days 00:00:28.026000,11037.6,305.775,8,100.0,False,0,pos,1973.3252905968031,0.3414516245405173,OnTrack,5562.0,14474.0,1967.0
2026-09-05 14:39:57.399,0 days 00:53:20.795000,3,10.116388888889139,0 days 00:00:28.266000,10353.6,303.525,8,100.0,False,0,pos,1993.7522272930685,0.34498617140542703,OnTrack,5662.0,14479.0,1967.0
2026-09-05 14:39:57.455,0 days 00:53:20.851000,3,7.005277777778019,0 days 00:00:28.322000,10194.0,303.0,8,100.0,True,0,car,1998.2049999999997,0.3457566507996437,OnTrack,5696.4590837554815,14480.374311601265,1967.0312474819827
2026-09-05 14:39:57.679,0 days 00:53:21.075000,3,46.372240740741184,0 days 00:00:28.546000,9742.266666666666,261.93333333333334,8,6.666666666666667,True,0,pos,2014.4009027843479,0.34855908653741474,OnTrack,5883.0,14487.0,1967.0
2026-09-05 14:39:57.695,0 days 00:53:21.091000,30,49.184166666667124,0 days 00:00:28.562000,9710.0,259.0,8,0.0,True,0,car,2015.4716666666666,0.34874436469143183,OnTrack,5895.407390964326,14487.451071654987,1966.9543943972515
2026-09-05 14:39:57.919,0 days 00:53:21.315000,30,42.65083333333388,0 days 00:00:28.786000,10263.84,233.24,8,0.0,True,0,pos,2029.3481517070686,0.35114546317353995,OnTrack,6049.0,14493.0,1966.0
2026-09-05 14:39:58.095,0 days 00:53:21.491000,30,37.51750000000061,0 days 00:00:28.962000,10699.0,213.0,8,0.0,True,0,car,2039.138333333333,0.3528394937709098,OnTrack,6159.736314318035,14496.110139784607,1965.9716570212631
2026-09-05 14:39:58.139,0 days 00:53:21.535000,30,36.49083333333391,0 days 00:00:29.006000,10796.42857142857,208.28571428571428,8,0.0,True,0,pos,2041.472032278759,0.3532433021546067,OnTrack,6186.0,14497.0,1966.0
2026-09-05 14:39:58.299,0 days 00:53:21.695000,30,32.75750000000046,0 days 00:00:29.166000,11150.714285714286,191.14285714285714,8,0.0,True,0,pos,2049.6077029470302,0.35465104672649517,OnTrack,6276.0,14501.0,1966.0
2026-09-05 14:39:58.375,0 days 00:53:21.771000,30,30.98416666666708,0 days 00:00:29.242000,11319.0,183.0,8,0.0,True,0,car,2053.3716666666664,0.3553023390060324,OnTrack,6315.975703938776,14503.116784457367,1965.8366473788171
2026-09-05 14:39:58.535,0 days 00:53:21.931000,30,27.60638888888934,0 days 00:00:29.402000,10256.0,173.0,7,0.0,True,0,car,2061.0605555555553,0.35663277530790977,OnTrack,6394.548645617237,14508.255656463538,1965.2083636502027
2026-09-05 14:39:58.599,0 days 00:53:21.995000,30,26.930833333333794,0 days 00:00:29.466000,10157.066666666668,169.0,7,0.0,True,0,pos,2063.9025235054746,0.35712453131895167,OnTrack,6424.0,14511.0,1965.0
2026-09-05 14:39:59.255,0 days 00:53:22.651000,30,20.006388888889433,0 days 00:00:30.122000,9143.0,128.0,3,0.0,True,0,car,2086.660555555555,0.361062436058669,OnTrack,6668.7343341948545,14564.491989121096,1964.2686764172768
2026-09-05 14:39:59.319,0 days 00:53:22.715000,30,19.526388888889382,0 days 00:00:30.186000,9344.333333333334,125.33333333333333,3,0.0,True,0,pos,2088.76341762051,0.3614263019005984,OnTrack,6689.0,14572.0,1964.0
2026-09-05 14:39:59.495,0 days 00:53:22.891000,30,18.20638888888925,0 days 00:00:30.362000,9898.0,118.0,3,0.0,True,0,car,2094.527222222222,0.36242363389353777,OnTrack,6742.14114973771,14594.672090795413,1963.0749302405425
2026-09-05 14:39:59.519,0 days 00:53:22.915000,30,18.093055555555928,0 days 00:00:30.386000,9913.085714285715,117.57142857142857,3,0.0,True,0,pos,2095.2976969825327,0.3625569519328033,OnTrack,6749.0,14598.0,1963.0
2026-09-05 14:39:59.719,0 days 00:53:23.115000,30,17.148611111111585,0 days 00:00:30.586000,10038.8,114.0,3,0.0,True,0,pos,2101.576746640967,0.36364343864467963,OnTrack,6802.0,14628.0,1963.0
2026-09-05 14:39:59.775,0 days 00:53:23.171000,30,16.88416666666717,0 days 00:00:30.642000,10074.0,113.0,2,0.0,True,0,car,2103.316111111111,0.36394440718079923,OnTrack,6815.417073865349,14637.154098102194,1963.0456465786847
2026-09-05 14:39:59.935,0 days 00:53:23.331000,30,16.261944444444907,0 days 00:00:30.802000,9977.0,111.0,2,0.0,False,0,car,2108.249444444444,0.36479803972131014,OnTrack,6850.721587125054,14667.194907387262,1963.0784595260263
2026-09-05 14:39:59.979,0 days 00:53:23.375000,30,16.139722222222712,0 days 00:00:30.846000,9965.175,110.175,2,7.425,False,0,pos,2109.57930529285,0.3650281503620974,OnTrack,6860.0,14678.0,1963.0
2026-09-05 14:40:00.095,0 days 00:53:23.491000,30,15.817500000000564,0 days 00:00:30.962000,9934.0,108.0,2,27.0,False,0,car,2113.0494444444444,0.36562860111207757,OnTrack,6883.771576716131,14712.607266975758,1962.5773959966782
2026-09-05 14:40:00.219,0 days 00:53:23.615000,30,15.438611111111726,0 days 00:00:31.086000,10179.2875,108.775,2,35.137499999999996,False,0,pos,2116.789028341542,0.36627567486259105,OnTrack,6906.0,14752.0,1962.0
2026-09-05 14:40:00.415,0 days 00:53:23.811000,30,14.839722222222917,0 days 00:00:31.282000,10567.0,110.0,2,48.0,False,0,car,2122.827222222222,0.36732048542660367,OnTrack,6929.774672170122,14802.672428310181,1961.3174733557073
2026-09-05 14:40:00.599,0 days 00:53:23.995000,30,14.021944444445326,0 days 00:00:31.466000,10900.04,115.52,2,63.64,False,0,pos,2128.739460716868,0.3683435014738248,OnTrack,6951.0,14847.0,1961.0
2026-09-05 14:40:00.615,0 days 00:53:24.011000,30,13.95083333333423,0 days 00:00:31.482000,10929.0,116.0,2,65.0,False,0,car,2129.2716666666665,0.3684355909975413,OnTrack,6953.294457502348,14851.124049963479,1960.9900449938134
2026-09-05 14:40:00.779,0 days 00:53:24.175000,30,12.766389160590316,0 days 00:00:31.646000,10058.448228370298,121.29032136709473,2,47.95340892825028,False,0,pos,2134.9168999769163,0.3694124061703263,OnTrack,6983.0,14896.0,1961.0
2026-09-05 14:40:00.894,0 days 00:53:24.290000,30,11.935833333334358,0 days 00:00:31.761000,9448.0,125.0,2,36.0,False,0,car,2138.9591666666665,0.3701118542210952,OnTrack,7015.469143726684,14930.583064847742,1961.0066816034107
2026-09-05 14:40:01.059,0 days 00:53:24.455000,30,10.790000444445528,0 days 00:00:31.926000,9560.553527771428,125.58928548571429,2,37.767856457142855,False,0,pos,2144.743508023633,0.3711127397632025,OnTrack,7067.0,14976.0,1961.0
2026-09-05 14:40:01.174,0 days 00:53:24.570000,30,9.991388888890015,0 days 00:00:32.041000,9639.0,126.0,3,39.0,False,0,car,2148.7591666666663,0.3718075837272452,OnTrack,7094.158262856075,14996.626152688357,1961.0014305102625
2026-09-05 14:40:01.339,0 days 00:53:24.735000,30,8.983055946667834,0 days 00:00:32.206000,9858.44991488,126.0,3,44.77499776,False,0,pos,2154.5156391494993,0.3728036470170901,OnTrack,7131.0,15019.0,1961.0
2026-09-05 14:40:01.374,0 days 00:53:24.770000,30,8.769166666667843,0 days 00:00:32.241000,9905.0,126.0,3,46.0,False,0,car,2155.7591666666663,0.37301881908878093,OnTrack,7140.6530209836765,15024.418391941646,1960.9966196656935
2026-09-05 14:40:01.574,0 days 00:53:24.970000,30,7.380277777778701,0 days 00:00:32.441000,10028.0,132.0,3,61.0,False,0,car,2163.0924999999997,0.37428773232467555,OnTrack,7205.316242083872,15057.26525828143,1960.9977714720683
2026-09-05 14:40:01.579,0 days 00:53:24.975000,30,7.346944871112043,0 days 00:00:32.446000,10048.7497344,132.14999808,3,61.34999552,False,0,pos,2163.2807165494387,0.3743203001161479,OnTrack,7207.0,15058.0,1961.0
2026-09-05 14:40:01.739,0 days 00:53:25.135000,30,6.280278204445619,0 days 00:00:32.606000,10712.7497344,136.94999808,3,72.54999552,False,0,pos,2169.4089576652677,0.37538069187950646,OnTrack,7262.0,15079.0,1961.0
2026-09-05 14:40:01.774,0 days 00:53:25.170000,30,6.046944444445671,0 days 00:00:32.641000,10858.0,138.0,3,75.0,False,0,car,2170.7591666666663,0.37561432343492895,OnTrack,7274.650614114026,15083.40440241668,1960.8975276432575
2026-09-05 14:40:01.938,0 days 00:53:25.334000,30,4.953612817778756,0 days 00:00:32.805000,11173.6995072,140.0499968,3,75.68333226666667,False,0,pos,2177.106367284095,0.37671260255415623,OnTrack,7336.0,15103.0,1960.0
2026-09-05 14:40:02.014,0 days 00:53:25.410000,30,4.4469444444453075,0 days 00:00:32.881000,11320.0,141.0,3,76.0,False,0,car,2180.1591666666664,0.37724083949184833,OnTrack,7363.982540915938,15110.460384123659,1959.5923298069122
2026-09-05 14:40:02.138,0 days 00:53:25.534000,30,3.379168871111849,0 days 00:00:33.005000,11292.788945066666,146.85554346666666,3,84.2666496,False,0,pos,2185.3779577669566,0.3781438658240111,OnTrack,7415.0,15122.0,1959.0
2026-09-05 14:40:02.374,0 days 00:53:25.770000,30,1.3469444444449437,0 days 00:00:33.241000,11241.0,158.0,3,100.0,False,0,car,2195.9591666666665,0.37997477073645763,OnTrack,7555.711241853761,15149.710577563095,1958.156426298249
2026-09-05 14:40:02.479,0 days 00:53:25.875000,30,31.891626347555665,0 days 00:00:33.346000,11092.6875904,162.2656224,3,100.0,False,0,pos,2200.833610585721,0.380818213428255,OnTrack,7606.0,15159.0,1958.0
2026-09-05 14:40:02.694,0 days 00:53:26.090000,10,94.43555555555486,0 days 00:00:33.561000,10789.0,171.0,4,100.0,False,0,car,2211.1591666666664,0.38260488180722085,OnTrack,7662.869187018986,15168.56468329207,1958.035894305113
2026-09-05 14:40:02.719,0 days 00:53:26.115000,10,94.66472167212999,0 days 00:00:33.586000,10831.019849260027,171.8104718700005,4,100.0,False,0,pos,2212.394924169839,0.38281870940523893,OnTrack,7671.0,15170.0,1958.0
2026-09-05 14:40:03.019,0 days 00:53:26.415000,10,97.41472211103273,0 days 00:00:33.886000,11335.25933123341,181.53615920776605,4,100.0,False,0,pos,2227.717717707772,0.38547006788676114,OnTrack,7815.0,15198.0,1957.0
2026-09-05 14:40:03.095,0 days 00:53:26.491000,10,98.11138888888809,0 days 00:00:33.962000,11463.0,184.0,4,100.0,False,0,car,2231.654722222222,0.38615130204196507,OnTrack,7850.01503782335,15205.862771544253,1957.0348407913461
2026-09-05 14:40:03.219,0 days 00:53:26.615000,10,99.17916666666584,0 days 00:00:34.086000,11487.025,186.325,4,100.0,False,0,pos,2238.0908392188767,0.3872649666844406,OnTrack,7913.0,15222.0,1957.0
2026-09-05 14:40:03.255,0 days 00:53:26.651000,10,99.48916666666582,0 days 00:00:34.122000,11494.0,187.0,4,100.0,False,0,car,2239.965833333333,0.3875894037093122,OnTrack,7936.474011373256,15228.554355037559,1956.8116110201256
2026-09-05 14:40:03.455,0 days 00:53:26.851000,10,101.211388888888,0 days 00:00:34.322000,10094.0,190.0,4,100.0,False,0,car,2250.521388888889,0.38941586973067566,OnTrack,8084.599048260429,15272.277522994225,1955.0228244442799
2026-09-05 14:40:03.459,0 days 00:53:26.855000,10,101.23805555555465,0 days 00:00:34.326000,10098.333333333334,190.14444444444445,4,100.0,False,0,pos,2250.7380294753766,0.38945335583626106,OnTrack,8087.0,15273.0,1955.0
2026-09-05 14:40:03.799,0 days 00:53:27.195000,10,103.50472222222098,0 days 00:00:34.666000,10466.666666666666,202.42222222222222,4,100.0,False,0,pos,2269.9084504892367,0.39277048324019187,OnTrack,8214.0,15312.0,1955.0
2026-09-05 14:40:03.815,0 days 00:53:27.211000,10,103.61138888888763,0 days 00:00:34.682000,10484.0,203.0,5,100.0,False,0,car,2270.821388888889,0.3929284522791293,OnTrack,8220.589885488587,15313.970613164425,1954.98347354118
2026-09-05 14:40:04.055,0 days 00:53:27.451000,10,105.211388888888,0 days 00:00:34.922000,10707.0,206.0,5,100.0,False,0,car,2284.554722222222,0.3953047807027137,OnTrack,8352.15273647232,15354.070425413487,1954.0264124734524
2026-09-05 14:40:04.059,0 days 00:53:27.455000,10,105.23583333333244,0 days 00:00:34.926000,10711.4,206.08333333333334,5,100.0,False,0,pos,2284.7864339781063,0.39534487462734386,OnTrack,8355.0,15355.0,1954.0
2026-09-05 14:40:04.295,0 days 00:53:27.691000,10,106.67805555555424,0 days 00:00:35.162000,10971.0,211.0,5,100.0,False,0,car,2298.6213888888888,0.3977387870006569,OnTrack,8548.508690433533,15421.45539461086,1952.1589987143009
2026-09-05 14:40:04.359,0 days 00:53:27.755000,10,107.0691666666653,0 days 00:00:35.226000,10998.6,211.4,5,100.0,False,0,pos,2302.3841841857993,0.39838987710377677,OnTrack,8587.0,15435.0,1952.0
2026-09-05 14:40:04.455,0 days 00:53:27.851000,10,107.65583333333188,0 days 00:00:35.322000,11040.0,212.0,5,100.0,False,0,car,2308.043611111111,0.3993691482492003,OnTrack,8623.115575182728,15447.857723395724,1952.2346880072007
2026-09-05 14:40:04.619,0 days 00:53:28.015000,10,108.65805555555444,0 days 00:00:35.486000,11145.78,214.46,5,100.0,False,0,pos,2317.8238017609183,0.4010614500717157,OnTrack,8665.0,15464.0,1953.0
2026-09-05 14:40:04.655,0 days 00:53:28.051000,10,108.87805555555451,0 days 00:00:35.522000,11169.0,215.0,5,100.0,False,0,car,2319.9880555555555,0.40143593874705885,OnTrack,8680.585747994155,15470.164552988199,1952.9996624121973
2026-09-05 14:40:04.815,0 days 00:53:28.211000,10,109.50027777777586,0 days 00:00:35.682000,11336.0,218.0,5,100.0,False,0,car,2329.676944444445,0.4031124422950893,OnTrack,8774.357848885686,15507.495667994508,1952.3264550446338
2026-09-05 14:40:04.879,0 days 00:53:28.275000,10,109.60694444444268,0 days 00:00:35.746000,11370.133333333333,218.8,5,100.0,False,0,pos,2333.581921166404,0.40378813456531937,OnTrack,8811.0,15522.0,1952.0
2026-09-05 14:40:05.055,0 days 00:53:28.451000,10,109.90027777777641,0 days 00:00:35.922000,11464.0,221.0,5,100.0,False,0,car,2344.410277777778,0.4056618043417502,OnTrack,8903.558926758045,15557.882282058452,1951.2055741416932
2026-09-05 14:40:05.099,0 days 00:53:28.495000,10,109.82694444444307,0 days 00:00:35.966000,11493.7,221.62857142857143,5,100.0,False,0,pos,2347.13992734037,0.40613412549529476,OnTrack,8936.0,15570.0,1951.0
2026-09-05 14:40:05.319,0 days 00:53:28.715000,10,109.46027777777638,0 days 00:00:36.186000,11642.2,224.77142857142857,5,100.0,False,0,pos,2360.9044956055527,0.40851585861230355,OnTrack,9147.0,15647.0,1950.0
2026-09-05 14:40:05.335,0 days 00:53:28.731000,10,109.43361111110971,0 days 00:00:36.202000,11653.0,225.0,5,100.0,False,0,car,2361.910277777778,0.40868989274558953,OnTrack,9158.040652974372,15650.96251331605,1949.9583726275514
2026-09-05 14:40:05.495,0 days 00:53:28.891000,10,108.90027777777595,0 days 00:00:36.362000,11755.0,227.0,5,100.0,False,0,car,2371.999166666667,0.41043560974285054,OnTrack,9213.206048156813,15670.007055219983,1949.8646804987072
2026-09-05 14:40:05.659,0 days 00:53:29.055000,10,108.0347222222207,0 days 00:00:36.526000,11837.82,228.64,5,100.0,False,0,pos,2382.4179332856543,0.41223840667892286,OnTrack,9266.0,15687.0,1950.0
2026-09-05 14:40:05.695,0 days 00:53:29.091000,10,107.84472222222075,0 days 00:00:36.562000,11856.0,229.0,5,100.0,False,0,car,2384.721388888889,0.41263698194754644,OnTrack,9288.589651422071,15694.545944751348,1950.0178356142103
2026-09-05 14:40:05.895,0 days 00:53:29.291000,10,106.45583333333116,0 days 00:00:36.762000,11960.0,232.0,5,100.0,False,0,car,2397.6102777777783,0.4148671930894218,OnTrack,9463.125068676167,15753.536830955287,1950.0268438668468
2026-09-05 14:40:05.939,0 days 00:53:29.335000,10,106.13805555555342,0 days 00:00:36.806000,11979.8,232.0,5,100.0,False,0,pos,2400.4457427632656,0.41535782386896736,OnTrack,9497.0,15765.0,1950.0
2026-09-05 14:40:06.135,0 days 00:53:29.531000,10,104.72249999999804,0 days 00:00:37.002000,12068.0,232.0,5,100.0,False,0,car,2413.076944444445,0.4175434464596722,OnTrack,9601.971989079366,15800.437205272947,1949.7402384546574
2026-09-05 14:40:06.295,0 days 00:53:29.691000,10,103.43361111110926,0 days 00:00:37.162000,12125.0,234.0,5,100.0,False,0,car,2423.4769444444446,0.4193429961396681,OnTrack,9661.923604160998,15818.893761161344,1948.9392556076546
2026-09-05 14:40:06.379,0 days 00:53:29.775000,10,102.71027777777594,0 days 00:00:37.246000,12042.3125,234.525,5,73.75,False,0,pos,2428.9911901138544,0.4202971460463802,OnTrack,9706.0,15831.0,1948.0
2026-09-05 14:40:06.579,0 days 00:53:29.975000,10,100.98805555555377,0 days 00:00:37.446000,11845.4375,235.775,5,11.249999999999993,False,0,pos,2442.135607979268,0.4225715722928645,OnTrack,9832.0,15863.0,1945.0
2026-09-05 14:40:06.615,0 days 00:53:30.011000,10,100.67805555555378,0 days 00:00:37.482000,11810.0,236.0,5,0.0,False,0,car,2444.4547222222222,0.4229728570326513,OnTrack,9849.91467715295,15867.204768033367,1944.7060866632662
2026-09-05 14:40:06.819,0 days 00:53:30.215000,10,99.82805555555386,0 days 00:00:37.686000,11611.1,229.37,5,0.51,False,0,pos,2457.2691536730526,0.4251901845342544,OnTrack,9946.0,15879.0,1944.0
2026-09-05 14:40:07.015,0 days 00:53:30.411000,10,99.01138888888727,0 days 00:00:37.882000,11420.0,223.0,5,1.0,True,0,car,2469.2325,0.42726024569332544,OnTrack,10134.306970560661,15875.476850367388,1941.3742285040619
2026-09-05 14:40:07.059,0 days 00:53:30.455000,10,98.96249999999834,0 days 00:00:37.926000,11361.8375,221.9,5,1.9625,True,0,pos,2471.8939336246253,0.427720763195972,OnTrack,10166.0,15874.0,1941.0
2026-09-05 14:40:07.299,0 days 00:53:30.695000,10,98.69583333333146,0 days 00:00:38.166000,11044.5875,215.9,5,7.2124999999999995,True,0,pos,2486.2291736907932,0.430201241722293,OnTrack,10236.0,15861.0,1941.0
2026-09-05 14:40:07.335,0 days 00:53:30.731000,10,98.65583333333143,0 days 00:00:38.202000,10997.0,215.0,5,8.0,False,0,car,2488.3436111111114,0.4305671104898992,OnTrack,10250.408950644216,15856.551839474307,1940.8610859375062
2026-09-05 14:40:07.559,0 days 00:53:30.955000,10,99.09138877225226,0 days 00:00:38.426000,10658.656994368002,208.43933230076456,5,35.179909039689626,False,0,pos,2501.2938111247236,0.4328079305178203,OnTrack,10379.0,15815.0,1939.0
2026-09-05 14:40:07.574,0 days 00:53:30.970000,10,99.12055555555298,0 days 00:00:38.441000,10636.0,208.0,5,37.0,False,0,car,2502.1525000000006,0.432956512565005,OnTrack,10386.986904721301,15811.910369792997,1938.9054261256401
2026-09-05 14:40:07.774,0 days 00:53:31.170000,10,99.7316666666643,0 days 00:00:38.641000,10795.0,205.0,5,51.0,False,0,car,2513.5413888888893,0.43492717327226543,OnTrack,10481.263327912025,15764.025499438732,1938.213724072335
2026-09-05 14:40:07.839,0 days 00:53:31.235000,10,99.96638865777537,0 days 00:00:38.706000,10809.160700342858,205.0,5,55.410709942857146,False,0,pos,2517.235956623383,0.43556645771306657,OnTrack,10518.0,15737.0,1938.0
2026-09-05 14:40:08.054,0 days 00:53:31.450000,10,100.74277777777525,0 days 00:00:38.921000,10856.0,205.0,5,70.0,False,0,car,2529.4858333333336,0.43768609826243016,OnTrack,10660.43092923514,15611.477265256863,1937.0231403528494
2026-09-05 14:40:08.059,0 days 00:53:31.455000,10,100.76361084444191,0 days 00:00:38.926000,10858.4687184,205.0624992,5,70.0624992,False,0,pos,2529.7722903495887,0.43773566495780847,OnTrack,10663.0,15609.0,1937.0
2026-09-05 14:40:08.214,0 days 00:53:31.610000,10,101.40944444444176,0 days 00:00:39.081000,10935.0,207.0,5,72.0,False,0,car,2538.685833333334,0.4392780075947343,OnTrack,10714.316074008766,15553.49380872322,1936.3194568432943
2026-09-05 14:40:08.418,0 days 00:53:31.814000,10,102.25944337777548,0 days 00:00:39.285000,10979.199944533333,207.84999893333332,5,74.5499968,False,0,pos,2550.465638768635,0.44131631000834104,OnTrack,10745.0,15498.0,1936.0
2026-09-05 14:40:08.454,0 days 00:53:31.850000,10,102.40944444444222,0 days 00:00:39.321000,10987.0,208.0,5,75.0,False,0,car,2552.5525000000002,0.4416774071680622,OnTrack,10752.940657196683,15483.622561468668,1936.080277823359
2026-09-05 14:40:08.678,0 days 00:53:32.074000,10,103.52944444444192,0 days 00:00:39.545000,11053.4,209.6,5,85.4,False,0,pos,2565.603685190187,0.443935701026963,OnTrack,10814.0,15362.0,1937.0
2026-09-05 14:40:08.734,0 days 00:53:32.130000,10,103.80944444444185,0 days 00:00:39.601000,11070.0,210.0,5,88.0,False,0,car,2568.8858333333337,0.4445036230116456,OnTrack,10829.01726328657,15322.798821277105,1937.0731788285966
2026-09-05 14:40:08.899,0 days 00:53:32.295000,10,104.72611075555317,0 days 00:00:39.766000,11127.7499776,211.37499946666668,5,93.49999786666666,False,0,pos,2578.6033541376673,0.4461850808437411,OnTrack,10867.0,15205.0,1937.0
2026-09-05 14:40:09.094,0 days 00:53:32.490000,10,105.8094444444423,0 days 00:00:39.961000,11196.0,213.0,5,100.0,False,0,car,2590.185833333334,0.44818923918317577,OnTrack,10888.404638612346,15119.061226913975,1937.0969709125325
2026-09-05 14:40:09.159,0 days 00:53:32.555000,10,106.15249966221997,0 days 00:00:40.026000,11238.89995776,213.97499904,5,100.0,False,0,pos,2594.0724566415415,0.44886175569572867,OnTrack,10894.0,15088.0,1937.0
2026-09-05 14:40:09.294,0 days 00:53:32.690000,10,106.86499999999751,0 days 00:00:40.161000,11328.0,216.0,5,100.0,False,0,car,2602.185833333334,0.45026564266009417,OnTrack,10906.963851886048,15005.473250765552,1936.4314388319658
2026-09-05 14:40:09.399,0 days 00:53:32.795000,10,107.41916642713213,0 days 00:00:40.266000,11362.030456204846,216.87257580012425,5,100.0,False,0,pos,2608.534479861777,0.45136417197054296,OnTrack,10916.0,14945.0,1936.0
2026-09-05 14:40:09.655,0 days 00:53:33.051000,10,108.77027777777585,0 days 00:00:40.522000,11445.0,219.0,5,100.0,False,0,car,2624.146666666667,0.4540656052175407,OnTrack,10929.726908465242,14846.28090449039,1935.7731150433797
2026-09-05 14:40:09.759,0 days 00:53:33.155000,10,109.31916666666443,0 days 00:00:40.626000,11476.2,220.3,5,100.0,False,0,pos,2630.5387472053594,0.45517165007214766,OnTrack,10941.0,14727.0,1935.0
2026-09-05 14:40:09.839,0 days 00:53:33.235000,10,109.74138888888642,0 days 00:00:40.706000,11500.2,221.3,5,100.0,False,0,pos,2635.4768195199013,0.4560261026157468,OnTrack,10953.0,14593.0,1934.0
2026-09-05 14:40:09.895,0 days 00:53:33.291000,10,110.03694444444181,0 days 00:00:40.762000,11517.0,222.0,5,100.0,False,0,car,2638.946666666667,0.4566265028390734,OnTrack,10959.407035515193,14520.623585880943,1933.4513012956545
2026-09-05 14:40:10.175,0 days 00:53:33.571000,10,109.95916666666426,0 days 00:00:41.042000,10606.0,225.0,5,100.0,False,0,car,2656.446666666667,0.45965459124291275,OnTrack,10964.843148128091,14445.187192661775,1932.9706129065896
2026-09-05 14:40:10.259,0 days 00:53:33.655000,10,109.6091666666644,0 days 00:00:41.126000,10423.72,225.84,5,100.0,False,0,pos,2661.7333199205036,0.4605693600093733,OnTrack,10966.0,14419.0,1933.0
2026-09-05 14:40:10.375,0 days 00:53:33.771000,10,109.12583333333123,0 days 00:00:41.242000,10172.0,227.0,6,100.0,False,0,car,2669.057777777778,0.46183673748948895,OnTrack,10969.64525858947,14351.687034522209,1933.0066403271662
2026-09-05 14:40:10.479,0 days 00:53:33.875000,10,108.37472222222007,0 days 00:00:41.346000,10201.342857142858,227.74285714285713,6,100.0,False,0,pos,2675.6468125529186,0.46297686204920874,OnTrack,10974.0,14280.0,1933.0
2026-09-05 14:40:10.639,0 days 00:53:34.035000,10,107.21916666666444,0 days 00:00:41.506000,10246.485714285714,228.88571428571427,6,100.0,False,0,pos,2685.8432862539644,0.4647411948363054,OnTrack,10981.0,14179.0,1933.0
2026-09-05 14:40:10.655,0 days 00:53:34.051000,10,107.10361111110888,0 days 00:00:41.522000,10251.0,229.0,6,100.0,False,0,car,2686.868888888889,0.46491865857606324,OnTrack,10981.679527436121,14168.934136247552,1933.0003003262707
2026-09-05 14:40:10.815,0 days 00:53:34.211000,10,105.45916666666426,0 days 00:00:41.682000,10358.0,232.0,6,100.0,False,0,car,2697.1800000000003,0.4667028274895635,OnTrack,10988.1903199867,14066.534311799749,1933.0042868973997
2026-09-05 14:40:10.919,0 days 00:53:34.315000,10,104.18805555555352,0 days 00:00:41.786000,10397.433333333332,232.86666666666667,6,100.0,False,0,pos,2703.9198883399786,0.46786905478816115,OnTrack,10993.0,13999.0,1933.0
2026-09-05 14:40:11.055,0 days 00:53:34.451000,10,102.52583333333178,0 days 00:00:41.922000,10449.0,234.0,6,100.0,False,0,car,2712.7799999999997,0.4694021520095573,OnTrack,11000.545187982783,13910.406172861805,1932.9826743236308
2026-09-05 14:40:11.139,0 days 00:53:34.535000,10,101.38249999999827,0 days 00:00:42.006000,10475.04,234.84,6,100.0,False,0,pos,2718.2831372857736,0.47035437979240224,OnTrack,11005.0,13861.0,1933.0
2026-09-05 14:40:11.255,0 days 00:53:34.651000,10,99.80361111110915,0 days 00:00:42.122000,10511.0,236.0,6,100.0,False,0,car,2725.891111111111,0.4716708150676719,OnTrack,11010.110439880236,13804.031703144703,1933.0845432830033
2026-09-05 14:40:11.339,0 days 00:53:34.735000,10,98.56694444444244,0 days 00:00:42.206000,10435.4,235.53333333333333,6,100.0,False,0,pos,2731.37807045019,0.4726202435217864,OnTrack,11014.0,13762.0,1933.0
2026-09-05 14:40:11.559,0 days 00:53:34.955000,10,95.32805555555343,0 days 00:00:42.426000,10237.4,234.3111111111111,6,100.0,False,0,pos,2745.6670465094626,0.4750927168193759,OnTrack,11028.0,13618.0,1932.0
2026-09-05 14:40:11.615,0 days 00:53:35.011000,10,94.50361111110897,0 days 00:00:42.482000,10187.0,234.0,6,100.0,False,0,car,2749.291111111111,0.47571980184766277,OnTrack,11032.572073581317,13570.858281683875,1931.870336677488
2026-09-05 14:40:11.815,0 days 00:53:35.211000,10,91.94805555555331,0 days 00:00:42.682000,10329.0,231.0,6,100.0,False,0,car,2762.1244444444446,0.4779404000104783,OnTrack,11049.719884726663,13390.09427055428,1931.9925955836304
2026-09-05 14:40:11.819,0 days 00:53:35.215000,10,91.92361111110887,0 days 00:00:42.686000,10331.54,230.85,6,99.0,False,0,pos,2762.37612323448,0.47798394890336965,OnTrack,11050.0,13387.0,1932.0
2026-09-05 14:40:12.215,0 days 00:53:35.611000,10,89.50361111110897,0 days 00:00:43.082000,10583.0,216.0,6,0.0,True,0,car,2786.1244444444446,0.48209320696431507,OnTrack,11064.916887724068,13178.880251864795,1932.9976233084715
2026-09-05 14:40:12.219,0 days 00:53:35.615000,10,89.5169444444423,0 days 00:00:43.086000,10579.10909090909,215.84545454545454,6,0.00909090909090909,True,0,pos,2786.354059031324,0.48213293800819407,OnTrack,11065.0,13177.0,1933.0
2026-09-05 14:40:12.539,0 days 00:53:35.935000,10,90.58361111110932,0 days 00:00:43.406000,10267.836363636363,203.48181818181817,6,0.7363636363636363,True,0,pos,2804.151888548758,0.4852125609324942,OnTrack,11067.0,13017.0,1932.0
2026-09-05 14:40:12.655,0 days 00:53:36.051000,10,90.97027777777612,0 days 00:00:43.522000,10155.0,199.0,5,1.0,False,0,car,2810.4466666666667,0.48630176919669876,OnTrack,11062.895888601644,12955.443536816967,1930.6574476505687
2026-09-05 14:40:12.815,0 days 00:53:36.211000,10,91.90361111110906,0 days 00:00:43.682000,10118.0,194.0,5,38.0,False,0,car,2819.068888888889,0.48779370354678087,OnTrack,11051.392347301278,12870.093795259761,1929.0146211988833
2026-09-05 14:40:12.819,0 days 00:53:36.215000,10,91.93472222222016,0 days 00:00:43.686000,10117.625,194.0,5,38.125,False,0,pos,2819.284392352628,0.4878309928918971,OnTrack,11051.0,12868.0,1929.0
2026-09-05 14:40:12.975,0 days 00:53:36.371000,10,93.14805555555313,0 days 00:00:43.842000,10103.0,194.0,5,43.0,False,0,car,2827.6911111111112,0.48928563789686297,OnTrack,11031.60666669656,12788.004404987234,1929.0109285721874
2026-09-05 14:40:12.979,0 days 00:53:36.375000,10,93.18805555555313,0 days 00:00:43.846000,10103.866666666667,193.98333333333332,5,43.2,False,0,pos,2827.906274342571,0.4893228683703553,OnTrack,11031.0,12786.0,1929.0
2026-09-05 14:40:13.139,0 days 00:53:36.535000,10,94.78805555555319,0 days 00:00:44.006000,10138.533333333333,193.31666666666666,5,51.2,False,0,pos,2836.4896706746713,0.49080808453600044,OnTrack,11002.0,12708.0,1928.0
2026-09-05 14:40:13.215,0 days 00:53:36.611000,10,95.54805555555322,0 days 00:00:44.082000,10155.0,193.0,5,55.0,False,0,car,2840.557777777778,0.4915120038471144,OnTrack,10984.733428633936,12672.72345708637,1927.851498719993
2026-09-05 14:40:13.299,0 days 00:53:36.695000,10,96.38805555555325,0 days 00:00:44.166000,10204.0,193.0,5,59.9,False,0,pos,2845.0505472903287,0.49228940403351884,OnTrack,10963.0,12635.0,1928.0
2026-09-05 14:40:13.455,0 days 00:53:36.851000,10,97.94805555555331,0 days 00:00:44.322000,10295.0,193.0,5,69.0,False,0,car,2853.424444444445,0.4937383697973658,OnTrack,10915.326444341503,12568.089347435855,1928.8835404361305
2026-09-05 14:40:13.659,0 days 00:53:37.055000,10,100.78138888888664,0 days 00:00:44.526000,10583.433333333332,195.83333333333334,5,86.0,False,0,pos,2864.5555377305623,0.4956644231974656,OnTrack,10840.0,12488.0,1930.0
2026-09-05 14:40:13.815,0 days 00:53:37.211000,10,102.94805555555331,0 days 00:00:44.682000,10804.0,198.0,5,99.0,False,0,car,2873.224444444445,0.4971644355342812,OnTrack,10773.793414075964,12433.344456062534,1929.9864643524552
2026-09-05 14:40:13.819,0 days 00:53:37.215000,10,103.00249999999775,0 days 00:00:44.686000,10806.157142857142,198.0857142857143,5,99.01428571428572,False,0,pos,2873.44865049729,0.4972032307199207,OnTrack,10772.0,12432.0,1930.0
2026-09-05 14:40:13.999,0 days 00:53:37.395000,10,105.45249999999777,0 days 00:00:44.866000,10903.228571428572,201.94285714285715,5,99.65714285714286,False,0,pos,2883.6316507560596,0.4989652321484848,OnTrack,10687.0,12374.0,1931.0
2026-09-05 14:40:14.095,0 days 00:53:37.491000,10,106.75916666666444,0 days 00:00:44.962000,10955.0,204.0,5,100.0,False,0,car,2889.091111111112,0.4999099023537622,OnTrack,10639.430395458763,12344.934742012705,1930.2499623325282
2026-09-05 14:40:14.199,0 days 00:53:37.595000,10,108.17472184315913,0 days 00:00:45.066000,10955.0,204.0,5,100.0,False,0,pos,2895.004069171323,0.50093304291002,OnTrack,10587.0,12315.0,1929.0
2026-09-05 14:40:14.334,0 days 00:53:37.730000,10,110.01222222221986,0 days 00:00:45.201000,10955.0,204.0,5,100.0,False,0,car,2902.634444444445,0.502253354388962,OnTrack,10518.633630732202,12278.57692202164,1928.13853057481
2026-09-05 14:40:14.359,0 days 00:53:37.755000,10,110.44277667555323,0 days 00:00:45.226000,10955.0,204.0,5,100.0,False,0,pos,2904.0353254788283,0.5024957539098405,OnTrack,10506.0,12272.0,1928.0
2026-09-05 14:40:14.559,0 days 00:53:37.955000,10,113.88722111999795,0 days 00:00:45.426000,10955.0,204.0,5,100.0,False,0,pos,2915.3415335707036,0.504452108059235,OnTrack,10404.0,12220.0,1927.0
2026-09-05 14:40:14.574,0 days 00:53:37.970000,10,114.14555555555353,0 days 00:00:45.441000,10955.0,204.0,5,100.0,False,0,car,2916.2344444444448,0.5046066116628029,OnTrack,10396.004439917207,12216.048400548338,1926.9809624186576
2026-09-05 14:40:14.719,0 days 00:53:38.115000,10,115.87749923555376,0 days 00:00:45.586000,10653.607275885714,217.46427977142858,5,100.0,False,0,pos,2925.2935897717753,0.5061741484007676,OnTrack,10316.0,12177.0,1927.0
2026-09-05 14:40:14.854,0 days 00:53:38.250000,10,117.48999999999842,0 days 00:00:45.721000,10373.0,230.0,5,100.0,False,0,car,2934.1233333333334,0.5077019909200607,OnTrack,10239.386042500792,12138.582175984178,1926.0761879574138
2026-09-05 14:40:14.998,0 days 00:53:38.394000,10,119.12999999999856,0 days 00:00:45.865000,10604.6,236.0,5,100.0,False,0,pos,2943.6635111088253,0.5093527624453483,OnTrack,10156.0,12096.0,1925.0
2026-09-05 14:40:15.094,0 days 00:53:38.490000,10,120.223333333332,0 days 00:00:45.961000,10759.0,240.0,6,100.0,False,0,car,2950.1233333333334,0.5104705288892853,OnTrack,10099.568580100196,12067.125280817605,1924.9237312976188
2026-09-05 14:40:15.218,0 days 00:53:38.614000,10,121.5666638933319,0 days 00:00:46.085000,10897.25971456,243.0999936,6,100.0,False,0,pos,2958.6111950142176,0.5119392143481012,OnTrack,10026.0,12029.0,1925.0
2026-09-05 14:40:15.479,0 days 00:53:38.875000,10,124.3941659733317,0 days 00:00:46.346000,11188.27492864,249.6249984,6,100.0,False,0,pos,2976.848740325125,0.51509492288927,OnTrack,9870.0,11945.0,1924.0
2026-09-05 14:40:15.494,0 days 00:53:38.890000,10,124.55666666666502,0 days 00:00:46.361000,11205.0,250.0,6,100.0,False,0,car,2977.9011111111113,0.515277018419189,OnTrack,9860.972175132085,11940.084263447543,1924.0210719764154
2026-09-05 14:40:15.699,0 days 00:53:39.095000,10,126.89138815999834,0 days 00:00:46.566000,11351.428525714286,252.92857051428572,6,100.0,False,0,pos,2992.325237045818,0.5177728771893836,OnTrack,9736.0,11872.0,1925.0
2026-09-05 14:40:15.774,0 days 00:53:39.170000,10,127.74555555555389,0 days 00:00:46.641000,11405.0,254.0,6,100.0,False,0,car,2997.6566666666668,0.5186953937728565,OnTrack,9689.072085205702,11846.652361047903,1925.0023351539028
2026-09-05 14:40:15.779,0 days 00:53:39.175000,10,127.79972154122396,0 days 00:00:46.646000,11408.14942659631,254.10676022360374,6,100.0,False,0,pos,2998.0135260262064,0.5187571424407663,OnTrack,9686.0,11845.0,1925.0
2026-09-05 14:40:16.055,0 days 00:53:39.451000,10,130.78972222222046,0 days 00:00:46.922000,11582.0,260.0,6,100.0,False,0,car,3017.951111111111,0.5222070150234042,OnTrack,9520.809116011034,11757.238916257866,1924.9865753396534
2026-09-05 14:40:16.119,0 days 00:53:39.515000,10,131.46527777777578,0 days 00:00:46.986000,11143.6,261.28,6,100.0,False,0,pos,3022.617259857154,0.5230144156467459,OnTrack,9470.0,11730.0,1925.0
2026-09-05 14:40:16.255,0 days 00:53:39.651000,10,132.90083333333087,0 days 00:00:47.122000,10212.0,264.0,6,100.0,False,0,car,3032.617777777778,0.5247448414951933,OnTrack,9340.84915508182,11660.183428719629,1925.0241635533343
2026-09-05 14:40:16.299,0 days 00:53:39.695000,10,133.32861111110867,0 days 00:00:47.166000,10276.716666666667,265.0083333333333,6,100.0,False,0,pos,3035.897233116072,0.5253122975340959,OnTrack,9302.0,11639.0,1925.0
2026-09-05 14:40:16.735,0 days 00:53:40.131000,10,137.56749999999784,0 days 00:00:47.602000,10918.0,275.0,7,100.0,False,0,car,3069.2844444444445,0.5310894076746662,OnTrack,9067.525500248985,11505.80146727169,1924.0163787974145
2026-09-05 14:40:16.759,0 days 00:53:40.155000,10,137.7874999999978,0 days 00:00:47.626000,10935.52,275.48,7,100.0,False,0,pos,3071.1367427314685,0.5314099175582884,OnTrack,9054.0,11498.0,1924.0
2026-09-05 14:40:16.899,0 days 00:53:40.295000,10,139.0708333333309,0 days 00:00:47.766000,11037.72,278.28,7,100.0,False,0,pos,3081.970261804836,0.5332844806142218,OnTrack,8960.0,11444.0,1924.0
2026-09-05 14:40:16.935,0 days 00:53:40.331000,10,139.40083333333087,0 days 00:00:47.802000,11064.0,279.0,7,100.0,False,0,car,3084.7844444444445,0.5337714288323524,OnTrack,8927.849538533017,11425.588827176023,1923.9790974454406
2026-09-05 14:40:17.119,0 days 00:53:40.515000,10,140.88305555555314,0 days 00:00:47.986000,11255.666666666666,284.3666666666667,7,100.0,False,0,pos,3099.3800344745405,0.5362969566561996,OnTrack,8743.0,11320.0,1924.0
2026-09-05 14:40:17.175,0 days 00:53:40.571000,10,141.33416666666426,0 days 00:00:48.042000,11314.0,286.0,7,100.0,False,0,car,3103.851111111111,0.5370706032456783,OnTrack,8704.72819539326,11298.243591299331,1924.2817504447942
2026-09-05 14:40:17.375,0 days 00:53:40.771000,10,143.00083333333168,0 days 00:00:48.242000,11390.0,288.0,7,100.0,False,0,car,3119.8511111111106,0.5398391412149027,OnTrack,8626.423340880461,11254.427988069685,1925.887651852177
2026-09-05 14:40:17.419,0 days 00:53:40.815000,10,143.3430555555538,0 days 00:00:48.286000,11411.45,288.55,7,100.0,False,0,pos,3123.3852048724534,0.54045065826272,OnTrack,8604.0,11242.0,1926.0
2026-09-05 14:40:17.535,0 days 00:53:40.931000,10,144.24527777777575,0 days 00:00:48.402000,11468.0,290.0,7,100.0,False,0,car,3132.74,0.5420693523567781,OnTrack,8526.836405148662,11199.270377869998,1925.6891917069152
2026-09-05 14:40:17.639,0 days 00:53:41.035000,10,145.05416666666449,0 days 00:00:48.506000,11545.133333333333,291.73333333333335,7,100.0,False,0,pos,3141.1926801902496,0.5435319502348043,OnTrack,8449.0,11156.0,1925.0
2026-09-05 14:40:17.775,0 days 00:53:41.171000,10,146.1119444444421,0 days 00:00:48.642000,11646.0,294.0,7,100.0,False,0,car,3152.34,0.5454608113690782,OnTrack,8352.041868973209,11101.575449052492,1924.0607167341464
2026-09-05 14:40:17.819,0 days 00:53:41.215000,10,146.42972222221985,0 days 00:00:48.686000,11492.0,294.88,7,100.0,False,0,pos,3155.96861500458,0.5460886837700706,OnTrack,8321.0,11084.0,1924.0
2026-09-05 14:40:17.975,0 days 00:53:41.371000,10,147.55638888888643,0 days 00:00:48.842000,10946.0,298.0,7,100.0,False,0,car,3168.8955555555553,0.5483254791289007,OnTrack,8210.39994712442,11020.763386047134,1925.2292113423844
2026-09-05 14:40:18.079,0 days 00:53:41.475000,10,148.27861111110877,0 days 00:00:48.946000,10666.5,298.65,7,100.0,False,0,pos,3177.5267695564935,0.549818969359032,OnTrack,8136.0,10978.0,1926.0
2026-09-05 14:40:18.135,0 days 00:53:41.531000,10,148.66749999999774,0 days 00:00:49.002000,10516.0,299.0,7,100.0,False,0,car,3182.1844444444446,0.5506249037200067,OnTrack,8095.669334154767,10954.820774871621,1926.079205198719
2026-09-05 14:40:18.259,0 days 00:53:41.655000,10,149.56305555555332,0 days 00:00:49.126000,10581.1,300.55,7,100.0,False,0,pos,3192.5388498297953,0.5524165639986371,OnTrack,8006.0,10903.0,1926.0
2026-09-05 14:40:18.295,0 days 00:53:41.691000,10,149.8230555555533,0 days 00:00:49.162000,10600.0,301.0,8,100.0,False,0,car,3195.562222222222,0.5529397090776083,OnTrack,7979.998035529375,10887.780196569938,1926.1508627473943
2026-09-05 14:40:18.559,0 days 00:53:41.955000,10,151.4363888888868,0 days 00:00:49.426000,10729.525,305.125,8,100.0,False,0,pos,3217.9839197884485,0.5568194166430186,OnTrack,7790.0,10773.0,1928.0
2026-09-05 14:40:18.615,0 days 00:53:42.011000,10,151.77861111110906,0 days 00:00:49.482000,10757.0,306.0,8,100.0,False,0,car,3222.7622222222217,0.5576462236252899,OnTrack,7749.888739887878,10747.624323297023,1927.6742566367334
2026-09-05 14:40:18.699,0 days 00:53:42.095000,10,152.31527777777578,0 days 00:00:49.566000,10782.433333333332,306.46666666666664,8,100.0,False,0,pos,3229.932010218221,0.5588868380189282,OnTrack,7690.0,10709.0,1927.0
2026-09-05 14:40:18.879,0 days 00:53:42.275000,10,153.46527777777587,0 days 00:00:49.746000,10836.933333333332,307.46666666666664,8,100.0,False,0,pos,3245.316732529514,0.5615489122604777,OnTrack,7563.0,10624.0,1927.0
2026-09-05 14:40:18.975,0 days 00:53:42.371000,10,154.07861111110924,0 days 00:00:49.842000,10866.0,308.0,8,100.0,False,0,car,3253.5622222222214,0.5629756592160471,OnTrack,7494.699681756959,10575.435313085378,1927.2108622539633
2026-09-05 14:40:19.219,0 days 00:53:42.615000,10,155.56972222222083,0 days 00:00:50.086000,10947.74,310.44,8,100.0,False,0,pos,3274.668221195213,0.5666277066869934,OnTrack,7322.0,10444.0,1927.0
2026-09-05 14:40:19.375,0 days 00:53:42.771000,10,156.5230555555545,0 days 00:00:50.242000,11000.0,312.0,8,100.0,False,0,car,3288.228888888888,0.5689741581493669,OnTrack,7216.324539240095,10358.398870446545,1925.2736711253508
2026-09-05 14:40:19.399,0 days 00:53:42.795000,10,156.6497222222211,0 days 00:00:50.266000,11005.7,312.2,8,100.0,False,0,pos,3290.317498974553,0.5693355579196837,OnTrack,7200.0,10345.0,1925.0
2026-09-05 14:40:19.599,0 days 00:53:42.995000,10,157.70527777777608,0 days 00:00:50.466000,11053.2,313.8666666666667,8,100.0,False,0,pos,3307.761253670095,0.5723539139947116,OnTrack,7065.0,10234.0,1923.0
2026-09-05 14:40:19.615,0 days 00:53:43.011000,10,157.78972222222046,0 days 00:00:50.482000,11057.0,314.0,8,100.0,False,0,car,3309.1622222222213,0.5725963286591024,OnTrack,7054.980165849346,10225.876060114571,1922.8337352901706
2026-09-05 14:40:19.859,0 days 00:53:43.255000,10,158.87416666666473,0 days 00:00:50.726000,11128.675,316.2875,8,100.0,False,0,pos,3330.63365091673,0.5763116077587426,OnTrack,6890.0,10091.0,1919.0
2026-09-05 14:40:19.935,0 days 00:53:43.331000,10,159.21194444444245,0 days 00:00:50.802000,11151.0,317.0,8,100.0,False,0,car,3337.3399999999992,0.5774720316382367,OnTrack,6807.864134729892,10019.998070731506,1916.5200252223988
2026-09-05 14:40:20.059,0 days 00:53:43.455000,10,159.72861111110905,0 days 00:00:50.926000,11181.557142857142,317.4428571428571,8,100.0,False,0,pos,3348.2875020405245,0.5793663175799465,OnTrack,6664.0,9894.0,1912.0
2026-09-05 14:40:20.215,0 days 00:53:43.611000,10,160.37861111110897,0 days 00:00:51.082000,11220.0,318.0,8,100.0,False,0,car,3362.073333333333,0.581751729915663,OnTrack,6539.927524625409,9785.588837040626,1908.199270366351
2026-09-05 14:40:20.399,0 days 00:53:43.795000,10,161.04305555555362,0 days 00:00:51.266000,11211.636363636364,318.41818181818184,8,100.0,False,0,pos,3378.3582770488433,0.5845695727283553,OnTrack,6437.0,9696.0,1905.0
2026-09-05 14:40:20.655,0 days 00:53:44.051000,10,161.96749999999838,0 days 00:00:51.522000,11200.0,319.0,8,100.0,False,0,car,3401.0622222222214,0.5884981186198358,OnTrack,6286.365851799047,9564.845356762384,1899.6904649171886
2026-09-05 14:40:20.839,0 days 00:53:44.235000,10,162.5808332102801,0 days 00:00:51.706000,11217.880874155562,319.57680239211487,8,100.0,False,0,pos,3417.4157011360153,0.5913278203261954,OnTrack,6183.0,9475.0,1896.0
2026-09-05 14:40:20.974,0 days 00:53:44.370000,10,163.03083333333097,0 days 00:00:51.841000,11231.0,320.0,8,100.0,False,0,car,3429.4177777777772,0.5934045831319615,OnTrack,6114.072471533745,9415.255965433154,1893.6672467577514
2026-09-05 14:40:21.174,0 days 00:53:44.570000,10,163.75305555555406,0 days 00:00:52.041000,11243.0,320.0,8,100.0,False,0,car,3447.1955555555546,0.5964807364310998,OnTrack,6009.961652245606,9325.01036716543,1890.4353471034797
2026-09-05 14:40:21.199,0 days 00:53:44.595000,10,163.83638867555405,0 days 00:00:52.066000,11243.0,320.0781248,8,100.0,False,0,pos,3449.420870647199,0.5968657907638939,OnTrack,5995.0,9312.0,1890.0
2026-09-05 14:40:21.419,0 days 00:53:44.815000,10,164.56972200888734,0 days 00:00:52.286000,11243.0,320.7656248,8,100.0,False,0,pos,3469.038352054217,0.6002602746473867,OnTrack,5848.0,9184.0,1886.0
2026-09-05 14:40:21.494,0 days 00:53:44.890000,10,164.81972222222066,0 days 00:00:52.361000,11243.0,321.0,8,100.0,False,0,car,3475.728888888888,0.6014179624762168,OnTrack,5796.56118457285,9139.354451141615,1884.7478034848405
2026-09-05 14:40:21.598,0 days 00:53:44.994000,10,165.13749999999843,0 days 00:00:52.465000,11247.91111111111,321.0,8,100.0,False,0,pos,3485.0041091342036,0.6030228874400966,OnTrack,5727.0,9079.0,1883.0
2026-09-05 14:40:21.818,0 days 00:53:45.214000,10,165.80972143999836,0 days 00:00:52.685000,11258.29998791111,321.0,8,100.0,False,0,pos,3504.6190341873066,0.6064169289884097,OnTrack,5579.0,8950.0,1879.0
2026-09-05 14:40:21.854,0 days 00:53:45.250000,10,165.91972222222057,0 days 00:00:52.721000,11260.0,321.0,8,100.0,False,0,car,3507.828888888888,0.6069723417769736,OnTrack,5547.4488669535385,8922.507628842355,1878.5441937337835
2026-09-05 14:40:22.094,0 days 00:53:45.490000,10,166.65305555555415,0 days 00:00:52.961000,11272.0,321.0,8,100.0,False,0,car,3529.228888888888,0.6106752613108114,OnTrack,5313.609226005198,8719.12575525819,1877.0220018986909
2026-09-05 14:40:22.099,0 days 00:53:45.495000,10,166.66694426666524,0 days 00:00:52.966000,11271.80000256,321.0,8,100.0,False,0,pos,3529.6747039849565,0.6107524023121065,OnTrack,5310.0,8716.0,1877.0
2026-09-05 14:40:22.294,0 days 00:53:45.690000,10,167.20861111110935,0 days 00:00:53.161000,11264.0,321.0,8,100.0,False,0,car,3547.0622222222214,0.6137610275890096,OnTrack,5225.190897620715,8643.224960078887,1876.2550546799364
2026-09-05 14:40:22.419,0 days 00:53:45.815000,10,167.59055535999872,0 days 00:00:53.286000,11262.4375008,321.0,8,100.0,False,0,pos,3558.210126259048,0.6156899898142113,OnTrack,5175.0,8600.0,1876.0
2026-09-05 14:40:22.454,0 days 00:53:45.850000,10,167.69749999999885,0 days 00:00:53.321000,11262.0,321.0,8,100.0,False,0,car,3561.328888888888,0.616229640611568,OnTrack,5156.056778683918,8583.54525821918,1875.970679768403
2026-09-05 14:40:22.679,0 days 00:53:46.075000,10,168.38499992632651,0 days 00:00:53.546000,11260.130194106185,320.376731368728,8,100.0,False,0,pos,3581.3357654324072,0.6196915029463381,OnTrack,5001.0,8448.0,1876.0
2026-09-05 14:40:22.799,0 days 00:53:46.195000,10,168.7516666579976,0 days 00:00:53.666000,11259.132964012491,320.0443213374974,8,100.0,False,0,pos,3591.99611772908,0.6215361023275037,OnTrack,4920.0,8377.0,1876.0
2026-09-05 14:40:22.815,0 days 00:53:46.211000,10,168.80055555555373,0 days 00:00:53.682000,11259.0,320.0,8,100.0,False,0,car,3593.4177777777772,0.6217820973165129,OnTrack,4909.266346037857,8367.620435443092,1876.0601573748947
2026-09-05 14:40:23.159,0 days 00:53:46.555000,10,168.2272222222205,0 days 00:00:54.026000,11244.666666666666,320.0,8,100.0,False,0,pos,3623.9954441156888,0.627073061708187,OnTrack,4678.0,8167.0,1881.0
2026-09-05 14:40:23.175,0 days 00:53:46.571000,10,168.20055555555382,0 days 00:00:54.042000,11244.0,320.0,8,100.0,False,0,car,3625.4177777777772,0.627319173254962,OnTrack,4667.311009793204,8157.716603421464,1881.3119904562532
2026-09-05 14:40:23.319,0 days 00:53:46.715000,10,166.1605555555537,0 days 00:00:54.186000,11244.0,320.0,8,100.0,False,0,pos,3638.2183630014874,0.6295341048937205,OnTrack,4571.0,8074.0,1884.0
2026-09-05 14:40:23.519,0 days 00:53:46.915000,10,163.32722222222023,0 days 00:00:54.386000,11244.0,320.0,8,100.0,False,0,pos,3655.995825926081,0.6326102037126717,OnTrack,4436.0,7957.0,1886.0
2026-09-05 14:40:23.575,0 days 00:53:46.971000,10,162.53388888888685,0 days 00:00:54.442000,11244.0,320.0,8,100.0,False,0,car,3660.9733333333324,0.6334714798532387,OnTrack,4400.440546333794,7926.118738623814,1886.8129593801932
2026-09-05 14:40:23.739,0 days 00:53:47.135000,10,158.79833333333139,0 days 00:00:54.606000,11238.988888888889,320.0,8,100.0,False,0,pos,3675.5498734932194,0.6359937114090245,OnTrack,4289.0,7829.0,1890.0
2026-09-05 14:40:23.879,0 days 00:53:47.275000,10,155.60944444444254,0 days 00:00:54.746000,11234.711111111112,320.0,8,100.0,False,0,pos,3687.99443857583,0.6381470395928801,OnTrack,4163.0,7719.0,1893.0
2026-09-05 14:40:23.935,0 days 00:53:47.331000,10,154.33388888888703,0 days 00:00:54.802000,11233.0,320.0,8,100.0,False,0,car,3692.9733333333324,0.6390085557916877,OnTrack,4118.8217531241535,7680.682482849637,1894.3054088148724
2026-09-05 14:40:24.139,0 days 00:53:47.535000,10,148.15722222222038,0 days 00:00:55.006000,11228.5375,320.0,8,100.0,False,0,pos,3711.114576855326,0.6421476008854119,OnTrack,3988.0,7568.0,1898.0
2026-09-05 14:40:24.255,0 days 00:53:47.651000,10,144.64499999999816,0 days 00:00:55.122000,11226.0,320.0,8,100.0,False,0,car,3721.417777777777,0.6439304010703091,OnTrack,3910.79499024026,7500.65868506261,1897.2621016288301
2026-09-05 14:40:24.339,0 days 00:53:47.735000,10,141.7049999999981,0 days 00:00:55.206000,11223.3,319.7,8,100.0,False,0,pos,3728.8684110015442,0.6452196111312319,OnTrack,3854.0,7451.0,1897.0
2026-09-05 14:40:24.535,0 days 00:53:47.931000,10,134.84499999999798,0 days 00:00:55.402000,11217.0,319.0,8,100.0,False,0,car,3746.228888888888,0.6482235575184191,OnTrack,3723.0266802007973,7336.915508439221,1900.561883149038
2026-09-05 14:40:24.559,0 days 00:53:47.955000,10,133.95166666666464,0 days 00:00:55.426000,11200.8,318.9142857142857,8,100.0,False,0,pos,3748.3537537692864,0.6485912305872225,OnTrack,3707.0,7323.0,1901.0
2026-09-05 14:40:24.815,0 days 00:53:48.211000,10,124.42277777777554,0 days 00:00:55.682000,11028.0,318.0,8,100.0,False,0,car,3770.9622222222215,0.6525032557958453,OnTrack,3535.669707759058,7174.33321544872,1903.949598094762
2026-09-05 14:40:24.819,0 days 00:53:48.215000,10,124.27499999999776,0 days 00:00:55.686000,11025.355555555556,317.9,8,100.0,False,0,pos,3771.3133506910385,0.6525640128269701,OnTrack,3533.0,7172.0,1904.0
2026-09-05 14:40:24.979,0 days 00:53:48.375000,10,118.36388888888656,0 days 00:00:55.846000,10919.577777777778,313.9,8,100.0,False,0,pos,3785.2920798066143,0.6549828029718435,OnTrack,3428.0,7080.0,1906.0
2026-09-05 14:40:25.175,0 days 00:53:48.571000,10,111.12277777777535,0 days 00:00:56.042000,10790.0,309.0,8,100.0,False,0,car,3801.8622222222216,0.6578499947489103,OnTrack,3300.317611504547,6969.870253493054,1905.9839646063404
2026-09-05 14:40:25.179,0 days 00:53:48.575000,10,111.01499999999757,0 days 00:00:56.046000,10792.85,308.69,8,99.0,False,0,pos,3802.1891107615284,0.6579065574572087,OnTrack,3297.0,6967.0,1906.0
2026-09-05 14:40:25.379,0 days 00:53:48.775000,10,105.62611111110866,0 days 00:00:56.246000,10935.35,293.19,8,49.0,False,0,pos,3817.9554544355815,0.6606346650257999,OnTrack,3106.0,6801.0,1908.0
2026-09-05 14:40:25.575,0 days 00:53:48.971000,10,100.34499999999753,0 days 00:00:56.442000,11075.0,278.0,8,0.0,True,0,car,3832.7511111111103,0.6631948111061631,OnTrack,3002.570246722502,6710.765897372136,1908.6877500888072
2026-09-05 14:40:25.735,0 days 00:53:49.131000,10,96.70055555555382,0 days 00:00:56.602000,10874.0,265.0,8,0.0,True,0,car,3844.5288888888876,0.6652327626668422,OnTrack,2951.6887574354296,6665.066142520884,1908.8165209146507
2026-09-05 14:40:25.779,0 days 00:53:49.175000,10,96.23611111110934,0 days 00:00:56.646000,10929.628571428571,260.12857142857143,8,0.0,True,0,pos,3847.5975056939983,0.6657637365504641,OnTrack,2933.0,6648.0,1909.0
2026-09-05 14:40:25.959,0 days 00:53:49.355000,10,94.33611111110922,0 days 00:00:56.826000,11157.2,240.2,8,0.0,True,0,pos,3859.295222916653,0.6677878349432247,OnTrack,2842.0,6564.0,1910.0
2026-09-05 14:40:26.015,0 days 00:53:49.411000,10,93.74499999999807,0 days 00:00:56.882000,11228.0,234.0,7,0.0,True,0,car,3862.728888888888,0.6683819746068351,OnTrack,2815.4613820121376,6539.2317777880935,1909.9793503787844
2026-09-05 14:40:26.219,0 days 00:53:49.615000,10,93.91499999999817,0 days 00:00:57.086000,10773.533333333333,217.56666666666666,7,0.0,True,0,pos,3874.5272731024857,0.6704234917737631,OnTrack,2727.0,6450.0,1909.0
2026-09-05 14:40:26.375,0 days 00:53:49.771000,10,94.04499999999825,0 days 00:00:57.242000,10426.0,205.0,5,0.0,True,0,car,3883.228888888888,0.6719291638799041,OnTrack,2656.556843131764,6362.721836390818,1909.0637452864225
2026-09-05 14:40:26.419,0 days 00:53:49.815000,10,94.16722222222045,0 days 00:00:57.286000,10387.5,203.9,5,0.0,True,0,pos,3885.687323320292,0.6723545556966661,OnTrack,2641.0,6342.0,1909.0
2026-09-05 14:40:26.535,0 days 00:53:49.931000,10,94.4894444444426,0 days 00:00:57.402000,10286.0,201.0,5,0.0,True,0,car,3892.1622222222213,0.6734749309127211,OnTrack,2614.5287593225185,6303.548061191641,1908.3930950934302
2026-09-05 14:40:26.735,0 days 00:53:50.131000,10,95.43388888888785,0 days 00:00:57.602000,10010.0,198.0,5,5.0,True,0,car,3903.162222222221,0.6753783007665629,OnTrack,2593.5729635424245,6254.4793877910615,1907.009982283753
2026-09-05 14:40:26.739,0 days 00:53:50.135000,10,95.47055555555451,0 days 00:00:57.606000,10008.457142857143,197.87142857142857,5,5.485714285714286,True,0,pos,3903.377653867764,0.6754155776847165,OnTrack,2593.0,6253.0,1907.0
2026-09-05 14:40:26.899,0 days 00:53:50.295000,10,96.93722222222115,0 days 00:00:57.766000,9946.742857142857,192.72857142857143,5,24.914285714285715,True,0,pos,3911.8207487873447,0.6768765169886307,OnTrack,2567.0,6176.0,1907.0
2026-09-05 14:40:27.015,0 days 00:53:50.411000,10,98.00055555555446,0 days 00:00:57.882000,9902.0,189.0,5,39.0,False,0,car,3917.862222222221,0.677921895025788,OnTrack,2553.979476176567,6098.81602303548,1906.7886663742129
2026-09-05 14:40:27.175,0 days 00:53:50.571000,10,99.73388888888712,0 days 00:00:58.042000,9971.0,188.0,5,63.0,False,0,car,3926.217777777777,0.6793676870763831,OnTrack,2545.8250108822826,5977.7802051476265,1906.173513890854
2026-09-05 14:40:27.259,0 days 00:53:50.655000,10,100.71388888888742,0 days 00:00:58.126000,10013.0,188.525,5,70.35,False,0,pos,3930.604781769646,0.6801267862715474,OnTrack,2544.0,5930.0,1906.0
2026-09-05 14:40:27.335,0 days 00:53:50.731000,10,101.60055555555437,0 days 00:00:58.202000,10051.0,189.0,5,77.0,False,0,car,3934.6177777777766,0.6808211695102259,OnTrack,2543.6160020451875,5898.165656299601,1905.958848046622
2026-09-05 14:40:27.599,0 days 00:53:50.995000,10,104.68055500647347,0 days 00:00:58.466000,10956.983125395765,196.35375913470588,5,93.17827009635296,False,0,pos,3949.1392295532387,0.6833338689232654,OnTrack,2546.0,5797.0,1906.0
2026-09-05 14:40:27.694,0 days 00:53:51.090000,10,105.78888888888741,0 days 00:00:58.561000,11283.0,199.0,5,99.0,False,0,car,3954.4624999999987,0.6842549736952844,OnTrack,2544.380918204826,5712.621897964413,1905.6217133471387
2026-09-05 14:40:27.819,0 days 00:53:51.215000,10,107.38611029333188,0 days 00:00:58.686000,11025.5782568,200.5624992,5,82.5937584,False,0,pos,3961.4874179600356,0.6854705207017251,OnTrack,2541.0,5595.0,1905.0
2026-09-05 14:40:28.014,0 days 00:53:51.410000,10,109.87777777777637,0 days 00:00:58.881000,10624.0,203.0,5,57.0,False,0,car,3972.506944444443,0.6873772692939097,OnTrack,2536.4523952606064,5507.211353414723,1904.4707709246784
2026-09-05 14:40:28.218,0 days 00:53:51.614000,10,112.59777436444288,0 days 00:00:59.085000,10825.085461942857,205.18571154285715,5,78.85711542857143,False,0,pos,3984.145400972135,0.689391113593915,OnTrack,2525.0,5450.0,1904.0
2026-09-05 14:40:28.294,0 days 00:53:51.690000,10,113.6111111111095,0 days 00:00:59.161000,10900.0,206.0,5,87.0,False,0,car,3988.5291666666653,0.6901496524547582,OnTrack,2516.883402475065,5412.708967070143,1903.7093627339013
2026-09-05 14:40:28.438,0 days 00:53:51.834000,10,115.45111111110946,0 days 00:00:59.305000,11221.6,209.0,5,94.8,False,0,pos,3996.922895653633,0.6916020497924957,OnTrack,2496.0,5329.0,1903.0
2026-09-05 14:40:28.534,0 days 00:53:51.930000,10,116.6777777777761,0 days 00:00:59.401000,11436.0,211.0,5,100.0,False,0,car,4002.595833333332,0.6925836587527014,OnTrack,2478.341657356184,5275.639708790157,1902.4264832562048
2026-09-05 14:40:28.599,0 days 00:53:51.995000,10,117.45416590222065,0 days 00:00:59.466000,11422.535727542858,212.6249984,5,100.0,False,0,pos,4006.4763812467813,0.6932551240176876,OnTrack,2465.0,5240.0,1902.0
2026-09-05 14:40:28.759,0 days 00:53:52.155000,10,119.36527701333202,0 days 00:00:59.626000,11389.3928704,216.6249984,5,100.0,False,0,pos,4016.1688538000208,0.6949322476601446,OnTrack,2428.0,5152.0,1901.0
2026-09-05 14:40:28.814,0 days 00:53:52.210000,10,120.02222222222099,0 days 00:00:59.681000,11378.0,218.0,5,100.0,False,0,car,4019.5513888888872,0.6955175399617547,OnTrack,2413.72268704644,5122.133954461973,1900.8642051717075
2026-09-05 14:40:29.039,0 days 00:53:52.435000,10,122.58472149333171,0 days 00:00:59.906000,10576.8395136,224.4285696,5,100.0,False,0,pos,4033.645680095996,0.6979563262340164,OnTrack,2346.0,5003.0,1901.0
2026-09-05 14:40:29.094,0 days 00:53:52.490000,10,123.2111111111094,0 days 00:00:59.961000,10381.0,226.0,6,100.0,False,0,car,4037.1291666666652,0.6985590865362777,OnTrack,2326.84703601778,4974.740987397194,1900.8795478484572
2026-09-05 14:40:29.279,0 days 00:53:52.675000,10,125.16388873191192,0 days 00:01:00.146000,10567.535254714756,229.83817396532422,6,100.0,False,0,pos,4048.9424591264024,0.7006031833310489,OnTrack,2255.0,4882.0,1900.0
2026-09-05 14:40:29.335,0 days 00:53:52.731000,10,125.75499999999874,0 days 00:01:00.202000,10624.0,231.0,6,100.0,False,0,car,4052.593333333332,0.7012349073224704,OnTrack,2231.133125081543,4854.497285389546,1899.673606690696
2026-09-05 14:40:29.479,0 days 00:53:52.875000,10,126.99499999999847,0 days 00:01:00.346000,10742.285714285714,236.65714285714284,6,100.0,False,0,pos,4062.1958893600718,0.7028964723825727,OnTrack,2166.0,4785.0,1899.0
2026-09-05 14:40:29.615,0 days 00:53:53.011000,10,128.16611111110933,0 days 00:01:00.482000,10854.0,242.0,6,100.0,False,0,car,4071.415555555554,0.7044917846279332,OnTrack,2101.453062126734,4720.611924300317,1899.038265376636
2026-09-05 14:40:29.639,0 days 00:53:53.035000,10,128.36611111110935,0 days 00:01:00.506000,10884.0,242.3,6,100.0,False,0,pos,4073.045025213637,0.7047737376665645,OnTrack,2090.0,4709.0,1899.0
2026-09-05 14:40:29.839,0 days 00:53:53.235000,10,130.0327777777762,0 days 00:01:00.706000,11134.0,244.8,6,100.0,False,0,pos,4086.6654701627335,0.7071305326040211,OnTrack,1998.0,4610.0,1898.0
2026-09-05 14:40:29.935,0 days 00:53:53.331000,10,130.8327777777763,0 days 00:01:00.802000,11254.0,246.0,6,100.0,False,0,car,4093.2822222222208,0.7082754531858734,OnTrack,1961.0385850278863,4565.804441332404,1897.9394997005575
2026-09-05 14:40:30.079,0 days 00:53:53.475000,10,131.9927777777766,0 days 00:01:00.946000,11372.44,248.88,6,100.0,False,0,pos,4103.336881754009,0.7100152473534597,OnTrack,1907.0,4478.0,1898.0
2026-09-05 14:40:30.279,0 days 00:53:53.675000,10,133.60388888888815,0 days 00:01:01.146000,11536.94,252.88,6,100.0,False,0,pos,4117.512280157632,0.7124680678977918,OnTrack,1821.0,4272.0,1897.0
2026-09-05 14:40:30.335,0 days 00:53:53.731000,10,134.05499999999938,0 days 00:01:01.202000,11583.0,254.0,6,100.0,False,0,car,4121.504444444443,0.7131588465482555,OnTrack,1804.9034029235238,4227.639191314181,1896.8471780174978
2026-09-05 14:40:30.615,0 days 00:53:54.011000,10,136.31055555555486,0 days 00:01:01.482000,10280.0,259.0,7,100.0,False,0,car,4141.648888888887,0.7166445127553416,OnTrack,1777.6513876167,4107.966987586415,1897.0443575979632
2026-09-05 14:40:30.659,0 days 00:53:54.055000,10,136.65277777777698,0 days 00:01:01.526000,10319.844444444445,259.85555555555555,7,100.0,False,0,pos,4144.8613083275495,0.7172003693296548,OnTrack,1774.0,4087.0,1897.0
2026-09-05 14:40:30.919,0 days 00:53:54.315000,10,138.67499999999868,0 days 00:01:01.786000,10555.288888888888,264.9111111111111,7,100.0,False,0,pos,4164.088935891046,0.7205273953901328,OnTrack,1744.0,3898.0,1896.0
2026-09-05 14:40:30.975,0 days 00:53:54.371000,10,139.11055555555413,0 days 00:01:01.842000,10606.0,266.0,7,100.0,False,0,car,4168.248888888887,0.7212472071291774,OnTrack,1737.0231121379968,3830.870183462573,1895.6809634795816
2026-09-05 14:40:31.099,0 days 00:53:54.495000,10,140.040555555554,0 days 00:01:01.966000,10629.25,267.55,7,100.0,False,0,pos,4177.470986874786,0.7228429401560442,OnTrack,1723.0,3674.0,1895.0
2026-09-05 14:40:31.135,0 days 00:53:54.531000,10,140.31055555555395,0 days 00:01:02.002000,10636.0,268.0,7,100.0,False,0,car,4180.159999999999,0.7233082298396002,OnTrack,1719.8989472198627,3638.8453440881653,1894.8618497812506
2026-09-05 14:40:31.335,0 days 00:53:54.731000,10,141.81055555555395,0 days 00:01:02.202000,10754.0,271.0,7,100.0,False,0,car,4195.215555555555,0.725913347164808,OnTrack,1710.774235937869,3535.3001591360303,1894.5902114950852
2026-09-05 14:40:31.495,0 days 00:53:54.891000,10,143.05499999999847,0 days 00:01:02.362000,10841.0,273.0,7,100.0,False,0,car,4207.348888888888,0.72801282179147,OnTrack,1704.2202939043973,3466.2659631179004,1894.0248672284015
2026-09-05 14:40:31.499,0 days 00:53:54.895000,10,143.08388888888737,0 days 00:01:02.366000,10843.02,273.08,7,100.0,False,0,pos,4207.654064407589,0.7280656274171451,OnTrack,1704.0,3464.0,1894.0
2026-09-05 14:40:31.695,0 days 00:53:55.091000,10,144.49944444444282,0 days 00:01:02.562000,10942.0,277.0,7,100.0,False,0,car,4222.7377777777765,0.7306756169910366,OnTrack,1689.9354953778357,3321.1632806753087,1892.3206890056663
2026-09-05 14:40:31.739,0 days 00:53:55.135000,10,144.78055555555383,0 days 00:01:02.606000,10963.56,277.88,7,100.0,False,0,pos,4226.157524742965,0.731267348198428,OnTrack,1686.0,3281.0,1892.0
2026-09-05 14:40:31.895,0 days 00:53:55.291000,10,145.7772222222202,0 days 00:01:02.762000,11040.0,281.0,7,100.0,False,0,car,4238.348888888888,0.7333768641068424,OnTrack,1669.960097133644,3115.8975482326377,1891.3238918445334
2026-09-05 14:40:32.019,0 days 00:53:55.415000,10,146.638333333331,0 days 00:01:02.886000,11117.5,281.51666666666665,7,100.0,False,0,pos,4248.048498976158,0.7350552227826727,OnTrack,1658.0,2992.0,1891.0
2026-09-05 14:40:32.135,0 days 00:53:55.531000,10,147.44388888888625,0 days 00:01:03.002000,11190.0,282.0,7,100.0,False,0,car,4257.148888888888,0.7366298962206813,OnTrack,1649.5062644420473,2903.5809711045167,1890.6698938029247
2026-09-05 14:40:32.319,0 days 00:53:55.715000,10,148.72166666666496,0 days 00:01:03.186000,11271.266666666666,284.3,7,100.0,False,0,pos,4271.6888385717375,0.7391457963936553,OnTrack,1639.0,2788.0,1890.0
2026-09-05 14:40:32.375,0 days 00:53:55.771000,10,149.11055555555413,0 days 00:01:03.242000,11296.0,285.0,7,100.0,False,0,car,4276.148888888888,0.7399175350591355,OnTrack,1635.72097107717,2748.741932535187,1889.7292109917375
2026-09-05 14:40:32.499,0 days 00:53:55.895000,10,149.86833333333175,0 days 00:01:03.366000,11373.942857142858,287.2142857142857,7,100.0,False,0,pos,4286.091003436188,0.7416378551602968,OnTrack,1627.0,2645.0,1889.0
2026-09-05 14:40:32.655,0 days 00:53:56.051000,10,150.8216666666649,0 days 00:01:03.522000,11472.0,290.0,7,100.0,False,0,car,4298.704444444444,0.7438204045574173,OnTrack,1609.2319183632094,2453.055458165409,1887.7857918087157
2026-09-05 14:40:32.759,0 days 00:53:56.155000,10,151.39944444444194,0 days 00:01:03.626000,11247.1,291.95,7,100.0,False,0,pos,4307.160399729806,0.7452835691370168,OnTrack,1597.0,2323.0,1887.0
2026-09-05 14:40:32.815,0 days 00:53:56.211000,10,151.71055555555267,0 days 00:01:03.682000,11126.0,293.0,7,100.0,False,0,car,4311.7266666666665,0.7460736868490363,OnTrack,1591.2486319924953,2261.264448099665,1886.6355949912422
2026-09-05 14:40:33.015,0 days 00:53:56.411000,10,152.821666666664,0 days 00:01:03.882000,10374.0,295.0,7,100.0,False,0,car,4328.115555555555,0.7489095156716794,OnTrack,1575.4404308199703,2087.84517549943,1885.6667868692775
2026-09-05 14:40:33.175,0 days 00:53:56.571000,10,153.62166666666326,0 days 00:01:04.042000,10439.0,298.0,8,100.0,False,0,car,4341.36,0.7512012498795375,OnTrack,1566.2208509381758,1986.0755123726924,1885.1275557163196
2026-09-05 14:40:33.219,0 days 00:53:56.615000,10,153.829444444441,0 days 00:01:04.086000,10470.625,298.275,8,100.0,False,0,pos,4345.00949984352,0.7518327360598789,OnTrack,1564.0,1962.0,1885.0
2026-09-05 14:40:33.335,0 days 00:53:56.731000,10,154.37722222221873,0 days 00:01:04.202000,10554.0,299.0,8,100.0,False,0,car,4354.648888888888,0.7535006744706433,OnTrack,1558.7954017048967,1906.6154106700453,1884.7065868135965
2026-09-05 14:40:33.519,0 days 00:53:56.915000,10,155.1438888888856,0 days 00:01:04.386000,10637.457142857143,300.9714285714286,8,100.0,False,0,pos,4370.054520315661,0.7561663666921994,OnTrack,1550.0,1812.0,1884.0
2026-09-05 14:40:33.615,0 days 00:53:57.011000,10,155.5438888888857,0 days 00:01:04.482000,10681.0,302.0,8,100.0,False,0,car,4378.137777777777,0.7575650420171299,OnTrack,1543.4635792219399,1738.35864119418,1883.262874084148
2026-09-05 14:40:33.759,0 days 00:53:57.155000,10,156.0638888888863,0 days 00:01:04.626000,10744.0,303.8,8,100.0,False,0,pos,4390.311189135023,0.7596714514894751,OnTrack,1532.0,1611.0,1882.0
2026-09-05 14:40:33.855,0 days 00:53:57.251000,10,156.4105555555534,0 days 00:01:04.722000,10786.0,305.0,8,100.0,False,0,car,4398.47111111111,0.7610833923530194,OnTrack,1524.1063127225034,1528.7998879069014,1881.3514430504486
2026-09-05 14:40:33.919,0 days 00:53:57.315000,10,156.5705555555535,0 days 00:01:04.786000,10802.888888888889,305.7111111111111,8,100.0,False,0,pos,4403.934664286494,0.7620287707538274,OnTrack,1519.0,1476.0,1881.0
2026-09-05 14:40:34.159,0 days 00:53:57.555000,10,157.17055555555388,0 days 00:01:05.026000,10866.222222222223,308.3777777777778,8,100.0,False,0,pos,4424.55409857791,0.7655966261750596,OnTrack,1500.0,1272.0,1880.0
2026-09-05 14:40:34.215,0 days 00:53:57.611000,10,157.31055555555395,0 days 00:01:05.082000,10881.0,309.0,8,100.0,False,0,car,4429.37111111111,0.7664301313060842,OnTrack,1494.0147104852724,1206.8462772895211,1879.6921667294557
2026-09-05 14:40:34.454,0 days 00:53:57.850000,10,157.90805555555198,0 days 00:01:05.321000,10911.0,310.0,8,100.0,False,0,car,4449.951666666666,0.76999125939879,OnTrack,1465.8849244737523,898.9423277888259,1878.129274225952
2026-09-05 14:40:34.479,0 days 00:53:57.875000,10,157.94972211555194,0 days 00:01:05.346000,10918.4999808,310.2343744,8,100.0,False,0,pos,4452.114362601501,0.7703654785120074,OnTrack,1464.0,878.0,1878.0
2026-09-05 14:40:34.738,0 days 00:53:58.134000,10,158.3813884622182,0 days 00:01:05.605000,10996.1999232,312.6624976,8,100.0,False,0,pos,4474.637092421108,0.7742626680542678,OnTrack,1455.0,774.0,1877.0
2026-09-05 14:40:34.774,0 days 00:53:58.170000,10,158.44138888888483,0 days 00:01:05.641000,11007.0,313.0,8,100.0,False,0,car,4477.773888888889,0.7748054393119416,OnTrack,1453.305117492467,754.9666451020348,1876.8278555601305
2026-09-05 14:40:35.054,0 days 00:53:58.450000,10,158.98583333332954,0 days 00:01:05.921000,11068.0,314.0,8,100.0,False,0,car,4502.196111111111,0.779031304906633,OnTrack,1430.6832492766946,508.6754569629571,1875.141037103988
2026-09-05 14:40:35.079,0 days 00:53:58.475000,10,159.02749989332972,0 days 00:01:05.946000,11067.50000128,314.12499968,8,100.0,False,0,pos,4504.381383997959,0.7794094305916552,OnTrack,1428.0,480.0,1875.0
2026-09-05 14:40:35.254,0 days 00:53:58.650000,10,159.3191666666644,0 days 00:01:06.121000,11064.0,315.0,8,100.0,False,0,car,4519.69611111111,0.7820593933104721,OnTrack,1407.5850093891127,263.44133218345587,1874.1164599965882
2026-09-05 14:40:35.279,0 days 00:53:58.675000,10,159.3677776533309,0 days 00:01:06.146000,11062.2291712,315.0,8,100.0,False,0,pos,4521.884020237188,0.7824379751535195,OnTrack,1405.0,236.0,1874.0
2026-09-05 14:40:35.494,0 days 00:53:58.890000,10,159.78583333332972,0 days 00:01:06.361000,11047.0,315.0,8,100.0,False,0,car,4540.696111111111,0.7856930993950795,OnTrack,1389.1962189401356,66.74195779962406,1873.0722204814585
2026-09-05 14:40:35.719,0 days 00:53:59.115000,10,160.22333329611257,0 days 00:01:06.586000,11053.308410678312,315.0,8,100.0,False,0,pos,4560.384905183548,0.789099922767441,OnTrack,1376.0,-76.0,1872.0
2026-09-05 14:40:35.815,0 days 00:53:59.211000,10,160.40999999999622,0 days 00:01:06.682000,11056.0,315.0,8,100.0,False,0,car,4568.783611111111,0.7905531812832416,OnTrack,1368.4868606958198,-156.65591871294285,1871.4320180976267
2026-09-05 14:40:35.919,0 days 00:53:59.315000,10,160.6411111111074,0 days 00:01:06.786000,11055.711111111112,315.0,8,100.0,False,0,pos,4577.87981492663,0.7921271303856835,OnTrack,1360.0,-250.0,1871.0
2026-09-05 14:40:36.079,0 days 00:53:59.475000,10,160.996666666663,0 days 00:01:06.946000,11055.266666666666,315.0,8,100.0,False,0,pos,4591.874284455563,0.7945486441513088,OnTrack,1348.0,-390.0,1871.0
2026-09-05 14:40:36.175,0 days 00:53:59.571000,10,161.2099999999964,0 days 00:01:07.042000,11055.0,315.0,8,100.0,False,0,car,4600.283611111111,0.7960037404101523,OnTrack,1340.717699760303,-473.07021832826564,1870.6623847729152
2026-09-05 14:40:36.379,0 days 00:53:59.775000,10,161.71999999999642,0 days 00:01:07.246000,11061.010714285714,315.3642857142857,8,100.0,False,0,pos,4618.191244993997,0.7991023631816363,OnTrack,1324.0,-651.0,1869.0
2026-09-05 14:40:36.479,0 days 00:53:59.875000,10,161.96999999999645,0 days 00:01:07.346000,11063.957142857143,315.54285714285714,8,100.0,False,0,pos,4626.988280689716,0.8006245461404,OnTrack,1315.0,-739.0,1868.0
2026-09-05 14:40:37.295,0 days 00:54:00.691000,10,164.00999999999658,0 days 00:01:08.162000,11088.0,317.0,8,100.0,False,0,car,4698.905833333333,0.8130687008371225,OnTrack,1275.7970647448747,-1169.243062526343,1865.3686482912344
2026-09-05 14:40:37.379,0 days 00:54:00.775000,10,164.24333333333033,0 days 00:01:08.246000,11089.2,316.7,8,100.0,False,0,pos,4706.283785303873,0.8143453345974696,OnTrack,1266.0,-1278.0,1865.0
2026-09-05 14:40:37.575,0 days 00:54:00.971000,10,164.78777777777577,0 days 00:01:08.442000,11092.0,316.0,8,100.0,False,0,car,4723.48361111111,0.8173214827731811,OnTrack,1239.4006196072671,-1570.6166434107954,1864.0121049514157
2026-09-05 14:40:37.579,0 days 00:54:00.975000,10,164.79888888888686,0 days 00:01:08.446000,11092.245454545455,316.0,8,100.0,False,0,pos,4723.834589922711,0.8173822139085754,OnTrack,1239.0,-1575.0,1864.0
2026-09-05 14:40:37.879,0 days 00:54:01.275000,10,165.63222222221924,0 days 00:01:08.746000,11110.654545454545,316.0,8,100.0,False,0,pos,4750.159209414551,0.8219372581953596,OnTrack,1226.0,-1715.0,1864.0
2026-09-05 14:40:38.015,0 days 00:54:01.411000,10,166.00999999999658,0 days 00:01:08.882000,11119.0,316.0,8,100.0,False,0,car,4762.105833333333,0.8240044258155593,OnTrack,1217.2738967311466,-1810.371913887828,1863.8074941994123
2026-09-05 14:40:38.139,0 days 00:54:01.535000,10,166.21666666666306,0 days 00:01:09.006000,11120.55,316.31,8,100.0,False,0,pos,4773.009416883851,0.8258911123818232,OnTrack,1205.0,-1943.0,1863.0
2026-09-05 14:40:38.359,0 days 00:54:01.755000,10,166.5833333333294,0 days 00:01:09.226000,11123.3,316.86,8,100.0,False,0,pos,4792.3864155229085,0.8292439846606883,OnTrack,1177.0,-2241.0,1860.0
2026-09-05 14:40:38.415,0 days 00:54:01.811000,10,166.67666666666264,0 days 00:01:09.282000,11124.0,317.0,8,100.0,False,0,car,4797.328055555555,0.8300990545394771,OnTrack,1172.7522765753095,-2287.149988698227,1859.5547276119282
2026-09-05 14:40:38.615,0 days 00:54:02.011000,10,166.8433333333296,0 days 00:01:09.482000,11127.0,318.0,8,100.0,False,0,car,4814.994722222222,0.8331559818804959,OnTrack,1165.9057690004386,-2366.7387287235288,1859.146095950959
2026-09-05 14:40:38.659,0 days 00:54:02.055000,10,166.5133333333296,0 days 00:01:09.526000,11128.43,317.89,8,100.0,False,0,pos,4818.875949743757,0.8338275647405315,OnTrack,1163.0,-2399.0,1859.0
2026-09-05 14:40:38.959,0 days 00:54:02.355000,10,164.2633333333296,0 days 00:01:09.826000,11138.18,317.14,8,100.0,False,0,pos,4845.283408150345,0.8383969429448664,OnTrack,1129.0,-2768.0,1857.0
2026-09-05 14:40:39.015,0 days 00:54:02.411000,10,163.8433333333296,0 days 00:01:09.882000,11140.0,317.0,8,100.0,False,0,car,4850.216944444444,0.8392506106044139,OnTrack,1124.1625998249801,-2821.386748860745,1856.6447484246685
2026-09-05 14:40:39.379,0 days 00:54:02.775000,10,157.57444444444008,0 days 00:01:10.246000,11163.66,317.91,8,100.0,False,0,pos,4882.363266742832,0.8448130052202897,OnTrack,1105.0,-3031.0,1856.0
2026-09-05 14:40:39.415,0 days 00:54:02.811000,10,156.95444444444,0 days 00:01:10.282000,11166.0,318.0,8,100.0,False,0,car,4885.5502777777765,0.8453644652864511,OnTrack,1102.2349597347043,-3057.893504648466,1856.2589332334342
2026-09-05 14:40:39.659,0 days 00:54:03.055000,10,151.32888888888448,0 days 00:01:10.526000,11166.7625,318.7625,8,100.0,False,0,pos,4907.178624812629,0.8491068965350482,OnTrack,1082.0,-3277.0,1855.0
2026-09-05 14:40:39.679,0 days 00:54:03.075000,10,150.86777777777337,0 days 00:01:10.546000,11166.825,318.825,8,100.0,False,0,pos,4908.949891546782,0.8494133852354935,OnTrack,1081.0,-3295.0,1854.0
2026-09-05 14:40:39.735,0 days 00:54:03.131000,10,149.57666666666228,0 days 00:01:10.602000,11167.0,319.0,8,100.0,False,0,car,4913.905833333332,0.8502709297985769,OnTrack,1077.6903927140631,-3345.9597471608513,1851.7819960973598
2026-09-05 14:40:39.935,0 days 00:54:03.331000,10,144.52111111110662,0 days 00:01:10.802000,11131.0,318.0,8,100.0,False,0,car,4931.572499999999,0.8533278571395957,OnTrack,1059.2437633516229,-3536.294318199074,1851.3131449435825
2026-09-05 14:40:40.059,0 days 00:54:03.455000,10,141.1799999999955,0 days 00:01:10.926000,11109.3,317.6125,8,100.0,False,0,pos,4942.526606439439,0.8552232858643778,OnTrack,1046.0,-3664.0,1852.0
2026-09-05 14:40:40.255,0 days 00:54:03.651000,10,135.89888888888436,0 days 00:01:11.122000,11075.0,317.0,8,100.0,False,0,car,4959.750277777776,0.8582035601187299,OnTrack,1024.549933215394,-3883.096097418837,1851.3098225897368
2026-09-05 14:40:40.439,0 days 00:54:03.835000,10,130.73666666666298,0 days 00:01:11.306000,10796.7,312.975,8,100.0,False,0,pos,4975.659330305137,0.8609563611172539,OnTrack,1007.0,-4065.0,1850.0
2026-09-05 14:40:40.575,0 days 00:54:03.971000,10,126.92111111110808,0 days 00:01:11.442000,10591.0,310.0,8,100.0,False,0,car,4987.305833333331,0.8629715977323942,OnTrack,997.491996559699,-4159.4506849138115,1849.3922567931531
2026-09-05 14:40:40.859,0 days 00:54:04.255000,10,119.03222222221856,0 days 00:01:11.726000,10462.3125,302.9,8,100.0,False,0,pos,5011.238808208296,0.8671128070860089,OnTrack,980.0,-4321.0,1849.0
2026-09-05 14:40:40.895,0 days 00:54:04.291000,10,118.03222222221848,0 days 00:01:11.762000,10446.0,302.0,8,100.0,False,0,car,5014.150277777776,0.8676165892140932,OnTrack,976.94917526666,-4349.042525575336,1849.0184503998066
2026-09-05 14:40:40.999,0 days 00:54:04.395000,10,115.86555605256484,0 days 00:01:11.866000,10633.870924646097,292.68100572191986,8,62.72402288767934,False,0,pos,5022.355380127654,0.8690363478014063,OnTrack,967.0,-4437.0,1849.0
2026-09-05 14:40:41.174,0 days 00:54:04.570000,10,112.21972222221848,0 days 00:01:12.041000,10950.0,277.0,8,0.0,True,0,car,5035.617777777776,0.8713311885174886,OnTrack,948.4430230031238,-4577.548789478858,1848.0266209331203
2026-09-05 14:40:41.179,0 days 00:54:04.575000,10,112.14194543999625,0 days 00:01:12.046000,10960.285582628572,276.71428937142855,8,0.0,True,0,pos,5035.990453763434,0.8713956739935206,OnTrack,948.0,-4581.0,1848.0
2026-09-05 14:40:41.454,0 days 00:54:04.850000,10,107.86416666666264,0 days 00:01:12.321000,11526.0,261.0,8,0.0,True,0,car,5055.917777777776,0.8748437710659422,OnTrack,920.3445148687805,-4769.826066686813,1847.0925698949363
2026-09-05 14:40:41.478,0 days 00:54:04.874000,10,107.64416666666264,0 days 00:01:12.345000,11469.42857142857,259.45714285714286,8,0.0,True,0,pos,5057.5924529017175,0.8751335461701141,OnTrack,914.0,-4801.0,1847.0
2026-09-05 14:40:41.659,0 days 00:54:05.055000,10,105.98500058666268,0 days 00:01:12.526000,11042.785865142858,247.82143268571429,8,0.0,True,0,pos,5069.875918663463,0.8772589987548055,OnTrack,849.0,-5093.0,1846.0
2026-09-05 14:40:41.734,0 days 00:54:05.130000,10,105.29749999999603,0 days 00:01:12.601000,10866.0,243.0,6,0.0,True,0,car,5074.8177777777755,0.8781141065420887,OnTrack,831.4149077032829,-5160.419610556725,1845.3481655521139
2026-09-05 14:40:41.879,0 days 00:54:05.275000,10,104.81416687999607,0 days 00:01:12.746000,11287.406064,236.6562528,6,0.4531248,True,0,pos,5084.151471618458,0.8797291494040291,OnTrack,802.0,-5231.0,1844.0
2026-09-05 14:40:42.054,0 days 00:54:05.450000,10,104.23083333332943,0 days 00:01:12.921000,11796.0,229.0,5,1.0,True,0,car,5095.173333333331,0.8816363020696022,OnTrack,725.0581408221809,-5392.1975670088605,1843.1503864535218
2026-09-05 14:40:42.119,0 days 00:54:05.515000,10,104.17666671999659,0 days 00:01:12.986000,11692.97510144,227.3750016,5,1.32499968,True,0,pos,5099.246724413215,0.8823411356863622,OnTrack,700.0,-5442.0,1843.0
2026-09-05 14:40:42.254,0 days 00:54:05.650000,10,104.06416666666428,0 days 00:01:13.121000,11479.0,224.0,5,2.0,True,0,car,5107.617777777775,0.8837896093789989,OnTrack,669.5347361697902,-5494.928239105766,1842.9113876844394
2026-09-05 14:40:42.439,0 days 00:54:05.835000,10,104.93777760233513,0 days 00:01:13.306000,11305.746066539112,218.96598740549476,5,18.780041981684096,True,0,pos,5118.699829611491,0.8857071769589085,OnTrack,636.0,-5527.0,1843.0
2026-09-05 14:40:42.619,0 days 00:54:06.015000,10,105.78777772569059,0 days 00:01:13.486000,11137.1746135038,214.06802751100625,5,35.10657496331246,True,0,pos,5129.174409428055,0.8875196314547731,OnTrack,562.0,-5604.0,1843.0
2026-09-05 14:40:42.695,0 days 00:54:06.091000,10,106.1466666666629,0 days 00:01:13.562000,11066.0,212.0,5,42.0,False,0,car,5133.587777777775,0.8882832925702965,OnTrack,527.5496008453312,-5633.715841652149,1843.1115546476215
2026-09-05 14:40:42.859,0 days 00:54:06.255000,10,107.33111111110726,0 days 00:01:13.726000,11036.07,210.77,5,48.15,False,0,pos,5143.099610884249,0.8899291595148091,OnTrack,450.0,-5687.0,1843.0
2026-09-05 14:40:42.979,0 days 00:54:06.375000,10,108.19777777777387,0 days 00:01:13.846000,11014.17,209.87,5,52.65,False,0,pos,5150.058277357875,0.8911332427865218,OnTrack,389.0,-5721.0,1842.0
2026-09-05 14:40:43.095,0 days 00:54:06.491000,10,109.03555555555158,0 days 00:01:13.962000,10993.0,209.0,5,57.0,False,0,car,5156.809999999998,0.892301517817296,OnTrack,329.76121252715996,-5748.2486370898405,1841.9721758637154
2026-09-05 14:40:43.279,0 days 00:54:06.675000,10,110.51777777777367,0 days 00:01:14.146000,11074.075,210.15,5,69.65,False,0,pos,5167.573147719261,0.8941639042628681,OnTrack,225.0,-5780.0,1843.0
2026-09-05 14:40:43.415,0 days 00:54:06.811000,10,111.61333333332914,0 days 00:01:14.282000,11134.0,211.0,5,79.0,False,0,car,5175.565555555553,0.8955468595478869,OnTrack,126.53505319432493,-5794.960834889468,1843.0567056584441
2026-09-05 14:40:43.539,0 days 00:54:06.935000,10,112.6466666666621,0 days 00:01:14.406000,11286.52,212.24,5,79.62,False,0,pos,5182.878856331698,0.8968123064778318,OnTrack,39.0,-5802.0,1843.0
2026-09-05 14:40:43.615,0 days 00:54:07.011000,10,113.2799999999952,0 days 00:01:14.482000,11380.0,213.0,5,80.0,False,0,car,5187.398888888887,0.897594424087626,OnTrack,-5.750703421843825,-5803.066711033184,1843.10941142433
2026-09-05 14:40:43.895,0 days 00:54:07.291000,10,115.53555555555067,0 days 00:01:14.762000,11463.0,218.0,5,89.0,False,0,car,5204.354444444442,0.9005283052966793,OnTrack,-138.88629265379228,-5786.728385461076,1843.9673291953636
2026-09-05 14:40:43.919,0 days 00:54:07.315000,10,115.72222222221735,0 days 00:01:14.786000,11495.25,218.3,5,90.65,False,0,pos,5205.817083774615,0.9007813910792333,OnTrack,-152.0,-5784.0,1844.0
2026-09-05 14:40:44.055,0 days 00:54:07.451000,10,116.7799999999952,0 days 00:01:14.922000,11678.0,220.0,5,100.0,False,0,car,5214.13222222222,0.9022201896112053,OnTrack,-233.77593398469233,-5764.784981852628,1844.0171248578768
2026-09-05 14:40:44.119,0 days 00:54:07.515000,10,117.25999999999586,0 days 00:01:14.986000,11705.2,221.2,5,100.0,False,0,pos,5218.078150527204,0.9029029678822169,OnTrack,-272.0,-5754.0,1844.0
2026-09-05 14:40:44.215,0 days 00:54:07.611000,10,117.97999999999683,0 days 00:01:15.082000,11746.0,223.0,5,100.0,False,0,car,5224.04333333333,0.9039351450754748,OnTrack,-325.70505631498736,-5735.970276550336,1844.0000544613533
2026-09-05 14:40:44.279,0 days 00:54:07.675000,10,118.44222222221899,0 days 00:01:15.146000,11423.485714285714,224.14285714285714,5,100.0,False,0,pos,5228.053494842481,0.9046290378505253,OnTrack,-365.0,-5720.0,1844.0
2026-09-05 14:40:44.495,0 days 00:54:07.891000,10,120.00222222221873,0 days 00:01:15.362000,10335.0,228.0,5,100.0,False,0,car,5241.776666666664,0.9070036079913654,OnTrack,-538.7322148541018,-5632.965079296993,1843.9507841029251
2026-09-05 14:40:44.579,0 days 00:54:07.975000,10,120.56222222221861,0 days 00:01:15.446000,10373.85,229.26,5,100.0,False,0,pos,5247.185614159194,0.9079395377730286,OnTrack,-606.0,-5592.0,1844.0
2026-09-05 14:40:44.895,0 days 00:54:08.291000,10,122.6688888888848,0 days 00:01:15.762000,10520.0,234.0,6,100.0,False,0,car,5267.776666666664,0.9115024821913552,OnTrack,-801.6486352647588,-5432.864798648784,1844.762458053264
2026-09-05 14:40:44.959,0 days 00:54:08.355000,10,123.07777777777379,0 days 00:01:15.826000,10565.866666666667,234.53333333333333,6,100.0,False,0,pos,5271.954223720768,0.9122253400240359,OnTrack,-827.0,-5409.0,1845.0
2026-09-05 14:40:45.135,0 days 00:54:08.531000,10,124.20222222221855,0 days 00:01:16.002000,10692.0,236.0,6,100.0,False,0,car,5283.509999999997,0.9142248778610925,OnTrack,-870.5951537150429,-5364.734848654805,1845.7516377506124
2026-09-05 14:40:45.239,0 days 00:54:08.635000,10,124.75111111110733,0 days 00:01:16.106000,10757.866666666667,238.6,6,100.0,False,0,pos,5290.467344136834,0.9154287323240798,OnTrack,-899.0,-5332.0,1846.0
2026-09-05 14:40:45.375,0 days 00:54:08.771000,10,125.46888888888498,0 days 00:01:16.242000,10844.0,242.0,6,100.0,False,0,car,5299.643333333331,0.9170164869800608,OnTrack,-955.0060094720095,-5265.401995099621,1845.9086440049914
2026-09-05 14:40:45.479,0 days 00:54:08.875000,10,125.9888888888849,0 days 00:01:16.346000,10908.566666666668,242.43333333333334,6,100.0,False,0,pos,5306.646830547376,0.9182283274772137,OnTrack,-1001.0,-5207.0,1846.0
2026-09-05 14:40:45.615,0 days 00:54:09.011000,10,126.6688888888848,0 days 00:01:16.482000,10993.0,243.0,6,100.0,False,0,car,5315.8433333333305,0.9198196316739006,OnTrack,-1053.8570026775913,-5131.767014700551,1846.7605805352523
2026-09-05 14:40:45.659,0 days 00:54:09.055000,10,126.83999999999584,0 days 00:01:16.526000,11016.728571428572,243.78571428571428,6,100.0,False,0,pos,5318.845108313935,0.9203390396744552,OnTrack,-1070.0,-5107.0,1847.0
2026-09-05 14:40:45.895,0 days 00:54:09.291000,10,127.7577777777733,0 days 00:01:16.762000,11144.0,248.0,6,100.0,False,0,car,5335.13222222222,0.9231572580034657,OnTrack,-1152.2359177611486,-4967.53387550927,1847.5644747981382
2026-09-05 14:40:46.019,0 days 00:54:09.415000,10,128.23999999999572,0 days 00:01:16.886000,11199.8,249.37777777777777,6,100.0,False,0,pos,5343.766357597936,0.924651253729659,OnTrack,-1192.0,-4891.0,1848.0
2026-09-05 14:40:46.199,0 days 00:54:09.595000,10,128.939999999996,0 days 00:01:17.066000,11280.8,251.37777777777777,6,100.0,False,0,pos,5356.384731201266,0.9268346566315765,OnTrack,-1245.0,-4777.0,1849.0
2026-09-05 14:40:46.255,0 days 00:54:09.651000,10,129.15777777777384,0 days 00:01:17.122000,11306.0,252.0,6,100.0,False,0,car,5360.33222222222,0.9275177053049943,OnTrack,-1260.2566134855115,-4740.928259446555,1849.061001578529
2026-09-05 14:40:46.379,0 days 00:54:09.775000,10,129.60555555555138,0 days 00:01:17.246000,11359.044444444444,253.37777777777777,6,100.0,False,0,pos,5369.110112777071,0.9290365755106695,OnTrack,-1292.0,-4660.0,1849.0
2026-09-05 14:40:46.579,0 days 00:54:09.975000,10,130.32777777777318,0 days 00:01:17.446000,11444.6,255.6,6,100.0,False,0,pos,5383.359404594484,0.9315021821001114,OnTrack,-1338.0,-4526.0,1850.0
2026-09-05 14:40:46.615,0 days 00:54:10.011000,10,130.45777777777312,0 days 00:01:17.482000,11460.0,256.0,6,100.0,False,0,car,5385.93222222222,0.9319473660557537,OnTrack,-1345.7619278298712,-4501.412738423177,1850.208194741948
2026-09-05 14:40:46.759,0 days 00:54:10.155000,10,131.01777777777338,0 days 00:01:17.626000,11443.028571428571,257.0285714285714,6,100.0,False,0,pos,5396.246379456609,0.933732062051001,OnTrack,-1375.0,-4402.0,1851.0
2026-09-05 14:40:46.895,0 days 00:54:10.291000,10,131.54666666666253,0 days 00:01:17.762000,11427.0,258.0,6,100.0,False,0,car,5405.9988888888865,0.935419574092156,OnTrack,-1398.85605342093,-4307.611434438162,1851.6957508743023
2026-09-05 14:40:46.959,0 days 00:54:10.355000,10,131.86666666666255,0 days 00:01:17.826000,11313.577777777778,258.0,6,100.0,False,0,pos,5410.585036597365,0.9362131318461182,OnTrack,-1409.0,-4263.0,1852.0
2026-09-05 14:40:47.199,0 days 00:54:10.595000,10,133.06666666666268,0 days 00:01:18.066000,10888.244444444445,258.0,6,100.0,False,0,pos,5427.7787585102205,0.9391882238428703,OnTrack,-1442.0,-4094.0,1853.0
2026-09-05 14:40:47.255,0 days 00:54:10.651000,10,133.3466666666627,0 days 00:01:18.122000,10789.0,258.0,6,100.0,False,0,car,5431.798888888887,0.9398838415675307,OnTrack,-1448.7897382086542,-4053.9255504347684,1853.2097343705373
2026-09-05 14:40:47.415,0 days 00:54:10.811000,10,134.1911111111067,0 days 00:01:18.282000,10163.0,259.0,6,100.0,False,0,car,5443.309999999998,0.9418756508287227,OnTrack,-1466.5156321072789,-3929.7655598690726,1853.806247871965
2026-09-05 14:40:47.459,0 days 00:54:10.855000,10,134.42333333332903,0 days 00:01:18.326000,10181.425,259.275,6,100.0,False,0,pos,5446.4835399257445,0.9424247799400528,OnTrack,-1471.0,-3887.0,1854.0
2026-09-05 14:40:47.575,0 days 00:54:10.971000,10,135.03555555555158,0 days 00:01:18.442000,10230.0,260.0,7,100.0,False,0,car,5454.865555555553,0.9438751504731627,OnTrack,-1482.0063960371263,-3753.8495458661405,1854.5870746586072
2026-09-05 14:40:47.659,0 days 00:54:11.055000,10,135.5022222222179,0 days 00:01:18.526000,10246.8,260.2625,7,100.0,False,0,pos,5460.945979975029,0.9449272683403076,OnTrack,-1488.0,-3670.0,1855.0
2026-09-05 14:40:47.895,0 days 00:54:11.291000,10,136.81333333332805,0 days 00:01:18.762000,10294.0,261.0,7,100.0,False,0,car,5478.065555555554,0.9478895305285384,OnTrack,-1493.4530963100717,-3564.5388580760487,1855.8611269981402
2026-09-05 14:40:47.938,0 days 00:54:11.334000,10,137.064165479493,0 days 00:01:18.805000,10303.175688789774,261.1799154664661,7,100.0,False,0,pos,5481.187839487669,0.948429790629586,OnTrack,-1494.0,-3540.0,1856.0
2026-09-05 14:40:48.134,0 days 00:54:11.530000,10,138.20749999999498,0 days 00:01:19.001000,10345.0,262.0,7,100.0,False,0,car,5495.459444444443,0.9508992581423734,OnTrack,-1497.3812869757369,-3359.255255239251,1856.620794314076
2026-09-05 14:40:48.259,0 days 00:54:11.655000,10,138.93666629332859,0 days 00:01:19.126000,10403.854136533333,263.5624992,7,100.0,False,0,pos,5504.644978801847,0.952488664432129,OnTrack,-1499.0,-3248.0,1857.0
2026-09-05 14:40:48.374,0 days 00:54:11.770000,10,139.60749999999553,0 days 00:01:19.241000,10458.0,265.0,7,100.0,False,0,car,5513.126111111109,0.9539561854833921,OnTrack,-1499.470452082192,-3179.898361423598,1857.3342548920266
2026-09-05 14:40:48.539,0 days 00:54:11.935000,10,140.6158329422187,0 days 00:01:19.406000,10534.999970133333,265.6874997333333,7,100.0,False,0,pos,5525.2999226500115,0.9560626642006192,OnTrack,-1499.0,-3101.0,1858.0
2026-09-05 14:40:48.614,0 days 00:54:12.010000,10,141.0741666666636,0 days 00:01:19.481000,10570.0,266.0,7,100.0,False,0,car,5530.859444444442,0.9570246483992825,OnTrack,-1498.6278020143452,-3052.6549817359714,1858.4834599351634
2026-09-05 14:40:48.814,0 days 00:54:12.210000,10,142.185277777774,0 days 00:01:19.681000,10563.0,269.0,7,100.0,False,0,car,5545.803888888886,0.9596105397663707,OnTrack,-1497.3014432297682,-2896.840573749064,1859.8883892479403
2026-09-05 14:40:48.859,0 days 00:54:12.255000,10,142.42277753440607,0 days 00:01:19.726000,10578.931660693332,269.55900563836246,7,100.0,False,0,pos,5549.186779695501,0.9601958936191114,OnTrack,-1497.0,-2863.0,1860.0
2026-09-05 14:40:48.975,0 days 00:54:12.371000,10,143.03499999999622,0 days 00:01:19.842000,10620.0,271.0,7,100.0,False,0,car,5557.923611111109,0.961707659213163,OnTrack,-1496.053680246732,-2777.2119303324735,1859.9948484937306
2026-09-05 14:40:48.979,0 days 00:54:12.375000,10,143.05833333332956,0 days 00:01:19.846000,10622.08,271.0,7,100.0,False,0,pos,5558.224633184229,0.961759746153101,OnTrack,-1496.0,-2774.0,1860.0
2026-09-05 14:40:49.175,0 days 00:54:12.571000,10,144.2016666666632,0 days 00:01:20.042000,10724.0,271.0,7,100.0,False,0,car,5572.979166666664,0.9643127765383709,OnTrack,-1491.160626803839,-2587.7179183866438,1861.119839775743
2026-09-05 14:40:49.299,0 days 00:54:12.695000,10,144.8905555555521,0 days 00:01:20.166000,10745.7,272.3285714285714,7,100.0,False,0,pos,5582.397730249267,0.9659425047192453,OnTrack,-1488.0,-2484.0,1862.0
2026-09-05 14:40:49.455,0 days 00:54:12.851000,10,145.75722222221884,0 days 00:01:20.322000,10773.0,274.0,7,100.0,False,0,car,5594.290277777775,0.968000315305713,OnTrack,-1485.629940917518,-2403.884181667103,1862.7282841970086
2026-09-05 14:40:49.599,0 days 00:54:12.995000,10,146.59722222221808,0 days 00:01:20.466000,10820.7,274.0,7,100.0,False,0,pos,5605.2448664799,0.969895827478155,OnTrack,-1483.0,-2332.0,1863.0
2026-09-05 14:40:49.615,0 days 00:54:13.011000,10,146.69055555555133,0 days 00:01:20.482000,10826.0,274.0,7,100.0,False,0,car,5606.468055555553,0.9701074803156228,OnTrack,-1482.5699764787128,-2321.511524416469,1863.005042310046
2026-09-05 14:40:49.775,0 days 00:54:13.171000,10,147.5349999999953,0 days 00:01:20.642000,10874.0,277.0,7,100.0,False,0,car,5618.779166666664,0.9722377164752761,OnTrack,-1477.1436162944856,-2197.1827320118928,1862.9918255422856
2026-09-05 14:40:49.779,0 days 00:54:13.175000,10,147.55611111110642,0 days 00:01:20.646000,10875.055555555555,277.0111111111111,7,100.0,False,0,pos,5619.087536389009,0.9722910748055804,OnTrack,-1477.0,-2194.0,1863.0
2026-09-05 14:40:50.099,0 days 00:54:13.495000,10,149.24499999999497,0 days 00:01:20.966000,10959.5,277.9,7,100.0,False,0,pos,5643.787473663899,0.9765649944420176,OnTrack,-1465.0,-1948.0,1865.0
2026-09-05 14:40:50.135,0 days 00:54:13.531000,10,149.43499999999494,0 days 00:01:21.002000,10969.0,278.0,7,100.0,False,0,car,5646.579166666665,0.9770480511968037,OnTrack,-1463.4828415314491,-1920.5397858010394,1865.2270587471492
2026-09-05 14:40:50.279,0 days 00:54:13.675000,10,150.19499999999502,0 days 00:01:21.146000,11031.64,279.44,7,100.0,False,0,pos,5657.778032067832,0.9789858314515144,OnTrack,-1457.0,-1810.0,1866.0
2026-09-05 14:40:50.335,0 days 00:54:13.731000,10,150.4905555555506,0 days 00:01:21.202000,11056.0,280.0,7,100.0,False,0,car,5662.13472222222,0.9797396853335498,OnTrack,-1454.3107382940227,-1766.3846781122359,1866.2436621403137
2026-09-05 14:40:50.495,0 days 00:54:13.891000,10,151.3794444444402,0 days 00:01:21.362000,11077.0,280.0,7,100.0,False,0,car,5674.579166666665,0.9818929926429467,OnTrack,-1446.2298929447206,-1640.695542398394,1866.8796494773053
2026-09-05 14:40:50.519,0 days 00:54:13.915000,10,151.50611111110675,0 days 00:01:21.386000,11080.9,280.2,7,100.0,False,0,pos,5676.451469380688,0.9822169639650502,OnTrack,-1445.0,-1622.0,1867.0
2026-09-05 14:40:50.679,0 days 00:54:14.075000,10,152.35055555555041,0 days 00:01:21.546000,11106.9,281.53333333333336,7,100.0,False,0,pos,5688.981461963054,0.984385073978699,OnTrack,-1436.0,-1489.0,1868.0
2026-09-05 14:40:50.735,0 days 00:54:14.131000,10,152.6461111111057,0 days 00:01:21.602000,11116.0,282.0,7,100.0,False,0,car,5693.379166666666,0.9851460247567857,OnTrack,-1431.6924856527698,-1427.8628031470525,1868.4090355871697
2026-09-05 14:40:50.979,0 days 00:54:14.375000,10,153.93388888888362,0 days 00:01:21.846000,11178.22,283.22,7,100.0,False,0,pos,5712.594576331213,0.988470936709942,OnTrack,-1411.0,-1141.0,1870.0
2026-09-05 14:40:51.135,0 days 00:54:14.531000,10,154.75722222221702,0 days 00:01:22.002000,11218.0,284.0,7,100.0,False,0,car,5724.93472222222,0.9906061968627562,OnTrack,-1406.9894836278154,-1085.3766775303575,1870.026870107118
2026-09-05 14:40:51.239,0 days 00:54:14.635000,10,155.2194444444396,0 days 00:01:22.106000,11239.32,285.04,7,100.0,False,0,pos,5733.188059686201,0.9920343017466219,OnTrack,-1404.0,-1047.0,1870.0
2026-09-05 14:40:51.335,0 days 00:54:14.731000,10,155.64611111110662,0 days 00:01:22.202000,11259.0,286.0,7,100.0,False,0,car,5740.823611111109,0.993355508873861,OnTrack,-1398.4154477372667,-976.3839981172989,1870.170525194526
2026-09-05 14:40:51.559,0 days 00:54:14.955000,10,155.64611111110662,0 days 00:01:22.426000,11306.6,286.93333333333334,7,100.0,False,0,pos,5758.697516292495,0.9964482954459226,OnTrack,-1380.0,-747.0,1871.0
2026-09-05 14:40:51.650,0 days 00:54:15.046000,10,155.64611111110662,0 days 00:01:22.517000,11325.9374592,287.3124992,7,100.0,False,0,interpolation,5765.981806204543,0.9977087225209441,OnTrack,-1373.6353800200193,-670.2712798622672,1871.32093403727
