Date,SessionTime,DriverAhead,DistanceToDriverAhead,Time,RPM,Speed,nGear,Throttle,Brake,DRS,Source,Distance,RelativeDistance,Status,X,Y,Z
2026-09-05 14:17:03.859,0 days 00:30:27.255000,,215.0138888888889,0 days 00:00:00,11456.54973824,295.17500224,7,100.0,False,0,interpolation,0.009084463595696746,1.5667382395477977e-06,OnTrack,-1378.33962976518,-731.5309043444064,1871.1713065244162
2026-09-05 14:17:04.039,0 days 00:30:27.435000,,215.0138888888889,0 days 00:00:00.180000,11088.44973824,298.32500224,7,100.0,False,0,pos,15.013190420881715,0.0025892271219128183,OnTrack,-1363.0,-550.0,1872.0
2026-09-05 14:17:04.249,0 days 00:30:27.645000,,215.0138888888889,0 days 00:00:00.390000,10659.0,302.0,8,100.0,False,0,car,32.736111111111114,0.005645783766050607,OnTrack,-1348.0324087583256,-377.227070204515,1872.539175274942
2026-09-05 14:17:04.418,0 days 00:30:27.814000,,215.0138888888889,0 days 00:00:00.559000,10709.6999808,305.28610986666666,8,100.0,False,0,pos,47.16943122360604,0.008135004434466459,OnTrack,-1338.0,-263.0,1873.0
2026-09-05 14:17:04.609,0 days 00:30:28.005000,11,215.0138888888889,0 days 00:00:00.750000,10767.0,309.0,8,100.0,False,0,car,63.63611111111111,0.010974905413360488,OnTrack,-1328.5750988249165,-155.46179051148715,1873.8718652618593
2026-09-05 14:17:04.818,0 days 00:30:28.214000,11,215.8266664177778,0 days 00:00:00.959000,10883.691630933334,311.90277688888887,8,100.0,False,0,pos,81.80366745169349,0.014108145470749464,OnTrack,-1314.0,10.0,1875.0
2026-09-05 14:17:04.969,0 days 00:30:28.365000,11,216.41388888888892,0 days 00:00:01.110000,10968.0,314.0,8,100.0,False,0,car,95.03611111111113,0.016390258802536226,OnTrack,-1296.5927900522086,206.74867274267316,1875.7545062414094
2026-09-05 14:17:05.018,0 days 00:30:28.414000,11,216.56361091555559,0 days 00:00:01.159000,10986.5791424,314.8166656,8,100.0,False,0,pos,99.3506446649217,0.01713435828990376,OnTrack,-1291.0,270.0,1876.0
2026-09-05 14:17:05.209,0 days 00:30:28.605000,11,217.14722222222224,0 days 00:00:01.350000,11059.0,318.0,8,100.0,False,0,car,116.23611111111113,0.02004648465764851,OnTrack,-1272.6966974469676,477.5289308397804,1876.9890139259405
2026-09-05 14:17:05.409,0 days 00:30:28.805000,11,217.81388888888895,0 days 00:00:01.550000,11116.0,319.0,8,100.0,False,0,car,133.95833333333334,0.0231029208415605,OnTrack,-1258.687485552821,638.3175191531805,1877.8995032301268
2026-09-05 14:17:05.438,0 days 00:30:28.834000,11,217.87833376000006,0 days 00:00:01.579000,11128.808418133332,319.32222435555553,8,100.0,False,0,pos,136.54025140719995,0.023548207427289407,OnTrack,-1257.0,658.0,1878.0
2026-09-05 14:17:05.769,0 days 00:30:29.165000,11,218.613888888889,0 days 00:00:01.910000,11275.0,323.0,8,100.0,False,0,car,166.25833333333333,0.028673491366094775,OnTrack,-1240.877199334579,850.0826885447391,1878.874117139911
2026-09-05 14:17:05.798,0 days 00:30:29.194000,11,218.6702781511112,0 days 00:00:01.939000,11282.250048,323.3625024,8,100.0,False,0,pos,168.87916178400363,0.029125488570960558,OnTrack,-1239.0,872.0,1879.0
2026-09-05 14:17:05.978,0 days 00:30:29.374000,11,219.02027765333335,0 days 00:00:02.119000,11327.249984,325.6124992,8,100.0,False,0,pos,185.18480923059968,0.031937617334101595,OnTrack,-1225.0,1033.0,1880.0
2026-09-05 14:17:06.009,0 days 00:30:29.405000,11,219.08055555555558,0 days 00:00:02.150000,11335.0,326.0,8,100.0,False,0,car,187.99166666666667,0.032421697745863974,OnTrack,-1222.4923021322898,1061.4371611610027,1880.167506093303
2026-09-05 14:17:06.178,0 days 00:30:29.574000,11,219.3152776888889,0 days 00:00:02.319000,11363.3678464,326.0,8,100.0,False,0,pos,203.27335821700925,0.03505723150794951,OnTrack,-1209.0,1214.0,1881.0
2026-09-05 14:17:06.289,0 days 00:30:29.685000,11,219.46944444444446,0 days 00:00:02.430000,11382.0,326.0,8,100.0,False,0,car,213.34722222222226,0.036794605188928034,OnTrack,-1200.445857474315,1313.573872639111,1881.5215765829462
2026-09-05 14:17:06.398,0 days 00:30:29.794000,11,219.5300001066667,0 days 00:00:02.539000,11409.250048,327.09000192,8,100.0,False,0,pos,223.2994704677758,0.03851100459231901,OnTrack,-1192.0,1412.0,1882.0
2026-09-05 14:17:06.638,0 days 00:30:30.034000,11,219.66333344000006,0 days 00:00:02.779000,11469.250048,329.49000192,8,100.0,False,0,pos,245.3407962703705,0.042312328426300165,OnTrack,-1173.0,1630.0,1883.0
2026-09-05 14:17:06.689,0 days 00:30:30.085000,11,219.69166666666672,0 days 00:00:02.830000,11482.0,330.0,8,100.0,False,0,car,250.0138888888889,0.043118266259090786,OnTrack,-1169.398228938402,1673.8996728447223,1883.2896849085093
2026-09-05 14:17:06.798,0 days 00:30:30.194000,11,219.66138883555558,0 days 00:00:02.939000,11501.529201066667,329.54583253333334,8,100.0,False,0,pos,259.98144826313984,0.044837306273076784,OnTrack,-1161.0,1777.0,1884.0
2026-09-05 14:17:06.929,0 days 00:30:30.325000,11,219.625,0 days 00:00:03.070000,11525.0,329.0,8,100.0,False,0,car,271.94722222222225,0.04690096533560632,OnTrack,-1145.4824714637414,1956.4704577289551,1884.9198155977526
2026-09-05 14:17:07.098,0 days 00:30:30.494000,11,219.48416672000002,0 days 00:00:03.239000,11535.562496,329.5281248,8,100.0,False,0,pos,287.40529028532535,0.049566917605531,OnTrack,-1126.0,2178.0,1886.0
2026-09-05 14:17:07.249,0 days 00:30:30.645000,11,219.35833333333335,0 days 00:00:03.390000,11545.0,330.0,8,100.0,False,0,car,301.2805555555556,0.05195989419173653,OnTrack,-1120.3204224252268,2246.7081288961162,1886.6254012650936
2026-09-05 14:17:07.359,0 days 00:30:30.755000,11,219.23611096888894,0 days 00:00:03.500000,11561.5000192,331.3750016,8,100.0,False,0,pos,311.449245567377,0.0537136218961631,OnTrack,-1117.0,2288.0,1887.0
2026-09-05 14:17:07.489,0 days 00:30:30.885000,11,219.09166666666675,0 days 00:00:03.630000,11581.0,333.0,8,100.0,False,0,car,323.4805555555556,0.05578858353058052,OnTrack,-1108.729027917482,2385.139223920812,1887.457656472646
2026-09-05 14:17:07.689,0 days 00:30:31.085000,11,218.75833333333338,0 days 00:00:03.830000,11584.0,332.0,8,100.0,False,0,car,341.92500000000007,0.05896957667496542,OnTrack,-1090.5870490842892,2593.5863425792318,1887.980152233607
2026-09-05 14:17:07.719,0 days 00:30:31.115000,11,218.69166638222228,0 days 00:00:03.860000,11593.1875392,332.3750016,8,100.0,False,0,pos,344.69968869050166,0.05944810915280031,OnTrack,-1088.0,2623.0,1888.0
2026-09-05 14:17:07.849,0 days 00:30:31.245000,11,218.40277777777789,0 days 00:00:03.990000,11633.0,334.0,8,100.0,False,0,car,356.7694444444445,0.061529701277916155,OnTrack,-1077.3779296334658,2743.1543762260776,1888.0142047617187
2026-09-05 14:17:07.919,0 days 00:30:31.315000,11,218.16944396463424,0 days 00:00:04.060000,11630.75800250716,334.7473324976131,8,100.0,False,0,pos,363.30818613801466,0.06265739544961106,OnTrack,-1072.0,2807.0,1889.0
2026-09-05 14:17:07.959,0 days 00:30:31.355000,11,218.03611060093317,0 days 00:00:04.100000,11629.476863425336,335.17437885822153,8,100.0,False,0,pos,367.057489812964,0.06330401342296092,OnTrack,-1069.0,2844.0,1890.0
2026-09-05 14:17:08.130,0 days 00:30:31.526000,11,217.46611111111122,0 days 00:00:04.271000,11624.0,337.0,8,100.0,False,0,car,383.0741666666667,0.06606630531095556,OnTrack,-1055.0516148104577,3000.8907478901583,1891.1610007507227
2026-09-05 14:17:08.239,0 days 00:30:31.635000,11,217.19361063111123,0 days 00:00:04.380000,11622.296872,335.6374976,8,100.0,False,0,pos,393.195284653172,0.06781182857816793,OnTrack,-1046.0,3103.0,1891.0
2026-09-05 14:17:08.450,0 days 00:30:31.846000,11,216.66611111111126,0 days 00:00:04.591000,11619.0,333.0,8,100.0,False,0,car,412.67416666666674,0.07117122442941422,OnTrack,-1029.3126041314176,3307.133312886241,1891.8392736244039
2026-09-05 14:17:08.479,0 days 00:30:31.875000,11,216.59361063111123,0 days 00:00:04.620000,11616.96998656,333.0,8,100.0,False,0,pos,415.3536290864692,0.07163333385286155,OnTrack,-1027.0,3334.0,1892.0
2026-09-05 14:17:08.650,0 days 00:30:32.046000,11,216.16611111111115,0 days 00:00:04.791000,11605.0,333.0,8,100.0,False,0,car,431.17416666666674,0.07436179887845087,OnTrack,-1013.227072155124,3483.9130153278256,1892.9094070485387
2026-09-05 14:17:08.679,0 days 00:30:32.075000,11,216.08555502222228,0 days 00:00:04.820000,11610.9812896,333.1812512,8,100.0,False,0,pos,433.8620242942757,0.07482535616868317,OnTrack,-1011.0,3509.0,1893.0
2026-09-05 14:17:08.810,0 days 00:30:32.206000,11,215.72166666666675,0 days 00:00:04.951000,11638.0,334.0,8,100.0,False,0,car,446.0186111111111,0.0769219234814016,OnTrack,-1001.5814456856368,3623.1903634481255,1893.0714929335975
2026-09-05 14:17:08.979,0 days 00:30:32.375000,11,215.15833269333342,0 days 00:00:05.120000,11648.260725942857,334.0,8,100.0,False,0,pos,461.71778741975504,0.07962945811930869,OnTrack,-988.0,3786.0,1894.0
2026-09-05 14:17:09.039,0 days 00:30:32.435000,11,214.9583326933334,0 days 00:00:05.180000,11651.903583085714,334.0,8,100.0,False,0,pos,467.27998204919663,0.08058873358229601,OnTrack,-982.0,3851.0,1895.0
2026-09-05 14:17:09.090,0 days 00:30:32.486000,11,214.7883333333334,0 days 00:00:05.231000,11655.0,334.0,8,100.0,False,0,car,471.99638888888893,0.0814021415365654,OnTrack,-977.4417007239392,3901.8278441126986,1895.5850303281852
2026-09-05 14:17:09.279,0 days 00:30:32.675000,11,214.36833290666672,0 days 00:00:05.420000,11554.9873984,331.6374976,8,100.0,False,0,pos,489.38750522562947,0.08440147404598315,OnTrack,-964.0,4063.0,1896.0
2026-09-05 14:17:09.330,0 days 00:30:32.726000,11,214.25500000000005,0 days 00:00:05.471000,11528.0,331.0,8,100.0,False,0,car,494.0630555555556,0.08520783574424516,OnTrack,-960.1797099552799,4108.133247452679,1896.1830372037678
2026-09-05 14:17:09.519,0 days 00:30:32.915000,11,213.78249952,0 days 00:00:05.660000,11515.3999872,330.2124992,8,100.0,False,0,pos,511.36419714547117,0.08819165089537759,OnTrack,-945.0,4283.0,1897.0
2026-09-05 14:17:09.570,0 days 00:30:32.966000,11,213.65499999999997,0 days 00:00:05.711000,11512.0,330.0,8,100.0,False,0,car,516.0630555555556,0.08900203238634281,OnTrack,-940.8495343043786,4330.016277891249,1897.016740049209
2026-09-05 14:17:09.679,0 days 00:30:33.075000,11,213.26138819555553,0 days 00:00:05.820000,11487.4749568,332.7250048,8,100.0,False,0,pos,526.1732959275283,0.09074567966225823,OnTrack,-932.0,4430.0,1897.0
2026-09-05 14:17:09.730,0 days 00:30:33.126000,11,213.0772222222222,0 days 00:00:05.871000,11476.0,334.0,8,100.0,False,0,car,530.9075,0.09156215698929356,OnTrack,-927.9000574764107,4476.780654077454,1897.1914085427445
2026-09-05 14:17:09.999,0 days 00:30:33.395000,11,209.11694161777777,0 days 00:00:06.140000,11450.220814933333,332.3187488,8,100.0,False,0,pos,555.733532749814,0.09584374108456403,OnTrack,-907.0,4723.0,1899.0
2026-09-05 14:17:10.039,0 days 00:30:33.435000,11,208.5280527288889,0 days 00:00:06.180000,11446.3874816,332.0687488,8,100.0,False,0,pos,559.4046490906444,0.09647687459788806,OnTrack,-904.0,4760.0,1899.0
2026-09-05 14:17:10.210,0 days 00:30:33.606000,11,206.01055555555558,0 days 00:00:06.351000,11430.0,331.0,8,100.0,False,0,car,575.0408333333334,0.09917354540465308,OnTrack,-885.7995260797398,4973.888221699814,1899.6549667635866
2026-09-05 14:17:10.419,0 days 00:30:33.815000,11,201.71444126365893,0 days 00:00:06.560000,11404.966555281728,328.67130746806777,8,100.0,False,0,pos,594.0268468087538,0.10244793943080131,OnTrack,-863.0,5233.0,1901.0
2026-09-05 14:17:10.569,0 days 00:30:33.965000,11,198.63111111111118,0 days 00:00:06.710000,11387.0,327.0,8,100.0,False,0,car,607.65,0.10479743588957441,OnTrack,-855.8812898858423,5311.6343730402,1901.4517568469769
2026-09-05 14:17:10.719,0 days 00:30:34.115000,11,193.6727735466667,0 days 00:00:06.860000,11375.333323377778,327.4166670222222,8,100.0,False,0,pos,621.3228398241296,0.10715550147814945,OnTrack,-850.0,5378.0,1902.0
2026-09-05 14:17:10.929,0 days 00:30:34.325000,11,186.7311111111111,0 days 00:00:07.070000,11359.0,328.0,8,100.0,False,0,car,640.45,0.11045423815597455,OnTrack,-833.8620903340606,5568.624325330695,1903.6589150559405
2026-09-05 14:17:10.978,0 days 00:30:34.374000,11,184.8527802311111,0 days 00:00:07.119000,11354.7125056,327.3875008,8,100.0,False,0,pos,644.8891704754649,0.11121983296105217,OnTrack,-830.0,5614.0,1904.0
2026-09-05 14:17:11.089,0 days 00:30:34.485000,11,180.59777777777776,0 days 00:00:07.230000,11345.0,326.0,8,100.0,False,0,car,654.938888888889,0.11295304240915402,OnTrack,-821.9919020319993,5707.005223720462,1904.5690034943373
2026-09-05 14:17:11.198,0 days 00:30:34.594000,11,175.4505464888889,0 days 00:00:07.339000,11342.2749952,326.7785728,8,100.0,False,0,pos,664.8615887259507,0.11466434579107779,OnTrack,-813.0,5812.0,1905.0
2026-09-05 14:17:11.369,0 days 00:30:34.765000,11,167.3755555555556,0 days 00:00:07.510000,11338.0,328.0,8,100.0,False,0,car,680.45,0.117352777505243,OnTrack,-793.377599637897,6045.491244793581,1905.7083953729964
2026-09-05 14:17:11.438,0 days 00:30:34.834000,11,163.90637923555553,0 days 00:00:07.579000,11336.2749952,327.1374976,8,100.0,False,0,pos,686.7023034846079,0.1184310715455464,OnTrack,-787.0,6121.0,1906.0
2026-09-05 14:17:11.609,0 days 00:30:35.005000,11,155.30888888888876,0 days 00:00:07.750000,11332.0,325.0,8,100.0,False,0,car,702.1166666666668,0.12108948631943009,OnTrack,-779.1813525119385,6210.37241017088,1906.7243952340136
2026-09-05 14:17:11.678,0 days 00:30:35.074000,11,151.41804472888876,0 days 00:00:07.819000,11316.4749568,324.65499904,8,100.0,False,0,pos,708.316096371642,0.12215866156349997,OnTrack,-776.0,6247.0,1907.0
2026-09-05 14:17:11.898,0 days 00:30:35.294000,11,139.01250360888878,0 days 00:00:08.039000,11266.9750144,323.55500032,8,100.0,False,0,pos,728.0293203223506,0.12555847284162258,OnTrack,-760.0,6438.0,1908.0
2026-09-05 14:17:12.009,0 days 00:30:35.405000,11,132.75333333333322,0 days 00:00:08.150000,11242.0,323.0,8,100.0,False,0,car,738.0055555555557,0.12727900912446818,OnTrack,-751.8990641979752,6538.2296123340875,1909.0149618062517
2026-09-05 14:17:12.118,0 days 00:30:35.514000,11,126.39498879999988,0 days 00:00:08.259000,11188.8624064,322.54583253333334,8,100.0,False,0,pos,747.836206747997,0.12897443747646792,OnTrack,-744.0,6635.0,1910.0
2026-09-05 14:17:12.249,0 days 00:30:35.645000,11,118.75333333333322,0 days 00:00:08.390000,11125.0,322.0,8,100.0,False,0,car,759.4722222222224,0.13098122524190892,OnTrack,-733.9473182439849,6752.228948254709,1910.6290403112603
2026-09-05 14:17:12.418,0 days 00:30:35.814000,11,109.45833685333324,0 days 00:00:08.559000,10905.9036544,308.7214336,8,39.64288,False,0,pos,773.7746281023369,0.13344786798573835,OnTrack,-721.0,6902.0,1911.0
2026-09-05 14:17:12.529,0 days 00:30:35.925000,11,103.35333333333324,0 days 00:00:08.670000,10762.0,300.0,8,0.0,True,0,car,782.8055555555557,0.13500537319564884,OnTrack,-713.2090091806504,6997.231246327349,1911.3177137285509
2026-09-05 14:17:12.698,0 days 00:30:36.094000,11,94.71555882666658,0 days 00:00:08.839000,9941.646144,283.8041728,8,0.0,True,0,pos,796.0470220966256,0.13728904264503866,OnTrack,-702.0,7136.0,1912.0
2026-09-05 14:17:12.769,0 days 00:30:36.165000,11,91.08666666666659,0 days 00:00:08.910000,9597.0,277.0,8,0.0,True,0,car,801.2722222222224,0.13819019886189446,OnTrack,-697.306292905306,7191.3727819482965,1912.3967111461282
2026-09-05 14:17:12.898,0 days 00:30:36.294000,11,85.71166933333328,0 days 00:00:09.039000,8985.171732114286,258.11072365714284,8,0.0,True,0,pos,810.1144562411201,0.13971516134476464,OnTrack,-689.0,7287.0,1913.0
2026-09-05 14:17:13.018,0 days 00:30:36.414000,11,80.71166933333329,0 days 00:00:09.159000,8416.02887497143,240.5392950857143,8,0.0,True,0,pos,817.7251545638587,0.14102772889113524,OnTrack,-682.0,7369.0,1913.0
2026-09-05 14:17:13.049,0 days 00:30:36.445000,11,79.41999999999996,0 days 00:00:09.190000,8269.0,236.0,8,0.0,True,0,car,819.6277777777779,0.14135586191883653,OnTrack,-680.3976784470143,7388.8265587292335,1912.9761693154715
2026-09-05 14:17:13.198,0 days 00:30:36.594000,11,74.12221539555553,0 days 00:00:09.339000,8543.719104,214.5812224,8,0.0,True,0,pos,828.4547204369646,0.14287818720053994,OnTrack,-673.0,7484.0,1913.0
2026-09-05 14:17:13.209,0 days 00:30:36.605000,11,73.73111111111109,0 days 00:00:09.350000,8564.0,213.0,8,0.0,True,0,car,829.0944444444445,0.14298851623149672,OnTrack,-672.3507169757214,7491.98814117665,1913.0302558556357
2026-09-05 14:17:13.369,0 days 00:30:36.765000,11,68.17555555555543,0 days 00:00:09.510000,8415.0,204.0,8,0.0,True,0,car,838.1611111111113,0.14455218515066426,OnTrack,-660.8179387774936,7626.899996749214,1913.989557505535
2026-09-05 14:17:13.518,0 days 00:30:36.914000,11,63.99527239111098,0 days 00:00:09.659000,8727.279569066666,187.23747840000001,8,0.0,True,0,pos,845.6644343797618,0.14584623442114097,OnTrack,-651.0,7737.0,1915.0
2026-09-05 14:17:13.609,0 days 00:30:37.005000,11,61.442222222222085,0 days 00:00:09.750000,8918.0,177.0,8,0.0,True,0,car,849.9611111111112,0.14658725425869845,OnTrack,-647.1703042105206,7778.539460829065,1915.3777594381272
2026-09-05 14:17:13.878,0 days 00:30:37.274000,11,55.314995626666565,0 days 00:00:10.019000,9363.771746742857,159.70713051428572,8,0.0,True,0,pos,861.8829034332309,0.14864332809489716,OnTrack,-641.0,7839.0,1916.0
2026-09-05 14:17:13.889,0 days 00:30:37.285000,11,55.06444444444435,0 days 00:00:10.030000,9382.0,159.0,8,0.0,True,0,car,862.3277777777779,0.14872005267418062,OnTrack,-640.6741835013652,7842.239885299178,1916.0399102820836
2026-09-05 14:17:14.139,0 days 00:30:37.535000,11,51.59222044444434,0 days 00:00:10.280000,10215.5941768,135.562488,8,0.0,True,0,pos,871.448501871515,0.15029304452554224,OnTrack,-628.0,7945.0,1917.0
2026-09-05 14:17:14.209,0 days 00:30:37.605000,11,50.61999999999989,0 days 00:00:10.350000,10449.0,129.0,6,0.0,True,0,car,873.7944444444446,0.15069763395430424,OnTrack,-620.6015766334272,7985.192584109718,1917.0116682058429
2026-09-05 14:17:14.299,0 days 00:30:37.695000,11,49.6949986844443,0 days 00:00:10.440000,10358.1561208,124.4999936,6,0.0,True,0,pos,876.7259289527659,0.15120320798511486,OnTrack,-611.0,8033.0,1917.0
2026-09-05 14:17:14.529,0 days 00:30:37.925000,11,47.331111111110886,0 days 00:00:10.670000,10126.0,113.0,3,0.0,True,0,car,883.8388888888891,0.15242993383534276,OnTrack,-599.8535917194862,8077.245176835177,1917.8587279247008
2026-09-05 14:17:14.579,0 days 00:30:37.975000,11,46.90055431624038,0 days 00:00:10.720000,9942.9148958933,111.00994452057935,3,0.0,True,0,pos,885.3303446746479,0.15268715549598655,OnTrack,-596.0,8087.0,1918.0
2026-09-05 14:17:14.730,0 days 00:30:38.126000,11,45.60027777777748,0 days 00:00:10.871000,9390.0,105.0,2,0.0,True,0,car,889.7013888888891,0.15344100100871993,OnTrack,-576.8278928964586,8133.5165032784225,1918.0864702060987
2026-09-05 14:17:14.859,0 days 00:30:38.255000,11,44.66860972444414,0 days 00:00:11,8990.0994048,100.48499328,2,0.0,True,0,pos,893.2394042237445,0.1540511794588653,OnTrack,-563.0,8163.0,1918.0
2026-09-05 14:17:14.930,0 days 00:30:38.326000,11,44.15583333333302,0 days 00:00:11.071000,8770.0,98.0,2,0.0,True,0,car,895.1458333333336,0.1543799688645926,OnTrack,-560.3336360466773,8164.73861841169,1917.973065385298
2026-09-05 14:17:14.999,0 days 00:30:38.395000,11,43.69583205333301,0 days 00:00:11.140000,9041.51575552,96.96499712,2,0.0,True,0,pos,896.9877550596,0.15469763310226559,OnTrack,-557.0,8166.0,1918.0
2026-09-05 14:17:15.130,0 days 00:30:38.526000,11,42.82249999999965,0 days 00:00:11.271000,9557.0,95.0,2,0.0,True,0,car,900.4236111111114,0.15529019280650996,OnTrack,-537.8292994842077,8192.097408438263,1918.2981876256706
2026-09-05 14:17:15.319,0 days 00:30:38.715000,11,41.92999909333299,0 days 00:00:11.460000,10435.8508928,90.2749952,2,0.0,True,0,pos,905.1303799427291,0.15610193855633056,OnTrack,-496.0,8251.0,1919.0
2026-09-05 14:17:15.370,0 days 00:30:38.766000,11,41.689166666666324,0 days 00:00:11.511000,10673.0,89.0,1,0.0,True,0,car,906.3569444444447,0.15631347614331811,OnTrack,-485.9743081395581,8262.263950142293,1919.164629390273
2026-09-05 14:17:15.650,0 days 00:30:39.046000,11,41.300277777777296,0 days 00:00:11.791000,10254.0,83.0,1,0.0,False,0,car,912.8125000000003,0.15742682374385283,OnTrack,-438.80846301601696,8290.874472510755,1919.848740662704
2026-09-05 14:17:15.779,0 days 00:30:39.175000,11,41.586944871110646,0 days 00:00:11.920000,10173.37488,81.15714011428571,1,5.989294628571429,False,0,pos,915.6594951691654,0.1579178264488944,OnTrack,-413.0,8298.0,1920.0
2026-09-05 14:17:15.930,0 days 00:30:39.326000,11,41.92249999999956,0 days 00:00:12.071000,10079.0,79.0,1,13.0,False,0,car,918.9569444444447,0.15848651603833766,OnTrack,-376.3753847587588,8306.214254030832,1920.0314300743548
2026-09-05 14:17:16.099,0 days 00:30:39.495000,11,42.438889475555044,0 days 00:00:12.240000,10383.904513066667,79.70416746666666,1,21.4500096,False,0,pos,922.6936493857755,0.1591309611901971,OnTrack,-337.0,8314.0,1920.0
2026-09-05 14:17:16.170,0 days 00:30:39.566000,11,42.655833333332794,0 days 00:00:12.311000,10512.0,80.0,1,25.0,False,0,car,924.2902777777781,0.1594063212849068,OnTrack,-324.3959770072403,8316.39227130991,1920.0075951697736
2026-09-05 14:17:16.399,0 days 00:30:39.795000,11,44.24611244444398,0 days 00:00:12.540000,10181.858056533334,81.90833493333334,1,9.09720888888889,False,0,pos,929.5690234043321,0.16031671214539586,OnTrack,-291.0,8324.0,1920.0
2026-09-05 14:17:16.530,0 days 00:30:39.926000,11,45.15583333333291,0 days 00:00:12.671000,9993.0,83.0,1,0.0,False,0,car,932.590277777778,0.16083776819988,OnTrack,-266.02740110479033,8332.581827708618,1919.82778626705
2026-09-05 14:17:16.770,0 days 00:30:40.166000,11,47.555833333332885,0 days 00:00:12.911000,9836.0,81.0,1,0.0,False,0,car,937.990277777778,0.16176907101203125,OnTrack,-216.55777593763625,8357.796829539335,1919.9530912976848
2026-09-05 14:17:16.779,0 days 00:30:40.175000,11,47.710836612366656,0 days 00:00:12.920000,9821.584653266245,80.87464915883692,1,0.0,False,0,pos,938.1870439715069,0.16180300599528233,OnTrack,-215.0,8359.0,1920.0
2026-09-05 14:17:16.939,0 days 00:30:40.335000,11,50.466391676681205,0 days 00:00:13.080000,9565.31728948104,78.64623729983514,1,0.0,False,0,pos,941.6044245353213,0.1623923793525548,OnTrack,-191.0,8383.0,1921.0
2026-09-05 14:17:17.019,0 days 00:30:40.415000,11,51.84416920883848,0 days 00:00:13.160000,9437.183607588438,77.53203137033424,1,0.0,False,0,pos,943.2715954589695,0.16267990545802338,OnTrack,-181.0,8396.0,1921.0
2026-09-05 14:17:17.129,0 days 00:30:40.525000,11,53.738611111110686,0 days 00:00:13.270000,9261.0,76.0,1,0.0,False,0,car,945.5691666666669,0.16307615259262456,OnTrack,-169.71703398154716,8415.498359811218,1920.9329620813414
2026-09-05 14:17:17.279,0 days 00:30:40.675000,11,56.82194707555513,0 days 00:00:13.420000,9061.3123296,75.0624992,1,0.9375007999999999,False,0,pos,948.6972640418669,0.16361563516340358,OnTrack,-158.0,8447.0,1921.0
2026-09-05 14:17:17.289,0 days 00:30:40.685000,11,57.02749999999958,0 days 00:00:13.430000,9048.0,75.0,1,1.0,False,0,car,948.9025000000003,0.16365103087173027,OnTrack,-157.31450240897593,8449.389404944453,1921.0171024959188
2026-09-05 14:17:17.529,0 days 00:30:40.925000,11,63.29416666666623,0 days 00:00:13.670000,9130.0,72.0,1,13.0,False,0,car,953.7025000000002,0.16447885559364248,OnTrack,-144.57668735207918,8513.521780508265,1921.8162381934935
2026-09-05 14:17:17.578,0 days 00:30:40.974000,11,64.6280538133329,0 days 00:00:13.719000,9239.26985728,72.24499968,1,18.38999296,False,0,pos,954.6794625708841,0.16464734596209257,OnTrack,-143.0,8525.0,1922.0
2026-09-05 14:17:17.729,0 days 00:30:41.125000,11,68.73861111111069,0 days 00:00:13.870000,9576.0,73.0,1,35.0,False,0,car,957.7580555555558,0.16517829083322108,OnTrack,-140.48484337959192,8553.433664497428,1922.5330039854935
2026-09-05 14:17:17.958,0 days 00:30:41.354000,11,75.35417221333287,0 days 00:00:14.099000,10159.132631771428,79.54286262857143,1,43.17857828571429,False,0,pos,962.8771506639189,0.16606114780916337,OnTrack,-141.0,8588.0,1923.0
2026-09-05 14:17:18.009,0 days 00:30:41.405000,11,76.82749999999953,0 days 00:00:14.150000,10289.0,81.0,1,45.0,False,0,car,964.0580555555558,0.16626481078073088,OnTrack,-141.286979087113,8596.834203120949,1922.9934842604919
2026-09-05 14:17:18.198,0 days 00:30:41.594000,11,82.76000602666628,0 days 00:00:14.339000,10650.800367542857,84.37500342857143,1,45.67500068571429,False,0,pos,968.5128176137399,0.16703309456448118,OnTrack,-145.0,8642.0,1923.0
2026-09-05 14:17:18.289,0 days 00:30:41.685000,11,85.61638888888854,0 days 00:00:14.430000,10825.0,86.0,1,46.0,False,0,car,970.7469444444447,0.167418399860803,OnTrack,-150.55615168877563,8679.616000664628,1923.4282776622636
2026-09-05 14:17:18.398,0 days 00:30:41.794000,11,89.09833946666627,0 days 00:00:14.539000,10181.5095808,89.5035776,1,48.3357184,False,0,pos,973.5241820099924,0.16789737192650794,OnTrack,-158.0,8725.0,1924.0
2026-09-05 14:17:18.569,0 days 00:30:41.965000,11,94.56083333333288,0 days 00:00:14.710000,9172.0,95.0,2,52.0,False,0,car,978.1358333333336,0.16869271337948732,OnTrack,-164.36515059848867,8759.767503705667,1924.1026413458983
2026-09-05 14:17:18.758,0 days 00:30:42.154000,11,100.33583919999954,0 days 00:00:14.899000,9903.025742628572,103.10000822857143,2,63.47501165714286,False,0,pos,983.6570552881901,0.16964492255227787,OnTrack,-171.0,8784.0,1924.0
2026-09-05 14:17:18.849,0 days 00:30:42.245000,11,103.11638888888842,0 days 00:00:14.990000,10255.0,107.0,2,69.0,False,0,car,986.4580555555558,0.1701279928163212,OnTrack,-177.0013725230063,8805.892033733975,1924.2471572101733
2026-09-05 14:17:19.049,0 days 00:30:42.445000,11,109.33861111111048,0 days 00:00:15.190000,11038.0,116.0,2,73.0,False,0,car,992.9025000000003,0.17123942415592558,OnTrack,-194.22501393433762,8869.120339556372,1924.9866916486485
2026-09-05 14:17:19.058,0 days 00:30:42.454000,11,109.60610920888826,0 days 00:00:15.199000,11028.578192,116.281248,2,73.3374976,False,0,pos,993.2003280004963,0.17129078861044397,OnTrack,-195.0,8872.0,1925.0
2026-09-05 14:17:19.198,0 days 00:30:42.594000,11,113.76722792888829,0 days 00:00:15.339000,10882.015424,120.656256,2,78.5875072,False,0,pos,997.9133704147338,0.1721036163241787,OnTrack,-207.0,8917.0,1925.0
2026-09-05 14:17:19.369,0 days 00:30:42.765000,11,118.84972222222166,0 days 00:00:15.510000,10703.0,126.0,2,85.0,False,0,car,1004.1025000000003,0.17317101517372074,OnTrack,-222.51449220082054,8975.951475678588,1924.9273091162647
2026-09-05 14:17:19.418,0 days 00:30:42.814000,11,120.16999827555502,0 days 00:00:15.559000,10797.7332096,130.4916608,2,88.062496,False,0,pos,1006.0131987343544,0.17350054093380923,OnTrack,-227.0,8993.0,1925.0
2026-09-05 14:17:19.609,0 days 00:30:43.005000,11,125.31638888888847,0 days 00:00:15.750000,11167.0,148.0,3,100.0,False,0,car,1013.969166666667,0.17487265487987363,OnTrack,-244.83475247321613,9060.6525475964,1925.7928898003904
2026-09-05 14:17:19.678,0 days 00:30:43.074000,11,126.98389352888844,0 days 00:00:15.819000,11378.48558848,152.14001152,3,100.0,False,0,pos,1016.9863956964371,0.17539301670956423,OnTrack,-253.0,9092.0,1926.0
2026-09-05 14:17:19.809,0 days 00:30:43.205000,11,130.14972222222173,0 days 00:00:15.950000,11780.0,160.0,3,100.0,False,0,car,1022.8580555555559,0.17640566362415552,OnTrack,-272.0304711248516,9165.794538785658,1926.050314673751
2026-09-05 14:17:19.878,0 days 00:30:43.274000,11,131.77889342222176,0 days 00:00:16.019000,11296.998656,162.156256,3,100.0,False,0,pos,1025.9849468793295,0.17694493819510396,OnTrack,-281.0,9201.0,1926.0
2026-09-05 14:17:19.969,0 days 00:30:43.365000,11,133.92749999999955,0 days 00:00:16.110000,10660.0,165.0,3,100.0,False,0,car,1030.1913888888892,0.17767039583818806,OnTrack,-289.700487080884,9235.820803246621,1925.9244570345113
2026-09-05 14:17:20.138,0 days 00:30:43.534000,11,137.54222085333288,0 days 00:00:16.279000,10890.2624128,172.921872,3,100.0,False,0,pos,1038.440202489757,0.17909301496844726,OnTrack,-303.0,9292.0,1926.0
2026-09-05 14:17:20.289,0 days 00:30:43.685000,11,140.771944444444,0 days 00:00:16.430000,11096.0,180.0,4,100.0,False,0,car,1046.1913888888892,0.18042981157789545,OnTrack,-322.7942520023446,9377.436453419536,1926.7138067152262
2026-09-05 14:17:20.498,0 days 00:30:43.894000,11,144.89388762666596,0 days 00:00:16.639000,10832.51079497143,190.4499968,4,100.0,False,0,pos,1057.3689021002306,0.18235752444578063,OnTrack,-353.0,9512.0,1928.0
2026-09-05 14:17:20.569,0 days 00:30:43.965000,11,146.2941666666659,0 days 00:00:16.710000,10743.0,194.0,4,100.0,False,0,car,1061.280277777778,0.18303209392131395,OnTrack,-360.4839434933172,9547.75812882038,1928.2641833387568
2026-09-05 14:17:20.729,0 days 00:30:44.125000,11,149.13861111111055,0 days 00:00:16.870000,10845.0,203.0,5,100.0,False,0,car,1070.3025000000002,0.18458809779676003,OnTrack,-372.3272470300321,9610.702567246764,1928.5555012593225
2026-09-05 14:17:20.879,0 days 00:30:44.275000,11,151.5969465422218,0 days 00:00:17.020000,11026.666821688888,207.16667022222222,5,100.0,False,0,pos,1079.0227546115443,0.18609202328609442,OnTrack,-383.0,9677.0,1929.0
2026-09-05 14:17:21.089,0 days 00:30:44.485000,11,155.03861111111087,0 days 00:00:17.230000,11281.0,213.0,5,100.0,False,0,car,1091.6025000000002,0.1882615700002455,OnTrack,-400.258776975321,9797.99553368017,1929.983419803554
2026-09-05 14:17:21.099,0 days 00:30:44.495000,11,155.1941687196141,0 days 00:00:17.240000,11299.758011531136,213.49690096771218,5,100.0,False,0,pos,1092.2103079657002,0.18836639467944996,OnTrack,-401.0,9804.0,1930.0
2026-09-05 14:17:21.239,0 days 00:30:44.635000,11,157.37194736309277,0 days 00:00:17.380000,11562.366811574384,220.45342547216913,5,100.0,False,0,pos,1100.8039570475069,0.18984848533806617,OnTrack,-410.0,9888.0,1930.0
2026-09-05 14:17:21.250,0 days 00:30:44.646000,11,157.54305555555538,0 days 00:00:17.391000,11583.0,221.0,5,100.0,False,0,car,1101.486111111111,0.1899661320043171,OnTrack,-410.59888617998416,9894.59582151793,1930.0224030352513
2026-09-05 14:17:21.419,0 days 00:30:44.815000,11,160.03111393777732,0 days 00:00:17.560000,11519.624928,226.07000576,5,100.0,False,0,pos,1112.109709743431,0.1917983148342144,OnTrack,-418.0,9999.0,1931.0
2026-09-05 14:17:21.450,0 days 00:30:44.846000,11,160.4874999999995,0 days 00:00:17.591000,11508.0,227.0,5,100.0,False,0,car,1114.0972222222224,0.19214108816026707,OnTrack,-419.0651086907859,10020.09331537661,1931.2662116744018
2026-09-05 14:17:21.699,0 days 00:30:45.095000,11,163.6000023999997,0 days 00:00:17.840000,10798.3494528,235.892864,5,100.0,False,0,pos,1130.473711797293,0.19496543460367974,OnTrack,-425.0,10200.0,1933.0
2026-09-05 14:17:21.730,0 days 00:30:45.126000,11,163.98749999999973,0 days 00:00:17.871000,10710.0,237.0,6,100.0,False,0,car,1132.5305555555556,0.19532016504372157,OnTrack,-425.50670918286147,10219.732142974504,1932.8686757871906
2026-09-05 14:17:21.859,0 days 00:30:45.255000,11,165.56416901333304,0 days 00:00:18,10859.9627232,239.4187536,6,100.0,False,0,pos,1141.1097468849227,0.19679976226798515,OnTrack,-427.0,10299.0,1932.0
2026-09-05 14:17:21.890,0 days 00:30:45.286000,11,165.94305555555525,0 days 00:00:18.031000,10896.0,240.0,6,100.0,False,0,car,1143.1972222222223,0.19715977553685984,OnTrack,-427.1519947759498,10320.222841947747,1932.035066339889
2026-09-05 14:17:22.019,0 days 00:30:45.415000,11,167.30472424888856,0 days 00:00:18.160000,11023.3876896,245.6437584,6,100.0,False,0,pos,1152.0290699300601,0.19868294676034148,OnTrack,-427.0,10414.0,1933.0
2026-09-05 14:17:22.050,0 days 00:30:45.446000,11,167.63194444444412,0 days 00:00:18.191000,11054.0,247.0,6,100.0,False,0,car,1154.1750000000002,0.19905304133604798,OnTrack,-426.83100378142836,10435.1822483791,1933.2212349534884
2026-09-05 14:17:22.219,0 days 00:30:45.615000,11,169.27500186666626,0 days 00:00:18.360000,11264.40523904,251.2250048,6,100.0,False,0,pos,1165.9892679780944,0.2010905711492901,OnTrack,-425.0,10544.0,1934.0
2026-09-05 14:17:22.250,0 days 00:30:45.646000,11,169.57638888888846,0 days 00:00:18.391000,11303.0,252.0,6,100.0,False,0,car,1168.1750000000002,0.20146753010829194,OnTrack,-424.4677868942874,10564.919710271308,1934.0406946609755
2026-09-05 14:17:22.399,0 days 00:30:45.795000,11,170.90083503999944,0 days 00:00:18.540000,11492.23024384,254.98000384,6,100.0,False,0,pos,1178.7535498619498,0.2032919436703134,OnTrack,-421.0,10670.0,1934.0
2026-09-05 14:17:22.450,0 days 00:30:45.846000,11,171.35416666666606,0 days 00:00:18.591000,11557.0,256.0,6,100.0,False,0,car,1182.3972222222226,0.20392034409914297,OnTrack,-419.4462631829326,10706.241630868535,1934.0655002019298
2026-09-05 14:17:22.610,0 days 00:30:46.006000,11,172.7319444444438,0 days 00:00:18.751000,11680.0,259.0,6,100.0,False,0,car,1193.9083333333338,0.20590559042298803,OnTrack,-413.32021210957896,10820.041516446454,1934.6107567428844
2026-09-05 14:17:22.699,0 days 00:30:46.095000,11,173.3747236088884,0 days 00:00:18.840000,11412.10942208,261.2250048,6,100.0,False,0,pos,1200.394753049641,0.2070242609642084,OnTrack,-409.0,10884.0,1935.0
2026-09-05 14:17:22.810,0 days 00:30:46.206000,11,174.1763888888886,0 days 00:00:18.951000,11078.0,264.0,6,100.0,False,0,car,1208.5750000000003,0.2084350548510531,OnTrack,-402.6628556372323,10964.652832591515,1935.5190745004481
2026-09-05 14:17:22.959,0 days 00:30:46.355000,11,175.0455566755551,0 days 00:00:19.100000,10924.8091776,267.2593792,6,100.0,False,0,pos,1219.712192719855,0.21035581390651067,OnTrack,-393.0,11074.0,1936.0
2026-09-05 14:17:23.059,0 days 00:30:46.455000,11,175.62889000888833,0 days 00:00:19.200000,10821.9966776,269.4468792,6,100.0,False,0,pos,1227.2716289280584,0.21165954061002504,OnTrack,-386.0,11148.0,1936.0
2026-09-05 14:17:23.130,0 days 00:30:46.526000,11,176.04305555555493,0 days 00:00:19.271000,10749.0,271.0,7,100.0,False,0,car,1232.6638888888892,0.212589508548057,OnTrack,-380.12466603160834,11201.906080974872,1935.9872496880987
2026-09-05 14:17:23.359,0 days 00:30:46.755000,11,177.0608341866661,0 days 00:00:19.500000,10873.67788231111,274.81666986666664,7,100.0,False,0,pos,1250.1998181146416,0.21561381599280302,OnTrack,-358.0,11373.0,1936.0
2026-09-05 14:17:23.490,0 days 00:30:46.886000,11,177.64305555555507,0 days 00:00:19.631000,10945.0,277.0,7,100.0,False,0,car,1260.3638888888893,0.21736674704742542,OnTrack,-345.7444107237994,11457.548318151768,1936.000881795217
2026-09-05 14:17:23.559,0 days 00:30:46.955000,11,177.83472275555508,0 days 00:00:19.700000,10977.5594656,278.5093792,7,100.0,False,0,pos,1265.763114133339,0.21829791624253544,OnTrack,-333.0,11525.0,1936.0
2026-09-05 14:17:23.719,0 days 00:30:47.115000,11,178.27916719999953,0 days 00:00:19.860000,11053.0594656,282.0093792,7,100.0,False,0,pos,1278.392802642541,0.22047607632127877,OnTrack,-284.0,11753.0,1936.0
2026-09-05 14:17:23.810,0 days 00:30:47.206000,11,178.53194444444398,0 days 00:00:19.951000,11096.0,284.0,7,100.0,False,0,car,1285.6083333333338,0.22172049188118598,OnTrack,-263.77769661425566,11842.622070556075,1936.0059689457573
2026-09-05 14:17:24.158,0 days 00:30:47.554000,11,179.208611488257,0 days 00:00:20.299000,11298.596213197332,286.9080796152727,7,100.0,False,0,pos,1313.3477327817172,0.22650452534667967,OnTrack,-219.0,11981.0,1936.0
2026-09-05 14:17:24.169,0 days 00:30:47.565000,11,179.22999999999956,0 days 00:00:20.310000,11305.0,287.0,7,100.0,False,0,car,1314.2286111111114,0.22665644469211077,OnTrack,-216.15177161207887,11989.105867851778,1935.9956152078187
2026-09-05 14:17:24.358,0 days 00:30:47.754000,11,179.4400002133327,0 days 00:00:20.499000,11376.925073066666,288.5750016,7,100.0,False,0,pos,1329.404399884326,0.22927371409231595,OnTrack,-155.0,12162.0,1936.0
2026-09-05 14:17:24.529,0 days 00:30:47.925000,11,179.6299999999992,0 days 00:00:20.670000,11442.0,290.0,7,100.0,False,0,car,1343.2286111111116,0.23165788572033044,OnTrack,-105.3568684520512,12286.49002377686,1936.6208044981418
2026-09-05 14:17:24.689,0 days 00:30:48.085000,11,179.6744444444439,0 days 00:00:20.830000,11499.0,293.0,7,100.0,False,0,car,1356.2508333333335,0.23390374353070334,OnTrack,-60.86031481748741,12381.453013211878,1937.1648939054405
2026-09-05 14:17:24.758,0 days 00:30:48.154000,11,179.69361116444378,0 days 00:00:20.899000,11521.08006144,293.0,7,100.0,False,0,pos,1361.8660479744115,0.23487216300960495,OnTrack,-38.0,12428.0,1937.0
2026-09-05 14:17:24.889,0 days 00:30:48.285000,11,179.7299999999991,0 days 00:00:21.030000,11563.0,293.0,7,100.0,False,0,car,1372.5286111111116,0.23671106579366957,OnTrack,10.570493839829814,12523.955316988693,1936.1401973005475
2026-09-05 14:17:24.918,0 days 00:30:48.314000,11,179.72999999999914,0 days 00:00:21.059000,11567.3500288,293.14500096,7,100.0,False,0,pos,1374.8930511559402,0.2371188453608755,OnTrack,21.0,12544.0,1936.0
2026-09-05 14:17:25.089,0 days 00:30:48.485000,11,179.72999999999934,0 days 00:00:21.230000,11593.0,294.0,7,100.0,False,0,car,1388.8619444444448,0.2395279693612875,OnTrack,82.26095951513506,12653.745200753965,1935.9698328116654
2026-09-05 14:17:25.138,0 days 00:30:48.534000,11,179.70277781333263,0 days 00:00:21.279000,11602.274987885714,294.1749997714286,7,100.0,False,0,pos,1392.8702906509204,0.24021926271205907,OnTrack,111.0,12699.0,1936.0
2026-09-05 14:17:25.318,0 days 00:30:48.714000,11,179.60277767111026,0 days 00:00:21.459000,11636.346464914286,294.81785782857145,7,100.0,False,0,pos,1407.617689441001,0.2427626504833772,OnTrack,258.0,12917.0,1936.0
2026-09-05 14:17:25.369,0 days 00:30:48.765000,11,179.57444444444354,0 days 00:00:21.510000,11646.0,295.0,7,100.0,False,0,car,1411.8063888888894,0.24348504818246514,OnTrack,288.7799115665298,12961.154098042301,1936.1445835642278
2026-09-05 14:17:25.609,0 days 00:30:49.005000,11,179.17444444444368,0 days 00:00:21.750000,11695.0,297.0,7,100.0,False,0,car,1431.6063888888893,0.24689982516035303,OnTrack,350.44213641577517,13037.51360790403,1937.674522928073
2026-09-05 14:17:25.698,0 days 00:30:49.094000,11,178.95194460444372,0 days 00:00:21.839000,11704.270826666667,298.1124992,7,100.0,False,0,pos,1439.0109093635535,0.2481768345567764,OnTrack,381.0,13071.0,1938.0
2026-09-05 14:17:25.849,0 days 00:30:49.245000,11,178.57444444444377,0 days 00:00:21.990000,11720.0,300.0,7,100.0,False,0,car,1451.6063888888891,0.2503490948349872,OnTrack,462.24166588770964,13161.276676102882,1938.0193792578523
2026-09-05 14:17:25.878,0 days 00:30:49.274000,11,178.50194396444377,0 days 00:00:22.019000,11723.383355733333,299.87916586666665,7,100.0,False,0,pos,1454.0191699104312,0.2507652114554441,OnTrack,481.0,13181.0,1938.0
2026-09-05 14:17:26.089,0 days 00:30:49.485000,11,177.97444444444386,0 days 00:00:22.230000,11748.0,299.0,7,100.0,False,0,car,1471.5397222222225,0.25378686694403935,OnTrack,642.2934157345512,13335.38373182103,1937.8979845505917
2026-09-05 14:17:26.238,0 days 00:30:49.634000,11,177.43638819555483,0 days 00:00:22.379000,11751.7250048,299.53214354285717,7,100.0,False,0,pos,1483.9494981490932,0.25592710013271736,OnTrack,764.0,13440.0,1938.0
2026-09-05 14:17:26.369,0 days 00:30:49.765000,11,176.96333333333246,0 days 00:00:22.510000,11755.0,300.0,7,100.0,False,0,car,1494.873055555556,0.2578110148977793,OnTrack,866.6241863892182,13520.587280893666,1938.2785493246831
2026-09-05 14:17:26.569,0 days 00:30:49.965000,11,176.24111111111029,0 days 00:00:22.710000,11770.0,300.0,7,100.0,False,0,car,1511.5397222222225,0.2606854062933078,OnTrack,1002.6060855204274,13618.235715954332,1938.9109941912466
2026-09-05 14:17:26.598,0 days 00:30:49.994000,11,176.13638819555476,0 days 00:00:22.739000,11774.039312457144,300.0,7,100.0,False,0,pos,1513.9556890851763,0.26110207235507316,OnTrack,1018.0,13629.0,1939.0
2026-09-05 14:17:26.849,0 days 00:30:50.245000,11,175.22999999999956,0 days 00:00:22.990000,11809.0,300.0,7,100.0,False,0,car,1534.8730555555555,0.2647095542470477,OnTrack,1118.335784114369,13694.695349215106,1939.751757313015
2026-09-05 14:17:26.918,0 days 00:30:50.314000,11,174.98083263999956,0 days 00:00:23.059000,11806.490902109092,300.15681861818183,7,100.0,False,0,pos,1540.6339028708985,0.26570309004429815,OnTrack,1158.0,13718.0,1940.0
2026-09-05 14:17:27.139,0 days 00:30:50.535000,11,174.1827773155551,0 days 00:00:23.280000,11798.4545408,300.6590912,7,100.0,False,0,pos,1559.1184713089192,0.2688910031123965,OnTrack,1337.0,13819.0,1941.0
2026-09-05 14:17:27.289,0 days 00:30:50.685000,11,173.6411111111106,0 days 00:00:23.430000,11793.0,301.0,7,100.0,False,0,car,1571.6619444444445,0.2710542941874443,OnTrack,1443.6460036759067,13875.369260856762,1941.875724447887
2026-09-05 14:17:27.449,0 days 00:30:50.845000,11,173.1077777777773,0 days 00:00:23.590000,11781.0,301.0,7,100.0,False,0,car,1585.0397222222223,0.2733614723475885,OnTrack,1564.1285543043396,13931.528109424691,1942.8409565905558
2026-09-05 14:17:27.479,0 days 00:30:50.875000,11,172.99944398222175,0 days 00:00:23.620000,11785.68752,301.1875008,7,100.0,False,0,pos,1587.5551735386075,0.2737952958447698,OnTrack,1593.0,13944.0,1943.0
2026-09-05 14:17:27.609,0 days 00:30:51.005000,11,172.52999999999952,0 days 00:00:23.750000,11806.0,302.0,7,100.0,False,0,car,1598.4619444444445,0.27567631555145417,OnTrack,1738.9418310872632,14004.31359164885,1943.617979014097
2026-09-05 14:17:27.679,0 days 00:30:51.075000,11,172.31611071999956,0 days 00:00:23.820000,11788.499968,301.1249984,7,100.0,False,0,pos,1604.30282559806,0.27668365426326963,OnTrack,1809.0,14032.0,1944.0
2026-09-05 14:17:27.769,0 days 00:30:51.165000,11,172.0411111111107,0 days 00:00:23.910000,11766.0,300.0,7,100.0,False,0,car,1611.7952777777778,0.27797582866787696,OnTrack,1874.71322376911,14056.439580341055,1944.6090414688024
2026-09-05 14:17:27.959,0 days 00:30:51.355000,11,171.51333287255028,0 days 00:00:24.100000,11767.775702484876,300.0,7,100.0,False,0,pos,1627.646611308744,0.2807096048704207,OnTrack,1967.0,14085.0,1946.0
2026-09-05 14:17:28.090,0 days 00:30:51.486000,11,171.1494444444436,0 days 00:00:24.231000,11769.0,300.0,7,100.0,False,0,car,1638.545277777778,0.28258922685770027,OnTrack,2049.114683751158,14109.526526288264,1946.6236959071866
2026-09-05 14:17:28.319,0 days 00:30:51.715000,11,170.83138862222143,0 days 00:00:24.460000,11741.51997696,298.28249856,7,100.0,False,0,pos,1657.4544037355415,0.2858503605946979,OnTrack,2264.0,14165.0,1948.0
2026-09-05 14:17:28.479,0 days 00:30:51.875000,11,170.60916639999925,0 days 00:00:24.620000,11722.31997696,297.08249856,7,100.0,False,0,pos,1670.6377914319228,0.2881240135642016,OnTrack,2475.0,14209.0,1950.0
2026-09-05 14:17:28.490,0 days 00:30:51.886000,11,170.59388888888816,0 days 00:00:24.631000,11721.0,297.0,7,100.0,False,0,car,1671.5452777777778,0.28828052182084674,OnTrack,2486.76068711281,14211.35420183069,1950.1134836552103
2026-09-05 14:17:28.650,0 days 00:30:52.046000,11,170.28277777777703,0 days 00:00:24.791000,11650.0,297.0,7,100.0,False,0,car,1684.7452777777778,0.2905570398061053,OnTrack,2594.155019833212,14231.587869370514,1951.122674429848
2026-09-05 14:17:28.839,0 days 00:30:52.235000,11,170.07277756444353,0 days 00:00:24.980000,11629.074978742858,295.64999862857144,7,100.0,False,0,pos,1700.2332622755546,0.2932281515685746,OnTrack,2678.0,14244.0,1952.0
2026-09-05 14:17:28.930,0 days 00:30:52.326000,11,169.97166666666567,0 days 00:00:25.071000,11619.0,295.0,7,100.0,False,0,car,1707.6897222222224,0.29451411862728294,OnTrack,2745.8320930309674,14254.429027605793,1952.7922196837098
2026-09-05 14:17:29.059,0 days 00:30:52.455000,11,169.8641665066659,0 days 00:00:25.200000,11620.0750016,295.5375008,7,100.0,False,0,pos,1718.291897234573,0.2963426066650462,OnTrack,2857.0,14271.0,1954.0
2026-09-05 14:17:29.170,0 days 00:30:52.566000,11,169.77166666666608,0 days 00:00:25.311000,11621.0,296.0,7,100.0,False,0,car,1727.4230555555555,0.29791739803958867,OnTrack,2947.52078164091,14283.039177904688,1954.722855065558
2026-09-05 14:17:29.219,0 days 00:30:52.615000,11,169.73083317333277,0 days 00:00:25.360000,11621.0,296.0,7,100.0,False,0,pos,1731.4508495885807,0.298612045430278,OnTrack,2987.0,14288.0,1955.0
2026-09-05 14:17:29.370,0 days 00:30:52.766000,11,169.60499999999956,0 days 00:00:25.511000,11621.0,296.0,7,100.0,False,0,car,1743.8674999999998,0.3007534642165101,OnTrack,3109.4518761940503,14302.668725485752,1955.815813750961
2026-09-05 14:17:29.570,0 days 00:30:52.966000,11,169.32722222222174,0 days 00:00:25.711000,11605.0,297.0,7,100.0,False,0,car,1760.3674999999998,0.30359911169808335,OnTrack,3273.560606295024,14320.270912694144,1956.9431032979246
2026-09-05 14:17:29.579,0 days 00:30:52.975000,11,169.31972206222173,0 days 00:00:25.720000,11607.29504896,296.95499904,7,100.0,False,0,pos,1761.1083442051167,0.30372688027060024,OnTrack,3281.0,14321.0,1957.0
2026-09-05 14:17:29.739,0 days 00:30:53.135000,11,169.18638872888835,0 days 00:00:25.880000,11648.09504896,296.15499904,7,100.0,False,0,pos,1774.2560350578005,0.3059943768380817,OnTrack,3413.0,14333.0,1958.0
2026-09-05 14:17:29.770,0 days 00:30:53.166000,11,169.160555555555,0 days 00:00:25.911000,11656.0,296.0,7,100.0,False,0,car,1776.8119444444444,0.30643517787500485,OnTrack,3437.9886868167564,14335.0898902853,1958.1386308716155
2026-09-05 14:17:29.970,0 days 00:30:53.366000,11,168.88277777777762,0 days 00:00:26.111000,11646.0,298.0,7,100.0,False,0,car,1793.3674999999998,0.30929040666122987,OnTrack,3600.509056500798,14347.830750413237,1958.8048210035417
2026-09-05 14:17:29.999,0 days 00:30:53.395000,11,168.8586109511109,0 days 00:00:26.140000,11649.8062752,297.6374976,7,100.0,False,0,pos,1795.757727268145,0.3097026335828047,OnTrack,3627.0,14350.0,1959.0
2026-09-05 14:17:30.130,0 days 00:30:53.526000,11,168.74944444444395,0 days 00:00:26.271000,11667.0,296.0,7,100.0,False,0,car,1806.5230555555554,0.31155925960276704,OnTrack,3757.918620518954,14361.20191042143,1960.3143385615467
2026-09-05 14:17:30.199,0 days 00:30:53.595000,11,168.59611068444403,0 days 00:00:26.340000,11661.5374848,296.2875008,7,100.0,False,0,pos,1812.2044596046164,0.31253909433755556,OnTrack,3824.0,14367.0,1961.0
2026-09-05 14:17:30.370,0 days 00:30:53.766000,11,168.21611111111088,0 days 00:00:26.511000,11648.0,297.0,7,100.0,False,0,car,1826.3230555555554,0.3149740365806549,OnTrack,3958.8195585128155,14379.031149562796,1962.1015571904813
2026-09-05 14:17:30.559,0 days 00:30:53.955000,11,165.2761086485671,0 days 00:00:26.700000,11669.584976296828,297.526462836508,7,100.0,False,0,pos,1841.962551526071,0.3176712785395381,OnTrack,4087.0,14390.0,1963.0
2026-09-05 14:17:30.719,0 days 00:30:54.115000,11,162.78722020337966,0 days 00:00:26.860000,11687.857953540642,297.97214520830835,7,100.0,False,0,pos,1855.2123585936617,0.31995638642518787,OnTrack,4204.0,14399.0,1964.0
2026-09-05 14:17:30.729,0 days 00:30:54.125000,11,162.6316666666662,0 days 00:00:26.870000,11689.0,298.0,7,100.0,False,0,car,1856.0402777777776,0.3200991722519288,OnTrack,4211.766305599306,14399.593916774209,1964.051905692318
2026-09-05 14:17:30.929,0 days 00:30:54.325000,11,158.24277777777752,0 days 00:00:27.070000,11678.0,298.0,7,100.0,False,0,car,1872.595833333333,0.32295440103815376,OnTrack,4376.256641433968,14412.19870569014,1964.7461507100215
2026-09-05 14:17:30.998,0 days 00:30:54.394000,11,156.34527249777753,0 days 00:00:27.139000,11685.93502208,298.0,7,100.0,False,0,pos,1878.3077601758903,0.3239394998402419,OnTrack,4429.0,14416.0,1965.0
2026-09-05 14:17:31.129,0 days 00:30:54.525000,11,152.74277777777752,0 days 00:00:27.270000,11701.0,298.0,7,100.0,False,0,car,1889.1513888888885,0.3258096298243787,OnTrack,4520.001329897873,14421.960812128711,1965.6266284894218
2026-09-05 14:17:31.198,0 days 00:30:54.594000,11,150.51943825777752,0 days 00:00:27.339000,11705.312512,298.0,7,100.0,False,0,pos,1894.8611442241818,0.3267943541207591,OnTrack,4586.0,14426.0,1966.0
2026-09-05 14:17:31.289,0 days 00:30:54.685000,11,147.58722222222195,0 days 00:00:27.430000,11711.0,298.0,7,100.0,False,0,car,1902.395833333333,0.32809381285335876,OnTrack,4707.941916655317,14433.356905502913,1966.5153397372278
2026-09-05 14:17:31.398,0 days 00:30:54.794000,11,143.59054851555513,0 days 00:00:27.539000,11710.2214272,298.3892864,7,100.0,False,0,pos,1911.439814974565,0.32965356943401125,OnTrack,4851.0,14442.0,1967.0
2026-09-05 14:17:31.569,0 days 00:30:54.965000,11,137.32055555555485,0 days 00:00:27.710000,11709.0,299.0,7,100.0,False,0,car,1925.6513888888887,0.3321045469805862,OnTrack,4933.666292531437,14447.284537714038,1967.0675037627395
2026-09-05 14:17:31.658,0 days 00:30:55.054000,11,133.34028063999938,0 days 00:00:27.799000,11710.73055431111,299.0,7,100.0,False,0,pos,1933.0469579897954,0.3333800125919072,OnTrack,4967.0,14449.0,1967.0
2026-09-05 14:17:31.929,0 days 00:30:55.325000,11,121.22055555555517,0 days 00:00:28.070000,11716.0,299.0,7,100.0,False,0,car,1955.5513888888886,0.3372612051441644,OnTrack,5181.96495791468,14457.992462285503,1966.986972329846
2026-09-05 14:17:32.058,0 days 00:30:55.454000,11,115.16472522666622,0 days 00:00:28.199000,11757.9249792,299.0,7,100.0,False,0,pos,1966.257004590484,0.3391075329235544,OnTrack,5298.0,14464.0,1967.0
2026-09-05 14:17:32.089,0 days 00:30:55.485000,11,113.70944444444399,0 days 00:00:28.230000,11768.0,299.0,7,100.0,False,0,car,1968.8402777777776,0.3395530532168658,OnTrack,5324.3937953759905,14465.573155616901,1967.0000229374073
2026-09-05 14:17:32.098,0 days 00:30:55.494000,11,113.26194762666621,0 days 00:00:28.239000,11764.07502791111,299.02499982222224,7,100.0,False,0,pos,1969.5914197039544,0.3396825977702312,OnTrack,5332.0,14466.0,1967.0
2026-09-05 14:17:32.318,0 days 00:30:55.714000,11,102.32304600888837,0 days 00:00:28.459000,11668.130471822222,299.63611164444444,7,100.0,False,0,pos,1988.0822962907594,0.34287159876364476,OnTrack,5515.0,14472.0,1967.0
2026-09-05 14:17:32.449,0 days 00:30:55.845000,11,95.8094444444439,0 days 00:00:28.590000,11611.0,300.0,7,100.0,False,0,car,1998.8402777777776,0.3447269577288172,OnTrack,5624.133202180899,14476.91541898283,1966.991075086128
2026-09-05 14:17:32.478,0 days 00:30:55.874000,11,94.44804654222168,0 days 00:00:28.619000,11533.85948928,297.24498176,7,85.93490688,False,0,pos,2001.1716697056015,0.34512903770263365,OnTrack,5648.0,14478.0,1967.0
2026-09-05 14:17:32.649,0 days 00:30:56.045000,11,86.42055555555498,0 days 00:00:28.790000,11079.0,281.0,7,3.0,True,0,car,2014.4513888888887,0.3474193043359622,OnTrack,5785.188046352921,14483.356706407509,1967.17646898719
2026-09-05 14:17:32.849,0 days 00:30:56.245000,11,78.42055555555521,0 days 00:00:28.990000,10142.0,253.0,7,0.0,True,0,car,2028.5069444444441,0.3498433744128579,OnTrack,5935.456200472115,14488.283368853747,1967.1073145474404
2026-09-05 14:17:32.878,0 days 00:30:56.274000,11,77.51027175111076,0 days 00:00:29.019000,10059.3494528,249.6468528,7,0.0,True,0,pos,2030.404528033684,0.35017063828933037,OnTrack,5956.0,14489.0,1967.0
2026-09-05 14:17:33.078,0 days 00:30:56.474000,11,71.23249397333296,0 days 00:00:29.219000,9489.3494528,226.5218528,7,0.0,True,0,pos,2042.5607180048946,0.3522671371606698,OnTrack,6089.0,14494.0,1966.0
2026-09-05 14:17:33.158,0 days 00:30:56.554000,11,68.72138286222184,0 days 00:00:29.299000,9261.3494528,217.2718528,7,0.0,True,0,pos,2047.0951742623122,0.3530491652836531,OnTrack,6138.0,14496.0,1966.0
2026-09-05 14:17:33.169,0 days 00:30:56.565000,11,68.37611111111073,0 days 00:00:29.310000,9230.0,216.0,7,0.0,True,0,car,2047.7069444444442,0.35315467330050676,OnTrack,6144.581956115475,14496.253258162076,1966.0036371999395
2026-09-05 14:17:33.329,0 days 00:30:56.725000,11,64.46499999999969,0 days 00:00:29.470000,9365.0,192.0,7,0.0,True,0,car,2056.2402777777775,0.3546263616950174,OnTrack,6236.2552979861575,14499.3952097396,1965.9971329728614
2026-09-05 14:17:33.358,0 days 00:30:56.754000,11,64.07833077333301,0 days 00:00:29.499000,9414.84408,189.4624832,7,0.0,True,0,pos,2057.6922565280533,0.3548767750085943,OnTrack,6252.0,14500.0,1966.0
2026-09-05 14:17:33.518,0 days 00:30:56.914000,11,61.94499743999957,0 days 00:00:29.659000,9689.84408,175.4624832,7,0.0,True,0,pos,2065.145337023249,0.3561621592353286,OnTrack,6334.0,14504.0,1966.0
2026-09-05 14:17:33.649,0 days 00:30:57.045000,11,60.19833333333281,0 days 00:00:29.790000,9915.0,164.0,7,0.0,True,0,car,2070.8180555555555,0.3571404960356397,OnTrack,6395.342575347154,14508.471839038493,1965.6708468851884
2026-09-05 14:17:33.859,0 days 00:30:57.255000,11,58.73999911111032,0 days 00:00:30,10193.2501696,148.2499904,7,0.0,True,0,pos,2079.392654193317,0.35861930118830926,OnTrack,6474.0,14517.0,1965.0
2026-09-05 14:17:33.889,0 days 00:30:57.285000,11,58.53166666666584,0 days 00:00:30.030000,10233.0,146.0,7,0.0,True,0,car,2080.551388888889,0.35881914061062836,OnTrack,6482.013113327527,14518.211095231136,1964.9731365654957
2026-09-05 14:17:34.019,0 days 00:30:57.415000,11,58.31499978666583,0 days 00:00:30.160000,9903.356818285714,138.10713508571428,7,0.0,True,0,pos,2085.36211165401,0.3596488146179686,OnTrack,6513.0,14524.0,1965.0
2026-09-05 14:17:34.169,0 days 00:30:57.565000,11,58.064999999999145,0 days 00:00:30.310000,9523.0,129.0,4,0.0,True,0,car,2090.5847222222224,0.36054952423073655,OnTrack,6564.833505290205,14534.941493149225,1965.00751936083
2026-09-05 14:17:34.179,0 days 00:30:57.575000,11,58.0788890703542,0 days 00:00:30.320000,9557.606261273033,128.54356250119503,4,0.0,True,0,pos,2090.9245793954256,0.36060813718279844,OnTrack,6569.0,14536.0,1965.0
2026-09-05 14:17:34.410,0 days 00:30:57.806000,11,58.3997222222215,0 days 00:00:30.551000,10357.0,118.0,2,0.0,True,0,car,2098.4841666666666,0.3619118899391705,OnTrack,6684.622982073222,14572.133181372172,1964.4634520008367
2026-09-05 14:17:34.519,0 days 00:30:57.915000,11,59.00527884444374,0 days 00:00:30.660000,10239.484168,114.9343696,2,0.0,True,0,pos,2101.8536420165647,0.36249300139636204,OnTrack,6722.0,14585.0,1964.0
2026-09-05 14:17:34.730,0 days 00:30:58.126000,11,60.17749999999933,0 days 00:00:30.871000,10012.0,109.0,2,0.0,True,0,car,2108.1730555555555,0.3635828694704378,OnTrack,6742.8529607557975,14594.344748304024,1963.015098058394
2026-09-05 14:17:34.739,0 days 00:30:58.135000,11,60.24750149333266,0 days 00:00:30.880000,9998.8372192,108.9437488,2,0.0,True,0,pos,2108.443589884713,0.36362952676331334,OnTrack,6744.0,14595.0,1963.0
2026-09-05 14:17:34.890,0 days 00:30:58.286000,11,61.42194444444385,0 days 00:00:31.031000,9778.0,108.0,2,0.0,False,0,car,2112.9730555555557,0.36441069419235,OnTrack,6775.945193246692,14612.98018814705,1963.2345055007147
2026-09-05 14:17:35.059,0 days 00:30:58.455000,11,63.01805736888812,0 days 00:00:31.200000,9987.841905066667,105.8874976,2,20.420856533333332,False,0,pos,2117.883002888146,0.3652574808142679,OnTrack,6821.0,14642.0,1963.0
2026-09-05 14:17:35.130,0 days 00:30:58.526000,11,63.688611111110276,0 days 00:00:31.271000,10076.0,105.0,2,29.0,False,0,car,2119.9730555555557,0.365617938578472,OnTrack,6836.225718320125,14654.66164696647,1962.2362975441972
2026-09-05 14:17:35.159,0 days 00:30:58.555000,11,64.04305790222138,0 days 00:00:31.300000,10124.937824,105.58000384,2,30.16000768,False,0,pos,2120.840026684781,0.3657674594397131,OnTrack,6842.0,14660.0,1962.0
2026-09-05 14:17:35.419,0 days 00:30:58.815000,11,67.22083567999901,0 days 00:00:31.560000,10563.687824,110.78000384,2,40.56000768,False,0,pos,2128.940633858628,0.3671645183732568,OnTrack,6886.0,14715.0,1963.0
2026-09-05 14:17:35.530,0 days 00:30:58.926000,11,68.57749999999896,0 days 00:00:31.671000,10751.0,113.0,2,45.0,False,0,car,2132.5286111111113,0.36778331342977016,OnTrack,6901.946167233575,14744.626686509882,1962.7730187137765
2026-09-05 14:17:35.659,0 days 00:30:59.055000,11,70.47666949333238,0 days 00:00:31.800000,10868.7126752,115.25750336,2,44.03249856,False,0,pos,2136.776633603078,0.36851594218770545,OnTrack,6920.0,14783.0,1962.0
2026-09-05 14:17:35.879,0 days 00:30:59.275000,11,73.7155583822214,0 days 00:00:32.020000,11069.4626752,119.10750336,2,42.38249856,False,0,pos,2144.1527432188936,0.3697880517484359,OnTrack,6954.0,14852.0,1961.0
2026-09-05 14:17:35.930,0 days 00:30:59.326000,11,74.4663888888881,0 days 00:00:32.071000,11116.0,120.0,2,42.0,False,0,car,2145.861944444445,0.370082826546193,OnTrack,6962.883082616708,14866.517536855006,1960.9406569828732
2026-09-05 14:17:36.059,0 days 00:30:59.455000,11,76.54472531555459,0 days 00:00:32.200000,11160.6125664,120.5375008,2,43.0750016,False,0,pos,2150.1787684030005,0.3708273210447421,OnTrack,6987.0,14900.0,1961.0
2026-09-05 14:17:36.170,0 days 00:30:59.566000,11,78.33305555555444,0 days 00:00:32.311000,11199.0,121.0,2,44.0,False,0,car,2153.9286111111114,0.3714740319816288,OnTrack,7009.19288089149,14925.874029352846,1961.0118852960757
2026-09-05 14:17:36.259,0 days 00:30:59.655000,11,79.89055891555446,0 days 00:00:32.400000,10882.73146057143,122.27143131428572,2,41.7749952,False,0,pos,2156.9839252047286,0.37200096209410866,OnTrack,7033.0,14948.0,1961.0
2026-09-05 14:17:36.450,0 days 00:30:59.846000,11,83.23305555555453,0 days 00:00:32.591000,10204.0,125.0,2,37.0,False,0,car,2163.6508333333336,0.3731507602956871,OnTrack,7109.69422979811,15004.716058589469,1960.9786388513462
2026-09-05 14:17:36.499,0 days 00:30:59.895000,11,84.18583706666563,0 days 00:00:32.640000,10126.999698285714,125.52500205714286,2,39.27500891428571,False,0,pos,2165.3728605978304,0.37344774711680323,OnTrack,7128.0,15017.0,1961.0
2026-09-05 14:17:36.730,0 days 00:31:00.126000,11,88.67749999999887,0 days 00:00:32.871000,9764.0,128.0,3,50.0,False,0,car,2173.6063888888893,0.3748677300892828,OnTrack,7186.413694751083,15049.959641510488,1961.3217173844264
2026-09-05 14:17:36.939,0 days 00:31:00.335000,11,92.91555944888786,0 days 00:00:33.080000,10082.7252928,133.2250048,3,55.97143405714286,False,0,pos,2181.3873671625756,0.37620966470920364,OnTrack,7236.0,15069.0,1961.0
2026-09-05 14:17:37.010,0 days 00:31:00.406000,11,94.35527777777679,0 days 00:00:33.151000,10191.0,135.0,3,58.0,False,0,car,2184.1063888888893,0.3766785966684658,OnTrack,7259.314906113127,15078.007993467698,1960.5753947739117
2026-09-05 14:17:37.119,0 days 00:31:00.515000,11,96.3838921005742,0 days 00:00:33.260000,10375.298341918959,138.0362165060784,3,62.85794640972543,False,0,pos,2188.3550187705405,0.3774113301789421,OnTrack,7299.0,15092.0,1960.0
2026-09-05 14:17:37.219,0 days 00:31:00.615000,11,98.24500287989962,0 days 00:00:33.360000,10544.379091720719,140.8217313298306,3,67.314770127729,False,0,pos,2192.3354423038522,0.37809780788822467,OnTrack,7336.0,15102.0,1960.0
2026-09-05 14:17:37.369,0 days 00:31:00.765000,11,101.03666666666595,0 days 00:00:33.510000,10798.0,145.0,3,74.0,False,0,car,2198.5661111111112,0.37917237073670307,OnTrack,7393.808672444459,15116.94693914942,1959.5120517730088
2026-09-05 14:17:37.518,0 days 00:31:00.914000,11,103.4786142577771,0 days 00:00:33.659000,11283.492292266666,151.62223075555556,3,83.10556728888889,False,0,pos,2205.0989621920417,0.38029904899282085,OnTrack,7454.0,15131.0,1959.0
2026-09-05 14:17:37.718,0 days 00:31:01.114000,11,106.75639203555492,0 days 00:00:33.859000,11935.158958933333,160.51111964444445,3,95.3277895111111,False,0,pos,2214.168305897715,0.38186317960346156,OnTrack,7539.0,15147.0,1959.0
2026-09-05 14:17:37.729,0 days 00:31:01.125000,11,106.93666666666604,0 days 00:00:33.870000,11971.0,161.0,3,96.0,False,0,car,2214.666111111111,0.3819490328247836,OnTrack,7543.839169534428,15147.89316029586,1958.954350348066
2026-09-05 14:17:37.878,0 days 00:31:01.274000,11,109.3372253155543,0 days 00:00:34.019000,11631.093312,163.7937536,3,99.7250048,False,0,pos,2221.442748817063,0.38311775537153975,OnTrack,7610.0,15160.0,1958.0
2026-09-05 14:17:37.889,0 days 00:31:01.285000,11,109.51444444444314,0 days 00:00:34.030000,11606.0,164.0,3,100.0,False,0,car,2221.9550000000004,0.38320609999509475,OnTrack,7614.757947249153,15160.8135698493,1957.9635265736908
2026-09-05 14:17:38.058,0 days 00:31:01.454000,11,111.81472135110982,0 days 00:00:34.199000,11284.9001216,171.2428544,3,100.0,False,0,pos,2230.1095312070024,0.38461245885525325,OnTrack,7693.0,15174.0,1958.0
2026-09-05 14:17:38.169,0 days 00:31:01.565000,11,113.32555555555427,0 days 00:00:34.310000,11074.0,176.0,4,100.0,False,0,car,2235.6438888888893,0.38556693346128884,OnTrack,7769.126900734138,15189.361531295,1957.7746480316018
2026-09-05 14:17:38.329,0 days 00:31:01.725000,11,115.19222222222152,0 days 00:00:34.470000,11164.0,183.0,4,100.0,False,0,car,2243.7772222222225,0.38696963646230675,OnTrack,7888.511399977029,15215.722915209737,1957.0448218119022
2026-09-05 14:17:38.338,0 days 00:31:01.734000,11,115.27972159999929,0 days 00:00:34.479000,11189.874816,183.281248,4,100.0,False,0,pos,2244.243558336101,0.3870500624130962,OnTrack,7894.0,15217.0,1957.0
2026-09-05 14:17:38.649,0 days 00:31:02.045000,11,118.30333333333238,0 days 00:00:34.790000,12084.0,193.0,4,100.0,False,0,car,2260.932777777778,0.3899283433387708,OnTrack,8009.479701349326,15248.942197161654,1955.3454838536866
2026-09-05 14:17:38.778,0 days 00:31:02.174000,11,119.41416611555478,0 days 00:00:34.919000,11375.421780114286,196.68571245714287,4,100.0,False,0,pos,2268.06989087132,0.39115923472667025,OnTrack,8060.0,15265.0,1955.0
2026-09-05 14:17:38.929,0 days 00:31:02.325000,11,120.71444444444387,0 days 00:00:35.070000,10546.0,201.0,4,100.0,False,0,car,2276.5661111111112,0.3926245224677765,OnTrack,8139.127684805,15289.510633535998,1954.9942925170617
2026-09-05 14:17:38.938,0 days 00:31:02.334000,11,120.77944398222166,0 days 00:00:35.079000,10557.20492032,201.26999808,4,100.0,False,0,pos,2277.077589877581,0.39271273387769673,OnTrack,8144.0,15291.0,1955.0
2026-09-05 14:17:39.098,0 days 00:31:02.494000,11,121.9349995377775,0 days 00:00:35.239000,10756.40492032,206.06999808,4,100.0,False,0,pos,2286.2655555490887,0.3942973224458123,OnTrack,8230.0,15317.0,1955.0
2026-09-05 14:17:39.129,0 days 00:31:02.525000,11,122.15888888888867,0 days 00:00:35.270000,10795.0,207.0,5,100.0,False,0,car,2288.0661111111112,0.3946078525306912,OnTrack,8246.878869685084,15322.10162692013,1954.8987636885568
2026-09-05 14:17:39.409,0 days 00:31:02.805000,11,123.79222222222279,0 days 00:00:35.550000,11036.0,213.0,5,100.0,False,0,car,2304.6327777777774,0.3974649975778465,OnTrack,8402.965915055527,15370.365038404389,1953.0294776163896
2026-09-05 14:17:39.418,0 days 00:31:02.814000,11,123.81222208000054,0 days 00:00:35.559000,11045.58493184,213.26999808,5,100.0,False,0,pos,2305.174821317296,0.3975584802950061,OnTrack,8408.0,15372.0,1953.0
2026-09-05 14:17:39.609,0 days 00:31:03.005000,11,124.23666666666668,0 days 00:00:35.750000,11249.0,219.0,5,100.0,False,0,car,2316.7994444444444,0.39956330329658235,OnTrack,8514.918243688273,15408.203544397831,1952.990539358927
2026-09-05 14:17:39.618,0 days 00:31:03.014000,11,124.02368522666667,0 days 00:00:35.759000,11255.64768,219.0818176,5,100.0,False,0,pos,2317.350818947683,0.39965839526425156,OnTrack,8520.0,15410.0,1953.0
2026-09-05 14:17:39.858,0 days 00:31:03.254000,11,118.34413977212103,0 days 00:00:35.999000,11432.920407272728,221.26363578181818,5,100.0,False,0,pos,2332.145817054347,0.4022099921795311,OnTrack,8657.0,15461.0,1953.0
2026-09-05 14:17:40.038,0 days 00:31:03.434000,11,114.08447462302996,0 days 00:00:36.179000,11565.875141818182,222.90000174545455,5,100.0,False,0,pos,2343.3657384375742,0.40414501890847837,OnTrack,8760.0,15502.0,1952.0
2026-09-05 14:17:40.049,0 days 00:31:03.445000,30,113.82416666666631,0 days 00:00:36.190000,11574.0,223.0,5,100.0,False,0,car,2344.055,0.40426389135873664,OnTrack,8766.358630422283,15504.509916470903,1951.9342751061915
2026-09-05 14:17:40.259,0 days 00:31:03.655000,30,106.64916229333282,0 days 00:00:36.400000,11723.10009088,225.6250016,5,100.0,False,0,pos,2357.293635711519,0.4065470725934002,OnTrack,8889.0,15552.0,1951.0
2026-09-05 14:17:40.439,0 days 00:31:03.835000,30,100.49916229333269,0 days 00:00:36.580000,11850.90009088,227.8750016,5,100.0,False,0,pos,2368.7493061448477,0.4085227574248145,OnTrack,8994.0,15592.0,1951.0
2026-09-05 14:17:40.449,0 days 00:31:03.845000,30,100.15749999999935,0 days 00:00:36.590000,11858.0,228.0,5,100.0,False,0,car,2369.3883333333333,0.40863296627994,OnTrack,8999.90498608272,15594.190884038622,1950.9681025782777
2026-09-05 14:17:40.619,0 days 00:31:04.015000,30,94.3963845511108,0 days 00:00:36.760000,11923.45004928,230.55000192,5,100.0,False,0,pos,2380.291489816626,0.4105133626307207,OnTrack,9102.0,15631.0,1950.0
2026-09-05 14:17:40.649,0 days 00:31:04.045000,30,93.37972222222197,0 days 00:00:36.790000,11935.0,231.0,5,100.0,False,0,car,2382.2216666666664,0.41084624765449695,OnTrack,9120.364294516394,15637.467020593529,1949.9178875135942
2026-09-05 14:17:40.819,0 days 00:31:04.215000,30,87.76027242627775,0 days 00:00:36.960000,12029.268002545645,232.0591910398387,5,100.0,False,0,pos,2393.1889935646404,0.41273771105854595,OnTrack,9223.0,15673.0,1950.0
2026-09-05 14:17:40.970,0 days 00:31:04.366000,30,82.7688888888888,0 days 00:00:37.111000,12113.0,233.0,5,100.0,False,0,car,2402.9974999999995,0.41442932024859297,OnTrack,9302.743460430973,15700.086721335594,1949.9878070157984
2026-09-05 14:17:41.079,0 days 00:31:04.475000,30,79.16582698666654,0 days 00:00:37.220000,12155.691741866667,233.90833493333332,5,100.0,False,0,pos,2410.1299919007047,0.41565941464947675,OnTrack,9383.0,15727.0,1950.0
2026-09-05 14:17:41.259,0 days 00:31:04.655000,30,73.2158269866665,0 days 00:00:37.400000,12226.191741866667,235.40833493333332,5,100.0,False,0,pos,2421.958991729659,0.41769948516904004,OnTrack,9575.0,15791.0,1950.0
2026-09-05 14:17:41.330,0 days 00:31:04.726000,30,70.8688888888887,0 days 00:00:37.471000,12254.0,236.0,5,100.0,False,0,car,2426.5974999999994,0.41849945846466136,OnTrack,9634.782521371662,15810.65109433426,1949.6084308052998
2026-09-05 14:17:41.530,0 days 00:31:04.926000,30,64.48000000000002,0 days 00:00:37.671000,12162.0,234.0,5,100.0,False,0,car,2439.5974999999994,0.4207414837531736,OnTrack,9725.771610779422,15839.168709309271,1947.025345469668
2026-09-05 14:17:41.690,0 days 00:31:05.086000,30,59.50222222222192,0 days 00:00:37.831000,11638.0,234.0,5,48.0,True,0,car,2449.9974999999995,0.4225351039839834,OnTrack,9779.214243717981,15851.516012715216,1945.260177039646
2026-09-05 14:17:41.759,0 days 00:31:05.155000,30,57.71971726222208,0 days 00:00:37.900000,11500.492474514285,230.30356114285715,5,36.17139565714286,True,0,pos,2454.340949005286,0.42328419033084613,OnTrack,9811.0,15858.0,1945.0
2026-09-05 14:17:41.919,0 days 00:31:05.315000,30,53.58638392888913,0 days 00:00:38.060000,11181.635331657142,221.73213257142856,5,8.742824228571427,True,0,pos,2464.0293047277305,0.42495507791037107,OnTrack,9901.0,15874.0,1945.0
2026-09-05 14:17:41.970,0 days 00:31:05.366000,30,52.26888888888925,0 days 00:00:38.111000,11080.0,219.0,5,0.0,True,0,car,2467.0308333333323,0.42547273199021346,OnTrack,9930.230012630851,15877.541201217002,1944.5801184977847
2026-09-05 14:17:42.179,0 days 00:31:05.575000,30,48.030829440000254,0 days 00:00:38.320000,10792.624736,209.71110257777778,5,0.0,True,0,pos,2478.9304162393464,0.427524975513139,OnTrack,10047.0,15883.0,1942.0
2026-09-05 14:17:42.199,0 days 00:31:05.595000,30,47.62527388444469,0 days 00:00:38.340000,10765.124736,208.8222136888889,5,0.0,True,0,pos,2480.0448953972646,0.42771718247125995,OnTrack,10058.0,15883.0,1942.0
2026-09-05 14:17:42.330,0 days 00:31:05.726000,30,44.96888888888907,0 days 00:00:38.471000,10585.0,203.0,5,0.0,True,0,car,2487.3308333333325,0.42897374070996724,OnTrack,10126.468312831166,15880.926052451023,1941.9680206858968
2026-09-05 14:17:42.570,0 days 00:31:05.966000,30,40.635555555555584,0 days 00:00:38.711000,12087.0,199.0,5,0.0,False,0,car,2500.5974999999994,0.431261756260808,OnTrack,10262.559284029769,15855.027997847114,1941.0729612671873
2026-09-05 14:17:42.579,0 days 00:31:05.975000,30,40.48555235555558,0 days 00:00:38.720000,12073.2747072,198.8499968,5,0.0,False,0,pos,2501.0911791209783,0.4313468978818576,OnTrack,10269.0,15853.0,1941.0
2026-09-05 14:17:42.779,0 days 00:31:06.175000,30,37.15221902222225,0 days 00:00:38.920000,11768.2747072,195.51666346666667,5,0.0,False,0,pos,2511.948165802345,0.4332193316277549,OnTrack,10420.0,15796.0,1939.0
2026-09-05 14:17:42.810,0 days 00:31:06.206000,30,36.635555555555584,0 days 00:00:38.951000,11721.0,195.0,4,0.0,False,0,car,2513.5974999999994,0.43350378154932023,OnTrack,10437.313373430592,15788.521352111931,1938.7774829307257
2026-09-05 14:17:43.119,0 days 00:31:06.515000,30,31.914719288888918,0 days 00:00:39.260000,11550.191560533332,187.2749952,4,42.058359466666666,False,0,pos,2529.5686126761607,0.4362582152805227,OnTrack,10528.0,15730.0,1938.0
2026-09-05 14:17:43.170,0 days 00:31:06.566000,30,31.135555555555584,0 days 00:00:39.311000,11522.0,186.0,4,49.0,False,0,car,2532.1974999999993,0.43671160234673007,OnTrack,10546.47822092707,15714.836721068283,1937.867156089011
2026-09-05 14:17:43.370,0 days 00:31:06.766000,30,27.913333333332957,0 days 00:00:39.511000,11744.0,187.0,4,74.0,False,0,car,2542.5863888888885,0.43850330631660955,OnTrack,10633.006174981421,15639.838525281608,1937.1301116871623
2026-09-05 14:17:43.399,0 days 00:31:06.795000,30,27.413885582221862,0 days 00:00:39.540000,11759.51510272,187.29000192,4,77.77002496,False,0,pos,2544.0996599525074,0.4387642903160716,OnTrack,10644.0,15629.0,1937.0
2026-09-05 14:17:43.570,0 days 00:31:06.966000,30,24.468888888888614,0 days 00:00:39.711000,11851.0,189.0,4,100.0,False,0,car,2553.0863888888885,0.4403141728957925,OnTrack,10697.071500642733,15567.18646199122,1936.1722387665038
2026-09-05 14:17:43.619,0 days 00:31:07.015000,30,23.50249621333307,0 days 00:00:39.760000,11879.719556977778,189.9527815111111,4,100.0,False,0,pos,2555.7034952247354,0.440765528171769,OnTrack,10711.0,15548.0,1936.0
2026-09-05 14:17:43.879,0 days 00:31:07.275000,30,18.37471843555536,0 days 00:00:40.020000,12032.108445866666,195.00833706666666,4,100.0,False,0,pos,2569.8810566278244,0.44321063980216596,OnTrack,10783.0,15429.0,1936.0
2026-09-05 14:17:43.930,0 days 00:31:07.326000,30,17.368888888888705,0 days 00:00:40.071000,12062.0,196.0,4,100.0,False,0,car,2572.6863888888884,0.44369445717693407,OnTrack,10795.340176552354,15403.773290954145,1936.2218971496116
2026-09-05 14:17:44.098,0 days 00:31:07.494000,30,13.91555617119136,0 days 00:00:40.239000,11598.245208023138,197.40389947117112,4,100.0,False,0,pos,2581.955979627004,0.4452931230883967,OnTrack,10831.0,15318.0,1937.0
2026-09-05 14:17:44.289,0 days 00:31:07.685000,30,9.989444444444416,0 days 00:00:40.430000,11071.0,199.0,4,100.0,False,0,car,2592.5311111111105,0.44711694710506655,OnTrack,10863.433638499237,15217.071252776163,1936.3115998262247
2026-09-05 14:17:44.378,0 days 00:31:07.774000,30,8.160001315555462,0 days 00:00:40.519000,10946.9563392,199.5562496,4,100.0,False,0,pos,2597.465288297653,0.4479679124920071,OnTrack,10876.0,15169.0,1936.0
2026-09-05 14:17:44.558,0 days 00:31:07.954000,30,4.459996053333109,0 days 00:00:40.699000,10696.0809824,200.6812512,4,100.0,False,0,pos,2607.506590204529,0.449699670400069,OnTrack,10897.0,15070.0,1936.0
2026-09-05 14:17:44.609,0 days 00:31:08.005000,30,3.411666666666406,0 days 00:00:40.750000,10625.0,201.0,5,100.0,False,0,car,2610.3977777777773,0.4501982946810732,OnTrack,10901.968336997033,15041.583827859602,1936.0114374921332
2026-09-05 14:17:44.738,0 days 00:31:08.134000,30,23.20782899443282,0 days 00:00:40.879000,10718.18548008421,203.20657785263157,5,100.0,False,0,pos,2617.8135207841838,0.45147723955441704,OnTrack,10913.0,14969.0,1936.0
2026-09-05 14:17:45.258,0 days 00:31:08.654000,30,103.00635238624702,0 days 00:00:41.399000,11093.817059031579,212.10131469473686,5,100.0,False,0,pos,2648.881984076374,0.45683541496797897,OnTrack,10946.0,14667.0,1935.0
2026-09-05 14:17:45.369,0 days 00:31:08.765000,11,120.04027777777947,0 days 00:00:41.510000,11174.0,214.0,5,100.0,False,0,car,2655.5755555555547,0.45798981162388575,OnTrack,10951.814155999607,14601.518304425788,1934.0012989030583
2026-09-05 14:17:45.498,0 days 00:31:08.894000,11,119.53861136000165,0 days 00:00:41.639000,11241.40246656,215.28999936,5,100.0,False,0,pos,2663.355742233726,0.45933160972248616,OnTrack,10958.0,14525.0,1933.0
2026-09-05 14:17:45.718,0 days 00:31:09.114000,11,118.68305480889049,0 days 00:00:41.859000,11356.35260032,217.49000192,5,100.0,False,0,pos,2676.6791034886314,0.4616294030195232,OnTrack,10967.0,14393.0,1933.0
2026-09-05 14:17:45.769,0 days 00:31:09.165000,11,118.48472222222381,0 days 00:00:41.910000,11383.0,218.0,5,100.0,False,0,car,2679.797777777777,0.46216726045205386,OnTrack,10969.115877741251,14362.023505861525,1933.0274596442518
2026-09-05 14:17:45.958,0 days 00:31:09.354000,11,117.22472094222323,0 days 00:00:42.099000,11508.68512768,221.78000384,5,100.0,False,0,pos,2691.4503026880807,0.4641768954923555,OnTrack,10977.0,14247.0,1933.0
2026-09-05 14:17:45.969,0 days 00:31:09.365000,11,117.15138888888987,0 days 00:00:42.110000,11516.0,222.0,5,100.0,False,0,car,2692.1311111111104,0.46429431008474503,OnTrack,10977.428993211834,14240.389711603317,1932.998368763934
2026-09-05 14:17:46.138,0 days 00:31:09.534000,11,115.50833395555657,0 days 00:00:42.279000,11587.2214016,223.2071424,5,100.0,False,0,pos,2702.6157334479476,0.4661025245785673,OnTrack,10984.0,14136.0,1933.0
2026-09-05 14:17:46.249,0 days 00:31:09.645000,11,114.4291666666677,0 days 00:00:42.390000,11634.0,224.0,5,100.0,False,0,car,2709.553333333333,0.4672990072235375,OnTrack,10989.433625384048,14054.637809632603,1933.0459949728493
2026-09-05 14:17:46.398,0 days 00:31:09.794000,11,112.52527532444545,0 days 00:00:42.539000,11721.0719872,225.8625024,5,100.0,False,0,pos,2718.9538565263438,0.46892025420230504,OnTrack,10998.0,13938.0,1933.0
2026-09-05 14:17:46.569,0 days 00:31:09.965000,11,110.34027777777874,0 days 00:00:42.710000,11821.0,228.0,5,100.0,False,0,car,2729.8199999999997,0.47079426716050027,OnTrack,11008.851525658221,13813.894146018636,1932.4914982822759
2026-09-05 14:17:46.839,0 days 00:31:10.235000,11,106.6652760355565,0 days 00:00:42.980000,11957.928636342856,229.92857234285714,5,100.0,False,0,pos,2747.0648246240366,0.47376836969150404,OnTrack,11024.0,13659.0,1932.0
2026-09-05 14:17:46.849,0 days 00:31:10.245000,11,106.5291666666676,0 days 00:00:42.990000,11963.0,230.0,5,100.0,False,0,car,2747.708888888889,0.47387944725836756,OnTrack,11024.379643409096,13654.848521555943,1932.0313752326501
2026-09-05 14:17:47.079,0 days 00:31:10.475000,11,103.39860936888981,0 days 00:00:43.220000,12053.357193142858,232.4642870857143,5,100.0,False,0,pos,2762.611676016641,0.4764496338437318,OnTrack,11032.0,13569.0,1933.0
2026-09-05 14:17:47.129,0 days 00:31:10.525000,11,102.71805555555648,0 days 00:00:43.270000,12073.0,233.0,5,100.0,False,0,car,2765.831111111111,0.47700486883577226,OnTrack,11034.778086052807,13540.81735616822,1932.8558757319213
2026-09-05 14:17:47.279,0 days 00:31:10.675000,11,101.38472108444552,0 days 00:00:43.420000,11854.428384914285,229.2499968,5,67.32140068571428,False,0,pos,2775.394190069957,0.4786541507482162,OnTrack,11045.0,13440.0,1932.0
2026-09-05 14:17:47.409,0 days 00:31:10.805000,11,100.22916666666788,0 days 00:00:43.550000,11665.0,226.0,5,39.0,True,0,car,2783.4088888888887,0.48003639362758965,OnTrack,11052.744552307035,13361.326372353184,1932.1618345734892
2026-09-05 14:17:47.610,0 days 00:31:11.006000,11,99.61500000000115,0 days 00:00:43.751000,10981.0,209.0,5,0.0,True,0,car,2795.0780555555552,0.4820488987631689,OnTrack,11061.700252649573,13234.876040465148,1933.0006890505185
2026-09-05 14:17:47.619,0 days 00:31:11.015000,11,99.64250058666781,0 days 00:00:43.760000,10942.4491776,208.5124896,5,0.0,True,0,pos,2795.5835103487016,0.4821360712576639,OnTrack,11062.0,13228.0,1933.0
2026-09-05 14:17:47.850,0 days 00:31:11.246000,11,100.34833333333427,0 days 00:00:43.991000,9953.0,196.0,5,0.0,True,0,car,2808.144722222222,0.4843024216172633,OnTrack,11066.899241735402,13038.627452071392,1932.0469340828483
2026-09-05 14:17:47.859,0 days 00:31:11.255000,11,100.4183348266676,0 days 00:00:44,9987.3882336,195.6624928,5,0.0,True,0,pos,2808.6218451480995,0.4843847078992284,OnTrack,11067.0,13033.0,1932.0
2026-09-05 14:17:48.090,0 days 00:31:11.486000,11,102.21500000000106,0 days 00:00:44.231000,10870.0,187.0,5,0.0,True,0,car,2820.6113888888885,0.4864524663811186,OnTrack,11066.786297220968,12956.152498782292,1930.8593007105567
2026-09-05 14:17:48.219,0 days 00:31:11.615000,11,103.82750240000105,0 days 00:00:44.360000,10954.2532504,184.1781208,5,0.0,True,0,pos,2827.1257120466234,0.4875759492470558,OnTrack,11057.0,12906.0,1930.0
2026-09-05 14:17:48.410,0 days 00:31:11.806000,11,106.21500000000106,0 days 00:00:44.551000,11079.0,180.0,4,0.0,False,0,car,2836.6113888888885,0.489211882120826,OnTrack,11025.328669494811,12774.719161691757,1928.3193757079048
2026-09-05 14:17:48.459,0 days 00:31:11.855000,11,107.04528103111221,0 days 00:00:44.600000,11061.986044444444,179.59166506666668,4,7.486140444444444,False,0,pos,2839.0316553261787,0.48962928970216,OnTrack,11017.0,12745.0,1928.0
2026-09-05 14:17:48.770,0 days 00:31:12.166000,11,112.31500000000142,0 days 00:00:44.911000,10954.0,177.0,4,55.0,False,0,car,2854.3113888888884,0.49226448578287724,OnTrack,10971.097455133287,12647.330225228467,1927.799530944126
2026-09-05 14:17:48.839,0 days 00:31:12.235000,11,113.58000352000144,0 days 00:00:44.980000,11055.7752832,177.2156256,4,59.0968864,False,0,pos,2857.699920602671,0.4928488837669716,OnTrack,10956.0,12626.0,1928.0
2026-09-05 14:17:49.059,0 days 00:31:12.455000,11,117.61333685333486,0 days 00:00:45.200000,11380.2752832,177.9031256,4,72.1593864,False,0,pos,2868.574975813442,0.4947244336743957,OnTrack,10890.0,12539.0,1929.0
2026-09-05 14:17:49.090,0 days 00:31:12.486000,11,118.1816666666682,0 days 00:00:45.231000,11426.0,178.0,4,74.0,False,0,car,2870.1336111111104,0.49499324134769895,OnTrack,10879.519259475297,12527.351382675735,1929.1877512177543
2026-09-05 14:17:49.239,0 days 00:31:12.635000,11,120.87194791111267,0 days 00:00:45.380000,11627.6158848,181.7250048,4,74.9312512,False,0,pos,2877.731078000686,0.4963035269550115,OnTrack,10826.0,12476.0,1930.0
2026-09-05 14:17:49.379,0 days 00:31:12.775000,11,123.39972568889047,0 days 00:00:45.520000,11817.0533848,185.2250048,4,75.8062512,False,0,pos,2885.02976639758,0.49756228418261206,OnTrack,10770.0,12431.0,1930.0
2026-09-05 14:17:49.410,0 days 00:31:12.806000,11,123.95944444444604,0 days 00:00:45.551000,11859.0,186.0,4,76.0,False,0,car,2886.6669444444437,0.49784463761206327,OnTrack,10756.932320932397,12421.40626635485,1930.0026047687018
2026-09-05 14:17:49.659,0 days 00:31:13.055000,11,128.24778108444622,0 days 00:00:45.800000,11285.6078912,192.916672,4,92.6000128,False,0,pos,2900.098327551519,0.5001610607340446,OnTrack,10645.0,12349.0,1930.0
2026-09-05 14:17:49.770,0 days 00:31:13.166000,11,130.1594444444463,0 days 00:00:45.911000,11030.0,196.0,4,100.0,False,0,car,2906.2669444444437,0.5012249218932048,OnTrack,10592.743289357084,12319.034511668633,1929.372979431231
2026-09-05 14:17:49.819,0 days 00:31:13.215000,11,130.92166965333524,0 days 00:00:45.960000,11014.0749376,198.4500096,4,100.0,False,0,pos,2909.0280784104793,0.5017011166760372,OnTrack,10569.0,12306.0,1929.0
2026-09-05 14:17:49.970,0 days 00:31:13.366000,11,133.27055555555762,0 days 00:00:46.111000,10965.0,206.0,5,100.0,False,0,car,2917.711388888888,0.5031986706514677,OnTrack,10492.627710861787,12266.013618411944,1927.6191154682265
2026-09-05 14:17:50.079,0 days 00:31:13.475000,11,134.8450027733352,0 days 00:00:46.220000,11126.683618133333,210.99584213333333,5,100.0,False,0,pos,2924.1911857753616,0.5043161989963829,OnTrack,10436.0,12237.0,1927.0
2026-09-05 14:17:50.210,0 days 00:31:13.606000,11,136.73722222222386,0 days 00:00:46.351000,11321.0,217.0,5,100.0,False,0,car,2932.1780555555547,0.5056936423827865,OnTrack,10367.425707575434,12201.768161472719,1927.0382885577533
2026-09-05 14:17:50.239,0 days 00:31:13.635000,11,137.1238914488905,0 days 00:00:46.380000,11224.6649872,217.8156304,5,100.0,False,0,pos,2933.9684015048515,0.5060024116822871,OnTrack,10352.0,12194.0,1927.0
2026-09-05 14:17:50.419,0 days 00:31:13.815000,11,139.52389144889037,0 days 00:00:46.560000,10626.7274872,222.8781304,5,100.0,False,0,pos,2945.2501084804144,0.507948094169733,OnTrack,10254.0,12146.0,1926.0
2026-09-05 14:17:50.530,0 days 00:31:13.926000,11,141.0038888888903,0 days 00:00:46.671000,10258.0,226.0,6,100.0,False,0,car,2952.2669444444437,0.5091582421448635,OnTrack,10192.670916388313,12115.627867067677,1925.4149983129457
2026-09-05 14:17:50.678,0 days 00:31:14.074000,11,143.1005591822238,0 days 00:00:46.819000,10422.6502848,228.7750048,6,100.0,False,0,pos,2961.6715446605162,0.5107801922612315,OnTrack,10109.0,12073.0,1925.0
2026-09-05 14:17:50.690,0 days 00:31:14.086000,11,143.27055555555717,0 days 00:00:46.831000,10436.0,229.0,6,100.0,False,0,car,2962.4447222222216,0.5109135371570663,OnTrack,10102.049510575993,12069.378255898815,1924.992637873666
2026-09-05 14:17:50.898,0 days 00:31:14.294000,11,145.81277709701686,0 days 00:00:47.039000,10667.497845958736,236.83263388582188,6,100.0,False,0,pos,2976.1625502690245,0.5132793615712505,OnTrack,9983.0,12006.0,1925.0
2026-09-05 14:17:50.929,0 days 00:31:14.325000,11,146.19166666666797,0 days 00:00:47.070000,10702.0,238.0,6,100.0,False,0,car,2978.245277777777,0.5136385560130738,OnTrack,9967.295547927397,11997.580115195085,1924.8580441856097
2026-09-05 14:17:51.098,0 days 00:31:14.494000,11,148.02249930666804,0 days 00:00:47.239000,10925.9249152,242.2249984,6,100.0,False,0,pos,2989.742727737913,0.5156214462872298,OnTrack,9866.0,11943.0,1924.0
2026-09-05 14:17:51.238,0 days 00:31:14.634000,11,149.53916874666808,0 days 00:00:47.379000,11111.4252544,245.7250048,6,100.0,False,0,pos,2999.4360661017695,0.5172931931904509,OnTrack,9711.0,11859.0,1925.0
2026-09-05 14:17:51.329,0 days 00:31:14.725000,11,150.52500000000146,0 days 00:00:47.470000,11232.0,248.0,6,100.0,False,0,car,3005.800833333333,0.5183908831203476,OnTrack,9642.945058426381,11822.3347111112,1925.381795731016
2026-09-05 14:17:51.618,0 days 00:31:15.014000,11,153.41499936000088,0 days 00:00:47.759000,11481.2624448,255.2249984,6,100.0,False,0,pos,3026.3306300175586,0.5219315233768131,OnTrack,9557.0,11777.0,1925.0
2026-09-05 14:17:51.649,0 days 00:31:15.045000,11,153.72500000000082,0 days 00:00:47.790000,11508.0,256.0,6,100.0,False,0,car,3028.5563888888883,0.5223153855057093,OnTrack,9541.090598414849,11768.413377925897,1924.9957273436105
2026-09-05 14:17:51.798,0 days 00:31:15.194000,11,155.0908350933342,0 days 00:00:47.939000,11459.5749376,258.7937536,6,100.0,False,0,pos,3039.311653810545,0.5241702759625557,OnTrack,9446.0,11717.0,1925.0
2026-09-05 14:17:51.969,0 days 00:31:15.365000,11,156.6583333333342,0 days 00:00:48.110000,11404.0,262.0,6,100.0,False,0,car,3051.845277777777,0.5263318684157278,OnTrack,9336.066156184967,11658.623749618679,1924.3675904887075
2026-09-05 14:17:52.098,0 days 00:31:15.494000,11,157.62583285333417,0 days 00:00:48.239000,11068.6001664,266.14642651428574,6,100.0,False,0,pos,3061.493985157027,0.5279959181038609,OnTrack,9254.0,11613.0,1924.0
2026-09-05 14:17:52.178,0 days 00:31:15.574000,11,158.22583285333414,0 days 00:00:48.319000,10860.6001664,268.7178550857143,6,100.0,False,0,pos,3067.542730383633,0.529039105777847,OnTrack,9203.0,11583.0,1924.0
2026-09-05 14:17:52.249,0 days 00:31:15.645000,11,158.75833333333412,0 days 00:00:48.390000,10676.0,271.0,7,100.0,False,0,car,3072.923055555555,0.5299670154006062,OnTrack,9158.09013380107,11556.725689553723,1923.9857822257509
2026-09-05 14:17:52.478,0 days 00:31:15.874000,11,160.4122236088897,0 days 00:00:48.619000,10857.7689024,273.8625024,7,100.0,False,0,pos,3090.3620999000054,0.532974613741202,OnTrack,9007.0,11470.0,1924.0
2026-09-05 14:17:52.569,0 days 00:31:15.965000,11,161.06944444444525,0 days 00:00:48.710000,10930.0,275.0,7,100.0,False,0,car,3097.3674999999994,0.5341827894473814,OnTrack,8937.502319056533,11430.274784385296,1924.2800910543035
2026-09-05 14:17:52.729,0 days 00:31:16.125000,11,162.04722222222335,0 days 00:00:48.870000,11027.0,280.0,7,100.0,False,0,car,3109.8119444444437,0.536329001689376,OnTrack,8812.734719370463,11359.176249350712,1924.9329353849587
2026-09-05 14:17:52.758,0 days 00:31:16.154000,11,162.21639000888993,0 days 00:00:48.899000,11038.02007296,280.43500288,7,100.0,False,0,pos,3112.079826721176,0.5367201285675146,OnTrack,8793.0,11348.0,1925.0
2026-09-05 14:17:52.929,0 days 00:31:16.325000,11,163.21388888888941,0 days 00:00:49.070000,11103.0,283.0,7,100.0,False,0,car,3125.5341666666664,0.5390405109058246,OnTrack,8695.391592976728,11293.237446549885,1925.0395319442057
2026-09-05 14:17:53.018,0 days 00:31:16.414000,11,163.63416636444492,0 days 00:00:49.159000,11178.093696,284.6687488,7,100.0,False,0,pos,3132.613413641206,0.5402614225012509,OnTrack,8643.0,11264.0,1925.0
2026-09-05 14:17:53.238,0 days 00:31:16.634000,11,164.6730564622226,0 days 00:00:49.379000,11363.718912,288.7937536,7,100.0,False,0,pos,3150.330377323157,0.5433169517789883,OnTrack,8491.0,11179.0,1925.0
2026-09-05 14:17:53.249,0 days 00:31:16.645000,11,164.72500000000036,0 days 00:00:49.390000,11373.0,289.0,7,100.0,False,0,car,3151.223055555555,0.5434709061767993,OnTrack,8483.800281574475,11174.963073098324,1924.9939320132032
2026-09-05 14:17:53.599,0 days 00:31:16.995000,11,165.9888893511112,0 days 00:00:49.740000,11530.5000576,294.83333546666665,7,100.0,False,0,pos,3179.899601478,0.5484165631879766,OnTrack,8238.0,11036.0,1925.0
2026-09-05 14:17:53.609,0 days 00:31:17.005000,11,166.0250000000001,0 days 00:00:49.750000,11535.0,295.0,7,100.0,False,0,car,3180.723055555555,0.5485585789468848,OnTrack,8226.991900299468,11029.737940138622,1925.045497825455
2026-09-05 14:17:53.779,0 days 00:31:17.175000,11,166.59166709333329,0 days 00:00:49.920000,11632.7500736,296.70000128,7,100.0,False,0,pos,3194.7434628727947,0.5509765872361535,OnTrack,8024.0,10914.0,1926.0
2026-09-05 14:17:53.809,0 days 00:31:17.205000,11,166.6916666666666,0 days 00:00:49.950000,11650.0,297.0,7,100.0,False,0,car,3197.2230555555557,0.5514042264284581,OnTrack,7997.7344093085685,10898.931965310501,1926.0606034634636
2026-09-05 14:17:54.119,0 days 00:31:17.515000,11,167.55277830501885,0 days 00:00:50.260000,10483.39492434042,298.9314653570523,7,100.0,False,0,pos,3222.9653529708266,0.5558438327199535,OnTrack,7868.0,10821.0,1926.0
2026-09-05 14:17:54.130,0 days 00:31:17.526000,11,167.58333333333303,0 days 00:00:50.271000,10442.0,299.0,8,100.0,False,0,car,3223.883888888889,0.5560022466243153,OnTrack,7861.504176172461,10816.983044312588,1926.1088391664896
2026-09-05 14:17:54.279,0 days 00:31:17.675000,11,167.9144448711114,0 days 00:00:50.420000,10530.65511424,301.23500288,8,100.0,False,0,pos,3236.3665165683665,0.5581550440800437,OnTrack,7755.0,10751.0,1928.0
2026-09-05 14:17:54.330,0 days 00:31:17.726000,11,168.02777777777828,0 days 00:00:50.471000,10561.0,302.0,8,100.0,False,0,car,3240.6616666666664,0.5588958006291472,OnTrack,7720.610095387198,10729.460771625727,1928.2155819646123
2026-09-05 14:17:54.559,0 days 00:31:17.955000,11,168.34583360000033,0 days 00:00:50.700000,10641.1500672,305.27143131428573,8,100.0,False,0,pos,3260.1035274412584,0.5622488116685602,OnTrack,7559.0,10621.0,1927.0
2026-09-05 14:17:54.610,0 days 00:31:18.006000,11,168.41666666666697,0 days 00:00:50.751000,10659.0,306.0,8,100.0,False,0,car,3264.4616666666666,0.563000431541962,OnTrack,7505.725197264493,10582.23232377172,1926.9091761938791
2026-09-05 14:17:54.759,0 days 00:31:18.155000,11,168.4166666666668,0 days 00:00:50.900000,10698.85755136,307.49000192,8,100.0,False,0,pos,3277.2463049707185,0.5652053148021285,OnTrack,7342.0,10460.0,1927.0
2026-09-05 14:17:55.010,0 days 00:31:18.406000,11,168.41666666666652,0 days 00:00:51.151000,10766.0,310.0,8,100.0,False,0,car,3298.9061111111114,0.5689408404260543,OnTrack,7239.862126681354,10378.410741835352,1926.2383998546836
2026-09-05 14:17:55.119,0 days 00:31:18.515000,11,168.3863888355554,0 days 00:00:51.260000,10794.736414254545,310.4954554181818,8,100.0,False,0,pos,3308.331281782727,0.5705663381948471,OnTrack,7182.0,10330.0,1925.0
2026-09-05 14:17:55.419,0 days 00:31:18.815000,11,168.30305550222204,0 days 00:00:51.560000,10873.827323345455,311.85909178181817,8,100.0,False,0,pos,3334.342999865736,0.57505240971329,OnTrack,6888.0,10089.0,1919.0
2026-09-05 14:17:55.450,0 days 00:31:18.846000,11,168.29444444444425,0 days 00:00:51.591000,10882.0,312.0,8,100.0,False,0,car,3337.0394444444446,0.5755174479390236,OnTrack,6865.816885400403,10070.600828103186,1918.484582174581
2026-09-05 14:17:55.799,0 days 00:31:19.195000,11,168.00361095111074,0 days 00:00:51.940000,10905.266679466667,313.93888995555557,8,100.0,False,0,pos,3367.480042997935,0.5807673396124371,OnTrack,6731.0,9953.0,1914.0
2026-09-05 14:17:55.810,0 days 00:31:19.206000,11,167.99444444444407,0 days 00:00:51.951000,10906.0,314.0,8,100.0,False,0,car,3368.4394444444447,0.5809328013281994,OnTrack,6725.120782374198,9947.835204227717,1913.803956519517
2026-09-05 14:17:55.970,0 days 00:31:19.366000,11,167.8611111111113,0 days 00:00:52.111000,10963.0,314.0,8,100.0,False,0,car,3382.395,0.5833396250567219,OnTrack,6618.54375946533,9854.76733588665,1910.4228233149674
2026-09-05 14:17:56.039,0 days 00:31:19.435000,11,167.80361095111104,0 days 00:00:52.180000,10976.45503744,314.34500096,8,100.0,False,0,pos,3388.4268704788446,0.5843799024529219,OnTrack,6573.0,9815.0,1909.0
2026-09-05 14:17:56.170,0 days 00:31:19.566000,11,167.6944444444439,0 days 00:00:52.311000,11002.0,315.0,8,100.0,False,0,car,3399.8950000000004,0.5863577360220269,OnTrack,6498.584283157053,9749.798258834378,1906.6637533682565
2026-09-05 14:17:56.279,0 days 00:31:19.675000,11,167.5733331199995,0 days 00:00:52.420000,10985.3093456,315.0,8,100.0,False,0,pos,3409.4342357277174,0.5880029058477669,OnTrack,6415.0,9677.0,1904.0
2026-09-05 14:17:56.439,0 days 00:31:19.835000,11,167.3955553422218,0 days 00:00:52.580000,10960.8093456,315.0,8,100.0,False,0,pos,3423.4326345027484,0.5904171184671745,OnTrack,6229.0,9516.0,1898.0
2026-09-05 14:17:56.490,0 days 00:31:19.886000,11,167.3388888888885,0 days 00:00:52.631000,10953.0,315.0,8,100.0,False,0,car,3427.8950000000004,0.5911867135665148,OnTrack,6175.684705879018,9469.8373024296,1896.249250302967
2026-09-05 14:17:56.850,0 days 00:31:20.246000,11,166.9388888888884,0 days 00:00:52.991000,11026.0,315.0,8,100.0,False,0,car,3459.3950000000004,0.5966193133040637,OnTrack,5938.420558584743,9263.694180190832,1888.3685152363323
2026-09-05 14:17:56.879,0 days 00:31:20.275000,11,166.9147220622217,0 days 00:00:53.020000,11016.93744,315.0,8,100.0,False,0,pos,3461.9312595992824,0.5970567254702039,OnTrack,5925.0,9252.0,1888.0
2026-09-05 14:17:57.010,0 days 00:31:20.406000,11,166.80555555555475,0 days 00:00:53.151000,10976.0,315.0,8,100.0,False,0,car,3473.395000000001,0.5990338020763077,OnTrack,5871.566091223129,9205.394172968814,1886.778405952759
2026-09-05 14:17:57.250,0 days 00:31:20.646000,11,166.40555555555557,0 days 00:00:53.391000,11001.0,316.0,8,100.0,False,0,car,3494.461666666667,0.6026670328002557,OnTrack,5771.51095496103,9117.943298559518,1884.1726337636862
2026-09-05 14:17:57.258,0 days 00:31:20.654000,11,166.39666666666665,0 days 00:00:53.399000,11000.05,315.9,8,100.0,False,0,pos,3495.1608091238727,0.6027876093440501,OnTrack,5767.0,9114.0,1884.0
2026-09-05 14:17:57.378,0 days 00:31:20.774000,11,166.26333333333287,0 days 00:00:53.519000,10985.8,314.4,8,100.0,False,0,pos,3505.6215402941384,0.6045917034840551,OnTrack,5688.0,9045.0,1881.0
2026-09-05 14:17:57.410,0 days 00:31:20.806000,11,166.2277777777772,0 days 00:00:53.551000,10982.0,314.0,8,100.0,False,0,car,3508.417222222223,0.6050738565287783,OnTrack,5662.302522447093,9022.616120547005,1880.3110063614756
2026-09-05 14:17:57.570,0 days 00:31:20.966000,11,165.96111111111122,0 days 00:00:53.711000,10978.0,316.0,8,100.0,False,0,car,3522.461666666667,0.6074960103447437,OnTrack,5503.331012178799,8884.544333474887,1878.0811892806162
2026-09-05 14:17:57.718,0 days 00:31:21.114000,11,165.7144440743607,0 days 00:00:53.859000,10974.817199525804,316.0,8,100.0,False,0,pos,3535.4617479087533,0.6097380496445491,OnTrack,5370.0,8769.0,1877.0
2026-09-05 14:17:57.849,0 days 00:31:21.245000,11,165.49611111111062,0 days 00:00:53.990000,10972.0,316.0,8,100.0,False,0,car,3546.9516666666673,0.6117196410613333,OnTrack,5293.538991021391,8702.910641042608,1876.4039707822387
2026-09-05 14:17:58.158,0 days 00:31:21.554000,11,165.06694417777737,0 days 00:00:54.299000,10969.1031232,315.0343744,8,100.0,False,0,pos,3573.9881373406397,0.6163824449815768,OnTrack,5171.0,8596.0,1876.0
2026-09-05 14:17:58.169,0 days 00:31:21.565000,11,165.05166666666628,0 days 00:00:54.310000,10969.0,315.0,8,100.0,False,0,car,3574.9516666666673,0.6165486186058212,OnTrack,5164.166295426458,8589.951020569997,1875.997580848173
2026-09-05 14:17:58.198,0 days 00:31:21.594000,11,165.00333301333296,0 days 00:00:54.339000,10970.772233955555,315.0805560888889,8,100.0,False,0,pos,3577.492709900217,0.616986855774192,OnTrack,5145.0,8573.0,1876.0
2026-09-05 14:17:58.529,0 days 00:31:21.925000,11,164.45166666666637,0 days 00:00:54.670000,10991.0,316.0,8,100.0,False,0,car,3606.551666666667,0.6219984646917432,OnTrack,4835.351324763911,8304.500623793356,1877.753230538128
2026-09-05 14:17:58.558,0 days 00:31:21.954000,11,164.39527740444424,0 days 00:00:54.699000,10993.46501632,316.0,8,100.0,False,0,pos,3609.09863434744,0.6224377236109213,OnTrack,4814.0,8286.0,1878.0
2026-09-05 14:17:58.729,0 days 00:31:22.125000,11,164.06277777777814,0 days 00:00:54.870000,11008.0,316.0,8,100.0,False,0,car,3624.1072222222224,0.6250261569616999,OnTrack,4729.883807454914,8212.645736160048,1879.662117894768
2026-09-05 14:17:58.938,0 days 00:31:22.334000,11,163.77250008888873,0 days 00:00:55.079000,10951.395850666666,315.12916693333335,8,100.0,False,0,pos,3642.395489337082,0.6281802152197447,OnTrack,4655.0,8147.0,1882.0
2026-09-05 14:17:58.969,0 days 00:31:22.365000,11,163.7294444444442,0 days 00:00:55.110000,10943.0,315.0,8,100.0,False,0,car,3645.1072222222224,0.6286478901200658,OnTrack,4638.843144616441,8132.97007634519,1882.3561261727398
2026-09-05 14:17:59.129,0 days 00:31:22.525000,11,163.46277777777732,0 days 00:00:55.270000,10977.0,315.0,8,100.0,False,0,car,3659.107222222223,0.6310623788923099,OnTrack,4534.927808974847,8042.96792850847,1884.295125120897
2026-09-05 14:17:59.178,0 days 00:31:22.574000,11,162.72777873777744,0 days 00:00:55.319000,10976.26500096,315.0,8,100.0,False,0,pos,3663.394523756248,0.6318017818506761,OnTrack,4497.0,8010.0,1885.0
2026-09-05 14:17:59.298,0 days 00:31:22.694000,11,160.92777873777771,0 days 00:00:55.439000,10974.46500096,315.0,8,100.0,False,0,pos,3673.8940335589286,0.6336125638887218,OnTrack,4396.0,7922.0,1887.0
2026-09-05 14:17:59.329,0 days 00:31:22.725000,11,160.46277777777777,0 days 00:00:55.470000,10974.0,315.0,8,100.0,False,0,car,3676.6072222222224,0.6340804898576148,OnTrack,4370.7640508666145,7900.069909909038,1887.574412982804
2026-09-05 14:17:59.598,0 days 00:31:22.994000,11,153.88721752888847,0 days 00:00:55.739000,10956.707130514285,315.0,8,100.0,False,0,pos,3700.1468700666637,0.6381402195306847,OnTrack,4181.0,7736.0,1893.0
2026-09-05 14:17:59.609,0 days 00:31:23.005000,11,153.61833333333288,0 days 00:00:55.750000,10956.0,315.0,8,100.0,False,0,car,3701.1072222222224,0.6383058452090417,OnTrack,4174.317546687649,7730.201637476836,1893.2004212159611
2026-09-05 14:17:59.769,0 days 00:31:23.165000,11,149.75166666666655,0 days 00:00:55.910000,10935.0,314.0,8,100.0,False,0,car,3715.0627777777777,0.6407126689375642,OnTrack,4085.885311844375,7653.084352808652,1895.793215682995
2026-09-05 14:17:59.878,0 days 00:31:23.274000,11,146.63305006222163,0 days 00:00:56.019000,10942.4937632,314.6812512,8,100.0,False,0,pos,3724.5975887384284,0.6423570756525614,OnTrack,4023.0,7598.0,1897.0
2026-09-05 14:17:59.929,0 days 00:31:23.325000,11,145.1738888888881,0 days 00:00:56.070000,10946.0,315.0,8,100.0,False,0,car,3729.062777777778,0.6431271577098082,OnTrack,3990.601740506719,7569.602793789315,1897.36909813136
2026-09-05 14:18:00.039,0 days 00:31:23.435000,11,141.53777354666593,0 days 00:00:56.180000,10949.437504,315.0,8,100.0,False,0,pos,3738.693559652419,0.644788115902969,OnTrack,3918.0,7506.0,1898.0
2026-09-05 14:18:00.249,0 days 00:31:23.645000,11,134.59611111111053,0 days 00:00:56.390000,10956.0,315.0,8,100.0,False,0,car,3757.062777777778,0.6479561352542961,OnTrack,3791.7290337799122,7395.948438358655,1900.1970742690644
2026-09-05 14:18:00.399,0 days 00:31:23.795000,11,129.2211065244439,0 days 00:00:56.540000,10931.6249792,314.3749994666667,8,100.0,False,0,pos,3770.1502501804275,0.6502132463380996,OnTrack,3681.0,7300.0,1902.0
2026-09-05 14:18:00.489,0 days 00:31:23.885000,11,125.99611111111062,0 days 00:00:56.630000,10917.0,314.0,8,100.0,False,0,car,3777.9961111111115,0.6515663708470799,OnTrack,3596.759561446381,7227.149537311796,1902.985502233811
2026-09-05 14:18:00.599,0 days 00:31:23.995000,11,121.87110548867963,0 days 00:00:56.740000,10923.853591896042,313.6573204051978,8,100.0,False,0,pos,3787.583839543258,0.6532199038935614,OnTrack,3496.0,7140.0,1904.0
2026-09-05 14:18:00.810,0 days 00:31:24.206000,11,113.95861111111071,0 days 00:00:56.951000,10937.0,313.0,8,100.0,False,0,car,3805.905277777778,0.6563796829584622,OnTrack,3381.330133774267,7040.305558597638,1905.0782680779728
2026-09-05 14:18:00.939,0 days 00:31:24.335000,11,109.19277068444399,0 days 00:00:57.080000,10756.3997312,308.6999936,8,90.8624864,False,0,pos,3816.996216837625,0.6582924649465794,OnTrack,3319.0,6986.0,1906.0
2026-09-05 14:18:01.050,0 days 00:31:24.446000,11,105.09194444444393,0 days 00:00:57.191000,10601.0,305.0,8,83.0,True,0,car,3826.2386111111114,0.659886440461007,OnTrack,3251.536555767249,6927.355788389708,1907.2861137182829
2026-09-05 14:18:01.119,0 days 00:31:24.515000,11,103.00277196444405,0 days 00:00:57.260000,10293.9491456,296.374976,8,54.36492032,True,0,pos,3831.7494066968106,0.6608368514658499,OnTrack,3203.0,6885.0,1908.0
2026-09-05 14:18:01.250,0 days 00:31:24.646000,11,99.03638888888872,0 days 00:00:57.391000,9711.0,280.0,8,0.0,True,0,car,3841.7941666666666,0.6625692057635002,OnTrack,3096.705267849638,6791.626204626389,1908.708097238435
2026-09-05 14:18:01.479,0 days 00:31:24.875000,11,93.75666223999943,0 days 00:00:57.620000,8823.624256,259.9624832,8,0.0,True,0,pos,3858.3139655402456,0.6654182678277848,OnTrack,2924.0,6639.0,1909.0
2026-09-05 14:18:01.490,0 days 00:31:24.886000,11,93.50305555555497,0 days 00:00:57.631000,8781.0,259.0,8,0.0,True,0,car,3859.0608333333334,0.6655470752492678,OnTrack,2918.7686297958553,6634.366333348394,1909.0337905495967
2026-09-05 14:18:01.770,0 days 00:31:25.166000,11,90.70305555555478,0 days 00:00:57.911000,8918.0,226.0,8,0.0,True,0,car,3876.6386111111115,0.6685786000410853,OnTrack,2852.814579990562,6574.424139657765,1910.041455064733
2026-09-05 14:18:01.799,0 days 00:31:25.195000,11,90.65472190222145,0 days 00:00:57.940000,9014.8787664,223.9156112,8,0.0,True,0,pos,3878.3486429940085,0.6688735180969021,OnTrack,2844.0,6566.0,1910.0
2026-09-05 14:18:01.999,0 days 00:31:25.395000,11,90.32138856888814,0 days 00:00:58.140000,9683.0037664,209.5406112,8,0.0,True,0,pos,3889.700874867559,0.6708313635539448,OnTrack,2760.0,6484.0,1909.0
2026-09-05 14:18:02.090,0 days 00:31:25.486000,11,90.16972222222148,0 days 00:00:58.231000,9987.0,203.0,8,0.0,True,0,car,3894.6830555555557,0.6716906077919774,OnTrack,2724.5187558905977,6446.726174930725,1908.8266448007034
2026-09-05 14:18:02.279,0 days 00:31:25.675000,11,91.1147231822214,0 days 00:00:58.420000,10590.082430836364,196.55681163636365,8,0.0,True,0,pos,3904.735322047682,0.6734242566906092,OnTrack,2663.0,6374.0,1909.0
2026-09-05 14:18:02.339,0 days 00:31:25.735000,11,91.41472318222138,0 days 00:00:58.480000,10781.536976290909,194.5113570909091,8,0.0,True,0,pos,3907.846465512373,0.673960815330919,OnTrack,2646.0,6351.0,1909.0
2026-09-05 14:18:02.530,0 days 00:31:25.926000,11,92.3697222222213,0 days 00:00:58.671000,11391.0,188.0,4,0.0,False,0,car,3917.6608333333334,0.6756534353959461,OnTrack,2606.6341461505044,6285.355015251641,1907.8471901756884
2026-09-05 14:18:02.679,0 days 00:31:26.075000,11,93.40444577777704,0 days 00:00:58.820000,11210.958101333334,184.2749952,4,0.0,False,0,pos,3925.233540360319,0.6769594508310997,OnTrack,2584.0,6229.0,1907.0
2026-09-05 14:18:02.770,0 days 00:31:26.166000,11,94.03638888888827,0 days 00:00:58.911000,11101.0,182.0,4,0.0,False,0,car,3929.7941666666666,0.6777459923318908,OnTrack,2570.8392945308397,6187.54355999929,1906.975416855228
2026-09-05 14:18:02.859,0 days 00:31:26.255000,11,95.07472446222155,0 days 00:00:59,10993.705324088889,180.26944071111112,4,0.0,False,0,pos,3934.193027360105,0.6785046351715316,OnTrack,2560.0,6144.0,1907.0
2026-09-05 14:18:03.130,0 days 00:31:26.526000,11,98.23638888888809,0 days 00:00:59.271000,10667.0,175.0,4,0.0,False,0,car,3947.2941666666666,0.6807641032971958,OnTrack,2546.165133260812,6007.512335047781,1906.017515180348
2026-09-05 14:18:03.139,0 days 00:31:26.535000,11,98.37139176888809,0 days 00:00:59.280000,10674.0126496,174.8874976,4,1.6500352,False,0,pos,3947.7252503847076,0.6808384494969892,OnTrack,2546.0,6003.0,1906.0
2026-09-05 14:18:03.319,0 days 00:31:26.715000,11,101.07139176888802,0 days 00:00:59.460000,10814.2626496,172.6374976,4,34.6500352,False,0,pos,3956.3165634594748,0.6823201372796933,OnTrack,2545.0,5913.0,1906.0
2026-09-05 14:18:03.370,0 days 00:31:26.766000,11,101.836388888888,0 days 00:00:59.511000,10854.0,172.0,4,44.0,False,0,car,3958.7608333333333,0.6827416845773194,OnTrack,2545.156828487805,5886.941076305163,1906.0262748337689
2026-09-05 14:18:03.570,0 days 00:31:26.966000,11,104.83638888888845,0 days 00:00:59.711000,11034.0,175.0,4,72.0,False,0,car,3968.4830555555554,0.6844184128913777,OnTrack,2546.0296952583203,5779.213983996345,1906.0115797025082
2026-09-05 14:18:03.579,0 days 00:31:26.975000,11,104.97639187555512,0 days 00:00:59.720000,11055.2910792,175.281256,4,72.3656328,False,0,pos,3968.930753285835,0.6844956244016006,OnTrack,2546.0,5774.0,1906.0
2026-09-05 14:18:03.890,0 days 00:31:27.286000,11,109.81416666666655,0 days 00:01:00.031000,11791.0,185.0,4,85.0,False,0,car,3984.9275,0.6872544790682992,OnTrack,2540.4839105888864,5584.382928726767,1905.1185254613497
2026-09-05 14:18:03.938,0 days 00:31:27.334000,11,110.52083333333309,0 days 00:01:00.079000,11881.48,186.2,4,84.28,False,0,pos,3987.4417906110675,0.6876881023861979,OnTrack,2539.0,5560.0,1905.0
2026-09-05 14:18:04.090,0 days 00:31:27.486000,11,112.75861111111044,0 days 00:01:00.231000,12168.0,190.0,4,82.0,False,0,car,3995.4830555555554,0.6890749269521339,OnTrack,2533.322224840202,5497.574042684839,1904.7510921970256
2026-09-05 14:18:04.278,0 days 00:31:27.674000,11,115.421948071111,0 days 00:01:00.419000,11115.1985664,195.64000768,4,85.76000512,False,0,pos,4005.7092952071494,0.6908385798679232,OnTrack,2520.0,5425.0,1904.0
2026-09-05 14:18:04.290,0 days 00:31:27.686000,11,115.59194444444438,0 days 00:01:00.431000,11048.0,196.0,4,86.0,False,0,car,4006.371944444444,0.6909528626638792,OnTrack,2518.723181524983,5419.357184261465,1903.9036649878626
2026-09-05 14:18:04.449,0 days 00:31:27.845000,11,117.88861111111055,0 days 00:01:00.590000,10808.0,201.0,5,88.0,False,0,car,4015.2494444444446,0.6924839072407075,OnTrack,2497.1230010338086,5334.795973135449,1902.288023723853
2026-09-05 14:18:04.498,0 days 00:31:27.894000,11,118.55555468444399,0 days 00:01:00.639000,10892.6780144,201.765624,5,88.1531248,False,0,pos,4018.0120335727597,0.6929603529858961,OnTrack,2489.0,5308.0,1902.0
2026-09-05 14:18:04.678,0 days 00:31:28.074000,11,121.00555816888885,0 days 00:01:00.819000,11203.7409568,204.578128,5,88.7156256,False,0,pos,4028.268487403833,0.6947292167443366,OnTrack,2454.0,5212.0,1902.0
2026-09-05 14:18:04.769,0 days 00:31:28.165000,11,122.24416666666684,0 days 00:01:00.910000,11361.0,206.0,5,89.0,False,0,car,4033.5605555555553,0.6956419052539281,OnTrack,2433.5639661915025,5163.748916922454,1901.6978407151316
2026-09-05 14:18:04.898,0 days 00:31:28.294000,11,123.96416581333341,0 days 00:01:01.039000,11358.1781264,210.031248,5,93.4343728,False,0,pos,4041.2049109008094,0.6969602774076539,OnTrack,2401.0,5096.0,1901.0
2026-09-05 14:18:05.089,0 days 00:31:28.485000,11,126.51083333333327,0 days 00:01:01.230000,11354.0,216.0,5,100.0,False,0,car,4052.760555555555,0.698953204141577,OnTrack,2343.49857696578,4999.031222802103,1900.336670166312
2026-09-05 14:18:05.158,0 days 00:31:28.554000,11,127.35416901333329,0 days 00:01:01.299000,11489.9878784,217.7250048,5,100.0,False,0,pos,4056.977421162561,0.6996804594745898,OnTrack,2320.0,4965.0,1900.0
2026-09-05 14:18:05.318,0 days 00:31:28.714000,11,129.30972456888887,0 days 00:01:01.459000,11805.321211733333,221.7250048,5,100.0,False,0,pos,4066.871512770255,0.7013868289816132,OnTrack,2260.0,4888.0,1899.0
2026-09-05 14:18:05.329,0 days 00:31:28.725000,11,129.44416666666666,0 days 00:01:01.470000,11827.0,222.0,5,100.0,False,0,car,4067.5605555555553,0.7015056637008064,OnTrack,2255.6005284014764,4882.78022162791,1898.9587396685697
2026-09-05 14:18:05.558,0 days 00:31:28.954000,11,132.052224408889,0 days 00:01:01.699000,11294.5745536,228.4406304,5,100.0,False,0,pos,4082.1707130880914,0.7040253823667366,OnTrack,2157.0,4776.0,1899.0
2026-09-05 14:18:05.649,0 days 00:31:29.045000,11,133.08861111111128,0 days 00:01:01.790000,11083.0,231.0,5,100.0,False,0,car,4088.0938888888886,0.7050469139000974,OnTrack,2115.170259257537,4734.580270793982,1899.0849276320253
2026-09-05 14:18:05.778,0 days 00:31:29.174000,11,134.5219437333335,0 days 00:01:01.919000,10978.366718577778,233.86666524444445,5,100.0,False,0,pos,4096.590947876675,0.706512346294605,OnTrack,2056.0,4675.0,1899.0
2026-09-05 14:18:06.009,0 days 00:31:29.405000,11,137.08861111111128,0 days 00:01:02.150000,10791.0,239.0,6,100.0,False,0,car,4111.993888888888,0.7091687911612853,OnTrack,1961.2478388065813,4561.326201250084,1898.0189668545581
2026-09-05 14:18:06.018,0 days 00:31:29.414000,11,137.18861040000013,0 days 00:01:02.159000,10803.4874112,239.07499946666667,6,100.0,False,0,pos,4112.59484011967,0.7092724333040987,OnTrack,1958.0,4557.0,1898.0
2026-09-05 14:18:06.249,0 days 00:31:29.645000,11,139.75527777777734,0 days 00:01:02.390000,11124.0,241.0,6,100.0,False,0,car,4128.060555555555,0.7119397044665748,OnTrack,1883.0844762691438,4434.67013518239,1898.071931382323
2026-09-05 14:18:06.278,0 days 00:31:29.674000,11,140.07750213333298,0 days 00:01:02.419000,11124.7250048,241.5437536,6,100.0,False,0,pos,4130.015653060375,0.7122768873932913,OnTrack,1873.0,4411.0,1898.0
2026-09-05 14:18:06.409,0 days 00:31:29.805000,11,141.53305555555562,0 days 00:01:02.550000,11128.0,244.0,6,100.0,False,0,car,4138.904999999999,0.7138099751345987,OnTrack,1824.2906445196368,4276.488848957654,1897.2748654116235
2026-09-05 14:18:06.458,0 days 00:31:29.854000,11,142.05027710222237,0 days 00:01:02.599000,11151.0708032,245.020832,6,100.0,False,0,pos,4142.263851474223,0.7143892543611806,OnTrack,1809.0,4231.0,1897.0
2026-09-05 14:18:06.649,0 days 00:31:30.045000,11,144.06638888888938,0 days 00:01:02.790000,11241.0,249.0,6,100.0,False,0,car,4155.504999999999,0.7166728689645451,OnTrack,1777.807421476194,4129.6715504604,1896.4201788774233
2026-09-05 14:18:06.859,0 days 00:31:30.255000,11,146.34139027555557,0 days 00:01:03,11431.750116266667,251.6250016,6,100.0,False,0,pos,4170.198260852567,0.7192069199185577,OnTrack,1763.0,4025.0,1896.0
2026-09-05 14:18:06.889,0 days 00:31:30.285000,11,146.66638888888883,0 days 00:01:03.030000,11459.0,252.0,6,100.0,False,0,car,4172.304999999999,0.7195702554912379,OnTrack,1759.5003956165363,3998.2303072128957,1895.8945867381344
2026-09-05 14:18:07.049,0 days 00:31:30.445000,11,148.4886111111109,0 days 00:01:03.190000,11533.0,254.0,6,100.0,False,0,car,4183.593888888888,0.7215171765964757,OnTrack,1736.9068591795708,3819.7360397655752,1895.1951304016382
2026-09-05 14:18:07.099,0 days 00:31:30.495000,11,149.01639036020586,0 days 00:01:03.240000,11565.384431916738,255.06761863461776,6,100.0,False,0,pos,4187.164950773681,0.7221330543697487,OnTrack,1731.0,3770.0,1895.0
2026-09-05 14:18:07.330,0 days 00:31:30.726000,11,151.4547222222227,0 days 00:01:03.471000,11715.0,260.0,6,100.0,False,0,car,4203.888333333332,0.7250172271857643,OnTrack,1717.068033941294,3623.2019330060143,1894.4192499995515
2026-09-05 14:18:07.539,0 days 00:31:30.935000,11,153.71889096888916,0 days 00:01:03.680000,11135.605023288888,261.7416682666667,6,100.0,False,0,pos,4219.0788769465835,0.7276370412570843,OnTrack,1710.0,3525.0,1894.0
2026-09-05 14:18:07.690,0 days 00:31:31.086000,11,155.35472222222234,0 days 00:01:03.831000,10717.0,263.0,6,100.0,False,0,car,4230.188333333333,0.7295530168079084,OnTrack,1700.9469739686501,3429.779313888787,1893.5720715623795
2026-09-05 14:18:07.839,0 days 00:31:31.235000,11,156.76194625777774,0 days 00:01:03.980000,10682.854122666668,267.3458389333333,6,100.0,False,0,pos,4241.33394940525,0.7314752285840073,OnTrack,1689.0,3311.0,1893.0
2026-09-05 14:18:07.930,0 days 00:31:31.326000,11,157.62138888888876,0 days 00:01:04.071000,10662.0,270.0,7,100.0,False,0,car,4248.188333333333,0.7326573595150792,OnTrack,1680.3425718871745,3223.9864952366456,1892.5547567142744
2026-09-05 14:18:08.039,0 days 00:31:31.435000,11,158.62055731555637,0 days 00:01:04.180000,10680.3937824,271.3625024,7,100.0,False,0,pos,4256.417053924798,0.7340765133349383,OnTrack,1670.0,3119.0,1892.0
2026-09-05 14:18:08.090,0 days 00:31:31.486000,11,159.08805555555682,0 days 00:01:04.231000,10689.0,272.0,7,100.0,False,0,car,4260.277222222221,0.7347422514073025,OnTrack,1665.7779387697503,3075.5850459836365,1891.7649210525838
2026-09-05 14:18:08.250,0 days 00:31:31.646000,11,160.55472222222215,0 days 00:01:04.391000,10842.0,274.0,7,100.0,False,0,car,4272.455,0.7368424733869688,OnTrack,1654.8963385143559,2960.834808537017,1891.1515968764052
2026-09-05 14:18:08.359,0 days 00:31:31.755000,11,161.46305715555528,0 days 00:01:04.500000,10906.718864,276.0437536,7,100.0,False,0,pos,4280.86363692333,0.7382926562042014,OnTrack,1648.0,2884.0,1891.0
2026-09-05 14:18:08.479,0 days 00:31:31.875000,11,162.46305715555505,0 days 00:01:04.620000,10977.968864,278.2937536,7,100.0,False,0,pos,4290.222028605438,0.7399066370358237,OnTrack,1640.0,2792.0,1891.0
2026-09-05 14:18:08.570,0 days 00:31:31.966000,11,163.2213888888882,0 days 00:01:04.711000,11032.0,280.0,7,100.0,False,0,car,4297.343888888889,0.7411348978709581,OnTrack,1632.5725601554984,2710.27151941534,1890.5508024828193
2026-09-05 14:18:08.739,0 days 00:31:32.135000,11,164.53583482666735,0 days 00:01:04.880000,11122.8376032,282.1125024,7,100.0,False,0,pos,4310.6139709777835,0.7434235024574148,OnTrack,1617.0,2544.0,1889.0
2026-09-05 14:18:08.810,0 days 00:31:32.206000,11,165.08805555555682,0 days 00:01:04.951000,11161.0,283.0,7,100.0,False,0,car,4316.2105555555545,0.7443887089306962,OnTrack,1610.8266442611962,2477.804336700742,1888.3996128014976
2026-09-05 14:18:09.130,0 days 00:31:32.526000,11,167.48805555555646,0 days 00:01:05.271000,11294.0,286.0,7,100.0,False,0,car,4341.632777777777,0.7487731139393424,OnTrack,1586.7765258999507,2216.6321557365013,1886.1724347531804
2026-09-05 14:18:09.159,0 days 00:31:32.555000,11,167.67333456000085,0 days 00:01:05.300000,11309.345934933333,286.48333653333333,7,100.0,False,0,pos,4343.956958701848,0.7491739502783303,OnTrack,1585.0,2197.0,1886.0
2026-09-05 14:18:09.370,0 days 00:31:32.766000,11,169.0213888888893,0 days 00:01:05.511000,11421.0,290.0,7,100.0,False,0,car,4360.96611111111,0.7521074079581554,OnTrack,1574.222983957758,2075.753108822873,1884.8780205387977
2026-09-05 14:18:09.559,0 days 00:31:32.955000,11,170.17639006222302,0 days 00:01:05.700000,11481.375061333334,291.5750016,7,100.0,False,0,pos,4376.313040247418,0.754754192821587,OnTrack,1562.0,1940.0,1884.0
2026-09-05 14:18:09.730,0 days 00:31:33.126000,11,171.22138888889003,0 days 00:01:05.871000,11536.0,293.0,7,100.0,False,0,car,4390.26611111111,0.7571605880314947,OnTrack,1545.3628551216555,1759.3945153600114,1883.240488319973
2026-09-05 14:18:09.779,0 days 00:31:33.175000,11,171.49361217777857,0 days 00:01:05.920000,11556.8250816,293.6125024,7,100.0,False,0,pos,4394.273366129079,0.757851693192095,OnTrack,1541.0,1712.0,1883.0
2026-09-05 14:18:09.890,0 days 00:31:33.286000,11,172.1102777777778,0 days 00:01:06.031000,11604.0,295.0,7,100.0,False,0,car,4403.377222222222,0.7594217759293106,OnTrack,1532.9679235771073,1624.2319834168304,1882.392746057087
2026-09-05 14:18:10.119,0 days 00:31:33.515000,11,173.2552787377785,0 days 00:01:06.260000,11075.391223466666,297.8625024,7,100.0,False,0,pos,4422.331200298528,0.7626906450189248,OnTrack,1520.0,1483.0,1881.0
2026-09-05 14:18:10.130,0 days 00:31:33.526000,11,173.31027777777854,0 days 00:01:06.271000,11050.0,298.0,7,100.0,False,0,car,4423.243888888888,0.7628480504727805,OnTrack,1519.2661676412708,1475.1874378322946,1880.9352758497128
2026-09-05 14:18:10.290,0 days 00:31:33.686000,11,174.02138888889021,0 days 00:01:06.431000,10630.0,299.0,8,100.0,False,0,car,4436.532777777777,0.7651398985454818,OnTrack,1506.8376623540357,1343.077706546738,1880.0447606362404
2026-09-05 14:18:10.299,0 days 00:31:33.695000,11,174.05388958222355,0 days 00:01:06.440000,10626.7936816,299.0562512,8,100.0,False,0,pos,4437.281910583281,0.7652690965988969,OnTrack,1506.0,1334.0,1880.0
2026-09-05 14:18:10.558,0 days 00:31:33.954000,11,174.98916759111208,0 days 00:01:06.699000,10534.5249088,300.6750016,8,100.0,False,0,pos,4458.926477660987,0.7690019940409828,OnTrack,1479.0,1035.0,1879.0
2026-09-05 14:18:10.610,0 days 00:31:34.006000,11,175.17694444444533,0 days 00:01:06.751000,10516.0,301.0,8,100.0,False,0,car,4463.288333333333,0.7697542548657704,OnTrack,1475.1565044149097,992.5330572420129,1878.8637097753624
2026-09-05 14:18:10.878,0 days 00:31:34.274000,11,175.9958341155567,0 days 00:01:07.019000,10624.875104,302.6750016,8,100.0,False,0,pos,4485.837985752854,0.7736432464789803,OnTrack,1462.0,851.0,1878.0
2026-09-05 14:18:10.930,0 days 00:31:34.326000,11,176.15472222222343,0 days 00:01:07.071000,10646.0,303.0,8,100.0,False,0,car,4490.221666666665,0.7743992713609443,OnTrack,1458.4478423811827,813.2895774427291,1877.6180978726875
2026-09-05 14:18:11.118,0 days 00:31:34.514000,11,176.6769450357647,0 days 00:01:07.259000,10621.068072127755,303.6738358884391,8,100.0,False,0,pos,4506.086995479178,0.7771354612384993,OnTrack,1443.0,649.0,1876.0
2026-09-05 14:18:11.209,0 days 00:31:34.605000,11,176.92972222222488,0 days 00:01:07.350000,10609.0,304.0,8,100.0,False,0,car,4513.781666666665,0.7784625110376634,OnTrack,1435.7267163949305,570.7927122916672,1875.5671769860653
2026-09-05 14:18:11.438,0 days 00:31:34.834000,11,177.4386115377802,0 days 00:01:07.579000,10634.046896,304.7156256,8,100.0,False,0,pos,4533.191599185058,0.781810015618783,OnTrack,1418.0,379.0,1875.0
2026-09-05 14:18:11.529,0 days 00:31:34.925000,11,177.64083333333565,0 days 00:01:07.670000,10644.0,305.0,8,100.0,False,0,car,4540.892777777776,0.7831381877077231,OnTrack,1410.698804629853,300.71607381873645,1874.5176390154152
2026-09-05 14:18:11.618,0 days 00:31:35.014000,11,177.86333317333543,0 days 00:01:07.759000,10632.875008,304.62916693333335,8,100.0,False,0,pos,4548.408199172872,0.7844343234632333,OnTrack,1404.0,228.0,1874.0
2026-09-05 14:18:11.769,0 days 00:31:35.165000,11,178.2408333333351,0 days 00:01:07.910000,10614.0,304.0,8,100.0,False,0,car,4561.159444444443,0.7866334476446858,OnTrack,1394.0273500469284,115.04410995167434,1873.2638581937238
2026-09-05 14:18:11.818,0 days 00:31:35.214000,11,178.34972208000187,0 days 00:01:07.959000,10618.4916608,304.4083328,8,100.0,False,0,pos,4565.311997405806,0.7873496113947829,OnTrack,1389.0,59.0,1873.0
2026-09-05 14:18:11.978,0 days 00:31:35.374000,11,178.7052776355577,0 days 00:01:08.119000,10633.158327466666,305.74166613333335,8,100.0,False,0,pos,4578.917947106502,0.7896961408796435,OnTrack,1366.0,-193.0,1872.0
2026-09-05 14:18:12.009,0 days 00:31:35.405000,11,178.77416666666886,0 days 00:01:08.150000,10636.0,306.0,8,100.0,False,0,car,4581.559444444443,0.7901517027128128,OnTrack,1362.3901916433315,-232.32068389209903,1871.8187649178972
2026-09-05 14:18:12.169,0 days 00:31:35.565000,11,179.08527777778,0 days 00:01:08.310000,10640.0,307.0,8,100.0,False,0,car,4595.203888888887,0.7925048711352854,OnTrack,1351.757721796123,-347.0265039504615,1871.0147451117
2026-09-05 14:18:12.369,0 days 00:31:35.765000,11,179.47416666666868,0 days 00:01:08.510000,10677.0,306.0,8,100.0,False,0,car,4612.203888888887,0.7954367503587245,OnTrack,1345.5332732726527,-413.2725377257823,1870.1357956021761
2026-09-05 14:18:12.398,0 days 00:31:35.794000,11,179.53055592889092,0 days 00:01:08.539000,10679.3562656,306.0,8,100.0,False,0,pos,4614.668349832319,0.7958617798785493,OnTrack,1344.0,-430.0,1870.0
2026-09-05 14:18:12.529,0 days 00:31:35.925000,11,179.7852777777798,0 days 00:01:08.670000,10690.0,306.0,8,100.0,False,0,car,4625.803888888887,0.7977822537374757,OnTrack,1335.0234707492962,-528.6844914641974,1869.3630107700994
2026-09-05 14:18:12.618,0 days 00:31:36.014000,11,179.95833320889076,0 days 00:01:08.759000,10674.795844266666,306.0,8,100.0,False,0,pos,4633.369120241389,0.7990869798917646,OnTrack,1327.0,-617.0,1869.0
2026-09-05 14:18:12.769,0 days 00:31:36.165000,11,180.25194444444605,0 days 00:01:08.910000,10649.0,306.0,8,100.0,False,0,car,4646.2038888888865,0.8013005088056026,OnTrack,1309.8385772487209,-805.4346917038522,1868.6371207811053
2026-09-05 14:18:12.898,0 days 00:31:36.294000,11,180.53861096889074,0 days 00:01:09.039000,10649.0,306.0,8,100.0,False,0,pos,4657.168703159651,0.8031915388732098,OnTrack,1296.0,-955.0,1868.0
2026-09-05 14:18:13.009,0 days 00:31:36.405000,11,180.7852777777798,0 days 00:01:09.150000,10649.0,306.0,8,100.0,False,0,car,4666.603888888887,0.8048187638737295,OnTrack,1287.4949326080884,-1043.282921251952,1866.8389791621178
2026-09-05 14:18:13.169,0 days 00:31:36.565000,11,181.09638888889094,0 days 00:01:09.310000,10649.0,306.0,8,100.0,False,0,car,4680.2038888888865,0.8071642672524807,OnTrack,1280.0786676173852,-1114.4370728870038,1864.5319534905286
2026-09-05 14:18:13.319,0 days 00:31:36.715000,11,181.38805580444634,0 days 00:01:09.460000,10649.0,306.0,8,100.0,False,0,pos,4692.949820895831,0.8093624750898059,OnTrack,1272.0,-1209.0,1865.0
2026-09-05 14:18:13.369,0 days 00:31:36.765000,11,181.48527777777963,0 days 00:01:09.510000,10649.0,306.0,8,100.0,False,0,car,4697.2038888888865,0.8100961464759198,OnTrack,1268.6922976162361,-1251.3340239069612,1865.853515251159
2026-09-05 14:18:13.379,0 days 00:31:36.775000,11,181.5019446577796,0 days 00:01:09.520000,10650.5833536,306.0416672,8,100.0,False,0,pos,4698.055256072397,0.810242976226323,OnTrack,1268.0,-1260.0,1866.0
2026-09-05 14:18:13.609,0 days 00:31:37.005000,11,181.88527777777927,0 days 00:01:09.750000,10687.0,307.0,8,100.0,False,0,car,4717.670555555553,0.8136258991096288,OnTrack,1249.7649295383476,-1458.124540737139,1864.8486493268051
2026-09-05 14:18:13.719,0 days 00:31:37.115000,11,182.06861132444575,0 days 00:01:09.860000,10698.6875136,307.0,8,100.0,False,0,pos,4727.051407644197,0.8152437535412081,OnTrack,1241.0,-1548.0,1864.0
2026-09-05 14:18:13.769,0 days 00:31:37.165000,11,182.1519444444457,0 days 00:01:09.910000,10704.0,307.0,8,100.0,False,0,car,4731.314999999997,0.8159790675321014,OnTrack,1237.2195907526896,-1587.2387833000278,1863.9371894687117
2026-09-05 14:18:13.919,0 days 00:31:37.315000,11,182.31861129759483,0 days 00:01:10.060000,10693.419075298012,307.0,8,100.0,False,0,pos,4744.106499718801,0.8181851341357594,OnTrack,1225.0,-1718.0,1864.0
2026-09-05 14:18:14.010,0 days 00:31:37.406000,11,182.41972222222375,0 days 00:01:10.151000,10687.0,307.0,8,100.0,False,0,car,4751.866944444441,0.8195235274684509,OnTrack,1214.793105547778,-1831.886543027764,1862.9640813565077
2026-09-05 14:18:14.139,0 days 00:31:37.535000,11,182.49138899555714,0 days 00:01:10.280000,10700.7062704,307.0,8,100.0,False,0,pos,4762.868243600192,0.8214208498464264,OnTrack,1200.0,-1998.0,1861.0
2026-09-05 14:18:14.330,0 days 00:31:37.726000,11,182.59750000000167,0 days 00:01:10.471000,10721.0,307.0,8,100.0,False,0,car,4779.1558333333305,0.8242298643133963,OnTrack,1187.6822506118547,-2129.369022106609,1860.108760606565
2026-09-05 14:18:14.499,0 days 00:31:37.895000,11,182.64444449777946,0 days 00:01:10.640000,10731.754557672728,307.0,8,100.0,False,0,pos,4793.5642335193415,0.8267147872044764,OnTrack,1179.0,-2220.0,1860.0
2026-09-05 14:18:14.759,0 days 00:31:38.155000,11,182.7166667200017,0 days 00:01:10.900000,10748.300012218182,307.0,8,100.0,False,0,pos,4815.739136929469,0.8305391482980012,OnTrack,1159.0,-2441.0,1859.0
2026-09-05 14:18:14.770,0 days 00:31:38.166000,11,182.71972222222394,0 days 00:01:10.911000,10749.0,307.0,8,100.0,False,0,car,4816.678055555552,0.8307010774751962,OnTrack,1158.144310679809,-2450.4164743005776,1858.954366231705
2026-09-05 14:18:14.999,0 days 00:31:38.395000,11,178.39416304000179,0 days 00:01:11.140000,10746.455553422222,307.2120372148148,8,100.0,False,0,pos,4836.239767423543,0.8340747584517055,OnTrack,1141.0,-2637.0,1858.0
2026-09-05 14:18:15.850,0 days 00:31:39.246000,11,162.3197222222243,0 days 00:01:11.991000,10737.0,308.0,8,100.0,False,0,car,4909.078055555552,0.8466367033720061,OnTrack,1073.811983513819,-3363.20205825861,1853.02908480595
2026-09-05 14:18:15.899,0 days 00:31:39.295000,11,161.23082906666878,0 days 00:01:12.040000,10736.26499712,308.0,8,100.0,False,0,pos,4913.270282124315,0.8473597093706476,OnTrack,1070.0,-3405.0,1853.0
2026-09-05 14:18:16.050,0 days 00:31:39.446000,11,157.87527777777996,0 days 00:01:12.191000,10734.0,308.0,8,100.0,False,0,car,4926.189166666663,0.8495877452047488,OnTrack,1058.302411453171,-3533.2771265724705,1853.0657657359573
2026-09-05 14:18:16.079,0 days 00:31:39.475000,11,157.1583285866689,0 days 00:01:12.220000,10733.2749952,308.0,8,100.0,False,0,pos,4928.671085946176,0.8500157856500345,OnTrack,1056.0,-3558.0,1853.0
2026-09-05 14:18:16.210,0 days 00:31:39.606000,11,153.91972222222466,0 days 00:01:12.351000,10730.0,308.0,8,100.0,False,0,car,4939.878055555552,0.8519485786709429,OnTrack,1045.3309706973962,-3670.2178161572165,1852.223746516712
2026-09-05 14:18:16.239,0 days 00:31:39.635000,11,153.1544393777803,0 days 00:01:12.380000,10723.656208,307.8187488,8,100.0,False,0,pos,4942.354706096965,0.8523757104513008,OnTrack,1043.0,-3695.0,1852.0
2026-09-05 14:18:16.370,0 days 00:31:39.766000,11,149.69750000000295,0 days 00:01:12.511000,10695.0,307.0,8,100.0,False,0,car,4953.522499999996,0.8543017470934156,OnTrack,1032.7136819951443,-3806.3614474001524,1851.035376731478
2026-09-05 14:18:16.379,0 days 00:31:39.775000,11,149.44999472000296,0 days 00:01:12.520000,10693.521397028571,306.96785645714283,8,100.0,False,0,pos,4954.288906195244,0.8544339241758013,OnTrack,1032.0,-3814.0,1851.0
2026-09-05 14:18:16.539,0 days 00:31:39.935000,11,145.04999472000307,0 days 00:01:12.680000,10667.235682742858,306.3964278857143,8,100.0,False,0,pos,4967.8970066909205,0.8567808245942571,OnTrack,1019.0,-3949.0,1851.0
2026-09-05 14:18:16.650,0 days 00:31:40.046000,11,141.99750000000313,0 days 00:01:12.791000,10649.0,306.0,8,100.0,False,0,car,4977.322499999997,0.8584063780062303,OnTrack,1009.8070221622667,-4039.5676090679813,1850.7604298267763
2026-09-05 14:18:16.799,0 days 00:31:40.195000,11,137.56888318222542,0 days 00:01:12.940000,10614.854122666668,305.37916586666665,8,100.0,False,0,pos,4989.957706480558,0.8605854897335373,OnTrack,996.0,-4169.0,1850.0
2026-09-05 14:18:16.890,0 days 00:31:40.286000,11,134.86416666666992,0 days 00:01:13.031000,10594.0,305.0,8,100.0,False,0,car,4997.6558333333305,0.8619131355087752,OnTrack,985.8132870223216,-4261.436291552321,1849.402408522302
2026-09-05 14:18:17.090,0 days 00:31:40.486000,11,128.86416666667174,0 days 00:01:13.231000,10538.0,303.0,8,100.0,False,0,car,5014.489166666663,0.8648162708182588,OnTrack,961.1573652482699,-4477.482847214834,1848.1008999752269
2026-09-05 14:18:17.118,0 days 00:31:40.514000,11,128.03971468444942,0 days 00:01:13.259000,10515.9497984,302.5333290666667,8,100.0,False,0,pos,5016.82902170585,0.8652198103697443,OnTrack,958.0,-4504.0,1848.0
2026-09-05 14:18:17.330,0 days 00:31:40.726000,11,121.79750000000422,0 days 00:01:13.471000,10349.0,299.0,8,100.0,False,0,car,5034.422499999997,0.8682540429273111,OnTrack,937.1831645634338,-4668.019762256191,1847.9933475157477
2026-09-05 14:18:17.490,0 days 00:31:40.886000,11,117.39750000000367,0 days 00:01:13.631000,9902.0,294.0,8,67.0,True,0,car,5047.489166666664,0.8705075657814054,OnTrack,919.0980789727082,-4776.876079269644,1848.1083590621715
2026-09-05 14:18:17.538,0 days 00:31:40.934000,11,116.58416666667033,0 days 00:01:13.679000,9869.942857142858,288.6857142857143,8,55.51428571428571,True,0,pos,5051.210421727703,0.8711493463930865,OnTrack,912.0,-4813.0,1848.0
2026-09-05 14:18:17.770,0 days 00:31:41.166000,11,112.65305555555915,0 days 00:01:13.911000,9715.0,263.0,8,0.0,True,0,car,5067.944722222219,0.8740354021541841,OnTrack,868.4566684620935,-5004.744901824862,1846.6338914759194
2026-09-05 14:18:17.878,0 days 00:31:41.274000,11,111.36305301702804,0 days 00:01:14.019000,9784.962401826455,252.13205408521094,8,0.0,True,0,pos,5075.399773310856,0.8753211262363285,OnTrack,852.0,-5074.0,1846.0
2026-09-05 14:18:17.929,0 days 00:31:41.325000,11,110.75388888889302,0 days 00:01:14.070000,9818.0,247.0,8,0.0,True,0,car,5078.853888888885,0.8759168350421273,OnTrack,846.343451957759,-5098.102892294055,1845.7684748382121
2026-09-05 14:18:18.129,0 days 00:31:41.525000,11,109.1427777777808,0 days 00:01:14.270000,10518.0,237.0,8,0.0,True,0,car,5092.020555555552,0.8781876042445949,OnTrack,829.5027440282286,-5158.810016619194,1845.193914395837
2026-09-05 14:18:18.198,0 days 00:31:41.594000,11,108.81694353778083,0 days 00:01:14.339000,10288.1431104,234.4124928,8,0.0,True,0,pos,5096.490047011214,0.8789584283115475,OnTrack,815.0,-5194.0,1845.0
2026-09-05 14:18:18.289,0 days 00:31:41.685000,11,108.38722222222532,0 days 00:01:14.430000,9985.0,231.0,7,0.0,True,0,car,5102.2872222222195,0.8799582293442405,OnTrack,786.0456342208862,-5259.129087361766,1844.714088452447
2026-09-05 14:18:18.498,0 days 00:31:41.894000,11,108.21305560889215,0 days 00:01:14.639000,11135.370481066666,218.80833706666667,7,0.0,True,0,pos,5114.92985779382,0.8821386223184691,OnTrack,705.0,-5432.0,1844.0
2026-09-05 14:18:18.529,0 days 00:31:41.925000,11,108.1872222222255,0 days 00:01:14.670000,11306.0,217.0,5,0.0,True,0,car,5116.753888888886,0.8824532010755591,OnTrack,696.5039691415459,-5449.567155867957,1843.900972398568
2026-09-05 14:18:18.729,0 days 00:31:42.125000,11,108.79833333333681,0 days 00:01:14.870000,10698.0,209.0,5,0.0,True,0,car,5128.364999999997,0.8844556937477774,OnTrack,666.825700673754,-5505.519709673792,1843.3167391378306
2026-09-05 14:18:18.889,0 days 00:31:42.285000,11,109.33166666667057,0 days 00:01:15.030000,10536.0,209.0,5,0.0,True,0,car,5137.653888888885,0.8860576878855518,OnTrack,623.6252208073482,-5544.410962174186,1843.0270807145423
2026-09-05 14:18:18.918,0 days 00:31:42.314000,11,109.58944615111506,0 days 00:01:15.059000,10522.40616,207.9124928,5,2.1750144,True,0,pos,5139.298062565876,0.8863412478057454,OnTrack,610.0,-5556.0,1843.0
2026-09-05 14:18:19.158,0 days 00:31:42.554000,11,111.72277948444872,0 days 00:01:15.299000,10409.90616,198.9124928,5,20.1750144,True,0,pos,5152.403476260634,0.8886014531072888,OnTrack,458.0,-5681.0,1843.0
2026-09-05 14:18:19.209,0 days 00:31:42.605000,11,112.17611111111546,0 days 00:01:15.350000,10386.0,197.0,5,24.0,False,0,car,5155.164999999996,0.8890777151117871,OnTrack,433.749730004402,-5699.906266329357,1843.0072215704633
2026-09-05 14:18:19.409,0 days 00:31:42.805000,11,114.1205555555598,0 days 00:01:15.550000,10350.0,196.0,5,44.0,False,0,car,5166.053888888885,0.8909556508235325,OnTrack,383.16322677939746,-5732.544577950299,1843.0070690395687
2026-09-05 14:18:19.569,0 days 00:31:42.965000,11,115.63166666667166,0 days 00:01:15.710000,10473.0,198.0,5,69.0,False,0,car,5174.853888888885,0.8924733294803715,OnTrack,318.4181892554445,-5751.511845457556,1843.000176292237
2026-09-05 14:18:19.578,0 days 00:31:42.974000,11,115.7191660444494,0 days 00:01:15.719000,10479.149956266667,198.1124992,5,69.29999786666667,False,0,pos,5175.351934638226,0.8925592241853607,OnTrack,313.0,-5753.0,1843.0
2026-09-05 14:18:19.799,0 days 00:31:43.195000,11,117.86777902222606,0 days 00:01:15.940000,10630.166754133334,200.8750016,5,76.66667093333334,False,0,pos,5187.690678027096,0.8946872068550766,OnTrack,141.0,-5795.0,1843.0
2026-09-05 14:18:19.809,0 days 00:31:43.205000,11,117.96500000000378,0 days 00:01:15.950000,10637.0,201.0,5,77.0,False,0,car,5188.253888888886,0.8947843401623765,OnTrack,133.4573120501121,-5796.299387216098,1842.999927209941
2026-09-05 14:18:20.049,0 days 00:31:43.445000,11,120.23166666667112,0 days 00:01:16.190000,10910.0,205.0,5,86.0,False,0,car,5201.920555555552,0.8971413411067098,OnTrack,-17.707978617004972,-5802.369654416732,1842.9937159951266
2026-09-05 14:18:20.219,0 days 00:31:43.615000,11,121.6955566577818,0 days 00:01:16.360000,11145.45017728,209.2500032,5,91.95000448,False,0,pos,5211.828308521067,0.8988500666990956,OnTrack,-99.0,-5793.0,1843.0
2026-09-05 14:18:20.249,0 days 00:31:43.645000,11,121.95388888889283,0 days 00:01:16.390000,11187.0,210.0,5,93.0,False,0,car,5213.587222222219,0.8991534150835798,OnTrack,-111.67585820855881,-5791.12711691321,1843.0030083135
2026-09-05 14:18:20.539,0 days 00:31:43.935000,11,124.53166831839748,0 days 00:01:16.680000,11454.414501565509,212.71028211046124,5,93.90342737015375,False,0,pos,5230.720505434657,0.9021082807941588,OnTrack,-227.0,-5766.0,1843.0
2026-09-05 14:18:20.570,0 days 00:31:43.966000,11,124.80722222222539,0 days 00:01:16.711000,11483.0,213.0,5,94.0,False,0,car,5232.579722222219,0.9024289277983544,OnTrack,-242.4807563465108,-5761.795655655241,1842.9832737239433
2026-09-05 14:18:20.739,0 days 00:31:44.135000,11,126.16861265778098,0 days 00:01:16.880000,11585.104282666667,215.81666986666667,5,96.1125024,False,0,pos,5242.833589172497,0.9041973454143208,OnTrack,-347.0,-5727.0,1843.0
2026-09-05 14:18:20.959,0 days 00:31:44.355000,11,127.94083488000327,0 days 00:01:17.100000,11718.020949333333,219.48333653333333,5,98.8625024,False,0,pos,5256.412070387603,0.9065391375884636,OnTrack,-536.0,-5635.0,1844.0
2026-09-05 14:18:21.050,0 days 00:31:44.446000,11,128.67388888889218,0 days 00:01:17.191000,11773.0,221.0,5,100.0,False,0,car,5262.046388888886,0.9075108517856489,OnTrack,-593.1828238523292,-5604.186278136338,1844.3602101423226
2026-09-05 14:18:21.290,0 days 00:31:44.686000,11,130.60722222222466,0 days 00:01:17.431000,11820.0,224.0,5,100.0,False,0,car,5276.97972222222,0.9100863064760425,OnTrack,-665.1303846979972,-5555.203255358242,1844.8747157159
2026-09-05 14:18:21.479,0 days 00:31:44.875000,11,131.91972355555825,0 days 00:01:17.620000,11375.37704832,226.83500288,5,100.0,False,0,pos,5288.974453417367,0.9121549596043831,OnTrack,-735.0,-5492.0,1845.0
2026-09-05 14:18:21.679,0 days 00:31:45.075000,11,133.3086124444474,0 days 00:01:17.820000,10904.87704832,229.83500288,5,100.0,False,0,pos,5301.827024871734,0.9143715588523139,OnTrack,-848.0,-5387.0,1845.0
2026-09-05 14:18:21.690,0 days 00:31:45.086000,11,133.38500000000295,0 days 00:01:17.831000,10879.0,230.0,5,100.0,False,0,car,5302.535277777775,0.9144937066158529,OnTrack,-853.6938029877006,-5381.378861564459,1845.0062820661562
2026-09-05 14:18:21.890,0 days 00:31:45.286000,11,134.66277777778123,0 days 00:01:18.031000,10678.0,233.0,6,100.0,False,0,car,5315.47972222222,0.9167261505997134,OnTrack,-936.3597642952744,-5290.684166124851,1845.3045246280324
2026-09-05 14:18:22.050,0 days 00:31:45.446000,11,135.4627777777814,0 days 00:01:18.191000,10813.0,238.0,6,100.0,False,0,car,5326.057499999997,0.9185504310054088,OnTrack,-989.9713038517226,-5221.413553079466,1845.862170193108
2026-09-05 14:18:22.079,0 days 00:31:45.475000,11,135.59972312889252,0 days 00:01:18.220000,10815.718768,238.3625024,6,100.0,False,0,pos,5327.986943730917,0.9188831895929076,OnTrack,-1000.0,-5208.0,1846.0
2026-09-05 14:18:22.210,0 days 00:31:45.606000,11,136.2183333333369,0 days 00:01:18.351000,10828.0,240.0,6,100.0,False,0,car,5336.724166666663,0.920390041498547,OnTrack,-1047.2432560265495,-5142.289084124585,1846.7407976627617
2026-09-05 14:18:22.259,0 days 00:31:45.655000,11,136.4497231288926,0 days 00:01:18.400000,10854.9501056,240.20416746666666,6,100.0,False,0,pos,5339.9928021566675,0.9209537617622022,OnTrack,-1068.0,-5110.0,1847.0
2026-09-05 14:18:22.450,0 days 00:31:45.846000,11,137.351666666671,0 days 00:01:18.591000,10960.0,241.0,6,100.0,False,0,car,5352.79083333333,0.9231609548038364,OnTrack,-1166.5649465607924,-4937.58401908976,1847.7419465188977
2026-09-05 14:18:22.519,0 days 00:31:45.915000,11,137.62000074667054,0 days 00:01:18.660000,11003.81512192,242.7250048,6,100.0,False,0,pos,5357.482362435395,0.9239700722568073,OnTrack,-1194.0,-4887.0,1848.0
2026-09-05 14:18:22.650,0 days 00:31:46.046000,11,138.12944444444747,0 days 00:01:18.791000,11087.0,246.0,6,100.0,False,0,car,5366.457499999997,0.9255179557481699,OnTrack,-1221.194298279515,-4833.761372857538,1848.5570201329087
2026-09-05 14:18:22.799,0 days 00:31:46.195000,11,138.75027857778082,0 days 00:01:18.940000,11162.120930133333,246.62083413333335,6,100.0,False,0,pos,5376.667908458275,0.9272788783612081,OnTrack,-1240.0,-4788.0,1849.0
2026-09-05 14:18:23.019,0 days 00:31:46.415000,11,139.66694524444748,0 days 00:01:19.160000,11273.0375968,247.5375008,6,100.0,False,0,pos,5391.791690106992,0.9298871784315438,OnTrack,-1297.0,-4647.0,1849.0
2026-09-05 14:18:23.130,0 days 00:31:46.526000,11,140.12944444444747,0 days 00:01:19.271000,11329.0,248.0,6,100.0,False,0,car,5399.524166666663,0.9312207482768985,OnTrack,-1323.6310357924976,-4572.895376418719,1849.4685344398808
2026-09-05 14:18:23.339,0 days 00:31:46.735000,11,140.76805614222545,0 days 00:01:19.480000,11352.222243555556,252.06389262222223,6,100.0,False,0,pos,5414.290444429979,0.9337673919817101,OnTrack,-1366.0,-4435.0,1851.0
2026-09-05 14:18:23.490,0 days 00:31:46.886000,11,141.22944444444784,0 days 00:01:19.631000,11369.0,255.0,6,100.0,False,0,car,5425.024166666663,0.935618567112057,OnTrack,-1393.511531849029,-4330.930329048951,1851.9503953092021
2026-09-05 14:18:23.499,0 days 00:31:46.895000,11,141.2569450311145,0 days 00:01:19.640000,11374.98512768,255.04500096,6,100.0,False,0,pos,5425.663561265894,0.9357288393321196,OnTrack,-1395.0,-4325.0,1852.0
2026-09-05 14:18:23.690,0 days 00:31:47.086000,11,141.84055555555915,0 days 00:01:19.831000,11502.0,256.0,6,100.0,False,0,car,5439.246388888886,0.9380713811029081,OnTrack,-1423.4726164608473,-4198.091514076605,1852.880628197944
2026-09-05 14:18:23.718,0 days 00:31:47.114000,11,141.9338897422258,0 days 00:01:19.859000,11511.3625856,256.2625024,6,100.0,False,0,pos,5441.24769760757,0.9384165337765552,OnTrack,-1428.0,-4173.0,1853.0
2026-09-05 14:18:23.958,0 days 00:31:47.354000,11,142.73388974222576,0 days 00:01:20.099000,11591.6125856,258.5125024,6,100.0,False,0,pos,5458.516129276436,0.9413947076607506,OnTrack,-1469.0,-3902.0,1854.0
2026-09-05 14:18:24.010,0 days 00:31:47.406000,11,142.90722222222576,0 days 00:01:20.151000,11609.0,259.0,6,100.0,False,0,car,5462.268611111108,0.9420418737505981,OnTrack,-1474.6294165921279,-3858.5526135583477,1854.198626302905
2026-09-05 14:18:24.290,0 days 00:31:47.686000,11,143.84055555555915,0 days 00:01:20.431000,11601.0,260.0,6,100.0,False,0,car,5482.490833333331,0.9455294686438395,OnTrack,-1484.3693814570113,-3728.3509945132205,1854.9812776433198
2026-09-05 14:18:24.338,0 days 00:31:47.734000,11,144.02722222222582,0 days 00:01:20.479000,11626.4,260.0,6,100.0,False,0,pos,5485.956522290525,0.9461271734349276,OnTrack,-1486.0,-3700.0,1855.0
2026-09-05 14:18:24.458,0 days 00:31:47.854000,11,144.4938888888925,0 days 00:01:20.599000,11689.9,260.0,6,100.0,False,0,pos,5494.619599572388,0.9476212379227948,OnTrack,-1491.0,-3614.0,1855.0
2026-09-05 14:18:24.530,0 days 00:31:47.926000,11,144.77388888889254,0 days 00:01:20.671000,11728.0,260.0,6,100.0,False,0,car,5499.8241666666645,0.9485188356951892,OnTrack,-1493.0614025316418,-3560.9312234870113,1855.3047053204366
2026-09-05 14:18:24.638,0 days 00:31:48.034000,11,145.16388965635593,0 days 00:01:20.779000,11757.88685126567,260.6792466196743,6,100.0,False,0,pos,5507.645293133506,0.9498676944123671,OnTrack,-1495.0,-3483.0,1856.0
2026-09-05 14:18:24.689,0 days 00:31:48.085000,11,145.34805555555977,0 days 00:01:20.830000,11772.0,261.0,6,100.0,False,0,car,5511.351666666664,0.9505069085039064,OnTrack,-1495.821713778478,-3447.3474447730077,1856.2573243928368
2026-09-05 14:18:24.849,0 days 00:31:48.245000,11,145.88138888889353,0 days 00:01:20.990000,11792.0,263.0,6,100.0,False,0,car,5523.040555555553,0.9525228150026371,OnTrack,-1497.9164129474043,-3330.6117278051165,1856.949013884361
2026-09-05 14:18:24.858,0 days 00:31:48.254000,11,145.91138867556012,0 days 00:01:20.999000,11782.05507072,263.04499968,6,100.0,False,0,pos,5523.699161412447,0.9526364004631233,OnTrack,-1498.0,-3323.0,1857.0
2026-09-05 14:18:25.049,0 days 00:31:48.445000,11,146.54805555555868,0 days 00:01:21.190000,11571.0,264.0,6,100.0,False,0,car,5537.70722222222,0.9550522794307023,OnTrack,-1498.8924147508137,-3135.607428334491,1858.4256431686224
2026-09-05 14:18:25.138,0 days 00:31:48.534000,11,146.7952776000033,0 days 00:01:21.279000,11223.9002496,264.95357074285715,6,100.0,False,0,pos,5544.283686800894,0.9561864794225787,OnTrack,-1499.0,-3059.0,1859.0
2026-09-05 14:18:25.329,0 days 00:31:48.725000,11,147.32583333333696,0 days 00:01:21.470000,10479.0,267.0,7,100.0,False,0,car,5558.473888888886,0.9586337711095307,OnTrack,-1498.940443852426,-2955.9409958640417,1859.6026780267214
2026-09-05 14:18:25.518,0 days 00:31:48.914000,11,147.90333392000343,0 days 00:01:21.659000,10528.397777454546,267.4295458909091,7,100.0,False,0,pos,5572.519096284184,0.9610560565066584,OnTrack,-1497.0,-2837.0,1860.0
2026-09-05 14:18:25.758,0 days 00:31:49.154000,11,148.6366672533365,0 days 00:01:21.899000,10591.125050181818,267.97500043636364,7,100.0,False,0,pos,5590.406274309027,0.964140941542952,OnTrack,-1491.0,-2576.0,1861.0
2026-09-05 14:18:25.769,0 days 00:31:49.165000,11,148.67027777778094,0 days 00:01:21.910000,10594.0,268.0,7,100.0,False,0,car,5591.2294444444415,0.9642829083322094,OnTrack,-1490.7822925970645,-2567.6732923765076,1861.0428088407882
2026-09-05 14:18:25.969,0 days 00:31:49.365000,11,149.2258333333366,0 days 00:01:22.110000,10629.0,270.0,7,100.0,False,0,car,5606.2294444444415,0.9668698605881851,OnTrack,-1488.3132188031404,-2497.2404561377066,1861.6995992679801
2026-09-05 14:18:26.058,0 days 00:31:49.454000,11,149.49777758222558,0 days 00:01:22.199000,10629.0,270.0,7,100.0,False,0,pos,5612.895524555436,0.9680195159869621,OnTrack,-1487.0,-2462.0,1862.0
2026-09-05 14:18:26.169,0 days 00:31:49.565000,11,149.8369444444479,0 days 00:01:22.310000,10629.0,270.0,7,100.0,False,0,car,5621.2294444444415,0.9694568128441609,OnTrack,-1484.6164382636603,-2388.085159677997,1862.4227487437633
2026-09-05 14:18:26.299,0 days 00:31:49.695000,11,150.16194476444798,0 days 00:01:22.440000,10702.9375728,271.6250016,7,100.0,False,0,pos,5631.078064381121,0.9711553401483903,OnTrack,-1481.0,-2282.0,1863.0
2026-09-05 14:18:26.479,0 days 00:31:49.875000,11,150.61194476444808,0 days 00:01:22.620000,10805.3125728,273.8750016,7,100.0,False,0,pos,5644.820448299252,0.9735253995536899,OnTrack,-1475.0,-2145.0,1864.0
2026-09-05 14:18:26.489,0 days 00:31:49.885000,11,150.6369444444481,0 days 00:01:22.630000,10811.0,274.0,7,100.0,False,0,car,5645.584999999996,0.973657256803493,OnTrack,-1474.6342898010241,-2137.428081635556,1864.066037265543
2026-09-05 14:18:26.799,0 days 00:31:50.195000,11,151.32583361778197,0 days 00:01:22.940000,10847.8125152,275.9375008,7,100.0,False,0,pos,5669.348918731055,0.9777556650149686,OnTrack,-1462.0,-1901.0,1866.0
2026-09-05 14:18:26.809,0 days 00:31:50.205000,11,151.34805555555977,0 days 00:01:22.950000,10849.0,276.0,7,100.0,False,0,car,5670.11833333333,0.9778883609377111,OnTrack,-1461.5742044485946,-1893.4700563443168,1866.01150824609
2026-09-05 14:18:26.979,0 days 00:31:50.375000,11,151.67861142590934,0 days 00:01:23.120000,10894.015619193146,277.0591910398387,7,100.0,False,0,pos,5683.2296946742545,0.980149591991032,OnTrack,-1454.0,-1763.0,1866.0
2026-09-05 14:18:27.130,0 days 00:31:50.526000,11,151.97222222222626,0 days 00:01:23.271000,10934.0,278.0,7,100.0,False,0,car,5694.906666666663,0.9821634432602806,OnTrack,-1445.8476180879381,-1629.7277740053078,1867.3412665547817
2026-09-05 14:18:27.199,0 days 00:31:50.595000,11,152.06805582222643,0 days 00:01:23.340000,10941.3312704,278.4312512,7,100.0,False,0,pos,5700.247085764181,0.9830844705424259,OnTrack,-1442.0,-1570.0,1868.0
2026-09-05 14:18:27.290,0 days 00:31:50.686000,11,152.1944444444489,0 days 00:01:23.431000,10951.0,279.0,7,100.0,False,0,car,5707.306666666663,0.9843019904585538,OnTrack,-1437.029789373979,-1496.711886359944,1868.6322675813205
2026-09-05 14:18:27.399,0 days 00:31:50.795000,11,152.13388878222673,0 days 00:01:23.540000,10970.983368533334,279.9083349333333,7,100.0,False,0,pos,5715.810099588103,0.9857685221238643,OnTrack,-1431.0,-1413.0,1869.0
2026-09-05 14:18:27.539,0 days 00:31:50.935000,11,152.056111004449,0 days 00:01:23.680000,10996.6500352,281.0750016,7,100.0,False,0,pos,5726.796081370425,0.9876632028142568,OnTrack,-1423.0,-1306.0,1869.0
2026-09-05 14:18:27.650,0 days 00:31:51.046000,11,151.99444444444907,0 days 00:01:23.791000,11017.0,282.0,7,100.0,False,0,car,5735.506666666663,0.9891654606997881,OnTrack,-1417.691395136211,-1228.7828525511088,1869.5118714735383
2026-09-05 14:18:27.759,0 days 00:31:51.155000,11,151.75222179556013,0 days 00:01:23.900000,11023.661122844445,282.0,7,100.0,False,0,pos,5744.051835748721,0.9906391903287564,OnTrack,-1412.0,-1150.0,1870.0
2026-09-05 14:18:27.919,0 days 00:31:51.315000,11,151.3966662400045,0 days 00:01:24.060000,11033.438900622223,282.0,7,100.0,False,0,pos,5756.582249335405,0.992800229108515,OnTrack,-1401.0,-1017.0,1870.0
2026-09-05 14:18:28.010,0 days 00:31:51.406000,11,151.1944444444489,0 days 00:01:24.151000,11039.0,282.0,7,100.0,False,0,car,5763.706666666662,0.9940289309410222,OnTrack,-1395.773567450498,-948.9841969862331,1870.5355677399234
2026-09-05 14:18:28.079,0 days 00:31:51.475000,11,151.02194396444904,0 days 00:01:24.220000,11071.7750912,282.0,7,100.0,False,0,pos,5769.108047137338,0.9949604718339553,OnTrack,-1392.0,-899.0,1871.0
2026-09-05 14:18:28.170,0 days 00:31:51.566000,11,150.79444444444925,0 days 00:01:24.311000,11115.0,282.0,7,100.0,False,0,car,5776.239999999996,0.9961904732704597,OnTrack,-1386.666708398183,-831.0163087247374,1871.3728968593973
2026-09-05 14:18:28.223,0 days 00:31:51.619000,11,150.79444444444925,0 days 00:01:24.364000,11121.4357376,282.37857280000003,7,100.0,False,0,interpolation,5780.403873712561,0.9969085894367476,OnTrack,-1383.3704065269806,-790.3181645133719,1871.462821288728
