Date,SessionTime,DriverAhead,DistanceToDriverAhead,Time,RPM,Speed,nGear,Throttle,Brake,DRS,Source,Distance,RelativeDistance,Status,X,Y,Z
2026-09-05 14:59:48.647,0 days 01:13:12.043000,,483.6111111111112,0 days 00:00:00,10755.622222222222,300.9555555555555,7,100.0,False,0,interpolation,0.5342203461876787,9.087799672454607e-05,OnTrack,-1372.137071072042,-656.0339436473809,1871.1995291527344
2026-09-05 14:59:48.739,0 days 01:13:12.135000,,483.6111111111112,0 days 00:00:00.092000,10497.0,303.0,7,100.0,False,0,car,8.338888888888889,0.001418556074359178,OnTrack,-1367.869388034808,-606.2404345508124,1871.566759424555
2026-09-05 14:59:48.860,0 days 01:13:12.256000,,483.6111111111112,0 days 00:00:00.213000,10578.6749568,305.520832,7,100.0,False,0,pos,18.667409099636348,0.0031755749385414043,OnTrack,-1361.0,-527.0,1872.0
2026-09-05 14:59:48.979,0 days 01:13:12.375000,16,483.6111111111112,0 days 00:00:00.332000,10659.0,308.0,8,100.0,False,0,car,28.872222222222224,0.004911549579243603,OnTrack,-1352.8527560170794,-433.8418825862152,1872.371497276641
2026-09-05 14:59:49.139,0 days 01:13:12.535000,16,484.63333333333344,0 days 00:00:00.492000,10715.0,310.0,8,100.0,False,0,car,42.65,0.0072553330998370484,OnTrack,-1340.0846821680796,-288.95715093434956,1872.9947010391866
2026-09-05 14:59:49.140,0 days 01:13:12.536000,16,484.63805525333345,0 days 00:00:00.493000,10715.6221824,310.0166656,8,100.0,False,0,pos,42.736620492894914,0.007270068399467168,OnTrack,-1340.0,-288.0,1873.0
2026-09-05 14:59:49.440,0 days 01:13:12.836000,16,486.0547219200001,0 days 00:00:00.793000,10902.288849066666,315.0166656,8,100.0,False,0,pos,69.03884513338116,0.011744427157578998,OnTrack,-1314.0,5.0,1875.0
2026-09-05 14:59:49.499,0 days 01:13:12.895000,16,486.3333333333334,0 days 00:00:00.852000,10939.0,316.0,8,100.0,False,0,car,74.25,0.012630914013198144,OnTrack,-1309.828111634208,52.35223792093428,1875.2884888990736
2026-09-05 14:59:49.699,0 days 01:13:13.095000,16,487.05555555555566,0 days 00:00:01.052000,11021.0,319.0,8,100.0,False,0,car,91.97222222222223,0.015645700073961488,OnTrack,-1297.0713442571878,197.20009403327848,1875.996333453379
2026-09-05 14:59:49.700,0 days 01:13:13.096000,16,487.05805539555564,0 days 00:00:01.053000,11021.3708096,319.0124992,8,100.0,False,0,pos,92.06117430705272,0.015660832008436758,OnTrack,-1297.0,198.0,1876.0
2026-09-05 14:59:49.939,0 days 01:13:13.335000,16,487.6555555555557,0 days 00:00:01.292000,11110.0,322.0,8,100.0,False,0,pos,113.4388888888889,0.019297466010886114,OnTrack,-1278.0,411.0,1877.0
2026-09-05 14:59:50.099,0 days 01:13:13.495000,16,487.92222222222233,0 days 00:00:01.452000,11183.0,325.0,8,100.0,False,0,car,127.88333333333333,0.02175465841150827,OnTrack,-1265.8964627788876,554.7793265016652,1877.802925345506
2026-09-05 14:59:50.179,0 days 01:13:13.575000,16,487.988888888889,0 days 00:00:01.532000,11207.888888888889,325.6666666666667,8,100.0,False,0,pos,135.1405083442582,0.022989200546750323,OnTrack,-1260.0,626.0,1878.0
2026-09-05 14:59:50.299,0 days 01:13:13.695000,16,488.08888888888896,0 days 00:00:01.652000,11245.222222222223,326.6666666666667,8,100.0,False,0,pos,146.06798755791164,0.024848110315486574,OnTrack,-1251.0,734.0,1878.0
2026-09-05 14:59:50.459,0 days 01:13:13.855000,16,488.2222222222223,0 days 00:00:01.812000,11295.0,328.0,8,100.0,False,0,car,160.68333333333334,0.027334375308921056,OnTrack,-1237.2205434134569,893.5813783046589,1878.859775475556
2026-09-05 14:59:50.699,0 days 01:13:14.095000,16,488.1555555555557,0 days 00:00:02.052000,11383.0,330.0,8,100.0,False,0,pos,182.68333333333334,0.031076868349868655,OnTrack,-1216.0,1134.0,1881.0
2026-09-05 14:59:50.899,0 days 01:13:14.295000,16,487.98888888888905,0 days 00:00:02.252000,11409.0,332.0,8,100.0,False,0,car,201.12777777777777,0.034214514030663105,OnTrack,-1202.254795996329,1292.2181273958743,1881.8109175812067
2026-09-05 14:59:50.979,0 days 01:13:14.375000,16,487.8555555555557,0 days 00:00:02.332000,11437.666666666666,332.44444444444446,8,100.0,False,0,pos,208.53125102426614,0.03547394344447331,OnTrack,-1197.0,1354.0,1882.0
2026-09-05 14:59:51.259,0 days 01:13:14.655000,16,487.38888888888897,0 days 00:00:02.612000,11538.0,334.0,8,100.0,False,0,car,234.5277777777778,0.039896298920101735,OnTrack,-1176.0975202805384,1602.8314648866597,1882.7168261751347
2026-09-05 14:59:51.299,0 days 01:13:14.695000,16,487.3222222222223,0 days 00:00:02.652000,11550.0,334.25,8,100.0,False,0,pos,238.24647553135725,0.04052889894119985,OnTrack,-1172.0,1650.0,1883.0
2026-09-05 14:59:51.419,0 days 01:13:14.815000,16,487.1222222222224,0 days 00:00:02.772000,11586.0,335.0,8,100.0,False,0,car,249.41666666666666,0.042429097240743036,OnTrack,-1157.5714557423003,1813.2109443706058,1884.2342286149374
2026-09-05 14:59:51.499,0 days 01:13:14.895000,16,486.8111111111113,0 days 00:00:02.852000,11591.142857142857,335.57142857142856,8,100.0,False,0,pos,256.8878836346273,0.04370005076392496,OnTrack,-1149.0,1910.0,1885.0
2026-09-05 14:59:51.699,0 days 01:13:15.095000,16,486.03333333333364,0 days 00:00:03.052000,11604.0,337.0,8,100.0,False,0,car,275.6277777777778,0.04688795637387202,OnTrack,-1137.5042105104699,2043.5098578429086,1885.8167957470293
2026-09-05 14:59:51.779,0 days 01:13:15.175000,16,485.1000000000003,0 days 00:00:03.132000,11609.4,337.2,8,100.0,False,0,pos,283.12936016449237,0.04816407545925268,OnTrack,-1133.0,2096.0,1886.0
2026-09-05 14:59:52.099,0 days 01:13:15.495000,16,481.3666666666669,0 days 00:00:03.452000,11631.0,338.0,8,100.0,False,0,pos,313.18333333333334,0.05327665661548964,OnTrack,-1107.0,2396.0,1887.0
2026-09-05 14:59:52.299,0 days 01:13:15.695000,16,475.58888888888913,0 days 00:00:03.652000,11662.0,339.0,8,100.0,False,0,pos,332.04873234195395,0.05648591227478339,OnTrack,-1095.0,2543.0,1888.0
2026-09-05 14:59:52.499,0 days 01:13:15.895000,16,469.8111111111114,0 days 00:00:03.852000,11693.0,340.0,8,100.0,False,0,pos,350.9611111111111,0.059703159817116824,OnTrack,-1079.0,2731.0,1889.0
2026-09-05 14:59:52.739,0 days 01:13:16.135000,16,459.6777777777781,0 days 00:00:04.092000,11705.0,340.6,8,100.0,False,0,pos,373.6901887629156,0.0635696786779821,OnTrack,-1059.0,2957.0,1890.0
2026-09-05 14:59:52.899,0 days 01:13:16.295000,16,452.92222222222256,0 days 00:00:04.252000,11713.0,341.0,8,100.0,False,0,car,388.84999999999997,0.0661485644987488,OnTrack,-1045.6987806642258,3106.2233618939763,1890.8819886033823
2026-09-05 14:59:52.920,0 days 01:13:16.316000,16,451.918891946667,0 days 00:00:04.273000,11712.2125024,341.0,8,100.0,False,0,pos,390.8395459732197,0.06648701276963154,OnTrack,-1044.0,3126.0,1891.0
2026-09-05 14:59:53.139,0 days 01:13:16.535000,16,441.45555555555586,0 days 00:00:04.492000,11704.0,341.0,8,100.0,False,0,car,411.5833333333333,0.07001580730772798,OnTrack,-1026.7436389836337,3333.657318968719,1891.9814943894287
2026-09-05 14:59:53.160,0 days 01:13:16.556000,16,440.3530589155559,0 days 00:00:04.513000,11710.0374816,341.0,8,100.0,False,0,pos,413.5716552025925,0.07035404734222192,OnTrack,-1025.0,3353.0,1892.0
2026-09-05 14:59:53.240,0 days 01:13:16.636000,16,436.1530589155559,0 days 00:00:04.593000,11733.0374816,341.0,8,100.0,False,0,pos,421.1454661444325,0.07164245346691686,OnTrack,-1018.0,3428.0,1892.0
2026-09-05 14:59:53.299,0 days 01:13:16.695000,16,433.0555555555559,0 days 00:00:04.652000,11750.0,341.0,8,100.0,False,0,car,426.7388888888889,0.07259396918038077,OnTrack,-1012.1146088029249,3494.09260097305,1892.2415312518406
2026-09-05 14:59:53.500,0 days 01:13:16.896000,16,421.66555555555584,0 days 00:00:04.853000,11711.0,342.0,8,100.0,False,0,car,445.83388888888885,0.07584228302660324,OnTrack,-988.9423823462104,3772.4836033301003,1894.466698192761
2026-09-05 14:59:53.560,0 days 01:13:16.956000,16,418.0988888888892,0 days 00:00:04.913000,11706.5,341.4,8,100.0,False,0,pos,451.5108104991762,0.07680800300935349,OnTrack,-983.0,3844.0,1895.0
2026-09-05 14:59:53.700,0 days 01:13:17.096000,16,409.7766666666669,0 days 00:00:05.053000,11696.0,340.0,8,100.0,False,0,car,464.72277777777776,0.07905553462741684,OnTrack,-971.958511736402,3974.5701064416135,1895.6982941337035
2026-09-05 14:59:53.900,0 days 01:13:17.296000,16,397.387777777778,0 days 00:00:05.253000,11676.0,340.0,8,100.0,False,0,car,483.6116666666667,0.08226878622823043,OnTrack,-960.6216892886426,4103.698633846013,1895.8759186868983
2026-09-05 14:59:53.960,0 days 01:13:17.356000,16,393.4544451456516,0 days 00:00:05.313000,11673.493036658623,339.83286911057485,8,100.0,False,0,pos,489.2699677006043,0.0832313386029167,OnTrack,-957.0,4145.0,1896.0
2026-09-05 14:59:54.220,0 days 01:13:17.616000,16,376.41000373977056,0 days 00:00:05.573000,11662.62952884599,339.1086352563993,8,100.0,False,0,pos,513.7452186968465,0.08739490480877497,OnTrack,-939.0,4352.0,1897.0
2026-09-05 14:59:54.259,0 days 01:13:17.655000,16,373.8533333333336,0 days 00:00:05.612000,11661.0,339.0,8,100.0,False,0,car,517.4175,0.08801960877338655,OnTrack,-935.8098331719864,4389.105151387565,1897.1891952901794
2026-09-05 14:59:54.459,0 days 01:13:17.855000,16,360.46444444444467,0 days 00:00:05.812000,11633.0,339.0,8,100.0,False,0,car,536.2508333333334,0.09122340963419776,OnTrack,-917.4983926931646,4603.673338963874,1898.2764616668842
2026-09-05 14:59:54.580,0 days 01:13:17.976000,16,352.26333767111134,0 days 00:00:05.933000,11613.8416768,338.4958336,8,100.0,False,0,pos,547.6158170346479,0.09315674474386378,OnTrack,-907.0,4727.0,1899.0
2026-09-05 14:59:54.699,0 days 01:13:18.095000,16,344.197777777778,0 days 00:00:06.052000,11595.0,338.0,8,100.0,False,0,car,558.7841666666667,0.09505662977916832,OnTrack,-897.900282834808,4833.849425078482,1899.7490951083632
2026-09-05 14:59:54.859,0 days 01:13:18.255000,16,333.1311111111113,0 days 00:00:06.212000,11595.0,338.0,8,100.0,False,0,car,573.8063888888889,0.09761210987581537,OnTrack,-887.0756766359199,4960.197098941824,1900.7110667392344
2026-09-05 14:59:54.980,0 days 01:13:18.376000,16,324.627504497778,0 days 00:00:06.333000,11599.753568914286,337.56785737142854,8,100.0,False,0,pos,585.1407233005018,0.09954023113305327,OnTrack,-878.0,5063.0,1901.0
2026-09-05 14:59:55.139,0 days 01:13:18.535000,16,313.4533333333335,0 days 00:00:06.492000,11606.0,337.0,8,100.0,False,0,car,600.0175,0.10207096900894436,OnTrack,-864.7118759776322,5211.206242429634,1900.932781788901
2026-09-05 14:59:55.160,0 days 01:13:18.556000,16,311.9716711822224,0 days 00:00:06.513000,11596.2875296,337.0,8,100.0,False,0,pos,601.983560311785,0.10240542205598702,OnTrack,-863.0,5231.0,1901.0
2026-09-05 14:59:55.299,0 days 01:13:18.695000,16,302.1644444444446,0 days 00:00:06.652000,11532.0,337.0,8,100.0,False,0,car,614.9952777777778,0.10461888851358948,OnTrack,-852.0803005467433,5361.06714001363,1901.9927273136236
2026-09-05 14:59:55.300,0 days 01:13:18.696000,16,302.0950044444446,0 days 00:00:06.653000,11531.94000384,336.99500032,8,100.0,False,0,pos,615.0887620872162,0.10463479143983999,OnTrack,-852.0,5362.0,1902.0
2026-09-05 14:59:55.480,0 days 01:13:18.876000,16,289.59500444444456,0 days 00:00:06.833000,11521.14000384,336.09500032,8,100.0,False,0,pos,631.8892421000344,0.10749277687313777,OnTrack,-837.0,5530.0,1903.0
2026-09-05 14:59:55.499,0 days 01:13:18.895000,16,288.2755555555557,0 days 00:00:06.852000,11520.0,336.0,8,100.0,False,0,car,633.6619444444444,0.1077943371543935,OnTrack,-835.4360920109593,5547.835887211246,1903.0756118339298
2026-09-05 14:59:55.659,0 days 01:13:19.055000,16,277.25333333333356,0 days 00:00:07.012000,11520.0,336.0,8,100.0,False,0,car,648.5952777777777,0.1103346960670367,OnTrack,-822.6789924560976,5698.075461454653,1903.6086131378881
2026-09-05 14:59:55.720,0 days 01:13:19.116000,16,273.0172266666669,0 days 00:00:07.073000,11518.03928777143,336.0,8,100.0,False,0,pos,654.2918361949937,0.11130375653220864,OnTrack,-818.0,5753.0,1904.0
2026-09-05 14:59:55.920,0 days 01:13:19.316000,16,259.128337777778,0 days 00:00:07.273000,11511.610716342857,336.0,8,100.0,False,0,pos,672.9596522799321,0.11447940070437099,OnTrack,-802.0,5938.0,1906.0
2026-09-05 14:59:55.939,0 days 01:13:19.335000,16,257.8088888888891,0 days 00:00:07.292000,11511.0,336.0,8,100.0,False,0,car,674.728611111111,0.11478032416416234,OnTrack,-800.1001686317061,5960.440435115849,1906.135940636949
2026-09-05 14:59:56.160,0 days 01:13:19.556000,16,242.03194901333356,0 days 00:00:07.513000,11471.6343864,334.6187504,8,100.0,False,0,pos,695.240721622327,0.11826970738431568,OnTrack,-775.0,6262.0,1907.0
2026-09-05 14:59:56.259,0 days 01:13:19.655000,16,234.96444444444467,0 days 00:00:07.612000,11454.0,334.0,8,100.0,False,0,car,704.4174999999999,0.11983079962144111,OnTrack,-766.4376340007166,6364.854666297575,1907.6397036483122
2026-09-05 14:59:56.419,0 days 01:13:19.815000,16,223.49777777777797,0 days 00:00:07.772000,11444.0,334.0,8,100.0,False,0,car,719.2619444444443,0.1223560373500805,OnTrack,-755.444859072454,6496.61376966474,1908.8792076599989
2026-09-05 14:59:56.439,0 days 01:13:19.835000,16,222.05888888888907,0 days 00:00:07.792000,11446.2,333.9,8,100.0,False,0,pos,721.1211582567317,0.12267231438435865,OnTrack,-754.0,6514.0,1909.0
2026-09-05 14:59:56.619,0 days 01:13:20.015000,16,209.10888888888906,0 days 00:00:07.972000,11466.0,333.0,8,100.0,False,0,car,737.7619444444443,0.12550313377087735,OnTrack,-740.1379556383274,6680.4671659537535,1909.7952637295539
2026-09-05 14:59:56.659,0 days 01:13:20.055000,16,206.59777777777794,0 days 00:00:08.012000,11388.333333333334,330.6666666666667,8,91.66666666666667,False,0,pos,741.3694697266914,0.12611682187377973,OnTrack,-737.0,6717.0,1910.0
2026-09-05 14:59:56.819,0 days 01:13:20.215000,16,196.5533333333335,0 days 00:00:08.172000,11077.666666666666,321.3333333333333,8,58.333333333333336,False,0,pos,755.3995588888644,0.12850352692165729,OnTrack,-724.0,6865.0,1911.0
2026-09-05 14:59:57.079,0 days 01:13:20.475000,16,180.2311111111113,0 days 00:00:08.432000,10572.833333333334,306.1666666666667,8,4.166666666666667,False,0,pos,776.8472290069063,0.132152061292626,OnTrack,-699.0,7168.0,1912.0
2026-09-05 14:59:57.099,0 days 01:13:20.495000,16,178.97555555555573,0 days 00:00:08.452000,10534.0,305.0,8,0.0,True,0,car,778.428611111111,0.13242107545262896,OnTrack,-697.6810308256414,7183.93160038214,1912.072059825757
2026-09-05 14:59:57.339,0 days 01:13:20.735000,16,166.3755555555557,0 days 00:00:08.692000,10642.0,272.0,8,0.0,True,0,pos,796.5619444444443,0.13550579698941,OnTrack,-687.0,7310.0,1913.0
2026-09-05 14:59:57.539,0 days 01:13:20.935000,16,157.76444444444462,0 days 00:00:08.892000,11615.0,243.0,8,0.0,True,0,car,810.0619444444443,0.1378023268099915,OnTrack,-669.8589053833099,7518.3523310323135,1913.73444869995
2026-09-05 14:59:57.619,0 days 01:13:21.015000,16,155.40888888888904,0 days 00:00:08.972000,11621.0,229.66666666666666,8,0.0,True,0,pos,814.8626599959262,0.13861899247103648,OnTrack,-664.0,7589.0,1914.0
2026-09-05 14:59:57.779,0 days 01:13:21.175000,16,150.6977777777779,0 days 00:00:09.132000,11633.0,203.0,8,0.0,True,0,car,823.5952777777776,0.1401045270745744,OnTrack,-657.8134785569245,7660.406424255168,1914.4704726278658
2026-09-05 14:59:57.959,0 days 01:13:21.355000,16,147.59777777777788,0 days 00:00:09.312000,10967.5,188.0,8,0.0,True,0,pos,832.6243776384438,0.14164049722887276,OnTrack,-654.0,7700.0,1915.0
2026-09-05 14:59:58.139,0 days 01:13:21.535000,16,144.49777777777786,0 days 00:00:09.492000,10302.0,173.0,5,0.0,True,0,car,840.8952777777777,0.14304748751131957,OnTrack,-646.8287546477374,7779.817105267047,1915.6440932298901
2026-09-05 14:59:58.319,0 days 01:13:21.715000,16,143.79777777777787,0 days 00:00:09.672000,10154.0625,157.8125,5,0.0,True,0,pos,848.4610599858227,0.14433452784145293,OnTrack,-638.0,7870.0,1916.0
2026-09-05 14:59:58.419,0 days 01:13:21.815000,16,143.408888888889,0 days 00:00:09.772000,10071.875,149.375,5,0.0,True,0,pos,852.3678762139252,0.1449991293208136,OnTrack,-633.0,7912.0,1916.0
2026-09-05 14:59:58.459,0 days 01:13:21.855000,16,143.25333333333344,0 days 00:00:09.812000,10039.0,146.0,3,0.0,True,0,car,853.8730555555554,0.14525518037587856,OnTrack,-630.7807555553327,7927.879086241213,1916.12604921393
2026-09-05 14:59:58.599,0 days 01:13:21.995000,16,143.99222222222227,0 days 00:00:09.952000,10116.5,135.5,3,0.0,True,0,pos,858.8822210780128,0.14610730615354905,OnTrack,-622.0,7980.0,1917.0
2026-09-05 14:59:58.739,0 days 01:13:22.135000,16,144.7311111111111,0 days 00:00:10.092000,10194.0,125.0,3,0.0,True,0,car,863.5952777777777,0.14690905987629732,OnTrack,-612.2169303677567,8026.508804139934,1917.6063899422118
2026-09-05 14:59:58.939,0 days 01:13:22.335000,16,147.0088888888888,0 days 00:00:10.292000,9321.0,115.0,2,0.0,True,0,car,869.9841666666666,0.1479958949765725,OnTrack,-595.3576015068218,8086.14742270305,1917.9549861622945
2026-09-05 14:59:58.999,0 days 01:13:22.395000,16,147.3384722222222,0 days 00:00:10.352000,9688.5,112.0,2,0.0,True,0,pos,871.8059099185397,0.1483057977694147,OnTrack,-589.0,8104.0,1918.0
2026-09-05 14:59:59.099,0 days 01:13:22.495000,12,147.88777777777784,0 days 00:00:10.452000,10301.0,107.0,2,0.0,True,0,car,874.7397222222222,0.14880487832077735,OnTrack,-577.0003293768754,8133.882434749862,1918.020472400058
2026-09-05 14:59:59.199,0 days 01:13:22.595000,12,146.3600000000001,0 days 00:00:10.552000,10503.142857142857,103.78571428571429,2,0.0,True,0,pos,877.5449689620219,0.14928208815722468,OnTrack,-566.0,8157.0,1918.0
2026-09-05 14:59:59.360,0 days 01:13:22.756000,12,143.9002787555557,0 days 00:00:10.713000,10828.592727771429,98.61071634285715,2,0.0,True,0,pos,881.85964977168,0.15001607283468177,OnTrack,-554.0,8172.0,1918.0
2026-09-05 14:59:59.379,0 days 01:13:22.775000,12,143.61000000000013,0 days 00:00:10.732000,10867.0,98.0,1,0.0,True,0,car,882.3619444444444,0.15010151984910566,OnTrack,-552.3343448199721,8174.1105550432685,1918.022957948589
2026-09-05 14:59:59.740,0 days 01:13:23.136000,12,138.9972230400001,0 days 00:00:11.093000,10103.1569536,93.0772736,1,0.0,True,0,pos,891.6509938775503,0.15168171088821553,OnTrack,-504.0,8242.0,1919.0
2026-09-05 14:59:59.819,0 days 01:13:23.215000,12,137.98777777777786,0 days 00:00:11.172000,9936.0,92.0,1,0.0,True,0,car,893.6063888888889,0.15201434962559,OnTrack,-491.1197663392257,8254.935591476562,1918.9930289322924
2026-09-05 14:59:59.900,0 days 01:13:23.296000,12,137.087778488889,0 days 00:00:11.253000,9767.4188832,89.468752,1,0.0,True,0,pos,895.5797671347642,0.15235004755069664,OnTrack,-476.0,8267.0,1919.0
2026-09-05 14:59:59.979,0 days 01:13:23.375000,12,136.21000000000015,0 days 00:00:11.332000,9603.0,87.0,1,0.0,False,0,car,897.4730555555556,0.15267212112975653,OnTrack,-458.0939659180599,8278.227737808551,1919.16137265827
2026-09-05 15:00:00.240,0 days 01:13:23.636000,12,134.03500014773786,0 days 00:00:11.593000,9359.351817103923,84.1080334374353,1,5.783933125129419,False,0,pos,903.5181549751893,0.15370047306202092,OnTrack,-400.0,8302.0,1920.0
2026-09-05 15:00:00.260,0 days 01:13:23.656000,12,133.86833345152363,0 days 00:00:11.613000,9340.681453683139,83.88642674994823,1,6.227146500103535,False,0,pos,903.9741927512341,0.15377805116216897,OnTrack,-398.0,8302.0,1920.0
2026-09-05 15:00:00.340,0 days 01:13:23.736000,12,133.2016666666667,0 days 00:00:11.693000,9266.0,83.0,1,8.0,False,0,car,905.7961111111111,0.15408798374321506,OnTrack,-382.7496072326682,8303.850063870785,1919.998422972685
2026-09-05 15:00:00.580,0 days 01:13:23.976000,12,131.53499999999997,0 days 00:00:11.933000,9581.0,82.0,1,20.0,False,0,pos,911.2627777777778,0.1550179365594505,OnTrack,-295.0,8323.0,1920.0
2026-09-05 15:00:00.860,0 days 01:13:24.256000,12,129.90166666666676,0 days 00:00:12.213000,8879.0,83.0,1,0.0,False,0,car,917.7183333333334,0.15611611254772856,OnTrack,-229.4506310066394,8348.338661868544,1919.9012796754816
2026-09-05 15:00:01.020,0 days 01:13:24.416000,12,129.23500017852163,0 days 00:00:12.373000,8779.920528623792,80.32217644929166,1,0.0,False,0,pos,921.2533753837757,0.1567174702874212,OnTrack,-205.0,8367.0,1920.0
2026-09-05 15:00:01.099,0 days 01:13:24.495000,12,128.90583333333336,0 days 00:00:12.452000,8731.0,79.0,1,0.0,True,0,car,922.9630555555556,0.15700830965765447,OnTrack,-194.6925387419336,8377.99851470053,1920.1281633751364
2026-09-05 15:00:01.400,0 days 01:13:24.796000,12,128.57138896000004,0 days 00:00:12.753000,8375.652853333333,76.4916672,1,0.0,True,0,pos,929.334867947874,0.15809223981840334,OnTrack,-166.0,8425.0,1921.0
2026-09-05 15:00:01.459,0 days 01:13:24.855000,12,128.50583333333338,0 days 00:00:12.812000,8306.0,76.0,1,0.0,False,0,car,930.5630555555556,0.15830117088998183,OnTrack,-162.30284036380323,8433.24047815186,1921.209337717728
2026-09-05 15:00:01.619,0 days 01:13:25.015000,12,128.46138888888902,0 days 00:00:12.972000,8241.0,74.0,1,0.0,False,0,car,933.8519444444445,0.1588606546981235,OnTrack,-155.24976880669558,8453.901429401174,1921.8006144831063
2026-09-05 15:00:01.740,0 days 01:13:25.136000,12,128.66305544888897,0 days 00:00:13.093000,8365.0249344,72.70357211428572,1,9.507137828571429,False,0,pos,936.2542381392723,0.15926931685426918,OnTrack,-151.0,8473.0,1922.0
2026-09-05 15:00:01.899,0 days 01:13:25.295000,12,128.9280555555556,0 days 00:00:13.252000,8528.0,71.0,1,22.0,False,0,car,939.3741666666667,0.15980005825436133,OnTrack,-145.91343039273156,8505.099986717345,1921.845142250372
2026-09-05 15:00:01.980,0 days 01:13:25.376000,12,129.0405554666667,0 days 00:00:13.333000,8535.28999424,71.80999936,1,29.69499392,False,0,pos,940.9947826646617,0.16007574662229518,OnTrack,-144.0,8522.0,1922.0
2026-09-05 15:00:02.099,0 days 01:13:25.495000,12,129.20583333333332,0 days 00:00:13.452000,8546.0,73.0,1,41.0,False,0,car,943.4297222222223,0.16048996227453602,OnTrack,-142.34447292270852,8545.699583978363,1922.7691774363661
2026-09-05 15:00:02.140,0 days 01:13:25.536000,12,129.25138881777775,0 days 00:00:13.493000,8713.5872384,74.0249984,1,42.281248,False,0,pos,944.2889922486272,0.16063613555154127,OnTrack,-142.0,8554.0,1923.0
2026-09-05 15:00:02.259,0 days 01:13:25.655000,12,129.383611111111,0 days 00:00:13.612000,9200.0,77.0,1,46.0,False,0,car,946.8519444444445,0.16107212785868344,OnTrack,-141.5053348955381,8579.208965455833,1923.2723464799653
2026-09-05 15:00:02.419,0 days 01:13:25.815000,12,129.3836111111109,0 days 00:00:13.772000,9696.0,82.0,1,48.0,False,0,car,950.496388888889,0.1616920964028404,OnTrack,-142.36960117431184,8615.411450521222,1923.0442053794764
2026-09-05 15:00:02.460,0 days 01:13:25.856000,12,129.33805562666643,0 days 00:00:13.813000,9861.0247424,83.281248,1,49.7937472,False,0,pos,951.4643241040023,0.16185675507586994,OnTrack,-143.0,8625.0,1923.0
2026-09-05 15:00:02.579,0 days 01:13:25.975000,12,129.2058333333331,0 days 00:00:13.932000,10340.0,87.0,1,55.0,False,0,car,954.3630555555557,0.16234986790700695,OnTrack,-145.77571663435862,8653.386286924046,1922.9466228631438
2026-09-05 15:00:02.620,0 days 01:13:26.016000,12,129.11472236444422,0 days 00:00:13.973000,10502.76974592,88.43499776,1,56.22999808,False,0,pos,955.4002748995732,0.16252631273323068,OnTrack,-147.0,8663.0,1923.0
2026-09-05 15:00:02.779,0 days 01:13:26.175000,12,128.76138888888875,0 days 00:00:14.132000,11134.0,94.0,1,61.0,False,0,car,959.5852777777778,0.1632382374672319,OnTrack,-152.95646957078984,8698.898841710354,1923.6577256047094
2026-09-05 15:00:02.880,0 days 01:13:26.276000,12,128.39666689777758,0 days 00:00:14.233000,10865.0876704,96.94583146666666,1,65.62916373333333,False,0,pos,962.3319484161522,0.1637054827285906,OnTrack,-159.0,8728.0,1924.0
2026-09-05 15:00:03.019,0 days 01:13:26.415000,12,127.89472222222196,0 days 00:00:14.372000,10495.0,101.0,1,72.0,False,0,car,966.3186111111112,0.1643836671555219,OnTrack,-171.16182253249858,8782.07355009335,1923.9869179073185
2026-09-05 15:00:03.099,0 days 01:13:26.495000,12,127.36138888888863,0 days 00:00:14.452000,10437.0,105.28571428571429,1,73.42857142857143,False,0,pos,968.7910727051834,0.16480426580596855,OnTrack,-178.0,8811.0,1924.0
2026-09-05 15:00:03.299,0 days 01:13:26.695000,12,126.02805555555528,0 days 00:00:14.652000,10292.0,116.0,2,77.0,False,0,car,975.3408333333334,0.16591846733191054,OnTrack,-190.13689851291426,8856.90995861307,1924.6597919008723
2026-09-05 15:00:03.419,0 days 01:13:26.815000,12,125.2613888888886,0 days 00:00:14.772000,10773.5,119.0,2,80.75,False,0,pos,979.3039332029829,0.16659264340839885,OnTrack,-198.0,8885.0,1925.0
2026-09-05 15:00:03.459,0 days 01:13:26.855000,12,125.00583333333304,0 days 00:00:14.812000,10934.0,120.0,2,82.0,False,0,car,980.6741666666668,0.16682573837214026,OnTrack,-201.18232344897459,8896.62999251667,1925.0474634377804
2026-09-05 15:00:03.619,0 days 01:13:27.015000,12,123.58361111111094,0 days 00:00:14.972000,11895.0,131.0,2,97.0,False,0,car,986.496388888889,0.16781617592439102,OnTrack,-216.06487130501418,8951.812312095712,1925.0059926020892
2026-09-05 15:00:03.639,0 days 01:13:27.035000,12,123.37249999999983,0 days 00:00:14.992000,11825.0,131.91666666666666,2,97.25,False,0,pos,987.2524282476955,0.16794478828980083,OnTrack,-218.0,8959.0,1925.0
2026-09-05 15:00:03.859,0 days 01:13:27.255000,12,121.05027777777764,0 days 00:00:15.212000,11055.0,142.0,2,100.0,False,0,car,995.9630555555557,0.1694265820207988,OnTrack,-239.81705105113534,9040.208286449104,1925.0043989116637
2026-09-05 15:00:03.899,0 days 01:13:27.295000,12,120.5058333333332,0 days 00:00:15.252000,11195.42857142857,144.42857142857142,2,100.0,False,0,pos,997.6391545801895,0.1697117087906002,OnTrack,-244.0,9056.0,1925.0
2026-09-05 15:00:04.059,0 days 01:13:27.455000,12,118.32805555555548,0 days 00:00:15.412000,11757.142857142857,154.14285714285714,2,100.0,False,0,pos,1004.6433389501785,0.17090321384797286,OnTrack,-261.0,9121.0,1925.0
2026-09-05 15:00:04.139,0 days 01:13:27.535000,12,117.23916666666662,0 days 00:00:15.492000,12038.0,159.0,3,100.0,False,0,car,1008.3297222222224,0.17153031674533145,OnTrack,-268.55645127182123,9150.187419240823,1925.1340818528925
2026-09-05 15:00:04.359,0 days 01:13:27.755000,12,113.45027777777774,0 days 00:00:15.712000,10754.666666666666,174.58333333333334,3,100.0,False,0,pos,1019.0582505818818,0.17335538232376943,OnTrack,-294.0,9253.0,1926.0
2026-09-05 15:00:04.379,0 days 01:13:27.775000,12,113.1058333333333,0 days 00:00:15.732000,10638.0,176.0,3,100.0,False,0,car,1020.0630555555556,0.17352631303383684,OnTrack,-297.72809793976876,9268.568116209513,1926.1057638687412
2026-09-05 15:00:04.539,0 days 01:13:27.935000,12,110.03916666666653,0 days 00:00:15.892000,11006.0,182.66666666666666,3,100.0,False,0,pos,1028.2447277453518,0.17491812445354718,OnTrack,-331.0,9409.0,1927.0
2026-09-05 15:00:04.619,0 days 01:13:28.015000,12,108.50583333333316,0 days 00:00:15.972000,11190.0,186.0,4,100.0,False,0,car,1032.4630555555557,0.17563571820237095,OnTrack,-341.3850245767306,9453.449192130187,1927.3318257112717
2026-09-05 15:00:04.879,0 days 01:13:28.275000,12,103.01694444444433,0 days 00:00:16.232000,11446.285714285714,198.07142857142858,4,100.0,False,0,pos,1046.807904058864,0.17807596800678366,OnTrack,-354.0,9514.0,1928.0
2026-09-05 15:00:04.899,0 days 01:13:28.295000,12,102.59472222222212,0 days 00:00:16.252000,11466.0,199.0,4,100.0,False,0,car,1047.9408333333333,0.1782686943670376,OnTrack,-355.3885270996548,9521.056295634282,1928.054479160925
2026-09-05 15:00:05.099,0 days 01:13:28.495000,12,98.26138888888863,0 days 00:00:16.452000,10614.0,208.0,4,100.0,False,0,car,1059.496388888889,0.18023444828753532,OnTrack,-374.78817038457095,9622.961004668241,1928.6796556158824
2026-09-05 15:00:05.179,0 days 01:13:28.575000,12,96.39472222222204,0 days 00:00:16.532000,10757.714285714286,211.42857142857142,4,100.0,False,0,pos,1064.2800338358559,0.18104821001137109,OnTrack,-384.0,9681.0,1929.0
2026-09-05 15:00:05.379,0 days 01:13:28.775000,12,91.72805555555556,0 days 00:00:16.732000,11117.0,220.0,5,100.0,False,0,pos,1076.6074999999998,0.1831452762082723,OnTrack,-407.0,9859.0,1930.0
2026-09-05 15:00:05.699,0 days 01:13:29.095000,12,83.72805555555533,0 days 00:00:17.052000,10414.0,230.0,5,100.0,False,0,car,1097.0519444444444,0.18662314852915293,OnTrack,-422.40700437192896,10095.929229877676,1931.8032155902674
2026-09-05 15:00:05.779,0 days 01:13:29.175000,12,81.66138888888867,0 days 00:00:17.132000,10500.25,232.25,5,100.0,False,0,pos,1102.290691983065,0.18751432926581516,OnTrack,-424.0,10141.0,1932.0
2026-09-05 15:00:06.019,0 days 01:13:29.415000,12,75.46138888888868,0 days 00:00:17.372000,10759.0,239.0,6,100.0,False,0,car,1118.296388888889,0.190237111506068,OnTrack,-426.46570972213925,10243.323927088179,1931.7068979057333
2026-09-05 15:00:06.160,0 days 01:13:29.556000,12,71.66222394666644,0 days 00:00:17.513000,10929.7106368,243.0285696,6,100.0,False,0,pos,1127.8875583846846,0.19186869719209365,OnTrack,-427.0,10314.0,1932.0
2026-09-05 15:00:06.299,0 days 01:13:29.695000,12,67.9169444444442,0 days 00:00:17.652000,11098.0,247.0,6,100.0,False,0,car,1137.5075000000002,0.1935051773988955,OnTrack,-427.00574911153717,10408.233526962875,1932.9935886631454
2026-09-05 15:00:06.300,0 days 01:13:29.696000,12,67.8880574044442,0 days 00:00:17.653000,11099.1927808,247.0321408,6,100.0,False,0,pos,1137.577402853435,0.19351706880537375,OnTrack,-427.0,10409.0,1933.0
2026-09-05 15:00:06.579,0 days 01:13:29.975000,12,59.82805555555524,0 days 00:00:17.932000,11432.0,256.0,6,100.0,False,0,car,1157.4186111111112,0.1968923226157531,OnTrack,-421.7192076527324,10656.286307784687,1933.857291368431
2026-09-05 15:00:06.640,0 days 01:13:30.036000,12,57.99805698958051,0 days 00:00:17.993000,11476.294571098973,257.2655591742564,6,100.0,False,0,pos,1161.8155070045082,0.19764029317406262,OnTrack,-420.0,10704.0,1934.0
2026-09-05 15:00:06.820,0 days 01:13:30.216000,12,52.59805555555522,0 days 00:00:18.173000,11607.0,261.0,6,100.0,False,0,car,1174.8911111111113,0.1998646276002057,OnTrack,-414.22861627416773,10813.646990439633,1934.5652002354266
2026-09-05 15:00:07.020,0 days 01:13:30.416000,12,46.43138888888848,0 days 00:00:18.373000,10487.0,265.0,6,100.0,False,0,pos,1189.6133333333337,0.20236907370083987,OnTrack,-406.0,10922.0,1935.0
2026-09-05 15:00:07.200,0 days 01:13:30.596000,12,40.63138888888837,0 days 00:00:18.553000,10413.2,269.5,6,100.0,False,0,pos,1203.0977922615598,0.20466295977810486,OnTrack,-395.0,11055.0,1935.0
2026-09-05 15:00:07.220,0 days 01:13:30.616000,12,39.98694444444391,0 days 00:00:18.573000,10405.0,270.0,7,100.0,False,0,car,1204.6133333333337,0.20492077350148594,OnTrack,-393.1226783350045,11074.075802026002,1935.0499230842968
2026-09-05 15:00:07.420,0 days 01:13:30.816000,12,33.2091666666661,0 days 00:00:18.773000,10629.444444444445,274.44444444444446,7,100.0,False,0,pos,1219.9719129140344,0.20753347246510465,OnTrack,-368.0,11296.0,1936.0
2026-09-05 15:00:07.580,0 days 01:13:30.976000,12,27.78694444444386,0 days 00:00:18.933000,10809.0,278.0,7,100.0,False,0,car,1232.4133333333336,0.20964992379868336,OnTrack,-346.97654428302224,11442.993154831916,1936.2626894626603
2026-09-05 15:00:07.819,0 days 01:13:31.215000,12,19.488333333332548,0 days 00:00:19.172000,10925.0,282.0,7,100.0,False,0,car,1251.1350000000004,0.21283472867208977,OnTrack,-317.3956219706209,11604.794231036465,1936.0129189275679
2026-09-05 15:00:07.840,0 days 01:13:31.236000,12,18.753335573332553,0 days 00:00:19.193000,10937.774961066667,282.3499989333333,7,100.0,False,0,pos,1252.7961241894234,0.21311730802295634,OnTrack,-315.0,11617.0,1936.0
2026-09-05 15:00:08.179,0 days 01:13:31.575000,12,6.888333333332639,0 days 00:00:19.532000,11144.0,288.0,7,100.0,False,0,car,1279.9350000000004,0.21773399228933027,OnTrack,-271.49728335897674,11802.319386152505,1935.9977458306305
2026-09-05 15:00:08.200,0 days 01:13:31.596000,12,51.124465184710466,0 days 00:00:19.553000,11154.60496768,288.20999936,7,100.0,False,0,pos,1281.6232235677799,0.2180211816054202,OnTrack,-267.0,11818.0,1936.0
2026-09-05 15:00:08.379,0 days 01:13:31.775000,16,428.1861111111109,0 days 00:00:19.732000,11245.0,290.0,7,100.0,False,0,car,1296.0461111111115,0.2204747068900242,OnTrack,-216.7368819974815,11982.670137395959,1936.0058839892818
2026-09-05 15:00:08.520,0 days 01:13:31.916000,16,428.2252777599997,0 days 00:00:19.873000,11286.59498112,292.11499904,7,100.0,False,0,pos,1307.5100813593374,0.2224248809298249,OnTrack,-175.0,12109.0,1936.0
2026-09-05 15:00:08.579,0 days 01:13:31.975000,16,428.24166666666633,0 days 00:00:19.932000,11304.0,293.0,7,100.0,False,0,car,1312.3238888888893,0.22324377371072535,OnTrack,-159.7495986312982,12151.835681074046,1935.9961391256643
2026-09-05 15:00:08.840,0 days 01:13:32.236000,16,428.24166666666616,0 days 00:00:20.193000,11361.999985777778,294.44999964444446,7,100.0,False,0,pos,1333.6858634096957,0.2268777301191353,OnTrack,-95.0,12306.0,1936.0
2026-09-05 15:00:08.939,0 days 01:13:32.335000,16,428.2416666666661,0 days 00:00:20.292000,11384.0,295.0,7,100.0,False,0,car,1341.8238888888895,0.22826211665199603,OnTrack,-61.04710214009062,12378.41750062178,1936.0355144129192
2026-09-05 15:00:09.120,0 days 01:13:32.516000,16,428.191388906666,0 days 00:00:20.473000,11441.01497984,296.80999936,7,100.0,False,0,pos,1356.75413178182,0.2308019498395619,OnTrack,4.0,12512.0,1936.0
2026-09-05 15:00:09.139,0 days 01:13:32.535000,16,428.18611111111045,0 days 00:00:20.492000,11447.0,297.0,7,100.0,False,0,car,1358.3238888888895,0.2310689864327067,OnTrack,9.603738708197202,12523.220966043915,1935.971652786781
2026-09-05 15:00:09.339,0 days 01:13:32.735000,16,428.1861111111109,0 days 00:00:20.692000,11523.0,298.0,7,100.0,False,0,car,1374.879444444445,0.2338853069534198,OnTrack,93.11614378553007,12668.597297544276,1935.992947439458
2026-09-05 15:00:09.340,0 days 01:13:32.736000,16,428.1855555911109,0 days 00:00:20.693000,11519.5168896,298.0083328,7,100.0,False,0,pos,1374.9624743744605,0.2338994314504777,OnTrack,94.0,12670.0,1936.0
2026-09-05 15:00:09.440,0 days 01:13:32.836000,16,428.1300000355554,0 days 00:00:20.793000,11171.183556266667,298.8416661333333,7,100.0,False,0,pos,1383.2815964700105,0.23531462492999541,OnTrack,202.0,12838.0,1937.0
2026-09-05 15:00:09.579,0 days 01:13:32.975000,16,428.0527777777777,0 days 00:00:20.932000,10687.0,300.0,7,100.0,False,0,car,1394.8794444444447,0.23728757335428122,OnTrack,323.3752206902778,13015.055559483028,1937.9572602459634
2026-09-05 15:00:09.859,0 days 01:13:33.255000,16,427.9749999999999,0 days 00:00:21.212000,10337.0,301.0,8,100.0,False,0,car,1418.290555555556,0.2412701151912896,OnTrack,439.53468343426584,13140.619279487726,1938.0396713212378
2026-09-05 15:00:09.979,0 days 01:13:33.375000,16,427.908333333333,0 days 00:00:21.332000,10350.714285714286,301.42857142857144,8,100.0,False,0,pos,1428.3520166142841,0.24298170373647393,OnTrack,474.0,13174.0,1938.0
2026-09-05 15:00:10.139,0 days 01:13:33.535000,16,427.8194444444439,0 days 00:00:21.492000,10369.0,302.0,8,100.0,False,0,car,1441.779444444445,0.24526588806430136,OnTrack,515.2587939527144,13216.67694729856,1938.01630078171
2026-09-05 15:00:10.219,0 days 01:13:33.615000,16,427.79722222222165,0 days 00:00:21.572000,10381.5,302.0,8,100.0,False,0,pos,1448.4895783703892,0.2464073712243774,OnTrack,545.0,13246.0,1938.0
2026-09-05 15:00:10.459,0 days 01:13:33.855000,16,427.73055555555493,0 days 00:00:21.812000,10419.0,302.0,8,100.0,False,0,car,1468.6238888888895,0.2498324856334576,OnTrack,691.548117542898,13380.487749741373,1937.8634350128498
2026-09-05 15:00:10.519,0 days 01:13:33.915000,16,427.71388888888833,0 days 00:00:21.872000,10427.142857142857,302.2142857142857,8,100.0,False,0,pos,1473.6660574075727,0.25069022566038746,OnTrack,732.0,13415.0,1938.0
2026-09-05 15:00:10.739,0 days 01:13:34.135000,16,427.6527777777776,0 days 00:00:22.092000,10457.0,303.0,8,100.0,False,0,pos,1492.1905555555559,0.25384148954247265,OnTrack,878.0,13529.0,1939.0
2026-09-05 15:00:10.939,0 days 01:13:34.335000,16,427.5416666666663,0 days 00:00:22.292000,10425.0,304.0,8,100.0,False,0,pos,1509.079444444445,0.25671451450320015,OnTrack,1016.0,13627.0,1939.0
2026-09-05 15:00:11.099,0 days 01:13:34.495000,16,427.4527777777773,0 days 00:00:22.452000,10510.0,304.0,8,100.0,False,0,car,1522.5905555555562,0.25901293447178214,OnTrack,1126.8275646132954,13699.140955687297,1939.8780261055533
2026-09-05 15:00:11.119,0 days 01:13:34.515000,16,427.419444444444,0 days 00:00:22.472000,10507.9375,304.0625,8,100.0,False,0,pos,1524.2815903486085,0.2593006020147366,OnTrack,1143.0,13709.0,1940.0
2026-09-05 15:00:11.299,0 days 01:13:34.695000,16,427.1194444444441,0 days 00:00:22.652000,10489.375,304.625,8,100.0,False,0,pos,1539.5294836395562,0.2618944717661222,OnTrack,1308.0,13804.0,1941.0
2026-09-05 15:00:11.419,0 days 01:13:34.815000,16,426.91944444444425,0 days 00:00:22.772000,10477.0,305.0,8,100.0,False,0,car,1549.701666666667,0.2636248955929498,OnTrack,1398.931340863147,13852.319804520337,1941.750282235164
2026-09-05 15:00:11.459,0 days 01:13:34.855000,16,426.83055555555535,0 days 00:00:22.812000,10469.0,305.0,8,100.0,False,0,pos,1553.0912662533829,0.2642015116322627,OnTrack,1428.0,13867.0,1942.0
2026-09-05 15:00:11.619,0 days 01:13:35.015000,16,426.4749999999997,0 days 00:00:22.972000,10437.0,305.0,8,100.0,False,0,car,1566.6461111111116,0.2665073712936797,OnTrack,1548.398835226674,13924.450037052846,1942.934361794849
2026-09-05 15:00:11.779,0 days 01:13:35.175000,16,425.8972222222219,0 days 00:00:23.132000,10494.0,305.0,8,100.0,False,0,car,1580.2016666666673,0.2688133518542636,OnTrack,1674.0795428077047,13979.01790746088,1943.7914193656225
2026-09-05 15:00:11.819,0 days 01:13:35.215000,16,425.67499999999967,0 days 00:00:23.172000,10501.75,305.0,8,100.0,False,0,pos,1583.5906165090623,0.2693898573634128,OnTrack,1706.0,13992.0,1944.0
2026-09-05 15:00:11.939,0 days 01:13:35.335000,16,425.008333333333,0 days 00:00:23.292000,10525.0,305.0,8,100.0,False,0,car,1593.757222222223,0.2711193324148475,OnTrack,1802.8033734047735,14029.315172924214,1944.6120344036717
2026-09-05 15:00:12.019,0 days 01:13:35.415000,16,423.5416666666664,0 days 00:00:23.372000,10512.714285714286,305.0,8,100.0,False,0,pos,1600.534349682227,0.2722722120674238,OnTrack,1865.0,14052.0,1945.0
2026-09-05 15:00:12.199,0 days 01:13:35.595000,16,420.2416666666666,0 days 00:00:23.552000,10485.07142857143,305.0,8,100.0,False,0,pos,1615.784327176977,0.2748664363696379,OnTrack,2010.0,14099.0,1946.0
2026-09-05 15:00:12.219,0 days 01:13:35.615000,16,419.875,0 days 00:00:23.572000,10482.0,305.0,8,100.0,False,0,car,1617.4794444444449,0.2751547983958692,OnTrack,2032.1459393072876,14105.117792941359,1946.1827454279016
2026-09-05 15:00:12.419,0 days 01:13:35.815000,16,414.5972222222224,0 days 00:00:23.772000,10427.0,305.0,8,100.0,False,0,car,1634.4238888888892,0.278037274096599,OnTrack,2301.465535872413,14172.268342468265,1948.6418320036817
2026-09-05 15:00:12.459,0 days 01:13:35.855000,16,413.0972222222224,0 days 00:00:23.812000,10424.4,304.8,8,100.0,False,0,pos,1637.8030837658885,0.27861212015619785,OnTrack,2338.0,14181.0,1949.0
2026-09-05 15:00:12.700,0 days 01:13:36.096000,16,404.05972462222223,0 days 00:00:24.053000,10408.73500416,303.59500032,8,100.0,False,0,pos,1658.0836956816095,0.2820621223816864,OnTrack,2421.0,14198.0,1950.0
2026-09-05 15:00:12.819,0 days 01:13:36.215000,16,399.5972222222222,0 days 00:00:24.172000,10401.0,303.0,8,100.0,False,0,car,1668.090555555556,0.2837644225380492,OnTrack,2507.875392159793,14213.899452894655,1950.9304308813394
2026-09-05 15:00:12.940,0 days 01:13:36.336000,16,394.4883360355557,0 days 00:00:24.293000,10411.88999424,303.0,8,100.0,False,0,pos,1678.2745344223617,0.28549685299433003,OnTrack,2620.0,14234.0,1952.0
2026-09-05 15:00:13.019,0 days 01:13:36.415000,16,391.15277777777806,0 days 00:00:24.372000,10419.0,303.0,8,100.0,False,0,car,1684.9238888888892,0.2866279967587742,OnTrack,2688.638107689852,14245.577676816647,1952.551434060592
2026-09-05 15:00:13.220,0 days 01:13:36.616000,16,382.107777777778,0 days 00:00:24.573000,10454.0,303.0,8,100.0,False,0,car,1701.8413888888892,0.28950588885060285,OnTrack,2852.7784347502625,14270.455421597564,1953.703081563834
2026-09-05 15:00:13.260,0 days 01:13:36.656000,16,380.13000000000017,0 days 00:00:24.613000,10455.0,303.14285714285717,8,100.0,False,0,pos,1705.213951842046,0.29007960673161864,OnTrack,2886.0,14275.0,1954.0
2026-09-05 15:00:13.380,0 days 01:13:36.776000,16,374.1966666666666,0 days 00:00:24.733000,10458.0,303.57142857142856,8,100.0,False,0,pos,1715.3470523889468,0.29180338210798223,OnTrack,2987.0,14288.0,1955.0
2026-09-05 15:00:13.500,0 days 01:13:36.896000,16,368.2633333333331,0 days 00:00:24.853000,10461.0,304.0,8,100.0,False,0,car,1725.4858333333339,0.2935281237956213,OnTrack,3086.1060321930086,14300.111312794077,1955.769673882295
2026-09-05 15:00:13.540,0 days 01:13:36.936000,16,366.2077777777775,0 days 00:00:24.893000,10463.25,304.0,8,100.0,False,0,pos,1728.8645602158665,0.2941028902431277,OnTrack,3120.0,14304.0,1956.0
2026-09-05 15:00:13.660,0 days 01:13:37.056000,16,360.0411111111107,0 days 00:00:25.013000,10470.0,304.0,8,100.0,False,0,car,1738.996944444445,0.2958265437642033,OnTrack,3226.648677825573,14315.29829224467,1956.680299542362
2026-09-05 15:00:13.860,0 days 01:13:37.256000,16,349.48555555555527,0 days 00:00:25.213000,10493.0,304.0,8,100.0,False,0,car,1755.885833333334,0.29869956872493075,OnTrack,3407.4643716418777,14332.152809640917,1957.7828650282809
2026-09-05 15:00:13.900,0 days 01:13:37.296000,16,347.31888888888864,0 days 00:00:25.253000,10496.8,304.4,8,100.0,False,0,pos,1759.277018154164,0.2992764544336818,OnTrack,3440.0,14335.0,1958.0
2026-09-05 15:00:14.060,0 days 01:13:37.456000,16,338.65222222222224,0 days 00:00:25.413000,10512.0,306.0,8,100.0,False,0,car,1772.885833333334,0.30159149516566297,OnTrack,3556.3992181340714,14344.5512055132,1958.8578095443152
2026-09-05 15:00:14.240,0 days 01:13:37.636000,16,328.6522222222221,0 days 00:00:25.593000,10524.0,306.5,8,100.0,False,0,pos,1788.2226691141555,0.30420049521929393,OnTrack,3710.0,14357.0,1960.0
2026-09-05 15:00:14.420,0 days 01:13:37.816000,16,318.652222222222,0 days 00:00:25.773000,10536.0,307.0,8,100.0,False,0,car,1803.585833333334,0.3068139740909853,OnTrack,3934.5841868167345,14376.413137410855,1961.5185905822896
2026-09-05 15:00:14.480,0 days 01:13:37.876000,16,315.40222280160907,0 days 00:00:25.833000,10547.03063870206,307.16713088942515,8,100.0,False,0,pos,1808.7136936945274,0.30768629144174514,OnTrack,3999.0,14382.0,1962.0
2026-09-05 15:00:14.779,0 days 01:13:38.175000,16,299.20638888888857,0 days 00:00:26.132000,10602.0,308.0,8,100.0,False,0,car,1834.3002777777785,0.3120389102087083,OnTrack,4178.506229852756,14396.939383331714,1963.8104652263976
2026-09-05 15:00:14.820,0 days 01:13:38.216000,16,297.0880588622219,0 days 00:00:26.173000,10602.0,308.0,8,100.0,False,0,pos,1837.808698186256,0.3126357392525012,OnTrack,4205.0,14399.0,1964.0
2026-09-05 15:00:15.099,0 days 01:13:38.495000,16,282.67305555555527,0 days 00:00:26.452000,10602.0,308.0,8,100.0,False,0,car,1861.6780555555563,0.31669623488188753,OnTrack,4443.119430995182,14416.936129834394,1964.9971434895467
2026-09-05 15:00:15.100,0 days 01:13:38.496000,16,282.62222547555524,0 days 00:00:26.453000,10602.0,308.0,8,100.0,False,0,pos,1861.7636025455138,0.31671078756436893,OnTrack,4444.0,14417.0,1965.0
2026-09-05 15:00:15.340,0 days 01:13:38.736000,16,270.4222254755554,0 days 00:00:26.693000,10602.0,308.0,8,100.0,False,0,pos,1882.2969131385348,0.32020377720082327,OnTrack,4649.0,14431.0,1966.0
2026-09-05 15:00:15.379,0 days 01:13:38.775000,16,268.43972222222214,0 days 00:00:26.732000,10602.0,308.0,8,100.0,False,0,car,1885.6336111111116,0.3207713939709193,OnTrack,4682.351688065829,14433.020745001484,1966.401088584254
2026-09-05 15:00:15.440,0 days 01:13:38.836000,16,265.4236142755555,0 days 00:00:26.793000,10602.0,308.0,8,100.0,False,0,pos,1890.8525195183688,0.3216591998070786,OnTrack,4734.0,14436.0,1967.0
2026-09-05 15:00:15.620,0 days 01:13:39.016000,16,256.5236142755556,0 days 00:00:26.973000,10602.0,308.0,8,100.0,False,0,pos,1906.2525037496503,0.32427894225327275,OnTrack,4888.0,14444.0,1967.0
2026-09-05 15:00:15.699,0 days 01:13:39.095000,16,252.61750000000006,0 days 00:00:27.052000,10602.0,308.0,8,100.0,False,0,car,1913.0113888888893,0.32542871864409856,OnTrack,4978.121296516811,14448.55971606585,1966.9285237342458
2026-09-05 15:00:15.899,0 days 01:13:39.295000,16,242.95083333333332,0 days 00:00:27.252000,10602.0,308.0,8,104.0,True,0,car,1930.1225000000004,0.32833954656483555,OnTrack,5227.34837568145,14461.08425268964,1966.9943642303813
2026-09-05 15:00:15.920,0 days 01:13:39.316000,16,241.97666963555554,0 days 00:00:27.273000,10602.0,308.0,8,104.0,True,0,pos,1931.9191614215465,0.3286451826042481,OnTrack,5246.0,14462.0,1967.0
2026-09-05 15:00:16.099,0 days 01:13:39.495000,16,233.6730555555555,0 days 00:00:27.452000,10602.0,308.0,8,104.0,True,0,car,1947.2336111111117,0.3312503744855726,OnTrack,5337.70830632389,14466.22341634103,1967.0075083287002
2026-09-05 15:00:16.199,0 days 01:13:39.595000,16,229.22861111111112,0 days 00:00:27.552000,10602.0,308.0,8,104.0,True,0,pos,1955.789166578235,0.3327057884308976,OnTrack,5383.0,14468.0,1967.0
2026-09-05 15:00:16.339,0 days 01:13:39.735000,16,223.00638888888898,0 days 00:00:27.692000,10602.0,308.0,8,104.0,True,0,car,1967.766944444445,0.334743367990457,OnTrack,5477.74428882194,14471.614248830103,1966.9918579911246
2026-09-05 15:00:16.539,0 days 01:13:39.935000,16,214.72861111111115,0 days 00:00:27.892000,10602.0,308.0,8,104.0,True,0,pos,1984.8780554895293,0.3376541958999621,OnTrack,5673.0,14479.0,1967.0
2026-09-05 15:00:16.579,0 days 01:13:39.975000,16,213.07305555555558,0 days 00:00:27.932000,10602.0,308.0,8,104.0,True,0,car,1988.3002777777783,0.3382363614953415,OnTrack,5719.859781517935,14480.780137128888,1967.0071874519674
2026-09-05 15:00:16.739,0 days 01:13:40.135000,16,206.98416666666643,0 days 00:00:28.092000,10602.0,308.0,8,104.0,True,0,pos,2001.989167338344,0.34056502394619226,OnTrack,5913.0,14488.0,1967.0
2026-09-05 15:00:16.859,0 days 01:13:40.255000,16,202.41749999999956,0 days 00:00:28.212000,10602.0,308.0,8,104.0,True,0,car,2012.255833333334,0.3423115205843733,OnTrack,6022.521500506561,14491.663939274953,1966.8451273923863
2026-09-05 15:00:17.179,0 days 01:13:40.575000,16,191.12861111111079,0 days 00:00:28.532000,10602.0,308.0,8,104.0,True,0,pos,2039.6336111111118,0.34696884525755256,OnTrack,6220.0,14499.0,1966.0
2026-09-05 15:00:17.759,0 days 01:13:41.155000,16,173.5674999999997,0 days 00:00:29.112000,10602.0,308.0,8,104.0,True,0,pos,2089.2558737480103,0.35541025310276464,OnTrack,6688.0,14567.0,1964.0
2026-09-05 15:00:17.819,0 days 01:13:41.215000,16,171.75083333333305,0 days 00:00:29.172000,10602.0,308.0,8,104.0,True,0,car,2094.3891666666673,0.356283494603911,OnTrack,6732.234335521863,14584.922674651047,1963.6024978406945
2026-09-05 15:00:17.919,0 days 01:13:41.315000,16,168.91749999999973,0 days 00:00:29.272000,10602.0,308.0,8,104.0,True,0,pos,2102.9446267771596,0.3577388923278029,OnTrack,6796.0,14617.0,1963.0
2026-09-05 15:00:18.139,0 days 01:13:41.535000,16,162.68416666666644,0 days 00:00:29.492000,10602.0,308.0,8,104.0,True,0,car,2121.766944444445,0.3609408192770902,OnTrack,6856.929166851012,14674.489695720054,1962.9154236208815
2026-09-05 15:00:18.239,0 days 01:13:41.635000,16,159.9619444444445,0 days 00:00:29.592000,10602.0,308.0,8,104.0,True,0,pos,2130.3229960474187,0.3623963176217319,OnTrack,6865.0,14689.0,1963.0
2026-09-05 15:00:18.339,0 days 01:13:41.735000,16,157.23972222222255,0 days 00:00:29.692000,10602.0,308.0,8,104.0,True,0,pos,2138.878055555556,0.3638516471978272,OnTrack,6868.0,14695.0,1963.0
2026-09-05 15:00:18.519,0 days 01:13:41.915000,16,152.63972222222264,0 days 00:00:29.872000,10602.0,308.0,8,104.0,True,0,pos,2154.27140637725,0.3664702612126934,OnTrack,6871.0,14699.0,1963.0
2026-09-05 15:00:18.699,0 days 01:13:42.095000,16,148.03972222222274,0 days 00:00:30.052000,10602.0,308.0,8,104.0,True,0,car,2169.6780555555556,0.3690911374551538,OnTrack,6871.925224796165,14700.721500847716,1963.0004145770342
2026-09-05 15:00:18.779,0 days 01:13:42.175000,16,146.03972222222274,0 days 00:00:30.132000,10602.0,308.0,8,104.0,True,0,pos,2176.5363680199116,0.3702578277583582,OnTrack,6872.0,14701.0,1963.0
2026-09-05 15:00:18.859,0 days 01:13:42.255000,16,144.03972222222274,0 days 00:00:30.212000,10602.0,308.0,8,104.0,True,0,car,2183.3669444444445,0.3714197997917434,OnTrack,6872.002062338779,14700.977345793437,1962.9996061216652
2026-09-05 15:00:18.959,0 days 01:13:42.355000,16,141.6508333333338,0 days 00:00:30.312000,10602.0,308.0,8,104.0,True,0,pos,2191.8177135683018,0.3728573881843201,OnTrack,6872.0,14701.0,1963.0
2026-09-05 15:00:19.140,0 days 01:13:42.536000,16,137.3269459733337,0 days 00:00:30.493000,10602.0,308.0,8,104.0,True,0,pos,2207.2538816165925,0.3754832859797578,OnTrack,6872.0,14702.0,1963.0
2026-09-05 15:00:19.179,0 days 01:13:42.575000,16,136.39527777777812,0 days 00:00:30.532000,10602.0,308.0,8,104.0,True,0,car,2210.744722222222,0.37607712446492264,OnTrack,6871.789973860624,14701.839654593947,1962.9957975957402
2026-09-05 15:00:19.360,0 days 01:13:42.756000,16,132.222223697778,0 days 00:00:30.713000,10602.0,308.0,8,104.0,True,0,pos,2227.5455027451476,0.3789351610189924,OnTrack,6872.0,14702.0,1963.0
2026-09-05 15:00:19.459,0 days 01:13:42.855000,16,129.93972222222237,0 days 00:00:30.812000,10602.0,308.0,8,104.0,True,0,car,2234.700277777778,0.3801522835539545,OnTrack,6876.326238776636,14707.449181212147,1963.086281263399
2026-09-05 15:00:19.560,0 days 01:13:42.956000,16,133.02583137777796,0 days 00:00:30.913000,10542.121466514285,239.46432914285714,8,88.12858148571429,True,0,pos,2239.3067636421847,0.38093590815808015,OnTrack,6885.0,14721.0,1963.0
2026-09-05 15:00:19.739,0 days 01:13:43.135000,16,138.49527777777803,0 days 00:00:31.092000,10436.0,118.0,7,60.0,False,0,car,2243.878055555556,0.38171354580234984,OnTrack,6910.8457880309115,14769.693481125867,1962.0057853499138
2026-09-05 15:00:19.740,0 days 01:13:43.136000,16,138.524998103047,0 days 00:00:31.093000,10437.423731842435,118.01938934415767,7,59.95845140537643,False,0,pos,2243.9066229089367,0.3817184054896783,OnTrack,6911.0,14770.0,1962.0
2026-09-05 15:00:19.980,0 days 01:13:43.376000,16,145.6583327010156,0 days 00:00:31.333000,10779.141243947479,122.6731297813859,7,49.98615046845881,False,0,pos,2252.06260764841,0.3831058471319306,OnTrack,6949.0,14845.0,1961.0
2026-09-05 15:00:20.100,0 days 01:13:43.496000,16,149.2249999999999,0 days 00:00:31.453000,10950.0,125.0,3,45.0,False,0,car,2256.412777777778,0.3838458690153897,OnTrack,6971.590604208601,14879.615896376914,1960.9327294764519
2026-09-05 15:00:20.220,0 days 01:13:43.616000,16,152.7249999999998,0 days 00:00:31.573000,11136.0,126.5,3,47.25,False,0,pos,2260.646710257907,0.38456611732642265,OnTrack,6996.0,14911.0,1961.0
2026-09-05 15:00:20.260,0 days 01:13:43.656000,16,153.89166666666642,0 days 00:00:31.613000,11198.0,127.0,2,48.0,False,0,car,2262.0572222222227,0.38480606419963287,OnTrack,7004.292302564525,14920.619304179389,1961.0120900378142
2026-09-05 15:00:20.500,0 days 01:13:43.896000,16,160.95833333333348,0 days 00:00:31.853000,11638.0,129.0,2,56.0,False,0,car,2270.6572222222226,0.3862690387520033,OnTrack,7066.129213948362,14975.59088436775,1961.0026159302115
2026-09-05 15:00:20.520,0 days 01:13:43.916000,16,161.52500000000015,0 days 00:00:31.873000,11662.125,129.3125,2,57.25,False,0,pos,2271.384875848552,0.3863928223262196,OnTrack,7074.0,14981.0,1961.0
2026-09-05 15:00:20.760,0 days 01:13:44.156000,16,168.3250000000001,0 days 00:00:32.113000,11951.625,133.0625,2,72.25,False,0,pos,2280.2750518321513,0.3879051596785569,OnTrack,7187.0,15049.0,1961.0
2026-09-05 15:00:20.820,0 days 01:13:44.216000,16,170.0250000000001,0 days 00:00:32.173000,12024.0,134.0,2,76.0,False,0,car,2282.5683333333336,0.3882952774085163,OnTrack,7205.273457985142,15058.913193293874,1961.0334923349806
2026-09-05 15:00:21.020,0 days 01:13:44.416000,16,175.08055555555575,0 days 00:00:32.373000,11987.0,142.0,2,86.0,False,0,car,2290.4572222222223,0.3896372824888561,OnTrack,7240.133755940901,15072.525065115686,1961.0861208865456
2026-09-05 15:00:21.060,0 days 01:13:44.456000,16,175.93611083595778,0 days 00:00:32.413000,11753.633240881773,143.4070347233657,2,88.81406944673144,False,0,pos,2292.0833431655487,0.3899139073213169,OnTrack,7251.0,15076.0,1961.0
2026-09-05 15:00:21.219,0 days 01:13:44.615000,16,179.33694444444427,0 days 00:00:32.572000,10826.0,149.0,2,100.0,False,0,car,2298.6936111111113,0.39103840194791084,OnTrack,7313.014986336704,15095.554875354353,1960.2978549864772
2026-09-05 15:00:21.280,0 days 01:13:44.676000,16,180.35361004444434,0 days 00:00:32.633000,10989.1748288,150.74285531428572,2,100.0,False,0,pos,2301.278587275696,0.39147814082550053,OnTrack,7338.0,15103.0,1960.0
2026-09-05 15:00:21.499,0 days 01:13:44.895000,16,184.00361111111124,0 days 00:00:32.852000,11575.0,157.0,3,100.0,False,0,car,2310.904722222222,0.3931156746004368,OnTrack,7419.078334385431,15123.608314124807,1959.1597741647545
2026-09-05 15:00:21.600,0 days 01:13:44.996000,16,184.76111063111122,0 days 00:00:32.953000,11384.152204266667,161.4187472,3,100.0,False,0,pos,2315.6553141793925,0.39392381357044093,OnTrack,7476.0,15135.0,1959.0
2026-09-05 15:00:21.760,0 days 01:13:45.156000,16,185.96111063111118,0 days 00:00:33.113000,11081.818870933334,168.4187472,3,100.0,False,0,pos,2323.6027384175864,0.39527577629339095,OnTrack,7596.0,15157.0,1959.0
2026-09-05 15:00:21.979,0 days 01:13:45.375000,16,187.60361111111115,0 days 00:00:33.332000,10668.0,178.0,4,100.0,False,0,car,2334.6380555555556,0.39715303072945907,OnTrack,7674.69713132651,15169.390723080409,1958.2679639859834
2026-09-05 15:00:22.139,0 days 01:13:45.535000,16,188.67027777777776,0 days 00:00:33.492000,10702.0,180.0,4,100.0,False,0,car,2342.6380555555556,0.39851393728980367,OnTrack,7723.192171233094,15178.575153599208,1957.3489772323517
2026-09-05 15:00:22.200,0 days 01:13:45.596000,16,188.95833303111107,0 days 00:00:33.553000,10784.488549818181,181.5249984,4,100.0,False,0,pos,2345.7629484002246,0.3990455231863892,OnTrack,7761.0,15187.0,1957.0
2026-09-05 15:00:22.420,0 days 01:13:45.816000,16,189.99722191999984,0 days 00:00:33.773000,11081.988549818181,187.0249984,4,100.0,False,0,pos,2357.448955296856,0.40103346861762146,OnTrack,7946.0,15231.0,1956.0
2026-09-05 15:00:22.520,0 days 01:13:45.916000,16,190.46944414222202,0 days 00:00:33.873000,11217.215822545455,189.5249984,4,100.0,False,0,pos,2362.8221841808363,0.40194752642242665,OnTrack,7996.0,15245.0,1956.0
2026-09-05 15:00:22.579,0 days 01:13:45.975000,16,190.7480555555553,0 days 00:00:33.932000,11297.0,191.0,4,100.0,False,0,car,2365.9825000000005,0.4024851382388092,OnTrack,8031.842571246969,15255.878487176462,1955.876594917011
2026-09-05 15:00:22.739,0 days 01:13:46.135000,16,191.45916666666653,0 days 00:00:34.092000,11410.0,193.0,4,100.0,False,0,car,2374.560277777778,0.40394433249517864,OnTrack,8147.729541869687,15292.169021972619,1955.096145215153
2026-09-05 15:00:22.760,0 days 01:13:46.156000,16,191.5116665066665,0 days 00:00:34.113000,11356.187664,193.43749866666667,4,100.0,False,0,pos,2375.7026367196113,0.4041386629674548,OnTrack,8160.0,15296.0,1955.0
2026-09-05 15:00:23.039,0 days 01:13:46.435000,16,192.20916666666614,0 days 00:00:34.392000,10641.25,199.25,4,100.0,False,0,pos,2391.350749766884,0.4068006154303355,OnTrack,8265.0,15328.0,1954.0
2026-09-05 15:00:23.219,0 days 01:13:46.615000,16,192.6591666666659,0 days 00:00:34.572000,10180.0,203.0,5,100.0,False,0,car,2401.626944444445,0.4085487330243446,OnTrack,8354.815861076468,15355.19645235009,1953.3132343557888
2026-09-05 15:00:23.299,0 days 01:13:46.695000,16,192.85916666666608,0 days 00:00:34.652000,10279.6,204.2,5,100.0,False,0,pos,2406.193600126641,0.4093255819839364,OnTrack,8404.0,15371.0,1953.0
2026-09-05 15:00:23.419,0 days 01:13:46.815000,16,193.15916666666635,0 days 00:00:34.772000,10429.0,206.0,5,100.0,False,0,car,2413.0713888888895,0.4104955854648375,OnTrack,8487.620164530006,15399.340102455688,1952.5362091104603
2026-09-05 15:00:23.579,0 days 01:13:46.975000,16,193.47027777777748,0 days 00:00:34.932000,10540.0,209.0,5,100.0,False,0,car,2422.3602777777787,0.41207574919323764,OnTrack,8598.561613346228,15438.809300595458,1952.0386771151036
2026-09-05 15:00:23.599,0 days 01:13:46.995000,16,193.49805555555523,0 days 00:00:34.952000,10554.583333333334,209.25,5,100.0,False,0,pos,2423.528825689826,0.41227453475818543,OnTrack,8610.0,15443.0,1952.0
2026-09-05 15:00:23.819,0 days 01:13:47.215000,16,193.8036111111105,0 days 00:00:35.172000,10715.0,212.0,5,100.0,False,0,car,2436.493611111112,0.41448001744984636,OnTrack,8701.409325062898,15478.523767277999,1951.9156976602362
2026-09-05 15:00:23.939,0 days 01:13:47.335000,16,193.9369444444438,0 days 00:00:35.292000,10820.0,214.4,5,100.0,False,0,pos,2443.672416882424,0.4157012279335486,OnTrack,8753.0,15499.0,1952.0
2026-09-05 15:00:24.019,0 days 01:13:47.415000,16,194.02583333333268,0 days 00:00:35.372000,10890.0,216.0,5,100.0,False,0,car,2448.493611111112,0.41652137729036326,OnTrack,8795.65062814709,15515.562417829176,1952.0716210986316
2026-09-05 15:00:24.119,0 days 01:13:47.515000,16,194.13694444444354,0 days 00:00:35.472000,10942.5,217.5,5,100.0,False,0,pos,2454.5528045372653,0.4175521268008694,OnTrack,8854.0,15538.0,1952.0
2026-09-05 15:00:24.219,0 days 01:13:47.615000,16,194.2480555555544,0 days 00:00:35.572000,10995.0,219.0,5,100.0,False,0,car,2460.660277777779,0.41859108935088735,OnTrack,8912.222005782196,15560.29118862625,1951.5091287245498
2026-09-05 15:00:24.439,0 days 01:13:47.835000,16,194.43138888888785,0 days 00:00:35.792000,11160.0,222.05555555555554,5,100.0,False,0,pos,2474.3044872092837,0.4209121511166437,OnTrack,9036.0,15607.0,1950.0
2026-09-05 15:00:24.579,0 days 01:13:47.975000,16,194.54805555555458,0 days 00:00:35.932000,11265.0,224.0,5,100.0,False,0,car,2483.060277777779,0.4224016277198522,OnTrack,9108.852914916932,15633.499691778206,1949.9373746201802
2026-09-05 15:00:24.659,0 days 01:13:48.055000,16,194.63694444444354,0 days 00:00:36.012000,11306.0,224.66666666666666,5,100.0,False,0,pos,2488.0701019034636,0.4232538655347043,OnTrack,9165.0,15653.0,1950.0
2026-09-05 15:00:24.819,0 days 01:13:48.215000,16,194.81472222222146,0 days 00:00:36.172000,11388.0,226.0,5,100.0,False,0,car,2498.126944444445,0.42496466840850106,OnTrack,9321.7428734322,15705.83281490875,1949.999512055452
2026-09-05 15:00:24.859,0 days 01:13:48.255000,16,194.84805555555477,0 days 00:00:36.212000,11402.0,226.5,5,100.0,False,0,pos,2500.656244481746,0.4253949360352314,OnTrack,9355.0,15717.0,1950.0
2026-09-05 15:00:25.059,0 days 01:13:48.455000,16,195.01472222222128,0 days 00:00:36.412000,11472.0,229.0,5,100.0,False,0,car,2513.393611111112,0.4275617317611587,OnTrack,9440.090421682064,15745.819307132633,1950.0832167953806
2026-09-05 15:00:25.199,0 days 01:13:48.595000,16,195.05361111111014,0 days 00:00:36.552000,11574.666666666666,230.75,5,100.0,False,0,pos,2522.392812560465,0.4290926157974445,OnTrack,9488.0,15762.0,1950.0
2026-09-05 15:00:25.299,0 days 01:13:48.695000,16,195.0813888888879,0 days 00:00:36.652000,11648.0,232.0,5,100.0,False,0,car,2528.8602777777787,0.43019281777782487,OnTrack,9542.874368526129,15780.32726042865,1949.7838735723146
2026-09-05 15:00:25.439,0 days 01:13:48.835000,16,195.120277777777,0 days 00:00:36.792000,11712.75,233.75,5,100.0,False,0,pos,2537.960181536782,0.43174083261834134,OnTrack,9635.0,15810.0,1949.0
2026-09-05 15:00:25.459,0 days 01:13:48.855000,16,195.1258333333326,0 days 00:00:36.812000,11722.0,234.0,5,100.0,False,0,car,2539.2602777777784,0.43196199630627274,OnTrack,9647.943473894575,15813.949280255043,1948.8099579609363
2026-09-05 15:00:25.680,0 days 01:13:49.076000,16,195.30999994666576,0 days 00:00:37.033000,11447.328650971429,232.42142902857142,5,37.64644662857143,False,0,pos,2553.5590801739554,0.43439441305452625,OnTrack,9784.0,15852.0,1946.0
2026-09-05 15:00:25.739,0 days 01:13:49.135000,16,195.35916666666571,0 days 00:00:37.092000,11374.0,232.0,5,21.0,True,0,car,2557.304722222223,0.43503159665905006,OnTrack,9816.587204963847,15860.163943357535,1945.4189185993555
2026-09-05 15:00:25.920,0 days 01:13:49.316000,16,195.81166650666566,0 days 00:00:37.273000,11214.8708896,225.2125024,5,5.162505600000001,True,0,pos,2568.548643477978,0.43694433743416944,OnTrack,9926.0,15878.0,1944.0
2026-09-05 15:00:25.979,0 days 01:13:49.375000,16,195.95916666666562,0 days 00:00:37.332000,11163.0,223.0,5,0.0,True,0,car,2572.17138888889,0.4375606146836904,OnTrack,9976.470618194724,15880.451637798249,1943.439914943979
2026-09-05 15:00:26.120,0 days 01:13:49.516000,16,196.35083315555443,0 days 00:00:37.473000,11014.362567466667,220.65000106666668,5,0.5874997333333334,True,0,pos,2580.786846923352,0.4390262188536245,OnTrack,10108.0,15880.0,1942.0
2026-09-05 15:00:26.219,0 days 01:13:49.615000,16,196.62583333333214,0 days 00:00:37.572000,10910.0,219.0,5,1.0,False,0,car,2586.7713888888898,0.4400442691563192,OnTrack,10178.39939568804,15875.330931979886,1941.1245676027595
2026-09-05 15:00:26.500,0 days 01:13:49.896000,16,196.78194444444398,0 days 00:00:37.853000,10651.0,213.0,5,15.0,False,0,car,2603.397222222223,0.4428725448631353,OnTrack,10300.420421365956,15844.877693288907,1939.2270770090101
2026-09-05 15:00:26.540,0 days 01:13:49.936000,16,196.73749999999956,0 days 00:00:37.893000,10613.4,212.2,5,13.6,False,0,pos,2605.731794305429,0.44326968667108935,OnTrack,10317.0,15839.0,1939.0
2026-09-05 15:00:26.700,0 days 01:13:50.096000,16,196.5597222222218,0 days 00:00:38.053000,10463.0,209.0,5,8.0,False,0,car,2615.0083333333337,0.44484774952363537,OnTrack,10386.304913697919,15811.691465943868,1938.2020296807152
2026-09-05 15:00:26.780,0 days 01:13:50.176000,16,196.3819444444439,0 days 00:00:38.133000,10426.0,208.0,5,17.0,False,0,pos,2619.6186002578816,0.44563201733645497,OnTrack,10423.0,15794.0,1938.0
2026-09-05 15:00:26.860,0 days 01:13:50.256000,16,196.20416666666597,0 days 00:00:38.213000,10389.0,207.0,5,26.0,False,0,car,2624.208333333334,0.4464127920680317,OnTrack,10461.165826208247,15772.852484470739,1937.9861230366291
2026-09-05 15:00:27.040,0 days 01:13:50.436000,16,195.55416666666554,0 days 00:00:38.393000,10555.5,205.5,5,71.0,False,0,pos,2634.4592476817697,0.4481566091413212,OnTrack,10548.0,15715.0,1938.0
2026-09-05 15:00:27.100,0 days 01:13:50.496000,16,195.33749999999873,0 days 00:00:38.453000,10611.0,205.0,5,86.0,False,0,car,2637.875000000001,0.4487376741086204,OnTrack,10575.054043769791,15693.726803529387,1937.7002549321571
2026-09-05 15:00:27.220,0 days 01:13:50.616000,16,194.8041666666655,0 days 00:00:38.573000,10567.8,205.6,5,94.4,False,0,pos,2644.7241754821384,0.4499028100894445,OnTrack,10626.0,15648.0,1937.0
2026-09-05 15:00:27.300,0 days 01:13:50.696000,16,194.44861111111004,0 days 00:00:38.653000,10539.0,206.0,5,100.0,False,0,car,2649.3194444444453,0.45068452654911334,OnTrack,10657.622282317194,15614.728099658352,1936.9265926570838
2026-09-05 15:00:27.440,0 days 01:13:50.836000,16,193.82638888888786,0 days 00:00:38.793000,10619.5,207.55555555555554,5,100.0,False,0,pos,2657.4400926870785,0.4520659569825697,OnTrack,10708.0,15553.0,1937.0
2026-09-05 15:00:27.640,0 days 01:13:51.036000,16,192.937499999999,0 days 00:00:38.993000,10734.5,209.77777777777777,5,100.0,False,0,pos,2669.148411393276,0.45405769794980333,OnTrack,10770.0,15455.0,1936.0
2026-09-05 15:00:27.660,0 days 01:13:51.056000,16,192.84861111111013,0 days 00:00:39.013000,10746.0,210.0,5,100.0,False,0,car,2670.3194444444453,0.45425690627001786,OnTrack,10776.235935646802,15442.259991558254,1935.9552961923607
2026-09-05 15:00:27.820,0 days 01:13:51.216000,16,192.0930555555542,0 days 00:00:39.173000,10759.0,211.0,5,100.0,False,0,car,2679.6972222222234,0.4558521911824219,OnTrack,10827.985056795373,15315.584982338469,1936.271078219639
2026-09-05 15:00:28.000,0 days 01:13:51.396000,16,191.3930557161276,0 days 00:00:39.353000,10822.225791948205,212.29032228465726,5,100.0,False,0,pos,2690.3339911168714,0.4576616472536213,OnTrack,10872.0,15188.0,1937.0
2026-09-05 15:00:28.099,0 days 01:13:51.495000,16,191.00805555555417,0 days 00:00:39.452000,10857.0,213.0,5,100.0,False,0,car,2696.204722222223,0.45866033681303287,OnTrack,10882.513275329937,15151.654885351008,1937.1453739854278
2026-09-05 15:00:28.260,0 days 01:13:51.656000,16,190.65027791999864,0 days 00:00:39.613000,10887.858321066667,213.67083306666666,5,100.0,False,0,pos,2705.761361532027,0.46028604845447774,OnTrack,10890.0,15107.0,1937.0
2026-09-05 15:00:28.339,0 days 01:13:51.735000,16,190.47472222222086,0 days 00:00:39.692000,10903.0,214.0,5,100.0,False,0,car,2710.47138888889,0.46108728684564737,OnTrack,10896.464645946431,15068.035330494758,1936.7592486398066
2026-09-05 15:00:28.499,0 days 01:13:51.895000,16,190.2524999999987,0 days 00:00:39.852000,11030.0,216.0,5,100.0,False,0,car,2720.07138888889,0.4627203747180609,OnTrack,10913.019156747961,14965.388691930804,1936.0796363701238
2026-09-05 15:00:28.520,0 days 01:13:51.916000,16,190.2466666844431,0 days 00:00:39.873000,11021.81002496,216.20999936,5,100.0,False,0,pos,2721.3365941164343,0.46293560297985425,OnTrack,10915.0,14952.0,1936.0
2026-09-05 15:00:28.699,0 days 01:13:52.095000,16,190.19694444444303,0 days 00:00:40.052000,10952.0,218.0,5,100.0,False,0,car,2732.1825000000013,0.46478063603858255,OnTrack,10929.380119738435,14841.62068566791,1935.4437080436562
2026-09-05 15:00:28.820,0 days 01:13:52.216000,16,190.33138881777637,0 days 00:00:40.173000,11057.010658742856,219.7285705142857,5,100.0,False,0,pos,2739.6098999214255,0.46604413569850367,OnTrack,10938.0,14759.0,1935.0
2026-09-05 15:00:28.979,0 days 01:13:52.375000,16,190.50805555555417,0 days 00:00:40.332000,11195.0,222.0,5,100.0,False,0,car,2749.449166666668,0.46771792603132634,OnTrack,10949.302844055044,14629.733321007096,1934.1570805732738
2026-09-05 15:00:29.220,0 days 01:13:52.616000,16,191.3783331022207,0 days 00:00:40.573000,11240.617845028572,223.72142811428571,5,100.0,False,0,pos,2764.4278690771503,0.47026600282831066,OnTrack,10963.0,14451.0,1933.0
2026-09-05 15:00:29.259,0 days 01:13:52.655000,16,191.51916666666511,0 days 00:00:40.612000,11248.0,224.0,5,100.0,False,0,car,2766.8713888888906,0.47068167809607675,OnTrack,10964.31019481609,14433.508575522252,1932.9308922027392
2026-09-05 15:00:29.499,0 days 01:13:52.895000,16,192.45249999999774,0 days 00:00:40.852000,10900.857142857143,227.42857142857142,5,100.0,False,0,pos,2782.05539759335,0.4732646802283553,OnTrack,10970.0,14350.0,1933.0
2026-09-05 15:00:29.539,0 days 01:13:52.935000,16,192.60805555555316,0 days 00:00:40.892000,10843.0,228.0,5,100.0,False,0,car,2784.604722222224,0.47369835430484064,OnTrack,10971.621528900238,14324.494313502315,1933.0110310727473
2026-09-05 15:00:29.819,0 days 01:13:53.215000,16,194.0080555555537,0 days 00:00:41.172000,10289.0,231.0,6,100.0,False,0,pos,2802.5713888888904,0.4767547236216144,OnTrack,10987.0,14083.0,1933.0
2026-09-05 15:00:29.979,0 days 01:13:53.375000,16,194.9413888888871,0 days 00:00:41.332000,10335.0,233.0,6,100.0,False,0,car,2812.9269444444462,0.4785163415580605,OnTrack,10992.940160569871,13999.611711751948,1933.0796789652013
2026-09-05 15:00:30.159,0 days 01:13:53.555000,16,196.19138888888705,0 days 00:00:41.512000,10380.642857142857,234.28571428571428,6,100.0,False,0,pos,2824.6557677453898,0.4805115706299827,OnTrack,10999.0,13928.0,1933.0
2026-09-05 15:00:30.259,0 days 01:13:53.655000,16,196.88583333333145,0 days 00:00:41.612000,10406.0,235.0,6,100.0,False,0,car,2831.204722222224,0.4816256350188478,OnTrack,11003.54628176612,13876.48122608052,1932.740479357392
2026-09-05 15:00:30.459,0 days 01:13:53.855000,16,198.38583333333145,0 days 00:00:41.812000,10543.0,237.0,6,100.0,False,0,car,2844.3713888888906,0.4838654603994149,OnTrack,11015.539916114072,13745.496484550018,1932.0446306257966
2026-09-05 15:00:30.479,0 days 01:13:53.875000,16,198.55249999999813,0 days 00:00:41.832000,10543.8,237.2,6,100.0,False,0,pos,2845.6938836432446,0.4840904343728177,OnTrack,11017.0,13730.0,1932.0
2026-09-05 15:00:30.659,0 days 01:13:54.055000,16,200.05249999999842,0 days 00:00:42.012000,10551.0,239.0,6,100.0,False,0,car,2857.6491666666684,0.4861241872599868,OnTrack,11032.313479540338,13570.657204312265,1931.8451283682316
2026-09-05 15:00:30.819,0 days 01:13:54.215000,16,201.3858333333319,0 days 00:00:42.172000,10671.0,241.0,6,100.0,False,0,pos,2868.360277777779,0.4879462899324481,OnTrack,11045.0,13439.0,1932.0
2026-09-05 15:00:31.059,0 days 01:13:54.455000,16,203.9191666666652,0 days 00:00:42.412000,10365.0,239.0,6,0.0,True,0,car,2884.2936111111126,0.49065676216513443,OnTrack,11055.757283639969,13322.078146731346,1932.6168197907548
2026-09-05 15:00:31.259,0 days 01:13:54.655000,16,207.75249999999858,0 days 00:00:42.612000,11411.111111111111,225.11111111111111,6,0.0,True,0,pos,2896.452926331602,0.4927252236467421,OnTrack,11062.0,13232.0,1933.0
2026-09-05 15:00:31.379,0 days 01:13:54.775000,16,210.05249999999862,0 days 00:00:42.732000,12038.777777777777,216.77777777777777,6,0.0,True,0,pos,2903.3985885262437,0.4939067733025702,OnTrack,11066.0,13159.0,1933.0
2026-09-05 15:00:31.419,0 days 01:13:54.815000,16,210.8191666666653,0 days 00:00:42.772000,12248.0,214.0,6,0.0,True,0,car,2905.6936111111127,0.4942971872140562,OnTrack,11066.906923197044,13134.80252341425,1932.9706504913297
2026-09-05 15:00:31.579,0 days 01:13:54.975000,16,214.46361111110946,0 days 00:00:42.932000,12026.0,204.0,5,0.0,True,0,car,2914.7602777777797,0.4958395479824468,OnTrack,11067.683257098764,13042.60936391929,1932.624355101163
2026-09-05 15:00:31.659,0 days 01:13:55.055000,16,216.55249999999822,0 days 00:00:43.012000,11824.0,202.0,5,0.0,True,0,pos,2919.201934322515,0.4965951329237627,OnTrack,11066.0,12998.0,1932.0
2026-09-05 15:00:31.819,0 days 01:13:55.215000,16,220.73027777777574,0 days 00:00:43.172000,11420.0,198.0,5,0.0,True,0,pos,2927.921066160188,0.4980783733885626,OnTrack,11058.0,12911.0,1930.0
2026-09-05 15:00:31.859,0 days 01:13:55.255000,16,221.77472222222013,0 days 00:00:43.212000,11319.0,197.0,4,0.0,True,0,car,2930.082500000002,0.4984460620751067,OnTrack,11054.883380156678,12889.949580370438,1929.6695003499574
2026-09-05 15:00:32.079,0 days 01:13:55.475000,16,228.00805555555388,0 days 00:00:43.432000,11113.142857142857,193.07142857142858,4,0.0,True,0,pos,2941.8520008771516,0.5004482109445686,OnTrack,11029.0,12779.0,1929.0
2026-09-05 15:00:32.139,0 days 01:13:55.535000,16,229.70805555555398,0 days 00:00:43.492000,11057.0,192.0,4,0.0,False,0,car,2945.0158333333347,0.5009864209877499,OnTrack,11019.136062055877,12749.75439863472,1928.6990425609877
2026-09-05 15:00:32.280,0 days 01:13:55.676000,16,233.97722028444295,0 days 00:00:43.633000,10878.63508096,188.4750016,4,26.789987840000002,False,0,pos,2952.3633704602003,0.5022363349225407,OnTrack,10991.0,12684.0,1928.0
2026-09-05 15:00:32.339,0 days 01:13:55.735000,16,235.76361111110964,0 days 00:00:43.692000,10804.0,187.0,4,38.0,False,0,car,2955.404722222224,0.5027537093681974,OnTrack,10976.890573070312,12658.46536207538,1927.9723755775053
2026-09-05 15:00:32.360,0 days 01:13:55.756000,16,236.44027571555407,0 days 00:00:43.713000,10822.812442666667,186.7375008,4,40.71249173333333,False,0,pos,2956.4827935963767,0.5029371036688979,OnTrack,10971.0,12649.0,1928.0
2026-09-05 15:00:32.579,0 days 01:13:55.975000,16,243.49694444444276,0 days 00:00:43.932000,11019.0,184.0,4,69.0,False,0,car,2967.6713888888908,0.5048404327607258,OnTrack,10876.29389043855,12530.030462295195,1929.3077319547451
2026-09-05 15:00:32.700,0 days 01:13:56.096000,16,247.3286090844428,0 days 00:00:44.053000,11283.1831936,186.35277653333333,4,79.41943893333334,False,0,pos,2973.954626842542,0.505909295229642,OnTrack,10826.0,12476.0,1930.0
2026-09-05 15:00:32.939,0 days 01:13:56.335000,16,254.89694444444285,0 days 00:00:44.292000,11805.0,191.0,4,100.0,False,0,car,2986.7713888888907,0.5080895971735485,OnTrack,10762.49154109955,12424.473518427381,1930.1586640391886
2026-09-05 15:00:33.000,0 days 01:13:56.396000,16,256.5913874115094,0 days 00:00:44.353000,11839.4708840724,193.7035987507765,4,100.0,False,0,pos,2990.170322689868,0.5086678010870392,OnTrack,10742.0,12411.0,1930.0
2026-09-05 15:00:33.260,0 days 01:13:56.656000,16,263.81361091412583,0 days 00:00:44.613000,11986.39611787632,205.22714650010354,4,100.0,False,0,pos,3005.1747920501753,0.5112202611854058,OnTrack,10617.0,12332.0,1929.0
2026-09-05 15:00:33.300,0 days 01:13:56.696000,16,264.9247222222207,0 days 00:00:44.653000,12009.0,207.0,4,100.0,False,0,car,3007.5288888888904,0.5116207244143425,OnTrack,10596.703617674231,12320.437379152228,1928.9831594930936
2026-09-05 15:00:33.400,0 days 01:13:56.796000,16,267.50805555555405,0 days 00:00:44.753000,11839.75,209.5,4,100.0,False,0,pos,3013.4569252381516,0.5126291623590513,OnTrack,10546.0,12293.0,1929.0
2026-09-05 15:00:33.620,0 days 01:13:57.016000,16,273.19138888888745,0 days 00:00:44.973000,11467.4,215.0,4,100.0,False,0,pos,3026.725375982684,0.5148863025670317,OnTrack,10430.0,12233.0,1928.0
2026-09-05 15:00:33.700,0 days 01:13:57.096000,16,275.25805555555417,0 days 00:00:45.053000,11332.0,217.0,5,100.0,False,0,car,3031.6400000000012,0.515722345575381,OnTrack,10387.27663293521,12211.663866569317,1927.6182565138565
2026-09-05 15:00:33.840,0 days 01:13:57.236000,16,278.5636111111099,0 days 00:00:45.193000,11470.25,222.25,5,100.0,False,0,pos,3040.360231322803,0.5172057730772465,OnTrack,10311.0,12174.0,1927.0
2026-09-05 15:00:33.940,0 days 01:13:57.336000,16,280.92472222222113,0 days 00:00:45.293000,11569.0,226.0,5,100.0,False,0,car,3046.706666666668,0.51828538626403,OnTrack,10253.95501361077,12145.558044519277,1926.5299054272987
2026-09-05 15:00:34.060,0 days 01:13:57.456000,16,283.45805555555444,0 days 00:00:45.413000,11303.2,229.6,5,100.0,False,0,pos,3054.472517618788,0.5196064609524548,OnTrack,10187.0,12112.0,1926.0
2026-09-05 15:00:34.320,0 days 01:13:57.716000,16,288.94694444444326,0 days 00:00:45.673000,10727.3,237.4,5,100.0,False,0,pos,3071.7966788761046,0.5225535315408985,OnTrack,10037.0,12035.0,1925.0
2026-09-05 15:00:34.340,0 days 01:13:57.736000,16,289.3691666666655,0 days 00:00:45.693000,10683.0,238.0,5,100.0,False,0,car,3073.151111111112,0.5227839385051689,OnTrack,10019.280334514122,12025.53366321939,1924.875451153402
2026-09-05 15:00:34.480,0 days 01:13:57.876000,16,291.935832875765,0 days 00:00:45.833000,10887.735339545789,242.28969282857844,5,100.0,False,0,pos,3082.715483310495,0.5244109656141336,OnTrack,9883.0,11952.0,1924.0
2026-09-05 15:00:34.699,0 days 01:13:58.095000,16,295.9508333333324,0 days 00:00:46.052000,11208.0,249.0,6,100.0,False,0,car,3097.9819444444456,0.5270079940029385,OnTrack,9788.392195261842,11901.291041323622,1924.6291252375208
2026-09-05 15:00:34.800,0 days 01:13:58.196000,16,297.57805452444364,0 days 00:00:46.153000,11321.264213942857,252.2464265142857,6,100.0,False,0,pos,3105.1551616138454,0.5282282537910151,OnTrack,9749.0,11880.0,1925.0
2026-09-05 15:00:34.979,0 days 01:13:58.375000,16,300.4619444444438,0 days 00:00:46.332000,11522.0,258.0,6,100.0,False,0,car,3118.048611111112,0.5304216012918028,OnTrack,9639.377508974947,11820.214986524968,1925.0322037278263
2026-09-05 15:00:35.040,0 days 01:13:58.436000,16,301.3261102044438,0 days 00:00:46.393000,11455.069514666666,259.18610986666664,6,100.0,False,0,pos,3122.4842890960904,0.5311761692004695,OnTrack,9600.0,11799.0,1925.0
2026-09-05 15:00:35.280,0 days 01:13:58.676000,16,304.7261102044437,0 days 00:00:46.633000,11191.736181333334,263.8527765333333,6,100.0,False,0,pos,3140.1480919236133,0.5341810173440457,OnTrack,9456.0,11723.0,1925.0
2026-09-05 15:00:35.339,0 days 01:13:58.735000,16,305.5619444444437,0 days 00:00:46.692000,11127.0,265.0,6,100.0,False,0,car,3144.548611111112,0.5349296042729442,OnTrack,9419.008388925242,11703.246802627222,1924.9959947422171
2026-09-05 15:00:35.500,0 days 01:13:58.896000,16,307.5744436444437,0 days 00:00:46.853000,10788.9001344,269.6958314666667,6,100.0,False,0,pos,3156.676374146744,0.5369926983076312,OnTrack,9314.0,11646.0,1925.0
2026-09-05 15:00:35.579,0 days 01:13:58.975000,16,308.5619444444437,0 days 00:00:46.932000,10623.0,272.0,7,100.0,False,0,car,3162.681944444446,0.5380143258097253,OnTrack,9262.142024926796,11616.811862876335,1925.0529749113343
2026-09-05 15:00:35.740,0 days 01:13:59.136000,16,310.39555482666543,0 days 00:00:47.093000,10703.499968,274.8749988571429,7,100.0,False,0,pos,3175.020339278666,0.5401132511189769,OnTrack,9156.0,11556.0,1925.0
2026-09-05 15:00:35.859,0 days 01:13:59.255000,16,311.7508333333317,0 days 00:00:47.212000,10763.0,277.0,7,100.0,False,0,car,3184.2263888888906,0.5416793227826534,OnTrack,9076.867260107289,11510.927140046946,1924.4493345171602
2026-09-05 15:00:35.960,0 days 01:13:59.356000,16,312.73277715555406,0 days 00:00:47.313000,10874.60492928,279.5249984,7,100.0,False,0,pos,3192.0979324748987,0.5430183771959329,OnTrack,9009.0,11472.0,1924.0
2026-09-05 15:00:36.059,0 days 01:13:59.455000,16,313.6952777777765,0 days 00:00:47.412000,10984.0,282.0,7,100.0,False,0,car,3199.893055555557,0.5443444314633281,OnTrack,8941.665230335202,11432.758668466162,1923.8640751725104
2026-09-05 15:00:36.159,0 days 01:13:59.555000,16,314.4730555555543,0 days 00:00:47.512000,11079.0,284.5,7,100.0,False,0,pos,3207.8740962564543,0.5457021127943567,OnTrack,8873.0,11393.0,1924.0
2026-09-05 15:00:36.379,0 days 01:13:59.775000,16,316.18416666666553,0 days 00:00:47.732000,11288.0,290.0,7,100.0,False,0,car,3225.670833333335,0.5487295748244385,OnTrack,8720.131796968622,11307.769437072817,1924.917026508875
2026-09-05 15:00:36.419,0 days 01:13:59.815000,16,316.46194444444313,0 days 00:00:47.772000,11303.5,290.5,7,100.0,False,0,pos,3228.9090437607765,0.5492804375512487,OnTrack,8692.0,11292.0,1925.0
2026-09-05 15:00:36.539,0 days 01:13:59.935000,16,317.29527777777594,0 days 00:00:47.892000,11350.0,292.0,7,100.0,False,0,pos,3238.648611111113,0.5509372676889975,OnTrack,8607.0,11244.0,1925.0
2026-09-05 15:00:36.699,0 days 01:14:00.095000,16,318.18416666666485,0 days 00:00:48.052000,11458.0,295.0,7,100.0,False,0,pos,3251.8102079310493,0.5531762306211052,OnTrack,8493.0,11181.0,1925.0
2026-09-05 15:00:36.859,0 days 01:14:00.255000,16,319.07305555555376,0 days 00:00:48.212000,11566.0,298.0,7,100.0,False,0,car,3265.137500000002,0.5554433805221385,OnTrack,8378.37757270537,11116.17486930593,1925.0075159102585
2026-09-05 15:00:36.879,0 days 01:14:00.275000,16,319.14527777777596,0 days 00:00:48.232000,11506.888888888889,298.3333333333333,7,100.0,False,0,pos,3266.8118839503863,0.5557282155349651,OnTrack,8364.0,11108.0,1925.0
2026-09-05 15:00:37.059,0 days 01:14:00.455000,16,319.7952777777758,0 days 00:00:48.412000,10974.888888888889,301.3333333333333,7,100.0,False,0,pos,3281.9657309075706,0.5583060867522763,OnTrack,8234.0,11034.0,1925.0
2026-09-05 15:00:37.219,0 days 01:14:00.615000,16,320.3730555555535,0 days 00:00:48.572000,10502.0,304.0,8,100.0,False,0,car,3295.537500000002,0.5606148254514479,OnTrack,8117.208258138086,10966.853571822061,1925.9158843691532
2026-09-05 15:00:37.419,0 days 01:14:00.815000,16,320.9286111111092,0 days 00:00:48.772000,10607.625,306.5,8,100.0,False,0,pos,3312.61175682703,0.5635193839675617,OnTrack,7970.0,10882.0,1926.0
2026-09-05 15:00:37.499,0 days 01:14:00.895000,16,321.1508333333315,0 days 00:00:48.852000,10649.875,307.5,8,100.0,False,0,pos,3319.4758255853208,0.5646870534930386,OnTrack,7911.0,10848.0,1925.0
2026-09-05 15:00:37.539,0 days 01:14:00.935000,16,321.26194444444263,0 days 00:00:48.892000,10671.0,308.0,8,100.0,False,0,car,3322.91527777778,0.5652721501246272,OnTrack,7881.640747513733,10830.575613051647,1924.8076475536175
2026-09-05 15:00:37.739,0 days 01:14:01.135000,16,321.65083333333223,0 days 00:00:49.092000,10756.0,311.0,8,100.0,False,0,car,3340.1930555555573,0.5682113302653713,OnTrack,7736.4180666541515,10739.303292700799,1926.7953908548895
2026-09-05 15:00:37.759,0 days 01:14:01.155000,16,321.66749999999894,0 days 00:00:49.112000,10766.333333333334,311.25,8,100.0,False,0,pos,3341.929788147538,0.5685067716126201,OnTrack,7722.0,10730.0,1927.0
2026-09-05 15:00:37.939,0 days 01:14:01.335000,16,321.81749999999914,0 days 00:00:49.292000,10859.333333333334,313.5,8,100.0,False,0,pos,3357.6288245718133,0.5711773868202306,OnTrack,7592.0,10644.0,1928.0
2026-09-05 15:00:37.979,0 days 01:14:01.375000,16,321.8508333333325,0 days 00:00:49.332000,10880.0,314.0,8,100.0,False,0,car,3361.1263888888907,0.5717723690982729,OnTrack,7562.443873734849,10623.48120737984,1927.9033973950068
2026-09-05 15:00:38.119,0 days 01:14:01.515000,16,321.8897222222214,0 days 00:00:49.472000,10911.9375,314.875,8,100.0,False,0,pos,3373.3833675686205,0.5738574444351789,OnTrack,7458.0,10548.0,1927.0
2026-09-05 15:00:38.299,0 days 01:14:01.695000,16,321.93972222222146,0 days 00:00:49.652000,10953.0,316.0,8,100.0,False,0,car,3389.2152777777796,0.5765506632434828,OnTrack,7328.2291345024205,10448.079356549018,1926.584662166253
2026-09-05 15:00:38.439,0 days 01:14:01.835000,16,321.82305555555473,0 days 00:00:49.792000,10972.833333333334,317.55555555555554,8,100.0,False,0,pos,3401.6217184372126,0.5786611640539764,OnTrack,7230.0,10369.0,1926.0
2026-09-05 15:00:38.619,0 days 01:14:02.015000,16,321.67305555555464,0 days 00:00:49.972000,10998.333333333334,319.55555555555554,8,100.0,False,0,pos,3417.652127280045,0.5813881501238783,OnTrack,7107.0,10268.0,1924.0
2026-09-05 15:00:38.659,0 days 01:14:02.055000,16,321.6397222222213,0 days 00:00:50.012000,11004.0,320.0,8,100.0,False,0,car,3421.2152777777796,0.5819942894848611,OnTrack,7080.99086535277,10247.02259048378,1923.4460900809504
2026-09-05 15:00:38.800,0 days 01:14:02.196000,16,321.4830556266654,0 days 00:00:50.153000,11071.67996928,320.70499968,8,100.0,False,0,pos,3433.7785350993495,0.5841314668983888,OnTrack,6982.0,10167.0,1921.0
2026-09-05 15:00:38.859,0 days 01:14:02.255000,16,321.41749999999865,0 days 00:00:50.212000,11100.0,321.0,8,100.0,False,0,car,3439.048611111113,0.5850279770256293,OnTrack,6927.113034708505,10120.895176651236,1919.5364908343693
2026-09-05 15:00:39.020,0 days 01:14:02.416000,16,321.01500015999886,0 days 00:00:50.373000,11133.80998656,322.20749952,8,100.0,False,0,pos,3453.4903566798653,0.587484710311547,OnTrack,6764.0,9981.0,1915.0
2026-09-05 15:00:39.259,0 days 01:14:02.655000,16,320.4174999999991,0 days 00:00:50.612000,11184.0,324.0,8,100.0,False,0,car,3475.048611111113,0.5911520565471798,OnTrack,6636.385895900611,9869.845241292205,1910.9759136233733
2026-09-05 15:00:39.400,0 days 01:14:02.796000,16,319.83000026666576,0 days 00:00:50.753000,11214.549986133334,325.1749994666667,8,100.0,False,0,pos,3487.8013548154313,0.5933214681183799,OnTrack,6574.0,9815.0,1909.0
2026-09-05 15:00:39.499,0 days 01:14:02.895000,16,319.4174999999991,0 days 00:00:50.852000,11236.0,326.0,8,100.0,False,0,car,3496.781944444446,0.5948491860361159,OnTrack,6518.529542278665,9766.46669099119,1907.3992403698996
2026-09-05 15:00:39.640,0 days 01:14:03.036000,16,318.555833450082,0 days 00:00:50.993000,11272.477606997845,327.4029848845325,8,100.0,False,0,pos,3509.621255202508,0.5970333238162346,OnTrack,6410.0,9672.0,1904.0
2026-09-05 15:00:39.700,0 days 01:14:03.096000,16,318.18916666666564,0 days 00:00:51.053000,11288.0,328.0,8,100.0,False,0,car,3515.0952777777793,0.5979645279705047,OnTrack,6347.252101691934,9617.589690311548,1901.7729029980833
2026-09-05 15:00:39.900,0 days 01:14:03.296000,16,315.3558333333326,0 days 00:00:51.253000,11342.0,329.0,8,100.0,False,0,pos,3533.373055555557,0.601073821431292,OnTrack,6134.0,9433.0,1894.0
2026-09-05 15:00:40.100,0 days 01:14:03.496000,16,310.8002777777765,0 days 00:00:51.453000,11328.0,330.0,8,100.0,False,0,car,3551.7063888888906,0.6041925656320817,OnTrack,6081.889211708249,9387.698951959954,1893.3362797523187
2026-09-05 15:00:40.140,0 days 01:14:03.536000,16,309.6113888888877,0 days 00:00:51.493000,11328.0,330.0,8,100.0,False,0,pos,3555.37237275399,0.6048161983185981,OnTrack,6065.0,9373.0,1893.0
2026-09-05 15:00:40.380,0 days 01:14:03.776000,16,302.4780555555549,0 days 00:00:51.733000,11328.0,330.0,8,100.0,False,0,car,3577.3730555555567,0.6085588075131871,OnTrack,5844.548622035927,9181.433235436827,1886.3394093846005
2026-09-05 15:00:40.460,0 days 01:14:03.856000,16,299.9224999999992,0 days 00:00:51.813000,11323.5,330.5,8,100.0,False,0,pos,3584.7285202656267,0.6098100700354767,OnTrack,5775.0,9121.0,1884.0
2026-09-05 15:00:40.540,0 days 01:14:03.936000,16,297.36694444444356,0 days 00:00:51.893000,11319.0,331.0,8,100.0,False,0,car,3592.0841666666684,0.6110613634658209,OnTrack,5721.801844449995,9074.762021913575,1882.0820931651538
2026-09-05 15:00:40.820,0 days 01:14:04.216000,16,287.3336111111098,0 days 00:00:52.173000,11367.0,330.0,8,100.0,False,0,car,3617.7508333333353,0.6154276053469264,OnTrack,5596.839335851725,8965.988633079489,1878.2884373755865
2026-09-05 15:00:40.860,0 days 01:14:04.256000,16,285.8336111111098,0 days 00:00:52.213000,11355.25,330.0,8,100.0,False,0,pos,3621.4164350086867,0.6160511730178759,OnTrack,5567.0,8940.0,1878.0
2026-09-05 15:00:40.980,0 days 01:14:04.376000,16,281.3336111111098,0 days 00:00:52.333000,11320.0,330.0,8,100.0,False,0,car,3632.417500000002,0.6179226007075581,OnTrack,5451.361026361302,8839.280898912633,1877.4667058626842
2026-09-05 15:00:41.120,0 days 01:14:04.516000,16,275.8891666666655,0 days 00:00:52.473000,11311.833333333334,330.0,8,100.0,False,0,pos,3645.2625229960313,0.6201077102154423,OnTrack,5304.0,8711.0,1877.0
2026-09-05 15:00:41.220,0 days 01:14:04.616000,16,272.0002777777768,0 days 00:00:52.573000,11306.0,330.0,8,100.0,False,0,car,3654.417500000002,0.6216650937485058,OnTrack,5218.581109168771,8636.74904196392,1876.4105552910717
2026-09-05 15:00:41.460,0 days 01:14:04.856000,16,262.8669462768357,0 days 00:00:52.813000,11332.332283118289,328.4952981075264,8,100.0,False,0,pos,3676.2730286127903,0.6253830102821236,OnTrack,5070.0,8508.0,1875.0
2026-09-05 15:00:41.539,0 days 01:14:04.935000,16,259.86055555555413,0 days 00:00:52.892000,11341.0,328.0,8,100.0,False,0,car,3683.4819444444465,0.6266093428881577,OnTrack,5032.65222145663,8475.769769868579,1874.9842541783987
2026-09-05 15:00:41.859,0 days 01:14:05.255000,16,248.39388888888743,0 days 00:00:53.212000,11289.0,330.0,8,100.0,False,0,car,3712.81527777778,0.6315993336094212,OnTrack,4878.77713772309,8342.650696726801,1877.6488199679422
2026-09-05 15:00:41.880,0 days 01:14:05.276000,16,247.7055576533319,0 days 00:00:53.233000,11285.412510933333,329.8250005333333,8,100.0,False,0,pos,3714.7338825281945,0.6319257138333646,OnTrack,4862.0,8328.0,1878.0
2026-09-05 15:00:42.099,0 days 01:14:05.495000,16,240.5272222222211,0 days 00:00:53.452000,11248.0,328.0,8,100.0,False,0,car,3734.6819444444463,0.6353191448743629,OnTrack,4636.012860102148,8130.134884403251,1882.7386136935597
2026-09-05 15:00:42.160,0 days 01:14:05.556000,16,238.6294464355543,0 days 00:00:53.513000,11256.23499136,328.0,8,100.0,False,0,pos,3740.237952263488,0.6362642958106454,OnTrack,4574.0,8076.0,1884.0
2026-09-05 15:00:42.299,0 days 01:14:05.695000,16,234.30499999999847,0 days 00:00:53.652000,11275.0,328.0,8,100.0,False,0,car,3752.904166666669,0.6384189875951479,OnTrack,4450.434869558894,7968.711115734651,1886.400916729386
2026-09-05 15:00:42.459,0 days 01:14:05.855000,16,229.5049999999983,0 days 00:00:53.812000,11221.0,328.0,8,100.0,False,0,car,3767.4819444444465,0.6408988617717758,OnTrack,4337.369380127315,7871.098285652528,1888.5174692102805
2026-09-05 15:00:42.500,0 days 01:14:05.896000,16,228.37750175999832,0 days 00:00:53.853000,11222.921872,327.8718752,8,100.0,False,0,pos,3771.213238573835,0.6415336046041834,OnTrack,4313.0,7850.0,1889.0
2026-09-05 15:00:42.779,0 days 01:14:06.175000,16,220.70499999999856,0 days 00:00:54.132000,11236.0,327.0,8,100.0,False,0,car,3796.548611111113,0.6458434889410277,OnTrack,4189.283365781433,7742.123912088703,1891.904527706649
2026-09-05 15:00:42.899,0 days 01:14:06.295000,16,217.60499999999843,0 days 00:00:54.252000,11230.0,326.5,8,100.0,False,0,pos,3807.418749882145,0.6476926443366969,OnTrack,4126.0,7687.0,1894.0
2026-09-05 15:00:43.019,0 days 01:14:06.415000,16,214.5049999999983,0 days 00:00:54.372000,11224.0,326.0,8,100.0,False,0,car,3818.2819444444467,0.6495406184299639,OnTrack,4044.74275859716,7616.457357987136,1896.9392314337927
2026-09-05 15:00:43.099,0 days 01:14:06.495000,16,212.6161111111093,0 days 00:00:54.452000,11218.333333333334,326.0,8,100.0,False,0,pos,3825.525089515524,0.6507727738855584,OnTrack,3989.0,7568.0,1898.0
2026-09-05 15:00:43.259,0 days 01:14:06.655000,16,208.83833333333132,0 days 00:00:54.612000,11207.0,326.0,8,100.0,False,0,pos,3840.0152777777803,0.6532377479189001,OnTrack,3880.0,7473.0,1897.0
2026-09-05 15:00:43.539,0 days 01:14:06.935000,16,202.53833333333068,0 days 00:00:54.892000,11196.0,326.0,8,100.0,False,0,pos,3865.370833333336,0.6575510656559922,OnTrack,3606.0,7236.0,1903.0
2026-09-05 15:00:43.739,0 days 01:14:07.135000,16,198.31611111110897,0 days 00:00:55.092000,11198.0,325.0,8,100.0,False,0,car,3883.4263888888913,0.6606225561567699,OnTrack,3437.754675027555,7089.793740763551,1905.855566069462
2026-09-05 15:00:43.939,0 days 01:14:07.335000,16,194.37166666666462,0 days 00:00:55.292000,11167.0,326.0,8,100.0,False,0,car,3901.5375000000026,0.66370349739755,OnTrack,3307.8190421767154,6976.31150854117,1906.723440244641
2026-09-05 15:00:44.019,0 days 01:14:07.415000,16,193.1272222222202,0 days 00:00:55.372000,11065.25,323.5,8,76.25,False,0,pos,3908.772112796771,0.6649342013996344,OnTrack,3265.0,6939.0,1907.0
2026-09-05 15:00:44.259,0 days 01:14:07.655000,16,189.39388888888698,0 days 00:00:55.612000,10760.0,316.0,8,5.0,True,0,car,3929.6263888888916,0.6684817915427599,OnTrack,3166.1366337220907,6853.193297480778,1907.6656417210068
2026-09-05 15:00:44.399,0 days 01:14:07.795000,16,191.84388888888688,0 days 00:00:55.752000,10943.604166666666,300.5416666666667,8,4.270833333333333,True,0,pos,3940.225928062411,0.670284914342494,OnTrack,3110.0,6804.0,1908.0
2026-09-05 15:00:45.219,0 days 01:14:08.615000,16,206.19388888888625,0 days 00:00:56.572000,12019.0,210.0,7,0.0,True,0,car,3985.6263888888916,0.678008137465172,OnTrack,2703.2638855471355,6424.126712718645,1909.0361818633278
2026-09-05 15:00:45.239,0 days 01:14:08.635000,16,206.66055555555295,0 days 00:00:56.592000,11978.388888888889,209.16666666666666,7,0.11111111111111112,True,0,pos,3986.6995556189213,0.678190697420577,OnTrack,2697.0,6417.0,1909.0
2026-09-05 15:00:45.540,0 days 01:14:08.936000,16,213.6838873955534,0 days 00:00:56.893000,11367.191796622223,196.62500266666666,7,1.783332977777778,True,0,pos,4003.0474833320022,0.6809716976796734,OnTrack,2628.0,6319.0,1908.0
2026-09-05 15:00:45.579,0 days 01:14:08.975000,16,214.5938888888868,0 days 00:00:56.932000,11288.0,195.0,4,2.0,False,0,car,4005.1263888888916,0.6813253472060119,OnTrack,2619.2619599789614,6303.047800314967,1907.8116783117764
2026-09-05 15:00:45.760,0 days 01:14:09.156000,16,219.57138712888676,0 days 00:00:57.113000,11155.540955927272,191.29772858181818,4,23.802265018181817,False,0,pos,4014.5652012607293,0.6829310149158487,OnTrack,2580.0,6218.0,1907.0
2026-09-05 15:00:45.960,0 days 01:14:09.356000,16,225.07138712888673,0 days 00:00:57.313000,11009.177319563636,187.20681949090908,4,47.89317410909091,False,0,pos,4024.8016007138676,0.6846723628121092,OnTrack,2556.0,6119.0,1907.0
2026-09-05 15:00:46.019,0 days 01:14:09.415000,16,226.6938888888867,0 days 00:00:57.372000,10966.0,186.0,4,55.0,False,0,car,4027.8597222222247,0.685192590014991,OnTrack,2551.7706500944855,6088.393804020148,1907.0556808463036
2026-09-05 15:00:46.200,0 days 01:14:09.596000,16,231.67138792330059,0 days 00:00:57.553000,11264.356550600547,188.2568574175533,4,68.99251598883048,False,0,pos,4037.360720865691,0.6868088364379558,OnTrack,2545.0,5991.0,1907.0
2026-09-05 15:00:46.420,0 days 01:14:09.816000,16,237.72138888888685,0 days 00:00:57.773000,11627.0,191.0,4,86.0,False,0,pos,4049.1350000000025,0.6888117981526074,OnTrack,2545.0,5870.0,1906.0
2026-09-05 15:00:46.500,0 days 01:14:09.896000,16,239.8769444444427,0 days 00:00:57.853000,11577.4,193.4,4,91.6,False,0,pos,4053.4728522368678,0.6895497245984767,OnTrack,2545.0,5826.0,1906.0
2026-09-05 15:00:46.620,0 days 01:14:10.016000,16,243.11027777777645,0 days 00:00:57.973000,11503.0,197.0,4,100.0,False,0,car,4060.079444444447,0.6906735939330788,OnTrack,2545.70837843983,5763.7801164357,1905.5461871373102
2026-09-05 15:00:46.740,0 days 01:14:10.136000,16,246.1769444444431,0 days 00:00:58.093000,11293.3,200.3,4,94.3,False,0,pos,4066.877273714745,0.6918299952393352,OnTrack,2545.0,5694.0,1905.0
2026-09-05 15:00:47.000,0 days 01:14:10.396000,16,252.8213888888875,0 days 00:00:58.353000,10838.95,207.45,4,81.95,False,0,pos,4082.0259063817743,0.6944069794364365,OnTrack,2532.0,5500.0,1905.0
2026-09-05 15:00:47.020,0 days 01:14:10.416000,16,253.33249999999862,0 days 00:00:58.373000,10804.0,208.0,5,81.0,False,0,car,4083.1905555555577,0.6946051017740742,OnTrack,2530.711239587383,5487.88073692994,1904.9581275162695
2026-09-05 15:00:47.220,0 days 01:14:10.616000,16,258.44361111110993,0 days 00:00:58.573000,10935.0,210.0,5,87.0,False,0,car,4094.8572222222247,0.6965897571745767,OnTrack,2516.3343891643817,5402.451051781325,1903.9068239516528
2026-09-05 15:00:47.360,0 days 01:14:10.756000,16,261.86583333333203,0 days 00:00:58.713000,11198.2,214.2,5,96.1,False,0,pos,4103.209276297898,0.6980105528225687,OnTrack,2499.0,5342.0,1903.0
2026-09-05 15:00:47.420,0 days 01:14:10.816000,16,263.3324999999986,0 days 00:00:58.773000,11311.0,216.0,5,100.0,False,0,car,4106.857222222225,0.6986311170150936,OnTrack,2488.8232605535172,5309.569733422672,1902.651263242433
2026-09-05 15:00:47.540,0 days 01:14:10.936000,16,266.1324999999988,0 days 00:00:58.893000,11425.0,221.25,5,100.0,False,0,pos,4114.279632252484,0.699893767828062,OnTrack,2465.0,5239.0,1902.0
2026-09-05 15:00:47.580,0 days 01:14:10.976000,16,267.0658333333322,0 days 00:00:58.933000,11463.0,223.0,5,100.0,False,0,car,4116.768333333335,0.7003171290315204,OnTrack,2456.7050977652757,5216.540309975537,1901.78490425217
2026-09-05 15:00:47.720,0 days 01:14:11.116000,16,270.29361111111075,0 days 00:00:59.073000,11591.625,224.75,5,100.0,False,0,pos,4125.50608901693,0.7018035376605819,OnTrack,2421.0,5136.0,1901.0
2026-09-05 15:00:47.740,0 days 01:14:11.136000,16,270.754722222222,0 days 00:00:59.093000,11610.0,225.0,5,100.0,False,0,car,4126.768333333335,0.7020182622319512,OnTrack,2413.8210952789136,5122.681360412764,1900.8756952997935
2026-09-05 15:00:47.980,0 days 01:14:11.376000,16,276.0213888888884,0 days 00:00:59.333000,11619.0,232.0,5,100.0,False,0,car,4142.2350000000015,0.7046493482486172,OnTrack,2294.179211328573,4936.216705577781,1899.2784592725156
2026-09-05 15:00:48.060,0 days 01:14:11.456000,16,277.6880555555549,0 days 00:00:59.413000,11182.5,234.0,5,100.0,False,0,pos,4147.464049291053,0.7055388791841868,OnTrack,2262.0,4890.0,1899.0
2026-09-05 15:00:48.140,0 days 01:14:11.536000,16,279.3547222222214,0 days 00:00:59.493000,10746.0,236.0,5,100.0,False,0,car,4152.7238888888905,0.7064336479610691,OnTrack,2239.113155442366,4858.570725114572,1898.9239557235103
2026-09-05 15:00:48.339,0 days 01:14:11.735000,16,283.3899999999994,0 days 00:00:59.692000,10818.0,240.0,6,100.0,False,0,car,4165.990555555557,0.7086904846736405,OnTrack,2209.26220969408,4828.4495338154275,1899.4120952076034
2026-09-05 15:00:48.480,0 days 01:14:11.876000,16,286.0141654755548,0 days 00:00:59.833000,10996.767776,244.5321408,6,100.0,False,0,pos,4175.662112833111,0.7103357453921119,OnTrack,2123.0,4741.0,1899.0
2026-09-05 15:00:48.600,0 days 01:14:11.996000,16,288.247498808888,0 days 00:00:59.953000,11148.910633142857,248.38928365714287,6,100.0,False,0,pos,4184.027177721441,0.7117587543526415,OnTrack,1999.0,4610.0,1898.0
2026-09-05 15:00:48.619,0 days 01:14:12.015000,16,288.6011111111102,0 days 00:00:59.972000,11173.0,249.0,6,100.0,False,0,car,4185.357222222224,0.7119850126384747,OnTrack,1981.8203307716287,4590.88993866115,1897.8731666153187
2026-09-05 15:00:48.899,0 days 01:14:12.295000,16,293.5788888888883,0 days 00:01:00.252000,11476.0,254.0,6,100.0,False,0,car,4205.112777777779,0.7153456957833256,OnTrack,1868.769198072755,4421.070751731249,1897.7776656396745
2026-09-05 15:00:49.080,0 days 01:14:12.476000,16,296.7463877688884,0 days 00:01:00.433000,11586.611072,255.5083328,6,100.0,False,0,pos,4217.981187739198,0.7175347837255379,OnTrack,1847.0,4348.0,1898.0
2026-09-05 15:00:49.259,0 days 01:14:12.655000,16,299.87888888888847,0 days 00:01:00.612000,11696.0,257.0,6,100.0,False,0,car,4230.812777777779,0.7197176081084325,OnTrack,1820.5909858780342,4266.438906542204,1897.6918325861793
2026-09-05 15:00:49.439,0 days 01:14:12.835000,16,302.7788888888884,0 days 00:01:00.792000,11732.642857142857,260.2142857142857,6,100.0,False,0,pos,4243.86325940946,0.7219376688669586,OnTrack,1792.0,4165.0,1897.0
2026-09-05 15:00:49.539,0 days 01:14:12.935000,16,304.3899999999994,0 days 00:01:00.892000,11753.0,262.0,6,100.0,False,0,car,4251.190555555557,0.7231841395413102,OnTrack,1776.48052059907,4095.8293253941474,1896.5144522681476
2026-09-05 15:00:49.679,0 days 01:14:13.075000,16,306.4511111111106,0 days 00:01:01.032000,11236.555555555555,264.3333333333333,6,100.0,False,0,pos,4261.551743175461,0.7249467155669211,OnTrack,1757.0,3991.0,1896.0
2026-09-05 15:00:49.839,0 days 01:14:13.235000,16,308.8066666666662,0 days 00:01:01.192000,10646.333333333334,267.0,6,100.0,False,0,pos,4273.50208210195,0.7269796273973462,OnTrack,1741.0,3873.0,1896.0
2026-09-05 15:00:49.899,0 days 01:14:13.295000,16,309.6899999999996,0 days 00:01:01.252000,10425.0,268.0,7,100.0,False,0,car,4277.990555555557,0.7277431765184647,OnTrack,1736.264596424851,3828.436404570105,1895.9024460678759
2026-09-05 15:00:50.099,0 days 01:14:13.495000,16,312.4677777777779,0 days 00:01:01.452000,10465.0,270.0,7,100.0,False,0,car,4292.990555555557,0.7302948763191107,OnTrack,1723.3381531256532,3678.1160596089458,1895.0917136970243
2026-09-05 15:00:50.119,0 days 01:14:13.515000,16,312.728888888889,0 days 00:01:01.472000,10475.833333333334,270.25,7,100.0,False,0,pos,4294.498077681554,0.7305513259130025,OnTrack,1722.0,3663.0,1895.0
2026-09-05 15:00:50.319,0 days 01:14:13.715000,16,315.34,0 days 00:01:01.672000,10584.166666666666,272.75,7,100.0,False,0,pos,4309.6648276548185,0.7331313921052177,OnTrack,1708.0,3512.0,1894.0
2026-09-05 15:00:50.339,0 days 01:14:13.735000,16,315.6011111111111,0 days 00:01:01.692000,10595.0,273.0,7,100.0,False,0,car,4311.190555555557,0.7333909387438946,OnTrack,1706.6726098353527,3497.1162728706236,1893.878964128823
2026-09-05 15:00:50.499,0 days 01:14:13.895000,16,317.55666666666684,0 days 00:01:01.852000,10656.5,275.0,7,100.0,False,0,pos,4323.4553614894685,0.7354773456009963,OnTrack,1696.0,3376.0,1893.0
2026-09-05 15:00:50.659,0 days 01:14:14.055000,16,319.5122222222226,0 days 00:01:02.012000,10718.0,277.0,7,100.0,False,0,pos,4335.812777777779,0.7375795067129551,OnTrack,1682.0,3237.0,1893.0
2026-09-05 15:00:50.819,0 days 01:14:14.215000,16,321.33444444444467,0 days 00:01:02.172000,10820.0,280.0,7,100.0,False,0,car,4348.257222222223,0.7396964724734911,OnTrack,1666.4047333121662,3089.4764295683726,1892.2489062711804
2026-09-05 15:00:50.859,0 days 01:14:14.255000,16,321.7344444444446,0 days 00:01:02.212000,10851.285714285714,280.57142857142856,7,100.0,False,0,pos,4351.387555608434,0.7402289838786612,OnTrack,1663.0,3055.0,1892.0
2026-09-05 15:00:51.019,0 days 01:14:14.415000,16,323.33444444444416,0 days 00:01:02.372000,10976.42857142857,282.85714285714283,7,100.0,False,0,pos,4363.992644134251,0.7423732773372247,OnTrack,1652.0,2930.0,1891.0
2026-09-05 15:00:51.099,0 days 01:14:14.495000,16,324.13444444444394,0 days 00:01:02.452000,11039.0,284.0,7,100.0,False,0,car,4370.346111111113,0.7434540866984427,OnTrack,1646.608744961336,2868.03837540266,1890.550434963105
2026-09-05 15:00:51.379,0 days 01:14:14.775000,16,326.54555555555453,0 days 00:01:02.732000,11168.0,289.0,7,100.0,False,0,car,4392.823888888891,0.7472778561034109,OnTrack,1626.4881821094812,2645.9493351708797,1889.1173666885925
2026-09-05 15:00:51.399,0 days 01:14:14.795000,16,326.70666666666557,0 days 00:01:02.752000,11176.75,289.25,7,100.0,False,0,pos,4394.438835481458,0.7475525800299647,OnTrack,1625.0,2630.0,1889.0
2026-09-05 15:00:51.559,0 days 01:14:14.955000,16,327.9955555555539,0 days 00:01:02.912000,11246.75,291.25,7,100.0,False,0,pos,4407.399421898542,0.7497573484150799,OnTrack,1613.0,2502.0,1888.0
2026-09-05 15:00:51.619,0 days 01:14:15.015000,16,328.478888888887,0 days 00:01:02.972000,11273.0,292.0,7,100.0,False,0,car,4412.290555555558,0.7505893954002495,OnTrack,1608.606304353728,2453.486390530834,1887.6453576457259
2026-09-05 15:00:51.739,0 days 01:14:15.135000,16,329.2122222222206,0 days 00:01:03.092000,11337.2,293.5,7,100.0,False,0,pos,4422.132940680002,0.7522637162109113,OnTrack,1600.0,2357.0,1887.0
2026-09-05 15:00:51.939,0 days 01:14:15.335000,16,330.4344444444432,0 days 00:01:03.292000,11444.2,296.0,7,100.0,False,0,pos,4438.671960670974,0.7550772238118342,OnTrack,1585.0,2194.0,1886.0
2026-09-05 15:00:52.019,0 days 01:14:15.415000,16,330.92333333333227,0 days 00:01:03.372000,11487.0,297.0,7,100.0,False,0,car,4445.290555555558,0.7562031349616709,OnTrack,1577.467347906577,2111.542654961595,1885.4114088528734
2026-09-05 15:00:52.219,0 days 01:14:15.615000,16,332.1455555555549,0 days 00:01:03.572000,11521.0,298.0,7,100.0,False,0,car,4461.846111111114,0.7590194554823839,OnTrack,1558.0749480416064,1898.8107023564392,1884.0028787886486
2026-09-05 15:00:52.220,0 days 01:14:15.616000,16,332.1508329955549,0 days 00:01:03.573000,11517.6658384,298.0093744,7,100.0,False,0,pos,4461.929154954938,0.759033582346366,OnTrack,1558.0,1898.0,1884.0
2026-09-05 15:00:52.480,0 days 01:14:15.876000,16,333.52305521777635,0 days 00:01:03.833000,10650.7283384,300.4468744,7,100.0,False,0,pos,4483.644324561733,0.7627276219434764,OnTrack,1544.0,1749.0,1884.0
2026-09-05 15:00:52.539,0 days 01:14:15.935000,16,333.83444444444285,0 days 00:01:03.892000,10454.0,301.0,8,100.0,False,0,car,4488.601666666669,0.7635709318675364,OnTrack,1540.3596542905423,1708.7259526705081,1883.675741919142
2026-09-05 15:00:52.720,0 days 01:14:16.116000,16,334.6388888180721,0 days 00:01:04.073000,10497.560162140458,303.25311183485127,8,100.0,False,0,pos,4503.871919816245,0.766168605328709,OnTrack,1526.0,1548.0,1882.0
2026-09-05 15:00:52.780,0 days 01:14:16.176000,16,334.9055555555551,0 days 00:01:04.133000,10512.0,304.0,8,100.0,False,0,car,4508.952777777779,0.7670329269452129,OnTrack,1519.9339021284557,1481.1911066108828,1881.5250113513846
2026-09-05 15:00:53.040,0 days 01:14:16.436000,16,335.8444444444443,0 days 00:01:04.393000,10565.772727272728,305.77272727272725,8,100.0,False,0,pos,4531.072330164827,0.7707957574396402,OnTrack,1492.0,1177.0,1880.0
2026-09-05 15:00:53.220,0 days 01:14:16.616000,16,336.4944444444445,0 days 00:01:04.573000,10603.0,307.0,8,100.0,False,0,car,4546.475000000001,0.7734159567428289,OnTrack,1482.4557378329985,1072.4443368126463,1879.0991601781616
2026-09-05 15:00:53.440,0 days 01:14:16.836000,16,337.1666666666664,0 days 00:01:04.793000,10637.833333333334,308.8333333333333,8,100.0,False,0,pos,4565.391993571613,0.7766339893245293,OnTrack,1470.0,939.0,1878.0
2026-09-05 15:00:53.580,0 days 01:14:16.976000,16,337.594444444444,0 days 00:01:04.933000,10660.0,310.0,8,100.0,False,0,car,4577.475000000002,0.7786894696641643,OnTrack,1453.3497494395308,763.1492216815798,1877.2268208040985
2026-09-05 15:00:53.620,0 days 01:14:17.016000,16,337.68333333333294,0 days 00:01:04.973000,10666.5,310.1666666666667,8,100.0,False,0,pos,4580.932940388968,0.7792777113842422,OnTrack,1449.0,717.0,1877.0
2026-09-05 15:00:53.980,0 days 01:14:17.376000,16,338.4833333333336,0 days 00:01:05.333000,10725.0,311.6666666666667,8,100.0,False,0,pos,4612.140304539004,0.7845864997095979,OnTrack,1427.0,475.0,1875.0
2026-09-05 15:00:54.060,0 days 01:14:17.456000,16,338.6611111111115,0 days 00:01:05.413000,10738.0,312.0,8,100.0,False,0,car,4619.075000000002,0.785766183777956,OnTrack,1421.3265314831247,411.24238509108676,1874.6347007255536
2026-09-05 15:00:54.200,0 days 01:14:17.596000,16,338.8555555555558,0 days 00:01:05.553000,10741.5,312.0,8,100.0,False,0,pos,4631.202701029572,0.7878292672645861,OnTrack,1410.0,286.0,1874.0
2026-09-05 15:00:54.300,0 days 01:14:17.696000,16,338.9944444444445,0 days 00:01:05.653000,10744.0,312.0,8,100.0,False,0,car,4639.875000000003,0.7893045408348521,OnTrack,1401.7985417500813,199.11955872159348,1873.4508224862468
2026-09-05 15:00:54.420,0 days 01:14:17.816000,16,338.89444444444405,0 days 00:01:05.773000,10765.0,312.42857142857144,8,100.0,False,0,pos,4650.305803616727,0.7910789594688103,OnTrack,1392.0,96.0,1873.0
2026-09-05 15:00:54.520,0 days 01:14:17.916000,16,338.8111111111103,0 days 00:01:05.873000,10782.5,312.7857142857143,8,100.0,False,0,pos,4659.006781189497,0.7925591116513347,OnTrack,1384.0,9.0,1873.0
2026-09-05 15:00:54.580,0 days 01:14:17.976000,16,338.76111111111004,0 days 00:01:05.933000,10793.0,313.0,8,100.0,False,0,car,4664.219444444448,0.7934458551039009,OnTrack,1379.318144308035,-42.82021037568767,1872.858107580604
2026-09-05 15:00:54.740,0 days 01:14:18.136000,16,338.31666675583364,0 days 00:01:06.093000,10785.978057835124,312.4984327025088,8,100.0,False,0,pos,4678.0892611333165,0.7958052956692331,OnTrack,1367.0,-180.0,1872.0
2026-09-05 15:00:54.899,0 days 01:14:18.295000,16,337.875,0 days 00:01:06.252000,10779.0,312.0,8,100.0,False,0,car,4691.866111111113,0.7981489213586914,OnTrack,1354.2851387647152,-317.4642735073377,1871.1818127066774
2026-09-05 15:00:54.940,0 days 01:14:18.336000,16,337.5105561244444,0 days 00:01:06.293000,10780.921872,312.1281248,8,100.0,False,0,pos,4695.423687458811,0.798754112482505,OnTrack,1351.0,-353.0,1871.0
2026-09-05 15:00:55.180,0 days 01:14:18.576000,16,335.37722279111074,0 days 00:01:06.533000,10792.171872,312.8781248,8,100.0,False,0,pos,4716.2905413842955,0.802303842282623,OnTrack,1332.0,-561.0,1870.0
2026-09-05 15:00:55.219,0 days 01:14:18.615000,16,335.0305555555551,0 days 00:01:06.572000,10794.0,313.0,8,100.0,False,0,car,4719.688333333336,0.80288185195189,OnTrack,1328.9268834728402,-594.7117012416344,1869.746266402703
2026-09-05 15:00:55.379,0 days 01:14:18.775000,16,332.719444444444,0 days 00:01:06.732000,10795.0,314.0,8,100.0,False,0,car,4733.6438888888915,0.805255877840491,OnTrack,1316.2933427747141,-732.8278321834425,1868.4207277463636
2026-09-05 15:00:55.480,0 days 01:14:18.876000,16,330.8677789511108,0 days 00:01:06.833000,10802.154162133333,314.0,8,100.0,False,0,pos,4742.454541740508,0.8067546872488264,OnTrack,1308.0,-821.0,1868.0
2026-09-05 15:00:55.600,0 days 01:14:18.996000,16,328.66777895111096,0 days 00:01:06.953000,10810.654162133333,314.0,8,100.0,False,0,pos,4752.920429113898,0.8085350740971106,OnTrack,1298.0,-925.0,1868.0
2026-09-05 15:00:55.619,0 days 01:14:19.015000,16,328.31944444444434,0 days 00:01:06.972000,10812.0,314.0,8,100.0,False,0,car,4754.577222222224,0.8088169166733925,OnTrack,1296.5513668046854,-940.3018218889918,1867.9423281290278
2026-09-05 15:00:55.839,0 days 01:14:19.235000,16,323.3083333333333,0 days 00:01:07.192000,10815.92857142857,314.0,8,100.0,False,0,pos,4773.76016269942,0.8120801903661569,OnTrack,1282.0,-1100.0,1866.0
2026-09-05 15:00:55.899,0 days 01:14:19.295000,16,321.9416666666666,0 days 00:01:07.252000,10817.0,314.0,8,100.0,False,0,car,4778.999444444446,0.8129714619784445,OnTrack,1277.7792977927093,-1146.5551541222796,1865.4519625073344
2026-09-05 15:00:56.739,0 days 01:14:20.135000,16,296.7416666666668,0 days 00:01:08.092000,10888.0,316.0,8,100.0,False,0,car,4852.73277777778,0.8255144841096205,OnTrack,1204.4241747877631,-1943.6036411230975,1861.2952023718958
2026-09-05 15:00:56.839,0 days 01:14:20.235000,16,293.7972222222224,0 days 00:01:08.192000,10895.083333333334,316.0,8,100.0,False,0,pos,4861.512398088121,0.8270080144693301,OnTrack,1197.0,-2024.0,1861.0
2026-09-05 15:00:56.979,0 days 01:14:20.375000,16,289.6750000000002,0 days 00:01:08.332000,10905.0,316.0,8,100.0,False,0,car,4873.799444444447,0.8290982047185278,OnTrack,1187.5712356292154,-2126.1227713891667,1860.6197608066168
2026-09-05 15:00:57.159,0 days 01:14:20.555000,16,284.62500000000057,0 days 00:01:08.512000,10892.142857142857,316.0,8,100.0,False,0,pos,4889.594160916878,0.8317850963767922,OnTrack,1176.0,-2252.0,1860.0
2026-09-05 15:00:57.259,0 days 01:14:20.655000,16,281.81944444444525,0 days 00:01:08.612000,10885.0,316.0,8,100.0,False,0,car,4898.377222222224,0.8332792120955864,OnTrack,1169.178978998904,-2326.7585071170597,1859.4797433135204
2026-09-05 15:00:57.499,0 days 01:14:20.895000,16,275.3527777777779,0 days 00:01:08.852000,10905.25,316.75,8,100.0,False,0,pos,4919.499633449462,0.8368724155967668,OnTrack,1149.0,-2549.0,1858.0
2026-09-05 15:00:57.579,0 days 01:14:20.975000,16,273.1972222222221,0 days 00:01:08.932000,10912.0,317.0,8,100.0,False,0,car,4926.555000000003,0.8380726274248003,OnTrack,1139.7194876716917,-2651.1770801449343,1857.5818860517827
2026-09-05 15:00:57.699,0 days 01:14:21.095000,16,269.9972222222218,0 days 00:01:09.052000,10911.0,317.5,8,100.0,False,0,pos,4937.152261601185,0.8398753627791424,OnTrack,1125.0,-2813.0,1857.0
2026-09-05 15:00:57.819,0 days 01:14:21.215000,16,266.79722222222154,0 days 00:01:09.172000,10910.0,318.0,8,100.0,False,0,car,4947.755000000003,0.8416790298097134,OnTrack,1112.1683159102495,-2953.455937993314,1856.406320789621
2026-09-05 15:00:58.059,0 days 01:14:21.455000,16,260.7972222222206,0 days 00:01:09.412000,10961.0,318.0,8,100.0,False,0,car,4968.955000000004,0.8452854321946267,OnTrack,1092.3120156879822,-3168.088560415395,1855.1194826505023
2026-09-05 15:00:58.079,0 days 01:14:21.475000,16,260.3194444444429,0 days 00:01:09.432000,10960.65,318.05,8,100.0,False,0,pos,4970.724127627789,0.8455863843689692,OnTrack,1091.0,-3182.0,1855.0
2026-09-05 15:00:58.459,0 days 01:14:21.855000,16,251.2416666666668,0 days 00:01:09.812000,10954.0,319.0,8,100.0,False,0,pos,5004.399444444447,0.8513150043161531,OnTrack,1071.0,-3393.0,1853.0
2026-09-05 15:00:58.640,0 days 01:14:22.036000,16,247.2194458666669,0 days 00:01:09.993000,10955.35749952,318.54750016,8,100.0,False,0,pos,5020.41957661535,0.8540402421872743,OnTrack,1057.0,-3552.0,1853.0
2026-09-05 15:00:58.820,0 days 01:14:22.216000,16,243.21944586666697,0 days 00:01:10.173000,10956.70749952,318.09750016,8,100.0,False,0,pos,5036.302756501437,0.8567421826505379,OnTrack,1042.0,-3711.0,1852.0
2026-09-05 15:00:58.859,0 days 01:14:22.255000,16,242.3527777777781,0 days 00:01:10.212000,10957.0,318.0,8,100.0,False,0,car,5039.732777777781,0.8573256749576752,OnTrack,1038.0264461826735,-3752.3203074396874,1851.7421195074965
2026-09-05 15:00:59.140,0 days 01:14:22.536000,16,236.65472276183908,0 days 00:01:10.493000,10884.559258419527,316.24740141337566,8,100.0,False,0,pos,5064.329632282668,0.8615099275401181,OnTrack,1006.0,-4080.0,1850.0
2026-09-05 15:00:59.340,0 days 01:14:22.736000,16,232.59916666666686,0 days 00:01:10.693000,10833.0,315.0,8,100.0,False,0,car,5081.820277777781,0.864485319314988,OnTrack,993.5364606161006,-4195.126342041922,1849.1802113060735
2026-09-05 15:00:59.440,0 days 01:14:22.836000,16,230.71027777777786,0 days 00:01:10.793000,10801.92857142857,314.2857142857143,8,97.85714285714286,False,0,pos,5090.586867626385,0.8659766330195902,OnTrack,987.0,-4254.0,1849.0
2026-09-05 15:00:59.620,0 days 01:14:23.016000,16,227.31027777777763,0 days 00:01:10.973000,10746.0,313.0,8,94.0,False,0,car,5106.1647222222255,0.8686266335840366,OnTrack,970.3705231725438,-4407.953001181953,1849.0879651501093
2026-09-05 15:00:59.700,0 days 01:14:23.096000,16,226.31027777777763,0 days 00:01:11.053000,10667.42857142857,307.2857142857143,8,67.14285714285714,False,0,pos,5112.859292562911,0.8697654691709524,OnTrack,962.0,-4479.0,1849.0
2026-09-05 15:00:59.900,0 days 01:14:23.296000,16,223.81027777777763,0 days 00:01:11.253000,10471.0,293.0,8,0.0,True,0,car,5128.953611111115,0.8725033271330183,OnTrack,938.8792962886407,-4643.840162155649,1848.0969172723937
2026-09-05 15:00:59.920,0 days 01:14:23.316000,16,223.72138888888873,0 days 00:01:11.273000,10536.111111111111,291.6111111111111,8,0.0,True,0,pos,5130.512265074,0.872768474933443,OnTrack,936.0,-4662.0,1848.0
2026-09-05 15:01:00.160,0 days 01:14:23.556000,16,222.6547222222218,0 days 00:01:11.513000,11317.444444444445,274.94444444444446,8,0.0,True,0,pos,5148.526549601098,0.8758329446825479,OnTrack,896.0,-4892.0,1847.0
2026-09-05 15:01:00.260,0 days 01:14:23.656000,16,222.21027777777726,0 days 00:01:11.613000,11643.0,268.0,8,0.0,True,0,car,5155.753611111115,0.8770623641101726,OnTrack,883.7109308095139,-4952.8601141007575,1846.5887852302387
2026-09-05 15:01:00.400,0 days 01:14:23.796000,16,222.32694444444405,0 days 00:01:11.753000,12078.5,259.5,8,0.0,True,0,pos,5165.647320268646,0.8787454158225007,OnTrack,866.0,-5023.0,1846.0
2026-09-05 15:01:00.540,0 days 01:14:23.936000,16,222.44361111111084,0 days 00:01:11.893000,12514.0,251.0,6,0.0,True,0,car,5175.275833333337,0.8803833541470134,OnTrack,837.3632448951759,-5122.839368073686,1845.4005368492558
2026-09-05 15:01:00.620,0 days 01:14:24.016000,16,222.86583333333328,0 days 00:01:11.973000,12298.333333333334,246.66666666666666,6,0.0,True,0,pos,5180.657131556666,0.881298784653926,OnTrack,820.0,-5180.0,1845.0
2026-09-05 15:01:00.780,0 days 01:14:24.176000,16,223.71027777777817,0 days 00:01:12.133000,11867.0,238.0,5,0.0,True,0,car,5191.142500000003,0.8830824854916968,OnTrack,788.9522346373191,-5274.575514604526,1843.9942529215054
2026-09-05 15:01:00.980,0 days 01:14:24.376000,16,225.76583333333383,0 days 00:01:12.333000,11471.0,230.5,5,0.0,True,0,pos,5203.688013429163,0.8852166444327761,OnTrack,729.0,-5393.0,1843.0
2026-09-05 15:01:01.180,0 days 01:14:24.576000,16,227.8213888888895,0 days 00:01:12.533000,11075.0,223.0,5,0.0,False,0,pos,5215.920277777781,0.887297515532764,OnTrack,625.0,-5540.0,1843.0
2026-09-05 15:01:01.380,0 days 01:14:24.776000,16,230.09916666666686,0 days 00:01:12.733000,10857.0,219.0,5,13.0,False,0,car,5228.086944444448,0.8893672275932881,OnTrack,572.7504368828,-5595.054878693216,1843.0057839640572
2026-09-05 15:01:01.440,0 days 01:14:24.836000,16,230.9158333333331,0 days 00:01:12.793000,10821.3,216.9,5,24.400000000000002,False,0,pos,5231.655150333679,0.8899742269437023,OnTrack,557.0,-5608.0,1843.0
2026-09-05 15:01:01.580,0 days 01:14:24.976000,16,232.82138888888767,0 days 00:01:12.933000,10738.0,212.0,5,51.0,False,0,car,5239.864722222226,0.8913707844737956,OnTrack,507.2667584230367,-5649.472645446791,1842.9959511109118
2026-09-05 15:01:01.739,0 days 01:14:25.135000,16,235.07388888888818,0 days 00:01:13.092000,10828.0,211.0,5,68.0,False,0,car,5249.183888888892,0.8929560988554969,OnTrack,418.4638721013242,-5706.668031692868,1842.9997101969996
2026-09-05 15:01:01.760,0 days 01:14:25.156000,16,235.37138798222148,0 days 00:01:13.113000,10840.38996224,211.10499968,5,68.83999744,False,0,pos,5250.417097629572,0.8931658840886797,OnTrack,403.0,-5714.0,1843.0
2026-09-05 15:01:01.939,0 days 01:14:25.335000,16,237.9072222222212,0 days 00:01:13.292000,10946.0,212.0,5,76.0,False,0,car,5260.961666666671,0.8949596557360042,OnTrack,246.48048811453415,-5772.0540905705775,1843.0003758485232
2026-09-05 15:01:01.980,0 days 01:14:25.376000,16,238.48805464888792,0 days 00:01:13.333000,10956.022206577778,212.34166613333332,5,76.68333226666667,False,0,pos,5263.387491050266,0.895372320775739,OnTrack,216.0,-5782.0,1843.0
2026-09-05 15:01:02.299,0 days 01:14:25.695000,16,243.00722222222157,0 days 00:01:13.652000,11034.0,215.0,5,82.0,False,0,car,5282.461666666671,0.8986170921169303,OnTrack,96.55767719486501,-5805.522045653541,1842.99515395283
2026-09-05 15:01:02.400,0 days 01:14:25.796000,16,244.3258324977773,0 days 00:01:13.753000,11130.671367314286,217.16428434285714,5,88.49285302857143,False,0,pos,5288.617460976985,0.8996642747245601,OnTrack,38.0,-5802.0,1843.0
2026-09-05 15:01:02.579,0 days 01:14:25.975000,16,246.6627777777776,0 days 00:01:13.932000,11302.0,221.0,5,100.0,False,0,car,5299.65055555556,0.9015411510736707,OnTrack,-116.43087522130345,-5789.611255924674,1843.005463509941
2026-09-05 15:01:02.599,0 days 01:14:25.995000,16,246.9127777777776,0 days 00:01:13.952000,11315.863636363636,221.22727272727272,5,99.72727272727273,False,0,pos,5300.889967632724,0.9017519915770187,OnTrack,-131.0,-5788.0,1843.0
2026-09-05 15:01:02.879,0 days 01:14:26.275000,16,250.4127777777776,0 days 00:01:14.232000,11509.954545454546,224.4090909090909,5,95.9090909090909,False,0,pos,5318.384909516479,0.9047281142248248,OnTrack,-253.0,-5759.0,1843.0
2026-09-05 15:01:03.019,0 days 01:14:26.415000,16,252.1627777777776,0 days 00:01:14.372000,11607.0,226.0,5,94.0,False,0,car,5327.272777777782,0.9062400590028604,OnTrack,-329.9528352512196,-5732.393871564528,1843.5251873393797
2026-09-05 15:01:03.159,0 days 01:14:26.555000,16,253.7572222222219,0 days 00:01:14.512000,11729.5,230.375,5,99.25,False,0,pos,5336.256004255485,0.9077682254836815,OnTrack,-418.0,-5697.0,1844.0
2026-09-05 15:01:03.179,0 days 01:14:26.575000,16,253.98499999999967,0 days 00:01:14.532000,11747.0,231.0,5,100.0,False,0,car,5337.539444444448,0.9079865557553026,OnTrack,-430.4127588883263,-5691.282672513776,1844.0238943877325
2026-09-05 15:01:03.339,0 days 01:14:26.735000,16,255.89611111111117,0 days 00:01:14.692000,11905.0,231.0,5,100.0,False,0,car,5347.806111111115,0.9097330525077448,OnTrack,-527.9095313969632,-5639.922312823353,1843.9004135067837
2026-09-05 15:01:03.419,0 days 01:14:26.815000,16,256.78500000000014,0 days 00:01:14.772000,11936.0,232.33333333333334,5,100.0,False,0,pos,5352.993324262087,0.9106154665586278,OnTrack,-574.0,-5612.0,1844.0
2026-09-05 15:01:03.579,0 days 01:14:26.975000,16,258.56277777777814,0 days 00:01:14.932000,11998.0,235.0,5,100.0,False,0,car,5363.472777777782,0.9123981611884197,OnTrack,-659.7503388097907,-5553.002863932534,1844.809433618394
2026-09-05 15:01:03.639,0 days 01:14:27.035000,16,259.1961111111116,0 days 00:01:14.992000,11718.0,235.75,5,100.0,False,0,pos,5367.421446309743,0.9130698823021411,OnTrack,-691.0,-5529.0,1845.0
2026-09-05 15:01:03.799,0 days 01:14:27.195000,16,260.88500000000073,0 days 00:01:15.152000,10971.333333333334,237.75,5,100.0,False,0,pos,5378.008126533272,0.9148708176232001,OnTrack,-772.0,-5461.0,1845.0
2026-09-05 15:01:03.819,0 days 01:14:27.215000,16,261.0961111111119,0 days 00:01:15.172000,10878.0,238.0,5,100.0,False,0,car,5379.3394444444475,0.9150972925331029,OnTrack,-781.2373656171159,-5452.846392919931,1845.0464337137323
2026-09-05 15:01:03.979,0 days 01:14:27.375000,16,262.78500000000076,0 days 00:01:15.332000,10802.0,241.0,6,100.0,False,0,car,5390.050555555558,0.9169193952055642,OnTrack,-852.6576610464107,-5384.142547106096,1845.8696024964527
2026-09-05 15:01:04.019,0 days 01:14:27.415000,16,263.18500000000074,0 days 00:01:15.372000,10827.4,241.4,6,100.0,False,0,pos,5392.740133156355,0.9173769281807491,OnTrack,-876.0,-5358.0,1846.0
2026-09-05 15:01:04.179,0 days 01:14:27.575000,16,264.78500000000076,0 days 00:01:15.532000,10929.0,243.0,6,100.0,False,0,car,5403.550555555558,0.9192159250261457,OnTrack,-994.6370465465052,-5213.446306993874,1845.9859355645503
2026-09-05 15:01:04.219,0 days 01:14:27.615000,16,265.1627777777785,0 days 00:01:15.572000,10940.2,243.6,6,100.0,False,0,pos,5406.271649263976,0.9196788193110329,OnTrack,-1021.0,-5180.0,1846.0
2026-09-05 15:01:04.379,0 days 01:14:27.775000,16,266.67388888888945,0 days 00:01:15.732000,10985.0,246.0,6,100.0,False,0,car,5417.217222222225,0.9215408070667344,OnTrack,-1092.3682531115196,-5084.565829235779,1846.4559150423495
2026-09-05 15:01:04.659,0 days 01:14:28.055000,16,269.24055555555606,0 days 00:01:16.012000,11073.0,248.0,6,100.0,False,0,car,5436.5061111111145,0.9248221039955653,OnTrack,-1137.4722798701462,-4997.912481599555,1847.8983721845182
2026-09-05 15:01:04.719,0 days 01:14:28.115000,16,269.7572222222226,0 days 00:01:16.072000,11114.357142857143,248.85714285714286,6,100.0,False,0,pos,5440.681041581502,0.9255323152788318,OnTrack,-1152.0,-4969.0,1848.0
2026-09-05 15:01:04.899,0 days 01:14:28.295000,16,271.30722222222226,0 days 00:01:16.252000,11238.42857142857,251.42857142857142,6,100.0,False,0,pos,5453.293484255724,0.9276778597759966,OnTrack,-1208.0,-4857.0,1848.0
2026-09-05 15:01:04.939,0 days 01:14:28.335000,16,271.65166666666664,0 days 00:01:16.292000,11266.0,252.0,6,100.0,False,0,car,5456.106111111115,0.9281563250684096,OnTrack,-1220.9150308170788,-4829.2728424882835,1848.0868339972742
2026-09-05 15:01:05.099,0 days 01:14:28.495000,16,273.0294444444444,0 days 00:01:16.452000,11298.0,254.0,6,100.0,False,0,car,5467.395000000003,0.9300767154368957,OnTrack,-1270.2047152753842,-4715.39599999248,1848.811576531868
2026-09-05 15:01:05.140,0 days 01:14:28.536000,16,273.34833283555554,0 days 00:01:16.493000,11312.24747776,254.40999936,6,100.0,False,0,pos,5470.3055979389255,0.9305718469155962,OnTrack,-1281.0,-4689.0,1849.0
2026-09-05 15:01:05.380,0 days 01:14:28.776000,16,275.2149995022223,0 days 00:01:16.733000,11395.64747776,256.80999936,6,100.0,False,0,pos,5487.496571021351,0.9334962604214189,OnTrack,-1333.0,-4542.0,1850.0
2026-09-05 15:01:05.499,0 days 01:14:28.895000,16,276.1405555555557,0 days 00:01:16.852000,11437.0,258.0,6,100.0,False,0,car,5496.06166666667,0.9349532972781305,OnTrack,-1364.8982433594836,-4427.908185351203,1850.6770276787233
2026-09-05 15:01:05.720,0 days 01:14:29.116000,16,277.8594442514007,0 days 00:01:17.073000,11531.276997722238,259.2243765937953,6,100.0,False,0,pos,5511.995012952673,0.9376637717142383,OnTrack,-1421.0,-4208.0,1852.0
2026-09-05 15:01:05.860,0 days 01:14:29.256000,16,278.9483333333337,0 days 00:01:17.213000,11591.0,260.0,6,100.0,False,0,car,5522.133888888891,0.9393885295612533,OnTrack,-1433.8823908796662,-4151.212565935174,1852.5051225305644
2026-09-05 15:01:06.020,0 days 01:14:29.416000,16,280.14833333333354,0 days 00:01:17.373000,11519.0,262.0,6,100.0,False,0,pos,5533.778333333336,0.941369404665755,OnTrack,-1442.0,-4094.0,1853.0
2026-09-05 15:01:06.240,0 days 01:14:29.636000,16,281.7983333333338,0 days 00:01:17.593000,10445.714285714286,262.7857142857143,6,100.0,False,0,pos,5549.843501009332,0.9441023036761672,OnTrack,-1468.0,-3908.0,1854.0
2026-09-05 15:01:06.300,0 days 01:14:29.696000,16,282.2483333333339,0 days 00:01:17.653000,10153.0,263.0,6,100.0,False,0,car,5554.233888888892,0.9448491671346361,OnTrack,-1473.3794423263369,-3860.8263696596455,1854.3038941832174
2026-09-05 15:01:06.440,0 days 01:14:29.836000,16,283.298333333334,0 days 00:01:17.793000,10192.666666666666,263.5833333333333,6,100.0,False,0,pos,5564.492576686961,0.9465943065752508,OnTrack,-1482.0,-3762.0,1855.0
2026-09-05 15:01:06.540,0 days 01:14:29.936000,16,284.0483333333341,0 days 00:01:17.893000,10221.0,264.0,7,100.0,False,0,car,5571.833888888891,0.947843161567394,OnTrack,-1486.591830311727,-3690.752884013645,1855.4170222805976
2026-09-05 15:01:06.700,0 days 01:14:30.096000,16,285.2483333333339,0 days 00:01:18.053000,10268.0,265.0,7,100.0,False,0,pos,5583.6116666666685,0.9498467184479013,OnTrack,-1492.0,-3572.0,1856.0
2026-09-05 15:01:06.980,0 days 01:14:30.376000,16,287.03722222222314,0 days 00:01:18.333000,10316.0,267.0,7,100.0,False,0,pos,5604.378333333335,0.9533794050607957,OnTrack,-1498.0,-3350.0,1857.0
2026-09-05 15:01:07.220,0 days 01:14:30.616000,16,288.23722222222386,0 days 00:01:18.573000,10443.0,268.0,7,100.0,False,0,car,5622.245000000001,0.9564187630455652,OnTrack,-1499.9467708738462,-3183.447328222853,1857.6951460007529
2026-09-05 15:01:07.300,0 days 01:14:30.696000,16,288.4372222222241,0 days 00:01:18.653000,10459.857142857143,268.85714285714283,7,100.0,False,0,pos,5628.2447285448725,0.9574393967876905,OnTrack,-1500.0,-3127.0,1858.0
2026-09-05 15:01:07.500,0 days 01:14:30.896000,16,288.9372222222246,0 days 00:01:18.853000,10502.0,271.0,7,100.0,False,0,pos,5643.322777777778,0.9600043738024729,OnTrack,-1499.0,-2977.0,1859.0
2026-09-05 15:01:07.660,0 days 01:14:31.056000,16,289.1150000000025,0 days 00:01:19.013000,10537.0,272.0,7,100.0,False,0,car,5655.411666666668,0.9620608548269938,OnTrack,-1497.4696501839019,-2855.8012147085537,1859.8122883039202
2026-09-05 15:01:07.700,0 days 01:14:31.096000,16,289.0483333333358,0 days 00:01:19.053000,10557.0,272.375,7,100.0,False,0,pos,5658.448805265981,0.9625775125575537,OnTrack,-1497.0,-2826.0,1860.0
2026-09-05 15:01:07.940,0 days 01:14:31.336000,16,288.6483333333355,0 days 00:01:19.293000,10677.0,274.625,7,100.0,False,0,pos,5676.793175459568,0.9656981342752843,OnTrack,-1493.0,-2643.0,1861.0
2026-09-05 15:01:07.980,0 days 01:14:31.376000,16,288.58166666666875,0 days 00:01:19.333000,10697.0,275.0,7,100.0,False,0,car,5679.856111111112,0.9662191804280467,OnTrack,-1491.9320143874913,-2607.2371158483857,1861.166853534577
2026-09-05 15:01:08.200,0 days 01:14:31.596000,16,287.7872222222237,0 days 00:01:19.553000,10733.92857142857,275.7857142857143,7,100.0,False,0,pos,5696.710840588842,0.969086394417931,OnTrack,-1485.0,-2405.0,1862.0
2026-09-05 15:01:08.260,0 days 01:14:31.656000,16,287.5705555555569,0 days 00:01:19.613000,10744.0,276.0,7,100.0,False,0,car,5701.322777777779,0.9698709463649713,OnTrack,-1483.5863970812784,-2365.351292929815,1862.130517909698
2026-09-05 15:01:08.459,0 days 01:14:31.855000,16,286.575555555557,0 days 00:01:19.812000,10765.0,278.0,7,100.0,False,0,car,5716.690000000001,0.9724851155570332,OnTrack,-1480.1940550352717,-2276.5212646886507,1862.398075727779
2026-09-05 15:01:08.560,0 days 01:14:31.956000,16,285.9022226488905,0 days 00:01:19.913000,10794.79498112,279.00999936,7,100.0,False,0,pos,5724.536348669996,0.9738198839795016,OnTrack,-1477.0,-2204.0,1863.0
2026-09-05 15:01:08.659,0 days 01:14:32.055000,16,285.242222222224,0 days 00:01:20.012000,10824.0,280.0,7,100.0,False,0,car,5732.245555555557,0.9751313227577033,OnTrack,-1472.354842505368,-2102.0039011670765,1864.0338395670944
2026-09-05 15:01:08.820,0 days 01:14:32.216000,16,283.90055608889065,0 days 00:01:20.173000,10869.616648533334,280.44722204444446,7,100.0,False,0,pos,5744.793669583931,0.977265924095349,OnTrack,-1463.0,-1909.0,1866.0
2026-09-05 15:01:09.019,0 days 01:14:32.415000,16,282.242222222224,0 days 00:01:20.372000,10926.0,281.0,7,100.0,False,0,car,5760.345555555557,0.9799115070509137,OnTrack,-1451.7981620750177,-1717.9235721128719,1867.3119809413333
2026-09-05 15:01:09.259,0 days 01:14:32.655000,16,279.7088888888911,0 days 00:01:20.612000,10946.0,283.0,7,100.0,False,0,pos,5779.212222222223,0.9831209783557262,OnTrack,-1440.0,-1546.0,1868.0
2026-09-05 15:01:09.559,0 days 01:14:32.955000,16,275.70888888889135,0 days 00:01:20.912000,11021.75,285.25,7,100.0,False,0,pos,5803.019314047299,0.9871708817866602,OnTrack,-1428.0,-1372.0,1869.0
2026-09-05 15:01:09.659,0 days 01:14:33.055000,16,274.3755555555581,0 days 00:01:21.012000,11047.0,286.0,7,100.0,False,0,car,5810.990000000002,0.988526801637095,OnTrack,-1422.5700227587686,-1298.4377485173475,1869.407798257094
2026-09-05 15:01:09.859,0 days 01:14:33.255000,16,271.2644444444468,0 days 00:01:21.212000,11086.0,287.0,7,100.0,False,0,pos,5826.9652254147295,0.991244400270831,OnTrack,-1410.0,-1132.0,1870.0
2026-09-05 15:01:10.039,0 days 01:14:33.435000,16,268.4644444444466,0 days 00:01:21.392000,11121.1,287.9,7,100.0,False,0,pos,5841.385094326685,0.9936974120460295,OnTrack,-1399.0,-986.0,1870.0
2026-09-05 15:01:10.059,0 days 01:14:33.455000,16,268.15333333333547,0 days 00:01:21.412000,11125.0,288.0,7,100.0,False,0,car,5842.990000000002,0.9939704278784733,OnTrack,-1397.7690900099149,-969.8592645301568,1870.0812971948687
2026-09-05 15:01:10.199,0 days 01:14:33.595000,16,268.15333333333547,0 days 00:01:21.552000,11154.90909090909,288.6363636363636,7,100.0,False,0,pos,5854.239448605239,0.9958841089293641,OnTrack,-1389.0,-857.0,1871.0
2026-09-05 15:01:10.433,0 days 01:14:33.829000,16,268.15333333333547,0 days 00:01:21.786000,11204.899972654544,289.69999941818185,7,100.0,False,0,interpolation,5873.101117971454,0.9990927301268058,OnTrack,-1373.4154710148264,-669.7758492942171,1871.0291957448046
