Date,SessionTime,DriverAhead,DistanceToDriverAhead,Time,RPM,Speed,nGear,Throttle,Brake,DRS,Source,Distance,RelativeDistance,Status,X,Y,Z
2026-09-05 14:39:30.878,0 days 00:52:54.274000,,156.77999999999997,0 days 00:00:00,10825.0291904,305.38333439999997,8,100.0,False,0,interpolation,0.12740013605734846,2.1926485722028946e-05,OnTrack,-1365.0687988683414,-570.8303028451392,1871.9965112665109
2026-09-05 14:39:30.879,0 days 00:52:54.275000,,156.77999999999997,0 days 00:00:00.001000,10825.4,305.4,8,100.0,False,0,pos,0.21277842220168708,3.662070685906491e-05,OnTrack,-1365.0,-570.0,1872.0
2026-09-05 14:39:30.975,0 days 00:52:54.371000,,156.77999999999997,0 days 00:00:00.097000,10861.0,307.0,8,100.0,False,0,car,8.43083333333333,0.0014510074512395093,OnTrack,-1359.5694244488254,-505.1865382950326,1872.3217834945763
2026-09-05 14:39:31.219,0 days 00:52:54.615000,,156.77999999999997,0 days 00:00:00.341000,10996.942857142858,310.48571428571427,8,100.0,False,0,pos,29.496004110009775,0.005076475842097307,OnTrack,-1350.0,-399.0,1873.0
2026-09-05 14:39:31.255,0 days 00:52:54.651000,5,156.77999999999997,0 days 00:00:00.377000,11017.0,311.0,8,100.0,False,0,car,32.61972222222222,0.005614090343201439,OnTrack,-1347.750239581016,-374.34287737035675,1873.078218166037
2026-09-05 14:39:31.495,0 days 00:52:54.891000,5,157.78000000000003,0 days 00:00:00.617000,11108.0,314.0,8,100.0,False,0,car,53.55305555555555,0.009216868555629677,OnTrack,-1328.2396806313138,-158.42874811361952,1873.7185581898113
2026-09-05 14:39:31.539,0 days 00:52:54.935000,5,157.9388888888889,0 days 00:00:00.661000,11128.68,314.88,8,100.0,False,0,pos,57.423203104727556,0.009882948966571051,OnTrack,-1325.0,-121.0,1874.0
2026-09-05 14:39:31.659,0 days 00:52:55.055000,5,158.3722222222222,0 days 00:00:00.781000,11185.08,317.28,8,100.0,False,0,pos,68.02921010482741,0.01170831955291601,OnTrack,-1316.0,-15.0,1875.0
2026-09-05 14:39:31.695,0 days 00:52:55.091000,5,158.5022222222222,0 days 00:00:00.817000,11202.0,318.0,8,100.0,False,0,car,71.21972222222222,0.012257429785863699,OnTrack,-1311.8546870408218,32.248905743494646,1875.2552207945484
2026-09-05 14:39:31.839,0 days 00:52:55.235000,5,158.98222222222222,0 days 00:00:00.961000,11243.04,319.44,8,100.0,False,0,pos,84.01330433481625,0.014459297885903446,OnTrack,-1291.0,266.0,1876.0
2026-09-05 14:39:31.895,0 days 00:52:55.291000,5,159.1688888888889,0 days 00:00:01.017000,11259.0,320.0,8,100.0,False,0,car,88.99749999999999,0.015317114042702966,OnTrack,-1284.5969218260816,338.21997507737825,1876.242002246522
2026-09-05 14:39:32.055,0 days 00:52:55.451000,5,159.70222222222225,0 days 00:00:01.177000,11322.0,321.0,8,100.0,False,0,car,103.26416666666667,0.017772510658816482,OnTrack,-1273.4637979467543,466.6486102945583,1876.8246470659742
2026-09-05 14:39:32.255,0 days 00:52:55.651000,5,160.31333333333333,0 days 00:00:01.377000,11390.0,323.0,8,100.0,False,0,car,121.20861111111111,0.020860879455563617,OnTrack,-1267.4325730762766,541.6664295804748,1877.5107539252786
2026-09-05 14:39:32.359,0 days 00:52:55.755000,5,160.57333333333332,0 days 00:00:01.481000,11423.8,324.3,8,100.0,False,0,pos,130.58940632248314,0.02247538222321245,OnTrack,-1262.0,606.0,1878.0
2026-09-05 14:39:32.415,0 days 00:52:55.811000,5,160.71333333333334,0 days 00:00:01.537000,11442.0,325.0,8,100.0,False,0,car,135.65305555555554,0.02334687291424552,OnTrack,-1258.341516728651,648.7184905060429,1878.3031448243876
2026-09-05 14:39:32.539,0 days 00:52:55.935000,5,160.95444444444445,0 days 00:00:01.661000,11473.516666666666,326.03333333333336,8,100.0,False,0,pos,146.89415471562367,0.02528154745903719,OnTrack,-1248.0,768.0,1879.0
2026-09-05 14:39:32.655,0 days 00:52:56.051000,5,161.18,0 days 00:00:01.777000,11503.0,327.0,8,100.0,False,0,car,157.45305555555552,0.02709881073419467,OnTrack,-1234.6796788284535,919.7782829028747,1879.5331129193585
2026-09-05 14:39:32.779,0 days 00:52:56.175000,5,161.35222222222225,0 days 00:00:01.901000,11529.128571428571,328.3285714285714,8,100.0,False,0,pos,168.79337859732095,0.029050562427352492,OnTrack,-1221.0,1076.0,1880.0
2026-09-05 14:39:32.935,0 days 00:52:56.331000,5,161.56888888888892,0 days 00:00:02.057000,11562.0,330.0,8,100.0,False,0,car,183.1197222222222,0.031516229880006366,OnTrack,-1211.6745801444692,1186.0480998948542,1880.4900862739146
2026-09-05 14:39:33.099,0 days 00:52:56.495000,5,161.66000000000005,0 days 00:00:02.221000,11598.9,330.68333333333334,8,100.0,False,0,pos,198.22497522687976,0.03411595327578963,OnTrack,-1204.0,1277.0,1881.0
2026-09-05 14:39:33.319,0 days 00:52:56.715000,5,161.7822222222223,0 days 00:00:02.441000,11648.4,331.6,8,100.0,False,0,pos,218.5333710379842,0.03761117521644007,OnTrack,-1186.0,1478.0,1882.0
2026-09-05 14:39:33.415,0 days 00:52:56.811000,5,161.83555555555563,0 days 00:00:02.537000,11670.0,332.0,8,100.0,False,0,car,227.38638888888886,0.03913484367953614,OnTrack,-1177.5802584127216,1568.2844410085345,1882.7828121619762
2026-09-05 14:39:33.575,0 days 00:52:56.971000,5,161.88000000000008,0 days 00:00:02.697000,11651.0,332.0,8,100.0,False,0,car,242.14194444444442,0.04167438161271274,OnTrack,-1165.3025897306813,1714.3614834221373,1883.9678547412668
2026-09-05 14:39:33.599,0 days 00:52:56.995000,5,161.86666667095486,0 days 00:00:02.721000,11655.341707146386,332.241205952577,8,100.0,False,0,pos,244.3625237016704,0.042056559378647634,OnTrack,-1164.0,1736.0,1884.0
2026-09-05 14:39:33.619,0 days 00:52:57.015000,5,161.85555556341717,0 days 00:00:02.741000,11658.95979643504,332.4422109130578,8,100.0,False,0,pos,246.21494757791316,0.042375374938273876,OnTrack,-1163.0,1754.0,1884.0
2026-09-05 14:39:33.774,0 days 00:52:57.170000,5,161.76944444444456,0 days 00:00:02.896000,11687.0,334.0,8,100.0,False,0,car,260.60472222222216,0.04485195932857334,OnTrack,-1151.0721884156935,1896.6552820027284,1884.3590119240366
2026-09-05 14:39:33.899,0 days 00:52:57.295000,5,161.7347222400001,0 days 00:00:03.021000,11705.3593656,334.0,8,100.0,False,0,pos,272.2000295181604,0.04684759565781935,OnTrack,-1140.0,2013.0,1885.0
2026-09-05 14:39:34.059,0 days 00:52:57.455000,5,161.69027779555566,0 days 00:00:03.181000,11728.8593656,334.0,8,100.0,False,0,pos,287.0415888582261,0.04940193546492999,OnTrack,-1128.0,2161.0,1886.0
2026-09-05 14:39:34.094,0 days 00:52:57.490000,5,161.68055555555566,0 days 00:00:03.216000,11734.0,334.0,8,100.0,False,0,car,290.2936111111111,0.04996163203749492,OnTrack,-1125.319238544437,2193.6553569065454,1886.1750980393365
2026-09-05 14:39:34.294,0 days 00:52:57.690000,5,161.51388888888897,0 days 00:00:03.416000,11762.0,335.0,8,100.0,False,0,car,308.9047222222222,0.05316473899387352,OnTrack,-1109.1214547500267,2380.9402699022708,1886.807966388015
2026-09-05 14:39:34.359,0 days 00:52:57.755000,5,161.45972227555563,0 days 00:00:03.481000,11770.5312416,335.0,8,100.0,False,0,pos,314.9516864836899,0.05420546531995066,OnTrack,-1104.0,2439.0,1887.0
2026-09-05 14:39:34.454,0 days 00:52:57.850000,5,161.38055555555565,0 days 00:00:03.576000,11783.0,335.0,8,100.0,False,0,car,323.7936111111111,0.05572722455897641,OnTrack,-1096.812404039871,2520.2505099702926,1887.3133077159243
2026-09-05 14:39:34.599,0 days 00:52:57.995000,5,161.17916675555566,0 days 00:00:03.721000,11738.464305371428,335.5178569142857,8,100.0,False,0,pos,337.3256395524216,0.05805618461813147,OnTrack,-1086.0,2644.0,1888.0
2026-09-05 14:39:34.734,0 days 00:52:58.130000,5,160.9916666666668,0 days 00:00:03.856000,11697.0,336.0,8,100.0,False,0,car,349.9269444444444,0.06022496041653014,OnTrack,-1075.3953602302863,2769.328994618916,1888.968168909471
2026-09-05 14:39:34.739,0 days 00:52:58.135000,5,160.98611118222234,0 days 00:00:03.861000,11697.52499328,335.97500032,8,100.0,False,0,pos,350.39304850280547,0.06030518029930979,OnTrack,-1075.0,2774.0,1889.0
2026-09-05 14:39:34.934,0 days 00:52:58.330000,5,160.76944444444456,0 days 00:00:04.056000,11718.0,335.0,8,100.0,False,0,car,368.53805555555556,0.06342806737290875,OnTrack,-1059.5855821757484,2954.4294436086584,1889.8465550011024
2026-09-05 14:39:34.979,0 days 00:52:58.375000,5,160.71944451555567,0 days 00:00:04.101000,11719.1249984,334.77500032,8,100.0,False,0,pos,372.7163787515406,0.06414718704368798,OnTrack,-1056.0,2996.0,1890.0
2026-09-05 14:39:35.134,0 days 00:52:58.530000,5,160.54722222222233,0 days 00:00:04.256000,11723.0,334.0,8,100.0,False,0,car,387.09361111111116,0.06662161281598475,OnTrack,-1043.5219064923667,3139.650117996733,1890.5221910187006
2026-09-05 14:39:35.239,0 days 00:52:58.635000,5,160.40138897777786,0 days 00:00:04.361000,11718.187502933333,334.0,8,100.0,False,0,pos,396.8376398027311,0.06829863069519385,OnTrack,-1035.0,3237.0,1891.0
2026-09-05 14:39:35.374,0 days 00:52:58.770000,5,160.2138888888889,0 days 00:00:04.496000,11712.0,334.0,8,100.0,False,0,car,409.36027777777787,0.07045386734767593,OnTrack,-1024.0383821703529,3361.895229359161,1891.8271990352534
2026-09-05 14:39:35.439,0 days 00:52:58.835000,5,160.14166673777783,0 days 00:00:04.561000,11702.946437485714,333.7678573714286,8,100.0,False,0,pos,415.38084130423624,0.07149004991613124,OnTrack,-1019.0,3422.0,1892.0
2026-09-05 14:39:35.479,0 days 00:52:58.875000,5,160.0972222933334,0 days 00:00:04.601000,11697.375008914285,333.6250002285714,8,100.0,False,0,pos,419.08291635736987,0.07212720383375244,OnTrack,-1016.0,3459.0,1892.0
2026-09-05 14:39:35.654,0 days 00:52:59.050000,5,159.90277777777794,0 days 00:00:04.776000,11673.0,333.0,8,100.0,False,0,car,435.2602777777778,0.07491144484935863,OnTrack,-1001.8182139418126,3621.386843529479,1893.2954871848988
2026-09-05 14:39:35.738,0 days 00:52:59.134000,5,159.83277799111127,0 days 00:00:04.860000,11669.64001024,332.79000064,8,100.0,False,0,pos,443.01761810898626,0.07624653927921542,OnTrack,-995.0,3699.0,1894.0
2026-09-05 14:39:35.999,0 days 00:52:59.395000,5,159.61527783111123,0 days 00:00:05.121000,11659.20000256,332.13750016,8,100.0,False,0,pos,467.0858889276242,0.08038886292807901,OnTrack,-975.0,3938.0,1895.0
2026-09-05 14:39:36.054,0 days 00:52:59.450000,5,159.56944444444457,0 days 00:00:05.176000,11657.0,332.0,8,100.0,False,0,car,472.1491666666667,0.08126028968230012,OnTrack,-970.6810666812974,3988.524282195423,1895.2535561691411
2026-09-05 14:39:36.199,0 days 00:52:59.595000,5,159.44861116444457,0 days 00:00:05.321000,11641.181825163636,331.6704546909091,8,100.0,False,0,pos,485.48264082306855,0.08355507711159914,OnTrack,-959.0,4122.0,1896.0
2026-09-05 14:39:36.459,0 days 00:52:59.855000,5,159.2319444977779,0 days 00:00:05.581000,11612.8181888,331.0795456,8,100.0,False,0,pos,509.38059649886463,0.08766808829139218,OnTrack,-938.0,4360.0,1897.0
2026-09-05 14:39:36.494,0 days 00:52:59.890000,5,159.2027777777779,0 days 00:00:05.616000,11609.0,331.0,8,100.0,False,0,car,512.6047222222222,0.08822298366926998,OnTrack,-935.3832035759551,4391.8046765295,1897.2287148403989
2026-09-05 14:39:36.619,0 days 00:53:00.015000,5,159.06388893230888,0 days 00:00:05.741000,11603.158880330742,331.3894079779505,8,100.0,False,0,pos,524.1350716383854,0.09020744027714757,OnTrack,-926.0,4507.0,1898.0
2026-09-05 14:39:36.779,0 days 00:53:00.175000,5,158.8861111190863,0 days 00:00:05.901000,11595.682243326055,331.8878504449297,8,100.0,False,0,pos,538.8960026166268,0.09274790335948348,OnTrack,-912.0,4663.0,1898.0
2026-09-05 14:39:36.815,0 days 00:53:00.211000,5,158.8461111111112,0 days 00:00:05.937000,11594.0,332.0,8,100.0,False,0,car,542.2080555555556,0.09331793164770552,OnTrack,-909.0268315841006,4696.272364725928,1898.213138709378
2026-09-05 14:39:36.979,0 days 00:53:00.375000,5,158.663888888889,0 days 00:00:06.101000,11586.483333333334,330.6333333333333,8,100.0,False,0,pos,557.2524053994126,0.09590717316860979,OnTrack,-896.0,4846.0,1900.0
2026-09-05 14:39:37.055,0 days 00:53:00.451000,5,158.57944444444456,0 days 00:00:06.177000,11583.0,330.0,8,100.0,False,0,car,564.2080555555555,0.0971042909155441,OnTrack,-889.108863357296,4926.650665600746,1900.4911763634009
2026-09-05 14:39:37.299,0 days 00:53:00.695000,5,158.30833333333342,0 days 00:00:06.421000,11568.185714285713,329.12857142857143,8,100.0,False,0,pos,586.5051046097316,0.10094177447607731,OnTrack,-865.0,5211.0,1901.0
2026-09-05 14:39:37.335,0 days 00:53:00.731000,5,158.26833333333343,0 days 00:00:06.457000,11566.0,329.0,8,100.0,False,0,car,589.7969444444444,0.10150832394273213,OnTrack,-861.7541329726268,5249.052208147645,1901.1544114323344
2026-09-05 14:39:37.655,0 days 00:53:01.051000,5,157.29055555555567,0 days 00:00:06.777000,11553.0,330.0,8,100.0,False,0,car,619.1302777777778,0.10655680296651693,OnTrack,-837.4211575458768,5530.417096782257,1903.4878078564311
2026-09-05 14:39:37.759,0 days 00:53:01.155000,5,155.8750000000001,0 days 00:00:06.881000,11551.7,330.43333333333334,8,100.0,False,0,pos,628.703622226493,0.10820444485186258,OnTrack,-831.0,5603.0,1904.0
2026-09-05 14:39:37.895,0 days 00:53:01.291000,5,154.02388888888902,0 days 00:00:07.017000,11550.0,331.0,8,100.0,False,0,car,641.1969444444445,0.11035463605031867,OnTrack,-823.6115189879381,5685.066086675692,1904.2699937505427
2026-09-05 14:39:38.095,0 days 00:53:01.491000,5,149.80166666666685,0 days 00:00:07.217000,11537.0,328.0,8,100.0,False,0,car,659.4191666666667,0.11349081241357892,OnTrack,-810.8772009048746,5830.253338158216,1904.5372373008881
2026-09-05 14:39:38.159,0 days 00:53:01.555000,5,147.70388888888905,0 days 00:00:07.281000,11534.0,328.4,8,100.0,False,0,pos,665.2709108422619,0.11449793994959188,OnTrack,-804.0,5913.0,1905.0
2026-09-05 14:39:38.339,0 days 00:53:01.735000,5,141.80388888888902,0 days 00:00:07.461000,11525.5625,329.525,8,100.0,False,0,pos,681.796824309845,0.11734216929584106,OnTrack,-780.0,6207.0,1907.0
2026-09-05 14:39:38.415,0 days 00:53:01.811000,5,139.3127777777779,0 days 00:00:07.537000,11522.0,330.0,8,100.0,False,0,car,688.7525,0.11853929143736372,OnTrack,-772.956079961084,6293.0621991654025,1907.524013182898
2026-09-05 14:39:38.655,0 days 00:53:02.051000,5,130.11277777777786,0 days 00:00:07.777000,11496.0,328.0,8,100.0,False,0,car,710.6191666666667,0.12230270307327601,OnTrack,-763.5850781841892,6403.777352964472,1907.7696154241341
2026-09-05 14:39:38.739,0 days 00:53:02.135000,5,126.40277777777784,0 days 00:00:07.861000,11500.725,328.525,8,100.0,False,0,pos,718.2964449087258,0.1236240182379849,OnTrack,-759.0,6457.0,1908.0
2026-09-05 14:39:38.815,0 days 00:53:02.211000,5,123.04611111111114,0 days 00:00:07.937000,11505.0,329.0,8,100.0,False,0,car,725.241388888889,0.12481929337452632,OnTrack,-753.4306934030079,6521.838593755968,1908.3648941769832
2026-09-05 14:39:38.919,0 days 00:53:02.315000,5,117.93277777777789,0 days 00:00:08.041000,11496.333333333334,328.56666666666666,8,100.0,False,0,pos,734.7155650608838,0.12644986768152489,OnTrack,-745.0,6621.0,1909.0
2026-09-05 14:39:39.055,0 days 00:53:02.451000,5,111.2461111111113,0 days 00:00:08.177000,11485.0,328.0,8,100.0,False,0,car,747.1080555555556,0.1285827050104386,OnTrack,-735.0682985036361,6741.075282995914,1909.841890226003
2026-09-05 14:39:39.079,0 days 00:53:02.475000,5,109.9261111111113,0 days 00:00:08.201000,11470.771428571428,328.0,8,100.0,False,0,pos,749.3032906433673,0.12896052086133952,OnTrack,-733.0,6766.0,1910.0
2026-09-05 14:39:39.335,0 days 00:53:02.731000,5,95.84611111111121,0 days 00:00:08.457000,11319.0,328.0,8,100.0,False,0,car,772.6191666666667,0.13297335191900297,OnTrack,-704.1612314169225,7108.844098122252,1911.7807794687749
2026-09-05 14:39:39.379,0 days 00:53:02.775000,5,93.51166666666677,0 days 00:00:08.501000,11258.5,323.82,8,78.0,False,0,pos,776.5121668926253,0.13364336544106006,OnTrack,-700.0,7158.0,1912.0
2026-09-05 14:39:39.535,0 days 00:53:02.931000,5,85.23500000000013,0 days 00:00:08.657000,11044.0,309.0,8,0.0,True,0,car,789.7858333333334,0.13592785952951336,OnTrack,-689.6980932205025,7279.051905042105,1912.4408118054698
2026-09-05 14:39:39.815,0 days 00:53:03.211000,5,72.86833333333357,0 days 00:00:08.937000,10247.0,265.0,8,0.0,True,0,car,810.3969444444444,0.1394751809647864,OnTrack,-680.1426917299912,7390.430936598626,1912.8847266418175
2026-09-05 14:39:39.839,0 days 00:53:03.235000,5,71.96166666666691,0 days 00:00:08.961000,10283.0,260.8,8,0.0,True,0,pos,812.0323527449982,0.13975664657276377,OnTrack,-679.0,7404.0,1913.0
2026-09-05 14:39:39.975,0 days 00:53:03.371000,5,66.8238888888892,0 days 00:00:09.097000,10487.0,237.0,8,0.0,True,0,car,820.9302777777777,0.14128804388696364,OnTrack,-671.4549974698739,7494.250563960816,1913.8352599753368
2026-09-05 14:39:40.019,0 days 00:53:03.415000,5,65.47944444444475,0 days 00:00:09.141000,10538.5625,232.325,8,0.0,True,0,pos,823.6363137819892,0.14175377227349323,OnTrack,-669.0,7524.0,1914.0
2026-09-05 14:39:40.179,0 days 00:53:03.575000,5,60.59055555555584,0 days 00:00:09.301000,10726.0625,215.325,8,0.0,True,0,pos,832.7588271414435,0.14332382286460918,OnTrack,-661.0,7622.0,1914.0
2026-09-05 14:39:40.295,0 days 00:53:03.691000,5,57.04611111111137,0 days 00:00:09.417000,10862.0,203.0,8,0.0,True,0,car,838.9747222222222,0.14439362340765552,OnTrack,-656.4052784346675,7675.916585767171,1914.2208375648215
2026-09-05 14:39:40.439,0 days 00:53:03.835000,5,53.36611209655038,0 days 00:00:09.561000,10764.39333157668,189.74477342399373,8,0.0,True,0,pos,846.3918657844074,0.14567016751072687,OnTrack,-648.0,7765.0,1915.0
2026-09-05 14:39:40.534,0 days 00:53:03.930000,5,50.9383333333335,0 days 00:00:09.656000,10700.0,181.0,7,0.0,True,0,car,850.9911111111112,0.14646173092744633,OnTrack,-638.2919210075929,7863.930451054505,1915.8090906703085
2026-09-05 14:39:40.559,0 days 00:53:03.955000,5,50.4591678933335,0 days 00:00:09.681000,10725.39056,178.656256,7,0.0,True,0,pos,852.151738536349,0.14666148330963075,OnTrack,-636.0,7887.0,1916.0
2026-09-05 14:39:40.854,0 days 00:53:04.250000,5,44.80500000000018,0 days 00:00:09.976000,11025.0,151.0,4,0.0,True,0,car,864.4133333333334,0.14877179254135997,OnTrack,-625.9400805111333,7968.473334633167,1916.8410220714954
2026-09-05 14:39:40.939,0 days 00:53:04.335000,5,43.64805642666689,0 days 00:00:10.061000,10958.7708832,142.5000064,4,0.0,True,0,pos,867.5485564860123,0.1493113871432185,OnTrack,-622.0,7982.0,1917.0
2026-09-05 14:39:41.094,0 days 00:53:04.490000,5,41.53833333333364,0 days 00:00:10.216000,10838.0,127.0,3,0.0,True,0,car,872.88,0.15022896716867964,OnTrack,-609.0864458138841,8031.768623300764,1917.4580620159936
2026-09-05 14:39:41.299,0 days 00:53:04.695000,5,40.000833813333614,0 days 00:00:10.421000,10187.694647466667,117.31944746666667,3,0.0,True,0,pos,879.2964920397228,0.15133329190057132,OnTrack,-588.0,8109.0,1918.0
2026-09-05 14:39:41.454,0 days 00:53:04.850000,5,38.838333333333594,0 days 00:00:10.576000,9696.0,110.0,2,0.0,True,0,car,883.88,0.15212214680259895,OnTrack,-576.0278904974301,8139.489502687469,1917.9832227481006
2026-09-05 14:39:41.654,0 days 00:53:05.050000,5,37.782777777778165,0 days 00:00:10.776000,11096.0,103.0,2,0.0,True,0,car,889.6022222222222,0.15310698267276907,OnTrack,-561.404664425151,8160.816676894474,1917.8935297662317
2026-09-05 14:39:41.699,0 days 00:53:05.095000,5,37.62027800888928,0 days 00:00:10.821000,11022.772831418182,101.56818385454545,2,0.0,True,0,pos,890.8153464131442,0.1533157701283753,OnTrack,-557.0,8168.0,1918.0
2026-09-05 14:39:41.939,0 days 00:53:05.335000,5,36.753611342222634,0 days 00:00:11.061000,10632.227376872728,93.93182021818181,2,0.0,True,0,pos,896.7733594272754,0.15434118730082794,OnTrack,-525.0,8219.0,1919.0
2026-09-05 14:39:42.094,0 days 00:53:05.490000,5,36.19388888888932,0 days 00:00:11.216000,10380.0,89.0,1,0.0,False,0,car,900.4799999999999,0.15497912697742258,OnTrack,-494.6217031152538,8251.26019953708,1918.99625373568
2026-09-05 14:39:42.138,0 days 00:53:05.534000,5,36.05944522666708,0 days 00:00:11.260000,10303.22044672,88.34000384,1,0.0,False,0,pos,901.5358110542606,0.15516083970334923,OnTrack,-486.0,8259.0,1919.0
2026-09-05 14:39:42.294,0 days 00:53:05.690000,5,35.58277777777812,0 days 00:00:11.416000,10031.0,86.0,1,0.0,False,0,car,905.2577777777777,0.15580141712144815,OnTrack,-458.14946281534816,8279.699692259981,1919.2770983229977
2026-09-05 14:39:42.534,0 days 00:53:05.930000,5,35.0494444444447,0 days 00:00:11.656000,9484.0,82.0,1,5.0,False,0,car,910.7244444444444,0.15674227003042623,OnTrack,-414.6059247279046,8297.411494223876,1919.970286550663
2026-09-05 14:39:42.559,0 days 00:53:05.955000,5,35.05638887111137,0 days 00:00:11.681000,9532.352148945454,81.77272785454545,1,6.647723054545454,False,0,pos,911.277633539114,0.15683747787840213,OnTrack,-409.0,8299.0,1920.0
2026-09-05 14:39:42.759,0 days 00:53:06.155000,5,35.111944426666945,0 days 00:00:11.881000,9919.170330763636,79.95454603636364,1,19.829541236363635,False,0,pos,915.6002371473569,0.15758142925264135,OnTrack,-357.0,8311.0,1920.0
2026-09-05 14:39:42.974,0 days 00:53:06.370000,5,35.171666666666965,0 days 00:00:12.096000,10335.0,78.0,1,34.0,False,0,car,920.2577777777777,0.1583830257131563,OnTrack,-291.12235544602777,8326.212659295335,1920.0176702733002
2026-09-05 14:39:43.139,0 days 00:53:06.535000,5,35.3091666446504,0 days 00:00:12.261000,9982.099700634808,79.76156555423557,1,14.035590385330194,False,0,pos,923.9654756966986,0.15902114736668593,OnTrack,-251.0,8337.0,1920.0
2026-09-05 14:39:43.255,0 days 00:53:06.651000,5,35.4058333333337,0 days 00:00:12.377000,9734.0,81.0,1,0.0,True,0,car,926.5802777777777,0.15947117373456127,OnTrack,-235.27988645760598,8342.87275230023,1919.926792297949
2026-09-05 14:39:43.459,0 days 00:53:06.855000,5,36.369166666667006,0 days 00:00:12.581000,9549.125,79.725,1,0.0,True,0,pos,931.1006222126028,0.16024915773658957,OnTrack,-218.0,8357.0,1920.0
2026-09-05 14:39:43.575,0 days 00:53:06.971000,5,36.916944444444766,0 days 00:00:12.697000,9444.0,79.0,1,0.0,False,0,car,933.6025,0.16067974901601279,OnTrack,-201.79294128115677,8373.251659046568,1920.4278324609234
2026-09-05 14:39:43.739,0 days 00:53:07.135000,5,38.28361111111143,0 days 00:00:12.861000,9180.233333333334,76.26666666666667,1,0.0,False,0,pos,937.03721518663,0.16127088836507106,OnTrack,-178.0,8401.0,1921.0
2026-09-05 14:39:43.815,0 days 00:53:07.211000,5,38.916944444444766,0 days 00:00:12.937000,9058.0,75.0,1,0.0,False,0,car,938.6025,0.1615402852132488,OnTrack,-170.67553089161316,8412.750395196952,1920.9778843879792
2026-09-05 14:39:43.939,0 days 00:53:07.335000,5,40.501388888889196,0 days 00:00:13.061000,9132.0125,74.225,1,5.8125,False,0,pos,941.1324656463383,0.16197571061653637,OnTrack,-161.0,8439.0,1921.0
2026-09-05 14:39:44.099,0 days 00:53:07.495000,5,42.54583333333362,0 days 00:00:13.221000,9227.5125,73.225,1,13.3125,False,0,pos,944.3653864203395,0.16253211968630127,OnTrack,-147.0,8498.0,1922.0
2026-09-05 14:39:44.135,0 days 00:53:07.531000,5,43.00583333333361,0 days 00:00:13.257000,9249.0,73.0,1,15.0,False,0,car,945.0913888888889,0.16265706996699517,OnTrack,-145.00435664286562,8507.503488729924,1922.132292105945
2026-09-05 14:39:44.415,0 days 00:53:07.811000,5,47.82805555555581,0 days 00:00:13.537000,9573.0,73.0,1,25.0,False,0,car,950.7691666666667,0.1636342566265232,OnTrack,-143.01598942696714,8534.456112931088,1921.9930061014138
2026-09-05 14:39:44.419,0 days 00:53:07.815000,5,47.91027777777803,0 days 00:00:13.541000,9582.385714285714,73.05714285714286,1,25.17142857142857,False,0,pos,950.8520887816604,0.16364852812282388,OnTrack,-143.0,8535.0,1922.0
2026-09-05 14:39:44.679,0 days 00:53:08.075000,5,53.254722222222505,0 days 00:00:13.801000,10192.457142857143,76.77142857142857,1,36.31428571428572,False,0,pos,956.4040313869722,0.16460405763819344,OnTrack,-141.0,8590.0,1923.0
2026-09-05 14:39:44.695,0 days 00:53:08.091000,5,53.583611111111395,0 days 00:00:13.817000,10230.0,77.0,1,37.0,False,0,car,956.7580555555555,0.16466498776054592,OnTrack,-141.06362748534198,8593.742109186658,1923.025593951047
2026-09-05 14:39:44.959,0 days 00:53:08.355000,5,59.816944444444815,0 days 00:00:14.081000,11226.6,82.65714285714286,1,50.2,False,0,pos,962.8304009810554,0.16571008236869864,OnTrack,-146.0,8653.0,1923.0
2026-09-05 14:39:44.975,0 days 00:53:08.371000,5,60.194722222222595,0 days 00:00:14.097000,11287.0,83.0,1,51.0,False,0,car,963.213611111111,0.16577603560631068,OnTrack,-146.39876630923595,8656.250917995945,1923.0548856200453
2026-09-05 14:39:45.159,0 days 00:53:08.555000,5,64.7436111111116,0 days 00:00:14.281000,11994.48,88.52,1,58.36,False,0,pos,967.7516817245858,0.16655707041201231,OnTrack,-154.0,8702.0,1924.0
2026-09-05 14:39:45.175,0 days 00:53:08.571000,5,65.13916666666717,0 days 00:00:14.297000,12056.0,89.0,1,59.0,False,0,car,968.1580555555555,0.1666270102902441,OnTrack,-155.37614363964036,8708.72716526824,1924.0372482427817
2026-09-05 14:39:45.319,0 days 00:53:08.715000,5,68.85916666666714,0 days 00:00:14.441000,11271.92,93.32,1,67.64,False,0,pos,971.9085275859268,0.1672724936780153,OnTrack,-171.0,8781.0,1924.0
2026-09-05 14:39:45.375,0 days 00:53:08.771000,5,70.3058333333338,0 days 00:00:14.497000,10967.0,95.0,1,71.0,False,0,car,973.4358333333332,0.16753535405399325,OnTrack,-175.5279667210868,8801.341965016205,1923.9434191319667
2026-09-05 14:39:45.535,0 days 00:53:08.931000,5,74.26138888888931,0 days 00:00:14.657000,10287.0,103.0,2,74.0,False,0,car,978.013611111111,0.16832322275012937,OnTrack,-181.341126442851,8825.381049835505,1923.757454287251
2026-09-05 14:39:45.735,0 days 00:53:09.131000,5,79.42805555555583,0 days 00:00:14.857000,11194.0,108.0,2,83.0,False,0,car,984.013611111111,0.16935586618681261,OnTrack,-191.61846721653112,8861.592737058476,1923.9861334559168
2026-09-05 14:39:45.739,0 days 00:53:09.135000,5,79.51805555555583,0 days 00:00:14.861000,11197.681818181818,108.28181818181818,2,83.11818181818182,False,0,pos,984.1446322044634,0.16937841586549884,OnTrack,-192.0,8863.0,1924.0
2026-09-05 14:39:45.959,0 days 00:53:09.355000,5,84.46805555555582,0 days 00:00:15.081000,11400.181818181818,123.78181818181818,2,89.61818181818182,False,0,pos,992.2197702951005,0.1707682055904334,OnTrack,-219.0,8964.0,1925.0
2026-09-05 14:39:46.175,0 days 00:53:09.571000,5,89.3280555555558,0 days 00:00:15.297000,11599.0,139.0,2,96.0,False,0,car,1001.0024999999999,0.17227977695475466,OnTrack,-235.26017052374985,9024.997393322396,1924.9411574377546
2026-09-05 14:39:46.279,0 days 00:53:09.675000,5,91.5525000000002,0 days 00:00:15.401000,12102.533333333333,143.76666666666668,2,97.73333333333333,False,0,pos,1005.2631576452854,0.17301306698031438,OnTrack,-243.0,9054.0,1925.0
2026-09-05 14:39:46.415,0 days 00:53:09.811000,5,94.46138888888902,0 days 00:00:15.537000,12761.0,150.0,3,100.0,False,0,car,1011.0024999999999,0.17400084934922674,OnTrack,-256.1685899072232,9103.348561575029,1925.5039877736608
2026-09-05 14:39:46.519,0 days 00:53:09.915000,5,96.36805555555563,0 days 00:00:15.641000,12033.0,156.93333333333334,3,100.0,False,0,pos,1015.6499182638247,0.17480070367717016,OnTrack,-269.0,9153.0,1926.0
2026-09-05 14:39:46.655,0 days 00:53:10.051000,5,98.86138888888888,0 days 00:00:15.777000,11081.0,166.0,3,100.0,False,0,car,1022.0691666666665,0.1759055027991092,OnTrack,-289.8336046054268,9236.804545625113,1926.5671489276358
2026-09-05 14:39:46.779,0 days 00:53:10.175000,5,100.89361111111117,0 days 00:00:15.901000,11211.888888888889,172.88888888888889,3,100.0,False,0,pos,1028.2613806397628,0.17697122765208523,OnTrack,-309.0,9316.0,1927.0
2026-09-05 14:39:47.015,0 days 00:53:10.411000,5,104.76138888888909,0 days 00:00:16.137000,11461.0,186.0,4,100.0,False,0,car,1040.6691666666666,0.17910669745282726,OnTrack,-336.6809142416707,9435.792076761192,1927.5933993275632
2026-09-05 14:39:47.219,0 days 00:53:10.615000,5,108.16138828276107,0 days 00:00:16.341000,11051.863582687272,191.1142052164091,4,100.0,False,0,pos,1051.6106586784458,0.1809898074384083,OnTrack,-355.0,9519.0,1928.0
2026-09-05 14:39:47.374,0 days 00:53:10.770000,5,110.74472222222244,0 days 00:00:16.496000,10741.0,195.0,4,100.0,False,0,car,1060.1149999999998,0.18245346614657776,OnTrack,-367.4480426289015,9576.328765837743,1928.317632582426
2026-09-05 14:39:47.574,0 days 00:53:10.970000,5,113.80027777777786,0 days 00:00:16.696000,10993.0,204.0,5,100.0,False,0,car,1071.4483333333333,0.18440401486031283,OnTrack,-384.4555227735071,9677.101458172001,1928.8953855247803
2026-09-05 14:39:47.599,0 days 00:53:10.995000,5,114.13361025777789,0 days 00:00:16.721000,11028.7290752,205.2499968,5,100.0,False,0,pos,1072.909373981404,0.18465547053297246,OnTrack,-387.0,9696.0,1929.0
2026-09-05 14:39:47.814,0 days 00:53:11.210000,5,117.00027777777814,0 days 00:00:16.936000,11336.0,216.0,5,100.0,False,0,car,1085.8483333333331,0.1868823591083526,OnTrack,-410.14831242661006,9892.498294385518,1929.9664425126432
2026-09-05 14:39:47.839,0 days 00:53:11.235000,5,117.31972140444482,0 days 00:00:16.961000,11394.62484992,216.74999808,5,100.0,False,0,pos,1087.3772633147976,0.1871454990267705,OnTrack,-412.0,9910.0,1930.0
2026-09-05 14:39:48.014,0 days 00:53:11.410000,5,119.5558333333338,0 days 00:00:17.136000,11805.0,222.0,5,100.0,False,0,car,1098.1816666666664,0.18900501506153483,OnTrack,-417.3030617221397,9975.440119518356,1929.5613577868403
2026-09-05 14:39:48.139,0 days 00:53:11.535000,5,121.1183325333338,0 days 00:00:17.261000,11942.4999296,225.1249984,5,100.0,False,0,pos,1106.0054912522921,0.19035155191288608,OnTrack,-419.0,10022.0,1930.0
2026-09-05 14:39:48.174,0 days 00:53:11.570000,5,121.5558333333338,0 days 00:00:17.296000,11981.0,226.0,5,100.0,False,0,car,1108.2261111111109,0.19073373666664903,OnTrack,-419.8698552254837,10042.05791801914,1930.4054821707034
2026-09-05 14:39:48.339,0 days 00:53:11.735000,5,123.38916595555591,0 days 00:00:17.461000,11296.937765333334,232.1874976,5,100.0,False,0,pos,1118.9144267185063,0.1925732731601784,OnTrack,-425.0,10162.0,1933.0
2026-09-05 14:39:48.414,0 days 00:53:11.810000,5,124.22250000000031,0 days 00:00:17.536000,10986.0,235.0,5,100.0,False,0,car,1123.8927777777776,0.19343008341798865,OnTrack,-426.5157812309823,10213.374498487421,1933.5077124262034
2026-09-05 14:39:48.614,0 days 00:53:12.010000,5,126.11138888888945,0 days 00:00:17.736000,10747.0,244.0,6,100.0,False,0,car,1137.448333333333,0.19576309266382855,OnTrack,-427.47552795359513,10345.59531797959,1933.0009218995908
2026-09-05 14:39:48.678,0 days 00:53:12.074000,5,126.76916666666712,0 days 00:00:17.800000,10881.8,244.0,6,100.0,False,0,pos,1141.7795657428196,0.19650852911722955,OnTrack,-427.0,10400.0,1933.0
2026-09-05 14:39:48.774,0 days 00:53:12.170000,5,127.75583333333361,0 days 00:00:17.896000,11084.0,244.0,6,100.0,False,0,car,1148.2927777777775,0.1976295000605005,OnTrack,-425.6153922951488,10495.91936006455,1933.3244962288315
2026-09-05 14:39:48.898,0 days 00:53:12.294000,5,128.926942026667,0 days 00:00:18.020000,11235.124688,247.874992,6,100.0,False,0,pos,1156.8486175369974,0.1991020220226125,OnTrack,-423.0,10620.0,1934.0
2026-09-05 14:39:48.934,0 days 00:53:12.330000,5,129.2669444444448,0 days 00:00:18.056000,11279.0,249.0,6,100.0,False,0,car,1159.359444444444,0.19953415351038295,OnTrack,-422.16113623905,10649.497163652422,1934.1663585961887
2026-09-05 14:39:49.134,0 days 00:53:12.530000,5,130.93361111111176,0 days 00:00:18.256000,11512.0,255.0,6,100.0,False,0,car,1173.5261111111106,0.20197233940255171,OnTrack,-416.8630366383915,10759.943245019296,1934.8333395352734
2026-09-05 14:39:49.319,0 days 00:53:12.715000,5,132.2183328888895,0 days 00:00:18.441000,11701.6249344,260.2031232,6,100.0,False,0,pos,1187.023534338193,0.20429534365381552,OnTrack,-411.0,10848.0,1935.0
2026-09-05 14:39:49.454,0 days 00:53:12.850000,5,133.15583333333393,0 days 00:00:18.576000,11840.0,264.0,6,100.0,False,0,car,1196.9927777777773,0.20601112262157956,OnTrack,-405.10588593170974,10938.396634798919,1934.9353284645629
2026-09-05 14:39:49.479,0 days 00:53:12.875000,5,133.32249957333391,0 days 00:00:18.601000,11717.5003136,264.37499904,6,100.0,False,0,pos,1198.840924935925,0.20632920212706057,OnTrack,-403.0,10964.0,1935.0
2026-09-05 14:39:49.639,0 days 00:53:13.035000,5,134.38916624000052,0 days 00:00:18.761000,10933.5003136,266.77499904,6,100.0,False,0,pos,1210.706014951936,0.20837127001550884,OnTrack,-382.0,11185.0,1936.0
2026-09-05 14:39:49.654,0 days 00:53:13.050000,5,134.4891666666672,0 days 00:00:18.776000,10860.0,267.0,6,100.0,False,0,car,1211.8261111111105,0.2085640466733798,OnTrack,-380.04195000862927,11203.784823835782,1936.0760472238976
2026-09-05 14:39:49.855,0 days 00:53:13.251000,5,135.6616666666671,0 days 00:00:18.977000,10791.0,271.0,7,100.0,False,0,car,1226.956944444444,0.21116817262891563,OnTrack,-358.5924335318772,11375.906780567151,1936.3285414216768
2026-09-05 14:39:50.059,0 days 00:53:13.455000,5,136.90833333333373,0 days 00:00:19.181000,10864.95,272.275,7,100.0,False,0,pos,1242.3766321835387,0.21382201251882918,OnTrack,-341.0,11478.0,1936.0
2026-09-05 14:39:50.175,0 days 00:53:13.571000,5,137.6172222222226,0 days 00:00:19.297000,10907.0,273.0,7,100.0,False,0,car,1251.2236111111106,0.21534464163950123,OnTrack,-330.92680058764466,11534.544121167577,1935.8951359049274
2026-09-05 14:39:50.375,0 days 00:53:13.771000,5,138.56166666666718,0 days 00:00:19.497000,11029.0,278.0,7,100.0,False,0,car,1266.668055555555,0.2180027423376303,OnTrack,-309.55316716340405,11641.509182195534,1935.991856748523
2026-09-05 14:39:50.379,0 days 00:53:13.775000,5,138.57944444444496,0 days 00:00:19.501000,11030.757142857143,278.04285714285714,7,100.0,False,0,pos,1266.9785145040923,0.2180561745702248,OnTrack,-309.0,11644.0,1936.0
2026-09-05 14:39:50.655,0 days 00:53:14.051000,5,139.80611111111148,0 days 00:00:19.777000,11152.0,281.0,7,100.0,False,0,car,1288.5236111111105,0.2217642416708821,OnTrack,-259.39811247471414,11844.473382851,1936.924569821698
2026-09-05 14:39:50.699,0 days 00:53:14.095000,5,139.9772222222226,0 days 00:00:19.821000,11180.6,281.825,7,100.0,False,0,pos,1291.9845312996417,0.2223598910904773,OnTrack,-250.0,11878.0,1937.0
2026-09-05 14:39:50.815,0 days 00:53:14.211000,5,140.42833333333374,0 days 00:00:19.937000,11256.0,284.0,7,100.0,False,0,car,1301.1458333333328,0.22393661749323798,OnTrack,-223.67490434272145,11965.856090045985,1937.0098307675817
2026-09-05 14:39:50.899,0 days 00:53:14.295000,5,140.70833333333383,0 days 00:00:20.021000,11281.8,284.9,7,100.0,False,0,pos,1307.814403594645,0.22508432671197218,OnTrack,-203.0,12029.0,1937.0
2026-09-05 14:39:51.095,0 days 00:53:14.491000,5,141.36166666666736,0 days 00:00:20.217000,11342.0,287.0,7,100.0,False,0,car,1323.4680555555549,0.22777843353823177,OnTrack,-149.16952076934297,12175.027311883588,1937.014123762467
2026-09-05 14:39:51.099,0 days 00:53:14.495000,5,141.37277777777848,0 days 00:00:20.221000,11343.225,287.05,7,100.0,False,0,pos,1323.7884368718328,0.22783357348214683,OnTrack,-148.0,12178.0,1937.0
2026-09-05 14:39:51.255,0 days 00:53:14.651000,5,141.80611111111193,0 days 00:00:20.377000,11391.0,289.0,7,100.0,False,0,car,1336.3124999999993,0.22998905541379813,OnTrack,-100.27565962670741,12293.700508557793,1936.0373491697117
2026-09-05 14:39:51.299,0 days 00:53:14.695000,5,141.91611111111192,0 days 00:00:20.421000,11402.338461538462,289.25384615384615,7,100.0,False,0,pos,1339.8571372059089,0.2305991131381491,OnTrack,-86.0,12326.0,1936.0
2026-09-05 14:39:51.459,0 days 00:53:14.855000,5,142.31611111111192,0 days 00:00:20.581000,11443.569230769232,290.17692307692306,7,100.0,False,0,pos,1352.7943691254118,0.23282570440990308,OnTrack,-31.0,12442.0,1937.0
2026-09-05 14:39:51.639,0 days 00:53:15.035000,5,142.7661111111119,0 days 00:00:20.761000,11489.953846153847,291.2153846153846,7,100.0,False,0,pos,1367.4210986921114,0.23534307045776862,OnTrack,36.0,12571.0,1937.0
2026-09-05 14:39:51.775,0 days 00:53:15.171000,5,143.1061111111119,0 days 00:00:20.897000,11525.0,292.0,7,100.0,False,0,car,1378.490277777777,0.2372481563131493,OnTrack,89.78421264629785,12664.254555076264,1937.0621478893702
2026-09-05 14:39:51.879,0 days 00:53:15.275000,5,143.30833333333413,0 days 00:00:21.001000,11555.42,292.52,7,100.0,False,0,pos,1386.9638040182963,0.23870651152278857,OnTrack,136.0,12738.0,1937.0
2026-09-05 14:39:52.175,0 days 00:53:15.571000,5,143.88388888888971,0 days 00:00:21.297000,11642.0,294.0,7,100.0,False,0,car,1411.1569444444438,0.24287032613509146,OnTrack,292.9773935335436,12963.312694920645,1935.9963607435295
2026-09-05 14:39:52.179,0 days 00:53:15.575000,5,143.88944444444527,0 days 00:00:21.301000,11642.72,294.04,7,100.0,False,0,pos,1411.485222997581,0.24292682525064166,OnTrack,295.0,12966.0,1936.0
2026-09-05 14:39:52.375,0 days 00:53:15.771000,5,144.16166666666754,0 days 00:00:21.497000,11678.0,296.0,7,100.0,False,0,car,1427.601388888888,0.24570053407266776,OnTrack,385.8021817664091,13078.663569346125,1937.1024613553489
2026-09-05 14:39:52.535,0 days 00:53:15.931000,5,144.38388888888971,0 days 00:00:21.657000,11685.0,296.0,7,100.0,False,0,car,1440.7569444444437,0.24796470042272883,OnTrack,462.8868924917127,13162.787334533465,1937.9915784141401
2026-09-05 14:39:52.539,0 days 00:53:15.935000,5,144.38722222222304,0 days 00:00:21.661000,11685.4625,296.025,7,100.0,False,0,pos,1441.0866077991543,0.24802143787265496,OnTrack,465.0,13165.0,1938.0
2026-09-05 14:39:52.699,0 days 00:53:16.095000,5,144.52055555555637,0 days 00:00:21.821000,11703.9625,297.025,7,100.0,False,0,pos,1454.318123881063,0.25029867757921365,OnTrack,559.0,13259.0,1938.0
2026-09-05 14:39:52.855,0 days 00:53:16.251000,5,144.65055555555637,0 days 00:00:21.977000,11722.0,298.0,7,100.0,False,0,car,1467.2458333333325,0.2525236299654193,OnTrack,678.3243789665945,13366.35496130229,1938.4115415173642
2026-09-05 14:39:53.039,0 days 00:53:16.435000,5,144.7527777777783,0 days 00:00:22.161000,11175.914285714285,298.0,7,100.0,False,0,pos,1482.4642405645805,0.2551428280227729,OnTrack,821.0,13486.0,1939.0
2026-09-05 14:39:53.135,0 days 00:53:16.531000,5,144.80611111111148,0 days 00:00:22.257000,10891.0,298.0,7,100.0,False,0,car,1490.4236111111104,0.25651269331527354,OnTrack,878.5281688585989,13531.370885468617,1939.010558073179
2026-09-05 14:39:53.399,0 days 00:53:16.795000,5,144.80611111111148,0 days 00:00:22.521000,10548.625,299.65,7,100.0,False,0,pos,1512.426924653854,0.26029962286780656,OnTrack,1009.0,13623.0,1939.0
2026-09-05 14:39:53.455,0 days 00:53:16.851000,5,144.80611111111148,0 days 00:00:22.577000,10476.0,300.0,8,100.0,False,0,car,1517.0902777777771,0.26110221970053243,OnTrack,1041.7962317370254,13644.944001366683,1939.314108733764
2026-09-05 14:39:53.659,0 days 00:53:17.055000,5,144.74944444444506,0 days 00:00:22.781000,10505.75,299.15,8,100.0,False,0,pos,1534.0348225843006,0.2640184985308727,OnTrack,1194.0,13740.0,1941.0
2026-09-05 14:39:53.695,0 days 00:53:17.091000,5,144.7394444444451,0 days 00:00:22.817000,10511.0,299.0,8,100.0,False,0,car,1537.0236111111103,0.26453289067351343,OnTrack,1230.014747148673,13760.382668719272,1941.2303232726767
2026-09-05 14:39:53.859,0 days 00:53:17.255000,5,144.69388889802912,0 days 00:00:22.981000,10518.711597198928,299.0,8,100.0,False,0,pos,1550.644782498614,0.26687719287905404,OnTrack,1404.0,13854.0,1942.0
2026-09-05 14:39:54.014,0 days 00:53:17.410000,5,144.65083333333382,0 days 00:00:23.136000,10526.0,299.0,8,100.0,False,0,car,1563.5183333333325,0.2690928241751007,OnTrack,1498.9998968773205,13901.607099519548,1942.5845786180091
2026-09-05 14:39:54.159,0 days 00:53:17.555000,5,144.65083333333382,0 days 00:00:23.281000,10535.5156208,299.0,8,100.0,False,0,pos,1575.554099729365,0.27116426670415333,OnTrack,1570.0,13933.0,1943.0
2026-09-05 14:39:54.334,0 days 00:53:17.730000,5,144.65083333333382,0 days 00:00:23.456000,10547.0,299.0,8,100.0,False,0,car,1590.0961111111103,0.27366705213907544,OnTrack,1696.114680393502,13987.102517357744,1943.2933364678227
2026-09-05 14:39:54.479,0 days 00:53:17.875000,5,144.65083333333354,0 days 00:00:23.601000,10498.0625216,299.6041664,8,100.0,False,0,pos,1602.1822020866741,0.2757471558925876,OnTrack,1815.0,14034.0,1944.0
2026-09-05 14:39:54.574,0 days 00:53:17.970000,5,144.65083333333337,0 days 00:00:23.696000,10466.0,300.0,8,100.0,False,0,car,1610.0961111111105,0.27710919692801966,OnTrack,1891.9973734234666,14061.005101806073,1944.95592589704
2026-09-05 14:39:54.679,0 days 00:53:18.075000,5,144.67999998222214,0 days 00:00:23.801000,10438.4375168,299.3437504,8,100.0,False,0,pos,1618.8234338909524,0.27861123235942303,OnTrack,1972.0,14087.0,1946.0
2026-09-05 14:39:54.734,0 days 00:53:18.130000,5,144.69527777777762,0 days 00:00:23.856000,10424.0,299.0,8,100.0,False,0,car,1623.3849999999995,0.27939631091000705,OnTrack,2009.8033116765537,14098.806218647433,1946.3272477758344
2026-09-05 14:39:54.859,0 days 00:53:18.255000,5,144.86888879999984,0 days 00:00:23.981000,10417.402781155555,298.3055559111111,8,100.0,False,0,pos,1633.7241040695428,0.28117574556977354,OnTrack,2116.0,14128.0,1947.0
2026-09-05 14:39:55.019,0 days 00:53:18.415000,5,145.09111102222207,0 days 00:00:24.141000,10408.958336711112,297.4166670222222,8,100.0,False,0,pos,1646.9111091664663,0.28344532461358135,OnTrack,2357.0,14185.0,1949.0
2026-09-05 14:39:55.094,0 days 00:53:18.490000,5,145.19527777777762,0 days 00:00:24.216000,10405.0,297.0,8,100.0,False,0,car,1653.0849999999996,0.28450789592158915,OnTrack,2435.056864962106,14202.7615563187,1949.6640889764208
2026-09-05 14:39:55.374,0 days 00:53:18.770000,5,145.73972222222233,0 days 00:00:24.496000,10368.0,296.0,8,100.0,False,0,car,1676.1072222222217,0.28847018703419597,OnTrack,2538.2020041790156,14220.986761580965,1950.8093797402598
2026-09-05 14:39:55.398,0 days 00:53:18.794000,5,145.786388888889,0 days 00:00:24.520000,10369.2,296.0,8,100.0,False,0,pos,1678.0803545282283,0.28880977738844693,OnTrack,2551.0,14223.0,1951.0
2026-09-05 14:39:55.694,0 days 00:53:19.090000,5,146.3619444444446,0 days 00:00:24.816000,10384.0,296.0,8,100.0,False,0,car,1702.4183333333328,0.2929985197343181,OnTrack,2790.8234187560906,14261.369533576777,1953.9852843149995
2026-09-05 14:39:55.699,0 days 00:53:19.095000,5,146.37305541333347,0 days 00:00:24.821000,10384.19999744,296.0,8,100.0,False,0,pos,1702.829362735017,0.2930692608699736,OnTrack,2795.0,14262.0,1954.0
2026-09-05 14:39:55.819,0 days 00:53:19.215000,5,146.6397220800002,0 days 00:00:24.941000,10388.99999744,296.0,8,100.0,False,0,pos,1712.6933129685633,0.29476691811471384,OnTrack,2892.0,14276.0,1954.0
2026-09-05 14:39:55.894,0 days 00:53:19.290000,5,146.80638888888916,0 days 00:00:25.016000,10392.0,296.0,8,100.0,False,0,car,1718.8627777777772,0.2958287276718944,OnTrack,2952.4701020468297,14284.075336531925,1954.2094406811525
2026-09-05 14:39:56.139,0 days 00:53:19.535000,5,147.41888881777803,0 days 00:00:25.261000,10424.777773972284,296.55555549105566,8,100.0,False,0,pos,1739.0594851594824,0.29930472722528273,OnTrack,3153.0,14308.0,1956.0
2026-09-05 14:39:56.299,0 days 00:53:19.695000,5,147.8188888758279,0 days 00:00:25.421000,10446.18367277042,296.91836733509183,8,100.0,False,0,pos,1752.2715416038195,0.30157861778733824,OnTrack,3285.0,14322.0,1957.0
2026-09-05 14:39:56.335,0 days 00:53:19.731000,5,147.90888888888912,0 days 00:00:25.457000,10451.0,297.0,8,100.0,False,0,car,1755.2452777777773,0.3020904193110825,OnTrack,3314.0116789458275,14324.619107666409,1957.2577132687622
2026-09-05 14:39:56.459,0 days 00:53:19.855000,5,148.1844444444446,0 days 00:00:25.581000,10468.05,297.31,8,100.0,False,0,pos,1765.4910246167344,0.30385378651561035,OnTrack,3416.0,14333.0,1958.0
2026-09-05 14:39:56.559,0 days 00:53:19.955000,5,148.40666666666678,0 days 00:00:25.681000,10481.8,297.56,8,100.0,False,0,pos,1773.75761074314,0.30527652583347864,OnTrack,3507.0,14341.0,1958.0
2026-09-05 14:39:56.735,0 days 00:53:20.131000,5,148.7977777777778,0 days 00:00:25.857000,10506.0,298.0,8,100.0,False,0,car,1788.3563888888884,0.30778908123944565,OnTrack,3641.147537711105,14351.514675444627,1959.3303905023693
2026-09-05 14:39:56.799,0 days 00:53:20.195000,5,148.90444444444452,0 days 00:00:25.921000,10514.0,298.64,8,100.0,False,0,pos,1793.6842751639954,0.30870604903834303,OnTrack,3698.0,14356.0,1960.0
2026-09-05 14:39:56.935,0 days 00:53:20.331000,5,149.1311111111113,0 days 00:00:26.057000,10531.0,300.0,8,100.0,False,0,car,1805.023055555555,0.31065753523023243,OnTrack,3851.61066646023,14368.796146797515,1961.407833736527
2026-09-05 14:39:57.135,0 days 00:53:20.531000,5,149.46444444444433,0 days 00:00:26.257000,10566.0,300.0,8,100.0,False,0,car,1821.689722222222,0.3135259892210193,OnTrack,4079.0320624498145,14388.505887662124,1962.9287285337773
2026-09-05 14:39:57.159,0 days 00:53:20.555000,5,149.471111111111,0 days 00:00:26.281000,10569.525,300.15,8,100.0,False,0,pos,1823.6952800072745,0.3138711602349566,OnTrack,4096.0,14390.0,1963.0
2026-09-05 14:39:57.399,0 days 00:53:20.795000,5,149.5377777777777,0 days 00:00:26.521000,10604.775,301.65,8,100.0,False,0,pos,1843.8287572981635,0.3173362774319645,OnTrack,4188.0,14398.0,1963.0
2026-09-05 14:39:57.455,0 days 00:53:20.851000,5,149.55333333333328,0 days 00:00:26.577000,10613.0,302.0,8,100.0,False,0,car,1848.5341666666664,0.3181461124488466,OnTrack,4223.872429549426,14400.762063161283,1963.2439221792874
2026-09-05 14:39:57.679,0 days 00:53:21.075000,5,143.39825925925953,0 days 00:00:26.801000,10640.066666666668,302.93333333333334,8,100.0,False,0,pos,1867.382299311048,0.3213900125270059,OnTrack,4431.0,14416.0,1965.0
2026-09-05 14:39:57.695,0 days 00:53:21.091000,3,142.9586111111114,0 days 00:00:26.817000,10642.0,303.0,8,100.0,False,0,car,1868.7341666666662,0.3216226786856802,OnTrack,4445.593627577567,14417.034731737804,1965.0945682366666
2026-09-05 14:39:57.919,0 days 00:53:21.315000,3,129.58083333333386,0 days 00:00:27.041000,10670.56,304.68,8,100.0,False,0,pos,1887.763056546771,0.32489768839268995,OnTrack,4638.0,14430.0,1966.0
2026-09-05 14:39:58.095,0 days 00:53:21.491000,3,119.06972222222294,0 days 00:00:27.217000,10693.0,306.0,8,100.0,False,0,car,1902.734166666666,0.32747432482688527,OnTrack,4786.828779549883,14438.940667244156,1966.8780032499938
2026-09-05 14:39:58.139,0 days 00:53:21.535000,3,116.38083333333398,0 days 00:00:27.261000,10698.028571428571,305.84285714285716,8,100.0,False,0,pos,1906.466701217565,0.32811672104458184,OnTrack,4824.0,14441.0,1967.0
2026-09-05 14:39:58.299,0 days 00:53:21.695000,3,106.60305555555595,0 days 00:00:27.421000,10716.314285714287,305.27142857142854,8,100.0,False,0,pos,1920.0133024404265,0.3304481891849407,OnTrack,4959.0,14448.0,1967.0
2026-09-05 14:39:58.375,0 days 00:53:21.771000,3,101.9586111111114,0 days 00:00:27.497000,10725.0,305.0,8,100.0,False,0,car,1926.4563888888883,0.3315570910071052,OnTrack,5023.171319150612,14451.317656626057,1966.9790397149245
2026-09-05 14:39:58.535,0 days 00:53:21.931000,3,91.95861111111162,0 days 00:00:27.657000,10748.0,306.0,8,100.0,False,0,car,1940.0563888888883,0.3338977494635872,OnTrack,5158.569192404361,14458.325160375061,1966.9958047889609
2026-09-05 14:39:58.599,0 days 00:53:21.995000,3,87.83416666666719,0 days 00:00:27.721000,10732.622222222222,305.55555555555554,8,99.37777777777778,False,0,pos,1945.508697449796,0.33483613123861944,OnTrack,5213.0,14461.0,1967.0
2026-09-05 14:39:59.255,0 days 00:53:22.651000,3,45.55861111111176,0 days 00:00:28.377000,10575.0,301.0,8,93.0,True,0,car,2000.256388888888,0.34425860527830915,OnTrack,5769.253939197485,14483.284619002863,1966.9571702307394
2026-09-05 14:39:59.319,0 days 00:53:22.715000,3,41.931944444445115,0 days 00:00:28.441000,10209.133333333333,292.2,8,68.2,True,0,pos,2005.1921475812517,0.3451080850814294,OnTrack,5820.0,14485.0,1967.0
2026-09-05 14:39:59.495,0 days 00:53:22.891000,3,31.95861111111185,0 days 00:00:28.617000,9203.0,268.0,8,0.0,True,0,car,2018.1230555555549,0.3473335879564326,OnTrack,5954.4174905872,14489.397573532571,1967.0596233024094
2026-09-05 14:39:59.519,0 days 00:53:22.915000,3,30.811944444445185,0 days 00:00:28.641000,9248.171428571428,264.9142857142857,8,0.0,True,0,pos,2019.7795285053662,0.34761867894304355,OnTrack,5972.0,14490.0,1967.0
2026-09-05 14:39:59.719,0 days 00:53:23.115000,3,21.25638888888966,0 days 00:00:28.841000,9624.6,239.2,8,0.0,True,0,pos,2032.6785862764323,0.34983870016749186,OnTrack,6110.0,14495.0,1966.0
2026-09-05 14:39:59.775,0 days 00:53:23.171000,3,18.580833333334112,0 days 00:00:28.897000,9730.0,232.0,8,0.0,True,0,car,2036.167499999999,0.35043916747712445,OnTrack,6145.248099914075,14496.206040854711,1965.9000710317928
2026-09-05 14:39:59.935,0 days 00:53:23.331000,3,11.469722222223027,0 days 00:00:29.057000,9478.0,219.0,8,0.0,True,0,car,2045.9008333333325,0.35211434460774393,OnTrack,6241.496980673969,14499.623773306948,1966.0508265453584
2026-09-05 14:39:59.979,0 days 00:53:23.375000,3,9.770833333334224,0 days 00:00:29.101000,9428.775,212.95,8,0.0,True,0,pos,2048.411345311755,0.35254642189394947,OnTrack,6270.0,14501.0,1966.0
2026-09-05 14:40:00.095,0 days 00:53:23.491000,3,5.291944444445562,0 days 00:00:29.217000,9299.0,197.0,8,0.0,True,0,car,2054.656388888888,0.3536212391042373,OnTrack,6351.142927369654,14505.779433419297,1965.5598199746971
2026-09-05 14:40:00.219,0 days 00:53:23.615000,3,23.721982638889976,0 days 00:00:29.341000,10025.175,186.925,8,0.0,True,0,pos,2060.843111543501,0.3546860188615482,OnTrack,6426.0,14511.0,1965.0
2026-09-05 14:40:00.415,0 days 00:53:23.811000,5,52.853333333334376,0 days 00:00:29.537000,11173.0,171.0,5,0.0,True,0,car,2069.856388888888,0.35623726914383486,OnTrack,6471.053714545128,14515.59718401722,1964.8287433047985
2026-09-05 14:40:00.599,0 days 00:53:23.995000,5,50.86000000000118,0 days 00:00:29.721000,11046.04,156.28,5,0.0,True,0,pos,2077.8103658382147,0.3576062061592101,OnTrack,6500.0,14522.0,1965.0
2026-09-05 14:40:00.615,0 days 00:53:24.011000,5,50.68666666666786,0 days 00:00:29.737000,11035.0,155.0,4,0.0,True,0,car,2078.467499999999,0.35771930370574134,OnTrack,6504.852698834531,14522.917958017611,1965.0100784173912
2026-09-05 14:40:00.779,0 days 00:53:24.175000,5,50.1400001254015,0 days 00:00:29.901000,10200.89266445473,144.41935726581053,4,0.0,True,0,pos,2084.842948237802,0.3588165645021882,OnTrack,6571.0,14536.0,1965.0
2026-09-05 14:40:00.894,0 days 00:53:24.290000,5,49.756666666668025,0 days 00:00:30.016000,9616.0,137.0,3,0.0,True,0,car,2089.0849999999987,0.35954665232057204,OnTrack,6622.882048413363,14549.983917843942,1964.7041409208193
2026-09-05 14:40:01.059,0 days 00:53:24.455000,5,49.66500003555664,0 days 00:00:30.181000,10369.106850742857,131.69643062857142,3,0.0,True,0,pos,2095.021820368911,0.36056842208535955,OnTrack,6690.0,14572.0,1964.0
2026-09-05 14:40:01.174,0 days 00:53:24.570000,5,49.601111111112004,0 days 00:00:30.296000,10894.0,128.0,2,0.0,True,0,car,2099.0405555555544,0.3612600755044021,OnTrack,6720.84132403161,14583.895376058148,1963.4836127650653
2026-09-05 14:40:01.339,0 days 00:53:24.735000,5,49.83027768888982,0 days 00:00:30.461000,10372.60020224,122.22500224,2,0.0,True,0,pos,2104.6146168806645,0.3622194118115763,OnTrack,6755.0,14601.0,1963.0
2026-09-05 14:40:01.374,0 days 00:53:24.770000,5,49.87888888888983,0 days 00:00:30.496000,10262.0,121.0,2,0.0,True,0,car,2105.7627777777766,0.3624170186140194,OnTrack,6763.331697654888,14605.65851540133,1962.9937127613255
2026-09-05 14:40:01.574,0 days 00:53:24.970000,5,50.87888888888983,0 days 00:00:30.696000,9943.0,114.0,2,0.0,True,0,car,2112.09611111111,0.3635070311305184,OnTrack,6814.798669411682,14638.11646351989,1963.0228481662061
2026-09-05 14:40:01.579,0 days 00:53:24.975000,5,50.91916615111205,0 days 00:00:30.701000,9936.77507968,113.8750016,2,0.0,True,0,pos,2112.2505617507463,0.36353361320373706,OnTrack,6816.0,14639.0,1963.0
2026-09-05 14:40:01.739,0 days 00:53:25.135000,5,52.20805504000074,0 days 00:00:30.861000,9737.57507968,109.8750016,2,0.0,True,0,pos,2117.108404659347,0.3643696831364045,OnTrack,6851.0,14669.0,1962.0
2026-09-05 14:40:01.774,0 days 00:53:25.170000,5,52.49000000000069,0 days 00:00:30.896000,9694.0,109.0,2,0.0,False,0,car,2118.1516666666657,0.3645492360805043,OnTrack,6857.867837195228,14676.20416024457,1962.034332282405
2026-09-05 14:40:01.938,0 days 00:53:25.334000,5,54.08444195555635,0 days 00:00:31.060000,9793.083178666666,106.9500032,2,15.033309866666666,False,0,pos,2122.9653957198,0.365377713699286,OnTrack,6886.0,14713.0,1963.0
2026-09-05 14:40:02.014,0 days 00:53:25.410000,5,54.823333333334176,0 days 00:00:31.136000,9839.0,106.0,2,22.0,False,0,car,2125.2183333333323,0.3657654605725979,OnTrack,6896.274638297931,14731.341420954686,1962.8323329400516
2026-09-05 14:40:02.138,0 days 00:53:25.534000,5,56.407774506667636,0 days 00:00:31.260000,9852.777749333334,108.0666624,2,33.3666432,False,0,pos,2128.979616059174,0.36641280455932296,OnTrack,6913.0,14766.0,1962.0
2026-09-05 14:40:02.374,0 days 00:53:25.770000,5,59.42333333333454,0 days 00:00:31.496000,9879.0,112.0,2,55.0,False,0,car,2136.418333333332,0.3676930616544066,OnTrack,6961.608123037368,14859.140634103145,1961.1442144091352
2026-09-05 14:40:02.479,0 days 00:53:25.875000,5,60.27363229422347,0 days 00:00:31.601000,9590.250176,114.2968736,2,47.4531296,False,0,pos,2139.8378855907313,0.368281591353573,OnTrack,6980.0,14891.0,1961.0
2026-09-05 14:40:02.694,0 days 00:53:26.090000,30,62.014722222223554,0 days 00:00:31.816000,8999.0,119.0,3,32.0,False,0,car,2146.99611111111,0.36951357378722605,OnTrack,7004.9214460048825,14921.241802430593,1960.9953814792539
2026-09-05 14:40:02.719,0 days 00:53:26.115000,30,62.12583306662364,0 days 00:00:31.841000,8999.74812788,119.18703197000012,3,33.49625576000092,False,0,pos,2147.8348892837594,0.36965793358302923,OnTrack,7009.0,14925.0,1961.0
2026-09-05 14:40:03.019,0 days 00:53:26.415000,30,63.4591666127586,0 days 00:00:32.141000,9008.725685422552,121.43142135563832,3,51.45137084510657,False,0,pos,2157.989776873471,0.3714056632529913,OnTrack,7085.0,14989.0,1961.0
2026-09-05 14:40:03.095,0 days 00:53:26.491000,30,63.796944444446126,0 days 00:00:32.217000,9011.0,122.0,3,56.0,False,0,car,2160.5855555555545,0.37185241555618054,OnTrack,7105.127581687256,15003.262232160763,1960.9953940669361
2026-09-05 14:40:03.219,0 days 00:53:26.615000,30,18.564284722223295,0 days 00:00:32.341000,9677.5,123.55,3,56.775,False,0,pos,2164.8449654032406,0.37258549082674003,OnTrack,7144.0,15026.0,1961.0
2026-09-05 14:40:03.255,0 days 00:53:26.651000,43,5.432222222223118,0 days 00:00:32.377000,9871.0,124.0,3,57.0,False,0,car,2166.096666666666,0.37280091767580076,OnTrack,7159.112423936545,15033.60166451842,1961.0082670391914
2026-09-05 14:40:03.455,0 days 00:53:26.851000,43,15.265555555556602,0 days 00:00:32.577000,10151.0,129.0,3,65.0,False,0,car,2173.2633333333324,0.37403435289183906,OnTrack,7257.380958477391,15077.334917111419,1961.004491403217
2026-09-05 14:40:03.459,0 days 00:53:26.855000,43,15.4455555555566,0 days 00:00:32.581000,10161.988888888889,129.16666666666666,3,65.37777777777778,False,0,pos,2173.412438334217,0.37406001494192903,OnTrack,7259.0,15078.0,1961.0
2026-09-05 14:40:03.799,0 days 00:53:27.195000,43,30.74555555555643,0 days 00:00:32.921000,11096.044444444444,143.33333333333334,3,97.48888888888888,False,0,pos,2186.9873533381888,0.3763963560889932,OnTrack,7348.0,15106.0,1960.0
2026-09-05 14:40:03.815,0 days 00:53:27.211000,43,31.46555555555642,0 days 00:00:32.937000,11140.0,144.0,3,99.0,False,0,car,2187.6633333333325,0.3765126971398789,OnTrack,7352.675843798025,15107.172630146575,1959.9408079665927
2026-09-05 14:40:04.055,0 days 00:53:27.451000,43,41.398888888889815,0 days 00:00:33.177000,11898.0,157.0,3,100.0,False,0,car,2198.129999999999,0.37831408624609303,OnTrack,7448.7811127683935,15129.547378949243,1959.015882778947
2026-09-05 14:40:04.059,0 days 00:53:27.455000,43,41.556666666667596,0 days 00:00:33.181000,11877.0,157.11666666666667,3,100.0,False,0,pos,2198.308307111537,0.3783447741908336,OnTrack,7451.0,15130.0,1959.0
2026-09-05 14:40:04.295,0 days 00:53:27.691000,43,50.86555555555651,0 days 00:00:33.417000,10638.0,164.0,3,100.0,False,0,car,2209.0633333333326,0.3801957920640492,OnTrack,7608.911898653029,15159.271393602274,1958.1144143936933
2026-09-05 14:40:04.359,0 days 00:53:27.755000,43,53.24777777777881,0 days 00:00:33.481000,10708.8,167.2,3,100.0,False,0,pos,2212.0946269624083,0.38071749964250334,OnTrack,7641.0,15165.0,1958.0
2026-09-05 14:40:04.455,0 days 00:53:27.851000,43,56.82111111111226,0 days 00:00:33.577000,10815.0,172.0,4,100.0,False,0,car,2216.7077777777768,0.38151145629449,OnTrack,7671.378027748842,15170.406094792856,1957.9788822338796
2026-09-05 14:40:04.619,0 days 00:53:28.015000,43,62.78888888889008,0 days 00:00:33.741000,11097.08,174.46,4,100.0,False,0,pos,2224.6558514708204,0.38287937731672267,OnTrack,7707.0,15177.0,1958.0
2026-09-05 14:40:04.655,0 days 00:53:28.051000,43,64.09888888889009,0 days 00:00:33.777000,11159.0,175.0,4,100.0,False,0,car,2226.429999999999,0.383184721122449,OnTrack,7720.065941791815,15179.504092160783,1957.9269660924533
2026-09-05 14:40:04.815,0 days 00:53:28.211000,30,65.0858333333349,0 days 00:00:33.937000,11400.0,181.0,4,100.0,False,0,car,2234.474444444443,0.38456922824866874,OnTrack,7799.844584095004,15195.284286973236,1957.2919213605207
2026-09-05 14:40:04.879,0 days 00:53:28.275000,30,64.94361111111269,0 days 00:00:34.001000,11504.266666666666,182.6,4,100.0,False,0,pos,2237.7513373837332,0.38513320524641403,OnTrack,7835.0,15203.0,1957.0
2026-09-05 14:40:05.055,0 days 00:53:28.451000,30,64.5525000000016,0 days 00:00:34.177000,11791.0,187.0,4,100.0,False,0,car,2246.94111111111,0.38671483183377725,OnTrack,7937.549874682145,15228.804217088948,1956.203737203824
2026-09-05 14:40:05.099,0 days 00:53:28.495000,30,64.17361111111272,0 days 00:00:34.221000,11771.514285714286,188.4142857142857,4,100.0,False,0,pos,2249.285573852055,0.3871183308441082,OnTrack,7970.0,15238.0,1956.0
2026-09-05 14:40:05.319,0 days 00:53:28.715000,30,62.27916666666833,0 days 00:00:34.441000,11674.085714285715,195.4857142857143,4,100.0,False,0,pos,2261.293823843413,0.38918503760071277,OnTrack,8158.0,15295.0,1955.0
2026-09-05 14:40:05.335,0 days 00:53:28.731000,30,62.14138888889056,0 days 00:00:34.457000,11667.0,196.0,4,100.0,False,0,car,2262.1855555555544,0.38933851108401696,OnTrack,8167.652055769988,15297.965001071374,1954.9400799410937
2026-09-05 14:40:05.495,0 days 00:53:28.891000,30,60.18583333333527,0 days 00:00:34.617000,10547.0,203.0,4,100.0,False,0,car,2271.2077777777763,0.3908913008443628,OnTrack,8216.580361186321,15312.943917159895,1954.4721569538922
2026-09-05 14:40:05.659,0 days 00:53:29.055000,30,57.908055555557446,0 days 00:00:34.781000,10593.74,203.82,4,100.0,False,0,pos,2280.4916711610936,0.3924891261058878,OnTrack,8265.0,15328.0,1954.0
2026-09-05 14:40:05.695,0 days 00:53:29.091000,30,57.40805555555744,0 days 00:00:34.817000,10604.0,204.0,5,100.0,False,0,car,2282.54111111111,0.39284184955809787,OnTrack,8285.481133984687,15334.401319576467,1953.8698508466637
2026-09-05 14:40:05.895,0 days 00:53:29.291000,30,53.74138888889047,0 days 00:00:35.017000,10791.0,207.0,5,100.0,False,0,car,2294.04111111111,0.3948210828117408,OnTrack,8443.264862246959,15384.070350042637,1953.0970728141622
2026-09-05 14:40:05.939,0 days 00:53:29.335000,30,52.76361111111283,0 days 00:00:35.061000,10835.733333333334,207.73333333333332,5,100.0,False,0,pos,2296.5989824783646,0.39526131099162,OnTrack,8474.0,15394.0,1953.0
2026-09-05 14:40:06.135,0 days 00:53:29.531000,30,48.408055555557894,0 days 00:00:35.257000,11035.0,211.0,5,100.0,False,0,car,2308.107777777776,0.39724205797996476,OnTrack,8570.193058750618,15426.85644761754,1953.0274758888659
2026-09-05 14:40:06.295,0 days 00:53:29.691000,30,44.36361111111319,0 days 00:00:35.417000,11105.0,214.0,5,100.0,False,0,car,2317.6188888888873,0.39887898905737385,OnTrack,8624.63029817091,15448.006308848793,1953.1820997641714
2026-09-05 14:40:06.379,0 days 00:53:29.775000,30,41.936944444446496,0 days 00:00:35.501000,11165.1125,215.05,5,100.0,False,0,pos,2322.658527798267,0.39974634739787795,OnTrack,8663.0,15463.0,1953.0
2026-09-05 14:40:06.579,0 days 00:53:29.975000,30,36.15916666666867,0 days 00:00:35.701000,11308.2375,217.55,5,100.0,False,0,pos,2334.79184364573,0.40183457889372576,OnTrack,8775.0,15507.0,1952.0
2026-09-05 14:40:06.615,0 days 00:53:30.011000,30,35.11916666666866,0 days 00:00:35.737000,11334.0,218.0,5,100.0,False,0,car,2336.996666666665,0.4022140448973286,OnTrack,8794.279953683728,15514.681263175044,1951.8301404820454
2026-09-05 14:40:06.819,0 days 00:53:30.215000,30,28.489166666668893,0 days 00:00:35.941000,11496.18,221.06,5,100.0,False,0,pos,2349.61154210597,0.4043851562851578,OnTrack,8912.0,15561.0,1951.0
2026-09-05 14:40:07.015,0 days 00:53:30.411000,30,22.119166666669116,0 days 00:00:36.137000,11652.0,224.0,5,100.0,False,0,car,2361.8855555555538,0.40649760285690356,OnTrack,9092.31100233252,15627.303220251772,1950.1156007856123
2026-09-05 14:40:07.059,0 days 00:53:30.455000,30,20.554722222224616,0 days 00:00:36.181000,11674.4125,224.55,5,100.0,False,0,pos,2364.656519373356,0.40697450579019356,OnTrack,9122.0,15638.0,1950.0
2026-09-05 14:40:07.299,0 days 00:53:30.695000,30,12.02138888889097,0 days 00:00:36.421000,11796.6625,227.55,5,100.0,False,0,pos,2379.861747518074,0.4095914356313461,OnTrack,9193.0,15662.0,1950.0
2026-09-05 14:40:07.335,0 days 00:53:30.731000,30,10.741388888890924,0 days 00:00:36.457000,11815.0,228.0,5,100.0,False,0,car,2382.1522222222206,0.40998564290970035,OnTrack,9208.623755986837,15667.223202760593,1950.0014262746497
2026-09-05 14:40:07.559,0 days 00:53:30.955000,30,2.528057754943345,0 days 00:00:36.681000,11917.158968459524,229.87447648549585,5,100.0,False,0,pos,2396.459186283652,0.4124479749991838,OnTrack,9349.0,15715.0,1950.0
2026-09-05 14:40:07.574,0 days 00:53:30.970000,30,1.978055555557603,0 days 00:00:36.696000,11924.0,230.0,5,100.0,False,0,car,2397.421666666665,0.4126136248409262,OnTrack,9357.977228287418,15718.096865469523,1950.0204370490408
2026-09-05 14:40:07.774,0 days 00:53:31.170000,43,63.430555555557476,0 days 00:00:36.896000,12014.0,232.0,5,100.0,False,0,car,2410.310555555554,0.41483189592713465,OnTrack,9470.445785837888,15756.909918828718,1950.3465854673718
2026-09-05 14:40:07.839,0 days 00:53:31.235000,43,62.87083388444628,0 days 00:00:36.961000,12046.035682742857,232.46428525714285,5,100.0,False,0,pos,2414.5186558554174,0.41555614045306116,OnTrack,9520.0,15773.0,1950.0
2026-09-05 14:40:08.054,0 days 00:53:31.450000,43,61.01944444444598,0 days 00:00:37.176000,12152.0,234.0,5,100.0,True,0,car,2428.510555555554,0.41796424768507395,OnTrack,9727.115416309029,15836.854245679378,1947.0649195006583
2026-09-05 14:40:08.059,0 days 00:53:31.455000,43,60.97916718222376,0 days 00:00:37.181000,12153.0312368,234.0312496,5,99.0937616,True,0,pos,2428.837561950521,0.4180205278529932,OnTrack,9731.0,15838.0,1947.0
2026-09-05 14:40:08.214,0 days 00:53:31.610000,43,59.7305555555572,0 days 00:00:37.336000,12185.0,235.0,5,71.0,True,0,car,2438.9549999999986,0.419761812185967,OnTrack,9812.714900236007,15860.386789012955,1945.4329987050326
2026-09-05 14:40:08.418,0 days 00:53:31.814000,43,58.823890026668366,0 days 00:00:37.540000,11476.1008896,227.3500096,5,10.650075733333331,True,0,pos,2451.8047871266317,0.4219733535758161,OnTrack,9874.0,15870.0,1944.0
2026-09-05 14:40:08.454,0 days 00:53:31.850000,43,58.6638888888906,0 days 00:00:37.576000,11351.0,226.0,5,0.0,True,0,car,2454.021666666665,0.42235489459363823,OnTrack,9889.35294919605,15872.135116863965,1943.7205538622616
2026-09-05 14:40:08.678,0 days 00:53:32.074000,43,58.53944444444578,0 days 00:00:37.800000,10897.4,218.0,5,0.8,True,0,pos,2467.519130119477,0.4246779057680412,OnTrack,10017.0,15883.0,1942.0
2026-09-05 14:40:08.734,0 days 00:53:32.130000,43,58.508333333334576,0 days 00:00:37.856000,10784.0,216.0,5,1.0,True,0,car,2470.8216666666654,0.4252462962163514,OnTrack,10057.570648835203,15882.00483909537,1941.6869173361056
2026-09-05 14:40:08.899,0 days 00:53:32.295000,43,59.1499997511126,0 days 00:00:38.021000,10636.875057066667,211.41666844444444,5,10.166663111111111,True,0,pos,2480.395519280336,0.4268940255605647,OnTrack,10178.0,15872.0,1941.0
2026-09-05 14:40:09.094,0 days 00:53:32.490000,43,59.90833333333512,0 days 00:00:38.216000,10463.0,206.0,5,21.0,False,0,car,2491.4216666666653,0.4287917053489639,OnTrack,10260.461827823525,15856.924135249174,1940.26840562564
2026-09-05 14:40:09.159,0 days 00:53:32.555000,43,60.32361070222403,0 days 00:00:38.281000,10486.07497728,203.72500224,5,22.6249984,False,0,pos,2495.0313741946843,0.4294129621468231,OnTrack,10288.0,15848.0,1940.0
2026-09-05 14:40:09.294,0 days 00:53:32.690000,43,61.18611111111295,0 days 00:00:38.416000,10534.0,199.0,5,26.0,False,0,car,2502.4772222222205,0.4306944464961857,OnTrack,10358.887783385235,15820.45155561506,1939.3738712008967
2026-09-05 14:40:09.399,0 days 00:53:32.795000,43,61.91527746260563,0 days 00:00:38.521000,10590.426568408035,199.58171720008284,5,42.869798802402,False,0,pos,2508.300566858466,0.4316966862658797,OnTrack,10411.0,15800.0,1939.0
2026-09-05 14:40:09.655,0 days 00:53:33.051000,43,63.693055555557294,0 days 00:00:38.777000,10728.0,201.0,5,84.0,False,0,car,2522.633055555554,0.43416341132994385,OnTrack,10496.777252686981,15764.55914297111,1938.77696812575
2026-09-05 14:40:09.759,0 days 00:53:33.155000,43,64.41527777777945,0 days 00:00:38.881000,10760.933333333332,202.3,5,90.93333333333334,False,0,pos,2528.5088338642604,0.43517467531425913,OnTrack,10579.0,15691.0,1938.0
2026-09-05 14:40:09.839,0 days 00:53:33.235000,43,64.97083333333495,0 days 00:00:38.961000,10786.266666666666,203.3,5,96.26666666666667,False,0,pos,2533.047890787979,0.43595587987109413,OnTrack,10668.0,15604.0,1937.0
2026-09-05 14:40:09.895,0 days 00:53:33.291000,43,65.35972222222381,0 days 00:00:39.017000,10804.0,204.0,5,100.0,False,0,car,2536.233055555554,0.43650406978642586,OnTrack,10715.299742652403,15556.335278307342,1936.4291955446627
2026-09-05 14:40:10.175,0 days 00:53:33.571000,43,67.38194444444662,0 days 00:00:39.297000,10836.0,206.0,5,100.0,False,0,car,2552.255277777776,0.43926161022290217,OnTrack,10751.619689948111,15496.744463471981,1935.7603939783157
2026-09-05 14:40:10.259,0 days 00:53:33.655000,43,67.87194444444674,0 days 00:00:39.381000,10910.34,206.84,5,100.0,False,0,pos,2557.0938549852194,0.44009436438892746,OnTrack,10760.0,15473.0,1936.0
2026-09-05 14:40:10.375,0 days 00:53:33.771000,43,68.54861111111359,0 days 00:00:39.497000,11013.0,208.0,5,100.0,False,0,car,2563.8108333333316,0.44125040498984774,OnTrack,10788.07477103347,15416.932947643687,1936.5842260981638
2026-09-05 14:40:10.479,0 days 00:53:33.875000,43,68.98194444444704,0 days 00:00:39.601000,11035.285714285714,209.11428571428573,5,100.0,False,0,pos,2569.8813862403545,0.44229519109259363,OnTrack,10817.0,15357.0,1937.0
2026-09-05 14:40:10.639,0 days 00:53:34.035000,43,69.64861111111388,0 days 00:00:39.761000,11069.57142857143,210.82857142857142,5,100.0,False,0,pos,2579.2811240956303,0.4439129540263926,OnTrack,10849.0,15268.0,1937.0
2026-09-05 14:40:10.655,0 days 00:53:34.051000,43,69.71527777778056,0 days 00:00:39.777000,11073.0,211.0,5,100.0,False,0,car,2580.2219444444427,0.44407487601944245,OnTrack,10851.768194933305,15259.002516620421,1937.0003260269448
2026-09-05 14:40:10.815,0 days 00:53:34.211000,43,69.93750000000273,0 days 00:00:39.937000,11132.0,212.0,5,100.0,False,0,car,2589.6441666666647,0.44569650867556726,OnTrack,10876.603506648775,15166.980914848109,1937.135822535439
2026-09-05 14:40:10.919,0 days 00:53:34.315000,43,69.879722222225,0 days 00:00:40.041000,11180.533333333333,212.86666666666667,5,100.0,False,0,pos,2595.8036932494947,0.44675660779203985,OnTrack,10890.0,15106.0,1937.0
2026-09-05 14:40:11.055,0 days 00:53:34.451000,43,69.80416666666952,0 days 00:00:40.177000,11244.0,214.0,5,100.0,False,0,car,2603.9108333333315,0.4481519052916808,OnTrack,10904.31637314687,15025.45965339312,1936.3216474612066
2026-09-05 14:40:11.139,0 days 00:53:34.535000,43,69.64083333333608,0 days 00:00:40.261000,11310.36,215.26,5,100.0,False,0,pos,2608.9509869784815,0.4490193522219374,OnTrack,10912.0,14975.0,1936.0
2026-09-05 14:40:11.255,0 days 00:53:34.651000,43,69.41527777778037,0 days 00:00:40.377000,11402.0,217.0,5,100.0,False,0,car,2615.966388888887,0.4502267536783499,OnTrack,10921.729835390248,14904.237238121952,1936.0052228745278
2026-09-05 14:40:11.339,0 days 00:53:34.735000,43,68.9252777777804,0 days 00:00:40.461000,11446.8,218.16666666666666,5,100.0,False,0,pos,2621.099546043766,0.4511102071859249,OnTrack,10928.0,14854.0,1936.0
2026-09-05 14:40:11.559,0 days 00:53:34.955000,43,67.64194444444712,0 days 00:00:40.681000,11564.133333333333,221.22222222222223,5,100.0,False,0,pos,2634.7013836015817,0.45345118189940986,OnTrack,10942.0,14720.0,1935.0
2026-09-05 14:40:11.615,0 days 00:53:35.011000,43,67.31527777778047,0 days 00:00:40.737000,11594.0,222.0,5,100.0,False,0,car,2638.166388888887,0.45404753439407797,OnTrack,10945.866241196032,14675.891078094695,1934.5793374078364
2026-09-05 14:40:11.815,0 days 00:53:35.211000,43,65.98194444444744,0 days 00:00:40.937000,11630.0,223.0,5,100.0,False,0,car,2650.5552777777757,0.45617975186056275,OnTrack,10959.772373464328,14501.034771587327,1933.0198921597635
2026-09-05 14:40:11.819,0 days 00:53:35.215000,43,65.95416666666966,0 days 00:00:40.941000,11613.51,223.05,5,100.0,False,0,pos,2650.8047521714307,0.4562226882097675,OnTrack,10960.0,14498.0,1933.0
2026-09-05 14:40:12.215,0 days 00:53:35.611000,43,63.20416666666961,0 days 00:00:41.337000,9981.0,228.0,6,100.0,False,0,car,2675.888611111109,0.46053980192655875,OnTrack,10973.872091658312,14286.003560076453,1932.996970264686
2026-09-05 14:40:12.219,0 days 00:53:35.615000,43,63.176388888891836,0 days 00:00:41.341000,9984.881818181819,228.03636363636363,6,100.0,False,0,pos,2676.1444895893505,0.46058384046508277,OnTrack,10974.0,14284.0,1933.0
2026-09-05 14:40:12.539,0 days 00:53:35.935000,43,60.95416666666987,0 days 00:00:41.661000,10295.427272727273,230.94545454545454,6,100.0,False,0,pos,2696.7312998390225,0.4641269795461774,OnTrack,10986.0,14105.0,1933.0
2026-09-05 14:40:12.655,0 days 00:53:36.051000,43,60.148611111114406,0 days 00:00:41.777000,10408.0,232.0,6,100.0,False,0,car,2704.2441666666646,0.46541999831621733,OnTrack,10991.345901352008,14027.426762958856,1932.998550366035
2026-09-05 14:40:12.815,0 days 00:53:36.211000,43,59.03750000000355,0 days 00:00:41.937000,10481.0,234.0,6,100.0,False,0,car,2714.644166666664,0.46720991360646824,OnTrack,10998.827224891618,13926.097106054855,1933.0004439928923
2026-09-05 14:40:12.819,0 days 00:53:36.215000,43,59.009722222225754,0 days 00:00:41.941000,10481.85,234.025,6,100.0,False,0,pos,2714.904542366084,0.46725472614931457,OnTrack,10999.0,13924.0,1933.0
2026-09-05 14:40:12.975,0 days 00:53:36.371000,43,57.92638888889178,0 days 00:00:42.097000,10515.0,235.0,6,100.0,False,0,car,2725.088611111109,0.4690074781073614,OnTrack,11005.789549089182,13850.205246972604,1932.9977129094323
2026-09-05 14:40:12.979,0 days 00:53:36.375000,43,57.89750000000289,0 days 00:00:42.101000,10508.45,235.05,6,100.0,False,0,pos,2725.351410026826,0.4690527077032751,OnTrack,11006.0,13848.0,1933.0
2026-09-05 14:40:13.139,0 days 00:53:36.535000,43,56.741944444447476,0 days 00:00:42.261000,10246.45,237.05,6,100.0,False,0,pos,2735.937236473411,0.4708746050702641,OnTrack,11016.0,13743.0,1933.0
2026-09-05 14:40:13.215,0 days 00:53:36.611000,43,56.19305555555866,0 days 00:00:42.337000,10122.0,238.0,6,100.0,False,0,car,2740.955277777776,0.47173824630659045,OnTrack,11020.798766238791,13692.627274242168,1932.5628134465128
2026-09-05 14:40:13.299,0 days 00:53:36.695000,43,55.74972222222541,0 days 00:00:42.421000,10270.75,236.95,6,100.0,False,0,pos,2746.465419207157,0.4726865815369649,OnTrack,11026.0,13638.0,1932.0
2026-09-05 14:40:13.455,0 days 00:53:36.851000,43,54.926388888892234,0 days 00:00:42.577000,10547.0,235.0,6,100.0,False,0,car,2756.6219444444423,0.47443459305793007,OnTrack,11035.631520884095,13536.542621732286,1931.7399587925456
2026-09-05 14:40:13.659,0 days 00:53:37.055000,43,54.473055555558794,0 days 00:00:42.781000,10387.2,231.6,6,100.0,False,0,pos,2769.819731555984,0.4767060277645095,OnTrack,11048.0,13405.0,1932.0
2026-09-05 14:40:13.815,0 days 00:53:37.211000,43,54.12638888889205,0 days 00:00:42.937000,10265.0,229.0,6,100.0,True,0,car,2779.5219444444424,0.47837584884127116,OnTrack,11056.804165553407,13306.493585434435,1931.9866127265984
2026-09-05 14:40:13.819,0 days 00:53:37.215000,43,54.14194444444761,0 days 00:00:42.941000,10263.128571428571,228.71428571428572,6,98.57142857142857,True,0,pos,2779.763276795706,0.4784173838860365,OnTrack,11057.0,13304.0,1932.0
2026-09-05 14:40:13.999,0 days 00:53:37.395000,43,54.841944444447655,0 days 00:00:43.121000,10178.914285714285,215.85714285714286,6,34.285714285714285,True,0,pos,2790.263867397181,0.4802246115470216,OnTrack,11064.0,13194.0,1933.0
2026-09-05 14:40:14.095,0 days 00:53:37.491000,43,55.21527777778101,0 days 00:00:43.217000,10134.0,209.0,6,0.0,True,0,car,2795.777499999998,0.4811735476336185,OnTrack,11066.670910658955,13137.82418111718,1932.5909666444072
2026-09-05 14:40:14.199,0 days 00:53:37.595000,43,55.61972211392219,0 days 00:00:43.321000,10289.347238735467,209.0,6,0.0,True,0,pos,2801.7856560310315,0.48220759478228786,OnTrack,11068.0,13078.0,1932.0
2026-09-05 14:40:14.334,0 days 00:53:37.730000,43,56.14472222222503,0 days 00:00:43.456000,10491.0,209.0,5,0.0,True,0,car,2809.652777777776,0.4835615833885151,OnTrack,11065.896527183293,13000.284274184893,1932.126355937318
2026-09-05 14:40:14.359,0 days 00:53:37.755000,43,56.24194419555842,0 days 00:00:43.481000,10461.833408,209.0,5,0.0,True,0,pos,2811.12018184881,0.4838141342523343,OnTrack,11065.0,12986.0,1932.0
2026-09-05 14:40:14.559,0 days 00:53:37.955000,43,57.01972197333662,0 days 00:00:43.681000,10228.500074666666,209.0,5,0.0,True,0,pos,2822.7562320267975,0.485816782726537,OnTrack,11052.0,12875.0,1929.0
2026-09-05 14:40:14.574,0 days 00:53:37.970000,43,57.078055555558876,0 days 00:00:43.696000,10211.0,209.0,5,0.0,False,0,car,2823.586111111109,0.4859596109248128,OnTrack,11050.616398517443,12867.162172409184,1928.829474355461
2026-09-05 14:40:14.719,0 days 00:53:38.115000,43,58.930832515559,0 days 00:00:43.841000,9951.035829028571,197.08929097142857,5,21.232133485714286,False,0,pos,2831.20254112709,0.48727045366930627,OnTrack,11034.0,12795.0,1928.0
2026-09-05 14:40:14.854,0 days 00:53:38.250000,43,60.655833333336886,0 days 00:00:43.976000,9709.0,186.0,5,41.0,False,0,car,2838.0527777777756,0.4884494289888158,OnTrack,11012.038967504035,12731.207155481095,1927.9118636839303
2026-09-05 14:40:14.998,0 days 00:53:38.394000,43,62.53583333333681,0 days 00:00:44.120000,9733.6,186.6,5,51.2,False,0,pos,2845.518274093574,0.4897342949508312,OnTrack,10981.0,12666.0,1928.0
2026-09-05 14:40:15.094,0 days 00:53:38.490000,43,63.7891666666701,0 days 00:00:44.216000,9750.0,187.0,5,58.0,False,0,car,2850.5194444444423,0.49059503257392434,OnTrack,10955.636278819986,12623.957944243697,1927.90160968458
2026-09-05 14:40:15.218,0 days 00:53:38.614000,43,65.54582970667005,0 days 00:00:44.340000,9828.11983872,187.0,5,63.57998848,False,0,pos,2856.950005421637,0.4917017786718062,OnTrack,10918.0,12572.0,1928.0
2026-09-05 14:40:15.479,0 days 00:53:38.875000,43,69.24333242666995,0 days 00:00:44.601000,9992.54995968,187.0,5,75.32499712,False,0,pos,2870.507955897672,0.49403520010079865,OnTrack,10824.0,12474.0,1930.0
2026-09-05 14:40:15.494,0 days 00:53:38.890000,43,69.45583333333661,0 days 00:00:44.616000,10002.0,187.0,5,76.0,False,0,car,2871.29722222222,0.49417103854910527,OnTrack,10818.013435232191,12468.796533965731,1930.0555060783709
2026-09-05 14:40:15.699,0 days 00:53:39.095000,43,71.73361040000343,0 days 00:00:44.821000,10370.9998848,191.39285577142857,5,90.64285257142858,False,0,pos,2882.2185201140883,0.49605067298045524,OnTrack,10730.0,12402.0,1930.0
2026-09-05 14:40:15.774,0 days 00:53:39.170000,43,72.56694444444793,0 days 00:00:44.896000,10506.0,193.0,5,96.0,False,0,car,2886.308333333331,0.49675455944347385,OnTrack,10695.29202607493,12379.454642555682,1930.0002803145621
2026-09-05 14:40:15.779,0 days 00:53:39.175000,43,72.58638864443205,0 days 00:00:44.901000,10516.035461018753,193.17793370600626,5,96.0711734824025,False,0,pos,2886.583140871424,0.4968018558102344,OnTrack,10693.0,12378.0,1930.0
2026-09-05 14:40:16.055,0 days 00:53:39.451000,43,73.65972222222535,0 days 00:00:45.177000,11070.0,203.0,5,100.0,False,0,car,2902.153611111109,0.4994816464600814,OnTrack,10565.296848199556,12302.728878312157,1929.4895865769658
2026-09-05 14:40:16.119,0 days 00:53:39.515000,43,73.51750000000303,0 days 00:00:45.241000,11212.08,205.88,5,100.0,False,0,pos,2905.866129820262,0.5001205978065099,OnTrack,10524.0,12281.0,1929.0
2026-09-05 14:40:16.255,0 days 00:53:39.651000,43,73.21527777778056,0 days 00:00:45.377000,11514.0,212.0,5,100.0,False,0,car,2913.931388888887,0.5015086872802375,OnTrack,10417.211224177097,12227.102355786905,1927.4340465495789
2026-09-05 14:40:16.299,0 days 00:53:39.695000,43,72.72638888889169,0 days 00:00:45.421000,11462.116666666667,213.74166666666667,5,100.0,False,0,pos,2916.616517442543,0.5019708173431682,OnTrack,10385.0,12211.0,1927.0
2026-09-05 14:40:16.735,0 days 00:53:40.131000,43,67.88194444444753,0 days 00:00:45.857000,10948.0,231.0,5,100.0,False,0,car,2944.7313888888866,0.5068095902552114,OnTrack,10186.544868925168,12111.278966373136,1926.121904680251
2026-09-05 14:40:16.759,0 days 00:53:40.155000,43,67.54194444444745,0 days 00:00:45.881000,10909.36,231.6,5,100.0,False,0,pos,2946.301924649064,0.5070798908293487,OnTrack,10174.0,12105.0,1926.0
2026-09-05 14:40:16.899,0 days 00:53:40.295000,43,65.55861111111369,0 days 00:00:46.021000,10683.96,235.1,5,100.0,False,0,pos,2955.4749397053192,0.5086586331280885,OnTrack,10087.0,12061.0,1925.0
2026-09-05 14:40:16.935,0 days 00:53:40.331000,43,65.04861111111359,0 days 00:00:46.057000,10626.0,236.0,6,100.0,False,0,car,2957.842499999998,0.5090661073946304,OnTrack,10059.115378722434,12046.380225990828,1924.7584597781674
2026-09-05 14:40:17.119,0 days 00:53:40.515000,43,62.18638888889188,0 days 00:00:46.241000,10787.0,238.3,6,100.0,False,0,pos,2970.0235475304175,0.5111625538586663,OnTrack,9906.0,11964.0,1924.0
2026-09-05 14:40:17.175,0 days 00:53:40.571000,43,61.31527777778092,0 days 00:00:46.297000,10836.0,239.0,6,100.0,False,0,car,2973.775833333331,0.5118083494098226,OnTrack,9874.023641249794,11946.775295067488,1924.0364078103896
2026-09-05 14:40:17.375,0 days 00:53:40.771000,43,58.09305555555875,0 days 00:00:46.497000,11117.0,245.0,6,100.0,False,0,car,2987.386944444442,0.5141509201689651,OnTrack,9805.125622006446,11909.863382446743,1924.885193228138
2026-09-05 14:40:17.419,0 days 00:53:40.815000,43,57.323055555558824,0 days 00:00:46.541000,11166.5,246.375,6,100.0,False,0,pos,2990.424629782199,0.5146737278067559,OnTrack,9785.0,11899.0,1925.0
2026-09-05 14:40:17.535,0 days 00:53:40.931000,43,55.29305555555902,0 days 00:00:46.657000,11297.0,250.0,6,100.0,False,0,car,2998.498055555553,0.5160632228294897,OnTrack,9715.846704111513,11861.519468332055,1925.0626093742294
2026-09-05 14:40:17.639,0 days 00:53:41.035000,43,53.61750000000341,0 days 00:00:46.761000,11375.0,251.73333333333332,6,100.0,False,0,pos,3005.796332728005,0.517319309166361,OnTrack,9650.0,11826.0,1925.0
2026-09-05 14:40:17.775,0 days 00:53:41.171000,43,51.426388888892234,0 days 00:00:46.897000,11477.0,254.0,6,100.0,False,0,car,3015.4313888888864,0.5189775720841291,OnTrack,9577.543370212576,11787.524659312932,1924.9815138016945
2026-09-05 14:40:17.819,0 days 00:53:41.215000,43,50.76638888889213,0 days 00:00:46.941000,11405.94,255.1,6,100.0,False,0,pos,3018.573120026571,0.5195182867573215,OnTrack,9554.0,11775.0,1925.0
2026-09-05 14:40:17.975,0 days 00:53:41.371000,43,48.42638888889178,0 days 00:00:47.097000,11154.0,259.0,6,100.0,False,0,car,3029.8202777777756,0.5214540040295084,OnTrack,9462.875964372384,11726.023978964839,1925.1654040482567
2026-09-05 14:40:18.079,0 days 00:53:41.475000,43,46.80861111111419,0 days 00:00:47.201000,10820.55,262.25,6,100.0,False,0,pos,3037.4298404531614,0.5227636648549695,OnTrack,9398.0,11691.0,1925.0
2026-09-05 14:40:18.135,0 days 00:53:41.531000,43,45.93750000000318,0 days 00:00:47.257000,10641.0,264.0,6,100.0,False,0,car,3041.5536111111087,0.5234733956390223,OnTrack,9362.315214147744,11671.74480643733,1924.7305487386861
2026-09-05 14:40:18.259,0 days 00:53:41.655000,43,44.14638888889171,0 days 00:00:47.381000,10626.275,266.325,6,100.0,False,0,pos,3050.735423861511,0.5250536520846153,OnTrack,9282.0,11628.0,1924.0
2026-09-05 14:40:18.295,0 days 00:53:41.691000,43,43.6263888888916,0 days 00:00:47.417000,10622.0,267.0,7,100.0,False,0,car,3053.4202777777755,0.5255157348804625,OnTrack,9258.583465140457,11614.963859964877,1923.8831920915925
2026-09-05 14:40:18.559,0 days 00:53:41.955000,43,40.10638888889142,0 days 00:00:47.681000,10867.025,271.95,7,100.0,False,0,pos,3073.400124573234,0.528954411157007,OnTrack,9086.0,11516.0,1924.0
2026-09-05 14:40:18.615,0 days 00:53:42.011000,43,39.35972222222472,0 days 00:00:47.737000,10919.0,273.0,7,100.0,False,0,car,3077.6869444444424,0.5296922038910482,OnTrack,9049.274804460736,11494.838976310271,1924.013800329943
2026-09-05 14:40:18.699,0 days 00:53:42.095000,43,38.403055555558076,0 days 00:00:47.821000,10972.433333333332,274.4,7,100.0,False,0,pos,3084.1430273082174,0.5308033424903749,OnTrack,8994.0,11463.0,1924.0
2026-09-05 14:40:18.879,0 days 00:53:42.275000,43,36.35305555555812,0 days 00:00:48.001000,11086.933333333332,277.4,7,100.0,False,0,pos,3098.0847110780683,0.5332028071972498,OnTrack,8874.0,11394.0,1924.0
2026-09-05 14:40:18.975,0 days 00:53:42.371000,43,35.25972222222481,0 days 00:00:48.097000,11148.0,279.0,7,100.0,False,0,car,3105.5869444444425,0.5344939958716253,OnTrack,8808.900653986779,11357.068193378807,1924.2127066133048
2026-09-05 14:40:19.219,0 days 00:53:42.615000,43,32.75194444444718,0 days 00:00:48.341000,11309.04,283.27,7,100.0,False,0,pos,3124.8701050021364,0.5378127674030273,OnTrack,8641.0,11263.0,1925.0
2026-09-05 14:40:19.375,0 days 00:53:42.771000,43,31.14861111111395,0 days 00:00:48.497000,11412.0,286.0,7,100.0,False,0,car,3137.3647222222203,0.5399631814807255,OnTrack,8532.925413873925,11202.472290575926,1925.0066270056286
2026-09-05 14:40:19.399,0 days 00:53:42.795000,43,30.901944444447235,0 days 00:00:48.521000,11421.4,286.6,7,100.0,False,0,pos,3139.298683019885,0.5402960301348109,OnTrack,8516.0,11193.0,1925.0
2026-09-05 14:40:19.599,0 days 00:53:42.995000,43,28.846388888891276,0 days 00:00:48.721000,11499.733333333334,291.6,7,100.0,False,0,pos,3155.526351804679,0.5430889294120254,OnTrack,8375.0,11114.0,1925.0
2026-09-05 14:40:19.615,0 days 00:53:43.011000,43,28.6819444444468,0 days 00:00:48.737000,11506.0,292.0,7,100.0,False,0,car,3156.831388888887,0.5433135357419645,OnTrack,8364.542122340295,11108.093537620485,1925.0019259184169
2026-09-05 14:40:19.859,0 days 00:53:43.255000,43,26.377500000002254,0 days 00:00:48.981000,11541.075,295.05,7,100.0,False,0,pos,3176.8511786612153,0.5467590864939935,OnTrack,8191.0,11009.0,1925.0
2026-09-05 14:40:19.935,0 days 00:53:43.331000,43,25.659722222224445,0 days 00:00:49.057000,11552.0,296.0,7,100.0,False,0,car,3183.142499999998,0.5478418684420866,OnTrack,8102.557552209741,10958.457835284431,1924.9478510771103
2026-09-05 14:40:20.059,0 days 00:53:43.455000,43,24.5919444444467,0 days 00:00:49.181000,11111.357142857143,298.2142857142857,7,100.0,False,0,pos,3193.4702478347285,0.549619348611629,OnTrack,7947.0,10869.0,1925.0
2026-09-05 14:40:20.215,0 days 00:53:43.611000,43,23.248611111113405,0 days 00:00:49.337000,10557.0,301.0,8,100.0,False,0,car,3206.553611111109,0.5518710901478118,OnTrack,7813.80601222782,10789.563035075655,1925.8183124636776
2026-09-05 14:40:20.399,0 days 00:53:43.795000,43,21.919722222224838,0 days 00:00:49.521000,10649.418181818182,302.6727272727273,8,100.0,False,0,pos,3222.0789719606664,0.5545431171450509,OnTrack,7704.0,10719.0,1927.0
2026-09-05 14:40:20.655,0 days 00:53:44.051000,43,20.070833333336395,0 days 00:00:49.777000,10778.0,305.0,8,100.0,False,0,car,3243.8313888888865,0.5582868655738716,OnTrack,7541.5910532705575,10608.172440826957,1927.2108951810542
2026-09-05 14:40:20.839,0 days 00:53:44.235000,43,19.04861131619939,0 days 00:00:49.961000,10828.75861050611,306.73040717634467,8,100.0,False,0,pos,3259.559341448742,0.5609937600711051,OnTrack,7432.0,10529.0,1927.0
2026-09-05 14:40:20.974,0 days 00:53:44.370000,43,18.29861111111404,0 days 00:00:50.096000,10866.0,308.0,8,100.0,False,0,car,3271.1236111111084,0.562984054598918,OnTrack,7361.271365781946,10475.160006301607,1926.9279779739197
2026-09-05 14:40:21.174,0 days 00:53:44.570000,43,17.3541666666697,0 days 00:00:50.296000,10971.0,309.0,8,100.0,False,0,car,3288.2902777777754,0.5659385622094284,OnTrack,7257.0162958828105,10391.315976627116,1926.2355039043368
2026-09-05 14:40:21.199,0 days 00:53:44.595000,43,17.24305584000305,0 days 00:00:50.321000,10972.7968704,309.3124992,8,100.0,False,0,pos,3290.448127949864,0.5663099438456872,OnTrack,7242.0,10379.0,1926.0
2026-09-05 14:40:21.419,0 days 00:53:44.815000,43,16.26527806222543,0 days 00:00:50.541000,10988.6093704,312.0624992,8,100.0,False,0,pos,3309.568079331138,0.5696006258962832,OnTrack,7094.0,10257.0,1923.0
2026-09-05 14:40:21.494,0 days 00:53:44.890000,43,15.931944444447709,0 days 00:00:50.616000,10994.0,313.0,8,100.0,False,0,car,3316.1124999999975,0.5707269680713819,OnTrack,7042.019425106367,10215.256396065988,1922.2124191575335
2026-09-05 14:40:21.598,0 days 00:53:44.994000,43,15.585277777780963,0 days 00:00:50.720000,11027.511111111111,313.5777777777778,8,100.0,False,0,pos,3325.1984245590324,0.572290721465063,OnTrack,6972.0,10159.0,1921.0
2026-09-05 14:40:21.818,0 days 00:53:45.214000,43,14.851945297780796,0 days 00:00:50.940000,11098.399917511111,314.7999985777778,8,100.0,False,0,pos,3344.4570777145523,0.5756052750951307,OnTrack,6826.0,10035.0,1916.0
2026-09-05 14:40:21.854,0 days 00:53:45.250000,43,14.731944444447436,0 days 00:00:50.976000,11110.0,315.0,8,100.0,False,0,car,3347.6124999999975,0.5761483461139689,OnTrack,6794.951188274915,10008.076673772219,1915.071154322475
2026-09-05 14:40:22.094,0 days 00:53:45.490000,43,13.99861111111386,0 days 00:00:51.216000,11142.0,316.0,8,100.0,False,0,car,3368.6791666666645,0.5797740719583235,OnTrack,6564.558118542657,9807.107191094427,1909.1023784903534
2026-09-05 14:40:22.099,0 days 00:53:45.495000,43,13.987500142224974,0 days 00:00:51.221000,11141.2500096,316.02499968,8,100.0,False,0,pos,3369.118766403515,0.5798497302554946,OnTrack,6561.0,9804.0,1909.0
2026-09-05 14:40:22.294,0 days 00:53:45.690000,43,13.554166666669516,0 days 00:00:51.416000,11112.0,317.0,8,100.0,False,0,car,3386.2902777777754,0.5828050716752549,OnTrack,6477.332379437091,9730.95278168417,1905.862956448972
2026-09-05 14:40:22.419,0 days 00:53:45.815000,43,13.276389031114094,0 days 00:00:51.541000,11132.3124896,317.7812496,8,100.0,False,0,pos,3397.3292127878653,0.5847049523062786,OnTrack,6428.0,9688.0,1904.0
2026-09-05 14:40:22.454,0 days 00:53:45.850000,43,13.198611111114133,0 days 00:00:51.576000,11138.0,318.0,8,100.0,False,0,car,3400.423611111109,0.5852375206594422,OnTrack,6409.417825244774,9671.8350530967,1903.424017238514
2026-09-05 14:40:22.679,0 days 00:53:46.075000,43,12.948611137903816,0 days 00:00:51.801000,11168.540162932328,318.623268631272,8,100.0,False,0,pos,3420.3466436884196,0.58866641879774,OnTrack,6254.0,9537.0,1899.0
2026-09-05 14:40:22.799,0 days 00:53:46.195000,43,12.81527778093238,0 days 00:00:51.921000,11184.828254462627,318.9556786625026,8,100.0,False,0,pos,3430.991901396902,0.590498544715151,OnTrack,6167.0,9462.0,1896.0
2026-09-05 14:40:22.815,0 days 00:53:46.211000,43,12.797500000002856,0 days 00:00:51.937000,11187.0,319.0,8,100.0,False,0,car,3432.41222222222,0.5907429922115258,OnTrack,6155.870414673727,9452.37892364766,1895.6031991707184
2026-09-05 14:40:23.159,0 days 00:53:46.555000,43,12.797500000002856,0 days 00:00:52.281000,11203.244444444445,319.9555555555556,8,100.0,False,0,pos,3462.9896598875152,0.5960055905974689,OnTrack,5934.0,9259.0,1888.0
2026-09-05 14:40:23.175,0 days 00:53:46.571000,43,12.797500000002856,0 days 00:00:52.297000,11204.0,320.0,8,100.0,False,0,car,3464.41222222222,0.5962504238738364,OnTrack,5922.818904901292,9249.283073985134,1887.6928559299797
2026-09-05 14:40:23.319,0 days 00:53:46.715000,43,12.917500000002583,0 days 00:00:52.441000,11206.16,320.0,8,100.0,False,0,pos,3477.21363553511,0.5984536397801408,OnTrack,5820.0,9160.0,1885.0
2026-09-05 14:40:23.519,0 days 00:53:46.915000,43,13.084166666668871,0 days 00:00:52.641000,11209.16,320.0,8,100.0,False,0,pos,3494.9902171627887,0.6015131181708884,OnTrack,5693.0,9049.0,1881.0
2026-09-05 14:40:23.575,0 days 00:53:46.971000,43,13.130833333335431,0 days 00:00:52.697000,11210.0,320.0,8,100.0,False,0,car,3499.967777777776,0.6023697923875151,OnTrack,5656.32371492003,9017.201867049644,1880.1366083447372
2026-09-05 14:40:23.739,0 days 00:53:47.135000,43,13.358611111113209,0 days 00:00:52.861000,11222.3,320.0,8,100.0,False,0,pos,3514.545403637313,0.6048787073318943,OnTrack,5545.0,8921.0,1878.0
2026-09-05 14:40:23.879,0 days 00:53:47.275000,43,13.553055555557654,0 days 00:00:53.001000,11232.8,320.0,8,100.0,False,0,pos,3526.9899983995765,0.6070205121824668,OnTrack,5451.0,8839.0,1876.0
2026-09-05 14:40:23.935,0 days 00:53:47.331000,43,13.630833333335431,0 days 00:00:53.057000,11237.0,320.0,8,100.0,False,0,car,3531.967777777776,0.6078772240498258,OnTrack,5413.506922295043,8806.392908968593,1875.8119466588244
2026-09-05 14:40:24.139,0 days 00:53:47.535000,43,14.027500000002124,0 days 00:00:53.261000,11245.925,320.0,8,100.0,False,0,pos,3550.1008741883497,0.6109980612156799,OnTrack,5277.0,8688.0,1877.0
2026-09-05 14:40:24.255,0 days 00:53:47.651000,43,14.253055555557694,0 days 00:00:53.377000,11251.0,320.0,8,100.0,False,0,car,3560.4122222222204,0.6127727188607686,OnTrack,5199.337816807943,8620.138072961405,1876.4831341132651
2026-09-05 14:40:24.339,0 days 00:53:47.735000,43,14.463055555557911,0 days 00:00:53.461000,11249.5,320.0,8,100.0,False,0,pos,3567.879396879319,0.614057873677472,OnTrack,5143.0,8571.0,1876.0
2026-09-05 14:40:24.535,0 days 00:53:47.931000,43,14.953055555558421,0 days 00:00:53.657000,11246.0,320.0,8,100.0,False,0,car,3585.3011111111086,0.6170562768203435,OnTrack,5011.139570051221,8456.963856755181,1875.9330391040987
2026-09-05 14:40:24.559,0 days 00:53:47.955000,43,15.019722222225093,0 days 00:00:53.681000,11245.657142857142,320.0,8,100.0,False,0,pos,3587.433790472177,0.6174233263778031,OnTrack,4995.0,8443.0,1876.0
2026-09-05 14:40:24.815,0 days 00:53:48.211000,43,15.73083333333625,0 days 00:00:53.937000,11242.0,320.0,8,100.0,False,0,car,3610.189999999998,0.6213398347799185,OnTrack,4822.711791162691,8293.358535535433,1877.9389014400238
2026-09-05 14:40:24.819,0 days 00:53:48.215000,43,15.74305555555847,0 days 00:00:53.941000,11241.933333333332,320.0111111111111,8,100.0,False,0,pos,3610.5461329754085,0.6214011278431925,OnTrack,4820.0,8291.0,1878.0
2026-09-05 14:40:24.979,0 days 00:53:48.375000,43,16.23194444444732,0 days 00:00:54.101000,11239.266666666666,320.4555555555556,8,100.0,False,0,pos,3624.810203250505,0.6238560776015203,OnTrack,4713.0,8198.0,1881.0
2026-09-05 14:40:25.175,0 days 00:53:48.571000,43,16.83083333333616,0 days 00:00:54.297000,11236.0,321.0,8,100.0,False,0,car,3642.2899999999977,0.6268644771661739,OnTrack,4581.689712146064,8084.214944095864,1883.9303587446925
2026-09-05 14:40:25.179,0 days 00:53:48.575000,43,16.843055555558376,0 days 00:00:54.301000,11236.05,320.99,8,100.0,False,0,pos,3642.646233903232,0.626925787599857,OnTrack,4578.0,8081.0,1884.0
2026-09-05 14:40:25.379,0 days 00:53:48.775000,43,17.454166666669234,0 days 00:00:54.501000,11238.55,320.49,8,100.0,False,0,pos,3660.4322548875334,0.6299868905722152,OnTrack,4355.0,7886.0,1888.0
2026-09-05 14:40:25.575,0 days 00:53:48.971000,43,18.053055555557876,0 days 00:00:54.697000,11241.0,320.0,8,100.0,False,0,car,3677.845555555554,0.6329838456798526,OnTrack,4234.097404294515,7780.309131881674,1890.527573651485
2026-09-05 14:40:25.735,0 days 00:53:49.131000,43,18.58638888889209,0 days 00:00:54.857000,11242.0,320.0,8,100.0,False,0,car,3692.0677777777755,0.6354315930853238,OnTrack,4172.015540648211,7726.647118446515,1892.3183521761118
2026-09-05 14:40:25.779,0 days 00:53:49.175000,43,18.70861111111432,0 days 00:00:54.901000,11239.485714285714,320.0,8,100.0,False,0,pos,3695.9778359440415,0.6361045424023979,OnTrack,4148.0,7706.0,1893.0
2026-09-05 14:40:25.959,0 days 00:53:49.355000,43,19.20861111111435,0 days 00:00:55.081000,11229.2,320.0,8,100.0,False,0,pos,3711.972852305569,0.6388574005132933,OnTrack,4027.0,7602.0,1896.0
2026-09-05 14:40:26.015,0 days 00:53:49.411000,43,19.364166666669917,0 days 00:00:55.137000,11226.0,320.0,8,100.0,False,0,car,3716.9566666666647,0.6397151510448988,OnTrack,3990.3175852314266,7570.15671473537,1896.3680316721343
2026-09-05 14:40:26.219,0 days 00:53:49.615000,43,19.874166666669968,0 days 00:00:55.341000,11232.233333333334,320.56666666666666,8,100.0,False,0,pos,3735.152619292495,0.6428468062204427,OnTrack,3853.0,7450.0,1897.0
2026-09-05 14:40:26.375,0 days 00:53:49.771000,43,20.264166666670008,0 days 00:00:55.497000,11237.0,321.0,8,100.0,False,0,car,3749.0566666666646,0.6452397934311542,OnTrack,3713.3328313516354,7328.657026771245,1901.026134417723
2026-09-05 14:40:26.419,0 days 00:53:49.815000,43,20.398611111114498,0 days 00:00:55.541000,11233.425,320.725,8,100.0,False,0,pos,3752.9699225981813,0.6459132931067779,OnTrack,3678.0,7298.0,1902.0
2026-09-05 14:40:26.535,0 days 00:53:49.931000,43,20.753055555559058,0 days 00:00:55.657000,11224.0,320.0,8,100.0,False,0,car,3763.2788888888863,0.6476875408366256,OnTrack,3604.4652626583293,7234.200260204378,1903.3501285249267
2026-09-05 14:40:26.735,0 days 00:53:50.131000,43,21.36416666667037,0 days 00:00:55.857000,10957.0,320.0,8,100.0,False,0,car,3781.056666666664,0.6507472250934648,OnTrack,3506.3192027679456,7149.014200593595,1903.96360910343
2026-09-05 14:40:26.739,0 days 00:53:50.135000,43,21.37861111111482,0 days 00:00:55.861000,10957.785714285714,319.95714285714286,8,100.0,False,0,pos,3781.4108334061884,0.6508081797533084,OnTrack,3504.0,7147.0,1904.0
2026-09-05 14:40:26.899,0 days 00:53:50.295000,43,21.956388888892764,0 days 00:00:56.021000,10989.214285714286,318.24285714285713,8,100.0,False,0,pos,3795.5148355326705,0.6532355806244549,OnTrack,3397.0,7054.0,1906.0
2026-09-05 14:40:27.015,0 days 00:53:50.411000,43,22.375277777781776,0 days 00:00:56.137000,11012.0,317.0,8,100.0,False,0,car,3805.7122222222197,0.6549906246971688,OnTrack,3299.5447568486634,6969.108346861502,1907.0267594663449
2026-09-05 14:40:27.175,0 days 00:53:50.571000,43,22.997500000004038,0 days 00:00:56.297000,10924.0,316.0,8,100.0,False,0,car,3819.756666666664,0.6574077752600718,OnTrack,3153.2718605009563,6841.6436421224225,1907.6975736857653
2026-09-05 14:40:27.259,0 days 00:53:50.655000,43,23.534166666670775,0 days 00:00:56.381000,10945.0,311.275,8,95.8,False,0,pos,3827.048276534726,0.65866271410559,OnTrack,3096.0,6792.0,1908.0
2026-09-05 14:40:27.335,0 days 00:53:50.731000,43,24.01972222222639,0 days 00:00:56.457000,10964.0,307.0,8,92.0,True,0,car,3833.4011111111085,0.659756082927196,OnTrack,3058.033586783503,6759.336790605525,1908.2709699704487
2026-09-05 14:40:27.599,0 days 00:53:50.995000,43,29.519721241724728,0 days 00:00:56.721000,10030.072589892352,268.0250765860588,8,24.345415960705793,True,0,pos,3852.556496610744,0.6630528634460853,OnTrack,2957.0,6670.0,1909.0
2026-09-05 14:40:27.694,0 days 00:53:51.090000,43,31.498888888892452,0 days 00:00:56.816000,9694.0,254.0,8,0.0,True,0,car,3858.730555555553,0.6641154636872607,OnTrack,2883.095012960937,6601.251128339429,1909.048751362037
2026-09-05 14:40:27.819,0 days 00:53:51.215000,43,35.457220195559074,0 days 00:00:56.941000,10151.8122656,238.7656328,8,0.0,True,0,pos,3866.4575996809776,0.6654453439207743,OnTrack,2782.0,6506.0,1909.0
2026-09-05 14:40:28.014,0 days 00:53:51.410000,43,41.632222222225664,0 days 00:00:57.136000,10866.0,215.0,8,0.0,True,0,car,3877.8416666666644,0.667404624263363,OnTrack,2709.205108922498,6434.028561676084,1908.8862417440946
2026-09-05 14:40:28.218,0 days 00:53:51.614000,43,48.885546453336914,0 days 00:00:57.340000,10403.357723428571,204.8000128,8,0.7285705142857143,True,0,pos,3889.3023228883067,0.6693770861679232,OnTrack,2682.0,6398.0,1909.0
2026-09-05 14:40:28.294,0 days 00:53:51.690000,43,51.58777777778141,0 days 00:00:57.416000,10231.0,201.0,6,1.0,True,0,car,3893.4749999999976,0.670095234106721,OnTrack,2667.445767754087,6377.958094742959,1909.1794307161097
2026-09-05 14:40:28.438,0 days 00:53:51.834000,43,57.027777777781374,0 days 00:00:57.560000,9962.2,196.2,6,1.6,True,0,pos,3901.2513113394716,0.6714335935844399,OnTrack,2636.0,6332.0,1909.0
2026-09-05 14:40:28.534,0 days 00:53:51.930000,43,60.65444444444802,0 days 00:00:57.656000,9783.0,193.0,5,2.0,True,0,car,3906.3416666666644,0.6723096805876084,OnTrack,2615.2800871371987,6297.6274455404055,1907.724796367238
2026-09-05 14:40:28.599,0 days 00:53:51.995000,43,63.07388650667029,0 days 00:00:57.721000,9801.107125028571,191.3750016,5,7.107137828571428,True,0,pos,3909.7458097056924,0.6728955582487389,OnTrack,2602.0,6272.0,1907.0
2026-09-05 14:40:28.759,0 days 00:53:52.155000,43,69.02944206222597,0 days 00:00:57.881000,9845.6785536,187.3750016,5,19.6785664,True,0,pos,3917.9964878094615,0.6743155596807462,OnTrack,2574.0,6200.0,1907.0
2026-09-05 14:40:28.814,0 days 00:53:52.210000,43,71.07666666667046,0 days 00:00:57.936000,9861.0,186.0,5,24.0,False,0,car,3920.808333333331,0.6747994986516114,OnTrack,2566.7361855305016,6173.479413513235,1907.0880141194953
2026-09-05 14:40:29.039,0 days 00:53:52.435000,43,77.45166485333718,0 days 00:00:58.161000,9778.2321664,183.5892864,5,50.5178496,False,0,pos,3932.2339076007406,0.6767659226978743,OnTrack,2549.0,6059.0,1907.0
2026-09-05 14:40:29.094,0 days 00:53:52.490000,43,79.01000000000386,0 days 00:00:58.216000,9758.0,183.0,5,57.0,False,0,car,3935.0416666666647,0.6772491583597434,OnTrack,2546.744935076432,6030.293516126895,1906.8053242433157
2026-09-05 14:40:29.279,0 days 00:53:52.675000,43,82.76138858733435,0 days 00:00:58.401000,9904.618245475385,185.30290437919453,5,70.81742627516715,False,0,pos,3944.5800526855373,0.6788907836462333,OnTrack,2544.0,5931.0,1906.0
2026-09-05 14:40:29.335,0 days 00:53:52.731000,43,83.89694444444831,0 days 00:00:58.457000,9949.0,186.0,5,75.0,False,0,car,3947.4933333333315,0.6793921803362603,OnTrack,2544.275754174739,5899.524782330866,1905.920294029347
2026-09-05 14:40:29.479,0 days 00:53:52.875000,43,85.41694444444794,0 days 00:00:58.601000,10280.714285714286,188.57142857142858,5,87.85714285714286,False,0,pos,3955.0370313324192,0.6806905053741066,OnTrack,2546.0,5819.0,1906.0
2026-09-05 14:40:29.615,0 days 00:53:53.011000,43,86.85250000000315,0 days 00:00:58.737000,10594.0,191.0,5,100.0,False,0,car,3962.3488888888874,0.6819489289933817,OnTrack,2546.1522247873363,5750.409919540421,1906.0546288760409
2026-09-05 14:40:29.639,0 days 00:53:53.035000,43,86.85916666666982,0 days 00:00:58.761000,10612.6,192.05,5,99.025,False,0,pos,3963.669364044917,0.6821761923272445,OnTrack,2546.0,5738.0,1906.0
2026-09-05 14:40:29.839,0 days 00:53:53.235000,43,86.91472222222542,0 days 00:00:58.961000,10767.6,200.8,5,90.9,False,0,pos,3975.0046031248776,0.6841270690337707,OnTrack,2543.0,5628.0,1905.0
2026-09-05 14:40:29.935,0 days 00:53:53.331000,43,86.9413888888921,0 days 00:00:59.057000,10842.0,205.0,5,87.0,False,0,car,3980.5711111111095,0.6850851053566419,OnTrack,2541.15353624016,5576.510632337423,1905.0955065384594
2026-09-05 14:40:30.079,0 days 00:53:53.475000,43,85.98138888889216,0 days 00:00:59.201000,11056.2,208.24,5,91.68,False,0,pos,3989.0197396296426,0.6865391754880816,OnTrack,2531.0,5486.0,1905.0
2026-09-05 14:40:30.279,0 days 00:53:53.675000,43,84.6480555555589,0 days 00:00:59.401000,11353.7,212.74,5,98.18,False,0,pos,4000.9592794819578,0.6885940567323335,OnTrack,2490.0,5312.0,1902.0
2026-09-05 14:40:30.335,0 days 00:53:53.731000,43,84.27472222222559,0 days 00:00:59.457000,11437.0,214.0,5,100.0,False,0,car,4004.3488888888874,0.6891774330501644,OnTrack,2479.6937975070696,5275.542461560948,1901.5143607729287
2026-09-05 14:40:30.615,0 days 00:53:54.011000,43,81.16361111111382,0 days 00:00:59.737000,11906.0,222.0,5,100.0,False,0,car,4021.6155555555542,0.6921491513846195,OnTrack,2440.5823431045965,5179.588841097216,1901.98742940723
2026-09-05 14:40:30.659,0 days 00:53:54.055000,43,80.55250000000271,0 days 00:00:59.781000,11739.166666666666,222.9777777777778,5,100.0,False,0,pos,4024.381710389032,0.692625226656893,OnTrack,2433.0,5163.0,1902.0
2026-09-05 14:40:30.919,0 days 00:53:54.315000,43,76.9413888888916,0 days 00:01:00.041000,10753.333333333334,228.75555555555556,5,100.0,False,0,pos,4040.997550705937,0.6954849330649311,OnTrack,2357.0,5019.0,1901.0
2026-09-05 14:40:30.975,0 days 00:53:54.371000,43,76.16361111111382,0 days 00:01:00.097000,10541.0,230.0,5,100.0,False,0,car,4044.6155555555542,0.6961076178919053,OnTrack,2323.3712476880805,4971.74984566004,1900.6804156002288
2026-09-05 14:40:31.099,0 days 00:53:54.495000,43,74.40694444444735,0 days 00:01:00.221000,10782.025,233.1,5,100.0,False,0,pos,4052.666605373907,0.697493261850794,OnTrack,2240.0,4864.0,1900.0
2026-09-05 14:40:31.135,0 days 00:53:54.531000,43,73.8969444444474,0 days 00:01:00.257000,10852.0,234.0,6,100.0,False,0,car,4055.015555555554,0.6978975331821563,OnTrack,2220.681133297215,4840.146979627008,1899.849718084337
2026-09-05 14:40:31.335,0 days 00:53:54.731000,43,71.28583333333609,0 days 00:01:00.457000,10904.0,237.0,6,100.0,False,0,car,4068.182222222221,0.700163611834878,OnTrack,2157.400077851041,4772.686303679317,1899.4149367705404
2026-09-05 14:40:31.495,0 days 00:53:54.891000,43,69.28583333333609,0 days 00:01:00.617000,10901.0,242.0,6,100.0,False,0,car,4078.9377777777763,0.7020147208102656,OnTrack,2109.5276864987795,4728.488165336132,1899.0144538682644
2026-09-05 14:40:31.499,0 days 00:53:54.895000,43,69.23138888889164,0 days 00:01:00.621000,10907.2,242.14,6,100.0,False,0,pos,4079.2105162143935,0.7020616610696829,OnTrack,2108.0,4727.0,1899.0
2026-09-05 14:40:31.695,0 days 00:53:55.091000,43,66.56361111111391,0 days 00:01:00.817000,11211.0,249.0,6,100.0,False,0,car,4092.77111111111,0.7043955376226188,OnTrack,2017.0608760317748,4632.583975595529,1898.1321265719043
2026-09-05 14:40:31.739,0 days 00:53:55.135000,43,65.98916666666932,0 days 00:01:00.861000,11261.82,249.44,6,100.0,False,0,pos,4095.833444652694,0.7049225873947277,OnTrack,1996.0,4607.0,1898.0
2026-09-05 14:40:31.895,0 days 00:53:55.291000,43,63.952500000002146,0 days 00:01:01.017000,11442.0,251.0,6,100.0,False,0,car,4106.715555555555,0.7067954774615771,OnTrack,1925.5979813979827,4505.801143723633,1897.8890423145097
2026-09-05 14:40:32.019,0 days 00:53:55.415000,43,62.3680555555582,0 days 00:01:01.141000,11458.016666666666,252.03333333333333,6,100.0,False,0,pos,4115.409649128464,0.7082917939059061,OnTrack,1880.0,4425.0,1898.0
2026-09-05 14:40:32.135,0 days 00:53:55.531000,43,60.88583333333645,0 days 00:01:01.257000,11473.0,253.0,6,100.0,False,0,car,4123.5822222222205,0.7096983529002532,OnTrack,1849.3715377925078,4356.618621541572,1898.1318673902185
2026-09-05 14:40:32.319,0 days 00:53:55.715000,43,58.68805555555858,0 days 00:01:01.441000,11625.566666666668,255.3,6,100.0,False,0,pos,4136.636697657531,0.711945122629856,OnTrack,1815.0,4251.0,1898.0
2026-09-05 14:40:32.375,0 days 00:53:55.771000,43,58.01916666666966,0 days 00:01:01.497000,11672.0,256.0,6,100.0,False,0,car,4140.648888888887,0.7126356497868189,OnTrack,1804.7400610130296,4215.679201615318,1897.7426643705799
2026-09-05 14:40:32.499,0 days 00:53:55.895000,43,56.503611111114004,0 days 00:01:01.621000,11579.0,258.65714285714284,6,100.0,False,0,pos,4149.613216483001,0.7141784754625423,OnTrack,1782.0,4123.0,1897.0
2026-09-05 14:40:32.655,0 days 00:53:56.051000,43,54.59694444444722,0 days 00:01:01.777000,11462.0,262.0,6,100.0,False,0,car,4161.026666666665,0.716142812866221,OnTrack,1753.1497768453926,3950.5682327370864,1896.3659815445494
2026-09-05 14:40:32.759,0 days 00:53:56.155000,43,53.32583333333628,0 days 00:01:01.881000,11066.8,264.6,6,100.0,False,0,pos,4168.702736356039,0.7174639200302636,OnTrack,1737.0,3833.0,1896.0
2026-09-05 14:40:32.815,0 days 00:53:56.211000,43,52.641388888891925,0 days 00:01:01.937000,10854.0,266.0,6,100.0,False,0,car,4172.848888888887,0.718177502897019,OnTrack,1730.1147799924547,3776.836882468557,1895.7849510155083
2026-09-05 14:40:33.015,0 days 00:53:56.411000,43,50.36361111111364,0 days 00:01:02.137000,10788.0,267.0,7,100.0,False,0,car,4187.682222222221,0.7207304269488194,OnTrack,1715.744414670237,3616.868589566522,1894.915946508949
2026-09-05 14:40:33.175,0 days 00:53:56.571000,43,48.76361111111328,0 days 00:01:02.297000,10754.0,267.0,7,100.0,False,0,car,4199.548888888888,0.7227727661902595,OnTrack,1709.5785360434675,3524.8360538443003,1894.193128964986
2026-09-05 14:40:33.219,0 days 00:53:56.615000,43,48.32361111111343,0 days 00:01:02.341000,10754.825,267.825,7,100.0,False,0,pos,4202.833209028073,0.7233380214628755,OnTrack,1708.0,3504.0,1894.0
2026-09-05 14:40:33.335,0 days 00:53:56.731000,43,47.16361111111382,0 days 00:01:02.457000,10757.0,270.0,7,100.0,False,0,car,4211.548888888888,0.7248380530636261,OnTrack,1704.0804967258973,3458.3173490201098,1893.5025159677837
2026-09-05 14:40:33.519,0 days 00:53:56.915000,43,45.42583333333563,0 days 00:01:02.641000,10843.085714285715,272.62857142857143,7,100.0,False,0,pos,4225.53816529406,0.7272457088075841,OnTrack,1695.0,3369.0,1893.0
2026-09-05 14:40:33.615,0 days 00:53:57.011000,43,44.51916666666875,0 days 00:01:02.737000,10888.0,274.0,7,100.0,False,0,car,4232.859999999999,0.7285058495665122,OnTrack,1686.4280964895013,3283.985476503078,1893.0488809423869
2026-09-05 14:40:33.759,0 days 00:53:57.155000,43,43.19916666666886,0 days 00:01:02.881000,10912.0,274.6,7,100.0,False,0,pos,4243.827537244861,0.7303934421252598,OnTrack,1672.0,3140.0,1893.0
2026-09-05 14:40:33.855,0 days 00:53:57.251000,43,42.319166666668934,0 days 00:01:02.977000,10928.0,275.0,7,100.0,False,0,car,4251.193333333332,0.7316611489563776,OnTrack,1664.473698046302,3064.0648666426505,1892.41461127728
2026-09-05 14:40:33.919,0 days 00:53:57.315000,43,41.714722222224395,0 days 00:01:03.041000,10959.644444444444,276.24444444444447,7,100.0,False,0,pos,4256.148906557752,0.7325140389839109,OnTrack,1660.0,3018.0,1892.0
2026-09-05 14:40:34.159,0 days 00:53:57.555000,43,39.44805555555736,0 days 00:01:03.281000,11078.31111111111,280.9111111111111,7,100.0,False,0,pos,4274.984980225921,0.7357558636249638,OnTrack,1643.0,2833.0,1891.0
2026-09-05 14:40:34.215,0 days 00:53:57.611000,43,38.91916666666839,0 days 00:01:03.337000,11106.0,282.0,7,100.0,False,0,car,4279.3933333333325,0.736514573108789,OnTrack,1637.683529479696,2773.2201411768865,1890.5801112322408
2026-09-05 14:40:34.454,0 days 00:53:57.850000,43,36.92750000000251,0 days 00:01:03.576000,11305.0,284.0,7,100.0,False,0,car,4298.247777777777,0.7397595594934331,OnTrack,1612.7219564012591,2490.257889704002,1888.1778303546341
2026-09-05 14:40:34.479,0 days 00:53:57.875000,43,36.70527834666921,0 days 00:01:03.601000,11316.1718464,284.390624,7,100.0,False,0,pos,4300.235125286607,0.7401015963870005,OnTrack,1611.0,2471.0,1888.0
2026-09-05 14:40:34.738,0 days 00:53:58.134000,43,34.40305783111403,0 days 00:01:03.860000,11431.9123856,288.437496,7,100.0,False,0,pos,4321.02485431315,0.7436796592586142,OnTrack,1602.0,2375.0,1887.0
2026-09-05 14:40:34.774,0 days 00:53:58.170000,43,34.08305555555853,0 days 00:01:03.896000,11448.0,289.0,7,100.0,False,0,car,4323.936666666666,0.7441808032445658,OnTrack,1600.3593581216392,2357.316818519965,1886.8377985117982
2026-09-05 14:40:35.054,0 days 00:53:58.450000,43,31.74972222222459,0 days 00:01:04.176000,11590.0,293.0,7,100.0,False,0,car,4346.725555555555,0.7481029360013017,OnTrack,1579.4487610905906,2127.8276739195408,1885.1417819710864
2026-09-05 14:40:35.079,0 days 00:53:58.475000,43,31.548333848891346,0 days 00:01:04.201000,11598.49997824,293.24999936,7,100.0,False,0,pos,4348.768697481995,0.7484545755180603,OnTrack,1577.0,2101.0,1885.0
2026-09-05 14:40:35.254,0 days 00:53:58.650000,43,30.138611111114187,0 days 00:01:04.376000,11658.0,295.0,7,100.0,False,0,car,4363.1144444444435,0.7509235824255754,OnTrack,1558.3856018668798,1897.8441410635755,1884.118388522798
2026-09-05 14:40:35.279,0 days 00:53:58.675000,43,29.944167164447602,0 days 00:01:04.401000,11550.9169408,295.3124992,7,100.0,False,0,pos,4365.173477836192,0.7512779569785591,OnTrack,1556.0,1872.0,1884.0
2026-09-05 14:40:35.494,0 days 00:53:58.890000,43,28.27194444444831,0 days 00:01:04.616000,10630.0,298.0,7,100.0,False,0,car,4382.981111111109,0.7543427795825931,OnTrack,1540.885344182192,1711.1538990400018,1883.0157148103776
2026-09-05 14:40:35.719,0 days 00:53:59.115000,43,26.646944582682824,0 days 00:01:04.841000,10644.01869039625,300.10280355943746,7,100.0,False,0,pos,4401.76539065463,0.7575756900798332,OnTrack,1528.0,1574.0,1882.0
2026-09-05 14:40:35.815,0 days 00:53:59.211000,43,25.953611111114697,0 days 00:01:04.937000,10650.0,301.0,8,100.0,False,0,car,4409.820277777776,0.7589619944666567,OnTrack,1520.9983733127483,1497.0037503382875,1881.5546362180248
2026-09-05 14:40:35.919,0 days 00:53:59.315000,43,25.28916666667046,0 days 00:01:05.041000,10666.755555555555,301.8666666666667,8,100.0,False,0,pos,4418.5720096811965,0.7604682308849364,OnTrack,1513.0,1408.0,1881.0
2026-09-05 14:40:36.079,0 days 00:53:59.475000,43,24.266944444448562,0 days 00:01:05.201000,10692.533333333333,303.2,8,100.0,False,0,pos,4432.08648774299,0.7627941703967217,OnTrack,1501.0,1274.0,1880.0
2026-09-05 14:40:36.175,0 days 00:53:59.571000,43,23.653611111115424,0 days 00:01:05.297000,10708.0,304.0,8,100.0,False,0,car,4440.220277777776,0.7641940545458518,OnTrack,1493.5096103692417,1193.1377408526232,1879.6871140801431
2026-09-05 14:40:36.379,0 days 00:53:59.775000,43,23.030277777781883,0 days 00:01:05.501000,10728.94642857143,304.72857142857146,8,100.0,False,0,pos,4457.564989426906,0.7671792049867915,OnTrack,1477.0,1020.0,1879.0
2026-09-05 14:40:36.479,0 days 00:53:59.875000,43,22.724722222226227,0 days 00:01:05.601000,10739.214285714286,305.0857142857143,8,100.0,False,0,pos,4466.097305560245,0.7686476783625914,OnTrack,1469.0,936.0,1878.0
2026-09-05 14:40:37.295,0 days 00:54:00.691000,43,20.23138888889207,0 days 00:01:06.417000,10823.0,308.0,8,100.0,False,0,car,4536.042499999999,0.7806857526902156,OnTrack,1409.686727097213,284.81993527006676,1874.7042582442855
2026-09-05 14:40:37.379,0 days 00:54:00.775000,43,20.044722222225392,0 days 00:01:06.501000,10834.1,308.0,8,100.0,False,0,pos,4543.225962745889,0.7819220786330827,OnTrack,1399.0,170.0,1874.0
2026-09-05 14:40:37.575,0 days 00:54:00.971000,43,19.609166666669807,0 days 00:01:06.697000,10860.0,308.0,8,100.0,False,0,car,4559.998055555554,0.7848086772263064,OnTrack,1372.3884048005757,-114.78721928826656,1872.0307682686887
2026-09-05 14:40:37.579,0 days 00:54:00.975000,43,19.60250000000314,0 days 00:01:06.701000,10860.054545454546,308.0181818181818,8,100.0,False,0,pos,4560.341173358822,0.784867730284232,OnTrack,1372.0,-119.0,1872.0
2026-09-05 14:40:37.879,0 days 00:54:01.275000,43,19.102500000002973,0 days 00:01:07.001000,10864.145454545454,309.3818181818182,8,100.0,False,0,pos,4586.169479944531,0.7893129688302946,OnTrack,1360.0,-256.0,1871.0
2026-09-05 14:40:38.015,0 days 00:54:01.411000,43,18.87583333333623,0 days 00:01:07.137000,10866.0,310.0,8,100.0,False,0,car,4597.886944444443,0.7913296292986951,OnTrack,1351.0957119882414,-349.36408751998806,1870.6600176694278
2026-09-05 14:40:38.139,0 days 00:54:01.535000,43,18.77250000000271,0 days 00:01:07.261000,10874.06,310.0,8,100.0,False,0,pos,4608.557117498994,0.7931660433275377,OnTrack,1339.0,-479.0,1870.0
2026-09-05 14:40:38.359,0 days 00:54:01.755000,43,18.589166666669044,0 days 00:01:07.481000,10888.36,310.0,8,100.0,False,0,pos,4627.493120312997,0.7964250664980204,OnTrack,1313.0,-770.0,1868.0
2026-09-05 14:40:38.415,0 days 00:54:01.811000,43,18.542500000002292,0 days 00:01:07.537000,10892.0,310.0,8,100.0,False,0,car,4632.331388888888,0.7972577675463213,OnTrack,1308.9295024034393,-814.3073064134943,1867.8319926097079
2026-09-05 14:40:38.615,0 days 00:54:02.011000,43,18.37583333333714,0 days 00:01:07.737000,10907.0,312.0,8,100.0,False,0,car,4649.66472222222,0.8002409596967394,OnTrack,1301.228867448337,-890.7726867654743,1868.1550125300914
2026-09-05 14:40:38.659,0 days 00:54:02.055000,43,18.363611111114796,0 days 00:01:07.781000,10907.44,312.0,8,100.0,False,0,pos,4653.479650286548,0.8008975364345806,OnTrack,1298.0,-925.0,1868.0
2026-09-05 14:40:38.959,0 days 00:54:02.355000,43,18.28027777778063,0 days 00:01:08.081000,10910.44,312.0,8,100.0,False,0,pos,4679.47831483443,0.8053720948192308,OnTrack,1265.0,-1287.0,1865.0
2026-09-05 14:40:39.015,0 days 00:54:02.411000,43,18.26472222222492,0 days 00:01:08.137000,10911.0,312.0,8,100.0,False,0,car,4684.331388888887,0.806207343997576,OnTrack,1262.987557886254,-1309.0656999424332,1864.7978127030822
2026-09-05 14:40:39.379,0 days 00:54:02.775000,43,18.163611111113624,0 days 00:01:08.501000,10955.59,312.0,8,100.0,False,0,pos,4715.879021148035,0.8116369198967937,OnTrack,1274.0,-1192.0,1866.0
2026-09-05 14:40:39.415,0 days 00:54:02.811000,43,18.153611111113605,0 days 00:01:08.537000,10960.0,312.0,8,100.0,False,0,car,4718.998055555554,0.8121737282984126,OnTrack,1272.800548759574,-1207.3817440395694,1865.9437263322427
2026-09-05 14:40:39.659,0 days 00:54:03.055000,43,18.153611111113605,0 days 00:01:08.781000,10969.15,312.0,8,100.0,False,0,pos,4740.13614206701,0.8158117460150955,OnTrack,1252.0,-1435.0,1865.0
2026-09-05 14:40:39.679,0 days 00:54:03.075000,43,18.153611111113605,0 days 00:01:08.801000,10969.9,312.0,8,100.0,False,0,pos,4741.870897204802,0.8161103099329777,OnTrack,1250.0,-1452.0,1865.0
2026-09-05 14:40:39.735,0 days 00:54:03.131000,43,18.153611111113605,0 days 00:01:08.857000,10972.0,312.0,8,100.0,False,0,car,4746.731388888887,0.8169468357390818,OnTrack,1244.624022450629,-1500.4926936492645,1864.9400155407307
2026-09-05 14:40:39.935,0 days 00:54:03.331000,43,18.153611111113605,0 days 00:01:09.057000,10988.0,313.0,8,100.0,False,0,car,4764.120277777775,0.8199395894028026,OnTrack,1227.937398802972,-1688.6132436177297,1863.9272356965746
2026-09-05 14:40:40.059,0 days 00:54:03.455000,43,18.153611111113957,0 days 00:01:09.181000,10993.0375,313.0,8,100.0,False,0,pos,4774.90340925862,0.8217954443945671,OnTrack,1217.0,-1816.0,1863.0
2026-09-05 14:40:40.255,0 days 00:54:03.651000,43,18.153611111114515,0 days 00:01:09.377000,11001.0,313.0,8,100.0,False,0,car,4791.942499999997,0.824727995264756,OnTrack,1197.0539133419184,-2033.442406262972,1861.2896760327246
2026-09-05 14:40:40.439,0 days 00:54:03.835000,43,18.20472222222488,0 days 00:01:09.561000,11007.325,313.0,8,100.0,False,0,pos,4807.932359194413,0.8274799657898564,OnTrack,1180.0,-2214.0,1860.0
2026-09-05 14:40:40.575,0 days 00:54:03.971000,43,18.24250000000211,0 days 00:01:09.697000,11012.0,313.0,8,100.0,False,0,car,4819.76472222222,0.8295164011267097,OnTrack,1171.151016448751,-2308.4558262301575,1859.5884546963134
2026-09-05 14:40:40.859,0 days 00:54:04.255000,43,18.321388888892272,0 days 00:01:09.981000,11028.8625,313.8875,8,100.0,False,0,pos,4844.535637938761,0.8337796550492629,OnTrack,1156.0,-2475.0,1859.0
2026-09-05 14:40:40.895,0 days 00:54:04.291000,43,18.331388888892434,0 days 00:01:10.017000,11031.0,314.0,8,100.0,False,0,car,4847.675833333331,0.8343201054099473,OnTrack,1153.3634276008368,-2504.490982746353,1858.7708453015434
2026-09-05 14:40:40.999,0 days 00:54:04.395000,43,18.360277771153925,0 days 00:01:10.121000,11040.318994278081,314.0,8,100.0,False,0,pos,4856.74429400315,0.8358808531418652,OnTrack,1145.0,-2597.0,1858.0
2026-09-05 14:40:41.174,0 days 00:54:04.570000,43,18.408888888890942,0 days 00:01:10.296000,11056.0,314.0,8,100.0,False,0,car,4872.010833333332,0.8385083350818953,OnTrack,1130.4132894801387,-2748.6798776330534,1857.021562827482
2026-09-05 14:40:41.179,0 days 00:54:04.575000,43,18.410277760002067,0 days 00:01:10.301000,11056.03571382857,314.0178569142857,8,100.0,False,0,pos,4872.447609775072,0.8385835074695386,OnTrack,1130.0,-2753.0,1857.0
2026-09-05 14:40:41.454,0 days 00:54:04.850000,43,18.486666666669407,0 days 00:01:10.576000,11058.0,315.0,8,100.0,False,0,car,4896.510833333331,0.8427249624483517,OnTrack,1107.8894756478585,-2992.875611753999,1856.1081552326466
2026-09-05 14:40:41.478,0 days 00:54:04.874000,43,18.493333333336054,0 days 00:01:10.600000,11057.914285714285,315.0,8,100.0,False,0,pos,4898.612042302446,0.8430865957235276,OnTrack,1106.0,-3014.0,1856.0
2026-09-05 14:40:41.659,0 days 00:54:05.055000,43,18.54361109333591,0 days 00:01:10.781000,11057.26785737143,315.0,8,100.0,False,0,pos,4914.455752226184,0.8458134129011046,OnTrack,1092.0,-3171.0,1855.0
2026-09-05 14:40:41.734,0 days 00:54:05.130000,43,18.564444444446963,0 days 00:01:10.856000,11057.0,315.0,8,100.0,False,0,car,4921.010833333331,0.8469415898148083,OnTrack,1086.4545967046988,-3230.286279465973,1854.6702198010694
2026-09-05 14:40:41.879,0 days 00:54:05.275000,43,18.68527772444644,0 days 00:01:11.001000,11040.2343824,314.5468752,8,100.0,False,0,pos,4933.660476377323,0.8491186849591024,OnTrack,1074.0,-3362.0,1854.0
2026-09-05 14:40:42.054,0 days 00:54:05.450000,43,18.831111111112477,0 days 00:01:11.176000,11020.0,314.0,8,100.0,False,0,car,4948.9219444444425,0.851745294098046,OnTrack,1051.0350158705933,-3616.0497409240265,1852.4995740330899
2026-09-05 14:40:42.119,0 days 00:54:05.515000,43,18.90333326222372,0 days 00:01:11.241000,11006.35001344,314.0,8,100.0,False,0,pos,4954.600747209552,0.8527226571653141,OnTrack,1044.0,-3693.0,1852.0
2026-09-05 14:40:42.254,0 days 00:54:05.650000,43,19.053333333335104,0 days 00:01:11.376000,10978.0,314.0,8,100.0,False,0,car,4966.366388888887,0.8547476092750695,OnTrack,1035.69552500765,-3778.526065357859,1851.3174049099305
2026-09-05 14:40:42.439,0 days 00:54:05.835000,43,19.669999876162482,0 days 00:01:11.561000,10869.349228168596,310.64399160366315,8,100.0,False,0,pos,4982.259969111478,0.8574830094921124,OnTrack,1028.0,-3849.0,1851.0
2026-09-05 14:40:42.619,0 days 00:54:06.015000,43,20.2699999632378,0 days 00:01:11.741000,10763.634927112551,307.3786850073375,8,100.0,False,0,pos,4997.482332856472,0.8601028884941245,OnTrack,1012.0,-4012.0,1851.0
2026-09-05 14:40:42.695,0 days 00:54:06.091000,43,20.523333333336268,0 days 00:01:11.817000,10719.0,306.0,8,100.0,False,0,car,5003.851388888886,0.861199049145748,OnTrack,1005.9055660349109,-4075.658787783315,1850.8423287309095
2026-09-05 14:40:42.859,0 days 00:54:06.255000,43,21.79888888889116,0 days 00:01:11.981000,10409.86,299.85,8,100.0,False,0,pos,5017.478605925264,0.8635443918512267,OnTrack,993.0,-4205.0,1850.0
2026-09-05 14:40:42.979,0 days 00:54:06.375000,43,22.73222222222401,0 days 00:01:12.101000,10183.66,295.35,8,100.0,False,0,pos,5027.238713679566,0.865224177053527,OnTrack,981.0,-4313.0,1849.0
2026-09-05 14:40:43.095,0 days 00:54:06.491000,43,23.634444444445762,0 days 00:01:12.217000,9965.0,291.0,8,100.0,True,0,car,5036.1847222222195,0.8667638498878745,OnTrack,973.4103246846815,-4387.487563367865,1848.4874633085656
2026-09-05 14:40:43.279,0 days 00:54:06.675000,43,26.95666666666775,0 days 00:01:12.401000,10241.0,269.725,8,42.49999999999999,True,0,pos,5049.361013279752,0.8690315849679394,OnTrack,954.0,-4540.0,1848.0
2026-09-05 14:40:43.415,0 days 00:54:06.811000,43,29.412222222223136,0 days 00:01:12.537000,10445.0,254.0,8,0.0,True,0,car,5058.762499999998,0.8706496488940605,OnTrack,914.4282039331406,-4800.058663140451,1846.9598339877161
2026-09-05 14:40:43.539,0 days 00:54:06.935000,43,31.926666666668208,0 days 00:01:12.661000,10505.14,249.66,8,0.0,True,0,pos,5067.344428134007,0.872126660854339,OnTrack,876.0,-5029.0,1846.0
2026-09-05 14:40:43.615,0 days 00:54:07.011000,43,33.4677777777797,0 days 00:01:12.737000,10542.0,247.0,8,0.0,True,0,car,5072.48472222222,0.8730113426798082,OnTrack,858.6171151213049,-5113.427455554283,1845.6293930949178
2026-09-05 14:40:43.895,0 days 00:54:07.291000,43,40.4677777777797,0 days 00:01:13.017000,11669.0,229.0,8,0.0,True,0,car,5090.295833333331,0.876076763844629,OnTrack,817.4976907641847,-5190.487645709868,1845.0798433095235
2026-09-05 14:40:43.919,0 days 00:54:07.315000,43,41.10777777777967,0 days 00:01:13.041000,11632.85,228.1,8,0.0,True,0,pos,5091.788085334417,0.8763335912170954,OnTrack,813.0,-5200.0,1845.0
2026-09-05 14:40:44.055,0 days 00:54:07.451000,43,44.734444444446126,0 days 00:01:13.177000,11428.0,223.0,6,0.0,False,0,car,5100.206944444442,0.877782537817817,OnTrack,782.7306650900522,-5276.607094457475,1844.3785275706496
2026-09-05 14:40:44.119,0 days 00:54:07.515000,43,46.4411111111127,0 days 00:01:13.241000,11342.8,222.2,6,4.0,False,0,pos,5104.156085553937,0.8784622135923599,OnTrack,767.0,-5315.0,1844.0
2026-09-05 14:40:44.215,0 days 00:54:07.611000,43,49.00111111111255,0 days 00:01:13.337000,11215.0,221.0,5,10.0,False,0,car,5110.029166666664,0.8794730133697206,OnTrack,742.5666318330782,-5367.048245922055,1843.3457453833907
2026-09-05 14:40:44.279,0 days 00:54:07.675000,43,50.8144444444459,0 days 00:01:13.401000,11188.028571428571,219.17142857142858,5,16.17142857142857,False,0,pos,5113.876725595387,0.8801352061155535,OnTrack,724.0,-5401.0,1843.0
2026-09-05 14:40:44.495,0 days 00:54:07.891000,43,56.934444444445944,0 days 00:01:13.617000,11097.0,213.0,5,37.0,False,0,car,5126.595833333331,0.8823242566365628,OnTrack,640.573032950537,-5522.368115375876,1842.9125095541872
2026-09-05 14:40:44.579,0 days 00:54:07.975000,43,58.684444444446264,0 days 00:01:13.701000,11083.77,212.79,5,40.78,False,0,pos,5131.536869943064,0.8831746448074717,OnTrack,600.0,-5567.0,1843.0
2026-09-05 14:40:44.895,0 days 00:54:08.291000,43,65.2677777777808,0 days 00:01:14.017000,11034.0,212.0,5,55.0,False,0,car,5150.151388888886,0.8863783382768746,OnTrack,423.2171358210206,-5701.286259604922,1843.0101788755474
2026-09-05 14:40:44.959,0 days 00:54:08.355000,43,66.28111111111393,0 days 00:01:14.081000,11078.0,212.0,5,60.6,False,0,pos,5153.917111054073,0.8870264463232501,OnTrack,396.0,-5718.0,1843.0
2026-09-05 14:40:45.135,0 days 00:54:08.531000,43,69.06777777778007,0 days 00:01:14.257000,11199.0,212.0,5,76.0,False,0,car,5164.28472222222,0.888810787261062,OnTrack,346.2327617138556,-5743.007980426115,1842.9948656021584
2026-09-05 14:40:45.239,0 days 00:54:08.635000,43,69.9633333333356,0 days 00:01:14.361000,11264.433333333332,212.86666666666667,5,77.73333333333333,False,0,pos,5170.446413324601,0.8898712589070191,OnTrack,310.0,-5755.0,1843.0
2026-09-05 14:40:45.375,0 days 00:54:08.771000,43,71.13444444444667,0 days 00:01:14.497000,11350.0,214.0,5,80.0,False,0,car,5178.551388888886,0.8912661838771755,OnTrack,236.38377076489698,-5776.533793901953,1843.0095944826448
2026-09-05 14:40:45.479,0 days 00:54:08.875000,43,71.62555555555812,0 days 00:01:14.601000,11428.866666666667,215.3,5,86.93333333333334,False,0,pos,5184.789812764672,0.8923398617889384,OnTrack,172.0,-5791.0,1843.0
2026-09-05 14:40:45.615,0 days 00:54:09.011000,43,72.2677777777808,0 days 00:01:14.737000,11532.0,217.0,5,96.0,False,0,car,5193.018055555553,0.8937560019411783,OnTrack,89.5989198508113,-5800.697806258629,1842.9668712930159
2026-09-05 14:40:45.659,0 days 00:54:09.055000,43,72.2555555555586,0 days 00:01:14.781000,11558.085714285715,217.78571428571428,5,96.62857142857143,False,0,pos,5195.702399086867,0.8942179968960808,OnTrack,63.0,-5802.0,1843.0
2026-09-05 14:40:45.895,0 days 00:54:09.291000,43,72.19000000000324,0 days 00:01:15.017000,11698.0,222.0,5,100.0,False,0,car,5210.284722222219,0.8967277202756334,OnTrack,-80.94535042667046,-5795.50786800426,1843.7117396697884
2026-09-05 14:40:46.019,0 days 00:54:09.415000,43,71.7422222222254,0 days 00:01:15.141000,11724.522222222222,224.06666666666666,5,100.0,False,0,pos,5218.06838109043,0.89806734431624,OnTrack,-158.0,-5783.0,1844.0
2026-09-05 14:40:46.199,0 days 00:54:09.595000,43,71.0922222222253,0 days 00:01:15.321000,11763.022222222222,227.06666666666666,5,100.0,False,0,pos,5229.5023476149245,0.9000352127307025,OnTrack,-269.0,-5755.0,1844.0
2026-09-05 14:40:46.255,0 days 00:54:09.651000,43,70.89000000000306,0 days 00:01:15.377000,11775.0,228.0,5,100.0,False,0,car,5233.084722222219,0.9006517653350298,OnTrack,-300.03166146292114,-5745.31573223003,1843.955066554445
2026-09-05 14:40:46.379,0 days 00:54:09.775000,43,69.99444444444738,0 days 00:01:15.501000,11373.033333333333,229.72222222222223,5,100.0,False,0,pos,5241.058134620462,0.9020240473318654,OnTrack,-377.0,-5715.0,1844.0
2026-09-05 14:40:46.579,0 days 00:54:09.975000,43,68.55000000000273,0 days 00:01:15.701000,10724.7,232.5,5,100.0,False,0,pos,5254.034518879624,0.904257377004716,OnTrack,-568.0,-5618.0,1845.0
2026-09-05 14:40:46.615,0 days 00:54:10.011000,43,68.29000000000269,0 days 00:01:15.737000,10608.0,233.0,6,100.0,False,0,car,5256.384722222219,0.9046618640141498,OnTrack,-593.3804727141413,-5602.695947237187,1845.0753744337635
2026-09-05 14:40:46.759,0 days 00:54:10.155000,43,67.13000000000274,0 days 00:01:15.881000,10675.885714285714,235.05714285714285,6,100.0,False,0,pos,5265.829385451105,0.9062873589299819,OnTrack,-665.0,-5550.0,1845.0
2026-09-05 14:40:46.895,0 days 00:54:10.291000,43,66.03444444444722,0 days 00:01:16.017000,10740.0,237.0,6,100.0,False,0,car,5274.818055555553,0.9078343741279601,OnTrack,-734.9995395591983,-5492.908386213586,1844.9121203461052
2026-09-05 14:40:46.959,0 days 00:54:10.355000,43,65.50111111111389,0 days 00:01:16.081000,10779.288888888888,237.7111111111111,6,100.0,False,0,pos,5279.072479275781,0.9085665912498874,OnTrack,-768.0,-5464.0,1845.0
2026-09-05 14:40:47.199,0 days 00:54:10.595000,43,63.501111111113886,0 days 00:01:16.321000,10926.622222222222,240.37777777777777,6,100.0,False,0,pos,5295.149495163383,0.9113335620728513,OnTrack,-882.0,-5351.0,1846.0
2026-09-05 14:40:47.255,0 days 00:54:10.651000,43,63.03444444444722,0 days 00:01:16.377000,10961.0,241.0,6,100.0,False,0,car,5298.918055555553,0.9119821585986378,OnTrack,-905.6558847946832,-5325.52298342666,1846.0632651017272
2026-09-05 14:40:47.415,0 days 00:54:10.811000,43,61.70111111111237,0 days 00:01:16.537000,11012.0,243.0,6,100.0,False,0,car,5309.718055555554,0.9138409167846678,OnTrack,-972.4469645814775,-5246.03557201455,1845.9244751616995
2026-09-05 14:40:47.459,0 days 00:54:10.855000,43,61.34666666666783,0 days 00:01:16.581000,11041.425,243.55,6,100.0,False,0,pos,5312.699782318633,0.9143540935466473,OnTrack,-995.0,-5215.0,1846.0
2026-09-05 14:40:47.575,0 days 00:54:10.971000,43,60.412222222223136,0 days 00:01:16.697000,11119.0,245.0,6,100.0,False,0,car,5320.606944444443,0.9157149733919819,OnTrack,-1065.122854340129,-5110.7972649896465,1846.5381206936745
2026-09-05 14:40:47.659,0 days 00:54:11.055000,43,59.71222222222353,0 days 00:01:16.781000,11159.95,246.575,6,100.0,False,0,pos,5326.405950837965,0.9167130243739078,OnTrack,-1109.0,-5043.0,1847.0
2026-09-05 14:40:47.895,0 days 00:54:11.291000,43,57.745555555557985,0 days 00:01:17.017000,11275.0,251.0,6,100.0,False,0,car,5342.918055555553,0.919554877134315,OnTrack,-1159.9112399445723,-4955.364701257174,1847.8649570355658
2026-09-05 14:40:47.938,0 days 00:54:11.334000,43,57.41111269400462,0 days 00:01:17.060000,11286.514589853834,251.17991546646616,6,100.0,False,0,pos,5345.928672082008,0.9200730260337173,OnTrack,-1170.0,-4934.0,1848.0
2026-09-05 14:40:48.134,0 days 00:54:11.530000,43,55.886666666668134,0 days 00:01:17.256000,11339.0,252.0,6,100.0,False,0,car,5359.648055555554,0.9224342312502669,OnTrack,-1242.172095577954,-4775.448928142534,1848.6183505674746
2026-09-05 14:40:48.259,0 days 00:54:11.655000,43,55.053333760002225,0 days 00:01:17.381000,11376.4999808,252.52083306666665,6,100.0,False,0,pos,5368.4082956370075,0.9239419319875806,OnTrack,-1285.0,-4677.0,1849.0
2026-09-05 14:40:48.374,0 days 00:54:11.770000,43,54.28666666666959,0 days 00:01:17.496000,11411.0,253.0,6,100.0,False,0,car,5376.5147222222195,0.925337106688943,OnTrack,-1309.3943912243,-4615.773377666566,1849.3348299811882
2026-09-05 14:40:48.539,0 days 00:54:11.935000,43,53.18666709333538,0 days 00:01:17.661000,11463.249979733333,255.74999893333333,6,100.0,False,0,pos,5388.278057537209,0.9273616618566979,OnTrack,-1333.0,-4543.0,1850.0
2026-09-05 14:40:48.614,0 days 00:54:12.010000,43,52.686666666668316,0 days 00:01:17.736000,11487.0,257.0,6,100.0,False,0,car,5393.648055555554,0.9282858773914721,OnTrack,-1346.3489499956167,-4498.283277643035,1850.4833732192092
2026-09-05 14:40:48.814,0 days 00:54:12.210000,43,51.46444444444569,0 days 00:01:17.936000,11552.0,258.0,6,100.0,False,0,car,5407.9813888888875,0.9307527478235488,OnTrack,-1386.8219904077366,-4354.178004624629,1851.8884194824693
2026-09-05 14:40:48.859,0 days 00:54:12.255000,43,51.22694468781413,0 days 00:01:17.981000,11541.378892871113,258.0,6,100.0,False,0,pos,5411.206732873273,0.931307852872969,OnTrack,-1395.0,-4323.0,1852.0
2026-09-05 14:40:48.975,0 days 00:54:12.371000,43,50.61472222222528,0 days 00:01:18.097000,11514.0,258.0,6,100.0,False,0,car,5419.51972222222,0.9327385785213702,OnTrack,-1414.3263883667935,-4242.2377325078,1851.994829523028
2026-09-05 14:40:48.979,0 days 00:54:12.375000,43,50.59583333333638,0 days 00:01:18.101000,11515.08,258.0,6,100.0,False,0,pos,5419.80632331775,0.9327879046447446,OnTrack,-1415.0,-4239.0,1852.0
2026-09-05 14:40:49.175,0 days 00:54:12.571000,43,49.67027777778003,0 days 00:01:18.297000,11568.0,258.0,6,100.0,False,0,car,5433.8530555555535,0.935205448953447,OnTrack,-1450.0872851831768,-4030.9092257460998,1853.122658270086
2026-09-05 14:40:49.299,0 days 00:54:12.695000,43,49.15361111111323,0 days 00:01:18.421000,11445.328571428572,258.4428571428571,6,100.0,False,0,pos,5442.761947925155,0.9367387338257114,OnTrack,-1467.0,-3915.0,1854.0
2026-09-05 14:40:49.455,0 days 00:54:12.851000,43,48.50361111111306,0 days 00:01:18.577000,11291.0,259.0,6,100.0,False,0,car,5453.997499999998,0.9386724536769779,OnTrack,-1476.527665645612,-3839.3070066450023,1854.7144941490922
2026-09-05 14:40:49.599,0 days 00:54:12.995000,43,47.98361111111326,0 days 00:01:18.721000,10342.4,259.9,6,100.0,False,0,pos,5464.395468203926,0.9404620192804161,OnTrack,-1481.0,-3778.0,1855.0
2026-09-05 14:40:49.615,0 days 00:54:13.011000,43,47.925833333335504,0 days 00:01:18.737000,10237.0,260.0,7,100.0,False,0,car,5465.553055555553,0.9406612484439235,OnTrack,-1481.6418599515525,-3768.3545228471353,1855.01016026975
2026-09-05 14:40:49.775,0 days 00:54:13.171000,43,47.43694444444645,0 days 00:01:18.897000,10281.0,261.0,7,100.0,False,0,car,5477.153055555554,0.9426576924215112,OnTrack,-1488.8400825061256,-3650.0313753011433,1854.9972390479181
2026-09-05 14:40:49.779,0 days 00:54:13.175000,43,47.426944444446455,0 days 00:01:18.901000,10282.066666666668,261.0111111111111,7,100.0,False,0,pos,5477.443400486718,0.9427076628861014,OnTrack,-1489.0,-3647.0,1855.0
2026-09-05 14:40:50.099,0 days 00:54:13.495000,43,46.62694444444678,0 days 00:01:19.221000,10367.4,261.9,7,100.0,False,0,pos,5500.723208871394,0.946714286442048,OnTrack,-1497.0,-3415.0,1856.0
2026-09-05 14:40:50.135,0 days 00:54:13.531000,43,46.53694444444682,0 days 00:01:19.257000,10377.0,262.0,7,100.0,False,0,car,5503.3530555555535,0.9471669020950281,OnTrack,-1497.5076727618593,-3388.8460246300388,1856.1910470044895
2026-09-05 14:40:50.279,0 days 00:54:13.675000,43,46.21694444444754,0 days 00:01:19.401000,10440.36,263.44,7,100.0,False,0,pos,5513.900570394514,0.9489822057569901,OnTrack,-1499.0,-3283.0,1857.0
2026-09-05 14:40:50.335,0 days 00:54:13.731000,43,46.09250000000338,0 days 00:01:19.457000,10465.0,264.0,7,100.0,False,0,car,5518.01972222222,0.9496911416069204,OnTrack,-1499.41493045531,-3241.340954211964,1857.2538332662375
2026-09-05 14:40:50.495,0 days 00:54:13.891000,43,45.736944444446635,0 days 00:01:19.617000,10527.0,266.0,7,100.0,False,0,car,5529.841944444443,0.9517258316377186,OnTrack,-1500.015864931077,-3123.024014048598,1857.8808996713121
2026-09-05 14:40:50.519,0 days 00:54:13.915000,43,45.68361111111335,0 days 00:01:19.641000,10534.4,266.1,7,100.0,False,0,pos,5531.617995365787,0.9520315028589088,OnTrack,-1500.0,-3106.0,1858.0
2026-09-05 14:40:50.679,0 days 00:54:14.075000,43,45.328055555558116,0 days 00:01:19.801000,10583.733333333334,266.76666666666665,7,100.0,False,0,pos,5543.473667608346,0.9540719498803666,OnTrack,-1499.0,-2987.0,1859.0
2026-09-05 14:40:50.735,0 days 00:54:14.131000,43,45.20361111111379,0 days 00:01:19.857000,10601.0,267.0,7,100.0,False,0,car,5547.641944444442,0.9547893404998787,OnTrack,-1498.1260200748814,-2930.307908519766,1859.412499966722
2026-09-05 14:40:50.979,0 days 00:54:14.375000,43,44.59361111111379,0 days 00:01:20.101000,10679.69,269.44,7,100.0,False,0,pos,5565.949904953989,0.9579402730430854,OnTrack,-1493.0,-2658.0,1861.0
2026-09-05 14:40:51.135,0 days 00:54:14.531000,43,44.20361111111379,0 days 00:01:20.257000,10730.0,271.0,7,100.0,False,0,car,5577.753055555553,0.9599716807099004,OnTrack,-1492.1060787170693,-2609.260582504527,1860.9499148724044
2026-09-05 14:40:51.239,0 days 00:54:14.635000,43,43.88583333333638,0 days 00:01:20.361000,10761.72,272.56,7,100.0,False,0,pos,5585.65595031609,0.9613318261107783,OnTrack,-1491.0,-2575.0,1861.0
2026-09-05 14:40:51.335,0 days 00:54:14.731000,43,43.59250000000338,0 days 00:01:20.457000,10791.0,274.0,7,100.0,False,0,car,5592.975277777775,0.9625915353548189,OnTrack,-1488.6987237713452,-2508.089346088512,1861.4178780063307
2026-09-05 14:40:51.559,0 days 00:54:14.955000,43,42.90805555555914,0 days 00:01:20.681000,10837.666666666666,275.4,7,100.0,False,0,pos,5610.145004526576,0.965546569627618,OnTrack,-1481.0,-2294.0,1863.0
2026-09-05 14:40:51.815,0 days 00:54:15.211000,43,42.12583333333714,0 days 00:01:20.937000,10891.0,277.0,7,100.0,False,0,car,5629.908611111108,0.9689480293984024,OnTrack,-1474.4232713207577,-2143.2177175223587,1863.7629344344427
2026-09-05 14:40:51.879,0 days 00:54:15.275000,43,41.93027777778152,0 days 00:01:21.001000,10909.4,277.48,7,100.0,False,0,pos,5634.870122684616,0.9698019414588042,OnTrack,-1472.0,-2095.0,1864.0
2026-09-05 14:40:52.215,0 days 00:54:15.611000,43,40.903611111114515,0 days 00:01:21.337000,11006.0,280.0,7,100.0,False,0,car,5661.01972222222,0.9743024768478712,OnTrack,-1454.1549191032202,-1757.7246400311178,1865.9793614098958
2026-09-05 14:40:52.219,0 days 00:54:15.615000,43,40.892500000003395,0 days 00:01:21.341000,11006.92857142857,280.01428571428573,7,100.0,False,0,pos,5661.33144055333,0.9743561258293237,OnTrack,-1454.0,-1755.0,1866.0
2026-09-05 14:40:52.459,0 days 00:54:15.855000,43,40.2258333333363,0 days 00:01:21.581000,11062.642857142857,280.87142857142857,7,100.0,False,0,pos,5680.056688123141,0.9775788764965293,OnTrack,-1447.0,-1646.0,1867.0
2026-09-05 14:40:52.495,0 days 00:54:15.891000,43,40.12583333333623,0 days 00:01:21.617000,11071.0,281.0,7,100.0,False,0,car,5682.875277777775,0.9780639761811231,OnTrack,-1445.4581867896227,-1622.5480171360146,1867.145064794205
2026-09-05 14:40:52.699,0 days 00:54:16.095000,43,39.55916666667008,0 days 00:01:21.821000,11127.1,282.7,7,100.0,False,0,pos,5698.906069594923,0.9808229915069252,OnTrack,-1434.0,-1450.0,1868.0
2026-09-05 14:40:52.735,0 days 00:54:16.131000,43,39.45916666667017,0 days 00:01:21.857000,11137.0,283.0,7,100.0,False,0,car,5701.741944444441,0.9813110660986936,OnTrack,-1431.9901981929272,-1421.9786694246475,1868.1520813948546
2026-09-05 14:40:52.895,0 days 00:54:16.291000,43,39.01472222222674,0 days 00:01:22.017000,11168.0,284.0,7,100.0,False,0,car,5714.364166666664,0.9834834419210494,OnTrack,-1423.0045379303401,-1305.1411828100124,1868.8224756198615
2026-09-05 14:40:52.939,0 days 00:54:16.335000,43,38.9047222222265,0 days 00:01:22.061000,11179.916666666666,284.18333333333334,7,100.0,False,0,pos,5717.840379437654,0.9840817233047956,OnTrack,-1420.0,-1266.0,1869.0
2026-09-05 14:40:53.135,0 days 00:54:16.531000,43,38.414722222225464,0 days 00:01:22.257000,11233.0,285.0,7,100.0,False,0,car,5733.3641666666645,0.9867534794705466,OnTrack,-1403.3852265582254,-1045.2544114684288,1869.7384126607683
2026-09-05 14:40:53.219,0 days 00:54:16.615000,43,38.20472222222552,0 days 00:01:22.341000,11258.2,285.6,7,100.0,False,0,pos,5740.048515094642,0.9879039042259892,OnTrack,-1397.0,-961.0,1870.0
2026-09-05 14:40:53.415,0 days 00:54:16.811000,43,37.714722222225646,0 days 00:01:22.537000,11317.0,287.0,7,100.0,False,0,car,5755.6863888888865,0.9905952955155404,OnTrack,-1387.2115061871173,-837.0005037455004,1870.4412000491056
2026-09-05 14:40:53.575,0 days 00:54:16.971000,43,37.403611111114515,0 days 00:01:22.697000,11338.0,287.0,7,100.0,False,0,car,5768.441944444442,0.9927906189698225,OnTrack,-1380.3035644752167,-754.6034768624278,1870.9005432111069
2026-09-05 14:40:53.599,0 days 00:54:16.995000,43,37.403611111114515,0 days 00:01:22.721000,11342.246153846154,287.1384615384615,7,100.0,False,0,pos,5770.359433495965,0.9931206327171503,OnTrack,-1379.0,-739.0,1871.0
2026-09-05 14:40:53.657,0 days 00:54:17.053000,43,37.403611111114515,0 days 00:01:22.779000,11352.507669661538,287.47307618461537,7,100.0,False,0,interpolation,5774.999693316132,0.9939192550251171,OnTrack,-1375.5579575456152,-697.7470257974079,1871.2735110931114
