Date,SessionTime,DriverAhead,DistanceToDriverAhead,Time,RPM,Speed,nGear,Throttle,Brake,DRS,Source,Distance,RelativeDistance,Status,X,Y,Z
2026-09-05 14:49:08.104,0 days 01:02:31.500000,,559.2552777777779,0 days 00:00:00,10942.800000000001,304.45714285714286,7,100.0,False,0,interpolation,0.3211873546626214,5.5565635468094874e-05,OnTrack,-1375.7130027123671,-697.6770415058642,1871.0540217436408
2026-09-05 14:49:08.176,0 days 01:02:31.572000,,559.2552777777779,0 days 00:00:00.072000,10635.0,306.0,8,100.0,False,0,car,6.466666666666669,0.0011187378253764621,OnTrack,-1371.4606351497239,-648.4753093845595,1871.752382511018
2026-09-05 14:49:08.439,0 days 01:02:31.835000,,559.2552777777779,0 days 00:00:00.335000,10816.9083776,308.92222293333333,8,100.0,False,0,pos,29.066356106795205,0.005028499797299058,OnTrack,-1354.0,-447.0,1873.0
2026-09-05 14:49:08.536,0 days 01:02:31.932000,41,559.2552777777779,0 days 00:00:00.432000,10884.0,310.0,8,100.0,False,0,car,37.46666666666667,0.0064817593593976455,OnTrack,-1346.7962883530327,-364.0719719841337,1872.9438024202839
2026-09-05 14:49:08.639,0 days 01:02:32.035000,41,559.6272224533334,0 days 00:00:00.535000,10923.14002432,312.06000128,8,100.0,False,0,pos,46.426725762901846,0.008031855807114149,OnTrack,-1339.0,-274.0,1873.0
2026-09-05 14:49:08.736,0 days 01:02:32.132000,41,559.9775000000001,0 days 00:00:00.632000,10960.0,314.0,8,100.0,False,0,car,54.91111111111111,0.009499660365997378,OnTrack,-1331.8112012832794,-190.31317884882088,1873.5708684483802
2026-09-05 14:49:08.799,0 days 01:02:32.195000,41,560.1175001645664,0 days 00:00:00.695000,10991.264375902543,314.78553708297846,8,100.0,False,0,pos,60.449810155213164,0.010457859148061308,OnTrack,-1327.0,-136.0,1874.0
2026-09-05 14:49:09.019,0 days 01:02:32.415000,41,560.6063891314826,0 days 00:00:00.915000,11100.441450683922,317.52867966542516,8,100.0,False,0,pos,79.94851915980144,0.013831149350552265,OnTrack,-1309.0,56.0,1875.0
2026-09-05 14:49:09.137,0 days 01:02:32.533000,41,560.8686111111112,0 days 00:00:01.033000,11159.0,319.0,8,100.0,False,0,car,90.44416666666666,0.015646903659997876,OnTrack,-1299.9895971218941,160.74543515718756,1875.3845738654184
2026-09-05 14:49:09.299,0 days 01:02:32.695000,41,561.093611288889,0 days 00:00:01.195000,11213.27004288,320.62000128,8,100.0,False,0,pos,104.8766593020117,0.018143734911383606,OnTrack,-1288.0,303.0,1876.0
2026-09-05 14:49:09.337,0 days 01:02:32.733000,41,561.146388888889,0 days 00:00:01.233000,11226.0,321.0,8,100.0,False,0,car,108.2775,0.01873208271451544,OnTrack,-1285.0887950253905,335.33002896866907,1876.2044326841371
2026-09-05 14:49:09.459,0 days 01:02:32.855000,41,561.1124999644445,0 days 00:00:01.355000,11274.245505163637,322.38636509090907,8,100.0,False,0,pos,119.2508528079184,0.020630480372879255,OnTrack,-1275.0,446.0,1877.0
2026-09-05 14:49:09.719,0 days 01:02:33.115000,41,561.0402777422223,0 days 00:00:01.615000,11377.063686981819,325.34091054545456,8,100.0,False,0,pos,142.8480842625223,0.024712817806244496,OnTrack,-1248.0,769.0,1879.0
2026-09-05 14:49:09.777,0 days 01:02:33.173000,41,561.0241666666667,0 days 00:00:01.673000,11400.0,326.0,8,100.0,False,0,car,148.12194444444444,0.025625199281182093,OnTrack,-1242.9333656802858,829.4392563632927,1879.3474554058635
2026-09-05 14:49:10.177,0 days 01:02:33.573000,41,560.6908333333333,0 days 00:00:02.073000,11484.0,328.0,8,100.0,False,0,car,184.56638888888887,0.031930113486052875,OnTrack,-1216.7711912053562,1129.5868477492256,1880.8916902146
2026-09-05 14:49:10.199,0 days 01:02:33.595000,41,560.6358330133334,0 days 00:00:02.095000,11488.792885028572,328.1571437714286,8,100.0,False,0,pos,186.57827735402387,0.03227817158807119,OnTrack,-1215.0,1150.0,1881.0
2026-09-05 14:49:10.457,0 days 01:02:33.853000,41,559.9908333333335,0 days 00:00:02.353000,11545.0,330.0,8,100.0,False,0,car,210.23305555555555,0.03637046464862955,OnTrack,-1190.4126131872304,1435.801917436314,1882.549744215196
2026-09-05 14:49:10.559,0 days 01:02:33.955000,41,559.4808326933335,0 days 00:00:02.455000,11555.71001344,330.51000064,8,100.0,False,0,pos,219.60562627067108,0.03799192589296184,OnTrack,-1182.0,1533.0,1883.0
2026-09-05 14:49:10.657,0 days 01:02:34.053000,41,558.9908333333334,0 days 00:00:02.553000,11566.0,331.0,8,100.0,False,0,car,228.6219444444444,0.03955175520017258,OnTrack,-1175.6821501843242,1605.020890827353,1883.245875390196
2026-09-05 14:49:10.897,0 days 01:02:34.293000,41,555.5908333333334,0 days 00:00:02.793000,11614.0,332.0,8,100.0,False,0,car,250.75527777777776,0.043380837241667275,OnTrack,-1164.352567654414,1731.439542495376,1883.3910199339462
2026-09-05 14:49:11.019,0 days 01:02:34.415000,41,552.8797193777779,0 days 00:00:02.915000,11627.216680533333,332.50833386666665,8,100.0,False,0,pos,262.03262393497675,0.04533182596062435,OnTrack,-1153.0,1864.0,1884.0
2026-09-05 14:49:11.137,0 days 01:02:34.533000,41,550.2575000000002,0 days 00:00:03.033000,11640.0,333.0,8,100.0,False,0,car,272.9552777777777,0.04722145266280502,OnTrack,-1136.9256896773645,2054.353525373822,1885.0837687731007
2026-09-05 14:49:11.239,0 days 01:02:34.635000,41,546.8858291022224,0 days 00:00:03.135000,11659.307167085713,333.36428617142855,8,100.0,False,0,pos,282.40782838101006,0.04885675048333921,OnTrack,-1125.0,2196.0,1886.0
2026-09-05 14:49:11.417,0 days 01:02:34.813000,41,541.0019444444445,0 days 00:00:03.313000,11693.0,334.0,8,100.0,False,0,car,298.93305555555554,0.05171562626371597,OnTrack,-1118.7606870475395,2269.340830876612,1886.8064078648201
2026-09-05 14:49:11.479,0 days 01:02:34.875000,41,538.55638384,0 days 00:00:03.375000,11694.1625024,334.3875008,8,100.0,False,0,pos,304.7002432336496,0.052713353738179196,OnTrack,-1117.0,2289.0,1887.0
2026-09-05 14:49:11.577,0 days 01:02:34.973000,41,534.6908333333333,0 days 00:00:03.473000,11696.0,335.0,8,100.0,False,0,car,313.8219444444444,0.05429141438399854,OnTrack,-1112.3024968591162,2341.3218737035304,1887.3030875182549
2026-09-05 14:49:11.737,0 days 01:02:35.133000,41,527.8908333333334,0 days 00:00:03.633000,11714.0,335.0,8,100.0,False,0,car,328.7108333333333,0.05686720250428112,OnTrack,-1100.7231064384105,2470.63627409963,1887.799081741324
2026-09-05 14:49:11.799,0 days 01:02:35.195000,41,523.9469363022223,0 days 00:00:03.695000,11714.803705362963,335.05740752592595,8,100.0,False,0,pos,334.4840547542128,0.05786597382043755,OnTrack,-1096.0,2524.0,1888.0
2026-09-05 14:49:12.719,0 days 01:02:36.115000,41,465.42471408,0 days 00:00:04.615000,11726.729631288888,335.9092593777778,8,100.0,False,0,pos,420.3707043647573,0.07272442386386599,OnTrack,-1023.0,3380.0,1892.0
2026-09-05 14:49:12.817,0 days 01:02:36.213000,41,459.19083333333333,0 days 00:00:04.713000,11728.0,336.0,8,100.0,False,0,car,429.5108333333333,0.07430567252458226,OnTrack,-1015.1755550454064,3471.443804397626,1892.6292971469736
2026-09-05 14:49:13.019,0 days 01:02:36.415000,41,445.6680469866667,0 days 00:00:04.915000,11696.43748,335.5791664,8,100.0,False,0,pos,448.3364352867312,0.07756251473964626,OnTrack,-999.0,3659.0,1894.0
2026-09-05 14:49:13.179,0 days 01:02:36.575000,41,434.9569358755556,0 days 00:00:05.075000,11671.43748,335.24583306666665,8,100.0,False,0,pos,463.2248471885222,0.08013822034082956,OnTrack,-986.0,3808.0,1895.0
2026-09-05 14:49:13.297,0 days 01:02:36.693000,41,427.0575,0 days 00:00:05.193000,11653.0,335.0,8,100.0,False,0,car,474.17749999999995,0.08203303688542998,OnTrack,-976.2688457739355,3919.4974755290295,1895.513253871556
2026-09-05 14:49:13.439,0 days 01:02:36.835000,41,417.43304688,0 days 00:00:05.335000,11642.3499904,334.2111104,8,100.0,False,0,pos,487.32609486243507,0.08430775293024803,OnTrack,-965.0,4049.0,1896.0
2026-09-05 14:49:13.657,0 days 01:02:37.053000,41,402.65749999999997,0 days 00:00:05.553000,11626.0,333.0,8,100.0,False,0,car,507.47749999999996,0.0877939600171366,OnTrack,-948.2752514572109,4243.291800554183,1896.8918342994389
2026-09-05 14:49:13.679,0 days 01:02:37.075000,41,401.1297137424476,0 days 00:00:05.575000,11623.14642767627,333.0,8,100.0,False,0,pos,509.511836927415,0.0881459017187231,OnTrack,-946.0,4270.0,1897.0
2026-09-05 14:49:13.859,0 days 01:02:37.255000,41,388.629717089727,0 days 00:00:05.755000,11599.799153593533,333.0,8,100.0,False,0,pos,526.1616684859887,0.09102633414409263,OnTrack,-924.0,4529.0,1898.0
2026-09-05 14:49:13.896,0 days 01:02:37.292000,41,386.06027777777774,0 days 00:00:05.792000,11595.0,333.0,8,100.0,False,0,car,529.5849999999999,0.09161857287401962,OnTrack,-920.2173945667055,4573.252071540056,1898.210520878462
2026-09-05 14:49:14.056,0 days 01:02:37.452000,41,374.94916666666654,0 days 00:00:05.952000,11604.0,333.0,8,100.0,False,0,car,544.385,0.09417898315477813,OnTrack,-908.8879645971302,4703.724469309302,1899.111188696337
2026-09-05 14:49:14.319,0 days 01:02:37.715000,41,356.9044400533332,0 days 00:00:06.215000,11562.671418514286,332.06071405714283,8,100.0,False,0,pos,568.6394025439198,0.0983750116430962,OnTrack,-895.0,4860.0,1900.0
2026-09-05 14:49:14.336,0 days 01:02:37.732000,41,355.73805555555543,0 days 00:00:06.232000,11560.0,332.0,8,100.0,False,0,car,570.2072222222222,0.09864624553652193,OnTrack,-893.7081729416822,4874.799191718806,1900.0065698763406
2026-09-05 14:49:14.419,0 days 01:02:37.815000,41,350.0433289422221,0 days 00:00:06.315000,11557.406248,332.0,8,100.0,False,0,pos,577.8648039453935,0.0999710124939379,OnTrack,-887.0,4952.0,1900.0
2026-09-05 14:49:14.496,0 days 01:02:37.892000,41,344.7602777777777,0 days 00:00:06.392000,11555.0,332.0,8,100.0,False,0,car,584.9627777777778,0.1011989668975184,OnTrack,-881.1434082053377,5019.989526823759,1900.0926795726227
2026-09-05 14:49:14.656,0 days 01:02:38.052000,41,333.8269444444445,0 days 00:00:06.552000,11561.0,331.0,8,100.0,False,0,car,599.6738888888888,0.10374399933875281,OnTrack,-869.1146082613359,5160.491545603861,1900.7029906701175
2026-09-05 14:49:14.700,0 days 01:02:38.096000,41,330.7347222222223,0 days 00:00:06.596000,11558.8,331.0,8,100.0,False,0,pos,603.7196424273124,0.10444391751126597,OnTrack,-865.0,5208.0,1901.0
2026-09-05 14:49:14.896,0 days 01:02:38.292000,41,316.96027777777783,0 days 00:00:06.792000,11549.0,331.0,8,100.0,False,0,car,621.7405555555555,0.10756154800060445,OnTrack,-843.2736667898569,5456.836275994562,1902.8156427502677
2026-09-05 14:49:14.919,0 days 01:02:38.315000,41,315.3119398577778,0 days 00:00:06.815000,11544.847210666667,330.93611093333334,8,100.0,False,0,pos,623.8518254045918,0.10792679915107253,OnTrack,-841.0,5483.0,1903.0
2026-09-05 14:49:15.256,0 days 01:02:38.652000,41,291.1602777777779,0 days 00:00:07.152000,11484.0,330.0,8,100.0,False,0,car,654.7405555555555,0.11327057092391732,OnTrack,-819.581239247881,5735.560118920764,1904.3940294674198
2026-09-05 14:49:15.359,0 days 01:02:38.755000,41,283.6927714369935,0 days 00:00:07.255000,11484.733096707894,330.36654835394694,8,100.0,False,0,pos,664.2086658142126,0.11490856057564845,OnTrack,-813.0,5813.0,1905.0
2026-09-05 14:49:15.499,0 days 01:02:38.895000,41,273.54276912524915,0 days 00:00:07.395000,11485.729538215981,330.8647691079901,8,100.0,False,0,pos,677.0876850269127,0.11713663984580275,OnTrack,-802.0,5941.0,1906.0
2026-09-05 14:49:15.537,0 days 01:02:38.933000,41,270.7877777777778,0 days 00:00:07.433000,11486.0,331.0,8,100.0,False,0,car,680.5769444444444,0.11774028414883528,OnTrack,-798.5406023128025,5981.2642299943755,1906.0783405574082
2026-09-05 14:49:15.679,0 days 01:02:39.075000,41,261.0055467377778,0 days 00:00:07.575000,11476.5333248,330.4083328,8,100.0,False,0,pos,693.5885680405564,0.11999130406943291,OnTrack,-784.0,6151.0,1906.0
2026-09-05 14:49:15.979,0 days 01:02:39.375000,41,240.3388800711111,0 days 00:00:07.875000,11456.5333248,329.1583328,8,100.0,False,0,pos,720.9767068542533,0.12472947110925929,OnTrack,-752.0,6530.0,1909.0
2026-09-05 14:49:16.017,0 days 01:02:39.413000,41,237.7211111111111,0 days 00:00:07.913000,11454.0,329.0,8,100.0,False,0,car,724.4436111111111,0.12532924795396633,OnTrack,-749.3916204171492,6562.044929767658,1909.2563428871697
2026-09-05 14:49:16.257,0 days 01:02:39.653000,41,221.38777777777773,0 days 00:00:08.153000,11391.0,328.0,8,100.0,False,0,car,746.3102777777777,0.12911219647688882,OnTrack,-740.566010686222,6677.205210960318,1909.7063806669548
2026-09-05 14:49:16.339,0 days 01:02:39.735000,41,216.14888071111105,0 days 00:00:08.235000,11342.4832576,326.6333312,8,100.0,False,0,pos,753.7431587441816,0.13039809004729655,OnTrack,-736.0,6730.0,1910.0
2026-09-05 14:49:16.497,0 days 01:02:39.893000,41,206.05444444444436,0 days 00:00:08.393000,11249.0,324.0,8,100.0,False,0,car,767.9102777777778,0.13284901148123907,OnTrack,-723.1635620539855,6872.140341076924,1910.9887616120945
2026-09-05 14:49:16.499,0 days 01:02:39.895000,41,205.94499299555548,0 days 00:00:08.395000,11242.28082,323.874992,8,99.4124624,False,0,pos,768.0872134036952,0.13287962146743038,OnTrack,-723.0,6874.0,1911.0
2026-09-05 14:49:16.759,0 days 01:02:40.155000,41,191.71721521777772,0 days 00:00:08.655000,10368.84332,307.624992,8,23.037462400000003,False,0,pos,790.3542603773428,0.1367318360615831,OnTrack,-704.0,7104.0,1912.0
2026-09-05 14:49:16.817,0 days 01:02:40.213000,41,188.5433333333333,0 days 00:00:08.713000,10174.0,304.0,8,6.0,True,0,car,794.9324999999999,0.13752387469655786,OnTrack,-700.0477269093132,7152.8622891974765,1912.251718519568
2026-09-05 14:49:17.019,0 days 01:02:40.415000,41,180.91221738666667,0 days 00:00:08.915000,9570.5246176,264.4416416,8,1.7916639999999997,True,0,pos,809.5190077593521,0.14004735067138283,OnTrack,-687.0,7312.0,1913.0
2026-09-05 14:49:17.057,0 days 01:02:40.453000,41,179.4766666666667,0 days 00:00:08.953000,9457.0,257.0,8,1.0,True,0,car,812.0658333333332,0.14048795326482333,OnTrack,-684.7467747303328,7338.523159330549,1913.0034562441326
2026-09-05 14:49:17.219,0 days 01:02:40.615000,41,175.83166378666667,0 days 00:00:09.115000,9560.781332,237.2562344,8,1.0,True,0,pos,822.2940669935281,0.14225744479303704,OnTrack,-675.0,7452.0,1913.0
2026-09-05 14:49:17.377,0 days 01:02:40.773000,41,172.27666666666664,0 days 00:00:09.273000,9662.0,218.0,8,1.0,True,0,car,831.4436111111111,0.14384032228107171,OnTrack,-662.9002551903009,7599.482658915081,1914.5132170945478
2026-09-05 14:49:17.439,0 days 01:02:40.835000,41,171.70833215999997,0 days 00:00:09.335000,9817.1940704,211.9937376,8,0.8062496,True,0,pos,834.8521311084744,0.14442999860832983,OnTrack,-659.0,7647.0,1915.0
2026-09-05 14:49:17.697,0 days 01:02:41.093000,41,169.34333333333325,0 days 00:00:09.593000,10463.0,187.0,8,0.0,True,0,car,848.0658333333333,0.14671597827207375,OnTrack,-650.8134293977156,7737.13632866608,1914.9669718332273
2026-09-05 14:49:17.739,0 days 01:02:41.135000,41,169.36666673777768,0 days 00:00:09.635000,10565.9003136,183.00998784,8,0.0,True,0,pos,850.1051707537925,0.14706878506243046,OnTrack,-649.0,7754.0,1915.0
2026-09-05 14:49:17.897,0 days 01:02:41.293000,41,169.45444444444433,0 days 00:00:09.793000,10953.0,168.0,7,0.0,True,0,car,857.3991666666666,0.14833065142210164,OnTrack,-638.7798720821302,7846.819674653745,1915.6731122715262
2026-09-05 14:49:18.099,0 days 01:02:41.495000,41,172.37222407111102,0 days 00:00:09.995000,11286.80521152,150.82998912,7,0.0,True,0,pos,865.3215797012522,0.14970123438035624,OnTrack,-624.0,7972.0,1917.0
2026-09-05 14:49:18.297,0 days 01:02:41.693000,41,175.23222222222216,0 days 00:00:10.193000,11614.0,134.0,3,0.0,True,0,car,872.2880555555555,0.1509064395423842,OnTrack,-615.7648241613243,8020.324012534451,1917.7410334685085
2026-09-05 14:49:18.459,0 days 01:02:41.855000,41,178.42722474666652,0 days 00:00:10.355000,10782.12934272,125.8999936,3,0.0,True,0,pos,877.9203554218698,0.15188083133171026,OnTrack,-607.0,8048.0,1918.0
2026-09-05 14:49:18.497,0 days 01:02:41.893000,41,179.1766666666665,0 days 00:00:10.393000,10587.0,124.0,2,0.0,True,0,car,879.1769444444444,0.15209822210550003,OnTrack,-603.9472084813866,8057.712902131485,1918.0235033940714
2026-09-05 14:49:18.699,0 days 01:02:42.095000,41,185.1805593599999,0 days 00:00:10.595000,10648.61003904,113.8999936,2,0.0,True,0,pos,885.2694159733267,0.1531522239121067,OnTrack,-583.0,8120.0,1918.0
2026-09-05 14:49:18.879,0 days 01:02:42.275000,41,190.53055935999998,0 days 00:00:10.775000,10703.51003904,104.8999936,2,0.0,True,0,pos,890.2385903468439,0.15401189453054154,OnTrack,-563.0,8162.0,1918.0
2026-09-05 14:49:18.897,0 days 01:02:42.293000,41,191.06555555555553,0 days 00:00:10.793000,10709.0,104.0,2,0.0,True,0,car,890.7325,0.15409734124362978,OnTrack,-561.121028481469,8165.4227044318,1917.994194494373
2026-09-05 14:49:19.059,0 days 01:02:42.455000,41,196.69055999999986,0 days 00:00:10.955000,10779.3688056,100.4562472,2,0.0,True,0,pos,895.1531310448632,0.15486211348516413,OnTrack,-544.0,8193.0,1918.0
2026-09-05 14:49:19.217,0 days 01:02:42.613000,41,202.1766666666664,0 days 00:00:11.113000,10848.0,97.0,1,0.0,True,0,car,899.3547222222222,0.15558899167746507,OnTrack,-520.5811892598555,8224.879816599356,1918.604334434468
2026-09-05 14:49:19.339,0 days 01:02:42.735000,41,206.9888939377775,0 days 00:00:11.235000,10623.062264,94.3312472,1,0.3812504,True,0,pos,902.4804190299213,0.15612973939644934,OnTrack,-498.0,8249.0,1919.0
2026-09-05 14:49:19.537,0 days 01:02:42.933000,41,214.79888888888865,0 days 00:00:11.433000,10258.0,90.0,1,1.0,True,0,car,907.3547222222222,0.15697299723463184,OnTrack,-455.59327721087635,8279.409372543034,1918.9638698184378
2026-09-05 14:49:19.559,0 days 01:02:42.955000,41,215.73389432888868,0 days 00:00:11.455000,10215.31975168,89.4499968,1,1.11000064,True,0,pos,907.8834250336807,0.15706446318827533,OnTrack,-451.0,8282.0,1919.0
2026-09-05 14:49:19.737,0 days 01:02:43.133000,41,223.29888888888888,0 days 00:00:11.633000,9870.0,85.0,1,2.0,False,0,car,912.0769444444444,0.1577899449593483,OnTrack,-415.95849318303027,8297.149824032529,1919.791225890889
2026-09-05 14:49:19.799,0 days 01:02:43.195000,41,226.1233391644444,0 days 00:00:11.695000,9797.1498496,84.48333226666666,1,7.941678933333334,False,0,pos,913.5107545452198,0.15803799510277267,OnTrack,-403.0,8301.0,1920.0
2026-09-05 14:49:19.977,0 days 01:02:43.373000,41,234.23222222222205,0 days 00:00:11.873000,9588.0,83.0,1,25.0,False,0,car,917.6102777777777,0.15874721546972198,OnTrack,-361.29221243915117,8309.97271225833,1920.022286169506
2026-09-05 14:49:20.019,0 days 01:02:43.415000,41,236.18056149333316,0 days 00:00:11.915000,9711.9003776,83.35000106666666,1,27.625008,False,0,pos,918.5940472728931,0.15891740827574835,OnTrack,-351.0,8312.0,1920.0
2026-09-05 14:49:20.217,0 days 01:02:43.613000,41,245.36555555555537,0 days 00:00:12.113000,10296.0,85.0,1,40.0,False,0,car,923.2769444444443,0.15972755273938177,OnTrack,-301.7897601404862,8322.093361325497,1920.0111145009105
2026-09-05 14:49:20.339,0 days 01:02:43.735000,41,251.43167194968635,0 days 00:00:12.235000,9838.924393016265,83.98050050486898,1,26.40667339825321,False,0,pos,926.1099780296216,0.16021766951757244,OnTrack,-274.0,8329.0,1920.0
2026-09-05 14:49:20.519,0 days 01:02:43.915000,41,260.3816703541435,0 days 00:00:12.415000,9164.551254185848,82.47632250004278,1,6.35096666723714,False,0,pos,930.1904889025557,0.16092360073309994,OnTrack,-237.0,8344.0,1920.0
2026-09-05 14:49:20.576,0 days 01:02:43.972000,41,263.2158333333333,0 days 00:00:12.472000,8951.0,82.0,1,0.0,True,0,car,931.4541666666665,0.16114221786409963,OnTrack,-223.40397600604805,8353.92231478784,1920.1741199635064
2026-09-05 14:49:20.739,0 days 01:02:44.135000,41,271.77333669333325,0 days 00:00:12.635000,8669.8248896,79.08928457142858,1,3.4928585142857145,True,0,pos,934.9905874433272,0.1617540211150219,OnTrack,-184.0,8392.0,1921.0
2026-09-05 14:49:20.856,0 days 01:02:44.252000,41,277.91583333333324,0 days 00:00:12.752000,8468.0,77.0,1,6.0,False,0,car,937.4430555555555,0.16217829980203421,OnTrack,-166.0678961152986,8416.709823572986,1921.463000480273
2026-09-05 14:49:21.136,0 days 01:02:44.532000,41,293.47138888888855,0 days 00:00:13.032000,8600.0,72.0,1,16.0,False,0,car,943.0430555555555,0.16314710369205093,OnTrack,-152.71259327218272,8465.1408719891,1921.9901339226203
2026-09-05 14:49:21.199,0 days 01:02:44.595000,41,297.07639255111076,0 days 00:00:13.095000,8573.674973257142,72.0,1,18.925002971428572,False,0,pos,944.2935857480423,0.16336344628402674,OnTrack,-151.0,8475.0,1922.0
2026-09-05 14:49:21.416,0 days 01:02:44.812000,41,309.4936111111108,0 days 00:00:13.312000,8483.0,72.0,1,29.0,False,0,car,948.6430555555555,0.16411590758206768,OnTrack,-146.0275511213042,8506.771880560378,1921.7465340671595
2026-09-05 14:49:21.579,0 days 01:02:44.975000,41,318.82083699555517,0 days 00:00:13.475000,8734.83509888,74.44500096,1,42.040005120000004,False,0,pos,952.0183928667435,0.16469984328156723,OnTrack,-143.0,8533.0,1922.0
2026-09-05 14:49:21.616,0 days 01:02:45.012000,41,320.93805555555514,0 days 00:00:13.512000,8792.0,75.0,1,45.0,False,0,car,952.8097222222223,0.1648367438097587,OnTrack,-142.37476864189702,8539.67241376072,1922.1806107538403
2026-09-05 14:49:21.759,0 days 01:02:45.155000,41,328.9619493161766,0 days 00:00:13.655000,9230.628695242485,78.20947825787184,1,48.92269564851003,False,0,pos,955.9749797668212,0.16538433556370732,OnTrack,-141.0,8571.0,1923.0
2026-09-05 14:49:22.017,0 days 01:02:45.413000,41,343.4386111111106,0 days 00:00:13.913000,10022.0,84.0,1,56.0,False,0,car,962.166388888889,0.16645545364266165,OnTrack,-146.95497280791722,8657.487533884532,1922.9985751517895
2026-09-05 14:49:22.019,0 days 01:02:45.415000,41,343.54584019555506,0 days 00:00:13.915000,10029.55603911111,84.07778275555556,1,56.072226844444444,False,0,pos,962.2171752697895,0.16646423972183602,OnTrack,-147.0,8658.0,1923.0
2026-09-05 14:49:22.377,0 days 01:02:45.773000,41,362.7386111111106,0 days 00:00:14.273000,11382.0,98.0,1,69.0,False,0,car,971.9663888888889,0.16815086045019093,OnTrack,-156.85534623055736,8718.363873348359,1923.9977582354616
2026-09-05 14:49:22.379,0 days 01:02:45.775000,41,362.8402842844439,0 days 00:00:14.275000,11374.2057512,98.0750048,1,69.0875056,False,0,pos,972.0240928071429,0.16816084326813263,OnTrack,-157.0,8719.0,1924.0
2026-09-05 14:49:22.599,0 days 01:02:45.995000,41,374.02361761777723,0 days 00:00:14.495000,10516.8932512,106.3250048,1,78.7125056,False,0,pos,978.5936915769588,0.16929738841885533,OnTrack,-178.0,8809.0,1924.0
2026-09-05 14:49:22.697,0 days 01:02:46.093000,41,379.0052777777772,0 days 00:00:14.593000,10135.0,110.0,2,83.0,False,0,car,981.7441666666667,0.1698424227978392,OnTrack,-185.10199910617186,8837.520308445086,1924.1906629822488
2026-09-05 14:49:22.959,0 days 01:02:46.355000,41,391.2319504177774,0 days 00:00:14.855000,11193.293374171428,125.90715062857143,2,87.67857371428572,False,0,pos,990.955866735053,0.17143605330853917,OnTrack,-200.0,8891.0,1925.0
2026-09-05 14:49:22.977,0 days 01:02:46.373000,41,392.07194444444406,0 days 00:00:14.873000,11266.0,127.0,2,88.0,False,0,car,991.6219444444445,0.17155128521495203,OnTrack,-201.48140124526884,8896.467242131896,1925.0196056758962
2026-09-05 14:49:23.119,0 days 01:02:46.515000,41,398.34361676444394,0 days 00:00:15.015000,10692.31948288,134.1000064,2,90.84000256,False,0,pos,997.0003428219035,0.17248175187033452,OnTrack,-215.0,8947.0,1925.0
2026-09-05 14:49:23.177,0 days 01:02:46.573000,41,400.9052777777772,0 days 00:00:15.073000,10458.0,137.0,3,92.0,False,0,car,999.2330555555557,0.172868012724201,OnTrack,-220.68878878862614,8968.37305407311,1924.9305336606158
2026-09-05 14:49:23.337,0 days 01:02:46.733000,41,407.7941666666661,0 days 00:00:15.233000,10725.0,142.0,3,100.0,False,0,car,1005.5441666666668,0.17395983933041032,OnTrack,-236.59997769818398,9028.36060345872,1924.8302557335226
2026-09-05 14:49:23.379,0 days 01:02:46.775000,41,409.4041715733328,0 days 00:00:15.275000,10867.2754336,145.1500096,3,100.0,False,0,pos,1007.3153013097703,0.17426624685397854,OnTrack,-241.0,9045.0,1925.0
2026-09-05 14:49:23.519,0 days 01:02:46.915000,41,414.7708382399996,0 days 00:00:15.415000,11341.5254336,155.6500096,3,100.0,False,0,pos,1013.5748489429825,0.17534915294269302,OnTrack,-256.0,9102.0,1926.0
2026-09-05 14:49:23.577,0 days 01:02:46.973000,41,416.9941666666663,0 days 00:00:15.473000,11538.0,160.0,3,100.0,False,0,car,1016.2108333333334,0.17580518007329932,OnTrack,-261.6691615119097,9123.87149047291,1926.1807759714502
2026-09-05 14:49:23.737,0 days 01:02:47.133000,41,422.86083333333306,0 days 00:00:15.633000,10579.0,166.0,3,100.0,False,0,car,1023.5886111111112,0.17708154075379753,OnTrack,-275.5875659372297,9178.989927851253,1925.7042603910277
2026-09-05 14:49:23.879,0 days 01:02:47.275000,41,427.31805957333313,0 days 00:00:15.775000,11051.594176,175.3187584,3,100.0,False,0,pos,1030.7286165351932,0.17831676665193877,OnTrack,-296.0,9263.0,1926.0
2026-09-05 14:49:24.057,0 days 01:02:47.453000,41,432.90527777777766,0 days 00:00:15.953000,11644.0,187.0,4,100.0,False,0,car,1040.2108333333333,0.17995719674479957,OnTrack,-333.6442343443481,9420.484228389185,1927.9831011461574
2026-09-05 14:49:24.059,0 days 01:02:47.455000,41,432.9636148444443,0 days 00:00:15.955000,11639.741394133333,187.06667093333334,4,100.0,False,0,pos,1040.3179079055228,0.17997572072016724,OnTrack,-334.0,9422.0,1928.0
2026-09-05 14:49:24.297,0 days 01:02:47.693000,41,439.9052777777774,0 days 00:00:16.193000,11133.0,195.0,4,100.0,False,0,car,1053.2108333333333,0.18220620577519556,OnTrack,-356.4089874462641,9524.432889183992,1928.1523089434525
2026-09-05 14:49:24.497,0 days 01:02:47.893000,41,445.2386111111107,0 days 00:00:16.393000,10639.0,204.0,5,100.0,False,0,car,1064.5441666666666,0.1841668803145151,OnTrack,-366.84482123025094,9582.184662649426,1927.9925715075153
2026-09-05 14:49:24.499,0 days 01:02:47.895000,41,445.2886143111107,0 days 00:00:16.395000,10644.49035136,204.07000448,5,100.0,False,0,pos,1064.6595496372422,0.184186841648575,OnTrack,-367.0,9583.0,1928.0
2026-09-05 14:49:24.659,0 days 01:02:48.055000,41,449.2886143111107,0 days 00:00:16.555000,11083.69035136,209.67000448,5,100.0,False,0,pos,1074.0090448781255,0.18580431081983584,OnTrack,-383.0,9673.0,1929.0
2026-09-05 14:49:24.697,0 days 01:02:48.093000,41,450.2386111111107,0 days 00:00:16.593000,11188.0,211.0,5,100.0,False,0,car,1076.2663888888887,0.1861948329017525,OnTrack,-388.05262874756187,9707.736197431233,1929.2430122749454
2026-09-05 14:49:24.839,0 days 01:02:48.235000,41,453.47305847111085,0 days 00:00:16.735000,11372.0084992,215.7333376,5,100.0,False,0,pos,1084.8312058406918,0.18767655218392895,OnTrack,-408.0,9863.0,1930.0
2026-09-05 14:49:24.937,0 days 01:02:48.333000,41,455.7052777777776,0 days 00:00:16.833000,11499.0,219.0,5,100.0,False,0,car,1090.8663888888887,0.18872064304358183,OnTrack,-416.69511937701077,9945.171106241674,1930.3307363995564
2026-09-05 14:49:25.177,0 days 01:02:48.573000,41,460.57194444444417,0 days 00:00:17.073000,11983.0,228.0,5,100.0,False,0,car,1106.0663888888887,0.19135025360219865,OnTrack,-422.0159394916709,10068.418790664526,1930.7248942167407
2026-09-05 14:49:25.259,0 days 01:02:48.655000,41,462.05250231111097,0 days 00:00:17.155000,11605.457744,230.3916704,5,100.0,False,0,pos,1111.370639066218,0.19226789256745197,OnTrack,-423.0,10116.0,1931.0
2026-09-05 14:49:25.417,0 days 01:02:48.813000,41,464.9052777777779,0 days 00:00:17.313000,10878.0,235.0,5,100.0,False,0,car,1121.7330555555552,0.19406059781831686,OnTrack,-425.29929065732887,10226.85338683302,1931.832892521793
2026-09-05 14:49:25.617,0 days 01:02:49.013000,41,468.1274999999998,0 days 00:00:17.513000,10782.0,241.0,6,100.0,False,0,car,1135.1219444444444,0.19637688489663072,OnTrack,-427.0034514758439,10385.43582170491,1932.9910856122492
2026-09-05 14:49:25.619,0 days 01:02:49.015000,41,468.1552795555554,0 days 00:00:17.515000,10785.691902933333,241.06667093333334,6,100.0,False,0,pos,1135.2579294941117,0.1964004104046846,OnTrack,-427.0,10387.0,1933.0
2026-09-05 14:49:25.857,0 days 01:02:49.253000,41,471.4608333333331,0 days 00:00:17.753000,11225.0,249.0,6,100.0,False,0,car,1151.7219444444443,0.19924869642775173,OnTrack,-423.6539156453564,10569.6318469589,1933.6738777362023
2026-09-05 14:49:26.079,0 days 01:02:49.475000,41,474.0508348266664,0 days 00:00:17.975000,11417.6643968,253.7571456,6,100.0,False,0,pos,1167.4000809997028,0.20196102494256385,OnTrack,-419.0,10708.0,1934.0
2026-09-05 14:49:26.137,0 days 01:02:49.533000,41,474.72749999999974,0 days 00:00:18.033000,11468.0,255.0,6,100.0,False,0,car,1171.5552777777777,0.202679876871561,OnTrack,-418.09394839983764,10735.227892443809,1934.0950968969994
2026-09-05 14:49:26.377,0 days 01:02:49.773000,41,476.9274999999998,0 days 00:00:18.273000,11794.0,262.0,6,100.0,False,0,car,1189.0219444444442,0.2057016223380417,OnTrack,-414.06920786225805,10826.577178313539,1934.5705853003371
2026-09-05 14:49:26.499,0 days 01:02:49.895000,41,477.8425009599999,0 days 00:00:18.395000,11395.127359288888,264.03333546666664,6,100.0,False,0,pos,1198.0304394089721,0.20726009822461866,OnTrack,-406.0,10924.0,1935.0
2026-09-05 14:49:26.719,0 days 01:02:50.115000,41,479.49250096000003,0 days 00:00:18.615000,10675.849581511111,267.7000021333333,6,100.0,False,0,pos,1214.4672835366246,0.21010368367648805,OnTrack,-381.0,11190.0,1936.0
2026-09-05 14:49:26.737,0 days 01:02:50.133000,41,479.62750000000005,0 days 00:00:18.633000,10617.0,268.0,6,100.0,False,0,car,1215.8219444444442,0.21033804095455036,OnTrack,-379.23156457201287,11207.651311018486,1936.0530312516362
2026-09-05 14:49:27.097,0 days 01:02:50.493000,41,481.8275000000001,0 days 00:00:18.993000,10876.0,274.0,7,100.0,False,0,car,1243.221944444444,0.21507825998784647,OnTrack,-356.41009335104593,11382.911104599165,1936.0253030975111
2026-09-05 14:49:27.159,0 days 01:02:50.555000,41,482.13750056888887,0 days 00:00:19.055000,10906.888945573863,275.1111131501389,7,100.0,False,0,pos,1247.9988624353723,0.2159046701185433,OnTrack,-351.0,11416.0,1936.0
2026-09-05 14:49:27.319,0 days 01:02:50.715000,41,482.9375003853763,0 days 00:00:19.215000,10986.602188937133,277.9784960049328,7,100.0,False,0,pos,1260.4021913320312,0.21805045463358616,OnTrack,-330.0,11537.0,1936.0
2026-09-05 14:49:27.376,0 days 01:02:50.772000,41,483.2225000000001,0 days 00:00:19.272000,11015.0,279.0,7,100.0,False,0,car,1264.844444444444,0.21881896750782623,OnTrack,-317.07149013678014,11601.088606608753,1935.9829179592343
2026-09-05 14:49:27.499,0 days 01:02:50.895000,41,483.7350002666667,0 days 00:00:19.395000,11074.9625312,280.5375008,7,100.0,False,0,pos,1274.471188081722,0.2204844008442528,OnTrack,-285.0,11750.0,1936.0
2026-09-05 14:49:27.696,0 days 01:02:51.092000,41,484.55583333333334,0 days 00:00:19.592000,11171.0,283.0,7,100.0,False,0,car,1289.9999999999995,0.22317089609313948,OnTrack,-255.22968757705786,11871.29937362585,1936.6701773884822
2026-09-05 14:49:27.860,0 days 01:02:51.256000,41,485.14805555555535,0 days 00:00:19.756000,11210.633333333333,285.05,7,100.0,False,0,pos,1303.0205690270054,0.2254234635794957,OnTrack,-230.0,11947.0,1937.0
2026-09-05 14:49:27.936,0 days 01:02:51.332000,41,485.4224999999997,0 days 00:00:19.832000,11229.0,286.0,7,100.0,False,0,car,1309.0666666666664,0.22646944267105362,OnTrack,-212.34954117126128,11998.22194808701,1936.8585911080067
2026-09-05 14:49:28.136,0 days 01:02:51.532000,41,486.0891666666664,0 days 00:00:20.032000,11318.0,287.0,7,100.0,False,0,car,1325.0111111111107,0.22922784263568458,OnTrack,-152.1540646277465,12166.71503822246,1936.0180095772428
2026-09-05 14:49:28.199,0 days 01:02:51.595000,41,486.26416684444416,0 days 00:00:20.095000,11344.1844016,287.7875008,7,100.0,False,0,pos,1330.0718613679546,0.23010335594554765,OnTrack,-133.0,12216.0,1936.0
2026-09-05 14:49:28.439,0 days 01:02:51.835000,41,486.9308335111107,0 days 00:00:20.335000,11443.9344016,290.7875008,7,100.0,False,0,pos,1349.4995612864686,0.23346436152682162,OnTrack,-62.0,12378.0,1937.0
2026-09-05 14:49:28.456,0 days 01:02:51.852000,41,486.9780555555551,0 days 00:00:20.352000,11451.0,291.0,7,100.0,False,0,car,1350.8777777777775,0.23370279393719043,OnTrack,-56.78645295634416,12389.139908032072,1937.054965894785
2026-09-05 14:49:28.759,0 days 01:02:52.155000,41,487.90388926903427,0 days 00:00:20.655000,11502.915909167035,291.9439256212188,7,100.0,False,0,pos,1375.4531483696471,0.23795435012076288,OnTrack,57.0,12608.0,1937.0
2026-09-05 14:49:28.777,0 days 01:02:52.173000,41,487.95888888888885,0 days 00:00:20.673000,11506.0,292.0,7,100.0,False,0,car,1376.914444444444,0.23820715535678602,OnTrack,66.66537785659054,12624.192686667528,1936.9406778003367
2026-09-05 14:49:29.039,0 days 01:02:52.435000,41,488.686667022222,0 days 00:00:20.935000,11555.488913066667,292.72777813333335,7,100.0,False,0,pos,1398.213679247177,0.24189193777308382,OnTrack,223.0,12868.0,1936.0
2026-09-05 14:49:29.137,0 days 01:02:52.533000,41,488.9588888888886,0 days 00:00:21.033000,11574.0,293.0,7,100.0,False,0,car,1406.214444444444,0.2432760757099093,OnTrack,258.27431159572814,12919.144288956357,1936.2383452056533
2026-09-05 14:49:29.297,0 days 01:02:52.693000,41,489.3588888888887,0 days 00:00:21.193000,11593.0,295.0,7,100.0,False,0,car,1419.3255555555552,0.24554430703971036,OnTrack,302.23038643758014,12975.163639108496,1936.9638314227032
2026-09-05 14:49:29.319,0 days 01:02:52.715000,41,489.41388920888875,0 days 00:00:21.215000,11595.5666816,295.06111146666666,7,100.0,False,0,pos,1421.1310290113602,0.24585665520172928,OnTrack,311.0,12986.0,1937.0
2026-09-05 14:49:29.499,0 days 01:02:52.895000,41,489.8638892088888,0 days 00:00:21.395000,11616.5666816,295.56111146666666,7,100.0,False,0,pos,1435.920841942977,0.2484153031125811,OnTrack,405.0,13099.0,1937.0
2026-09-05 14:49:29.657,0 days 01:02:53.053000,41,490.2588888888888,0 days 00:00:21.553000,11635.0,296.0,7,100.0,False,0,car,1448.925555555555,0.2506651276012274,OnTrack,493.6884816356991,13194.383397291373,1937.9056399677788
2026-09-05 14:49:29.679,0 days 01:02:53.075000,41,490.3016669155555,0 days 00:00:21.575000,11636.9250112,296.0687504,7,100.0,False,0,pos,1450.737830157724,0.25097865236629163,OnTrack,506.0,13207.0,1938.0
2026-09-05 14:49:29.959,0 days 01:02:53.355000,41,490.84611135999995,0 days 00:00:21.855000,11661.4250112,296.9437504,7,100.0,False,0,pos,1473.837885024757,0.25497497790464546,OnTrack,674.0,13365.0,1938.0
2026-09-05 14:49:29.977,0 days 01:02:53.373000,41,490.88111111111107,0 days 00:00:21.873000,11663.0,297.0,7,100.0,False,0,car,1475.3255555555552,0.2552323459398777,OnTrack,687.4150437334494,13376.364580299434,1938.0210710075505
2026-09-05 14:49:30.257,0 days 01:02:53.653000,41,491.19222222222265,0 days 00:00:22.153000,10335.0,298.0,8,100.0,False,0,car,1498.5033333333326,0.2592421175957802,OnTrack,918.6110639117944,13558.954161490492,1938.9933504176438
2026-09-05 14:49:30.259,0 days 01:02:53.655000,41,491.1894442666671,0 days 00:00:22.155000,10335.250016,298.0,8,100.0,False,0,pos,1498.6690142574946,0.25927078051074975,OnTrack,920.0,13560.0,1939.0
2026-09-05 14:49:30.417,0 days 01:02:53.813000,41,490.97000000000025,0 days 00:00:22.313000,10355.0,298.0,8,100.0,False,0,car,1511.7477777777772,0.2615334156848674,OnTrack,1010.0130161640462,13625.33479989839,1939.4229955580665
2026-09-05 14:49:30.639,0 days 01:02:54.035000,41,487.2699978666669,0 days 00:00:22.535000,10387.066685155556,296.76666595555554,8,100.0,False,0,pos,1530.0005365290424,0.2646911556280393,OnTrack,1126.0,13699.0,1940.0
2026-09-05 14:49:30.777,0 days 01:02:54.173000,41,484.97000000000025,0 days 00:00:22.673000,10407.0,296.0,8,100.0,False,0,car,1541.347777777777,0.2666542362463844,OnTrack,1235.2555606438575,13764.526052166704,1940.608298527336
2026-09-05 14:49:30.839,0 days 01:02:54.235000,41,483.72999744000026,0 days 00:00:22.735000,10402.7374912,296.3875008,8,100.0,False,0,pos,1546.4606902465719,0.2675387736551493,OnTrack,1298.0,13799.0,1941.0
2026-09-05 14:49:30.937,0 days 01:02:54.333000,41,481.7700000000002,0 days 00:00:22.833000,10396.0,297.0,8,100.0,False,0,car,1554.5477777777771,0.26893784541570953,OnTrack,1417.565101128494,13859.808299979157,1941.8100257054516
2026-09-05 14:49:31.079,0 days 01:02:54.475000,41,477.27332928000015,0 days 00:00:22.975000,10381.0110976,296.6055552,8,100.0,False,0,pos,1566.236417106708,0.2709599881390793,OnTrack,1580.0,13938.0,1943.0
2026-09-05 14:49:31.297,0 days 01:02:54.693000,41,470.3700000000001,0 days 00:00:23.193000,10358.0,296.0,8,100.0,False,0,car,1584.1477777777773,0.27405866597722656,OnTrack,1658.8884846784556,13973.384265703102,1943.7729986177721
2026-09-05 14:49:31.359,0 days 01:02:54.755000,41,468.0105506844446,0 days 00:00:23.255000,10345.255529244445,296.0,8,100.0,False,0,pos,1589.2456410279963,0.274940599860724,OnTrack,1686.0,13984.0,1944.0
2026-09-05 14:49:31.559,0 days 01:02:54.955000,41,460.3994395733336,0 days 00:00:23.455000,10304.144418133334,296.0,8,100.0,False,0,pos,1605.6976321502038,0.27778680575317316,OnTrack,1839.0,14043.0,1945.0
2026-09-05 14:49:31.657,0 days 01:02:55.053000,41,456.6700000000003,0 days 00:00:23.553000,10284.0,296.0,8,100.0,False,0,car,1613.7477777777772,0.2791794865387435,OnTrack,1916.9789255055728,14069.941307579082,1945.3611765588316
2026-09-05 14:49:31.817,0 days 01:02:55.213000,41,450.1366666666672,0 days 00:00:23.713000,10279.0,295.0,8,100.0,False,0,car,1626.8588888888883,0.2814477178685446,OnTrack,2040.4390817908563,14107.554850136921,1945.988274391074
2026-09-05 14:49:31.819,0 days 01:02:55.215000,41,450.0472164977783,0 days 00:00:23.715000,10278.18994816,294.97999872,8,100.0,False,0,pos,1627.0222937880947,0.2814759870296158,OnTrack,2042.0,14108.0,1946.0
2026-09-05 14:49:32.017,0 days 01:02:55.413000,41,441.1922222222229,0 days 00:00:23.913000,10198.0,293.0,8,100.0,False,0,car,1643.136666666666,0.28426378473139086,OnTrack,2198.7206349779135,14149.228380076707,1947.5586467221797
2026-09-05 14:49:32.079,0 days 01:02:55.475000,41,438.384994204445,0 days 00:00:23.975000,10577.750784,292.6124992,8,100.0,False,0,pos,1648.1674765415105,0.28513411833437013,OnTrack,2248.0,14161.0,1948.0
2026-09-05 14:49:32.177,0 days 01:02:55.573000,41,433.94777777777813,0 days 00:00:24.073000,11178.0,292.0,8,100.0,False,0,car,1656.114444444444,0.28650894930190585,OnTrack,2325.7091436840174,14178.514795857984,1948.5440569714788
2026-09-05 14:49:32.239,0 days 01:02:55.635000,41,431.0372162133338,0 days 00:00:24.135000,11220.625088,292.0,8,100.0,False,0,pos,1661.1448102423112,0.28737920607925965,OnTrack,2375.0,14189.0,1949.0
2026-09-05 14:49:32.417,0 days 01:02:55.813000,41,422.68111111111193,0 days 00:00:24.313000,11343.0,292.0,7,100.0,False,0,car,1675.5811111111104,0.28987669615767825,OnTrack,2517.403141788745,14216.71187830304,1950.9838399400128
2026-09-05 14:49:32.419,0 days 01:02:55.815000,41,422.5838826666675,0 days 00:00:24.315000,11343.7687992,291.9937496,7,100.0,False,0,pos,1675.74302690862,0.28990470770312154,OnTrack,2519.0,14217.0,1951.0
2026-09-05 14:49:32.639,0 days 01:02:56.035000,41,411.88943822222296,0 days 00:00:24.535000,11428.3312992,291.3062496,7,100.0,False,0,pos,1693.514463773028,0.2929791786255189,OnTrack,2694.0,14246.0,1952.0
2026-09-05 14:49:32.737,0 days 01:02:56.133000,41,407.1255555555563,0 days 00:00:24.633000,11466.0,291.0,7,100.0,False,0,car,1701.4477777777772,0.29435164745918413,OnTrack,2772.2248666138235,14258.175706178123,1953.0951618991562
2026-09-05 14:49:32.819,0 days 01:02:56.215000,41,402.9572157155563,0 days 00:00:24.715000,11472.1500096,291.5125008,7,100.0,False,0,pos,1708.1062747703118,0.29550357206418987,OnTrack,2838.0,14268.0,1954.0
2026-09-05 14:49:33.057,0 days 01:02:56.453000,41,390.8588888888896,0 days 00:00:24.953000,11490.0,293.0,7,100.0,False,0,car,1727.4922222222217,0.29885735443973815,OnTrack,3029.418808784413,14293.803649150457,1954.9913847567743
2026-09-05 14:49:33.059,0 days 01:02:56.455000,41,390.7572157155563,0 days 00:00:24.955000,11490.62504,293.0,7,100.0,False,0,pos,1727.6550468464534,0.2988855232128357,OnTrack,3031.0,14294.0,1955.0
2026-09-05 14:49:33.217,0 days 01:02:56.613000,41,382.7255555555562,0 days 00:00:25.113000,11540.0,293.0,7,100.0,False,0,car,1740.5144444444438,0.30111020793001514,OnTrack,3153.737977875185,14308.350847719275,1955.944270382787
2026-09-05 14:49:33.379,0 days 01:02:56.775000,41,374.67054919111166,0 days 00:00:25.275000,11545.5687544,293.5062504,7,100.0,False,0,pos,1753.7276094440444,0.3033960946534162,OnTrack,3290.0,14322.0,1957.0
2026-09-05 14:49:33.537,0 days 01:02:56.933000,41,366.8144444444449,0 days 00:00:25.433000,11551.0,294.0,7,100.0,False,0,car,1766.6477777777773,0.3056312927500932,OnTrack,3444.9366121696526,14335.397407567554,1957.6958114766405
2026-09-05 14:49:33.599,0 days 01:02:56.995000,41,363.714438044445,0 days 00:00:25.495000,11568.0500352,294.31000064,7,100.0,False,0,pos,1771.7265451426665,0.3065099230321637,OnTrack,3501.0,14340.0,1958.0
2026-09-05 14:49:33.737,0 days 01:02:57.133000,41,356.81444444444514,0 days 00:00:25.633000,11606.0,295.0,7,100.0,False,0,car,1783.0366666666662,0.30846658191234455,OnTrack,3603.7973766811556,14348.132555650338,1958.8809226583207
2026-09-05 14:49:33.899,0 days 01:02:57.295000,41,348.8944381866675,0 days 00:00:25.795000,11606.81000064,295.0,7,100.0,False,0,pos,1796.3012623476056,0.31076136617934336,OnTrack,3714.0,14357.0,1960.0
2026-09-05 14:49:33.937,0 days 01:02:57.333000,41,347.03666666666754,0 days 00:00:25.833000,11607.0,295.0,7,100.0,False,0,car,1799.425555555555,0.3113018710745959,OnTrack,3743.293611852804,14359.520514833092,1960.2264866113942
2026-09-05 14:49:34.079,0 days 01:02:57.475000,41,340.01555083724617,0 days 00:00:25.975000,11622.777788380723,296.5268827465215,7,100.0,False,0,pos,1811.169472665801,0.3133335768925317,OnTrack,3861.0,14370.0,1961.0
2026-09-05 14:49:34.216,0 days 01:02:57.612000,41,333.2416666666677,0 days 00:00:26.112000,11638.0,298.0,7,100.0,False,0,car,1822.5205555555551,0.3152973221174417,OnTrack,3976.775524035049,14380.431151221906,1961.781449333835
2026-09-05 14:49:34.416,0 days 01:02:57.812000,41,323.5194444444453,0 days 00:00:26.312000,11716.0,297.0,7,100.0,False,0,car,1839.0205555555553,0.31815183357909815,OnTrack,4132.953605225262,14393.841353946395,1962.9818299662095
2026-09-05 14:49:34.419,0 days 01:02:57.815000,41,323.3769414044453,0 days 00:00:26.315000,11716.1031272,297.0187504,7,100.0,False,0,pos,1839.2686267678914,0.318194750071154,OnTrack,4135.0,14394.0,1963.0
2026-09-05 14:49:34.560,0 days 01:02:57.956000,41,316.67944444444527,0 days 00:00:26.456000,11720.95,297.9,7,100.0,False,0,pos,1850.9629591696264,0.3202178777000735,OnTrack,4245.0,14402.0,1964.0
2026-09-05 14:49:34.720,0 days 01:02:58.116000,41,309.07944444444524,0 days 00:00:26.616000,11726.45,298.9,7,100.0,False,0,pos,1864.2692128892043,0.3225198688366943,OnTrack,4502.0,14421.0,1966.0
2026-09-05 14:49:34.736,0 days 01:02:58.132000,41,308.31944444444525,0 days 00:00:26.632000,11727.0,299.0,7,100.0,False,0,car,1865.5983333333331,0.3227498075967966,OnTrack,4523.244899471705,14422.557002472211,1966.1603229238808
2026-09-05 14:49:34.976,0 days 01:02:58.372000,41,297.7861111111122,0 days 00:00:26.872000,11786.0,299.0,7,100.0,False,0,car,1885.5316666666663,0.3261982881100704,OnTrack,4653.478328294878,14431.37852302884,1967.0135949705261
2026-09-05 14:49:35.119,0 days 01:02:58.515000,41,291.78805150500614,0 days 00:00:27.015000,11803.811399928574,300.01779428163286,7,100.0,False,0,pos,1897.476477212538,0.3282647486319191,OnTrack,4718.0,14435.0,1967.0
2026-09-05 14:49:35.257,0 days 01:02:58.653000,41,285.99972222222345,0 days 00:00:27.153000,11821.0,301.0,7,100.0,False,0,car,1909.0263888888885,0.330262891375026,OnTrack,4833.259302333516,14441.903796173745,1966.999791771331
2026-09-05 14:49:35.279,0 days 01:02:58.675000,41,285.1319393955568,0 days 00:00:27.175000,11823.8875168,301.0,7,100.0,False,0,pos,1910.8664086186498,0.3305812160664368,OnTrack,4852.0,14443.0,1967.0
2026-09-05 14:49:35.417,0 days 01:02:58.813000,41,279.6886111111123,0 days 00:00:27.313000,11842.0,301.0,7,100.0,False,0,car,1922.4041666666662,0.33257725622339934,OnTrack,4958.886903187245,14448.933116909926,1967.000106410436
2026-09-05 14:49:35.577,0 days 01:02:58.973000,41,273.6886111111123,0 days 00:00:27.473000,11841.0,301.0,7,100.0,False,0,car,1935.781944444444,0.3348916210717726,OnTrack,5085.467093937335,14455.037306938073,1966.9993859607814
2026-09-05 14:49:35.639,0 days 01:02:59.035000,41,271.65638469333453,0 days 00:00:27.535000,11814.18494464,300.68999936,7,100.0,False,0,pos,1940.9535598227758,0.3357863141246652,OnTrack,5152.0,14458.0,1967.0
2026-09-05 14:49:35.859,0 days 01:02:59.255000,41,264.4452735822235,0 days 00:00:27.755000,11719.03494464,299.58999936,7,100.0,False,0,pos,1959.2354124814829,0.33894908733403445,OnTrack,5436.0,14470.0,1967.0
2026-09-05 14:49:35.977,0 days 01:02:59.373000,41,260.57750000000124,0 days 00:00:27.873000,11668.0,299.0,7,100.0,False,0,car,1969.0041666666664,0.3406390885938957,OnTrack,5541.711194999806,14474.250347343364,1966.9846453837115
2026-09-05 14:49:36.137,0 days 01:02:59.533000,41,255.55527777777866,0 days 00:00:28.033000,11636.0,297.0,7,100.0,False,0,car,1982.2041666666664,0.3429226977632209,OnTrack,5621.499252088152,14477.144452956545,1966.954788011962
2026-09-05 14:49:36.279,0 days 01:02:59.675000,41,251.65027425777862,0 days 00:00:28.175000,11536.5999104,294.46428342857143,7,100.0,False,0,pos,1993.8367220528394,0.34493513792553504,OnTrack,5700.0,14480.0,1967.0
2026-09-05 14:49:36.417,0 days 01:02:59.813000,41,247.8552777777786,0 days 00:00:28.313000,11440.0,292.0,7,100.0,True,0,car,2004.9152777777774,0.34685173576162204,OnTrack,5798.315011539912,14483.702192716084,1967.1261599946981
2026-09-05 14:49:36.617,0 days 01:03:00.013000,41,243.74416666666707,0 days 00:00:28.513000,10903.0,275.0,7,9.0,True,0,car,2020.1930555555555,0.34949480192982246,OnTrack,5954.654991023583,14489.475767560416,1967.0682358848085
2026-09-05 14:49:36.639,0 days 01:03:00.035000,41,243.49360965333375,0 days 00:00:28.535000,10764.3991936,271.58998016,7,8.55999744,True,0,pos,2021.776270365394,0.3497686991916981,OnTrack,5970.0,14490.0,1967.0
2026-09-05 14:49:36.817,0 days 01:03:00.213000,41,241.46638888888947,0 days 00:00:28.713000,9643.0,244.0,7,5.0,True,0,car,2033.748611111111,0.3518399224572439,OnTrack,6087.597509713077,14493.77316126991,1966.1239662284029
2026-09-05 14:49:36.859,0 days 01:03:00.255000,41,241.6297227200006,0 days 00:00:28.755000,9684.58012672,239.06498496,7,5.0,True,0,pos,2036.3458850693964,0.35228925265621275,OnTrack,6123.0,14495.0,1966.0
2026-09-05 14:49:37.039,0 days 01:03:00.435000,41,242.32972272000063,0 days 00:00:28.935000,9862.78012672,217.91498496,7,5.0,True,0,pos,2046.4888478005566,0.3540439922544705,OnTrack,6305.0,14502.0,1966.0
2026-09-05 14:49:37.217,0 days 01:03:00.613000,41,243.02194444444513,0 days 00:00:29.113000,10039.0,197.0,7,5.0,True,0,car,2055.6375,0.35562671544004737,OnTrack,6400.586200733463,14507.451316815757,1965.66472547968
2026-09-05 14:49:37.417,0 days 01:03:00.813000,41,245.13305555555644,0 days 00:00:29.313000,10525.0,175.0,7,5.0,True,0,car,2065.359722222222,0.3573086666379931,OnTrack,6440.4618521388375,14513.273105290285,1965.0587164186252
2026-09-05 14:49:37.479,0 days 01:03:00.875000,41,246.1147242488896,0 days 00:00:29.375000,10742.62044928,170.3499904,7,4.68999936,True,0,pos,2068.207046471128,0.35780125571093574,OnTrack,6464.0,14516.0,1965.0
2026-09-05 14:49:37.539,0 days 01:03:00.935000,41,247.0647242488894,0 days 00:00:29.435000,10953.22044928,165.8499904,7,4.38999936,True,0,pos,2070.881959423965,0.35826401750989384,OnTrack,6491.0,14519.0,1965.0
2026-09-05 14:49:37.617,0 days 01:03:01.013000,41,248.2997222222225,0 days 00:00:29.513000,11227.0,160.0,5,4.0,True,0,car,2074.248611111111,0.35884645059040066,OnTrack,6519.185758270858,14522.71407507697,1965.031822628404
2026-09-05 14:49:37.777,0 days 01:03:01.173000,41,251.54416666666702,0 days 00:00:29.673000,10689.0,147.0,3,4.0,True,0,car,2080.7819444444444,0.3599767217954202,OnTrack,6550.193870793207,14529.790485295034,1965.1445437155653
2026-09-05 14:49:37.899,0 days 01:03:01.295000,41,254.62805879111144,0 days 00:00:29.795000,10873.694638222221,142.25555057777777,3,3.6611107555555553,True,0,pos,2085.4745245258723,0.3607885414091884,OnTrack,6579.0,14538.0,1965.0
2026-09-05 14:49:38.137,0 days 01:03:01.533000,41,260.64416666666693,0 days 00:00:30.033000,11234.0,133.0,2,3.0,True,0,car,2094.0819444444446,0.3622776310342099,OnTrack,6664.29242589865,14562.763942947173,1964.0103282521727
2026-09-05 14:49:38.139,0 days 01:03:01.535000,41,260.7008369600003,0 days 00:00:30.035000,11228.36963968,132.90999424,2,3.0,True,0,pos,2094.152456005105,0.3622898295831847,OnTrack,6665.0,14563.0,1964.0
2026-09-05 14:49:38.337,0 days 01:03:01.733000,41,266.3108333333339,0 days 00:00:30.233000,10671.0,124.0,2,3.0,True,0,car,2100.9708333333333,0.3634694135973257,OnTrack,6728.586079752945,14587.998694563948,1963.0443025247016
2026-09-05 14:49:38.359,0 days 01:03:01.755000,41,266.9891706133339,0 days 00:00:30.255000,10581.2119776,123.0374944,2,3.0,True,0,pos,2101.7030424461245,0.36359608628246465,OnTrack,6735.0,14591.0,1963.0
2026-09-05 14:49:38.479,0 days 01:03:01.875000,41,270.68917061333394,0 days 00:00:30.375000,10091.4619776,117.7874944,2,3.0,True,0,pos,2105.6000766819616,0.364270275912323,OnTrack,6768.0,14608.0,1963.0
2026-09-05 14:49:38.497,0 days 01:03:01.893000,41,271.2441666666673,0 days 00:00:30.393000,10018.0,117.0,2,3.0,True,0,car,2106.170833333333,0.36436901720948406,OnTrack,6772.680866216567,14610.561573406678,1963.0052637854174
2026-09-05 14:49:38.739,0 days 01:03:02.135000,41,279.5797266311118,0 days 00:00:30.635000,9828.63489984,111.55499712,2,15.1000064,True,0,pos,2113.5083142798667,0.365638406510185,OnTrack,6832.0,14651.0,1963.0
2026-09-05 14:49:38.897,0 days 01:03:02.293000,41,285.0219444444451,0 days 00:00:30.793000,9705.0,108.0,2,23.0,False,0,car,2118.170833333333,0.3664450255452342,OnTrack,6872.318986476571,14695.7672490499,1963.0504951134023
2026-09-05 14:49:38.939,0 days 01:03:02.335000,41,286.5036156266674,0 days 00:00:30.835000,9697.6499776,107.78999936,2,26.570010879999998,False,0,pos,2119.4138158729315,0.3666600623880174,OnTrack,6881.0,14707.0,1963.0
2026-09-05 14:49:39.097,0 days 01:03:02.493000,41,292.0775000000008,0 days 00:00:30.993000,9670.0,107.0,2,40.0,False,0,car,2124.1152777777775,0.3674734185634067,OnTrack,6901.416877654401,14740.125104237262,1962.427402219019
2026-09-05 14:49:39.239,0 days 01:03:02.635000,41,297.04750448000044,0 days 00:00:31.135000,9971.04027136,109.13000192,2,52.07001088,False,0,pos,2128.414989576077,0.3682172716912894,OnTrack,6915.0,14771.0,1962.0
2026-09-05 14:49:39.297,0 days 01:03:02.693000,41,299.0775000000003,0 days 00:00:31.193000,10094.0,110.0,2,57.0,False,0,car,2130.226388888889,0.3685306450306869,OnTrack,6922.148714016589,14787.224857542058,1961.998132676079
2026-09-05 14:49:39.459,0 days 01:03:02.855000,41,304.162504017778,0 days 00:00:31.355000,10309.6626704,114.5562536,2,52.4437464,False,0,pos,2135.5159079168716,0.3694457354968704,OnTrack,6946.0,14838.0,1962.0
2026-09-05 14:49:39.617,0 days 01:03:03.013000,41,309.1219444444446,0 days 00:00:31.513000,10520.0,119.0,2,48.0,False,0,car,2140.804166666667,0.3703606079340519,OnTrack,6972.6271455477645,14881.476991432923,1961.0087572070547
2026-09-05 14:49:39.619,0 days 01:03:03.015000,41,309.1797259200001,0 days 00:00:31.515000,10524.62029568,119.01000064,2,48.03000192,False,0,pos,2140.870712702992,0.37037212044456214,OnTrack,6973.0,14882.0,1961.0
2026-09-05 14:49:39.817,0 days 01:03:03.213000,41,314.89972222222286,0 days 00:00:31.713000,10982.0,120.0,2,51.0,False,0,car,2147.4708333333333,0.37151394589835746,OnTrack,7014.964168302659,14931.254335587351,1960.9608412832679
2026-09-05 14:49:39.859,0 days 01:03:03.255000,41,315.9497254222229,0 days 00:00:31.755000,11053.4002176,120.90000274285714,2,51.90000274285714,False,0,pos,2148.90800224416,0.37176257711825395,OnTrack,7025.0,14941.0,1961.0
2026-09-05 14:49:40.097,0 days 01:03:03.493000,41,321.8997222222233,0 days 00:00:31.993000,11458.0,126.0,2,57.0,False,0,car,2157.270833333333,0.37320935270588673,OnTrack,7088.426805972513,14991.603472932458,1961.0003565430004
2026-09-05 14:49:40.099,0 days 01:03:03.495000,41,321.94528069333444,0 days 00:00:31.995000,11454.7935448,126.0062504,2,57.0187512,False,0,pos,2157.341244274065,0.37322153384754403,OnTrack,7089.0,14992.0,1961.0
2026-09-05 14:49:40.359,0 days 01:03:03.755000,41,327.86750291555654,0 days 00:00:32.255000,11037.9810448,126.8187504,2,59.4562512,False,0,pos,2166.4858406256103,0.3748035553686172,OnTrack,7167.0,15039.0,1961.0
2026-09-05 14:49:40.417,0 days 01:03:03.813000,41,329.1886111111121,0 days 00:00:32.313000,10945.0,127.0,2,60.0,False,0,car,2168.5597222222223,0.3751623383254443,OnTrack,7184.305002382595,15047.794426863735,1961.0216940666317
2026-09-05 14:49:40.519,0 days 01:03:03.915000,41,331.2852804088898,0 days 00:00:32.415000,10587.999552,129.5500032,2,68.2875104,False,0,pos,2172.254587287586,0.375801552548375,OnTrack,7219.0,15063.0,1961.0
2026-09-05 14:49:40.577,0 days 01:03:03.973000,41,332.4775000000009,0 days 00:00:32.473000,10385.0,131.0,3,73.0,False,0,car,2174.3819444444443,0.3761695868142712,OnTrack,7245.083416191195,15072.660766486826,1960.884835525307
2026-09-05 14:49:40.736,0 days 01:03:04.132000,41,335.30416666666724,0 days 00:00:32.632000,10772.0,135.0,3,81.0,False,0,car,2180.3444444444444,0.3772011034560971,OnTrack,7333.1495757758785,15101.071257190415,1960.2548726504142
2026-09-05 14:49:40.799,0 days 01:03:04.195000,41,336.2841676622227,0 days 00:00:32.695000,10955.4876864,137.88750293333334,3,85.98750506666667,False,0,pos,2182.808525283585,0.377627391152932,OnTrack,7363.0,15110.0,1960.0
2026-09-05 14:49:40.976,0 days 01:03:04.372000,41,339.03750000000036,0 days 00:00:32.872000,11471.0,146.0,3,100.0,False,0,car,2190.077777777778,0.3788849768839833,OnTrack,7420.878210320762,15125.192705579399,1959.3787453505379
2026-09-05 14:49:41.220,0 days 01:03:04.616000,41,341.9519444444448,0 days 00:00:33.116000,11703.671428571428,158.2,3,100.0,False,0,pos,2200.87706164352,0.3807532604944343,OnTrack,7486.0,15137.0,1959.0
2026-09-05 14:49:41.256,0 days 01:03:04.652000,41,342.3819444444448,0 days 00:00:33.152000,11738.0,160.0,3,100.0,False,0,car,2202.5222222222224,0.3810378744173538,OnTrack,7500.221153245608,15139.703020842213,1959.0221963772472
2026-09-05 14:49:41.399,0 days 01:03:04.795000,41,343.7325006044447,0 days 00:00:33.295000,11198.685472914285,164.59643062857143,3,100.0,False,0,pos,2209.1594660765354,0.38218612221468384,OnTrack,7565.0,15152.0,1959.0
2026-09-05 14:49:41.536,0 days 01:03:04.932000,41,345.02638888888896,0 days 00:00:33.432000,10682.0,169.0,4,100.0,False,0,car,2215.666666666667,0.38331187243697645,OnTrack,7628.2478282100665,15163.172366923898,1958.1010069399942
2026-09-05 14:49:41.559,0 days 01:03:04.955000,41,345.23722287602016,0 days 00:00:33.455000,10731.66184554407,169.80099750877534,4,100.0,False,0,pos,2216.7729141207456,0.3835032540149823,OnTrack,7639.0,15165.0,1958.0
2026-09-05 14:49:41.737,0 days 01:03:05.133000,41,346.8688888888887,0 days 00:00:33.633000,11116.0,176.0,4,100.0,False,0,car,2225.493333333334,0.385011892596363,OnTrack,7723.881675360289,15179.227744302749,1958.0776835245517
2026-09-05 14:49:41.779,0 days 01:03:05.175000,41,347.1838898488888,0 days 00:00:33.675000,11205.400272457144,177.50000457142858,4,100.0,False,0,pos,2227.604924236701,0.3853771992894534,OnTrack,7744.0,15183.0,1958.0
2026-09-05 14:49:41.939,0 days 01:03:05.335000,41,348.38388984888894,0 days 00:00:33.835000,11545.971701028571,183.2142902857143,4,100.0,False,0,pos,2235.845135882295,0.38680276162816996,OnTrack,7823.0,15200.0,1957.0
2026-09-05 14:49:42.017,0 days 01:03:05.413000,41,348.96888888888907,0 days 00:00:33.913000,11712.0,186.0,4,100.0,False,0,car,2239.96,0.3875146359789061,OnTrack,7867.833148478222,15210.570639241623,1956.5558303673097
2026-09-05 14:49:42.139,0 days 01:03:05.535000,41,349.61277845333336,0 days 00:00:34.035000,11784.691742933333,190.5750048,4,100.0,False,0,pos,2246.5167477913137,0.388648957901421,OnTrack,7941.0,15229.0,1956.0
2026-09-05 14:49:42.257,0 days 01:03:05.653000,41,350.2355555555555,0 days 00:00:34.153000,11855.0,195.0,4,100.0,False,0,car,2252.96,0.3897636450093021,OnTrack,8003.935734534624,15246.792524313509,1955.5032687661671
2026-09-05 14:49:42.459,0 days 01:03:05.855000,41,351.4700007822222,0 days 00:00:34.355000,10807.9660032,199.208336,4,100.0,False,0,pos,2264.152205381915,0.3916999043149924,OnTrack,8106.0,15279.0,1955.0
2026-09-05 14:49:42.497,0 days 01:03:05.893000,41,351.7022222222222,0 days 00:00:34.393000,10611.0,200.0,4,100.0,False,0,car,2266.2933333333335,0.3920703209379134,OnTrack,8126.903259769786,15285.653166068281,1955.0003140629383
2026-09-05 14:49:42.499,0 days 01:03:05.895000,41,351.71111168,0 days 00:00:34.395000,10612.687608,200.0500032,4,100.0,False,0,pos,2266.4064004269794,0.3920898816236557,OnTrack,8128.0,15286.0,1955.0
2026-09-05 14:49:42.817,0 days 01:03:06.213000,41,353.1244444444442,0 days 00:00:34.713000,10881.0,208.0,5,100.0,False,0,car,2284.7822222222226,0.395268911558921,OnTrack,8299.413301690822,15337.767233884302,1954.0999942255016
2026-09-05 14:49:42.839,0 days 01:03:06.235000,41,353.20388935111094,0 days 00:00:34.735000,10903.9626336,208.5500032,5,100.0,False,0,pos,2286.072361457401,0.39549210654279676,OnTrack,8313.0,15342.0,1954.0
2026-09-05 14:49:42.977,0 days 01:03:06.373000,41,353.70222222222264,0 days 00:00:34.873000,11048.0,212.0,5,100.0,False,0,car,2294.2044444444446,0.39689896254847296,OnTrack,8405.623086376794,15371.63319455894,1953.3106437283911
2026-09-05 14:49:43.059,0 days 01:03:06.455000,41,353.9755559822224,0 days 00:00:34.955000,11078.750048,213.0250016,5,100.0,False,0,pos,2299.064814704644,0.3977398099797234,OnTrack,8458.0,15389.0,1953.0
2026-09-05 14:49:43.137,0 days 01:03:06.533000,41,354.2355555555555,0 days 00:00:35.033000,11108.0,214.0,5,100.0,False,0,car,2303.715555555556,0.39854439137754905,OnTrack,8501.740839747428,15404.008105092937,1952.8459272923317
2026-09-05 14:49:43.417,0 days 01:03:06.813000,41,355.0133333333333,0 days 00:00:35.313000,11285.0,218.0,5,100.0,False,0,car,2320.6711111111117,0.4014777142667664,OnTrack,8636.892458208153,15453.592785784282,1952.999153488283
2026-09-05 14:49:43.419,0 days 01:03:06.815000,41,355.01888924444444,0 days 00:00:35.315000,11286.7063592,218.0250016,5,100.0,False,0,pos,2320.79330009625,0.4014988530460734,OnTrack,8638.0,15454.0,1953.0
2026-09-05 14:49:43.499,0 days 01:03:06.895000,41,355.2411114666667,0 days 00:00:35.395000,11354.9563592,219.0250016,5,100.0,False,0,pos,2325.690937353666,0.4023461476937298,OnTrack,8684.0,15471.0,1953.0
2026-09-05 14:49:43.737,0 days 01:03:07.133000,41,355.90222222222246,0 days 00:00:35.633000,11558.0,222.0,5,100.0,False,0,car,2340.4044444444453,0.4048915946411111,OnTrack,8819.355441486145,15525.023234473914,1952.1146832574016
2026-09-05 14:49:43.759,0 days 01:03:07.155000,41,355.95111139555576,0 days 00:00:35.655000,11573.6063408,222.343752,5,100.0,False,0,pos,2341.7782525232515,0.4051292643930546,OnTrack,8832.0,15530.0,1952.0
2026-09-05 14:49:43.939,0 days 01:03:07.335000,41,356.35111139555556,0 days 00:00:35.835000,11701.293840799999,225.156252,5,100.0,False,0,pos,2353.1060280927336,0.4070889774353672,OnTrack,8937.0,15570.0,1951.0
2026-09-05 14:49:44.057,0 days 01:03:07.453000,41,356.61333333333323,0 days 00:00:35.953000,11785.0,227.0,5,100.0,False,0,car,2360.582222222223,0.40838236421307617,OnTrack,9005.941949795644,15595.934278128369,1950.3691431181326
2026-09-05 14:49:44.159,0 days 01:03:07.555000,41,356.8400002844443,0 days 00:00:36.055000,11836.51006464,228.02000128,5,100.0,False,0,pos,2367.063651193191,0.4095036559273514,OnTrack,9066.0,15618.0,1950.0
2026-09-05 14:49:44.257,0 days 01:03:07.653000,41,357.0577777777776,0 days 00:00:36.153000,11886.0,229.0,5,100.0,False,0,car,2373.3044444444454,0.4105833174949594,OnTrack,9124.573473507404,15638.715902171303,1949.912110756204
2026-09-05 14:49:44.399,0 days 01:03:07.795000,41,357.4127780977773,0 days 00:00:36.295000,11919.7250304,229.8875008,5,100.0,False,0,pos,2382.3722215860444,0.4121520492393498,OnTrack,9210.0,15668.0,1950.0
2026-09-05 14:49:44.417,0 days 01:03:07.813000,41,357.4577777777772,0 days 00:00:36.313000,11924.0,230.0,5,100.0,False,0,car,2383.526666666668,0.41235176904022813,OnTrack,9220.76876168643,15671.662279776432,1950.0016747347174
2026-09-05 14:49:44.579,0 days 01:03:07.975000,41,357.68277795555514,0 days 00:00:36.475000,12002.107204571428,231.73571565714286,5,100.0,False,0,pos,2393.9807470008313,0.4141603321999219,OnTrack,9319.0,15705.0,1950.0
2026-09-05 14:49:44.697,0 days 01:03:08.093000,41,357.84666666666635,0 days 00:00:36.593000,12059.0,233.0,5,100.0,False,0,car,2401.6488888888903,0.4154869260731989,OnTrack,9396.895416607791,15731.882449214407,1950.2025436898791
2026-09-05 14:49:44.857,0 days 01:03:08.253000,41,357.8911111111106,0 days 00:00:36.753000,12183.0,235.0,5,100.0,False,0,car,2412.0933333333346,0.41729382221727773,OnTrack,9511.53482821091,15770.6961997633,1950.1373128893226
2026-09-05 14:49:44.879,0 days 01:03:08.275000,41,357.7811104711106,0 days 00:00:36.775000,12189.3250368,235.0687504,5,100.0,False,0,pos,2413.531724836649,0.41754266494652387,OnTrack,9528.0,15776.0,1950.0
2026-09-05 14:49:45.177,0 days 01:03:08.573000,41,356.2911111111107,0 days 00:00:37.073000,12275.0,236.0,5,100.0,False,0,car,2433.0711111111123,0.42092299234495945,OnTrack,9754.564391052083,15843.63367366727,1945.74244169497
2026-09-05 14:49:45.239,0 days 01:03:08.635000,41,355.77444337777735,0 days 00:00:37.135000,12266.807125942858,236.0,5,80.51424548571428,False,0,pos,2437.158035041926,0.42163003302395485,OnTrack,9791.0,15854.0,1945.0
2026-09-05 14:49:45.457,0 days 01:03:08.853000,41,353.9577777777772,0 days 00:00:37.353000,12238.0,236.0,5,12.0,True,0,car,2451.426666666668,0.424098516206681,OnTrack,9873.253893367912,15876.271577387288,1943.8229141452948
2026-09-05 14:49:45.639,0 days 01:03:09.035000,41,352.3905544533328,0 days 00:00:37.535000,11797.063326254545,229.79545018181818,5,13.654546618181818,True,0,pos,2462.8372430480285,0.42607255384696574,OnTrack,9967.0,15881.0,1943.0
2026-09-05 14:49:45.859,0 days 01:03:09.255000,41,350.4961100088884,0 days 00:00:37.755000,11264.063326254545,222.29545018181818,5,15.654546618181818,True,0,pos,2476.1562729639177,0.42837675527442337,OnTrack,10163.0,15874.0,1941.0
2026-09-05 14:49:45.897,0 days 01:03:09.293000,41,350.16888888888843,0 days 00:00:37.793000,11172.0,221.0,5,16.0,True,0,car,2478.437777777779,0.4287714571920593,OnTrack,10189.841574053555,15871.888831847886,1940.7600772392327
2026-09-05 14:49:46.257,0 days 01:03:09.653000,41,347.46888888888816,0 days 00:00:38.153000,10846.0,213.0,5,25.0,False,0,car,2499.7377777777792,0.4324563719880158,OnTrack,10334.076277864327,15833.382641969201,1940.006807896962
2026-09-05 14:49:46.259,0 days 01:03:09.655000,41,347.45722147555483,0 days 00:00:38.155000,10846.291685333334,212.9499968,5,25.358356266666668,False,0,pos,2499.853864510811,0.43247645507346943,OnTrack,10335.0,15833.0,1940.0
2026-09-05 14:49:46.459,0 days 01:03:09.855000,41,346.2905548088881,0 days 00:00:38.355000,10875.458352,207.9499968,5,61.1916896,False,0,pos,2511.3526032575505,0.4344657448642064,OnTrack,10441.0,15785.0,1939.0
2026-09-05 14:49:46.497,0 days 01:03:09.893000,41,346.06888888888807,0 days 00:00:38.393000,10881.0,207.0,5,68.0,False,0,car,2513.5377777777794,0.43484378157412845,OnTrack,10460.40683770435,15774.330044842367,1938.7618786303742
2026-09-05 14:49:46.619,0 days 01:03:10.015000,41,345.39111039999966,0 days 00:00:38.515000,10890.1500096,207.7625008,5,70.2875024,False,0,pos,2520.581947218071,0.4360624277805019,OnTrack,10519.0,15737.0,1938.0
2026-09-05 14:49:46.657,0 days 01:03:10.053000,41,345.17999999999984,0 days 00:00:38.553000,10893.0,208.0,5,71.0,False,0,car,2522.7822222222235,0.4364430768846322,OnTrack,10536.664758854567,15724.274340526123,1937.8115744624567
2026-09-05 14:49:46.857,0 days 01:03:10.253000,41,344.1244444444437,0 days 00:00:38.753000,10967.0,209.0,5,79.0,False,0,car,2534.393333333335,0.43845180717246457,OnTrack,10624.955627430309,15649.01362156936,1937.0914218946684
2026-09-05 14:49:46.879,0 days 01:03:10.275000,41,344.0755552711104,0 days 00:00:38.775000,10972.814319542857,209.0785718857143,5,79.15714377142857,False,0,pos,2535.6720744506965,0.4386730302740404,OnTrack,10634.0,15640.0,1937.0
2026-09-05 14:49:47.099,0 days 01:03:10.495000,41,343.5866663822215,0 days 00:00:38.995000,11030.957176685713,209.86428617142857,5,80.72857234285715,False,0,pos,2548.4931049656484,0.44089107745920264,OnTrack,10716.0,15543.0,1936.0
2026-09-05 14:49:47.137,0 days 01:03:10.533000,41,343.50222222222146,0 days 00:00:39.033000,11041.0,210.0,5,81.0,False,0,car,2550.7266666666683,0.44127748518501336,OnTrack,10728.393335502305,15525.309305764846,1935.8997935056134
2026-09-05 14:49:47.337,0 days 01:03:10.733000,41,343.3355555555554,0 days 00:00:39.233000,11191.0,213.0,5,89.0,False,0,car,2562.5600000000013,0.44332466007165583,OnTrack,10786.773751263361,15423.30454306643,1935.9296574040602
2026-09-05 14:49:47.359,0 days 01:03:10.755000,41,343.3783335707668,0 days 00:00:39.255000,11187.594123355548,212.9079492798797,5,90.0125579213234,False,0,pos,2563.8580681593216,0.4435492267649159,OnTrack,10793.0,15410.0,1936.0
2026-09-05 14:49:47.559,0 days 01:03:10.955000,41,343.76722235551756,0 days 00:00:39.455000,11156.631788550483,212.07112942028334,5,99.21757637688331,False,0,pos,2575.628081047003,0.4455854471704754,OnTrack,10846.0,15277.0,1937.0
2026-09-05 14:49:47.576,0 days 01:03:10.972000,41,343.80027777777696,0 days 00:00:39.472000,11154.0,212.0,5,100.0,False,0,car,2576.634444444446,0.4457595487372991,OnTrack,10849.526885721523,15266.800643754548,1937.0588423983372
2026-09-05 14:49:47.880,0 days 01:03:11.276000,41,345.0669444444435,0 days 00:00:39.776000,11310.56,215.04,5,100.0,False,0,pos,2594.84995174343,0.44891084415334986,OnTrack,10888.0,15115.0,1937.0
2026-09-05 14:49:47.976,0 days 01:03:11.372000,41,345.46694444444347,0 days 00:00:39.872000,11360.0,216.0,5,100.0,False,0,car,2600.634444444446,0.4499115654087994,OnTrack,10897.970148835437,15060.306912230924,1936.7208462985293
2026-09-05 14:49:48.139,0 days 01:03:11.535000,41,346.4177781511102,0 days 00:00:40.035000,11421.804190933333,216.67916693333333,5,100.0,False,0,pos,2610.4571313296806,0.4516108970632335,OnTrack,10914.0,14960.0,1936.0
2026-09-05 14:49:48.216,0 days 01:03:11.612000,41,346.86694444444356,0 days 00:00:40.112000,11451.0,217.0,5,100.0,False,0,car,2615.101111111113,0.45241430879134265,OnTrack,10920.567489822955,14913.254300006221,1935.539756382227
2026-09-05 14:49:48.419,0 days 01:03:11.815000,41,348.44583419071483,0 days 00:00:40.315000,11439.441274862069,217.72242032112064,5,100.0,False,0,pos,2627.369731613097,0.4545367886605321,OnTrack,10935.0,14791.0,1935.0
2026-09-05 14:49:48.497,0 days 01:03:11.893000,41,349.0524999999989,0 days 00:00:40.393000,11435.0,218.0,5,100.0,False,0,car,2632.117222222224,0.4553581078337357,OnTrack,10939.63312839799,14743.382051728067,1935.7262967650368
2026-09-05 14:49:48.559,0 days 01:03:11.955000,41,349.53472321777684,0 days 00:00:40.455000,11461.7375552,219.1625024,5,100.0,False,0,pos,2635.9096695552134,0.45601420385675057,OnTrack,10943.0,14706.0,1936.0
2026-09-05 14:49:48.657,0 days 01:03:12.053000,41,350.29694444444385,0 days 00:00:40.553000,11504.0,221.0,5,100.0,False,0,car,2641.939444444446,0.457057359101146,OnTrack,10947.828992204115,14648.644379383435,1934.886750030611
2026-09-05 14:49:48.719,0 days 01:03:12.115000,41,350.86527895111055,0 days 00:00:40.615000,11528.972273777777,221.68889031111112,5,100.0,False,0,pos,2645.7777237242217,0.4577213840827919,OnTrack,10951.0,14609.0,1934.0
2026-09-05 14:49:48.999,0 days 01:03:12.395000,41,353.43194561777733,0 days 00:00:40.895000,11641.750051555555,224.8000014222222,5,100.0,False,0,pos,2663.3056402823204,0.4607537258230374,OnTrack,10967.0,14398.0,1933.0
2026-09-05 14:49:49.017,0 days 01:03:12.413000,41,353.59694444444403,0 days 00:00:40.913000,11649.0,225.0,5,100.0,False,0,car,2664.439444444446,0.4609498747306775,OnTrack,10967.756062864599,14387.427314308128,1932.9932705423994
2026-09-05 14:49:49.279,0 days 01:03:12.675000,41,356.1441679111105,0 days 00:00:41.175000,11817.6625824,227.4562512,5,100.0,False,0,pos,2681.0196146927547,0.46381825570098123,OnTrack,10976.0,14261.0,1933.0
2026-09-05 14:49:49.337,0 days 01:03:12.733000,41,356.7080555555549,0 days 00:00:41.233000,11855.0,228.0,5,100.0,False,0,car,2684.706111111113,0.46445602214216664,OnTrack,10978.739236537182,14218.47585130912,1933.0029378736708
2026-09-05 14:49:49.559,0 days 01:03:12.955000,41,359.17472364444325,0 days 00:00:41.455000,11980.800072533333,229.85000106666666,5,100.0,False,0,pos,2698.881527837811,0.46690837908277966,OnTrack,10992.0,14019.0,1933.0
2026-09-05 14:49:49.577,0 days 01:03:12.973000,41,359.37472222222095,0 days 00:00:41.473000,11991.0,230.0,5,100.0,False,0,car,2700.0394444444464,0.4671086994600696,OnTrack,10993.020363710146,14004.580804611041,1932.999733026012
2026-09-05 14:49:49.737,0 days 01:03:13.133000,41,361.1524999999988,0 days 00:00:41.633000,12029.0,233.0,5,100.0,False,0,car,2710.3950000000023,0.4689002177646244,OnTrack,11001.359793090734,13894.389775198752,1932.9985957865858
2026-09-05 14:49:49.977,0 days 01:03:13.373000,41,364.08583333333263,0 days 00:00:41.873000,12157.0,235.0,5,100.0,False,0,car,2726.0616666666688,0.47161056198074264,OnTrack,11012.219699125439,13772.389485717878,1932.999678527398
2026-09-05 14:49:50.039,0 days 01:03:13.435000,41,364.89527944888806,0 days 00:00:41.935000,12155.708330666666,235.25833386666667,5,100.0,False,0,pos,2730.1215196939734,0.47231291937462644,OnTrack,11015.0,13743.0,1933.0
2026-09-05 14:49:50.217,0 days 01:03:13.613000,41,367.2191666666654,0 days 00:00:42.113000,12152.0,236.0,5,100.0,False,0,car,2741.7950000000023,0.47433243957650395,OnTrack,11022.98283454363,13662.23888241745,1933.0009197337401
2026-09-05 14:49:50.399,0 days 01:03:13.795000,41,369.7975018133322,0 days 00:00:42.295000,12134.70998784,236.0,5,100.0,False,0,pos,2753.7316354311965,0.4763974857978348,OnTrack,11032.0,13573.0,1933.0
2026-09-05 14:49:50.417,0 days 01:03:13.813000,41,370.0524999999989,0 days 00:00:42.313000,12133.0,236.0,5,100.0,False,0,car,2754.9061111111137,0.4766006709063051,OnTrack,11032.986721170539,13563.122694231257,1932.999702656024
2026-09-05 14:49:50.559,0 days 01:03:13.955000,41,372.30083535999876,0 days 00:00:42.455000,12037.1499136,233.86999808,5,100.0,False,0,pos,2764.116424616669,0.4781940615406722,OnTrack,11042.0,13470.0,1933.0
2026-09-05 14:49:50.617,0 days 01:03:14.013000,41,373.2191666666654,0 days 00:00:42.513000,11998.0,233.0,5,100.0,False,0,car,2767.850555555558,0.4788400687869985,OnTrack,11046.974610097963,13415.154561131289,1933.0056399942046
2026-09-05 14:49:50.777,0 days 01:03:14.173000,41,376.0191666666651,0 days 00:00:42.673000,11885.0,230.0,5,100.0,False,0,car,2778.0727777777806,0.4806085203322672,OnTrack,11061.85313070886,13241.82822459167,1933.0008695689671
2026-09-05 14:49:50.779,0 days 01:03:14.175000,41,376.0569468622207,0 days 00:00:42.675000,11876.24944,229.9499968,5,98.8374256,False,0,pos,2778.1999533191997,0.48063052178927473,OnTrack,11062.0,13240.0,1933.0
2026-09-05 14:49:50.937,0 days 01:03:14.333000,41,379.04138888888747,0 days 00:00:42.833000,11185.0,226.0,5,7.0,True,0,car,2788.117222222225,0.4823462161984876,OnTrack,11069.82648199045,13129.864688958187,1932.8591112629326
2026-09-05 14:49:51.177,0 days 01:03:14.573000,41,384.97472222222086,0 days 00:00:43.073000,10592.0,209.0,5,7.0,True,0,car,2802.0505555555583,0.4847566925438864,OnTrack,11068.585462053466,13036.752197348053,1932.2064961062865
2026-09-05 14:49:51.219,0 days 01:03:14.615000,41,386.1413924444431,0 days 00:00:43.115000,10812.500672,207.77499626666668,5,7.350001066666667,True,0,pos,2804.430454371637,0.4851684166922548,OnTrack,11067.0,13017.0,1932.0
2026-09-05 14:49:51.417,0 days 01:03:14.813000,41,391.64138888888783,0 days 00:00:43.313000,11852.0,202.0,5,9.0,True,0,car,2815.517222222225,0.4870864352317838,OnTrack,11054.132738508648,12905.294873265062,1930.6421244894918
2026-09-05 14:49:51.617,0 days 01:03:15.013000,41,397.5858333333322,0 days 00:00:43.513000,11801.0,196.0,4,12.0,True,0,car,2826.4061111111137,0.48897022057348294,OnTrack,11031.200890796847,12786.508331714092,1929.1352173818752
2026-09-05 14:49:51.639,0 days 01:03:15.035000,41,398.2825040533322,0 days 00:00:43.535000,11781.96988928,195.4499968,4,13.21000704,True,0,pos,2827.5872699013594,0.4891745618646825,OnTrack,11028.0,12775.0,1929.0
2026-09-05 14:49:51.817,0 days 01:03:15.213000,41,403.91916666666566,0 days 00:00:43.713000,11628.0,191.0,4,23.0,False,0,car,2837.017222222225,0.49080595016666945,OnTrack,10997.154412164173,12693.328285975276,1928.1302693643884
2026-09-05 14:49:52.057,0 days 01:03:15.453000,41,412.1191666666655,0 days 00:00:43.953000,11448.0,185.0,4,59.0,False,0,car,2849.3505555555585,0.4929396254006349,OnTrack,10944.001825893849,12607.55672804579,1927.8273034056256
2026-09-05 14:49:52.119,0 days 01:03:15.515000,41,414.27194888888766,0 days 00:00:44.015000,11469.7000448,184.68999936,4,62.72000768,False,0,pos,2852.51572834489,0.49348720249186334,OnTrack,10929.0,12587.0,1928.0
2026-09-05 14:49:52.257,0 days 01:03:15.653000,41,419.0636111111098,0 days 00:00:44.153000,11518.0,184.0,4,71.0,False,0,car,2859.5727777777806,0.4947080769459035,OnTrack,10893.84578323034,12543.2401481134,1928.76529652939
2026-09-05 14:49:52.479,0 days 01:03:15.875000,41,426.71028218666515,0 days 00:00:44.375000,11879.5430656,186.3785728,4,80.5142912,False,0,pos,2871.0673637927875,0.49669664831116617,OnTrack,10824.0,12474.0,1930.0
2026-09-05 14:49:52.537,0 days 01:03:15.933000,41,428.708055555554,0 days 00:00:44.433000,11974.0,187.0,4,83.0,False,0,car,2874.1172222222253,0.49722427593803037,OnTrack,10800.738745463,12454.842353902483,1930.012952465462
2026-09-05 14:49:52.579,0 days 01:03:15.975000,41,430.1080598222207,0 days 00:00:44.475000,12011.2751136,188.312504,4,87.4625136,False,0,pos,2876.340159432231,0.4976088456195154,OnTrack,10783.0,12441.0,1930.0
2026-09-05 14:49:52.697,0 days 01:03:16.093000,41,434.04138888888747,0 days 00:00:44.593000,12116.0,192.0,4,100.0,False,0,car,2882.6505555555586,0.4987005485323416,OnTrack,10730.62539476821,12403.356821800995,1930.0751096914164
2026-09-05 14:49:52.819,0 days 01:03:16.215000,41,438.00639304888716,0 days 00:00:44.715000,12025.71990528,195.0500032,4,100.0,False,0,pos,2889.2778200090283,0.4998470698863936,OnTrack,10675.0,12367.0,1930.0
2026-09-05 14:49:52.897,0 days 01:03:16.293000,41,440.541388888887,0 days 00:00:44.793000,11968.0,197.0,4,100.0,False,0,car,2893.595000000003,0.5005939450237433,OnTrack,10640.004137789085,12345.46666147671,1929.6913410026082
2026-09-05 14:49:53.097,0 days 01:03:16.493000,41,446.6524999999983,0 days 00:00:44.993000,11019.0,205.0,5,100.0,False,0,car,2904.983888888892,0.5025642307127655,OnTrack,10543.459029340831,12291.373697788033,1928.2755731975833
2026-09-05 14:49:53.139,0 days 01:03:16.535000,41,447.8658370311094,0 days 00:00:45.035000,11102.58025472,206.26000384,5,100.0,False,0,pos,2907.4149190017893,0.5029848006110017,OnTrack,10518.0,12278.0,1928.0
2026-09-05 14:49:53.297,0 days 01:03:16.693000,41,452.4302777777757,0 days 00:00:45.193000,11417.0,211.0,5,100.0,False,0,car,2916.7061111111143,0.5045921833000029,OnTrack,10407.32628059807,12221.69574836759,1927.1121881485944
2026-09-05 14:49:53.319,0 days 01:03:16.715000,41,452.9802809777757,0 days 00:00:45.215000,11444.150157963637,211.75000436363635,5,100.0,False,0,pos,2918.027842620364,0.5048208437692384,OnTrack,10392.0,12214.0,1927.0
2026-09-05 14:49:53.737,0 days 01:03:17.133000,41,463.4302777777757,0 days 00:00:45.633000,11960.0,226.0,5,100.0,False,0,car,2944.328333333337,0.5093708469321092,OnTrack,10138.756378275773,12087.773113001349,1925.170057198547
2026-09-05 14:49:53.779,0 days 01:03:17.175000,41,464.3752806577758,0 days 00:00:45.675000,11726.199287466667,227.75000533333332,5,100.0,False,0,pos,2947.0515355171115,0.5098419628015632,OnTrack,10114.0,12075.0,1925.0
2026-09-05 14:49:53.977,0 days 01:03:17.373000,41,468.83027777777625,0 days 00:00:45.873000,10624.0,236.0,6,100.0,False,0,car,2960.06166666667,0.5120927245278705,OnTrack,9995.075441310966,12011.96016584117,1924.2189610837734
2026-09-05 14:49:54.119,0 days 01:03:17.515000,41,471.67027983148034,0 days 00:00:46.015000,10788.941623453304,239.55989115366842,6,100.0,False,0,pos,2969.5990408212547,0.5137426968817108,OnTrack,9917.0,11970.0,1924.0
2026-09-05 14:49:54.336,0 days 01:03:17.732000,41,476.0102777777756,0 days 00:00:46.232000,11041.0,245.0,6,100.0,False,0,car,2984.4936111111147,0.5163194678883081,OnTrack,9820.6184426635,11918.469196561682,1924.5891447408271
2026-09-05 14:49:54.480,0 days 01:03:17.876000,41,478.5302777777755,0 days 00:00:46.376000,11207.0,248.6,6,100.0,False,0,pos,2994.5712210116176,0.5180629014014648,OnTrack,9760.0,11886.0,1925.0
2026-09-05 14:49:54.696,0 days 01:03:18.092000,41,482.31027777777535,0 days 00:00:46.592000,11456.0,254.0,6,100.0,False,0,car,3009.8936111111148,0.5207136855323126,OnTrack,9655.513726070836,11829.6597973806,1925.026242245807
2026-09-05 14:49:54.799,0 days 01:03:18.195000,41,483.9983348305005,0 days 00:00:46.695000,11526.518734743564,255.70954508469248,6,100.0,False,0,pos,3017.239778022458,0.5219845775109593,OnTrack,9567.0,11782.0,1925.0
2026-09-05 14:49:54.937,0 days 01:03:18.333000,41,486.2599999999975,0 days 00:00:46.833000,11621.0,258.0,6,100.0,False,0,car,3027.1652777777813,0.5237016958633374,OnTrack,9402.801491161563,11693.718532332683,1925.0178215702574
2026-09-05 14:49:54.959,0 days 01:03:18.355000,41,486.55944618666416,0 days 00:00:46.855000,11614.7666304,258.458336,6,100.0,False,0,pos,3028.762340976241,0.5239779889060642,OnTrack,9381.0,11682.0,1925.0
2026-09-05 14:49:55.299,0 days 01:03:18.695000,41,491.1872239644419,0 days 00:00:47.195000,11518.433297066667,265.54166933333335,6,100.0,False,0,pos,3053.9537600411727,0.5283361219034121,OnTrack,9253.0,11612.0,1924.0
2026-09-05 14:49:55.417,0 days 01:03:18.813000,41,492.7933333333308,0 days 00:00:47.313000,11485.0,268.0,6,100.0,False,0,car,3062.898611111115,0.5298835873520156,OnTrack,9194.963355981745,11578.525462749933,1923.8063789775808
2026-09-05 14:49:55.619,0 days 01:03:19.015000,41,494.98166805333085,0 days 00:00:47.515000,11197.1498176,273.61111466666665,6,100.0,False,0,pos,3078.437244227784,0.5325717816750463,OnTrack,9045.0,11492.0,1924.0
2026-09-05 14:49:55.777,0 days 01:03:19.173000,41,496.6933333333309,0 days 00:00:47.673000,10972.0,278.0,7,100.0,False,0,car,3090.6986111111146,0.53469300666317,OnTrack,8895.161533408007,11406.15044215658,1924.7626198843232
2026-09-05 14:49:55.839,0 days 01:03:19.235000,41,497.31333461333105,0 days 00:00:47.735000,11014.108420266666,278.7750016,7,100.0,False,0,pos,3095.517896552699,0.5355267463922606,OnTrack,8844.0,11377.0,1925.0
2026-09-05 14:49:56.017,0 days 01:03:19.413000,41,499.09333333333143,0 days 00:00:47.913000,11135.0,281.0,7,100.0,False,0,car,3109.4319444444477,0.5379338863428688,OnTrack,8747.833960946557,11322.945747226315,1925.1174238162498
2026-09-05 14:49:56.159,0 days 01:03:19.555000,41,500.2372232533309,0 days 00:00:48.055000,11253.33344,284.5500032,7,100.0,False,0,pos,3120.715535596652,0.5398859554502997,OnTrack,8680.0,11285.0,1925.0
2026-09-05 14:49:56.257,0 days 01:03:19.653000,41,501.0266666666639,0 days 00:00:48.153000,11335.0,287.0,7,100.0,False,0,car,3128.5652777777814,0.541243966300426,OnTrack,8618.476293259348,11250.203724354753,1924.9763153482327
2026-09-05 14:49:56.439,0 days 01:03:19.835000,41,502.3411120355527,0 days 00:00:48.335000,11428.73006592,289.73000192,7,100.0,False,0,pos,3143.2206427229225,0.5437793546162238,OnTrack,8486.0,11176.0,1925.0
2026-09-05 14:49:56.457,0 days 01:03:19.853000,41,502.47111111110826,0 days 00:00:48.353000,11438.0,290.0,7,100.0,False,0,car,3144.6763888888927,0.5440311997141647,OnTrack,8473.032589056113,11168.92873736597,1925.001229539249
2026-09-05 14:49:56.519,0 days 01:03:19.915000,41,502.85000078221935,0 days 00:00:48.415000,11467.4500608,290.6888903111111,7,100.0,False,0,pos,3149.699941758619,0.5449002778502174,OnTrack,8429.0,11145.0,1925.0
2026-09-05 14:49:56.799,0 days 01:03:20.195000,41,504.5611118933303,0 days 00:00:48.695000,11600.4500608,293.80000142222224,7,100.0,False,0,pos,3172.5906183149386,0.5488603807953739,OnTrack,8231.0,11032.0,1925.0
2026-09-05 14:49:56.817,0 days 01:03:20.213000,41,504.6711111111081,0 days 00:00:48.713000,11609.0,294.0,7,100.0,False,0,car,3174.076388888893,0.5491174201367525,OnTrack,8214.91111300804,11022.741908383596,1925.036547758777
2026-09-05 14:49:57.059,0 days 01:03:20.455000,41,505.6794449777747,0 days 00:00:48.955000,11750.838963911112,298.03333546666664,7,100.0,False,0,pos,3194.217153710431,0.5526017864415771,OnTrack,7974.0,10884.0,1926.0
2026-09-05 14:49:57.177,0 days 01:03:20.573000,41,506.1711111111081,0 days 00:00:49.073000,11820.0,300.0,7,100.0,False,0,car,3204.076388888893,0.5543074409761278,OnTrack,7886.694392943763,10832.615127842339,1926.5876845841954
2026-09-05 14:49:57.417,0 days 01:03:20.813000,41,507.104444444441,0 days 00:00:49.313000,11284.0,301.0,7,100.0,False,0,car,3224.14305555556,0.5577789882486879,OnTrack,7771.1712656069485,10761.323639251264,1927.756460397227
2026-09-05 14:49:57.499,0 days 01:03:20.895000,41,507.30944476444097,0 days 00:00:49.395000,11201.684486892307,301.78846276923076,7,100.0,False,0,pos,3231.0424063235455,0.5589725807241547,OnTrack,7731.0,10736.0,1928.0
2026-09-05 14:49:57.719,0 days 01:03:21.115000,41,507.85944476444087,0 days 00:00:49.615000,10980.838333046155,303.9038473846154,7,100.0,False,0,pos,3249.6892998807402,0.5621985062625363,OnTrack,7577.0,10633.0,1928.0
2026-09-05 14:49:57.879,0 days 01:03:21.275000,41,508.2594447644408,0 days 00:00:49.775000,10820.22294843077,305.44230892307695,7,100.0,False,0,pos,3263.3639729503593,0.5645642342026355,OnTrack,7346.0,10464.0,1927.0
2026-09-05 14:49:57.937,0 days 01:03:21.333000,41,508.40444444444074,0 days 00:00:49.833000,10762.0,306.0,8,100.0,False,0,car,3268.3430555555597,0.5654256189520341,OnTrack,7286.454508843707,10419.122071470152,1926.7097945610549
2026-09-05 14:49:58.239,0 days 01:03:21.635000,41,508.48833336888526,0 days 00:00:50.135000,10865.812544,310.718752,8,100.0,False,0,pos,3294.428835870499,0.5699384770668976,OnTrack,7173.0,10322.0,1925.0
2026-09-05 14:49:58.257,0 days 01:03:21.653000,41,508.4933333333297,0 days 00:00:50.153000,10872.0,311.0,8,100.0,False,0,car,3295.9875000000043,0.5702081270440216,OnTrack,7163.8522428853485,10314.381037045478,1924.741085312661
2026-09-05 14:49:58.497,0 days 01:03:21.893000,41,508.1599999999962,0 days 00:00:50.393000,10916.0,312.0,8,100.0,False,0,car,3316.7875000000045,0.5738065414926551,OnTrack,6999.368420685027,10181.121946322302,1921.005018593408
2026-09-05 14:49:58.499,0 days 01:03:21.895000,41,508.13777635555175,0 days 00:00:50.395000,10916.4250272,312.0062504,8,100.0,False,0,pos,3316.960975216055,0.5738365528255356,OnTrack,6998.0,10180.0,1921.0
2026-09-05 14:49:58.559,0 days 01:03:21.955000,41,507.4711096888852,0 days 00:00:50.455000,10929.1750272,312.1937504,8,100.0,False,0,pos,3322.1658770874305,0.5747370044648471,OnTrack,6958.0,10147.0,1921.0
2026-09-05 14:49:58.817,0 days 01:03:22.213000,41,504.604444444441,0 days 00:00:50.713000,10984.0,313.0,8,100.0,False,0,car,3344.6097222222265,0.5786198052636906,OnTrack,6787.643187392187,10002.424051852282,1916.058531447454
2026-09-05 14:49:58.819,0 days 01:03:22.215000,41,504.56055274666323,0 days 00:00:50.715000,10984.392882285714,313.02142994285714,8,100.0,False,0,pos,3344.7845706035096,0.5786500541551103,OnTrack,6786.0,10001.0,1916.0
2026-09-05 14:49:59.097,0 days 01:03:22.493000,41,498.4599999999964,0 days 00:00:50.993000,11039.0,316.0,8,100.0,False,0,car,3369.1875000000045,0.5828717778920974,OnTrack,6523.583893790759,9771.385796517348,1907.0526239429464
2026-09-05 14:49:59.099,0 days 01:03:22.495000,41,498.40777443555197,0 days 00:00:50.995000,11039.083338666667,316.0,8,100.0,False,0,pos,3369.3631455921595,0.5829021647015518,OnTrack,6522.0,9770.0,1907.0
2026-09-05 14:49:59.337,0 days 01:03:22.733000,41,492.19333333333043,0 days 00:00:51.233000,11049.0,316.0,8,100.0,False,0,car,3390.2541666666707,0.5865163258593031,OnTrack,6392.444689820898,9657.368809058402,1902.8305318262103
2026-09-05 14:49:59.559,0 days 01:03:22.955000,41,484.8549957688856,0 days 00:00:51.455000,11043.954542545454,316.50454574545455,8,100.0,False,0,pos,3409.7909597915504,0.5898962046410594,OnTrack,6296.0,9574.0,1900.0
2026-09-05 14:49:59.759,0 days 01:03:23.155000,41,478.2438846577742,0 days 00:00:51.655000,11039.409088,316.9590912,8,100.0,False,0,pos,3427.413179182036,0.5929448608368149,OnTrack,6164.0,9459.0,1896.0
2026-09-05 14:49:59.777,0 days 01:03:23.173000,41,477.64888888888527,0 days 00:00:51.673000,11039.0,317.0,8,100.0,False,0,car,3428.9986111111157,0.5932191416618594,OnTrack,6149.355299762251,9446.218856004141,1895.5091618641925
2026-09-05 14:49:59.937,0 days 01:03:23.333000,41,472.3599999999965,0 days 00:00:51.833000,11089.0,317.0,8,100.0,False,0,car,3443.087500000004,0.5956565292264253,OnTrack,6008.083021846645,9322.888763018062,1890.5665967567425
2026-09-05 14:49:59.959,0 days 01:03:23.355000,41,471.57777322666317,0 days 00:00:51.855000,11086.5249856,317.0,8,100.0,False,0,pos,3445.024214286507,0.5959915821433208,OnTrack,5991.0,9308.0,1890.0
2026-09-05 14:50:00.257,0 days 01:03:23.653000,41,460.98222222221875,0 days 00:00:52.153000,11053.0,317.0,8,100.0,False,0,car,3471.265277777782,0.6005313043555571,OnTrack,5829.15726052175,9167.845532402687,1885.6934781835212
2026-09-05 14:50:00.299,0 days 01:03:23.695000,41,459.46555093332984,0 days 00:00:52.195000,11060.3500224,317.1500004571429,8,100.0,False,0,pos,3474.970766803728,0.6011723565310483,OnTrack,5805.0,9147.0,1885.0
2026-09-05 14:50:00.499,0 days 01:03:23.895000,41,452.24332871110744,0 days 00:00:52.395000,11095.3500224,317.86428617142855,8,100.0,False,0,pos,3492.6402263287896,0.6042291853029004,OnTrack,5671.0,9031.0,1881.0
2026-09-05 14:50:00.537,0 days 01:03:23.933000,41,450.87111111110744,0 days 00:00:52.433000,11102.0,318.0,8,100.0,False,0,car,3495.9986111111157,0.604810188203131,OnTrack,5645.4484534747,9008.63603200827,1880.4512826901168
2026-09-05 14:50:00.659,0 days 01:03:24.055000,41,446.5333287822186,0 days 00:00:52.555000,11073.7874704,318.0,8,100.0,False,0,pos,3506.77888330927,0.606675182781883,OnTrack,5565.0,8938.0,1879.0
2026-09-05 14:50:00.697,0 days 01:03:24.093000,41,445.18222222221857,0 days 00:00:52.593000,11065.0,318.0,8,100.0,False,0,car,3510.1319444444493,0.607255264687459,OnTrack,5539.938901074779,8916.18713512811,1878.4173798852576
2026-09-05 14:50:00.857,0 days 01:03:24.253000,41,439.6711111111076,0 days 00:00:52.753000,11100.0,317.0,8,100.0,False,0,car,3524.220833333338,0.6096926522520248,OnTrack,5433.99319950835,8824.72221981071,1876.0181659880393
2026-09-05 14:50:00.860,0 days 01:03:24.256000,41,439.5736090484896,0 days 00:00:52.756000,11099.79943865414,317.0,8,100.0,False,0,pos,3524.4848614689477,0.6097383293028914,OnTrack,5432.0,8823.0,1876.0
2026-09-05 14:50:01.100,0 days 01:03:24.496000,41,431.7736104390183,0 days 00:00:52.996000,11083.754873269327,317.0,8,100.0,False,0,pos,3545.608191288966,0.6133926800349878,OnTrack,5272.0,8684.0,1877.0
2026-09-05 14:50:01.216,0 days 01:03:24.612000,41,428.00361111110715,0 days 00:00:53.112000,11076.0,317.0,8,100.0,False,0,car,3555.8327777777827,0.6151615406000196,OnTrack,5194.701636628205,8616.05120073398,1876.5591452439182
2026-09-05 14:50:01.319,0 days 01:03:24.715000,41,424.7705528103078,0 days 00:00:53.215000,11070.501774690796,317.36654835394694,8,100.0,False,0,pos,3564.9245787260725,0.6167344284796555,OnTrack,5126.0,8556.0,1876.0
2026-09-05 14:50:01.479,0 days 01:03:24.875000,41,419.7483294442339,0 days 00:00:53.375000,11061.960847478627,317.93594350142484,8,100.0,False,0,pos,3579.0636697613854,0.6191805010504255,OnTrack,5019.0,8464.0,1876.0
2026-09-05 14:50:01.497,0 days 01:03:24.893000,41,419.1833333333293,0 days 00:00:53.393000,11061.0,318.0,8,100.0,False,0,car,3580.6544444444494,0.6194557061756206,OnTrack,5006.971753878455,8453.626547912356,1876.0402943109536
2026-09-05 14:50:01.657,0 days 01:03:25.053000,41,414.2944444444406,0 days 00:00:53.553000,11099.0,318.0,8,100.0,False,0,car,3594.7877777777826,0.6219007826599485,OnTrack,4900.230170074239,8360.842959598725,1876.6916078796266
2026-09-05 14:50:01.779,0 days 01:03:25.175000,41,410.83777415110694,0 days 00:00:53.675000,11070.533303466667,317.49166613333335,8,100.0,False,0,pos,3605.5307505453798,0.6237593244113043,OnTrack,4819.0,8290.0,1878.0
2026-09-05 14:50:01.897,0 days 01:03:25.293000,41,407.49444444444,0 days 00:00:53.793000,11043.0,317.0,8,100.0,False,0,car,3615.9211111111163,0.6255568640067974,OnTrack,4740.53746290104,8221.72641454849,1880.177631434689
2026-09-05 14:50:01.999,0 days 01:03:25.395000,41,404.7744410311066,0 days 00:00:53.895000,11049.921437257142,317.36428617142855,8,100.0,False,0,pos,3624.926919725677,0.627114875152964,OnTrack,4673.0,8163.0,1882.0
2026-09-05 14:50:02.177,0 days 01:03:25.573000,41,400.0277777777733,0 days 00:00:54.073000,11062.0,318.0,8,100.0,False,0,car,3640.65444444445,0.6298357478543714,OnTrack,4555.485828924458,8060.766925822644,1883.6852526173361
2026-09-05 14:50:02.219,0 days 01:03:25.615000,41,398.91944106666233,0 days 00:00:54.115000,11057.7999872,317.7374992,8,100.0,False,0,pos,3644.3561924655137,0.6304761528334193,OnTrack,4527.0,8036.0,1884.0
2026-09-05 14:50:02.337,0 days 01:03:25.733000,41,395.80555555555156,0 days 00:00:54.233000,11046.0,317.0,8,100.0,False,0,car,3654.7433333333383,0.6322731354189371,OnTrack,4444.651772785972,7964.455755579964,1884.9211971749296
2026-09-05 14:50:02.439,0 days 01:03:25.835000,41,393.4822193066625,0 days 00:00:54.335000,11052.557151085713,317.0,8,100.0,False,0,pos,3663.722476201982,0.6338265333725369,OnTrack,4389.0,7916.0,1886.0
2026-09-05 14:50:02.617,0 days 01:03:26.013000,41,389.4277777777734,0 days 00:00:54.513000,11064.0,317.0,8,100.0,False,0,car,3679.398888888894,0.6365385636569275,OnTrack,4333.125912693202,7866.978383749002,1888.9594172373602
2026-09-05 14:50:02.619,0 days 01:03:26.015000,41,389.38610844444,0 days 00:00:54.515000,11063.77998592,317.0,8,100.0,False,0,pos,3679.5751191980835,0.6365690516228351,OnTrack,4332.0,7866.0,1889.0
2026-09-05 14:50:02.817,0 days 01:03:26.213000,41,385.26111111110686,0 days 00:00:54.713000,11042.0,317.0,8,100.0,False,0,car,3697.010000000005,0.6395852981126349,OnTrack,4151.740642733596,7709.980067929263,1893.525959333277
2026-09-05 14:50:02.839,0 days 01:03:26.235000,41,384.85166428444023,0 days 00:00:54.735000,11043.1687568,316.8624992,8,100.0,False,0,pos,3698.940855321206,0.639919337424463,OnTrack,4131.0,7692.0,1894.0
2026-09-05 14:50:03.079,0 days 01:03:26.475000,41,380.38499761777376,0 days 00:00:54.975000,11055.9187568,315.3624992,8,100.0,False,0,pos,3719.927805275515,0.6435500943450564,OnTrack,3945.0,7530.0,1898.0
2026-09-05 14:50:03.137,0 days 01:03:26.533000,41,379.30555555555156,0 days 00:00:55.033000,11059.0,315.0,8,100.0,False,0,car,3725.010000000005,0.6444293175627186,OnTrack,3908.903126363375,7498.445292300104,1898.5264105552492
2026-09-05 14:50:03.379,0 days 01:03:26.775000,41,375.2722200888849,0 days 00:00:55.275000,11068.41111608889,316.34444515555555,8,100.0,False,0,pos,3746.3130226640906,0.6481147552816616,OnTrack,3773.0,7380.0,1900.0
2026-09-05 14:50:03.497,0 days 01:03:26.893000,41,373.30555555555156,0 days 00:00:55.393000,11073.0,317.0,8,100.0,False,0,car,3756.710000000005,0.6499134395829919,OnTrack,3694.837657241938,7312.7814686010415,1901.6721243028724
2026-09-05 14:50:03.519,0 days 01:03:26.915000,41,372.9633313422182,0 days 00:00:55.415000,11066.583296,316.93888853333334,8,100.0,False,0,pos,3758.6468885495487,0.6502485226475145,OnTrack,3680.0,7300.0,1902.0
2026-09-05 14:50:03.857,0 days 01:03:27.253000,41,367.70555555555165,0 days 00:00:55.753000,10968.0,316.0,8,100.0,False,0,car,3788.310000000005,0.6553802615338005,OnTrack,3455.8154629508012,7105.157053638845,1905.8773706086386
2026-09-05 14:50:03.899,0 days 01:03:27.295000,41,367.145553848885,0 days 00:00:55.795000,10950.449946514285,315.5499986285714,8,100.0,False,0,pos,3791.974726063406,0.6560142616884557,OnTrack,3428.0,7081.0,1906.0
2026-09-05 14:50:04.059,0 days 01:03:27.455000,41,365.0122205155518,0 days 00:00:55.955000,10883.592803657142,313.8357129142857,8,100.0,False,0,pos,3805.889020456266,0.6584214442839271,OnTrack,3322.0,6989.0,1906.0
2026-09-05 14:50:04.137,0 days 01:03:27.533000,41,363.97222222221853,0 days 00:00:56.033000,10851.0,313.0,8,100.0,False,0,car,3812.6544444444494,0.6595918673334565,OnTrack,3270.9607483921623,6944.295310666991,1906.6121459563856
2026-09-05 14:50:04.259,0 days 01:03:27.655000,41,362.7522209422188,0 days 00:00:56.155000,10770.47991552,309.33999616,8,100.0,False,0,pos,3823.2055670933246,0.6614172188810055,OnTrack,3192.0,6875.0,1908.0
2026-09-05 14:50:04.337,0 days 01:03:27.733000,41,361.972222222219,0 days 00:00:56.233000,10719.0,307.0,8,100.0,True,0,car,3829.7100000000046,0.6625424902921384,OnTrack,3141.90048453367,6831.446051691447,1908.5565706036396
2026-09-05 14:50:04.499,0 days 01:03:27.895000,41,362.42222257777456,0 days 00:00:56.395000,10507.499832888889,288.5499854222222,8,56.34996551111111,True,0,pos,3842.2206543553507,0.6647068421860873,OnTrack,3040.0,6743.0,1909.0
2026-09-05 14:50:04.599,0 days 01:03:27.995000,41,362.70000035555233,0 days 00:00:56.495000,10376.944277333334,277.1610965333333,8,29.405521066666658,True,0,pos,3849.4009602160445,0.665949040087757,OnTrack,2980.0,6690.0,1909.0
2026-09-05 14:50:04.697,0 days 01:03:28.093000,41,362.972222222219,0 days 00:00:56.593000,10249.0,266.0,8,3.0,True,0,car,3856.310000000005,0.667144308769718,OnTrack,2924.348413445338,6639.96159173441,1908.991464637814
2026-09-05 14:50:04.879,0 days 01:03:28.275000,41,364.691112319997,0 days 00:00:56.775000,10151.62993152,247.7999872,8,3.91000064,True,0,pos,3868.781510705819,0.6693018887851071,OnTrack,2830.0,6553.0,1909.0
2026-09-05 14:50:04.897,0 days 01:03:28.293000,41,364.86111111110813,0 days 00:00:56.793000,10142.0,246.0,7,4.0,True,0,car,3869.9766666666715,0.6695086515965445,OnTrack,2821.340380294881,6544.890707719048,1908.9992338650914
2026-09-05 14:50:05.097,0 days 01:03:28.493000,41,367.8611111111086,0 days 00:00:56.993000,10780.0,230.0,7,4.0,True,0,car,3882.7544444444493,0.6717192160281302,OnTrack,2731.593137832443,6456.430174241495,1908.9880172599012
2026-09-05 14:50:05.139,0 days 01:03:28.535000,41,368.6777802666642,0 days 00:00:57.035000,10821.825127466667,227.54999253333332,7,4.175000533333334,True,0,pos,3885.340298545645,0.6721665705838898,OnTrack,2713.0,6435.0,1909.0
2026-09-05 14:50:05.319,0 days 01:03:28.715000,41,372.1777802666644,0 days 00:00:57.215000,11001.075127466667,217.04999253333332,7,4.925000533333334,True,0,pos,3896.10063070616,0.6740281155222788,OnTrack,2637.0,6334.0,1909.0
2026-09-05 14:50:05.337,0 days 01:03:28.733000,41,372.52777777777555,0 days 00:00:57.233000,11019.0,216.0,7,5.0,True,0,car,3897.154444444449,0.6742104260310303,OnTrack,2630.9718849627448,6325.069034153494,1908.961609146652
2026-09-05 14:50:05.497,0 days 01:03:28.893000,41,376.2611111111087,0 days 00:00:57.393000,10543.0,207.0,5,7.0,True,0,car,3906.354444444449,0.6758020324217722,OnTrack,2593.909866476719,6261.349816135053,1908.2058460354563
2026-09-05 14:50:05.739,0 days 01:03:29.135000,41,382.78167011555297,0 days 00:00:57.635000,10256.921277257143,199.22142445714286,5,28.607154285714287,True,0,pos,3919.6929340424067,0.6781096003877453,OnTrack,2568.0,6178.0,1907.0
2026-09-05 14:50:05.777,0 days 01:03:29.173000,41,383.8055555555529,0 days 00:00:57.673000,10212.0,198.0,5,32.0,False,0,car,3921.7544444444493,0.6784662431193181,OnTrack,2563.8569737820344,6161.143284169868,1906.9773354785311
2026-09-05 14:50:05.919,0 days 01:03:29.315000,41,387.9077814755525,0 days 00:00:57.815000,10291.114357028571,195.97142674285715,5,51.27144594285714,False,0,pos,3929.414521820614,0.6797914418264356,OnTrack,2550.0,6081.0,1907.0
2026-09-05 14:50:06.057,0 days 01:03:29.453000,41,391.894444444441,0 days 00:00:57.953000,10368.0,194.0,5,70.0,False,0,car,3936.8433333333383,0.6810766313785299,OnTrack,2544.8159949088117,5956.575916805479,1906.3233813629906
2026-09-05 14:50:06.139,0 days 01:03:29.535000,41,394.35444828444133,0 days 00:00:58.035000,10368.0,194.5125008,5,70.0,False,0,pos,3941.273176093065,0.6818429972531347,OnTrack,2544.0,5888.0,1906.0
2026-09-05 14:50:06.217,0 days 01:03:29.613000,41,396.6944444444416,0 days 00:00:58.113000,10368.0,195.0,5,70.0,False,0,car,3945.5100000000048,0.6825759707321273,OnTrack,2543.883800264824,5839.881978979589,1905.9607970962177
2026-09-05 14:50:06.457,0 days 01:03:29.853000,41,403.69444444444116,0 days 00:00:58.353000,10577.0,199.0,5,85.0,False,0,car,3958.7766666666716,0.6848711132810955,OnTrack,2546.094924327,5766.243341453993,1906.5872872128186
2026-09-05 14:50:06.539,0 days 01:03:29.935000,41,406.01778140444105,0 days 00:00:58.435000,10672.7644352,201.0500032,5,88.8071488,False,0,pos,3963.409181364809,0.6856725415418303,OnTrack,2546.0,5731.0,1906.0
2026-09-05 14:50:06.619,0 days 01:03:30.015000,41,408.2844480711076,0 days 00:00:58.515000,10766.193006628571,203.0500032,5,92.52143451428572,False,0,pos,3967.9801422422847,0.6864633209488324,OnTrack,2545.0,5686.0,1905.0
2026-09-05 14:50:06.737,0 days 01:03:30.133000,41,411.6277777777741,0 days 00:00:58.633000,10904.0,206.0,5,98.0,False,0,car,3974.798888888894,0.6876429688553101,OnTrack,2539.3192498761196,5597.685192110034,1904.1888390495267
2026-09-05 14:50:06.937,0 days 01:03:30.333000,41,417.07222222221935,0 days 00:00:58.833000,11231.0,212.0,5,89.0,False,0,car,3986.5766666666714,0.6896805325922499,OnTrack,2522.1749972366842,5435.267295005895,1904.004543972552
2026-09-05 14:50:06.939,0 days 01:03:30.335000,41,417.1238921955527,0 days 00:00:58.835000,11233.609257890908,212.0500032,5,89.0500032,False,0,pos,3986.696443147129,0.6897012540065711,OnTrack,2522.0,5434.0,1904.0
2026-09-05 14:50:07.340,0 days 01:03:30.736000,41,427.4830572088857,0 days 00:00:59.236000,11756.731901672727,222.0750016,5,99.0750016,False,0,pos,4011.4936673853063,0.6939911910250649,OnTrack,2477.0,5272.0,1902.0
2026-09-05 14:50:07.377,0 days 01:03:30.773000,41,428.4388888888857,0 days 00:00:59.273000,11805.0,223.0,5,100.0,False,0,car,4013.8322222222273,0.6943957626363195,OnTrack,2469.7757592169824,5252.750977409901,1901.7713771327165
2026-09-05 14:50:07.540,0 days 01:03:30.936000,41,432.42333409838744,0 days 00:00:59.436000,11334.394893964662,226.57680319462256,5,100.0,False,0,pos,4024.206935316534,0.6961905952083859,OnTrack,2431.0,5156.0,1901.0
2026-09-05 14:50:07.620,0 days 01:03:31.016000,41,434.37888926160593,0 days 00:00:59.516000,11103.423153469963,228.33228873584176,5,100.0,False,0,pos,4029.332734766173,0.6970773620737888,OnTrack,2409.0,5111.0,1901.0
2026-09-05 14:50:07.696,0 days 01:03:31.092000,41,436.2366666666635,0 days 00:00:59.592000,10884.0,230.0,5,100.0,False,0,car,4034.212777777783,0.6979216129046988,OnTrack,2386.1336759308597,5068.803784010554,1900.8534818699777
2026-09-05 14:50:07.879,0 days 01:03:31.275000,41,440.65916821332996,0 days 00:00:59.775000,10905.350007466666,232.2875008,5,100.0,False,0,pos,4046.0207614718765,0.699964402286144,OnTrack,2323.0,4969.0,1900.0
2026-09-05 14:50:07.936,0 days 01:03:31.332000,41,442.0366666666632,0 days 00:00:59.832000,10912.0,233.0,6,100.0,False,0,car,4049.746111111116,0.700608890361531,OnTrack,2300.9907584298167,4938.848673786525,1899.7558484279316
2026-09-05 14:50:08.199,0 days 01:03:31.595000,41,447.95416945442247,0 days 00:01:00.095000,10945.693966051294,240.48754801139884,6,100.0,False,0,pos,4067.330655007087,0.7036510286705642,OnTrack,2186.0,4805.0,1899.0
2026-09-05 14:50:08.217,0 days 01:03:31.613000,41,448.3591666666639,0 days 00:01:00.113000,10948.0,241.0,6,100.0,False,0,car,4068.557500000005,0.7038632737065618,OnTrack,2177.4308824196387,4796.072251613386,1898.9839214836177
2026-09-05 14:50:08.379,0 days 01:03:31.775000,41,451.6441692622195,0 days 00:01:00.275000,11181.164469942858,246.20714697142859,6,100.0,False,0,pos,4079.732077931775,0.7057964834511321,OnTrack,2098.0,4717.0,1899.0
2026-09-05 14:50:08.479,0 days 01:03:31.875000,41,453.67194703999735,0 days 00:01:00.375000,11325.093041371429,249.42143268571428,6,100.0,False,0,pos,4086.734206524705,0.7070078565617085,OnTrack,2049.0,4667.0,1899.0
2026-09-05 14:50:08.497,0 days 01:03:31.893000,41,454.0369444444418,0 days 00:01:00.393000,11351.0,250.0,6,100.0,False,0,car,4088.0019444444492,0.7072271761024532,OnTrack,2039.6902184208002,4656.4597900522995,1898.98027804562
2026-09-05 14:50:08.779,0 days 01:03:32.175000,41,459.2852801599969,0 days 00:01:00.675000,11563.283429688889,255.48333582222222,6,100.0,False,0,pos,4108.115934445435,0.7107069103447233,OnTrack,1889.0,4445.0,1898.0
2026-09-05 14:50:08.857,0 days 01:03:32.253000,41,460.7369444444412,0 days 00:01:00.753000,11622.0,257.0,6,100.0,False,0,car,4113.7019444444495,0.7116732939548515,OnTrack,1860.652198034604,4394.039786881367,1897.7302422156358
2026-09-05 14:50:09.137,0 days 01:03:32.533000,41,465.94805555555104,0 days 00:01:01.033000,11844.0,258.0,6,100.0,False,0,car,4133.768611111116,0.7151448412274114,OnTrack,1812.968695978858,4252.257349643725,1897.0546614641914
2026-09-05 14:50:09.259,0 days 01:03:32.655000,41,468.08305779555104,0 days 00:01:01.155000,11399.30953344,260.44000256,6,100.0,False,0,pos,4142.6126228079875,0.7166748613944262,OnTrack,1797.0,4187.0,1897.0
2026-09-05 14:50:09.337,0 days 01:03:32.733000,41,469.44805555555104,0 days 00:01:01.233000,11115.0,262.0,6,100.0,False,0,car,4148.324166666672,0.7176629624494787,OnTrack,1785.7627044756746,4141.382036326348,1897.0526875152154
2026-09-05 14:50:09.459,0 days 01:03:32.855000,41,471.41361317332934,0 days 00:01:01.355000,10860.833066666666,265.0500032,6,100.0,False,0,pos,4157.365870786763,0.7192271835430365,OnTrack,1766.0,4042.0,1897.0
2026-09-05 14:50:09.577,0 days 01:03:32.973000,41,473.31472222221873,0 days 00:01:01.473000,10615.0,268.0,7,100.0,False,0,car,4166.190833333339,0.7207539081938178,OnTrack,1743.779580285849,3881.566553652414,1896.37259289554
2026-09-05 14:50:09.639,0 days 01:03:33.035000,41,474.24472414221844,0 days 00:01:01.535000,10648.17006848,268.93000192,7,100.0,False,0,pos,4170.841599569587,0.7215584939833241,OnTrack,1734.0,3804.0,1896.0
2026-09-05 14:50:09.777,0 days 01:03:33.173000,41,476.3147222222178,0 days 00:01:01.673000,10722.0,271.0,7,100.0,False,0,car,4181.246388888894,0.723358529763208,OnTrack,1721.9161467084164,3699.8253478062884,1895.3665166427845
2026-09-05 14:50:10.079,0 days 01:03:33.475000,41,480.42527951999585,0 days 00:01:01.975000,10890.9313216,275.718752,7,100.0,False,0,pos,4204.389724726879,0.7273623429396013,OnTrack,1714.0,3576.0,1894.0
2026-09-05 14:50:10.097,0 days 01:03:33.493000,41,480.67027777777366,0 days 00:01:01.993000,10901.0,276.0,7,100.0,False,0,car,4205.779722222228,0.7276028134718528,OnTrack,1712.438410582046,3557.939400732786,1893.8572166839642
2026-09-05 14:50:10.257,0 days 01:03:33.653000,41,482.67027777777366,0 days 00:01:02.153000,11013.0,279.0,7,100.0,False,0,car,4218.179722222228,0.7297480220854613,OnTrack,1693.433162652527,3350.2802325932744,1892.373539787844
2026-09-05 14:50:10.319,0 days 01:03:33.715000,41,483.39361260444036,0 days 00:01:02.215000,11037.8000512,279.7750016,7,100.0,False,0,pos,4223.012653571271,0.7305841225660213,OnTrack,1687.0,3283.0,1892.0
2026-09-05 14:50:10.497,0 days 01:03:33.893000,41,485.47027777777384,0 days 00:01:02.393000,11109.0,282.0,7,100.0,False,0,car,4236.979722222228,0.7330004351448032,OnTrack,1676.2972278619968,3181.539290788887,1891.9667789612095
2026-09-05 14:50:10.599,0 days 01:03:33.995000,41,486.5469457955512,0 days 00:01:02.495000,11174.571510857142,283.4571446857143,7,100.0,False,0,pos,4245.043812950487,0.7343955284424792,OnTrack,1671.0,3131.0,1892.0
2026-09-05 14:50:10.777,0 days 01:03:34.173000,41,488.4258333333282,0 days 00:01:02.673000,11289.0,286.0,7,100.0,False,0,car,4259.224166666672,0.736848739485703,OnTrack,1658.2147226222926,2994.504198571963,1891.4063671388153
2026-09-05 14:50:10.859,0 days 01:03:34.255000,41,489.1775011733285,0 days 00:01:02.755000,11349.7313448,287.281252,7,100.0,False,0,pos,4265.804308195523,0.7379871085410622,OnTrack,1652.0,2926.0,1891.0
2026-09-05 14:50:11.039,0 days 01:03:34.435000,41,490.82750117332904,0 days 00:01:02.935000,11483.0438448,290.093752,7,100.0,False,0,pos,4280.361198478567,0.7405054606719119,OnTrack,1639.0,2782.0,1890.0
2026-09-05 14:50:11.097,0 days 01:03:34.493000,41,491.35916666666253,0 days 00:01:02.993000,11526.0,291.0,7,100.0,False,0,car,4285.090833333339,0.7413236907872088,OnTrack,1634.7024423698592,2735.4825696904827,1889.6307560423231
2026-09-05 14:50:11.199,0 days 01:03:34.595000,41,492.0675008888846,0 days 00:01:03.095000,11575.37733469091,292.6227293090909,7,100.0,False,0,pos,4293.456320722795,0.7427709259166357,OnTrack,1627.0,2653.0,1889.0
2026-09-05 14:50:11.439,0 days 01:03:34.835000,41,493.7341675555508,0 days 00:01:03.335000,11691.559152872727,296.4409111272727,7,100.0,False,0,pos,4313.349585543289,0.7462124745493549,OnTrack,1609.0,2457.0,1888.0
2026-09-05 14:50:11.537,0 days 01:03:34.933000,41,494.4147222222173,0 days 00:01:03.433000,11739.0,298.0,7,100.0,False,0,car,4321.513055555562,0.7476247605321986,OnTrack,1601.9772316940691,2376.6166223584846,1887.4721381980341
2026-09-05 14:50:11.619,0 days 01:03:35.015000,41,494.9158341155503,0 days 00:01:03.515000,11543.7371952,299.5375024,7,100.0,False,0,pos,4328.356510910056,0.7488086830623041,OnTrack,1596.0,2309.0,1887.0
2026-09-05 14:50:11.697,0 days 01:03:35.093000,41,495.39249999999447,0 days 00:01:03.593000,11358.0,301.0,7,100.0,False,0,car,4334.890833333339,0.749939125380572,OnTrack,1590.0270280851048,2244.198793735584,1886.5698561322579
2026-09-05 14:50:11.799,0 days 01:03:35.195000,41,495.9025006399947,0 days 00:01:03.695000,11133.5997184,302.4571446857143,7,100.0,False,0,pos,4343.491602714456,0.7514270644579939,OnTrack,1582.0,2159.0,1886.0
2026-09-05 14:50:11.977,0 days 01:03:35.373000,41,496.792499999995,0 days 00:01:03.873000,10742.0,305.0,8,100.0,False,0,car,4358.613055555561,0.7540430863035594,OnTrack,1568.1071159197757,2009.9138930706413,1884.8675736455368
2026-09-05 14:50:12.119,0 days 01:03:35.515000,41,497.3447227199949,0 days 00:01:04.015000,10755.805568,306.1833344,8,100.0,False,0,pos,4370.7256081953055,0.7561385663241695,OnTrack,1557.0,1889.0,1884.0
2026-09-05 14:50:12.337,0 days 01:03:35.733000,41,498.19249999999465,0 days 00:01:04.233000,10777.0,308.0,8,100.0,False,0,car,4389.413055555561,0.7593715076986515,OnTrack,1540.1438543668082,1703.566437058286,1883.0062219092983
2026-09-05 14:50:12.339,0 days 01:03:35.735000,41,498.19861150221686,0 days 00:01:04.235000,10778.008397866666,308.0250016,8,100.0,False,0,pos,4389.58511026792,0.7594012732834066,OnTrack,1540.0,1702.0,1883.0
2026-09-05 14:50:12.577,0 days 01:03:35.973000,41,498.92583333332914,0 days 00:01:04.473000,10898.0,311.0,8,100.0,False,0,car,4410.146388888894,0.7629583887676419,OnTrack,1521.233800054991,1499.5469384838575,1882.0218355733314
2026-09-05 14:50:12.579,0 days 01:03:35.975000,41,498.9291668799958,0 days 00:01:04.475000,10898.63504064,311.02000128,8,100.0,False,0,pos,4410.3200877439185,0.7629884387902205,OnTrack,1521.0,1497.0,1882.0
2026-09-05 14:50:12.719,0 days 01:03:36.115000,41,499.1625002133286,0 days 00:01:04.615000,10943.08504064,312.42000128,8,100.0,False,0,pos,4422.51893684619,0.765098848158793,OnTrack,1502.0,1289.0,1880.0
2026-09-05 14:50:12.977,0 days 01:03:36.373000,41,499.5924999999943,0 days 00:01:04.873000,11025.0,315.0,8,100.0,False,0,car,4445.146388888895,0.7690134130802465,OnTrack,1478.3544381785784,1029.092633084644,1878.470621788219
2026-09-05 14:50:13.159,0 days 01:03:36.555000,41,499.6430555911062,0 days 00:01:05.055000,11071.0687824,316.1375008,8,100.0,False,0,pos,4461.149358739439,0.7717819379807873,OnTrack,1467.0,905.0,1878.0
2026-09-05 14:50:13.297,0 days 01:03:36.693000,41,499.6813888888846,0 days 00:01:05.193000,11106.0,317.0,8,100.0,False,0,car,4473.324166666672,0.7738881882093782,OnTrack,1458.7500077638954,815.9604552723976,1877.3265843596207
2026-09-05 14:50:13.599,0 days 01:03:36.995000,41,498.75861071999543,0 days 00:01:05.495000,11167.086389527272,319.05909178181815,8,100.0,False,0,pos,4500.133616260815,0.7785262416122379,OnTrack,1439.0,606.0,1876.0
2026-09-05 14:50:13.659,0 days 01:03:37.055000,41,498.57527738666204,0 days 00:01:05.555000,11179.222753163636,319.4681826909091,8,100.0,False,0,pos,4505.479430838319,0.7794510712475939,OnTrack,1434.0,553.0,1876.0
2026-09-05 14:50:13.737,0 days 01:03:37.133000,41,498.3369444444397,0 days 00:01:05.633000,11195.0,320.0,8,100.0,False,0,car,4512.435277777783,0.7806544375999713,OnTrack,1426.0817811148602,467.86464364628375,1875.6995697860323
2026-09-05 14:50:13.940,0 days 01:03:37.336000,41,496.2505548977725,0 days 00:01:05.836000,11223.92750912,321.01500032,8,100.0,False,0,pos,4530.571732817069,0.7837920569201808,OnTrack,1403.0,216.0,1874.0
2026-09-05 14:50:14.137,0 days 01:03:37.533000,41,494.2258333333275,0 days 00:01:06.033000,11252.0,322.0,8,100.0,False,0,car,4548.213055555561,0.7868440180084116,OnTrack,1390.7014021745586,80.63571317325238,1873.4368315605582
2026-09-05 14:50:14.297,0 days 01:03:37.693000,41,491.73694444444027,0 days 00:01:06.193000,11298.0,323.0,8,100.0,False,0,car,4562.568611111116,0.7893275390915496,OnTrack,1382.1955435755585,-12.862391597073628,1873.0141704137586
2026-09-05 14:50:14.300,0 days 01:03:37.696000,41,491.6719430726843,0 days 00:01:06.196000,11298.290328707595,323.0107529150961,8,100.0,False,0,pos,4562.838095730231,0.789374160117853,OnTrack,1382.0,-15.0,1873.0
2026-09-05 14:50:14.576,0 days 01:03:37.972000,41,485.6919444444402,0 days 00:01:06.472000,11325.0,324.0,8,100.0,False,0,car,4587.678611111116,0.7936715865341067,OnTrack,1359.376669359227,-260.86931066046293,1871.1400234513067
2026-09-05 14:50:14.639,0 days 01:03:38.035000,41,483.9944424736463,0 days 00:01:06.535000,11327.285716939425,324.142857308714,8,100.0,False,0,pos,4593.358996007543,0.7946542970670445,OnTrack,1354.0,-319.0,1871.0
2026-09-05 14:50:14.699,0 days 01:03:38.095000,41,482.3777755723614,0 days 00:01:06.595000,11329.46258800364,324.27891175022756,8,100.0,False,0,pos,4598.772027742555,0.7955907553173416,OnTrack,1349.0,-373.0,1871.0
2026-09-05 14:50:14.979,0 days 01:03:38.375000,41,474.8333300330316,0 days 00:01:06.875000,11339.621319636653,324.9138324772909,8,100.0,False,0,pos,4624.058893863191,0.7999654007216279,OnTrack,1326.0,-625.0,1869.0
2026-09-05 14:50:15.017,0 days 01:03:38.413000,41,473.8094444444405,0 days 00:01:06.913000,11341.0,325.0,8,100.0,False,0,car,4627.491111111116,0.8005591766896945,OnTrack,1322.9307898072693,-659.0715967118998,1868.69872514105
2026-09-05 14:50:15.139,0 days 01:03:38.535000,41,470.08166275555163,0 days 00:01:07.035000,11325.472710981818,325.0,8,100.0,False,0,pos,4638.51018415166,0.8024654839800618,OnTrack,1313.0,-769.0,1868.0
2026-09-05 14:50:15.319,0 days 01:03:38.715000,41,464.5816627555517,0 days 00:01:07.215000,11302.563620072728,325.0,8,100.0,False,0,pos,4654.764867353739,0.8052775554652696,OnTrack,1298.0,-930.0,1868.0
2026-09-05 14:50:15.457,0 days 01:03:38.853000,41,460.36499999999614,0 days 00:01:07.353000,11285.0,325.0,8,100.0,False,0,car,4667.213333333338,0.8074311487270154,OnTrack,1289.0870051585348,-1024.8929088294,1866.769822669824
2026-09-05 14:50:15.539,0 days 01:03:38.935000,41,457.631662399996,0 days 00:01:07.435000,11288.28000512,324.79499968,8,100.0,False,0,pos,4674.603661498067,0.8087096806331744,OnTrack,1284.0,-1079.0,1866.0
2026-09-05 14:50:15.779,0 days 01:03:39.175000,41,449.63166239999566,0 days 00:01:07.675000,11297.88000512,324.19499968,8,100.0,False,0,pos,4696.204165672675,0.8124465828600821,OnTrack,1264.0,-1294.0,1865.0
2026-09-05 14:50:15.857,0 days 01:03:39.253000,41,447.0316666666622,0 days 00:01:07.753000,11301.0,324.0,8,100.0,False,0,car,4703.213333333339,0.813659173734266,OnTrack,1252.8597789394437,-1416.334361590511,1864.5765235899462
2026-09-05 14:50:15.959,0 days 01:03:39.355000,41,443.6883291377733,0 days 00:01:07.855000,11301.6375008,323.6812496,8,100.0,False,0,pos,4712.370749176679,0.8152434130363246,OnTrack,1238.0,-1580.0,1864.0
2026-09-05 14:50:16.177,0 days 01:03:39.573000,41,436.54277777777315,0 days 00:01:08.073000,11303.0,323.0,8,100.0,False,0,car,4731.924444444449,0.8186262159005421,OnTrack,1223.3173374163528,-1739.6994976823714,1863.4539289675838
2026-09-05 14:50:16.379,0 days 01:03:39.775000,41,430.08999591110626,0 days 00:01:08.275000,11303.8416672,323.0,8,100.0,False,0,pos,4750.048241214633,0.821761645331404,OnTrack,1215.0,-1831.0,1863.0
2026-09-05 14:50:16.417,0 days 01:03:39.813000,41,428.8761111111062,0 days 00:01:08.313000,11304.0,323.0,8,100.0,False,0,car,4753.457777777783,0.8223514975252494,OnTrack,1212.4371512211985,-1859.7424560632057,1862.841170511862
2026-09-05 14:50:16.577,0 days 01:03:39.973000,41,423.7649999999967,0 days 00:01:08.473000,11304.0,323.0,8,100.0,False,0,car,4767.813333333338,0.8248350186083874,OnTrack,1199.172718380816,-2007.1429930049796,1862.0103228099304
2026-09-05 14:50:16.579,0 days 01:03:39.975000,41,423.70332938666337,0 days 00:01:08.475000,11303.749984,323.0,8,100.0,False,0,pos,4767.992789392978,0.8248660646313635,OnTrack,1199.0,-2009.0,1862.0
2026-09-05 14:50:16.779,0 days 01:03:40.175000,41,417.53666271999697,0 days 00:01:08.675000,11278.749984,323.0,8,100.0,False,0,pos,4785.9373323062955,0.8279704830204695,OnTrack,1182.0,-2188.0,1861.0
2026-09-05 14:50:16.817,0 days 01:03:40.213000,41,416.36499999999705,0 days 00:01:08.713000,11274.0,323.0,8,100.0,False,0,car,4789.346666666671,0.8285603002330945,OnTrack,1179.0813928130588,-2220.575347471651,1860.8006714189225
2026-09-05 14:50:16.959,0 days 01:03:40.355000,41,412.18388511999717,0 days 00:01:08.855000,11255.53998336,323.0,8,100.0,False,0,pos,4802.0865941937345,0.8307643165450143,OnTrack,1168.0,-2348.0,1860.0
2026-09-05 14:50:17.017,0 days 01:03:40.413000,41,410.47611111110837,0 days 00:01:08.913000,11248.0,323.0,8,100.0,False,0,car,4807.291111111115,0.8316647015870171,OnTrack,1162.2750664270832,-2410.781526843414,1859.6380945783992
2026-09-05 14:50:17.177,0 days 01:03:40.573000,41,405.8983333333308,0 days 00:01:09.073000,11263.0,323.0,8,100.0,False,0,car,4821.64666666667,0.8341482226701552,OnTrack,1143.616710196856,-2607.8528031550654,1858.5507498034071
2026-09-05 14:50:17.259,0 days 01:03:40.655000,41,403.6888854399974,0 days 00:01:09.155000,11253.6285568,322.7071424,8,100.0,False,0,pos,4828.990084844148,0.8354186391159338,OnTrack,1136.0,-2688.0,1858.0
2026-09-05 14:50:17.457,0 days 01:03:40.853000,41,398.3538888888861,0 days 00:01:09.353000,11231.0,322.0,8,100.0,False,0,car,4846.691111111115,0.8384809289560634,OnTrack,1125.557371390702,-2800.092100478147,1856.7284203978957
2026-09-05 14:50:17.559,0 days 01:03:40.955000,41,395.7188855822193,0 days 00:01:09.455000,11249.36002304,322.0,8,100.0,False,0,pos,4855.808680090609,0.8400582747229974,OnTrack,1118.0,-2884.0,1856.0
2026-09-05 14:50:17.657,0 days 01:03:41.053000,41,393.18722222221913,0 days 00:01:09.553000,11267.0,322.0,8,100.0,False,0,car,4864.580000000004,0.8415757191602834,OnTrack,1106.5961197380948,-3011.1396085076476,1855.2089859556452
2026-09-05 14:50:17.819,0 days 01:03:41.215000,41,389.13721902221914,0 days 00:01:09.715000,11256.46999168,322.81000064,8,100.0,False,0,pos,4879.117946685456,0.844090794035591,OnTrack,1086.0,-3241.0,1854.0
2026-09-05 14:50:17.857,0 days 01:03:41.253000,41,388.18722222221913,0 days 00:01:09.753000,11254.0,323.0,8,100.0,False,0,car,4882.524444444448,0.844680120514206,OnTrack,1082.6797438805418,-3277.9934441742557,1853.8093217976232
2026-09-05 14:50:18.097,0 days 01:03:41.493000,41,382.58722222221877,0 days 00:01:09.993000,11253.0,322.0,8,100.0,False,0,car,4903.991111111114,0.8483938687592701,OnTrack,1072.5643240305324,-3388.9324500188386,1853.2574890035205
2026-09-05 14:50:18.179,0 days 01:03:41.575000,41,380.7194415288854,0 days 00:01:10.075000,11248.48999296,322.41000064,8,100.0,False,0,pos,4911.340853775038,0.8496653793455973,OnTrack,1068.0,-3437.0,1853.0
2026-09-05 14:50:18.297,0 days 01:03:41.693000,41,378.0316666666631,0 days 00:01:10.193000,11242.0,323.0,8,100.0,False,0,car,4921.9355555555585,0.8514982701131928,OnTrack,1058.3742746371038,-3537.7492062831516,1852.442291019868
2026-09-05 14:50:18.379,0 days 01:03:41.775000,41,376.2777750399962,0 days 00:01:10.275000,11252.5916832,323.0,8,100.0,False,0,pos,4929.306118260722,0.8527733825811167,OnTrack,1051.0,-3615.0,1852.0
2026-09-05 14:50:18.537,0 days 01:03:41.933000,41,372.898333333329,0 days 00:01:10.433000,11273.0,323.0,8,100.0,False,0,car,4943.468888888892,0.8552235517379,OnTrack,1037.5838906763981,-3755.9095325343883,1851.1766122920876
2026-09-05 14:50:18.579,0 days 01:03:41.975000,41,372.0933308799958,0 days 00:01:10.475000,11242.2874064,322.343748,8,100.0,False,0,pos,4947.205764870164,0.8558700338784654,OnTrack,1034.0,-3793.0,1851.0
2026-09-05 14:50:18.857,0 days 01:03:42.253000,41,366.7649999999967,0 days 00:01:10.753000,11039.0,318.0,8,100.0,False,0,car,4971.735555555559,0.8601137047065559,OnTrack,1009.3559937506805,-4040.429965677511,1850.2713113577247
2026-09-05 14:50:18.919,0 days 01:03:42.315000,41,365.62833098666334,0 days 00:01:10.815000,10987.4623936,317.6124992,8,100.0,False,0,pos,4977.207655923706,0.8610603818714171,OnTrack,1004.0,-4094.0,1850.0
2026-09-05 14:50:19.017,0 days 01:03:42.413000,41,363.8316666666633,0 days 00:01:10.913000,10906.0,317.0,8,100.0,False,0,car,4985.824444444447,0.8625510922711217,OnTrack,995.7741946357025,-4176.696337477606,1849.4061371452258
2026-09-05 14:50:19.099,0 days 01:03:42.495000,41,362.57888693332984,0 days 00:01:10.995000,10857.9713536,314.6571392,8,100.0,False,0,pos,4992.946361289964,0.8637831888326061,OnTrack,988.0,-4251.0,1849.0
2026-09-05 14:50:19.297,0 days 01:03:42.693000,41,359.553888888885,0 days 00:01:11.193000,10742.0,309.0,8,100.0,False,0,car,5009.857777777781,0.8667088756324436,OnTrack,962.6726894718977,-4468.099067045788,1849.033979269015
2026-09-05 14:50:19.379,0 days 01:03:42.775000,41,358.5744429155516,0 days 00:01:11.275000,10657.3641536,306.6571392,8,83.59997440000001,False,0,pos,5016.779235759562,0.8679062926712536,OnTrack,951.0,-4558.0,1849.0
2026-09-05 14:50:19.577,0 days 01:03:42.973000,41,356.2094444444401,0 days 00:01:11.473000,10453.0,301.0,8,44.0,True,0,car,5033.268888888892,0.8707590141170969,OnTrack,922.1689158973182,-4752.356753424412,1848.1239442331475
2026-09-05 14:50:19.737,0 days 01:03:43.133000,41,354.7872222222177,0 days 00:01:11.633000,9936.0,291.0,8,5.0,True,0,car,5046.202222222226,0.8729964897678498,OnTrack,896.3460338571612,-4891.338852264519,1847.0141322626616
2026-09-05 14:50:19.739,0 days 01:03:43.135000,41,354.78166631110656,0 days 00:01:11.635000,9940.187768,290.7374832,8,5.0250016,True,0,pos,5046.358324484593,0.8730234955676752,OnTrack,896.0,-4893.0,1847.0
2026-09-05 14:50:19.897,0 days 01:03:43.293000,41,354.3427777777724,0 days 00:01:11.793000,10271.0,270.0,8,7.0,True,0,car,5058.202222222227,0.8750724981036001,OnTrack,866.8529227114827,-5018.273978828252,1845.8634379741236
2026-09-05 14:50:20.217,0 days 01:03:43.613000,41,355.6761111111073,0 days 00:01:12.113000,10780.0,248.0,7,9.0,True,0,car,5080.2466666666705,0.8788862023055707,OnTrack,805.3404718884012,-5223.009950275133,1844.0061004729985
2026-09-05 14:50:20.219,0 days 01:03:43.615000,41,355.6911120711073,0 days 00:01:12.115000,10776.4622736,247.874992,7,9.0500032,True,0,pos,5080.380282442226,0.8789093179275574,OnTrack,805.0,-5224.0,1844.0
2026-09-05 14:50:20.377,0 days 01:03:43.773000,41,356.8761111111071,0 days 00:01:12.273000,10497.0,238.0,6,13.0,True,0,car,5090.824444444448,0.8807161652089356,OnTrack,780.0788721956351,-5290.461781341551,1843.750823462353
2026-09-05 14:50:20.537,0 days 01:03:43.933000,41,358.43166666666184,0 days 00:01:12.433000,11197.0,232.0,6,16.0,True,0,car,5101.13555555556,0.8824999945937284,OnTrack,755.3620434719526,-5343.083064143339,1843.8742138124517
2026-09-05 14:50:20.640,0 days 01:03:44.036000,41,359.63333407999596,0 days 00:01:12.536000,11389.61011968,228.39499776,6,16.51500032,True,0,pos,5107.6145572989135,0.8836208663959401,OnTrack,734.0,-5384.0,1844.0
2026-09-05 14:50:20.737,0 days 01:03:44.133000,41,360.7649999999967,0 days 00:01:12.633000,11571.0,225.0,5,17.0,False,0,car,5113.635555555559,0.8846625032768013,OnTrack,709.5481635417993,-5428.584034013795,1844.1397685543225
2026-09-05 14:50:20.820,0 days 01:03:44.216000,41,361.87166751999615,0 days 00:01:12.716000,11433.531144,222.9249984,5,17.5187504,False,0,pos,5118.751073539103,0.8855474914414277,OnTrack,677.0,-5475.0,1844.0
2026-09-05 14:50:20.897,0 days 01:03:44.293000,41,362.898333333329,0 days 00:01:12.793000,11306.0,221.0,5,18.0,False,0,car,5123.457777777782,0.8863617545442117,OnTrack,631.275864058295,-5527.463734607863,1843.4587251950402
2026-09-05 14:50:21.059,0 days 01:03:44.455000,41,365.3283352533292,0 days 00:01:12.955000,11189.224907733333,217.62499733333334,5,33.525012266666664,False,0,pos,5133.2141746540865,0.888049617981053,OnTrack,522.0,-5637.0,1842.0
2026-09-05 14:50:21.137,0 days 01:03:44.533000,41,366.49833333332936,0 days 00:01:13.033000,11133.0,216.0,5,41.0,False,0,car,5137.857777777782,0.8888529645471118,OnTrack,490.4471660389938,-5666.035561866478,1841.8892551639387
2026-09-05 14:50:21.377,0 days 01:03:44.773000,41,370.49833333333027,0 days 00:01:13.273000,11117.0,212.0,5,67.0,False,0,car,5151.991111111115,0.8912980410314397,OnTrack,436.7275708214476,-5695.651672170534,1842.994659851643
2026-09-05 14:50:21.379,0 days 01:03:44.775000,41,370.53277998221915,0 days 00:01:13.275000,11116.77998592,211.98999936,5,67.09000576,False,0,pos,5152.108330387811,0.891318320047734,OnTrack,436.0,-5696.0,1843.0
2026-09-05 14:50:21.577,0 days 01:03:44.973000,41,373.9427777777746,0 days 00:01:13.473000,11095.0,211.0,5,76.0,False,0,car,5163.713333333338,0.8933259936186773,OnTrack,334.61635357299525,-5744.445987128412,1843.0460907418892
2026-09-05 14:50:21.659,0 days 01:03:45.055000,41,375.33222439110796,0 days 00:01:13.555000,11171.4358336,211.8785728,5,79.2214336,False,0,pos,5168.562792298549,0.8941649533883153,OnTrack,287.0,-5763.0,1843.0
2026-09-05 14:50:21.857,0 days 01:03:45.253000,41,378.68722222221913,0 days 00:01:13.753000,11356.0,214.0,5,87.0,False,0,car,5180.357777777782,0.8962054940695603,OnTrack,174.16245347488334,-5790.811538159422,1843.0005514760946
2026-09-05 14:50:21.859,0 days 01:03:45.255000,41,378.721668871108,0 days 00:01:13.755000,11356.1375088,214.0125008,5,87.1375088,False,0,pos,5180.4769646607065,0.8962261134830989,OnTrack,173.0,-5791.0,1843.0
2026-09-05 14:50:22.017,0 days 01:03:45.413000,41,381.4427777777746,0 days 00:01:13.913000,11367.0,215.0,5,98.0,False,0,car,5189.9133333333375,0.8978586118183983,OnTrack,79.19877464859276,-5800.935433825612,1842.9965226960994
2026-09-05 14:50:22.019,0 days 01:03:45.415000,41,381.47611324444125,0 days 00:01:13.915000,11368.375088,215.03000192,5,98.01000064,False,0,pos,5190.033673492649,0.8978794307495529,OnTrack,78.0,-5801.0,1843.0
2026-09-05 14:50:22.279,0 days 01:03:45.675000,41,385.8094465777742,0 days 00:01:14.175000,11547.125088,218.93000192,5,99.31000064,False,0,pos,5205.91827173077,0.9006274772789181,OnTrack,-79.0,-5796.0,1844.0
2026-09-05 14:50:22.417,0 days 01:03:45.813000,41,388.10944444444067,0 days 00:01:14.313000,11642.0,221.0,5,100.0,False,0,car,5214.468888888893,0.902106739986924,OnTrack,-163.48857822529962,-5781.694171445955,1844.0158408331513
2026-09-05 14:50:22.459,0 days 01:03:45.855000,41,388.7744464711075,0 days 00:01:14.355000,11681.200119466666,221.70000213333333,5,100.0,False,0,pos,5217.080788695629,0.9025586004678345,OnTrack,-189.0,-5776.0,1844.0
2026-09-05 14:50:22.619,0 days 01:03:46.015000,41,391.30777980444157,0 days 00:01:14.515000,11830.5334528,224.3666688,5,100.0,False,0,pos,5227.078596428883,0.9042882281506233,OnTrack,-285.0,-5749.0,1844.0
2026-09-05 14:50:22.657,0 days 01:03:46.053000,41,391.90944444444176,0 days 00:01:14.553000,11866.0,225.0,5,100.0,False,0,car,5229.468888888893,0.9047017504066117,OnTrack,-307.884919995144,-5741.179635951556,1843.9813991964033
2026-09-05 14:50:22.799,0 days 01:03:46.195000,41,394.0788908444413,0 days 00:01:14.695000,11437.3371136,226.7750016,5,100.0,False,0,pos,5238.459937659094,0.9062572080894511,OnTrack,-391.0,-5709.0,1844.0
2026-09-05 14:50:22.977,0 days 01:03:46.373000,41,396.79833333332954,0 days 00:01:14.873000,10900.0,229.0,5,100.0,False,0,car,5249.824444444449,0.908223275657625,OnTrack,-484.6110523374667,-5665.033831250282,1844.8662367517998
2026-09-05 14:50:23.019,0 days 01:03:46.415000,41,397.42833525332946,0 days 00:01:14.915000,10795.5246816,229.5250016,5,100.0,False,0,pos,5252.5139586174955,0.9086885634778219,OnTrack,-515.0,-5647.0,1845.0
2026-09-05 14:50:23.137,0 days 01:03:46.533000,41,399.1983333333292,0 days 00:01:15.033000,10502.0,231.0,6,100.0,False,0,car,5260.091111111115,0.9099994161226557,OnTrack,-625.8417351998229,-5574.691821882432,1845.0243209070572
2026-09-05 14:50:23.199,0 days 01:03:46.595000,41,400.11111299555137,0 days 00:01:15.095000,10529.28005632,231.62000128,6,100.0,False,0,pos,5264.089703364514,0.9106911753600991,OnTrack,-682.0,-5536.0,1845.0
2026-09-05 14:50:23.337,0 days 01:03:46.733000,41,402.1427777777735,0 days 00:01:15.233000,10590.0,233.0,6,100.0,False,0,car,5273.03555555556,0.912238814003349,OnTrack,-773.8528040690665,-5467.913592149369,1845.1330217471834
2026-09-05 14:50:23.617,0 days 01:03:47.013000,41,406.1872222222173,0 days 00:01:15.513000,10709.0,236.0,6,100.0,False,0,car,5291.391111111116,0.9154143378650706,OnTrack,-854.9115283253606,-5383.628116473702,1845.8833302090065
2026-09-05 14:50:23.719,0 days 01:03:47.115000,41,407.60389066666204,0 days 00:01:15.615000,10767.6500736,237.53000192,6,100.0,False,0,pos,5298.146190855899,0.9165829713533062,OnTrack,-885.0,-5348.0,1846.0
2026-09-05 14:50:23.817,0 days 01:03:47.213000,41,408.9649999999956,0 days 00:01:15.713000,10824.0,239.0,6,100.0,False,0,car,5304.668888888893,0.9177114026439792,OnTrack,-918.0404060206739,-5308.821623477569,1845.9990686088472
2026-09-05 14:50:23.977,0 days 01:03:47.373000,41,411.1427777777726,0 days 00:01:15.873000,10894.0,241.0,6,100.0,False,0,car,5315.380000000005,0.9195644323066304,OnTrack,-979.5711495904965,-5234.688587269274,1845.8391166493725
2026-09-05 14:50:24.099,0 days 01:03:47.495000,41,412.7694461511063,0 days 00:01:15.995000,10936.7000448,242.01666773333332,6,100.0,False,0,pos,5323.587768128792,0.9209843818944028,OnTrack,-1027.0,-5171.0,1846.0
2026-09-05 14:50:24.217,0 days 01:03:47.613000,41,414.34277777777334,0 days 00:01:16.113000,10978.0,243.0,6,100.0,False,0,car,5331.5800000000045,0.9223670435598931,OnTrack,-1072.0016676291355,-5103.818607023814,1846.479103651466
2026-09-05 14:50:24.319,0 days 01:03:47.715000,41,415.6461127466625,0 days 00:01:16.215000,11016.978620342858,244.4571446857143,6,100.0,False,0,pos,5338.547922337736,0.9235724989645588,OnTrack,-1108.0,-5046.0,1847.0
2026-09-05 14:50:24.497,0 days 01:03:47.893000,41,417.9205555555518,0 days 00:01:16.393000,11085.0,247.0,6,100.0,False,0,car,5350.791111111115,0.9256905791270337,OnTrack,-1165.2074282920196,-4943.606987961627,1847.8817903802114
2026-09-05 14:50:24.519,0 days 01:03:47.915000,41,418.1955571555518,0 days 00:01:16.415000,11093.937552,247.1375008,6,100.0,False,0,pos,5352.305550786909,0.9259525782429453,OnTrack,-1174.0,-4926.0,1848.0
2026-09-05 14:50:24.657,0 days 01:03:48.053000,41,419.9205555555518,0 days 00:01:16.553000,11150.0,248.0,6,100.0,False,0,car,5361.813333333337,0.927597431228019,OnTrack,-1239.3915317814597,-4787.497033931123,1848.7900296386917
2026-09-05 14:50:24.699,0 days 01:03:48.095000,41,420.4455571555518,0 days 00:01:16.595000,11163.6500416,248.2625008,6,100.0,False,0,pos,5364.712692298184,0.928099022342965,OnTrack,-1256.0,-4751.0,1849.0
2026-09-05 14:50:24.817,0 days 01:03:48.213000,41,421.9205555555518,0 days 00:01:16.713000,11202.0,249.0,6,100.0,False,0,car,5372.880000000004,0.9295119722487662,OnTrack,-1284.716004533398,-4684.410279189469,1849.446476310751
2026-09-05 14:50:24.999,0 days 01:03:48.395000,41,424.1450015644406,0 days 00:01:16.895000,11287.54006016,250.82000128,6,100.0,False,0,pos,5385.565226603496,0.9317065252629103,OnTrack,-1306.0,-4621.0,1850.0
2026-09-05 14:50:25.017,0 days 01:03:48.413000,41,424.36499999999614,0 days 00:01:16.913000,11296.0,251.0,6,100.0,False,0,car,5386.824444444448,0.9319243708241055,OnTrack,-1309.1756843133694,-4611.527781947537,1850.070886905428
2026-09-05 14:50:25.219,0 days 01:03:48.615000,41,426.7777793066614,0 days 00:01:17.115000,11391.1083936,252.6833344,6,100.0,False,0,pos,5401.009197865665,0.9343783430193561,OnTrack,-1354.0,-4475.0,1851.0
2026-09-05 14:50:25.257,0 days 01:03:48.653000,41,427.2316666666611,0 days 00:01:17.153000,11409.0,253.0,6,100.0,False,0,car,5403.691111111116,0.934842315873799,OnTrack,-1361.9673972320327,-4448.482883595623,1851.168337074036
2026-09-05 14:50:25.539,0 days 01:03:48.935000,41,430.4433347911061,0 days 00:01:17.435000,11520.9188008,255.6437512,6,100.0,False,0,pos,5423.731740487432,0.9383093586770416,OnTrack,-1411.0,-4256.0,1852.0
2026-09-05 14:50:25.577,0 days 01:03:48.973000,41,430.8761111111062,0 days 00:01:17.473000,11536.0,256.0,6,100.0,False,0,car,5426.446666666671,0.9387790427919622,OnTrack,-1416.7324606248228,-4229.529182434408,1851.9929504786185
2026-09-05 14:50:25.599,0 days 01:03:48.995000,41,431.12055697777294,0 days 00:01:17.495000,11543.0125408,256.2750016,6,100.0,False,0,pos,5428.019814106533,0.9390511983918387,OnTrack,-1420.0,-4214.0,1852.0
2026-09-05 14:50:25.737,0 days 01:03:49.133000,41,432.65388888888447,0 days 00:01:17.633000,11587.0,258.0,6,100.0,False,0,car,5437.9133333333375,0.9407627840905678,OnTrack,-1439.946340374585,-4111.969709203484,1852.5184086247145
2026-09-05 14:50:25.939,0 days 01:03:49.335000,41,434.89833475555065,0 days 00:01:17.835000,11602.9916768,259.6833344,6,100.0,False,0,pos,5452.493798611694,0.9432852147119831,OnTrack,-1467.0,-3918.0,1854.0
2026-09-05 14:50:25.977,0 days 01:03:49.373000,41,435.3205555555505,0 days 00:01:17.873000,11606.0,260.0,6,100.0,False,0,car,5455.246666666671,0.9437614627977625,OnTrack,-1471.7284797313773,-3870.2584668751497,1854.2422134338515
2026-09-05 14:50:26.119,0 days 01:03:49.515000,41,436.819445795551,0 days 00:01:18.015000,11653.9250432,260.71000064,6,100.0,False,0,pos,5465.5571193421965,0.9455451782727415,OnTrack,-1487.0,-3687.0,1855.0
2026-09-05 14:50:26.377,0 days 01:03:49.773000,41,439.54277777777406,0 days 00:01:18.273000,11741.0,262.0,6,100.0,False,0,car,5484.357777777782,0.948797705241897,OnTrack,-1494.4780511265421,-3548.1636001443935,1855.5679786038017
2026-09-05 14:50:26.537,0 days 01:03:49.933000,41,441.1872222222173,0 days 00:01:18.433000,11041.0,263.0,6,100.0,False,0,car,5496.046666666672,0.950819891139313,OnTrack,-1494.9805133066734,-3485.072595230136,1855.9922284605727
2026-09-05 14:50:26.539,0 days 01:03:49.935000,41,441.2066679111062,0 days 00:01:18.435000,11038.6498496,263.0181829818182,6,100.0,False,0,pos,5496.19331502145,0.9508452614065583,OnTrack,-1495.0,-3484.0,1856.0
2026-09-05 14:50:26.739,0 days 01:03:50.135000,41,443.1511123555505,0 days 00:01:18.635000,10803.6498496,264.8363648,6,100.0,False,0,pos,5510.941362929816,0.9533966839393759,OnTrack,-1498.0,-3337.0,1857.0
2026-09-05 14:50:26.939,0 days 01:03:50.335000,41,445.0955567999947,0 days 00:01:18.835000,10568.6498496,266.6545466181818,6,100.0,False,0,pos,5525.836428738517,0.9559735406710765,OnTrack,-1500.0,-3116.0,1858.0
2026-09-05 14:50:26.977,0 days 01:03:50.373000,41,445.4649999999947,0 days 00:01:18.873000,10524.0,267.0,7,100.0,False,0,car,5528.680000000005,0.9564654804745891,OnTrack,-1500.1425253643852,-3081.1113225681283,1858.171066572038
2026-09-05 14:50:27.377,0 days 01:03:50.773000,41,449.02055555555125,0 days 00:01:19.273000,10634.0,271.0,7,100.0,False,0,car,5558.791111111115,0.9616747236133694,OnTrack,-1497.3252431803141,-2861.1142629333976,1859.8691877986244
2026-09-05 14:50:27.400,0 days 01:03:50.796000,41,449.21861166221765,0 days 00:01:19.296000,10646.937536,271.0,7,100.0,False,0,pos,5560.521687514527,0.9619741145332973,OnTrack,-1497.0,-2846.0,1860.0
2026-09-05 14:50:27.537,0 days 01:03:50.933000,41,450.3983333333272,0 days 00:01:19.433000,10724.0,271.0,7,100.0,False,0,car,5570.835555555561,0.9637584208688817,OnTrack,-1494.7765742961537,-2743.034688432256,1860.8330086517653
2026-09-05 14:50:27.580,0 days 01:03:50.976000,41,450.74472281666476,0 days 00:01:19.476000,10743.43419705263,271.45907552092825,7,100.0,False,0,pos,5574.087462618991,0.9643210030497789,OnTrack,-1494.0,-2711.0,1861.0
2026-09-05 14:50:27.818,0 days 01:03:51.214000,41,452.66194444443954,0 days 00:01:19.714000,10851.0,274.0,7,100.0,False,0,car,5592.2227777777825,0.9674584251698711,OnTrack,-1489.373502992396,-2555.9638364427037,1860.9711087815563
2026-09-05 14:50:27.839,0 days 01:03:51.235000,41,452.8194458563613,0 days 00:01:19.735000,10854.100306344235,274.1754890383529,7,100.0,False,0,pos,5593.831684611908,0.9677367671697952,OnTrack,-1489.0,-2543.0,1861.0
2026-09-05 14:50:28.177,0 days 01:03:51.573000,41,455.35444444443965,0 days 00:01:20.073000,10904.0,277.0,7,100.0,False,0,car,5619.845833333337,0.9722372329692229,OnTrack,-1481.9449950550359,-2305.755246895676,1862.8695688274904
2026-09-05 14:50:28.199,0 days 01:03:51.595000,41,455.5194454044395,0 days 00:01:20.095000,10903.8624992,277.0,7,100.0,False,0,pos,5621.538907893851,0.9725301360442791,OnTrack,-1481.0,-2283.0,1863.0
2026-09-05 14:50:28.337,0 days 01:03:51.733000,41,456.55444444443856,0 days 00:01:20.233000,10903.0,277.0,7,100.0,False,0,car,5632.156944444449,0.9743670637433075,OnTrack,-1473.3950284163425,-2117.1560255828454,1863.750023503515
2026-09-05 14:50:28.379,0 days 01:03:51.775000,41,456.8577787022163,0 days 00:01:20.275000,10913.08003072,277.21000064,7,100.0,False,0,pos,5635.392567276061,0.9749268287407883,OnTrack,-1471.0,-2068.0,1864.0
2026-09-05 14:50:28.537,0 days 01:03:51.933000,41,457.9988888888829,0 days 00:01:20.433000,10951.0,278.0,7,100.0,False,0,car,5647.601388888894,0.9770389633606155,OnTrack,-1462.8356220401415,-1910.679797396251,1865.138889866539
2026-09-05 14:50:28.779,0 days 01:03:52.175000,41,459.61222307555016,0 days 00:01:20.675000,11037.2125456,280.2687512,7,100.0,False,0,pos,5666.4866280296055,0.9803061228505113,OnTrack,-1452.0,-1727.0,1867.0
2026-09-05 14:50:28.857,0 days 01:03:52.253000,41,460.132222222217,0 days 00:01:20.753000,11065.0,281.0,7,100.0,False,0,car,5672.579166666671,0.9813601362668805,OnTrack,-1448.613997452236,-1672.9713262566795,1867.4570374417697
2026-09-05 14:50:29.017,0 days 01:03:52.413000,41,461.19888888888363,0 days 00:01:20.913000,11082.0,281.0,7,100.0,False,0,car,5685.06805555556,0.983520722720013,OnTrack,-1441.8108016453452,-1569.4451565931515,1868.1659992765558
2026-09-05 14:50:29.177,0 days 01:03:52.573000,41,462.17666666666173,0 days 00:01:21.073000,11141.0,283.0,7,100.0,False,0,car,5697.645833333338,0.9856966870126697,OnTrack,-1434.1182539647186,-1458.8718009251015,1868.685654113411
2026-09-05 14:50:29.279,0 days 01:03:52.675000,41,462.6866673066617,0 days 00:01:21.175000,11148.6500096,283.51000064,7,100.0,False,0,pos,5705.681372547771,0.9870868408786206,OnTrack,-1428.0,-1373.0,1869.0
2026-09-05 14:50:29.377,0 days 01:03:52.773000,41,463.17666666666173,0 days 00:01:21.273000,11156.0,284.0,7,100.0,False,0,car,5713.423611111116,0.988426253528193,OnTrack,-1421.2278146691585,-1279.1631976737867,1869.289960410097
2026-09-05 14:50:29.577,0 days 01:03:52.973000,41,463.621111111107,0 days 00:01:21.473000,11263.0,286.0,7,100.0,False,0,car,5729.312500000005,0.9911750423431215,OnTrack,-1406.5301518415831,-1079.3511108195923,1869.8703544505688
2026-09-05 14:50:29.619,0 days 01:03:53.015000,41,463.67944462221806,0 days 00:01:21.515000,11265.450007466667,286.0,7,100.0,False,0,pos,5732.649619188825,0.9917523662809036,OnTrack,-1404.0,-1046.0,1870.0
2026-09-05 14:50:29.817,0 days 01:03:53.213000,41,463.95444444444,0 days 00:01:21.713000,11277.0,286.0,7,100.0,False,0,car,5748.379166666671,0.9944735889210355,OnTrack,-1395.2055957528612,-936.5659822465469,1870.652878660477
2026-09-05 14:50:29.979,0 days 01:03:53.375000,41,463.9094444088844,0 days 00:01:21.875000,11280.24000256,286.81000064,7,100.0,False,0,pos,5761.289742612668,0.9967071275279709,OnTrack,-1388.0,-849.0,1871.0
2026-09-05 14:50:30.017,0 days 01:03:53.413000,41,463.89888888888436,0 days 00:01:21.913000,11281.0,287.0,7,100.0,False,0,car,5764.3236111111155,0.9972319888856664,OnTrack,-1385.8844656281392,-822.4833258618955,1871.0308497984543
2026-09-05 14:50:30.108,0 days 01:03:53.504000,41,463.89888888888436,0 days 00:01:22.004000,11305.57001728,287.45500032,7,100.0,False,0,interpolation,5771.596902781554,0.998490273397014,OnTrack,-1380.160619155849,-749.7409156586789,1871.0265683132297
