Date,SessionTime,DriverAhead,DistanceToDriverAhead,Time,RPM,Speed,nGear,Throttle,Brake,DRS,Source,Distance,RelativeDistance,Status,X,Y,Z
2026-09-05 14:17:01.425,0 days 00:30:24.821000,,251.43833333333333,0 days 00:00:00,11348.058036596325,291.59336141898393,7,100.0,False,0,interpolation,0.056624645916237615,9.811668469059211e-06,OnTrack,-1375.964210538807,-706.4825397219014,1870.9604174893236
2026-09-05 14:17:01.439,0 days 00:30:24.835000,,251.43833333333333,0 days 00:00:00.014000,11318.024559010672,291.82572875040097,7,100.0,False,0,pos,1.1982024946779273,0.0002076192344579159,OnTrack,-1375.0,-695.0,1871.0
2026-09-05 14:17:01.570,0 days 00:30:24.966000,,251.43833333333333,0 days 00:00:00.145000,11037.0,294.0,7,100.0,False,0,car,11.948333333333338,0.002070354410655332,OnTrack,-1366.0149111188994,-586.7666731899359,1871.562632435581
2026-09-05 14:17:01.659,0 days 00:30:25.055000,,251.43833333333333,0 days 00:00:00.234000,10896.546572,295.9468792,7,100.0,False,0,pos,19.32228276011498,0.0033480797882271046,OnTrack,-1360.0,-515.0,1872.0
2026-09-05 14:17:01.879,0 days 00:30:25.275000,,251.43833333333333,0 days 00:00:00.454000,10549.359072,300.7593792,7,100.0,False,0,pos,37.77424864211567,0.00654535491299166,OnTrack,-1344.0,-332.0,1873.0
2026-09-05 14:17:01.890,0 days 00:30:25.286000,18,251.43833333333333,0 days 00:00:00.465000,10532.0,301.0,8,100.0,False,0,car,38.7038888888889,0.006706438867676803,OnTrack,-1342.9629210389842,-320.2997890364387,1873.0635759052188
2026-09-05 14:17:02.179,0 days 00:30:25.575000,18,252.24111164444446,0 days 00:00:00.754000,10704.798031466667,305.21458613333334,8,100.0,False,0,pos,63.35596899682627,0.010978042392572603,OnTrack,-1311.0,38.0,1875.0
2026-09-05 14:17:02.370,0 days 00:30:25.766000,18,252.7716666666667,0 days 00:00:00.945000,10819.0,308.0,8,100.0,False,0,car,79.77055555555556,0.013822289429616733,OnTrack,-1299.7946136954872,160.3376987972969,1875.5120315116797
2026-09-05 14:17:02.530,0 days 00:30:25.926000,18,253.12722222222226,0 days 00:00:01.105000,10898.0,310.0,8,100.0,False,0,car,93.54833333333335,0.01620964189087364,OnTrack,-1293.6246871300682,229.08530315744892,1875.8059551261597
2026-09-05 14:17:02.579,0 days 00:30:25.975000,18,253.20888920888893,0 days 00:00:01.154000,10909.433378133333,310.4083349333333,8,100.0,False,0,pos,97.78015528603295,0.016942913302078522,OnTrack,-1291.0,260.0,1876.0
2026-09-05 14:17:02.759,0 days 00:30:26.155000,18,253.50888920888892,0 days 00:00:01.334000,10951.433378133333,311.9083349333333,8,100.0,False,0,pos,113.39039674512952,0.019647786973963192,OnTrack,-1278.0,416.0,1877.0
2026-09-05 14:17:02.770,0 days 00:30:26.166000,18,253.52722222222224,0 days 00:00:01.345000,10954.0,312.0,8,100.0,False,0,car,114.34833333333334,0.019813773993674382,OnTrack,-1276.9787739496635,428.061916361394,1877.0560603318563
2026-09-05 14:17:03.019,0 days 00:30:26.415000,18,253.5272222222222,0 days 00:00:01.594000,11052.97757632,314.49000192,8,100.0,False,0,pos,136.15850969074555,0.023592944992592416,OnTrack,-1251.0,730.0,1878.0
2026-09-05 14:17:03.170,0 days 00:30:26.566000,18,253.5272222222222,0 days 00:00:01.745000,11113.0,316.0,8,100.0,False,0,car,149.45944444444447,0.02589767220139359,OnTrack,-1242.8949864815656,825.522575670049,1878.444473702796
2026-09-05 14:17:03.319,0 days 00:30:26.715000,18,253.4444443377778,0 days 00:00:01.894000,11173.531328,317.8625024,8,100.0,False,0,pos,162.619347405985,0.028177962044346992,OnTrack,-1236.0,906.0,1879.0
2026-09-05 14:17:03.330,0 days 00:30:26.726000,18,253.43833333333336,0 days 00:00:01.905000,11178.0,318.0,8,100.0,False,0,car,163.5927777777778,0.028346633758424864,OnTrack,-1235.2865904614966,914.1663492574601,1879.0526375057545
2026-09-05 14:17:03.499,0 days 00:30:26.895000,18,253.20361089828762,0 days 00:00:02.074000,11211.31544239359,319.2114706324942,8,100.0,False,0,pos,178.58598237645367,0.030944590009287724,OnTrack,-1222.0,1065.0,1880.0
2026-09-05 14:17:03.609,0 days 00:30:27.005000,18,253.05083333333337,0 days 00:00:02.184000,11233.0,320.0,8,100.0,False,0,car,188.3927777777778,0.032643868188687294,OnTrack,-1213.7100178271387,1159.4616621484954,1880.6149277864388
2026-09-05 14:17:03.679,0 days 00:30:27.075000,18,252.89527749333337,0 days 00:00:02.254000,11255.1667072,320.8750016,8,100.0,False,0,pos,194.65622420072324,0.03372917051210605,OnTrack,-1208.0,1225.0,1881.0
2026-09-05 14:17:03.849,0 days 00:30:27.245000,18,252.51750000000007,0 days 00:00:02.424000,11309.0,323.0,8,100.0,False,0,car,209.9261111111111,0.03637506905152267,OnTrack,-1190.8228831257502,1423.848739792375,1881.931632624686
2026-09-05 14:17:04.039,0 days 00:30:27.435000,18,251.9369440533334,0 days 00:00:02.614000,11337.02501888,323.95000064,8,100.0,False,0,pos,227.04788426949165,0.039341854258108794,OnTrack,-1171.0,1655.0,1883.0
2026-09-05 14:17:04.249,0 days 00:30:27.645000,18,251.29527777777787,0 days 00:00:02.824000,11368.0,325.0,8,100.0,False,0,car,246.03722222222223,0.042632242841107296,OnTrack,-1155.0054547933087,1843.2071998106735,1884.2552586630059
2026-09-05 14:17:04.418,0 days 00:30:27.814000,18,250.6380558044445,0 days 00:00:02.993000,11384.8999936,325.93888853333334,8,100.0,False,0,pos,261.3695934543062,0.04528896838772328,OnTrack,-1145.0,1961.0,1885.0
2026-09-05 14:17:04.609,0 days 00:30:28.005000,18,249.89527777777778,0 days 00:00:03.184000,11404.0,327.0,8,100.0,False,0,car,278.7372222222223,0.048298354368106554,OnTrack,-1135.293566115656,2073.817801624114,1885.2696756632547
2026-09-05 14:17:04.818,0 days 00:30:28.214000,18,249.02444471111116,0 days 00:00:03.393000,11457.991650133334,327.5805553777778,8,100.0,False,0,pos,297.7691473591489,0.05159612227022665,OnTrack,-1120.0,2251.0,1886.0
2026-09-05 14:17:04.969,0 days 00:30:28.365000,18,248.39527777777784,0 days 00:00:03.544000,11497.0,328.0,8,100.0,False,0,car,311.5372222222223,0.05398179345329234,OnTrack,-1101.8166459267027,2462.4972383553713,1887.5249643518557
2026-09-05 14:17:05.018,0 days 00:30:28.414000,18,248.1638891911112,0 days 00:00:03.593000,11497.6124992,328.2041664,8,100.0,False,0,pos,316.0081738783069,0.05475650020299257,OnTrack,-1096.0,2530.0,1888.0
2026-09-05 14:17:05.209,0 days 00:30:28.605000,18,247.26194444444457,0 days 00:00:03.784000,11500.0,329.0,8,100.0,False,0,car,333.4705555555556,0.0577823045488739,OnTrack,-1077.1405557689018,2747.4406929807683,1889.260377319876
2026-09-05 14:17:05.409,0 days 00:30:28.805000,18,246.20638888888902,0 days 00:00:03.984000,11538.0,331.0,8,100.0,False,0,car,351.85944444444453,0.06096864997095469,OnTrack,-1062.761201788121,2911.836274149609,1889.9199375370965
2026-09-05 14:17:05.438,0 days 00:30:28.834000,18,246.04527671111123,0 days 00:00:04.013000,11538.7250048,331.0,8,100.0,False,0,pos,354.5254945951812,0.061430611362105994,OnTrack,-1061.0,2932.0,1890.0
2026-09-05 14:17:05.769,0 days 00:30:29.165000,18,244.2063888888889,0 days 00:00:04.344000,11547.0,331.0,8,100.0,False,0,car,384.95944444444456,0.0667040717307001,OnTrack,-1043.9122400806862,3129.4868786018324,1890.8715181556875
2026-09-05 14:17:05.798,0 days 00:30:29.194000,18,244.02110988444446,0 days 00:00:04.373000,11546.033326933333,331.2416682666667,8,100.0,False,0,pos,387.6382783032647,0.06716824822630796,OnTrack,-1042.0,3152.0,1891.0
2026-09-05 14:17:05.978,0 days 00:30:29.374000,18,242.87111152000006,0 days 00:00:04.553000,11540.033335466667,332.74166613333335,8,100.0,False,0,pos,404.29775714436965,0.07005492911607507,OnTrack,-1028.0,3317.0,1892.0
2026-09-05 14:17:06.009,0 days 00:30:29.405000,18,242.6730555555556,0 days 00:00:04.584000,11539.0,333.0,8,100.0,False,0,car,407.1594444444445,0.07055078964811243,OnTrack,-1025.4973482230816,3346.004873572668,1892.1671967859506
2026-09-05 14:17:06.178,0 days 00:30:29.574000,18,241.68722259555557,0 days 00:00:04.753000,11544.4321408,331.7928576,8,100.0,False,0,pos,422.6985883508654,0.073243343850188,OnTrack,-1012.0,3501.0,1893.0
2026-09-05 14:17:06.289,0 days 00:30:29.685000,18,241.03972222222222,0 days 00:00:04.864000,11548.0,331.0,8,100.0,False,0,car,432.90388888888896,0.07501167323902554,OnTrack,-1003.4211841664301,3602.121937879524,1893.521328190725
2026-09-05 14:17:06.398,0 days 00:30:29.794000,18,240.34333210666668,0 days 00:00:04.973000,11530.83246976,331.27250048,8,100.0,False,0,pos,442.95641242553177,0.07675353010405316,OnTrack,-995.0,3702.0,1894.0
2026-09-05 14:17:06.638,0 days 00:30:30.034000,18,238.80999877333335,0 days 00:00:05.213000,11493.03246976,331.87250048,8,100.0,False,0,pos,465.1146272404945,0.0805930076692148,OnTrack,-976.0,3922.0,1895.0
2026-09-05 14:17:06.689,0 days 00:30:30.085000,18,238.48416666666668,0 days 00:00:05.264000,11485.0,332.0,8,100.0,False,0,car,469.79277777777787,0.0814036169256166,OnTrack,-972.1029610245195,3965.722679845631,1895.2856399743637
2026-09-05 14:17:06.798,0 days 00:30:30.194000,18,237.9088878755556,0 days 00:00:05.373000,11471.374976,330.18333013333336,8,100.0,False,0,pos,479.7475921095819,0.08312854317132218,OnTrack,-963.0,4068.0,1896.0
2026-09-05 14:17:06.929,0 days 00:30:30.325000,18,237.2175000000001,0 days 00:00:05.504000,11455.0,328.0,8,100.0,False,0,car,491.6594444444445,0.08519257631574045,OnTrack,-947.6379729368302,4246.90345944214,1897.0035838755746
2026-09-05 14:17:07.098,0 days 00:30:30.494000,18,236.37250032,0 days 00:00:05.673000,11434.4031328,327.4718752,8,100.0,False,0,pos,506.9930874724267,0.08784952223353071,OnTrack,-929.0,4468.0,1898.0
2026-09-05 14:17:07.249,0 days 00:30:30.645000,18,235.61749999999995,0 days 00:00:05.824000,11416.0,327.0,8,100.0,False,0,car,520.7261111111112,0.09022911989529535,OnTrack,-923.4303962386156,4536.013934790726,1897.996423491347
2026-09-05 14:17:07.359,0 days 00:30:30.755000,18,234.9452769955555,0 days 00:00:05.934000,11402.708317866667,327.9166677333333,8,100.0,False,0,pos,530.7840664192844,0.09197191795369544,OnTrack,-920.0,4576.0,1898.0
2026-09-05 14:17:07.489,0 days 00:30:30.885000,18,234.15083333333325,0 days 00:00:06.064000,11387.0,329.0,8,100.0,False,0,car,542.6594444444446,0.09402963099087691,OnTrack,-911.562138749875,4670.211424888026,1898.4659315010902
2026-09-05 14:17:07.689,0 days 00:30:31.085000,18,232.8175,0 days 00:00:06.264000,11366.0,326.0,8,100.0,False,0,car,560.7705555555557,0.09716784430688397,OnTrack,-893.4742890748188,4873.157411561558,1899.8014006142594
2026-09-05 14:17:07.719,0 days 00:30:31.115000,18,232.41749829333332,0 days 00:00:06.294000,11363.3749888,326.0,8,100.0,False,0,pos,563.4864017136715,0.09763843413018845,OnTrack,-891.0,4902.0,1900.0
2026-09-05 14:17:07.849,0 days 00:30:31.245000,18,230.68416666666667,0 days 00:00:06.424000,11352.0,326.0,8,100.0,False,0,car,575.2594444444446,0.09967841495968963,OnTrack,-881.1572041937861,5020.443677836634,1900.8128687008887
2026-09-05 14:17:07.919,0 days 00:30:31.315000,18,228.89527409923207,0 days 00:00:06.494000,11345.772229186558,325.7508891674623,8,100.0,False,0,pos,581.5893897790605,0.10077523992072149,OnTrack,-876.0,5083.0,1901.0
2026-09-05 14:17:07.959,0 days 00:30:31.355000,18,227.87305164419047,0 days 00:00:06.534000,11342.21350951482,325.60854038059284,8,100.0,False,0,pos,585.2029114225719,0.10140137498608423,OnTrack,-873.0,5119.0,1901.0
2026-09-05 14:17:08.130,0 days 00:30:31.526000,18,223.50305555555553,0 days 00:00:06.705000,11327.0,325.0,8,100.0,False,0,car,600.6275000000002,0.10407407954687282,OnTrack,-859.5358522669142,5272.317382082088,1901.5026007010574
2026-09-05 14:17:08.239,0 days 00:30:31.635000,18,219.62749317333328,0 days 00:00:06.814000,11317.4624832,324.6593744,8,100.0,False,0,pos,610.444097550604,0.10577505619939237,OnTrack,-851.0,5370.0,1902.0
2026-09-05 14:17:08.450,0 days 00:30:31.846000,18,212.12527777777768,0 days 00:00:07.025000,11299.0,324.0,8,100.0,False,0,car,629.4275000000002,0.10906441630459694,OnTrack,-835.2382896727324,5559.854008423424,1902.876267676043
2026-09-05 14:17:08.479,0 days 00:30:31.875000,18,211.00554814222212,0 days 00:00:07.054000,11294.79497216,324.0,8,100.0,False,0,pos,632.0368687628157,0.10951655619527526,OnTrack,-833.0,5586.0,1903.0
2026-09-05 14:17:08.650,0 days 00:30:32.046000,18,204.4030555555555,0 days 00:00:07.225000,11270.0,324.0,8,100.0,False,0,car,647.4275000000001,0.11218337677817448,OnTrack,-819.2876596501305,5739.569545084574,1903.8181494075645
2026-09-05 14:17:08.679,0 days 00:30:32.075000,18,203.0336020444444,0 days 00:00:07.254000,11264.9249664,324.0,8,100.0,False,0,pos,650.0391068382161,0.11263590447267008,OnTrack,-817.0,5765.0,1904.0
2026-09-05 14:17:08.810,0 days 00:30:32.206000,18,196.84749999999997,0 days 00:00:07.385000,11242.0,324.0,8,100.0,False,0,car,661.8275000000001,0.11467854515703653,OnTrack,-807.0388085181704,5876.691297353662,1905.0301701590324
2026-09-05 14:17:08.979,0 days 00:30:32.375000,18,188.20971240888883,0 days 00:00:07.554000,11218.460687542856,322.79285577142855,8,100.0,False,0,pos,676.9434756244758,0.11729777462883108,OnTrack,-794.0,6034.0,1906.0
2026-09-05 14:17:09.039,0 days 00:30:32.435000,18,185.14304574222217,0 days 00:00:07.614000,11210.103544685715,322.36428434285716,8,100.0,False,0,pos,682.3058008277042,0.11822693464857208,OnTrack,-789.0,6099.0,1906.0
2026-09-05 14:17:09.090,0 days 00:30:32.486000,18,182.53638888888884,0 days 00:00:07.665000,11203.0,322.0,8,100.0,False,0,car,686.8719444444446,0.11901813584064384,OnTrack,-784.8157253331963,6150.943201877083,1906.065152697927
2026-09-05 14:17:09.279,0 days 00:30:32.675000,18,171.87887806222219,0 days 00:00:07.854000,11205.3625024,322.7875008,8,100.0,False,0,pos,703.8408613434042,0.12195843478993705,OnTrack,-770.0,6320.0,1907.0
2026-09-05 14:17:09.330,0 days 00:30:32.726000,18,169.00305555555553,0 days 00:00:07.905000,11206.0,323.0,8,100.0,False,0,car,708.4052777777779,0.12274933670347923,OnTrack,-766.1221630196035,6365.53222958634,1907.3844692467694
2026-09-05 14:17:09.519,0 days 00:30:32.915000,18,157.87304424888887,0 days 00:00:08.094000,11205.2124992,321.4249984,8,100.0,False,0,pos,725.2406409020934,0.12566649404476068,OnTrack,-752.0,6536.0,1909.0
2026-09-05 14:17:09.570,0 days 00:30:32.966000,18,154.8697222222222,0 days 00:00:08.145000,11205.0,321.0,8,100.0,False,0,car,729.8052777777779,0.12645743415539923,OnTrack,-748.182038589186,6581.408904004867,1909.35864586146
2026-09-05 14:17:09.679,0 days 00:30:33.075000,18,148.35998853333334,0 days 00:00:08.254000,11192.0562272,321.0,8,100.0,False,0,pos,739.6025051189082,0.1281550544236014,OnTrack,-740.0,6678.0,1910.0
2026-09-05 14:17:09.730,0 days 00:30:33.126000,18,145.31416666666667,0 days 00:00:08.305000,11186.0,321.0,8,100.0,False,0,car,744.0719444444445,0.1289294991233459,OnTrack,-736.1670291993463,6723.466713574731,1910.2551585775552
2026-09-05 14:17:09.999,0 days 00:30:33.395000,18,131.26637886222218,0 days 00:00:08.574000,10502.291178666666,296.90206613333334,8,43.95829333333333,False,0,pos,765.568735524267,0.1326543681059415,OnTrack,-716.0,6961.0,1911.0
2026-09-05 14:17:10.039,0 days 00:30:33.435000,18,129.1774899733333,0 days 00:00:08.614000,10400.624512,293.3187328,8,35.62496,False,0,pos,768.5438192162965,0.13316987746377623,OnTrack,-713.0,6995.0,1911.0
2026-09-05 14:17:10.210,0 days 00:30:33.606000,18,120.24749999999995,0 days 00:00:08.785000,9966.0,278.0,8,0.0,True,0,car,781.1386111111112,0.13535224735782414,OnTrack,-697.3688067281985,7178.231825396865,1911.7353877762798
2026-09-05 14:17:10.419,0 days 00:30:33.815000,18,110.4941594454237,0 days 00:00:08.994000,10212.841408384818,263.44567167542345,8,0.0,True,0,pos,796.244924136651,0.1379698025371657,OnTrack,-680.0,7389.0,1913.0
2026-09-05 14:17:10.569,0 days 00:30:33.965000,18,103.49416666666662,0 days 00:00:09.144000,10390.0,253.0,8,0.0,True,0,car,806.3683333333335,0.1397239421561826,OnTrack,-675.3510334549646,7449.5333299693275,1913.0458572889695
2026-09-05 14:17:10.719,0 days 00:30:34.115000,18,98.20249548444443,0 days 00:00:09.294000,10478.750075733333,234.66665102222223,8,0.0,True,0,pos,815.5556577979216,0.14131588114857055,OnTrack,-672.0,7493.0,1913.0
2026-09-05 14:17:10.929,0 days 00:30:34.325000,18,90.79416666666668,0 days 00:00:09.504000,10603.0,209.0,8,0.0,True,0,car,827.2683333333334,0.1433454018171699,OnTrack,-661.4506724391657,7615.785916267693,1913.772628947172
2026-09-05 14:17:10.978,0 days 00:30:34.374000,18,89.35139077333332,0 days 00:00:09.553000,10757.9622976,202.5687584,8,0.0,True,0,pos,829.9002686782326,0.14380145194548946,OnTrack,-659.0,7644.0,1914.0
2026-09-05 14:17:11.089,0 days 00:30:34.485000,18,86.08305555555546,0 days 00:00:09.664000,11109.0,188.0,6,0.0,True,0,car,835.623888888889,0.14479321556786764,OnTrack,-654.1714695887619,7699.590932411524,1914.514464742386
2026-09-05 14:17:11.198,0 days 00:30:34.594000,18,83.81221822222216,0 days 00:00:09.773000,10478.356032,176.321408,6,0.0,True,0,pos,840.6951522911157,0.1456719416846813,OnTrack,-649.0,7756.0,1915.0
2026-09-05 14:17:11.369,0 days 00:30:34.765000,18,80.2497222222222,0 days 00:00:09.944000,9489.0,158.0,4,0.0,True,0,car,847.9127777777779,0.14692257994056937,OnTrack,-637.7607719462646,7868.794823892662,1915.6970969294177
2026-09-05 14:17:11.438,0 days 00:30:34.834000,18,78.98471870222224,0 days 00:00:10.013000,9659.2004736,153.9749888,4,0.0,True,0,pos,850.7558866939695,0.14741522129232926,OnTrack,-634.0,7904.0,1916.0
2026-09-05 14:17:11.609,0 days 00:30:35.005000,18,75.84972222222234,0 days 00:00:10.184000,10081.0,144.0,4,0.0,True,0,car,857.5127777777778,0.1485860255264774,OnTrack,-628.7176898205357,7943.245627381571,1916.8203757839474
2026-09-05 14:17:11.678,0 days 00:30:35.074000,18,74.87221950222232,0 days 00:00:10.253000,10123.95261952,139.85998848,4,0.0,True,0,pos,860.0307448194877,0.14902232773074764,OnTrack,-626.0,7958.0,1917.0
2026-09-05 14:17:11.898,0 days 00:30:35.294000,18,71.75555646222229,0 days 00:00:10.473000,10260.90246016,126.66000384,4,0.0,True,0,pos,867.3159548326624,0.15028467673479226,OnTrack,-611.0,8033.0,1917.0
2026-09-05 14:17:12.009,0 days 00:30:35.405000,18,70.1830555555556,0 days 00:00:10.584000,10330.0,120.0,2,0.0,True,0,car,870.8461111111112,0.15089636661801634,OnTrack,-601.7469312484749,8067.556221738579,1917.49262130878
2026-09-05 14:17:12.118,0 days 00:30:35.514000,18,68.85083098666668,0 days 00:00:10.693000,9961.670184533334,116.36666026666667,2,0.0,True,0,pos,874.2858926314739,0.1514923967624471,OnTrack,-591.0,8099.0,1918.0
2026-09-05 14:17:12.249,0 days 00:30:35.645000,18,67.2497222222222,0 days 00:00:10.824000,9519.0,112.0,2,0.0,True,0,car,878.3127777777779,0.15219015762927815,OnTrack,-574.7557372038682,8137.299191712719,1918.0784214193989
2026-09-05 14:17:12.418,0 days 00:30:35.814000,18,65.65361171555557,0 days 00:00:10.993000,9278.1750912,105.964288,2,0.0,True,0,pos,883.1995285873799,0.15303691221924326,OnTrack,-555.0,8177.0,1918.0
2026-09-05 14:17:12.529,0 days 00:30:35.925000,18,64.60527777777781,0 days 00:00:11.104000,9120.0,102.0,2,0.0,True,0,car,886.2461111111112,0.1535648105787438,OnTrack,-547.737256664803,8189.145722977367,1918.3516292628797
2026-09-05 14:17:12.698,0 days 00:30:36.094000,18,63.61944481777775,0 days 00:00:11.273000,10302.999552,95.6625024,2,0.0,True,0,pos,890.6660122660672,0.15433067152315647,OnTrack,-536.0,8203.0,1919.0
2026-09-05 14:17:12.769,0 days 00:30:36.165000,18,63.205277777777724,0 days 00:00:11.344000,10800.0,93.0,1,0.0,True,0,car,892.4461111111112,0.15463911918630943,OnTrack,-526.1656138430051,8215.37393594162,1919.0617371214066
2026-09-05 14:17:12.898,0 days 00:30:36.294000,18,62.990277884444374,0 days 00:00:11.473000,10557.664405942856,89.7750016,1,0.0,True,0,pos,895.5658556137915,0.1551796947302828,OnTrack,-504.0,8242.0,1919.0
2026-09-05 14:17:13.018,0 days 00:30:36.414000,18,62.790277884444365,0 days 00:00:11.593000,10332.235834514286,86.7750016,1,0.0,True,0,pos,898.39897465757,0.15567060508108754,OnTrack,-484.0,8261.0,1919.0
2026-09-05 14:17:13.049,0 days 00:30:36.445000,18,62.73861111111103,0 days 00:00:11.624000,10274.0,86.0,1,0.0,True,0,car,899.1350000000001,0.1557981403005648,OnTrack,-478.6765136346195,8265.242258936112,1918.993520830644
2026-09-05 14:17:13.198,0 days 00:30:36.594000,18,62.73861111111103,0 days 00:00:11.773000,9858.6619648,85.0687488,1,0.0,True,0,pos,902.660760029122,0.15640906842112876,OnTrack,-449.0,8283.0,1919.0
2026-09-05 14:17:13.209,0 days 00:30:36.605000,18,62.73861111111103,0 days 00:00:11.784000,9828.0,85.0,1,0.0,False,0,car,902.9127777777779,0.1564527369431675,OnTrack,-446.21731091319384,8284.217225235034,1919.0154052296396
2026-09-05 14:17:13.369,0 days 00:30:36.765000,18,63.00527777777779,0 days 00:00:11.944000,9701.0,79.0,1,0.0,False,0,car,906.423888888889,0.1570611267639394,OnTrack,-395.30944716893606,8300.779617069818,1919.5205365865465
2026-09-05 14:17:13.518,0 days 00:30:36.914000,18,64.08139027555558,0 days 00:00:12.093000,9776.120930133333,77.1374976,1,9.933346133333334,False,0,pos,909.5743290131466,0.15760702110960229,OnTrack,-351.0,8312.0,1920.0
2026-09-05 14:17:13.609,0 days 00:30:37.005000,18,64.73861111111114,0 days 00:00:12.184000,9822.0,76.0,1,16.0,False,0,car,911.4905555555556,0.15793905637872419,OnTrack,-333.4579644181701,8315.970191414019,1920.1163201002942
2026-09-05 14:17:13.878,0 days 00:30:37.274000,18,67.20444620444441,0 days 00:00:12.453000,10161.132384914286,76.96071497142857,1,38.09644434285714,False,0,pos,917.2404249639218,0.15893536834610902,OnTrack,-303.0,8321.0,1920.0
2026-09-05 14:17:13.889,0 days 00:30:37.285000,18,67.30527777777775,0 days 00:00:12.464000,10175.0,77.0,1,39.0,False,0,car,917.4794444444445,0.15897678458567377,OnTrack,-301.32662103866954,8321.315930175313,1919.997782456665
2026-09-05 14:17:14.139,0 days 00:30:37.535000,18,70.84694625777772,0 days 00:00:12.714000,9786.7185512,78.5625008,1,8.5312344,False,0,pos,922.9793337382426,0.15992978110325204,OnTrack,-249.0,8338.0,1920.0
2026-09-05 14:17:14.209,0 days 00:30:37.605000,18,71.83861111111105,0 days 00:00:12.784000,9678.0,79.0,1,0.0,False,0,car,924.5016666666668,0.16019356422721762,OnTrack,-228.83583635597108,8350.269950674901,1919.9674704364154
2026-09-05 14:17:14.299,0 days 00:30:37.695000,18,73.56361356444438,0 days 00:00:12.874000,9520.7810264,78.1562488,1,0.0,False,0,pos,926.4325179565044,0.16052813360795987,OnTrack,-205.0,8367.0,1920.0
2026-09-05 14:17:14.529,0 days 00:30:37.925000,18,77.97194444444438,0 days 00:00:13.104000,9119.0,76.0,1,0.0,False,0,car,931.2572222222223,0.16136413704693067,OnTrack,-184.9664865725302,8389.07610390777,1920.8950977012587
2026-09-05 14:17:14.579,0 days 00:30:37.975000,18,79.11083661152117,0 days 00:00:13.154000,9063.278446576222,75.50248613014483,1,0.0,False,0,pos,932.293230037601,0.16154365190395759,OnTrack,-182.0,8395.0,1921.0
2026-09-05 14:17:14.730,0 days 00:30:38.126000,18,82.55027777777775,0 days 00:00:13.305000,8895.0,74.0,1,0.0,False,0,car,935.3888888888889,0.1620800539926713,OnTrack,-168.83952901058572,8421.031232972,1920.8516091153633
2026-09-05 14:17:14.859,0 days 00:30:38.255000,18,85.95444951111112,0 days 00:00:13.434000,8882.74498176,72.70999808,1,3.8700057599999997,False,0,pos,937.9785710778883,0.1625287826808167,OnTrack,-158.0,8447.0,1921.0
2026-09-05 14:17:14.930,0 days 00:30:38.326000,18,87.82805555555558,0 days 00:00:13.505000,8876.0,72.0,1,6.0,False,0,car,939.3888888888889,0.16277315632013298,OnTrack,-154.04232162884475,8460.719998220877,1921.4734887529205
2026-09-05 14:17:14.999,0 days 00:30:38.395000,18,89.84056115555559,0 days 00:00:13.574000,8931.54515456,71.65499904,1,10.14001152,False,0,pos,940.7525194915456,0.16300944020625782,OnTrack,-151.0,8475.0,1922.0
2026-09-05 14:17:15.130,0 days 00:30:38.526000,18,93.66138888888895,0 days 00:00:13.705000,9037.0,71.0,1,18.0,False,0,car,943.3333333333334,0.1634566322263799,OnTrack,-145.92148278469233,8508.201635862559,1922.6516348149248
2026-09-05 14:17:15.319,0 days 00:30:38.715000,18,99.5938949155556,0 days 00:00:13.894000,9409.4878784,71.7875008,1,32.9625152,False,0,pos,947.0908078967562,0.16410771081770154,OnTrack,-141.0,8560.0,1923.0
2026-09-05 14:17:15.370,0 days 00:30:38.766000,18,101.19472222222225,0 days 00:00:13.945000,9510.0,72.0,1,37.0,False,0,car,948.1333333333333,0.16428835501933392,OnTrack,-140.3711354501712,8572.053708542435,1923.0306750938387
2026-09-05 14:17:15.650,0 days 00:30:39.046000,18,110.45027777777796,0 days 00:00:14.225000,10240.0,78.0,1,46.0,False,0,car,954.1999999999999,0.16533956021598414,OnTrack,-142.2305643902483,8626.306841734977,1922.862567281242
2026-09-05 14:17:15.779,0 days 00:30:39.175000,18,114.7861175644446,0 days 00:00:14.354000,10019.317528685715,82.14643474285714,1,48.303574857142856,False,0,pos,957.2584995129273,0.16586952349872172,OnTrack,-146.0,8655.0,1923.0
2026-09-05 14:17:15.930,0 days 00:30:39.326000,18,119.861388888889,0 days 00:00:14.505000,9761.0,87.0,1,51.0,False,0,car,960.9666666666666,0.16651205831994015,OnTrack,-152.7055202389517,8695.40308651345,1923.482423439227
2026-09-05 14:17:16.099,0 days 00:30:39.495000,18,125.68250661333359,0 days 00:00:14.674000,9429.3371232,89.81666986666667,1,60.15417706666667,False,0,pos,965.1593081186525,0.16723854070708608,OnTrack,-161.0,8739.0,1924.0
2026-09-05 14:17:16.170,0 days 00:30:39.566000,18,128.12805555555587,0 days 00:00:14.745000,9290.0,91.0,2,64.0,False,0,car,967.0333333333332,0.16756326351659034,OnTrack,-163.9848612006219,8753.193183355468,1924.0589644297238
2026-09-05 14:17:16.399,0 days 00:30:39.795000,18,135.76139528888913,0 days 00:00:14.974000,10599.117764266666,101.81389795555556,2,72.90556302222222,False,0,pos,973.7493984881052,0.16872699361412954,OnTrack,-174.0,8794.0,1924.0
2026-09-05 14:17:16.530,0 days 00:30:39.926000,18,140.12805555555576,0 days 00:00:15.105000,11348.0,108.0,2,78.0,False,0,car,977.8333333333333,0.1694346398007369,OnTrack,-183.01546017611193,8828.572489522021,1924.2857202836026
2026-09-05 14:17:16.770,0 days 00:30:40.166000,18,147.92805555555572,0 days 00:00:15.345000,10508.0,117.0,2,82.0,False,0,car,985.6333333333332,0.17078618933928716,OnTrack,-204.17895126523518,8907.958966190756,1924.9902049325817
2026-09-05 14:17:16.779,0 days 00:30:40.175000,18,148.19306116164572,0 days 00:00:15.354000,10513.715998357036,117.52647353288494,2,82.1504210093957,False,0,pos,985.9473417837333,0.1708405993362409,OnTrack,-205.0,8911.0,1925.0
2026-09-05 14:17:16.939,0 days 00:30:40.335000,18,152.90417143289318,0 days 00:00:15.514000,10615.331579127518,126.88580334069245,2,84.82451524019784,False,0,pos,991.8547436811936,0.17186420783733616,OnTrack,-220.0,8966.0,1925.0
2026-09-05 14:17:17.019,0 days 00:30:40.415000,18,155.25972656851692,0 days 00:00:15.594000,10666.139369512759,131.5654682445962,2,86.16156235559892,False,0,pos,994.998179466669,0.172408888502121,OnTrack,-228.0,8995.0,1925.0
2026-09-05 14:17:17.129,0 days 00:30:40.525000,18,158.49861111111136,0 days 00:00:15.704000,10736.0,138.0,3,88.0,False,0,car,999.3949999999999,0.17317075013839178,OnTrack,-238.43266075545668,9034.606078725828,1925.345100811957
2026-09-05 14:17:17.279,0 days 00:30:40.675000,18,162.58194792888918,0 days 00:00:15.854000,11597.5632352,148.3125088,3,97.375008,False,0,pos,1005.5851337735882,0.17424334916983514,OnTrack,-254.0,9096.0,1926.0
2026-09-05 14:17:17.289,0 days 00:30:40.685000,18,162.85416666666697,0 days 00:00:15.864000,11655.0,149.0,3,98.0,False,0,car,1006.0172222222221,0.17431821954718948,OnTrack,-255.23303709220676,9100.834526429602,1926.023294952314
2026-09-05 14:17:17.529,0 days 00:30:40.925000,18,168.72083333333353,0 days 00:00:16.104000,10911.0,166.0,3,100.0,False,0,car,1017.0838888888887,0.1762358026531668,OnTrack,-289.7573489813637,9235.989616537456,1925.9898817335472
2026-09-05 14:17:17.578,0 days 00:30:40.974000,18,169.90499845333358,0 days 00:00:16.153000,10961.71493376,167.2249984,3,100.0,False,0,pos,1019.3881535762779,0.17663507545764612,OnTrack,-296.0,9261.0,1926.0
2026-09-05 14:17:17.729,0 days 00:30:41.125000,18,173.55416666666702,0 days 00:00:16.304000,11118.0,171.0,4,100.0,False,0,car,1026.5838888888886,0.17788192068088826,OnTrack,-311.3798153940748,9324.856659807387,1926.237530585296
2026-09-05 14:17:17.958,0 days 00:30:41.354000,18,178.51583749333344,0 days 00:00:16.533000,11342.910902857142,182.4500096,4,100.0,False,0,pos,1038.2635903184855,0.17990572774211602,OnTrack,-330.0,9406.0,1927.0
2026-09-05 14:17:18.009,0 days 00:30:41.405000,18,179.6208333333334,0 days 00:00:16.584000,11393.0,185.0,4,100.0,False,0,car,1040.9727777777775,0.18037516377550736,OnTrack,-334.79884417124515,9426.465910861829,1927.1930970429564
2026-09-05 14:17:18.198,0 days 00:30:41.594000,18,183.13833690666664,0 days 00:00:16.773000,10889.449488457143,194.4500096,4,100.0,False,0,pos,1051.3150941775232,0.18216723466750956,OnTrack,-357.0,9530.0,1928.0
2026-09-05 14:17:18.289,0 days 00:30:41.685000,18,184.8319444444444,0 days 00:00:16.864000,10647.0,199.0,5,100.0,False,0,car,1056.4505555555554,0.1830570847259355,OnTrack,-372.43009755810414,9615.760973526012,1928.4639712914143
2026-09-05 14:17:18.398,0 days 00:30:41.794000,18,186.6788921422222,0 days 00:00:16.973000,10853.321792,203.2821504,5,100.0,False,0,pos,1062.727495718834,0.184144725185062,OnTrack,-390.0,9719.0,1929.0
2026-09-05 14:17:18.569,0 days 00:30:41.965000,18,189.5763888888889,0 days 00:00:17.144000,11177.0,210.0,5,100.0,False,0,car,1072.7838888888887,0.18588725256307068,OnTrack,-401.98962705181293,9797.35776124049,1929.5721488722202
2026-09-05 14:17:18.758,0 days 00:30:42.154000,18,192.62139198222215,0 days 00:00:17.333000,11480.750308571429,214.7250048,5,100.0,False,0,pos,1084.0758910520829,0.18784388080832382,OnTrack,-406.0,9849.0,1930.0
2026-09-05 14:17:18.849,0 days 00:30:42.245000,18,194.08749999999986,0 days 00:00:17.424000,11627.0,217.0,5,100.0,False,0,car,1089.6616666666664,0.1888117593281104,OnTrack,-409.80363094455794,9895.451350795793,1930.2029296189805
2026-09-05 14:17:19.049,0 days 00:30:42.445000,18,196.80972222222226,0 days 00:00:17.624000,10543.0,228.0,5,100.0,False,0,car,1102.328333333333,0.19100658336507234,OnTrack,-419.66119493837806,10028.078899455013,1930.9410881984452
2026-09-05 14:17:19.058,0 days 00:30:42.454000,18,196.9272213866667,0 days 00:00:17.633000,10550.0874496,228.140624,5,100.0,False,0,pos,1102.9032497071032,0.19110620233426134,OnTrack,-420.0,10034.0,1931.0
2026-09-05 14:17:19.198,0 days 00:30:42.594000,18,198.75500250666667,0 days 00:00:17.773000,10660.3376512,230.328128,5,100.0,False,0,pos,1111.8663941003306,0.1926592963943416,OnTrack,-424.0,10127.0,1932.0
2026-09-05 14:17:19.369,0 days 00:30:42.765000,18,200.98749999999995,0 days 00:00:17.944000,10795.0,233.0,6,100.0,False,0,car,1123.0394444444441,0.19459531319392953,OnTrack,-426.6379199194584,10260.737108436882,1931.9977929977797
2026-09-05 14:17:19.418,0 days 00:30:42.814000,18,201.50472154666662,0 days 00:00:17.993000,10849.9207616,235.4499968,6,100.0,False,0,pos,1126.324598441766,0.19516455016433298,OnTrack,-427.0,10297.0,1932.0
2026-09-05 14:17:19.609,0 days 00:30:43.005000,18,203.52083333333326,0 days 00:00:18.184000,11064.0,245.0,6,100.0,False,0,car,1139.3727777777776,0.19742548103106475,OnTrack,-426.77805322388434,10419.606975578246,1932.6577156992541
2026-09-05 14:17:19.678,0 days 00:30:43.074000,18,204.2300019733333,0 days 00:00:18.253000,11137.14020352,245.69000192,6,100.0,False,0,pos,1144.0989823076857,0.19824441687099956,OnTrack,-426.0,10472.0,1933.0
2026-09-05 14:17:19.809,0 days 00:30:43.205000,18,205.5763888888889,0 days 00:00:18.384000,11276.0,247.0,6,100.0,False,0,car,1153.0949999999998,0.1998032070711069,OnTrack,-423.49665043028193,10594.314138365717,1933.6703126754983
2026-09-05 14:17:19.878,0 days 00:30:43.274000,18,206.24722408888897,0 days 00:00:18.453000,11355.3502208,248.2937536,6,100.0,False,0,pos,1157.8663250908064,0.20062996120248547,OnTrack,-422.0,10652.0,1934.0
2026-09-05 14:17:19.969,0 days 00:30:43.365000,18,207.13194444444457,0 days 00:00:18.544000,11460.0,250.0,6,100.0,False,0,car,1164.2061111111109,0.201728491314056,OnTrack,-420.08919638541187,10707.971017080505,1934.386483621399
2026-09-05 14:17:20.138,0 days 00:30:43.534000,18,208.4933328177779,0 days 00:00:18.713000,11178.5094816,253.6968736,6,100.0,False,0,pos,1176.164619122786,0.2038006087480213,OnTrack,-415.0,10793.0,1935.0
2026-09-05 14:17:20.289,0 days 00:30:43.685000,18,209.70972222222235,0 days 00:00:18.864000,10927.0,257.0,6,100.0,False,0,car,1187.0505555555553,0.2056868757175594,OnTrack,-405.8526186086401,10918.292894825508,1935.5033579014566
2026-09-05 14:17:20.498,0 days 00:30:43.894000,18,210.98694405333373,0 days 00:00:19.073000,10614.246524342858,262.97142674285715,6,100.0,False,0,pos,1202.4102902380134,0.2083483426819608,OnTrack,-390.0,11112.0,1936.0
2026-09-05 14:17:20.569,0 days 00:30:43.965000,18,211.4208333333338,0 days 00:00:19.144000,10508.0,265.0,7,100.0,False,0,car,1207.6616666666662,0.20925827798822996,OnTrack,-385.1975753898489,11162.14117331325,1936.0697184019898
2026-09-05 14:17:20.729,0 days 00:30:44.125000,18,212.35416666666697,0 days 00:00:19.304000,10648.0,267.0,7,100.0,False,0,car,1219.528333333333,0.21131448155969962,OnTrack,-375.3056119016815,11247.226879421854,1936.0505522363007
2026-09-05 14:17:20.879,0 days 00:30:44.275000,18,213.0208339022224,0 days 00:00:19.454000,10727.166734222223,269.0833351111111,7,100.0,False,0,pos,1230.7738822693668,0.21326306059498695,OnTrack,-363.0,11334.0,1936.0
2026-09-05 14:17:21.089,0 days 00:30:44.485000,18,213.95416666666665,0 days 00:00:19.664000,10838.0,272.0,7,100.0,False,0,car,1246.7283333333332,0.2160275773864391,OnTrack,-338.33299862165654,11490.346582622016,1935.999276212416
2026-09-05 14:17:21.099,0 days 00:30:44.495000,18,213.98472262547978,0 days 00:00:19.674000,10842.534221330374,272.3105631048201,7,100.0,False,0,pos,1247.4938669896474,0.2161602256761745,OnTrack,-337.0,11498.0,1936.0
2026-09-05 14:17:21.239,0 days 00:30:44.635000,18,214.41250057330598,0 days 00:00:19.814000,10906.012507433543,276.6583909201057,7,100.0,False,0,pos,1258.2658124253544,0.21802674078936918,OnTrack,-317.0,11604.0,1936.0
2026-09-05 14:17:21.250,0 days 00:30:44.646000,18,214.44611111111112,0 days 00:00:19.825000,10911.0,277.0,7,100.0,False,0,car,1259.1163888888887,0.21817412492100913,OnTrack,-315.31069905946424,11612.272784339219,1935.997006956499
2026-09-05 14:17:21.419,0 days 00:30:44.815000,18,214.86861159111152,0 days 00:00:19.994000,11055.49516416,279.53500288,7,100.0,False,0,pos,1272.253558308532,0.22045047559626246,OnTrack,-287.0,11739.0,1936.0
2026-09-05 14:17:21.450,0 days 00:30:44.846000,18,214.94611111111158,0 days 00:00:20.025000,11082.0,280.0,7,100.0,False,0,car,1274.671944444444,0.22086952286113787,OnTrack,-281.28404177280817,11762.322913832759,1936.0614644362392
2026-09-05 14:17:21.699,0 days 00:30:45.095000,18,215.4302781511114,0 days 00:00:20.274000,11171.8179264,281.7785728,7,100.0,False,0,pos,1294.1671104845768,0.2242475591003049,OnTrack,-229.0,11950.0,1937.0
2026-09-05 14:17:21.730,0 days 00:30:45.126000,18,215.49055555555583,0 days 00:00:20.305000,11183.0,282.0,7,100.0,False,0,car,1296.6052777777775,0.22467003395671944,OnTrack,-221.6173389421283,11973.137974472558,1937.0671074201425
2026-09-05 14:17:21.859,0 days 00:30:45.255000,18,215.70555587555583,0 days 00:00:20.434000,11207.187536,283.6125024,7,100.0,False,0,pos,1306.7785450838169,0.22643281276864582,OnTrack,-189.0,12069.0,1937.0
2026-09-05 14:17:21.890,0 days 00:30:45.286000,18,215.75722222222248,0 days 00:00:20.465000,11213.0,284.0,7,100.0,False,0,car,1309.2274999999997,0.22685715685670962,OnTrack,-180.81314701365696,12092.07586344818,1936.833769263809
2026-09-05 14:17:22.019,0 days 00:30:45.415000,18,215.9005557688891,0 days 00:00:20.594000,11288.7876128,284.8062512,7,100.0,False,0,pos,1319.4339694831874,0.22862568879520065,OnTrack,-145.0,12188.0,1936.0
2026-09-05 14:17:22.050,0 days 00:30:45.446000,18,215.93500000000017,0 days 00:00:20.625000,11307.0,285.0,7,100.0,False,0,car,1321.8941666666665,0.22905198089367165,OnTrack,-135.80356461590688,12210.85570243835,1936.0051274069963
2026-09-05 14:17:22.219,0 days 00:30:45.615000,18,216.02888899555572,0 days 00:00:20.794000,11307.84500096,286.69000192,7,100.0,False,0,pos,1335.363313985319,0.23138585523254226,OnTrack,-82.0,12334.0,1937.0
2026-09-05 14:17:22.250,0 days 00:30:45.646000,18,216.04611111111126,0 days 00:00:20.825000,11308.0,287.0,7,100.0,False,0,car,1337.8386111111108,0.23181476378230362,OnTrack,-71.66426469218283,12356.360557984417,1937.0928421417068
2026-09-05 14:17:22.399,0 days 00:30:45.795000,18,216.0875000533337,0 days 00:00:20.974000,11363.13007104,287.74500096,7,100.0,False,0,pos,1349.7473900125235,0.23387826437575254,OnTrack,-20.0,12463.0,1937.0
2026-09-05 14:17:22.450,0 days 00:30:45.846000,18,216.10166666666714,0 days 00:00:21.025000,11382.0,288.0,7,100.0,False,0,car,1353.8386111111108,0.23458717309215033,OnTrack,-1.4215729811667182,12499.260696946209,1936.863870166265
2026-09-05 14:17:22.610,0 days 00:30:46.006000,18,216.01277777777818,0 days 00:00:21.185000,11383.0,290.0,7,100.0,False,0,car,1366.7274999999997,0.23682050281397132,OnTrack,59.911085964255214,12612.16955030847,1936.2273105313052
2026-09-05 14:17:22.699,0 days 00:30:46.095000,18,215.93861095111137,0 days 00:00:21.274000,11418.6000768,290.0,7,100.0,False,0,pos,1373.8936421388767,0.23806222026281557,OnTrack,96.0,12674.0,1936.0
2026-09-05 14:17:22.810,0 days 00:30:46.206000,18,215.8461111111112,0 days 00:00:21.385000,11463.0,290.0,7,100.0,False,0,car,1382.838611111111,0.23961216496624757,OnTrack,142.97499723196972,12749.97755587376,1935.9446726946471
2026-09-05 14:17:22.959,0 days 00:30:46.355000,18,215.55638851555574,0 days 00:00:21.534000,11474.1750144,290.9312512,7,100.0,False,0,pos,1394.9018003117585,0.24170242109414242,OnTrack,210.0,12850.0,1936.0
2026-09-05 14:17:23.059,0 days 00:30:46.455000,18,215.36194407111137,0 days 00:00:21.634000,11481.6750144,291.5562512,7,100.0,False,0,pos,1403.024338382905,0.24310985860464432,OnTrack,258.0,12916.0,1936.0
2026-09-05 14:17:23.130,0 days 00:30:46.526000,18,215.22388888888918,0 days 00:00:21.705000,11487.0,292.0,7,100.0,False,0,car,1408.7941666666663,0.24410962895777666,OnTrack,293.6520185413032,12962.748865867727,1936.3415274736242
2026-09-05 14:17:23.359,0 days 00:30:46.755000,18,214.65138840888898,0 days 00:00:21.934000,10868.063369955555,292.63611164444444,7,100.0,False,0,pos,1427.4201473048465,0.2473370565906714,OnTrack,410.0,13105.0,1938.0
2026-09-05 14:17:23.490,0 days 00:30:46.886000,18,214.32388888888886,0 days 00:00:22.065000,10514.0,293.0,7,100.0,False,0,car,1438.0941666666665,0.2491866035064335,OnTrack,470.4666035716719,13172.325720824045,1937.2072227049491
2026-09-05 14:17:23.559,0 days 00:30:46.955000,18,214.09388824888882,0 days 00:00:22.134000,10459.015472,293.2156256,7,100.0,False,0,pos,1443.7235331042516,0.2501620352514397,OnTrack,522.0,13223.0,1937.0
2026-09-05 14:17:23.719,0 days 00:30:47.115000,18,213.5605549155554,0 days 00:00:22.294000,10331.515472,293.7156256,7,100.0,False,0,pos,1456.7932155486567,0.2524266920817903,OnTrack,702.0,13389.0,1938.0
2026-09-05 14:17:23.810,0 days 00:30:47.206000,18,213.25722222222203,0 days 00:00:22.385000,10259.0,294.0,8,100.0,False,0,car,1464.2275,0.25371487204584986,OnTrack,773.7739881253349,13453.500206934723,1938.4515443911448
2026-09-05 14:17:24.158,0 days 00:30:47.554000,18,212.0972215756854,0 days 00:00:22.733000,10285.172716537454,294.0,8,100.0,False,0,pos,1492.6475581639063,0.25863937416084987,OnTrack,895.0,13542.0,1939.0
2026-09-05 14:17:24.169,0 days 00:30:47.565000,18,212.0605555555553,0 days 00:00:22.744000,10286.0,294.0,8,100.0,False,0,car,1493.5458333333331,0.2587950233135075,OnTrack,902.1500576405791,13546.965402944346,1939.0444003571758
2026-09-05 14:17:24.358,0 days 00:30:47.754000,18,211.4830549688887,0 days 00:00:22.933000,10285.474999466667,294.0,8,100.0,False,0,pos,1508.9806570867788,0.26146950138037606,OnTrack,1055.0,13653.0,1940.0
2026-09-05 14:17:24.529,0 days 00:30:47.925000,18,210.9605555555554,0 days 00:00:23.104000,10285.0,294.0,8,100.0,False,0,car,1522.945833333333,0.2638893254203508,OnTrack,1171.884113805001,13727.947224146053,1940.4235479475692
2026-09-05 14:17:24.689,0 days 00:30:48.085000,18,210.47166666666658,0 days 00:00:23.264000,10251.0,294.0,8,100.0,False,0,car,1536.0124999999996,0.266153459690059,OnTrack,1267.3825420222913,13781.98663455808,1940.6944359991464
2026-09-05 14:17:24.758,0 days 00:30:48.154000,18,210.2799994666667,0 days 00:00:23.333000,10257.55501824,294.0,8,100.0,False,0,pos,1541.6473002338125,0.26712983297926834,OnTrack,1314.0,13807.0,1941.0
2026-09-05 14:17:24.889,0 days 00:30:48.285000,18,209.91611111111138,0 days 00:00:23.464000,10270.0,294.0,8,100.0,False,0,car,1552.3458333333328,0.2689836275271942,OnTrack,1409.8463947144382,13856.687784549033,1941.8393510950043
2026-09-05 14:17:24.918,0 days 00:30:48.314000,18,209.83555502222248,0 days 00:00:23.493000,10267.96998656,294.0,8,100.0,False,0,pos,1554.714619085043,0.26939408025663625,OnTrack,1430.0,13867.0,1942.0
2026-09-05 14:17:25.089,0 days 00:30:48.485000,18,209.36055555555572,0 days 00:00:23.664000,10256.0,294.0,8,100.0,False,0,car,1568.6791666666663,0.27181379536432937,OnTrack,1543.1211863090077,13922.791091139326,1942.6495751457135
2026-09-05 14:17:25.138,0 days 00:30:48.534000,18,209.25166680888904,0 days 00:00:23.713000,10243.225016685714,293.8250002285714,8,100.0,False,0,pos,1572.6760164021366,0.2725063518278716,OnTrack,1592.0,13944.0,1943.0
2026-09-05 14:17:25.318,0 days 00:30:48.714000,18,208.85166624000013,0 days 00:00:23.893000,10196.296378514286,293.18214217142855,8,100.0,False,0,pos,1587.3302632155812,0.27504557497127075,OnTrack,1833.0,14041.0,1945.0
2026-09-05 14:17:25.369,0 days 00:30:48.765000,18,208.73833333333346,0 days 00:00:23.944000,10183.0,293.0,8,100.0,False,0,car,1591.468055555555,0.27576255334661803,OnTrack,1882.5910893504863,14060.157293772227,1945.3517484965557
2026-09-05 14:17:25.609,0 days 00:30:49.005000,18,208.4050000000002,0 days 00:00:24.184000,10178.0,291.0,8,100.0,False,0,car,1610.8680555555552,0.27912409963480717,OnTrack,1975.078098037972,14089.616960319514,1945.526948202293
2026-09-05 14:17:25.698,0 days 00:30:49.094000,18,208.281388977778,0 days 00:00:24.273000,10159.458346666666,291.0,8,100.0,False,0,pos,1618.062213120195,0.28037067147285166,OnTrack,2018.0,14101.0,1946.0
2026-09-05 14:17:25.849,0 days 00:30:49.245000,18,208.07166666666694,0 days 00:00:24.424000,10128.0,291.0,8,100.0,False,0,car,1630.268055555555,0.2824856459229963,OnTrack,2132.376398483514,14132.385901514484,1947.6744023839926
2026-09-05 14:17:25.878,0 days 00:30:49.274000,18,208.04749984000026,0 days 00:00:24.453000,10124.133307733333,290.87916586666665,8,100.0,False,0,pos,1632.6099507369968,0.2828914391732284,OnTrack,2158.0,14139.0,1948.0
2026-09-05 14:17:26.089,0 days 00:30:49.485000,18,207.8716666666669,0 days 00:00:24.664000,10096.0,290.0,8,100.0,False,0,car,1649.6013888888886,0.2858356405057278,OnTrack,2367.9630125822246,14187.11785618293,1949.8356202955536
2026-09-05 14:17:26.238,0 days 00:30:49.634000,18,207.8716666666669,0 days 00:00:24.813000,10075.778545371428,288.40356937142855,8,100.0,False,0,pos,1661.4951513006645,0.28789653910819735,OnTrack,2519.0,14217.0,1951.0
2026-09-05 14:17:26.369,0 days 00:30:49.765000,18,207.8716666666669,0 days 00:00:24.944000,10058.0,287.0,8,100.0,False,0,car,1671.9236111111106,0.28970353654981257,OnTrack,2642.029369060548,14238.318346537288,1952.16136369973
2026-09-05 14:17:26.569,0 days 00:30:49.965000,18,207.92722222222278,0 days 00:00:25.144000,10031.0,287.0,8,100.0,False,0,car,1687.868055555555,0.29246631943844453,OnTrack,2800.873052573844,14262.31126592042,1953.830361794765
2026-09-05 14:17:26.598,0 days 00:30:49.994000,18,207.93527783111165,0 days 00:00:25.173000,10035.142884571429,287.0,8,100.0,False,0,pos,1690.179902505558,0.29286690606389004,OnTrack,2819.0,14265.0,1954.0
2026-09-05 14:17:26.849,0 days 00:30:50.245000,18,208.00500000000034,0 days 00:00:25.424000,10071.0,287.0,8,100.0,False,0,car,1710.1902777777773,0.2963342154825293,OnTrack,2936.17663217514,14281.756792866285,1954.7863495253973
2026-09-05 14:17:26.918,0 days 00:30:50.314000,18,207.88999968000033,0 days 00:00:25.493000,10074.293190981818,287.15681861818183,8,100.0,False,0,pos,1715.6986564187368,0.29728868299667666,OnTrack,2977.0,14287.0,1955.0
2026-09-05 14:17:27.139,0 days 00:30:50.535000,18,207.52166645333367,0 days 00:00:25.714000,10084.8409152,287.6590912,8,100.0,False,0,pos,1733.3692122529746,0.3003505588407397,OnTrack,3152.0,14308.0,1956.0
2026-09-05 14:17:27.289,0 days 00:30:50.685000,18,207.271666666667,0 days 00:00:25.864000,10092.0,288.0,8,100.0,False,0,car,1745.3902777777773,0.3024335159641921,OnTrack,3262.914063123252,14319.74148816779,1956.8787790509157
2026-09-05 14:17:27.449,0 days 00:30:50.845000,18,206.78277777777816,0 days 00:00:26.024000,10109.0,289.0,8,100.0,False,0,car,1758.2347222222218,0.3046591445490413,OnTrack,3392.6082180311637,14331.443474277226,1957.8407071656945
2026-09-05 14:17:27.479,0 days 00:30:50.875000,18,206.6661106133337,0 days 00:00:26.054000,10108.4374976,289.0,8,100.0,False,0,pos,1760.6433522251918,0.30507650131430447,OnTrack,3423.0,14334.0,1958.0
2026-09-05 14:17:27.609,0 days 00:30:51.005000,18,206.1605555555559,0 days 00:00:26.184000,10106.0,289.0,8,100.0,False,0,car,1771.0791666666662,0.30688477313389045,OnTrack,3574.684906875527,14346.253210977628,1958.621555406576
2026-09-05 14:17:27.679,0 days 00:30:51.075000,18,205.88833283555587,0 days 00:00:26.254000,10098.5624864,289.0,8,100.0,False,0,pos,1776.697478686093,0.3078582894181581,OnTrack,3647.0,14352.0,1959.0
2026-09-05 14:17:27.769,0 days 00:30:51.165000,18,205.53833333333364,0 days 00:00:26.344000,10089.0,289.0,8,100.0,False,0,car,1783.9236111111106,0.3091104017187396,OnTrack,3714.571144746831,14357.377893629306,1959.5938178580066
2026-09-05 14:17:27.959,0 days 00:30:51.355000,18,204.37722120850137,0 days 00:00:26.534000,10106.757024848752,289.5919008282917,8,100.0,False,0,pos,1799.20574017645,0.31175842152467875,OnTrack,3807.0,14365.0,1961.0
2026-09-05 14:17:28.090,0 days 00:30:51.486000,18,203.57666666666705,0 days 00:00:26.665000,10119.0,290.0,8,100.0,False,0,car,1809.7819444444438,0.31359101947314294,OnTrack,3886.3211669534307,14371.991095908907,1961.7813802768374
2026-09-05 14:17:28.319,0 days 00:30:51.715000,18,199.1238851555559,0 days 00:00:26.894000,10132.16751104,291.14500096,8,100.0,False,0,pos,1828.3721853035172,0.31681225427501714,OnTrack,4095.0,14390.0,1963.0
2026-09-05 14:17:28.479,0 days 00:30:51.875000,18,196.01277404444477,0 days 00:00:27.054000,10141.36751104,291.94500096,8,100.0,False,0,pos,1841.3381861341027,0.31905894561340437,OnTrack,4306.0,14407.0,1964.0
2026-09-05 14:17:28.490,0 days 00:30:51.886000,18,195.79888888888922,0 days 00:00:27.065000,10142.0,292.0,8,100.0,False,0,car,1842.2263888888883,0.31921284946255435,OnTrack,4317.997544613634,14407.934784501023,1964.0670458690697
2026-09-05 14:17:28.650,0 days 00:30:52.046000,18,191.62111111111153,0 days 00:00:27.225000,10160.0,290.0,8,100.0,False,0,car,1855.1152777777772,0.32144617918437535,OnTrack,4432.790409932374,14416.229973236492,1964.9836209691628
2026-09-05 14:17:28.839,0 days 00:30:52.235000,18,185.05860444444474,0 days 00:00:27.414000,10189.700030171429,290.6750006857143,8,100.0,False,0,pos,1870.3738334641118,0.32409011429935086,OnTrack,4525.0,14422.0,1966.0
2026-09-05 14:17:28.930,0 days 00:30:52.326000,18,181.89888888888913,0 days 00:00:27.505000,10204.0,291.0,8,100.0,False,0,car,1877.7486111111104,0.3253679831872627,OnTrack,4592.763006310815,14426.713935143402,1966.493697177811
2026-09-05 14:17:29.059,0 days 00:30:52.455000,18,176.81054798222232,0 days 00:00:27.634000,10189.4874784,292.0750016,8,100.0,False,0,pos,1888.2396842321923,0.32718582998671075,OnTrack,4702.0,14434.0,1967.0
2026-09-05 14:17:29.170,0 days 00:30:52.566000,18,172.4322222222222,0 days 00:00:27.745000,10177.0,293.0,8,100.0,False,0,car,1897.281944444444,0.32875263288636725,OnTrack,4792.453034521929,14438.953294162093,1967.0256775361618
2026-09-05 14:17:29.219,0 days 00:30:52.615000,18,170.32249173333327,0 days 00:00:27.794000,10182.88002304,293.0,8,100.0,False,0,pos,1901.2730583584619,0.3294441954721099,OnTrack,4832.0,14441.0,1967.0
2026-09-05 14:17:29.370,0 days 00:30:52.766000,18,163.8211111111109,0 days 00:00:27.945000,10201.0,293.0,8,100.0,False,0,car,1913.5597222222218,0.3315731743022877,OnTrack,4954.135036131635,14447.364502569457,1966.974111393236
2026-09-05 14:17:29.570,0 days 00:30:52.966000,18,154.76555555555524,0 days 00:00:28.145000,10213.0,292.0,8,100.0,False,0,car,1929.781944444444,0.3343840892969934,OnTrack,5116.66088453237,14455.641942429776,1966.9995726652496
2026-09-05 14:17:29.579,0 days 00:30:52.975000,18,154.34054648888858,0 days 00:00:28.154000,10214.62003456,292.04500096,8,100.0,False,0,pos,1930.5130866604109,0.33451077838989146,OnTrack,5124.0,14456.0,1967.0
2026-09-05 14:17:29.739,0 days 00:30:53.135000,18,146.7849909333331,0 days 00:00:28.314000,10243.42003456,292.84500096,8,100.0,False,0,pos,1943.5354657757155,0.336767238708368,OnTrack,5254.0,14462.0,1967.0
2026-09-05 14:17:29.770,0 days 00:30:53.166000,18,145.3211111111109,0 days 00:00:28.345000,10249.0,293.0,8,100.0,False,0,car,1946.0597222222218,0.3372046307129139,OnTrack,5278.655653917885,14463.004344546735,1967.00034607587
2026-09-05 14:17:29.970,0 days 00:30:53.366000,18,135.65444444444415,0 days 00:00:28.545000,10269.0,293.0,8,100.0,False,0,car,1962.3374999999999,0.3400251721288344,OnTrack,5439.667447112162,14468.903062617968,1967.0027433504188
2026-09-05 14:17:29.999,0 days 00:30:53.395000,18,134.220546062222,0 days 00:00:28.574000,10270.0875072,293.0,8,100.0,False,0,pos,1964.6962655588795,0.34043388860353335,OnTrack,5466.0,14470.0,1967.0
2026-09-05 14:17:30.130,0 days 00:30:53.526000,18,127.74333333333357,0 days 00:00:28.705000,10275.0,293.0,8,100.0,False,0,car,1975.3597222222218,0.3422816052615707,OnTrack,5596.236522103353,14476.002367622186,1966.978778633737
2026-09-05 14:17:30.199,0 days 00:30:53.595000,18,124.33165717333353,0 days 00:00:28.774000,10144.7621376,291.8499968,8,71.24992,False,0,pos,1980.999563631848,0.3432588520634524,OnTrack,5661.0,14479.0,1967.0
2026-09-05 14:17:30.370,0 days 00:30:53.766000,18,115.87666666666678,0 days 00:00:28.945000,9822.0,289.0,8,0.0,True,0,car,1994.6263888888886,0.3456200481388445,OnTrack,5787.75828786257,14484.249149339763,1967.224709425648
2026-09-05 14:17:30.559,0 days 00:30:53.955000,18,108.73666068620366,0 days 00:00:29.134000,9399.250342284062,264.25624668412314,8,0.0,True,0,pos,2007.8822547492084,0.3479169660089214,OnTrack,5905.0,14488.0,1967.0
2026-09-05 14:17:30.719,0 days 00:30:54.115000,18,102.6922173193202,0 days 00:00:29.294000,9041.367397728374,243.30917520950638,8,0.0,True,0,pos,2018.1313464942475,0.3496928833446351,OnTrack,6013.0,14491.0,1966.0
2026-09-05 14:17:30.729,0 days 00:30:54.125000,18,102.31444444444469,0 days 00:00:29.304000,9019.0,242.0,8,0.0,True,0,car,2018.7591666666663,0.3498016692503178,OnTrack,6019.623736374861,14491.199555189602,1965.957964124437
2026-09-05 14:17:30.929,0 days 00:30:54.325000,18,96.2588888888888,0 days 00:00:29.504000,9480.0,219.0,8,0.0,True,0,car,2030.925833333333,0.35190985549634707,OnTrack,6144.706066155187,14495.54713928175,1965.9111588794074
2026-09-05 14:17:30.998,0 days 00:30:54.394000,18,94.6297176888889,0 days 00:00:29.573000,9615.24037632,212.0999808,8,0.0,True,0,pos,2034.870695477928,0.3525934037798306,OnTrack,6183.0,14497.0,1966.0
2026-09-05 14:17:31.129,0 days 00:30:54.525000,18,91.53666666666686,0 days 00:00:29.704000,9872.0,199.0,7,0.0,True,0,car,2041.9813888888884,0.35382551331808143,OnTrack,6248.922285604505,14499.654034223382,1966.110518614973
2026-09-05 14:17:31.198,0 days 00:30:54.594000,18,90.32916330666679,0 days 00:00:29.773000,10062.6130304,191.6687296,7,0.0,True,0,pos,2045.5387929179424,0.35444192457114615,OnTrack,6291.0,14502.0,1966.0
2026-09-05 14:17:31.289,0 days 00:30:54.685000,18,88.73666666666668,0 days 00:00:29.864000,10314.0,182.0,6,0.0,True,0,car,2050.0702777777774,0.3552271202469484,OnTrack,6361.818637645255,14506.788577373794,1965.5806069941239
2026-09-05 14:17:31.398,0 days 00:30:54.794000,18,87.40444209777787,0 days 00:00:29.973000,10382.5144064,176.160704,6,0.0,True,0,pos,2055.3288546422195,0.3561383032129187,OnTrack,6442.0,14513.0,1965.0
2026-09-05 14:17:31.569,0 days 00:30:54.965000,18,85.31444444444469,0 days 00:00:30.144000,10490.0,167.0,6,0.0,True,0,car,2063.059166666666,0.35747777752695586,OnTrack,6489.505643299727,14518.64693299021,1964.773507123839
2026-09-05 14:17:31.658,0 days 00:30:55.054000,18,84.99305578666687,0 days 00:00:30.233000,10371.827862755556,159.8305607111111,6,0.0,True,0,pos,2066.731143410523,0.358114041433844,OnTrack,6501.0,14521.0,1965.0
2026-09-05 14:17:31.929,0 days 00:30:55.325000,18,84.0144444444445,0 days 00:00:30.504000,10012.0,138.0,3,0.0,True,0,car,2076.859166666666,0.3598689805566987,OnTrack,6549.375514843924,14530.262007032201,1966.6701720404944
2026-09-05 14:17:32.058,0 days 00:30:55.454000,18,83.83527786666677,0 days 00:00:30.633000,10913.3870528,131.5500032,3,0.0,True,0,pos,2081.533751624886,0.36067897198531357,OnTrack,6587.0,14540.0,1965.0
2026-09-05 14:17:32.089,0 days 00:30:55.485000,18,83.79222222222234,0 days 00:00:30.664000,11130.0,130.0,2,0.0,True,0,car,2082.636944444444,0.3608701283630322,OnTrack,6597.842789414524,14543.089655630953,1964.2061598527955
2026-09-05 14:17:32.098,0 days 00:30:55.494000,18,83.82472199111123,0 days 00:00:30.673000,11106.900164266666,129.7750016,2,0.0,True,0,pos,2082.955365583568,0.3609253029711922,OnTrack,6601.0,14544.0,1964.0
2026-09-05 14:17:32.318,0 days 00:30:55.714000,18,84.61916736000023,0 days 00:00:30.893000,10542.232840533334,124.2749952,2,0.0,True,0,pos,2090.4802002869583,0.3622291730828633,OnTrack,6672.0,14566.0,1964.0
2026-09-05 14:17:32.449,0 days 00:30:55.845000,18,85.09222222222252,0 days 00:00:31.024000,10206.0,121.0,2,0.0,True,0,car,2094.736944444444,0.3629667629036038,OnTrack,6710.726948560375,14580.546819216117,1964.0437101024884
2026-09-05 14:17:32.478,0 days 00:30:55.874000,18,85.31777927111142,0 days 00:00:31.053000,10134.9495296,119.69499136,2,0.0,True,0,pos,2095.657506573864,0.36312627384222235,OnTrack,6719.0,14584.0,1964.0
2026-09-05 14:17:32.649,0 days 00:30:56.045000,18,86.64777777777817,0 days 00:00:31.224000,9716.0,112.0,2,0.0,True,0,car,2100.959166666666,0.36404492207965533,OnTrack,6765.58192354426,14606.232859110432,1963.5713118224141
2026-09-05 14:17:32.849,0 days 00:30:56.245000,18,89.03666666666686,0 days 00:00:31.424000,9604.0,109.0,2,0.0,False,0,car,2107.0147222222217,0.3650942019920626,OnTrack,6814.507498924962,14637.013457204936,1963.0357736189108
2026-09-05 14:17:32.878,0 days 00:30:56.274000,18,89.51194759111131,0 days 00:00:31.453000,9621.9438688,108.4562464,2,2.4468912,False,0,pos,2107.8688099068827,0.3652421945325864,OnTrack,6821.0,14642.0,1963.0
2026-09-05 14:17:33.078,0 days 00:30:56.474000,18,92.78972536888914,0 days 00:00:31.653000,9745.6938688,104.7062464,2,19.3218912,False,0,pos,2113.5877318463663,0.36623314405929325,OnTrack,6861.0,14680.0,1963.0
2026-09-05 14:17:33.158,0 days 00:30:56.554000,18,94.10083648000027,0 days 00:00:31.733000,9795.1938688,103.2062464,2,26.0718912,False,0,pos,2115.8574611262775,0.3666264327209469,OnTrack,6874.0,14697.0,1963.0
2026-09-05 14:17:33.169,0 days 00:30:56.565000,18,94.28111111111139,0 days 00:00:31.744000,9802.0,103.0,2,27.0,False,0,car,2116.1702777777773,0.3666806362082527,OnTrack,6875.70928974984,14699.44441852835,1962.9765972804669
2026-09-05 14:17:33.329,0 days 00:30:56.725000,18,97.17000000000053,0 days 00:00:31.904000,10304.0,104.0,2,41.0,False,0,car,2120.7924999999996,0.36748155445331954,OnTrack,6899.0471849272435,14738.253075172308,1962.094592856794
2026-09-05 14:17:33.358,0 days 00:30:56.754000,18,97.66944775111162,0 days 00:00:31.933000,10243.4620992,105.0875072,2,42.9031376,False,0,pos,2121.669420095437,0.3676335032931059,OnTrack,6903.0,14746.0,1962.0
2026-09-05 14:17:33.518,0 days 00:30:56.914000,18,100.4250033066671,0 days 00:00:32.093000,9909.4620992,111.0875072,2,53.4031376,False,0,pos,2126.7692541777437,0.36851718001113465,OnTrack,6924.0,14792.0,1962.0
2026-09-05 14:17:33.649,0 days 00:30:57.045000,18,102.68111111111148,0 days 00:00:32.224000,9636.0,116.0,2,62.0,False,0,car,2131.1036111111107,0.36926821823077627,OnTrack,6942.683381729714,14830.538076057555,1961.52705791495
2026-09-05 14:17:33.859,0 days 00:30:57.255000,18,106.35611335111132,0 days 00:00:32.434000,9089.9996672,120.37500266666666,2,46.2499904,False,0,pos,2138.153367079136,0.37048976879814505,OnTrack,6979.0,14890.0,1961.0
2026-09-05 14:17:33.889,0 days 00:30:57.285000,18,106.8811111111113,0 days 00:00:32.464000,9012.0,121.0,3,44.0,False,0,car,2139.1702777777773,0.37066597459115735,OnTrack,6985.186910141122,14897.887893229374,1961.1666372788256
2026-09-05 14:17:34.019,0 days 00:30:57.415000,18,109.37278023111135,0 days 00:00:32.594000,9085.821501257144,121.92857234285714,3,42.60714148571429,False,0,pos,2143.6046963414733,0.3714343510480166,OnTrack,7014.0,14930.0,1962.0
2026-09-05 14:17:34.169,0 days 00:30:57.565000,18,112.24777777777808,0 days 00:00:32.744000,9171.0,123.0,3,41.0,False,0,car,2148.736944444444,0.3723236443243365,OnTrack,7050.7631172418805,14963.552511681435,1961.0607971417173
2026-09-05 14:17:34.179,0 days 00:30:57.575000,18,112.45889164717485,0 days 00:00:32.754000,9172.576784086781,123.0,3,41.4149431807318,False,0,pos,2149.0779454997823,0.37238273148061707,OnTrack,7054.0,14966.0,1961.0
2026-09-05 14:17:34.410,0 days 00:30:57.806000,18,117.33555555555586,0 days 00:00:32.985000,9209.0,123.0,3,51.0,False,0,car,2156.9711111111105,0.37375042434468003,OnTrack,7160.11959226279,15032.134216140641,1960.8335845487186
2026-09-05 14:17:34.519,0 days 00:30:57.915000,18,119.60639288888913,0 days 00:00:33.094000,9575.5131456,125.0437536,3,53.7250048,False,0,pos,2160.7909163247414,0.3744123033156844,OnTrack,7197.0,15053.0,1961.0
2026-09-05 14:17:34.730,0 days 00:30:58.126000,18,124.00222222222237,0 days 00:00:33.305000,10285.0,129.0,3,59.0,False,0,car,2168.4377777777772,0.3757373176834035,OnTrack,7221.353688071211,15063.436618923208,1961.0158013355785
2026-09-05 14:17:34.739,0 days 00:30:58.135000,18,124.17722595555568,0 days 00:00:33.314000,10331.1822352,129.3937584,3,59.281256,False,0,pos,2168.7730167316736,0.3757954064082038,OnTrack,7223.0,15064.0,1961.0
2026-09-05 14:17:34.890,0 days 00:30:58.286000,18,127.11333333333323,0 days 00:00:33.465000,11106.0,136.0,3,64.0,False,0,car,2174.482222222222,0.37678467231156787,OnTrack,7268.776294404763,15080.28301521308,1960.4933604449866
2026-09-05 14:17:35.059,0 days 00:30:58.455000,18,130.39944817777757,0 days 00:00:33.634000,11062.341617066666,138.1125024,3,73.85834453333334,False,0,pos,2180.934884246644,0.3779027610784305,OnTrack,7338.0,15103.0,1960.0
2026-09-05 14:17:35.130,0 days 00:30:58.526000,18,131.77999999999975,0 days 00:00:33.705000,11044.0,139.0,3,78.0,False,0,car,2183.7488888888884,0.3783903593701874,OnTrack,7364.94402897094,15110.237901979377,1960.0157400474616
2026-09-05 14:17:35.159,0 days 00:30:58.555000,18,131.86750405155536,0 days 00:00:33.734000,11011.374784,140.30500864,3,79.59501056,False,0,pos,2184.9249940608674,0.37859414967819705,OnTrack,7376.0,15113.0,1960.0
2026-09-05 14:17:35.419,0 days 00:30:58.815000,18,132.65201794044464,0 days 00:00:33.994000,10718.874784,152.00500864,3,93.89501056,False,0,pos,2196.1328188270772,0.3805361920360077,OnTrack,7482.0,15136.0,1959.0
2026-09-05 14:17:35.530,0 days 00:30:58.926000,30,132.98694444444482,0 days 00:00:34.105000,10594.0,157.0,3,100.0,False,0,car,2201.1933333333327,0.3814130556316175,OnTrack,7530.167184522125,15145.330783619784,1958.9785790118358
2026-09-05 14:17:35.659,0 days 00:30:59.055000,30,132.2344433244446,0 days 00:00:34.234000,10806.20531584,162.16000768,3,100.0,False,0,pos,2207.2478146727426,0.382462149408597,OnTrack,7588.0,15156.0,1959.0
2026-09-05 14:17:35.879,0 days 00:30:59.275000,30,130.95110999111097,0 days 00:00:34.454000,11168.10531584,170.96000768,3,100.0,False,0,pos,2217.915309226285,0.3843105657344083,OnTrack,7690.0,15174.0,1958.0
2026-09-05 14:17:35.930,0 days 00:30:59.326000,30,130.65361111111088,0 days 00:00:34.505000,11252.0,173.0,4,100.0,False,0,car,2220.4155555555553,0.38474379737191955,OnTrack,7713.6611664665725,15178.12956510849,1957.6760191303242
2026-09-05 14:17:36.059,0 days 00:30:59.455000,30,129.2919424177778,0 days 00:00:34.634000,11432.062768,176.2250048,4,100.0,False,0,pos,2226.7781998768974,0.38584628826890277,OnTrack,7777.0,15190.0,1957.0
2026-09-05 14:17:36.170,0 days 00:30:59.566000,30,128.12027777777803,0 days 00:00:34.745000,11587.0,179.0,4,100.0,False,0,car,2232.3488888888883,0.3868115526488468,OnTrack,7842.973244755088,15204.82319164334,1957.065840917272
2026-09-05 14:17:36.259,0 days 00:30:59.655000,30,126.562774417778,0 days 00:00:34.834000,11268.8243136,181.86072045714286,4,100.0,False,0,pos,2236.909819487239,0.38760185055212387,OnTrack,7903.0,15220.0,1957.0
2026-09-05 14:17:36.450,0 days 00:30:59.846000,30,123.22027777777794,0 days 00:00:35.025000,10586.0,188.0,4,100.0,False,0,car,2246.9711111111105,0.3893452267125679,OnTrack,8045.283042944831,15260.584371279501,1955.355030840877
2026-09-05 14:17:36.499,0 days 00:30:59.895000,30,122.03610647111124,0 days 00:00:35.074000,10583.024988342857,189.75000685714286,4,100.0,False,0,pos,2249.6088725218187,0.38980228635583053,OnTrack,8077.0,15270.0,1955.0
2026-09-05 14:17:36.730,0 days 00:31:00.126000,30,116.45361111111106,0 days 00:00:35.305000,10569.0,198.0,5,100.0,False,0,car,2262.3711111111106,0.39201367067329534,OnTrack,8177.733901503511,15300.894652341016,1954.8511779319845
2026-09-05 14:17:36.939,0 days 00:31:00.335000,30,110.3577721777775,0 days 00:00:35.514000,10826.518093714285,205.46429257142856,5,100.0,False,0,pos,2274.411024925246,0.39409989374504917,OnTrack,8259.0,15326.0,1955.0
2026-09-05 14:17:37.010,0 days 00:31:00.406000,30,108.28694444444409,0 days 00:00:35.585000,10914.0,208.0,5,100.0,False,0,car,2278.5488888888885,0.3948168845310293,OnTrack,8296.2060353088,15337.135313857236,1954.7401397882802
2026-09-05 14:17:37.119,0 days 00:31:00.515000,30,104.59304970741015,0 days 00:00:35.694000,11012.069793146333,209.21448660243135,5,100.0,False,0,pos,2284.916047354156,0.39592015761892785,OnTrack,8358.0,15356.0,1954.0
2026-09-05 14:17:37.219,0 days 00:31:00.615000,30,101.20416142266846,0 days 00:00:35.794000,11102.041921953529,210.32869253193226,5,100.0,False,0,pos,2290.7758509071987,0.3969355184891983,OnTrack,8413.0,15374.0,1953.0
2026-09-05 14:17:37.369,0 days 00:31:00.765000,30,96.12083333333294,0 days 00:00:35.944000,11237.0,212.0,5,100.0,False,0,car,2299.6899999999996,0.39848012286008855,OnTrack,8496.830618072832,15402.089185122239,1952.020005912706
2026-09-05 14:17:37.518,0 days 00:31:00.914000,30,90.32638142222183,0 days 00:00:36.093000,11315.638990222222,215.31111537777778,5,100.0,False,0,pos,2308.721034518508,0.4000449806211298,OnTrack,8581.0,15432.0,1952.0
2026-09-05 14:17:37.718,0 days 00:31:01.114000,30,82.54860364444404,0 days 00:00:36.293000,11421.194545777778,219.7555598222222,5,100.0,False,0,pos,2321.013194355973,0.4021749117693493,OnTrack,8694.0,15476.0,1953.0
2026-09-05 14:17:37.729,0 days 00:31:01.125000,30,82.12083333333294,0 days 00:00:36.304000,11427.0,220.0,5,100.0,False,0,car,2321.6899999999996,0.4022921856611278,OnTrack,8700.330174225692,15478.486007760097,1952.9842608082079
2026-09-05 14:17:37.878,0 days 00:31:01.274000,30,76.20221459555574,0 days 00:00:36.453000,11489.3938304,221.8625024,5,100.0,False,0,pos,2330.875043837437,0.4038837294765192,OnTrack,8786.0,15512.0,1952.0
2026-09-05 14:17:37.889,0 days 00:31:01.285000,30,75.76527777777801,0 days 00:00:36.464000,11494.0,222.0,5,100.0,False,0,car,2331.556666666666,0.4040018380688666,OnTrack,8792.068585224832,15514.37515978195,1951.9241547195443
2026-09-05 14:17:38.058,0 days 00:31:01.454000,30,68.95833591111132,0 days 00:00:36.633000,11589.3642496,223.8107136,5,100.0,False,0,pos,2342.1072400379558,0.40582999480879073,OnTrack,8889.0,15552.0,1951.0
2026-09-05 14:17:38.169,0 days 00:31:01.565000,30,64.48750000000018,0 days 00:00:36.744000,11652.0,225.0,5,100.0,False,0,car,2349.056666666666,0.40703416075151144,OnTrack,8978.935982413615,15585.743084773772,1950.5177850146638
2026-09-05 14:17:38.329,0 days 00:31:01.725000,30,58.087499999999636,0 days 00:00:36.904000,11770.0,225.0,5,100.0,False,0,car,2359.0566666666664,0.40876691657016573,OnTrack,9117.631625580461,15636.69725381917,1950.0182589056694
2026-09-05 14:17:38.338,0 days 00:31:01.734000,30,57.710002684444085,0 days 00:00:36.913000,11773.9937216,225.0843744,5,100.0,False,0,pos,2359.621122169016,0.40886472292577253,OnTrack,9124.0,15639.0,1950.0
2026-09-05 14:17:38.649,0 days 00:31:02.045000,30,44.665277777777646,0 days 00:00:37.224000,11912.0,228.0,5,100.0,False,0,car,2379.323333333333,0.41227863502930484,OnTrack,9257.614058780213,15684.577642732946,1949.9538964660615
2026-09-05 14:17:38.778,0 days 00:31:02.174000,30,39.18278049777761,0 days 00:00:37.353000,11965.903544685714,229.84285622857143,5,100.0,False,0,pos,2387.6135162460105,0.4137151212972698,OnTrack,9316.0,15704.0,1950.0
2026-09-05 14:17:38.929,0 days 00:31:02.325000,30,32.765277777777555,0 days 00:00:37.504000,12029.0,232.0,5,100.0,False,0,car,2397.3677777777775,0.41540529663985426,OnTrack,9407.401417336101,15735.096949186614,1949.998260903519
2026-09-05 14:17:38.938,0 days 00:31:02.334000,30,32.38278049777753,0 days 00:00:37.513000,12033.76996608,232.04499968,5,100.0,False,0,pos,2397.949350765769,0.4155060690377457,OnTrack,9413.0,15737.0,1950.0
2026-09-05 14:17:39.098,0 days 00:31:02.494000,30,25.582780497777172,0 days 00:00:37.673000,12118.56996608,232.84499968,5,100.0,False,0,pos,2408.2993904284035,0.4172994781826188,OnTrack,9511.0,15770.0,1950.0
2026-09-05 14:17:39.129,0 days 00:31:02.525000,30,24.2652777777771,0 days 00:00:37.704000,12135.0,233.0,5,100.0,False,0,car,2410.3122222222223,0.41764825278289003,OnTrack,9530.042047066278,15776.281188144516,1949.944175652626
2026-09-05 14:17:39.409,0 days 00:31:02.805000,30,12.520833333332575,0 days 00:00:37.984000,12086.0,234.0,5,100.0,True,0,car,2428.5122222222226,0.4208018683728407,OnTrack,9704.365862357883,15830.418115481272,1948.112695334634
2026-09-05 14:17:39.418,0 days 00:31:02.814000,30,12.170835822221482,0 days 00:00:37.993000,12069.17011968,233.68500224,5,95.500032,True,0,pos,2429.0887760579108,0.4209017710741963,OnTrack,9710.0,15832.0,1948.0
2026-09-05 14:17:39.609,0 days 00:31:03.005000,30,4.743055555555202,0 days 00:00:38.184000,11712.0,227.0,5,0.0,True,0,car,2441.1233333333334,0.42298706598858793,OnTrack,9828.594815253351,15861.87100677232,1945.116146319751
2026-09-05 14:17:39.618,0 days 00:31:03.014000,30,7.474632721777409,0 days 00:00:38.193000,11694.6546688,226.7340928,5,0.0,True,0,pos,2441.679320985272,0.4230834050724875,OnTrack,9834.0,15863.0,1945.0
2026-09-05 14:17:39.858,0 days 00:31:03.254000,30,80.31720847935276,0 days 00:00:38.433000,11232.109214254546,219.64318370909092,5,0.0,True,0,pos,2456.119484821796,0.4255855328634933,OnTrack,9973.0,15882.0,1943.0
2026-09-05 14:17:40.038,0 days 00:31:03.434000,30,134.94921799628176,0 days 00:00:38.613000,10885.199629963636,214.32499432727272,5,0.0,True,0,pos,2466.6404923898667,0.42740856657166126,OnTrack,10080.0,15882.0,1942.0
2026-09-05 14:17:40.049,0 days 00:31:03.445000,18,138.28777777777668,0 days 00:00:38.624000,10864.0,214.0,5,0.0,True,0,car,2467.2788888888895,0.42751918509649023,OnTrack,10086.482956845137,15881.635352311689,1941.9466444811264
2026-09-05 14:17:40.259,0 days 00:31:03.655000,18,138.75444472888768,0 days 00:00:38.834000,11320.22527808,209.27499712,5,1.05000064,True,0,pos,2479.3661461052284,0.4296136116238084,OnTrack,10207.0,15867.0,1941.0
2026-09-05 14:17:40.439,0 days 00:31:03.835000,18,139.1544447288876,0 days 00:00:39.014000,11711.27527808,205.22499712,5,1.95000064,True,0,pos,2489.5015798173454,0.43136983479773394,OnTrack,10304.0,15843.0,1940.0
2026-09-05 14:17:40.449,0 days 00:31:03.845000,18,139.17666666666537,0 days 00:00:39.024000,11733.0,205.0,5,2.0,True,0,car,2490.0566666666673,0.4314660177945359,OnTrack,10309.236238585747,15841.321283769123,1939.9439296918176
2026-09-05 14:17:40.619,0 days 00:31:04.015000,18,139.9794450488879,0 days 00:00:39.194000,11878.35010944,198.19999488,5,2.85000064,True,0,pos,2499.374013838807,0.43308048654723064,OnTrack,10396.0,15807.0,1939.0
2026-09-05 14:17:40.649,0 days 00:31:04.045000,18,140.12111111111017,0 days 00:00:39.224000,11904.0,197.0,4,3.0,False,0,car,2501.0011111111116,0.4333624227738408,OnTrack,10410.889424597275,15799.809790507119,1938.8271155060047
2026-09-05 14:17:40.819,0 days 00:31:04.215000,18,141.25444552373727,0 days 00:00:39.394000,11704.342488990404,194.35202240040323,4,15.710292478064543,False,0,pos,2510.143272967059,0.43494653618893786,OnTrack,10491.0,15755.0,1938.0
2026-09-05 14:17:40.970,0 days 00:31:04.366000,18,142.26111111110959,0 days 00:00:39.545000,11527.0,192.0,4,27.0,False,0,car,2518.121111111112,0.43632890073537683,OnTrack,10550.763345752739,15715.949822969798,1938.0744049167558
2026-09-05 14:17:41.079,0 days 00:31:04.475000,18,143.32083519999847,0 days 00:00:39.654000,11579.077869511111,190.18333013333333,4,40.32224568888889,False,0,pos,2523.780237510764,0.4373094891551264,OnTrack,10601.0,15671.0,1938.0
2026-09-05 14:17:41.259,0 days 00:31:04.655000,18,145.07083519999847,0 days 00:00:39.834000,11665.077869511111,187.18333013333333,4,62.32224568888889,False,0,pos,2533.0258662156484,0.43891153084867707,OnTrack,10705.0,15556.0,1937.0
2026-09-05 14:17:41.330,0 days 00:31:04.726000,18,145.76111111110959,0 days 00:00:39.905000,11699.0,186.0,4,71.0,False,0,car,2536.721111111112,0.4395518265580737,OnTrack,10735.574106349477,15518.752290703227,1936.7130623037674
2026-09-05 14:17:41.530,0 days 00:31:04.926000,18,147.59444444444352,0 days 00:00:40.105000,11880.0,190.0,4,100.0,False,0,car,2547.276666666667,0.4413808465888753,OnTrack,10775.923535787444,15456.03745561195,1936.5620615913892
2026-09-05 14:17:41.690,0 days 00:31:05.086000,18,149.10555555555402,0 days 00:00:40.265000,11981.0,190.0,4,100.0,False,0,car,2555.721111111112,0.44284406261351666,OnTrack,10793.6949326018,15409.90165458369,1936.8387949304577
2026-09-05 14:17:41.759,0 days 00:31:05.155000,18,149.75722403555406,0 days 00:00:40.334000,11673.9491456,190.4928585142857,4,100.0,False,0,pos,2559.375499278429,0.4434772788495705,OnTrack,10805.0,15382.0,1937.0
2026-09-05 14:17:41.919,0 days 00:31:05.315000,18,151.26833514666527,0 days 00:00:40.494000,10961.9491456,191.63571565714287,4,100.0,False,0,pos,2567.9060882389404,0.444955421615358,OnTrack,10837.0,15302.0,1937.0
2026-09-05 14:17:41.970,0 days 00:31:05.366000,18,151.74999999999864,0 days 00:00:40.545000,10735.0,192.0,4,100.0,False,0,car,2570.6544444444453,0.4454316446360403,OnTrack,10846.05808169905,15275.494184743357,1936.386862606367
2026-09-05 14:17:42.179,0 days 00:31:05.575000,18,153.54972387555415,0 days 00:00:40.754000,10576.508187733334,195.48333653333333,4,100.0,False,0,pos,2582.0788827107185,0.4474112208241144,OnTrack,10877.0,15165.0,1936.0
2026-09-05 14:17:42.199,0 days 00:31:05.595000,18,153.72194609777637,0 days 00:00:40.774000,10561.341521066666,195.81666986666667,4,100.0,False,0,pos,2583.1838705060954,0.44760268822731253,OnTrack,10880.0,15154.0,1937.0
2026-09-05 14:17:42.330,0 days 00:31:05.726000,18,154.84999999999854,0 days 00:00:40.905000,10462.0,198.0,5,100.0,False,0,car,2590.4544444444455,0.4488625011569756,OnTrack,10895.668538775371,15087.422469064712,1940.078464262367
2026-09-05 14:17:42.570,0 days 00:31:05.966000,18,156.78333333333194,0 days 00:00:41.145000,10592.0,202.0,5,100.0,False,0,car,2603.921111111112,0.45119594565942994,OnTrack,10915.132629532252,14951.962714217889,1936.1005289599782
2026-09-05 14:17:42.579,0 days 00:31:05.975000,18,156.83583445333193,0 days 00:00:41.154000,10603.6627488,202.1125024,5,100.0,False,0,pos,2604.4296564074243,0.4512840641415533,OnTrack,10916.0,14945.0,1936.0
2026-09-05 14:17:42.779,0 days 00:31:06.175000,18,158.0025011199983,0 days 00:00:41.354000,10862.829415466667,204.6125024,5,100.0,False,0,pos,2615.806108029423,0.4532553254159189,OnTrack,10936.0,14775.0,1935.0
2026-09-05 14:17:42.810,0 days 00:31:06.206000,18,158.18333333333157,0 days 00:00:41.385000,10903.0,205.0,5,100.0,False,0,car,2617.5877777777787,0.45356404527825733,OnTrack,10938.234651610646,14754.90659845484,1934.969122769178
2026-09-05 14:17:43.119,0 days 00:31:06.515000,18,158.52666687999832,0 days 00:00:41.694000,11006.000064,209.29166933333335,5,100.0,False,0,pos,2635.6019994828803,0.45668547002606147,OnTrack,10949.0,14636.0,1935.0
2026-09-05 14:17:43.170,0 days 00:31:06.566000,18,158.58333333333167,0 days 00:00:41.745000,11023.0,210.0,5,100.0,False,0,car,2638.5877777777787,0.45720283249743116,OnTrack,10951.202751613155,14608.822183006567,1934.723458309313
2026-09-05 14:17:43.370,0 days 00:31:06.766000,18,158.08333333333167,0 days 00:00:41.945000,11080.0,211.0,5,100.0,False,0,car,2650.310000000001,0.4592340073737425,OnTrack,10961.682749894951,14477.636365156159,1933.1265363650125
2026-09-05 14:17:43.399,0 days 00:31:06.795000,18,157.9544435911094,0 days 00:00:41.974000,11105.81017088,211.43500288,5,100.0,False,0,pos,2652.021208981891,0.4595305181057727,OnTrack,10963.0,14460.0,1933.0
2026-09-05 14:17:43.570,0 days 00:31:06.966000,18,157.19444444444252,0 days 00:00:42.145000,11258.0,214.0,5,100.0,False,0,car,2662.19888888889,0.46129406151369806,OnTrack,10969.278967022878,14367.783156334617,1932.9577842792105
2026-09-05 14:17:43.619,0 days 00:31:07.015000,18,156.74527601777584,0 days 00:00:42.194000,11285.630663822221,214.81666986666667,5,100.0,False,0,pos,2665.1488758814207,0.46180522222632436,OnTrack,10971.0,14341.0,1933.0
2026-09-05 14:17:43.879,0 days 00:31:07.275000,18,154.36194268444237,0 days 00:00:42.454000,11432.241774933333,219.1500032,5,100.0,False,0,pos,2681.0436597013436,0.4645594001413464,OnTrack,10981.0,14184.0,1933.0
2026-09-05 14:17:43.930,0 days 00:31:07.326000,18,153.89444444444234,0 days 00:00:42.505000,11461.0,220.0,5,100.0,False,0,car,2684.19888888889,0.4651061243147373,OnTrack,10983.027098955314,14152.943275473679,1932.997429053489
2026-09-05 14:17:44.098,0 days 00:31:07.494000,18,151.8877781355102,0 days 00:00:42.673000,11556.933130530027,222.33983245195188,5,100.0,False,0,pos,2694.670663243634,0.46692062710921894,OnTrack,10990.0,14050.0,1933.0
2026-09-05 14:17:44.289,0 days 00:31:07.685000,18,149.60638888888707,0 days 00:00:42.864000,11666.0,225.0,5,100.0,False,0,car,2706.6363888888895,0.4689939951828426,OnTrack,10999.142896887168,13925.840126299332,1932.9706938977206
2026-09-05 14:17:44.378,0 days 00:31:07.774000,18,148.61750071110927,0 days 00:00:42.953000,11690.4749824,225.2781248,5,100.0,False,0,pos,2712.1992142106524,0.46995789697728674,OnTrack,11003.0,13877.0,1933.0
2026-09-05 14:17:44.558,0 days 00:31:07.954000,18,146.61749786666476,0 days 00:00:43.133000,11739.9750528,225.8406256,5,100.0,False,0,pos,2723.4832468361083,0.471913144296251,OnTrack,11010.0,13798.0,1933.0
2026-09-05 14:17:44.609,0 days 00:31:08.005000,18,146.0508333333314,0 days 00:00:43.184000,11754.0,226.0,5,100.0,False,0,car,2726.7252777777785,0.4724749090940946,OnTrack,11012.739803323571,13769.359689033248,1932.790161771512
2026-09-05 14:17:44.738,0 days 00:31:08.134000,18,145.3341670222203,0 days 00:00:43.313000,11778.611829894737,227.0184205473684,5,83.02632421052631,False,0,pos,2735.0281218692326,0.4739135892351792,OnTrack,11021.0,13685.0,1932.0
2026-09-05 14:17:45.258,0 days 00:31:08.654000,18,142.44527813333144,0 days 00:00:43.833000,11877.822356210527,231.12368370526315,5,14.605271578947377,False,0,pos,2768.95636365139,0.47979252507165315,OnTrack,11053.0,13354.0,1932.0
2026-09-05 14:17:45.369,0 days 00:31:08.765000,18,141.82861111110924,0 days 00:00:43.944000,11899.0,232.0,5,0.0,True,0,car,2775.7030555555566,0.4809615620370144,OnTrack,11058.657351421558,13283.601557918586,1932.5724460523725
2026-09-05 14:17:45.498,0 days 00:31:08.894000,18,142.54527742222032,0 days 00:00:44.073000,11678.73260928,222.97000448,5,0.0,True,0,pos,2783.2401830772,0.48226756219392103,OnTrack,11064.0,13203.0,1933.0
2026-09-05 14:17:45.718,0 days 00:31:09.114000,18,143.76750106666475,0 days 00:00:44.293000,11303.08217216,207.56998656,5,0.0,True,0,pos,2795.5403845011115,0.48439888675271114,OnTrack,11068.0,13073.0,1932.0
2026-09-05 14:17:45.769,0 days 00:31:09.165000,18,144.0508333333314,0 days 00:00:44.344000,11216.0,204.0,5,0.0,True,0,car,2798.369722222223,0.48488914189263055,OnTrack,11067.734338498694,13044.30925057867,1931.600761830607
2026-09-05 14:17:45.958,0 days 00:31:09.354000,18,145.67833498666556,0 days 00:00:44.533000,11777.33057024,198.32999424,5,4.7250048,True,0,pos,2808.7746439847847,0.48669206076530247,OnTrack,11062.0,12943.0,1930.0
2026-09-05 14:17:45.969,0 days 00:31:09.365000,18,145.7730555555545,0 days 00:00:44.544000,11810.0,198.0,4,5.0,False,0,car,2809.3697222222227,0.4867951732931501,OnTrack,11061.388996607044,12937.361329880407,1929.9245588265633
2026-09-05 14:17:46.138,0 days 00:31:09.534000,18,148.02638803555408,0 days 00:00:44.713000,11575.2108032,192.5678592,4,8.017856,False,0,pos,2818.3268194999705,0.488347219535777,OnTrack,11047.0,12851.0,1929.0
2026-09-05 14:17:46.249,0 days 00:31:09.645000,18,149.50638888888716,0 days 00:00:44.824000,11421.0,189.0,4,10.0,False,0,car,2824.069722222223,0.4893423243465718,OnTrack,11030.081380659,12786.852586134424,1928.43741982364
2026-09-05 14:17:46.398,0 days 00:31:09.794000,18,152.07250330666486,0 days 00:00:44.973000,11364.1936768,185.7406208,4,21.64064,False,0,pos,2831.6497302059242,0.4906557546404922,OnTrack,10997.0,12698.0,1928.0
2026-09-05 14:17:46.569,0 days 00:31:09.965000,18,155.0174999999981,0 days 00:00:45.144000,11299.0,182.0,4,35.0,False,0,car,2840.247500000001,0.4921455382043058,OnTrack,10943.632178408194,12607.663608758063,1928.5146595546646
2026-09-05 14:17:46.839,0 days 00:31:10.235000,18,160.2675024888869,0 days 00:00:45.414000,11499.571523657143,181.03571382857143,4,60.071440457142856,False,0,pos,2853.8207017948343,0.4944974426430824,OnTrack,10856.0,12504.0,1930.0
2026-09-05 14:17:46.849,0 days 00:31:10.245000,18,160.46194444444245,0 days 00:00:45.424000,11507.0,181.0,4,61.0,False,0,car,2854.325277777779,0.49458487334012236,OnTrack,10853.646902854243,12501.502106628153,1930.0207061187575
2026-09-05 14:17:47.079,0 days 00:31:10.475000,18,165.125835928887,0 days 00:00:45.654000,11825.714463085715,183.4642870857143,4,79.07143862857143,False,0,pos,2866.0270850499905,0.4966125108040919,OnTrack,10803.0,12457.0,1930.0
2026-09-05 14:17:47.129,0 days 00:31:10.525000,18,166.13972222222037,0 days 00:00:45.704000,11895.0,184.0,4,83.0,False,0,car,2868.63638888889,0.4970646394450408,OnTrack,10784.708856877018,12443.11708948043,1929.99628155308
2026-09-05 14:17:47.279,0 days 00:31:10.675000,18,168.9313912711093,0 days 00:00:45.854000,12005.892951771428,189.35714742857144,4,92.10715062857143,False,0,pos,2876.6527223944704,0.4984536742976475,OnTrack,10717.0,12394.0,1930.0
2026-09-05 14:17:47.409,0 days 00:31:10.805000,18,171.3508333333316,0 days 00:00:45.984000,12102.0,194.0,4,100.0,False,0,car,2883.725277777779,0.4996791754469657,OnTrack,10662.035828098347,12357.891302580461,1929.8457242478928
2026-09-05 14:17:47.610,0 days 00:31:11.006000,18,175.09166666666533,0 days 00:00:46.185000,10761.0,198.0,4,100.0,False,0,car,2894.780277777779,0.5015947370044879,OnTrack,10562.863869445548,12302.103956500307,1929.0602143031792
2026-09-05 14:17:47.619,0 days 00:31:11.015000,18,175.25167007999866,0 days 00:00:46.194000,10772.812752,198.3375072,4,100.0,False,0,pos,2895.285264114477,0.5016822388058133,OnTrack,10557.0,12299.0,1929.0
2026-09-05 14:17:47.850,0 days 00:31:11.246000,18,179.35833333333176,0 days 00:00:46.425000,11076.0,207.0,5,100.0,False,0,car,2908.5802777777785,0.5039859400342307,OnTrack,10386.300589924878,12211.674960680697,1927.0586346403875
2026-09-05 14:17:47.859,0 days 00:31:11.255000,18,179.50833653333174,0 days 00:00:46.434000,11100.938032,207.3000064,5,100.0,False,0,pos,2909.108615860407,0.5040774881229197,OnTrack,10381.0,12209.0,1927.0
2026-09-05 14:17:48.090,0 days 00:31:11.486000,18,183.35833333333176,0 days 00:00:46.665000,11741.0,215.0,5,100.0,False,0,car,2922.913611111112,0.506469556707635,OnTrack,10300.936688475096,12169.054088034532,1926.2926367557886
2026-09-05 14:17:48.219,0 days 00:31:11.615000,18,185.32916959999835,0 days 00:00:46.794000,11202.0210728,219.031256,5,100.0,False,0,pos,2930.8444235454544,0.5078437728468612,OnTrack,10241.0,12139.0,1926.0
2026-09-05 14:17:48.410,0 days 00:31:11.806000,18,188.24722222222044,0 days 00:00:46.985000,10404.0,225.0,6,100.0,False,0,car,2942.913611111112,0.5099350683449434,OnTrack,10087.399290404837,12061.186842542926,1925.219966022765
2026-09-05 14:17:48.459,0 days 00:31:11.855000,18,188.90055811555374,0 days 00:00:47.034000,10448.780731022222,226.76945137777778,6,100.0,False,0,pos,2946.0804113693157,0.5104837975023352,OnTrack,10052.0,12043.0,1925.0
2026-09-05 14:17:48.770,0 days 00:31:12.166000,18,193.04722222222017,0 days 00:00:47.345000,10733.0,238.0,6,100.0,False,0,car,2966.713611111112,0.5140590271933405,OnTrack,9922.441530437423,11973.022841937107,1923.9078958844516
2026-09-05 14:17:48.839,0 days 00:31:12.235000,18,193.90972462222018,0 days 00:00:47.414000,10798.3345568,239.2937536,6,100.0,False,0,pos,2971.35231128289,0.5148628006647045,OnTrack,9891.0,11956.0,1924.0
2026-09-05 14:17:49.059,0 days 00:31:12.455000,18,196.65972462222018,0 days 00:00:47.634000,11006.6470568,243.4187536,6,100.0,False,0,pos,2986.2760911779696,0.517448727309656,OnTrack,9760.0,11886.0,1925.0
2026-09-05 14:17:49.090,0 days 00:31:12.486000,18,197.04722222222017,0 days 00:00:47.665000,11036.0,244.0,6,100.0,False,0,car,2988.402500000001,0.5178171820355771,OnTrack,9741.043079354447,11875.677736820542,1925.0563134995562
2026-09-05 14:17:49.239,0 days 00:31:12.635000,18,198.82694673777567,0 days 00:00:47.814000,11224.578368,247.2593792,6,100.0,False,0,pos,2998.710434880358,0.519603295449802,OnTrack,9652.0,11827.0,1925.0
2026-09-05 14:17:49.379,0 days 00:31:12.775000,18,200.49916895999783,0 days 00:00:47.954000,11401.765868,250.3218792,6,100.0,False,0,pos,3008.5243084519757,0.5213038001032777,OnTrack,9570.0,11784.0,1925.0
2026-09-05 14:17:49.410,0 days 00:31:12.806000,18,200.86944444444225,0 days 00:00:47.985000,11441.0,251.0,6,100.0,False,0,car,3010.713611111112,0.521683152795419,OnTrack,9551.843420850133,11774.392941624352,1925.002758496353
2026-09-05 14:17:49.659,0 days 00:31:13.055000,18,203.49777980444208,0 days 00:00:48.234000,10968.5913024,255.8416704,6,100.0,False,0,pos,3028.5041987533345,0.5247658272208527,OnTrack,9403.0,11694.0,1925.0
2026-09-05 14:17:49.770,0 days 00:31:13.166000,18,204.66944444444198,0 days 00:00:48.345000,10758.0,258.0,6,100.0,False,0,car,3036.5136111111124,0.5261536628075468,OnTrack,9332.409212347828,11656.097162619262,1924.9830852306507
2026-09-05 14:17:49.819,0 days 00:31:13.215000,18,205.15944636444198,0 days 00:00:48.394000,10679.10969088,258.98000384,6,100.0,False,0,pos,3040.059900231222,0.5267681481182968,OnTrack,9301.0,11639.0,1925.0
2026-09-05 14:17:49.970,0 days 00:31:13.366000,18,206.66944444444198,0 days 00:00:48.545000,10436.0,262.0,7,100.0,False,0,car,3051.069166666668,0.5286757851658103,OnTrack,9204.812974062315,11585.02338313105,1925.1954476783785
2026-09-05 14:17:50.079,0 days 00:31:13.475000,18,207.57777937777553,0 days 00:00:48.654000,10567.708565333332,265.1791722666667,7,100.0,False,0,pos,3059.160905998921,0.5300778860069096,OnTrack,9135.0,11545.0,1925.0
2026-09-05 14:17:50.210,0 days 00:31:13.606000,18,208.66944444444243,0 days 00:00:48.785000,10726.0,269.0,7,100.0,False,0,car,3069.002500000001,0.53178319393393,OnTrack,9049.929563153548,11495.926237954352,1924.1298307084676
2026-09-05 14:17:50.239,0 days 00:31:13.635000,18,208.89500149333134,0 days 00:00:48.814000,10747.6595184,269.453128,7,100.0,False,0,pos,3071.1894056443457,0.5321621312819387,OnTrack,9031.0,11485.0,1924.0
2026-09-05 14:17:50.419,0 days 00:31:13.815000,18,210.29500149333143,0 days 00:00:48.994000,10882.0970184,272.265628,7,100.0,False,0,pos,3084.8347896012256,0.5345265431268441,OnTrack,8913.0,11417.0,1924.0
2026-09-05 14:17:50.530,0 days 00:31:13.926000,18,211.15833333333148,0 days 00:00:49.105000,10965.0,274.0,7,100.0,False,0,car,3093.3580555555563,0.5360034169944745,OnTrack,8839.736448281414,11374.901249758052,1923.8458474508318
2026-09-05 14:17:50.678,0 days 00:31:14.074000,18,212.10389052444188,0 days 00:00:49.253000,11015.875088,279.5500096,7,100.0,False,0,pos,3104.866125613539,0.5379974845299196,OnTrack,8740.0,11318.0,1924.0
2026-09-05 14:17:50.690,0 days 00:31:14.086000,18,212.18055555555293,0 days 00:00:49.265000,11020.0,280.0,7,100.0,False,0,car,3105.802500000001,0.5381597353465776,OnTrack,8731.720124043375,11313.312164742862,1924.0800225242888
2026-09-05 14:17:50.898,0 days 00:31:14.294000,18,213.45166632628317,0 days 00:00:49.473000,11196.669408757982,281.74058530796043,7,100.0,False,0,pos,3122.0833295869093,0.5409808055665007,OnTrack,8590.0,11234.0,1926.0
2026-09-05 14:17:50.929,0 days 00:31:14.325000,18,213.64111111110878,0 days 00:00:49.504000,11223.0,282.0,7,100.0,False,0,car,3124.5241666666675,0.5414037430317346,OnTrack,8571.316987755927,11223.736274648942,1926.0045920047137
2026-09-05 14:17:51.098,0 days 00:31:14.494000,18,214.53305521777554,0 days 00:00:49.673000,11302.42996992,284.1124992,7,100.0,False,0,pos,3137.9113200948514,0.5437234098315248,OnTrack,8452.0,11158.0,1925.0
2026-09-05 14:17:51.238,0 days 00:31:14.634000,18,215.27194545777562,0 days 00:00:49.813000,11368.23009024,285.8625024,7,100.0,False,0,pos,3149.0994346926263,0.5456620368984314,OnTrack,8272.0,11056.0,1925.0
2026-09-05 14:17:51.329,0 days 00:31:14.725000,18,215.7522222222201,0 days 00:00:49.904000,11411.0,287.0,7,100.0,False,0,car,3156.4130555555566,0.5469293088089986,OnTrack,8192.246951901281,11010.608274831005,1925.218401454954
2026-09-05 14:17:51.618,0 days 00:31:15.014000,18,216.87611086222057,0 days 00:00:50.193000,11534.7280976,291.515624,7,100.0,False,0,pos,3179.8416805199627,0.5509889174320127,OnTrack,8089.0,10951.0,1926.0
2026-09-05 14:17:51.649,0 days 00:31:15.045000,18,216.99666666666508,0 days 00:00:50.224000,11548.0,292.0,7,100.0,False,0,car,3182.3686111111115,0.5514267728005277,OnTrack,8070.703929285755,10940.442703531391,1925.986645812199
2026-09-05 14:17:51.798,0 days 00:31:15.194000,18,217.45194503110946,0 days 00:00:50.373000,11131.7307136,293.3968768,7,100.0,False,0,pos,3194.5457619023236,0.5535367756893378,OnTrack,7963.0,10878.0,1926.0
2026-09-05 14:17:51.969,0 days 00:31:15.365000,18,217.97444444444272,0 days 00:00:50.544000,10654.0,295.0,7,100.0,False,0,car,3208.5908333333336,0.5559704436138875,OnTrack,7842.418357633767,10805.7892434512,1927.7835390909886
2026-09-05 14:17:52.098,0 days 00:31:15.494000,18,218.22527765333132,0 days 00:00:50.673000,10571.53218377143,296.3821421714286,7,100.0,False,0,pos,3219.2401724649617,0.5578157140484025,OnTrack,7753.0,10750.0,1928.0
2026-09-05 14:17:52.178,0 days 00:31:15.574000,18,218.38083320888668,0 days 00:00:50.753000,10520.389326628572,297.23928502857143,7,100.0,False,0,pos,3225.8686922744796,0.5589642746753032,OnTrack,7697.0,10714.0,1927.0
2026-09-05 14:17:52.249,0 days 00:31:15.645000,18,218.51888888888652,0 days 00:00:50.824000,10475.0,298.0,8,100.0,False,0,car,3231.7686111111116,0.5599865865446794,OnTrack,7648.0702202728025,10681.899120451524,1926.499443372136
2026-09-05 14:17:52.478,0 days 00:31:15.874000,18,218.83694471110869,0 days 00:00:51.053000,10571.609456,300.1468768,8,100.0,False,0,pos,3250.9010631264655,0.5633017733001521,OnTrack,7485.0,10568.0,1927.0
2026-09-05 14:17:52.569,0 days 00:31:15.965000,18,218.96333333333087,0 days 00:00:51.144000,10610.0,301.0,8,100.0,False,0,car,3258.524166666667,0.5646226710017008,OnTrack,7409.289428463955,10510.579256186344,1926.8870245200515
2026-09-05 14:17:52.729,0 days 00:31:16.125000,18,219.14111111110878,0 days 00:00:51.304000,10641.0,302.0,8,100.0,False,0,car,3271.9463888888895,0.5669484143671835,OnTrack,7274.520622793401,10404.387120699444,1926.1629747366649
2026-09-05 14:17:52.758,0 days 00:31:16.154000,18,219.15722232888652,0 days 00:00:51.333000,10642.30500864,302.29000192,8,100.0,False,0,pos,3274.387370925036,0.5673713769498199,OnTrack,7254.0,10388.0,1926.0
2026-09-05 14:17:52.929,0 days 00:31:16.325000,18,219.25222222221964,0 days 00:00:51.504000,10650.0,304.0,8,100.0,False,0,car,3288.835277777778,0.569874846416466,OnTrack,7158.530827526211,10310.451397869178,1924.8558635582922
2026-09-05 14:17:53.018,0 days 00:31:16.414000,18,219.25222222221964,0 days 00:00:51.593000,10665.5749888,304.5562496,8,100.0,False,0,pos,3296.3806263065403,0.5711822710731647,OnTrack,7109.0,10270.0,1924.0
2026-09-05 14:17:53.238,0 days 00:31:16.634000,18,219.25222222221964,0 days 00:00:51.813000,10704.0750336,305.9312512,8,100.0,False,0,pos,3315.0972816582575,0.5744254104198081,OnTrack,6964.0,10152.0,1921.0
2026-09-05 14:17:53.249,0 days 00:31:16.645000,18,219.25222222221964,0 days 00:00:51.824000,10706.0,306.0,8,100.0,False,0,car,3316.035277777778,0.5745879422432054,OnTrack,6957.189667997024,10146.36982446492,1920.8350375644322
2026-09-05 14:17:53.599,0 days 00:31:16.995000,18,218.96055544888657,0 days 00:00:52.174000,10817.805596444445,307.94444515555557,8,100.0,False,0,pos,3345.9776643738915,0.5797762267030863,OnTrack,6731.0,9952.0,1914.0
2026-09-05 14:17:53.609,0 days 00:31:17.005000,18,218.95222222221992,0 days 00:00:52.184000,10821.0,308.0,8,100.0,False,0,car,3346.8352777777777,0.5799248301646603,OnTrack,6721.008400123122,9943.3001288729,1913.6908538006674
2026-09-05 14:17:53.779,0 days 00:31:17.175000,18,218.8105554488867,0 days 00:00:52.354000,10838.85001344,308.85000064,8,100.0,False,0,pos,3361.4269075014154,0.5824532032953884,OnTrack,6537.0,9783.0,1908.0
2026-09-05 14:17:53.809,0 days 00:31:17.205000,18,218.7855555555534,0 days 00:00:52.384000,10842.0,309.0,8,100.0,False,0,car,3364.0019444444447,0.5828993943200168,OnTrack,6513.1542963011,9762.237720304605,1907.2310879016811
2026-09-05 14:17:54.119,0 days 00:31:17.515000,18,218.4411109002125,0 days 00:00:52.694000,10829.44547517916,309.0,8,100.0,False,0,pos,3390.608838399074,0.5875097193516365,OnTrack,6394.0,9659.0,1903.0
2026-09-05 14:17:54.130,0 days 00:31:17.526000,18,218.42888888888683,0 days 00:00:52.705000,10829.0,309.0,8,100.0,False,0,car,3391.5544444444445,0.5876735697893637,OnTrack,6388.013643292149,9653.826549050347,1902.8219134334638
2026-09-05 14:17:54.279,0 days 00:31:17.675000,18,218.22194417777567,0 days 00:00:52.854000,10823.78499328,309.74500096,8,100.0,False,0,pos,3404.379170247077,0.5898957816150793,OnTrack,6290.0,9569.0,1900.0
2026-09-05 14:17:54.330,0 days 00:31:17.726000,18,218.151111111109,0 days 00:00:52.905000,10822.0,310.0,8,100.0,False,0,car,3408.776666666667,0.590657760365935,OnTrack,6258.405323777477,9541.513135188587,1899.0067975811535
2026-09-05 14:17:54.559,0 days 00:31:17.955000,18,217.76944412444232,0 days 00:00:53.134000,10814.639279542856,310.81785782857145,8,100.0,False,0,pos,3428.563031856778,0.5940862543072531,OnTrack,6108.0,9410.0,1894.0
2026-09-05 14:17:54.610,0 days 00:31:18.006000,18,217.6844444444423,0 days 00:00:53.185000,10813.0,311.0,8,100.0,False,0,car,3432.965555555556,0.5948491041628352,OnTrack,6057.228512352705,9365.758978473788,1892.4989478848288
2026-09-05 14:17:54.759,0 days 00:31:18.155000,18,217.47749973333114,0 days 00:00:53.334000,10807.4124928,310.62749952,8,100.0,False,0,pos,3445.8048750900402,0.597073844725929,OnTrack,5900.0,9229.0,1888.0
2026-09-05 14:17:55.010,0 days 00:31:18.406000,18,217.12888888888665,0 days 00:00:53.585000,10798.0,310.0,8,100.0,False,0,car,3467.4100000000003,0.6008174853159773,OnTrack,5800.675604643991,9143.173601822196,1884.6812723483617
2026-09-05 14:17:55.119,0 days 00:31:18.515000,18,216.9169440711089,0 days 00:00:53.694000,10806.918197527273,310.2477277090909,8,100.0,False,0,pos,3476.8135376524183,0.6024468887742933,OnTrack,5744.0,9094.0,1883.0
2026-09-05 14:17:55.419,0 days 00:31:18.815000,18,216.3336107377757,0 days 00:00:53.994000,10831.463652072727,310.9295458909091,8,100.0,False,0,pos,3502.7419385338258,0.6069396475238592,OnTrack,5457.0,8844.0,1876.0
2026-09-05 14:17:55.450,0 days 00:31:18.846000,18,216.27333333333127,0 days 00:00:54.025000,10834.0,311.0,8,100.0,False,0,car,3505.4211111111113,0.6074038827111062,OnTrack,5435.20500627823,8825.033722273347,1875.679382857678
2026-09-05 14:17:55.799,0 days 00:31:19.195000,18,215.594721848887,0 days 00:00:54.374000,10858.236124444444,311.0,8,100.0,False,0,pos,3535.57123174974,0.6126281624080772,OnTrack,5300.0,8708.0,1877.0
2026-09-05 14:17:55.810,0 days 00:31:19.206000,18,215.57333333333145,0 days 00:00:54.385000,10859.0,311.0,8,100.0,False,0,car,3536.521111111111,0.6127927533071208,OnTrack,5294.127564809531,8702.921798973774,1877.0006236702627
2026-09-05 14:17:55.970,0 days 00:31:19.366000,18,215.17333333333136,0 days 00:00:54.545000,10875.0,311.0,8,100.0,False,0,car,3550.3433333333337,0.6151878069053496,OnTrack,5188.157768684942,8611.202445334999,1876.3295054924142
2026-09-05 14:17:56.039,0 days 00:31:19.435000,18,214.92416597333138,0 days 00:00:54.614000,10873.2749952,311.34500096,8,100.0,False,0,pos,3556.319593350233,0.6162233468371568,OnTrack,5143.0,8572.0,1876.0
2026-09-05 14:17:56.170,0 days 00:31:19.566000,18,214.45111111110919,0 days 00:00:54.745000,10870.0,312.0,8,100.0,False,0,car,3567.6766666666667,0.6181912503243502,OnTrack,5069.370248496519,8507.782575602345,1875.6380147512123
2026-09-05 14:17:56.279,0 days 00:31:19.675000,18,213.9363879822202,0 days 00:00:54.854000,10871.703128,311.6593744,8,100.0,False,0,pos,3577.1056142602297,0.6198250567050033,OnTrack,4987.0,8436.0,1876.0
2026-09-05 14:17:56.439,0 days 00:31:19.835000,18,213.1808324266645,0 days 00:00:55.014000,10874.203128,311.1593744,8,100.0,False,0,pos,3590.9190866414424,0.6222185941694399,OnTrack,4804.0,8277.0,1878.0
2026-09-05 14:17:56.490,0 days 00:31:19.886000,18,212.93999999999778,0 days 00:00:55.065000,10875.0,311.0,8,100.0,False,0,car,3595.3211111111113,0.6229813575208076,OnTrack,4751.484301051985,8231.364316433954,1878.8006777618357
2026-09-05 14:17:56.850,0 days 00:31:20.246000,18,210.23999999999796,0 days 00:00:55.425000,10859.0,311.0,8,100.0,False,0,car,3626.4211111111113,0.6283702281168222,OnTrack,4517.171153237693,8027.46090669691,1884.7064472519833
2026-09-05 14:17:56.879,0 days 00:31:20.275000,18,209.8855532088869,0 days 00:00:55.454000,10857.5499904,311.1812512,8,100.0,False,0,pos,3628.934395924351,0.6288057190052299,OnTrack,4504.0,8016.0,1885.0
2026-09-05 14:17:57.010,0 days 00:31:20.406000,18,208.28444444444267,0 days 00:00:55.585000,10851.0,312.0,8,100.0,False,0,car,3640.287777777778,0.6307729828520227,OnTrack,4451.8640786555925,7970.660396566375,1885.848536545116
2026-09-05 14:17:57.250,0 days 00:31:20.646000,18,203.88444444444258,0 days 00:00:55.825000,10825.0,310.0,8,100.0,False,0,car,3660.954444444445,0.6343540115439081,OnTrack,4354.434487783307,7885.866699567998,1887.838966421214
2026-09-05 14:17:57.258,0 days 00:31:20.654000,18,203.6955555555537,0 days 00:00:55.833000,10824.55,310.0,8,100.0,False,0,pos,3661.642978699645,0.6344733177176122,OnTrack,4350.0,7882.0,1888.0
2026-09-05 14:17:57.378,0 days 00:31:20.774000,18,200.86222222222068,0 days 00:00:55.953000,10817.8,310.0,8,100.0,False,0,pos,3671.9763313231797,0.6362638354060757,OnTrack,4272.0,7814.0,1891.0
2026-09-05 14:17:57.410,0 days 00:31:20.806000,18,200.1066666666652,0 days 00:00:55.985000,10816.0,310.0,8,100.0,False,0,car,3674.7322222222224,0.6367413640051649,OnTrack,4246.485345165597,7791.80402855765,1891.8203074736416
2026-09-05 14:17:57.570,0 days 00:31:20.966000,18,196.01777777777625,0 days 00:00:56.145000,10823.0,310.0,8,100.0,False,0,car,3688.5100000000007,0.6391287164664219,OnTrack,4087.8357212408114,7654.120746892283,1895.6732111741896
2026-09-05 14:17:57.718,0 days 00:31:21.114000,18,191.74221580743924,0 days 00:00:56.293000,10819.817199525804,310.0,8,100.0,False,0,pos,3701.25458639065,0.6413370420888959,OnTrack,3955.0,7539.0,1898.0
2026-09-05 14:17:57.849,0 days 00:31:21.245000,18,187.9577777777763,0 days 00:00:56.424000,10817.0,310.0,8,100.0,False,0,car,3712.5350000000003,0.6432916623207385,OnTrack,3879.693655388204,7473.794150182266,1898.617567767623
2026-09-05 14:17:58.158,0 days 00:31:21.554000,18,177.82943815110949,0 days 00:00:56.733000,10824.7250048,310.0,8,100.0,False,0,pos,3739.143056173822,0.6479021887365652,OnTrack,3760.0,7369.0,1900.0
2026-09-05 14:17:58.169,0 days 00:31:21.565000,18,177.46888888888725,0 days 00:00:56.744000,10825.0,310.0,8,100.0,False,0,car,3740.090555555556,0.6480663672432524,OnTrack,3753.1664561919133,7362.950949355881,1900.264222352502
2026-09-05 14:17:58.198,0 days 00:31:21.594000,18,176.44582655999838,0 days 00:00:56.773000,10823.227766044445,310.0,8,100.0,False,0,pos,3742.588713747108,0.6484992370574854,OnTrack,3734.0,7346.0,1901.0
2026-09-05 14:17:58.529,0 days 00:31:21.925000,18,164.76888888888743,0 days 00:00:57.104000,10803.0,310.0,8,100.0,False,0,car,3771.090555555556,0.6534379102810804,OnTrack,3429.812564626043,7081.976726101967,1905.7952661151623
2026-09-05 14:17:58.558,0 days 00:31:21.954000,18,163.74582655999853,0 days 00:00:57.133000,10804.59501056,309.85499904,8,100.0,False,0,pos,3773.58216119244,0.6538696446975907,OnTrack,3409.0,7064.0,1906.0
2026-09-05 14:17:58.729,0 days 00:31:22.125000,18,157.71333333333178,0 days 00:00:57.304000,10814.0,309.0,8,100.0,False,0,car,3788.257222222223,0.6564124744364369,OnTrack,3327.5511787282926,6993.724714845275,1906.6820214035868
2026-09-05 14:17:58.938,0 days 00:31:22.334000,18,150.34028003555477,0 days 00:00:57.513000,10416.029288533333,309.87083306666665,8,12.916693333333333,False,0,pos,3806.2302350014015,0.6595267586836235,OnTrack,3253.0,6929.0,1907.0
2026-09-05 14:17:58.969,0 days 00:31:22.365000,18,149.246666666666,0 days 00:00:57.544000,10357.0,310.0,8,0.0,True,0,car,3808.923888888889,0.6599935031283221,OnTrack,3236.4247167790177,6914.527769188054,1907.0769604498314
2026-09-05 14:17:59.129,0 days 00:31:22.525000,18,144.17999999999893,0 days 00:00:57.704000,10105.0,309.0,8,0.0,True,0,car,3822.6572222222226,0.6623731544526072,OnTrack,3133.462464876181,6824.52302529249,1907.669555177988
2026-09-05 14:17:59.178,0 days 00:31:22.574000,18,143.32250111999892,0 days 00:00:57.753000,9989.11515136,297.24001536000003,8,0.0,True,0,pos,3826.490279285652,0.6630373296455965,OnTrack,3103.0,6798.0,1908.0
2026-09-05 14:17:59.298,0 days 00:31:22.694000,18,141.22250111999892,0 days 00:00:57.873000,9705.31515136,268.44001536,8,0.0,True,0,pos,3835.0591698937465,0.664522109151655,OnTrack,3034.0,6738.0,1909.0
2026-09-05 14:17:59.329,0 days 00:31:22.725000,18,140.67999999999893,0 days 00:00:57.904000,9632.0,261.0,8,0.0,True,0,car,3837.1572222222226,0.6648856503896559,OnTrack,3015.901902065694,6722.064955325937,1909.1647041111926
2026-09-05 14:17:59.598,0 days 00:31:22.994000,18,139.0361099377766,0 days 00:00:58.173000,10081.614606628571,228.33569097142856,8,0.0,True,0,pos,3854.1211402847557,0.6678250831626588,OnTrack,2861.0,6582.0,1909.0
2026-09-05 14:17:59.609,0 days 00:31:23.005000,18,138.9688888888877,0 days 00:00:58.184000,10100.0,227.0,7,0.0,True,0,car,3854.8127777777777,0.6679449270517019,OnTrack,2855.875176113979,6577.253527047405,1908.989075929409
2026-09-05 14:17:59.769,0 days 00:31:23.165000,18,138.21333333333223,0 days 00:00:58.344000,9539.0,227.0,6,0.0,True,0,car,3864.9016666666666,0.6696930851442997,OnTrack,2794.9760819520016,6519.5659276992765,1908.9651037072406
2026-09-05 14:17:59.878,0 days 00:31:23.274000,18,138.3041668266655,0 days 00:00:58.453000,10062.8821728,216.781232,6,0.0,True,0,pos,3871.3879316978505,0.6708169964917113,OnTrack,2757.0,6481.0,1909.0
2026-09-05 14:17:59.929,0 days 00:31:23.325000,18,138.34666666666544,0 days 00:00:58.504000,10308.0,212.0,6,0.0,True,0,car,3874.3238888888886,0.6713257261823206,OnTrack,2738.140995511693,6461.032164428006,1909.0132091787943
2026-09-05 14:18:00.039,0 days 00:31:23.435000,18,139.1411120355542,0 days 00:00:58.614000,10084.56224,206.4999936,6,0.3437504,True,0,pos,3880.4907406494885,0.6723942910094163,OnTrack,2698.0,6417.0,1909.0
2026-09-05 14:18:00.249,0 days 00:31:23.645000,18,140.65777777777612,0 days 00:00:58.824000,9658.0,196.0,5,1.0,True,0,car,3891.746111111111,0.6743445718752648,OnTrack,2641.418674260629,6348.63806234794,1908.5959441972836
2026-09-05 14:18:00.399,0 days 00:31:23.795000,18,142.40777927110958,0 days 00:00:58.974000,10533.000746666667,189.12499413333333,5,2.8750016,True,0,pos,3899.508203425146,0.6756895529374722,OnTrack,2607.0,6282.0,1908.0
2026-09-05 14:18:00.489,0 days 00:31:23.885000,18,143.4577777777763,0 days 00:00:59.064000,11058.0,185.0,5,4.0,False,0,car,3904.0794444444446,0.6764816373849384,OnTrack,2585.456145274164,6225.344773251099,1907.5208189248247
2026-09-05 14:18:00.599,0 days 00:31:23.995000,18,145.1994468183583,0 days 00:00:59.174000,10950.055927637319,182.60124283638487,5,4.342679594802163,False,0,pos,3909.5942243243558,0.6774372140774896,OnTrack,2563.0,6155.0,1907.0
2026-09-05 14:18:00.810,0 days 00:31:24.206000,18,148.54027777777628,0 days 00:00:59.385000,10743.0,178.0,4,5.0,False,0,car,3919.951111111111,0.679231809661779,OnTrack,2548.665285106292,6072.959066363745,1906.870335787992
2026-09-05 14:18:00.939,0 days 00:31:24.335000,18,151.0486148444431,0 days 00:00:59.514000,10716.6624608,174.7749952,4,6.0750016,False,0,pos,3926.141035332844,0.6803043723830027,OnTrack,2547.0,6026.0,1907.0
2026-09-05 14:18:01.050,0 days 00:31:24.446000,18,153.20694444444325,0 days 00:00:59.625000,10694.0,172.0,4,7.0,False,0,car,3931.4177777777777,0.6812187030005025,OnTrack,2544.9669746984414,5974.087411858508,1907.0791663109896
2026-09-05 14:18:01.119,0 days 00:31:24.515000,18,154.6061150044433,0 days 00:00:59.694000,10793.36027648,171.65499904,4,22.180042240000002,False,0,pos,3934.6898307284355,0.6817856698794221,OnTrack,2544.0,5935.0,1907.0
2026-09-05 14:18:01.250,0 days 00:31:24.646000,18,157.2624999999989,0 days 00:00:59.825000,10982.0,171.0,4,51.0,False,0,car,3940.9177777777777,0.682864821028224,OnTrack,2543.6433149619843,5844.2602851316005,1906.4113047065657
2026-09-05 14:18:01.479,0 days 00:31:24.875000,18,161.71528151110988,0 days 00:01:00.054000,11150.8876416,175.77083733333333,4,89.16669866666668,False,0,pos,3952.094530476159,0.6848014793554018,OnTrack,2545.0,5687.0,1905.0
2026-09-05 14:18:01.490,0 days 00:31:24.886000,18,161.92916666666542,0 days 00:01:00.065000,11159.0,176.0,4,91.0,False,0,car,3952.651111111111,0.6848979211887781,OnTrack,2545.005844669268,5681.939591863631,1904.9657406398662
2026-09-05 14:18:01.770,0 days 00:31:25.166000,18,166.75138888888796,0 days 00:01:00.345000,10379.0,190.0,4,84.0,False,0,car,3967.4288888888887,0.6874585492319005,OnTrack,2541.9629898423436,5604.245269965629,1904.9752160081025
2026-09-05 14:18:01.799,0 days 00:31:25.195000,18,167.21861420444355,0 days 00:01:00.374000,10370.4811936,190.6343792,4,83.2749952,False,0,pos,3968.992866850022,0.6877295484231405,OnTrack,2541.0,5593.0,1905.0
2026-09-05 14:18:01.999,0 days 00:31:25.395000,18,170.44083642666607,0 days 00:01:00.574000,10311.7311936,195.0093792,4,78.2749952,False,0,pos,3979.8866982337386,0.6896171833948979,OnTrack,2530.0,5487.0,1905.0
2026-09-05 14:18:02.090,0 days 00:31:25.486000,18,171.90694444444398,0 days 00:01:00.665000,10285.0,197.0,5,76.0,False,0,car,3984.9399999999996,0.6904927971987883,OnTrack,2521.962931092041,5437.843734987961,1904.7194696551546
2026-09-05 14:18:02.279,0 days 00:31:25.675000,18,175.0044475911107,0 days 00:01:00.854000,10572.79574690909,200.86591301818183,5,78.14772945454546,False,0,pos,3995.6620203107946,0.6923506615069142,OnTrack,2498.0,5339.0,1903.0
2026-09-05 14:18:02.339,0 days 00:31:25.735000,18,175.98778092444405,0 days 00:01:00.914000,10664.159383272727,202.09318574545455,5,78.82954763636364,False,0,pos,3999.125366311905,0.6929507748004579,OnTrack,2488.0,5307.0,1902.0
2026-09-05 14:18:02.530,0 days 00:31:25.926000,18,179.1180555555552,0 days 00:01:01.105000,10955.0,206.0,5,81.0,False,0,car,4010.117777777777,0.6948554912933109,OnTrack,2451.4873920626446,5205.770030641684,1900.8332477893791
2026-09-05 14:18:02.679,0 days 00:31:26.075000,18,181.51861420444416,0 days 00:01:01.254000,11097.791850666667,206.62083413333335,5,85.96667306666667,False,0,pos,4018.646903593175,0.6963333805317773,OnTrack,2417.0,5128.0,1901.0
2026-09-05 14:18:02.770,0 days 00:31:26.166000,18,182.984722222222,0 days 00:01:01.345000,11185.0,207.0,5,89.0,False,0,car,4023.9177777777772,0.6972466943230538,OnTrack,2392.897738736647,5081.128186073221,1901.1059271990973
2026-09-05 14:18:02.859,0 days 00:31:26.255000,18,184.2950028266665,0 days 00:01:01.434000,11304.903036444444,209.47222755555555,5,91.71945031111112,False,0,pos,4029.1597460705643,0.6981549994291064,OnTrack,2367.0,5036.0,1901.0
2026-09-05 14:18:03.130,0 days 00:31:26.526000,18,188.28472222222217,0 days 00:01:01.705000,11670.0,217.0,5,100.0,False,0,car,4045.617777777777,0.7010067744495333,OnTrack,2273.4793084078974,4904.246690169488,1899.0331867848545
2026-09-05 14:18:03.139,0 days 00:31:26.535000,18,188.3997246755555,0 days 00:01:01.714000,11687.7378784,217.3375072,5,100.0,False,0,pos,4046.1757712907615,0.7011034611001727,OnTrack,2270.0,4900.0,1899.0
2026-09-05 14:18:03.319,0 days 00:31:26.715000,18,190.69972467555544,0 days 00:01:01.894000,12042.4878784,224.0875072,5,100.0,False,0,pos,4057.466560303238,0.7030598791360294,OnTrack,2195.0,4816.0,1899.0
2026-09-05 14:18:03.370,0 days 00:31:26.766000,18,191.35138888888878,0 days 00:01:01.945000,12143.0,226.0,5,100.0,False,0,car,4060.6844444444437,0.7036174598829723,OnTrack,2171.5383298181036,4791.942860716306,1899.0402454595928
2026-09-05 14:18:03.570,0 days 00:31:26.966000,18,193.85138888888878,0 days 00:01:02.145000,12210.0,229.0,5,100.0,False,0,car,4073.4066666666663,0.7058219103411492,OnTrack,2072.511297162681,4691.97397938857,1899.0137258170726
2026-09-05 14:18:03.579,0 days 00:31:26.975000,18,193.9438908622221,0 days 00:01:02.154000,12177.7680624,229.3375072,5,100.0,False,0,pos,4073.991730383345,0.7059232875970849,OnTrack,2068.0,4687.0,1899.0
2026-09-05 14:18:03.890,0 days 00:31:27.286000,18,197.1402777777771,0 days 00:01:02.465000,11064.0,241.0,5,100.0,False,0,car,4094.8288888888887,0.7095338583615551,OnTrack,1920.6803388802145,4497.912169607586,1898.0693390957751
2026-09-05 14:18:03.938,0 days 00:31:27.334000,18,197.66027777777728,0 days 00:01:02.513000,11074.8,241.48,5,100.0,False,0,pos,4098.065499075193,0.7100946838748586,OnTrack,1904.0,4472.0,1898.0
2026-09-05 14:18:04.090,0 days 00:31:27.486000,18,199.30694444444453,0 days 00:01:02.665000,11109.0,243.0,6,100.0,False,0,car,4108.328888888888,0.7118730787167382,OnTrack,1866.1954759496061,4401.637104317051,1898.0566829316044
2026-09-05 14:18:04.278,0 days 00:31:27.674000,18,201.2913915911114,0 days 00:01:02.853000,11476.54050048,246.76000512,6,100.0,False,0,pos,4121.216641094,0.7141062114790163,OnTrack,1834.0,4311.0,1898.0
2026-09-05 14:18:04.290,0 days 00:31:27.686000,18,201.41805555555584,0 days 00:01:02.865000,11500.0,247.0,6,100.0,False,0,car,4122.051111111111,0.7142508047567804,OnTrack,1831.7299920277699,4303.816711508629,1897.9599315720675
2026-09-05 14:18:04.449,0 days 00:31:27.845000,18,202.91972222222194,0 days 00:01:03.024000,11485.0,253.0,6,100.0,False,0,car,4133.225277777778,0.7161870149878082,OnTrack,1799.9848905725955,4194.9483835464,1897.1454116460964
2026-09-05 14:18:04.498,0 days 00:31:27.894000,18,203.39611048888864,0 days 00:01:03.073000,11522.2093264,253.3062496,6,100.0,False,0,pos,4136.67783807397,0.7167852593820564,OnTrack,1791.0,4160.0,1897.0
2026-09-05 14:18:04.678,0 days 00:31:28.074000,18,205.14611297777765,0 days 00:01:03.253000,11658.8970208,254.4312512,6,100.0,False,0,pos,4149.376433112887,0.7189856158262982,OnTrack,1764.0,4033.0,1897.0
2026-09-05 14:18:04.769,0 days 00:31:28.165000,18,206.03083333333325,0 days 00:01:03.344000,11728.0,255.0,6,100.0,False,0,car,4155.891944444445,0.7201145948434245,OnTrack,1753.6708864758568,3968.419066959458,1896.6840260316435
2026-09-05 14:18:04.898,0 days 00:31:28.294000,18,207.03416616888887,0 days 00:01:03.473000,11257.9564832,258.6281232,6,100.0,False,0,pos,4165.278051757053,0.7217409780494679,OnTrack,1742.0,3876.0,1896.0
2026-09-05 14:18:05.089,0 days 00:31:28.485000,18,208.5197222222223,0 days 00:01:03.664000,10562.0,264.0,6,100.0,False,0,car,4179.358611111111,0.7241807951645329,OnTrack,1728.6119963359988,3737.0100609869924,1895.3233319289534
2026-09-05 14:18:05.158,0 days 00:31:28.554000,18,209.07555710222232,0 days 00:01:03.733000,10587.3000704,264.5750016,6,100.0,False,0,pos,4184.444248718823,0.7250620119801656,OnTrack,1724.0,3686.0,1895.0
2026-09-05 14:18:05.318,0 days 00:31:28.714000,18,210.36444599111124,0 days 00:01:03.893000,10645.966737066667,265.9083349333333,6,100.0,False,0,pos,4196.273015397259,0.727111648409122,OnTrack,1713.0,3567.0,1894.0
2026-09-05 14:18:05.329,0 days 00:31:28.725000,18,210.4530555555557,0 days 00:01:03.904000,10650.0,266.0,7,100.0,False,0,car,4197.091944444444,0.7272535488162798,OnTrack,1712.278445711692,3558.974787683765,1893.9395600856224
2026-09-05 14:18:05.558,0 days 00:31:28.954000,18,212.04333466666645,0 days 00:01:04.133000,10788.1157408,270.2937536,7,100.0,False,0,pos,4214.325713346232,0.7302397401504711,OnTrack,1697.0,3388.0,1893.0
2026-09-05 14:18:05.649,0 days 00:31:29.045000,18,212.6752777777774,0 days 00:01:04.224000,10843.0,272.0,7,100.0,False,0,car,4221.269722222222,0.7314429673289371,OnTrack,1688.6357209830878,3305.5505919660536,1892.599214029133
2026-09-05 14:18:05.778,0 days 00:31:29.174000,18,213.39194408888852,0 days 00:01:04.353000,10912.516632177778,274.5083320888889,7,100.0,False,0,pos,4231.205322067932,0.7331645641733844,OnTrack,1676.0,3184.0,1892.0
2026-09-05 14:18:06.009,0 days 00:31:29.405000,18,214.6752777777774,0 days 00:01:04.584000,11037.0,279.0,7,100.0,False,0,car,4249.169722222222,0.7362773560629823,OnTrack,1658.5885749090962,3000.4805611191555,1891.034190528718
2026-09-05 14:18:06.018,0 days 00:31:29.414000,18,214.7227774399997,0 days 00:01:04.593000,11042.924957866666,279.07499946666667,7,100.0,False,0,pos,4249.870490361543,0.7363987820700759,OnTrack,1658.0,2994.0,1891.0
2026-09-05 14:18:06.249,0 days 00:31:29.645000,18,215.94194444444565,0 days 00:01:04.824000,11195.0,281.0,7,100.0,False,0,car,4267.903055555555,0.7395233852965943,OnTrack,1642.7109728588512,2822.208845931619,1890.1376525386013
2026-09-05 14:18:06.278,0 days 00:31:29.674000,18,216.0627785777789,0 days 00:01:04.853000,11217.8376512,281.5437536,7,100.0,False,0,pos,4270.182038451598,0.7399182773839675,OnTrack,1640.0,2792.0,1890.0
2026-09-05 14:18:06.409,0 days 00:31:29.805000,18,216.6086111111117,0 days 00:01:04.984000,11321.0,284.0,7,100.0,False,0,car,4280.525277777777,0.7417105081965846,OnTrack,1625.0106238832393,2626.2608406517106,1889.2678208699983
2026-09-05 14:18:06.458,0 days 00:31:29.854000,18,216.77194423111138,0 days 00:01:05.033000,11345.9083008,284.6124992,7,100.0,False,0,pos,4284.4122099541055,0.7423840186311094,OnTrack,1620.0,2571.0,1889.0
2026-09-05 14:18:06.649,0 days 00:31:30.045000,18,217.40861111111008,0 days 00:01:05.224000,11443.0,287.0,7,100.0,False,0,car,4299.658611111111,0.7450258476629431,OnTrack,1608.9898251679672,2449.618837679407,1888.1500986352908
2026-09-05 14:18:06.859,0 days 00:31:30.255000,18,217.87527806222235,0 days 00:01:05.434000,11510.375041066667,290.50000213333334,7,100.0,False,0,pos,4316.615979458771,0.7479641455302901,OnTrack,1598.0,2330.0,1887.0
2026-09-05 14:18:06.889,0 days 00:31:30.285000,18,217.94194444444474,0 days 00:01:05.464000,11520.0,291.0,7,100.0,False,0,car,4319.058611111111,0.7483873939511322,OnTrack,1595.1692893004151,2299.2733069209385,1886.763892503649
2026-09-05 14:18:07.049,0 days 00:31:30.445000,18,218.11972222222266,0 days 00:01:05.624000,11631.0,295.0,7,100.0,False,0,car,4332.169722222221,0.750659229357812,OnTrack,1576.261748920849,2094.148485871593,1885.3343454025876
2026-09-05 14:18:07.099,0 days 00:31:30.495000,18,218.13361114983013,0 days 00:01:05.674000,11410.714688390533,295.5338093173089,7,100.0,False,0,pos,4336.287861292555,0.7513728023014269,OnTrack,1571.0,2037.0,1885.0
2026-09-05 14:18:07.330,0 days 00:31:30.726000,18,218.19777777777654,0 days 00:01:05.905000,10393.0,298.0,8,100.0,False,0,car,4355.4302777777775,0.754689715656214,OnTrack,1555.560715863495,1868.5723054263965,1884.5725224975645
2026-09-05 14:18:07.539,0 days 00:31:30.935000,18,218.02361095110976,0 days 00:01:06.114000,10503.30565688889,300.32222435555553,8,100.0,False,0,pos,4372.923048311261,0.7577207856488416,OnTrack,1545.0,1755.0,1884.0
2026-09-05 14:18:07.690,0 days 00:31:31.086000,18,217.89777777777635,0 days 00:01:06.265000,10583.0,302.0,8,100.0,False,0,car,4385.630277777777,0.7599226382285497,OnTrack,1534.445820262148,1643.7832113803813,1882.522828668456
2026-09-05 14:18:07.839,0 days 00:31:31.235000,18,217.690833066666,0 days 00:01:06.414000,10615.283374933333,303.2416682666667,8,100.0,False,0,pos,4398.204037637693,0.7621013637845124,OnTrack,1523.0,1521.0,1881.0
2026-09-05 14:18:07.930,0 days 00:31:31.326000,18,217.56444444444423,0 days 00:01:06.505000,10635.0,304.0,8,100.0,False,0,car,4405.896944444444,0.7634343566876888,OnTrack,1516.1677991919687,1444.916497806634,1880.4283245143358
2026-09-05 14:18:08.039,0 days 00:31:31.435000,18,217.38277745777648,0 days 00:01:06.614000,10671.7875648,304.6812512,8,100.0,False,0,pos,4415.124010362497,0.76503318190355,OnTrack,1508.0,1353.0,1880.0
2026-09-05 14:18:08.090,0 days 00:31:31.486000,18,217.297777777776,0 days 00:01:06.665000,10689.0,305.0,8,100.0,False,0,car,4419.4525,0.7657832034640869,OnTrack,1504.1221318933701,1309.8361240152121,1879.851225642879
2026-09-05 14:18:08.250,0 days 00:31:31.646000,18,216.94222222222015,0 days 00:01:06.825000,10741.0,307.0,8,100.0,False,0,car,4433.0969444444445,0.7681474525144284,OnTrack,1491.7142282585019,1173.923952352008,1879.5348269064493
2026-09-05 14:18:08.359,0 days 00:31:31.755000,18,216.60916607999843,0 days 00:01:06.934000,10774.0406832,308.0218768,8,100.0,False,0,pos,4442.452654159614,0.7697685685590886,OnTrack,1483.0,1082.0,1879.0
2026-09-05 14:18:08.479,0 days 00:31:31.875000,18,216.24249941333233,0 days 00:01:07.054000,10810.4156832,309.1468768,8,100.0,False,0,pos,4452.800327187793,0.7715615676239993,OnTrack,1473.0,979.0,1878.0
2026-09-05 14:18:08.570,0 days 00:31:31.966000,18,215.96444444444387,0 days 00:01:07.145000,10838.0,310.0,8,100.0,False,0,car,4460.652499999999,0.772922157436942,OnTrack,1464.5861708313575,888.5372416961768,1877.2177236225123
2026-09-05 14:18:08.739,0 days 00:31:32.135000,18,215.40111047110912,0 days 00:01:07.314000,10849.970846933333,310.70416746666666,8,100.0,False,0,pos,4475.241119299623,0.7754500089346975,OnTrack,1448.0,705.0,1876.0
2026-09-05 14:18:08.810,0 days 00:31:32.206000,18,215.16444444444187,0 days 00:01:07.385000,10855.0,311.0,8,100.0,False,0,car,4481.385833333334,0.7765147378342853,OnTrack,1441.3497679281215,632.1854429351481,1875.679781751815
2026-09-05 14:18:09.130,0 days 00:31:32.526000,18,213.91999999999825,0 days 00:01:07.705000,10948.0,313.0,8,100.0,False,0,car,4509.208055555556,0.7813356495786299,OnTrack,1414.9459639238298,346.4220932612285,1875.089313417573
2026-09-05 14:18:09.159,0 days 00:31:32.555000,18,213.8072214755538,0 days 00:01:07.734000,10950.779185066667,313.0,8,100.0,False,0,pos,4511.729087245304,0.7817724828115722,OnTrack,1413.0,325.0,1875.0
2026-09-05 14:18:09.370,0 days 00:31:32.766000,18,212.98666666666486,0 days 00:01:07.945000,10971.0,313.0,8,100.0,False,0,car,4530.074722222222,0.7849513333868882,OnTrack,1401.2999953886713,192.93563119679482,1874.0117103376356
2026-09-05 14:18:09.559,0 days 00:31:32.955000,18,212.19916586666437,0 days 00:01:08.134000,11000.400029866667,314.05000106666665,8,100.0,False,0,pos,4546.598417230255,0.787814486253972,OnTrack,1388.0,47.0,1873.0
2026-09-05 14:18:09.730,0 days 00:31:33.126000,18,211.48666666666395,0 days 00:01:08.305000,11027.0,315.0,8,100.0,False,0,car,4561.574722222223,0.7904095142156491,OnTrack,1369.7575572414012,-145.5429523252457,1872.236272322585
2026-09-05 14:18:09.779,0 days 00:31:33.175000,18,211.2824991999972,0 days 00:01:08.354000,11000.3561456,315.0,8,100.0,False,0,pos,4565.86142695143,0.7911522954718876,OnTrack,1365.0,-196.0,1872.0
2026-09-05 14:18:09.890,0 days 00:31:33.286000,18,210.81999999999698,0 days 00:01:08.465000,10940.0,315.0,8,100.0,False,0,car,4575.574722222223,0.7928353723617649,OnTrack,1356.3321171321347,-289.39916815734256,1871.3983531094493
2026-09-05 14:18:10.119,0 days 00:31:33.515000,18,209.8022213688868,0 days 00:01:08.694000,10981.983368533334,315.95416746666666,8,100.0,False,0,pos,4595.677058506568,0.7963186163782893,OnTrack,1343.0,-439.0,1870.0
2026-09-05 14:18:10.130,0 days 00:31:33.526000,18,209.75333333333128,0 days 00:01:08.705000,10984.0,316.0,8,100.0,False,0,car,4596.641388888889,0.7964857112863964,OnTrack,1342.2712488858542,-447.2324380018501,1869.9344300348446
2026-09-05 14:18:10.290,0 days 00:31:33.686000,18,209.0866666666643,0 days 00:01:08.865000,10963.0,315.0,8,100.0,False,0,car,4610.641388888889,0.7989115694325123,OnTrack,1329.871459328935,-586.3973982802293,1869.042229625286
2026-09-05 14:18:10.299,0 days 00:31:33.695000,18,209.05166591999762,0 days 00:01:08.874000,10964.0687728,314.9718744,8,100.0,False,0,pos,4611.427735733409,0.7990478241395443,OnTrack,1329.0,-596.0,1869.0
2026-09-05 14:18:10.558,0 days 00:31:33.954000,18,208.04444344888572,0 days 00:01:09.133000,10994.8250304,314.1624992,8,100.0,False,0,pos,4634.018803737822,0.8029623045929706,OnTrack,1300.0,-909.0,1868.0
2026-09-05 14:18:10.610,0 days 00:31:34.006000,18,207.84222222221888,0 days 00:01:09.185000,11001.0,314.0,8,100.0,False,0,car,4638.552500000001,0.8037478834508006,OnTrack,1296.1751815880898,-949.5388653790407,1867.723032609891
2026-09-05 14:18:10.878,0 days 00:31:34.274000,18,206.7999990044418,0 days 00:01:09.453000,10954.937456,314.0,8,100.0,False,0,pos,4661.926878881656,0.8077980925522622,OnTrack,1285.0,-1066.0,1866.0
2026-09-05 14:18:10.930,0 days 00:31:34.326000,18,206.59777777777526,0 days 00:01:09.505000,10946.0,314.0,8,100.0,False,0,car,4666.463611111111,0.8085841974690886,OnTrack,1281.5853101389212,-1102.8886173235846,1865.7414020914962
2026-09-05 14:18:11.118,0 days 00:31:34.514000,18,205.86666583881822,0 days 00:01:09.693000,10962.845897210977,314.0,8,100.0,False,0,pos,4682.867703372706,0.8114266261006905,OnTrack,1266.0,-1274.0,1865.0
2026-09-05 14:18:11.209,0 days 00:31:34.605000,18,205.51277777777432,0 days 00:01:09.784000,10971.0,314.0,8,100.0,False,0,car,4690.798611111112,0.8128008587537838,OnTrack,1258.757515536754,-1355.0410847196329,1864.647029136741
2026-09-05 14:18:11.438,0 days 00:31:34.834000,18,204.68583263999685,0 days 00:01:10.013000,10949.531232,313.2843744,8,100.0,False,0,pos,4710.713372170686,0.8162516005640923,OnTrack,1241.0,-1552.0,1864.0
2026-09-05 14:18:11.529,0 days 00:31:34.925000,18,204.3572222222192,0 days 00:01:10.104000,10941.0,313.0,8,100.0,False,0,car,4718.620833333334,0.8176217704981283,OnTrack,1233.2542672831237,-1632.8571724233113,1864.0175378396364
2026-09-05 14:18:11.618,0 days 00:31:35.014000,18,204.03583356444173,0 days 00:01:10.193000,10938.404168533334,313.0,8,100.0,False,0,pos,4726.354678799505,0.8189618570713364,OnTrack,1226.0,-1708.0,1864.0
2026-09-05 14:18:11.769,0 days 00:31:35.165000,18,203.49055555555333,0 days 00:01:10.344000,10934.0,313.0,8,100.0,False,0,car,4739.4875,0.8212374543063867,OnTrack,1215.1721852151143,-1824.2462000513958,1863.4197376236245
2026-09-05 14:18:11.818,0 days 00:31:35.214000,18,203.27277806221963,0 days 00:01:10.393000,10938.2874944,313.2041664,8,100.0,False,0,pos,4743.7564631801715,0.821977161385393,OnTrack,1210.0,-1882.0,1863.0
2026-09-05 14:18:11.978,0 days 00:31:35.374000,18,202.56166695110736,0 days 00:01:10.553000,10952.2874944,313.87083306666665,8,100.0,False,0,pos,4757.715557203548,0.8243959315246077,OnTrack,1187.0,-2142.0,1861.0
2026-09-05 14:18:12.009,0 days 00:31:35.405000,18,202.4238888888849,0 days 00:01:10.584000,10955.0,314.0,8,100.0,False,0,car,4760.4208333333345,0.824864689820103,OnTrack,1183.370732342566,-2182.5164062420868,1860.676533126546
2026-09-05 14:18:12.169,0 days 00:31:35.565000,18,201.66833333333034,0 days 00:01:10.744000,10945.0,314.0,8,100.0,False,0,car,4774.37638888889,0.827282846829247,OnTrack,1172.3512296064544,-2300.1539188216984,1859.6540860553812
2026-09-05 14:18:12.369,0 days 00:31:35.765000,18,200.72388888888509,0 days 00:01:10.944000,10915.0,313.0,8,100.0,False,0,car,4791.7652777777785,0.8302959166694623,OnTrack,1165.5589823050186,-2366.97830920489,1859.1005371202698
2026-09-05 14:18:12.398,0 days 00:31:35.794000,18,200.55472110221874,0 days 00:01:10.973000,10914.8187488,313.0,8,100.0,False,0,pos,4794.286338329688,0.8307327549035125,OnTrack,1164.0,-2384.0,1859.0
2026-09-05 14:18:12.529,0 days 00:31:35.925000,18,199.7905555555535,0 days 00:01:11.104000,10914.0,313.0,8,100.0,False,0,car,4805.676388888889,0.8327063725416346,OnTrack,1155.078827962384,-2484.69945970377,1858.4756678332726
2026-09-05 14:18:12.618,0 days 00:31:36.014000,18,199.1477782399982,0 days 00:01:11.193000,10914.370833066667,313.0,8,100.0,False,0,pos,4813.410962427737,0.8340465852720594,OnTrack,1147.0,-2575.0,1858.0
2026-09-05 14:18:12.769,0 days 00:31:36.165000,18,198.05722222222084,0 days 00:01:11.344000,10915.0,313.0,8,100.0,False,0,car,4826.543055555555,0.8363220563498929,OnTrack,1129.2248479544305,-2767.899974940646,1856.899114128096
2026-09-05 14:18:12.898,0 days 00:31:36.294000,18,196.58805628444244,0 days 00:01:11.473000,10920.912497066667,313.53749973333333,8,100.0,False,0,pos,4837.796856925425,0.8382720653304548,OnTrack,1115.0,-2921.0,1856.0
2026-09-05 14:18:13.009,0 days 00:31:36.405000,18,195.32388888888636,0 days 00:01:11.584000,10926.0,314.0,8,100.0,False,0,car,4847.476388888889,0.8399492918636091,OnTrack,1106.6851935521618,-3011.236816622972,1855.4712435191968
2026-09-05 14:18:13.169,0 days 00:31:36.565000,18,193.5461111111099,0 days 00:01:11.744000,10925.0,313.0,8,100.0,False,0,car,4861.3875,0.8423597477357814,OnTrack,1100.1227207209683,-3083.6781714470567,1855.0916283986107
2026-09-05 14:18:13.319,0 days 00:31:36.715000,18,190.8377754666653,0 days 00:01:11.894000,10894.24997376,313.0,8,100.0,False,0,pos,4874.429057696453,0.844619531234066,OnTrack,1091.0,-3180.0,1855.0
2026-09-05 14:18:13.369,0 days 00:31:36.765000,18,189.93499999999858,0 days 00:01:11.944000,10884.0,313.0,8,100.0,False,0,car,4878.7763888888885,0.8453728175759967,OnTrack,1086.845864226601,-3223.1621451488963,1855.006900815952
2026-09-05 14:18:13.379,0 days 00:31:36.775000,18,189.70166367999863,0 days 00:01:11.954000,10884.3333376,313.0,8,100.0,False,0,pos,4879.645828003045,0.8455234701443987,OnTrack,1086.0,-3232.0,1855.0
2026-09-05 14:18:13.609,0 days 00:31:37.005000,18,184.33500000000004,0 days 00:01:12.184000,10892.0,313.0,8,100.0,False,0,car,4899.643055555554,0.848988501384255,OnTrack,1067.33705217109,-3434.2652851123817,1853.7420968785862
2026-09-05 14:18:13.719,0 days 00:31:37.115000,18,181.58499680000003,0 days 00:01:12.294000,10896.1250048,313.0,8,100.0,False,0,pos,4909.211901984111,0.850646548816944,OnTrack,1059.0,-3526.0,1853.0
2026-09-05 14:18:13.769,0 days 00:31:37.165000,18,180.33500000000004,0 days 00:01:12.344000,10898.0,313.0,8,100.0,False,0,car,4913.554166666665,0.8513989572564272,OnTrack,1055.3436936533171,-3566.023278625515,1852.7171436443086
2026-09-05 14:18:13.919,0 days 00:31:37.315000,18,176.12666195798852,0 days 00:01:12.494000,10863.145189216979,311.75518532917783,8,100.0,False,0,pos,4926.534730220637,0.8536481719591827,OnTrack,1043.0,-3698.0,1852.0
2026-09-05 14:18:14.010,0 days 00:31:37.406000,18,173.57361111111095,0 days 00:01:12.585000,10842.0,311.0,8,100.0,False,0,car,4934.373888888887,0.8550065067387592,OnTrack,1032.0503032160573,-3810.598699724865,1851.565623035056
2026-09-05 14:18:14.139,0 days 00:31:37.535000,18,169.77527212444383,0 days 00:01:12.714000,10821.84372,310.1937488,8,100.0,False,0,pos,4945.438690559878,0.8569237666865256,OnTrack,1016.0,-3974.0,1851.0
2026-09-05 14:18:14.330,0 days 00:31:37.726000,18,164.1513888888876,0 days 00:01:12.905000,10792.0,309.0,8,100.0,False,0,car,4961.840555555555,0.8597658093873295,OnTrack,1003.3856750828836,-4104.89255297624,1850.4508672395805
2026-09-05 14:18:14.499,0 days 00:31:37.895000,18,159.1283276266658,0 days 00:01:13.074000,10753.9749568,308.6159086545455,8,100.0,False,0,pos,4976.537104121608,0.8623123623915258,OnTrack,994.0,-4196.0,1850.0
2026-09-05 14:18:14.759,0 days 00:31:38.155000,18,151.4005498488887,0 days 00:01:13.334000,10695.4749568,308.02499956363636,8,100.0,False,0,pos,4998.600888251499,0.8661354774247859,OnTrack,969.0,-4417.0,1849.0
2026-09-05 14:18:14.770,0 days 00:31:38.166000,18,151.07361111111095,0 days 00:01:13.345000,10693.0,308.0,8,100.0,False,0,car,4999.484999999999,0.8662886724024411,OnTrack,967.8515847802701,-4426.618341287547,1848.9545792678878
2026-09-05 14:18:14.999,0 days 00:31:38.395000,18,149.41972083555535,0 days 00:01:13.574000,10602.460109274074,293.58146939259257,8,79.85646459259259,False,0,pos,5016.939878546026,0.8693131766388943,OnTrack,943.0,-4619.0,1848.0
2026-09-05 14:18:15.850,0 days 00:31:39.246000,18,143.27361111111077,0 days 00:01:14.425000,10266.0,240.0,7,5.0,True,0,car,5071.484999999999,0.8787645142967514,OnTrack,801.3056682883629,-5233.004382405924,1844.2978572340799
2026-09-05 14:18:15.899,0 days 00:31:39.295000,18,143.1374994666663,0 days 00:01:14.474000,10312.79518336,237.05998848,7,5.49000192,True,0,pos,5074.600448947214,0.8793043455258521,OnTrack,790.0,-5262.0,1844.0
2026-09-05 14:18:16.050,0 days 00:31:39.446000,18,142.7180555555551,0 days 00:01:14.625000,10457.0,228.0,6,7.0,True,0,car,5084.151666666666,0.8809593383337134,OnTrack,752.6806376354094,-5346.537569449781,1843.0942321759392
2026-09-05 14:18:16.079,0 days 00:31:39.475000,18,142.73416677333282,0 days 00:01:14.654000,10567.9257344,226.3687392,6,7.3625024,True,0,pos,5085.946018769386,0.8812702557383838,OnTrack,745.0,-5362.0,1843.0
2026-09-05 14:18:16.210,0 days 00:31:39.606000,18,142.80694444444362,0 days 00:01:14.785000,11069.0,219.0,5,9.0,True,0,car,5093.884999999999,0.8826458873305368,OnTrack,707.9070595220956,-5428.861510956889,1842.9844356454314
2026-09-05 14:18:16.239,0 days 00:31:39.635000,18,142.89555614222127,0 days 00:01:14.814000,11026.5872192,217.7312416,5,9.3625024,True,0,pos,5095.611948382436,0.882945125316355,OnTrack,699.0,-5443.0,1843.0
2026-09-05 14:18:16.370,0 days 00:31:39.766000,18,143.29583333333176,0 days 00:01:14.945000,10835.0,212.0,5,11.0,False,0,car,5103.307222222222,0.8842785283685578,OnTrack,655.221400556543,-5503.966764881543,1843.0007340450982
2026-09-05 14:18:16.379,0 days 00:31:39.775000,18,143.34583439999844,0 days 00:01:14.954000,10825.935520914285,211.8392822857143,5,11.064287085714286,False,0,pos,5103.832403733779,0.8843695295005579,OnTrack,652.0,-5508.0,1843.0
2026-09-05 14:18:16.539,0 days 00:31:39.935000,18,144.23472328888738,0 days 00:01:15.114000,10664.792663771428,208.98213942857143,5,12.207144228571428,False,0,pos,5113.105962864755,0.8859764108549412,OnTrack,591.0,-5576.0,1843.0
2026-09-05 14:18:16.650,0 days 00:31:40.046000,18,144.8513888888874,0 days 00:01:15.225000,10553.0,207.0,5,13.0,False,0,car,5119.407222222222,0.8870682652365911,OnTrack,547.0162737647804,-5617.436711398534,1842.9994657259265
2026-09-05 14:18:16.799,0 days 00:31:40.195000,18,146.21722398222008,0 days 00:01:15.374000,10312.7371904,201.4124928,5,6.170824533333334,False,0,pos,5127.643763069183,0.8884954566444064,OnTrack,479.0,-5668.0,1843.0
2026-09-05 14:18:16.890,0 days 00:31:40.286000,18,147.05138888888632,0 days 00:01:15.465000,10166.0,198.0,5,2.0,False,0,car,5132.607222222223,0.8893555029172148,OnTrack,426.9638135378955,-5698.054685500458,1843.0057443600303
2026-09-05 14:18:17.090,0 days 00:31:40.486000,18,149.16249999999673,0 days 00:01:15.665000,10181.0,195.0,5,19.0,False,0,car,5143.440555555557,0.8912326550540902,OnTrack,299.7916350962732,-5756.752748866455,1843.006890293917
2026-09-05 14:18:17.118,0 days 00:31:40.514000,18,149.51250319999662,0 days 00:01:15.693000,10210.0502656,194.76666453333334,5,25.533393066666665,False,0,pos,5144.9467627843205,0.8914936439880641,OnTrack,284.0,-5763.0,1843.0
2026-09-05 14:18:17.330,0 days 00:31:40.726000,18,152.16249999999582,0 days 00:01:15.905000,10430.0,193.0,5,75.0,False,0,car,5156.307222222224,0.8934621342074254,OnTrack,185.14385150556942,-5793.005276516631,1842.88375257594
2026-09-05 14:18:17.490,0 days 00:31:40.886000,18,154.11805555555293,0 days 00:01:16.065000,10505.0,195.0,5,98.0,False,0,car,5164.97388888889,0.8949638559169255,OnTrack,110.53702130078466,-5799.733382075678,1842.9235634158415
2026-09-05 14:18:17.538,0 days 00:31:40.934000,18,154.638055555553,0 days 00:01:16.113000,10569.114285714286,196.2,5,98.34285714285714,False,0,pos,5167.622573696833,0.8954228083181999,OnTrack,83.0,-5800.0,1843.0
2026-09-05 14:18:17.770,0 days 00:31:41.166000,18,157.1513888888867,0 days 00:01:16.345000,10879.0,202.0,5,100.0,False,0,car,5180.685,0.8976862078364556,OnTrack,-78.42630992893557,-5790.72306847824,1843.7367127184798
2026-09-05 14:18:17.878,0 days 00:31:41.274000,18,158.41139136838225,0 days 00:01:16.453000,10964.585074078965,203.35849323934863,5,100.0,False,0,pos,5186.794287313832,0.8987447981505429,OnTrack,-141.0,-5785.0,1844.0
2026-09-05 14:18:17.929,0 days 00:31:41.325000,18,159.00638888888625,0 days 00:01:16.504000,11005.0,204.0,5,100.0,False,0,car,5189.695000000001,0.8992474208290631,OnTrack,-163.7454660122901,-5782.630677774936,1844.0662753009353
2026-09-05 14:18:18.129,0 days 00:31:41.525000,18,161.22861111110979,0 days 00:01:16.704000,11320.0,208.0,5,100.0,False,0,car,5201.250555555555,0.9012497164417299,OnTrack,-228.7811732788615,-5769.362476238714,1844.0316172552568
2026-09-05 14:18:18.198,0 days 00:31:41.594000,18,161.89944631110944,0 days 00:01:16.773000,11292.3999232,210.5875072,5,100.0,False,0,pos,5205.336714068618,0.9019577479356753,OnTrack,-267.0,-5755.0,1844.0
2026-09-05 14:18:18.289,0 days 00:31:41.685000,18,162.78416666666453,0 days 00:01:16.864000,11256.0,214.0,5,100.0,False,0,car,5210.761666666667,0.9028977597536946,OnTrack,-336.75465573313187,-5726.037542041282,1843.9680529313673
2026-09-05 14:18:18.498,0 days 00:31:41.894000,18,164.93222156444273,0 days 00:01:17.073000,11513.766587733333,214.0,5,100.0,False,0,pos,5223.163508296586,0.9050466960783214,OnTrack,-521.0,-5644.0,1844.0
2026-09-05 14:18:18.529,0 days 00:31:41.925000,18,165.25083333333168,0 days 00:01:17.104000,11552.0,214.0,5,100.0,False,0,car,5225.028333333334,0.9053698247216412,OnTrack,-539.9715785805091,-5635.214530808306,1844.029209040113
2026-09-05 14:18:18.729,0 days 00:31:42.125000,18,167.02861111110815,0 days 00:01:17.304000,11648.0,220.0,5,100.0,False,0,car,5237.250555555556,0.9074876373888853,OnTrack,-603.1009287098428,-5602.786173643295,1844.3789817573218
2026-09-05 14:18:18.889,0 days 00:31:42.285000,18,168.4063888888868,0 days 00:01:17.464000,10948.0,221.0,5,100.0,False,0,car,5247.072777777778,0.9091895886596523,OnTrack,-656.1929716081803,-5557.79396887822,1844.8848620140338
2026-09-05 14:18:18.918,0 days 00:31:42.314000,18,168.61583471999782,0 days 00:01:17.493000,10898.15592,221.7250048,5,100.0,False,0,pos,5248.8790420980085,0.9095025701607428,OnTrack,-672.0,-5544.0,1845.0
2026-09-05 14:18:19.158,0 days 00:31:42.554000,18,170.3491680533305,0 days 00:01:17.733000,10485.65592,227.7250048,5,100.0,False,0,pos,5264.157934183139,0.9121500290770528,OnTrack,-843.0,-5392.0,1846.0
2026-09-05 14:18:19.209,0 days 00:31:42.605000,18,170.71749999999702,0 days 00:01:17.784000,10398.0,229.0,6,100.0,False,0,car,5267.428333333334,0.9127167093927351,OnTrack,-869.3649281208295,-5367.811336903914,1846.088609071186
2026-09-05 14:18:19.409,0 days 00:31:42.805000,18,172.05083333333096,0 days 00:01:17.984000,10568.0,231.0,6,100.0,False,0,car,5280.261666666667,0.9149404126933413,OnTrack,-918.8487132211615,-5317.351264414543,1845.8932817984737
2026-09-05 14:18:19.569,0 days 00:31:42.965000,18,173.07305555555195,0 days 00:01:18.144000,10617.0,232.0,6,100.0,False,0,car,5290.572777777779,0.9167270764707982,OnTrack,-966.093010561396,-5252.436936492768,1845.976047382141
2026-09-05 14:18:19.578,0 days 00:31:42.974000,18,173.12055521777424,0 days 00:01:18.153000,10621.3874688,232.14999893333334,6,100.0,False,0,pos,5291.1568122026965,0.9168282753756052,OnTrack,-970.0,-5247.0,1846.0
2026-09-05 14:18:19.799,0 days 00:31:43.195000,18,174.2869451199979,0 days 00:01:18.374000,10729.1250624,235.83333546666665,6,100.0,False,0,pos,5305.645873300514,0.9193388758680131,OnTrack,-1091.0,-5074.0,1847.0
2026-09-05 14:18:19.809,0 days 00:31:43.205000,18,174.3397222222202,0 days 00:01:18.384000,10734.0,236.0,6,100.0,False,0,car,5306.306111111112,0.919453278958814,OnTrack,-1095.9694756299077,-5066.36475247316,1847.04100913213
2026-09-05 14:18:20.049,0 days 00:31:43.445000,18,175.4063888888868,0 days 00:01:18.624000,10836.0,239.0,6,100.0,False,0,car,5322.239444444445,0.9222141365632031,OnTrack,-1183.110337382564,-4911.484270374493,1847.6549899619113
2026-09-05 14:18:20.219,0 days 00:31:43.615000,18,176.16194501333183,0 days 00:01:18.794000,10920.15006336,240.70000128,6,100.0,False,0,pos,5333.610015338641,0.9241843788510367,OnTrack,-1223.0,-4826.0,1848.0
2026-09-05 14:18:20.249,0 days 00:31:43.645000,18,176.2952777777764,0 days 00:01:18.824000,10935.0,241.0,6,100.0,False,0,car,5335.628333333334,0.9245341040759567,OnTrack,-1229.115770747945,-4812.46076852967,1848.0741486117472
2026-09-05 14:18:20.539,0 days 00:31:43.935000,18,177.26194506384147,0 days 00:01:19.114000,11085.872370815676,244.61370948061497,6,100.0,False,0,pos,5355.3469837069915,0.927950864693053,OnTrack,-1281.0,-4688.0,1849.0
2026-09-05 14:18:20.570,0 days 00:31:43.966000,18,177.365277777777,0 days 00:01:19.145000,11102.0,245.0,6,100.0,False,0,car,5357.474166666667,0.928319453558125,OnTrack,-1287.2571075999695,-4671.6941318107,1849.1222147968565
2026-09-05 14:18:20.739,0 days 00:31:44.135000,18,177.9755562488879,0 days 00:01:19.314000,11167.135490666667,246.76041866666668,6,100.0,False,0,pos,5369.131364916554,0.9303393613677948,OnTrack,-1327.0,-4559.0,1850.0
2026-09-05 14:18:20.959,0 days 00:31:44.355000,18,178.77000069333204,0 days 00:01:19.534000,11251.927157333334,249.05208533333334,6,100.0,False,0,pos,5384.44302442145,0.9329924980778308,OnTrack,-1393.0,-4333.0,1852.0
2026-09-05 14:18:21.050,0 days 00:31:44.446000,18,179.09861111110968,0 days 00:01:19.625000,11287.0,250.0,6,100.0,False,0,car,5390.807500000001,0.9340953062869725,OnTrack,-1412.1749220735253,-4262.144902134028,1852.5162209383873
2026-09-05 14:18:21.290,0 days 00:31:44.686000,18,179.83194444444325,0 days 00:01:19.865000,11388.0,253.0,6,100.0,False,0,car,5407.674166666667,0.9370178877677691,OnTrack,-1433.0733232530788,-4164.4028873135385,1852.684220064807
2026-09-05 14:18:21.479,0 days 00:31:44.875000,18,180.40944503110924,0 days 00:01:20.054000,11416.82252928,253.94500096,6,100.0,False,0,pos,5421.033786384614,0.9393327836478973,OnTrack,-1448.0,-4058.0,1853.0
2026-09-05 14:18:21.679,0 days 00:31:45.075000,18,181.02055614221965,0 days 00:01:20.254000,11447.32252928,254.94500096,6,100.0,False,0,pos,5435.225929197645,0.9417919354517422,OnTrack,-1471.0,-3885.0,1854.0
2026-09-05 14:18:21.690,0 days 00:31:45.086000,18,181.05416666666406,0 days 00:01:20.265000,11449.0,255.0,6,100.0,False,0,car,5436.007500000001,0.9419273625872894,OnTrack,-1472.0471933557606,-3876.1064974315673,1854.0636402701398
2026-09-05 14:18:21.890,0 days 00:31:45.286000,18,181.72083333333012,0 days 00:01:20.465000,11483.0,256.0,6,100.0,False,0,car,5450.229722222223,0.9443917264182643,OnTrack,-1484.2084868496434,-3742.053840476957,1855.2998136371416
2026-09-05 14:18:22.050,0 days 00:31:45.446000,18,182.25416666666388,0 days 00:01:20.625000,11532.0,256.0,6,100.0,False,0,car,5461.607500000001,0.9463632174830442,OnTrack,-1489.1327021456893,-3648.0773206312097,1855.954725063756
2026-09-05 14:18:22.079,0 days 00:31:45.475000,18,182.35888958221955,0 days 00:01:20.654000,11539.6125504,256.1812512,6,100.0,False,0,pos,5463.6742714652255,0.9467213385112639,OnTrack,-1490.0,-3630.0,1856.0
2026-09-05 14:18:22.210,0 days 00:31:45.606000,18,182.83194444444234,0 days 00:01:20.785000,11574.0,257.0,6,100.0,False,0,car,5473.0297222222225,0.9483424096847958,OnTrack,-1493.7777136066238,-3542.3500607001356,1855.9699928699715
2026-09-05 14:18:22.259,0 days 00:31:45.655000,18,182.99527841777552,0 days 00:01:20.834000,11586.8625504,257.20416746666666,6,100.0,False,0,pos,5476.5340873477335,0.9489496305909874,OnTrack,-1495.0,-3501.0,1856.0
2026-09-05 14:18:22.450,0 days 00:31:45.846000,18,183.63194444444161,0 days 00:01:21.025000,11637.0,258.0,6,100.0,False,0,car,5490.229722222223,0.9513227496928811,OnTrack,-1498.3574878376228,-3289.1855776332895,1856.6998801763834
2026-09-05 14:18:22.519,0 days 00:31:45.915000,18,183.842778364442,0 days 00:01:21.094000,11650.8000384,258.69000192,6,100.0,False,0,pos,5495.200926671905,0.9521841380364717,OnTrack,-1499.0,-3228.0,1857.0
2026-09-05 14:18:22.650,0 days 00:31:46.046000,18,184.24305555555384,0 days 00:01:21.225000,11677.0,260.0,6,100.0,False,0,car,5504.674166666667,0.9538256192087148,OnTrack,-1499.369799241782,-3164.428614087668,1857.4834749951945
2026-09-05 14:18:22.799,0 days 00:31:46.195000,18,184.69833391999842,0 days 00:01:21.374000,11297.9807616,260.9312512,6,100.0,False,0,pos,5515.501170817721,0.955701674652848,OnTrack,-1499.0,-3112.0,1858.0
2026-09-05 14:18:23.019,0 days 00:31:46.415000,18,185.37055614222086,0 days 00:01:21.594000,10738.3557616,262.3062512,6,100.0,False,0,pos,5531.585459372767,0.958488689111115,OnTrack,-1498.0,-2951.0,1859.0
2026-09-05 14:18:23.130,0 days 00:31:46.526000,18,185.709722222221,0 days 00:01:21.705000,10456.0,263.0,7,100.0,False,0,car,5539.740833333333,0.9599018162794622,OnTrack,-1496.9811854157354,-2868.351419730365,1859.766987012616
2026-09-05 14:18:23.339,0 days 00:31:46.735000,18,186.23222270222078,0 days 00:01:21.914000,10492.5750336,264.7416682666667,7,100.0,False,0,pos,5555.167417291112,0.9625748665909419,OnTrack,-1494.0,-2717.0,1861.0
2026-09-05 14:18:23.490,0 days 00:31:46.886000,18,186.60972222222063,0 days 00:01:22.065000,10519.0,266.0,7,100.0,False,0,car,5566.340833333334,0.9645109467570825,OnTrack,-1491.1577728929299,-2604.811426830947,1860.9875861989767
2026-09-05 14:18:23.499,0 days 00:31:46.895000,18,186.6297226488872,0 days 00:01:22.074000,10521.97006336,266.04500096,7,100.0,False,0,pos,5567.006943997847,0.9646263674700629,OnTrack,-1491.0,-2599.0,1861.0
2026-09-05 14:18:23.690,0 days 00:31:47.086000,18,187.05416666666315,0 days 00:01:22.265000,10585.0,267.0,7,100.0,False,0,car,5581.174166666668,0.9670812012214196,OnTrack,-1487.737879594932,-2491.8722312613017,1861.8623646192088
2026-09-05 14:18:23.718,0 days 00:31:47.114000,18,187.1008337599966,0 days 00:01:22.293000,10592.000064,267.3500032,7,100.0,False,0,pos,5583.265251435769,0.9674435351515153,OnTrack,-1487.0,-2470.0,1862.0
2026-09-05 14:18:23.958,0 days 00:31:47.354000,18,187.5008337599976,0 days 00:01:22.533000,10652.000064,270.3500032,7,100.0,False,0,pos,5601.33796680013,0.9705750954221635,OnTrack,-1478.0,-2216.0,1863.0
2026-09-05 14:18:24.010,0 days 00:31:47.406000,18,187.58749999999782,0 days 00:01:22.585000,10665.0,271.0,7,100.0,False,0,car,5605.263055555556,0.9712552174601332,OnTrack,-1476.3645837549293,-2173.5635591679925,1863.280136096434
2026-09-05 14:18:24.290,0 days 00:31:47.686000,18,187.9763888888865,0 days 00:01:22.865000,10707.0,272.0,7,100.0,False,0,car,5626.418611111112,0.9749209586587084,OnTrack,-1469.655593434327,-2035.4490050295265,1864.9184149165765
2026-09-05 14:18:24.338,0 days 00:31:47.734000,18,188.02972222221962,0 days 00:01:22.913000,10714.2,272.4,7,100.0,False,0,pos,5630.063633215367,0.9755525519847357,OnTrack,-1468.0,-2005.0,1865.0
2026-09-05 14:18:24.458,0 days 00:31:47.854000,18,188.16305555555238,0 days 00:01:23.033000,10732.2,273.4,7,100.0,False,0,pos,5639.202233748023,0.977136048309467,OnTrack,-1463.0,-1914.0,1865.0
2026-09-05 14:18:24.530,0 days 00:31:47.926000,18,188.24305555555202,0 days 00:01:23.105000,10743.0,274.0,7,100.0,False,0,car,5644.685277777779,0.9780861259541169,OnTrack,-1459.8774763922622,-1859.3590816113358,1865.2515381103528
2026-09-05 14:18:24.638,0 days 00:31:48.034000,18,188.36305579169485,0 days 00:01:23.213000,10771.528358026322,274.0,7,100.0,False,0,pos,5652.902356761101,0.979509945096186,OnTrack,-1455.0,-1778.0,1866.0
2026-09-05 14:18:24.689,0 days 00:31:48.085000,18,188.4197222222192,0 days 00:01:23.264000,10785.0,274.0,7,100.0,False,0,car,5656.786944444446,0.9801830492873249,OnTrack,-1452.5165522445477,-1738.3082972144084,1866.4450437672192
2026-09-05 14:18:24.849,0 days 00:31:48.245000,18,188.59749999999622,0 days 00:01:23.424000,10843.0,275.0,7,100.0,False,0,car,5669.0091666666685,0.982300861954569,OnTrack,-1443.5855854528565,-1602.6160544525337,1867.935530262353
2026-09-05 14:18:24.858,0 days 00:31:48.254000,18,188.60749992888518,0 days 00:01:23.433000,10844.7999872,275.04499968,7,100.0,False,0,pos,5669.69795936671,0.9824202129104534,OnTrack,-1443.0,-1594.0,1868.0
2026-09-05 14:18:25.049,0 days 00:31:48.445000,18,188.81972222221975,0 days 00:01:23.624000,10883.0,276.0,7,100.0,False,0,car,5684.342500000001,0.9849577542098386,OnTrack,-1428.703286941243,-1389.1812978414023,1868.7885621962807
2026-09-05 14:18:25.138,0 days 00:31:48.534000,18,188.89388883555316,0 days 00:01:23.713000,10901.117844114286,276.3178569142857,7,100.0,False,0,pos,5691.179652736118,0.9861424658284921,OnTrack,-1423.0,-1309.0,1869.0
2026-09-05 14:18:25.329,0 days 00:31:48.725000,18,189.05305555555333,0 days 00:01:23.904000,10940.0,277.0,7,100.0,False,0,car,5705.886944444445,0.988690880356917,OnTrack,-1415.8467149746114,-1210.8227502337922,1869.4279451626319
2026-09-05 14:18:25.518,0 days 00:31:48.914000,18,189.15805566222002,0 days 00:01:24.093000,10958.040927418182,277.85909178181817,7,100.0,False,0,pos,5720.504230486801,0.9912236991011995,OnTrack,-1407.0,-1097.0,1870.0
2026-09-05 14:18:25.758,0 days 00:31:49.154000,18,189.2913889955534,0 days 00:01:24.333000,10980.950018327272,278.9500008727273,7,100.0,False,0,pos,5739.132335825078,0.9944514948927398,OnTrack,-1385.0,-815.0,1871.0
2026-09-05 14:18:25.769,0 days 00:31:49.165000,18,189.29749999999785,0 days 00:01:24.344000,10982.0,279.0,7,100.0,False,0,car,5739.986944444445,0.9945995776985277,OnTrack,-1384.1755526886443,-804.4486821600318,1871.0294205514356
2026-09-05 14:18:25.969,0 days 00:31:49.365000,18,189.40861111110917,0 days 00:01:24.544000,11027.0,280.0,7,100.0,False,0,car,5755.5425000000005,0.9972949756386564,OnTrack,-1374.7756483233397,-684.5271847312249,1871.1737959739878
2026-09-05 14:18:26.020,0 days 00:31:49.416000,18,189.40861111110917,0 days 00:01:24.595000,11039.24001536,280.25500032,7,100.0,False,0,interpolation,5759.517625553898,0.9979837678319963,OnTrack,-1374.0744269443283,-675.7644889123455,1871.0921410227536
