Date,SessionTime,DriverAhead,DistanceToDriverAhead,Time,RPM,Speed,nGear,Throttle,Brake,DRS,Source,Distance,RelativeDistance,Status,X,Y,Z
2026-09-13 14:21:55.456,0 days 02:16:05.016000,,329.32250000000005,0 days 00:00:00,11086.6751104,237.77499810909092,5,100.0,False,0,interpolation,0.9887348752287338,0.00018484077593410825,OnTrack,5448.280396596126,-1379.8974011603516,7255.999999999995
2026-09-13 14:21:55.599,0 days 02:16:05.159000,,329.32250000000005,0 days 00:00:00.143000,10840.0,242.0,6,100.0,False,0,car,10.68527777777777,0.0019975780009368112,OnTrack,5333.458445789308,-1398.6310750822004,7255.999999999999
2026-09-13 14:21:55.621,0 days 02:16:05.181000,,329.32250000000005,0 days 00:00:00.165000,10840.0,242.687496,6,100.0,False,0,pos,12.184209312476938,0.0022777983864894105,OnTrack,5319.0,-1401.0,7256.0
2026-09-13 14:21:55.759,0 days 02:16:05.319000,87,329.32250000000005,0 days 00:00:00.303000,10840.0,247.0,6,100.0,False,0,car,21.663055555555548,0.004049837927549826,OnTrack,5247.764042194338,-1412.7454825495936,7256.00000000001
2026-09-13 14:21:56.001,0 days 02:16:05.561000,87,326.56639034666676,0 days 00:00:00.545000,11422.312192,254.562496,6,100.0,False,0,pos,38.87245230025066,0.007267078794988087,OnTrack,5100.0,-1437.0,7256.0
2026-09-13 14:21:56.079,0 days 02:16:05.639000,87,325.67805555555566,0 days 00:00:00.623000,11610.0,257.0,6,100.0,False,0,car,44.50749999999999,0.008320532673619015,OnTrack,5005.050608956884,-1452.3923409210179,7255.999999999969
2026-09-13 14:21:56.201,0 days 02:16:05.761000,87,322.72972531555564,0 days 00:00:00.745000,11247.81288,259.2874976,6,100.0,False,0,pos,53.36448600634472,0.00997631746170142,OnTrack,4859.0,-1476.0,7256.0
2026-09-13 14:21:56.399,0 days 02:16:05.959000,87,317.94472222222225,0 days 00:00:00.943000,10660.0,263.0,6,100.0,False,0,car,67.88527777777777,0.012690932355394098,OnTrack,4793.676436102116,-1486.452314387669,7256.000000000371
2026-09-13 14:21:56.461,0 days 02:16:06.021000,87,316.0847254699845,0 days 00:00:01.005000,10638.099540728212,264.54228586421044,6,100.0,False,0,pos,72.48159653610516,0.01355019922967441,OnTrack,4772.0,-1490.0,7256.0
2026-09-13 14:21:56.600,0 days 02:16:06.160000,87,311.9147222222223,0 days 00:00:01.144000,10589.0,268.0,7,100.0,False,0,car,82.8486111111111,0.015488278957792626,OnTrack,4678.305698460667,-1505.4706285279,7255.999999997902
2026-09-13 14:21:56.701,0 days 02:16:06.261000,87,308.49194661333337,0 days 00:00:01.245000,10666.26495104,269.00999936,7,100.0,False,0,pos,90.40083695560716,0.016900143068283652,OnTrack,4596.0,-1519.0,7256.0
2026-09-13 14:21:56.800,0 days 02:16:06.360000,87,305.13694444444445,0 days 00:00:01.344000,10742.0,270.0,7,100.0,False,0,car,97.84861111111111,0.018292480274520937,OnTrack,4519.511131546079,-1531.4429828279362,7256.000000008009
2026-09-13 14:21:56.941,0 days 02:16:06.501000,87,299.4969481359798,0 days 00:00:01.485000,10835.263261840599,272.65203588172324,7,100.0,False,0,pos,108.58569392966824,0.02029974305969552,OnTrack,4417.0,-1548.0,7256.0
2026-09-13 14:21:57.119,0 days 02:16:06.679000,87,292.37694444444446,0 days 00:00:01.663000,10953.0,276.0,7,100.0,False,0,car,122.30527777777777,0.022864574732484405,OnTrack,4295.628314595107,-1567.6464760515564,7255.999999900043
2026-09-13 14:21:57.241,0 days 02:16:06.801000,87,287.02250561777777,0 days 00:00:01.785000,11024.892781714285,278.17856914285716,7,100.0,False,0,pos,131.7736036633711,0.024634647526857303,OnTrack,4188.0,-1585.0,7256.0
2026-09-13 14:21:57.399,0 days 02:16:06.959000,87,280.08805555555557,0 days 00:00:01.943000,11118.0,281.0,7,100.0,False,0,car,144.16083333333333,0.026950399910265578,OnTrack,3996.60379552554,-1615.7345520168203,7256.000000437721
2026-09-13 14:21:57.481,0 days 02:16:07.041000,87,276.0791729244445,0 days 00:00:02.025000,11159.559026036364,282.49090676363636,7,100.0,False,0,pos,150.6710573418161,0.028167465159384487,OnTrack,3908.0,-1630.0,7256.0
2026-09-13 14:21:57.839,0 days 02:16:07.399000,87,258.5769444444445,0 days 00:00:02.383000,11341.0,289.0,7,100.0,True,0,car,179.48305555555555,0.033553774714620614,OnTrack,3714.0922489323357,-1661.671471331318,7255.999997246185
2026-09-13 14:21:57.880,0 days 02:16:07.440000,87,256.54972538666675,0 days 00:00:02.424000,11354.495812266667,289.0,7,100.0,True,0,pos,182.77293703902782,0.03416880738047615,OnTrack,3687.0,-1666.0,7256.0
2026-09-13 14:21:57.960,0 days 02:16:07.520000,87,252.59416983111117,0 days 00:00:02.504000,11380.8291456,289.0,7,100.0,True,0,pos,189.1793436365952,0.03536646430156918,OnTrack,3624.0,-1676.0,7256.0
2026-09-13 14:21:58.079,0 days 02:16:07.639000,87,246.71027777777786,0 days 00:00:02.623000,11420.0,289.0,7,100.0,False,0,car,198.74972222222223,0.03715561551699609,OnTrack,3506.2062085056405,-1694.6821933226834,7255.99989866351
2026-09-13 14:21:58.260,0 days 02:16:07.820000,87,237.4591699377779,0 days 00:00:02.804000,11499.63997184,292.61999872,7,100.0,False,0,pos,213.4790134625321,0.03990920870969954,OnTrack,3320.0,-1724.0,7256.0
2026-09-13 14:21:58.279,0 days 02:16:07.839000,87,236.48805555555566,0 days 00:00:02.823000,11508.0,293.0,7,100.0,False,0,car,215.02749999999997,0.04019869324218643,OnTrack,3304.488452962761,-1726.4014140373747,7256.00007719283
2026-09-13 14:21:58.479,0 days 02:16:08.039000,87,226.2658333333334,0 days 00:00:03.023000,11525.0,293.0,7,100.0,False,0,car,231.30527777777777,0.04324177096737679,OnTrack,3188.6078140726563,-1743.7292530692273,7256.001589637801
2026-09-13 14:21:58.640,0 days 02:16:08.200000,87,218.12639212444455,0 days 00:00:03.184000,11599.05997056,293.0,7,100.0,False,0,pos,244.39977112517303,0.04568974399982051,OnTrack,3095.0,-1757.0,7256.0
2026-09-13 14:21:58.679,0 days 02:16:08.239000,87,216.15472222222235,0 days 00:00:03.223000,11617.0,293.0,7,100.0,False,0,car,247.58305555555552,0.04628484869256713,OnTrack,3066.313730524404,-1761.0554465451364,7255.998885556944
2026-09-13 14:21:58.839,0 days 02:16:08.399000,87,207.97694444444454,0 days 00:00:03.383000,11601.0,295.0,7,100.0,False,0,car,260.69416666666666,0.04873592836200374,OnTrack,2932.835343447575,-1779.8824508329242,7255.999888596783
2026-09-13 14:21:58.840,0 days 02:16:08.400000,87,207.92472556444454,0 days 00:00:03.384000,11601.0,295.0,7,100.0,False,0,pos,260.7760964139903,0.04875124486235867,OnTrack,2932.0,-1780.0,7256.0
2026-09-13 14:21:59.079,0 days 02:16:08.639000,87,195.44361111111118,0 days 00:00:03.623000,11601.0,295.0,7,100.0,False,0,car,280.36083333333335,0.052412547866158635,OnTrack,2737.782556476974,-1807.1638397431418,7256.034782535688
2026-09-13 14:21:59.140,0 days 02:16:08.700000,87,192.2411144711112,0 days 00:00:03.684000,11550.6750528,295.3812496,7,98.093752,False,0,pos,285.39452429255647,0.053353580053882424,OnTrack,2688.0,-1814.0,7256.0
2026-09-13 14:21:59.239,0 days 02:16:08.799000,87,187.0436111111112,0 days 00:00:03.783000,11469.0,296.0,7,95.0,False,0,car,293.51638888888886,0.05487193628023738,OnTrack,2606.0859946149026,-1825.1081697054299,7255.8855213703455
2026-09-13 14:21:59.320,0 days 02:16:08.880000,87,183.1961141511112,0 days 00:00:03.864000,11366.2313312,292.62500266666666,7,78.96876266666666,False,0,pos,300.00154309917957,0.0560843148119496,OnTrack,2541.0,-1834.0,7256.0
2026-09-13 14:21:59.480,0 days 02:16:09.040000,87,175.5961141511112,0 days 00:00:04.024000,11163.2313312,285.958336,7,47.302096,False,0,pos,312.37777885294514,0.058398011918406226,OnTrack,2412.0,-1852.0,7257.0
2026-09-13 14:21:59.700,0 days 02:16:09.260000,87,165.1461141511112,0 days 00:00:04.244000,10884.1063312,276.79166933333335,7,3.7604293333333323,False,0,pos,328.8992576921363,0.06148664876608347,OnTrack,2152.0,-1887.0,7257.0
2026-09-13 14:21:59.719,0 days 02:16:09.279000,87,164.2436111111112,0 days 00:00:04.263000,10860.0,276.0,7,0.0,True,0,car,330.31638888888887,0.06175157684394417,OnTrack,2132.1148949803046,-1889.6951860520855,7256.983019369444
2026-09-13 14:21:59.959,0 days 02:16:09.519000,87,153.5769444444445,0 days 00:00:04.503000,10026.0,269.0,7,0.0,True,0,car,348.2497222222222,0.0651041553070549,OnTrack,1954.92585523506,-1914.4164099822779,7256.956063349732
2026-09-13 14:22:00.140,0 days 02:16:09.700000,87,145.8341694044445,0 days 00:00:04.684000,9709.250112,269.0,7,0.0,True,0,pos,362.12782492543874,0.06769862156532495,OnTrack,1874.0,-1926.0,7257.0
2026-09-13 14:22:00.199,0 days 02:16:09.759000,87,143.31027777777786,0 days 00:00:04.743000,9606.0,269.0,7,0.0,True,0,car,366.18305555555554,0.06845673377016563,OnTrack,1852.5100049849782,-1929.0277560613508,7257.004886366666
2026-09-13 14:22:00.400,0 days 02:16:09.960000,87,138.67611258666676,0 days 00:00:04.944000,9094.287662933333,214.56251733333335,7,0.0,True,0,pos,377.61942739867055,0.07059472636890284,OnTrack,1781.0,-1939.0,7257.0
2026-09-13 14:22:00.439,0 days 02:16:09.999000,87,137.77694444444455,0 days 00:00:04.983000,8995.0,204.0,6,0.0,True,0,car,379.7830555555555,0.07099920963066596,OnTrack,1762.2511542935329,-1941.6398630438262,7256.999406498553
2026-09-13 14:22:00.599,0 days 02:16:10.159000,87,134.3547222222224,0 days 00:00:05.143000,9364.0,204.0,6,0.0,True,0,car,388.84972222222217,0.07269419353766618,OnTrack,1675.5021907394175,-1953.9285624431782,7256.999988362758
2026-09-13 14:22:00.600,0 days 02:16:10.160000,87,134.34583390222238,0 days 00:00:05.144000,9368.8621888,203.8812576,6,0.0,True,0,pos,388.9035396507805,0.07270425453126794,OnTrack,1675.0,-1954.0,7257.0
2026-09-13 14:22:00.840,0 days 02:16:10.400000,87,132.21250056888906,0 days 00:00:05.384000,10535.8621888,175.3812576,6,0.0,True,0,pos,400.29021650132546,0.0748329568124318,OnTrack,1563.0,-1972.0,7257.0
2026-09-13 14:22:00.919,0 days 02:16:10.479000,87,131.51027777777796,0 days 00:00:05.463000,10920.0,166.0,6,0.0,True,0,car,403.60527777777776,0.07545269675886264,OnTrack,1515.7461738440663,-1982.2251122686735,7256.993876263145
2026-09-13 14:22:01.100,0 days 02:16:10.660000,87,132.11361089777793,0 days 00:00:05.644000,10558.000128,147.25357805714285,6,0.0,True,0,pos,410.65775210649065,0.07677113394544725,OnTrack,1409.0,-2008.0,7257.0
2026-09-13 14:22:01.199,0 days 02:16:10.759000,87,132.44361111111124,0 days 00:00:05.743000,10360.0,137.0,3,0.0,True,0,car,414.2608333333333,0.07744471828682001,OnTrack,1380.244454378215,-2015.6160618105519,7257.048728917647
2026-09-13 14:22:01.400,0 days 02:16:10.960000,87,134.45361047111123,0 days 00:00:05.944000,9338.489610971428,126.23214628571428,3,0.0,True,0,pos,421.13793366379167,0.07873036987361626,OnTrack,1357.0,-2026.0,7257.0
2026-09-13 14:22:01.479,0 days 02:16:11.039000,87,135.24361111111125,0 days 00:00:06.023000,8937.0,122.0,3,0.0,True,0,car,423.7497222222222,0.07921863526792072,OnTrack,1340.9116321506383,-2034.2178976088587,7256.7824146862695
2026-09-13 14:22:01.679,0 days 02:16:11.239000,87,138.2991666666668,0 days 00:00:06.223000,9357.0,117.0,2,0.0,True,0,car,430.2497222222222,0.08043378917183633,OnTrack,1287.2645105433169,-2064.8224305751605,7256.002963665671
2026-09-13 14:22:01.680,0 days 02:16:11.240000,87,138.31638778666678,0 days 00:00:06.224000,9359.2165248,116.9916672,2,0.0,True,0,pos,430.2819794477813,0.08043981955546214,OnTrack,1287.0,-2065.0,7256.0
2026-09-13 14:22:01.919,0 days 02:16:11.479000,87,142.43250000000006,0 days 00:00:06.463000,9889.0,115.0,2,0.0,True,0,car,437.9163888888889,0.08186704762260857,OnTrack,1228.2462627298687,-2113.060417550704,7255.408224296129
2026-09-13 14:22:01.980,0 days 02:16:11.540000,87,143.75416528000005,0 days 00:00:06.524000,9816.9438256,113.4750016,2,0.0,True,0,pos,439.82180586421197,0.0822232591420164,OnTrack,1216.0,-2126.0,7255.0
2026-09-13 14:22:02.079,0 days 02:16:11.639000,87,145.8991666666667,0 days 00:00:06.623000,9700.0,111.0,2,0.0,False,0,car,442.8497222222222,0.08278931827788812,OnTrack,1198.2854464421805,-2148.5098674650994,7254.099251354039
2026-09-13 14:22:02.100,0 days 02:16:11.660000,87,146.38916517333337,0 days 00:00:06.644000,9681.625056,110.2125024,2,0.0,False,0,pos,443.47700720380016,0.08290658716930843,OnTrack,1194.0,-2155.0,7254.0
2026-09-13 14:22:02.239,0 days 02:16:11.799000,87,149.6325,0 days 00:00:06.783000,9560.0,105.0,2,0.0,False,0,car,447.5163888888889,0.0836617364653147,OnTrack,1158.4396508829527,-2216.922859346907,7254.608227006685
2026-09-13 14:22:02.301,0 days 02:16:11.861000,87,151.47527397333332,0 days 00:00:06.845000,9551.561128533333,104.31111253333333,2,6.372209066666667,False,0,pos,449.28010771845175,0.08399145797626127,OnTrack,1145.0,-2242.0,7255.0
2026-09-13 14:22:02.599,0 days 02:16:12.159000,87,160.33249999999998,0 days 00:00:07.143000,9511.0,101.0,2,37.0,False,0,car,457.6163888888889,0.08554989868524508,OnTrack,1126.8217396596674,-2288.2589376930473,7255.057864315578
2026-09-13 14:22:02.661,0 days 02:16:12.221000,87,162.29582927999996,0 days 00:00:07.205000,9511.0,101.66428434285714,2,37.0,False,0,pos,459.37642480590796,0.08587893168764467,OnTrack,1124.0,-2300.0,7255.0
2026-09-13 14:22:02.841,0 days 02:16:12.401000,87,167.99582927999995,0 days 00:00:07.385000,9511.0,103.59285577142857,2,37.0,False,0,pos,464.5798030591811,0.08685168636426227,OnTrack,1110.0,-2352.0,7255.0
2026-09-13 14:22:02.879,0 days 02:16:12.439000,87,169.1991666666666,0 days 00:00:07.423000,9511.0,104.0,2,37.0,False,0,car,465.7052777777778,0.08706209021011783,OnTrack,1106.7727185231,-2363.622902497073,7255.021394008375
2026-09-13 14:22:03.161,0 days 02:16:12.721000,87,178.3641643339559,0 days 00:00:07.705000,9511.0,109.27102669578102,2,37.0,False,0,pos,474.3156645333292,0.08867177406861497,OnTrack,1082.0,-2446.0,7255.0
2026-09-13 14:22:03.200,0 days 02:16:12.760000,87,179.63166666666666,0 days 00:00:07.744000,9511.0,110.0,2,37.0,False,0,car,475.5136111111111,0.08889572629333407,OnTrack,1078.2047694434598,-2456.6700525781257,7254.871069009119
2026-09-13 14:22:03.361,0 days 02:16:12.921000,87,185.26666442666664,0 days 00:00:07.905000,9524.5843696,109.4968752,2,18.3843824,False,0,pos,480.43931206941005,0.08981657010087217,OnTrack,1058.0,-2502.0,7254.0
2026-09-13 14:22:03.520,0 days 02:16:13.080000,87,190.8316666666666,0 days 00:00:08.064000,9538.0,109.0,2,0.0,False,0,car,485.2025,0.09070703262532451,OnTrack,1020.4856463844404,-2558.775285108356,7252.806818878753
2026-09-13 14:22:03.641,0 days 02:16:13.201000,87,195.53721865392347,0 days 00:00:08.185000,9520.218651476725,106.83154286301526,2,9.541211402732868,False,0,pos,488.7136264798215,0.09136342632518551,OnTrack,993.0,-2594.0,7252.0
2026-09-13 14:22:03.799,0 days 02:16:13.359000,87,201.68166666666656,0 days 00:00:08.343000,9497.0,104.0,2,22.0,False,0,car,493.2625,0.09221382346617985,OnTrack,972.3468401717918,-2612.4862139288643,7251.392307776479
2026-09-13 14:22:03.921,0 days 02:16:13.481000,87,206.4938838399999,0 days 00:00:08.465000,9775.76970752,104.91499904,2,30.53999104,False,0,pos,496.85538773910605,0.09288550216810372,OnTrack,955.0,-2621.0,7251.0
2026-09-13 14:22:04.199,0 days 02:16:13.759000,87,217.4594444444444,0 days 00:00:08.743000,10411.0,107.0,2,50.0,False,0,car,505.1513888888889,0.0944364126579571,OnTrack,881.208271802936,-2657.954549950926,7249.431242236023
2026-09-13 14:22:04.240,0 days 02:16:13.800000,87,219.07666414222217,0 days 00:00:08.784000,10494.43486976,107.0,2,51.43499776,False,0,pos,506.3581741974618,0.09466201725471099,OnTrack,869.0,-2663.0,7249.0
2026-09-13 14:22:04.399,0 days 02:16:13.959000,87,225.34833333333336,0 days 00:00:08.943000,10818.0,107.0,2,57.0,False,0,car,511.0958333333333,0.09554770725384572,OnTrack,821.3065263681932,-2678.914512665312,7247.009709661074
2026-09-13 14:22:04.400,0 days 02:16:13.960000,87,225.38805301333335,0 days 00:00:08.944000,10819.708224,107.0388864,2,57.0166656,False,0,pos,511.12685712313163,0.09555350705065921,OnTrack,821.0,-2679.0,7247.0
2026-09-13 14:22:04.580,0 days 02:16:14.140000,87,232.53805301333333,0 days 00:00:09.124000,11127.208224,114.0388864,2,60.0166656,False,0,pos,517.0094630336481,0.09665324113333014,OnTrack,764.0,-2692.0,7246.0
2026-09-13 14:22:04.759,0 days 02:16:14.319000,87,239.6483333333333,0 days 00:00:09.303000,11433.0,121.0,2,63.0,False,0,car,523.1958333333333,0.09780976298267323,OnTrack,703.5790573353681,-2701.4377969584916,7245.326618585548
2026-09-13 14:22:04.860,0 days 02:16:14.420000,87,243.66027523555556,0 days 00:00:09.404000,11777.241448533334,123.94583146666666,2,64.68333226666667,False,0,pos,526.7257667984214,0.09846967258739078,OnTrack,668.0,-2706.0,7245.0
2026-09-13 14:22:04.999,0 days 02:16:14.559000,87,249.18166666666673,0 days 00:00:09.543000,12251.0,128.0,2,67.0,False,0,car,531.7291666666666,0.09940504195396756,OnTrack,617.4544313935158,-2711.9089520532284,7244.614163090855
2026-09-13 14:22:05.100,0 days 02:16:14.660000,87,253.0813864177778,0 days 00:00:09.644000,12099.500096,132.68928274285713,2,67.0,False,0,pos,535.5632679149344,0.10012181473855836,OnTrack,581.0,-2716.0,7244.0
2026-09-13 14:22:05.200,0 days 02:16:14.760000,87,256.9424975288889,0 days 00:00:09.744000,11949.500096,137.3321398857143,2,67.0,False,0,pos,539.5109619720345,0.10085982333008905,OnTrack,544.0,-2720.0,7243.0
2026-09-13 14:22:05.279,0 days 02:16:14.839000,87,259.99277777777775,0 days 00:00:09.823000,11831.0,141.0,3,67.0,False,0,car,542.6958333333333,0.10145522469442003,OnTrack,505.61856187560596,-2723.4362558273224,7242.470801046362
2026-09-13 14:22:05.460,0 days 02:16:15.020000,87,266.4786088177778,0 days 00:00:10.004000,11142.29524352,150.0499968,3,86.90999296,False,0,pos,550.2520849193003,0.10286784140421329,OnTrack,398.0,-2730.0,7242.0
2026-09-13 14:22:05.479,0 days 02:16:15.039000,87,267.1594444444445,0 days 00:00:10.023000,11070.0,151.0,3,89.0,False,0,car,551.0847222222222,0.10302350024562736,OnTrack,387.18015911887437,-2730.272966307542,7241.950957880274
2026-09-13 14:22:05.879,0 days 02:16:15.439000,87,280.49277777777775,0 days 00:00:10.423000,10970.0,171.0,3,100.0,False,0,car,570.0847222222222,0.10657548858014988,OnTrack,194.062685746871,-2719.9261713034407,7240.999423345174
2026-09-13 14:22:05.900,0 days 02:16:15.460000,87,281.2219422222222,0 days 00:00:10.444000,11014.0998656,171.0,3,100.0,False,0,pos,571.0840619513052,0.10676231189909344,OnTrack,186.0,-2719.0,7241.0
2026-09-13 14:22:06.079,0 days 02:16:15.639000,87,287.4372222222223,0 days 00:00:10.623000,11390.0,171.0,4,100.0,False,0,car,579.5847222222222,0.10835148274741115,OnTrack,126.1396577984908,-2710.4189192074946,7241.295338249737
2026-09-13 14:22:06.300,0 days 02:16:15.860000,87,294.49694240000014,0 days 00:00:10.844000,11661.185338133333,178.82708106666666,4,100.0,False,0,pos,590.675446675393,0.11042485768841462,OnTrack,48.0,-2690.0,7242.0
2026-09-13 14:22:06.500,0 days 02:16:16.060000,87,300.885831288889,0 days 00:00:11.044000,11906.6020048,185.9104144,4,100.0,False,0,pos,601.3729718792584,0.11242472530590888,OnTrack,-52.0,-2654.0,7243.0
2026-09-13 14:22:06.559,0 days 02:16:16.119000,87,302.7705555555557,0 days 00:00:11.103000,11979.0,188.0,4,100.0,False,0,car,604.651388888889,0.11303761472558824,OnTrack,-82.03095500095543,-2641.3675520449,7243.853574353524
2026-09-13 14:22:06.680,0 days 02:16:16.240000,87,306.030831608889,0 days 00:00:11.224000,11699.187648,196.3187456,4,100.0,False,0,pos,611.5497599309451,0.11432724280288253,OnTrack,-143.0,-2613.0,7246.0
2026-09-13 14:22:06.860,0 days 02:16:16.420000,87,310.88083160888897,0 days 00:00:11.404000,11282.937648,208.6937456,4,100.0,False,0,pos,622.1782715984674,0.1163142085637444,OnTrack,-234.0,-2564.0,7248.0
2026-09-13 14:22:06.879,0 days 02:16:16.439000,87,311.39277777777784,0 days 00:00:11.423000,11239.0,210.0,5,100.0,False,0,car,623.3180555555556,0.11652728747529457,OnTrack,-243.5197070679755,-2558.2301384423517,7248.186739358778
2026-09-13 14:22:08.079,0 days 02:16:17.639000,87,339.7261111111112,0 days 00:00:12.623000,11147.0,234.0,6,100.0,False,0,car,701.3180555555556,0.13110913432228177,OnTrack,-768.1578941582469,-2016.9752779699793,7260.734486939603
2026-09-13 14:22:08.100,0 days 02:16:17.660000,87,340.1402765155557,0 days 00:00:12.644000,11158.812464,235.39999573333333,6,100.0,False,0,pos,702.7634832532113,0.13137935233914858,OnTrack,-775.0,-2007.0,7261.0
2026-09-13 14:22:08.319,0 days 02:16:17.879000,87,344.45944444444467,0 days 00:00:12.863000,11282.0,250.0,6,100.0,False,0,car,717.9847222222222,0.134224913563091,OnTrack,-847.1697660893154,-1895.0993588126778,7263.769409772781
2026-09-13 14:22:08.340,0 days 02:16:17.900000,87,344.85610990222244,0 days 00:00:12.884000,11315.9936464,250.5249984,6,100.0,False,0,pos,719.4598106046915,0.1345006765487184,OnTrack,-856.0,-1881.0,7264.0
2026-09-13 14:22:08.479,0 days 02:16:18.039000,87,347.4816666666669,0 days 00:00:13.023000,11541.0,254.0,6,100.0,False,0,car,729.2736111111111,0.13633533470219913,OnTrack,-925.1539513630531,-1769.9115290375082,7265.334063412366
2026-09-13 14:22:08.540,0 days 02:16:18.100000,87,348.5999988266668,0 days 00:00:13.084000,11185.16704,254.5083328,6,100.0,False,0,pos,733.5848929738776,0.13714131485395623,OnTrack,-953.0,-1725.0,7266.0
2026-09-13 14:22:08.719,0 days 02:16:18.279000,87,351.88166666666666,0 days 00:00:13.263000,10141.0,256.0,6,100.0,False,0,car,746.3402777777778,0.1395258926447878,OnTrack,-1008.1770988848377,-1635.4900644657503,7268.61174273336
2026-09-13 14:22:08.841,0 days 02:16:18.401000,87,353.84722016000006,0 days 00:00:13.385000,9916.8252352,261.083328,6,100.0,False,0,pos,755.2845627233297,0.1411979976862218,OnTrack,-1044.0,-1577.0,7270.0
2026-09-13 14:22:08.959,0 days 02:16:18.519000,87,355.74833333333345,0 days 00:00:13.503000,9700.0,266.0,7,100.0,False,0,car,764.0736111111112,0.14284108175700883,OnTrack,-1088.9299341862386,-1503.5933517286285,7270.546159996973
2026-09-13 14:22:09.021,0 days 02:16:18.581000,87,356.67833141333347,0 days 00:00:13.565000,9971.24944,267.5499968,7,100.0,False,0,pos,768.7197313214333,0.14370965885110637,OnTrack,-1113.0,-1464.0,7271.0
2026-09-13 14:22:09.119,0 days 02:16:18.679000,87,358.14833333333354,0 days 00:00:13.663000,10400.0,270.0,7,100.0,False,0,car,776.0736111111112,0.14508444281039146,OnTrack,-1148.4429321216303,-1405.0645530888542,7272.387740966045
2026-09-13 14:22:09.221,0 days 02:16:18.781000,87,359.7066647111113,0 days 00:00:13.765000,10707.2746144,270.0,7,100.0,False,0,pos,783.6922713450252,0.14650872661436798,OnTrack,-1185.0,-1344.0,7274.0
2026-09-13 14:22:09.279,0 days 02:16:18.839000,87,360.5927777777779,0 days 00:00:13.823000,10882.0,270.0,7,100.0,False,0,car,788.0736111111112,0.14732780386377411,OnTrack,-1207.0806778088381,-1307.2890327632674,7274.660106215425
2026-09-13 14:22:09.439,0 days 02:16:18.999000,87,362.6816666666666,0 days 00:00:13.983000,11022.0,278.0,7,100.0,False,0,car,800.4291666666668,0.14963763487429405,OnTrack,-1271.2164681377856,-1200.7221283010697,7275.834159324173
2026-09-13 14:22:09.461,0 days 02:16:19.021000,87,362.9688872177777,0 days 00:00:14.005000,11024.4749856,278.0,7,100.0,False,0,pos,802.1283332346222,0.1499552885494408,OnTrack,-1280.0,-1186.0,7276.0
2026-09-13 14:22:09.599,0 days 02:16:19.159000,87,364.77055555555535,0 days 00:00:14.143000,11040.0,278.0,7,100.0,False,0,car,812.7847222222224,0.15194746588481395,OnTrack,-1334.4059411448404,-1093.9311028467969,7277.161227100007
2026-09-13 14:22:09.761,0 days 02:16:19.321000,87,366.43555457196214,0 days 00:00:14.305000,11040.0,282.0373807924996,7,100.0,False,0,pos,825.5690614453724,0.15433745661035114,OnTrack,-1399.0,-985.0,7279.0
2026-09-13 14:22:09.920,0 days 02:16:19.480000,87,368.0697222222219,0 days 00:00:14.464000,11040.0,286.0,7,100.0,False,0,car,838.2863888888891,0.15671491970117615,OnTrack,-1465.2949296034235,-876.2070437787189,7281.440020127081
2026-09-13 14:22:09.961,0 days 02:16:19.521000,87,368.44555496888853,0 days 00:00:14.505000,11158.6435648,286.5124992,7,100.0,False,0,pos,841.5682525617765,0.15732845346336508,OnTrack,-1482.0,-849.0,7282.0
2026-09-13 14:22:10.080,0 days 02:16:19.640000,87,369.5363888888885,0 days 00:00:14.624000,11503.0,288.0,7,100.0,False,0,car,851.0863888888891,0.15910783815811766,OnTrack,-1529.2587634009633,-772.2679962286081,7283.2930433832935
2026-09-13 14:22:10.141,0 days 02:16:19.701000,87,370.0447216888885,0 days 00:00:14.685000,11410.546972,288.0,7,100.0,False,0,pos,855.9477582354664,0.16001665537963597,OnTrack,-1558.0,-726.0,7284.0
2026-09-13 14:22:10.400,0 days 02:16:19.960000,87,372.2030555555551,0 days 00:00:14.944000,11018.0,288.0,7,100.0,False,0,car,876.6863888888892,0.16389367507200064,OnTrack,-1714.5054290062112,-476.783247321082,7287.985924482791
2026-09-13 14:22:10.401,0 days 02:16:19.961000,87,372.2066664348307,0 days 00:00:14.945000,11016.583163067955,288.0407497347712,7,100.0,False,0,pos,876.7681098694405,0.16390895254408505,OnTrack,-1715.0,-476.0,7288.0
2026-09-13 14:22:10.719,0 days 02:16:20.279000,87,373.35499999999956,0 days 00:00:15.263000,10566.0,301.0,7,100.0,False,0,car,903.3583333333336,0.16887990852072168,OnTrack,-1815.632568646286,-317.53048642215066,7291.52816663178
2026-09-13 14:22:10.761,0 days 02:16:20.321000,87,373.4483330488885,0 days 00:00:15.305000,10590.1499264,301.5249984,7,100.0,False,0,pos,906.9017826978339,0.16954234487896783,OnTrack,-1831.0,-293.0,7292.0
2026-09-13 14:22:10.920,0 days 02:16:20.480000,87,373.80166652444416,0 days 00:00:15.464000,10681.5749632,303.5124992,7,100.0,False,0,pos,920.3297693100322,0.17205266339489694,OnTrack,-1902.0,-179.0,7294.0
2026-09-13 14:22:10.959,0 days 02:16:20.519000,87,373.8883333333331,0 days 00:00:15.503000,10704.0,304.0,8,100.0,False,0,car,923.6250000000002,0.1726686960775457,OnTrack,-1919.973036791416,-150.20313272284363,7294.567976950775
2026-09-13 14:22:11.239,0 days 02:16:20.799000,87,374.2772222222218,0 days 00:00:15.783000,10799.0,304.0,8,100.0,False,0,car,947.2694444444446,0.17708894822717372,OnTrack,-2046.5504242055588,50.30008483396447,7297.999461907341
2026-09-13 14:22:11.240,0 days 02:16:20.800000,87,374.27777774222176,0 days 00:00:15.784000,10799.3027584,304.0,8,100.0,False,0,pos,947.3536465536522,0.17710468953820777,OnTrack,-2047.0,51.0,7298.0
2026-09-13 14:22:11.260,0 days 02:16:20.820000,87,374.28888885333294,0 days 00:00:15.804000,10805.358313955556,304.0,8,100.0,False,0,pos,949.0373063051775,0.17741944426435108,OnTrack,-2056.0,65.0,7298.0
2026-09-13 14:22:11.540,0 days 02:16:21.100000,87,374.44444440888867,0 days 00:00:16.084000,10890.136091733333,304.0,8,100.0,False,0,pos,972.6172100517442,0.18182763073998104,OnTrack,-2185.0,269.0,7302.0
2026-09-13 14:22:11.599,0 days 02:16:21.159000,87,374.47722222222205,0 days 00:00:16.143000,10908.0,304.0,8,100.0,False,0,car,977.6694444444447,0.1827721295624098,OnTrack,-2210.5821729148092,310.1988576602618,7303.120658817309
2026-09-13 14:22:11.700,0 days 02:16:21.260000,87,374.1966668444443,0 days 00:00:16.244000,10934.332126171428,307.60714057142854,8,100.0,False,0,pos,986.4170905140635,0.18440747360418966,OnTrack,-2258.0,387.0,7305.0
2026-09-13 14:22:11.879,0 days 02:16:21.439000,87,373.6994444444442,0 days 00:00:16.423000,10981.0,314.0,8,100.0,False,0,car,1002.0916666666667,0.18733778474327553,OnTrack,-2379.012213963053,583.0778486873521,7307.974461984579
2026-09-13 14:22:12.040,0 days 02:16:21.600000,87,373.07333358222195,0 days 00:00:16.584000,10981.0,314.67083306666666,8,100.0,False,0,pos,1016.1618983337701,0.1899681688877798,OnTrack,-2479.0,745.0,7310.0
2026-09-13 14:22:12.119,0 days 02:16:21.679000,87,372.76611111111083,0 days 00:00:16.663000,10981.0,315.0,8,100.0,False,0,car,1023.0916666666669,0.19126366658669522,OnTrack,-2509.290628780015,793.9694798066258,7310.689046681187
2026-09-13 14:22:12.460,0 days 02:16:22.020000,87,366.60916782222193,0 days 00:00:17.004000,11159.077744355556,318.7888881777778,8,100.0,False,0,pos,1053.304955765933,0.19691194292501887,OnTrack,-2608.0,956.0,7314.0
2026-09-13 14:22:12.479,0 days 02:16:22.039000,87,366.26611111111083,0 days 00:00:17.023000,11169.0,319.0,8,100.0,False,0,car,1054.9916666666668,0.19722726805360405,OnTrack,-2621.371951247649,978.1692878855451,7314.426666664808
2026-09-13 14:22:12.620,0 days 02:16:22.180000,87,362.1144463288886,0 days 00:00:17.164000,11189.44499072,319.35249984,8,100.0,False,0,pos,1067.5021205093879,0.19956605679617917,OnTrack,-2736.0,1169.0,7318.0
2026-09-13 14:22:12.879,0 days 02:16:22.439000,87,354.488333333333,0 days 00:00:17.423000,11227.0,320.0,8,100.0,False,0,car,1090.5472222222222,0.2038742637673304,OnTrack,-2826.3861897307056,1330.0707903784594,7320.472355721478
2026-09-13 14:22:13.039,0 days 02:16:22.599000,87,349.199444444444,0 days 00:00:17.583000,11247.0,323.0,8,100.0,False,0,car,1104.9027777777778,0.20655798828674743,OnTrack,-2863.7635092652217,1409.8521672093336,7322.531666015726
2026-09-13 14:22:13.060,0 days 02:16:22.620000,87,348.38861358222175,0 days 00:00:17.604000,11247.0,323.0,8,100.0,False,0,pos,1106.7875225507946,0.20691033520502683,OnTrack,-2871.0,1425.0,7323.0
2026-09-13 14:22:13.140,0 days 02:16:22.700000,87,345.2997246933327,0 days 00:00:17.684000,11247.0,323.0,8,100.0,False,0,pos,1113.9643227313056,0.20825201470609916,OnTrack,-2902.0,1490.0,7325.0
2026-09-13 14:22:13.239,0 days 02:16:22.799000,87,341.47722222222137,0 days 00:00:17.783000,11247.0,323.0,8,100.0,False,0,car,1122.8472222222226,0.20991264393601877,OnTrack,-2936.3193226598096,1566.35112862222,7326.386135282096
2026-09-13 14:22:13.320,0 days 02:16:22.880000,87,337.96722499555466,0 days 00:00:17.864000,11247.0,323.0,8,100.0,False,0,pos,1130.121838279879,0.21127260979785698,OnTrack,-2966.0,1638.0,7327.0
2026-09-13 14:22:13.399,0 days 02:16:22.959000,87,334.543888888888,0 days 00:00:17.943000,11247.0,323.0,8,100.0,False,0,car,1137.2027777777782,0.21259636845543578,OnTrack,-3001.0554781581955,1726.9397078684146,7327.573521974711
2026-09-13 14:22:13.640,0 days 02:16:23.200000,87,322.8286142222213,0 days 00:00:18.184000,11231.602781866666,320.9916672,8,100.0,False,0,pos,1158.6168710909662,0.21659966369979475,OnTrack,-3112.0,2022.0,7329.0
2026-09-13 14:22:13.759,0 days 02:16:23.319000,87,317.043888888888,0 days 00:00:18.303000,11224.0,320.0,8,100.0,False,0,car,1169.2027777777782,0.21857866459778952,OnTrack,-3136.031048981259,2089.126307155282,7329.356869052293
2026-09-13 14:22:13.940,0 days 02:16:23.500000,87,307.189447928888,0 days 00:00:18.484000,11177.6187664,321.1312496,8,100.0,False,0,pos,1185.412221663243,0.2216089675235931,OnTrack,-3157.0,2158.0,7330.0
2026-09-13 14:22:14.079,0 days 02:16:23.639000,87,299.62166666666576,0 days 00:00:18.623000,11142.0,322.0,8,100.0,False,0,car,1197.8250000000005,0.22392949614733926,OnTrack,-3191.756029106416,2272.484330567186,7331.222440688471
2026-09-13 14:22:14.140,0 days 02:16:23.700000,87,296.3683367466658,0 days 00:00:18.684000,11139.821430857142,321.1285723428571,8,100.0,False,0,pos,1203.2352871618923,0.22494093177288962,OnTrack,-3208.0,2328.0,7332.0
2026-09-13 14:22:14.359,0 days 02:16:23.919000,87,284.6883333333326,0 days 00:00:18.903000,11132.0,318.0,8,100.0,False,0,car,1222.5583333333336,0.2285533125407001,OnTrack,-3258.650022014965,2516.808630541801,7335.693378078639
2026-09-13 14:22:14.380,0 days 02:16:23.940000,87,283.4983369599992,0 days 00:00:18.924000,11121.150033066666,318.0,8,100.0,False,0,pos,1224.4152660311868,0.22890046008179316,OnTrack,-3263.0,2534.0,7336.0
2026-09-13 14:22:14.599,0 days 02:16:24.159000,87,271.08833333333246,0 days 00:00:19.143000,11008.0,318.0,8,100.0,False,0,car,1243.758333333334,0.2325165837350095,OnTrack,-3305.6362976155947,2716.5578237420877,7338.644875394705
2026-09-13 14:22:14.620,0 days 02:16:24.180000,87,269.9041702755547,0 days 00:00:19.164000,10997.4344072,317.5406264,8,100.0,False,0,pos,1245.5937366041524,0.23285970641959328,OnTrack,-3310.0,2738.0,7339.0
2026-09-13 14:22:14.880,0 days 02:16:24.440000,87,255.24305916444354,0 days 00:00:19.424000,10866.6219072,311.8531264,8,100.0,False,0,pos,1268.0403803329518,0.2370560336129554,OnTrack,-3365.0,3045.0,7345.0
2026-09-13 14:22:14.919,0 days 02:16:24.479000,87,253.04388888888798,0 days 00:00:19.463000,10847.0,311.0,8,100.0,False,0,car,1271.4027777777783,0.23768462290243175,OnTrack,-3370.754116134826,3081.6226212378347,7345.773374297521
2026-09-13 14:22:15.079,0 days 02:16:24.639000,87,243.9327777777769,0 days 00:00:19.623000,10817.0,311.0,8,100.0,False,0,car,1285.2250000000006,0.24026864248614288,OnTrack,-3384.691175673683,3188.840984467673,7348.188580885764
2026-09-13 14:22:15.280,0 days 02:16:24.840000,87,232.8219479822215,0 days 00:00:19.824000,10658.484141381818,309.62954589090907,8,54.31819636363637,False,0,pos,1302.586188508265,0.24351426033113244,OnTrack,-3393.0,3301.0,7351.0
2026-09-13 14:22:15.519,0 days 02:16:25.079000,87,219.61055555555504,0 days 00:00:20.063000,10470.0,308.0,8,0.0,False,0,car,1322.8694444444448,0.2473061491980506,OnTrack,-3402.953013484189,3500.8123730693337,7355.94799920192
2026-09-13 14:22:15.521,0 days 02:16:25.081000,87,219.50889539555504,0 days 00:00:20.065000,10469.281296,307.906256,8,0.0,False,0,pos,1323.0357089807953,0.2473372318135012,OnTrack,-3403.0,3503.0,7356.0
2026-09-13 14:22:15.701,0 days 02:16:25.261000,87,210.35889539555504,0 days 00:00:20.245000,10404.593796,299.468756,8,0.0,False,0,pos,1337.7672369818742,0.25009124316137094,OnTrack,-3404.0,3719.0,7361.0
2026-09-13 14:22:15.839,0 days 02:16:25.399000,87,203.3438888888884,0 days 00:00:20.383000,10355.0,293.0,8,0.0,False,0,car,1348.9138888888892,0.25217507355835517,OnTrack,-3401.3016039058425,3837.872825591976,7363.635212711
2026-09-13 14:22:16.079,0 days 02:16:25.639000,87,191.5438888888882,0 days 00:00:20.623000,9897.0,290.0,8,0.0,False,0,car,1368.2472222222227,0.2557893774776939,OnTrack,-3389.874513330996,3966.2082779750435,7365.749958561722
2026-09-13 14:22:16.121,0 days 02:16:25.681000,87,189.735560778055,0 days 00:00:20.665000,9853.010102106351,289.0573593308504,8,0.0,False,0,pos,1371.6144772815505,0.25641887488243575,OnTrack,-3387.0,3992.0,7366.0
2026-09-13 14:22:16.281,0 days 02:16:25.841000,87,182.8466707896924,0 days 00:00:20.825000,9685.429027978698,285.46633631382923,8,0.0,False,0,pos,1384.3897175955208,0.2588071645964329,OnTrack,-3372.0,4109.0,7367.0
2026-09-13 14:22:16.480,0 days 02:16:26.040000,87,174.27861111111042,0 days 00:00:21.024000,9477.0,281.0,8,0.0,False,0,car,1399.5475000000006,0.2616408628215877,OnTrack,-3337.1564414001823,4308.161995931893,7369.9880147216
2026-09-13 14:22:16.481,0 days 02:16:26.041000,87,174.2513906311104,0 days 00:00:21.025000,9474.1501824,280.90455156363635,8,0.0,False,0,pos,1399.6202777735668,0.261654468390152,OnTrack,-3337.0,4309.0,7370.0
2026-09-13 14:22:16.841,0 days 02:16:26.401000,87,164.45139063111054,0 days 00:00:21.385000,8448.1501824,246.5409152,8,0.0,False,0,pos,1423.809136370094,0.2661764969985876,OnTrack,-3295.0,4487.0,7371.0
2026-09-13 14:22:16.920,0 days 02:16:26.480000,87,162.30083333333278,0 days 00:00:21.464000,8223.0,239.0,8,0.0,True,0,car,1428.7586111111116,0.267101785237646,OnTrack,-3280.018911853297,4534.092636118951,7370.948165953358
2026-09-13 14:22:17.021,0 days 02:16:26.581000,87,160.4211127334121,0 days 00:00:21.565000,8223.0,230.31183545534958,8,0.0,True,0,pos,1434.950652314529,0.2682593672440366,OnTrack,-3259.0,4598.0,7371.0
2026-09-13 14:22:17.199,0 days 02:16:26.759000,87,157.1083333333329,0 days 00:00:21.743000,8223.0,215.0,8,0.0,True,0,car,1445.4211111111115,0.270216785533645,OnTrack,-3224.993224403236,4697.363015574228,7371.792254896222
2026-09-13 14:22:17.241,0 days 02:16:26.801000,87,156.61833482666623,0 days 00:00:21.785000,8360.999579428571,212.45000777142857,8,0.0,True,0,pos,1447.7900366970703,0.2706596484834701,OnTrack,-3215.0,4725.0,7372.0
2026-09-13 14:22:17.479,0 days 02:16:27.039000,87,153.84166666666624,0 days 00:00:22.023000,9143.0,198.0,7,0.0,True,0,car,1460.8211111111116,0.27309576555215276,OnTrack,-3144.042786427346,4912.942120089735,7372.933244565857
2026-09-13 14:22:17.500,0 days 02:16:27.060000,87,153.5966674133329,0 days 00:00:22.044000,9211.45979136,198.0,7,0.0,True,0,pos,1461.9921592338558,0.2733146891980029,OnTrack,-3139.0,4926.0,7373.0
2026-09-13 14:22:17.679,0 days 02:16:27.239000,87,151.50833333333298,0 days 00:00:22.223000,9795.0,198.0,6,0.0,True,0,car,1471.8211111111116,0.27515217985108686,OnTrack,-3111.789462787288,4994.342743788528,7373.480446282124
2026-09-13 14:22:17.900,0 days 02:16:27.460000,87,153.1044439822218,0 days 00:00:22.444000,10119.396334628571,164.8500096,6,0.0,True,0,pos,1481.5689742232491,0.2769745112227097,OnTrack,-3091.0,5039.0,7374.0
2026-09-13 14:22:17.959,0 days 02:16:27.519000,87,153.5305555555551,0 days 00:00:22.503000,10206.0,156.0,4,0.0,True,0,car,1483.954444444445,0.27742046713839597,OnTrack,-3082.0083735374433,5058.309246957017,7374.157323071441
2026-09-13 14:22:18.159,0 days 02:16:27.719000,87,155.97499999999945,0 days 00:00:22.703000,10206.0,142.0,4,0.0,True,0,car,1491.843333333334,0.278895269312379,OnTrack,-3044.7235010310665,5138.119015280514,7374.881866146683
2026-09-13 14:22:18.180,0 days 02:16:27.740000,87,156.31916561777723,0 days 00:00:22.724000,10206.0,141.343752,4,0.0,True,0,pos,1492.6584966166574,0.279047661442542,OnTrack,-3041.0,5146.0,7375.0
2026-09-13 14:22:18.319,0 days 02:16:27.879000,87,158.59722222222172,0 days 00:00:22.863000,10206.0,137.0,3,0.0,True,0,car,1497.932222222223,0.28003356732835466,OnTrack,-3018.1546121496535,5193.683514144079,7375.9918923602545
2026-09-13 14:22:18.320,0 days 02:16:27.880000,87,158.6199985422217,0 days 00:00:22.864000,10205.437536,136.9437536,3,0.0,True,0,pos,1497.968608503506,0.28004036962554696,OnTrack,-3018.0,5194.0,7376.0
2026-09-13 14:22:18.580,0 days 02:16:28.140000,87,164.54222076444404,0 days 00:00:23.124000,10059.187536,122.3187536,3,0.0,True,0,pos,1506.6522345498904,0.2816637453317635,OnTrack,-2980.0,5277.0,7378.0
2026-09-13 14:22:18.639,0 days 02:16:28.199000,87,165.88611111111072,0 days 00:00:23.183000,10026.0,119.0,3,0.0,True,0,car,1508.5100000000007,0.28201104855318826,OnTrack,-2970.677401849643,5304.070042591665,7378.119442682464
2026-09-13 14:22:18.780,0 days 02:16:28.340000,87,169.92027594666627,0 days 00:00:23.324000,9882.650065066666,115.08333511111111,3,0.0,True,0,pos,1512.8670196688165,0.2828255792393419,OnTrack,-2950.0,5372.0,7378.0
2026-09-13 14:22:18.999,0 days 02:16:28.559000,87,176.18611111111068,0 days 00:00:23.543000,9660.0,109.0,2,0.0,True,0,car,1519.4100000000008,0.2840487681766775,OnTrack,-2938.6003774878654,5421.374543649924,7377.965255632202
2026-09-13 14:22:19.180,0 days 02:16:28.740000,87,181.91777575111072,0 days 00:00:23.724000,9458.88896,105.9833344,2,0.0,True,0,pos,1524.6205567735776,0.2850228648543677,OnTrack,-2940.0,5451.0,7378.0
2026-09-13 14:22:19.300,0 days 02:16:28.860000,87,185.71777575111076,0 days 00:00:23.844000,9325.555626666666,103.9833344,2,0.0,True,0,pos,1528.0273210433272,0.28565974837776864,OnTrack,-2943.0,5482.0,7378.0
2026-09-13 14:22:19.359,0 days 02:16:28.919000,87,187.58611111111077,0 days 00:00:23.903000,9260.0,103.0,2,0.0,False,0,car,1529.7100000000007,0.2859743197474976,OnTrack,-2946.1220587585976,5497.323124722884,7378.00181861169
2026-09-13 14:22:19.500,0 days 02:16:29.060000,87,192.24694232888837,0 days 00:00:24.044000,9260.0,103.0,2,0.0,False,0,pos,1533.748559739323,0.2867293153834105,OnTrack,-2959.0,5533.0,7378.0
2026-09-13 14:22:19.559,0 days 02:16:29.119000,87,194.19722222222163,0 days 00:00:24.103000,9260.0,103.0,2,0.0,False,0,car,1535.4322222222231,0.2870440706201755,OnTrack,-2966.919892828855,5548.099903850556,7377.985430512956
2026-09-13 14:22:19.700,0 days 02:16:29.260000,87,199.0538866844438,0 days 00:00:24.244000,9260.0,102.60833351111111,2,0.0,False,0,pos,1539.4215257797682,0.28778985797276857,OnTrack,-2989.0,5585.0,7378.0
2026-09-13 14:22:19.919,0 days 02:16:29.479000,87,206.5972222222215,0 days 00:00:24.463000,9260.0,102.0,2,0.0,False,0,car,1545.6322222222232,0.28895092751555074,OnTrack,-3017.024763187487,5645.679719232512,7378.617905564023
2026-09-13 14:22:19.980,0 days 02:16:29.540000,87,208.66444227555485,0 days 00:00:24.524000,9399.5373536,102.7624992,2,6.35416,False,0,pos,1547.3981858850234,0.28928106869078535,OnTrack,-3022.0,5663.0,7379.0
2026-09-13 14:22:20.159,0 days 02:16:29.719000,87,214.73055555555493,0 days 00:00:24.703000,9809.0,105.0,2,25.0,False,0,car,1552.6322222222232,0.29025955479669063,OnTrack,-3027.7368322423404,5714.297027622397,7380.630157953557
2026-09-13 14:22:20.240,0 days 02:16:29.800000,87,217.47555338666606,0 days 00:00:24.784000,9922.3999104,105.0,2,25.0,False,0,pos,1554.9896019392568,0.29070025928379295,OnTrack,-3026.0,5737.0,7381.0
2026-09-13 14:22:20.359,0 days 02:16:29.919000,87,221.50833333333276,0 days 00:00:24.903000,10089.0,105.0,2,25.0,False,0,car,1558.4655555555564,0.29135007753097386,OnTrack,-3019.069741446614,5769.718647538866,7380.996464969364
2026-09-13 14:22:20.360,0 days 02:16:29.920000,87,221.53999797333276,0 days 00:00:24.904000,10089.4874688,105.0083328,2,25.0458304,False,0,pos,1558.4950294374048,0.29135558757752644,OnTrack,-3019.0,5770.0,7381.0
2026-09-13 14:22:20.560,0 days 02:16:30.120000,87,227.87333130666602,0 days 00:00:25.104000,10186.9874688,106.67499946666666,2,34.212497066666664,False,0,pos,1564.4494028660347,0.29246873836478343,OnTrack,-3003.0,5829.0,7383.0
2026-09-13 14:22:20.599,0 days 02:16:30.159000,87,229.10833333333267,0 days 00:00:25.143000,10206.0,107.0,2,36.0,False,0,car,1565.5988888888899,0.2926836310460402,OnTrack,-2999.5666511075324,5840.7442844283405,7383.291261548464
2026-09-13 14:22:20.780,0 days 02:16:30.340000,87,233.5830539733325,0 days 00:00:25.324000,10206.0,107.0,2,36.0,False,0,pos,1570.8314672115785,0.29366184458086475,OnTrack,-2984.0,5895.0,7384.0
2026-09-13 14:22:20.919,0 days 02:16:30.479000,87,237.01944444444348,0 days 00:00:25.463000,10206.0,107.0,2,36.0,False,0,car,1575.110000000001,0.294461702399462,OnTrack,-2975.6551778388257,5935.746256940494,7384.762073824129
2026-09-13 14:22:20.980,0 days 02:16:30.540000,87,237.9683323377768,0 days 00:00:25.524000,10366.124832,113.0999936,2,36.0,False,0,pos,1577.1419434462537,0.29484156763196195,OnTrack,-2973.0,5957.0,7385.0
2026-09-13 14:22:21.079,0 days 02:16:30.639000,87,239.5083333333323,0 days 00:00:25.623000,10626.0,123.0,2,36.0,False,0,car,1580.5766666666677,0.29548367799044745,OnTrack,-2969.913838827605,5998.707544980191,7385.110965089855
2026-09-13 14:22:21.220,0 days 02:16:30.780000,87,241.54499907555453,0 days 00:00:25.764000,10613.9142912,125.0142848,2,56.646419200000004,False,0,pos,1585.5665121296252,0.2964165134049472,OnTrack,-2968.0,6059.0,7385.0
2026-09-13 14:22:21.359,0 days 02:16:30.919000,87,243.55277777777678,0 days 00:00:25.903000,10602.0,127.0,2,77.0,False,0,car,1590.4544444444455,0.2973302964871671,OnTrack,-2968.767509608735,6097.355311561736,7385.066694989011
2026-09-13 14:22:21.500,0 days 02:16:31.060000,87,244.0227775644435,0 days 00:00:26.044000,10649.3356928,127.0,2,77.5035712,False,0,pos,1595.2431568047873,0.29822553072092073,OnTrack,-2973.0,6134.0,7385.0
2026-09-13 14:22:21.639,0 days 02:16:31.199000,87,244.48611111111018,0 days 00:00:26.183000,10696.0,127.0,3,78.0,False,0,car,1600.3322222222232,0.29917691498388665,OnTrack,-2981.3349368573367,6187.07346325221,7384.481401410553
2026-09-13 14:22:21.720,0 days 02:16:31.280000,87,243.81111164444349,0 days 00:00:26.264000,10927.65981696,138.74499072,3,82.0499968,False,0,pos,1603.7081128104126,0.2998080267727221,OnTrack,-2988.0,6221.0,7384.0
2026-09-13 14:22:21.839,0 days 02:16:31.399000,87,242.81944444444343,0 days 00:00:26.383000,11268.0,156.0,3,88.0,False,0,car,1608.99888888889,0.3007971201891075,OnTrack,-3000.1179207227615,6270.52959035579,7383.07895564097
2026-09-13 14:22:22.081,0 days 02:16:31.641000,87,239.45833511111007,0 days 00:00:26.625000,10280.986236342857,162.91428205714286,3,96.64285257142858,False,0,pos,1619.9647130842159,0.30284714543227714,OnTrack,-3031.0,6373.0,7381.0
2026-09-13 14:22:22.119,0 days 02:16:31.679000,87,238.93055555555452,0 days 00:00:26.663000,10126.0,164.0,3,98.0,False,0,car,1621.7544444444457,0.30318172990140685,OnTrack,-3036.1802078042997,6389.843437379632,7380.756466915656
2026-09-13 14:22:22.241,0 days 02:16:31.801000,87,236.72778008888793,0 days 00:00:26.785000,10311.2873056,169.718744,3,98.7624992,False,0,pos,1627.6648323035088,0.3042866577291908,OnTrack,-3053.0,6445.0,7380.0
2026-09-13 14:22:22.361,0 days 02:16:31.921000,87,234.56111342222133,0 days 00:00:26.905000,10493.5373056,175.343744,3,99.5124992,False,0,pos,1633.690053260139,0.30541305323186824,OnTrack,-3069.0,6500.0,7379.0
2026-09-13 14:22:22.439,0 days 02:16:31.999000,87,233.15277777777692,0 days 00:00:26.983000,10612.0,179.0,4,100.0,False,0,car,1637.6655555555567,0.30615626048329936,OnTrack,-3079.447916246223,6536.852835393646,7378.541500480851
2026-09-13 14:22:22.561,0 days 02:16:32.121000,87,230.17055868444356,0 days 00:00:27.105000,11124.3994624,183.26999552,4,100.0,False,0,pos,1643.9670159481632,0.30733429805198326,OnTrack,-3096.0,6596.0,7378.0
2026-09-13 14:22:22.639,0 days 02:16:32.199000,87,228.263888888888,0 days 00:00:27.183000,11452.0,186.0,4,100.0,False,0,car,1647.99888888889,0.30808804361260106,OnTrack,-3106.723455003926,6634.34353629584,7377.5506744294125
2026-09-13 14:22:22.761,0 days 02:16:32.321000,87,225.0783359500195,0 days 00:00:27.305000,10945.765540387882,186.0,4,100.0,False,0,pos,1654.2534395399373,0.3092573115573485,OnTrack,-3124.0,6695.0,7377.0
2026-09-13 14:22:22.920,0 days 02:16:32.480000,87,220.92666666666582,0 days 00:00:27.464000,10286.0,186.0,5,100.0,False,0,car,1662.5172222222232,0.31080219890926997,OnTrack,-3148.251792281065,6774.981024670533,7377.387657051189
2026-09-13 14:22:23.001,0 days 02:16:32.561000,87,218.38416867555466,0 days 00:00:27.545000,10324.249969777778,189.1499975111111,5,100.0,False,0,pos,1666.8879128228436,0.31161928533175476,OnTrack,-3162.0,6816.0,7378.0
2026-09-13 14:22:23.241,0 days 02:16:32.801000,87,210.85083534222122,0 days 00:00:27.785000,10437.58330311111,198.48333084444445,5,100.0,False,0,pos,1680.3196960154694,0.31413031360607274,OnTrack,-3210.0,6938.0,7381.0
2026-09-13 14:22:23.280,0 days 02:16:32.840000,87,209.62666666666564,0 days 00:00:27.824000,10456.0,200.0,5,100.0,False,0,car,1682.5172222222234,0.3145411339982411,OnTrack,-3218.889240406603,6957.754138268478,7381.533919254578
2026-09-13 14:22:23.480,0 days 02:16:33.040000,87,203.18222222222107,0 days 00:00:28.024000,10456.0,203.0,5,100.0,False,0,car,1693.7950000000012,0.3166494779511887,OnTrack,-3268.737623967407,7058.498900017302,7383.9911472210015
2026-09-13 14:22:23.481,0 days 02:16:33.041000,87,203.15027982222108,0 days 00:00:28.025000,10457.5332352,203.0041664,5,100.0,False,0,pos,1693.8514267733804,0.31666002675333593,OnTrack,-3269.0,7059.0,7384.0
2026-09-13 14:22:23.661,0 days 02:16:33.221000,87,197.4002798222212,0 days 00:00:28.205000,10733.5332352,203.7541664,5,100.0,False,0,pos,1704.0274605644722,0.3185624032437394,OnTrack,-3318.0,7149.0,7385.0
2026-09-13 14:22:23.720,0 days 02:16:33.280000,87,195.51555555555456,0 days 00:00:28.264000,10824.0,204.0,5,100.0,False,0,car,1707.3950000000011,0.319191953811689,OnTrack,-3334.700723250878,7178.635598007516,7385.142450532968
2026-09-13 14:22:23.861,0 days 02:16:33.421000,87,190.85472433777667,0 days 00:00:28.405000,10913.8874592,207.5249984,5,100.0,False,0,pos,1715.5337190898665,0.3207134609309078,OnTrack,-3375.0,7250.0,7385.0
2026-09-13 14:22:23.880,0 days 02:16:33.440000,87,190.22666666666555,0 days 00:00:28.424000,10926.0,208.0,5,100.0,False,0,car,1716.6394444444456,0.32092017269725787,OnTrack,-3380.33208472199,7259.695554669057,7384.90095923503
2026-09-13 14:22:24.061,0 days 02:16:33.621000,87,184.49500387001453,0 days 00:00:28.605000,10926.0,210.72864137370328,5,100.0,False,0,pos,1727.2484798644898,0.32290349743686486,OnTrack,-3430.0,7353.0,7384.0
2026-09-13 14:22:24.079,0 days 02:16:33.639000,87,183.92499999999905,0 days 00:00:28.623000,10926.0,211.0,5,100.0,False,0,car,1728.3030555555567,0.3231006469396302,OnTrack,-3434.8786371040446,7362.366034635839,7384.115695972023
2026-09-13 14:22:24.240,0 days 02:16:33.800000,87,179.09500191999902,0 days 00:00:28.784000,10926.0,211.0,5,100.0,False,0,pos,1737.7090634664582,0.32485906959089067,OnTrack,-3478.0,7448.0,7387.0
2026-09-13 14:22:24.319,0 days 02:16:33.879000,87,176.724999999999,0 days 00:00:28.863000,10926.0,211.0,5,100.0,False,0,car,1742.3697222222233,0.32573036461887317,OnTrack,-3498.5917362498217,7492.885837736196,7389.14861441228
2026-09-13 14:22:24.519,0 days 02:16:34.079000,87,170.4472222222214,0 days 00:00:29.063000,10926.0,216.0,5,100.0,False,0,car,1754.3697222222233,0.3279737256722558,OnTrack,-3548.9612103674062,7618.268468543567,7396.844853680442
2026-09-13 14:22:24.560,0 days 02:16:34.120000,87,169.29694623999913,0 days 00:00:29.104000,10926.0,216.0,5,100.0,False,0,pos,1756.8329842385583,0.32843422451156606,OnTrack,-3559.0,7647.0,7399.0
2026-09-13 14:22:24.719,0 days 02:16:34.279000,87,164.83611111111009,0 days 00:00:29.263000,10926.0,216.0,5,100.0,False,0,car,1766.3697222222236,0.3302170867256385,OnTrack,-3597.0254804117303,7768.848561940333,7409.343762687746
2026-09-13 14:22:24.959,0 days 02:16:34.519000,87,158.23611111110995,0 days 00:00:29.503000,11343.0,216.0,5,100.0,False,0,car,1780.7697222222234,0.33290911998969763,OnTrack,-3643.333845384353,7940.585472394231,7425.130395852699
2026-09-13 14:22:24.980,0 days 02:16:34.540000,87,157.67027950222106,0 days 00:00:29.524000,11354.0249664,216.0,5,100.0,False,0,pos,1782.0303095830416,0.33314478270550146,OnTrack,-3646.0,7951.0,7426.0
2026-09-13 14:22:25.239,0 days 02:16:34.799000,87,150.69166666666547,0 days 00:00:29.783000,11490.0,216.0,5,100.0,False,0,car,1797.5697222222234,0.33604982546443335,OnTrack,-3664.7917922516026,8033.0782758373425,7431.440675321842
2026-09-13 14:22:25.320,0 days 02:16:34.880000,87,148.57666833777674,0 days 00:00:29.864000,11490.0,216.0,5,100.0,False,0,pos,1802.4138091073523,0.336955411785875,OnTrack,-3675.0,8077.0,7435.0
2026-09-13 14:22:25.399,0 days 02:16:34.959000,87,146.513888888888,0 days 00:00:29.943000,11490.0,216.0,5,100.0,True,0,car,1807.1697222222233,0.33784451430713947,OnTrack,-3689.5364248021074,8137.8160476389285,7440.3588305839685
2026-09-13 14:22:25.580,0 days 02:16:35.140000,87,141.93861272888805,0 days 00:00:30.124000,10856.500224,216.0,5,24.58336,True,0,pos,1818.2063362850395,0.3399077734862842,OnTrack,-3726.0,8288.0,7454.0
2026-09-13 14:22:25.639,0 days 02:16:35.199000,87,140.4472222222214,0 days 00:00:30.183000,10650.0,216.0,5,0.0,True,0,car,1821.5697222222232,0.3405365475711986,OnTrack,-3732.0725823291705,8312.913226308094,7456.099730260245
2026-09-13 14:22:25.840,0 days 02:16:35.400000,87,138.04638965333245,0 days 00:00:30.384000,9615.4784544,191.5031328,5,0.0,True,0,pos,1831.6444744526937,0.3424199898025584,OnTrack,-3741.0,8345.0,7458.0
2026-09-13 14:22:25.959,0 days 02:16:35.519000,87,136.6249999999991,0 days 00:00:30.503000,9003.0,177.0,5,0.0,True,0,car,1837.3030555555565,0.3434778431745225,OnTrack,-3754.252086735247,8387.983850512266,7461.30538657402
2026-09-13 14:22:26.140,0 days 02:16:35.700000,87,134.46305631999928,0 days 00:00:30.684000,8705.25510528,177.0,5,0.0,True,0,pos,1846.18200559723,0.3451377340677242,OnTrack,-3782.0,8472.0,7468.0
2026-09-13 14:22:26.159,0 days 02:16:35.719000,87,134.2361111111104,0 days 00:00:30.703000,8674.0,177.0,5,0.0,True,0,car,1847.1363888888898,0.34531615292659995,OnTrack,-3784.7964955627567,8479.552193105275,7468.577284798512
2026-09-13 14:22:26.319,0 days 02:16:35.879000,87,132.32499999999936,0 days 00:00:30.863000,9221.0,177.0,5,0.0,True,0,car,1855.0030555555563,0.3467868007282619,OnTrack,-3808.463424280679,8535.63568048314,7472.548695249084
2026-09-13 14:22:26.340,0 days 02:16:35.900000,87,132.40083310222158,0 days 00:00:30.884000,9313.324718628572,172.8000128,5,0.0,True,0,pos,1855.8975156632637,0.3469540171423815,OnTrack,-3812.0,8543.0,7473.0
2026-09-13 14:22:26.599,0 days 02:16:36.159000,87,133.33611111111054,0 days 00:00:31.143000,10452.0,121.0,4,0.0,True,0,car,1864.4141666666674,0.34854617740623883,OnTrack,-3862.3974937362564,8634.224859210979,7477.67715677322
2026-09-13 14:22:26.620,0 days 02:16:36.180000,87,133.47611068444388,0 days 00:00:31.164000,10418.19010304,119.84500352,4,0.0,True,0,pos,1865.0602814435845,0.3486669664667847,OnTrack,-3866.0,8640.0,7478.0
2026-09-13 14:22:26.799,0 days 02:16:36.359000,87,134.66944444444403,0 days 00:00:31.343000,10130.0,110.0,2,0.0,True,0,car,1870.5252777777785,0.3496886297945355,OnTrack,-3891.891701381732,8676.88307624842,7480.478402776824
2026-09-13 14:22:26.840,0 days 02:16:36.400000,87,135.5463875199996,0 days 00:00:31.384000,9955.2377728,107.9500032,2,0.0,True,0,pos,1871.702094146415,0.34990863179523407,OnTrack,-3898.0,8685.0,7481.0
2026-09-13 14:22:27.039,0 days 02:16:36.599000,87,139.80277777777746,0 days 00:00:31.583000,9107.0,98.0,2,0.0,True,0,car,1877.0586111111118,0.3509100152569328,OnTrack,-3932.2601080225754,8730.305897559394,7483.313537872333
2026-09-13 14:22:27.120,0 days 02:16:36.680000,87,141.82777617777745,0 days 00:00:31.664000,8907.2845328,96.9875008,2,0.0,True,0,pos,1879.197033029739,0.3513097862942618,OnTrack,-3947.0,8750.0,7484.0
2026-09-13 14:22:27.320,0 days 02:16:36.880000,87,146.82777617777745,0 days 00:00:31.864000,8414.1595328,94.4875008,2,0.0,True,0,pos,1884.414479758582,0.35228517102672724,OnTrack,-3980.0,8799.0,7485.0
2026-09-13 14:22:27.359,0 days 02:16:36.919000,87,147.80277777777746,0 days 00:00:31.903000,8318.0,94.0,2,0.0,True,0,car,1885.4141666666674,0.35247205924965846,OnTrack,-3984.01525481574,8808.399941311252,7485.175257640305
2026-09-13 14:22:27.519,0 days 02:16:37.079000,87,152.38055555555502,0 days 00:00:32.063000,8125.0,91.0,2,0.0,False,0,car,1889.4586111111118,0.35322815501209487,OnTrack,-3990.9959231157736,8846.756165026545,7485.993879366113
2026-09-13 14:22:27.520,0 days 02:16:37.080000,87,152.41027587555502,0 days 00:00:32.064000,8125.0,90.9958336,2,0.0,False,0,pos,1889.4837254319111,0.3532328500528585,OnTrack,-3991.0,8847.0,7486.0
2026-09-13 14:22:27.680,0 days 02:16:37.240000,87,157.1658314311108,0 days 00:00:32.224000,8125.0,90.32916693333334,2,0.0,False,0,pos,1893.4865678093556,0.3539811684438909,OnTrack,-3986.0,8886.0,7487.0
2026-09-13 14:22:27.759,0 days 02:16:37.319000,87,159.5138888888887,0 days 00:00:32.303000,8125.0,90.0,2,0.0,False,0,car,1895.4586111111116,0.35434983553878613,OnTrack,-3979.9391766746917,8903.703236674492,7487.23098119773
2026-09-13 14:22:27.920,0 days 02:16:37.480000,87,164.70166460444415,0 days 00:00:32.464000,8241.7249536,90.0,2,0.0,False,0,pos,1899.4806793878702,0.3551017481492967,OnTrack,-3961.0,8936.0,7487.0
2026-09-13 14:22:27.959,0 days 02:16:37.519000,87,165.95833333333303,0 days 00:00:32.503000,8270.0,90.0,2,0.0,False,0,car,1900.4586111111116,0.3552845693110289,OnTrack,-3955.219808760534,8943.153462914152,7486.802076964915
2026-09-13 14:22:28.080,0 days 02:16:37.640000,87,169.8572201599999,0 days 00:00:32.624000,8115.7250816,90.0,2,15.124991999999999,False,0,pos,1903.503579271146,0.3558538162259465,OnTrack,-3935.0,8964.0,7486.0
2026-09-13 14:22:28.159,0 days 02:16:37.719000,87,172.40277777777783,0 days 00:00:32.703000,8015.0,90.0,2,25.0,False,0,car,1905.4586111111116,0.35621930308327165,OnTrack,-3920.8839584502853,8976.946917795814,7485.5664535082005
2026-09-13 14:22:28.340,0 days 02:16:37.900000,87,178.78805329777813,0 days 00:00:32.884000,8015.0,86.38000128,2,25.0,False,0,pos,1909.7830991790206,0.35702775209221865,OnTrack,-3887.0,9006.0,7485.0
2026-09-13 14:22:28.359,0 days 02:16:37.919000,87,179.4583333333337,0 days 00:00:32.903000,8015.0,86.0,2,25.0,False,0,car,1910.2363888888892,0.3571124931323036,OnTrack,-3883.4278537230252,9009.156132880007,7484.984530090885
2026-09-13 14:22:28.521,0 days 02:16:38.081000,87,185.30832871111107,0 days 00:00:33.065000,8392.999701333334,87.34999893333334,2,37.1499904,False,0,pos,1914.1466893272527,0.3578435111081744,OnTrack,-3854.0,9036.0,7485.0
2026-09-13 14:22:28.599,0 days 02:16:38.159000,87,188.12499999999977,0 days 00:00:33.143000,8575.0,88.0,2,43.0,False,0,car,1916.103055555556,0.3582092474250685,OnTrack,-3841.8893326586735,9047.484124221031,7484.8303594296995
2026-09-13 14:22:28.759,0 days 02:16:38.319000,87,193.72500000000014,0 days 00:00:33.303000,8795.0,95.0,2,43.0,False,0,car,1920.3252777777782,0.3589985781660735,OnTrack,-3819.3820890593493,9069.604383736096,7483.902641476685
2026-09-13 14:22:28.881,0 days 02:16:38.441000,87,197.7916623999999,0 days 00:00:33.425000,9358.63940864,99.26999552,2,50.31999232,False,0,pos,1923.7345967896042,0.35963593929021404,OnTrack,-3787.0,9100.0,7482.0
2026-09-13 14:22:28.959,0 days 02:16:38.519000,87,200.39166666666642,0 days 00:00:33.503000,9719.0,102.0,2,55.0,False,0,car,1925.991944444445,0.36005794310794864,OnTrack,-3756.7347481677907,9127.844029054047,7480.138496451076
2026-09-13 14:22:29.041,0 days 02:16:38.601000,87,203.0338847644442,0 days 00:00:33.585000,9826.624832,103.7937472,2,55.7687488,False,0,pos,1928.4251680585521,0.3605128263654535,OnTrack,-3724.0,9159.0,7478.0
2026-09-13 14:22:29.279,0 days 02:16:38.839000,87,210.70277777777756,0 days 00:00:33.823000,10139.0,109.0,2,58.0,False,0,car,1935.6808333333338,0.3618692494399391,OnTrack,-3667.0731400903705,9228.744712530864,7472.938829468975
2026-09-13 14:22:29.480,0 days 02:16:39.040000,87,217.17944444444424,0 days 00:00:34.024000,10516.0,109.0,2,40.0,False,0,car,1941.766666666667,0.36300697622972056,OnTrack,-3647.1194063758735,9267.727874730597,7470.308197232032
2026-09-13 14:22:29.521,0 days 02:16:39.081000,87,218.32972042666654,0 days 00:00:34.065000,10535.06497024,110.0249984,2,39.18000128,False,0,pos,1943.039133918438,0.3632448598525812,OnTrack,-3644.0,9274.0,7470.0
2026-09-13 14:22:29.680,0 days 02:16:39.240000,87,222.79055555555578,0 days 00:00:34.224000,10609.0,114.0,2,36.0,False,0,car,1948.1000000000004,0.36419097234122805,OnTrack,-3634.610868970527,9293.96530776807,7469.457784845025
2026-09-13 14:22:29.761,0 days 02:16:39.321000,87,224.7930539733335,0 days 00:00:34.305000,10640.111339054545,115.10454458181817,2,36.92045381818182,False,0,pos,1950.7414095497188,0.36468477528371723,OnTrack,-3629.0,9309.0,7469.0
2026-09-13 14:22:29.981,0 days 02:16:39.541000,87,230.23194286222227,0 days 00:00:34.525000,10724.611339054545,118.10454458181817,2,39.42045381818182,False,0,pos,1958.0995932997846,0.3660603638544282,OnTrack,-3609.0,9377.0,7466.0
2026-09-13 14:22:30.120,0 days 02:16:39.680000,87,233.6683333333333,0 days 00:00:34.664000,10778.0,120.0,2,41.0,False,0,car,1962.766666666667,0.3669328580731402,OnTrack,-3602.6687731260326,9423.35242919097,7463.220480234461
2026-09-13 14:22:30.320,0 days 02:16:39.880000,87,238.16833333333375,0 days 00:00:34.864000,10778.0,120.0,2,41.0,False,0,car,1969.4333333333336,0.36817916976946385,OnTrack,-3601.87622947832,9491.505258635825,7459.28652820084
2026-09-13 14:22:30.341,0 days 02:16:39.901000,87,238.64083189333368,0 days 00:00:34.885000,10814.749888,120.0,2,44.4124896,False,0,pos,1970.1265290905444,0.3683087604664719,OnTrack,-3602.0,9499.0,7459.0
2026-09-13 14:22:30.421,0 days 02:16:39.981000,87,240.4408318933334,0 days 00:00:34.965000,10954.749888,120.0,2,57.4124896,False,0,pos,1972.7594842594358,0.3688009828899047,OnTrack,-3603.0,9528.0,7458.0
2026-09-13 14:22:30.480,0 days 02:16:40.040000,87,241.7683333333332,0 days 00:00:35.024000,11058.0,120.0,2,67.0,False,0,car,1974.766666666667,0.3691762191265228,OnTrack,-3604.9783928530856,9549.275938121807,7456.8748034454475
2026-09-13 14:22:30.661,0 days 02:16:40.221000,87,245.1369423512791,0 days 00:00:35.205000,10988.326403125984,130.60250387213284,2,68.5146434103047,False,0,pos,1981.4316256246038,0.370422211572242,OnTrack,-3618.0,9613.0,7452.0
2026-09-13 14:22:30.719,0 days 02:16:40.279000,87,246.216388888889,0 days 00:00:35.263000,10966.0,134.0,2,69.0,False,0,car,1983.662777777778,0.3708393182259587,OnTrack,-3624.146486981942,9632.759111499183,7450.649560100184
2026-09-13 14:22:30.880,0 days 02:16:40.440000,87,248.81027674666657,0 days 00:00:35.424000,10966.0,139.7499977142857,2,69.0,False,0,pos,1990.003823165363,0.3720247560809788,OnTrack,-3649.0,9693.0,7447.0
2026-09-13 14:22:30.999,0 days 02:16:40.559000,87,250.72749999999974,0 days 00:00:35.543000,10966.0,144.0,3,69.0,False,0,car,1994.862777777778,0.37293312187578254,OnTrack,-3679.5159946489443,9754.542260401138,7443.244609133498
2026-09-13 14:22:31.160,0 days 02:16:40.720000,87,252.96361022222192,0 days 00:00:35.704000,10966.0,150.0374976,3,69.0,False,0,pos,2001.7040902492754,0.37421208303849746,OnTrack,-3724.0,9840.0,7438.0
2026-09-13 14:22:31.319,0 days 02:16:40.879000,87,255.17194444444408,0 days 00:00:35.863000,10966.0,156.0,3,69.0,False,0,car,2008.7294444444449,0.37552545020413586,OnTrack,-3751.500149260399,9894.496042508483,7434.687556756208
2026-09-13 14:22:31.520,0 days 02:16:41.080000,87,256.9586105422219,0 days 00:00:36.064000,10872.200029866666,162.69999786666668,3,86.30832782222222,False,0,pos,2017.9473664209684,0.37724871080040695,OnTrack,-3787.0,9967.0,7431.0
2026-09-13 14:22:31.679,0 days 02:16:41.239000,87,258.3719444444441,0 days 00:00:36.223000,10798.0,168.0,4,100.0,False,0,car,2025.5294444444448,0.3786661556788716,OnTrack,-3838.251234501066,10070.655971105793,7426.419434759641
2026-09-13 14:22:31.760,0 days 02:16:41.320000,87,258.75444414222204,0 days 00:00:36.304000,11034.249813333334,172.0499968,4,100.0,False,0,pos,2029.4972337850384,0.37940792101843107,OnTrack,-3864.0,10126.0,7424.0
2026-09-13 14:22:31.919,0 days 02:16:41.479000,87,259.5052777777778,0 days 00:00:36.463000,11498.0,180.0,4,100.0,False,0,car,2037.5294444444448,0.3809095167322542,OnTrack,-3903.498706493376,10223.020374528855,7419.6873301336345
2026-09-13 14:22:32.159,0 days 02:16:41.719000,87,259.7719444444442,0 days 00:00:36.703000,10879.0,191.0,4,100.0,False,0,car,2050.2627777777784,0.38328997207223253,OnTrack,-3939.8915984962173,10333.65178292863,7415.012353723037
2026-09-13 14:22:32.160,0 days 02:16:41.720000,87,259.7730554844442,0 days 00:00:36.704000,10876.4564128,191.0,4,100.0,False,0,pos,2050.315876313327,0.38329989867111935,OnTrack,-3940.0,10334.0,7415.0
2026-09-13 14:22:32.319,0 days 02:16:41.879000,87,259.94972222222214,0 days 00:00:36.863000,10472.0,191.0,4,100.0,False,0,car,2058.751666666667,0.38487694229888464,OnTrack,-3952.757546753335,10377.346481302902,7413.801500370491
2026-09-13 14:22:32.519,0 days 02:16:42.079000,87,259.8386111111108,0 days 00:00:37.063000,10516.0,197.0,4,100.0,False,0,car,2069.696111111112,0.3869229706670161,OnTrack,-3964.3092264965544,10450.228393816467,7412.34792773269
2026-09-13 14:22:32.540,0 days 02:16:42.100000,87,259.7977779022219,0 days 00:00:37.084000,10563.5123552,197.656248,4,100.0,False,0,pos,2070.8626755392415,0.38714105610071,OnTrack,-3966.0,10464.0,7412.0
2026-09-13 14:22:32.679,0 days 02:16:42.239000,87,259.5274999999997,0 days 00:00:37.223000,10878.0,202.0,5,100.0,False,0,car,2078.6738888888895,0.388601337084732,OnTrack,-3979.375854940732,10582.980129427107,7408.792260812106
2026-09-13 14:22:32.760,0 days 02:16:42.320000,87,259.1900002666663,0 days 00:00:37.304000,10919.367824457142,204.31428388571427,5,100.0,False,0,pos,2083.3318469924275,0.38947212723454583,OnTrack,-3986.0,10646.0,7407.0
2026-09-13 14:22:32.959,0 days 02:16:42.519000,87,258.3608333333327,0 days 00:00:37.503000,11021.0,210.0,5,100.0,False,0,car,2095.007222222223,0.39165480074072506,OnTrack,-3992.7753965438137,10724.073698255275,7404.4344080959745
2026-09-13 14:22:33.060,0 days 02:16:42.620000,87,257.94000026666623,0 days 00:00:37.604000,11026.0499968,211.00999936,5,100.0,False,0,pos,2100.949098270366,0.39276561518326103,OnTrack,-3995.0,10762.0,7403.0
2026-09-13 14:22:33.159,0 days 02:16:42.719000,87,257.5274999999997,0 days 00:00:37.703000,11031.0,212.0,5,100.0,False,0,car,2106.7850000000008,0.3938566180708969,OnTrack,-3998.0648260599496,10815.065665409404,7401.027093005893
2026-09-13 14:22:33.300,0 days 02:16:42.860000,87,257.25333345777744,0 days 00:00:37.844000,11136.749952,213.05749952,5,100.0,False,0,pos,2115.130420815304,0.39541676740682524,OnTrack,-4003.0,10904.0,7398.0
2026-09-13 14:22:33.480,0 days 02:16:43.040000,87,256.9033334577774,0 days 00:00:38.024000,11271.749952,214.40749952,5,100.0,False,0,pos,2125.8822288133542,0.3974267830165147,OnTrack,-4008.0,11011.0,7395.0
2026-09-13 14:22:33.559,0 days 02:16:43.119000,87,256.74972222222186,0 days 00:00:38.103000,11331.0,215.0,5,100.0,False,0,car,2130.6738888888895,0.3983225683160568,OnTrack,-4009.4765884749354,11058.812775144248,7393.1886639115455
2026-09-13 14:22:33.720,0 days 02:16:43.280000,87,256.4366667911107,0 days 00:00:38.264000,11426.79496192,217.81749888,5,100.0,False,0,pos,2140.584643591554,0.4001753517418557,OnTrack,-4011.0,11156.0,7389.0
2026-09-13 14:22:33.940,0 days 02:16:43.500000,87,256.0088890133329,0 days 00:00:38.484000,11557.69496192,221.66749888,5,100.0,False,0,pos,2154.183845044931,0.40271767831665656,OnTrack,-4009.0,11291.0,7384.0
2026-09-13 14:22:33.959,0 days 02:16:43.519000,87,255.97194444444403,0 days 00:00:38.503000,11569.0,222.0,5,100.0,False,0,car,2155.340555555556,0.4029339215924544,OnTrack,-4008.4153932302916,11306.235742738572,7383.361364437839
2026-09-13 14:22:34.239,0 days 02:16:43.799000,87,256.28305555555517,0 days 00:00:38.783000,10796.0,215.0,5,15.0,True,0,car,2172.062777777778,0.40606008676406635,OnTrack,-3995.0368003601066,11557.425009639463,7372.023391085284
2026-09-13 14:22:34.240,0 days 02:16:43.800000,87,256.2880552355552,0 days 00:00:38.784000,10797.312416,214.968752,5,14.906256,True,0,pos,2172.1215776136505,0.4060710792025448,OnTrack,-3995.0,11558.0,7372.0
2026-09-13 14:22:34.399,0 days 02:16:43.959000,87,257.0830555555558,0 days 00:00:38.943000,11006.0,210.0,5,0.0,True,0,car,2181.396111111111,0.4078049231389194,OnTrack,-3991.081481026158,11605.606849944232,7370.6736468940435
2026-09-13 14:22:34.520,0 days 02:16:44.080000,87,257.8561107022224,0 days 00:00:39.064000,10749.307278628572,207.83928685714287,5,0.0,True,0,pos,2188.3556730048285,0.4091059906473337,OnTrack,-3986.0,11638.0,7370.0
2026-09-13 14:22:34.679,0 days 02:16:44.239000,87,258.8719444444446,0 days 00:00:39.223000,10412.0,205.0,5,0.0,True,0,car,2197.3405555555555,0.4107856852792936,OnTrack,-3971.790248065585,11728.244337685876,7366.823915704671
2026-09-13 14:22:34.720,0 days 02:16:44.280000,87,259.29333267555575,0 days 00:00:39.264000,10487.8498816,204.0888903111111,5,0.5694435555555556,True,0,pos,2199.620634251705,0.411211938591426,OnTrack,-3967.0,11753.0,7366.0
2026-09-13 14:22:35.039,0 days 02:16:44.599000,87,262.5719444444453,0 days 00:00:39.583000,11078.0,197.0,5,5.0,True,0,car,2217.0405555555553,0.4144685363419301,OnTrack,-3914.776446422632,11918.452870984649,7362.165791685379
2026-09-13 14:22:35.061,0 days 02:16:44.621000,87,262.79805424000074,0 days 00:00:39.605000,11212.06172,197.0,5,10.7749664,True,0,pos,2218.2456295452507,0.41469382101317404,OnTrack,-3910.0,11929.0,7362.0
2026-09-13 14:22:35.199,0 days 02:16:44.759000,87,264.216388888889,0 days 00:00:39.743000,12053.0,197.0,5,47.0,True,0,car,2225.7961111111113,0.41610535903643525,OnTrack,-3876.2874783186194,11993.907608517093,7361.1325891117085
2026-09-13 14:22:35.301,0 days 02:16:44.861000,87,265.43472069333353,0 days 00:00:39.845000,12121.8499136,195.0875024,5,56.2437384,True,0,pos,2231.2662247259923,0.4171279790232021,OnTrack,-3847.0,12039.0,7360.0
2026-09-13 14:22:35.361,0 days 02:16:44.921000,87,266.1513873600003,0 days 00:00:39.905000,12162.3499136,193.9625024,5,61.6812384,True,0,pos,2234.4333336499526,0.4177200597575216,OnTrack,-3828.0,12064.0,7359.0
2026-09-13 14:22:35.519,0 days 02:16:45.079000,87,268.03861111111155,0 days 00:00:40.063000,12269.0,191.0,5,76.0,False,0,car,2242.773888888889,0.4192792994897396,OnTrack,-3772.621844103861,12127.261409843188,7357.6027503639425
2026-09-13 14:22:35.661,0 days 02:16:45.221000,87,269.6558318755562,0 days 00:00:40.205000,12225.892896,192.0142848,5,88.1714176,False,0,pos,2250.3474828960175,0.4206951583088834,OnTrack,-3717.0,12181.0,7357.0
2026-09-13 14:22:35.799,0 days 02:16:45.359000,87,271.2275000000009,0 days 00:00:40.343000,12184.0,193.0,4,100.0,False,0,car,2257.785,0.4220855779926284,OnTrack,-3658.5128556276313,12230.327062947194,7356.132421721407
2026-09-13 14:22:35.821,0 days 02:16:45.381000,87,271.42916557349946,0 days 00:00:40.365000,12196.844650869923,193.4099356660614,4,100.0,False,0,pos,2258.9783231827346,0.42230866588864896,OnTrack,-3649.0,12238.0,7356.0
2026-09-13 14:22:35.960,0 days 02:16:45.520000,87,272.70333333333474,0 days 00:00:40.504000,12278.0,196.0,4,100.0,False,0,car,2266.550555555555,0.42372427015467795,OnTrack,-3588.3302850058067,12285.483231878126,7355.294093804946
2026-09-13 14:22:36.141,0 days 02:16:45.701000,87,274.4127771733346,0 days 00:00:40.685000,12065.8907,195.4343752,4,43.43751999999999,False,0,pos,2276.403049810665,0.4255661619788938,OnTrack,-3507.0,12345.0,7354.0
2026-09-13 14:22:36.280,0 days 02:16:45.840000,87,275.72555555555664,0 days 00:00:40.824000,11903.0,195.0,4,0.0,True,0,car,2283.8838888888886,0.42696468056511955,OnTrack,-3442.7275230816804,12388.89688305,7352.245297451363
2026-09-13 14:22:36.321,0 days 02:16:45.881000,87,276.1924992711121,0 days 00:00:40.865000,11894.59501312,193.9750016,4,0.0,True,0,pos,2286.0668204972467,0.4273727725444853,OnTrack,-3425.0,12401.0,7352.0
2026-09-13 14:22:36.421,0 days 02:16:45.981000,87,277.3313881600008,0 days 00:00:40.965000,11874.09501312,191.4750016,4,0.0,True,0,pos,2291.3473889796646,0.4283599576839167,OnTrack,-3383.0,12432.0,7352.0
2026-09-13 14:22:36.480,0 days 02:16:46.040000,87,278.003333333334,0 days 00:00:41.024000,11862.0,190.0,4,0.0,False,0,car,2294.4394444444442,0.4289380074176321,OnTrack,-3352.4581928625053,12460.354806211462,7351.600008872704
2026-09-13 14:22:36.661,0 days 02:16:46.221000,87,280.265832533334,0 days 00:00:41.205000,11598.7959264,187.7375008,4,0.0,False,0,pos,2303.839063636859,0.4306952357187063,OnTrack,-3251.0,12571.0,7349.0
2026-09-13 14:22:36.720,0 days 02:16:46.280000,87,281.003333333334,0 days 00:00:41.264000,11513.0,187.0,4,0.0,False,0,car,2306.906111111111,0.4312686102897574,OnTrack,-3230.3700080909503,12595.93265681159,7348.480082509021
2026-09-13 14:22:36.920,0 days 02:16:46.480000,87,283.50333333333447,0 days 00:00:41.464000,11295.0,187.0,4,20.0,False,0,car,2317.2949999999996,0.4332107793498618,OnTrack,-3206.071682497372,12639.270237425728,7348.10043256671
2026-09-13 14:22:37.021,0 days 02:16:46.581000,87,285.0744434488899,0 days 00:00:41.565000,11259.14502272,183.46500224,4,20.50499968,False,0,pos,2322.3731718490994,0.43416012709558305,OnTrack,-3196.0,12667.0,7348.0
2026-09-13 14:22:37.120,0 days 02:16:46.680000,87,286.6144444444453,0 days 00:00:41.664000,11224.0,180.0,4,21.0,False,0,car,2327.2949999999996,0.4350802468943473,OnTrack,-3181.440379602771,12705.458120016903,7347.781719037032
2026-09-13 14:22:37.320,0 days 02:16:46.880000,87,289.72555555555664,0 days 00:00:41.864000,11012.0,180.0,4,35.0,False,0,car,2337.2949999999996,0.43694971443883285,OnTrack,-3147.4537154556447,12805.054343457363,7347.076808335375
2026-09-13 14:22:37.340,0 days 02:16:46.900000,87,290.0366665666119,0 days 00:00:41.884000,11007.276383428702,180.0,4,37.01004960480817,False,0,pos,2338.295039491038,0.4371366685760029,OnTrack,-3145.0,12815.0,7347.0
2026-09-13 14:22:37.519,0 days 02:16:47.079000,87,292.8211111111118,0 days 00:00:42.063000,10965.0,180.0,4,55.0,False,0,car,2347.245,0.43880983464559603,OnTrack,-3131.5537772327352,12902.643302545954,7346.236438485861
2026-09-13 14:22:37.560,0 days 02:16:47.120000,87,293.53860999111185,0 days 00:00:42.104000,11012.833258666667,180.34166613333332,4,55.0,False,0,pos,2349.3009702572394,0.4391941916124297,OnTrack,-3130.0,12923.0,7346.0
2026-09-13 14:22:37.720,0 days 02:16:47.280000,87,296.33860999111204,0 days 00:00:42.264000,11199.499925333334,181.67499946666666,4,55.0,False,0,pos,2357.3780023443405,0.44070416654669015,OnTrack,-3128.0,13004.0,7345.0
2026-09-13 14:22:37.759,0 days 02:16:47.319000,87,297.0211111111121,0 days 00:00:42.303000,11245.0,182.0,4,55.0,False,0,car,2359.378333333333,0.44107812193290513,OnTrack,-3128.388995251008,13023.62604786319,7344.901258496823
2026-09-13 14:22:37.920,0 days 02:16:47.480000,87,299.52555456000096,0 days 00:00:42.464000,11605.63985664,186.0249984,4,73.1124928,False,0,pos,2367.792190844537,0.44265106528701725,OnTrack,-3135.0,13104.0,7345.0
2026-09-13 14:22:38.080,0 days 02:16:47.640000,87,302.01444344888984,0 days 00:00:42.624000,11964.03985664,190.0249984,4,91.1124928,False,0,pos,2376.3902856955724,0.44425845121385926,OnTrack,-3154.0,13185.0,7345.0
2026-09-13 14:22:38.159,0 days 02:16:47.719000,87,303.24333333333425,0 days 00:00:42.703000,12141.0,192.0,4,100.0,False,0,car,2380.7116666666666,0.445066319361141,OnTrack,-3167.4202520029144,13226.479653317978,7345.1659381928
2026-09-13 14:22:38.400,0 days 02:16:47.960000,87,306.59055466666746,0 days 00:00:42.944000,11450.863819636364,198.57272552727272,4,100.0,False,0,pos,2394.202254122069,0.44758834090153277,OnTrack,-3218.0,13354.0,7347.0
2026-09-13 14:22:38.520,0 days 02:16:48.080000,87,308.25722133333403,0 days 00:00:43.064000,11107.227456,201.8454528,4,100.0,False,0,pos,2401.0738073030493,0.4488729554667377,OnTrack,-3244.0,13417.0,7349.0
2026-09-13 14:22:38.599,0 days 02:16:48.159000,87,309.3544444444451,0 days 00:00:43.143000,10881.0,204.0,5,100.0,False,0,car,2405.645,0.4497275251053916,OnTrack,-3266.363180317845,13474.823778983395,7350.486122762243
2026-09-13 14:22:38.740,0 days 02:16:48.300000,87,311.0386103466672,0 days 00:00:43.284000,10975.391623822223,207.5249984,5,100.0,False,0,pos,2413.8972607922265,0.45127025847736135,OnTrack,-3309.0,13589.0,7353.0
2026-09-13 14:22:38.959,0 days 02:16:48.519000,87,313.65444444444483,0 days 00:00:43.503000,11122.0,213.0,5,100.0,False,0,car,2426.945,0.45370949097514585,OnTrack,-3345.1564307066,13687.69720272371,7355.113021429404
2026-09-13 14:22:39.140,0 days 02:16:48.700000,87,315.564999324445,0 days 00:00:43.684000,11217.7791328,215.6395824,5,100.0,False,0,pos,2437.9308533889493,0.4557632606110575,OnTrack,-3370.0,13756.0,7357.0
2026-09-13 14:22:39.360,0 days 02:16:48.920000,87,317.8872215466674,0 days 00:00:43.904000,11334.195799466666,218.84791573333334,5,100.0,False,0,pos,2451.4395199823653,0.45828866198762425,OnTrack,-3416.0,13880.0,7361.0
2026-09-13 14:22:39.439,0 days 02:16:48.999000,87,318.7211111111119,0 days 00:00:43.983000,11376.0,220.0,5,100.0,False,0,car,2456.278333333333,0.45919326243897,OnTrack,-3433.4423410874806,13926.251178788374,7362.425134696811
2026-09-13 14:22:39.660,0 days 02:16:49.220000,87,321.1766659555564,0 days 00:00:44.204000,11569.374944,220.0,5,100.0,False,0,pos,2469.7751414651225,0.46171644691462294,OnTrack,-3490.0,14080.0,7366.0
2026-09-13 14:22:39.759,0 days 02:16:49.319000,87,322.27666666666755,0 days 00:00:44.303000,11656.0,220.0,5,100.0,False,0,car,2475.833888888889,0.4628491100815195,OnTrack,-3525.0502009734028,14181.541189834395,7367.374801615909
2026-09-13 14:22:39.820,0 days 02:16:49.380000,87,322.92055488000085,0 days 00:00:44.364000,11677.567834514286,220.43571382857144,5,97.60357394285714,False,0,pos,2479.57700389924,0.46354887328423233,OnTrack,-3544.0,14239.0,7368.0
2026-09-13 14:22:40.039,0 days 02:16:49.599000,87,325.23222222222284,0 days 00:00:44.583000,11755.0,222.0,5,89.0,False,0,car,2493.1005555555557,0.46607705737499794,OnTrack,-3570.4445426965744,14345.79388763355,7368.233112617021
2026-09-13 14:22:40.200,0 days 02:16:49.760000,87,326.886943786667,0 days 00:00:44.744000,11775.124992,224.41499904,5,72.09500672,False,0,pos,2503.1605720985767,0.46795774481741453,OnTrack,-3571.0,14407.0,7368.0
2026-09-13 14:22:40.239,0 days 02:16:49.799000,87,327.28777777777805,0 days 00:00:44.783000,11780.0,225.0,5,68.0,False,0,car,2505.6005555555557,0.4684138918056049,OnTrack,-3570.9898519634703,14427.824528296294,7368.052360626713
2026-09-13 14:22:40.439,0 days 02:16:49.999000,87,329.2877777777785,0 days 00:00:44.983000,11773.0,225.0,5,65.0,False,0,car,2518.1005555555553,0.4707507262362117,OnTrack,-3568.0423221789383,14555.397375275694,7368.009036718552
2026-09-13 14:22:40.440,0 days 02:16:50,87,329.2980548977785,0 days 00:00:44.984000,11773.0,225.0,5,64.9437536,False,0,pos,2518.1630710087907,0.47076241329729684,OnTrack,-3568.0,14556.0,7368.0
2026-09-13 14:22:40.599,0 days 02:16:50.159000,87,330.9322222222222,0 days 00:00:45.143000,11773.0,225.0,5,56.0,False,0,car,2528.1005555555557,0.47262019378069736,OnTrack,-3555.0708796183476,14648.91812558087,7365.168411659704
2026-09-13 14:22:40.640,0 days 02:16:50.200000,87,331.36499932444457,0 days 00:00:45.184000,11773.0,224.7437504,5,56.0,False,0,pos,2530.6551024916353,0.473097758039484,OnTrack,-3547.0,14680.0,7364.0
2026-09-13 14:22:40.759,0 days 02:16:50.319000,87,332.62111111111153,0 days 00:00:45.303000,11773.0,224.0,5,56.0,False,0,car,2538.056111111111,0.4744813525805407,OnTrack,-3509.380314370975,14796.331892008506,7359.650830727827
2026-09-13 14:22:40.840,0 days 02:16:50.400000,87,333.5661103644448,0 days 00:00:45.384000,11771.312501333334,224.0,5,57.34999893333333,False,0,pos,2543.0986701225447,0.47542404262184357,OnTrack,-3483.0,14869.0,7357.0
2026-09-13 14:22:40.999,0 days 02:16:50.559000,87,335.42111111111126,0 days 00:00:45.543000,11768.0,224.0,5,60.0,False,0,car,2552.9894444444444,0.4772730907803058,OnTrack,-3449.3403585595543,14945.584549293717,7354.510040893026
2026-09-13 14:22:41.200,0 days 02:16:50.760000,87,337.87777699555573,0 days 00:00:45.744000,10572.0503808,223.16250026666665,5,60.83749973333333,False,0,pos,2565.4310795245538,0.4795990140785655,OnTrack,-3409.0,14998.0,7352.0
2026-09-13 14:22:41.239,0 days 02:16:50.799000,87,338.35444444444465,0 days 00:00:45.783000,10340.0,223.0,5,61.0,False,0,car,2567.856111111111,0.4800523658631076,OnTrack,-3396.413460132928,15015.114575333313,7350.8882028975595
2026-09-13 14:22:41.380,0 days 02:16:50.940000,87,340.11694364444463,0 days 00:00:45.924000,10279.72252736,224.05749952,5,62.05749952,False,0,pos,2576.6789530356327,0.48170176752590954,OnTrack,-3341.0,15088.0,7346.0
2026-09-13 14:22:41.639,0 days 02:16:51.199000,87,343.35444444444465,0 days 00:00:46.183000,10169.0,226.0,6,64.0,False,0,car,2592.967222222222,0.48474680658592684,OnTrack,-3224.9583336512833,15201.20714289183,7340.035808872281
2026-09-13 14:22:41.641,0 days 02:16:51.201000,87,343.38166492444464,0 days 00:00:46.185000,10168.6750208,225.9875008,6,64.0,False,0,pos,2593.092343478383,0.4847701975986787,OnTrack,-3224.0,15202.0,7340.0
2026-09-13 14:22:41.801,0 days 02:16:51.361000,87,345.55944270222255,0 days 00:00:46.345000,10142.6750208,224.9875008,6,64.0,False,0,pos,2603.065648758527,0.4866346746519262,OnTrack,-3144.0,15262.0,7337.0
2026-09-13 14:22:41.959,0 days 02:16:51.519000,87,347.7100000000005,0 days 00:00:46.503000,10117.0,224.0,6,64.0,False,0,car,2612.878333333333,0.48846912418561356,OnTrack,-3057.5741396113194,15312.540586868257,7331.476860342728
2026-09-13 14:22:42.061,0 days 02:16:51.621000,87,349.1833314844448,0 days 00:00:46.605000,10160.85994496,224.0,6,64.0,False,0,pos,2619.212341975232,0.48965324654386566,OnTrack,-3001.0,15340.0,7328.0
2026-09-13 14:22:42.159,0 days 02:16:51.719000,87,350.5988888888892,0 days 00:00:46.703000,10203.0,224.0,6,64.0,False,0,car,2625.322777777778,0.49079557268541785,OnTrack,-2947.7974190780988,15362.374616887771,7325.623267192224
2026-09-13 14:22:42.341,0 days 02:16:51.901000,87,353.12666488888965,0 days 00:00:46.885000,10203.0,226.72999808,6,69.45999616,False,0,pos,2636.7927348322287,0.49293984393041174,OnTrack,-2835.0,15396.0,7322.0
2026-09-13 14:22:42.359,0 days 02:16:51.919000,87,353.37666666666746,0 days 00:00:46.903000,10203.0,227.0,6,70.0,False,0,car,2637.9338888888888,0.4931531789776301,OnTrack,-2821.0863600618827,15399.02523046281,7321.518905642957
2026-09-13 14:22:42.541,0 days 02:16:52.101000,87,355.8538876405683,0 days 00:00:47.085000,10374.227328045325,228.70093372230454,6,87.00933722304542,False,0,pos,2649.531322059213,0.49532128146875626,OnTrack,-2672.0,15425.0,7316.0
2026-09-13 14:22:42.680,0 days 02:16:52.240000,87,357.7458333333343,0 days 00:00:47.224000,10505.0,230.0,6,100.0,False,0,car,2658.442222222222,0.49698714533344585,OnTrack,-2605.0297224834862,15434.28033840803,7312.999856002758
2026-09-13 14:22:42.841,0 days 02:16:52.401000,87,359.8030547377786,0 days 00:00:47.385000,10576.718153309092,231.09772683636365,6,100.0,False,0,pos,2668.8047598871085,0.4989243881177473,OnTrack,-2518.0,15430.0,7311.0
2026-09-13 14:22:43.061,0 days 02:16:52.621000,87,362.6141658488895,0 days 00:00:47.605000,10674.718153309092,232.59772683636365,6,100.0,False,0,pos,2683.0647102259204,0.5015902395521857,OnTrack,-2284.0,15399.0,7310.0
2026-09-13 14:22:43.120,0 days 02:16:52.680000,87,363.3680555555561,0 days 00:00:47.664000,10701.0,233.0,6,100.0,False,0,car,2686.92,0.5023109734629086,OnTrack,-2237.856462104518,15391.195265471226,7309.777923678857
2026-09-13 14:22:43.280,0 days 02:16:52.840000,87,365.2347222222229,0 days 00:00:47.824000,10701.0,237.0,6,100.0,False,0,car,2697.4533333333334,0.5042801459431001,OnTrack,-2172.9318427548887,15374.550399398615,7309.088372629324
2026-09-13 14:22:43.480,0 days 02:16:53.040000,87,367.3458333333333,0 days 00:00:48.024000,10937.0,241.0,6,100.0,False,0,car,2710.8422222222225,0.5067831552665502,OnTrack,-2107.4817085342283,15343.222375565343,7308.9965657776065
2026-09-13 14:22:43.481,0 days 02:16:53.041000,87,367.3555549333333,0 days 00:00:48.025000,10937.291648,241.0124992,6,100.0,False,0,pos,2710.9095839342976,0.5067957483199967,OnTrack,-2107.0,15343.0,7309.0
2026-09-13 14:22:43.720,0 days 02:16:53.280000,87,369.6791666666668,0 days 00:00:48.264000,11007.0,244.0,6,100.0,False,0,car,2727.1088888888894,0.50982415580558,OnTrack,-1961.6170504438674,15273.34131212793,7310.986350044255
2026-09-13 14:22:43.721,0 days 02:16:53.281000,87,369.6877772266668,0 days 00:00:48.265000,11007.5821056,244.0107136,6,100.0,False,0,pos,2727.177124757632,0.5098369122797786,OnTrack,-1961.0,15273.0,7311.0
2026-09-13 14:22:43.960,0 days 02:16:53.520000,87,371.7458333333338,0 days 00:00:48.504000,11146.714285714286,246.57142857142858,6,100.0,False,0,pos,2743.574823214908,0.5129024087867923,OnTrack,-1824.0,15182.0,7316.0
2026-09-13 14:22:44.000,0 days 02:16:53.560000,87,372.0902777777783,0 days 00:00:48.544000,11170.0,247.0,6,100.0,False,0,car,2746.32,0.5134156106771528,OnTrack,-1802.487031011237,15165.023003537295,7317.345168534851
2026-09-13 14:22:44.120,0 days 02:16:53.680000,87,373.123611111111,0 days 00:00:48.664000,11180.8,247.0,6,100.0,False,0,pos,2754.5428965001543,0.514952854490023,OnTrack,-1740.0,15111.0,7322.0
2026-09-13 14:22:44.200,0 days 02:16:53.760000,87,373.81249999999955,0 days 00:00:48.744000,11188.0,247.0,6,100.0,False,0,car,2760.042222222223,0.5159809355854191,OnTrack,-1700.1180917723207,15072.189385178719,7325.061132294651
2026-09-13 14:22:44.340,0 days 02:16:53.900000,87,374.9013886391073,0 days 00:00:48.884000,11221.62006397246,248.5053759987668,6,100.0,False,0,pos,2769.7393425689143,0.5177937807617301,OnTrack,-1635.0,15001.0,7330.0
2026-09-13 14:22:44.479,0 days 02:16:54.039000,87,375.98249999999916,0 days 00:00:49.023000,11255.0,250.0,6,100.0,False,0,car,2779.4172222222232,0.5196030289528599,OnTrack,-1578.2472791029352,14929.54072412897,7334.0497742175685
2026-09-13 14:22:44.560,0 days 02:16:54.120000,87,376.5899995199993,0 days 00:00:49.104000,11255.0,250.5062496,6,100.0,False,0,pos,2785.060540918148,0.5206580290673819,OnTrack,-1545.0,14879.0,7337.0
2026-09-13 14:22:44.639,0 days 02:16:54.199000,87,377.18249999999944,0 days 00:00:49.183000,11255.0,251.0,6,100.0,False,0,car,2790.5727777777784,0.5216885238580414,OnTrack,-1510.5954204690634,14819.245084960818,7340.772990972081
2026-09-13 14:22:44.780,0 days 02:16:54.340000,87,378.16166622222164,0 days 00:00:49.324000,11332.94163128889,251.78333297777777,6,100.0,False,0,pos,2800.4447844266197,0.5235340634609369,OnTrack,-1453.0,14706.0,7348.0
2026-09-13 14:22:44.999,0 days 02:16:54.559000,87,379.68249999999944,0 days 00:00:49.543000,11454.0,253.0,6,100.0,False,0,car,2815.8727777777785,0.5264182767455899,OnTrack,-1405.742538428966,14584.847898219814,7354.092467491743
2026-09-13 14:22:45.140,0 days 02:16:54.700000,87,380.54416627555514,0 days 00:00:49.684000,11475.50249024,254.05749952,6,100.0,False,0,pos,2825.875111727423,0.5282881806143865,OnTrack,-1387.0,14506.0,7358.0
2026-09-13 14:22:45.300,0 days 02:16:54.860000,87,381.521944053333,0 days 00:00:49.844000,11499.90249024,255.25749952,6,100.0,False,0,pos,2837.2726605929975,0.5304189153834743,OnTrack,-1367.0,14394.0,7364.0
2026-09-13 14:22:45.399,0 days 02:16:54.959000,87,382.12694444444423,0 days 00:00:49.943000,11515.0,256.0,6,100.0,False,0,car,2844.317222222223,0.531735873316571,OnTrack,-1358.8870019336184,14324.107666478387,7366.414817985166
2026-09-13 14:22:45.460,0 days 02:16:55.020000,87,380.48333505777737,0 days 00:00:50.004000,11515.0,256.0,6,100.0,False,0,pos,2848.653387551789,0.5325465053516857,OnTrack,-1356.0,14281.0,7368.0
2026-09-13 14:22:45.599,0 days 02:16:55.159000,87,376.73805555555464,0 days 00:00:50.143000,11515.0,256.0,6,100.0,False,0,car,2858.5394444444455,0.5343946716020617,OnTrack,-1355.7650293959177,14181.21830128058,7373.29437552179
2026-09-13 14:22:45.680,0 days 02:16:55.240000,87,374.1955575644435,0 days 00:00:50.224000,11565.62496,256.40499968,6,100.0,False,0,pos,2864.322540274927,0.5354758025982351,OnTrack,-1359.0,14123.0,7376.0
2026-09-13 14:22:45.860,0 days 02:16:55.420000,87,368.54555756444347,0 days 00:00:50.404000,11678.12496,257.30499968,6,100.0,False,0,pos,2877.2307195756753,0.5378889448243501,OnTrack,-1374.0,13995.0,7379.0
2026-09-13 14:22:45.999,0 days 02:16:55.559000,87,364.182499999999,0 days 00:00:50.543000,11765.0,258.0,6,100.0,False,0,car,2887.206111111112,0.5397538118962535,OnTrack,-1393.6424852974426,13897.027010576696,7380.866482213662
2026-09-13 14:22:46.120,0 days 02:16:55.680000,87,360.2163909866656,0 days 00:00:50.664000,11335.4502272,258.5041664,6,100.0,False,0,pos,2895.882970858252,0.5413759226647866,OnTrack,-1416.0,13812.0,7382.0
2026-09-13 14:22:46.239,0 days 02:16:55.799000,87,356.3158333333322,0 days 00:00:50.783000,10913.0,259.0,6,100.0,False,0,car,2904.472777777779,0.5429817591897319,OnTrack,-1442.2533820190367,13728.466921469095,7382.2542312196765
2026-09-13 14:22:46.320,0 days 02:16:55.880000,87,353.45833559110997,0 days 00:00:50.864000,10775.5532336,260.5187488,6,100.0,False,0,pos,2910.3864429286346,0.5440872996965799,OnTrack,-1461.0,13674.0,7382.0
2026-09-13 14:22:46.559,0 days 02:16:56.119000,87,345.0269444444434,0 days 00:00:51.103000,10370.0,265.0,6,100.0,False,0,car,2928.0283333333346,0.5473853938500756,OnTrack,-1524.395309673889,13516.071914625903,7378.677636869695
2026-09-13 14:22:46.580,0 days 02:16:56.140000,87,344.2919466844434,0 days 00:00:51.124000,10370.0,265.0,6,100.0,False,0,pos,2929.577455865834,0.5476749972797695,OnTrack,-1533.0,13498.0,7378.0
2026-09-13 14:22:46.799,0 days 02:16:56.359000,87,336.6269444444433,0 days 00:00:51.343000,10370.0,265.0,7,100.0,False,0,car,2945.6950000000015,0.5506881198453335,OnTrack,-1651.8495718265604,13268.780270010524,7367.401365867363
2026-09-13 14:22:46.860,0 days 02:16:56.420000,87,334.49194668444346,0 days 00:00:51.404000,10444.41992192,265.0,7,100.0,False,0,pos,2950.1702608509313,0.5515247553367254,OnTrack,-1677.0,13222.0,7365.0
2026-09-13 14:22:46.999,0 days 02:16:56.559000,87,329.6269444444438,0 days 00:00:51.543000,10614.0,265.0,7,100.0,False,0,car,2960.4172222222232,0.5534403915080481,OnTrack,-1705.2323574745665,13171.256831617206,7361.9978065497035
2026-09-13 14:22:47.140,0 days 02:16:56.700000,87,324.61361338666603,0 days 00:00:51.684000,10681.8562192,270.2874976,7,100.0,False,0,pos,2971.0279664935265,0.5554240357118521,OnTrack,-1731.0,13132.0,7360.0
2026-09-13 14:22:47.159,0 days 02:16:56.719000,87,323.9380555555549,0 days 00:00:51.703000,10691.0,271.0,7,100.0,False,0,car,2972.461666666668,0.5556920613060731,OnTrack,-1737.2518522902394,13122.410194711452,7359.619355015188
2026-09-13 14:22:47.300,0 days 02:16:56.860000,87,319.19889103999964,0 days 00:00:51.844000,10691.0,271.0,7,100.0,False,0,pos,2983.0839249042488,0.5576778580085032,OnTrack,-1797.0,13031.0,7356.0
2026-09-13 14:22:47.399,0 days 02:16:56.959000,87,315.87138888888876,0 days 00:00:51.943000,10691.0,271.0,7,100.0,False,0,car,2990.528333333334,0.5590695660031102,OnTrack,-1836.6341863559649,12971.764850881458,7352.6950975480495
2026-09-13 14:22:47.520,0 days 02:16:57.080000,87,312.0397242488886,0 days 00:00:52.064000,10691.0,271.0,7,100.0,False,0,pos,2999.6153906289874,0.5607683618720205,OnTrack,-1892.0,12895.0,7348.0
2026-09-13 14:22:47.639,0 days 02:16:57.199000,87,308.2713888888884,0 days 00:00:52.183000,10691.0,271.0,7,100.0,False,0,car,3008.5950000000007,0.5624470707001473,OnTrack,-1970.2241107678879,12795.423206433412,7342.920297294935
2026-09-13 14:22:47.740,0 days 02:16:57.300000,87,305.24139080888847,0 days 00:00:52.284000,10723.8249792,272.40277688888887,7,100.0,False,0,pos,3016.291873205995,0.56388597616541,OnTrack,-2045.0,12704.0,7339.0
2026-09-13 14:22:47.999,0 days 02:16:57.559000,87,297.47138888888867,0 days 00:00:52.543000,10808.0,276.0,7,100.0,False,0,car,3036.1950000000006,0.5676068011229274,OnTrack,-2230.4377079321507,12488.17991668209,7333.153391247973
2026-09-13 14:22:48.100,0 days 02:16:57.660000,87,294.778057262222,0 days 00:00:52.644000,10790.685725257143,275.63928594285716,7,100.0,False,0,pos,3043.921542920784,0.5690512532450753,OnTrack,-2285.0,12426.0,7332.0
2026-09-13 14:22:48.279,0 days 02:16:57.839000,87,290.004722222222,0 days 00:00:52.823000,10760.0,275.0,7,100.0,False,0,car,3057.5838888888898,0.571605384481966,OnTrack,-2344.724598569704,12358.140600051476,7331.088486946087
2026-09-13 14:22:48.501,0 days 02:16:58.061000,87,284.454725422222,0 days 00:00:53.045000,10750.01000576,275.55499968,7,100.0,False,0,pos,3074.560235146372,0.574779057317197,OnTrack,-2426.0,12265.0,7331.0
2026-09-13 14:22:48.661,0 days 02:16:58.221000,87,280.454725422222,0 days 00:00:53.205000,10742.81000576,275.95499968,7,100.0,False,0,pos,3086.8612590097955,0.5770786938048583,OnTrack,-2536.0,12138.0,7331.0
2026-09-13 14:22:48.679,0 days 02:16:58.239000,87,280.004722222222,0 days 00:00:53.223000,10742.0,276.0,7,100.0,False,0,car,3088.2505555555563,0.5773384182850549,OnTrack,-2546.508178289972,12125.838195136579,7331.052914351728
2026-09-13 14:22:48.941,0 days 02:16:58.501000,87,274.7647247822219,0 days 00:00:53.485000,10727.2625072,276.0,7,100.0,False,0,pos,3108.4550419217435,0.5811155814365137,OnTrack,-2645.0,12011.0,7333.0
2026-09-13 14:22:48.999,0 days 02:16:58.559000,87,273.6047222222219,0 days 00:00:53.543000,10724.0,276.0,7,100.0,False,0,car,3112.7838888888896,0.5819248453275261,OnTrack,-2665.4019421681423,11987.026104676692,7333.508869935587
2026-09-13 14:22:49.981,0 days 02:16:59.541000,87,268.14916706630964,0 days 00:00:54.525000,9301.37030938778,230.44781778827863,7,12.399649592843506,False,0,pos,3174.9458868419897,0.5935458290948958,OnTrack,-3091.0,11427.0,7342.0
2026-09-13 14:22:50.120,0 days 02:16:59.680000,87,267.37694444444423,0 days 00:00:54.664000,9100.0,224.0,6,0.0,True,0,car,3182.5350000000008,0.5949645891689288,OnTrack,-3144.6250180657894,11329.659091081037,7343.014857581516
2026-09-13 14:22:50.281,0 days 02:16:59.841000,87,268.9422215999997,0 days 00:00:54.825000,9696.50476288,207.49750656,6,0.0,True,0,pos,3191.0301513535305,0.5965527301430203,OnTrack,-3195.0,11232.0,7344.0
2026-09-13 14:22:50.520,0 days 02:17:00.080000,87,271.2658333333329,0 days 00:00:55.064000,10582.0,183.0,5,0.0,True,0,car,3202.868333333334,0.598765839842716,OnTrack,-3231.4190915136755,11157.775184646796,7344.833091913887
2026-09-13 14:22:50.640,0 days 02:17:00.200000,87,272.9658333333329,0 days 00:00:55.184000,10244.125,174.375,5,0.0,True,0,pos,3208.349523007382,0.5997905304627961,OnTrack,-3247.0,11120.0,7345.0
2026-09-13 14:22:50.840,0 days 02:17:00.400000,87,275.7991666666662,0 days 00:00:55.384000,9681.0,160.0,4,0.0,True,0,pos,3217.090555555556,0.6014246381282066,OnTrack,-3280.0,11033.0,7345.0
2026-09-13 14:22:51.020,0 days 02:17:00.580000,87,279.1991657562066,0 days 00:00:55.564000,9879.828398640095,156.98744850545313,4,0.0,True,0,pos,3224.9582154494233,0.6028954716104701,OnTrack,-3304.0,10959.0,7345.0
2026-09-13 14:22:51.079,0 days 02:17:00.639000,87,280.3136111111112,0 days 00:00:55.623000,9945.0,156.0,4,0.0,True,0,car,3227.4472222222225,0.6033607833484455,OnTrack,-3310.8192400888056,10928.904418490569,7344.992749809228
2026-09-13 14:22:51.280,0 days 02:17:00.840000,87,284.7802763555554,0 days 00:00:55.824000,10307.637384533333,145.9500032,4,0.0,True,0,pos,3235.492930719998,0.6048649024393438,OnTrack,-3329.0,10819.0,7345.0
2026-09-13 14:22:51.319,0 days 02:17:00.879000,87,285.6469444444442,0 days 00:00:55.863000,10378.0,144.0,4,0.0,True,0,car,3237.0472222222224,0.6051554721911515,OnTrack,-3331.0447837719753,10803.466718460675,7345.03188409888
2026-09-13 14:22:51.599,0 days 02:17:01.159000,87,291.86916666666684,0 days 00:00:56.143000,9818.0,144.0,3,0.0,False,0,car,3248.2472222222223,0.6072492758409753,OnTrack,-3329.2172413007193,10735.66246855927,7345.161598343968
2026-09-13 14:22:51.640,0 days 02:17:01.200000,87,292.9397205511113,0 days 00:00:56.184000,9757.14072,142.2062528,3,1.5374976,False,0,pos,3249.8009309108297,0.6075397366376689,OnTrack,-3326.0,10723.0,7345.0
2026-09-13 14:22:51.919,0 days 02:17:01.479000,87,300.2247222222222,0 days 00:00:56.463000,9343.0,130.0,3,12.0,False,0,car,3259.802777777778,0.6094095494479363,OnTrack,-3286.3002302703135,10605.908985837616,7342.544951283661
2026-09-13 14:22:51.980,0 days 02:17:01.540000,87,301.969998168889,0 days 00:00:56.524000,9426.04309469091,130.13863621818183,3,18.377266036363636,False,0,pos,3261.974440921432,0.6098155348243979,OnTrack,-3277.0,10585.0,7342.0
2026-09-13 14:22:52.280,0 days 02:17:01.840000,87,310.55333150222265,0 days 00:00:56.824000,9834.4521856,130.8204544,3,49.7409024,False,0,pos,3272.8278339864587,0.6118445414326592,OnTrack,-3229.0,10522.0,7340.0
2026-09-13 14:22:52.359,0 days 02:17:01.919000,87,312.81361111111164,0 days 00:00:56.903000,9942.0,131.0,3,58.0,False,0,car,3275.813888888889,0.6124027747052737,OnTrack,-3208.6400514701286,10501.974287394096,7339.546771217018
2026-09-13 14:22:52.440,0 days 02:17:02,87,314.9961093866671,0 days 00:00:56.984000,10252.63475456,134.64499712,3,62.85999616,False,0,pos,3278.943920598062,0.6129879239746246,OnTrack,-3185.0,10480.0,7339.0
2026-09-13 14:22:52.559,0 days 02:17:02.119000,87,318.2025000000003,0 days 00:00:57.103000,10709.0,140.0,3,70.0,False,0,car,3283.5916666666667,0.6138568050176514,OnTrack,-3148.2025269970045,10449.073760161293,7337.862793864671
2026-09-13 14:22:52.719,0 days 02:17:02.279000,87,322.55805555555617,0 days 00:00:57.263000,10762.0,140.0,3,71.0,False,0,car,3289.813888888889,0.6150200292675535,OnTrack,-3096.6862167217314,10408.46171050027,7336.172484220097
2026-09-13 14:22:52.740,0 days 02:17:02.300000,87,323.0655540088895,0 days 00:00:57.284000,10813.599842742857,140.89999725714284,3,71.59999817142857,False,0,pos,3290.656055103673,0.6151774695081138,OnTrack,-3090.0,10403.0,7336.0
2026-09-13 14:22:52.900,0 days 02:17:02.460000,87,326.932220675556,0 days 00:00:57.444000,11206.742699885714,147.7571401142857,3,76.17142674285714,False,0,pos,3297.334491675833,0.6164259815500694,OnTrack,-3039.0,10361.0,7335.0
2026-09-13 14:22:52.999,0 days 02:17:02.559000,87,329.3247222222226,0 days 00:00:57.543000,11450.0,152.0,3,79.0,False,0,car,3301.636111111111,0.6172301553423675,OnTrack,-3005.5469320635984,10336.378119406743,7334.4320275017435
2026-09-13 14:22:53.060,0 days 02:17:02.620000,87,330.61249864888924,0 days 00:00:57.604000,11405.203172,154.2874976,3,82.4312464,False,0,pos,3304.3374971912353,0.6177351707025592,OnTrack,-2984.0,10321.0,7334.0
2026-09-13 14:22:53.280,0 days 02:17:02.840000,87,335.25694309333363,0 days 00:00:57.824000,11243.640672,162.5374976,3,94.8062464,False,0,pos,3314.387925235018,0.6196140656061631,OnTrack,-2905.0,10264.0,7332.0
2026-09-13 14:22:53.319,0 days 02:17:02.879000,87,336.08027777777806,0 days 00:00:57.863000,11215.0,164.0,3,97.0,False,0,car,3316.213888888889,0.6199554235849953,OnTrack,-2893.1567977322247,10255.473152441971,7331.786652561586
2026-09-13 14:22:53.479,0 days 02:17:03.039000,87,339.14694444444467,0 days 00:00:58.023000,10866.0,171.0,3,97.0,False,0,car,3323.8138888888893,0.6213762189188045,OnTrack,-2852.3037309293727,10226.17090140571,7331.527204814308
2026-09-13 14:22:53.600,0 days 02:17:03.160000,87,341.3652766044447,0 days 00:00:58.144000,10866.0,172.5124992,3,98.1343744,False,0,pos,3329.589558324135,0.6224559615744913,OnTrack,-2805.0,10191.0,7331.0
2026-09-13 14:22:53.799,0 days 02:17:03.359000,87,345.01361111111146,0 days 00:00:58.343000,10866.0,175.0,4,100.0,False,0,car,3339.369444444445,0.6242842795435597,OnTrack,-2689.492115230535,10103.37418304767,7329.007992460823
2026-09-13 14:22:53.800,0 days 02:17:03.360000,87,345.02805463111144,0 days 00:00:58.344000,10871.249664,175.0874944,4,100.0,False,0,pos,3339.420623771762,0.6242938473526966,OnTrack,-2689.0,10103.0,7329.0
2026-09-13 14:22:53.959,0 days 02:17:03.519000,87,347.3247222222226,0 days 00:00:58.503000,11706.0,189.0,4,100.0,False,0,car,3347.7694444444446,0.6258546322809275,OnTrack,-2633.087288619386,10060.490480093606,7328.283902961322
2026-09-13 14:22:54.180,0 days 02:17:03.740000,87,350.3327769066672,0 days 00:00:58.724000,12023.687408,192.68333226666667,4,100.0,False,0,pos,3359.6030224629335,0.6280668812849975,OnTrack,-2578.0,10019.0,7328.0
2026-09-13 14:22:54.199,0 days 02:17:03.759000,87,350.59138888888947,0 days 00:00:58.743000,12051.0,193.0,4,100.0,False,0,car,3360.6361111111114,0.6282600138548322,OnTrack,-2570.9284943310995,10013.704548454294,7327.936126821746
2026-09-13 14:22:54.380,0 days 02:17:03.940000,87,352.70305480888993,0 days 00:00:58.924000,11022.3170304,198.2791648,4,99.2458336,False,0,pos,3370.635312299463,0.6301293320640725,OnTrack,-2490.0,9953.0,7327.0
2026-09-13 14:22:54.439,0 days 02:17:03.999000,87,353.3913888888901,0 days 00:00:58.983000,10687.0,200.0,4,99.0,False,0,car,3373.9694444444444,0.6307526372474795,OnTrack,-2463.103851187923,9932.574479639228,7326.5715477306685
2026-09-13 14:22:54.520,0 days 02:17:04.080000,87,354.1788882666677,0 days 00:00:59.064000,10687.0,203.23999744,4,99.0,False,0,pos,3378.612756835995,0.6316206894289706,OnTrack,-2427.0,9905.0,7326.0
2026-09-13 14:22:54.639,0 days 02:17:04.199000,87,355.335833333334,0 days 00:00:59.183000,10687.0,208.0,5,99.0,False,0,car,3385.525,0.6329129108544407,OnTrack,-2376.2895694559566,9866.192200378731,7325.506667023696
2026-09-13 14:22:54.781,0 days 02:17:04.341000,87,356.63749882666735,0 days 00:00:59.325000,10687.0,209.7749984,5,99.0,False,0,pos,3393.8082166667455,0.6344614313266829,OnTrack,-2311.0,9811.0,7325.0
2026-09-13 14:22:54.799,0 days 02:17:04.359000,87,356.8025000000007,0 days 00:00:59.343000,10687.0,210.0,5,99.0,False,0,car,3394.8583333333336,0.6346577472292939,OnTrack,-2301.591098847446,9802.26900175419,7324.900211500405
2026-09-13 14:22:55.039,0 days 02:17:04.599000,87,358.9358333333348,0 days 00:00:59.583000,11327.0,211.0,5,72.0,False,0,car,3408.9249999999997,0.6372874649085368,OnTrack,-2166.2953431307355,9663.767449814502,7323.169164220917
2026-09-13 14:22:55.081,0 days 02:17:04.641000,87,359.22749911111254,0 days 00:00:59.625000,11354.0374176,211.87499733333334,5,74.44999253333333,False,0,pos,3411.438632132523,0.6377573802775897,OnTrack,-2149.0,9644.0,7323.0
2026-09-13 14:22:55.361,0 days 02:17:04.921000,87,361.1719435555568,0 days 00:00:59.905000,11534.2874176,217.70833066666665,5,90.78332586666667,False,0,pos,3428.654420197639,0.6409758159816371,OnTrack,-2090.0,9555.0,7323.0
2026-09-13 14:22:55.519,0 days 02:17:05.079000,87,362.26916666666784,0 days 00:01:00.063000,11636.0,221.0,5,100.0,False,0,car,3438.3916666666664,0.6427961626062875,OnTrack,-2052.662991027337,9489.17431393943,7322.4719598810125
2026-09-13 14:22:55.661,0 days 02:17:05.221000,87,363.2947215313575,0 days 00:01:00.205000,11507.644214580889,221.0,5,100.0,False,0,pos,3447.0498922690344,0.6444147897819336,OnTrack,-2015.0,9386.0,7322.0
2026-09-13 14:22:55.800,0 days 02:17:05.360000,87,364.2986111111127,0 days 00:01:00.344000,11382.0,221.0,5,100.0,False,0,car,3455.641944444444,0.6460210460501791,OnTrack,-1980.1488620297243,9230.031383401423,7321.971473863196
2026-09-13 14:22:55.841,0 days 02:17:05.401000,87,364.435277564446,0 days 00:01:00.385000,11241.746052266666,222.87916373333334,5,100.0,False,0,pos,3458.2357084010387,0.64650594180367,OnTrack,-1972.0,9188.0,7322.0
2026-09-13 14:22:56.040,0 days 02:17:05.600000,87,365.0986111111124,0 days 00:01:00.584000,10561.0,232.0,5,100.0,False,0,car,3471.108611111111,0.64891248918565,OnTrack,-1952.2024516062113,9058.648646040521,7322.224299083139
2026-09-13 14:22:56.240,0 days 02:17:05.800000,87,365.59861111111286,0 days 00:01:00.784000,10689.0,235.0,6,100.0,False,0,car,3484.164166666666,0.6513531829242839,OnTrack,-1954.8307516315094,9001.43545608135,7322.296880241016
2026-09-13 14:22:56.341,0 days 02:17:05.901000,87,365.823055413335,0 days 00:01:00.885000,10701.624992,235.6312496,6,100.0,False,0,pos,3490.7675741523094,0.6525876685220261,OnTrack,-1955.0,8952.0,7322.0
2026-09-13 14:22:56.400,0 days 02:17:05.960000,87,365.95416666666824,0 days 00:01:00.944000,10709.0,236.0,6,100.0,False,0,car,3494.653055555555,0.6533140466598332,OnTrack,-1954.5467224095576,8915.78854705432,7321.717563862841
2026-09-13 14:22:56.501,0 days 02:17:06.061000,87,364.57944531555705,0 days 00:01:01.045000,10790.1155736,237.8937488,6,100.0,False,0,pos,3501.3826780800086,0.6545721277494436,OnTrack,-1953.0,8847.0,7321.0
2026-09-13 14:22:56.601,0 days 02:17:06.161000,87,363.21833420444585,0 days 00:01:01.145000,10870.4280736,239.7687488,6,100.0,False,0,pos,3508.1331334146057,0.6558341034652966,OnTrack,-1951.0,8780.0,7320.0
2026-09-13 14:22:56.720,0 days 02:17:06.280000,87,361.5986111111124,0 days 00:01:01.264000,10966.0,242.0,6,100.0,False,0,car,3516.164166666666,0.6573354790666376,OnTrack,-1949.3865143510368,8694.620179113295,7319.132008934966
2026-09-13 14:22:56.920,0 days 02:17:06.480000,87,358.09861111111286,0 days 00:01:01.464000,11080.0,243.0,6,100.0,False,0,car,3529.6641666666656,0.659859260251693,OnTrack,-1947.052957013464,8538.019108376791,7318.244146242582
2026-09-13 14:22:56.961,0 days 02:17:06.521000,87,356.9825017422239,0 days 00:01:01.505000,11108.979500218182,243.83863505454545,6,100.0,False,0,pos,3532.4739426891265,0.6603845387598195,OnTrack,-1946.0,8505.0,7318.0
2026-09-13 14:22:57.360,0 days 02:17:06.920000,87,346.12083333333476,0 days 00:01:01.904000,11391.0,252.0,6,100.0,False,0,pos,3560.4641666666657,0.6656172202887085,OnTrack,-1927.0,8199.0,7315.0
2026-09-13 14:22:57.560,0 days 02:17:07.120000,87,340.2319444444465,0 days 00:01:02.104000,11422.0,252.0,6,80.0,False,0,car,3574.4641666666653,0.6682344748509882,OnTrack,-1916.4157432541983,8107.946549653494,7314.529590925069
2026-09-13 14:22:57.700,0 days 02:17:07.260000,87,335.098612140998,0 days 00:01:02.244000,11415.855800605732,252.87774277060961,6,67.71160121146559,False,0,pos,3584.34200156246,0.6700811040257357,OnTrack,-1900.0,8034.0,7314.0
2026-09-13 14:22:57.879,0 days 02:17:07.439000,87,328.5352777777798,0 days 00:01:02.423000,11408.0,254.0,6,52.0,False,0,car,3596.9713888888878,0.672442126997085,OnTrack,-1860.8554110092964,7894.174593856217,7312.485720547544
2026-09-13 14:22:57.960,0 days 02:17:07.520000,87,325.5427801422245,0 days 00:01:02.504000,11408.0,252.4812512,6,52.0,False,0,pos,3602.629953038805,0.673499977199751,OnTrack,-1841.0,7833.0,7312.0
2026-09-13 14:22:58.039,0 days 02:17:07.599000,87,322.6241666666692,0 days 00:01:02.583000,11408.0,251.0,6,52.0,False,0,car,3608.126944444443,0.6745276219022666,OnTrack,-1822.0179507774617,7781.482951647089,7311.832250709368
2026-09-13 14:22:58.239,0 days 02:17:07.799000,87,315.29083333333574,0 days 00:01:02.783000,11408.0,250.0,6,52.0,False,0,car,3622.015833333332,0.677124104602941,OnTrack,-1772.3667335665411,7676.551652554833,7312.172013415528
2026-09-13 14:22:58.300,0 days 02:17:07.860000,87,312.9186136000024,0 days 00:01:02.844000,11367.968792,250.0,6,50.4750016,False,0,pos,3626.259278120407,0.6779174028335663,OnTrack,-1754.0,7643.0,7312.0
2026-09-13 14:22:58.399,0 days 02:17:07.959000,87,309.06861111111357,0 days 00:01:02.943000,11303.0,250.0,6,48.0,False,0,car,3633.126944444443,0.6792012907634805,OnTrack,-1720.3396872017704,7584.926729396527,7311.341774094427
2026-09-13 14:22:58.460,0 days 02:17:08.020000,87,306.6794469511136,0 days 00:01:03.004000,11258.47004672,249.08500096,6,48.45749952,False,0,pos,3637.3194417001323,0.6799850645184662,OnTrack,-1698.0,7549.0,7311.0
2026-09-13 14:22:58.700,0 days 02:17:08.260000,87,297.2794469511137,0 days 00:01:03.244000,11083.27004672,245.48500096,6,50.25749952,False,0,pos,3653.562444387394,0.6830216411533487,OnTrack,-1602.0,7417.0,7311.0
2026-09-13 14:22:58.799,0 days 02:17:08.359000,87,293.40194444444705,0 days 00:01:03.343000,11011.0,244.0,6,51.0,False,0,car,3660.238055555554,0.6842696249951968,OnTrack,-1558.1910925734064,7366.214577739822,7310.637717611145
2026-09-13 14:22:58.980,0 days 02:17:08.540000,87,286.26250252444703,0 days 00:01:03.524000,10974.34751296,243.54750016,6,56.88249792,False,0,pos,3672.4591306798357,0.6865543153255531,OnTrack,-1472.0,7279.0,7310.0
2026-09-13 14:22:59.199,0 days 02:17:08.759000,87,277.6241666666692,0 days 00:01:03.743000,10930.0,243.0,6,64.0,False,0,car,3687.238055555554,0.6893171873653078,OnTrack,-1358.538964587043,7184.402668421047,7311.000861828939
2026-09-13 14:22:59.200,0 days 02:17:08.760000,87,277.58611354666925,0 days 00:01:03.744000,10929.8968816,242.9968752,6,64.0031248,False,0,pos,3687.3054092792454,0.6893297789253519,OnTrack,-1358.0,7184.0,7311.0
2026-09-13 14:22:59.380,0 days 02:17:08.940000,87,270.7361135466691,0 days 00:01:03.924000,10911.3343816,242.4343752,6,64.5656248,False,0,pos,3699.411300479272,0.691592935994904,OnTrack,-1258.0,7116.0,7310.0
2026-09-13 14:22:59.519,0 days 02:17:09.079000,87,265.4463888888913,0 days 00:01:04.063000,10897.0,242.0,6,65.0,False,0,car,3708.749166666665,0.6933386197721122,OnTrack,-1176.7185790840288,7069.7252738589905,7309.947653818356
2026-09-13 14:22:59.580,0 days 02:17:09.140000,87,263.20972456889126,0 days 00:01:04.124000,10917.5874784,242.0,6,67.2874976,False,0,pos,3712.847418240611,0.6941047746027751,OnTrack,-1140.0,7051.0,7310.0
2026-09-13 14:22:59.679,0 days 02:17:09.239000,87,259.5797222222245,0 days 00:01:04.223000,10951.0,242.0,6,71.0,False,0,car,3719.5047222222206,0.6953493359755144,OnTrack,-1079.1110069838294,7022.625800425501,7310.003200456001
2026-09-13 14:22:59.700,0 days 02:17:09.260000,87,258.83305783111336,0 days 00:01:04.244000,10952.799994514286,242.07499977142857,6,71.67499794285715,False,0,pos,3720.919075469685,0.6956137447247717,OnTrack,-1066.0,7017.0,7310.0
2026-09-13 14:22:59.900,0 days 02:17:09.460000,87,251.72194672000214,0 days 00:01:04.444000,10969.942851657142,242.7892854857143,6,78.10356937142858,False,0,pos,3734.421119808473,0.6981379080923287,OnTrack,-940.0,6971.0,7310.0
2026-09-13 14:22:59.959,0 days 02:17:09.519000,87,249.62416666666877,0 days 00:01:04.503000,10975.0,243.0,6,80.0,False,0,car,3738.4047222222207,0.6988826296345921,OnTrack,-904.3846002487754,6960.093206987098,7310.026332140874
2026-09-13 14:23:00.100,0 days 02:17:09.660000,87,244.88500215111324,0 days 00:01:04.644000,10975.0,243.0,6,87.9312464,False,0,pos,3747.9208070788623,0.7006616308135983,OnTrack,-809.0,6938.0,7310.0
2026-09-13 14:23:00.119,0 days 02:17:09.679000,87,244.24638888889103,0 days 00:01:04.663000,10975.0,243.0,6,89.0,False,0,car,3749.2047222222204,0.7009016545826364,OnTrack,-792.552133784932,6935.282933635012,7309.961223074528
2026-09-13 14:23:00.359,0 days 02:17:09.919000,87,236.91305555555755,0 days 00:01:04.903000,11043.0,244.0,6,100.0,False,0,car,3765.4713888888878,0.7039426551216663,OnTrack,-550.7921161231064,6908.069000183292,7309.00339391458
2026-09-13 14:23:00.360,0 days 02:17:09.920000,87,236.88472403555755,0 days 00:01:04.904000,11043.0916608,244.0041664,6,100.0,False,0,pos,3765.5393160724143,0.7039553538881653,OnTrack,-550.0,6908.0,7309.0
2026-09-13 14:23:00.599,0 days 02:17:10.159000,87,230.11305555555782,0 days 00:01:05.143000,11065.0,245.0,6,100.0,False,0,car,3781.804722222221,0.7069961187776593,OnTrack,-439.99237983504577,6903.14443341166,7308.522193649015
2026-09-13 14:23:00.740,0 days 02:17:10.300000,87,226.47055720889094,0 days 00:01:05.284000,11090.37998848,245.70499968,6,100.0,False,0,pos,3791.4257312406253,0.7087947351881702,OnTrack,-377.0,6904.0,7308.0
2026-09-13 14:23:00.799,0 days 02:17:10.359000,87,224.94638888889085,0 days 00:01:05.343000,11101.0,246.0,6,100.0,False,0,car,3795.4713888888878,0.709551057755123,OnTrack,-339.79050087780206,6904.060971617281,7307.642422911486
2026-09-13 14:23:00.900,0 days 02:17:10.460000,87,222.30916833777965,0 days 00:01:05.444000,11101.0,246.6312496,6,100.0,False,0,pos,3802.43041781876,0.710852025627676,OnTrack,-267.0,6904.0,7307.0
2026-09-13 14:23:00.959,0 days 02:17:10.519000,87,220.76861111111293,0 days 00:01:05.503000,11101.0,247.0,6,100.0,False,0,car,3806.4491666666654,0.711603317681736,OnTrack,-224.0725591412156,6904.073156755514,7306.74324826947
2026-09-13 14:23:01.239,0 days 02:17:10.799000,87,215.5575000000017,0 days 00:01:05.783000,10790.0,237.0,6,10.0,True,0,car,3824.882499999999,0.715049369522071,OnTrack,-25.565385797102657,6905.762751140837,7306.104158994129
2026-09-13 14:23:01.260,0 days 02:17:10.820000,87,215.1666678577795,0 days 00:01:05.804000,10744.22013952,237.0,6,8.9500032,True,0,pos,3826.273786547575,0.7153094660266482,OnTrack,-12.0,6906.0,7306.0
2026-09-13 14:23:01.439,0 days 02:17:10.999000,87,211.83527777777954,0 days 00:01:05.983000,10354.0,237.0,6,0.0,True,0,car,3838.0491666666658,0.7175108351223103,OnTrack,94.65712616186693,6908.678387058289,7304.6560253430525
2026-09-13 14:23:01.561,0 days 02:17:11.121000,87,210.78472332444625,0 days 00:01:06.105000,9936.1504384,220.2250176,6,0.0,True,0,pos,3845.427013070122,0.7188900995622566,OnTrack,164.0,6911.0,7304.0
2026-09-13 14:23:01.599,0 days 02:17:11.159000,87,210.4575000000018,0 days 00:01:06.143000,9806.0,215.0,6,0.0,True,0,car,3847.604722222221,0.7192972152203743,OnTrack,185.775351784603,6911.78316339586,7303.929676330143
2026-09-13 14:23:01.781,0 days 02:17:11.341000,87,210.35638896000188,0 days 00:01:06.325000,9334.3169984,200.33889920000001,6,0.0,True,0,pos,3857.259203370056,0.7211020891368469,OnTrack,289.0,6917.0,7304.0
2026-09-13 14:23:01.959,0 days 02:17:11.519000,87,210.25750000000198,0 days 00:01:06.503000,8873.0,186.0,6,0.0,True,0,car,3866.204722222221,0.7227744248531173,OnTrack,381.24562190554883,6928.166163310318,7303.236930742747
2026-09-13 14:23:02.001,0 days 02:17:11.561000,87,210.35083304889085,0 days 00:01:06.545000,8860.61003776,186.0,6,0.0,True,0,pos,3868.3488480874757,0.7231752622247558,OnTrack,402.0,6932.0,7303.0
2026-09-13 14:23:02.159,0 days 02:17:11.719000,87,210.70194444444633,0 days 00:01:06.703000,8814.0,186.0,6,0.0,True,0,car,3876.5380555555544,0.724706207982419,OnTrack,477.08515904710407,6950.726422667982,7302.015043326005
2026-09-13 14:23:02.161,0 days 02:17:11.721000,87,210.70972172692268,0 days 00:01:06.705000,8821.084125957135,186.0,6,0.0,True,0,pos,3876.643115097509,0.7247258485228113,OnTrack,478.0,6951.0,7302.0
2026-09-13 14:23:02.360,0 days 02:17:11.920000,87,211.48361111111262,0 days 00:01:06.904000,9526.0,186.0,6,0.0,True,0,car,3886.923055555554,0.7266476500273673,OnTrack,564.4504911278833,6982.232333784138,7300.1090711370725
2026-09-13 14:23:02.461,0 days 02:17:12.021000,87,213.08277676444607,0 days 00:01:07.005000,9414.9000704,172.4281336,6,0.0,True,0,pos,3891.3862755629366,0.7274820345221373,OnTrack,606.0,7000.0,7299.0
2026-09-13 14:23:02.641,0 days 02:17:12.201000,87,215.9327767644463,0 days 00:01:07.185000,9216.9000704,148.2406336,6,0.0,True,0,pos,3898.2015276589855,0.7287561237822424,OnTrack,676.0,7033.0,7297.0
2026-09-13 14:23:02.680,0 days 02:17:12.240000,87,216.55027777777968,0 days 00:01:07.224000,9174.0,143.0,4,0.0,True,0,car,3899.6341666666654,0.7290239509950245,OnTrack,689.5188199624652,7039.9667589080855,7296.602352720088
2026-09-13 14:23:02.841,0 days 02:17:12.401000,87,220.08333192889063,0 days 00:01:07.385000,9399.3999104,131.73000448,4,0.0,True,0,pos,3905.4426040039966,0.7301098195036564,OnTrack,745.0,7070.0,7295.0
2026-09-13 14:23:02.880,0 days 02:17:12.440000,87,220.93916666666837,0 days 00:01:07.424000,9454.0,129.0,3,0.0,True,0,car,3906.8008333333323,0.7303637360685725,OnTrack,761.5218334395107,7078.686040638638,7294.557009094983
2026-09-13 14:23:03.081,0 days 02:17:12.641000,87,225.79666512000185,0 days 00:01:07.625000,9835.8998784,121.74166897777778,3,0.0,True,0,pos,3913.424288410418,0.7316019694984696,OnTrack,857.0,7126.0,7292.0
2026-09-13 14:23:03.240,0 days 02:17:12.800000,87,229.63916666666864,0 days 00:01:07.784000,10138.0,116.0,2,0.0,True,0,car,3918.4008333333322,0.7325323184201757,OnTrack,914.0127765639435,7148.115669314324,7290.005316039958
2026-09-13 14:23:03.400,0 days 02:17:12.960000,87,233.77250000000186,0 days 00:01:07.944000,9641.0,110.0,2,0.0,True,0,car,3923.289722222221,0.733446280330813,OnTrack,953.3873183929999,7158.716895557442,7288.369051099485
2026-09-13 14:23:03.461,0 days 02:17:13.021000,87,235.33138725333512,0 days 00:01:08.005000,9593.9156744,108.6656264,2,0.0,True,0,pos,3925.0932799246893,0.7337834495897502,OnTrack,965.0,7162.0,7288.0
2026-09-13 14:23:03.720,0 days 02:17:13.280000,87,241.95027777777932,0 days 00:01:08.264000,9394.0,103.0,2,0.0,False,0,car,3932.4452777777765,0.7351578817270976,OnTrack,1003.6538603147461,7169.321930247535,7287.361521899667
2026-09-13 14:23:03.761,0 days 02:17:13.321000,87,243.0094427911127,0 days 00:01:08.305000,9340.828208,102.6156256,2,0.0,False,0,pos,3933.594009313117,0.7353726333593623,OnTrack,1014.0,7168.0,7287.0
2026-09-13 14:23:04.040,0 days 02:17:13.600000,87,250.2169444444462,0 days 00:01:08.584000,8979.0,100.0,2,0.0,False,0,car,3941.3341666666656,0.7368196306555292,OnTrack,1119.4310967309084,7139.546199741566,7282.276203987729
2026-09-13 14:23:04.060,0 days 02:17:13.620000,87,250.74472222222397,0 days 00:01:08.604000,8979.0,99.75,2,0.0,False,0,pos,3941.8817973797672,0.73692200843998,OnTrack,1126.0,7137.0,7282.0
2026-09-13 14:23:04.200,0 days 02:17:13.760000,87,254.43916666666837,0 days 00:01:08.744000,8979.0,98.0,2,0.0,False,0,car,3945.689722222221,0.7376338876304607,OnTrack,1162.1284309192313,7118.748672427537,7280.695076828028
2026-09-13 14:23:04.519,0 days 02:17:14.079000,87,262.9458333333355,0 days 00:01:09.063000,9214.0,98.0,2,42.0,False,0,car,3954.3736111111098,0.7392573124742303,OnTrack,1204.1217186464105,7073.276827587505,7280.0772215146135
2026-09-13 14:23:04.540,0 days 02:17:14.100000,87,263.4883316800022,0 days 00:01:09.084000,9214.0,98.43749866666667,2,42.0,False,0,pos,3954.964808525942,0.7393678349121716,OnTrack,1207.0,7070.0,7280.0
2026-09-13 14:23:04.759,0 days 02:17:14.319000,87,269.14583333333576,0 days 00:01:09.303000,9214.0,103.0,2,42.0,False,0,car,3961.240277777776,0.7405410135214436,OnTrack,1240.6072554822247,7032.746260423763,7278.762539951079
2026-09-13 14:23:04.860,0 days 02:17:14.420000,87,271.7830538844469,0 days 00:01:09.404000,9708.8996864,103.0,2,47.55499648,False,0,pos,3964.0851681508902,0.7410728565434593,OnTrack,1260.0,7009.0,7278.0
2026-09-13 14:23:04.959,0 days 02:17:14.519000,87,274.36805555555793,0 days 00:01:09.503000,10194.0,103.0,2,53.0,False,0,car,3966.9624999999983,0.7416107643941214,OnTrack,1282.0575429562027,6979.863119557826,7277.164122994666
2026-09-13 14:23:05.180,0 days 02:17:14.740000,87,279.4019429866689,0 days 00:01:09.724000,10232.12248896,112.94499712,2,53.0,False,0,pos,3974.174521923449,0.7429590284857223,OnTrack,1336.0,6904.0,7275.0
2026-09-13 14:23:05.359,0 days 02:17:14.919000,87,283.4791666666688,0 days 00:01:09.903000,10263.0,121.0,2,53.0,False,0,car,3980.406944444443,0.7441241596483743,OnTrack,1374.1414358156285,6848.454586136945,7272.974754593456
2026-09-13 14:23:05.560,0 days 02:17:15.120000,87,287.9458319111132,0 days 00:01:10.104000,11368.499647999999,126.0249984,2,71.66427977142857,False,0,pos,3987.4809957856746,0.7454466305874199,OnTrack,1410.0,6795.0,7271.0
2026-09-13 14:23:05.639,0 days 02:17:15.199000,87,289.70138888889096,0 days 00:01:10.183000,11803.0,128.0,2,79.0,False,0,car,3990.362499999999,0.7459853184482177,OnTrack,1421.9868891185383,6777.008568332836,7270.499715600369
2026-09-13 14:23:05.799,0 days 02:17:15.359000,87,292.9013888888908,0 days 00:01:10.343000,12339.0,138.0,2,79.0,False,0,car,3996.495833333332,0.7471319252088354,OnTrack,1443.302258822147,6744.655274166383,7269.896612602094
2026-09-13 14:23:05.940,0 days 02:17:15.500000,87,295.0947212266687,0 days 00:01:10.484000,12041.725134933333,145.4416632888889,2,87.22499626666666,False,0,pos,4002.4322353922753,0.7482417163068567,OnTrack,1467.0,6707.0,7269.0
2026-09-13 14:23:06.140,0 days 02:17:15.700000,87,298.20583233778,0 days 00:01:10.684000,11620.058468266667,155.99721884444443,2,98.89166293333334,False,0,pos,4011.3560574121734,0.7499099958707531,OnTrack,1511.0,6635.0,7267.0
2026-09-13 14:23:06.159,0 days 02:17:15.719000,87,298.50138888889114,0 days 00:01:10.703000,11580.0,157.0,2,100.0,False,0,car,4012.195833333332,0.7500669892536778,OnTrack,1515.1744904020868,6628.159343646443,7266.857503418616
2026-09-13 14:23:06.340,0 days 02:17:15.900000,87,301.3169434488917,0 days 00:01:10.884000,10693.1003136,157.0,2,100.0,False,0,pos,4020.1002368241534,0.7515446918321388,OnTrack,1557.0,6559.0,7266.0
2026-09-13 14:23:06.359,0 days 02:17:15.919000,87,301.6125000000029,0 days 00:01:10.903000,10600.0,157.0,2,100.0,False,0,car,4020.918055555554,0.7516975803897012,OnTrack,1562.4595367639392,6549.756309750525,7265.92011220042
2026-09-13 14:23:06.580,0 days 02:17:16.140000,87,305.050276782225,0 days 00:01:11.124000,10856.517782857143,157.0,2,100.0,False,0,pos,4030.398906380139,0.7534699946807683,OnTrack,1633.0,6428.0,7265.0
2026-09-13 14:23:06.639,0 days 02:17:16.199000,87,305.9680555555583,0 days 00:01:11.183000,10925.0,157.0,4,100.0,False,0,car,4033.1291666666652,0.7539804079801341,OnTrack,1646.354571299874,6404.476851888461,7264.799396575469
2026-09-13 14:23:06.860,0 days 02:17:16.420000,87,307.6869439466699,0 days 00:01:11.404000,11331.482025142857,179.0999936,4,100.0,False,0,pos,4044.413916978681,0.7560900554257278,OnTrack,1682.0,6340.0,7264.0
2026-09-13 14:23:06.919,0 days 02:17:16.479000,87,308.14583333333667,0 days 00:01:11.463000,11440.0,185.0,4,100.0,False,0,car,4047.5180555555535,0.7566703640580327,OnTrack,1694.7528559637356,6317.0759222932,7263.645860182412
2026-09-13 14:23:07.119,0 days 02:17:16.679000,87,309.42361111111404,0 days 00:01:11.663000,11770.0,189.0,4,100.0,False,0,car,4058.0180555555535,0.7586333049797425,OnTrack,1747.5005109768501,6222.812706365229,7262.144168533709
2026-09-13 14:23:07.140,0 days 02:17:16.700000,87,309.54027742222513,0 days 00:01:11.684000,11775.0531096,189.1968744,4,100.0,False,0,pos,4059.123728596911,0.7588400069663054,OnTrack,1753.0,6213.0,7262.0
2026-09-13 14:23:07.300,0 days 02:17:16.860000,87,310.42916631111405,0 days 00:01:11.844000,11813.5531096,190.6968744,4,100.0,False,0,pos,4067.5822856904792,0.7604213067622657,OnTrack,1795.0,6138.0,7261.0
2026-09-13 14:23:07.439,0 days 02:17:16.999000,87,311.20138888889187,0 days 00:01:11.983000,11847.0,192.0,4,100.0,False,0,car,4075.0847222222205,0.7618238629223312,OnTrack,1839.0498521248621,6058.768744322404,7260.059905588963
2026-09-13 14:23:07.620,0 days 02:17:17.180000,87,311.8549997688916,0 days 00:01:12.164000,11128.656504,197.656248,4,100.0,False,0,pos,4085.1682403706786,0.7637089439136086,OnTrack,1897.0,5954.0,7259.0
2026-09-13 14:23:07.759,0 days 02:17:17.319000,87,312.356944444447,0 days 00:01:12.303000,10577.0,202.0,5,100.0,False,0,car,4093.040277777776,0.765180595757763,OnTrack,1930.3920775372449,5893.341920444923,7258.623071959678
2026-09-13 14:23:07.919,0 days 02:17:17.479000,87,312.8013888888927,0 days 00:01:12.463000,10577.0,205.0,5,100.0,False,0,car,4102.151388888887,0.7668838884094054,OnTrack,1963.141056429319,5833.974905235141,7258.377862851165
2026-09-13 14:23:08.001,0 days 02:17:17.561000,87,313.0063885688925,0 days 00:01:12.545000,10653.87488,205.7687488,5,97.9500032,False,0,pos,4106.861656121658,0.7677644575811571,OnTrack,1985.0,5795.0,7258.0
2026-09-13 14:23:08.239,0 days 02:17:17.799000,87,313.60138888889196,0 days 00:01:12.783000,10877.0,208.0,5,92.0,True,0,car,4120.640277777776,0.770340326180543,OnTrack,2064.3003031180565,5655.620751992542,7256.137254735287
2026-09-13 14:23:08.261,0 days 02:17:17.821000,87,313.6686107200031,0 days 00:01:12.805000,10877.0,208.0,5,92.0,True,0,pos,4121.913437480449,0.7705783392548524,OnTrack,2071.0,5644.0,7256.0
2026-09-13 14:23:08.399,0 days 02:17:17.959000,87,314.090277777781,0 days 00:01:12.943000,10877.0,208.0,5,92.0,True,0,car,4129.88472222222,0.7720685450661119,OnTrack,2107.244883837385,5581.925174908391,7255.443770025463
2026-09-13 14:23:08.561,0 days 02:17:18.121000,87,314.900277137781,0 days 00:01:13.105000,10593.90522368,206.38000128,5,59.19502592,True,0,pos,4139.174338087692,0.7738052086022356,OnTrack,2147.0,5518.0,7255.0
2026-09-13 14:23:08.781,0 days 02:17:18.341000,87,316.000277137781,0 days 00:01:13.325000,10209.45522368,204.18000128,5,14.645025920000002,True,0,pos,4151.557966777592,0.7761202877941085,OnTrack,2215.0,5421.0,7254.0
2026-09-13 14:23:08.799,0 days 02:17:18.359000,87,316.090277777781,0 days 00:01:13.343000,10178.0,204.0,5,11.0,False,0,car,4152.551388888887,0.7763060048336126,OnTrack,2221.06278816298,5413.431756966229,7253.933726367379
2026-09-13 14:23:09.461,0 days 02:17:19.021000,87,323.0780548247231,0 days 00:01:14.005000,9975.084625938163,191.14563241237235,5,49.563102762882906,False,0,pos,4187.5058290359975,0.7828406239726811,OnTrack,2491.0,5213.0,7254.0
2026-09-13 14:23:09.520,0 days 02:17:19.080000,87,323.70083333333787,0 days 00:01:14.064000,9957.0,190.0,5,53.0,False,0,car,4190.604166666664,0.78341984813692,OnTrack,2520.085650613249,5203.365969847453,7254.140136129909
2026-09-13 14:23:09.741,0 days 02:17:19.301000,87,326.2177770488928,0 days 00:01:14.285000,9996.595821866667,190.0,5,56.68333226666667,False,0,pos,4202.26802453749,0.7856003685102202,OnTrack,2635.0,5179.0,7255.0
2026-09-13 14:23:09.760,0 days 02:17:19.320000,87,326.43416666667054,0 days 00:01:14.304000,10000.0,190.0,5,57.0,False,0,car,4203.270833333331,0.7857878403599351,OnTrack,2645.0977192326814,5177.668542509367,7255.124798930186
2026-09-13 14:23:09.881,0 days 02:17:19.441000,87,327.8794436800035,0 days 00:01:14.425000,10000.0,190.0,5,57.0,False,0,pos,4209.652878808586,0.786980943048277,OnTrack,2710.0,5172.0,7256.0
2026-09-13 14:23:09.920,0 days 02:17:19.480000,87,328.3452777777811,0 days 00:01:14.464000,10000.0,190.0,5,57.0,False,0,car,4211.715277777776,0.787366501841945,OnTrack,2731.1146089507606,5171.250363228151,7256.216246085419
2026-09-13 14:23:10.120,0 days 02:17:19.680000,87,330.7341666666698,0 days 00:01:14.664000,10241.0,192.0,5,69.0,False,0,car,4222.3819444444425,0.789360600556063,OnTrack,2840.451959398952,5174.955704779499,7256.99485328873
2026-09-13 14:23:10.121,0 days 02:17:19.681000,87,330.74555482666983,0 days 00:01:14.665000,10241.09499392,192.01999872,5,69.0249984,False,0,pos,4222.43585378348,0.7893706787320304,OnTrack,2841.0,5175.0,7257.0
2026-09-13 14:23:10.281,0 days 02:17:19.841000,87,332.5677770488924,0 days 00:01:14.825000,10256.29499392,195.21999872,5,73.0249984,False,0,pos,4231.138030657998,0.7909975224553588,OnTrack,2929.0,5185.0,7258.0
2026-09-13 14:23:10.320,0 days 02:17:19.880000,87,333.0119444444481,0 days 00:01:14.864000,10260.0,196.0,5,74.0,False,0,car,4233.270833333331,0.7913962429933917,OnTrack,2950.70851124988,5188.208567213613,7258.239157438166
2026-09-13 14:23:10.460,0 days 02:17:20.020000,87,334.6063888888927,0 days 00:01:15.004000,10363.833333333334,197.16666666666666,5,89.16666666666667,False,0,pos,4240.944955152908,0.7928308951608043,OnTrack,3029.0,5201.0,7259.0
2026-09-13 14:23:10.560,0 days 02:17:20.120000,87,335.74527777778167,0 days 00:01:15.104000,10438.0,198.0,5,100.0,False,0,car,4246.470833333331,0.7938639401521126,OnTrack,3084.0639590252235,5209.3808452726535,7259.423216150057
2026-09-13 14:23:10.680,0 days 02:17:20.240000,87,337.0119444444484,0 days 00:01:15.224000,10438.0,199.66666666666666,5,100.0,False,0,pos,4253.173771615572,0.7951170327092466,OnTrack,3150.0,5219.0,7260.0
2026-09-13 14:23:10.920,0 days 02:17:20.480000,87,339.54527777778185,0 days 00:01:15.464000,10438.0,203.0,5,100.0,False,0,car,4266.770833333331,0.7976589592674183,OnTrack,3284.7124764035907,5238.556840657429,7261.874536037079
2026-09-13 14:23:10.940,0 days 02:17:20.500000,87,339.7397222222264,0 days 00:01:15.484000,10475.083333333334,203.25,5,100.0,False,0,pos,4267.911415495279,0.7978721874007763,OnTrack,3296.0,5240.0,7262.0
2026-09-13 14:23:11.160,0 days 02:17:20.720000,87,341.8786111111167,0 days 00:01:15.704000,10883.0,206.0,5,100.0,False,0,car,4280.504166666664,0.8002263613618449,OnTrack,3420.5640161691126,5252.363783751883,7262.91081906971
2026-09-13 14:23:11.180,0 days 02:17:20.740000,87,342.02861105073924,0 days 00:01:15.724000,10893.817605708637,206.0,5,96.72956106483076,False,0,pos,4281.648585958224,0.8004403068341305,OnTrack,3432.0,5253.0,7263.0
2026-09-13 14:23:11.319,0 days 02:17:20.879000,87,343.0711111111159,0 days 00:01:15.863000,10969.0,206.0,5,74.0,False,0,car,4289.602499999997,0.8019272652494027,OnTrack,3512.071312002816,5254.803632105952,7263.741105403983
2026-09-13 14:23:11.400,0 days 02:17:20.960000,87,343.1611110400049,0 days 00:01:15.944000,10873.8250752,206.40499968,5,58.61001216,False,0,pos,4294.253472113211,0.8027967493909988,OnTrack,3558.0,5254.0,7264.0
2026-09-13 14:23:11.519,0 days 02:17:21.079000,87,343.2933333333385,0 days 00:01:16.063000,10734.0,207.0,5,36.0,False,0,car,4301.102499999997,0.804077152925561,OnTrack,3624.2471077483706,5250.394471033823,7263.961349884137
2026-09-13 14:23:11.560,0 days 02:17:21.120000,87,343.2136112355608,0 days 00:01:16.104000,10728.988896711111,207.0,5,36.341666133333334,False,0,pos,4303.463264084716,0.804518490109218,OnTrack,3649.0,5248.0,7264.0
2026-09-13 14:23:11.780,0 days 02:17:21.340000,87,342.7858334577831,0 days 00:01:16.324000,10702.100007822222,207.0,5,38.17499946666667,False,0,pos,4316.129697944497,0.8068864388097413,OnTrack,3798.0,5225.0,7265.0
2026-09-13 14:23:11.879,0 days 02:17:21.439000,87,342.5933333333387,0 days 00:01:16.423000,10690.0,207.0,5,39.0,False,0,car,4321.802499999997,0.8079469507426461,OnTrack,3854.9609811598193,5212.776630979566,7265.108186521147
2026-09-13 14:23:11.960,0 days 02:17:21.520000,87,341.5133341866721,0 days 00:01:16.504000,10690.0,206.2406256,5,39.0,False,0,pos,4326.425851105431,0.8088112712264832,OnTrack,3898.0,5202.0,7265.0
2026-09-13 14:23:12.199,0 days 02:17:21.759000,87,338.3266666666723,0 days 00:01:16.743000,10690.0,204.0,5,39.0,False,0,car,4339.93583333333,0.8113369185566465,OnTrack,4025.011576651839,5161.112157173726,7264.081001350975
2026-09-13 14:23:12.220,0 days 02:17:21.780000,87,337.9708344177833,0 days 00:01:16.764000,10670.15506048,203.58000128,5,38.68500096,False,0,pos,4341.109008142789,0.8115562397796757,OnTrack,4037.0,5156.0,7264.0
2026-09-13 14:23:12.399,0 days 02:17:21.959000,87,334.9377777777827,0 days 00:01:16.943000,10501.0,200.0,5,36.0,False,0,car,4351.046944444442,0.813414104717186,OnTrack,4146.529139405364,5100.241418216224,7263.433157195228
2026-09-13 14:23:12.520,0 days 02:17:22.080000,87,332.88750108444947,0 days 00:01:17.064000,10424.16504064,200.0,5,36.0,False,0,pos,4357.7760222180095,0.8146720839673864,OnTrack,4212.0,5062.0,7263.0
2026-09-13 14:23:12.599,0 days 02:17:22.159000,87,331.548888888894,0 days 00:01:17.143000,10374.0,200.0,5,36.0,False,0,car,4362.158055555553,0.8154912908777255,OnTrack,4245.778040627923,5040.654240062701,7262.638091319738
2026-09-13 14:23:12.839,0 days 02:17:22.399000,87,325.4155555555608,0 days 00:01:17.383000,10457.0,198.0,5,42.0,False,0,car,4375.358055555553,0.8179589880364464,OnTrack,4321.740575715195,4976.510736508817,7261.299823920407
2026-09-13 14:23:12.900,0 days 02:17:22.460000,87,323.7041684622274,0 days 00:01:17.444000,10461.0666624,198.0,5,50.1333248,False,0,pos,4378.702448514569,0.8185842114457351,OnTrack,4346.0,4949.0,7261.0
2026-09-13 14:23:13.079,0 days 02:17:22.639000,87,318.6822222222272,0 days 00:01:17.623000,10473.0,198.0,5,74.0,False,0,car,4388.558055555553,0.8204266851951675,OnTrack,4432.939295994386,4838.452704471158,7260.257362267731
2026-09-13 14:23:13.140,0 days 02:17:22.700000,87,316.80139086222755,0 days 00:01:17.684000,10473.0,199.5249984,5,74.0,False,0,pos,4391.96296766835,0.8210632224638373,OnTrack,4460.0,4800.0,7260.0
2026-09-13 14:23:13.239,0 days 02:17:22.799000,87,313.7488888888947,0 days 00:01:17.783000,10473.0,202.0,5,74.0,False,0,car,4397.535833333331,0.8221050516128833,OnTrack,4496.211954098871,4742.577164694176,7259.5459733858415
2026-09-13 14:23:13.479,0 days 02:17:23.039000,87,305.6822222222281,0 days 00:01:18.023000,10804.0,205.0,5,72.0,False,0,car,4411.202499999997,0.8246599905903468,OnTrack,4551.949706123005,4619.231387181525,7258.347504689795
2026-09-13 14:23:13.560,0 days 02:17:23.120000,87,302.9147244088949,0 days 00:01:18.104000,10804.0,205.40499968,5,72.0,False,0,pos,4415.837211736643,0.8255264349073174,OnTrack,4568.0,4573.0,7258.0
2026-09-13 14:23:13.679,0 days 02:17:23.239000,87,298.8488888888951,0 days 00:01:18.223000,10804.0,206.0,5,72.0,False,0,car,4422.646944444441,0.8267994923357024,OnTrack,4590.775836463492,4498.639396587378,7257.5619466994585
2026-09-13 14:23:13.919,0 days 02:17:23.479000,87,290.51555555556297,0 days 00:01:18.463000,11003.0,206.0,5,100.0,False,0,car,4436.380277777774,0.8293668944301291,OnTrack,4627.895035877351,4359.405679463306,7257.00117806375
2026-09-13 14:23:13.920,0 days 02:17:23.480000,87,290.47750243556294,0 days 00:01:18.464000,11003.0999936,206.0124992,5,100.0,False,0,pos,4436.438050244868,0.8293776948053488,OnTrack,4628.0,4359.0,7257.0
2026-09-13 14:23:14.260,0 days 02:17:23.820000,87,277.53861354667373,0 days 00:01:18.804000,11037.0999936,210.2624992,5,100.0,False,0,pos,4456.368250650026,0.8331035810866024,OnTrack,4654.0,4244.0,7257.0
2026-09-13 14:23:14.319,0 days 02:17:23.879000,87,275.29333333334034,0 days 00:01:18.863000,11043.0,211.0,5,100.0,False,0,car,4459.824722222218,0.8337497572288673,OnTrack,4663.372657260573,4198.522401792045,7257.006544450472
2026-09-13 14:23:14.501,0 days 02:17:24.061000,87,268.41778261334025,0 days 00:01:19.045000,11315.999808,211.0,5,100.0,False,0,pos,4470.477335752764,0.8357412287547978,OnTrack,4697.0,4033.0,7257.0
2026-09-13 14:23:14.519,0 days 02:17:24.079000,87,267.7377777777847,0 days 00:01:19.063000,11343.0,211.0,5,100.0,False,0,car,4471.546944444441,0.8359411886282366,OnTrack,4699.398396908244,4020.8056807393714,7256.999439661635
2026-09-13 14:23:14.719,0 days 02:17:24.279000,87,259.90444444445166,0 days 00:01:19.263000,11399.0,218.0,5,100.0,False,0,car,4483.658055555552,0.8382053215432247,OnTrack,4712.86452623685,3944.734904730688,7256.9989626089255
2026-09-13 14:23:14.841,0 days 02:17:24.401000,87,255.19389383111846,0 days 00:01:19.385000,11460.5082688,219.0166656,5,100.0,False,0,pos,4491.0913788895905,0.8395949572152899,OnTrack,4719.0,3901.0,7257.0
2026-09-13 14:23:14.959,0 days 02:17:24.519000,87,250.63777777778523,0 days 00:01:19.503000,11520.0,220.0,5,100.0,False,0,car,4498.324722222218,0.8409472072751367,OnTrack,4727.742689813261,3838.2624171500033,7257.000268144063
2026-09-13 14:23:15.161,0 days 02:17:24.721000,87,242.95056042667423,0 days 00:01:19.705000,11612.583274666667,223.36666453333333,5,100.0,False,0,pos,4510.8817785924,0.8432947082089698,OnTrack,4746.0,3706.0,7257.0
2026-09-13 14:23:15.199,0 days 02:17:24.759000,87,241.50444444445202,0 days 00:01:19.743000,11630.0,224.0,5,100.0,False,0,car,4513.258055555551,0.8437389454749018,OnTrack,4749.268227946321,3682.0149677799473,7257.00003925079
2026-09-13 14:23:15.381,0 days 02:17:24.941000,87,234.7805581435128,0 days 00:01:19.925000,11716.92533967772,225.81094457661916,5,100.0,False,0,pos,4524.679584266263,0.8458741631982102,OnTrack,4764.0,3570.0,7257.0
2026-09-13 14:23:15.400,0 days 02:17:24.960000,87,234.07861111111833,0 days 00:01:19.944000,11726.0,226.0,5,100.0,False,0,car,4525.876388888885,0.8460979019381185,OnTrack,4765.447697470406,3558.1728220043833,7256.999855729539
2026-09-13 14:23:15.541,0 days 02:17:25.101000,87,229.02611340445145,0 days 00:01:20.085000,11796.499968,227.17499946666666,5,100.0,False,0,pos,4534.786021459575,0.8477635288305383,OnTrack,4776.0,3470.0,7257.0
2026-09-13 14:23:15.640,0 days 02:17:25.200000,87,225.47861111111797,0 days 00:01:20.184000,11846.0,228.0,5,100.0,False,0,car,4541.076388888885,0.8489394926057365,OnTrack,4783.986086291272,3409.856633829243,7257.006221111239
2026-09-13 14:23:15.721,0 days 02:17:25.281000,87,222.80111322667358,0 days 00:01:20.265000,11462.0096784,228.7593744,5,100.0,False,0,pos,4546.246690900386,0.8499060637863055,OnTrack,4791.0,3357.0,7257.0
2026-09-13 14:23:15.960,0 days 02:17:25.520000,87,214.90083333334042,0 days 00:01:20.504000,10329.0,231.0,5,100.0,False,0,car,4561.609722222219,0.8527781326304136,OnTrack,4813.984770100428,3165.4751125521343,7256.948973398876
2026-09-13 14:23:16.001,0 days 02:17:25.561000,87,213.64805751111825,0 days 00:01:20.545000,10355.1374592,231.34166613333332,5,100.0,False,0,pos,4564.257084782731,0.85327304846895,OnTrack,4818.0,3131.0,7257.0
2026-09-13 14:23:16.200,0 days 02:17:25.760000,87,207.56750000000739,0 days 00:01:20.744000,10482.0,233.0,6,100.0,False,0,car,4577.143055555552,0.8556820388828478,OnTrack,4837.217946326902,2964.7590607748657,7257.632503835096
2026-09-13 14:23:16.360,0 days 02:17:25.920000,87,202.8119444444519,0 days 00:01:20.904000,10507.0,234.0,6,100.0,False,0,car,4587.543055555551,0.8576262851291127,OnTrack,4850.970401990166,2847.1462652513587,7258.022924371204
2026-09-13 14:23:16.401,0 days 02:17:25.961000,87,201.70722394667416,0 days 00:01:20.945000,10515.655542044444,234.34166613333332,6,100.0,False,0,pos,4590.230686229469,0.8581287289607578,OnTrack,4854.0,2822.0,7258.0
2026-09-13 14:23:16.720,0 days 02:17:26.280000,87,193.1119444444521,0 days 00:01:21.264000,10583.0,237.0,6,100.0,True,0,car,4611.243055555551,0.8620569232095433,OnTrack,4871.854679612623,2686.411171849154,7256.5116659733285
2026-09-13 14:23:16.861,0 days 02:17:26.421000,87,189.90027923556266,0 days 00:01:21.405000,9987.2752704,229.0687536,6,36.5500288,True,0,pos,4620.210189676279,0.8637332998301183,OnTrack,4882.0,2616.0,7257.0
2026-09-13 14:23:16.880,0 days 02:17:26.440000,87,189.46750000000702,0 days 00:01:21.424000,9907.0,228.0,6,28.0,True,0,car,4621.376388888885,0.8639513169879555,OnTrack,4883.635093367874,2604.705698498984,7257.175383950486
2026-09-13 14:23:16.961,0 days 02:17:26.521000,87,188.455000800007,0 days 00:01:21.505000,9636.550213688888,221.47500515555555,6,21.700004977777777,True,0,pos,4626.208690654383,0.8648547001195313,OnTrack,4891.0,2554.0,7258.0
2026-09-13 14:23:17.180,0 days 02:17:26.740000,87,185.71750000000702,0 days 00:01:21.724000,8905.333333333334,203.83333333333334,6,4.666666666666665,True,0,pos,4638.210606757296,0.8670984193821347,OnTrack,4910.0,2428.0,7258.0
2026-09-13 14:23:17.240,0 days 02:17:26.800000,87,184.96750000000702,0 days 00:01:21.784000,8705.0,199.0,6,0.0,True,0,car,4641.276388888885,0.8676715574014816,OnTrack,4916.073988928469,2390.9901753055074,7258.094980246109
2026-09-13 14:23:17.460,0 days 02:17:27.020000,87,183.50083333334086,0 days 00:01:22.004000,8547.333333333334,173.33333333333334,6,0.0,True,0,pos,4651.772760840073,0.8696338200712412,OnTrack,4939.0,2259.0,7259.0
2026-09-13 14:23:17.480,0 days 02:17:27.040000,87,183.36750000000757,0 days 00:01:22.024000,8533.0,171.0,6,0.0,True,0,car,4652.6763888888845,0.8698027504021951,OnTrack,4940.597099219356,2250.001099734111,7259.039216987858
2026-09-13 14:23:17.640,0 days 02:17:27.200000,87,182.7452777777853,0 days 00:01:22.184000,9093.0,156.0,5,0.0,True,0,car,4659.609722222218,0.8710989145663717,OnTrack,4950.209274382317,2197.066938994576,7259.0257954376
2026-09-13 14:23:17.720,0 days 02:17:27.280000,87,182.5230555555632,0 days 00:01:22.264000,9271.285714285714,151.14285714285714,5,0.0,True,0,pos,4662.854056985205,0.8717054324206567,OnTrack,4955.0,2172.0,7259.0
2026-09-13 14:23:17.920,0 days 02:17:27.480000,87,181.96750000000793,0 days 00:01:22.464000,9717.0,139.0,5,0.0,True,0,car,4670.420833333329,0.8731200167005766,OnTrack,4970.073952150598,2096.431942180906,7259.16922092355
2026-09-13 14:23:18.060,0 days 02:17:27.620000,87,181.8508333708621,0 days 00:01:22.604000,10098.30641003211,129.85427429812285,5,0.0,True,0,pos,4675.419432397653,0.8740544885724414,OnTrack,4981.0,2044.0,7259.0
2026-09-13 14:23:18.119,0 days 02:17:27.679000,87,181.80166666667446,0 days 00:01:22.663000,10259.0,126.0,5,0.0,True,0,car,4677.385833333329,0.8744221008453108,OnTrack,4985.273319499141,2024.1625328135144,7258.766513607875
2026-09-13 14:23:18.260,0 days 02:17:27.820000,87,182.34999975111896,0 days 00:01:22.804000,9805.5970808,116.3062544,5,0.0,True,0,pos,4681.649866501809,0.8752192480070191,OnTrack,4996.0,1979.0,7258.0
2026-09-13 14:23:18.439,0 days 02:17:27.999000,87,183.046111111119,0 days 00:01:22.983000,9230.0,104.0,2,0.0,True,0,car,4686.630277777774,0.8761503197308798,OnTrack,5014.189713288681,1917.192415240978,7257.225238253087
2026-09-13 14:23:18.500,0 days 02:17:28.060000,87,183.26638865778557,0 days 00:01:23.044000,9329.8873952,102.8562512,2,0.0,True,0,pos,4688.357507690691,0.876473219757286,OnTrack,5019.0,1900.0,7257.0
2026-09-13 14:23:18.599,0 days 02:17:28.159000,87,183.62388888889654,0 days 00:01:23.143000,9492.0,101.0,2,0.0,True,0,car,4691.119166666663,0.8769895029397377,OnTrack,5023.726466848727,1879.3997752258595,7256.663339768227
2026-09-13 14:23:18.879,0 days 02:17:28.439000,87,185.25722222222976,0 days 00:01:23.423000,10688.0,90.0,1,0.0,True,0,car,4698.119166666663,0.8782981302208775,OnTrack,5045.708987186545,1828.1184402818374,7256.022824512096
2026-09-13 14:23:18.920,0 days 02:17:28.480000,87,185.55333287111858,0 days 00:01:23.464000,10649.63577417143,89.70714331428572,1,0.0,True,0,pos,4699.126330668662,0.878486416262249,OnTrack,5058.0,1810.0,7256.0
2026-09-13 14:23:19.000,0 days 02:17:28.560000,87,186.13111064889628,0 days 00:01:23.544000,10574.778631314286,89.13571474285715,1,0.0,True,0,pos,4701.101033613447,0.8788555805687763,OnTrack,5088.0,1768.0,7256.0
2026-09-13 14:23:19.159,0 days 02:17:28.719000,87,187.27944444445166,0 days 00:01:23.703000,10426.0,88.0,1,0.0,False,0,car,4704.963611111108,0.87957767689577,OnTrack,5135.320039547835,1713.8152131432694,7255.940333503434
2026-09-13 14:23:19.399,0 days 02:17:28.959000,87,189.7461111111188,0 days 00:01:23.943000,10078.0,82.0,1,0.0,False,0,car,4710.430277777774,0.8805996524867553,OnTrack,5171.49105245876,1704.9592012949145,7255.786362000125
2026-09-13 14:23:19.540,0 days 02:17:29.100000,87,191.46944366222996,0 days 00:01:24.084000,9759.575144533334,79.65000106666666,1,0.0,False,0,pos,4713.50298156981,0.8811740844880579,OnTrack,5186.0,1704.0,7256.0
2026-09-13 14:23:19.639,0 days 02:17:29.199000,87,192.6794444444522,0 days 00:01:24.183000,9536.0,78.0,1,0.0,False,0,car,4715.630277777774,0.8815717756098878,OnTrack,5194.329041008026,1702.0429308890223,7256.3137974379415
2026-09-13 14:23:19.799,0 days 02:17:29.359000,87,194.8572222222292,0 days 00:01:24.343000,9963.0,77.0,1,23.0,False,0,car,4719.052499999996,0.882211548947334,OnTrack,5211.665388393836,1699.3808290126183,7256.913043643572
2026-09-13 14:23:19.840,0 days 02:17:29.400000,87,195.50638787556252,0 days 00:01:24.384000,10006.6905568,77.1281248,1,24.6656224,False,0,pos,4719.929917924012,0.8823755793805237,OnTrack,5220.0,1700.0,7257.0
2026-09-13 14:23:20.100,0 days 02:17:29.660000,87,199.62305454222914,0 days 00:01:24.644000,10283.7530568,77.9406248,1,35.228122400000004,False,0,pos,4725.561915196372,0.8834284629916546,OnTrack,5296.0,1714.0,7257.0
2026-09-13 14:23:20.119,0 days 02:17:29.679000,87,199.92388888889582,0 days 00:01:24.663000,10304.0,78.0,1,36.0,False,0,car,4725.9858333333295,0.8835077131115107,OnTrack,5300.078315354657,1715.0582613008928,7256.994481205243
2026-09-13 14:23:20.399,0 days 02:17:29.959000,87,204.90166666667392,0 days 00:01:24.943000,11064.0,83.0,1,42.0,False,0,car,4732.441388888885,0.884714558270784,OnTrack,5337.801453080918,1733.8762830036967,7256.999941587446
2026-09-13 14:23:20.400,0 days 02:17:29.960000,87,204.9208321066739,0 days 00:01:24.944000,11064.68495616,83.01499904,1,42.01999872,False,0,pos,4732.46491977482,0.884718957293539,OnTrack,5338.0,1734.0,7257.0
2026-09-13 14:23:20.599,0 days 02:17:30.159000,87,208.73500000000695,0 days 00:01:25.143000,11201.0,86.0,1,46.0,False,0,car,4737.219166666663,0.8856077483198161,OnTrack,5394.1329072902945,1768.9411680000683,7257.002280958142
2026-09-13 14:23:20.740,0 days 02:17:30.300000,87,211.78999861334,0 days 00:01:25.284000,11238.599982933334,87.95833244444445,1,49.5249984,False,0,pos,4740.728505179352,0.8862638077650249,OnTrack,5431.0,1793.0,7257.0
2026-09-13 14:23:20.959,0 days 02:17:30.519000,87,216.53500000000622,0 days 00:01:25.503000,11297.0,91.0,1,55.0,False,0,car,4746.3191666666635,0.887308963785298,OnTrack,5454.400001098538,1812.5492716163174,7256.999412518608
2026-09-13 14:23:21.119,0 days 02:17:30.679000,87,220.00166666667246,0 days 00:01:25.663000,10177.0,91.0,2,55.0,False,0,car,4750.363611111108,0.8880650595477344,OnTrack,5485.466378141689,1830.8106733511847,7256.999939374591
2026-09-13 14:23:21.161,0 days 02:17:30.721000,87,221.09832999111703,0 days 00:01:25.705000,10130.625141333334,91.0,2,55.0,False,0,pos,4751.39432000113,0.8882577472295053,OnTrack,5502.0,1839.0,7257.0
2026-09-13 14:23:21.321,0 days 02:17:30.881000,87,225.27610776889526,0 days 00:01:25.865000,9953.958474666666,91.0,2,55.0,False,0,pos,4755.358050535655,0.8889987537884434,OnTrack,5584.0,1877.0,7257.0
2026-09-13 14:23:21.359,0 days 02:17:30.919000,87,226.2683333333398,0 days 00:01:25.903000,9912.0,91.0,2,55.0,False,0,car,4756.430277777775,0.889199203191389,OnTrack,5598.799711787626,1883.2823745448363,7256.999992043115
2026-09-13 14:23:21.599,0 days 02:17:31.159000,87,231.2683333333398,0 days 00:01:26.143000,11540.0,120.0,2,93.0,False,0,car,4764.430277777775,0.8906947772269774,OnTrack,5638.468235664231,1892.2968834650887,7256.999996251731
2026-09-13 14:23:21.681,0 days 02:17:31.241000,87,232.90833077333994,0 days 00:01:26.225000,11733.468448,122.8187456,2,94.7937472,False,0,pos,4767.343782424926,0.8912394474648331,OnTrack,5655.0,1894.0,7257.0
2026-09-13 14:23:21.841,0 days 02:17:31.401000,87,236.1083307733402,0 days 00:01:26.385000,12110.968448,128.3187456,2,98.2937472,False,0,pos,4773.160967048688,0.8923269512502733,OnTrack,5711.0,1902.0,7257.0
2026-09-13 14:23:21.919,0 days 02:17:31.479000,87,237.66833333334034,0 days 00:01:26.463000,12295.0,131.0,2,100.0,False,0,car,4776.074722222219,0.8928716683232227,OnTrack,5756.975516228249,1907.715512427181,7256.999999722733
2026-09-13 14:23:22.121,0 days 02:17:31.681000,87,241.65222060514682,0 days 00:01:26.665000,11100.2531539936,137.46974826357257,2,100.0,False,0,pos,4783.86625198646,0.8943282695248369,OnTrack,5899.0,1924.0,7257.0
2026-09-13 14:23:22.200,0 days 02:17:31.760000,87,243.21027777778454,0 days 00:01:26.744000,10633.0,140.0,3,100.0,False,0,car,4787.002499999997,0.8949145809121134,OnTrack,5937.32388290605,1928.482262437408,7257.0000000742675
2026-09-13 14:23:22.400,0 days 02:17:31.960000,87,246.9880555555619,0 days 00:01:26.944000,11032.0,147.0,3,100.0,False,0,car,4795.169166666664,0.89644131274011,OnTrack,5985.596071316453,1934.6240355806087,7257.000000060083
2026-09-13 14:23:22.600,0 days 02:17:32.160000,87,250.71027777778454,0 days 00:01:27.144000,11032.0,152.0,3,100.0,True,0,car,4803.613611111108,0.89801997422212,OnTrack,6037.637904974278,1941.949550353652,7257.000000000108
2026-09-13 14:23:22.601,0 days 02:17:32.161000,87,250.73333185778455,0 days 00:01:27.145000,11028.9876928,151.97000192,3,99.750016,True,0,pos,4803.654991062995,0.8980277100698243,OnTrack,6038.0,1942.0,7257.0
2026-09-13 14:23:22.761,0 days 02:17:32.321000,87,254.42222074667322,0 days 00:01:27.305000,10546.9876928,147.17000192,3,59.750016,True,0,pos,4810.088548160242,0.8992304426887141,OnTrack,6105.0,1951.0,7257.0
2026-09-13 14:23:22.921,0 days 02:17:32.481000,87,258.1111096355619,0 days 00:01:27.465000,10064.9876928,142.37000192,3,19.750016000000002,True,0,pos,4816.209580388527,0.9003747497976671,OnTrack,6170.0,1958.0,7257.0
2026-09-13 14:23:23.000,0 days 02:17:32.560000,87,259.93250000000626,0 days 00:01:27.544000,9827.0,140.0,3,0.0,True,0,car,4819.169166666664,0.9009280348468752,OnTrack,6199.959663556791,1961.2182557479887,7256.9999999998945
2026-09-13 14:23:23.101,0 days 02:17:32.661000,87,262.4574984000063,0 days 00:01:27.645000,9479.56022016,135.45500288,3,0.0,True,0,pos,4822.895569640334,0.9016246737885704,OnTrack,6239.0,1965.0,7257.0
2026-09-13 14:23:23.200,0 days 02:17:32.760000,87,264.93250000000626,0 days 00:01:27.744000,9139.0,131.0,3,0.0,True,0,car,4826.446944444442,0.9022885917820287,OnTrack,6281.790391477178,1967.9580541426453,7257.000000000054
2026-09-13 14:23:23.441,0 days 02:17:33.001000,87,269.88638757333933,0 days 00:01:27.985000,10105.677521066667,123.63611306666667,3,0.0,True,0,pos,4834.544413742124,0.9038023873864771,OnTrack,6386.0,1972.0,7257.0
2026-09-13 14:23:23.560,0 days 02:17:33.120000,87,272.3325000000059,0 days 00:01:28.104000,10583.0,120.0,2,0.0,True,0,car,4838.446944444442,0.9045319528354113,OnTrack,6421.021116523202,1972.3069919246668,7256.999999999906
2026-09-13 14:23:23.720,0 days 02:17:33.280000,87,274.99916666667195,0 days 00:01:28.264000,10602.0,118.0,2,0.0,True,0,car,4843.691388888887,0.905512384703186,OnTrack,6455.831703362031,1969.3168047689153,7256.999999999873
2026-09-13 14:23:23.780,0 days 02:17:33.340000,87,275.43250000000535,0 days 00:01:28.324000,10584.525,117.325,2,2.7,True,0,pos,4845.61490854677,0.9058719804603452,OnTrack,6470.0,1966.0,7257.0
2026-09-13 14:23:24.520,0 days 02:17:34.080000,87,280.77694444445024,0 days 00:01:29.064000,10369.0,109.0,2,36.0,False,0,car,4867.913611111108,0.910040650533162,OnTrack,6680.49608204932,1841.817188198525,7257.000000001874
2026-09-13 14:23:24.600,0 days 02:17:34.160000,87,281.15472214643563,0 days 00:01:29.144000,10506.680223161335,110.0031345949824,2,38.7586201362016,False,0,pos,4870.392413381165,0.9105040545724686,OnTrack,6695.0,1826.0,7257.0
2026-09-13 14:23:24.839,0 days 02:17:34.399000,87,282.2833333333392,0 days 00:01:29.383000,10918.0,113.0,2,47.0,False,0,car,4877.9266666666645,0.9119125587713862,OnTrack,6723.2319309089835,1778.850031411556,7256.999999994056
2026-09-13 14:23:24.920,0 days 02:17:34.480000,87,282.5083331555614,0 days 00:01:29.464000,10910.406256,114.0124992,2,52.062496,False,0,pos,4880.498253503033,0.9123933085842281,OnTrack,6732.0,1760.0,7257.0
2026-09-13 14:23:24.999,0 days 02:17:34.559000,87,282.72777777778356,0 days 00:01:29.543000,10903.0,115.0,2,57.0,False,0,car,4883.037777777776,0.9128680644052345,OnTrack,6741.373764576164,1739.4026588663794,7257.000000011937
2026-09-13 14:23:25.180,0 days 02:17:34.740000,87,282.72777777778356,0 days 00:01:29.724000,11460.5803584,119.0222208,2,60.5194432,False,0,pos,4889.06166314085,0.9139942102230316,OnTrack,6766.0,1681.0,7257.0
2026-09-13 14:23:25.359,0 days 02:17:34.919000,87,282.72777777778356,0 days 00:01:29.903000,12012.0,123.0,2,64.0,False,0,car,4895.337777777776,0.9151675094849517,OnTrack,6793.643716911588,1605.167604476417,7256.99999990391
2026-09-13 14:23:25.400,0 days 02:17:34.960000,87,282.6025001955613,0 days 00:01:29.944000,11904.375168,124.75714011428572,2,65.46428342857143,False,0,pos,4896.82512199585,0.9154455636592685,OnTrack,6799.0,1590.0,7257.0
2026-09-13 14:23:25.639,0 days 02:17:35.199000,87,281.8722222222277,0 days 00:01:30.183000,11277.0,135.0,2,74.0,False,0,car,4905.837777777776,0.9171304504066615,OnTrack,6818.099473426481,1534.1891645466371,7257.000001747756
2026-09-13 14:23:25.800,0 days 02:17:35.360000,87,281.20138915556106,0 days 00:01:30.344000,11162.958378666666,141.0374976,2,77.35416533333333,False,0,pos,4912.192054266647,0.9183183617731246,OnTrack,6829.0,1495.0,7257.0
2026-09-13 14:23:25.879,0 days 02:17:35.439000,87,280.8722222222277,0 days 00:01:30.423000,11107.0,144.0,3,79.0,False,0,car,4915.437777777775,0.9189251392493676,OnTrack,6835.906097837802,1468.3571856319372,7256.999999909392
2026-09-13 14:23:25.880,0 days 02:17:35.440000,87,280.86527822222774,0 days 00:01:30.424000,11108.8943232,144.0444416,3,79.0583296,False,0,pos,4915.479522640942,0.9189329433160516,OnTrack,6836.0,1468.0,7257.0
2026-09-13 14:23:26.180,0 days 02:17:35.740000,87,278.7819448888944,0 days 00:01:30.724000,11677.227656533334,157.37777493333334,3,96.5583296,False,0,pos,4928.706655377857,0.9214057128518779,OnTrack,6869.0,1347.0,7257.0
2026-09-13 14:23:26.239,0 days 02:17:35.799000,87,278.3722222222277,0 days 00:01:30.783000,11789.0,160.0,3,100.0,False,0,car,4931.437777777775,0.9219162873205444,OnTrack,6875.366332978932,1321.9148481903346,7256.999907556749
2026-09-13 14:23:26.400,0 days 02:17:35.960000,87,276.896389475561,0 days 00:01:30.944000,11265.2470832,166.5406224,3,100.0,False,0,pos,4939.07521703998,0.9233440818029115,OnTrack,6892.0,1252.0,7257.0
2026-09-13 14:23:26.559,0 days 02:17:36.119000,87,275.4388888888943,0 days 00:01:31.103000,10748.0,173.0,4,100.0,False,0,car,4946.815555555553,0.9247911129667311,OnTrack,6908.059383277522,1179.396865210747,7257.0016030016595
2026-09-13 14:23:26.640,0 days 02:17:36.200000,87,274.8763893333387,0 days 00:01:31.184000,10913.374869333333,175.36249813333333,4,100.0,False,0,pos,4950.808798443783,0.9255376367644105,OnTrack,6916.0,1141.0,7257.0
2026-09-13 14:23:26.799,0 days 02:17:36.359000,87,273.77222222222736,0 days 00:01:31.343000,11238.0,180.0,4,100.0,False,0,car,4958.815555555553,0.9270344740201137,OnTrack,6931.071231667392,1063.1644075693432,7256.994063747935
2026-09-13 14:23:26.840,0 days 02:17:36.400000,87,273.4305560888941,0 days 00:01:31.384000,11382.5247744,182.3062464,4,100.0,False,0,pos,4960.939202121021,0.9274314828531238,OnTrack,6935.0,1043.0,7257.0
2026-09-13 14:23:26.940,0 days 02:17:36.500000,87,272.59722275556095,0 days 00:01:31.484000,11735.0247744,187.9312464,4,100.0,False,0,pos,4966.2068045646365,0.9284162440336828,OnTrack,6945.0,992.0,7257.0
2026-09-13 14:23:26.959,0 days 02:17:36.519000,87,272.4388888888943,0 days 00:01:31.503000,11802.0,189.0,4,100.0,False,0,car,4967.215555555553,0.9286048267574815,OnTrack,6947.080582162964,980.880386498415,7256.978476517994
2026-09-13 14:23:27.159,0 days 02:17:36.719000,87,271.1055555555604,0 days 00:01:31.703000,11574.0,193.0,4,100.0,False,0,car,4977.937777777775,0.9306093114024022,OnTrack,6972.364809006643,834.5348181314102,7256.283539813558
2026-09-13 14:23:27.260,0 days 02:17:36.820000,87,270.65666695111616,0 days 00:01:31.804000,10867.000448,194.2624992,4,100.0,False,0,pos,4983.383084859456,0.9316272938882982,OnTrack,6983.0,771.0,7256.0
2026-09-13 14:23:27.319,0 days 02:17:36.879000,87,270.3944444444496,0 days 00:01:31.863000,10454.0,195.0,5,100.0,False,0,car,4986.6044444444415,0.9322295166076229,OnTrack,6987.771606020673,742.439745652705,7255.923484929397
2026-09-13 14:23:27.580,0 days 02:17:37.140000,87,269.524444657783,0 days 00:01:32.124000,10582.8687184,202.3406232,5,100.0,False,0,pos,5001.356118635696,0.9349872942203604,OnTrack,7003.0,650.0,7256.0
2026-09-13 14:23:27.639,0 days 02:17:37.199000,87,269.327777777783,0 days 00:01:32.183000,10612.0,204.0,5,100.0,False,0,car,5004.737777777776,0.9356194844216235,OnTrack,7008.00793929516,619.1626930329215,7255.953741411441
2026-09-13 14:23:27.761,0 days 02:17:37.321000,87,269.0905558044498,0 days 00:01:32.305000,10730.33987584,205.82999808,5,100.0,False,0,pos,5011.743946030514,0.9369292648375935,OnTrack,7020.0,545.0,7256.0
2026-09-13 14:23:27.839,0 days 02:17:37.399000,87,268.9388888888943,0 days 00:01:32.383000,10806.0,207.0,5,100.0,False,0,car,5016.237777777775,0.9377693720977817,OnTrack,7027.794373815358,496.55007203477294,7256.416293728309
2026-09-13 14:23:27.941,0 days 02:17:37.501000,87,269.02388878222774,0 days 00:01:32.485000,10839.878528914285,207.7285705142857,5,100.0,False,0,pos,5022.135459569733,0.9388719245675585,OnTrack,7039.0,428.0,7257.0
2026-09-13 14:23:28.119,0 days 02:17:37.679000,87,269.1722222222279,0 days 00:01:32.663000,10899.0,209.0,5,100.0,False,0,car,5032.49333333333,0.9408082954506509,OnTrack,7064.43800255596,279.4988737912564,7256.64109544265
2026-09-13 14:23:28.261,0 days 02:17:37.821000,87,269.44833308445,0 days 00:01:32.805000,11003.36990592,211.12999808,5,100.0,False,0,pos,5040.831372694444,0.9423670648476756,OnTrack,7083.0,174.0,7256.0
2026-09-13 14:23:28.319,0 days 02:17:37.879000,87,269.5611111111166,0 days 00:01:32.863000,11046.0,212.0,5,100.0,False,0,car,5044.271111111108,0.9430101127808229,OnTrack,7088.63789628432,142.53239549852216,7255.840228995119
2026-09-13 14:23:28.600,0 days 02:17:38.160000,87,270.65388888889447,0 days 00:01:33.144000,11241.0,215.0,5,100.0,False,0,car,5061.053055555553,0.9461474428280477,OnTrack,7107.187572503125,43.687693325666885,7255.931718286319
2026-09-13 14:23:28.621,0 days 02:17:38.181000,87,270.8872215111167,0 days 00:01:33.165000,11193.516811377778,214.06666951111112,5,94.16668444444444,False,0,pos,5062.273135687857,0.946375532848949,OnTrack,7109.0,34.0,7256.0
2026-09-13 14:23:28.861,0 days 02:17:38.421000,87,273.55388817778334,0 days 00:01:33.405000,10650.85014471111,203.40000284444443,5,27.50001777777778,False,0,pos,5075.703446167917,0.9488862858044328,OnTrack,7134.0,-105.0,7257.0
2026-09-13 14:23:28.941,0 days 02:17:38.501000,87,274.44277706667225,0 days 00:01:33.485000,10469.961255822222,199.8444472888889,5,5.277795555555562,False,0,pos,5079.9590720656315,0.9496818612541578,OnTrack,7141.0,-150.0,7257.0
2026-09-13 14:23:28.960,0 days 02:17:38.520000,87,274.65388888889447,0 days 00:01:33.504000,10427.0,199.0,5,0.0,True,0,car,5080.953055555553,0.9498676832415739,OnTrack,7142.554177889533,-160.43972589431039,7256.957313630601
2026-09-13 14:23:29.161,0 days 02:17:38.721000,87,278.95305418667215,0 days 00:01:33.705000,9595.083598222222,185.60000426666667,5,0.0,True,0,pos,5091.073361342947,0.9517596415625542,OnTrack,7157.0,-267.0,7256.0
2026-09-13 14:23:29.320,0 days 02:17:38.880000,87,282.3538888888943,0 days 00:01:33.864000,8937.0,175.0,5,0.0,True,0,car,5098.453055555553,0.9531392514444237,OnTrack,7166.235952490469,-348.922128221518,7256.186355152103
2026-09-13 14:23:29.521,0 days 02:17:39.081000,87,288.8305534933389,0 days 00:01:34.065000,9560.658134755555,159.36667164444444,5,0.0,True,0,pos,5106.875796322125,0.9547138554942961,OnTrack,7175.0,-445.0,7257.0
2026-09-13 14:23:29.680,0 days 02:17:39.240000,87,293.95388888889465,0 days 00:01:34.224000,10054.0,147.0,5,0.0,True,0,car,5113.153055555553,0.9558873687348174,OnTrack,7179.403739525924,-510.14904758263884,7257.1430987424455
2026-09-13 14:23:29.901,0 days 02:17:39.461000,87,301.8730532622275,0 days 00:01:34.445000,9832.079230933334,139.63333546666667,5,0.0,True,0,pos,5121.69829285654,0.9574848731142297,OnTrack,7183.0,-591.0,7257.0
2026-09-13 14:23:29.920,0 days 02:17:39.480000,87,302.5538888888941,0 days 00:01:34.464000,9813.0,139.0,3,0.0,True,0,car,5122.419722222219,0.9576197419927073,OnTrack,7183.255038778468,-597.8636042285777,7256.997579579723
2026-09-13 14:23:30.001,0 days 02:17:39.561000,87,305.6813864177832,0 days 00:01:34.545000,9728.76006656,136.9750016,3,0.0,True,0,pos,5125.469015269428,0.9581897974312455,OnTrack,7184.0,-629.0,7257.0
2026-09-13 14:23:30.120,0 days 02:17:39.680000,87,310.27611111111673,0 days 00:01:34.664000,9605.0,134.0,3,0.0,False,0,car,5129.864166666664,0.9590114567202687,OnTrack,7182.5785947142995,-692.3229061209962,7257.002034058695
2026-09-13 14:23:30.280,0 days 02:17:39.840000,87,316.8094444444503,0 days 00:01:34.824000,9389.0,130.0,3,0.0,False,0,pos,5135.608007230773,0.9600852490717989,OnTrack,7178.0,-779.0,7257.0
2026-09-13 14:23:30.320,0 days 02:17:39.880000,87,318.4427777777837,0 days 00:01:34.864000,9335.0,129.0,3,0.0,False,0,car,5137.0308333333305,0.9603512417938167,OnTrack,7176.9021170726255,-793.3440670170518,7256.999756305434
2026-09-13 14:23:30.520,0 days 02:17:40.080000,87,326.9427777777846,0 days 00:01:35.064000,9229.0,127.0,3,0.0,False,0,car,5144.086388888885,0.9616702550057591,OnTrack,7170.798150819062,-829.3558287600987,7256.999958038869
2026-09-13 14:23:30.600,0 days 02:17:40.160000,87,330.6316666666733,0 days 00:01:35.144000,9158.8,125.8,3,0.6,False,0,pos,5146.838580886538,0.9621847683673396,OnTrack,7166.0,-847.0,7257.0
2026-09-13 14:23:30.760,0 days 02:17:40.320000,87,338.00944444445065,0 days 00:01:35.304000,9018.4,123.4,3,1.7999999999999998,False,0,pos,5152.2077837429615,0.9631885234153239,OnTrack,7151.0,-898.0,7257.0
2026-09-13 14:23:30.920,0 days 02:17:40.480000,87,345.38722222222805,0 days 00:01:35.464000,8878.0,121.0,3,3.0,False,0,car,5157.53083333333,0.9641836502600118,OnTrack,7129.57450047416,-946.1416138631026,7257.001738976884
2026-09-13 14:23:30.980,0 days 02:17:40.540000,87,348.2372222222282,0 days 00:01:35.524000,8895.4375,120.8125,3,9.9375,False,0,pos,5159.529437732272,0.9645572828658208,OnTrack,7120.0,-963.0,7257.0
2026-09-13 14:23:31.180,0 days 02:17:40.740000,87,357.73722222222864,0 days 00:01:35.724000,8953.5625,120.1875,3,33.0625,False,0,pos,5166.197995174117,0.9658039480364274,OnTrack,7081.0,-1016.0,7257.0
2026-09-13 14:23:31.240,0 days 02:17:40.800000,87,360.5872222222288,0 days 00:01:35.784000,8971.0,120.0,3,40.0,False,0,car,5168.197499999997,0.9661777489741299,OnTrack,7066.020438133098,-1031.0353522206742,7257.022693576847
2026-09-13 14:23:31.400,0 days 02:17:40.960000,87,368.23166666667294,0 days 00:01:35.944000,8955.0,121.0,3,46.0,False,0,car,5173.575277777774,0.967183107075831,OnTrack,7018.141501628666,-1069.1023064289147,7257.139925583488
2026-09-13 14:23:31.560,0 days 02:17:41.120000,87,375.5649986926712,0 days 00:01:36.104000,9219.289646477611,125.45682371800358,3,53.13091794880572,False,0,pos,5179.298533086112,0.9682530510806052,OnTrack,6969.0,-1099.0,7257.0
2026-09-13 14:23:31.759,0 days 02:17:41.319000,87,384.68583333333936,0 days 00:01:36.303000,9548.0,131.0,3,62.0,False,0,car,5186.638888888885,0.9696253067744312,OnTrack,6912.755047191796,-1121.4998133302395,7256.269664106288
2026-09-13 14:23:31.860,0 days 02:17:41.420000,87,389.2869415288957,0 days 00:01:36.404000,9548.0,131.0,3,62.0,False,0,pos,5190.294351467895,0.970308683639585,OnTrack,6881.0,-1130.0,7256.0
2026-09-13 14:23:31.919,0 days 02:17:41.479000,87,391.9747222222295,0 days 00:01:36.463000,9548.0,131.0,3,62.0,False,0,car,5192.461111111107,0.9707137523225539,OnTrack,6860.399414148287,-1134.715077053306,7255.941057121637
2026-09-13 14:23:32.080,0 days 02:17:41.640000,87,398.90666391111756,0 days 00:01:36.624000,9548.0,137.0374976,3,62.0,False,0,pos,5198.6279392139795,0.9718666208216279,OnTrack,6799.0,-1147.0,7256.0
2026-09-13 14:23:32.159,0 days 02:17:41.719000,87,402.3080555555616,0 days 00:01:36.703000,9548.0,140.0,3,62.0,False,0,car,5201.794444444441,0.9724585886974071,OnTrack,6768.421540340034,-1153.0481112866835,7256.007543258875
2026-09-13 14:23:32.260,0 days 02:17:41.820000,87,406.4041640711173,0 days 00:01:36.804000,10254.999552,146.05999616,3,74.624992,False,0,pos,5205.980287118671,0.9732411183999866,OnTrack,6728.0,-1161.0,7256.0
2026-09-13 14:23:32.359,0 days 02:17:41.919000,87,410.41916666667294,0 days 00:01:36.903000,10948.0,152.0,3,87.0,False,0,car,5210.238888888885,0.9740372501794171,OnTrack,6685.392172912145,-1169.2534272441628,7255.998682148271
2026-09-13 14:23:32.460,0 days 02:17:42.020000,87,414.15055319111735,0 days 00:01:37.004000,11123.8030136,156.4187472,3,91.1031224,False,0,pos,5214.74815976666,0.9748802437349464,OnTrack,6641.0,-1178.0,7256.0
2026-09-13 14:23:32.620,0 days 02:17:42.180000,87,420.0616643022284,0 days 00:01:37.164000,11402.3030136,163.4187472,3,97.6031224,False,0,pos,5222.1911103872,0.9762716791969772,OnTrack,6572.0,-1192.0,7256.0
2026-09-13 14:23:32.679,0 days 02:17:42.239000,87,422.241388888895,0 days 00:01:37.223000,11505.0,166.0,3,100.0,False,0,car,5224.994444444441,0.9767957534006135,OnTrack,6545.250474909487,-1196.9033336711814,7255.999953955902
2026-09-13 14:23:32.820,0 days 02:17:42.380000,87,427.0980533511171,0 days 00:01:37.364000,11258.250112,173.9312464,3,100.0,False,0,pos,5231.82845262788,0.9780733490503825,OnTrack,6480.0,-1208.0,7256.0
2026-09-13 14:23:32.839,0 days 02:17:42.399000,87,427.75250000000597,0 days 00:01:37.383000,11225.0,175.0,4,100.0,False,0,car,5232.772222222218,0.9782497837129911,OnTrack,6471.5082067946205,-1209.450262079262,7256.000005043861
2026-09-13 14:23:33.039,0 days 02:17:42.599000,87,434.085833333339,0 days 00:01:37.583000,11643.0,185.0,4,100.0,False,0,car,5243.0499999999965,0.9801711809114902,OnTrack,6385.7131709083105,-1224.3537579005513,7256.000009753771
2026-09-13 14:23:33.180,0 days 02:17:42.740000,87,436.5141655644505,0 days 00:01:37.724000,11038.2109888,189.5321408,4,100.0,False,0,pos,5250.538534990047,0.9815711382234545,OnTrack,6300.0,-1239.0,7256.0
2026-09-13 14:23:33.319,0 days 02:17:42.879000,87,438.908055555562,0 days 00:01:37.863000,10442.0,194.0,5,100.0,False,0,car,5258.138888888885,0.9829919997175027,OnTrack,6185.461630537423,-1258.2402351864805,7255.999999826562
2026-09-13 14:23:33.340,0 days 02:17:42.900000,87,439.07138839111764,0 days 00:01:37.884000,10473.2374048,195.0499968,5,100.0,False,0,pos,5259.309968629122,0.9832109292741404,OnTrack,6169.0,-1261.0,7256.0
2026-09-13 14:23:33.559,0 days 02:17:43.119000,87,440.7747222222297,0 days 00:01:38.103000,10799.0,206.0,5,100.0,False,0,car,5271.872222222218,0.9855594018119295,OnTrack,6035.34629829268,-1283.4216570067545,7256.000000482903
2026-09-13 14:23:33.780,0 days 02:17:43.340000,87,438.4419451200071,0 days 00:01:38.324000,11228.443057454546,213.03181614545454,5,100.0,False,0,pos,5285.163853873784,0.9880442292105155,OnTrack,5936.0,-1300.0,7256.0
2026-09-13 14:23:33.999,0 days 02:17:43.559000,87,436.1302777777846,0 days 00:01:38.543000,11654.0,220.0,5,100.0,False,0,car,5298.761111111107,0.9905861923204352,OnTrack,5835.30876871017,-1316.5521553231015,7255.9999999918755
2026-09-13 14:23:34.040,0 days 02:17:43.600000,87,435.4127788977848,0 days 00:01:38.584000,11431.16534784,221.63999744,5,100.0,False,0,pos,5301.334309886802,0.9910672434801023,OnTrack,5814.0,-1320.0,7256.0
2026-09-13 14:23:34.199,0 days 02:17:43.759000,87,432.6302777777855,0 days 00:01:38.743000,10567.0,228.0,5,100.0,False,0,car,5311.427777777773,0.9929541845434501,OnTrack,5720.292448861834,-1335.0152783554793,7256.000000002513
2026-09-13 14:23:34.261,0 days 02:17:43.821000,87,431.0286144177854,0 days 00:01:38.805000,10597.999936,229.937496,5,100.0,False,0,pos,5315.4387215240795,0.9937040174590978,OnTrack,5677.0,-1342.0,7256.0
2026-09-13 14:23:34.519,0 days 02:17:44.079000,87,424.3636111111182,0 days 00:01:39.063000,10727.0,238.0,6,100.0,False,0,car,5332.583333333329,0.9969091469931173,OnTrack,5461.107500040621,-1377.3763677157253,7255.999999999536
2026-09-13 14:23:34.581,0 days 02:17:44.141000,87,424.3636111111182,0 days 00:01:39.125000,10845.5747552,240.583328,6,100.0,False,0,pos,5336.801241510087,0.9976976712373241,OnTrack,5415.0,-1385.0,7256.0
2026-09-13 14:23:34.586,0 days 02:17:44.146000,87,424.3636111111182,0 days 00:01:39.130000,10855.137132799999,240.79165866666665,6,100.0,False,0,interpolation,5337.143002365725,0.9977615623200832,OnTrack,5411.50184413602,-1385.5795324834482,7256.000000000033
