Date,SessionTime,DriverAhead,DistanceToDriverAhead,Time,RPM,Speed,nGear,Throttle,Brake,DRS,Source,Distance,RelativeDistance,Status,X,Y,Z
2026-09-13 14:10:28.796,0 days 02:04:38.356000,,194.24277777777775,0 days 00:00:00,11172.818181818182,233.13636363636363,5,100.0,False,0,interpolation,1.272920625045649,0.00023717531215638576,OnTrack,5453.862525439738,-1379.0403167890984,7255.99999999999
2026-09-13 14:10:28.820,0 days 02:04:38.380000,,194.24277777777775,0 days 00:00:00.024000,11191.036363636364,233.87272727272727,5,100.0,False,0,pos,2.947981456453855,0.0005492788854297971,OnTrack,5442.0,-1381.0,7256.0
2026-09-13 14:10:29.476,0 days 02:04:39.036000,,194.24277777777775,0 days 00:00:00.680000,11689.0,254.0,6,100.0,False,0,car,49.47777777777779,0.009218883847394454,OnTrack,4996.391488005501,-1454.3743557471869,7256.000000000068
2026-09-13 14:10:29.499,0 days 02:04:39.059000,,194.24277777777775,0 days 00:00:00.703000,11686.6999936,254.80500224,6,100.0,False,0,pos,51.135238095878684,0.009527708027471118,OnTrack,4980.0,-1457.0,7256.0
2026-09-13 14:10:29.659,0 days 02:04:39.219000,,194.24277777777775,0 days 00:00:00.863000,11670.6999936,260.40500224,6,100.0,False,0,pos,62.733704220929276,0.01168877743715678,OnTrack,4867.0,-1475.0,7256.0
2026-09-13 14:10:29.676,0 days 02:04:39.236000,43,194.24277777777775,0 days 00:00:00.880000,11669.0,261.0,6,100.0,False,0,car,63.97777777777779,0.011920577856118855,OnTrack,4854.886018613032,-1476.9477713777196,7256.000000000225
2026-09-13 14:10:29.996,0 days 02:04:39.556000,43,198.06499999999994,0 days 00:00:01.200000,10791.0,268.0,7,100.0,False,0,car,87.80000000000001,0.0163592230321381,OnTrack,4621.037974358636,-1515.2259320350436,7256.000000002184
2026-09-13 14:10:30.019,0 days 02:04:39.579000,43,198.25666719999995,0 days 00:00:01.223000,10809.86005248,268.46000128,7,100.0,False,0,pos,89.5287085285676,0.016681322444169953,OnTrack,4604.0,-1518.0,7256.0
2026-09-13 14:10:30.196,0 days 02:04:39.756000,43,199.73166666666663,0 days 00:00:01.400000,10955.0,272.0,7,100.0,False,0,car,102.91111111111113,0.019174781539314487,OnTrack,4472.2219269773595,-1539.2521553268198,7255.999999990692
2026-09-13 14:10:30.219,0 days 02:04:39.779000,43,199.68055541333328,0 days 00:00:01.423000,10968.416704,272.4472234666667,7,100.0,False,0,pos,104.66812752802282,0.01950215538254213,OnTrack,4455.0,-1542.0,7256.0
2026-09-13 14:10:30.419,0 days 02:04:39.979000,43,199.2361109688888,0 days 00:00:01.623000,11085.083370666667,276.33611235555554,7,100.0,False,0,pos,120.1365904771627,0.022384297015222585,OnTrack,4304.0,-1566.0,7256.0
2026-09-13 14:10:30.556,0 days 02:04:40.116000,43,198.93166666666656,0 days 00:00:01.760000,11165.0,279.0,7,100.0,False,0,car,130.81111111111113,0.024373213459549715,OnTrack,4198.662882480295,-1583.2447045038457,7255.999999284884
2026-09-13 14:10:30.659,0 days 02:04:40.219000,43,197.61555473777767,0 days 00:00:01.863000,11209.510741942857,279.73571474285717,7,100.0,False,0,pos,138.83956061288526,0.025869104074604167,OnTrack,4121.0,-1596.0,7256.0
2026-09-13 14:10:30.836,0 days 02:04:40.396000,43,195.35388888888878,0 days 00:00:02.040000,11286.0,281.0,7,100.0,False,0,car,152.66666666666669,0.028445421976914388,OnTrack,3987.0413591779943,-1617.6240408257481,7256.000001843757
2026-09-13 14:10:30.859,0 days 02:04:40.419000,43,194.90027651555545,0 days 00:00:02.063000,11303.1062976,281.2875008,7,100.0,False,0,pos,154.46951417684093,0.02878133524014759,OnTrack,3966.0,-1621.0,7256.0
2026-09-13 14:10:30.996,0 days 02:04:40.556000,43,192.1983333333332,0 days 00:00:02.200000,11405.0,283.0,7,100.0,False,0,car,165.24444444444447,0.03078896038141709,OnTrack,3820.726906566814,-1644.284910546552,7255.999984910092
2026-09-13 14:10:31.039,0 days 02:04:40.599000,43,191.07555388444433,0 days 00:00:02.243000,11418.9750208,283.5375008,7,100.0,False,0,pos,168.6434484974114,0.031422275476970934,OnTrack,3779.0,-1651.0,7256.0
2026-09-13 14:10:31.236,0 days 02:04:40.796000,43,185.93166666666656,0 days 00:00:02.440000,11483.0,286.0,7,100.0,False,0,car,184.31111111111113,0.03434153273311906,OnTrack,3649.827960735306,-1672.111883133658,7256.000265037309
2026-09-13 14:10:31.396,0 days 02:04:40.956000,43,181.17611111111097,0 days 00:00:02.600000,11531.0,288.0,7,100.0,False,0,car,197.11111111111114,0.036726476409786116,OnTrack,3556.0689064200265,-1687.3500549247785,7256.000253365827
2026-09-13 14:10:31.460,0 days 02:04:41.020000,43,178.8472222222221,0 days 00:00:02.664000,11539.96,288.32,7,100.0,False,0,pos,202.24162842796747,0.03768241350610387,OnTrack,3495.0,-1697.0,7256.0
2026-09-13 14:10:31.596,0 days 02:04:41.156000,43,173.8983333333332,0 days 00:00:02.800000,11559.0,289.0,7,100.0,False,0,car,213.16666666666669,0.03971800732366103,OnTrack,3324.5689084812225,-1723.6173879720343,7255.999208824554
2026-09-13 14:10:31.660,0 days 02:04:41.220000,43,171.32055555555542,0 days 00:00:02.864000,11568.066666666668,289.35555555555555,7,100.0,False,0,pos,218.32310791561596,0.04067877466356625,OnTrack,3251.0,-1735.0,7256.0
2026-09-13 14:10:31.956,0 days 02:04:41.516000,43,159.3983333333332,0 days 00:00:03.160000,11610.0,291.0,7,100.0,False,0,car,242.2666666666667,0.045140027713583795,OnTrack,3081.4202225314575,-1759.9930249951562,7256.015336371321
2026-09-13 14:10:32.100,0 days 02:04:41.660000,43,152.8383333333332,0 days 00:00:03.304000,11638.0,291.4,7,100.0,False,0,pos,253.93080609995482,0.04731333361867625,OnTrack,2978.0,-1774.0,7256.0
2026-09-13 14:10:32.316,0 days 02:04:41.876000,43,142.99833333333322,0 days 00:00:03.520000,11680.0,292.0,7,100.0,False,0,car,271.4666666666667,0.05058068047598052,OnTrack,2725.5706443568833,-1808.3737705443257,7255.996497945974
2026-09-13 14:10:32.320,0 days 02:04:41.880000,43,142.80166663180043,0 days 00:00:03.524000,11678.260387503227,292.0221606687487,7,99.09141258130306,False,0,pos,271.79228840766797,0.050641351531620075,OnTrack,2721.0,-1809.0,7256.0
2026-09-13 14:10:32.677,0 days 02:04:42.237000,43,125.24916666666661,0 days 00:00:03.881000,11523.0,294.0,7,18.0,False,0,car,300.9483333333333,0.05607381442084556,OnTrack,2403.8382367574677,-1852.9556313167038,7256.858128301532
2026-09-13 14:10:32.740,0 days 02:04:42.300000,43,122.16916353777772,0 days 00:00:03.944000,11478.637454933334,292.94999893333335,7,13.2749952,False,0,pos,306.09614464936453,0.057032973799505234,OnTrack,2367.0,-1858.0,7257.0
2026-09-13 14:10:32.917,0 days 02:04:42.477000,43,113.51583333333326,0 days 00:00:04.121000,11354.0,290.0,7,0.0,False,0,car,320.2816666666667,0.05967607309914477,OnTrack,2294.651715997647,-1867.5875723321842,7257.276577403078
2026-09-13 14:10:33.100,0 days 02:04:42.660000,43,106.29749747555552,0 days 00:00:04.304000,10502.592202240001,272.61499392,7,0.0,False,0,pos,333.7610071438142,0.06218759402388033,OnTrack,2181.0,-1883.0,7257.0
2026-09-13 14:10:33.300,0 days 02:04:42.860000,43,98.40860858666666,0 days 00:00:04.504000,9572.092202240001,253.61499392,7,0.0,False,0,pos,347.1930714317627,0.06469030627295283,OnTrack,1952.0,-1915.0,7256.0
2026-09-13 14:10:33.317,0 days 02:04:42.877000,43,97.73805555555555,0 days 00:00:04.521000,9493.0,252.0,7,0.0,True,0,car,348.28166666666664,0.06489313739185394,OnTrack,1938.1132428633946,-1916.9446870316433,7255.976806284053
2026-09-13 14:10:33.597,0 days 02:04:43.157000,43,89.4158333333333,0 days 00:00:04.801000,10080.0,216.0,7,0.0,True,0,car,365.08166666666665,0.06802337596747947,OnTrack,1853.382252987155,-1928.8206737950002,7256.962894872933
2026-09-13 14:10:33.620,0 days 02:04:43.180000,43,88.84722063999996,0 days 00:00:04.824000,10186.9502976,213.9874944,7,0.0,True,0,pos,366.3793441581823,0.06826516407120943,OnTrack,1845.0,-1930.0,7257.0
2026-09-13 14:10:33.820,0 days 02:04:43.380000,43,83.90277619555552,0 days 00:00:05.024000,11116.9502976,196.4874944,7,0.0,True,0,pos,377.1961127581885,0.0702805846864091,OnTrack,1738.0,-1945.0,7257.0
2026-09-13 14:10:33.837,0 days 02:04:43.397000,43,83.48249999999996,0 days 00:00:05.041000,11196.0,195.0,7,0.0,True,0,car,378.08166666666665,0.07044558438909444,OnTrack,1728.9020650290213,-1946.2582076060455,7257.057181739678
2026-09-13 14:10:34.040,0 days 02:04:43.600000,43,79.59166543999996,0 days 00:00:05.244000,10568.874802285714,181.22499565714287,7,0.0,True,0,pos,388.2336142007453,0.07233713306700512,OnTrack,1632.0,-1960.0,7258.0
2026-09-13 14:10:34.117,0 days 02:04:43.677000,43,78.11583333333328,0 days 00:00:05.321000,10331.0,176.0,5,0.0,True,0,car,391.7705555555555,0.07299614915441893,OnTrack,1598.1956400829727,-1965.6352392197432,7257.59784613164
2026-09-13 14:10:34.200,0 days 02:04:43.760000,43,77.05527724399826,0 days 00:00:05.404000,10230.983213259726,166.2761457335844,5,0.0,True,0,pos,395.3486610709939,0.07366283510156676,OnTrack,1563.0,-1972.0,7257.0
2026-09-13 14:10:34.356,0 days 02:04:43.916000,43,75.06194444444446,0 days 00:00:05.560000,10043.0,148.0,4,0.0,True,0,car,401.59611111111104,0.07482688326316604,OnTrack,1499.9356764405825,-1984.3590140868191,7256.763285643067
2026-09-13 14:10:34.500,0 days 02:04:44.060000,43,73.62194444444442,0 days 00:00:05.704000,9798.92,140.08,4,0.0,True,0,pos,407.1271048585006,0.07585743861969116,OnTrack,1446.0,-1997.0,7257.0
2026-09-13 14:10:34.556,0 days 02:04:44.116000,43,73.0619444444444,0 days 00:00:05.760000,9704.0,137.0,3,0.0,True,0,car,409.2072222222222,0.07624501383479533,OnTrack,1426.3027802845568,-2002.4216350752058,7257.0720670634155
2026-09-13 14:10:34.756,0 days 02:04:44.316000,43,71.39527777777772,0 days 00:00:05.960000,9364.0,128.0,3,0.0,True,0,car,416.3183333333333,0.07756998254405481,OnTrack,1360.2939576552524,-2025.4428160855318,7257.012674399286
2026-09-13 14:10:34.760,0 days 02:04:44.320000,43,71.37083333333328,0 days 00:00:05.964000,9354.157142857142,127.91428571428571,3,0.0,True,0,pos,416.4573917286052,0.07759589242221819,OnTrack,1359.0,-2026.0,7257.0
2026-09-13 14:10:34.980,0 days 02:04:44.540000,43,70.02638888888883,0 days 00:00:06.184000,8812.8,123.2,3,0.0,True,0,pos,423.9560418804167,0.07899306884902299,OnTrack,1295.0,-2059.0,7256.0
2026-09-13 14:10:35.036,0 days 02:04:44.596000,43,69.68416666666661,0 days 00:00:06.240000,8675.0,122.0,3,0.0,True,0,car,425.8072222222222,0.07933798766547293,OnTrack,1285.3613677972073,-2065.2666812925004,7255.994184537901
2026-09-13 14:10:35.100,0 days 02:04:44.660000,43,69.52416666666662,0 days 00:00:06.304000,8611.2,120.4,3,0.0,True,0,pos,427.8913305611085,0.07972630649393511,OnTrack,1275.0,-2073.0,7256.0
2026-09-13 14:10:35.300,0 days 02:04:44.860000,43,69.0241666666666,0 days 00:00:06.504000,8411.825,115.4,3,0.0,True,0,pos,434.2081587116726,0.08090328144348825,OnTrack,1227.0,-2114.0,7255.0
2026-09-13 14:10:35.356,0 days 02:04:44.916000,43,68.8841666666666,0 days 00:00:06.560000,8356.0,114.0,3,0.0,False,0,car,435.94055555555553,0.08122606807616768,OnTrack,1215.1381300009255,-2126.735143936841,7254.652239755957
2026-09-13 14:10:35.500,0 days 02:04:45.060000,43,69.1641666666666,0 days 00:00:06.704000,8280.4,112.0,3,2.8000000000000003,False,0,pos,440.33227317480356,0.08204434926099057,OnTrack,1189.0,-2162.0,7254.0
2026-09-13 14:10:35.716,0 days 02:04:45.276000,43,69.58416666666659,0 days 00:00:06.920000,8167.0,109.0,3,7.0,False,0,car,446.84055555555557,0.08325699667582948,OnTrack,1150.4973011981406,-2229.7548150081916,7254.693035724649
2026-09-13 14:10:35.800,0 days 02:04:45.360000,43,69.74749999999993,0 days 00:00:07.004000,8218.8,109.0,3,11.55,False,0,pos,449.38566382913575,0.08373121072922854,OnTrack,1139.0,-2254.0,7255.0
2026-09-13 14:10:35.956,0 days 02:04:45.516000,43,70.05083333333329,0 days 00:00:07.160000,8315.0,109.0,3,20.0,False,0,car,454.1072222222222,0.084610949075604,OnTrack,1125.8251120586444,-2289.7478437985556,7255.169951862087
2026-09-13 14:10:36.156,0 days 02:04:45.716000,43,71.328611111111,0 days 00:00:07.360000,8483.0,108.0,3,29.0,False,0,car,460.1072222222222,0.08572889142404169,OnTrack,1111.7849568134982,-2344.255253740662,7255.005458070739
2026-09-13 14:10:36.179,0 days 02:04:45.739000,43,71.55222284444434,0 days 00:00:07.383000,8459.59743488,108.17250048,3,27.33249536,False,0,pos,460.8057701068577,0.08585904746781596,OnTrack,1109.0,-2354.0,7255.0
2026-09-13 14:10:36.359,0 days 02:04:45.919000,43,73.30222284444437,0 days 00:00:07.563000,8276.44743488,109.52250048,3,14.28249536,False,0,pos,466.3652136647071,0.0868949036989941,OnTrack,1082.0,-2444.0,7255.0
2026-09-13 14:10:36.556,0 days 02:04:46.116000,43,75.21749999999997,0 days 00:00:07.760000,8076.0,111.0,3,0.0,False,0,car,472.44055555555553,0.08802688402916359,OnTrack,1063.3453787637961,-2498.5063379552885,7254.689724760279
2026-09-13 14:10:36.799,0 days 02:04:46.359000,43,78.39000083555564,0 days 00:00:08.003000,7874.657089828572,107.52857051428572,3,0.0,False,0,pos,479.68201310158344,0.08937613937168329,OnTrack,1043.0,-2532.0,7254.0
2026-09-13 14:10:36.836,0 days 02:04:46.396000,43,78.87305555555565,0 days 00:00:08.040000,7844.0,107.0,3,0.0,False,0,car,480.7627777777777,0.08957751147171882,OnTrack,1038.0099503186063,-2539.414340805753,7253.8933251103945
2026-09-13 14:10:37.059,0 days 02:04:46.619000,43,83.39500129777788,0 days 00:00:08.263000,7858.247226311111,104.52222151111111,3,5.575001599999999,False,0,pos,487.16517587891707,0.0907704301331889,OnTrack,998.0,-2590.0,7253.0
2026-09-13 14:10:37.179,0 days 02:04:46.739000,43,85.82833463111122,0 days 00:00:08.383000,7865.913892977777,103.18888817777778,3,8.5750016,False,0,pos,490.57886567006636,0.09140648153018144,OnTrack,971.0,-2611.0,7252.0
2026-09-13 14:10:37.196,0 days 02:04:46.756000,43,86.17305555555566,0 days 00:00:08.400000,7867.0,103.0,3,9.0,False,0,car,491.06277777777774,0.09149664583653684,OnTrack,967.0494664414045,-2613.7187319931927,7251.830288870437
2026-09-13 14:10:37.359,0 days 02:04:46.919000,43,89.84055699555562,0 days 00:00:08.563000,8009.625056,103.0,3,26.11500672,False,0,pos,495.7158182923726,0.0923636176765805,OnTrack,926.0,-2638.0,7250.0
2026-09-13 14:10:37.396,0 days 02:04:46.956000,43,90.6730555555556,0 days 00:00:08.600000,8042.0,103.0,3,30.0,False,0,car,496.78499999999997,0.09256283159476908,OnTrack,914.7203547602284,-2643.366025420448,7249.599806896808
2026-09-13 14:10:37.676,0 days 02:04:47.236000,43,97.36194444444453,0 days 00:00:08.880000,8392.0,107.0,3,53.0,False,0,car,505.1072222222222,0.0941134590373243,OnTrack,814.9848735565274,-2679.913951553521,7247.132802333443
2026-09-13 14:10:37.699,0 days 02:04:47.259000,43,97.93694604444453,0 days 00:00:08.903000,8443.111253333333,107.44722346666667,3,53.958336,False,0,pos,505.81128981026245,0.09424464353279641,OnTrack,808.0,-2682.0,7247.0
2026-09-13 14:10:38.036,0 days 02:04:47.596000,43,106.36194444444448,0 days 00:00:09.240000,9192.0,114.0,3,68.0,False,0,car,516.5072222222223,0.09623754949935591,OnTrack,728.0567212016792,-2697.8451563315366,7246.011899222441
2026-09-13 14:10:38.040,0 days 02:04:47.600000,43,106.46638888888891,0 days 00:00:09.244000,9195.5,114.15,3,68.0,False,0,pos,516.6385962563326,0.09626202759872542,OnTrack,727.0,-2698.0,7246.0
2026-09-13 14:10:38.196,0 days 02:04:47.756000,43,110.53972222222217,0 days 00:00:09.400000,9332.0,120.0,3,68.0,False,0,car,521.8405555555556,0.09723127603130052,OnTrack,679.6164105817087,-2704.673324785078,7245.409516510905
2026-09-13 14:10:38.260,0 days 02:04:47.820000,43,112.19305555555555,0 days 00:00:09.464000,9595.6,121.6,3,72.0,False,0,pos,524.0143158734116,0.09763629915041462,OnTrack,653.0,-2708.0,7245.0
2026-09-13 14:10:38.356,0 days 02:04:47.916000,43,114.6730555555556,0 days 00:00:09.560000,9991.0,124.0,3,78.0,False,0,car,527.3516666666667,0.09825812678097662,OnTrack,602.7197124009667,-2713.7903694700653,7244.137659479637
2026-09-13 14:10:38.480,0 days 02:04:48.040000,43,117.80750000000006,0 days 00:00:09.684000,10405.366666666667,128.82222222222222,3,80.41111111111111,False,0,pos,531.8837452673669,0.09910256054667176,OnTrack,537.0,-2721.0,7243.0
2026-09-13 14:10:38.716,0 days 02:04:48.276000,43,123.77305555555563,0 days 00:00:09.920000,11194.0,138.0,3,85.0,False,0,car,541.1516666666666,0.10082939418238328,OnTrack,474.4322795122693,-2727.479823377494,7242.317755410904
2026-09-13 14:10:38.860,0 days 02:04:48.420000,43,127.25305617250868,0 days 00:00:10.064000,11545.0249929795,144.38227259962727,3,87.79224426233694,False,0,pos,547.168550318032,0.10195048235563056,OnTrack,427.0,-2729.0,7242.0
2026-09-13 14:10:39.077,0 days 02:04:48.637000,43,132.49722222222238,0 days 00:00:10.281000,12074.0,154.0,3,92.0,False,0,car,556.5944444444444,0.10370675005826498,OnTrack,309.4141794062582,-2730.0000169561017,7241.010414340833
2026-09-13 14:10:39.080,0 days 02:04:48.640000,43,132.5655570133335,0 days 00:00:10.284000,12079.4563664,154.093752,3,92.0187504,False,0,pos,556.726037479046,0.10373126896262175,OnTrack,308.0,-2730.0,7241.0
2026-09-13 14:10:39.237,0 days 02:04:48.797000,43,136.14166666666677,0 days 00:00:10.441000,12365.0,159.0,3,93.0,False,0,car,563.6611111111112,0.10502343771309158,OnTrack,251.68044372186444,-2729.4246054634505,7240.700958271371
2026-09-13 14:10:39.397,0 days 02:04:48.957000,43,139.78611111111127,0 days 00:00:10.601000,11385.0,163.0,3,96.0,False,0,car,570.9055555555556,0.10637324958564967,OnTrack,190.58295903744715,-2720.327537379864,7240.987944392526
2026-09-13 14:10:39.400,0 days 02:04:48.960000,43,139.84527904000015,0 days 00:00:10.604000,11385.1125024,163.1593784,3,96.0093752,False,0,pos,571.0461511172899,0.10639944587439387,OnTrack,189.0,-2720.0,7241.0
2026-09-13 14:10:39.717,0 days 02:04:49.277000,43,146.0972222222224,0 days 00:00:10.921000,11397.0,180.0,4,97.0,False,0,car,586.9055555555555,0.10935442918148347,OnTrack,-19.606163983455712,-2666.419340554704,7242.9876208590085
2026-09-13 14:10:39.720,0 days 02:04:49.280000,43,146.15889020444462,0 days 00:00:10.924000,11392.0123936,180.1500032,4,97.0562512,False,0,pos,587.0608133415377,0.1093833573904625,OnTrack,-21.0,-2666.0,7243.0
2026-09-13 14:10:39.877,0 days 02:04:49.437000,43,149.3861111111113,0 days 00:00:11.081000,11131.0,188.0,4,100.0,False,0,car,595.2611111111111,0.11091126741486337,OnTrack,-66.5855585552491,-2649.669477913896,7243.320549385487
2026-09-13 14:10:40.000,0 days 02:04:49.560000,43,151.84611239111132,0 days 00:00:11.204000,10763.5373088,191.0750016,4,100.0,False,0,pos,601.7860589384824,0.11212701999779083,OnTrack,-100.0,-2633.0,7244.0
2026-09-13 14:10:40.037,0 days 02:04:49.597000,43,152.58611111111134,0 days 00:00:11.241000,10653.0,192.0,4,100.0,False,0,car,603.7944444444444,0.11250122986597473,OnTrack,-114.62891504666614,-2625.684902344995,7244.401880326109
2026-09-13 14:10:40.260,0 days 02:04:49.820000,43,156.8602790044447,0 days 00:00:11.464000,10884.3625664,203.1500032,4,100.0,False,0,pos,616.413340801408,0.11485242963730737,OnTrack,-229.0,-2567.0,7248.0
2026-09-13 14:10:40.277,0 days 02:04:49.837000,43,157.18611111111136,0 days 00:00:11.481000,10902.0,204.0,5,100.0,False,0,car,617.3944444444444,0.11503523252243349,OnTrack,-237.1029296321592,-2562.547047566734,7248.256928431812
2026-09-13 14:10:40.517,0 days 02:04:50.077000,43,161.65277777777794,0 days 00:00:11.721000,11588.0,211.0,5,100.0,False,0,car,631.4611111111111,0.1176561862504374,OnTrack,-349.89854841979087,-2488.1795903379725,7251.604356641939
2026-09-13 14:10:40.540,0 days 02:04:50.100000,43,162.0425010844446,0 days 00:00:11.744000,11604.291712,211.958336,5,100.0,False,0,pos,632.8423586424923,0.11791354543527174,OnTrack,-365.0,-2476.0,7252.0
2026-09-13 14:10:40.700,0 days 02:04:50.260000,43,164.75361219555575,0 days 00:00:11.904000,11717.625045333334,218.62500266666666,5,100.0,False,0,pos,642.6337757699938,0.11973791874494707,OnTrack,-485.0,-2373.0,7255.0
2026-09-13 14:10:40.757,0 days 02:04:50.317000,43,165.71944444444466,0 days 00:00:11.961000,11758.0,221.0,5,100.0,False,0,car,646.1944444444445,0.12040135579493438,OnTrack,-516.2761596220273,-2345.4839031140823,7255.786789331558
2026-09-13 14:10:41.120,0 days 02:04:50.680000,43,171.66861120574782,0 days 00:00:12.324000,10835.48870712963,231.91729340674993,5,100.0,False,0,pos,669.6464510399969,0.12477102101643571,OnTrack,-621.0,-2222.0,7258.0
2026-09-13 14:10:41.156,0 days 02:04:50.716000,43,172.25861111111124,0 days 00:00:12.360000,10744.0,233.0,6,100.0,False,0,car,672.0186111111111,0.1252130107165643,OnTrack,-642.9938307529962,-2192.152600809379,7258.340323113931
2026-09-13 14:10:41.300,0 days 02:04:50.860000,43,174.5786111111113,0 days 00:00:12.504000,10816.72,237.32,6,100.0,False,0,pos,681.564944703646,0.1269917191491323,OnTrack,-746.0,-2051.0,7260.0
2026-09-13 14:10:41.356,0 days 02:04:50.916000,43,175.48083333333352,0 days 00:00:12.560000,10845.0,239.0,6,100.0,False,0,car,685.2963888888889,0.12768697572838472,OnTrack,-778.9281487613479,-2004.48538385928,7260.673995642975
2026-09-13 14:10:41.516,0 days 02:04:51.076000,43,178.14750000000015,0 days 00:00:12.720000,11275.0,241.0,6,100.0,False,0,car,696.0075,0.12968270984670682,OnTrack,-843.7471305991222,-1906.9151681591648,7262.634355751606
2026-09-13 14:10:41.716,0 days 02:04:51.276000,43,181.53638888888895,0 days 00:00:12.920000,11396.0,244.0,6,100.0,False,0,car,709.5630555555556,0.13220843144873268,OnTrack,-888.0504495748252,-1831.4767166926795,7264.629340794022
2026-09-13 14:10:41.780,0 days 02:04:51.340000,43,182.56750000000005,0 days 00:00:12.984000,11458.8,246.8,6,100.0,False,0,pos,713.9912963259715,0.13303351776312036,OnTrack,-901.0,-1810.0,7265.0
2026-09-13 14:10:41.876,0 days 02:04:51.436000,43,184.11416666666673,0 days 00:00:13.080000,11553.0,251.0,6,100.0,False,0,car,720.7186111111112,0.1342869761113835,OnTrack,-919.4395364680204,-1780.0598956499637,7265.309738026142
2026-09-13 14:10:42.020,0 days 02:04:51.580000,43,186.31416666666675,0 days 00:00:13.224000,11227.65,254.6,6,100.0,False,0,pos,730.9689777247569,0.13619686259878458,OnTrack,-953.0,-1726.0,7266.0
2026-09-13 14:10:42.196,0 days 02:04:51.756000,43,189.00305555555565,0 days 00:00:13.400000,10830.0,259.0,6,100.0,False,0,car,743.7408333333334,0.13857656230761106,OnTrack,-1018.5623297440941,-1618.5159705230683,7268.641603690015
2026-09-13 14:10:42.220,0 days 02:04:51.780000,43,189.3497222222223,0 days 00:00:13.424000,10837.5,259.6,6,100.0,False,0,pos,745.5016882177571,0.13890465134840282,OnTrack,-1028.0,-1603.0,7269.0
2026-09-13 14:10:42.479,0 days 02:04:52.039000,43,193.09083425777774,0 days 00:00:13.683000,10918.43752,266.0750016,6,100.0,False,0,pos,764.7872298295691,0.14249800529513643,OnTrack,-1127.0,-1440.0,7272.0
2026-09-13 14:10:42.596,0 days 02:04:52.156000,43,194.78083333333325,0 days 00:00:13.800000,10955.0,269.0,7,100.0,False,0,car,773.6297222222223,0.14414557141371728,OnTrack,-1171.7096418463555,-1366.2566867753076,7273.276617116524
2026-09-13 14:10:42.659,0 days 02:04:52.219000,43,195.62083418666668,0 days 00:00:13.863000,11018.000064,270.89000192,7,100.0,False,0,pos,778.4192241050063,0.14503796924416495,OnTrack,-1196.0,-1326.0,7274.0
2026-09-13 14:10:42.796,0 days 02:04:52.356000,43,197.44750000000022,0 days 00:00:14,11155.0,275.0,7,100.0,False,0,car,788.9075,0.14699218387501695,OnTrack,-1249.4894313279283,-1236.6400772267164,7275.696690046353
2026-09-13 14:10:42.956,0 days 02:04:52.516000,43,199.58083333333332,0 days 00:00:14.160000,11155.0,279.0,7,100.0,False,0,car,801.3075,0.14930259806178814,OnTrack,-1312.877149350482,-1129.8779302420494,7277.601205882037
2026-09-13 14:10:42.999,0 days 02:04:52.559000,43,200.13027859555555,0 days 00:00:14.203000,11197.7313136,279.9406264,7,100.0,False,0,pos,804.6769580474348,0.14993040803554006,OnTrack,-1330.0,-1101.0,7278.0
2026-09-13 14:10:43.119,0 days 02:04:52.679000,43,201.6636119288889,0 days 00:00:14.323000,11316.9813136,282.5656264,7,100.0,False,0,pos,814.1688703691374,0.15169897649422148,OnTrack,-1378.0,-1020.0,7279.0
2026-09-13 14:10:43.276,0 days 02:04:52.836000,43,203.66972222222228,0 days 00:00:14.480000,11473.0,286.0,7,100.0,False,0,car,826.7297222222222,0.15403936119739078,OnTrack,-1441.7593013459953,-913.0474017486099,7280.971871774774
2026-09-13 14:10:43.279,0 days 02:04:52.839000,43,203.70638967111117,0 days 00:00:14.483000,11466.4092344,286.0562512,7,100.0,False,0,pos,826.9708876180059,0.15408429603221152,OnTrack,-1443.0,-911.0,7281.0
2026-09-13 14:10:43.459,0 days 02:04:53.019000,43,205.90638967111119,0 days 00:00:14.663000,11070.9717344,289.4312512,7,100.0,False,0,pos,841.5187957043315,0.15679491645402527,OnTrack,-1519.0,-788.0,7282.0
2026-09-13 14:10:43.596,0 days 02:04:53.156000,43,207.58083333333343,0 days 00:00:14.800000,10770.0,292.0,7,100.0,False,0,car,852.6852777777779,0.1588754969861879,OnTrack,-1577.9200234284358,-693.7774312231545,7283.546408594552
2026-09-13 14:10:43.759,0 days 02:04:53.319000,43,209.52777854222248,0 days 00:00:14.963000,10704.7999744,294.71666773333334,7,100.0,False,0,pos,866.0673569937794,0.1613688958304739,OnTrack,-1649.0,-581.0,7286.0
2026-09-13 14:10:43.836,0 days 02:04:53.396000,43,210.44750000000033,0 days 00:00:15.040000,10674.0,296.0,8,100.0,False,0,car,872.4186111111111,0.16255228515438291,OnTrack,-1682.9573108787754,-527.5200855543637,7287.077660592697
2026-09-13 14:10:43.996,0 days 02:04:53.556000,43,212.40305555555597,0 days 00:00:15.200000,10674.0,298.0,8,100.0,False,0,car,885.6630555555555,0.16502003937537868,OnTrack,-1753.985583718754,-415.5420690971786,7289.307659914017
2026-09-13 14:10:44.039,0 days 02:04:53.599000,43,212.91666743111153,0 days 00:00:15.243000,10699.352121066666,298.2687504,8,100.0,False,0,pos,889.228787846844,0.16568441989731592,OnTrack,-1773.0,-385.0,7290.0
2026-09-13 14:10:44.159,0 days 02:04:53.719000,43,214.3500007644449,0 days 00:00:15.363000,10770.102121066666,299.0187504,8,100.0,False,0,pos,899.1905696598989,0.1675405361897676,OnTrack,-1826.0,-299.0,7292.0
2026-09-13 14:10:44.359,0 days 02:04:53.919000,43,216.73888965333384,0 days 00:00:15.563000,10888.018787733334,300.2687504,8,100.0,False,0,pos,915.8851513701103,0.17065113283698402,OnTrack,-1916.0,-157.0,7294.0
2026-09-13 14:10:44.476,0 days 02:04:54.036000,43,218.13638888888943,0 days 00:00:15.680000,10957.0,301.0,8,100.0,False,0,car,925.7963888888888,0.17249783152826184,OnTrack,-1968.8378927655751,-73.12945066526578,7296.144322657173
2026-09-13 14:10:44.519,0 days 02:04:54.079000,43,218.3991670727808,0 days 00:00:15.723000,10973.762737770576,301.69045601800997,8,100.0,False,0,pos,929.4682462769207,0.17318198567351262,OnTrack,-1989.0,-41.0,7297.0
2026-09-13 14:10:45.540,0 days 02:04:55.100000,43,224.63861148233585,0 days 00:00:16.744000,11371.779684697502,318.0847467381122,8,100.0,False,0,pos,1020.0383173624997,0.19005733866810928,OnTrack,-2524.0,818.0,7311.0
2026-09-13 14:10:45.597,0 days 02:04:55.157000,43,224.98694444444504,0 days 00:00:16.801000,11394.0,319.0,8,100.0,False,0,car,1025.1294444444443,0.19100593642913993,OnTrack,-2541.376602636564,846.1342702616896,7311.449360403986
2026-09-13 14:10:45.877,0 days 02:04:55.437000,43,226.5425000000007,0 days 00:00:17.081000,11517.0,321.0,8,100.0,False,0,car,1050.096111111111,0.19565781875680563,OnTrack,-2617.2164483219026,970.4199110616247,7313.720539239664
2026-09-13 14:10:45.900,0 days 02:04:55.460000,43,226.5616667200007,0 days 00:00:17.104000,11520.2583424,321.06388906666666,8,100.0,False,0,pos,1052.1470035862806,0.19603994868181968,OnTrack,-2626.0,985.0,7314.0
2026-09-13 14:10:46.160,0 days 02:04:55.720000,43,226.77833338666733,0 days 00:00:17.364000,11557.091675733333,321.7861112888889,8,100.0,False,0,pos,1075.3700401098743,0.20036695134665977,OnTrack,-2746.0,1186.0,7318.0
2026-09-13 14:10:46.237,0 days 02:04:55.797000,43,226.84250000000065,0 days 00:00:17.441000,11568.0,322.0,8,100.0,False,0,car,1082.296111111111,0.2016574426934212,OnTrack,-2773.5941725054035,1233.370061000159,7319.094406891767
2026-09-13 14:10:46.360,0 days 02:04:55.920000,43,226.808333315556,0 days 00:00:17.564000,11633.087533866666,324.05000106666665,8,100.0,False,0,pos,1093.421892105223,0.20373043964888132,OnTrack,-2818.0,1317.0,7321.0
2026-09-13 14:10:46.477,0 days 02:04:56.037000,43,226.7758333333336,0 days 00:00:17.681000,11695.0,326.0,8,100.0,False,0,car,1104.0294444444446,0.20570687831109552,OnTrack,-2881.1163033722637,1449.8824865482381,7323.582799957348
2026-09-13 14:10:46.640,0 days 02:04:56.200000,43,225.68916624000045,0 days 00:00:17.844000,11695.0,326.0,8,100.0,False,0,pos,1118.77687033702,0.2084546736337216,OnTrack,-2970.0,1646.0,7327.0
2026-09-13 14:10:46.757,0 days 02:04:56.317000,43,224.90916666666726,0 days 00:00:17.961000,11695.0,326.0,8,100.0,False,0,car,1129.385,0.2104312198650488,OnTrack,-3002.7023923080715,1721.8508117539004,7327.95628527156
2026-09-13 14:10:46.940,0 days 02:04:56.500000,43,223.58749953777826,0 days 00:00:18.144000,11695.0,327.83000064,8,100.0,False,0,pos,1146.0577509784139,0.21353774892900296,OnTrack,-3031.0,1797.0,7328.0
2026-09-13 14:10:46.957,0 days 02:04:56.517000,43,223.4647222222227,0 days 00:00:18.161000,11695.0,328.0,8,100.0,False,0,car,1147.6072222222224,0.21382645218252627,OnTrack,-3034.784992883335,1807.0323737473736,7328.007579802173
2026-09-13 14:10:47.220,0 days 02:04:56.780000,43,219.88499912888932,0 days 00:00:18.424000,11695.0,328.0,8,100.0,False,0,pos,1171.5626256379926,0.21828991217459265,OnTrack,-3118.0,2037.0,7329.0
2026-09-13 14:10:47.277,0 days 02:04:56.837000,43,219.10916666666708,0 days 00:00:18.481000,11695.0,328.0,8,100.0,False,0,car,1176.762777777778,0.21925882389049012,OnTrack,-3140.419750929793,2106.4234082398716,7329.788404887777
2026-09-13 14:10:47.500,0 days 02:04:57.060000,43,213.34833168000043,0 days 00:00:18.704000,11719.777784888889,328.6194446222222,8,100.0,False,0,pos,1197.154977549878,0.22305837450766208,OnTrack,-3225.0,2387.0,7334.0
2026-09-13 14:10:47.637,0 days 02:04:57.197000,43,209.80916666666712,0 days 00:00:18.841000,11735.0,329.0,8,100.0,False,0,car,1209.6627777777778,0.22538887443442338,OnTrack,-3249.975160764582,2476.965978399592,7335.617513673175
2026-09-13 14:10:47.820,0 days 02:04:57.380000,43,204.01416596931958,0 days 00:00:19.024000,11708.76343770301,327.68817188515055,8,100.0,False,0,pos,1226.298924488075,0.2284885832548006,OnTrack,-3270.0,2563.0,7337.0
2026-09-13 14:10:47.916,0 days 02:04:57.476000,43,200.9741666666671,0 days 00:00:19.120000,11695.0,327.0,8,100.0,False,0,car,1235.0052777777778,0.23011078342863706,OnTrack,-3287.623071015366,2638.1219262597338,7337.767706351779
2026-09-13 14:10:48.020,0 days 02:04:57.580000,43,197.21861111111164,0 days 00:00:19.224000,11695.0,326.35,8,100.0,False,0,pos,1244.4268312568288,0.23186624236568726,OnTrack,-3310.0,2740.0,7339.0
2026-09-13 14:10:48.076,0 days 02:04:57.636000,43,195.1963888888895,0 days 00:00:19.280000,11695.0,326.0,8,100.0,False,0,car,1249.4941666666666,0.2328104071737532,OnTrack,-3322.3335054103964,2802.080961041427,7340.004136763528
2026-09-13 14:10:48.316,0 days 02:04:57.876000,43,185.72972222222302,0 days 00:00:19.520000,11592.0,325.0,8,100.0,False,0,car,1271.1608333333331,0.23684742120977814,OnTrack,-3371.3866372825523,3091.696533539328,7345.907365644677
2026-09-13 14:10:48.320,0 days 02:04:57.880000,43,185.5586111111119,0 days 00:00:19.524000,11591.92,324.98,8,100.0,False,0,pos,1271.5213488746977,0.2369145938082717,OnTrack,-3372.0,3096.0,7346.0
2026-09-13 14:10:48.516,0 days 02:04:58.076000,43,177.17416666666736,0 days 00:00:19.720000,11588.0,324.0,8,100.0,False,0,car,1289.1608333333331,0.2402012482550912,OnTrack,-3392.17692569115,3276.4961022876264,7350.0019366801425
2026-09-13 14:10:48.740,0 days 02:04:58.300000,43,166.03638888888958,0 days 00:00:19.944000,11588.0,322.32,8,100.0,False,0,pos,1309.235165933304,0.2439415726767796,OnTrack,-3401.0,3435.0,7354.0
2026-09-13 14:10:48.916,0 days 02:04:58.476000,43,157.28527777777845,0 days 00:00:20.120000,11588.0,321.0,8,100.0,False,0,car,1324.8274999999999,0.2468467944374708,OnTrack,-3405.089416172233,3547.503980135682,7357.319713983969
2026-09-13 14:10:49.000,0 days 02:04:58.560000,43,153.01527777777846,0 days 00:00:20.204000,11489.3,319.1625,8,73.75,False,0,pos,1332.1845439511633,0.24821758626952461,OnTrack,-3405.0,3613.0,7359.0
2026-09-13 14:10:49.236,0 days 02:04:58.796000,43,141.0186111111118,0 days 00:00:20.440000,11212.0,314.0,8,0.0,False,0,car,1352.738611111111,0.2520472966213142,OnTrack,-3395.648168497303,3863.4306505562345,7364.032118542902
2026-09-13 14:10:49.359,0 days 02:04:58.919000,43,134.3561076444453,0 days 00:00:20.563000,11015.639183542857,314.0,8,0.0,False,0,pos,1363.5647973324071,0.2540644719627908,OnTrack,-3389.0,3974.0,7366.0
2026-09-13 14:10:49.516,0 days 02:04:59.076000,43,125.85194444444551,0 days 00:00:20.720000,10765.0,314.0,8,0.0,False,0,car,1377.160833333333,0.25659773603217717,OnTrack,-3381.0640220699056,4056.8349233939966,7367.312757622297
2026-09-13 14:10:49.659,0 days 02:04:59.219000,43,118.8211079644454,0 days 00:00:20.863000,10553.479072,300.2958272,8,0.0,False,0,pos,1388.901209685768,0.2587852466840077,OnTrack,-3370.0,4125.0,7368.0
2026-09-13 14:10:49.756,0 days 02:04:59.316000,43,114.05194444444533,0 days 00:00:20.960000,10410.0,291.0,8,0.0,True,0,car,1396.560833333333,0.2602124162921257,OnTrack,-3358.2387905781443,4191.960814052125,7368.519391710795
2026-09-13 14:10:49.956,0 days 02:04:59.516000,43,105.05194444444533,0 days 00:00:21.160000,9519.0,272.0,8,0.0,True,0,car,1411.671944444444,0.26302797479930207,OnTrack,-3326.6821491535734,4356.9286510582115,7369.816574029098
2026-09-13 14:10:49.979,0 days 02:04:59.539000,43,104.13194188444534,0 days 00:00:21.183000,9534.5250432,270.1791616,8,0.0,True,0,pos,1413.3522156416475,0.2633410491873377,OnTrack,-3323.0,4374.0,7370.0
2026-09-13 14:10:50.099,0 days 02:04:59.659000,43,99.33194188444538,0 days 00:00:21.303000,9615.5250432,260.6791616,8,0.0,True,0,pos,1421.924880924515,0.26493834011378753,OnTrack,-3302.0,4460.0,7371.0
2026-09-13 14:10:50.196,0 days 02:04:59.756000,43,95.45194444444542,0 days 00:00:21.400000,9681.0,253.0,8,0.0,True,0,car,1428.5386111111106,0.2661706349565769,OnTrack,-3275.5872212785735,4546.346958305279,7371.5601132837455
2026-09-13 14:10:50.399,0 days 02:04:59.959000,43,89.24916471111199,0 days 00:00:21.603000,10352.93021184,234.72999424,8,0.0,True,0,pos,1441.3319461598585,0.2685543367947014,OnTrack,-3213.0,4729.0,7372.0
2026-09-13 14:10:50.596,0 days 02:05:00.156000,43,83.22972222222302,0 days 00:00:21.800000,11005.0,217.0,8,0.0,True,0,car,1452.649722222222,0.27066310698640983,OnTrack,-3190.8511919070634,4792.887985373791,7371.901930646205
2026-09-13 14:10:50.679,0 days 02:05:00.239000,43,81.38527635555643,0 days 00:00:21.883000,11130.3893824,208.4035648,8,0.0,True,0,pos,1457.1684640534975,0.27150505579554984,OnTrack,-3181.0,4819.0,7372.0
2026-09-13 14:10:50.876,0 days 02:05:00.436000,43,77.00750000000107,0 days 00:00:22.080000,11428.0,188.0,5,0.0,True,0,car,1467.271944444444,0.2733875738948246,OnTrack,-3141.770722048171,4919.128342571728,7372.874712310391
2026-09-13 14:10:50.899,0 days 02:05:00.459000,43,76.63694341333441,0 days 00:00:22.103000,11476.71084982857,186.11070902857142,5,0.0,True,0,pos,1468.3902254677416,0.2735959361803911,OnTrack,-3137.0,4931.0,7373.0
2026-09-13 14:10:51.119,0 days 02:05:00.679000,43,73.0924989688899,0 days 00:00:22.323000,11942.639421257143,168.03928045714287,5,0.0,True,0,pos,1478.486893886534,0.27547718504764135,OnTrack,-3095.0,5031.0,7374.0
2026-09-13 14:10:51.156,0 days 02:05:00.716000,43,72.4963888888899,0 days 00:00:22.360000,12021.0,165.0,4,0.0,True,0,car,1480.1052777777775,0.27577872836231637,OnTrack,-3088.2583332518207,5045.97864502368,7374.017412061537
2026-09-13 14:10:51.300,0 days 02:05:00.860000,43,70.97638888888991,0 days 00:00:22.504000,12063.0,159.0,4,0.0,True,0,pos,1486.217483924529,0.27691757737795547,OnTrack,-3061.0,5104.0,7374.0
2026-09-13 14:10:51.516,0 days 02:05:01.076000,43,68.69638888888994,0 days 00:00:22.720000,12126.0,150.0,3,0.0,True,0,car,1495.1052777777775,0.27857358423341055,OnTrack,-3009.897698928508,5210.925777147559,7376.174125181018
2026-09-13 14:10:51.600,0 days 02:05:01.160000,43,68.04305555555656,0 days 00:00:22.804000,11932.5,150.0,3,0.0,True,0,pos,1498.591459594107,0.2792231426145485,OnTrack,-2994.0,5245.0,7377.0
2026-09-13 14:10:51.796,0 days 02:05:01.356000,43,66.51861111111202,0 days 00:00:23,11481.0,150.0,3,0.0,True,0,car,1506.7719444444442,0.2807473610220394,OnTrack,-2974.8383740336935,5290.226558174929,7377.870070891501
2026-09-13 14:10:51.940,0 days 02:05:01.500000,43,65.39861111111195,0 days 00:00:23.144000,11073.0,150.0,3,0.0,True,0,pos,1512.7806666954134,0.2818669285327658,OnTrack,-2965.0,5319.0,7378.0
2026-09-13 14:10:52.036,0 days 02:05:01.596000,43,64.65194444444523,0 days 00:00:23.240000,10801.0,150.0,2,0.0,True,0,car,1516.7719444444442,0.2826105982694355,OnTrack,-2956.1790649227337,5345.716385609121,7378.007663844565
2026-09-13 14:10:52.100,0 days 02:05:01.660000,43,64.4386110770637,0 days 00:00:23.304000,10660.391498755751,150.0,2,0.0,True,0,pos,1519.4223490176785,0.2831044315215875,OnTrack,-2951.0,5367.0,7378.0
2026-09-13 14:10:52.437,0 days 02:05:01.997000,43,63.31527777777865,0 days 00:00:23.641000,9920.0,150.0,2,0.0,False,0,car,1533.4802777777775,0.28572375717029325,OnTrack,-2946.9105229939723,5501.13363001581,7377.999812021851
2026-09-13 14:10:52.440,0 days 02:05:02,43,63.31277772444531,0 days 00:00:23.644000,9920.0,150.0,2,0.0,False,0,pos,1533.6094790074856,0.2857478304246534,OnTrack,-2947.0,5502.0,7378.0
2026-09-13 14:10:52.717,0 days 02:05:02.277000,43,63.0819444444453,0 days 00:00:23.921000,9920.0,150.0,2,0.0,False,0,car,1545.1469444444442,0.2878975339589221,OnTrack,-2963.804332541512,5545.593352953606,7378.020836604099
2026-09-13 14:10:52.840,0 days 02:05:02.400000,43,64.55111187555636,0 days 00:00:24.044000,9841.5874592,126.42498773333334,2,10.250005333333334,False,0,pos,1548.897165742449,0.2885962891597642,OnTrack,-2980.0,5570.0,7378.0
2026-09-13 14:10:52.940,0 days 02:05:02.500000,43,65.74555632000076,0 days 00:00:24.144000,9777.8374592,107.25832106666667,2,18.583338666666666,False,0,pos,1551.6071442226762,0.2891012224441642,OnTrack,-2997.0,5599.0,7378.0
2026-09-13 14:10:52.957,0 days 02:05:02.517000,43,65.94861111111186,0 days 00:00:24.161000,9767.0,104.0,2,20.0,False,0,car,1552.0802777777776,0.28918937845045006,OnTrack,-2999.647180823244,5604.040628921644,7378.022952254591
2026-09-13 14:10:53.180,0 days 02:05:02.740000,43,69.78916776888968,0 days 00:00:24.384000,9767.0,105.3937504,2,20.0,False,0,pos,1558.5968717520911,0.29040357451235993,OnTrack,-3023.0,5668.0,7379.0
2026-09-13 14:10:53.277,0 days 02:05:02.837000,43,71.45972222222304,0 days 00:00:24.481000,9767.0,106.0,3,20.0,False,0,car,1561.5024999999998,0.2909449619902189,OnTrack,-3026.7473408767537,5695.674069112862,7379.660794375843
2026-09-13 14:10:53.460,0 days 02:05:03.020000,43,75.47555696000073,0 days 00:00:24.664000,9142.96978176,106.91500032,3,28.23500288,False,0,pos,1566.987910503504,0.29196702410695763,OnTrack,-3024.0,5748.0,7381.0
2026-09-13 14:10:53.620,0 days 02:05:03.180000,43,78.98666807111178,0 days 00:00:24.824000,8597.36978176,107.71500032,3,35.43500288,False,0,pos,1571.7897756573068,0.2928617255081115,OnTrack,-3013.0,5794.0,7382.0
2026-09-13 14:10:53.677,0 days 02:05:03.237000,43,80.23750000000064,0 days 00:00:24.881000,8403.0,108.0,3,38.0,False,0,car,1573.5024999999998,0.29318084668709427,OnTrack,-3008.216224607764,5810.853423712585,7382.462157918855
2026-09-13 14:10:53.880,0 days 02:05:03.440000,43,84.57944581333406,0 days 00:00:25.084000,9094.0460512,109.6916672,3,65.0666752,False,0,pos,1579.6636354465948,0.29432881239212916,OnTrack,-2990.0,5873.0,7384.0
2026-09-13 14:10:53.917,0 days 02:05:03.477000,43,85.37083333333408,0 days 00:00:25.121000,9220.0,110.0,3,70.0,False,0,car,1580.835833333333,0.2945472206685181,OnTrack,-2986.876809613379,5884.586761889027,7384.0441050664895
2026-09-13 14:10:54.020,0 days 02:05:03.580000,43,87.34500122666736,0 days 00:00:25.224000,9523.8501888,115.1500032,3,73.8625024,False,0,pos,1584.2056508736773,0.29517509762432786,OnTrack,-2979.0,5917.0,7384.0
2026-09-13 14:10:54.077,0 days 02:05:03.637000,43,88.43750000000068,0 days 00:00:25.281000,9692.0,118.0,3,76.0,False,0,car,1586.0802777777776,0.29552438509159695,OnTrack,-2975.572107489374,5934.779839647029,7384.184689696705
2026-09-13 14:10:54.220,0 days 02:05:03.780000,43,91.77416816000057,0 days 00:00:25.424000,9692.0,118.0,3,76.0,False,0,pos,1590.7181135923367,0.2963885239352964,OnTrack,-2970.0,5983.0,7385.0
2026-09-13 14:10:54.277,0 days 02:05:03.837000,43,93.1041666666672,0 days 00:00:25.481000,9692.0,118.0,3,76.0,False,0,car,1592.6358333333333,0.29674584062044557,OnTrack,-2968.961321125586,6006.464631750847,7385.189180755268
2026-09-13 14:10:54.516,0 days 02:05:04.076000,43,98.14972222222286,0 days 00:00:25.720000,10112.0,131.0,3,79.0,False,0,car,1601.3327777777777,0.2983662877031879,OnTrack,-2971.2926063243726,6119.13028471459,7385.07010878427
2026-09-13 14:10:54.540,0 days 02:05:04.100000,43,98.61638888888953,0 days 00:00:25.744000,10208.15,131.9,3,79.0,False,0,pos,1602.233134362523,0.2985340454956515,OnTrack,-2972.0,6129.0,7385.0
2026-09-13 14:10:54.676,0 days 02:05:04.236000,43,101.26083333333395,0 days 00:00:25.880000,10753.0,137.0,3,79.0,False,0,car,1607.4216666666666,0.29950079216049136,OnTrack,-2977.514272846332,6177.174767206424,7384.425984276885
2026-09-13 14:10:54.920,0 days 02:05:04.480000,43,106.411944444445,0 days 00:00:26.124000,11484.39,143.71,3,85.71,False,0,pos,1617.4176821602578,0.3013632869998122,OnTrack,-2996.0,6255.0,7383.0
2026-09-13 14:10:55.076,0 days 02:05:04.636000,43,109.70527777777829,0 days 00:00:26.280000,11952.0,148.0,3,90.0,False,0,car,1623.8661111111112,0.3025647823006539,OnTrack,-3015.039003495573,6321.118757535528,7382.146952817598
2026-09-13 14:10:55.100,0 days 02:05:04.660000,43,110.23194444444496,0 days 00:00:26.304000,11937.72,148.0,3,91.2,False,0,pos,1624.8408999959274,0.3027464085965077,OnTrack,-3018.0,6331.0,7382.0
2026-09-13 14:10:55.276,0 days 02:05:04.836000,43,114.0941666666672,0 days 00:00:26.480000,11833.0,148.0,3,100.0,False,0,car,1632.0883333333334,0.3040967773707352,OnTrack,-3038.9868997434846,6398.630109493687,7380.719993659374
2026-09-13 14:10:55.360,0 days 02:05:04.920000,43,115.4708333333339,0 days 00:00:26.564000,11833.0,158.5,3,100.0,False,0,pos,1635.9173519886756,0.3048102143886961,OnTrack,-3053.0,6446.0,7380.0
2026-09-13 14:10:55.436,0 days 02:05:04.996000,43,116.71638888888947,0 days 00:00:26.640000,11833.0,168.0,3,100.0,False,0,car,1639.555,0.30548799451545766,OnTrack,-3069.5066776220947,6503.780818233942,7379.293778377266
2026-09-13 14:10:55.580,0 days 02:05:05.140000,43,118.43638888888951,0 days 00:00:26.784000,11787.55,174.75,3,100.0,False,0,pos,1646.7339920615218,0.3068256110562365,OnTrack,-3101.0,6616.0,7378.0
2026-09-13 14:10:55.756,0 days 02:05:05.316000,43,120.53861111111178,0 days 00:00:26.960000,11732.0,183.0,4,100.0,False,0,car,1655.8216666666667,0.3085188604378887,OnTrack,-3113.9912291627547,6661.88479002786,7377.030893549954
2026-09-13 14:10:55.859,0 days 02:05:05.419000,43,120.96777804444511,0 days 00:00:27.063000,11491.666517333333,185.00277902222223,4,100.0,False,0,pos,1661.180944256075,0.3095174210002608,OnTrack,-3121.0,6685.0,7377.0
2026-09-13 14:10:56.116,0 days 02:05:05.676000,43,122.03861111111178,0 days 00:00:27.320000,10892.0,190.0,4,100.0,False,0,car,1674.8216666666667,0.3120590112079414,OnTrack,-3161.6915447901865,6814.520051682803,7378.796373182053
2026-09-13 14:10:56.139,0 days 02:05:05.699000,43,122.06416673777845,0 days 00:00:27.343000,10887.892845714287,190.90357394285715,4,100.0,False,0,pos,1676.076975881858,0.31229290509661584,OnTrack,-3166.0,6827.0,7379.0
2026-09-13 14:10:56.339,0 days 02:05:05.899000,43,122.28638896000068,0 days 00:00:27.543000,10852.17856,198.7607168,4,100.0,False,0,pos,1687.226623638849,0.31437034899623306,OnTrack,-3206.0,6930.0,7381.0
2026-09-13 14:10:56.396,0 days 02:05:05.956000,43,122.34972222222291,0 days 00:00:27.600000,10842.0,201.0,5,100.0,False,0,car,1690.4550000000002,0.314971872104704,OnTrack,-3219.087117203716,6958.9946068994,7381.830413072184
2026-09-13 14:10:56.539,0 days 02:05:06.099000,43,121.07861054222303,0 days 00:00:27.743000,11017.89007872,204.5750016,5,100.0,False,0,pos,1698.6263495026947,0.3164943883801953,OnTrack,-3255.0,7032.0,7384.0
2026-09-13 14:10:56.596,0 days 02:05:06.156000,43,120.57194444444531,0 days 00:00:27.800000,11088.0,206.0,5,100.0,False,0,car,1701.8994444444445,0.31710424362116846,OnTrack,-3270.0272285238875,7061.217706481902,7384.536553546826
2026-09-13 14:10:56.759,0 days 02:05:06.319000,43,117.99111009777876,0 days 00:00:27.963000,11202.1000448,207.63000064,5,100.0,False,0,pos,1711.2989086527725,0.31885558680302084,OnTrack,-3315.0,7145.0,7385.0
2026-09-13 14:10:56.796,0 days 02:05:06.356000,43,117.40527777777879,0 days 00:00:28,11228.0,208.0,5,100.0,False,0,car,1713.455,0.3192573177737151,OnTrack,-3325.5995358747123,7164.01442211462,7384.91506667639
2026-09-13 14:10:56.956,0 days 02:05:06.516000,43,114.69416666666757,0 days 00:00:28.160000,11247.0,212.0,5,100.0,False,0,car,1722.8772222222221,0.32101290131348387,OnTrack,-3372.6829657322196,7246.316868552476,7384.03658175537
2026-09-13 14:10:57.019,0 days 02:05:06.579000,43,113.29416524444531,0 days 00:00:28.223000,11313.5438176,212.0,5,100.0,False,0,pos,1726.591480480105,0.32170495574673746,OnTrack,-3391.0,7279.0,7384.0
2026-09-13 14:10:57.116,0 days 02:05:06.676000,43,111.13861111111191,0 days 00:00:28.320000,11416.0,212.0,5,100.0,False,0,car,1732.2994444444444,0.3227684848532527,OnTrack,-3418.6103385690217,7329.734602606443,7384.508818340149
2026-09-13 14:10:57.179,0 days 02:05:06.739000,43,109.73860968888965,0 days 00:00:28.383000,11416.0,212.0,5,100.0,False,0,pos,1735.9971813402028,0.32345746096477757,OnTrack,-3436.0,7363.0,7385.0
2026-09-13 14:10:57.359,0 days 02:05:06.919000,43,105.73860968888954,0 days 00:00:28.563000,11416.0,212.0,5,100.0,False,0,pos,1746.5813240576108,0.32542953785906065,OnTrack,-3483.0,7460.0,7387.0
2026-09-13 14:10:57.396,0 days 02:05:06.956000,43,104.91638888888951,0 days 00:00:28.600000,11416.0,212.0,5,100.0,False,0,car,1748.7883333333334,0.3258407560478481,OnTrack,-3492.2699577135013,7480.568705035522,7387.850675826096
2026-09-13 14:10:57.599,0 days 02:05:07.159000,43,98.31888680888974,0 days 00:00:28.803000,11416.0,217.0750016,5,100.0,False,0,pos,1761.1111556642227,0.3281367902038439,OnTrack,-3540.0,7595.0,7395.0
2026-09-13 14:10:57.676,0 days 02:05:07.236000,43,95.81638888888983,0 days 00:00:28.880000,11416.0,219.0,5,100.0,False,0,car,1765.8216666666665,0.3290144701592462,OnTrack,-3555.8753642554393,7636.658053828747,7398.051447720859
2026-09-13 14:10:57.800,0 days 02:05:07.360000,43,91.61416666666764,0 days 00:00:29.004000,11416.0,219.88571428571427,5,100.0,False,0,pos,1773.4088724189294,0.3304281465953736,OnTrack,-3581.0,7711.0,7404.0
2026-09-13 14:10:57.956,0 days 02:05:07.516000,43,86.32750000000101,0 days 00:00:29.160000,11416.0,221.0,5,100.0,False,0,car,1783.0105555555554,0.3322171679611593,OnTrack,-3617.6781596257165,7841.876603736442,7415.353907313916
2026-09-13 14:10:58.100,0 days 02:05:07.660000,43,81.08750000000103,0 days 00:00:29.304000,11499.25,222.35,5,54.99999999999999,False,0,pos,1791.9944334839888,0.333891077559391,OnTrack,-3649.0,7964.0,7426.0
2026-09-13 14:10:58.276,0 days 02:05:07.836000,43,74.68305555555662,0 days 00:00:29.480000,11601.0,224.0,5,0.0,False,0,car,1802.9216666666664,0.33592708034708585,OnTrack,-3674.6579718920966,8071.091389148379,7434.732197760467
2026-09-13 14:10:58.476,0 days 02:05:08.036000,43,67.62750000000096,0 days 00:00:29.680000,10933.0,214.0,5,0.0,True,0,car,1814.8105555555553,0.33814226240787904,OnTrack,-3694.6045013274534,8160.269010939896,7441.851305558501
2026-09-13 14:10:58.480,0 days 02:05:08.040000,43,67.51194441375844,0 days 00:00:29.684000,10928.352695861297,213.58506213047292,5,0.0,True,0,pos,1815.0364181659236,0.3381843459707223,OnTrack,-3695.0,8162.0,7442.0
2026-09-13 14:10:58.717,0 days 02:05:08.277000,43,60.66527777777878,0 days 00:00:29.921000,10653.0,189.0,5,0.0,True,0,car,1827.4630555555552,0.340499723335147,OnTrack,-3718.3038389635963,8261.171829462442,7451.25750008409
2026-09-13 14:10:58.900,0 days 02:05:08.460000,43,56.547776337778664,0 days 00:00:30.104000,9646.499648,173.31428022857142,5,0.0,True,0,pos,1835.952833179866,0.34208157032431963,OnTrack,-3739.0,8339.0,7458.0
2026-09-13 14:10:58.997,0 days 02:05:08.557000,43,54.3652777777786,0 days 00:00:30.201000,9113.0,165.0,5,0.0,True,0,car,1840.2963888888887,0.3428908778026387,OnTrack,-3751.7209064454787,8382.26329009905,7461.139747091407
2026-09-13 14:10:59.060,0 days 02:05:08.620000,43,53.07027646222309,0 days 00:00:30.264000,9298.8501888,162.2437472,5,0.0,True,0,pos,1843.1124709440405,0.343415580700327,OnTrack,-3760.0,8409.0,7463.0
2026-09-13 14:10:59.157,0 days 02:05:08.717000,43,51.076388888889824,0 days 00:00:30.361000,9585.0,158.0,5,0.0,True,0,car,1847.3186111111108,0.34419928440303243,OnTrack,-3772.077129718854,8445.748778896217,7465.569007419027
2026-09-13 14:10:59.280,0 days 02:05:08.840000,43,49.23138792888968,0 days 00:00:30.484000,10032.10523264,145.6999936,5,0.0,True,0,pos,1852.137444316974,0.34509714735484776,OnTrack,-3791.0,8494.0,7469.0
2026-09-13 14:10:59.357,0 days 02:05:08.917000,43,48.076388888889596,0 days 00:00:30.561000,10312.0,138.0,5,0.0,True,0,car,1854.9852777777776,0.3456277662927028,OnTrack,-3808.2189195503843,8531.646033295925,7471.724639824001
2026-09-13 14:10:59.480,0 days 02:05:09.040000,43,46.88055493333404,0 days 00:00:30.684000,10287.058320355556,133.55833102222223,5,0.0,True,0,pos,1859.4096403165568,0.34645213000052655,OnTrack,-3838.0,8592.0,7476.0
2026-09-13 14:10:59.717,0 days 02:05:09.277000,43,44.576388888889596,0 days 00:00:30.921000,10239.0,125.0,3,0.0,True,0,car,1867.4852777777776,0.347956812851948,OnTrack,-3871.7747768013883,8650.769407033498,7478.994104288331
2026-09-13 14:10:59.917,0 days 02:05:09.477000,43,43.29861111111177,0 days 00:00:31.121000,9532.0,113.0,2,0.0,True,0,car,1873.7630555555554,0.3491265117905911,OnTrack,-3895.552431912789,8681.418718799356,7479.971957778677
2026-09-13 14:10:59.920,0 days 02:05:09.480000,43,43.301111164445096,0 days 00:00:31.124000,9522.1185392,112.7749952,2,0.0,True,0,pos,1873.8515065217314,0.3491429923040658,OnTrack,-3896.0,8682.0,7480.0
2026-09-13 14:11:00.077,0 days 02:05:09.637000,43,43.43194444444498,0 days 00:00:31.281000,9005.0,101.0,2,0.0,True,0,car,1878.2519444444442,0.3499628982883112,OnTrack,-3923.3916508090615,8718.168663172968,7481.955900376374
2026-09-13 14:11:00.080,0 days 02:05:09.640000,43,43.44361136000054,0 days 00:00:31.284000,9001.424923733333,100.91249813333333,2,0.0,True,0,pos,1878.3331437836734,0.3499780276516427,OnTrack,-3924.0,8719.0,7482.0
2026-09-13 14:11:00.317,0 days 02:05:09.877000,43,44.365277777778374,0 days 00:00:31.521000,8719.0,94.0,2,0.0,True,0,car,1884.5186111111109,0.35113052696334607,OnTrack,-3976.6371067876685,8795.290536886938,7485.640916058357
2026-09-13 14:11:00.360,0 days 02:05:09.920000,43,44.67583379555613,0 days 00:00:31.564000,8604.40482944,93.35499904,2,0.0,True,0,pos,1885.6067692065046,0.3513332766327854,OnTrack,-3983.0,8806.0,7486.0
2026-09-13 14:11:00.640,0 days 02:05:10.200000,43,46.698056017778214,0 days 00:00:31.844000,7858.20482944,89.15499904,2,0.0,True,0,pos,1892.475547552728,0.35261309299866445,OnTrack,-3991.0,8847.0,7486.0
2026-09-13 14:11:00.717,0 days 02:05:10.277000,43,47.25416666666706,0 days 00:00:31.921000,7653.0,88.0,2,0.0,False,0,car,1894.2963888888887,0.35295235893857785,OnTrack,-3989.3062009604837,8863.48073719462,7486.363179882507
2026-09-13 14:11:00.820,0 days 02:05:10.380000,43,48.19833392000034,0 days 00:00:32.024000,7546.4593088,86.0687488,2,1.609376,False,0,pos,1896.6855431815957,0.35339751506537265,OnTrack,-3985.0,8888.0,7487.0
2026-09-13 14:11:01.037,0 days 02:05:10.597000,43,50.18750000000023,0 days 00:00:32.241000,7322.0,82.0,2,5.0,False,0,car,1901.5852777777777,0.35431045186556887,OnTrack,-3964.521947460311,8929.831165786132,7487.264615109879
2026-09-13 14:11:01.100,0 days 02:05:10.660000,43,50.90500072888915,0 days 00:00:32.304000,7377.125056,81.2124992,2,5.0,False,0,pos,1902.9899460932706,0.35457217489813525,OnTrack,-3956.0,8941.0,7487.0
2026-09-13 14:11:01.197,0 days 02:05:10.757000,43,52.009722222222535,0 days 00:00:32.401000,7462.0,80.0,2,5.0,False,0,car,1905.1408333333334,0.3549729362201986,OnTrack,-3940.8890041114323,8957.996463316647,7486.29037114315
2026-09-13 14:11:01.240,0 days 02:05:10.800000,43,52.53527841926559,0 days 00:00:32.444000,7537.744862327736,80.0,2,8.958163827102574,False,0,pos,1906.0910705786102,0.3551499879631249,OnTrack,-3934.0,8965.0,7486.0
2026-09-13 14:11:01.436,0 days 02:05:10.996000,43,54.93083333333357,0 days 00:00:32.640000,7883.0,80.0,2,27.0,False,0,car,1910.4519444444445,0.3559625222249268,OnTrack,-3903.4249908745533,8991.322700676516,7485.486296126927
2026-09-13 14:11:01.560,0 days 02:05:11.120000,43,56.54972222222247,0 days 00:00:32.764000,7883.0,82.41111111111111,2,27.0,False,0,pos,1913.3269994271423,0.3564982131781342,OnTrack,-3877.0,9015.0,7485.0
2026-09-13 14:11:01.780,0 days 02:05:11.340000,43,59.42194444444472,0 days 00:00:32.984000,7883.0,86.68888888888888,2,27.0,False,0,pos,1918.7379066799613,0.3575063935717001,OnTrack,-3816.0,9075.0,7483.0
2026-09-13 14:11:01.796,0 days 02:05:11.356000,43,59.63083333333361,0 days 00:00:33,7883.0,87.0,2,27.0,False,0,car,1919.1519444444446,0.35758353863016146,OnTrack,-3812.777705300005,9078.055590582102,7482.862133716301
2026-09-13 14:11:02.120,0 days 02:05:11.680000,43,63.230833333333614,0 days 00:00:33.324000,8261.0,98.7,2,58.5,False,0,pos,1928.1051689489495,0.3592517367682708,OnTrack,-3772.0,9113.0,7480.0
2026-09-13 14:11:02.156,0 days 02:05:11.716000,43,63.63083333333361,0 days 00:00:33.360000,8303.0,100.0,2,62.0,False,0,car,1929.1519444444446,0.3594467758775576,OnTrack,-3762.577420419938,9122.324439535018,7479.4311736595155
2026-09-13 14:11:02.339,0 days 02:05:11.899000,43,65.81666743111148,0 days 00:00:33.543000,9262.987835733333,106.10000213333333,2,62.0,False,0,pos,1934.6085018288115,0.36046346197366824,OnTrack,-3703.0,9184.0,7476.0
2026-09-13 14:11:02.396,0 days 02:05:11.956000,43,66.4975000000004,0 days 00:00:33.600000,9562.0,108.0,2,62.0,False,0,car,1936.3519444444446,0.3607883066956828,OnTrack,-3688.7577388162767,9199.722116083813,7475.090778373191
2026-09-13 14:11:02.819,0 days 02:05:12.379000,43,72.96000097777812,0 days 00:00:34.023000,8591.983944145455,113.76818269090909,2,41.81136058181818,False,0,pos,1949.7470626379331,0.3632841350108209,OnTrack,-3642.0,9277.0,7470.0
2026-09-13 14:11:02.836,0 days 02:05:12.396000,43,73.21972222222257,0 days 00:00:34.040000,8553.0,114.0,3,41.0,False,0,car,1950.2852777777778,0.36338441726038806,OnTrack,-3640.1096817406237,9281.356534842404,7469.731289094937
2026-09-13 14:11:03.036,0 days 02:05:12.596000,43,76.9975000000004,0 days 00:00:34.240000,8794.0,114.0,3,42.0,False,0,car,1956.6186111111112,0.3645644675170723,OnTrack,-3617.24892889539,9341.09693584528,7467.005522702107
2026-09-13 14:11:03.039,0 days 02:05:12.599000,43,77.05083447111151,0 days 00:00:34.243000,8798.49176248889,114.05833457777777,3,42.108335644444445,False,0,pos,1956.7152163159806,0.3645824673586728,OnTrack,-3617.0,9342.0,7467.0
2026-09-13 14:11:03.079,0 days 02:05:12.639000,43,77.76194558222261,0 days 00:00:34.283000,8858.380651377778,114.83611235555556,3,43.55278008888889,False,0,pos,1958.009891709077,0.3648236961002432,OnTrack,-3614.0,9354.0,7467.0
2026-09-13 14:11:03.339,0 days 02:05:12.899000,43,82.38416780444473,0 days 00:00:34.543000,9247.658429155555,119.89166791111111,3,52.94166897777778,False,0,pos,1966.7316882609846,0.3664487737202157,OnTrack,-3601.0,9439.0,7463.0
2026-09-13 14:11:03.396,0 days 02:05:12.956000,43,83.39750000000026,0 days 00:00:34.600000,9333.0,121.0,3,55.0,False,0,car,1968.7186111111112,0.3668189845864216,OnTrack,-3600.3502783381214,9458.738370640296,7461.868861768445
2026-09-13 14:11:03.539,0 days 02:05:13.099000,43,86.25750128000027,0 days 00:00:34.743000,9455.98005504,124.21750144,3,56.7875008,False,0,pos,1973.8242169267075,0.3677702800790357,OnTrack,-3602.0,9509.0,7459.0
2026-09-13 14:11:03.796,0 days 02:05:13.356000,43,91.39750000000026,0 days 00:00:35,9677.0,130.0,3,60.0,False,0,car,1983.1630555555555,0.3695103272771049,OnTrack,-3613.8492618615705,9598.09984300538,7453.410265298641
2026-09-13 14:11:03.859,0 days 02:05:13.419000,43,92.78000140444469,0 days 00:00:35.063000,9677.0,130.0,3,60.0,False,0,pos,1985.4061637332015,0.36992827154775787,OnTrack,-3620.0,9620.0,7452.0
2026-09-13 14:11:04.039,0 days 02:05:13.599000,43,96.73000140444466,0 days 00:00:35.243000,9677.0,130.0,3,60.0,False,0,pos,1991.8639960440496,0.3711315189176589,OnTrack,-3645.0,9682.0,7448.0
2026-09-13 14:11:04.076,0 days 02:05:13.636000,43,97.54194444444465,0 days 00:00:35.280000,9677.0,130.0,3,60.0,False,0,car,1993.2741666666666,0.3713942671605832,OnTrack,-3650.6804399080456,9693.985417408205,7447.219899987992
2026-09-13 14:11:04.259,0 days 02:05:13.819000,43,100.74444556444472,0 days 00:00:35.463000,10043.000128,142.4178614857143,3,78.95357805714286,False,0,pos,2000.7372995162755,0.372784825871349,OnTrack,-3685.0,9761.0,7443.0
2026-09-13 14:11:04.356,0 days 02:05:13.916000,43,102.44194444444474,0 days 00:00:35.560000,10237.0,149.0,3,89.0,False,0,car,2004.8630555555555,0.3735535521039545,OnTrack,-3713.9599634538413,9818.661673069999,7439.669710336973
2026-09-13 14:11:04.460,0 days 02:05:14.020000,43,104.11750000000032,0 days 00:00:35.664000,11017.0,152.34285714285716,3,93.08571428571429,False,0,pos,2009.335073706909,0.37438679518301793,OnTrack,-3747.0,9885.0,7436.0
2026-09-13 14:11:04.636,0 days 02:05:14.196000,43,106.95305555555592,0 days 00:00:35.840000,12337.0,158.0,3,100.0,False,0,car,2017.1519444444446,0.3758432636546436,OnTrack,-3789.5116879705115,9970.620105713639,7431.714808737466
2026-09-13 14:11:04.840,0 days 02:05:14.400000,43,109.72972222222276,0 days 00:00:36.044000,12545.371428571429,168.2,3,100.0,False,0,pos,2026.8686164186877,0.37765371016895755,OnTrack,-3829.0,10053.0,7428.0
2026-09-13 14:11:04.916,0 days 02:05:14.476000,43,110.76416666666728,0 days 00:00:36.120000,12623.0,172.0,3,100.0,False,0,car,2030.529722222222,0.3783358610389379,OnTrack,-3844.5669796368184,10086.916611507655,7426.403076758353
2026-09-13 14:11:05.260,0 days 02:05:14.820000,43,113.91750050327536,0 days 00:00:36.464000,12138.311643341509,175.4314219940424,3,100.0,False,0,pos,2047.1621527490697,0.38143487744617305,OnTrack,-3911.0,10241.0,7419.0
2026-09-13 14:11:05.317,0 days 02:05:14.877000,43,114.44000000000005,0 days 00:00:36.521000,12058.0,176.0,4,100.0,False,0,car,2050.1341666666667,0.3819886341492777,OnTrack,-3918.4463204887825,10260.276017045922,7418.12476776849
2026-09-13 14:11:05.557,0 days 02:05:15.117000,43,114.77333333333354,0 days 00:00:36.761000,11638.0,200.0,4,100.0,False,0,car,2063.4675,0.38447295047913926,OnTrack,-3940.836674919332,10334.380043374767,7415.293258535226
2026-09-13 14:11:05.580,0 days 02:05:15.140000,43,114.7094442666669,0 days 00:00:36.784000,11600.296323657143,200.4928585142857,4,100.0,False,0,pos,2064.7704069705183,0.3847157129588754,OnTrack,-3943.0,10344.0,7415.0
2026-09-13 14:11:05.837,0 days 02:05:15.397000,43,113.99555555555617,0 days 00:00:37.041000,11179.0,206.0,5,100.0,False,0,car,2079.489722222222,0.38745827060218946,OnTrack,-3968.7983467281515,10486.436862166927,7411.1247883016695
2026-09-13 14:11:05.900,0 days 02:05:15.460000,43,113.6455552000006,0 days 00:00:37.104000,11241.4094384,207.7718768,5,100.0,False,0,pos,2083.1854209208605,0.3881468669492351,OnTrack,-3974.0,10524.0,7410.0
2026-09-13 14:11:06.060,0 days 02:05:15.620000,43,112.75666631111169,0 days 00:00:37.264000,11399.9094384,212.2718768,5,100.0,False,0,pos,2092.7377018372363,0.3899266835093334,OnTrack,-3984.0,10618.0,7407.0
2026-09-13 14:11:06.157,0 days 02:05:15.717000,43,112.21777777777834,0 days 00:00:37.361000,11496.0,215.0,5,100.0,False,0,car,2098.6008333333334,0.39101912400832434,OnTrack,-3988.6845547198677,10676.52462471972,7405.529509015536
2026-09-13 14:11:06.260,0 days 02:05:15.820000,43,111.35944391111151,0 days 00:00:37.464000,11620.11507712,217.5750016,5,100.0,False,0,pos,2104.873529298647,0.3921878760847407,OnTrack,-3993.0,10738.0,7404.0
2026-09-13 14:11:06.357,0 days 02:05:15.917000,43,110.55111111111137,0 days 00:00:37.561000,11737.0,220.0,5,100.0,False,0,car,2110.8230555555556,0.39329641397736403,OnTrack,-3996.7551832534637,10792.844190778462,7402.247987016546
2026-09-13 14:11:06.500,0 days 02:05:16.060000,43,109.20055495111129,0 days 00:00:37.704000,11911.664363885715,222.04285805714287,5,100.0,False,0,pos,2119.665544594748,0.39494397947111554,OnTrack,-4002.0,10885.0,7399.0
2026-09-13 14:11:06.637,0 days 02:05:16.197000,43,107.90666666666675,0 days 00:00:37.841000,12079.0,224.0,5,100.0,False,0,car,2128.245277777778,0.39654258731504977,OnTrack,-4007.0651578447614,11010.521266361582,7394.986558057327
2026-09-13 14:11:06.740,0 days 02:05:16.300000,43,106.9624994133334,0 days 00:00:37.944000,12098.9562624,225.9312512,5,99.6781248,False,0,pos,2134.78301705903,0.39776072324930917,OnTrack,-4010.0,11099.0,7392.0
2026-09-13 14:11:06.957,0 days 02:05:16.517000,43,104.97333333333336,0 days 00:00:38.161000,12141.0,230.0,5,99.0,False,0,car,2148.6897222222224,0.40035187235417075,OnTrack,-4011.7414440144507,11203.204251372412,7387.141539624193
2026-09-13 14:11:07.120,0 days 02:05:16.680000,43,103.47916608000064,0 days 00:00:38.324000,12141.0,230.0,5,99.0,False,0,pos,2159.101102186703,0.40229175944883216,OnTrack,-4010.0,11278.0,7384.0
2026-09-13 14:11:07.157,0 days 02:05:16.717000,43,103.14000000000078,0 days 00:00:38.361000,12141.0,230.0,5,99.0,True,0,car,2161.4674999999997,0.4027326755036213,OnTrack,-4009.326871132702,11301.184117652438,7383.274493314396
2026-09-13 14:11:07.220,0 days 02:05:16.780000,43,102.68499953777838,0 days 00:00:38.424000,11986.6498432,230.0,5,67.1062176,True,0,pos,2165.5029376605803,0.4034845732794952,OnTrack,-4008.0,11343.0,7382.0
2026-09-13 14:11:07.317,0 days 02:05:16.877000,43,101.98444444444476,0 days 00:00:38.521000,11749.0,230.0,5,18.0,True,0,car,2171.6897222222224,0.40463731802318187,OnTrack,-4005.714967028601,11402.43289670053,7379.837037548284
2026-09-13 14:11:07.500,0 days 02:05:17.060000,43,100.5611106133338,0 days 00:00:38.704000,11553.291598222222,225.4249984,5,19.525000533333333,True,0,pos,2183.081788337546,0.406759930214269,OnTrack,-3998.0,11517.0,7375.0
2026-09-13 14:11:07.677,0 days 02:05:17.237000,43,99.18444444444503,0 days 00:00:38.881000,11364.0,221.0,5,21.0,True,0,car,2193.7897222222223,0.40875507233992736,OnTrack,-3981.3689998849263,11667.514741230863,7369.266417883942
2026-09-13 14:11:07.800,0 days 02:05:17.360000,43,98.43277738666724,0 days 00:00:39.004000,11364.0,216.3874976,5,21.0,True,0,pos,2201.0744717602956,0.41011239400765626,OnTrack,-3967.0,11760.0,7366.0
2026-09-13 14:11:07.917,0 days 02:05:17.477000,43,97.71777777777834,0 days 00:00:39.121000,11364.0,212.0,5,21.0,False,0,car,2207.923055555556,0.4113884476495806,OnTrack,-3952.697310448394,11818.122365714014,7364.200464172929
2026-09-13 14:11:08.040,0 days 02:05:17.600000,43,97.06861103463373,0 days 00:00:39.244000,11364.0,209.67924500961206,5,21.0,False,0,pos,2215.0741202018226,0.41272086065032676,OnTrack,-3935.0,11868.0,7363.0
2026-09-13 14:11:08.076,0 days 02:05:17.636000,43,96.8786111111117,0 days 00:00:39.280000,11364.0,209.0,5,21.0,False,0,car,2217.153888888889,0.4131083708986978,OnTrack,-3928.898701538867,11884.52187032234,7362.643719869928
2026-09-13 14:11:08.240,0 days 02:05:17.800000,43,96.10416666666703,0 days 00:00:39.444000,11033.95,206.95,5,44.233333333333334,False,0,pos,2226.5471556386415,0.41485855934698435,OnTrack,-3890.0,11971.0,7361.0
2026-09-13 14:11:08.316,0 days 02:05:17.876000,43,95.74527777777803,0 days 00:00:39.520000,10881.0,206.0,5,55.0,False,0,car,2230.8872222222226,0.4156672167184552,OnTrack,-3859.523588672084,12017.491535337083,7360.235701244385
2026-09-13 14:11:08.540,0 days 02:05:18.100000,43,94.56305555555628,0 days 00:00:39.744000,10881.0,206.0,5,55.0,False,0,pos,2243.7037696392435,0.41805524357149637,OnTrack,-3742.0,12158.0,7358.0
2026-09-13 14:11:08.596,0 days 02:05:18.156000,43,94.26750000000084,0 days 00:00:39.800000,10881.0,206.0,5,55.0,False,0,car,2246.9094444444445,0.41865253684150544,OnTrack,-3715.1129891265646,12185.773941012856,7357.453358495268
2026-09-13 14:11:08.796,0 days 02:05:18.356000,43,93.21194444444473,0 days 00:00:40,11199.0,206.0,5,73.0,False,0,car,2258.3538888888893,0.42078490835796994,OnTrack,-3631.599141561825,12257.062626505622,7355.54766135464
2026-09-13 14:11:09.019,0 days 02:05:18.579000,43,92.34472197333356,0 days 00:00:40.223000,11022.458282666666,206.0,5,5.170813866666663,False,0,pos,2271.1108480177486,0.4231618324992101,OnTrack,-3551.0,12313.0,7354.0
2026-09-13 14:11:09.036,0 days 02:05:18.596000,43,92.27861111111133,0 days 00:00:40.240000,11009.0,206.0,5,0.0,True,0,car,2272.087222222223,0.42334375417772735,OnTrack,-3545.0933124985168,12317.049509988019,7353.921159067726
2026-09-13 14:11:09.279,0 days 02:05:18.839000,43,91.80611098666665,0 days 00:00:40.483000,10887.499968,206.0,5,0.0,True,0,pos,2286.0368360112816,0.42594289817758385,OnTrack,-3457.0,12379.0,7353.0
2026-09-13 14:11:09.316,0 days 02:05:18.876000,43,91.73416666666662,0 days 00:00:40.520000,10869.0,206.0,5,0.0,True,0,car,2288.109444444445,0.42632907430077766,OnTrack,-3440.534050773257,12391.568309722017,7352.759784033628
2026-09-13 14:11:09.516,0 days 02:05:19.076000,43,92.17861111111097,0 days 00:00:40.720000,10356.0,197.0,5,0.0,False,0,car,2299.0538888888896,0.4283682839548723,OnTrack,-3337.746200619688,12475.08136349242,7350.895684265765
2026-09-13 14:11:09.619,0 days 02:05:19.179000,43,92.40750014222196,0 days 00:00:40.823000,10121.031104,197.0,5,1.9312512,False,0,pos,2304.706573504492,0.4294215132072297,OnTrack,-3293.0,12517.0,7350.0
2026-09-13 14:11:09.676,0 days 02:05:19.236000,43,92.53416666666635,0 days 00:00:40.880000,9991.0,197.0,5,3.0,False,0,car,2307.8094444444455,0.4299996516781481,OnTrack,-3273.031531982829,12538.301144513993,7349.583863501593
2026-09-13 14:11:09.876,0 days 02:05:19.436000,43,93.9230555555555,0 days 00:00:41.080000,9951.0,191.0,5,9.0,False,0,car,2318.4205555555563,0.43197675342399616,OnTrack,-3226.6507994011754,12605.491687691196,7348.512866543947
2026-09-13 14:11:09.979,0 days 02:05:19.539000,43,94.86722280888888,0 days 00:00:41.183000,9925.822206577777,189.56944355555555,5,16.15278222222222,False,0,pos,2323.7805327066694,0.43297544433131074,OnTrack,-3206.0,12646.0,7348.0
2026-09-13 14:11:10.219,0 days 02:05:19.779000,43,97.067222808889,0 days 00:00:41.423000,9867.155539911111,186.2361102222222,5,32.819448888888886,False,0,pos,2336.141699716512,0.4352786230107131,OnTrack,-3159.0,12760.0,7347.0
2026-09-13 14:11:10.236,0 days 02:05:19.796000,43,97.22305555555567,0 days 00:00:41.440000,9863.0,186.0,5,34.0,False,0,car,2337.0205555555563,0.435442374704153,OnTrack,-3156.4737723616677,12767.8876599671,7346.9929802453335
2026-09-13 14:11:10.339,0 days 02:05:19.899000,43,98.45333409777786,0 days 00:00:41.543000,9894.8656448,186.3218752,5,44.6218816,False,0,pos,2342.359395165393,0.4364371271860451,OnTrack,-3144.0,12819.0,7347.0
2026-09-13 14:11:10.556,0 days 02:05:20.116000,43,101.04527777777776,0 days 00:00:41.760000,9962.0,187.0,5,67.0,False,0,car,2353.6427777777785,0.438539489062047,OnTrack,-3129.576693070021,12990.647536228984,7345.295773176022
2026-09-13 14:11:10.599,0 days 02:05:20.159000,43,101.57083411555546,0 days 00:00:41.803000,9962.0,187.0,5,67.0,False,0,pos,2355.8736039567757,0.4389551449049644,OnTrack,-3128.0,13018.0,7345.0
2026-09-13 14:11:10.796,0 days 02:05:20.356000,43,103.9786111111107,0 days 00:00:42,9962.0,187.0,5,67.0,False,0,car,2366.109444444445,0.4408623248304675,OnTrack,-3125.2646165442015,13078.808353755088,7344.570351554697
2026-09-13 14:11:10.940,0 days 02:05:20.500000,43,105.61861111111098,0 days 00:00:42.144000,10370.6,189.7,5,83.2,False,0,pos,2373.7010439978217,0.4422768199359842,OnTrack,-3140.0,13131.0,7345.0
2026-09-13 14:11:10.956,0 days 02:05:20.516000,43,105.80083333333323,0 days 00:00:42.160000,10416.0,190.0,5,85.0,False,0,car,2374.5538888888896,0.4424357251727131,OnTrack,-3143.0028213611836,13140.254987878941,7345.077632598962
2026-09-13 14:11:11.196,0 days 02:05:20.756000,43,108.20083333333287,0 days 00:00:42.400000,10786.0,195.0,5,88.0,False,0,car,2387.5538888888896,0.4448579335943281,OnTrack,-3208.4748026221614,13327.865613830838,7346.807332249515
2026-09-13 14:11:11.220,0 days 02:05:20.780000,43,108.39416666666624,0 days 00:00:42.424000,10809.828571428572,195.34285714285716,5,89.02857142857142,False,0,pos,2388.863973871394,0.4451020335079937,OnTrack,-3214.0,13343.0,7347.0
2026-09-13 14:11:11.476,0 days 02:05:21.036000,43,110.4563888888888,0 days 00:00:42.680000,11064.0,199.0,5,100.0,False,0,car,2403.031666666667,0.4477418108005757,OnTrack,-3249.5723308726374,13432.217165084205,7349.138889157723
2026-09-13 14:11:11.560,0 days 02:05:21.120000,43,110.78305555555548,0 days 00:00:42.764000,11064.0,202.85,5,100.0,False,0,pos,2407.868623536651,0.44864305062099585,OnTrack,-3261.0,13461.0,7350.0
2026-09-13 14:11:11.716,0 days 02:05:21.276000,43,111.38972222222219,0 days 00:00:42.920000,11064.0,210.0,5,100.0,False,0,car,2417.031666666667,0.45035034294693027,OnTrack,-3288.8873686940487,13535.601214672331,7351.905031281386
2026-09-13 14:11:11.860,0 days 02:05:21.420000,43,111.78972238122834,0 days 00:00:43.064000,11064.0,212.68323088029052,5,100.0,False,0,pos,2425.538786300141,0.45193542116384455,OnTrack,-3322.0,13626.0,7354.0
2026-09-13 14:11:11.877,0 days 02:05:21.437000,43,111.83694444444427,0 days 00:00:43.081000,11064.0,213.0,5,100.0,False,0,car,2426.557500000001,0.45212523169484575,OnTrack,-3326.3573055168413,13637.86812167654,7354.2676760586855
2026-09-13 14:11:12.100,0 days 02:05:21.660000,43,111.83694444444463,0 days 00:00:43.304000,11064.0,220.1678592,5,100.0,False,0,pos,2440.2668950514117,0.4546796172447514,OnTrack,-3385.0,13797.0,7358.0
2026-09-13 14:11:12.157,0 days 02:05:21.717000,43,111.83694444444473,0 days 00:00:43.361000,11064.0,222.0,5,100.0,False,0,car,2443.824166666667,0.45534242134201636,OnTrack,-3395.905867071641,13826.305096993676,7358.909861455528
2026-09-13 14:11:12.357,0 days 02:05:21.917000,43,111.6147222222221,0 days 00:00:43.561000,11064.0,226.0,5,100.0,False,0,car,2456.379722222223,0.4576818192193027,OnTrack,-3428.336857953174,13912.244115335856,7361.953976830494
2026-09-13 14:11:12.360,0 days 02:05:21.920000,43,111.61138881777765,0 days 00:00:43.564000,11059.1342712,226.0187504,5,99.7562448,False,0,pos,2456.5687278051473,0.4577170354435097,OnTrack,-3429.0,13914.0,7362.0
2026-09-13 14:11:12.677,0 days 02:05:22.237000,43,111.25916666666626,0 days 00:00:43.881000,10545.0,228.0,5,74.0,False,0,car,2476.6463888888898,0.4614579800406922,OnTrack,-3523.7221677827656,14171.28456399449,7366.596648716319
2026-09-13 14:11:12.720,0 days 02:05:22.280000,43,111.187499893333,0 days 00:00:43.924000,10545.0,228.5375008,5,74.0,False,0,pos,2479.389457958499,0.46196907888695976,OnTrack,-3534.0,14203.0,7367.0
2026-09-13 14:11:12.837,0 days 02:05:22.397000,43,110.99249999999984,0 days 00:00:44.041000,10545.0,230.0,6,74.0,False,0,car,2486.868611111112,0.4633626225602527,OnTrack,-3554.761956901566,14276.306903525478,7367.715174939098
2026-09-13 14:11:13.117,0 days 02:05:22.677000,43,110.75916666666626,0 days 00:00:44.321000,10508.0,230.0,6,61.0,False,0,car,2504.757500000001,0.4666957469694836,OnTrack,-3571.538349797306,14412.791655781777,7367.974599952228
2026-09-13 14:11:13.140,0 days 02:05:22.700000,43,110.77194447999956,0 days 00:00:44.344000,10501.21498112,230.0,6,60.65499904,False,0,pos,2506.2272691998946,0.46696959984131525,OnTrack,-3572.0,14426.0,7368.0
2026-09-13 14:11:13.300,0 days 02:05:22.860000,43,110.86083336888825,0 days 00:00:44.504000,10454.01498112,230.0,6,58.25499904,False,0,pos,2516.4503715262667,0.4688744063451592,OnTrack,-3571.0,14527.0,7368.0
2026-09-13 14:11:13.317,0 days 02:05:22.877000,43,110.87027777777712,0 days 00:00:44.521000,10449.0,230.0,6,58.0,False,0,car,2517.535277777779,0.46907655011893423,OnTrack,-3570.146783073528,14538.00655770186,7367.912976494485
2026-09-13 14:11:13.420,0 days 02:05:22.980000,43,111.04194455111043,0 days 00:00:44.624000,10437.555548444445,229.7138887111111,6,58.85833386666667,False,0,pos,2524.1014563573335,0.47029998496918235,OnTrack,-3562.0,14604.0,7367.0
2026-09-13 14:11:13.677,0 days 02:05:23.237000,43,111.47027777777703,0 days 00:00:44.881000,10409.0,229.0,6,61.0,False,0,car,2540.435277777779,0.4733433634154714,OnTrack,-3525.803299361054,14758.728872088004,7363.048288262694
2026-09-13 14:11:13.720,0 days 02:05:23.280000,43,111.58972239999926,0 days 00:00:44.924000,10401.321417142857,228.84642834285714,6,61.921429942857145,False,0,pos,2543.1620318199402,0.47385142238505573,OnTrack,-3515.0,14788.0,7362.0
2026-09-13 14:11:13.940,0 days 02:05:23.500000,43,112.2008335111104,0 days 00:00:45.144000,10362.035702857143,228.06071405714286,6,66.63571565714285,False,0,pos,2557.092564366275,0.47644701109669524,OnTrack,-3441.0,14948.0,7355.0
2026-09-13 14:11:13.957,0 days 02:05:23.517000,43,112.24805555555486,0 days 00:00:45.161000,10359.0,228.0,6,67.0,False,0,car,2558.1686111111126,0.47664750413418727,OnTrack,-3435.556970549049,14958.118795856866,7354.4341948883075
2026-09-13 14:11:14.117,0 days 02:05:23.677000,43,112.91472222222183,0 days 00:00:45.321000,10359.0,228.0,6,67.0,False,0,car,2568.301944444446,0.478535584544882,OnTrack,-3390.6919682168777,15029.258967068507,7349.198000847713
2026-09-13 14:11:14.260,0 days 02:05:23.820000,43,113.47083358222159,0 days 00:00:45.464000,10359.0,228.5958336,6,67.0,False,0,pos,2577.394261918373,0.4802296990031391,OnTrack,-3345.0,15083.0,7345.0
2026-09-13 14:11:14.357,0 days 02:05:23.917000,43,113.84805555555477,0 days 00:00:45.561000,10359.0,229.0,6,67.0,False,0,car,2583.5686111111127,0.48138012674257347,OnTrack,-3304.883971254803,15124.949744464266,7342.549193636642
2026-09-13 14:11:14.517,0 days 02:05:24.077000,43,114.73694444444436,0 days 00:00:45.721000,10359.0,229.0,6,67.0,False,0,car,2593.74638888889,0.483276488207701,OnTrack,-3228.1639879801755,15197.686311132758,7338.974340709412
2026-09-13 14:11:14.560,0 days 02:05:24.120000,43,114.99972254296587,0 days 00:00:45.764000,10359.0,229.0,6,67.0,False,0,pos,2596.481305031264,0.48378606797019863,OnTrack,-3208.0,15215.0,7338.0
2026-09-13 14:11:14.756,0 days 02:05:24.316000,43,116.19749999999976,0 days 00:00:45.960000,10359.0,229.0,6,67.0,False,0,car,2608.949444444446,0.48610917814623544,OnTrack,-3112.1353939192077,15283.321373478759,7333.268420249908
2026-09-13 14:11:14.800,0 days 02:05:24.360000,43,116.46638888888887,0 days 00:00:46.004000,10411.8,229.0,6,70.575,False,0,pos,2611.7498245378997,0.4866309553959345,OnTrack,-3081.0,15300.0,7332.0
2026-09-13 14:11:14.916,0 days 02:05:24.476000,43,117.17527777777832,0 days 00:00:46.120000,10551.0,229.0,6,80.0,False,0,car,2619.1272222222233,0.48800553961136306,OnTrack,-2977.3156148813537,15348.431840221507,7328.258653866057
2026-09-13 14:11:14.960,0 days 02:05:24.520000,43,117.49305555555604,0 days 00:00:46.164000,10583.371428571429,229.0,6,80.15714285714286,False,0,pos,2621.9181664815865,0.4885255587413083,OnTrack,-2941.0,15364.0,7327.0
2026-09-13 14:11:15.196,0 days 02:05:24.756000,43,119.19750000000022,0 days 00:00:46.400000,10757.0,229.0,6,81.0,False,0,car,2636.9383333333344,0.49132417217533636,OnTrack,-2827.3145196352248,15400.228890068545,7323.076642592252
2026-09-13 14:11:15.300,0 days 02:05:24.860000,43,119.77527777777786,0 days 00:00:46.504000,10757.0,232.9,6,82.95,False,0,pos,2643.7150113375596,0.4925868280624447,OnTrack,-2778.0,15409.0,7321.0
2026-09-13 14:11:15.356,0 days 02:05:24.916000,43,120.0863888888889,0 days 00:00:46.560000,10757.0,235.0,6,84.0,False,0,car,2647.382777777779,0.49327021996706133,OnTrack,-2744.8684386120594,15414.778580969194,7319.497795906035
2026-09-13 14:11:15.440,0 days 02:05:25,43,120.57638888888894,0 days 00:00:46.644000,10839.95,235.525,6,84.0,False,0,pos,2652.885708983506,0.4942955466062982,OnTrack,-2688.0,15423.0,7317.0
2026-09-13 14:11:15.516,0 days 02:05:25.076000,43,121.0197222222223,0 days 00:00:46.720000,10915.0,236.0,6,84.0,False,0,car,2657.871666666668,0.495224548813219,OnTrack,-2631.196073278777,15427.391029240229,7314.853583784021
2026-09-13 14:11:15.796,0 days 02:05:25.356000,43,122.65305555555551,0 days 00:00:47,10845.0,237.0,6,85.0,False,0,car,2676.305000000001,0.49865911613925257,OnTrack,-2411.9309386350396,15422.175899968619,7309.028486342177
2026-09-13 14:11:15.799,0 days 02:05:25.359000,43,122.67222263111107,0 days 00:00:47.003000,10845.0,237.0,6,85.0,False,0,pos,2676.5021445622683,0.4986958488484064,OnTrack,-2410.0,15422.0,7309.0
2026-09-13 14:11:15.956,0 days 02:05:25.516000,43,123.67527777777786,0 days 00:00:47.160000,10845.0,237.0,6,85.0,False,0,car,2686.8383333333345,0.5006217260398431,OnTrack,-2324.9246374494114,15409.689262620512,7308.627640677169
2026-09-13 14:11:16.099,0 days 02:05:25.659000,43,124.23138913777777,0 days 00:00:47.303000,11027.6229984,239.979168,6,86.489584,False,0,pos,2696.4588420592368,0.5024142550595432,OnTrack,-2252.0,15391.0,7309.0
2026-09-13 14:11:16.436,0 days 02:05:25.996000,43,125.5419444444442,0 days 00:00:47.640000,11458.0,247.0,6,90.0,False,0,car,2719.771666666668,0.5067579873746011,OnTrack,-2034.8781247326037,15311.911033843871,7309.958407612124
2026-09-13 14:11:16.439,0 days 02:05:25.999000,43,125.5502779555553,0 days 00:00:47.643000,11456.4905928,247.046876,6,89.9906248,False,0,pos,2719.980569440094,0.5067969109174542,OnTrack,-2033.0,15311.0,7310.0
2026-09-13 14:11:16.499,0 days 02:05:26.059000,43,125.71694462222193,0 days 00:00:47.703000,11426.3030928,247.984376,6,89.8031248,False,0,pos,2724.162148227787,0.5075760382524693,OnTrack,-1996.0,15292.0,7311.0
2026-09-13 14:11:16.679,0 days 02:05:26.239000,43,126.21694462222182,0 days 00:00:47.883000,11335.7405928,250.796876,6,89.2406248,False,0,pos,2736.753704940185,0.5099221439993934,OnTrack,-1888.0,15228.0,7315.0
2026-09-13 14:11:16.756,0 days 02:05:26.316000,43,126.43083333333288,0 days 00:00:47.960000,11297.0,252.0,6,89.0,False,0,car,2742.171666666668,0.5109316388087685,OnTrack,-1847.717226386858,15202.200204622348,7316.101277695898
2026-09-13 14:11:16.979,0 days 02:05:26.539000,43,126.98833349333323,0 days 00:00:48.183000,11599.908420266667,254.7875008,6,90.85833386666667,False,0,pos,2757.9648774913794,0.5138742886752268,OnTrack,-1723.0,15096.0,7321.0
2026-09-13 14:11:16.996,0 days 02:05:26.556000,43,127.03083333333325,0 days 00:00:48.200000,11623.0,255.0,6,91.0,False,0,car,2759.171666666668,0.5140991421293419,OnTrack,-1709.674299321468,15081.75904696799,7321.963926985278
2026-09-13 14:11:17.139,0 days 02:05:26.699000,43,127.3486112533335,0 days 00:00:48.343000,11648.74001152,255.71500032,6,90.28499968,False,0,pos,2769.3319577682405,0.5159922454118256,OnTrack,-1591.0,14946.0,7332.0
2026-09-13 14:11:17.196,0 days 02:05:26.756000,43,127.47527777777805,0 days 00:00:48.400000,11659.0,256.0,6,90.0,False,0,car,2773.3938888888897,0.5167490795478608,OnTrack,-1559.1898000703213,14907.418155796218,7335.029160495737
2026-09-13 14:11:17.476,0 days 02:05:27.036000,43,128.0975000000003,0 days 00:00:48.680000,10819.0,258.0,7,88.0,False,0,car,2793.4605555555563,0.5204879756243024,OnTrack,-1506.6486438785855,14815.389932909646,7341.933623653952
2026-09-13 14:11:17.479,0 days 02:05:27.039000,43,128.1033334577781,0 days 00:00:48.683000,10815.941601422222,258.0083335111111,7,88.02500053333333,False,0,pos,2793.675999306601,0.5205281179064689,OnTrack,-1506.0,14814.0,7342.0
2026-09-13 14:11:17.760,0 days 02:05:27.320000,43,128.64972222222238,0 days 00:00:48.964000,10529.477777777778,258.7888888888889,7,90.36666666666666,False,0,pos,2813.878892682573,0.5242923962507973,OnTrack,-1424.0,14630.0,7350.0
2026-09-13 14:11:17.836,0 days 02:05:27.396000,43,128.79750000000013,0 days 00:00:49.040000,10452.0,259.0,7,91.0,False,0,car,2819.3605555555564,0.5253137600950584,OnTrack,-1406.2246795536184,14577.119835076575,7353.311261147638
2026-09-13 14:11:17.940,0 days 02:05:27.500000,43,128.94194444444457,0 days 00:00:49.144000,10457.777777777777,259.5777777777778,7,91.0,False,0,pos,2826.877609845135,0.5267143656493626,OnTrack,-1387.0,14505.0,7358.0
2026-09-13 14:11:18.140,0 days 02:05:27.700000,43,129.21972222222234,0 days 00:00:49.344000,10468.888888888889,260.68888888888887,7,91.0,False,0,pos,2841.385607990991,0.529417549902414,OnTrack,-1363.0,14362.0,7365.0
2026-09-13 14:11:18.196,0 days 02:05:27.756000,43,129.29750000000013,0 days 00:00:49.400000,10472.0,261.0,7,91.0,False,0,car,2845.4605555555563,0.5301768093107623,OnTrack,-1359.039643418609,14321.340274519222,7367.118254799333
2026-09-13 14:11:18.437,0 days 02:05:27.997000,43,129.63222222222294,0 days 00:00:49.641000,10627.0,263.0,7,92.0,False,0,car,2863.066944444445,0.5334572972677541,OnTrack,-1356.4785559350194,14144.555336989024,7375.632757567892
2026-09-13 14:11:18.480,0 days 02:05:28.040000,43,129.68000007111175,0 days 00:00:49.684000,10627.307143314285,263.3071433142857,7,92.92142994285715,False,0,pos,2866.223034544685,0.5340453517308446,OnTrack,-1359.0,14113.0,7376.0
2026-09-13 14:11:18.540,0 days 02:05:28.100000,43,129.74666673777833,0 days 00:00:49.744000,10627.735714742857,263.73571474285717,7,94.20714422857142,False,0,pos,2870.634830328121,0.534867373954005,OnTrack,-1364.0,14069.0,7376.0
2026-09-13 14:11:18.717,0 days 02:05:28.277000,43,129.9433333333336,0 days 00:00:49.921000,10629.0,265.0,7,98.0,False,0,car,2883.6780555555565,0.5372976362609985,OnTrack,-1384.5882148487176,13940.12693495977,7379.9356717207065
2026-09-13 14:11:18.720,0 days 02:05:28.280000,43,129.94583338666695,0 days 00:00:49.924000,10630.71003648,265.01500032,7,98.03000064,False,0,pos,2883.8991529225395,0.5373388319459449,OnTrack,-1385.0,13938.0,7380.0
2026-09-13 14:11:18.917,0 days 02:05:28.477000,43,130.11000000000058,0 days 00:00:50.121000,10743.0,266.0,7,100.0,False,0,car,2898.4558333333343,0.5400510868599283,OnTrack,-1420.214365287692,13795.48984775277,7382.003434863235
2026-09-13 14:11:18.920,0 days 02:05:28.480000,43,130.11000000000058,0 days 00:00:50.124000,10743.482153142857,266.05357257142856,7,100.0,False,0,pos,2898.6792819461793,0.5400927206377615,OnTrack,-1421.0,13793.0,7382.0
2026-09-13 14:11:19.197,0 days 02:05:28.757000,43,130.11000000000058,0 days 00:00:50.401000,10788.0,271.0,7,100.0,False,0,car,2919.5336111111124,0.5439783769247178,OnTrack,-1521.7068983269296,13528.555814082145,7378.0788420996205
2026-09-13 14:11:19.260,0 days 02:05:28.820000,43,130.1100000000007,0 days 00:00:50.464000,10831.875044571429,271.22500022857145,7,100.0,False,0,pos,2924.291706196783,0.5448649229237452,OnTrack,-1540.0,13484.0,7377.0
2026-09-13 14:11:19.477,0 days 02:05:29.037000,43,130.11000000000104,0 days 00:00:50.681000,10983.0,272.0,7,100.0,False,0,car,2940.6891666666675,0.5479201588347646,OnTrack,-1577.893259825688,13399.894137058276,7373.599611983477
2026-09-13 14:11:19.560,0 days 02:05:29.120000,43,130.0869444266674,0 days 00:00:50.764000,10964.6708192,272.3458336,7,100.0,False,0,pos,2946.9747861602937,0.5490913188711131,OnTrack,-1607.0,13348.0,7371.0
2026-09-13 14:11:19.717,0 days 02:05:29.277000,43,130.04333333333352,0 days 00:00:50.921000,10930.0,273.0,7,100.0,False,0,car,2958.8891666666677,0.5513112506250257,OnTrack,-1703.7746168242952,13181.429678935772,7363.040025045901
2026-09-13 14:11:19.800,0 days 02:05:29.360000,43,129.99722218666682,0 days 00:00:51.004000,10930.0,273.5187504,7,100.0,False,0,pos,2965.2021115705143,0.5524875020335863,OnTrack,-1753.0,13098.0,7359.0
2026-09-13 14:11:19.877,0 days 02:05:29.437000,43,129.95444444444456,0 days 00:00:51.081000,10930.0,274.0,7,100.0,False,0,car,2971.0669444444457,0.5535802595396325,OnTrack,-1787.7184871226405,13040.046768546224,7356.078151974071
2026-09-13 14:11:20.157,0 days 02:05:29.717000,43,129.56555555555633,0 days 00:00:51.361000,10867.0,275.0,7,100.0,False,0,car,2992.455833333334,0.557565516985452,OnTrack,-1851.7100111498355,12946.26632507425,7350.522278342074
2026-09-13 14:11:20.260,0 days 02:05:29.820000,43,129.02194410666715,0 days 00:00:51.464000,10918.070865066667,275.4291669333333,7,100.0,False,0,pos,3000.348196868067,0.5590360515562426,OnTrack,-1891.0,12896.0,7348.0
2026-09-13 14:11:20.397,0 days 02:05:29.957000,43,128.298888888889,0 days 00:00:51.601000,10986.0,276.0,7,100.0,False,0,car,3010.855833333334,0.5609938735206609,OnTrack,-1967.3174039138985,12799.04285192556,7343.568705591879
2026-09-13 14:11:20.480,0 days 02:05:30.040000,43,127.0769435022223,0 days 00:00:51.684000,10988.0750016,276.0,7,100.0,False,0,pos,3017.2202404541677,0.5621797135611739,OnTrack,-2014.0,12741.0,7341.0
2026-09-13 14:11:20.700,0 days 02:05:30.260000,43,123.83805461333334,0 days 00:00:51.904000,10993.5750016,276.0,7,100.0,False,0,pos,3034.0858942541704,0.5653221849973593,OnTrack,-2124.0,12612.0,7336.0
2026-09-13 14:11:20.717,0 days 02:05:30.277000,43,123.58777777777777,0 days 00:00:51.921000,10994.0,276.0,7,100.0,False,0,car,3035.3891666666673,0.5655650155676061,OnTrack,-2135.0811093809866,12599.242845729897,7335.639075593584
2026-09-13 14:11:20.960,0 days 02:05:30.520000,43,117.51277617777802,0 days 00:00:52.164000,10994.0,276.0,7,100.0,False,0,pos,3054.019480030045,0.5690362849465368,OnTrack,-2325.0,12381.0,7331.0
2026-09-13 14:11:21.157,0 days 02:05:30.717000,43,112.58777777777823,0 days 00:00:52.361000,10994.0,276.0,7,100.0,False,0,car,3069.1225000000004,0.5718503358821556,OnTrack,-2427.4947114772044,12263.234815411528,7329.970277213062
2026-09-13 14:11:21.380,0 days 02:05:30.940000,43,106.20749816888923,0 days 00:00:52.584000,10994.0,276.0,7,100.0,False,0,pos,3086.218663253452,0.5750357566982953,OnTrack,-2516.0,12161.0,7331.0
2026-09-13 14:11:21.397,0 days 02:05:30.957000,43,105.72111111111144,0 days 00:00:52.601000,10994.0,276.0,7,100.0,False,0,car,3087.5225000000005,0.5752786924173646,OnTrack,-2523.8859831753575,12151.850775431276,7331.1166880524215
2026-09-13 14:11:21.596,0 days 02:05:31.156000,43,99.1430555555562,0 days 00:00:52.800000,10990.0,276.0,7,100.0,False,0,car,3102.779166666667,0.5781213713778086,OnTrack,-2627.4303033048736,12031.3485457744,7332.856678262208
2026-09-13 14:11:21.740,0 days 02:05:31.300000,43,94.26305555555601,0 days 00:00:52.944000,10990.0,274.8,7,100.0,False,0,pos,3113.7671134974603,0.5801686865585628,OnTrack,-2695.0,11952.0,7334.0
2026-09-13 14:11:21.836,0 days 02:05:31.396000,43,91.00972222222254,0 days 00:00:53.040000,10990.0,274.0,7,100.0,False,0,car,3121.045833333334,0.581524884749719,OnTrack,-2730.277828576118,11910.033112621428,7334.537591544387
2026-09-13 14:11:22.076,0 days 02:05:31.636000,43,82.34305555555557,0 days 00:00:53.280000,10413.0,272.0,7,0.0,True,0,car,3139.1791666666677,0.5849035549583307,OnTrack,-2807.3868435324644,11815.983936355526,7335.9581393801855
2026-09-13 14:11:22.080,0 days 02:05:31.640000,43,82.19861111111112,0 days 00:00:53.284000,10401.614285714286,272.0,7,0.0,True,0,pos,3139.4862441234545,0.5849607707738628,OnTrack,-2809.0,11814.0,7336.0
2026-09-13 14:11:22.239,0 days 02:05:31.799000,43,76.45694213333348,0 days 00:00:53.443000,9949.031960685714,272.0,7,0.0,True,0,pos,3151.8606229015695,0.58726641111914,OnTrack,-2880.0,11726.0,7338.0
2026-09-13 14:11:22.356,0 days 02:05:31.916000,43,72.23194444444471,0 days 00:00:53.560000,9616.0,272.0,7,0.0,True,0,car,3160.3347222222233,0.5888453368683776,OnTrack,-2928.7543869285105,11663.377742850182,7339.1992178598575
2026-09-13 14:11:22.439,0 days 02:05:31.999000,43,70.20305399111149,0 days 00:00:53.643000,9312.0122656,253.6708192,7,0.0,True,0,pos,3165.695146771254,0.5898441111365387,OnTrack,-2961.0,11621.0,7340.0
2026-09-13 14:11:22.596,0 days 02:05:32.156000,43,66.36527777777837,0 days 00:00:53.800000,8737.0,219.0,7,0.0,True,0,car,3174.934722222223,0.5915656632495759,OnTrack,-3017.917689316948,11544.339361128918,7341.618756865581
2026-09-13 14:11:22.659,0 days 02:05:32.219000,43,65.01777640888947,0 days 00:00:53.863000,8737.0,215.53499648,7,0.0,True,0,pos,3178.632917283428,0.5922547247281934,OnTrack,-3038.0,11515.0,7342.0
2026-09-13 14:11:22.796,0 days 02:05:32.356000,43,62.087500000000546,0 days 00:00:54,8737.0,208.0,6,0.0,True,0,car,3186.490277777779,0.5937187374021227,OnTrack,-3075.3679348288574,11453.408025131434,7342.007495079188
2026-09-13 14:11:22.859,0 days 02:05:32.419000,43,61.24749914666718,0 days 00:00:54.063000,9050.250318222223,203.09999502222223,6,0.0,True,0,pos,3189.8639681306836,0.594347335954794,OnTrack,-3093.0,11422.0,7342.0
2026-09-13 14:11:23.156,0 days 02:05:32.716000,43,57.287500000000364,0 days 00:00:54.360000,10527.0,180.0,6,0.0,True,0,car,3204.490277777779,0.5970725644474357,OnTrack,-3191.224781755082,11238.050486300883,7343.5390478939735
2026-09-13 14:11:23.239,0 days 02:05:32.799000,43,56.22694362666699,0 days 00:00:54.443000,10527.0,180.0,6,0.0,True,0,pos,3208.6863565940075,0.5978543934817765,OnTrack,-3213.0,11195.0,7344.0
2026-09-13 14:11:23.356,0 days 02:05:32.916000,43,54.73194444444471,0 days 00:00:54.560000,10527.0,180.0,4,0.0,True,0,car,3214.490277777779,0.5989358016948318,OnTrack,-3235.289970797133,11148.358125847579,7344.493109878133
2026-09-13 14:11:23.516,0 days 02:05:33.076000,43,53.57638888888914,0 days 00:00:54.720000,9564.0,161.0,4,0.0,True,0,car,3221.6458333333344,0.6002690514585242,OnTrack,-3252.7362926011865,11105.61807738232,7344.88139986792
2026-09-13 14:11:23.639,0 days 02:05:33.199000,43,53.02972193777794,0 days 00:00:54.843000,9458.6811952,157.156248,4,0.0,True,0,pos,3226.9021971030734,0.6012484367346882,OnTrack,-3268.0,11066.0,7345.0
2026-09-13 14:11:23.739,0 days 02:05:33.299000,43,52.58527749333343,0 days 00:00:54.943000,9373.0561952,154.031248,4,0.0,True,0,pos,3231.075369720797,0.6020259978008038,OnTrack,-3283.0,11026.0,7345.0
2026-09-13 14:11:23.836,0 days 02:05:33.396000,43,52.1541666666667,0 days 00:00:55.040000,9290.0,151.0,4,0.0,True,0,car,3235.068055555557,0.6027699298972514,OnTrack,-3298.338251593284,10978.898609868938,7344.991342462631
2026-09-13 14:11:23.979,0 days 02:05:33.539000,43,52.3527778666667,0 days 00:00:55.183000,9087.416576,148.2194432,4,0.39722240000000003,True,0,pos,3240.8599704510416,0.603849101053953,OnTrack,-3318.0,10903.0,7345.0
2026-09-13 14:11:24.196,0 days 02:05:33.756000,43,52.6541666666667,0 days 00:00:55.400000,8780.0,144.0,4,1.0,False,0,car,3249.468055555557,0.605452991533502,OnTrack,-3328.9424822513743,10800.759423062638,7345.1077227805745
2026-09-13 14:11:24.436,0 days 02:05:33.996000,43,53.254166666666606,0 days 00:00:55.640000,8744.0,140.0,4,18.0,False,0,car,3258.8013888888904,0.6071920129644051,OnTrack,-3325.0964260612977,10717.028790786422,7345.007190214486
2026-09-13 14:11:24.440,0 days 02:05:34,43,53.266388888888834,0 days 00:00:55.644000,8744.0,139.95,4,18.0,False,0,pos,3258.9553942922944,0.6072207078247972,OnTrack,-3325.0,10716.0,7345.0
2026-09-13 14:11:24.596,0 days 02:05:34.156000,43,53.74305555555566,0 days 00:00:55.800000,8744.0,138.0,4,18.0,False,0,car,3264.9347222222236,0.6083347984761412,OnTrack,-3320.3682102420207,10685.076653043569,7344.577418725569
2026-09-13 14:11:24.720,0 days 02:05:34.280000,43,55.15527777777787,0 days 00:00:55.924000,8801.57142857143,138.0,4,28.62857142857143,False,0,pos,3269.6890599662524,0.6092206443932788,OnTrack,-3311.0,10659.0,7344.0
2026-09-13 14:11:24.876,0 days 02:05:34.436000,43,56.931944444444525,0 days 00:00:56.080000,8874.0,138.0,4,42.0,False,0,car,3275.668055555557,0.6103346731216799,OnTrack,-3287.3911725019425,10609.397242534566,7342.924052356459
2026-09-13 14:11:25.080,0 days 02:05:34.640000,43,59.93527831022469,0 days 00:00:56.284000,8955.373975645247,138.565097053092,4,49.34626169019598,False,0,pos,3283.4558270150337,0.6117857197074303,OnTrack,-3242.0,10536.0,7341.0
2026-09-13 14:11:25.237,0 days 02:05:34.797000,43,62.24666666666644,0 days 00:00:56.441000,9018.0,139.0,4,55.0,False,0,car,3289.6066666666684,0.612931767061599,OnTrack,-3201.0288047231143,10491.924516826359,7339.188263721738
2026-09-13 14:11:25.440,0 days 02:05:35,43,64.89694527999981,0 days 00:00:56.644000,9334.495554327274,144.53636538181817,4,62.84318429090909,False,0,pos,3297.9505879254525,0.6144864375494696,OnTrack,-3140.0,10442.0,7337.0
2026-09-13 14:11:25.580,0 days 02:05:35.140000,43,66.72472305777762,0 days 00:00:56.784000,9552.7682816,148.3545472,4,68.2522752,False,0,pos,3303.9032425784994,0.6155955583365139,OnTrack,-3093.0,10405.0,7336.0
2026-09-13 14:11:25.677,0 days 02:05:35.237000,43,67.99111111111097,0 days 00:00:56.881000,9704.0,151.0,4,72.0,False,0,car,3308.0622222222237,0.616370474914849,OnTrack,-3060.4607481942653,10379.299936966796,7335.328497557909
2026-09-13 14:11:25.860,0 days 02:05:35.420000,43,70.88861212444458,0 days 00:00:57.064000,10233.78518528,157.40500224,4,85.7250048,False,0,pos,3316.0632960725793,0.617861264796564,OnTrack,-2998.0,10331.0,7334.0
2026-09-13 14:11:25.877,0 days 02:05:35.437000,43,71.15777777777794,0 days 00:00:57.081000,10283.0,158.0,4,87.0,False,0,car,3316.8400000000015,0.6180059831653412,OnTrack,-2991.912965899376,10326.505394193562,7333.871485229471
2026-09-13 14:11:26.120,0 days 02:05:35.680000,43,72.8452782222224,0 days 00:00:57.324000,10485.779363751724,167.84569224827587,4,89.51379376551724,False,0,pos,3328.762299645974,0.6202273904428406,OnTrack,-2901.0,10262.0,7332.0
2026-09-13 14:11:27.037,0 days 02:05:36.597000,43,79.2133333333336,0 days 00:00:58.241000,11251.0,205.0,5,99.0,False,0,car,3382.8955555555567,0.6303137003161967,OnTrack,-2543.590939937897,9994.208419981445,7327.074461939058
2026-09-13 14:11:27.060,0 days 02:05:36.620000,43,79.3283336533336,0 days 00:00:58.264000,11276.71078582857,205.82143085714284,5,98.83571382857143,False,0,pos,3384.2737300879057,0.6305704869284051,OnTrack,-2533.0,9986.0,7327.0
2026-09-13 14:11:27.317,0 days 02:05:36.877000,43,80.61333333333369,0 days 00:00:58.521000,11564.0,215.0,5,97.0,False,0,car,3399.617777777779,0.6334294470465647,OnTrack,-2410.8062234852755,9891.254043904708,7326.205753789932
2026-09-13 14:11:27.360,0 days 02:05:36.920000,43,80.84027811555603,0 days 00:00:58.564000,11564.0,215.0,5,97.0,False,0,pos,3402.178005842659,0.6339064782757959,OnTrack,-2392.0,9877.0,7326.0
2026-09-13 14:11:27.477,0 days 02:05:37.037000,43,81.45777777777857,0 days 00:00:58.681000,11564.0,215.0,5,97.0,False,0,car,3409.173333333334,0.635209873749632,OnTrack,-2342.1664103419207,9839.009849578726,7325.284897398755
2026-09-13 14:11:27.520,0 days 02:05:37.080000,43,81.62500024888965,0 days 00:00:58.724000,11434.641474133334,215.95555697777777,5,96.28333226666666,False,0,pos,3411.7789068482043,0.6356953539120055,OnTrack,-2316.0,9816.0,7325.0
2026-09-13 14:11:27.680,0 days 02:05:37.240000,43,82.2472224711117,0 days 00:00:58.884000,10953.3081408,219.51111253333335,5,93.6166656,False,0,pos,3421.6494276620824,0.6375344661151673,OnTrack,-2183.0,9687.0,7324.0
2026-09-13 14:11:27.837,0 days 02:05:37.397000,43,82.85777777777821,0 days 00:00:59.041000,10481.0,223.0,5,91.0,False,0,car,3431.4733333333343,0.6393648928113255,OnTrack,-2126.549505053459,9626.035751414875,7323.467707283195
2026-09-13 14:11:28.020,0 days 02:05:37.580000,43,83.46777799111099,0 days 00:00:59.224000,10625.57005056,226.66000128,5,90.08499968,False,0,pos,3443.0063550499035,0.6415137683750596,OnTrack,-2109.0,9587.0,7323.0
2026-09-13 14:11:28.037,0 days 02:05:37.597000,43,83.52444444444427,0 days 00:00:59.241000,10639.0,227.0,6,90.0,False,0,car,3444.0844444444456,0.6417146420066528,OnTrack,-2105.3641641639747,9580.077191292763,7322.934185465648
2026-09-13 14:11:28.260,0 days 02:05:37.820000,43,84.14388892457177,0 days 00:00:59.464000,10639.0,230.1971328006577,6,90.0,False,0,pos,3458.3556625786664,0.6443737085259925,OnTrack,-2039.0,9451.0,7322.0
2026-09-13 14:11:28.316,0 days 02:05:37.876000,43,84.29944444444436,0 days 00:00:59.520000,10639.0,231.0,6,90.0,False,0,car,3461.9869444444457,0.6450503024888038,OnTrack,-2025.1143950668184,9416.12065384398,7321.918282984421
2026-09-13 14:11:28.500,0 days 02:05:38.060000,43,84.65722222222252,0 days 00:00:59.704000,10884.333333333334,234.83333333333334,6,91.53333333333333,False,0,pos,3474.048056930708,0.6472975738917477,OnTrack,-1992.0,9300.0,7322.0
2026-09-13 14:11:28.556,0 days 02:05:38.116000,43,84.76611111111151,0 days 00:00:59.760000,10959.0,236.0,6,92.0,False,0,car,3477.720277777779,0.6479817957580404,OnTrack,-1984.4136540292195,9263.093130797195,7322.0060870209545
2026-09-13 14:11:28.720,0 days 02:05:38.280000,43,85.13055555555563,0 days 00:00:59.924000,11047.15,236.0,6,97.46666666666667,False,0,pos,3488.4347211685244,0.6499781507591158,OnTrack,-1968.0,9155.0,7322.0
2026-09-13 14:11:28.796,0 days 02:05:38.356000,43,85.29944444444436,0 days 00:01:00,11088.0,236.0,6,100.0,False,0,car,3493.4536111111124,0.650913289027277,OnTrack,-1963.040391827236,9109.058937110323,7322.056508712953
2026-09-13 14:11:28.939,0 days 02:05:38.499000,43,85.37888892444442,0 days 00:01:00.143000,11088.0,239.5750016,6,100.0,False,0,pos,3503.069087167995,0.6527048803413398,OnTrack,-1957.0,9006.0,7322.0
2026-09-13 14:11:29.116,0 days 02:05:38.676000,43,85.47722222222228,0 days 00:01:00.320000,11088.0,244.0,6,100.0,False,0,car,3515.1425000000013,0.6549544435905185,OnTrack,-1952.0641804110885,8805.01556079604,7321.018353043287
2026-09-13 14:11:29.119,0 days 02:05:38.679000,43,85.4772222222223,0 days 00:01:00.323000,11088.0,244.0375008,6,100.0,False,0,pos,3515.3471913207163,0.6549925824398158,OnTrack,-1952.0,8802.0,7321.0
2026-09-13 14:11:29.276,0 days 02:05:38.836000,43,85.47722222222274,0 days 00:01:00.480000,11088.0,246.0,6,100.0,False,0,car,3526.0758333333342,0.6569915829810048,OnTrack,-1949.4811806266814,8683.98385638432,7320.100573774432
2026-09-13 14:11:29.436,0 days 02:05:38.996000,43,85.38833333333332,0 days 00:01:00.640000,11355.0,248.0,6,100.0,False,0,car,3537.0980555555566,0.659045284480357,OnTrack,-1948.3621208438178,8626.85600637204,7319.342945781891
2026-09-13 14:11:29.539,0 days 02:05:39.099000,43,85.3311110755556,0 days 00:01:00.743000,11320.2374784,248.0,6,100.0,False,0,pos,3544.181645893868,0.6603651254167207,OnTrack,-1948.0,8595.0,7319.0
2026-09-13 14:11:29.676,0 days 02:05:39.236000,43,85.25500000000011,0 days 00:01:00.880000,11274.0,248.0,6,100.0,False,0,car,3553.63138888889,0.6621258367293853,OnTrack,-1947.8964094817152,8555.182081432535,7318.724523503672
2026-09-13 14:11:29.799,0 days 02:05:39.359000,43,85.04999989333363,0 days 00:01:01.003000,11418.085789257142,249.75714377142856,6,99.56071405714286,False,0,pos,3562.2158906883833,0.6637253330797007,OnTrack,-1945.0,8481.0,7318.0
2026-09-13 14:11:29.956,0 days 02:05:39.516000,43,84.78833333333387,0 days 00:01:01.160000,11602.0,252.0,6,99.0,False,0,car,3573.2313888888893,0.6657777817342816,OnTrack,-1934.1546273731392,8293.109138713113,7315.75577545992
2026-09-13 14:11:30.019,0 days 02:05:39.579000,43,84.71833326222276,0 days 00:01:01.223000,11602.0,252.0,6,99.0,False,0,pos,3577.638493939192,0.6665989299625728,OnTrack,-1930.0,8228.0,7315.0
2026-09-13 14:11:30.236,0 days 02:05:39.796000,43,84.47722222222274,0 days 00:01:01.440000,11602.0,252.0,6,99.0,False,0,car,3592.8313888888893,0.669429726739178,OnTrack,-1921.6530579916007,8139.01472581315,7314.298164121114
2026-09-13 14:11:30.339,0 days 02:05:39.899000,43,84.30555544888942,0 days 00:01:01.543000,11597.13610808889,253.14444515555556,6,91.2749952,False,0,pos,3600.1220117985613,0.67078814275538,OnTrack,-1914.0,8103.0,7314.0
2026-09-13 14:11:30.596,0 days 02:05:40.156000,43,83.87722222222283,0 days 00:01:01.800000,11585.0,256.0,6,72.0,False,0,car,3618.431388888889,0.6741996140925122,OnTrack,-1873.17694891189,7927.7536919251315,7312.115204851046
2026-09-13 14:11:30.639,0 days 02:05:40.199000,43,83.81749991111161,0 days 00:01:01.843000,11585.0,255.7312496,6,72.0,False,0,pos,3621.4808731404173,0.6747678053567916,OnTrack,-1864.0,7898.0,7312.0
2026-09-13 14:11:30.700,0 days 02:05:40.260000,43,83.73277777777813,0 days 00:01:01.904000,11585.0,255.35,6,72.0,False,0,pos,3625.7991365511643,0.6755724002798886,OnTrack,-1850.0,7858.0,7312.0
2026-09-13 14:11:30.756,0 days 02:05:40.316000,43,83.6550000000002,0 days 00:01:01.960000,11585.0,255.0,6,72.0,False,0,car,3629.7647222222226,0.6763112829728944,OnTrack,-1836.1580654970944,7821.542312294876,7312.05058045767
2026-09-13 14:11:31.000,0 days 02:05:40.560000,43,83.38388888888908,0 days 00:01:02.204000,11578.028571428571,255.0,6,70.25714285714285,False,0,pos,3647.05851494621,0.6795335268481025,OnTrack,-1765.0,7664.0,7312.0
2026-09-13 14:11:31.036,0 days 02:05:40.596000,43,83.34388888888907,0 days 00:01:02.240000,11577.0,255.0,6,70.0,False,0,car,3649.598055555556,0.6800067035135635,OnTrack,-1753.0476705607396,7641.548624501398,7311.804319770892
2026-09-13 14:11:31.160,0 days 02:05:40.720000,43,83.30944444444465,0 days 00:01:02.364000,11535.666666666666,253.96666666666667,6,70.0,False,0,pos,3658.307663740194,0.6816295101515479,OnTrack,-1709.0,7566.0,7311.0
2026-09-13 14:11:31.380,0 days 02:05:40.940000,43,83.2483333333336,0 days 00:01:02.584000,11462.333333333334,252.13333333333333,6,70.0,False,0,pos,3673.6790468404683,0.6844935635051906,OnTrack,-1620.0,7439.0,7311.0
2026-09-13 14:11:31.396,0 days 02:05:40.956000,43,83.24388888888916,0 days 00:01:02.600000,11457.0,252.0,6,70.0,False,0,car,3674.798055555556,0.6847020613770017,OnTrack,-1613.0598059128681,7430.232314920806,7311.007388233657
2026-09-13 14:11:31.557,0 days 02:05:41.117000,43,83.19916666666722,0 days 00:01:02.761000,11464.0,252.0,6,73.0,False,0,car,3686.068055555556,0.6868019297548171,OnTrack,-1539.4524948254443,7345.529837186607,7310.999164576241
2026-09-13 14:11:31.560,0 days 02:05:41.120000,43,83.19916666666722,0 days 00:01:02.764000,11464.0,252.0,6,73.0,False,0,pos,3686.2781421195295,0.6868410738659345,OnTrack,-1538.0,7344.0,7311.0
2026-09-13 14:11:31.700,0 days 02:05:41.260000,43,83.19916666666722,0 days 00:01:02.904000,11464.0,252.0,6,73.0,False,0,pos,3696.0796185187673,0.6886673214565879,OnTrack,-1468.0,7275.0,7311.0
2026-09-13 14:11:31.717,0 days 02:05:41.277000,43,83.19916666666722,0 days 00:01:02.921000,11464.0,252.0,6,73.0,False,0,car,3697.2680555555557,0.6888887554719008,OnTrack,-1459.5888205860517,7267.118333975452,7310.960625307646
2026-09-13 14:11:31.920,0 days 02:05:41.480000,43,82.86083322666728,0 days 00:01:03.124000,11482.6083392,251.43611093333334,6,74.6916672,False,0,pos,3711.41923952508,0.691525456778578,OnTrack,-1350.0,7177.0,7310.0
2026-09-13 14:11:32.077,0 days 02:05:41.637000,43,82.59916666666732,0 days 00:01:03.281000,11497.0,251.0,6,76.0,False,0,car,3722.3680555555557,0.6935654809628651,OnTrack,-1215.6409933844595,7096.490454166626,7309.800017073404
2026-09-13 14:11:32.277,0 days 02:05:41.837000,43,81.37694444444514,0 days 00:01:03.481000,11500.0,252.0,6,82.0,False,0,car,3736.3680555555557,0.6961740131092197,OnTrack,-1046.7238654740804,7008.841712231294,7309.998666197511
2026-09-13 14:11:32.280,0 days 02:05:41.840000,43,81.3436104000007,0 days 00:01:03.484000,11500.0,252.0,6,82.0,False,0,pos,3736.578143595898,0.6962131574954196,OnTrack,-1045.0,7008.0,7310.0
2026-09-13 14:11:32.557,0 days 02:05:42.117000,43,78.26583333333429,0 days 00:01:03.761000,11500.0,252.0,6,82.0,False,0,car,3755.9680555555556,0.6998259581141161,OnTrack,-950.2916743188339,6973.894798626042,7309.991362265151
2026-09-13 14:11:32.580,0 days 02:05:42.140000,43,77.87611002666758,0 days 00:01:03.784000,11500.0,252.0,6,82.0,False,0,pos,3757.5773887498835,0.7001258150692306,OnTrack,-939.0,6971.0,7310.0
2026-09-13 14:11:32.800,0 days 02:05:42.360000,43,74.14833224888933,0 days 00:01:04.004000,11500.0,252.0,6,82.0,False,0,pos,3772.970847871165,0.7029939817093345,OnTrack,-789.0,6934.0,7310.0
2026-09-13 14:11:32.877,0 days 02:05:42.437000,43,72.84361111111139,0 days 00:01:04.081000,11500.0,252.0,6,82.0,False,0,car,3778.3680555555557,0.7039996095482834,OnTrack,-742.3778361087632,6924.901207696912,7309.69780106176
2026-09-13 14:11:33.000,0 days 02:05:42.560000,43,69.80277619555609,0 days 00:01:04.204000,11493.5704512,252.2795456,6,87.0318208,False,0,pos,3787.004856801713,0.7056088505263031,OnTrack,-650.0,6915.0,7309.0
2026-09-13 14:11:33.220,0 days 02:05:42.780000,43,64.36388730666768,0 days 00:01:04.424000,11482.0704512,252.7795456,6,96.0318208,False,0,pos,3802.4808117541343,0.7084923880969407,OnTrack,-354.0,6903.0,7308.0
2026-09-13 14:11:33.317,0 days 02:05:42.877000,43,61.96583333333456,0 days 00:01:04.521000,11477.0,253.0,6,100.0,False,0,car,3809.2902777777776,0.7097611531699539,OnTrack,-280.23147787824416,6901.598059830139,7307.717934643518
2026-09-13 14:11:33.517,0 days 02:05:43.077000,43,56.35472222222279,0 days 00:01:04.721000,11521.0,253.0,6,100.0,True,0,car,3823.3458333333333,0.7123800366343497,OnTrack,-221.86747756723543,6904.43227207534,7307.20432559528
2026-09-13 14:11:33.560,0 days 02:05:43.120000,43,54.83777552000058,0 days 00:01:04.764000,11350.0747456,253.0,6,84.64283428571429,True,0,pos,3826.404806148713,0.7129499958431883,OnTrack,-197.0,6905.0,7307.0
2026-09-13 14:11:33.797,0 days 02:05:43.357000,43,46.47694444444505,0 days 00:01:05.001000,10408.0,253.0,6,0.0,True,0,car,3843.023611111111,0.7160464734845036,OnTrack,27.799747933987565,6907.295151751924,7305.30506293405
2026-09-13 14:11:33.840,0 days 02:05:43.400000,43,45.24666483555619,0 days 00:01:05.044000,10288.367679085713,247.47142034285713,6,0.0,True,0,pos,3845.805677324636,0.7165648384238796,OnTrack,68.0,6908.0,7305.0
2026-09-13 14:11:34.077,0 days 02:05:43.637000,43,38.4658333333341,0 days 00:01:05.281000,9629.0,217.0,6,0.0,True,0,car,3859.901388888889,0.7191912039053866,OnTrack,238.77688260843314,6914.6923185154765,7303.638465399399
2026-09-13 14:11:34.260,0 days 02:05:43.820000,43,33.89083173333452,0 days 00:01:05.464000,9629.0,206.01999616,6,0.0,True,0,pos,3870.093592474573,0.7210902532407757,OnTrack,322.0,6920.0,7303.0
2026-09-13 14:11:34.477,0 days 02:05:44.037000,43,28.465833333335013,0 days 00:01:05.681000,9629.0,193.0,6,0.0,True,0,car,3881.345833333333,0.7231868126692471,OnTrack,377.1553141476632,6924.218642737023,7302.710744285027
2026-09-13 14:11:34.620,0 days 02:05:44.180000,43,25.963332213334986,0 days 00:01:05.824000,10177.7627456,184.3604128,6,0.0,True,0,pos,3888.141016220855,0.7244529164551371,OnTrack,432.0,6939.0,7302.0
2026-09-13 14:11:34.880,0 days 02:05:44.440000,43,21.413332213334936,0 days 00:01:06.084000,11175.512745600001,168.65207946666666,6,0.0,True,0,pos,3899.6974803048324,0.7266061598880834,OnTrack,602.0,6998.0,7299.0
2026-09-13 14:11:34.957,0 days 02:05:44.517000,43,20.065833333334922,0 days 00:01:06.161000,11471.0,164.0,4,0.0,True,0,car,3903.2124999999996,0.7272610914502201,OnTrack,636.9710175018876,7011.612126104103,7298.217355227542
2026-09-13 14:11:35.316,0 days 02:05:44.876000,43,13.783333333335122,0 days 00:01:06.520000,11103.0,164.0,3,0.0,True,0,car,3919.566944444444,0.730308312455156,OnTrack,720.3713710316871,7056.856114064121,7295.264730918527
2026-09-13 14:11:35.340,0 days 02:05:44.900000,43,13.58333333333514,0 days 00:01:06.544000,11251.32,160.04,3,0.0,True,0,pos,3920.5167706112197,0.7304852876044048,OnTrack,730.0,7062.0,7295.0
2026-09-13 14:11:35.516,0 days 02:05:45.076000,43,12.116666666668607,0 days 00:01:06.720000,12339.0,131.0,2,0.0,True,0,car,3926.8447222222217,0.7316643351185388,OnTrack,821.8947918284109,7109.242727251574,7292.746503091324
2026-09-13 14:11:35.579,0 days 02:05:45.139000,43,11.731666275557489,0 days 00:01:06.783000,12008.249664,127.58749653333334,2,0.0,True,0,pos,3928.9582380894462,0.7320581332672162,OnTrack,852.0,7124.0,7292.0
2026-09-13 14:11:35.756,0 days 02:05:45.316000,43,10.65000000000191,0 days 00:01:06.960000,11079.0,118.0,2,0.0,True,0,car,3934.711388888888,0.733130081753157,OnTrack,908.7210524752546,7148.920035646793,7290.397900986668
2026-09-13 14:11:35.939,0 days 02:05:45.499000,43,9.938333084446308,0 days 00:01:07.143000,10426.808105244445,118.0,2,0.0,True,0,pos,3940.8245269648605,0.7342691044093199,OnTrack,951.0,7159.0,7289.0
2026-09-13 14:11:36.116,0 days 02:05:45.676000,43,9.250000000001819,0 days 00:01:07.320000,9796.0,118.0,2,0.0,True,0,car,3946.511388888888,0.7353287017050845,OnTrack,1002.8844626741876,7163.538237619679,7287.38888207009
2026-09-13 14:11:36.359,0 days 02:05:45.919000,43,9.92500017777964,0 days 00:01:07.563000,9473.157057828572,104.11428205714286,2,0.0,True,0,pos,3953.417027304851,0.7366153859764516,OnTrack,1072.0,7161.0,7285.0
2026-09-13 14:11:36.396,0 days 02:05:45.956000,43,10.027777777779647,0 days 00:01:07.600000,9424.0,102.0,2,0.0,True,0,car,3954.4447222222216,0.736806869921352,OnTrack,1079.750601069422,7159.668164269239,7284.649168081634
2026-09-13 14:11:36.716,0 days 02:05:46.276000,43,11.627777777779556,0 days 00:01:07.920000,9424.0,101.0,2,0.0,True,0,car,3963.4224999999997,0.7384796429167922,OnTrack,1126.3722040965429,7137.392306139249,7282.098945673929
2026-09-13 14:11:36.739,0 days 02:05:46.299000,43,11.742778097779583,0 days 00:01:07.943000,9323.37472,101.0,2,1.7250048,True,0,pos,3964.0735972819434,0.7386009577875319,OnTrack,1130.0,7135.0,7282.0
2026-09-13 14:11:36.876,0 days 02:05:46.436000,43,12.427777777779738,0 days 00:01:08.080000,8724.0,101.0,2,12.0,True,0,car,3967.9113888888883,0.7393160294145122,OnTrack,1154.2199722304629,7118.498950903383,7281.700626514742
2026-09-13 14:11:37.019,0 days 02:05:46.579000,43,14.334445297779954,0 days 00:01:08.223000,8924.2000896,95.99499776,2,29.16000768,True,0,pos,3971.6466414315146,0.7400119955810974,OnTrack,1188.0,7089.0,7281.0
2026-09-13 14:11:37.076,0 days 02:05:46.636000,43,15.094444444446708,0 days 00:01:08.280000,9004.0,94.0,2,36.0,False,0,car,3973.1336111111104,0.7402890533103746,OnTrack,1204.991423861915,7071.324537409698,7280.337859065607
2026-09-13 14:11:37.179,0 days 02:05:46.739000,43,16.782501048890712,0 days 00:01:08.383000,9004.0,95.54500096,2,36.0,False,0,pos,3975.8877684936256,0.7408022181724039,OnTrack,1236.0,7037.0,7279.0
2026-09-13 14:11:37.276,0 days 02:05:46.836000,43,18.372222222223627,0 days 00:01:08.480000,9004.0,97.0,2,36.0,False,0,car,3978.5224999999996,0.7412931311603603,OnTrack,1257.0448408070813,7012.829814761869,7278.306135250172
2026-09-13 14:11:37.516,0 days 02:05:47.076000,43,22.172222222224264,0 days 00:01:08.720000,9675.0,99.0,2,54.0,False,0,car,3985.1224999999995,0.7425228677436418,OnTrack,1281.3995255936507,6980.3136149487045,7278.2556241429165
2026-09-13 14:11:37.640,0 days 02:05:47.200000,43,24.686666666668614,0 days 00:01:08.844000,10111.755555555555,102.1,2,59.855555555555554,False,0,pos,3988.7011958218277,0.743189663678875,OnTrack,1299.0,6956.0,7277.0
2026-09-13 14:11:37.700,0 days 02:05:47.260000,43,25.903333333335237,0 days 00:01:08.904000,10323.08888888889,103.6,2,62.68888888888889,False,0,pos,3990.4816762392115,0.743521409422068,OnTrack,1310.0,6941.0,7276.0
2026-09-13 14:11:37.876,0 days 02:05:47.436000,43,29.47222222222399,0 days 00:01:09.080000,10943.0,108.0,2,71.0,False,0,car,3995.9224999999997,0.7445351639708296,OnTrack,1340.2976935968022,6897.366764326408,7274.296020792334
2026-09-13 14:11:37.920,0 days 02:05:47.480000,43,30.242222358733667,0 days 00:01:09.124000,10928.130191269618,109.70637149365035,2,72.46260413741459,False,0,pos,3997.3358067567838,0.7447984965499534,OnTrack,1348.0,6886.0,7274.0
2026-09-13 14:11:38.200,0 days 02:05:47.760000,43,35.142223227431614,0 days 00:01:09.404000,10833.504135712645,120.5650991805162,2,81.77008501187103,False,0,pos,4006.8339282615766,0.7465682219267556,OnTrack,1400.0,6809.0,7272.0
2026-09-13 14:11:38.237,0 days 02:05:47.797000,43,35.789722222223645,0 days 00:01:09.441000,10821.0,122.0,2,83.0,False,0,car,4008.1563888888886,0.7468146277166581,OnTrack,1406.515560301625,6799.404157050693,7271.620273483648
2026-09-13 14:11:38.380,0 days 02:05:47.940000,43,37.815556462224244,0 days 00:01:09.584000,11321.500224,129.1500032,2,84.1916672,False,0,pos,4013.415958377166,0.7477946102942407,OnTrack,1431.0,6763.0,7270.0
2026-09-13 14:11:38.477,0 days 02:05:48.037000,43,39.189722222224646,0 days 00:01:09.681000,11661.0,134.0,3,85.0,False,0,car,4017.0897222222216,0.7484791196576652,OnTrack,1448.2297396943536,6736.13831179534,7269.08731377496
2026-09-13 14:11:38.620,0 days 02:05:48.180000,43,40.8977785422245,0 days 00:01:09.824000,11832.6000768,139.72000256,3,87.14500096,False,0,pos,4022.64896570617,0.7495149386103289,OnTrack,1475.0,6693.0,7268.0
2026-09-13 14:11:38.677,0 days 02:05:48.237000,43,41.57861111111333,0 days 00:01:09.881000,11901.0,142.0,3,88.0,False,0,car,4024.9786111111107,0.7499490068194999,OnTrack,1486.216002488704,6674.725444716628,7267.616127325978
2026-09-13 14:11:39.480,0 days 02:05:49.040000,43,47.155000444446536,0 days 00:01:10.684000,11408.3260024,174.6218776,3,98.0375008,False,0,pos,4065.211128866257,0.7574452793832914,OnTrack,1670.0,6362.0,7264.0
2026-09-13 14:11:39.637,0 days 02:05:49.197000,43,48.24527777777985,0 days 00:01:10.841000,11312.0,181.0,4,100.0,False,0,car,4073.245277777777,0.7589422319335987,OnTrack,1708.2947038953398,6293.232182127025,7263.195645652788
2026-09-13 14:11:39.680,0 days 02:05:49.240000,43,48.48416702222435,0 days 00:01:10.884000,11270.791605333334,181.0,4,100.0,False,0,pos,4075.410351420233,0.7593456365189966,OnTrack,1719.0,6274.0,7263.0
2026-09-13 14:11:39.940,0 days 02:05:49.500000,43,49.92861146666912,0 days 00:01:11.144000,11021.624938666666,181.0,4,100.0,False,0,pos,4088.3844214793953,0.7617630135774525,OnTrack,1786.0,6154.0,7262.0
2026-09-13 14:11:39.997,0 days 02:05:49.557000,43,50.2452777777803,0 days 00:01:11.201000,10967.0,181.0,4,100.0,False,0,car,4091.345277777777,0.7623146913513856,OnTrack,1800.9883184508474,6126.923448351241,7261.68708036505
2026-09-13 14:11:40.100,0 days 02:05:49.660000,43,50.130833262224506,0 days 00:01:11.304000,10798.6592704,186.4718784,4,100.0,False,0,pos,4096.853229429277,0.7633409534187788,OnTrack,1828.0,6078.0,7261.0
2026-09-13 14:11:40.317,0 days 02:05:49.877000,43,49.88972222222401,0 days 00:01:11.521000,10444.0,198.0,5,100.0,False,0,car,4108.945277777778,0.765593988906803,OnTrack,1885.7874376363284,5973.952997699051,7259.187115704527
2026-09-13 14:11:40.340,0 days 02:05:49.900000,43,49.80027752889062,0 days 00:01:11.544000,10506.79017472,198.80500224,5,99.65499904,False,0,pos,4110.244094320876,0.7658359892428664,OnTrack,1893.0,5961.0,7259.0
2026-09-13 14:11:40.517,0 days 02:05:50.077000,43,49.111944444445726,0 days 00:01:11.721000,10990.0,205.0,5,97.0,False,0,car,4120.3341666666665,0.7677160091052263,OnTrack,1958.0550388261918,5844.283935628178,7257.697084441186
2026-09-13 14:11:40.640,0 days 02:05:50.200000,43,48.49694412444594,0 days 00:01:11.844000,10984.6187472,206.5375008,5,76.2437392,False,0,pos,4127.444743785793,0.7690408783191102,OnTrack,1999.0,5771.0,7257.0
2026-09-13 14:11:40.837,0 days 02:05:50.397000,43,47.51194444444627,0 days 00:01:12.041000,10976.0,209.0,5,43.0,False,0,car,4138.911944444444,0.7711774898581667,OnTrack,2040.2548649917646,5697.740320388201,7256.306282142624
2026-09-13 14:11:40.940,0 days 02:05:50.500000,43,47.16861089777953,0 days 00:01:12.144000,10976.0,208.57083306666667,5,43.0,False,0,pos,4144.8840156654405,0.772290228412473,OnTrack,2062.0,5660.0,7256.0
2026-09-13 14:11:41.077,0 days 02:05:50.637000,43,46.71194444444609,0 days 00:01:12.281000,10976.0,208.0,5,43.0,False,0,car,4152.778611111111,0.7737611788412226,OnTrack,2099.4981051519453,5595.798238498327,7255.548096784142
2026-09-13 14:11:41.220,0 days 02:05:50.780000,43,46.59277772444652,0 days 00:01:12.424000,10859.09744768,206.2124992,5,37.6374976,False,0,pos,4160.926858098619,0.7752793905700336,OnTrack,2144.0,5523.0,7255.0
2026-09-13 14:11:41.477,0 days 02:05:51.037000,43,46.37861111111397,0 days 00:01:12.681000,10649.0,203.0,5,28.0,False,0,car,4175.334166666666,0.7779638139659049,OnTrack,2225.9756840480923,5407.243454452819,7254.004695714426
2026-09-13 14:11:41.480,0 days 02:05:51.040000,43,46.389444674110926,0 days 00:01:12.684000,10648.31731329372,202.96242091525065,5,28.169105881372076,False,0,pos,4175.500562351451,0.7779948174296748,OnTrack,2227.0,5406.0,7254.0
2026-09-13 14:11:41.660,0 days 02:05:51.220000,43,47.039444587263375,0 days 00:01:12.864000,10607.356984737271,200.707723930492,5,38.315242312786,False,0,pos,4185.408675820236,0.7798409340363214,OnTrack,2292.0,5336.0,7254.0
2026-09-13 14:11:41.800,0 days 02:05:51.360000,43,47.54500007527084,0 days 00:01:13.004000,10575.49895141559,198.95407072012415,5,46.20668175944127,False,0,pos,4193.032677596979,0.7812614664447858,OnTrack,2349.0,5288.0,7254.0
2026-09-13 14:11:41.956,0 days 02:05:51.516000,43,48.108333333336304,0 days 00:01:13.160000,10540.0,197.0,5,55.0,False,0,car,4201.54611111111,0.7828477210874616,OnTrack,2436.944391828931,5238.340487443421,7254.492076675677
2026-09-13 14:11:42.116,0 days 02:05:51.676000,43,48.86388888889178,0 days 00:01:13.320000,10540.0,197.0,5,55.0,False,0,car,4210.301666666665,0.7844790888107372,OnTrack,2530.485496763636,5199.5240168724895,7254.997103325149
2026-09-13 14:11:42.119,0 days 02:05:51.679000,43,48.878055857780666,0 days 00:01:13.323000,10543.375072,197.0,5,55.28500608,False,0,pos,4210.465715797721,0.7845096550558758,OnTrack,2532.0,5199.0,7255.0
2026-09-13 14:11:42.316,0 days 02:05:51.876000,43,49.80833333333612,0 days 00:01:13.520000,10765.0,197.0,5,74.0,False,0,car,4221.24611111111,0.7865182984648319,OnTrack,2615.2037117960704,5179.835555158853,7254.792050167774
2026-09-13 14:11:42.399,0 days 02:05:51.959000,43,50.131111360002706,0 days 00:01:13.603000,10797.969469866666,197.6916672,5,74.46111146666667,False,0,pos,4225.831513585573,0.7873726677333042,OnTrack,2653.0,5176.0,7255.0
2026-09-13 14:11:42.639,0 days 02:05:52.199000,43,51.064444693335794,0 days 00:01:13.843000,10893.3028032,199.6916672,5,75.7944448,False,0,pos,4239.195305346884,0.7898626591909161,OnTrack,2790.0,5171.0,7257.0
2026-09-13 14:11:42.676,0 days 02:05:52.236000,43,51.20833333333576,0 days 00:01:13.880000,10908.0,200.0,5,76.0,False,0,car,4241.24611111111,0.7902447729596243,OnTrack,2811.630655217566,5171.873723625136,7257.193201628183
2026-09-13 14:11:42.939,0 days 02:05:52.499000,43,52.23111136000175,0 days 00:01:14.143000,11060.046912,200.0,5,78.4656256,False,0,pos,4255.794354557888,0.7929554558670467,OnTrack,2963.0,5190.0,7258.0
2026-09-13 14:11:42.996,0 days 02:05:52.556000,43,52.452777777779374,0 days 00:01:14.200000,11093.0,200.0,5,79.0,False,0,car,4259.023888888888,0.793557194732773,OnTrack,2996.391864817067,5195.274265948714,7258.57206419764
2026-09-13 14:11:43.119,0 days 02:05:52.679000,43,52.58944451555726,0 days 00:01:14.323000,11122.9812656,206.1500032,5,82.0750016,False,0,pos,4266.1253583018115,0.7948803669649134,OnTrack,3068.0,5207.0,7260.0
2026-09-13 14:11:43.156,0 days 02:05:52.716000,43,52.630555555557294,0 days 00:01:14.360000,11132.0,208.0,5,83.0,False,0,car,4268.2683333333325,0.7952796540548104,OnTrack,3088.7732393417937,5210.26892687892,7260.286089058506
2026-09-13 14:11:43.316,0 days 02:05:52.876000,43,52.7194444444458,0 days 00:01:14.520000,11132.0,208.0,5,83.0,False,0,car,4277.512777777777,0.7970021133768477,OnTrack,3177.6805308369867,5223.352386663446,7260.813453178473
2026-09-13 14:11:43.379,0 days 02:05:52.939000,43,52.596944320000986,0 days 00:01:14.583000,11182.925051733333,208.7875008,5,80.11249706666666,False,0,pos,4281.177185982729,0.7976848795625606,OnTrack,3219.0,5229.0,7261.0
2026-09-13 14:11:43.556,0 days 02:05:53.116000,43,52.25277777777774,0 days 00:01:14.760000,11326.0,211.0,5,72.0,False,0,car,4291.579444444445,0.7996230671048518,OnTrack,3355.134464781644,5246.55020247161,7261.784816406994
2026-09-13 14:11:43.599,0 days 02:05:53.159000,43,52.09749976888899,0 days 00:01:14.803000,11326.0,211.71666773333334,5,72.0,False,0,pos,4294.131525834646,0.8000985804153128,OnTrack,3384.0,5250.0,7262.0
2026-09-13 14:11:43.796,0 days 02:05:53.356000,43,51.38611111111186,0 days 00:01:15,11326.0,215.0,5,72.0,False,0,car,4305.912777777778,0.8022937071594528,OnTrack,3472.2425925238626,5258.571050075863,7263.019126595018
2026-09-13 14:11:43.980,0 days 02:05:53.540000,43,51.028333333334345,0 days 00:01:15.184000,11326.0,215.0,5,72.0,False,0,pos,4316.9393963468865,0.8043482278025321,OnTrack,3573.0,5253.0,7264.0
2026-09-13 14:11:44.180,0 days 02:05:53.740000,43,50.639444444445736,0 days 00:01:15.384000,11326.0,215.0,5,72.0,False,0,pos,4328.876494051878,0.8065723923095068,OnTrack,3762.0,5232.0,7265.0
2026-09-13 14:11:44.236,0 days 02:05:53.796000,43,50.53055555555693,0 days 00:01:15.440000,11326.0,215.0,5,72.0,False,0,car,4332.190555555555,0.8071898805928881,OnTrack,3804.160208930586,5226.093109934899,7265.193174461572
2026-09-13 14:11:44.556,0 days 02:05:54.116000,43,50.70833333333303,0 days 00:01:15.760000,11268.0,211.0,5,57.0,False,0,car,4350.946111111111,0.8106844855635602,OnTrack,3930.539463466089,5193.790834511356,7265.314101211625
2026-09-13 14:11:44.640,0 days 02:05:54.200000,43,50.848333377910556,0 days 00:01:15.844000,11268.0,211.0,5,57.0,False,0,pos,4355.866838192374,0.8116013337617682,OnTrack,3967.0,5181.0,7265.0
2026-09-13 14:11:44.757,0 days 02:05:54.317000,43,51.043333333333976,0 days 00:01:15.961000,11268.0,211.0,5,57.0,False,0,car,4362.726944444445,0.8128795343107634,OnTrack,4029.67103570776,5158.889540796081,7264.314684977704
2026-09-13 14:11:44.840,0 days 02:05:54.400000,43,51.250833493333786,0 days 00:01:16.044000,11239.468728,211.0,5,60.1125024,False,0,pos,4367.59488745514,0.8137865475843366,OnTrack,4076.0,5140.0,7264.0
2026-09-13 14:11:44.917,0 days 02:05:54.477000,43,51.44333333333361,0 days 00:01:16.121000,11213.0,211.0,5,63.0,False,0,car,4372.104722222222,0.8146268367960994,OnTrack,4116.67388151419,5120.011389369569,7264.028512047635
2026-09-13 14:11:44.980,0 days 02:05:54.540000,43,51.65333354666696,0 days 00:01:16.184000,11217.050004114286,210.77499977142858,5,63.90000091428571,False,0,pos,4375.785375409526,0.8153126298074325,OnTrack,4148.0,5103.0,7264.0
2026-09-13 14:11:45.197,0 days 02:05:54.757000,43,52.376666666667006,0 days 00:01:16.401000,11231.0,210.0,5,67.0,False,0,car,4388.438055555555,0.8176701243001796,OnTrack,4249.754377024454,5035.539711589076,7262.2335723674705
2026-09-13 14:11:45.220,0 days 02:05:54.780000,43,52.47888917333349,0 days 00:01:16.424000,11231.0,210.1437504,5,67.0,False,0,pos,4389.782940338574,0.8179207082422972,OnTrack,4263.0,5024.0,7262.0
2026-09-13 14:11:45.357,0 days 02:05:54.917000,43,53.087777777776864,0 days 00:01:16.561000,11231.0,211.0,5,67.0,False,0,car,4397.815833333334,0.8194174267855158,OnTrack,4356.006929466149,4932.706060863389,7260.639129014954
2026-09-13 14:11:45.440,0 days 02:05:55,43,53.54888924444342,0 days 00:01:16.644000,11231.0,211.6916672,5,67.0,False,0,pos,4402.704394523823,0.8203282817151453,OnTrack,4403.0,4884.0,7260.0
2026-09-13 14:11:45.597,0 days 02:05:55.157000,43,54.421111111109894,0 days 00:01:16.801000,11231.0,213.0,5,67.0,False,0,car,4412.015833333334,0.8220632236768183,OnTrack,4441.654291385918,4842.711563765187,7259.4080032326465
2026-09-13 14:11:45.760,0 days 02:05:55.320000,43,55.28138922666574,0 days 00:01:16.964000,11448.456903563636,214.85227345454547,5,79.2250048,False,0,pos,4421.810574697624,0.823888216370674,OnTrack,4471.0,4784.0,7259.0
2026-09-13 14:11:45.960,0 days 02:05:55.520000,43,56.336944782221636,0 days 00:01:17.164000,11715.275085381818,217.12500072727272,5,94.2250048,False,0,pos,4433.967409969667,0.8261533231996068,OnTrack,4560.0,4596.0,7258.0
2026-09-13 14:11:46.037,0 days 02:05:55.597000,43,56.743333333332885,0 days 00:01:17.241000,11818.0,218.0,5,100.0,False,0,car,4438.660277777778,0.8270277158093248,OnTrack,4585.388769957211,4533.995368300843,7257.682953088994
2026-09-13 14:11:46.317,0 days 02:05:55.877000,43,57.98777777777741,0 days 00:01:17.521000,11538.0,221.0,5,100.0,False,0,car,4455.849166666667,0.830230413611238,OnTrack,4621.5464746004445,4392.04006579133,7257.0593024790805
2026-09-13 14:11:46.380,0 days 02:05:55.940000,43,58.145277937777166,0 days 00:01:17.584000,11299.274757485715,222.5750016,5,100.0,False,0,pos,4459.794472763379,0.8309655177384153,OnTrack,4627.0,4366.0,7257.0
2026-09-13 14:11:46.597,0 days 02:05:56.157000,43,58.68777777777632,0 days 00:01:17.801000,10477.0,228.0,6,100.0,False,0,car,4473.5825,0.8335345543299538,OnTrack,4646.6709221407045,4280.238345795065,7256.98199783475
2026-09-13 14:11:46.700,0 days 02:05:56.260000,43,59.03111132444345,0 days 00:01:17.904000,10534.508369066667,229.2875008,6,100.0,False,0,pos,4480.166210144549,0.834761255726692,OnTrack,4658.0,4229.0,7257.0
2026-09-13 14:11:46.837,0 days 02:05:56.397000,43,59.48777777777741,0 days 00:01:18.041000,10611.0,231.0,6,100.0,False,0,car,4488.9825,0.8364039396909437,OnTrack,4675.962074454984,4142.561167884531,7257.003227361282
2026-09-13 14:11:46.940,0 days 02:05:56.500000,43,59.8025001955549,0 days 00:01:18.144000,10611.0,232.71666773333334,6,100.0,False,0,pos,4495.684035768109,0.8376525947967337,OnTrack,4689.0,4077.0,7257.0
2026-09-13 14:11:47.077,0 days 02:05:56.637000,43,60.221111111110076,0 days 00:01:18.281000,10611.0,235.0,6,100.0,False,0,car,4504.649166666667,0.8393230113785312,OnTrack,4702.939850478413,4002.904917280794,7256.998634138654
2026-09-13 14:11:47.280,0 days 02:05:56.840000,43,60.672222364443,0 days 00:01:18.484000,10742.9500416,235.56388906666666,6,100.0,False,0,pos,4517.91863425551,0.841795428004996,OnTrack,4725.0,3858.0,7257.0
2026-09-13 14:11:47.437,0 days 02:05:56.997000,43,61.02111111110935,0 days 00:01:18.641000,10845.0,236.0,6,100.0,False,0,car,4528.249166666667,0.843720251282386,OnTrack,4750.168064223383,3668.481133409963,7257.000299357104
2026-09-13 14:11:47.460,0 days 02:05:57.020000,43,60.899721884442705,0 days 00:01:18.664000,10858.416704,236.3833344,6,100.0,False,0,pos,4529.772334239662,0.844004053537989,OnTrack,4753.0,3647.0,7257.0
2026-09-13 14:11:47.677,0 days 02:05:57.237000,43,59.754444444442925,0 days 00:01:18.881000,10985.0,240.0,6,100.0,False,0,car,4544.249166666667,0.8467014308782199,OnTrack,4762.75627338971,3575.423232114205,7256.993367151376
2026-09-13 14:11:47.780,0 days 02:05:57.340000,43,57.95194332444287,0 days 00:01:18.984000,10996.444451555555,240.85833386666667,6,100.0,False,0,pos,4551.165195576182,0.8479900511450476,OnTrack,4769.0,3528.0,7257.0
2026-09-13 14:11:48.037,0 days 02:05:57.597000,43,53.45444444444274,0 days 00:01:19.241000,11025.0,243.0,6,100.0,False,0,car,4568.549166666668,0.8512290973893926,OnTrack,4803.653805629986,3256.7865931607107,7257.001882671369
2026-09-13 14:11:48.040,0 days 02:05:57.600000,43,53.36610922666497,0 days 00:01:19.244000,11026.561396945455,243.0272733090909,6,100.0,False,0,pos,4568.753402926802,0.8512671514501078,OnTrack,4804.0,3254.0,7257.0
2026-09-13 14:11:48.477,0 days 02:05:58.037000,43,40.49888888888745,0 days 00:01:19.681000,11254.0,247.0,6,100.0,False,0,car,4598.7380555555565,0.8568540036129206,OnTrack,4829.799942693307,3024.7506295189423,7256.985295811279
2026-09-13 14:11:48.480,0 days 02:05:58.040000,43,40.399720133220875,0 days 00:01:19.684000,11251.163120157156,247.0,6,98.74474343236996,False,0,pos,4598.944197141268,0.8568924126809944,OnTrack,4830.0,3023.0,7257.0
2026-09-13 14:11:48.699,0 days 02:05:58.259000,43,33.16055328952032,0 days 00:01:19.903000,11044.075248984034,247.0,6,7.112942028333517,False,0,pos,4613.972520191681,0.8596925458083371,OnTrack,4848.0,2873.0,7258.0
2026-09-13 14:11:48.716,0 days 02:05:58.276000,43,32.598611111109676,0 days 00:01:19.920000,11028.0,247.0,6,0.0,False,0,car,4615.136111111112,0.8599093504025188,OnTrack,4849.505663888366,2861.250313755912,7257.921793030702
2026-09-13 14:11:48.859,0 days 02:05:58.419000,43,27.553886631109606,0 days 00:01:20.063000,10888.5749376,244.85499904,6,0.0,False,0,pos,4624.885668387965,0.8617259242289043,OnTrack,4862.0,2765.0,7257.0
2026-09-13 14:11:48.916,0 days 02:05:58.476000,43,25.54305555555402,0 days 00:01:20.120000,10833.0,244.0,6,0.0,True,0,car,4628.6916666666675,0.8624350720045447,OnTrack,4866.534231787991,2726.694494191463,7257.534278143018
2026-09-13 14:11:48.959,0 days 02:05:58.519000,43,24.061942239998366,0 days 00:01:20.163000,10703.999808,242.00356845714285,6,0.0,True,0,pos,4631.518476955701,0.8629617738267297,OnTrack,4870.0,2698.0,7258.0
2026-09-13 14:11:49.179,0 days 02:05:58.739000,43,16.484164462220097,0 days 00:01:20.383000,10043.999808,231.78928274285715,6,0.0,True,0,pos,4645.5727142319365,0.8655804116644125,OnTrack,4890.0,2558.0,7258.0
2026-09-13 14:11:49.196,0 days 02:05:58.756000,43,15.898611111108949,0 days 00:01:20.400000,9993.0,231.0,6,0.0,True,0,car,4646.658333333335,0.8657826882590333,OnTrack,4891.526642405736,2547.841313116246,7257.965383771112
2026-09-13 14:11:49.436,0 days 02:05:58.996000,43,7.098611111109676,0 days 00:01:20.640000,8864.0,231.0,6,0.0,True,0,car,4662.058333333334,0.8686520736200232,OnTrack,4912.045228922007,2414.9018779957214,7257.925538705995
2026-09-13 14:11:49.459,0 days 02:05:59.019000,43,6.2105530844429895,0 days 00:01:20.663000,8935.0126976,231.0,6,0.0,True,0,pos,4663.527942440759,0.8689258966628298,OnTrack,4914.0,2403.0,7258.0
2026-09-13 14:11:49.596,0 days 02:05:59.156000,43,0.9208333333317569,0 days 00:01:20.800000,9358.0,231.0,6,0.0,True,0,car,4672.325000000001,0.8705649971940166,OnTrack,4925.718091468798,2334.829487806185,7258.736314290031
2026-09-13 14:11:49.659,0 days 02:05:59.219000,43,9.551477517628564,0 days 00:01:20.863000,9691.637838933333,231.0,6,0.0,True,0,pos,4676.495698719432,0.8713420973141878,OnTrack,4931.0,2305.0,7259.0
2026-09-13 14:11:49.836,0 days 02:05:59.396000,5,33.799444444444816,0 days 00:01:21.040000,10629.0,231.0,5,0.0,True,0,car,4687.725000000001,0.8734343825550067,OnTrack,4945.16854807438,2226.2242773062326,7259.038395973874
2026-09-13 14:11:49.899,0 days 02:05:59.459000,5,32.4869431111116,0 days 00:01:21.103000,10539.0280336,214.6593584,5,0.0,True,0,pos,4690.94717304754,0.8740347498389798,OnTrack,4950.0,2200.0,7259.0
2026-09-13 14:11:49.979,0 days 02:05:59.539000,5,30.82027644444509,0 days 00:01:21.183000,10424.7780336,193.9093584,5,0.0,True,0,pos,4694.393180902476,0.8746768228579936,OnTrack,4956.0,2168.0,7259.0
2026-09-13 14:11:50.156,0 days 02:05:59.716000,5,27.132777777778756,0 days 00:01:21.360000,10172.0,148.0,3,0.0,True,0,car,4700.880555555556,0.8758855746671367,OnTrack,4969.022024899807,2100.610496572822,7259.1658389202
2026-09-13 14:11:50.239,0 days 02:05:59.799000,5,25.864721244445477,0 days 00:01:21.443000,10172.0,138.1437424,3,0.0,True,0,pos,4703.902790474836,0.876448688734335,OnTrack,4975.0,2071.0,7259.0
2026-09-13 14:11:50.316,0 days 02:05:59.876000,5,24.688333333334413,0 days 00:01:21.520000,10172.0,129.0,3,0.0,True,0,car,4706.61388888889,0.8769538306889771,OnTrack,4980.464620740833,2044.831113727376,7258.590934959552
2026-09-13 14:11:50.420,0 days 02:05:59.980000,5,23.590555555556453,0 days 00:01:21.624000,10370.033333333333,122.06666666666666,3,0.0,True,0,pos,4710.012248241377,0.8775870256615361,OnTrack,4988.0,2011.0,7258.0
2026-09-13 14:11:50.556,0 days 02:06:00.116000,5,22.155000000000655,0 days 00:01:21.760000,10629.0,113.0,3,0.0,True,0,car,4714.147222222224,0.878357469415349,OnTrack,4998.740340878334,1968.333254334873,7257.940449518002
2026-09-13 14:11:50.680,0 days 02:06:00.240000,5,21.500555555556147,0 days 00:01:21.884000,10915.44,109.59,3,0.0,True,0,pos,4717.7944579344285,0.8790370359582503,OnTrack,5009.0,1932.0,7258.0
2026-09-13 14:11:50.940,0 days 02:06:00.500000,5,20.128333333333796,0 days 00:01:22.144000,11516.04,102.44,3,0.0,True,0,pos,4725.052381116301,0.8803893592393707,OnTrack,5033.0,1863.0,7257.0
2026-09-13 14:11:50.956,0 days 02:06:00.516000,5,20.04388888888934,0 days 00:01:22.160000,11553.0,102.0,1,0.0,True,0,car,4725.480555555557,0.8804691382957313,OnTrack,5034.9330271354565,1858.4972794957373,7256.924371267458
2026-09-13 14:11:51.180,0 days 02:06:00.740000,5,20.168333333333884,0 days 00:01:22.384000,11553.0,95.7,1,0.0,True,0,pos,4731.273209438946,0.8815484471434115,OnTrack,5067.0,1795.0,7256.0
2026-09-13 14:11:51.276,0 days 02:06:00.836000,5,20.22166666666726,0 days 00:01:22.480000,11553.0,93.0,1,0.0,True,0,car,4733.747222222223,0.8820094144202453,OnTrack,5080.856286409844,1774.2580532380257,7255.847045765836
2026-09-13 14:11:51.597,0 days 02:06:01.157000,5,21.38083333333452,0 days 00:01:22.801000,10713.0,93.0,1,0.0,True,0,car,4742.039722222223,0.8835545039076484,OnTrack,5125.581012297711,1731.3275239857371,7256.001060836114
2026-09-13 14:11:51.600,0 days 02:06:01.160000,5,21.412500675556746,0 days 00:01:22.804000,10694.624608,92.89166435555556,1,0.05000106666666667,True,0,pos,4742.112386141569,0.8835680429197553,OnTrack,5126.0,1731.0,7256.0
2026-09-13 14:11:51.920,0 days 02:06:01.480000,5,24.790278453334686,0 days 00:01:23.124000,8734.624608,81.3361088,1,5.3833344,True,0,pos,4749.247772550287,0.8848975346928839,OnTrack,5185.0,1704.0,7256.0
2026-09-13 14:11:51.957,0 days 02:06:01.517000,5,25.180833333334704,0 days 00:01:23.161000,8508.0,80.0,1,6.0,False,0,car,4750.039722222223,0.8850450937055654,OnTrack,5197.439114250313,1702.6901469767345,7256.165616822419
2026-09-13 14:11:52.100,0 days 02:06:01.660000,5,27.405278773334523,0 days 00:01:23.304000,8687.10758016,78.56999936,1,10.64750208,False,0,pos,4753.082158949032,0.8856119718487891,OnTrack,5252.0,1702.0,7257.0
2026-09-13 14:11:52.357,0 days 02:06:01.917000,5,31.40305555555642,0 days 00:01:23.561000,9009.0,76.0,1,19.0,False,0,car,4758.484166666667,0.886618494047811,OnTrack,5314.861665927895,1719.495504716248,7257.241747986008
2026-09-13 14:11:52.560,0 days 02:06:02.120000,5,34.89916776889042,0 days 00:01:23.764000,9201.0042272,76.0,1,27.458336,False,0,pos,4762.7422824145715,0.8874118820343331,OnTrack,5343.0,1737.0,7257.0
2026-09-13 14:11:52.597,0 days 02:06:02.157000,5,35.53638888889054,0 days 00:01:23.801000,9236.0,76.0,1,29.0,False,0,car,4763.550833333334,0.8875625342531583,OnTrack,5347.233682180543,1739.4926370663782,7256.981360390071
2026-09-13 14:11:52.757,0 days 02:06:02.317000,5,38.02527777777959,0 days 00:01:23.961000,9236.0,82.0,1,29.0,False,0,car,4767.195277777778,0.8882415807166538,OnTrack,5363.407891906344,1748.5790466225299,7256.983656930396
2026-09-13 14:11:52.860,0 days 02:06:02.420000,5,39.513056480001914,0 days 00:01:24.064000,9442.000128,83.47142948571428,1,39.66786377142857,False,0,pos,4769.607313407334,0.8886910001793573,OnTrack,5380.0,1759.0,7257.0
2026-09-13 14:11:53.037,0 days 02:06:02.597000,5,42.0697222222243,0 days 00:01:24.241000,9796.0,86.0,1,58.0,False,0,car,4773.884166666667,0.889487879408801,OnTrack,5426.892144689585,1790.5897887186609,7257.005341591742
2026-09-13 14:11:53.197,0 days 02:06:02.757000,5,44.11416666666901,0 days 00:01:24.401000,10916.0,92.0,1,61.0,False,0,car,4777.973055555555,0.8902497364166251,OnTrack,5473.232290336467,1821.5058738137834,7257.0000655454405
2026-09-13 14:11:53.200,0 days 02:06:02.760000,5,44.13833384889123,0 days 00:01:24.404000,10920.757244342858,92.10714514285715,1,61.04285805714286,False,0,pos,4778.052685770837,0.8902645734149381,OnTrack,5474.0,1822.0,7257.0
2026-09-13 14:11:53.477,0 days 02:06:03.037000,5,46.36972222222448,0 days 00:01:24.681000,11360.0,102.0,1,65.0,False,0,car,4785.906388888889,0.8917279046328928,OnTrack,5529.559661596518,1854.4493100065968,7256.999055315343
2026-09-13 14:11:53.660,0 days 02:06:03.220000,5,46.87805573333559,0 days 00:01:24.864000,11276.633304177778,108.10000213333333,1,71.10000213333333,False,0,pos,4791.575322178246,0.8927841613986663,OnTrack,5565.0,1870.0,7257.0
2026-09-13 14:11:53.837,0 days 02:06:03.397000,5,47.36972222222448,0 days 00:01:25.041000,11196.0,114.0,2,77.0,False,0,car,4797.306388888888,0.8938519950949243,OnTrack,5616.55253725475,1885.7112329544705,7257.000001229293
2026-09-13 14:11:53.840,0 days 02:06:03.400000,5,47.373888977780034,0 days 00:01:25.044000,11186.999808,114.05357257142857,2,77.08571611428572,False,0,pos,4797.404778174899,0.8938703273531682,OnTrack,5618.0,1886.0,7257.0
2026-09-13 14:11:54.060,0 days 02:06:03.620000,5,47.679444533335435,0 days 00:01:25.264000,10526.999808,117.982144,2,83.3714304,False,0,pos,4804.695887682827,0.8952288340341696,OnTrack,5760.0,1907.0,7257.0
2026-09-13 14:11:54.117,0 days 02:06:03.677000,5,47.75861111111317,0 days 00:01:25.321000,10356.0,119.0,2,85.0,False,0,car,4806.561944444444,0.8955765246805698,OnTrack,5785.160787238661,1910.3314998275416,7257.0000035953635
2026-09-13 14:11:54.400,0 days 02:06:03.960000,5,47.28694433778026,0 days 00:01:25.604000,10285.249984,119.0,2,86.57222257777778,False,0,pos,4815.716627706083,0.8972822593646897,OnTrack,5841.0,1917.0,7257.0
2026-09-13 14:11:54.477,0 days 02:06:04.037000,5,47.158611111113714,0 days 00:01:25.681000,10266.0,119.0,3,87.0,False,0,car,4818.461944444443,0.8977937770049711,OnTrack,5865.115154481116,1920.079801184937,7256.999999495688
2026-09-13 14:11:54.700,0 days 02:06:04.260000,5,44.80472154666887,0 days 00:01:25.904000,11017.696049066666,141.3000064,3,88.85833386666667,False,0,pos,4827.293997517225,0.8994393980305898,OnTrack,5958.0,1932.0,7257.0
2026-09-13 14:11:54.717,0 days 02:06:04.277000,5,44.62527777777996,0 days 00:01:25.921000,11075.0,143.0,3,89.0,False,0,car,4827.995277777777,0.8995700631808222,OnTrack,5965.088029085793,1932.8648755155248,7256.999999883863
2026-09-13 14:11:54.880,0 days 02:06:04.440000,5,42.63305477333538,0 days 00:01:26.084000,11075.0,148.23928777142856,3,89.0,False,0,pos,4834.832122895547,0.9008439296286329,OnTrack,6032.0,1941.0,7257.0
2026-09-13 14:11:54.997,0 days 02:06:04.557000,5,41.20305555555751,0 days 00:01:26.201000,11075.0,152.0,3,89.0,True,0,car,4839.817499999999,0.901772823659966,OnTrack,6080.4017586894715,1947.6553819765702,7257.0000052877085
2026-09-13 14:11:55.040,0 days 02:06:04.600000,5,40.68944368000185,0 days 00:01:26.244000,10886.87472,152.0,3,65.08121440000001,True,0,pos,4841.658277260284,0.9021158041355184,OnTrack,6098.0,1950.0,7257.0
2026-09-13 14:11:55.157,0 days 02:06:04.717000,5,39.29194444444602,0 days 00:01:26.361000,10375.0,152.0,3,0.0,True,0,car,4846.573055555556,0.9030315439337627,OnTrack,6144.8592373149495,1955.6266434871743,7256.999953489347
2026-09-13 14:11:55.260,0 days 02:06:04.820000,5,38.691110858322816,0 days 00:01:26.464000,10084.40426645181,144.89654873548866,3,0.0,True,0,pos,4850.535396247051,0.9037698220100894,OnTrack,6185.0,1960.0,7257.0
2026-09-13 14:11:55.419,0 days 02:06:04.979000,5,37.763610671071106,0 days 00:01:26.623000,9635.814834193889,133.93102928029506,3,0.0,True,0,pos,4856.116226195635,0.9048096630332478,OnTrack,6245.0,1966.0,7257.0
2026-09-13 14:11:55.476,0 days 02:06:05.036000,5,37.43111111111284,0 days 00:01:26.680000,9475.0,130.0,3,0.0,True,0,car,4858.0925,0.9051778897295826,OnTrack,6265.757850704805,1967.6341536005345,7256.999409893857
2026-09-13 14:11:55.659,0 days 02:06:05.219000,5,37.07527765333525,0 days 00:01:26.863000,9067.8248576,124.50999808,3,0.0,True,0,pos,4864.402381390653,0.9063535703329544,OnTrack,6330.0,1971.0,7257.0
2026-09-13 14:11:55.676,0 days 02:06:05.236000,5,37.042222222224154,0 days 00:01:26.880000,9030.0,124.0,3,0.0,True,0,car,4864.981388888888,0.9064614531666777,OnTrack,6335.841569044634,1971.2009179671973,7257.000932849388
2026-09-13 14:11:55.859,0 days 02:06:05.419000,5,37.44888903111285,0 days 00:01:27.063000,8797.2467936,121.7124992,3,0.0,True,0,pos,4871.115600008846,0.9076044022308875,OnTrack,6397.0,1972.0,7257.0
2026-09-13 14:11:55.979,0 days 02:06:05.539000,5,37.715555697779386,0 days 00:01:27.183000,8644.6217936,120.2124992,3,0.0,True,0,pos,4875.086254727904,0.908344229407797,OnTrack,6436.0,1970.0,7257.0
2026-09-13 14:11:55.996,0 days 02:06:05.556000,5,37.75333333333492,0 days 00:01:27.200000,8623.0,120.0,3,0.0,True,0,car,4875.648055555555,0.908448906230567,OnTrack,6442.1817228898,1969.2555500901462,7257.025605167914
2026-09-13 14:11:56.279,0 days 02:06:05.839000,5,39.24694478222379,0 days 00:01:27.483000,8499.187472,117.3468744,3,0.0,True,0,pos,4884.89051440386,0.9101709955889357,OnTrack,6557.0,1943.0,7258.0
2026-09-13 14:11:56.316,0 days 02:06:05.876000,5,39.44222222222379,0 days 00:01:27.520000,8483.0,117.0,3,0.0,False,0,car,4886.048055555555,0.9103866729678588,OnTrack,6567.791306725515,1939.443968722576,7258.007356201906
2026-09-13 14:11:56.639,0 days 02:06:06.199000,5,43.83861198222391,0 days 00:01:27.843000,8231.940859345454,108.9249984,3,0.0,False,0,pos,4895.563357187709,0.9121595994099828,OnTrack,6622.0,1905.0,7257.0
2026-09-13 14:11:56.756,0 days 02:06:06.316000,5,45.43111111111284,0 days 00:01:27.960000,8141.0,106.0,3,0.0,False,0,car,4899.00361111111,0.912800600335041,OnTrack,6644.441406793921,1883.1056296188249,7256.900006470163
2026-09-13 14:11:56.959,0 days 02:06:06.519000,5,48.70166769777961,0 days 00:01:28.163000,8341.4625632,108.5375008,3,33.833344000000004,False,0,pos,4905.14099173122,0.9139441399523245,OnTrack,6687.0,1836.0,7257.0
2026-09-13 14:11:56.980,0 days 02:06:06.540000,5,49.04000000000184,0 days 00:01:28.184000,8362.2,108.8,3,37.333333333333336,False,0,pos,4905.78176507253,0.9140635312279911,OnTrack,6691.0,1831.0,7257.0
2026-09-13 14:11:56.996,0 days 02:06:06.556000,5,49.29777777777963,0 days 00:01:28.200000,8378.0,109.0,3,40.0,False,0,car,4906.270277777778,0.9141545527348156,OnTrack,6693.975343310809,1827.12378809734,7256.9997980291055
2026-09-13 14:11:57.196,0 days 02:06:06.756000,5,52.40888888889003,0 days 00:01:28.400000,8378.0,111.0,3,40.0,False,0,car,4912.436944444445,0.9153035490373765,OnTrack,6725.807647225717,1773.2810635412975,7256.999514633384
2026-09-13 14:11:57.340,0 days 02:06:06.900000,5,54.88888888888996,0 days 00:01:28.544000,8810.0,114.08571428571429,3,50.285714285714285,False,0,pos,4917.063756823533,0.9161656339535197,OnTrack,6745.0,1732.0,7257.0
2026-09-13 14:11:57.476,0 days 02:06:07.036000,5,57.231111111112114,0 days 00:01:28.680000,9218.0,117.0,3,60.0,False,0,car,4921.536944444445,0.9169990949325071,OnTrack,6761.678630797661,1692.5142602785802,7257.000029485042
2026-09-13 14:11:57.540,0 days 02:06:07.100000,5,42.12407407407469,0 days 00:01:28.744000,9372.666666666666,118.06666666666666,3,60.8,False,0,pos,4923.657232190498,0.9173941548428715,OnTrack,6770.0,1671.0,7257.0
2026-09-13 14:11:57.716,0 days 02:06:07.276000,43,0.5797222222217897,0 days 00:01:28.920000,9798.0,121.0,3,63.0,False,0,car,4929.603611111112,0.9185021063120733,OnTrack,6795.744419416299,1598.5537741058943,7256.999984077498
2026-09-13 14:11:57.760,0 days 02:06:07.320000,43,0.9830556626643941,0 days 00:01:28.964000,9911.74276879476,122.46058130073529,3,65.37344461369483,False,0,pos,4931.142045834424,0.9187887531999895,OnTrack,6802.0,1580.0,7257.0
2026-09-13 14:11:57.957,0 days 02:06:07.517000,43,2.788888888888323,0 days 00:01:29.161000,10421.0,129.0,3,76.0,False,0,car,4938.239444444445,0.9201111669449706,OnTrack,6826.931555455719,1501.5793779077876,7257.00018124694
2026-09-13 14:11:58.140,0 days 02:06:07.700000,43,5.68638990222148,0 days 00:01:29.344000,10774.106941672728,131.91136465454545,3,80.5750016,False,0,pos,4944.955493672831,0.9213625262527381,OnTrack,6847.0,1432.0,7257.0
2026-09-13 14:11:58.340,0 days 02:06:07.900000,43,8.853056568887954,0 days 00:01:29.544000,11160.016032581818,135.09318283636364,3,85.5750016,False,0,pos,4952.576656780349,0.9227825297497789,OnTrack,6867.0,1356.0,7257.0
2026-09-13 14:11:58.397,0 days 02:06:07.957000,43,9.755555555554565,0 days 00:01:29.601000,11270.0,136.0,3,87.0,False,0,car,4954.861666666668,0.9232082813028646,OnTrack,6872.34839800199,1334.4315067596438,7257.00113346399
2026-09-13 14:11:58.560,0 days 02:06:08.120000,43,11.566667377776993,0 days 00:01:29.764000,11270.0,147.54583786666666,3,87.0,False,0,pos,4961.680905564904,0.9244788672942732,OnTrack,6888.0,1268.0,7257.0
2026-09-13 14:11:58.637,0 days 02:06:08.197000,43,12.422222222221535,0 days 00:01:29.841000,11270.0,153.0,3,87.0,False,0,car,4965.061666666667,0.9251087832952086,OnTrack,6896.664929072594,1229.625219523085,7256.990061813525
2026-09-13 14:11:58.840,0 days 02:06:08.400000,43,14.734167395555074,0 days 00:01:30.044000,11191.055530666667,162.58611413333333,3,87.0,False,0,pos,4974.485669612317,0.9268646986259993,OnTrack,6920.0,1122.0,7257.0
2026-09-13 14:11:58.997,0 days 02:06:08.557000,43,16.5222222222219,0 days 00:01:30.201000,11130.0,170.0,3,87.0,False,0,car,4982.061666666667,0.9282762866157821,OnTrack,6931.907569885288,1061.3705592771635,7257.160979743392
2026-09-13 14:11:59.160,0 days 02:06:08.720000,43,18.423889635555728,0 days 00:01:30.364000,11026.49495936,175.70500224,3,97.59500416,False,0,pos,4990.045402409095,0.929763845996648,OnTrack,6943.0,1001.0,7257.0
2026-09-13 14:11:59.197,0 days 02:06:08.757000,43,18.85555555555584,0 days 00:01:30.401000,11003.0,177.0,3,100.0,False,0,car,4991.895,0.9301084699090549,OnTrack,6946.065724107438,984.6152031407,7256.846388467221
2026-09-13 14:11:59.360,0 days 02:06:08.920000,43,20.485556195555702,0 days 00:01:30.564000,11436.061533672728,181.0750016,3,100.0,False,0,pos,5000.252800090613,0.9316657263525668,OnTrack,6961.0,904.0,7256.0
2026-09-13 14:11:59.580,0 days 02:06:09.140000,43,22.68555619555552,0 days 00:01:30.784000,12020.561533672728,186.5750016,3,100.0,False,0,pos,5011.873648148794,0.9338309660474003,OnTrack,6980.0,791.0,7256.0
2026-09-13 14:11:59.637,0 days 02:06:09.197000,43,23.255555555555475,0 days 00:01:30.841000,12172.0,188.0,4,100.0,False,0,car,5014.8727777777785,0.9343897750508496,OnTrack,6984.938058661477,760.9698985828055,7256.0289276638
2026-09-13 14:11:59.820,0 days 02:06:09.380000,43,25.085556195555476,0 days 00:01:31.024000,11147.1996416,188.0,4,100.0,False,0,pos,5024.43751532681,0.936171912577142,OnTrack,7001.0,662.0,7256.0
2026-09-13 14:11:59.837,0 days 02:06:09.397000,43,25.255555555555475,0 days 00:01:31.041000,11052.0,188.0,4,100.0,False,0,car,5025.317222222223,0.9363358228425744,OnTrack,7002.493225179745,652.580782574549,7255.985534708009
2026-09-13 14:12:00.037,0 days 02:06:09.597000,43,26.755555555555475,0 days 00:01:31.241000,10516.0,188.0,5,100.0,False,0,car,5035.761666666667,0.9382818706342994,OnTrack,7020.0034621860395,541.1797313413189,7255.918466867481
2026-09-13 14:12:00.060,0 days 02:06:09.620000,43,26.67249976888884,0 days 00:01:31.264000,10597.5064768,190.7312576,5,100.0,False,0,pos,5037.03863220053,0.9385197996089327,OnTrack,7022.0,529.0,7256.0
2026-09-13 14:12:00.197,0 days 02:06:09.757000,43,26.17777777777792,0 days 00:01:31.401000,11083.0,207.0,5,100.0,False,0,car,5044.961666666667,0.9399960489019037,OnTrack,7033.776108133916,460.1498040648431,7256.904303108775
2026-09-13 14:12:00.260,0 days 02:06:09.820000,43,25.320276906666574,0 days 00:01:31.464000,11125.7219184,207.984376,5,100.0,False,0,pos,5048.646850968263,0.940682686167329,OnTrack,7039.0,429.0,7257.0
2026-09-13 14:12:00.420,0 days 02:06:09.980000,43,23.1424991288882,0 days 00:01:31.624000,11234.2219184,210.484376,5,100.0,False,0,pos,5058.050162241192,0.942434746148587,OnTrack,7054.0,337.0,7256.0
2026-09-13 14:12:00.517,0 days 02:06:10.077000,43,21.82222222222117,0 days 00:01:31.721000,11300.0,212.0,5,100.0,False,0,car,5063.806111111112,0.9435072159814414,OnTrack,7070.7797016581835,242.63140861949307,7256.275636460779
2026-09-13 14:12:00.620,0 days 02:06:10.180000,43,19.876665457776934,0 days 00:01:31.824000,11382.4000512,213.54500096,5,100.0,False,0,pos,5069.970697961382,0.9446558247648645,OnTrack,7090.0,137.0,7257.0
2026-09-13 14:12:00.917,0 days 02:06:10.477000,43,14.266666666666424,0 days 00:01:32.121000,11620.0,218.0,5,100.0,False,0,car,5088.028333333334,0.9480203906473564,OnTrack,7116.374494350629,-6.467015538886991,7257.69518920632
2026-09-13 14:12:01.117,0 days 02:06:10.677000,43,9.544444444443798,0 days 00:01:32.321000,11673.0,219.0,5,67.0,False,0,car,5100.195000000001,0.9502873292983551,OnTrack,7128.759102911532,-75.63119672918793,7257.017096386809
2026-09-13 14:12:01.120,0 days 02:06:10.680000,43,9.490276622221575,0 days 00:01:32.324000,11673.0,218.74999466666668,5,67.0,False,0,pos,5100.369656820528,0.9503198720077068,OnTrack,7129.0,-77.0,7257.0
2026-09-13 14:12:01.300,0 days 02:06:10.860000,43,6.240276622221575,0 days 00:01:32.504000,11673.0,203.74999466666665,5,67.0,False,0,pos,5110.263997706818,0.952163422455484,OnTrack,7146.0,-181.0,7256.0
2026-09-13 14:12:01.477,0 days 02:06:11.037000,43,3.0444444444437977,0 days 00:01:32.681000,11673.0,189.0,5,67.0,True,0,car,5119.095,0.9538088476959338,OnTrack,7164.5247218748045,-333.79895022104637,7256.7910779972335
2026-09-13 14:12:01.520,0 days 02:06:11.080000,43,7.628430433777478,0 days 00:01:32.724000,11610.16127010909,185.97045003636364,5,60.45226298181818,True,0,pos,5121.137731572187,0.9541894570511067,OnTrack,7168.0,-365.0,7257.0
2026-09-13 14:12:01.917,0 days 02:06:11.477000,5,49.950277777780684,0 days 00:01:33.121000,11030.0,158.0,5,0.0,True,0,car,5138.406111111111,0.9574069658470166,OnTrack,7177.560145122339,-481.91595232608285,7257.011987013605
2026-09-13 14:12:01.939,0 days 02:06:11.499000,5,49.803610304950205,0 days 00:01:33.143000,10970.411732772107,156.6733595422361,5,0.0,True,0,pos,5139.310070613348,0.9575753949484871,OnTrack,7178.0,-489.0,7257.0
2026-09-13 14:12:02.116,0 days 02:06:11.676000,5,48.62361111111477,0 days 00:01:33.320000,10491.0,146.0,3,0.0,True,0,car,5146.4766666666665,0.9589107018188455,OnTrack,7182.568904560276,-561.0089893319429,7256.998101084689
2026-09-13 14:12:02.139,0 days 02:06:11.699000,5,48.53416641778143,0 days 00:01:33.343000,10465.2686784,146.0,3,0.0,True,0,pos,5147.408001562759,0.9590842316056655,OnTrack,7183.0,-570.0,7257.0
2026-09-13 14:12:02.276,0 days 02:06:11.836000,5,48.00138888889251,0 days 00:01:33.480000,10312.0,146.0,3,0.0,True,0,car,5152.9655555555555,0.9601197357660448,OnTrack,7184.010451773728,-622.5436895682604,7257.0000380857355
2026-09-13 14:12:02.279,0 days 02:06:11.839000,5,47.99388872889249,0 days 00:01:33.483000,10301.499776,146.0,3,0.0,True,0,pos,5153.087065945608,0.9601423760345139,OnTrack,7184.0,-624.0,7257.0
2026-09-13 14:12:02.439,0 days 02:06:11.999000,5,47.59388872889176,0 days 00:01:33.643000,9741.499776,146.0,3,0.0,True,0,pos,5159.563952595235,0.9613491736797888,OnTrack,7182.0,-716.0,7257.0
2026-09-13 14:12:02.476,0 days 02:06:12.036000,5,47.5013888888916,0 days 00:01:33.680000,9612.0,146.0,3,0.0,True,0,car,5161.076666666667,0.961631028200044,OnTrack,7181.5494438463365,-732.3579086878749,7257.000092394447
2026-09-13 14:12:02.716,0 days 02:06:12.276000,5,47.30138888889178,0 days 00:01:33.920000,9402.0,146.0,3,0.0,False,0,car,5170.81,0.9634445791208429,OnTrack,7178.897008429268,-778.0864565692855,7257.000060049449
2026-09-13 14:12:02.799,0 days 02:06:12.359000,5,47.85472264889165,0 days 00:01:34.003000,9323.97993984,137.6999936,3,0.0,False,0,pos,5173.817148041638,0.9640048821448043,OnTrack,7176.0,-794.0,7257.0
2026-09-13 14:12:02.916,0 days 02:06:12.476000,5,48.63472222222481,0 days 00:01:34.120000,9214.0,126.0,3,0.0,False,0,car,5177.81,0.9647488451940202,OnTrack,7169.379632430742,-825.9841271144013,7256.99995240785
2026-09-13 14:12:03.076,0 days 02:06:12.636000,5,50.27916666666897,0 days 00:01:34.280000,9074.0,121.0,3,0.0,False,0,car,5183.187777777778,0.9657508527803976,OnTrack,7155.703070730779,-881.5175182143256,7256.999964732737
2026-09-13 14:12:03.139,0 days 02:06:12.699000,5,51.101667502224494,0 days 00:01:34.343000,8977.9249024,120.2124992,3,1.8375018666666667,False,0,pos,5185.27221226325,0.9661392323777066,OnTrack,7149.0,-902.0,7257.0
2026-09-13 14:12:03.259,0 days 02:06:12.819000,5,52.6683341688911,0 days 00:01:34.463000,8794.9249024,118.7124992,3,5.337501866666667,False,0,pos,5189.196311874054,0.9668703852334408,OnTrack,7134.0,-938.0,7257.0
2026-09-13 14:12:03.316,0 days 02:06:12.876000,5,53.41250000000218,0 days 00:01:34.520000,8708.0,118.0,3,7.0,False,0,car,5191.054444444445,0.967216599415016,OnTrack,7125.476566702125,-953.9014002829681,7256.999752801835
2026-09-13 14:12:03.419,0 days 02:06:12.979000,5,55.071945475557946,0 days 00:01:34.623000,8833.66007808,117.48499968,3,18.84500736,False,0,pos,5194.408414403316,0.9678415235904178,OnTrack,7108.0,-981.0,7257.0
2026-09-13 14:12:03.516,0 days 02:06:13.076000,5,56.63472222222481,0 days 00:01:34.720000,8952.0,117.0,3,30.0,False,0,car,5197.554444444445,0.9684277036258235,OnTrack,7089.747060401528,-1005.0297101108772,7257.003158960052
2026-09-13 14:12:03.676,0 days 02:06:13.236000,5,59.25694444444707,0 days 00:01:34.880000,8952.0,116.0,3,30.0,False,0,car,5202.71,0.9693883059400366,OnTrack,7055.009662960699,-1041.5931461359519,7257.00507473821
2026-09-13 14:12:03.720,0 days 02:06:13.280000,5,59.96583333333565,0 days 00:01:34.924000,8952.0,116.275,3,30.0,False,0,pos,5204.128798796002,0.9696526618163637,OnTrack,7044.0,-1051.0,7257.0
2026-09-13 14:12:03.836,0 days 02:06:13.396000,5,61.83472222222372,0 days 00:01:35.040000,8952.0,117.0,3,30.0,False,0,car,5207.910000000001,0.9703571893086826,OnTrack,7012.352620716393,-1074.2918461325746,7256.982004627757
2026-09-13 14:12:03.880,0 days 02:06:13.440000,5,52.60799206349299,0 days 00:01:35.084000,8952.0,117.94285714285714,3,30.0,False,0,pos,5209.381185484776,0.9706313060679891,OnTrack,7001.0,-1082.0,7257.0
2026-09-13 14:12:04.116,0 days 02:06:13.676000,43,3.1191666666645688,0 days 00:01:35.320000,8952.0,123.0,3,30.0,False,0,car,5217.476666666667,0.9721396862753583,OnTrack,6935.301947681381,-1114.202257793839,7257.103610957309
2026-09-13 14:12:04.140,0 days 02:06:13.700000,43,3.532499999997999,0 days 00:01:35.344000,8985.6,123.0,3,35.4,False,0,pos,5218.28998621739,0.9722912270034527,OnTrack,6922.0,-1118.0,7257.0
2026-09-13 14:12:04.280,0 days 02:06:13.840000,43,5.943611111109676,0 days 00:01:35.484000,9181.6,123.0,3,66.89999999999999,False,0,pos,5223.03265434077,0.9731748985934044,OnTrack,6823.0,-1142.0,7256.0
2026-09-13 14:12:04.316,0 days 02:06:13.876000,43,6.563611111109822,0 days 00:01:35.520000,9232.0,123.0,3,75.0,False,0,car,5224.31,0.9734128983944123,OnTrack,6802.446831725,-1146.69684892277,7255.811691635381
2026-09-13 14:12:04.477,0 days 02:06:14.037000,43,8.799722222220225,0 days 00:01:35.681000,10352.0,135.0,3,75.0,False,0,car,5230.347500000001,0.9745378278825277,OnTrack,6753.388457085038,-1156.9599832172814,7255.615610620464
2026-09-13 14:12:04.637,0 days 02:06:14.197000,43,10.88861111110873,0 days 00:01:35.841000,11157.0,138.0,3,85.0,False,0,car,5236.480833333334,0.975680613394264,OnTrack,6732.3130239694665,-1159.9696478315495,7255.933662093721
2026-09-13 14:12:04.700,0 days 02:06:14.260000,43,11.501111733330953,0 days 00:01:35.904000,11181.500024888888,140.10000213333333,3,85.0,False,0,pos,5238.966530248488,0.9761437577020693,OnTrack,6716.0,-1163.0,7256.0
2026-09-13 14:12:04.960,0 days 02:06:14.520000,43,14.02888951110873,0 days 00:01:36.164000,11282.611136,148.7666688,3,85.0,False,0,pos,5249.827390765511,0.9781673936874784,OnTrack,6611.0,-1184.0,7256.0
2026-09-13 14:12:04.997,0 days 02:06:14.557000,43,14.38861111110873,0 days 00:01:36.201000,11297.0,150.0,3,85.0,False,0,car,5251.480833333334,0.9784754692653582,OnTrack,6595.275428082145,-1187.0725155258929,7255.997394283438
2026-09-13 14:12:05.120,0 days 02:06:14.680000,43,16.165278702219997,0 days 00:01:36.324000,11263.48248256,156.76500352,3,89.6125024,False,0,pos,5257.186503965977,0.9795385710697695,OnTrack,6543.0,-1197.0,7256.0
2026-09-13 14:12:05.397,0 days 02:06:14.957000,43,20.166388888887013,0 days 00:01:36.601000,11188.0,172.0,3,100.0,False,0,car,5270.591944444445,0.9820363226714931,OnTrack,6415.321728829301,-1219.7699806021226,7256.000009314664
2026-09-13 14:12:05.400,0 days 02:06:14.960000,43,20.221390062220337,0 days 00:01:36.604000,11194.05262912,172.0,3,100.0,False,0,pos,5270.734012085278,0.9820627932434979,OnTrack,6414.0,-1220.0,7256.0
2026-09-13 14:12:05.580,0 days 02:06:15.140000,43,23.52139006221979,0 days 00:01:36.784000,11557.20262912,172.0,3,100.0,False,0,pos,5279.096417435876,0.9836209077562039,OnTrack,6326.0,-1235.0,7256.0
2026-09-13 14:12:05.780,0 days 02:06:15.340000,43,27.18805672888585,0 days 00:01:36.984000,11960.70262912,172.0,3,100.0,False,0,pos,5288.808781202893,0.9854305515493007,OnTrack,6156.0,-1263.0,7256.0
2026-09-13 14:12:05.797,0 days 02:06:15.357000,43,27.499722222219134,0 days 00:01:37.001000,11995.0,172.0,4,100.0,False,0,car,5289.703055555557,0.985597176077628,OnTrack,6144.065332105488,-1264.963571009416,7255.999998017473
2026-09-13 14:12:05.957,0 days 02:06:15.517000,43,29.499722222220043,0 days 00:01:37.161000,11995.0,199.0,4,100.0,False,0,car,5298.547500000001,0.9872451059097693,OnTrack,6069.767809255742,-1277.2373663431215,7255.999992040313
2026-09-13 14:12:06.117,0 days 02:06:15.677000,43,31.277499999997417,0 days 00:01:37.321000,11715.0,204.0,4,100.0,False,0,car,5307.614166666667,0.9889344410140752,OnTrack,6026.2604689373875,-1284.5655752901184,7255.999998688422
2026-09-13 14:12:06.180,0 days 02:06:15.740000,43,32.13500087110866,0 days 00:01:37.384000,11534.50481664,204.94500096,4,100.0,False,0,pos,5311.202478437722,0.9896030286287851,OnTrack,6000.0,-1289.0,7256.0
2026-09-13 14:12:06.317,0 days 02:06:15.877000,43,33.99972222222004,0 days 00:01:37.521000,11142.0,207.0,5,100.0,False,0,car,5319.114166666667,0.9910771638485808,OnTrack,5924.284125695636,-1301.7810219541154,7256.000000239873
2026-09-13 14:12:06.380,0 days 02:06:15.940000,43,34.80472303999757,0 days 00:01:37.584000,11331.000192,209.4750025142857,5,100.0,False,0,pos,5322.861207487149,0.9917753264510043,OnTrack,5881.0,-1309.0,7256.0
2026-09-13 14:12:06.597,0 days 02:06:16.157000,43,37.57749999999669,0 days 00:01:37.801000,11982.0,218.0,5,100.0,False,0,car,5336.0697222222225,0.9942363861147213,OnTrack,5698.763676477719,-1338.871664689545,7255.999999951052
2026-09-13 14:12:06.660,0 days 02:06:16.220000,43,38.435000871108215,0 days 00:01:37.864000,11820.9560864,218.0,5,100.0,False,0,pos,5339.863294763693,0.9949432186807179,OnTrack,5649.0,-1347.0,7256.0
2026-09-13 14:12:06.757,0 days 02:06:16.317000,43,39.75527777777552,0 days 00:01:37.961000,11573.0,218.0,5,100.0,False,0,car,5345.758611111111,0.9960416559810873,OnTrack,5581.394772976464,-1358.0585972891306,7256.000000051394
2026-09-13 14:12:07.007,0 days 02:06:16.567000,43,39.75527777777552,0 days 00:01:38.211000,11060.4997376,234.40625839999998,5,100.0,False,0,interpolation,5362.116664645862,0.9990895494451721,OnTrack,5457.547915385659,-1378.4186573043569,7256.00000004981
