Date,SessionTime,DriverAhead,DistanceToDriverAhead,Time,RPM,Speed,nGear,Throttle,Brake,DRS,Source,Distance,RelativeDistance,Status,X,Y,Z
2026-09-13 14:28:50.943,0 days 02:23:00.503000,,60.02277777777779,0 days 00:00:00,11262.3247808,234.9625056,6,100.0,False,0,interpolation,0.053988174786746,1.0111555259671943e-05,OnTrack,5480.6111381168685,-1374.4159352307593,7256.00000000038
2026-09-13 14:28:51.241,0 days 02:23:00.801000,,60.02277777777779,0 days 00:00:00.298000,10752.0,248.0,6,100.0,False,0,pos,20.614444444444445,0.003860921303059378,OnTrack,5263.0,-1410.0,7256.0
2026-09-13 14:28:51.421,0 days 02:23:00.981000,,60.02277777777779,0 days 00:00:00.478000,10864.5,253.4,6,100.0,False,0,pos,33.44417476649484,0.006263827636354269,OnTrack,5040.0,-1447.0,7256.0
2026-09-13 14:28:51.641,0 days 02:23:01.201000,3,60.02277777777779,0 days 00:00:00.698000,11002.0,260.0,7,100.0,False,0,car,49.50333333333333,0.00927158016575241,OnTrack,4961.049784897291,-1459.6485726625103,7256.000000012554
2026-09-13 14:28:51.701,0 days 02:23:01.261000,3,60.256111111111125,0 days 00:00:00.758000,11076.0,261.6666666666667,7,100.0,False,0,pos,53.94587663559238,0.010103633152757753,OnTrack,4940.0,-1463.0,7256.0
2026-09-13 14:28:51.961,0 days 02:23:01.521000,3,61.26722222222223,0 days 00:00:01.018000,11396.666666666666,268.8888888888889,7,100.0,False,0,pos,73.47208125339026,0.01376073580133626,OnTrack,4750.0,-1494.0,7256.0
2026-09-13 14:28:52.001,0 days 02:23:01.561000,3,61.42277777777778,0 days 00:00:01.058000,11446.0,270.0,7,100.0,False,0,car,76.50333333333333,0.014328465179730897,OnTrack,4712.821281835463,-1500.0771548357784,7256.000000083136
2026-09-13 14:28:52.201,0 days 02:23:01.761000,3,61.92277777777778,0 days 00:00:01.258000,11481.0,275.0,7,100.0,False,0,car,91.7811111111111,0.017189871309039713,OnTrack,4514.098226016708,-1532.4975666249736,7256.000000569875
2026-09-13 14:28:52.281,0 days 02:23:01.841000,3,62.122777777777785,0 days 00:00:01.338000,11530.42857142857,277.0,7,100.0,False,0,pos,97.9880927661638,0.01835238955027954,OnTrack,4449.0,-1543.0,7256.0
2026-09-13 14:28:52.481,0 days 02:23:02.041000,3,62.6227777777778,0 days 00:00:01.538000,11654.0,282.0,7,100.0,False,0,car,113.71444444444444,0.021297809999407422,OnTrack,4338.960654182943,-1560.322789398627,7255.9999966826235
2026-09-13 14:28:52.581,0 days 02:23:02.141000,3,62.78944444444446,0 days 00:00:01.638000,11322.888888888889,283.3888888888889,7,100.0,False,0,pos,121.63598252528601,0.022781451007135852,OnTrack,4279.0,-1570.0,7256.0
2026-09-13 14:28:52.721,0 days 02:23:02.281000,3,63.0227777777778,0 days 00:00:01.778000,10859.333333333334,285.3333333333333,7,100.0,False,0,pos,132.78733179583804,0.02487000993350232,OnTrack,4170.0,-1588.0,7256.0
2026-09-13 14:28:52.841,0 days 02:23:02.401000,3,63.22277777777779,0 days 00:00:01.898000,10462.0,287.0,8,100.0,False,0,car,142.41444444444443,0.026673091477229,OnTrack,4073.882020140451,-1603.5111700061761,7255.99993057554
2026-09-13 14:28:52.941,0 days 02:23:02.501000,3,63.3338888888889,0 days 00:00:01.998000,10551.375,289.5,8,100.0,False,0,pos,150.48726793927293,0.028185067038395357,OnTrack,3996.0,-1616.0,7256.0
2026-09-13 14:28:53.001,0 days 02:23:02.561000,3,63.40055555555557,0 days 00:00:02.058000,10605.0,291.0,8,100.0,False,0,car,155.34777777777776,0.02909540182960388,OnTrack,3950.757869074311,-1623.3170635472527,7256.00016591873
2026-09-13 14:28:53.161,0 days 02:23:02.721000,3,63.489444444444416,0 days 00:00:02.218000,10605.0,293.0,8,100.0,False,0,car,168.37,0.03153436036309474,OnTrack,3830.132894708088,-1642.9967553514412,7256.000680371111
2026-09-13 14:28:53.241,0 days 02:23:02.801000,3,63.46722222222219,0 days 00:00:02.298000,10605.0,294.1111111111111,8,100.0,False,0,pos,174.93789605336025,0.03276447499737644,OnTrack,3756.0,-1655.0,7256.0
2026-09-13 14:28:53.521,0 days 02:23:03.081000,3,63.38944444444439,0 days 00:00:02.578000,10605.0,298.0,8,100.0,False,0,pos,198.17,0.03711566308222655,OnTrack,3430.0,-1707.0,7256.0
2026-09-13 14:28:53.861,0 days 02:23:03.421000,3,63.01166666666658,0 days 00:00:02.918000,10980.7,300.55,8,100.0,False,0,pos,226.5687298151618,0.04243451905327529,OnTrack,3127.0,-1753.0,7256.0
2026-09-13 14:28:53.921,0 days 02:23:03.481000,3,62.94499999999991,0 days 00:00:02.978000,11047.0,301.0,8,100.0,False,0,car,231.61444444444447,0.043379541227113495,OnTrack,3094.4292272645357,-1757.663076588481,7255.962464081218
2026-09-13 14:28:54.081,0 days 02:23:03.641000,3,62.633888888888805,0 days 00:00:03.138000,11094.0,304.0,8,100.0,False,0,car,245.12555555555556,0.04591006475674223,OnTrack,3025.3266680140305,-1767.0002197784904,7255.862407700051
2026-09-13 14:28:54.161,0 days 02:23:03.721000,3,62.45611111111102,0 days 00:00:03.218000,11092.4,304.4,8,100.0,False,0,pos,251.90029985201267,0.04717892041993817,OnTrack,2960.0,-1776.0,7256.0
2026-09-13 14:28:54.281,0 days 02:23:03.841000,3,62.18944444444435,0 days 00:00:03.338000,11090.0,305.0,8,100.0,False,0,car,262.07000000000005,0.04908362428197565,OnTrack,2807.1251699873333,-1797.3565711631145,7256.517029822987
2026-09-13 14:28:54.421,0 days 02:23:03.981000,3,60.51722222222215,0 days 00:00:03.478000,11108.666666666666,305.0,8,100.0,False,0,pos,273.9204209739878,0.051303113772075463,OnTrack,2624.0,-1823.0,7257.0
2026-09-13 14:28:54.521,0 days 02:23:04.081000,3,59.32277777777773,0 days 00:00:03.578000,11122.0,305.0,8,100.0,False,0,car,282.40333333333336,0.05289189571225574,OnTrack,2549.4174134316568,-1833.331435778018,7256.818304732105
2026-09-13 14:28:54.760,0 days 02:23:04.320000,3,53.148609457777724,0 days 00:00:03.817000,11011.130525866667,306.9916672,8,95.35277653333333,False,0,pos,302.8104915922671,0.05671399396327386,OnTrack,2455.0,-1846.0,7256.0
2026-09-13 14:28:54.881,0 days 02:23:04.441000,3,50.02277777777772,0 days 00:00:03.938000,10955.0,308.0,8,93.0,False,0,car,313.2033333333334,0.05866049046894232,OnTrack,2357.32336434966,-1859.3363571361026,7256.61150309177
2026-09-13 14:28:54.960,0 days 02:23:04.520000,3,47.52110908444439,0 days 00:00:04.017000,11067.5750912,308.0,8,47.081212799999996,False,0,pos,320.0085212766372,0.05993504798478677,OnTrack,2287.0,-1869.0,7257.0
2026-09-13 14:28:55.041,0 days 02:23:04.601000,3,44.956111111111056,0 days 00:00:04.098000,11183.0,308.0,8,0.0,True,0,car,326.89222222222224,0.06122431036080301,OnTrack,2218.2490833511483,-1878.5051610770324,7257.139048529453
2026-09-13 14:28:55.200,0 days 02:23:04.760000,3,40.716109404444374,0 days 00:00:04.257000,10571.417610971428,292.66785097142855,8,0.0,True,0,pos,339.7906715027161,0.06364008720784342,OnTrack,2092.0,-1896.0,7257.0
2026-09-13 14:28:55.321,0 days 02:23:04.881000,3,37.48944444444436,0 days 00:00:04.378000,10106.0,281.0,8,0.0,True,0,car,348.7477777777778,0.06531768189269424,OnTrack,2002.035438337552,-1908.3182171060969,7257.010839360117
2026-09-13 14:28:55.400,0 days 02:23:04.960000,3,36.80916611555549,0 days 00:00:04.457000,9991.64740736,268.1624896,8,0.0,True,0,pos,354.0783942089566,0.06631606390551258,OnTrack,1946.0,-1916.0,7257.0
2026-09-13 14:28:55.721,0 days 02:23:05.281000,3,34.045000000000016,0 days 00:00:04.778000,9527.0,216.0,8,0.0,True,0,car,372.74777777777774,0.06981269079400844,OnTrack,1740.8265577501131,-1944.5079448145016,7256.912244073604
2026-09-13 14:28:55.740,0 days 02:23:05.300000,3,33.749443448888904,0 days 00:00:04.797000,9563.970957866666,214.41666133333334,8,0.0,True,0,pos,373.81108715196785,0.07001184017325157,OnTrack,1730.0,-1946.0,7257.0
2026-09-13 14:28:55.900,0 days 02:23:05.460000,3,31.260554560000003,0 days 00:00:04.957000,9875.3042912,201.083328,8,0.0,True,0,pos,382.63934045016373,0.07166530172152022,OnTrack,1640.0,-1959.0,7258.0
2026-09-13 14:28:55.961,0 days 02:23:05.521000,3,30.311666666666667,0 days 00:00:05.018000,9994.0,196.0,7,0.0,True,0,car,385.8144444444444,0.07225997341805729,OnTrack,1599.8902733685024,-1965.950102948403,7258.063293692073
2026-09-13 14:28:56.180,0 days 02:23:05.740000,3,27.878333012531378,0 days 00:00:05.237000,10127.924829686242,177.338343404376,7,0.0,True,0,pos,396.0603525975264,0.07417895043264693,OnTrack,1450.0,-1996.0,7257.0
2026-09-13 14:28:56.360,0 days 02:23:05.920000,3,25.87833333333333,0 days 00:00:05.417000,10238.0,162.0,5,0.0,True,0,car,403.7694444444444,0.07562280195235298,OnTrack,1385.184560150824,-2012.2894333091772,7256.321790936766
2026-09-13 14:28:56.520,0 days 02:23:06.080000,3,24.633888888888862,0 days 00:00:05.577000,9926.0,150.0,5,0.0,True,0,car,410.4361111111111,0.07687141553605137,OnTrack,1356.2471846176518,-2025.0123532794805,7256.02966063713
2026-09-13 14:28:56.581,0 days 02:23:06.141000,3,24.328889208888853,0 days 00:00:05.638000,10078.281983085715,146.9500032,5,0.0,True,0,pos,412.8495364856768,0.07732343089194013,OnTrack,1343.0,-2032.0,7256.0
2026-09-13 14:28:56.800,0 days 02:23:06.360000,3,23.233888888888828,0 days 00:00:05.857000,10625.0,136.0,3,0.0,True,0,car,421.01388888888886,0.07885254908885282,OnTrack,1287.2562376439996,-2064.8446440292755,7256.00230540447
2026-09-13 14:28:56.801,0 days 02:23:06.361000,3,23.229166968888826,0 days 00:00:05.858000,10620.2253056,135.9625024,3,0.0,True,0,pos,421.0504818769966,0.07885940266415575,OnTrack,1287.0,-2065.0,7256.0
2026-09-13 14:28:56.960,0 days 02:23:06.520000,3,22.478333333333296,0 days 00:00:06.017000,9861.0,130.0,3,0.0,True,0,car,426.79166666666663,0.07993468086139142,OnTrack,1245.5119537135338,-2093.607106711115,7255.261620288486
2026-09-13 14:28:57.001,0 days 02:23:06.561000,3,22.318889137777745,0 days 00:00:06.058000,9861.0,128.8468768,3,0.0,True,0,pos,428.22698105164756,0.08020350381708617,OnTrack,1232.0,-2108.0,7255.0
2026-09-13 14:28:57.161,0 days 02:23:06.721000,3,21.69666691555554,0 days 00:00:06.218000,9861.0,124.3468768,3,0.0,True,0,pos,433.63122991097265,0.08121567659740216,OnTrack,1171.0,-2190.0,7254.0
2026-09-13 14:28:57.280,0 days 02:23:06.840000,3,21.233888888888885,0 days 00:00:06.337000,9861.0,121.0,3,0.0,True,0,car,437.54722222222216,0.08194911077642483,OnTrack,1146.2654845824939,-2227.756173531764,7253.929500595636
2026-09-13 14:28:57.521,0 days 02:23:07.081000,3,20.698333333333267,0 days 00:00:06.578000,9861.0,116.0,3,0.0,False,0,pos,445.31277777777774,0.08340353749916951,OnTrack,1138.0,-2256.0,7255.0
2026-09-13 14:28:58.521,0 days 02:23:08.081000,3,19.03166666666664,0 days 00:00:07.578000,9853.307692307691,104.46153846153847,3,0.0,False,0,pos,474.2325390836186,0.08881997851973772,OnTrack,1032.0,-2549.0,7254.0
2026-09-13 14:28:58.561,0 days 02:23:08.121000,3,18.964999999999975,0 days 00:00:07.618000,9853.0,104.0,3,0.0,False,0,car,475.35722222222216,0.08903062271637026,OnTrack,1025.3996846344153,-2558.269547905363,7253.649585604202
2026-09-13 14:28:58.721,0 days 02:23:08.281000,3,18.920555555555552,0 days 00:00:07.778000,9854.0,101.0,2,0.0,False,0,car,479.84611111111104,0.08987135586272718,OnTrack,996.9091348346985,-2590.508020066502,7252.1518315675485
2026-09-13 14:28:58.741,0 days 02:23:08.301000,3,18.948333333333323,0 days 00:00:07.798000,9854.0,100.75,2,0.0,False,0,pos,480.40129777182733,0.08997533790363597,OnTrack,993.0,-2594.0,7252.0
2026-09-13 14:28:58.881,0 days 02:23:08.441000,3,19.142777777777724,0 days 00:00:07.938000,9854.0,99.0,2,0.0,False,0,car,484.246111111111,0.09069544082796811,OnTrack,962.320851475033,-2615.869561835146,7251.1423382874045
2026-09-13 14:28:58.901,0 days 02:23:08.461000,3,19.192777777777728,0 days 00:00:07.958000,9806.92857142857,98.85714285714286,2,0.0,False,0,pos,484.79135179177746,0.09079756006600787,OnTrack,957.0,-2619.0,7251.0
2026-09-13 14:28:59.161,0 days 02:23:08.721000,3,19.84277777777777,0 days 00:00:08.218000,9195.0,97.0,2,0.0,False,0,car,491.79055555555544,0.09210845520018679,OnTrack,869.3063357018109,-2661.15756799465,7248.439644483216
2026-09-13 14:28:59.221,0 days 02:23:08.781000,3,20.02611111111112,0 days 00:00:08.278000,9165.375,96.25,2,2.625,False,0,pos,493.37677637157424,0.09240554172883071,OnTrack,853.0,-2668.0,7248.0
2026-09-13 14:28:59.321,0 days 02:23:08.881000,3,20.331666666666706,0 days 00:00:08.378000,9116.0,95.0,2,7.0,False,0,car,496.01277777777767,0.09289924380319577,OnTrack,833.1716079129633,-2675.4871390251265,7247.5496436526355
2026-09-13 14:28:59.521,0 days 02:23:09.081000,3,21.665000000000003,0 days 00:00:08.578000,9588.857142857143,96.42857142857143,2,18.428571428571427,False,0,pos,501.3615214974042,0.09390102091280285,OnTrack,802.0,-2683.0,7247.0
2026-09-13 14:28:59.601,0 days 02:23:09.161000,3,22.198333333333323,0 days 00:00:08.658000,9778.0,97.0,2,23.0,False,0,car,503.5572222222221,0.09431225817541444,OnTrack,781.6792550303519,-2687.395145305477,7246.502216201282
2026-09-13 14:28:59.681,0 days 02:23:09.241000,3,22.7983333333333,0 days 00:00:08.738000,9946.0,98.6,2,24.6,False,0,pos,505.7940963430669,0.09473120688726099,OnTrack,759.0,-2692.0,7246.0
2026-09-13 14:28:59.801,0 days 02:23:09.361000,3,23.698333333333267,0 days 00:00:08.858000,10198.0,101.0,2,27.0,False,0,car,509.16833333333324,0.0953631746083606,OnTrack,725.4579005337318,-2697.860264494666,7245.561540399918
2026-09-13 14:28:59.961,0 days 02:23:09.521000,3,25.031666666666524,0 days 00:00:09.018000,10413.0,101.0,2,38.0,False,0,car,513.6572222222221,0.09620390775471752,OnTrack,680.5993062849356,-2703.9954825145887,7245.255255548327
2026-09-13 14:29:00.021,0 days 02:23:09.581000,3,25.264999999999873,0 days 00:00:09.078000,10570.5,104.0,2,41.1875,False,0,pos,515.481189019416,0.09654552221259619,OnTrack,663.0,-2706.0,7245.0
2026-09-13 14:29:00.181,0 days 02:23:09.741000,3,25.887222222222135,0 days 00:00:09.238000,10990.5,112.0,2,49.6875,False,0,pos,520.7592673459549,0.09753406425674727,OnTrack,614.0,-2711.0,7244.0
2026-09-13 14:29:00.281,0 days 02:23:09.841000,3,26.27611111111105,0 days 00:00:09.338000,11253.0,117.0,2,55.0,False,0,car,524.0572222222221,0.098151744945287,OnTrack,582.4309126480761,-2714.9155402424,7243.460324040876
2026-09-13 14:29:00.381,0 days 02:23:09.941000,3,27.359444444444392,0 days 00:00:09.438000,11654.875,117.0,2,56.25,False,0,pos,527.274742058713,0.09875436079133623,OnTrack,550.0,-2719.0,7243.0
2026-09-13 14:29:00.441,0 days 02:23:10.001000,3,28.009444444444398,0 days 00:00:09.498000,11896.0,117.0,2,57.0,False,0,car,529.2572222222221,0.09912566354057176,OnTrack,530.0127682759229,-2721.2315373445385,7242.741015945489
2026-09-13 14:29:00.681,0 days 02:23:10.241000,3,30.54277777777777,0 days 00:00:09.738000,11665.0,128.4,2,63.6,False,0,pos,538.0334563835336,0.10076938231870144,OnTrack,446.0,-2728.0,7242.0
2026-09-13 14:29:00.841,0 days 02:23:10.401000,3,32.23166666666668,0 days 00:00:09.898000,11511.0,136.0,3,68.0,False,0,pos,544.3683333333332,0.10195585433028811,OnTrack,386.0,-2730.0,7242.0
2026-09-13 14:29:00.961,0 days 02:23:10.521000,3,33.63166666666668,0 days 00:00:10.018000,11374.90909090909,140.36363636363637,3,70.72727272727273,False,0,pos,549.2690517691497,0.10287371987161432,OnTrack,339.0,-2731.0,7242.0
2026-09-13 14:29:01.200,0 days 02:23:10.760000,3,36.42000074666668,0 days 00:00:10.257000,11103.861291054545,149.05454778181817,3,76.15909236363636,False,0,pos,559.4042837262771,0.10477196811595482,OnTrack,242.0,-2725.0,7241.0
2026-09-13 14:29:01.281,0 days 02:23:10.841000,3,37.36500000000001,0 days 00:00:10.338000,11012.0,152.0,3,78.0,False,0,car,562.946111111111,0.10543532418352763,OnTrack,189.8191388511632,-2717.7486170388183,7240.867569539867
2026-09-13 14:29:01.400,0 days 02:23:10.960000,3,38.65416736000005,0 days 00:00:10.457000,11211.92010752,157.9500032,3,87.52000512,False,0,pos,568.2474368752113,0.10642822028762751,OnTrack,111.0,-2705.0,7241.0
2026-09-13 14:29:01.481,0 days 02:23:11.041000,3,39.53166666666675,0 days 00:00:10.538000,11348.0,162.0,3,94.0,False,0,car,571.946111111111,0.10712095252152046,OnTrack,74.69289313594408,-2698.004021533287,7241.304738074899
2026-09-13 14:29:01.720,0 days 02:23:11.280000,3,41.98805621333345,0 days 00:00:10.777000,10498.5539392,171.958336,3,99.9750016,False,0,pos,583.3634734622553,0.10925933357976728,OnTrack,10.0,-2677.0,7243.0
2026-09-13 14:29:01.721,0 days 02:23:11.281000,3,41.99833333333345,0 days 00:00:10.778000,10495.0,172.0,4,100.0,False,0,car,583.4127777777777,0.1092685678854817,OnTrack,9.644308946785143,-2676.8656319489573,7243.008463955444
2026-09-13 14:29:02.040,0 days 02:23:11.600000,3,44.65666720000008,0 days 00:00:11.097000,10876.8032016,185.9562528,4,100.0,False,0,pos,599.891442072099,0.11235489049734597,OnTrack,-142.0,-2614.0,7246.0
2026-09-13 14:29:02.041,0 days 02:23:11.601000,3,44.66500000000008,0 days 00:00:11.098000,10878.0,186.0,5,100.0,False,0,car,599.946111111111,0.11236512957305371,OnTrack,-142.49380219672952,-2613.7624948531115,7246.009047974841
2026-09-13 14:29:02.240,0 days 02:23:11.800000,3,46.04694488888901,0 days 00:00:11.297000,11020.46595490909,196.85454894545455,5,100.0,False,0,pos,611.2423648075148,0.11448082794458865,OnTrack,-238.0,-2562.0,7248.0
2026-09-13 14:29:02.420,0 days 02:23:11.980000,3,47.29694488888905,0 days 00:00:11.477000,11149.329591272728,206.67273076363637,5,100.0,False,0,pos,621.9547602219194,0.11648717430884474,OnTrack,-323.0,-2506.0,7251.0
2026-09-13 14:29:02.481,0 days 02:23:12.041000,3,47.720555555555734,0 days 00:00:11.538000,11193.0,210.0,5,100.0,False,0,car,625.6127777777776,0.1171722918702925,OnTrack,-349.8235623111989,-2487.4509894069374,7251.797622253806
2026-09-13 14:29:02.580,0 days 02:23:12.140000,3,48.21555587555574,0 days 00:00:11.637000,10964.80485248,213.46500224,5,100.0,False,0,pos,631.5780314994479,0.11828953639435524,OnTrack,-398.0,-2450.0,7253.0
2026-09-13 14:29:02.681,0 days 02:23:12.241000,3,48.720555555555734,0 days 00:00:11.738000,10732.0,217.0,6,100.0,False,0,car,637.6683333333332,0.11943020143414709,OnTrack,-466.4362888699793,-2386.8293406481703,7254.6547805385
2026-09-13 14:29:02.820,0 days 02:23:12.380000,3,49.801667164444595,0 days 00:00:11.877000,10965.6938576,217.0,6,100.0,False,0,pos,646.0334355271317,0.12099691846837737,OnTrack,-564.0,-2290.0,7257.0
2026-09-13 14:29:02.841,0 days 02:23:12.401000,3,49.965000000000146,0 days 00:00:11.898000,11001.0,217.0,6,100.0,False,0,car,647.3127777777777,0.12123652908523078,OnTrack,-575.3223612091863,-2278.5163578602896,7257.275139650567
2026-09-13 14:29:03.000,0 days 02:23:12.560000,3,50.89250000000004,0 days 00:00:12.057000,10933.0,224.0,6,100.0,False,0,car,657.2061111111111,0.12308947164343921,OnTrack,-630.9988002777932,-2219.3960619473482,7258.662423645747
2026-09-13 14:29:03.301,0 days 02:23:12.861000,3,52.73194405333334,0 days 00:00:12.358000,11185.0874464,235.2874976,6,100.0,False,0,pos,676.9138497500111,0.12678057416871544,OnTrack,-699.0,-2118.0,7260.0
2026-09-13 14:29:03.320,0 days 02:23:12.880000,3,52.84805555555556,0 days 00:00:12.377000,11201.0,236.0,6,100.0,False,0,car,678.1838888888889,0.12701844238681015,OnTrack,-707.8279102501037,-2104.961592099637,7260.14673649329
2026-09-13 14:29:03.521,0 days 02:23:13.081000,3,54.24388844444456,0 days 00:00:12.578000,10724.8814016,241.0249984,6,100.0,False,0,pos,691.7502463492169,0.12955931311775118,OnTrack,-815.0,-1947.0,7262.0
2026-09-13 14:29:03.640,0 days 02:23:13.200000,3,55.07027777777796,0 days 00:00:12.697000,10443.0,244.0,6,100.0,False,0,car,699.8727777777776,0.1310805985791089,OnTrack,-848.3004289802411,-1896.1421219503422,7262.9565874407235
2026-09-13 14:29:03.800,0 days 02:23:13.360000,3,56.13694444444468,0 days 00:00:12.857000,10443.0,247.0,6,100.0,False,0,car,710.8505555555554,0.13313664894693225,OnTrack,-870.6382965329673,-1857.818845435807,7264.270607493797
2026-09-13 14:29:03.861,0 days 02:23:13.421000,3,56.69611063592951,0 days 00:00:12.918000,10521.102737366278,247.0,6,100.0,False,0,pos,715.0081405755877,0.13391533151664128,OnTrack,-890.0,-1826.0,7265.0
2026-09-13 14:29:04.121,0 days 02:23:13.681000,3,59.07944444444456,0 days 00:00:13.178000,10854.0,247.0,7,100.0,False,0,pos,732.8747222222222,0.13726159999737786,OnTrack,-1025.0,-1608.0,7269.0
2026-09-13 14:29:04.521,0 days 02:23:14.081000,3,60.857222222222504,0 days 00:00:13.578000,11506.0,270.0,7,100.0,False,0,car,762.8747222222221,0.1428803611240206,OnTrack,-1139.7801004912055,-1419.309437533248,7271.826677861012
2026-09-13 14:29:04.541,0 days 02:23:14.101000,3,60.9572222222225,0 days 00:00:13.598000,11522.25,270.625,7,100.0,False,0,pos,764.3992270892605,0.1431658887468304,OnTrack,-1146.0,-1409.0,7272.0
2026-09-13 14:29:04.681,0 days 02:23:14.241000,3,61.65722222222246,0 days 00:00:13.738000,11636.0,275.0,7,100.0,False,0,car,775.0969444444444,0.14516948602746768,OnTrack,-1196.3268329521964,-1325.6750054399265,7273.496619433632
2026-09-13 14:29:04.801,0 days 02:23:14.361000,3,62.290555555555734,0 days 00:00:13.858000,11640.714285714286,277.14285714285717,7,100.0,False,0,pos,784.3814224231678,0.1469083948257351,OnTrack,-1244.0,-1246.0,7275.0
2026-09-13 14:29:04.961,0 days 02:23:14.521000,3,63.135000000000105,0 days 00:00:14.018000,11647.0,280.0,7,100.0,False,0,pos,796.8747222222222,0.14924829040088244,OnTrack,-1307.0,-1139.0,7277.0
2026-09-13 14:29:05.161,0 days 02:23:14.721000,3,64.2461111111113,0 days 00:00:14.218000,10606.0,283.0,8,100.0,False,0,pos,812.5969444444444,0.15219293743577114,OnTrack,-1388.0,-1003.0,7279.0
2026-09-13 14:29:05.361,0 days 02:23:14.921000,3,65.07944444444463,0 days 00:00:14.418000,10696.0,290.5,8,100.0,False,0,pos,828.7852822481875,0.15522488420765887,OnTrack,-1514.0,-797.0,7282.0
2026-09-13 14:29:05.401,0 days 02:23:14.961000,3,65.2461111111113,0 days 00:00:14.458000,10714.0,292.0,8,100.0,False,0,car,832.0636111111111,0.15583888910017044,OnTrack,-1533.3579332965583,-765.522678512438,7282.459489500109
2026-09-13 14:29:05.761,0 days 02:23:15.321000,3,66.54611111111126,0 days 00:00:14.818000,11007.0,299.0,8,100.0,False,0,car,861.963611111111,0.16143892102305774,OnTrack,-1642.223558998607,-591.7179265187523,7285.591928127144
2026-09-13 14:29:05.781,0 days 02:23:15.341000,3,66.60722222222236,0 days 00:00:14.838000,11012.125,299.5,8,100.0,False,0,pos,863.639448066642,0.1617527919410687,OnTrack,-1654.0,-573.0,7286.0
2026-09-13 14:29:05.921,0 days 02:23:15.481000,3,67.03500000000008,0 days 00:00:14.978000,11048.0,303.0,8,100.0,False,0,car,875.4302777777777,0.1639611204621285,OnTrack,-1759.492916355619,-405.1914639869508,7289.704341341749
2026-09-13 14:29:05.981,0 days 02:23:15.541000,3,67.15166666666676,0 days 00:00:15.038000,11133.5,304.875,8,100.0,False,0,pos,880.5425367382556,0.16491860585934395,OnTrack,-1798.0,-344.0,7291.0
2026-09-13 14:29:06.081,0 days 02:23:15.641000,3,67.34611111111121,0 days 00:00:15.138000,11276.0,308.0,8,100.0,False,0,car,889.1191666666666,0.16652494035398918,OnTrack,-1837.3591054438389,-281.67593803019724,7292.148446781055
2026-09-13 14:29:06.281,0 days 02:23:15.841000,3,67.73500000000021,0 days 00:00:15.338000,11448.142857142857,309.42857142857144,8,100.0,False,0,pos,906.3197490881505,0.16974647248283745,OnTrack,-1881.0,-213.0,7293.0
2026-09-13 14:29:06.361,0 days 02:23:15.921000,3,67.8905555555558,0 days 00:00:15.418000,11517.0,310.0,8,100.0,False,0,car,913.2302777777777,0.17104075948169836,OnTrack,-1918.8691473788542,-152.8318142738667,7294.15640477186
2026-09-13 14:29:06.521,0 days 02:23:16.081000,3,68.0683333333335,0 days 00:00:15.578000,11517.0,313.0,8,100.0,False,0,car,927.1413888888889,0.17364619982634902,OnTrack,-2022.944301620055,12.896727069552718,7297.601417666544
2026-09-13 14:29:06.601,0 days 02:23:16.161000,3,68.13500000000008,0 days 00:00:15.658000,11576.42857142857,315.0,8,100.0,False,0,pos,934.1896361337317,0.17496628041402537,OnTrack,-2067.0,83.0,7299.0
2026-09-13 14:29:06.801,0 days 02:23:16.361000,3,68.3016666666665,0 days 00:00:15.858000,11725.0,320.0,8,100.0,False,0,car,952.0302777777779,0.17830769053882303,OnTrack,-2139.4516817017357,197.98169306107604,7300.968233847204
2026-09-13 14:29:06.921,0 days 02:23:16.481000,3,68.33499999999987,0 days 00:00:15.978000,11781.625,321.5,8,100.0,False,0,pos,962.786562140304,0.18032225695359894,OnTrack,-2181.0,264.0,7302.0
2026-09-13 14:29:07.121,0 days 02:23:16.681000,3,68.39055555555547,0 days 00:00:16.178000,11876.0,324.0,8,100.0,False,0,car,980.830277777778,0.1837017012204001,OnTrack,-2274.190821324817,412.6710681324577,7304.487578057261
2026-09-13 14:29:07.241,0 days 02:23:16.801000,3,68.32388888888897,0 days 00:00:16.298000,11968.5,326.5,8,100.0,False,0,pos,991.7658714761051,0.18574985084603074,OnTrack,-2334.0,509.0,7306.0
2026-09-13 14:29:07.361,0 days 02:23:16.921000,3,68.25722222222248,0 days 00:00:16.418000,12061.0,329.0,8,100.0,False,0,car,1002.7636111111111,0.1878096399107678,OnTrack,-2391.3838281113503,602.4282315590423,7307.312261600411
2026-09-13 14:29:07.421,0 days 02:23:16.981000,3,68.1905555555558,0 days 00:00:16.478000,12061.0,329.75,8,100.0,False,0,pos,1008.2778496378592,0.18884241288000536,OnTrack,-2420.0,649.0,7308.0
2026-09-13 14:29:07.521,0 days 02:23:17.081000,3,68.07944444444468,0 days 00:00:16.578000,12061.0,331.0,8,100.0,False,0,car,1017.4747222222222,0.19056491388546223,OnTrack,-2468.3615362603996,727.2933245038847,7309.29286238183
2026-09-13 14:29:07.681,0 days 02:23:17.241000,3,67.90166666666691,0 days 00:00:16.738000,12149.888888888889,331.0,8,100.0,False,0,pos,1032.144638470878,0.19331247239043062,OnTrack,-2555.0,869.0,7312.0
2026-09-13 14:29:07.881,0 days 02:23:17.441000,3,67.6794444444447,0 days 00:00:16.938000,12261.0,331.0,8,100.0,False,0,car,1050.5747222222221,0.19676428032852472,OnTrack,-2697.855394826156,1110.7538901597434,7317.122892471448
2026-09-13 14:29:08.100,0 days 02:23:17.660000,3,66.94944423111147,0 days 00:00:17.157000,12293.241676088888,335.8666680888889,8,100.0,False,0,pos,1071.1359501095717,0.20061523459417416,OnTrack,-2831.0,1342.0,7322.0
2026-09-13 14:29:08.241,0 days 02:23:17.801000,3,66.47944444444488,0 days 00:00:17.298000,12314.0,339.0,8,100.0,False,0,car,1084.474722222222,0.20311348040163102,OnTrack,-2862.931142823955,1401.8878881703665,7322.94663614555
2026-09-13 14:29:08.380,0 days 02:23:17.940000,3,65.9388886400004,0 days 00:00:17.437000,12314.0,339.9928576,8,100.0,False,0,pos,1097.6404810778295,0.20557932220365233,OnTrack,-2889.0,1461.0,7324.0
2026-09-13 14:29:08.521,0 days 02:23:18.081000,3,65.39055555555592,0 days 00:00:17.578000,12314.0,341.0,8,100.0,False,0,car,1110.9969444444444,0.20808088144211115,OnTrack,-2942.4524139799805,1582.462223656474,7326.677198350928
2026-09-13 14:29:08.540,0 days 02:23:18.100000,3,65.31666641777814,0 days 00:00:17.597000,12335.7313232,341.0,8,100.0,False,0,pos,1112.795675653111,0.20841776947519564,OnTrack,-2950.0,1600.0,7327.0
2026-09-13 14:29:08.681,0 days 02:23:18.241000,3,64.76833333333366,0 days 00:00:17.738000,12497.0,341.0,8,100.0,False,0,car,1126.1525,0.21091939632238552,OnTrack,-3002.6976390304594,1726.768905497639,7328.566163901926
2026-09-13 14:29:08.881,0 days 02:23:18.441000,3,63.71277777777823,0 days 00:00:17.938000,12497.0,343.0,8,100.0,False,0,car,1145.2080555555553,0.21448835014912337,OnTrack,-3069.8553110917605,1902.0827627984181,7329.000211217201
2026-09-13 14:29:08.900,0 days 02:23:18.460000,3,63.61249966222264,0 days 00:00:17.957000,12495.76499584,343.0,8,100.0,False,0,pos,1147.01868909548,0.21482746739408085,OnTrack,-3076.0,1919.0,7329.0
2026-09-13 14:29:09.040,0 days 02:23:18.600000,3,62.873610773333525,0 days 00:00:18.097000,12486.66499584,343.0,8,100.0,False,0,pos,1160.353605720429,0.21732499109939038,OnTrack,-3120.0,2045.0,7329.0
2026-09-13 14:29:09.081,0 days 02:23:18.641000,3,62.657222222222344,0 days 00:00:18.138000,12484.0,343.0,8,100.0,False,0,car,1164.2636111111112,0.21805730397586134,OnTrack,-3132.380205260824,2082.147472227662,7329.179780280367
2026-09-13 14:29:09.320,0 days 02:23:18.880000,3,61.06388846222261,0 days 00:00:18.377000,12422.0093584,343.7468752,8,100.0,False,0,pos,1187.1120133186312,0.22233662778017843,OnTrack,-3200.0,2300.0,7332.0
2026-09-13 14:29:09.401,0 days 02:23:18.961000,3,60.52388888888936,0 days 00:00:18.458000,12401.0,344.0,8,100.0,False,0,car,1194.8413888888888,0.22378427827975794,OnTrack,-3221.3455865523806,2374.0924551439016,7333.349813118349
2026-09-13 14:29:09.500,0 days 02:23:19.060000,3,59.863888462222505,0 days 00:00:18.557000,12376.74498432,343.00999936,8,100.0,False,0,pos,1204.264214106566,0.22554909841429907,OnTrack,-3246.0,2465.0,7335.0
2026-09-13 14:29:09.601,0 days 02:23:19.161000,3,59.19055555555565,0 days 00:00:18.658000,12352.0,342.0,8,100.0,False,0,car,1213.841388888889,0.22734282699329839,OnTrack,-3269.008912245536,2558.4229765965774,7336.378920473301
2026-09-13 14:29:09.721,0 days 02:23:19.281000,3,58.39055576978169,0 days 00:00:18.778000,12325.891220380594,340.49372425272657,8,100.0,False,0,pos,1225.161491243871,0.22946299202869136,OnTrack,-3294.0,2668.0,7338.0
2026-09-13 14:29:09.781,0 days 02:23:19.341000,3,57.99055587689471,0 days 00:00:18.838000,12312.83683057089,339.74058637908985,8,100.0,False,0,pos,1230.8035052398661,0.23051969632591376,OnTrack,-3306.0,2723.0,7339.0
2026-09-13 14:29:09.840,0 days 02:23:19.400000,3,57.597222222222626,0 days 00:00:18.897000,12300.0,339.0,8,100.0,False,0,car,1236.3472222222222,0.23155799037516617,OnTrack,-3318.934039942371,2788.849601949081,7340.192746164332
2026-09-13 14:29:10.040,0 days 02:23:19.600000,3,56.208333333333485,0 days 00:00:19.097000,12300.0,337.0,8,100.0,False,0,car,1255.0694444444446,0.23506451352271918,OnTrack,-3366.0800482045493,3066.045496690895,7345.162472957202
2026-09-13 14:29:10.081,0 days 02:23:19.641000,3,55.9691670400002,0 days 00:00:19.138000,12257.828637257142,336.12142994285716,8,100.0,False,0,pos,1258.8713213464343,0.23577657479422526,OnTrack,-3373.0,3110.0,7346.0
2026-09-13 14:29:10.320,0 days 02:23:19.880000,3,54.5750000000005,0 days 00:00:19.377000,12012.0,331.0,8,100.0,False,0,car,1280.8138888888889,0.23988624297843444,OnTrack,-3390.2158290680127,3249.258231967719,7349.251761639009
2026-09-13 14:29:10.421,0 days 02:23:19.981000,3,54.013889244444925,0 days 00:00:19.478000,11955.187536,329.7375008,8,100.0,False,0,pos,1290.0540825004714,0.24161685766734817,OnTrack,-3394.0,3311.0,7351.0
2026-09-13 14:29:10.480,0 days 02:23:20.040000,3,53.686111111111586,0 days 00:00:19.537000,11922.0,329.0,8,100.0,False,0,car,1295.4361111111111,0.24262486877201295,OnTrack,-3396.679163759553,3358.5925361477107,7352.3305805416885
2026-09-13 14:29:10.621,0 days 02:23:20.181000,3,52.706944665876236,0 days 00:00:19.678000,11884.868335799194,327.4946622621295,8,100.0,False,0,pos,1308.2285881754683,0.24502079786676892,OnTrack,-3403.0,3493.0,7356.0
2026-09-13 14:29:10.761,0 days 02:23:20.321000,3,51.734722222222445,0 days 00:00:19.818000,11848.0,326.0,8,100.0,False,0,car,1320.8822222222225,0.24739072276985777,OnTrack,-3405.6469467270376,3622.6486068854633,7359.295705212588
2026-09-13 14:29:10.901,0 days 02:23:20.461000,3,50.529166666666924,0 days 00:00:19.958000,11790.6,324.6,8,100.0,False,0,pos,1333.524000007578,0.2497584270895915,OnTrack,-3404.0,3746.0,7362.0
2026-09-13 14:29:10.961,0 days 02:23:20.521000,3,50.01250000000027,0 days 00:00:20.018000,11766.0,324.0,8,100.0,False,0,car,1338.8822222222225,0.25076197944584344,OnTrack,-3401.8476755163815,3796.870875026431,7362.925074105992
2026-09-13 14:29:11.041,0 days 02:23:20.601000,3,48.96805555555587,0 days 00:00:20.098000,11650.222222222223,321.77777777777777,8,77.77777777777779,False,0,pos,1345.9397797544502,0.25208380377621425,OnTrack,-3398.0,3863.0,7364.0
2026-09-13 14:29:11.301,0 days 02:23:20.861000,3,45.57361111111155,0 days 00:00:20.358000,11273.944444444445,314.55555555555554,8,5.555555555555562,False,0,pos,1368.525372708324,0.2563139054999278,OnTrack,-3376.0,4086.0,7367.0
2026-09-13 14:29:11.321,0 days 02:23:20.881000,3,45.312500000000455,0 days 00:00:20.378000,11245.0,314.0,8,0.0,True,0,car,1370.2822222222223,0.2566429494250628,OnTrack,-3372.6513442549763,4107.459735704008,7367.229297537933
2026-09-13 14:29:11.481,0 days 02:23:21.041000,3,42.37916666666706,0 days 00:00:20.538000,11245.0,314.0,8,0.0,True,0,car,1384.2377777777779,0.25925671386027144,OnTrack,-3336.294818722278,4304.3791144837305,7369.089050563083
2026-09-13 14:29:11.581,0 days 02:23:21.141000,3,41.12916666666706,0 days 00:00:20.638000,11245.0,294.0,8,0.0,True,0,pos,1392.2382781651636,0.26075514387928256,OnTrack,-3316.0,4404.0,7370.0
2026-09-13 14:29:11.641,0 days 02:23:21.201000,3,40.37916666666706,0 days 00:00:20.698000,11245.0,282.0,8,0.0,True,0,car,1396.7711111111112,0.2616041073976244,OnTrack,-3307.0834097872576,4445.234357205301,7370.395148278467
2026-09-13 14:29:11.921,0 days 02:23:21.481000,3,36.49027777777806,0 days 00:00:20.978000,10020.0,253.125,8,0.0,True,0,pos,1416.1379043560983,0.2652313535653798,OnTrack,-3278.0,4541.0,7371.0
2026-09-13 14:29:11.961,0 days 02:23:21.521000,3,35.93472222222249,0 days 00:00:21.018000,9845.0,249.0,8,0.0,True,0,car,1418.9044444444446,0.2657495044955031,OnTrack,-3270.6054947458565,4563.359739584298,7370.985044655078
2026-09-13 14:29:12.061,0 days 02:23:21.621000,3,34.24027777777812,0 days 00:00:21.118000,9932.5,249.0,8,0.0,True,0,pos,1425.934892262994,0.2670662513923617,OnTrack,-3248.0,4631.0,7371.0
2026-09-13 14:29:12.121,0 days 02:23:21.681000,3,33.223611111111495,0 days 00:00:21.178000,9985.0,249.0,7,0.0,True,0,car,1429.9711111111112,0.26782220304444243,OnTrack,-3232.449407146813,4675.6163395312215,7371.214752028513
2026-09-13 14:29:12.381,0 days 02:23:21.941000,3,30.84027777777822,0 days 00:00:21.438000,10857.857142857143,205.35714285714286,7,0.0,True,0,pos,1444.6627712203476,0.2705738340013633,OnTrack,-3163.0,4865.0,7373.0
2026-09-13 14:29:12.401,0 days 02:23:21.961000,3,30.65694444444489,0 days 00:00:21.458000,10925.0,202.0,7,0.0,True,0,car,1445.6822222222222,0.2707647690566916,OnTrack,-3159.275694435818,4874.980243018335,7373.0651726630895
2026-09-13 14:29:12.681,0 days 02:23:22.241000,3,28.63472222222265,0 days 00:00:21.738000,10941.8,178.2,7,0.0,True,0,pos,1458.9326238026056,0.2732464637671004,OnTrack,-3125.0,4962.0,7373.0
2026-09-13 14:29:12.801,0 days 02:23:22.361000,3,27.768055555555975,0 days 00:00:21.858000,10949.0,168.0,5,0.0,True,0,car,1464.348888888889,0.2742608870910471,OnTrack,-3104.488423350874,5009.0535243260365,7373.140336448999
2026-09-13 14:29:13.001,0 days 02:23:22.561000,3,25.823611111111404,0 days 00:00:22.058000,10239.0,162.0,5,0.0,True,0,pos,1473.348888888889,0.27594651542904,OnTrack,-3065.0,5096.0,7374.0
2026-09-13 14:29:13.161,0 days 02:23:22.721000,3,23.956944444444616,0 days 00:00:22.218000,10734.0,162.0,5,0.0,True,0,car,1480.548888888889,0.27729501809943424,OnTrack,-3038.0772829205084,5152.013853017311,7375.411955158511
2026-09-13 14:29:13.221,0 days 02:23:22.781000,3,23.590277777777963,0 days 00:00:22.278000,10625.4,155.1,5,0.0,True,0,pos,1482.9819954999937,0.27775071959421604,OnTrack,-3026.0,5178.0,7376.0
2026-09-13 14:29:13.361,0 days 02:23:22.921000,3,22.734722222222445,0 days 00:00:22.418000,10372.0,139.0,3,0.0,True,0,car,1488.2711111111112,0.27874132883388486,OnTrack,-2990.231336152071,5258.2215686316895,7377.357109366027
2026-09-13 14:29:13.461,0 days 02:23:23.021000,3,22.12361111111136,0 days 00:00:22.518000,10017.0,139.0,3,0.0,True,0,pos,1492.1861573074864,0.279474585813125,OnTrack,-2970.0,5304.0,7378.0
2026-09-13 14:29:13.561,0 days 02:23:23.121000,3,21.512500000000273,0 days 00:00:22.618000,9662.0,139.0,3,0.0,True,0,car,1495.9933333333333,0.2801876395683355,OnTrack,-2961.7782924562894,5322.027639402459,7378.16979109939
2026-09-13 14:29:13.701,0 days 02:23:23.261000,3,21.31805555555574,0 days 00:00:22.758000,9340.583333333334,127.33333333333333,3,0.0,True,0,pos,1500.7238779172735,0.2810736329022053,OnTrack,-2960.0,5335.0,7378.0
2026-09-13 14:29:13.801,0 days 02:23:23.361000,3,21.179166666666788,0 days 00:00:22.858000,9111.0,119.0,3,0.0,True,0,car,1503.9266666666667,0.2816734897329366,OnTrack,-2955.941772606442,5367.5417013128135,7377.9488308070295
2026-09-13 14:29:14.061,0 days 02:23:23.621000,3,21.179166666666788,0 days 00:00:23.118000,8947.6875,115.75,3,0.0,True,0,pos,1512.2723996266825,0.2832365790639059,OnTrack,-2943.0,5484.0,7378.0
2026-09-13 14:29:14.121,0 days 02:23:23.681000,3,21.179166666666788,0 days 00:00:23.178000,8910.0,115.0,3,0.0,False,0,car,1514.148888888889,0.28358803056127413,OnTrack,-2942.699534397204,5496.353977731098,7378.008845747502
2026-09-13 14:29:14.321,0 days 02:23:23.881000,3,21.73472222222254,0 days 00:00:23.378000,8657.857142857143,110.71428571428571,3,1.4285714285714286,False,0,pos,1520.2133879571566,0.2847238629485189,OnTrack,-2952.0,5516.0,7378.0
2026-09-13 14:29:14.401,0 days 02:23:23.961000,3,21.956944444444844,0 days 00:00:23.458000,8557.0,109.0,3,2.0,False,0,car,1522.6266666666666,0.2851758508352105,OnTrack,-2961.622032801351,5534.358753287813,7377.967807258123
2026-09-13 14:29:14.540,0 days 02:23:24.100000,3,22.343055733333646,0 days 00:00:23.597000,8577.270842666667,109.57916693333334,3,11.266670933333334,False,0,pos,1526.8594838998713,0.28596862379941435,OnTrack,-2983.0,5577.0,7378.0
2026-09-13 14:29:14.641,0 days 02:23:24.201000,3,22.62361111111136,0 days 00:00:23.698000,8592.0,110.0,3,18.0,False,0,car,1529.96,0.2865493257772788,OnTrack,-2997.9557442469795,5607.7091696629695,7378.245450018828
2026-09-13 14:29:14.900,0 days 02:23:24.460000,3,23.558889120000217,0 days 00:00:23.957000,8793.444494222222,111.43888924444444,3,18.0,False,0,pos,1537.989068349775,0.2880531063481746,OnTrack,-3025.0,5685.0,7379.0
2026-09-13 14:29:14.940,0 days 02:23:24.500000,3,23.703333564444655,0 days 00:00:23.997000,8824.555605333333,111.66111146666667,3,18.0,False,0,pos,1539.2418312558257,0.28828773886542186,OnTrack,-3026.0,5697.0,7379.0
2026-09-13 14:29:15.001,0 days 02:23:24.561000,3,23.923611111111313,0 days 00:00:24.058000,8872.0,112.0,3,18.0,False,0,car,1541.16,0.2886469965978921,OnTrack,-3026.2291963593025,5715.518594079609,7379.28748482869
2026-09-13 14:29:15.161,0 days 02:23:24.721000,3,24.679166666667015,0 days 00:00:24.218000,9116.0,114.0,3,13.0,False,0,car,1546.2266666666667,0.28959594292150287,OnTrack,-3020.139656201634,5765.333060366746,7381.394877086187
2026-09-13 14:29:15.220,0 days 02:23:24.780000,3,25.088889333333718,0 days 00:00:24.277000,9049.788817066667,114.16388906666667,3,14.147223466666667,False,0,pos,1548.0965856222872,0.28994616385276334,OnTrack,-3016.0,5784.0,7382.0
2026-09-13 14:29:15.420,0 days 02:23:24.980000,3,26.477778222222735,0 days 00:00:24.477000,8825.344372622223,114.71944462222223,3,18.036112355555556,False,0,pos,1554.4486799361862,0.2911358605395534,OnTrack,-2997.0,5848.0,7383.0
2026-09-13 14:29:15.521,0 days 02:23:25.081000,3,27.179166666667243,0 days 00:00:24.578000,8712.0,115.0,3,20.0,False,0,car,1557.7266666666667,0.2917498013533826,OnTrack,-2988.4019675007903,5880.174841610384,7383.632157594841
2026-09-13 14:29:15.580,0 days 02:23:25.140000,3,27.687222773333893,0 days 00:00:24.637000,8712.0,116.229168,3,20.0,False,0,pos,1559.6707223582284,0.2921139075049751,OnTrack,-2984.0,5899.0,7384.0
2026-09-13 14:29:15.761,0 days 02:23:25.321000,3,29.24583333333385,0 days 00:00:24.818000,8712.0,120.0,3,20.0,False,0,car,1565.7266666666667,0.2932481376538207,OnTrack,-2973.3349559296857,5957.428553199196,7384.8066910122325
2026-09-13 14:29:15.840,0 days 02:23:25.400000,3,30.189445208889424,0 days 00:00:24.897000,9186.9878848,120.9875008,3,28.887507199999998,False,0,pos,1568.3777740272208,0.29374466895315526,OnTrack,-2970.0,5984.0,7385.0
2026-09-13 14:29:16.040,0 days 02:23:25.600000,3,32.57833409777837,0 days 00:00:25.097000,10389.4878848,123.4875008,3,51.3875072,False,0,pos,1575.248293536055,0.2950314625510245,OnTrack,-2967.0,6062.0,7385.0
2026-09-13 14:29:16.081,0 days 02:23:25.641000,3,33.06805555555616,0 days 00:00:25.138000,10636.0,124.0,3,56.0,False,0,car,1576.7488888888888,0.295312512112202,OnTrack,-2968.4971914506923,6083.869799250764,7384.8849251169995
2026-09-13 14:29:16.241,0 days 02:23:25.801000,3,34.71250000000077,0 days 00:00:25.298000,11196.0,139.0,3,61.0,False,0,car,1582.9266666666665,0.2964695606997625,OnTrack,-2980.247900416235,6181.219626525484,7384.157063866863
2026-09-13 14:29:16.281,0 days 02:23:25.841000,3,35.0791665190784,0 days 00:00:25.338000,11395.24520281954,141.01257780625798,3,62.006288903129,False,0,pos,1584.5326842363236,0.29677035500273224,OnTrack,-2983.0,6200.0,7384.0
2026-09-13 14:29:16.400,0 days 02:23:25.960000,3,36.170000000000755,0 days 00:00:25.457000,11988.0,147.0,3,65.0,False,0,car,1589.4191666666666,0.2976855542535868,OnTrack,-2989.4620290151047,6236.088088747372,7383.664888607922
2026-09-13 14:29:16.581,0 days 02:23:26.141000,3,38.03027712000082,0 days 00:00:25.638000,11395.7908344,150.9593736,3,75.7468712,False,0,pos,1597.0438430413608,0.2991135954274989,OnTrack,-3001.0,6273.0,7383.0
2026-09-13 14:29:16.720,0 days 02:23:26.280000,3,39.45888888888976,0 days 00:00:25.777000,10941.0,154.0,4,84.0,False,0,car,1603.1080555555554,0.30024937414544745,OnTrack,-3018.5627841782166,6329.657297510177,7381.779115866531
2026-09-13 14:29:16.801,0 days 02:23:26.361000,3,40.24638826666759,0 days 00:00:25.858000,11130.53985024,157.64499712,4,90.47999488,False,0,pos,1606.7442603236657,0.3009304063454331,OnTrack,-3030.0,6367.0,7381.0
2026-09-13 14:29:16.920,0 days 02:23:26.480000,3,41.40333333333433,0 days 00:00:25.977000,11409.0,163.0,4,100.0,False,0,car,1612.1636111111109,0.30194540759663774,OnTrack,-3046.268867470968,6420.846890934972,7379.96713173742
2026-09-13 14:29:17.061,0 days 02:23:26.621000,3,43.009165937778974,0 days 00:00:26.118000,11409.0,163.0,4,100.0,False,0,pos,1618.5726972368745,0.3031457783959959,OnTrack,-3065.0,6485.0,7379.0
2026-09-13 14:29:17.120,0 days 02:23:26.680000,3,43.681111111112386,0 days 00:00:26.177000,11409.0,163.0,4,100.0,False,0,car,1621.2191666666663,0.30364144104782803,OnTrack,-3072.765763576094,6512.672078992851,7378.709496527286
2026-09-13 14:29:17.281,0 days 02:23:26.841000,3,45.82777749451467,0 days 00:00:26.338000,10682.161921636362,163.0,4,100.0,False,0,pos,1628.3289054354875,0.30497303850832264,OnTrack,-3094.0,6590.0,7378.0
2026-09-13 14:29:17.361,0 days 02:23:26.921000,3,46.894444444445526,0 days 00:00:26.418000,10321.0,163.0,5,100.0,False,0,car,1632.1311111111108,0.3056851613565124,OnTrack,-3104.816591594835,6628.765975898023,7377.447519933794
2026-09-13 14:29:17.441,0 days 02:23:27.001000,3,47.4055555555567,0 days 00:00:26.498000,10435.0,176.5,5,100.0,False,0,pos,1636.253825332836,0.30645731290335526,OnTrack,-3116.0,6668.0,7377.0
2026-09-13 14:29:17.521,0 days 02:23:27.081000,3,47.91666666666788,0 days 00:00:26.578000,10549.0,190.0,5,100.0,False,0,car,1640.5755555555552,0.30726673856253034,OnTrack,-3127.7226182817553,6707.991613950163,7376.913593645349
2026-09-13 14:29:17.781,0 days 02:23:27.341000,3,49.07222222222337,0 days 00:00:26.838000,11084.708333333334,197.04166666666666,5,100.0,False,0,pos,1655.1531605129812,0.3099970078976751,OnTrack,-3171.0,6842.0,7379.0
2026-09-13 14:29:18.001,0 days 02:23:27.561000,3,50.05000000000109,0 days 00:00:27.058000,11538.0,203.0,5,100.0,False,0,pos,1667.6422222222218,0.3123361097123458,OnTrack,-3218.0,6956.0,7382.0
2026-09-13 14:29:18.021,0 days 02:23:27.581000,3,50.166666666667766,0 days 00:00:27.078000,11548.1,203.0,5,100.0,False,0,pos,1668.7656871608674,0.3125465257498261,OnTrack,-3223.0,6966.0,7382.0
2026-09-13 14:29:18.201,0 days 02:23:27.761000,3,51.216666666667834,0 days 00:00:27.258000,11639.0,203.0,5,100.0,False,0,car,1678.9199999999996,0.3144483476914356,OnTrack,-3270.468285903634,7060.8948593724,7383.779645964809
2026-09-13 14:29:18.321,0 days 02:23:27.881000,3,51.51666666666777,0 days 00:00:27.378000,11353.4,207.8,5,100.0,False,0,pos,1686.0204428692373,0.31577820410395624,OnTrack,-3303.0,7123.0,7385.0
2026-09-13 14:29:18.561,0 days 02:23:28.121000,3,52.116666666667626,0 days 00:00:27.618000,10782.2,217.4,5,100.0,False,0,pos,1700.8054524916904,0.3185473186814122,OnTrack,-3374.0,7249.0,7385.0
2026-09-13 14:29:18.601,0 days 02:23:28.161000,3,52.21666666666761,0 days 00:00:27.658000,10687.0,219.0,5,100.0,False,0,car,1703.253333333333,0.31900578727193474,OnTrack,-3389.72075343435,7277.854258413403,7385.083207027536
2026-09-13 14:29:18.801,0 days 02:23:28.361000,3,52.77222222222318,0 days 00:00:27.858000,10747.625,219.0,5,100.0,False,0,pos,1715.3736697678153,0.32127582977859803,OnTrack,-3477.0,7446.0,7387.0
2026-09-13 14:29:18.921,0 days 02:23:28.481000,3,53.10555555555652,0 days 00:00:27.978000,10784.0,219.0,6,100.0,False,0,car,1722.7199999999998,0.3226517389363341,OnTrack,-3516.1314581083643,7532.235959596696,7390.2328426188
2026-09-13 14:29:19.161,0 days 02:23:28.721000,3,52.97222222222308,0 days 00:00:28.218000,10784.0,226.0,6,100.0,False,0,car,1737.7866666666664,0.32547360563549244,OnTrack,-3564.071043461575,7662.085112168923,7399.616551148312
2026-09-13 14:29:19.201,0 days 02:23:28.761000,3,52.92777777777868,0 days 00:00:28.258000,10816.333333333334,226.33333333333334,6,100.0,False,0,pos,1740.3165035245315,0.3259474239352831,OnTrack,-3570.0,7679.0,7401.0
2026-09-13 14:29:19.401,0 days 02:23:28.961000,3,52.70555555555666,0 days 00:00:28.458000,10978.0,228.0,6,100.0,False,0,car,1752.9866666666662,0.3283204446063247,OnTrack,-3592.231450248484,7744.506542372657,7406.818149037108
2026-09-13 14:29:19.561,0 days 02:23:29.121000,3,52.52777777777874,0 days 00:00:28.618000,11108.4,228.0,6,90.4,False,0,pos,1763.115902478066,0.33021756982031436,OnTrack,-3614.0,7825.0,7414.0
2026-09-13 14:29:19.601,0 days 02:23:29.161000,3,52.48333333333426,0 days 00:00:28.658000,11141.0,228.0,6,88.0,False,0,car,1765.653333333333,0.3306928104153517,OnTrack,-3621.4814692736127,7854.905625807046,7416.590278652249
2026-09-13 14:29:19.761,0 days 02:23:29.321000,3,50.17222222222313,0 days 00:00:28.818000,11037.0,228.0,6,22.0,False,0,car,1775.7866666666664,0.33259070306257327,OnTrack,-3656.8940900772895,8001.67397629646,7429.110137401701
2026-09-13 14:29:19.821,0 days 02:23:29.381000,3,49.27222222222309,0 days 00:00:28.878000,11037.0,225.75,6,13.75,False,0,pos,1779.5154787031151,0.3332890798665385,OnTrack,-3668.0,8048.0,7433.0
2026-09-13 14:29:19.921,0 days 02:23:29.481000,3,47.772222222223036,0 days 00:00:28.978000,11037.0,222.0,6,0.0,False,0,car,1785.6533333333332,0.3344386511664469,OnTrack,-3681.868272344203,8105.645894500766,7437.74043975038
2026-09-13 14:29:20.121,0 days 02:23:29.681000,3,44.32777777777869,0 days 00:00:29.178000,10138.0,215.0,6,0.0,False,0,car,1797.5977777777775,0.33667575050390647,OnTrack,-3696.612240072128,8167.028410839659,7442.554973940494
2026-09-13 14:29:20.201,0 days 02:23:29.761000,3,43.238888888889846,0 days 00:00:29.258000,10283.0,202.5,6,0.0,False,0,pos,1801.9285564122058,0.33748687085854717,OnTrack,-3703.0,8195.0,7445.0
2026-09-13 14:29:20.281,0 days 02:23:29.841000,3,42.150000000001,0 days 00:00:29.338000,10428.0,190.0,6,0.0,True,0,car,1806.0422222222219,0.33825732770992445,OnTrack,-3710.3431429254474,8227.902065766231,7448.027640197413
2026-09-13 14:29:20.421,0 days 02:23:29.981000,3,40.63333333333432,0 days 00:00:29.478000,10566.25,183.0,6,0.0,True,0,pos,1812.932720786207,0.3395478632257414,OnTrack,-3730.0,8306.0,7455.0
2026-09-13 14:29:20.581,0 days 02:23:30.141000,3,38.90000000000097,0 days 00:00:29.638000,10724.25,175.0,6,0.0,True,0,pos,1820.5518177158503,0.34097485941402145,OnTrack,-3768.0,8431.0,7465.0
2026-09-13 14:29:20.601,0 days 02:23:30.161000,3,38.6833333333343,0 days 00:00:29.658000,10744.0,174.0,6,0.0,True,0,car,1821.5088888888886,0.3411541112241047,OnTrack,-3771.933655993059,8443.436483852553,7465.965699486758
2026-09-13 14:29:20.761,0 days 02:23:30.321000,3,36.01666666666756,0 days 00:00:29.818000,10801.0,174.0,4,0.0,True,0,car,1829.242222222222,0.3426025029811949,OnTrack,-3791.3267506383404,8501.076529358188,7470.207500143132
2026-09-13 14:29:20.980,0 days 02:23:30.540000,3,31.819165440000976,0 days 00:00:30.037000,11307.437648,174.0,4,0.0,True,0,pos,1839.936709907169,0.3446054953703128,OnTrack,-3810.0,8538.0,7472.0
2026-09-13 14:29:21.001,0 days 02:23:30.561000,3,31.416666666667652,0 days 00:00:30.058000,11356.0,174.0,3,0.0,True,0,car,1840.8422222222218,0.34477509061683004,OnTrack,-3813.0630602382826,8544.103440085877,7472.319880118721
2026-09-13 14:29:21.140,0 days 02:23:30.700000,3,30.33555505777878,0 days 00:00:30.197000,11221.633271466666,153.1499904,3,0.0,True,0,pos,1846.0488662432588,0.3457502535843523,OnTrack,-3837.0,8591.0,7475.0
2026-09-13 14:29:21.320,0 days 02:23:30.880000,3,28.935555057778803,0 days 00:00:30.377000,11047.633271466666,126.14999040000001,3,0.0,True,0,pos,1851.5528092022862,0.3467810982757337,OnTrack,-3868.0,8643.0,7479.0
2026-09-13 14:29:21.361,0 days 02:23:30.921000,3,28.616666666667697,0 days 00:00:30.418000,11008.0,120.0,3,0.0,True,0,car,1852.8422222222218,0.3470225950674871,OnTrack,-3876.4956077213114,8655.5802091504,7479.7824842650425
2026-09-13 14:29:21.601,0 days 02:23:31.161000,3,26.88333333333435,0 days 00:00:30.658000,9888.0,115.0,2,0.0,True,0,car,1860.5088888888886,0.3484585006887403,OnTrack,-3936.5099908254692,8736.564589000047,7483.049253871718
2026-09-13 14:29:21.700,0 days 02:23:31.260000,3,26.498333084445434,0 days 00:00:30.757000,9623.528400457142,108.98928182857142,2,0.0,True,0,pos,1863.3553058790374,0.34899161192655576,OnTrack,-3956.0,8763.0,7484.0
2026-09-13 14:29:21.881,0 days 02:23:31.441000,3,25.79444444444539,0 days 00:00:30.938000,9140.0,98.0,2,0.0,True,0,car,1868.1311111111108,0.34988608221943546,OnTrack,-3976.8336448877853,8794.067025946371,7485.319359100881
2026-09-13 14:29:22.000,0 days 02:23:31.560000,3,25.563055431112108,0 days 00:00:31.057000,8939.78239232,95.91749888,2,0.0,True,0,pos,1871.1959141943819,0.3504600954336054,OnTrack,-3985.0,8813.0,7486.0
2026-09-13 14:29:22.240,0 days 02:23:31.800000,3,25.09638876444555,0 days 00:00:31.297000,8535.98239232,91.71749888,2,0.0,True,0,pos,1877.229768782896,0.35159018835379735,OnTrack,-3989.0,8871.0,7487.0
2026-09-13 14:29:22.281,0 days 02:23:31.841000,3,25.01666666666779,0 days 00:00:31.338000,8467.0,91.0,2,0.0,True,0,car,1878.242222222222,0.35177981282137805,OnTrack,-3984.171414301712,8885.832063737456,7487.064994091985
2026-09-13 14:29:22.420,0 days 02:23:31.980000,3,24.97805553777883,0 days 00:00:31.477000,8357.88494976,88.91499904,2,0.0,True,0,pos,1881.6392943268966,0.35241605737758297,OnTrack,-3958.0,8940.0,7487.0
2026-09-13 14:29:22.481,0 days 02:23:32.041000,3,24.96111111111213,0 days 00:00:31.538000,8310.0,88.0,2,0.0,False,0,car,1883.1311111111108,0.3526954627827569,OnTrack,-3946.219888295442,8958.102514059306,7486.820292326831
2026-09-13 14:29:22.641,0 days 02:23:32.201000,3,25.00555555555684,0 days 00:00:31.698000,8310.0,88.0,2,0.0,False,0,car,1887.0422222222219,0.3534279827518599,OnTrack,-3916.405193310904,8986.182819056721,7485.9153088127105
2026-09-13 14:29:22.820,0 days 02:23:32.380000,3,25.303888995556736,0 days 00:00:31.877000,8092.2165888,84.270832,2,4.4750016,False,0,pos,1891.1829913364807,0.3542035158363132,OnTrack,-3888.0,9005.0,7485.0
2026-09-13 14:29:22.881,0 days 02:23:32.441000,3,25.405555555556703,0 days 00:00:31.938000,8018.0,83.0,2,6.0,False,0,car,1892.5755555555552,0.35446433202632954,OnTrack,-3879.934886680199,9011.19076156288,7484.826037918778
2026-09-13 14:29:23.200,0 days 02:23:32.760000,3,26.91194444444568,0 days 00:00:32.257000,8544.0,85.0,2,22.0,False,0,car,1900.1074999999996,0.3558750052480788,OnTrack,-3844.757316490138,9045.277948929746,7484.367131824665
2026-09-13 14:29:23.261,0 days 02:23:32.821000,3,26.945833300133945,0 days 00:00:32.318000,8685.737103269463,86.58957498993789,2,22.0,False,0,pos,1901.691901326128,0.35617175100075377,OnTrack,-3836.0,9054.0,7484.0
2026-09-13 14:29:23.461,0 days 02:23:33.021000,3,27.056944418966157,0 days 00:00:32.518000,9150.449404834704,91.80130173646397,2,22.0,False,0,pos,1907.2897541161997,0.3572201842557379,OnTrack,-3801.0,9088.0,7482.0
2026-09-13 14:29:23.981,0 days 02:23:33.541000,3,27.345833327929903,0 days 00:00:33.038000,10358.701388904332,105.35179127743176,2,22.0,False,0,pos,1923.6927124161227,0.3602923277376562,OnTrack,-3699.0,9189.0,7475.0
2026-09-13 14:29:24.121,0 days 02:23:33.681000,3,27.42361111111245,0 days 00:00:33.178000,10684.0,109.0,2,22.0,False,0,car,1927.9933333333329,0.3610977997919912,OnTrack,-3674.265686776086,9221.964870040943,7473.007967338197
2026-09-13 14:29:24.281,0 days 02:23:33.841000,3,27.734722222223354,0 days 00:00:33.338000,10830.0,109.0,2,21.0,False,0,car,1932.8377777777775,0.36200512566281207,OnTrack,-3649.075302794563,9262.911864682423,7470.781954859721
2026-09-13 14:29:24.341,0 days 02:23:33.901000,3,27.85138888889003,0 days 00:00:33.398000,10932.6,110.2,2,21.0,False,0,pos,1934.6999874321818,0.3623539027033396,OnTrack,-3641.0,9279.0,7470.0
2026-09-13 14:29:24.481,0 days 02:23:34.041000,3,28.123611111112268,0 days 00:00:33.538000,11172.0,113.0,2,21.0,False,0,car,1939.1155555555551,0.363180903454128,OnTrack,-3625.019959444001,9318.729930226253,7468.257848363037
2026-09-13 14:29:24.501,0 days 02:23:34.061000,3,28.16250000000116,0 days 00:00:33.558000,11193.5,113.0,2,21.5,False,0,pos,1939.7429205774204,0.36329840392736373,OnTrack,-3623.0,9325.0,7468.0
2026-09-13 14:29:24.681,0 days 02:23:34.241000,3,28.512500000001182,0 days 00:00:33.738000,11387.0,113.0,2,26.0,False,0,car,1945.393333333333,0.364356681245444,OnTrack,-3607.5722140644116,9388.99158213756,7465.442067247587
2026-09-13 14:29:24.761,0 days 02:23:34.321000,3,28.82361111111222,0 days 00:00:33.818000,11439.4,115.0,2,29.6,False,0,pos,1947.9786912540105,0.3648408981982161,OnTrack,-3603.0,9417.0,7464.0
2026-09-13 14:29:24.881,0 days 02:23:34.441000,3,29.290277777778783,0 days 00:00:33.938000,11518.0,118.0,2,35.0,False,0,car,1951.9488888888886,0.36558448460274745,OnTrack,-3599.2859940331537,9455.001019664882,7461.361733229027
2026-09-13 14:29:25.121,0 days 02:23:34.681000,3,30.490277777779056,0 days 00:00:34.178000,11330.0,122.0,2,43.0,False,0,car,1960.0822222222218,0.3671077931748595,OnTrack,-3602.407805197772,9524.753812325367,7456.276927188028
2026-09-13 14:29:25.181,0 days 02:23:34.741000,3,31.006944444445708,0 days 00:00:34.238000,11066.0,122.0,2,43.0,False,0,pos,1962.0951607716977,0.3674848005372634,OnTrack,-3605.0,9545.0,7456.0
2026-09-13 14:29:25.201,0 days 02:23:34.761000,3,31.179166666667925,0 days 00:00:34.258000,10978.0,122.0,2,43.0,False,0,pos,1962.7626325424158,0.3676098126852114,OnTrack,-3606.0,9552.0,7456.0
2026-09-13 14:29:25.361,0 days 02:23:34.921000,3,32.55694444444566,0 days 00:00:34.418000,10274.0,122.0,3,43.0,False,0,car,1968.2155555555553,0.36863110174697156,OnTrack,-3611.4815357922334,9595.788933027761,7454.70366021507
2026-09-13 14:29:25.561,0 days 02:23:35.121000,3,34.279166666667834,0 days 00:00:34.618000,11041.857142857143,132.71428571428572,3,56.57142857142857,False,0,pos,1975.7141163702847,0.3700355224806905,OnTrack,-3641.0,9675.0,7448.0
2026-09-13 14:29:25.641,0 days 02:23:35.201000,3,34.9680555555567,0 days 00:00:34.698000,11349.0,137.0,3,62.0,False,0,car,1978.8711111111108,0.37062680245824947,OnTrack,-3670.871409799873,9735.421210572222,7443.130366048263
2026-09-13 14:29:25.761,0 days 02:23:35.321000,3,35.934722222223236,0 days 00:00:34.818000,11529.0,142.14285714285714,3,68.85714285714286,False,0,pos,1983.7364590453392,0.37153804338626395,OnTrack,-3720.0,9831.0,7436.0
2026-09-13 14:29:25.921,0 days 02:23:35.481000,3,37.22361111111195,0 days 00:00:34.978000,11769.0,149.0,3,78.0,False,0,car,1990.4599999999998,0.3727973090712452,OnTrack,-3754.690047751112,9900.753785135345,7433.287194966792
2026-09-13 14:29:26.081,0 days 02:23:35.641000,3,38.60138888889014,0 days 00:00:35.138000,11030.0,156.0,3,79.0,False,0,pos,1997.393333333333,0.37409586719829147,OnTrack,-3777.0,9947.0,7433.0
2026-09-13 14:29:26.241,0 days 02:23:35.801000,3,40.33472222222326,0 days 00:00:35.298000,11030.0,156.0,4,79.0,False,0,pos,2004.3266666666664,0.37539442532533784,OnTrack,-3809.0,10011.0,7430.0
2026-09-13 14:29:26.421,0 days 02:23:35.981000,3,41.58472222222349,0 days 00:00:35.478000,11291.0,166.5,4,94.75,False,0,pos,2012.758723062848,0.37697368234855533,OnTrack,-3845.0,10086.0,7426.0
2026-09-13 14:29:26.481,0 days 02:23:36.041000,3,42.00138888889023,0 days 00:00:35.538000,11378.0,170.0,4,100.0,False,0,car,2015.6599999999994,0.37751706841762506,OnTrack,-3857.3666540812414,10113.024024888215,7424.670191179454
2026-09-13 14:29:26.681,0 days 02:23:36.241000,3,43.50138888889023,0 days 00:00:35.738000,11740.0,178.0,4,100.0,False,0,car,2025.5488888888885,0.3793691785667777,OnTrack,-3899.7309614871956,10211.091582857025,7420.341952157224
2026-09-13 14:29:26.801,0 days 02:23:36.361000,3,44.20138888889028,0 days 00:00:35.858000,11403.25,183.25,4,100.0,False,0,pos,2031.789985888841,0.3805380863404757,OnTrack,-3921.0,10269.0,7418.0
2026-09-13 14:29:27.001,0 days 02:23:36.561000,3,45.36805555555702,0 days 00:00:36.058000,10842.0,192.0,5,100.0,False,0,car,2042.6155555555551,0.38256562934104554,OnTrack,-3946.739820872545,10361.322398450618,7414.619489183073
2026-09-13 14:29:27.041,0 days 02:23:36.601000,3,45.59027777777926,0 days 00:00:36.098000,10882.0,193.14285714285714,5,100.0,False,0,pos,2044.812805396366,0.3829771567407479,OnTrack,-3951.0,10381.0,7414.0
2026-09-13 14:29:27.281,0 days 02:23:36.841000,3,46.92361111111268,0 days 00:00:36.338000,11122.0,200.0,5,100.0,False,0,car,2058.171111111111,0.38547906103634183,OnTrack,-3972.240279976802,10511.115699754484,7410.557021696391
2026-09-13 14:29:27.321,0 days 02:23:36.881000,3,47.20138888889044,0 days 00:00:36.378000,11141.285714285714,200.42857142857142,5,100.0,False,0,pos,2060.4147344117146,0.38589927381581723,OnTrack,-3975.0,10533.0,7410.0
2026-09-13 14:29:27.521,0 days 02:23:37.081000,3,48.59027777777926,0 days 00:00:36.578000,11237.714285714286,202.57142857142858,5,100.0,False,0,pos,2071.6927012170004,0.38801154719825415,OnTrack,-3986.0,10645.0,7407.0
2026-09-13 14:29:27.561,0 days 02:23:37.121000,3,48.86805555555702,0 days 00:00:36.618000,11257.0,203.0,5,100.0,False,0,car,2073.9599999999996,0.3884361942070675,OnTrack,-3988.0211546019295,10671.148041563583,7406.232438195359
2026-09-13 14:29:27.800,0 days 02:23:37.360000,3,50.52777822222365,0 days 00:00:36.857000,11472.1000576,205.2406256,5,100.0,False,0,pos,2087.5959026563023,0.39099009019946485,OnTrack,-3999.0,10839.0,7401.0
2026-09-13 14:29:27.881,0 days 02:23:37.441000,3,51.09027777777919,0 days 00:00:36.938000,11545.0,206.0,5,100.0,False,0,car,2092.2711111111107,0.3918657195169591,OnTrack,-4001.6774666297456,10883.109937435001,7399.612662583638
2026-09-13 14:29:28.120,0 days 02:23:37.680000,3,52.35166700444592,0 days 00:00:37.177000,11742.838941866667,209.9833344,5,100.0,False,0,pos,2106.260513842486,0.3944858232586925,OnTrack,-4007.0,10991.0,7396.0
2026-09-13 14:29:28.241,0 days 02:23:37.801000,3,52.99027777777928,0 days 00:00:37.298000,11843.0,212.0,5,100.0,False,0,car,2113.4711111111105,0.3958363107131199,OnTrack,-4009.1423969616,11060.025258957157,7393.356962686301
2026-09-13 14:29:28.420,0 days 02:23:37.980000,3,52.841111057779756,0 days 00:00:37.477000,11947.416704,216.4750016,5,100.0,False,0,pos,2124.2987331677573,0.39786423810998206,OnTrack,-4011.0,11169.0,7389.0
2026-09-13 14:29:28.481,0 days 02:23:38.041000,3,52.79027777777992,0 days 00:00:37.538000,11983.0,218.0,5,100.0,False,0,car,2128.0044444444434,0.3985582883255823,OnTrack,-4010.994483054887,11202.535792355782,7387.656612822639
2026-09-13 14:29:28.620,0 days 02:23:38.180000,3,52.36555536000227,0 days 00:00:37.677000,12140.533405866667,218.57916693333334,5,100.0,False,0,pos,2136.449549046651,0.4001399891738929,OnTrack,-4009.0,11291.0,7384.0
2026-09-13 14:29:28.721,0 days 02:23:38.281000,3,52.0569444444468,0 days 00:00:37.778000,12255.0,219.0,5,100.0,False,0,car,2142.6044444444433,0.4012927520738818,OnTrack,-4004.7405027807354,11393.525061778828,7379.553469677416
2026-09-13 14:29:28.820,0 days 02:23:38.380000,3,51.58944414222463,0 days 00:00:37.877000,12256.650001066666,219.55000035555557,5,86.79999146666667,False,0,pos,2148.6638555480895,0.40242763152586564,OnTrack,-3999.0,11499.0,7375.0
2026-09-13 14:29:29.081,0 days 02:23:38.641000,3,50.35694444444698,0 days 00:00:38.138000,12261.0,221.0,5,52.0,False,0,car,2164.704444444443,0.40543190610384194,OnTrack,-3980.3847261279752,11672.789380666334,7368.212457202687
2026-09-13 14:29:29.240,0 days 02:23:38.800000,3,49.25277733333585,0 days 00:00:38.297000,12071.78992384,221.0,5,31.32999168,False,0,pos,2174.4501463147817,0.4072571984645389,OnTrack,-3970.0,11739.0,7366.0
2026-09-13 14:29:29.481,0 days 02:23:39.041000,3,47.57916666666915,0 days 00:00:38.538000,11785.0,221.0,5,0.0,True,0,car,2189.259999999999,0.4100309661371311,OnTrack,-3957.9027410418603,11818.904211288283,7363.576308317404
2026-09-13 14:29:29.641,0 days 02:23:39.201000,3,46.4680555555582,0 days 00:00:38.698000,11613.8,221.0,5,0.0,True,0,pos,2199.1401872414635,0.4118814465370075,OnTrack,-3925.0,11896.0,7362.0
2026-09-13 14:29:29.681,0 days 02:23:39.241000,3,46.190277777780466,0 days 00:00:38.738000,11571.0,221.0,5,0.0,False,0,car,2201.5377777777767,0.4123304961537756,OnTrack,-3911.1762385132756,11921.71730286522,7361.556402265827
2026-09-13 14:29:29.881,0 days 02:23:39.441000,3,45.634722222224354,0 days 00:00:38.938000,11395.0,206.0,5,7.0,False,0,car,2212.9822222222215,0.4144739494724579,OnTrack,-3823.157836328045,12066.951039157017,7359.307186420991
2026-09-13 14:29:29.921,0 days 02:23:39.481000,3,45.72361107533423,0 days 00:00:38.978000,11342.672977037293,204.993711096871,5,9.264150032040238,False,0,pos,2215.2324282536274,0.41489539514499796,OnTrack,-3810.0,12087.0,7359.0
2026-09-13 14:29:30.040,0 days 02:23:39.600000,3,45.988055555558276,0 days 00:00:39.097000,11187.0,202.0,5,16.0,False,0,car,2221.903888888888,0.4161449066008423,OnTrack,-3785.4080764578953,12120.234376276496,7358.472100980307
2026-09-13 14:29:30.181,0 days 02:23:39.741000,3,46.301388746669105,0 days 00:00:39.238000,11187.0,201.41250026666665,5,16.0,False,0,pos,2229.7792411349383,0.41761989736946653,OnTrack,-3756.0,12145.0,7358.0
2026-09-13 14:29:30.280,0 days 02:23:39.840000,3,46.521388888891124,0 days 00:00:39.337000,11187.0,201.0,5,16.0,False,0,car,2235.303888888888,0.41865461990407604,OnTrack,-3713.748598281259,12180.438846307403,7357.320451820052
2026-09-13 14:29:30.521,0 days 02:23:40.081000,3,46.454444446977206,0 days 00:00:39.578000,11187.0,201.85765121313054,5,16.0,False,0,pos,2248.802985966146,0.42118289330082515,OnTrack,-3580.0,12291.0,7355.0
2026-09-13 14:29:30.561,0 days 02:23:40.121000,3,46.44333333333543,0 days 00:00:39.618000,11187.0,202.0,5,16.0,False,0,car,2251.0711111111104,0.42160769508065477,OnTrack,-3563.389014455085,12304.084114827114,7354.644791104895
2026-09-13 14:29:30.761,0 days 02:23:40.321000,3,45.77666666666861,0 days 00:00:39.818000,11325.888888888889,205.33333333333334,5,41.55555555555555,False,0,pos,2262.5724985667916,0.423761813371936,OnTrack,-3497.0,12352.0,7353.0
2026-09-13 14:29:30.921,0 days 02:23:40.481000,3,45.24333333333516,0 days 00:00:39.978000,11437.0,208.0,5,62.0,False,0,car,2271.8711111111106,0.42550336946179373,OnTrack,-3432.9665462523417,12393.175224263416,7351.685539445361
2026-09-13 14:29:31.141,0 days 02:23:40.701000,3,44.51000000000187,0 days 00:00:40.198000,11300.1875,208.0,5,24.1875,False,0,pos,2284.6610993783793,0.42789883242467197,OnTrack,-3326.0,12482.0,7350.0
2026-09-13 14:29:31.241,0 days 02:23:40.801000,3,44.17666666666855,0 days 00:00:40.298000,11238.0,208.0,5,7.0,False,0,car,2290.3599999999997,0.4289661911339173,OnTrack,-3272.23395466195,12545.384537140188,7349.355328211267
2026-09-13 14:29:31.301,0 days 02:23:40.861000,3,44.19333333333523,0 days 00:00:40.358000,11210.25,206.125,5,10.0,False,0,pos,2293.723516261741,0.4295961509479274,OnTrack,-3244.0,12581.0,7349.0
2026-09-13 14:29:31.561,0 days 02:23:41.121000,3,44.26555555555751,0 days 00:00:40.618000,11090.0,198.0,5,23.0,False,0,car,2307.9599999999996,0.43226253099488104,OnTrack,-3185.783616642687,12666.828300698071,7347.6859850909195
2026-09-13 14:29:31.701,0 days 02:23:41.261000,3,44.53777777777955,0 days 00:00:40.758000,11152.125,197.125,5,28.25,False,0,pos,2315.586956856179,0.4336909992848171,OnTrack,-3166.0,12737.0,7347.0
2026-09-13 14:29:31.881,0 days 02:23:41.441000,3,44.88777777777932,0 days 00:00:40.938000,11232.0,196.0,5,35.0,False,0,car,2325.382222222222,0.4355255744936129,OnTrack,-3134.457749649588,12883.330175097422,7346.088588964191
2026-09-13 14:29:31.901,0 days 02:23:41.461000,3,44.92666666666827,0 days 00:00:40.958000,11218.25,196.0,5,36.25,False,0,pos,2326.469641902655,0.4357292395412383,OnTrack,-3132.0,12897.0,7346.0
2026-09-13 14:29:32.041,0 days 02:23:41.601000,3,45.198888888890906,0 days 00:00:41.098000,11122.0,196.0,5,45.0,False,0,car,2334.093333333333,0.4371570962429787,OnTrack,-3124.4029678129136,12961.681181215066,7345.488355196798
2026-09-13 14:29:32.201,0 days 02:23:41.761000,3,45.91000000000167,0 days 00:00:41.258000,11122.0,198.0,5,45.0,False,0,pos,2342.893333333333,0.43880526617346066,OnTrack,-3127.0,13009.0,7345.0
2026-09-13 14:29:32.441,0 days 02:23:42.001000,3,46.976666666668734,0 days 00:00:41.498000,11409.0,199.0,5,64.0,False,0,car,2356.1599999999994,0.44129000720502043,OnTrack,-3135.9467898148505,13119.888590705226,7344.363172491507
2026-09-13 14:29:32.541,0 days 02:23:42.101000,3,47.393333333335306,0 days 00:00:41.598000,11571.1875,201.8125,5,74.3125,False,0,pos,2361.8316860659047,0.4423522688446748,OnTrack,-3156.0,13193.0,7345.0
2026-09-13 14:29:32.741,0 days 02:23:42.301000,3,48.22666666666845,0 days 00:00:41.798000,11895.5625,207.4375,5,94.9375,False,0,pos,2373.466915814859,0.4445314547317742,OnTrack,-3226.0,13373.0,7348.0
2026-09-13 14:29:32.761,0 days 02:23:42.321000,3,48.310000000001764,0 days 00:00:41.818000,11928.0,208.0,5,97.0,False,0,car,2374.6488888888885,0.44475282887714396,OnTrack,-3231.4018886927347,13386.269001127172,7348.219016161416
2026-09-13 14:29:33.161,0 days 02:23:42.721000,3,50.19888888889045,0 days 00:00:42.218000,12372.545454545454,216.1818181818182,5,99.72727272727273,False,0,pos,2398.768955616451,0.4492703253205058,OnTrack,-3291.0,13541.0,7351.0
2026-09-13 14:29:33.201,0 days 02:23:42.761000,3,50.38777777777932,0 days 00:00:42.258000,12417.0,217.0,5,100.0,False,0,car,2401.171111111111,0.4497202299176241,OnTrack,-3306.0888094051343,13581.680258390561,7352.059230272277
2026-09-13 14:29:33.301,0 days 02:23:42.861000,3,50.91555555555709,0 days 00:00:42.358000,12067.0,217.0,5,100.0,False,0,pos,2407.143916916076,0.45083888888675483,OnTrack,-3347.0,13692.0,7355.0
2026-09-13 14:29:33.521,0 days 02:23:43.081000,3,52.07666666666819,0 days 00:00:42.578000,11297.0,217.0,6,100.0,False,0,car,2420.4599999999996,0.4533328852197914,OnTrack,-3380.942494961677,13783.730017118654,7357.647735080897
2026-09-13 14:29:33.641,0 days 02:23:43.201000,3,52.21000000000176,0 days 00:00:42.698000,11190.2,226.0,6,100.0,False,0,pos,2428.140085916704,0.45477130415972644,OnTrack,-3395.0,13822.0,7359.0
2026-09-13 14:29:33.721,0 days 02:23:43.281000,3,52.298888888890815,0 days 00:00:42.778000,11119.0,232.0,6,100.0,False,0,car,2433.3488888888883,0.4557468714816083,OnTrack,-3410.488276192794,13864.141335932074,7360.45987490823
2026-09-13 14:29:33.841,0 days 02:23:43.401000,3,52.09888888889085,0 days 00:00:42.898000,11270.0,233.66666666666666,6,91.33333333333333,False,0,pos,2441.202678908795,0.45721782381696385,OnTrack,-3440.0,13944.0,7363.0
2026-09-13 14:29:34.081,0 days 02:23:43.641000,3,51.698888888890906,0 days 00:00:43.138000,11572.0,237.0,6,74.0,False,0,car,2457.048888888888,0.46018569277165605,OnTrack,-3505.664981520468,14120.125632660152,7366.909447945547
2026-09-13 14:29:34.181,0 days 02:23:43.741000,3,51.42111111111305,0 days 00:00:43.238000,11547.3125,237.9375,6,56.5,False,0,pos,2463.701471430817,0.46143166851093514,OnTrack,-3529.0,14190.0,7368.0
2026-09-13 14:29:34.400,0 days 02:23:43.960000,3,50.812777600001766,0 days 00:00:43.457000,11493.2468592,239.9906256,6,18.1749888,False,0,pos,2478.315632987335,0.4641687846060099,OnTrack,-3563.0,14329.0,7369.0
2026-09-13 14:29:34.401,0 days 02:23:43.961000,3,50.810000000001764,0 days 00:00:43.458000,11493.0,240.0,6,18.0,False,0,car,2478.3822222222216,0.4641812562394909,OnTrack,-3563.09346910004,14329.645582414767,7368.998013603338
2026-09-13 14:29:34.560,0 days 02:23:44.120000,3,50.27999978666831,0 days 00:00:43.617000,11343.274939733334,238.67499946666666,6,6.074995200000001,False,0,pos,2488.9429972757357,0.46615920531742105,OnTrack,-3572.0,14434.0,7368.0
2026-09-13 14:29:34.641,0 days 02:23:44.201000,3,50.01000000000158,0 days 00:00:43.698000,11267.0,238.0,6,0.0,False,0,car,2494.2488888888884,0.4671529565686931,OnTrack,-3574.793997386969,14484.377938326463,7367.296975026783
2026-09-13 14:29:35.481,0 days 02:23:45.041000,3,51.41000000000122,0 days 00:00:44.538000,10827.0,223.0,6,44.0,False,0,car,2546.2822222222217,0.4768983855894591,OnTrack,-3461.4597804408218,14944.90690821461,7352.474870780218
2026-09-13 14:29:35.620,0 days 02:23:45.180000,3,51.5644445155569,0 days 00:00:44.677000,10868.7000192,224.15833386666668,6,52.108337066666664,False,0,pos,2554.9565180234445,0.4785230121244228,OnTrack,-3366.0,15057.0,7347.0
2026-09-13 14:29:35.721,0 days 02:23:45.281000,3,51.6766666666681,0 days 00:00:44.778000,10899.0,225.0,6,58.0,False,0,car,2561.2822222222217,0.47970776615278043,OnTrack,-3279.946826186008,15147.55059083716,7342.393711372724
2026-09-13 14:29:35.780,0 days 02:23:45.340000,3,51.79138901333477,0 days 00:00:44.837000,10940.3000448,225.2458336,6,61.1958368,False,0,pos,2564.977677721343,0.48039989554290374,OnTrack,-3236.0,15192.0,7340.0
2026-09-13 14:29:35.961,0 days 02:23:45.521000,3,52.143333333334795,0 days 00:00:45.018000,11067.0,226.0,6,71.0,False,0,car,2576.3488888888883,0.4825296328519388,OnTrack,-3170.1628588275858,15252.186515239311,7335.709125832907
2026-09-13 14:29:36.141,0 days 02:23:45.701000,3,52.49333333333438,0 days 00:00:45.198000,11151.214285714286,228.57142857142858,6,84.5,False,0,pos,2587.8011736522167,0.4846745545999198,OnTrack,-3124.0,15275.0,7333.0
2026-09-13 14:29:36.241,0 days 02:23:45.801000,3,52.68777777777859,0 days 00:00:45.298000,11198.0,230.0,6,92.0,False,0,car,2594.2377777777774,0.48588007930152954,OnTrack,-3070.8305505414983,15304.582006967461,7330.878931594411
2026-09-13 14:29:36.321,0 days 02:23:45.881000,3,52.7766666666676,0 days 00:00:45.378000,11258.0,231.33333333333334,6,93.77777777777777,False,0,pos,2599.428145247781,0.48685219380064443,OnTrack,-3022.0,15330.0,7329.0
2026-09-13 14:29:36.601,0 days 02:23:46.161000,3,53.08777777777914,0 days 00:00:45.658000,11468.0,236.0,6,100.0,False,0,pos,2617.8377777777773,0.49030017138782184,OnTrack,-2850.0,15393.0,7322.0
2026-09-13 14:29:36.760,0 days 02:23:46.320000,3,53.35277777777901,0 days 00:00:45.817000,11468.0,239.0,6,100.0,False,0,car,2628.3936111111107,0.49227719492091027,OnTrack,-2746.658057921297,15414.892394634615,7318.022881408807
2026-09-13 14:29:36.761,0 days 02:23:46.321000,3,53.354444338309655,0 days 00:00:45.818000,11469.01486074105,239.0,6,100.0,False,0,pos,2628.4600472947227,0.49228963788910646,OnTrack,-2746.0,15415.0,7318.0
2026-09-13 14:29:36.961,0 days 02:23:46.521000,3,53.68777777777905,0 days 00:00:46.018000,11672.0,239.0,6,100.0,False,0,pos,2641.7377777777774,0.4947764510853806,OnTrack,-2613.0,15429.0,7314.0
2026-09-13 14:29:37.141,0 days 02:23:46.701000,3,54.28777777777891,0 days 00:00:46.198000,11844.8,239.0,6,100.0,False,0,pos,2653.675345430682,0.4970122624545408,OnTrack,-2491.0,15429.0,7311.0
2026-09-13 14:29:37.161,0 days 02:23:46.721000,3,54.35444444444556,0 days 00:00:46.218000,11864.0,239.0,6,100.0,False,0,car,2655.0155555555552,0.49726327313957985,OnTrack,-2477.4429991637326,15428.207937232679,7310.782058747134
2026-09-13 14:29:37.361,0 days 02:23:46.921000,3,55.07666666666819,0 days 00:00:46.418000,11864.0,244.0,6,100.0,False,0,car,2668.5711111111104,0.49980212075976654,OnTrack,-2342.2443544166986,15411.336709102,7310.033129845481
2026-09-13 14:29:37.441,0 days 02:23:47.001000,3,55.432222222223665,0 days 00:00:46.498000,11898.4,244.0,6,100.0,False,0,pos,2673.9767974911783,0.5008145627762716,OnTrack,-2288.0,15400.0,7310.0
2026-09-13 14:29:37.561,0 days 02:23:47.121000,3,55.965555555556875,0 days 00:00:46.618000,11950.0,244.0,6,100.0,False,0,car,2682.126666666666,0.5023409683799533,OnTrack,-2206.4008999121256,15378.13572120719,7309.9817518111695
2026-09-13 14:29:37.641,0 days 02:23:47.201000,3,56.165555555557056,0 days 00:00:46.698000,11394.8,246.8,6,100.0,False,0,pos,2687.668653455975,0.5033789383778245,OnTrack,-2155.0,15362.0,7310.0
2026-09-13 14:29:37.761,0 days 02:23:47.321000,3,56.46555555555733,0 days 00:00:46.818000,10562.0,251.0,7,100.0,False,0,car,2696.0711111111104,0.5049526517925224,OnTrack,-2084.1077846517996,15336.115974306473,7310.177821804942
2026-09-13 14:29:37.821,0 days 02:23:47.381000,3,56.59888888889043,0 days 00:00:46.878000,10602.125,251.375,7,100.0,False,0,pos,2700.265503620718,0.5057382281119511,OnTrack,-2039.0,15314.0,7311.0
2026-09-13 14:29:37.921,0 days 02:23:47.481000,3,56.82111111111226,0 days 00:00:46.978000,10669.0,252.0,7,100.0,False,0,car,2707.2711111111107,0.5070503226131358,OnTrack,-1937.7282893942854,15255.588963209704,7314.08599221053
2026-09-13 14:29:38.021,0 days 02:23:47.581000,3,57.154444444445666,0 days 00:00:47.078000,10709.833333333334,253.66666666666666,7,100.0,False,0,pos,2714.3450166202074,0.5083752087894046,OnTrack,-1833.0,15189.0,7318.0
2026-09-13 14:29:38.161,0 days 02:23:47.721000,3,57.62111111111244,0 days 00:00:47.218000,10767.0,256.0,7,100.0,False,0,car,2724.3377777777773,0.5102467733874037,OnTrack,-1729.559636109105,15113.554885924195,7322.658783291097
2026-09-13 14:29:38.481,0 days 02:23:48.041000,3,58.59888888889014,0 days 00:00:47.538000,10767.0,258.6666666666667,7,100.0,False,0,pos,2747.36131277153,0.5145588981680969,OnTrack,-1608.0,14968.0,7332.0
2026-09-13 14:29:38.521,0 days 02:23:48.081000,3,58.72111111111235,0 days 00:00:47.578000,10767.0,259.0,7,100.0,False,0,car,2750.2377777777774,0.515097637160072,OnTrack,-1592.5095631374975,14944.518804047966,7333.395042398989
2026-09-13 14:29:38.841,0 days 02:23:48.401000,3,59.876666666667916,0 days 00:00:47.898000,11146.0,259.0,7,100.0,False,0,car,2773.2599999999998,0.5194095160691103,OnTrack,-1467.9510264250086,14733.079358035084,7345.371013402138
2026-09-13 14:29:38.901,0 days 02:23:48.461000,3,60.043333333334886,0 days 00:00:47.958000,11146.75,260.5,7,100.0,False,0,pos,2777.6272839444205,0.5202274735776411,OnTrack,-1452.0,14704.0,7347.0
2026-09-13 14:29:39.001,0 days 02:23:48.561000,3,60.32111111111317,0 days 00:00:48.058000,11148.0,263.0,7,100.0,False,0,car,2784.948888888888,0.5215987518858615,OnTrack,-1432.8251966597938,14667.42979057697,7349.053521855003
2026-09-13 14:29:39.201,0 days 02:23:48.761000,3,60.821111111112714,0 days 00:00:48.258000,11129.666666666666,265.5,7,100.0,False,0,pos,2799.7157301555962,0.5243644636749508,OnTrack,-1407.0,14579.0,7354.0
2026-09-13 14:29:39.241,0 days 02:23:48.801000,3,60.92111111111262,0 days 00:00:48.298000,11126.0,266.0,7,100.0,False,0,car,2802.6822222222218,0.5249200640184992,OnTrack,-1400.1076768770934,14544.226269931136,7355.935132799634
2026-09-13 14:29:39.481,0 days 02:23:49.041000,3,61.38777777777951,0 days 00:00:48.538000,11242.57142857143,267.7142857142857,7,100.0,False,0,pos,2820.5434410452062,0.5282653280850675,OnTrack,-1356.0,14272.0,7371.0
2026-09-13 14:29:39.521,0 days 02:23:49.081000,3,61.46555555555733,0 days 00:00:48.578000,11262.0,268.0,7,100.0,False,0,car,2823.526666666666,0.5288240624901962,OnTrack,-1351.9342992577301,14236.925145805693,7372.908863298781
2026-09-13 14:29:39.961,0 days 02:23:49.521000,3,62.93222222222448,0 days 00:00:49.018000,11367.0,269.0,7,100.0,False,0,pos,2856.404444444444,0.5349818084804687,OnTrack,-1371.0,14016.0,7380.0
2026-09-13 14:29:40.021,0 days 02:23:49.581000,3,63.115555555557684,0 days 00:00:49.078000,11402.142857142857,269.2142857142857,7,100.0,False,0,pos,2860.8904734587045,0.5358220059950793,OnTrack,-1378.0,13972.0,7380.0
2026-09-13 14:29:40.241,0 days 02:23:49.801000,3,63.78777777777941,0 days 00:00:49.298000,11531.0,270.0,7,100.0,False,0,car,2877.404444444444,0.5389149412691187,OnTrack,-1417.0395030843683,13807.892063437845,7381.720333819243
2026-09-13 14:29:40.281,0 days 02:23:49.841000,3,63.86555555555731,0 days 00:00:49.338000,11513.75,271.0,7,100.0,False,0,pos,2880.4375608258906,0.5394830198163405,OnTrack,-1425.0,13780.0,7382.0
2026-09-13 14:29:40.401,0 days 02:23:49.961000,3,64.098888888891,0 days 00:00:49.458000,11462.0,274.0,7,100.0,False,0,car,2889.5822222222214,0.5411957420820077,OnTrack,-1449.0547317745238,13701.752104510206,7382.436594466278
2026-09-13 14:29:40.581,0 days 02:23:50.141000,3,64.64888888889118,0 days 00:00:49.638000,11610.5,274.9,7,100.0,False,0,pos,2903.330675517913,0.5437707179129841,OnTrack,-1504.0,13563.0,7380.0
2026-09-13 14:29:40.601,0 days 02:23:50.161000,3,64.71000000000231,0 days 00:00:49.658000,11627.0,275.0,7,100.0,False,0,car,2904.859999999999,0.5440571482113166,OnTrack,-1513.3262876527463,13542.361779121598,7379.305746978615
2026-09-13 14:29:40.781,0 days 02:23:50.341000,3,65.26000000000198,0 days 00:00:49.838000,11650.625,275.5625,7,100.0,False,0,pos,2918.639242749391,0.5466378906618118,OnTrack,-1610.0,13341.0,7371.0
2026-09-13 14:29:40.921,0 days 02:23:50.481000,3,65.6877777777795,0 days 00:00:49.978000,11669.0,276.0,7,100.0,False,0,car,2929.3933333333325,0.5486520461993266,OnTrack,-1654.5285387388792,13254.858433829251,7366.996826759195
2026-09-13 14:29:41.140,0 days 02:23:50.700000,3,66.23527793777983,0 days 00:00:50.197000,11659.874997333332,277.8250005333333,7,100.0,False,0,pos,2946.301347351295,0.5518187825957552,OnTrack,-1702.0,13180.0,7363.0
2026-09-13 14:29:41.161,0 days 02:23:50.721000,3,66.28777777777987,0 days 00:00:50.218000,11659.0,278.0,7,100.0,False,0,car,2947.926666666666,0.5521231919620081,OnTrack,-1709.2039527617014,13168.553707892315,7362.442189602088
2026-09-13 14:29:41.360,0 days 02:23:50.920000,3,66.89583352889163,0 days 00:00:50.417000,11674.92000512,278.99500032,7,100.0,False,0,pos,2963.349167104156,0.5550117034931349,OnTrack,-1793.0,13036.0,7356.0
2026-09-13 14:29:41.361,0 days 02:23:50.921000,3,66.89888888889163,0 days 00:00:50.418000,11675.0,279.0,7,100.0,False,0,car,2963.4266666666654,0.5550262185441068,OnTrack,-1793.4106662427635,13035.368879011054,7355.966744558052
2026-09-13 14:29:41.560,0 days 02:23:51.120000,3,67.50694464000274,0 days 00:00:50.617000,11663.693178181818,279.0,7,100.0,False,0,pos,2978.8424388148096,0.5579134699202126,OnTrack,-1882.0,12909.0,7349.0
2026-09-13 14:29:41.780,0 days 02:23:51.340000,3,68.17916686222496,0 days 00:00:50.837000,11651.193178181818,279.0,7,100.0,False,0,pos,2995.896136756067,0.5611074917554741,OnTrack,-2053.0,12695.0,7339.0
2026-09-13 14:29:41.801,0 days 02:23:51.361000,3,68.24333333333607,0 days 00:00:50.858000,11650.0,279.0,7,100.0,False,0,car,2997.5266666666653,0.5614128770247241,OnTrack,-2066.05540842298,12679.04994441792,7338.2760907753345
2026-09-13 14:29:42.121,0 days 02:23:51.681000,3,69.13222222222521,0 days 00:00:51.178000,11682.0,280.0,7,100.0,False,0,car,3022.415555555554,0.566074367737198,OnTrack,-2190.7035203532496,12534.852597844718,7333.400331790021
2026-09-13 14:29:42.160,0 days 02:23:51.720000,3,69.22972238222519,0 days 00:00:51.217000,11683.253573485714,280.0,7,100.0,False,0,pos,3025.449664633722,0.5666426322086116,OnTrack,-2216.0,12506.0,7333.0
2026-09-13 14:29:42.360,0 days 02:23:51.920000,3,69.72972238222505,0 days 00:00:51.417000,11689.682144914286,280.0,7,100.0,False,0,pos,3041.005241163624,0.5695560678322359,OnTrack,-2379.0,12319.0,7331.0
2026-09-13 14:29:42.401,0 days 02:23:51.961000,3,69.83222222222503,0 days 00:00:51.458000,11691.0,280.0,7,100.0,False,0,car,3044.193333333332,0.5701531721106128,OnTrack,-2400.8767176223796,12293.899762788418,7330.787353194381
2026-09-13 14:29:42.601,0 days 02:23:52.161000,3,70.33222222222503,0 days 00:00:51.658000,11709.0,280.0,7,100.0,False,0,car,3059.7488888888874,0.573066603805909,OnTrack,-2447.764497944686,12240.226156021427,7330.861129658941
2026-09-13 14:29:42.641,0 days 02:23:52.201000,3,70.08777777778059,0 days 00:00:51.698000,11707.7,280.1,7,100.0,False,0,pos,3062.86509644756,0.5736502446690164,OnTrack,-2461.0,12225.0,7331.0
2026-09-13 14:29:42.841,0 days 02:23:52.401000,3,68.86555555555842,0 days 00:00:51.898000,11701.2,280.6,7,100.0,False,0,pos,3078.4777543323494,0.5765743711759039,OnTrack,-2563.0,12107.0,7332.0
2026-09-13 14:29:43.001,0 days 02:23:52.561000,3,67.88777777778068,0 days 00:00:52.058000,11696.0,281.0,7,100.0,False,0,car,3090.9711111111096,0.5789142774228965,OnTrack,-2645.0819756648484,12010.192215738622,7332.669561537213
2026-09-13 14:29:43.061,0 days 02:23:52.621000,3,67.35444444444715,0 days 00:00:52.118000,11696.0,281.0,7,100.0,False,0,pos,3095.6522317342274,0.5797910140424398,OnTrack,-2674.0,11976.0,7333.0
2026-09-13 14:29:43.241,0 days 02:23:52.801000,3,65.75444444444656,0 days 00:00:52.298000,11696.0,281.0,7,100.0,False,0,car,3109.704444444443,0.5824228815930891,OnTrack,-2754.8430336131896,11880.946331910827,7334.499809952688
2026-09-13 14:29:43.421,0 days 02:23:52.981000,3,64.15444444444645,0 days 00:00:52.478000,11724.285714285714,281.0,7,95.5,False,0,pos,3123.817014056223,0.5850660535108126,OnTrack,-2853.0,11760.0,7337.0
2026-09-13 14:29:43.521,0 days 02:23:53.081000,3,63.26555555555751,0 days 00:00:52.578000,11740.0,281.0,7,93.0,False,0,car,3131.559999999999,0.5865162531249803,OnTrack,-2926.325535180913,11665.55521225118,7338.923940668215
2026-09-13 14:29:43.641,0 days 02:23:53.201000,3,60.33222222222457,0 days 00:00:52.698000,11438.0,276.5,7,46.5,False,0,pos,3140.6811929260098,0.5882245799330229,OnTrack,-3008.0,11558.0,7341.0
2026-09-13 14:29:43.761,0 days 02:23:53.321000,3,57.39888888889163,0 days 00:00:52.818000,11136.0,272.0,7,0.0,True,0,car,3149.693333333332,0.5899124820726398,OnTrack,-3051.994135524045,11497.065941557024,7341.878090487115
2026-09-13 14:29:43.981,0 days 02:23:53.541000,3,51.410000000002356,0 days 00:00:53.038000,10889.416666666666,272.0,7,0.0,True,0,pos,3166.274761689636,0.5930180515750605,OnTrack,-3086.0,11436.0,7342.0
2026-09-13 14:29:44.001,0 days 02:23:53.561000,3,50.865555555557876,0 days 00:00:53.058000,10867.0,272.0,7,0.0,True,0,car,3167.8266666666655,0.5933087110202996,OnTrack,-3090.963301995631,11427.009947522674,7342.069783488649
2026-09-13 14:29:44.181,0 days 02:23:53.741000,3,45.46555555555733,0 days 00:00:53.238000,10825.0,272.0,7,0.0,True,0,pos,3181.9400504731066,0.5959520354302004,OnTrack,-3146.0,11327.0,7343.0
2026-09-13 14:29:44.241,0 days 02:23:53.801000,3,43.66555555555715,0 days 00:00:53.298000,10811.0,272.0,7,0.0,True,0,car,3185.959999999999,0.5967049399679593,OnTrack,-3162.934654556603,11295.021343929438,7343.236856027109
2026-09-13 14:29:44.401,0 days 02:23:53.961000,3,42.376666666668825,0 days 00:00:53.458000,11691.0,193.0,7,0.0,True,0,car,3194.5377777777767,0.5983114894456512,OnTrack,-3201.694785997284,11217.976798458938,7343.661197630416
2026-09-13 14:29:44.481,0 days 02:23:54.041000,3,41.51000000000204,0 days 00:00:53.538000,11747.5,193.0,7,0.0,True,0,pos,3198.830083171292,0.5991154040686097,OnTrack,-3219.0,11182.0,7344.0
2026-09-13 14:29:44.561,0 days 02:23:54.121000,3,40.64333333333525,0 days 00:00:53.618000,11804.0,193.0,6,0.0,True,0,car,3203.1155555555547,0.599918038923343,OnTrack,-3235.228279896117,11147.299378947439,7344.475090684233
2026-09-13 14:29:44.661,0 days 02:23:54.221000,3,39.92111111111311,0 days 00:00:53.718000,11439.416666666666,185.5,6,0.0,True,0,pos,3208.1689409078235,0.6008644977625188,OnTrack,-3256.0,11098.0,7345.0
2026-09-13 14:29:44.801,0 days 02:23:54.361000,3,38.91000000000213,0 days 00:00:53.858000,10929.0,175.0,4,0.0,True,0,car,3214.782222222221,0.6021031126948152,OnTrack,-3289.675835140454,11003.263654125225,7345.053743298694
2026-09-13 14:29:44.861,0 days 02:23:54.421000,3,38.74333333333545,0 days 00:00:53.918000,10819.714285714286,171.35714285714286,4,0.0,True,0,pos,3217.500425154427,0.6026122104604754,OnTrack,-3302.0,10966.0,7345.0
2026-09-13 14:29:45.081,0 days 02:23:54.641000,3,38.1322222222243,0 days 00:00:54.138000,10419.0,158.0,4,0.0,True,0,car,3227.07111111111,0.6044047237340993,OnTrack,-3324.7791301555512,10885.215400782605,7344.926550574475
2026-09-13 14:29:45.281,0 days 02:23:54.841000,3,37.74333333333516,0 days 00:00:54.338000,11399.0,155.0,4,0.0,True,0,car,3235.6822222222213,0.6060175162797097,OnTrack,-3328.694864410431,10833.227185275233,7344.989208958867
2026-09-13 14:29:45.301,0 days 02:23:54.861000,3,37.73222222222406,0 days 00:00:54.358000,11390.777777777777,154.5,4,0.0,True,0,pos,3236.5252852674457,0.6061754152752369,OnTrack,-3329.0,10826.0,7345.0
2026-09-13 14:29:45.421,0 days 02:23:54.981000,3,37.665555555557454,0 days 00:00:54.478000,11341.444444444445,151.5,4,0.0,True,0,pos,3241.493027984821,0.607105833930822,OnTrack,-3330.0,10777.0,7345.0
2026-09-13 14:29:45.621,0 days 02:23:55.181000,3,37.55444444444644,0 days 00:00:54.678000,11259.222222222223,146.5,4,0.0,True,0,pos,3249.4946472490415,0.6086044735065553,OnTrack,-3322.0,10699.0,7344.0
2026-09-13 14:29:45.641,0 days 02:23:55.201000,3,37.54333333333534,0 days 00:00:54.698000,11251.0,146.0,3,0.0,False,0,car,3250.282222222221,0.6087519800280092,OnTrack,-3320.385459183471,10691.479737826563,7343.8912049561395
2026-09-13 14:29:45.821,0 days 02:23:55.381000,3,37.99333333333534,0 days 00:00:54.878000,10969.3,140.6,3,0.0,False,0,pos,3257.286017039056,0.6100637350298697,OnTrack,-3299.0,10626.0,7343.0
2026-09-13 14:29:45.841,0 days 02:23:55.401000,3,38.04333333333534,0 days 00:00:54.898000,10938.0,140.0,3,0.0,False,0,car,3258.059999999999,0.6102086958756573,OnTrack,-3295.8816152282525,10619.090933034297,7342.900016545834
2026-09-13 14:29:45.981,0 days 02:23:55.541000,3,38.51000000000238,0 days 00:00:55.038000,11305.5,139.125,3,0.0,False,0,pos,3263.4675017738646,0.6112214779009655,OnTrack,-3270.0,10573.0,7342.0
2026-09-13 14:29:46.001,0 days 02:23:55.561000,3,38.5766666666691,0 days 00:00:55.058000,11358.0,139.0,3,0.0,False,0,car,3264.2377777777765,0.6113657444632178,OnTrack,-3265.7424736887474,10566.739615114968,7341.794363333603
2026-09-13 14:29:46.141,0 days 02:23:55.701000,3,39.31555555555774,0 days 00:00:55.198000,11479.1,138.3,3,16.799999999999997,False,0,pos,3269.6114213575693,0.6123721851183702,OnTrack,-3232.0,10525.0,7340.0
2026-09-13 14:29:46.201,0 days 02:23:55.761000,3,39.6322222222243,0 days 00:00:55.258000,11531.0,138.0,3,24.0,False,0,car,3271.9044444444435,0.612801650084471,OnTrack,-3215.365739641764,10508.02555365533,7339.351699505427
2026-09-13 14:29:46.361,0 days 02:23:55.921000,3,40.78777777778032,0 days 00:00:55.418000,11531.0,138.0,3,24.0,False,0,pos,3278.0377777777767,0.6139503745814735,OnTrack,-3167.0,10465.0,7338.0
2026-09-13 14:29:46.601,0 days 02:23:56.161000,3,42.32111111111362,0 days 00:00:55.658000,11549.0,145.0,3,50.0,False,0,car,3287.7044444444437,0.6157608642778362,OnTrack,-3094.2885202310845,10404.36920186055,7336.105956131977
2026-09-13 14:29:46.721,0 days 02:23:56.281000,3,43.58777777778005,0 days 00:00:55.778000,11813.0,146.0,3,54.5,False,0,pos,3292.569519704263,0.6166720541361049,OnTrack,-3051.0,10371.0,7335.0
2026-09-13 14:29:46.841,0 days 02:23:56.401000,3,44.85444444444647,0 days 00:00:55.898000,12077.0,147.0,3,59.0,False,0,car,3297.504444444444,0.6175963262458729,OnTrack,-3000.316723918146,10333.751619161363,7333.715902117029
2026-09-13 14:29:46.921,0 days 02:23:56.481000,3,45.65444444444647,0 days 00:00:55.978000,12077.0,149.4,3,59.0,False,0,pos,3300.879287482507,0.6182284074748993,OnTrack,-2969.0,10311.0,7333.0
2026-09-13 14:29:47.041,0 days 02:23:56.601000,3,46.85444444444647,0 days 00:00:56.098000,12077.0,153.0,3,59.0,False,0,car,3306.004444444444,0.6191883085650883,OnTrack,-2932.9554117032253,10284.642499875272,7332.398852141577
2026-09-13 14:29:47.161,0 days 02:23:56.721000,3,48.05444444444606,0 days 00:00:56.218000,11762.0,153.0,3,73.25,False,0,pos,3311.1028894372103,0.6201432067161445,OnTrack,-2898.0,10259.0,7332.0
2026-09-13 14:29:47.201,0 days 02:23:56.761000,3,48.454444444445926,0 days 00:00:56.258000,11657.0,153.0,4,78.0,False,0,car,3312.804444444444,0.6204618944204607,OnTrack,-2883.917475230161,10248.698296965606,7331.830903742393
2026-09-13 14:29:47.381,0 days 02:23:56.941000,3,50.70444444444627,0 days 00:00:56.438000,11572.25,153.0,4,94.5,False,0,pos,3320.483172529415,0.6219000590493239,OnTrack,-2816.0,10199.0,7331.0
2026-09-13 14:29:47.441,0 days 02:23:57.001000,3,51.45444444444638,0 days 00:00:56.498000,11544.0,153.0,4,100.0,False,0,car,3323.004444444444,0.6223722732035192,OnTrack,-2798.963892086233,10186.414423896682,7330.803852098601
2026-09-13 14:29:47.641,0 days 02:23:57.201000,3,54.89888888889118,0 days 00:00:56.698000,11797.0,153.0,4,100.0,False,0,car,3331.504444444444,0.6239642555227347,OnTrack,-2750.623239433629,10149.896385546463,7330.229125375268
2026-09-13 14:29:47.680,0 days 02:23:57.240000,3,55.23472277333561,0 days 00:00:56.737000,11711.68736,157.6312576,4,100.0,False,0,pos,3333.3635831227657,0.6243124573938944,OnTrack,-2735.0,10138.0,7330.0
2026-09-13 14:29:47.920,0 days 02:23:57.480000,3,57.30138944000222,0 days 00:00:56.977000,11186.68736,186.1312576,4,100.0,False,0,pos,3346.249326598063,0.6267258545447908,OnTrack,-2601.0,10036.0,7328.0
2026-09-13 14:29:47.961,0 days 02:23:57.521000,3,57.65444444444665,0 days 00:00:57.018000,11097.0,191.0,5,100.0,False,0,car,3348.4822222222215,0.6271440581158866,OnTrack,-2581.7405173973693,10021.436772068357,7327.792377870585
2026-09-13 14:29:48.161,0 days 02:23:57.721000,3,59.26555555555751,0 days 00:00:57.218000,11208.0,195.0,5,100.0,False,0,car,3359.315555555555,0.6291730551893965,OnTrack,-2516.074458358188,9972.37706211602,7327.596329548307
2026-09-13 14:29:48.300,0 days 02:23:57.860000,3,59.96055587555783,0 days 00:00:57.357000,11614.5751872,202.64500352,5,100.0,False,0,pos,3367.237893757305,0.6306568460534,OnTrack,-2467.0,9935.0,7327.0
2026-09-13 14:29:48.361,0 days 02:23:57.921000,3,60.26555555555797,0 days 00:00:57.418000,11793.0,206.0,5,100.0,False,0,car,3370.7599999999993,0.6313165085080786,OnTrack,-2440.3135794561053,9914.353125620177,7326.446699204621
2026-09-13 14:29:48.500,0 days 02:23:58.060000,3,60.84472248889109,0 days 00:00:57.557000,11810.375008,208.08500096,5,100.0,False,0,pos,3378.7883266478357,0.6328201501641071,OnTrack,-2375.0,9864.0,7325.0
2026-09-13 14:29:48.561,0 days 02:23:58.121000,3,61.098888888891,0 days 00:00:57.618000,11818.0,209.0,5,100.0,False,0,car,3382.3711111111106,0.6334911771663534,OnTrack,-2349.527632112965,9844.999666352667,7324.625432889124
2026-09-13 14:29:48.780,0 days 02:23:58.340000,3,61.46388899555783,0 days 00:00:57.837000,11288.01984512,216.11750208,5,95.07249856,False,0,pos,3395.7113606726048,0.6359896996882147,OnTrack,-2248.0,9755.0,7324.0
2026-09-13 14:29:48.940,0 days 02:23:58.500000,3,61.73055566222462,0 days 00:00:57.997000,10900.81984512,221.31750208,5,91.47249856,False,0,pos,3405.720062355512,0.637864249819684,OnTrack,-2129.0,9617.0,7323.0
2026-09-13 14:29:48.961,0 days 02:23:58.521000,3,61.76555555555797,0 days 00:00:58.018000,10850.0,222.0,6,91.0,False,0,car,3407.037777777777,0.6381110474260374,OnTrack,-2117.5856711953024,9603.074761647906,7322.883437463037
2026-09-13 14:29:49.241,0 days 02:23:58.801000,3,62.23222222222421,0 days 00:00:58.298000,11009.0,227.0,6,64.0,False,0,car,3424.6933333333327,0.6414177924001987,OnTrack,-2072.6397077130496,9525.9379472647,7322.035751279185
2026-09-13 14:29:49.281,0 days 02:23:58.841000,3,62.33222222222423,0 days 00:00:58.338000,11037.5,227.25,6,65.625,False,0,pos,3427.227018634945,0.6418923314828603,OnTrack,-2066.0,9510.0,7322.0
2026-09-13 14:29:49.441,0 days 02:23:59.001000,3,62.73222222222432,0 days 00:00:58.498000,11151.5,228.25,6,72.125,False,0,pos,3437.389472522549,0.6437956781780259,OnTrack,-2026.0,9417.0,7322.0
2026-09-13 14:29:49.561,0 days 02:23:59.121000,3,63.03222222222439,0 days 00:00:58.618000,11237.0,229.0,6,77.0,False,0,car,3445.048888888888,0.6452302258757577,OnTrack,-2002.1505364378318,9342.00386985084,7321.993509104329
2026-09-13 14:29:49.681,0 days 02:23:59.241000,3,63.53222222222462,0 days 00:00:58.738000,11332.7,230.2,6,83.9,False,0,pos,3452.7442290596123,0.6466715018160097,OnTrack,-1985.0,9268.0,7322.0
2026-09-13 14:29:49.941,0 days 02:23:59.501000,3,64.61555555555844,0 days 00:00:58.998000,11540.05,232.8,6,98.85,False,0,pos,3469.620126258123,0.6498322229878835,OnTrack,-1962.0,9097.0,7322.0
2026-09-13 14:29:49.961,0 days 02:23:59.521000,3,64.69888888889182,0 days 00:00:59.018000,11556.0,233.0,6,100.0,False,0,car,3470.937777777777,0.6500790086257865,OnTrack,-1960.882285508513,9079.956372699617,7321.955230919143
2026-09-13 14:29:50.162,0 days 02:23:59.722000,3,65.14555555555853,0 days 00:00:59.219000,11793.0,240.0,6,100.0,False,0,car,3484.337777777777,0.6525887219290203,OnTrack,-1953.824598727901,8885.389337838715,7321.14751066563
2026-09-13 14:29:50.201,0 days 02:23:59.761000,3,65.25388903765982,0 days 00:00:59.258000,11802.464448143412,240.6527205616146,6,100.0,False,0,pos,3486.9675000868697,0.6530812479784934,OnTrack,-1953.0,8854.0,7321.0
2026-09-13 14:29:50.401,0 days 02:23:59.961000,3,65.80944444444731,0 days 00:00:59.458000,11851.0,244.0,6,100.0,False,0,car,3500.5366666666655,0.6556226448351433,OnTrack,-1950.7519065334816,8749.734237576387,7320.4719412594095
2026-09-13 14:29:50.541,0 days 02:24:00.101000,3,66.27611111111355,0 days 00:00:59.598000,11967.375,244.0,6,100.0,False,0,pos,3510.0164366184013,0.6573981302649543,OnTrack,-1950.0,8691.0,7320.0
2026-09-13 14:29:50.561,0 days 02:24:00.121000,3,66.34277777778016,0 days 00:00:59.618000,11984.0,244.0,6,100.0,False,0,car,3511.3811111111104,0.6576537229312928,OnTrack,-1949.8887228633482,8681.39880665395,7319.908762782937
2026-09-13 14:29:50.801,0 days 02:24:00.361000,3,66.80944444444731,0 days 00:00:59.858000,11984.0,250.0,6,100.0,False,0,car,3528.047777777777,0.6607752568905387,OnTrack,-1946.7484283484746,8527.852980122016,7318.21662090939
2026-09-13 14:29:50.821,0 days 02:24:00.381000,3,66.82611111111396,0 days 00:00:59.878000,11984.0,250.5,6,100.0,False,0,pos,3529.455826691598,0.6610389732405849,OnTrack,-1946.0,8509.0,7318.0
2026-09-13 14:29:51.001,0 days 02:24:00.561000,3,66.97611111111382,0 days 00:01:00.058000,11984.0,255.0,7,100.0,False,0,car,3542.214444444444,0.6634285607558978,OnTrack,-1935.5344564181282,8300.304146429602,7315.610218285567
2026-09-13 14:29:51.061,0 days 02:24:00.621000,3,67.02611111111364,0 days 00:01:00.118000,11690.0,255.3,7,100.0,False,0,pos,3546.475770928971,0.664226673275871,OnTrack,-1932.0,8241.0,7315.0
2026-09-13 14:29:51.201,0 days 02:24:00.761000,3,67.14277777777988,0 days 00:01:00.258000,11004.0,256.0,7,100.0,False,0,car,3556.4366666666665,0.6660922697344546,OnTrack,-1925.317449062085,8152.164312072148,7314.353124831633
2026-09-13 14:29:51.401,0 days 02:24:00.961000,3,67.198333333336,0 days 00:01:00.458000,10896.0,258.0,7,98.0,False,0,car,3570.7699999999995,0.6687767889394061,OnTrack,-1913.3386375782418,8090.105175979584,7314.317482904149
2026-09-13 14:29:51.461,0 days 02:24:01.021000,3,67.13166666666928,0 days 00:01:00.518000,10909.125,258.75,7,91.625,False,0,pos,3575.0950340100203,0.6695868333716364,OnTrack,-1906.0,8058.0,7314.0
2026-09-13 14:29:51.561,0 days 02:24:01.121000,3,67.02055555555808,0 days 00:01:00.618000,10931.0,260.0,7,81.0,False,0,car,3582.325555555555,0.6709410524844832,OnTrack,-1889.725997178556,7989.353294081345,7313.160190657026
2026-09-13 14:29:51.581,0 days 02:24:01.141000,3,66.99833333333589,0 days 00:01:00.638000,10931.0,260.125,7,81.0,False,0,pos,3583.774192284437,0.6712123706091122,OnTrack,-1886.0,7975.0,7313.0
2026-09-13 14:29:51.721,0 days 02:24:01.281000,3,66.84277777778061,0 days 00:01:00.778000,10931.0,261.0,7,81.0,False,0,car,3593.925555555555,0.6731136401201184,OnTrack,-1856.290015841312,7876.574122370952,7312.204414478506
2026-09-13 14:29:51.801,0 days 02:24:01.361000,3,66.75388888889171,0 days 00:01:00.858000,10932.333333333334,260.77777777777777,7,76.11111111111111,False,0,pos,3599.714700663695,0.6741979009031221,OnTrack,-1838.0,7824.0,7312.0
2026-09-13 14:29:52.081,0 days 02:24:01.641000,3,66.44277777778052,0 days 00:01:01.138000,10937.0,260.0,7,59.0,False,0,pos,3619.925555555555,0.6779832330965422,OnTrack,-1753.0,7641.0,7312.0
2026-09-13 14:29:52.261,0 days 02:24:01.821000,3,66.2427777777805,0 days 00:01:01.318000,10915.785714285714,260.0,7,68.0,False,0,pos,3632.9329307806042,0.6804194109056809,OnTrack,-1644.0,7470.0,7311.0
2026-09-13 14:29:52.361,0 days 02:24:01.921000,3,66.13166666666939,0 days 00:01:01.418000,10904.0,260.0,7,73.0,False,0,car,3640.1477777777773,0.6817706943004272,OnTrack,-1604.1047804267014,7411.331742964863,7310.801077254239
2026-09-13 14:29:52.601,0 days 02:24:02.161000,3,65.99833333333595,0 days 00:01:01.658000,10899.5,259.25,7,93.25,False,0,pos,3657.4060225744215,0.6850030261330097,OnTrack,-1533.0,7338.0,7311.0
2026-09-13 14:29:52.681,0 days 02:24:02.241000,3,65.95388888889147,0 days 00:01:01.738000,10898.0,259.0,7,100.0,False,0,car,3663.1699999999996,0.6860825732094658,OnTrack,-1484.59227414448,7295.217070855012,7310.815874547716
2026-09-13 14:29:52.841,0 days 02:24:02.401000,3,65.8205555555578,0 days 00:01:01.898000,10898.0,260.0,7,100.0,False,0,car,3674.7255555555553,0.688246836754543,OnTrack,-1362.0849406515908,7190.003891198716,7310.163975426039
2026-09-13 14:29:52.901,0 days 02:24:02.461000,3,65.77055555555785,0 days 00:01:01.958000,10898.0,259.75,7,100.0,False,0,pos,3679.0494414635486,0.6890566661564054,OnTrack,-1325.0,7159.0,7310.0
2026-09-13 14:29:53.081,0 days 02:24:02.641000,3,65.62055555555798,0 days 00:01:02.138000,10898.0,259.0,7,100.0,False,0,car,3691.9922222222217,0.6914807459363218,OnTrack,-1255.1255112099632,7104.305584030743,7309.896264581755
2026-09-13 14:29:53.241,0 days 02:24:02.801000,3,65.53166666666857,0 days 00:01:02.298000,10898.0,259.0,7,100.0,False,0,car,3703.503333333333,0.6936366853908411,OnTrack,-1169.8076515955247,7063.574606747283,7309.996737774111
2026-09-13 14:29:53.261,0 days 02:24:02.821000,3,65.52055555555746,0 days 00:01:02.318000,10896.611111111111,259.0,7,100.0,False,0,pos,3704.9423297310755,0.6939061979582083,OnTrack,-1152.0,7056.0,7310.0
2026-09-13 14:29:53.441,0 days 02:24:03.001000,3,65.42055555555756,0 days 00:01:02.498000,10884.111111111111,259.0,7,100.0,False,0,pos,3717.892363518936,0.6963316361727395,OnTrack,-951.0,6975.0,7310.0
2026-09-13 14:29:53.601,0 days 02:24:03.161000,3,65.33166666666875,0 days 00:01:02.658000,10873.0,259.0,7,100.0,False,0,car,3729.403333333333,0.6984875491635093,OnTrack,-843.2788176773283,6935.423842416981,7310.230175063663
2026-09-13 14:29:53.901,0 days 02:24:03.461000,3,65.08166666666813,0 days 00:01:02.958000,10859.875,259.0,7,100.0,False,0,pos,3750.9868946670563,0.7025299783433905,OnTrack,-712.0,6922.0,7310.0
2026-09-13 14:29:53.921,0 days 02:24:03.481000,3,65.06500000000142,0 days 00:01:02.978000,10859.0,259.0,7,100.0,False,0,car,3752.4255555555555,0.7027994280725478,OnTrack,-694.3122277505126,6920.602434035024,7309.858908252817
2026-09-13 14:29:54.120,0 days 02:24:03.680000,3,64.23583306666846,0 days 00:01:03.177000,10894.654178133333,259.0,7,100.0,False,0,pos,3766.7404833680716,0.7054805000700034,OnTrack,-479.0,6905.0,7308.0
2026-09-13 14:29:54.161,0 days 02:24:03.721000,3,64.06500000000187,0 days 00:01:03.218000,10902.0,259.0,7,100.0,False,0,car,3769.6922222222224,0.7060333372543267,OnTrack,-439.0379943294871,6903.1248408676665,7307.724433834026
2026-09-13 14:29:54.520,0 days 02:24:04.080000,3,61.07333280000187,0 days 00:01:03.577000,10888.0388864,259.9972224,7,87.0361088,False,0,pos,3795.619640068912,0.7108893361713671,OnTrack,-196.0,6905.0,7307.0
2026-09-13 14:29:54.521,0 days 02:24:04.081000,3,61.065000000001874,0 days 00:01:03.578000,10888.0,260.0,7,87.0,False,0,car,3795.6922222222224,0.7109029302307505,OnTrack,-195.51694387055977,6905.009347875722,7306.998417136225
2026-09-13 14:29:54.721,0 days 02:24:04.281000,3,58.62055555555662,0 days 00:01:03.778000,10608.0,260.0,7,0.0,True,0,car,3810.1366666666668,0.713608259662097,OnTrack,-116.97529082246979,6905.629395513307,7306.571550011981
2026-09-13 14:29:54.880,0 days 02:24:04.440000,3,55.74972106666793,0 days 00:01:03.937000,10169.2591984,251.0562464,7,0.0,True,0,pos,3821.0892587350027,0.7156595929470817,OnTrack,-45.0,6906.0,7306.0
2026-09-13 14:29:55.041,0 days 02:24:04.601000,3,52.84277777777925,0 days 00:01:04.098000,9725.0,242.0,7,0.0,True,0,car,3831.6477777777777,0.7176371194921637,OnTrack,59.2842546212719,6907.4830569122405,7305.188770572632
2026-09-13 14:29:55.080,0 days 02:24:04.640000,3,52.33361027555701,0 days 00:01:04.137000,9818.3564032,237.6124928,7,0.0,True,0,pos,3834.1302772689296,0.7181020718800901,OnTrack,85.0,6908.0,7305.0
2026-09-13 14:29:55.201,0 days 02:24:04.761000,3,50.75388888889029,0 days 00:01:04.258000,10108.0,224.0,7,0.0,True,0,car,3841.603333333333,0.7195017157771533,OnTrack,160.54191616657909,6909.982761608964,7304.4871534315835
2026-09-13 14:29:55.320,0 days 02:24:04.880000,3,49.068054648890296,0 days 00:01:04.377000,10281.6657184,214.70312,7,0.0,True,0,pos,3848.49903056339,0.7207932249617314,OnTrack,230.0,6913.0,7304.0
2026-09-13 14:29:55.521,0 days 02:24:05.081000,3,46.220555555556984,0 days 00:01:04.578000,10575.0,199.0,6,0.0,True,0,car,3859.2922222222223,0.7228147038192331,OnTrack,338.5985015729989,6921.851291396705,7303.075890461317
2026-09-13 14:29:55.540,0 days 02:24:05.100000,3,45.96194357333478,0 days 00:01:04.597000,10575.0,197.41666133333334,6,0.0,True,0,pos,3860.274710980505,0.7229987161406466,OnTrack,348.0,6923.0,7303.0
2026-09-13 14:29:55.761,0 days 02:24:05.321000,3,42.95388888889056,0 days 00:01:04.818000,10575.0,179.0,6,0.0,True,0,pos,3871.2255555555553,0.725049722134053,OnTrack,454.0,6944.0,7302.0
2026-09-13 14:29:55.941,0 days 02:24:05.501000,3,40.75388888889009,0 days 00:01:04.998000,11047.5,168.3125,6,0.0,True,0,pos,3879.456162454888,0.7265912492705414,OnTrack,559.0,6979.0,7300.0
2026-09-13 14:29:56.081,0 days 02:24:05.641000,3,39.04277777777861,0 days 00:01:05.138000,11415.0,160.0,4,0.0,True,0,car,3885.447777777778,0.7277134311126098,OnTrack,608.8028115240153,6999.27497390714,7298.958313503224
2026-09-13 14:29:56.221,0 days 02:24:05.781000,3,37.798333333334504,0 days 00:01:05.278000,11054.5,149.5,4,0.0,True,0,pos,3891.096111132414,0.7287713189753882,OnTrack,646.0,7018.0,7298.0
2026-09-13 14:29:56.321,0 days 02:24:05.881000,3,36.90944444444585,0 days 00:01:05.378000,10797.0,142.0,3,0.0,True,0,car,3894.914444444444,0.7294864624014614,OnTrack,679.0607047898131,7035.186714575878,7296.997552791117
2026-09-13 14:29:56.501,0 days 02:24:06.061000,3,35.759444444445805,0 days 00:01:05.558000,10797.0,129.4,3,0.0,True,0,pos,3901.340695885805,0.7306900481277531,OnTrack,743.0,7069.0,7295.0
2026-09-13 14:29:56.521,0 days 02:24:06.081000,3,35.631666666668025,0 days 00:01:05.578000,10797.0,128.0,3,0.0,True,0,car,3902.0255555555555,0.7308183168907397,OnTrack,749.3918167513291,7072.3924205916965,7294.817597084375
2026-09-13 14:29:56.741,0 days 02:24:06.301000,3,34.77611091625271,0 days 00:01:05.798000,11276.928934930434,119.38789839439679,3,0.0,True,0,pos,3909.2335183593686,0.7321683109308849,OnTrack,817.0,7107.0,7293.0
2026-09-13 14:29:56.802,0 days 02:24:06.362000,3,34.53888888889014,0 days 00:01:05.859000,11410.0,117.0,3,0.0,True,0,car,3911.158055555555,0.7325287614237085,OnTrack,840.1231221966658,7117.545704039183,7292.2948003499005
2026-09-13 14:29:56.981,0 days 02:24:06.541000,3,33.842777688571246,0 days 00:01:06.038000,10796.01067400472,112.50895999794466,3,0.0,True,0,pos,3916.667680129434,0.733560670236312,OnTrack,910.0,7147.0,7290.0
2026-09-13 14:29:57.081,0 days 02:24:06.641000,3,33.45388888888965,0 days 00:01:06.138000,10453.0,110.0,2,0.0,True,0,car,3919.6830555555557,0.7341254260438629,OnTrack,935.6925696839455,7156.509436678563,7289.110157433609
2026-09-13 14:29:57.281,0 days 02:24:06.841000,3,32.89833333333406,0 days 00:01:06.338000,10236.57142857143,107.85714285714286,2,0.0,True,0,pos,3925.6272451158898,0.7352387254182295,OnTrack,973.0,7164.0,7288.0
2026-09-13 14:29:57.361,0 days 02:24:06.921000,3,32.67611111111182,0 days 00:01:06.418000,10150.0,107.0,2,0.0,True,0,car,3928.005277777778,0.7356841120008464,OnTrack,993.2481880762114,7165.531334780601,7287.627069324875
2026-09-13 14:29:57.521,0 days 02:24:07.081000,3,32.4094444444454,0 days 00:01:06.578000,9658.0,107.0,2,0.0,False,0,car,3932.7608333333333,0.7365747896905512,OnTrack,1039.5664985123299,7165.822745730761,7286.551922897768
2026-09-13 14:29:57.561,0 days 02:24:07.121000,3,32.55388888888979,0 days 00:01:06.618000,9629.333333333334,106.33333333333333,2,0.0,False,0,pos,3933.9224235973006,0.7367923462978935,OnTrack,1050.0,7165.0,7286.0
2026-09-13 14:29:57.721,0 days 02:24:07.281000,3,33.13166666666734,0 days 00:01:06.778000,9514.666666666666,103.66666666666667,2,0.0,False,0,pos,3938.425241829431,0.7376356882993279,OnTrack,1090.0,7155.0,7283.0
2026-09-13 14:29:57.921,0 days 02:24:07.481000,3,33.85388888888929,0 days 00:01:06.978000,9371.333333333334,100.33333333333333,2,0.0,False,0,pos,3943.8233708079906,0.7386467148747056,OnTrack,1161.0,7113.0,7281.0
2026-09-13 14:29:58.001,0 days 02:24:07.561000,3,34.142777777778065,0 days 00:01:07.058000,9314.0,99.0,2,0.0,False,0,car,3945.9608333333335,0.7390470445862741,OnTrack,1181.9408167441882,7098.212876278366,7280.482135570605
2026-09-13 14:29:58.161,0 days 02:24:07.721000,3,35.07611111111191,0 days 00:01:07.218000,9811.0,96.0,2,23.0,False,0,car,3950.2275,0.739846157279841,OnTrack,1204.2459093065036,7077.434559535416,7279.723696209151
2026-09-13 14:29:58.321,0 days 02:24:07.881000,3,36.09833333333381,0 days 00:01:07.378000,10023.0,99.0,2,29.0,False,0,car,3954.6275,0.7406702422450819,OnTrack,1222.0984196426507,7054.4596160754045,7279.13856519179
2026-09-13 14:29:58.361,0 days 02:24:07.921000,3,36.387222222222704,0 days 00:01:07.418000,10099.75,99.75,2,29.25,False,0,pos,3955.7539130659943,0.7408812104433403,OnTrack,1228.0,7047.0,7279.0
2026-09-13 14:29:58.481,0 days 02:24:08.041000,3,37.25388888888938,0 days 00:01:07.538000,10330.0,102.0,2,30.0,False,0,car,3959.1608333333334,0.7415192994819969,OnTrack,1249.1570277279998,7020.503039268841,7278.602826574764
2026-09-13 14:29:58.601,0 days 02:24:08.161000,3,38.38722222222278,0 days 00:01:07.658000,10576.42857142857,102.0,2,34.285714285714285,False,0,pos,3962.5078380329205,0.7421461668118879,OnTrack,1272.0,6992.0,7278.0
2026-09-13 14:29:58.721,0 days 02:24:08.281000,3,39.52055555555619,0 days 00:01:07.778000,10822.857142857143,102.0,2,38.57142857142857,False,0,pos,3965.9036659841945,0.7427821783480673,OnTrack,1294.0,6964.0,7277.0
2026-09-13 14:29:58.761,0 days 02:24:08.321000,3,39.898333333333994,0 days 00:01:07.818000,10905.0,102.0,2,40.0,False,0,car,3967.0941666666668,0.7430051496465979,OnTrack,1302.3237011465744,6952.7471535546865,7276.6296366931765
2026-09-13 14:29:58.921,0 days 02:24:08.481000,3,40.92055555555635,0 days 00:01:07.978000,10905.0,113.0,2,40.0,False,0,car,3972.1163888888887,0.7439457718796507,OnTrack,1341.1304778689132,6897.0951508881735,7275.039420791257
2026-09-13 14:29:59.021,0 days 02:24:08.581000,3,42.0872222222229,0 days 00:01:08.078000,10905.0,115.91666666666667,2,40.0,False,0,pos,3975.360565045455,0.7445533802422007,OnTrack,1363.0,6865.0,7274.0
2026-09-13 14:29:59.161,0 days 02:24:08.721000,3,43.720555555556075,0 days 00:01:08.218000,10905.0,120.0,2,40.0,False,0,car,3980.116388888889,0.7454441081800889,OnTrack,1386.4471864118864,6830.290584272513,7272.511480407714
2026-09-13 14:29:59.301,0 days 02:24:08.861000,3,44.848333333333755,0 days 00:01:08.358000,11186.75,127.4375,2,54.0,False,0,pos,3985.290782988299,0.7464132309940786,OnTrack,1411.0,6793.0,7271.0
2026-09-13 14:29:59.481,0 days 02:24:09.041000,3,46.29833333333363,0 days 00:01:08.538000,11549.0,137.0,2,72.0,False,0,car,3992.2941666666666,0.7477249089929778,OnTrack,1455.2784949478464,6724.370727187646,7269.156065751545
2026-09-13 14:29:59.501,0 days 02:24:09.061000,3,46.52611111111139,0 days 00:01:08.558000,11461.5,137.625,2,73.5,False,0,pos,3993.0737864142675,0.7478709255640239,OnTrack,1460.0,6717.0,7269.0
2026-09-13 14:29:59.641,0 days 02:24:09.201000,3,48.12055555555571,0 days 00:01:08.698000,10849.0,142.0,3,84.0,False,0,car,3998.6052777777777,0.7489069298522123,OnTrack,1489.7171652576374,6670.249048318895,7268.2239504654135
2026-09-13 14:29:59.681,0 days 02:24:09.241000,3,48.487222222222435,0 days 00:01:08.738000,10704.857142857143,144.0,3,85.42857142857143,False,0,pos,4000.2536120902573,0.749215649744168,OnTrack,1498.0,6657.0,7268.0
2026-09-13 14:29:59.921,0 days 02:24:09.481000,3,50.68722222222277,0 days 00:01:08.978000,9840.0,156.0,4,94.0,False,0,car,4010.738611111111,0.7511794065745434,OnTrack,1550.078980410172,6571.165641327178,7266.253260792315
2026-09-13 14:29:59.961,0 days 02:24:09.521000,3,50.95388888888938,0 days 00:01:09.018000,9924.0,157.8,4,95.2,False,0,pos,4012.53998559681,0.7515167896723692,OnTrack,1559.0,6556.0,7266.0
2026-09-13 14:30:00.121,0 days 02:24:09.681000,3,52.0205555555558,0 days 00:01:09.178000,10260.0,165.0,4,100.0,False,0,car,4019.905277777778,0.7528962502521287,OnTrack,1595.165395059539,6493.231211641144,7265.235028669028
2026-09-13 14:30:00.181,0 days 02:24:09.741000,3,52.437222222222445,0 days 00:01:09.238000,10594.714285714286,167.78571428571428,4,100.0,False,0,pos,4022.7642954906005,0.7534317215049683,OnTrack,1609.0,6469.0,7265.0
2026-09-13 14:30:00.401,0 days 02:24:09.961000,3,53.965000000000146,0 days 00:01:09.458000,11822.0,178.0,4,100.0,False,0,car,4033.7497222222223,0.7554892044609424,OnTrack,1661.2304836176634,6377.267782517824,7264.182970525311
2026-09-13 14:30:00.441,0 days 02:24:10.001000,3,53.98722222222237,0 days 00:01:09.498000,11821.285714285714,179.21428571428572,4,100.0,False,0,pos,4035.83919393277,0.7558805458750238,OnTrack,1671.0,6360.0,7264.0
2026-09-13 14:30:00.621,0 days 02:24:10.181000,3,54.08722222222237,0 days 00:01:09.678000,11818.07142857143,184.67857142857142,4,100.0,False,0,pos,4045.598048757492,0.7577083016793472,OnTrack,1716.0,6280.0,7263.0
2026-09-13 14:30:01.460,0 days 02:24:11.020000,3,54.55333336888907,0 days 00:01:10.517000,11803.089284571428,210.14821622857144,4,100.0,False,0,pos,4096.051821408385,0.7671578915614575,OnTrack,1943.0,5872.0,7258.0
2026-09-13 14:30:01.521,0 days 02:24:11.081000,3,54.58722222222241,0 days 00:01:10.578000,11802.0,212.0,5,100.0,False,0,car,4099.705277777778,0.7678421548489985,OnTrack,1960.2588768028509,5840.582577179921,7257.722724679431
2026-09-13 14:30:01.680,0 days 02:24:11.240000,3,54.36638879999978,0 days 00:01:10.737000,10967.249664,214.9812512,5,100.0,False,0,pos,4109.200653024615,0.7696205630263256,OnTrack,2006.0,5758.0,7257.0
2026-09-13 14:30:01.681,0 days 02:24:11.241000,3,54.36499999999978,0 days 00:01:10.738000,10962.0,215.0,5,100.0,False,0,car,4109.260833333334,0.7696318343189662,OnTrack,2006.293808714238,5757.479744966692,7256.994858307819
2026-09-13 14:30:01.860,0 days 02:24:11.420000,3,53.569444159999655,0 days 00:01:10.917000,10744.9624224,217.796876,5,66.437488,False,0,pos,4120.177549156015,0.7716764482688023,OnTrack,2060.0,5664.0,7256.0
2026-09-13 14:30:02.001,0 days 02:24:11.561000,3,52.94277777777734,0 days 00:01:11.058000,10574.0,220.0,5,40.0,False,0,car,4128.816388888889,0.7732944341644815,OnTrack,2103.155809804276,5589.171220268159,7255.333940237048
2026-09-13 14:30:02.080,0 days 02:24:11.640000,3,52.65749976888865,0 days 00:01:11.137000,10529.562464,219.40749952,5,35.062496,False,0,pos,4133.6205093007175,0.7741942076650713,OnTrack,2128.0,5548.0,7255.0
2026-09-13 14:30:02.401,0 days 02:24:11.961000,3,51.4983333333339,0 days 00:01:11.458000,10349.0,217.0,6,15.0,False,0,pos,4152.9275,0.7778102532921906,OnTrack,2237.0,5394.0,7254.0
2026-09-13 14:30:02.541,0 days 02:24:12.101000,3,51.14833333333369,0 days 00:01:11.598000,10291.833333333334,215.25,6,15.583333333333334,False,0,pos,4161.289675375667,0.7793764221566895,OnTrack,2291.0,5336.0,7254.0
2026-09-13 14:30:02.641,0 days 02:24:12.201000,3,50.89833333333354,0 days 00:01:11.698000,10251.0,214.0,6,16.0,False,0,car,4167.194166666666,0.7804822863613051,OnTrack,2334.3566027780853,5299.192594678805,7254.022850524175
2026-09-13 14:30:02.801,0 days 02:24:12.361000,3,50.809444444445035,0 days 00:01:11.858000,10251.0,209.0,6,16.0,False,0,car,4176.483055555555,0.782222021287925,OnTrack,2409.5669641354284,5249.342289407268,7254.010669845697
2026-09-13 14:30:02.821,0 days 02:24:12.381000,3,50.80944444444494,0 days 00:01:11.878000,10238.1,208.9,6,17.8,False,0,pos,4177.639618655797,0.7824386363475296,OnTrack,2419.0,5244.0,7254.0
2026-09-13 14:30:02.981,0 days 02:24:12.541000,3,50.80944444444422,0 days 00:01:12.038000,10134.9,208.1,6,32.2,False,0,pos,4186.883613047276,0.7841699628922548,OnTrack,2502.0,5208.0,7254.0
2026-09-13 14:30:03.001,0 days 02:24:12.561000,3,50.809444444444125,0 days 00:01:12.058000,10122.0,208.0,6,34.0,False,0,car,4188.038611111111,0.7843862848330021,OnTrack,2515.7024717098216,5204.200779481535,7254.06135690116
2026-09-13 14:30:03.161,0 days 02:24:12.721000,3,50.809444444445035,0 days 00:01:12.218000,10122.0,208.0,6,34.0,False,0,car,4197.283055555556,0.786117695669064,OnTrack,2655.7046570189373,5179.136944070295,7255.163651899974
2026-09-13 14:30:03.261,0 days 02:24:12.821000,3,50.86500001768993,0 days 00:01:12.318000,10122.0,208.49751259622292,6,34.0,False,0,pos,4203.081765252696,0.78720374782343,OnTrack,2733.0,5170.0,7256.0
2026-09-13 14:30:03.362,0 days 02:24:12.922000,3,50.92111111111171,0 days 00:01:12.419000,10122.0,209.0,6,34.0,False,0,car,4208.952222222222,0.78830323767063,OnTrack,2786.097790313341,5166.644066597008,7256.777042404758
2026-09-13 14:30:03.522,0 days 02:24:13.082000,3,50.96555555555642,0 days 00:01:12.579000,10122.0,210.0,6,34.0,False,0,car,4218.285555555555,0.7900512966878077,OnTrack,2832.9067588838057,5171.988062975236,7257.775884390349
2026-09-13 14:30:03.621,0 days 02:24:13.181000,3,51.04805558996504,0 days 00:01:12.678000,10272.09683679499,211.4193554306855,6,57.41936460631063,False,0,pos,4224.129453372541,0.7911458122172129,OnTrack,2877.0,5178.0,7258.0
2026-09-13 14:30:03.701,0 days 02:24:13.261000,3,51.11472224133902,0 days 00:01:12.758000,10393.387131552772,212.56630857260305,6,76.34409144795035,False,0,pos,4228.893059688539,0.7920379977502447,OnTrack,2925.0,5184.0,7258.0
2026-09-13 14:30:03.801,0 days 02:24:13.361000,3,51.19805555555649,0 days 00:01:12.858000,10545.0,214.0,6,100.0,False,0,car,4234.870555555556,0.7931575351306536,OnTrack,2994.409809263754,5193.788284593398,7258.379432241133
2026-09-13 14:30:04.041,0 days 02:24:13.601000,3,51.19805555555649,0 days 00:01:13.098000,10588.0,217.0,6,100.0,False,0,car,4249.337222222222,0.7958670266072789,OnTrack,3176.492053087491,5222.9445258637,7260.6571038314405
2026-09-13 14:30:04.081,0 days 02:24:13.641000,3,51.109166666667626,0 days 00:01:13.138000,10597.8,217.6,6,95.7,False,0,pos,4251.781793146499,0.7963248752766338,OnTrack,3202.0,5227.0,7261.0
2026-09-13 14:30:04.441,0 days 02:24:14.001000,3,50.30916666666781,0 days 00:01:13.498000,10686.0,223.0,6,57.0,False,0,car,4274.115000000001,0.8005077070933581,OnTrack,3375.7748711003933,5249.987298084488,7262.93892685362
2026-09-13 14:30:04.501,0 days 02:24:14.061000,3,50.192500000001246,0 days 00:01:13.558000,10693.0,222.75,6,47.5,False,0,pos,4277.834515999502,0.8012043428236224,OnTrack,3410.0,5252.0,7263.0
2026-09-13 14:30:04.581,0 days 02:24:14.141000,3,50.03694444444583,0 days 00:01:13.638000,10702.333333333334,222.41666666666666,6,34.833333333333336,False,0,pos,4282.783248868868,0.8021312010860401,OnTrack,3460.0,5254.0,7263.0
2026-09-13 14:30:04.681,0 days 02:24:14.241000,3,49.842500000001564,0 days 00:01:13.738000,10714.0,222.0,6,19.0,False,0,car,4288.915,0.8032796292491684,OnTrack,3516.9213848615723,5255.371190603252,7263.284160196784
2026-09-13 14:30:04.821,0 days 02:24:14.381000,3,49.648055555556766,0 days 00:01:13.878000,10714.0,218.5,6,19.0,False,0,pos,4297.39282507223,0.8048674583809791,OnTrack,3605.0,5251.0,7264.0
2026-09-13 14:30:04.841,0 days 02:24:14.401000,3,49.62027777777894,0 days 00:01:13.898000,10714.0,218.0,6,19.0,False,0,car,4298.603888888889,0.80509428099081,OnTrack,3621.1253284222166,5249.262779241558,7264.092225245881
2026-09-13 14:30:05.101,0 days 02:24:14.661000,3,49.259166666668015,0 days 00:01:14.158000,10330.5,218.0,6,29.214285714285715,False,0,pos,4314.364484655406,0.8080461150849981,OnTrack,3859.0,5212.0,7265.0
2026-09-13 14:30:05.121,0 days 02:24:14.681000,3,49.23138888889025,0 days 00:01:14.178000,10301.0,218.0,6,30.0,False,0,car,4315.559444444444,0.8082699215386829,OnTrack,3871.192445119614,5209.681570679198,7265.042376037194
2026-09-13 14:30:05.361,0 days 02:24:14.921000,3,49.29805555555595,0 days 00:01:14.418000,10344.0,212.0,6,30.0,False,0,car,4329.692777777778,0.8109169823361236,OnTrack,3945.769544755033,5188.567111324315,7265.118832287487
2026-09-13 14:30:05.401,0 days 02:24:14.961000,3,49.3202777777783,0 days 00:01:14.458000,10346.0,212.16666666666666,6,33.0,False,0,pos,4332.051379884282,0.8113587297304319,OnTrack,3961.0,5183.0,7265.0
2026-09-13 14:30:05.601,0 days 02:24:15.161000,3,49.43138888889007,0 days 00:01:14.658000,10356.0,213.0,6,48.0,False,0,car,4343.892777777778,0.8135765292694012,OnTrack,4069.9972966268556,5141.814477301422,7264.038638204261
2026-09-13 14:30:05.621,0 days 02:24:15.181000,3,49.44250000000117,0 days 00:01:14.678000,10360.666666666666,213.0,6,47.583333333333336,False,0,pos,4345.076108130192,0.8137981576222051,OnTrack,4081.0,5137.0,7264.0
2026-09-13 14:30:05.781,0 days 02:24:15.341000,3,49.53138888888998,0 days 00:01:14.838000,10398.0,213.0,6,44.25,False,0,pos,4354.535012506018,0.8155697350957892,OnTrack,4164.0,5093.0,7264.0
2026-09-13 14:30:05.841,0 days 02:24:15.401000,3,49.56472222222328,0 days 00:01:14.898000,10412.0,213.0,6,43.0,False,0,car,4358.092777777778,0.8162360762026787,OnTrack,4197.388499439453,5070.7450450179285,7263.696433924484
2026-09-13 14:30:06.101,0 days 02:24:15.661000,3,49.925833333334204,0 days 00:01:15.158000,10489.07142857143,214.85714285714286,6,51.35714285714286,False,0,pos,4373.615012437853,0.8191432671595673,OnTrack,4342.0,4954.0,7261.0
2026-09-13 14:30:06.121,0 days 02:24:15.681000,3,49.95361111111197,0 days 00:01:15.178000,10495.0,215.0,6,52.0,False,0,car,4374.8150000000005,0.8193680152751223,OnTrack,4350.312801669662,4946.347725124626,7260.868197241655
2026-09-13 14:30:06.361,0 days 02:24:15.921000,3,50.55361111111142,0 days 00:01:15.418000,10719.0,217.0,6,59.0,False,0,car,4389.281666666668,0.8220775067517478,OnTrack,4420.804407199943,4863.952916745277,7260.241447919488
2026-09-13 14:30:06.421,0 days 02:24:15.981000,3,50.72027777777839,0 days 00:01:15.478000,10746.75,217.5,6,63.75,False,0,pos,4392.922086341263,0.8227593283701573,OnTrack,4440.0,4833.0,7260.0
2026-09-13 14:30:06.601,0 days 02:24:16.161000,3,51.2202777777793,0 days 00:01:15.658000,10830.0,219.0,6,78.0,False,0,car,4403.881666666667,0.8248119705000473,OnTrack,4511.639945836943,4702.2291676482,7258.6974649948315
2026-09-13 14:30:06.701,0 days 02:24:16.261000,3,51.63694444444582,0 days 00:01:15.758000,10856.5,219.0,6,89.0,False,0,pos,4409.969161487907,0.8259521098087214,OnTrack,4548.0,4625.0,7258.0
2026-09-13 14:30:06.801,0 days 02:24:16.361000,3,52.05361111111233,0 days 00:01:15.858000,10883.0,219.0,6,100.0,False,0,car,4416.048333333334,0.8270906902902969,OnTrack,4575.831140747031,4554.174815995723,7257.515217830267
2026-09-13 14:30:07.001,0 days 02:24:16.561000,3,52.94250000000011,0 days 00:01:16.058000,10883.0,219.0,6,100.0,False,0,car,4428.215000000001,0.8293694100805464,OnTrack,4610.672552258655,4430.847518457532,7257.072528717022
2026-09-13 14:30:07.061,0 days 02:24:16.621000,3,53.22583333333341,0 days 00:01:16.118000,10920.833333333334,220.0,6,100.0,False,0,pos,4431.916251724566,0.8300626250575431,OnTrack,4619.0,4398.0,7257.0
2026-09-13 14:30:07.361,0 days 02:24:16.921000,3,54.64249999999993,0 days 00:01:16.418000,11110.0,225.0,6,100.0,False,0,car,4450.715000000001,0.8335834809255286,OnTrack,4650.60914651904,4260.665504692707,7256.9459982693825
2026-09-13 14:30:07.521,0 days 02:24:17.081000,3,55.44250000000102,0 days 00:01:16.578000,11110.0,225.0,6,100.0,False,0,car,4460.715000000001,0.8354564013010761,OnTrack,4666.965141671517,4183.197257666489,7256.992741838694
2026-09-13 14:30:07.580,0 days 02:24:17.140000,3,55.73750032000075,0 days 00:01:16.637000,11110.0,225.0,6,100.0,False,0,pos,4464.386622980045,0.8361440670501414,OnTrack,4674.0,4150.0,7257.0
2026-09-13 14:30:07.720,0 days 02:24:17.280000,3,56.43750032000011,0 days 00:01:16.777000,11110.0,225.0,6,100.0,False,0,pos,4473.151410916936,0.8377856420415771,OnTrack,4692.0,4063.0,7257.0
2026-09-13 14:30:07.721,0 days 02:24:17.281000,3,56.44250000000011,0 days 00:01:16.778000,11110.0,225.0,6,100.0,False,0,car,4473.215000000001,0.8377975517705106,OnTrack,4692.12098125586,4062.366106841473,7256.999983974694
2026-09-13 14:30:07.921,0 days 02:24:17.481000,3,57.164722222223645,0 days 00:01:16.978000,11244.0,233.0,6,100.0,False,0,car,4486.1594444444445,0.8402219431455248,OnTrack,4713.140718763376,3935.216135689234,7256.999941828963
2026-09-13 14:30:07.940,0 days 02:24:17.500000,3,57.23861136000147,0 days 00:01:16.997000,11252.36002816,233.09500032,6,100.0,False,0,pos,4487.393642610537,0.8404530986347986,OnTrack,4715.0,3923.0,7257.0
2026-09-13 14:30:08.121,0 days 02:24:17.681000,3,57.94250000000193,0 days 00:01:17.178000,11332.0,234.0,6,100.0,False,0,car,4499.1594444444445,0.8426567396337367,OnTrack,4732.26849189984,3805.3630671914498,7257.000017077415
2026-09-13 14:30:08.140,0 days 02:24:17.700000,3,58.00055575111306,0 days 00:01:17.197000,11343.87504,234.3562512,6,100.0,False,0,pos,4500.403953435563,0.8428898262584387,OnTrack,4734.0,3793.0,7257.0
2026-09-13 14:30:08.281,0 days 02:24:17.841000,3,58.43138888889098,0 days 00:01:17.338000,11432.0,237.0,6,100.0,False,0,car,4509.692777777777,0.8446295490959801,OnTrack,4746.287987228774,3701.486766158515,7256.999890079721
2026-09-13 14:30:08.360,0 days 02:24:17.920000,3,58.650833511113,0 days 00:01:17.417000,11462.6125248,237.32916693333334,6,100.0,False,0,pos,4514.906555539675,0.8456060481563635,OnTrack,4753.0,3650.0,7257.0
2026-09-13 14:30:08.521,0 days 02:24:18.081000,3,59.09805555555704,0 days 00:01:17.578000,11525.0,238.0,6,100.0,False,0,car,4525.559444444445,0.8476012494251824,OnTrack,4766.685233959759,3544.047509526963,7257.000746215377
2026-09-13 14:30:08.620,0 days 02:24:18.180000,3,59.400555751111796,0 days 00:01:17.677000,11561.63002368,238.99000064,6,100.0,False,0,pos,4532.149857915487,0.8488355813925021,OnTrack,4775.0,3479.0,7257.0
2026-09-13 14:30:08.721,0 days 02:24:18.281000,3,59.70916666666653,0 days 00:01:17.778000,11599.0,240.0,6,100.0,False,0,car,4538.892777777779,0.8500984765925793,OnTrack,4783.392387011794,3412.7691370423663,7256.998951883225
2026-09-13 14:30:08.740,0 days 02:24:18.300000,3,59.735555644444446,0 days 00:01:17.797000,11599.0,240.09500032,6,100.0,False,0,pos,4540.16193451595,0.8503361795440476,OnTrack,4785.0,3400.0,7257.0
2026-09-13 14:30:08.921,0 days 02:24:18.481000,3,59.986944444445726,0 days 00:01:17.978000,11599.0,241.0,6,100.0,False,0,car,4552.281666666667,0.8526061088731733,OnTrack,4800.942095224714,3271.8874190408205,7257.032483570318
2026-09-13 14:30:09.021,0 days 02:24:18.581000,3,59.76472222222349,0 days 00:01:18.078000,11658.285714285714,242.07142857142858,6,100.0,False,0,pos,4559.031504889444,0.8538702998270823,OnTrack,4809.0,3205.0,7257.0
2026-09-13 14:30:09.201,0 days 02:24:18.761000,3,59.36472222222346,0 days 00:01:18.258000,11765.0,244.0,6,100.0,False,0,pos,4571.259444444445,0.8561604955414349,OnTrack,4823.0,3084.0,7257.0
2026-09-13 14:30:09.381,0 days 02:24:18.941000,3,57.31472222222362,0 days 00:01:18.438000,11811.6875,245.125,6,100.0,False,0,pos,4583.529391988727,0.8584585590176936,OnTrack,4847.0,2881.0,7258.0
2026-09-13 14:30:09.521,0 days 02:24:19.081000,3,55.7202777777793,0 days 00:01:18.578000,11848.0,246.0,6,100.0,False,0,car,4593.126111111112,0.8602559480959656,OnTrack,4862.672472714422,2753.9881170347503,7257.993479168155
2026-09-13 14:30:09.761,0 days 02:24:19.321000,3,50.12027777777985,0 days 00:01:18.818000,11689.0,248.0,6,26.0,True,0,pos,4609.6594444444445,0.8633525097835375,OnTrack,4882.0,2610.0,7257.0
2026-09-13 14:30:10.002,0 days 02:24:19.562000,3,43.425833333335504,0 days 00:01:19.059000,10902.0,246.0,6,0.0,True,0,car,4626.127777777778,0.8664368974886685,OnTrack,4897.537709144514,2506.3205832991753,7257.09597380634
2026-09-13 14:30:10.162,0 days 02:24:19.722000,3,38.98138888889116,0 days 00:01:19.219000,10555.0,246.0,6,0.0,True,0,car,4637.061111111111,0.8684846237659338,OnTrack,4908.381715951951,2440.57356718363,7257.651352474434
2026-09-13 14:30:10.241,0 days 02:24:19.801000,3,37.70861033535606,0 days 00:01:19.298000,10405.66762058079,228.16926812904964,6,0.0,True,0,pos,4641.58734634882,0.8693323515860565,OnTrack,4915.0,2401.0,7258.0
2026-09-13 14:30:10.461,0 days 02:24:20.021000,3,34.16416660202285,0 days 00:01:19.518000,9989.805635048398,178.51410567742082,6,0.0,True,0,pos,4651.59321859829,0.8712063717871723,OnTrack,4936.0,2277.0,7259.0
2026-09-13 14:30:10.481,0 days 02:24:20.041000,3,33.84194444444711,0 days 00:01:19.538000,9952.0,174.0,6,0.0,True,0,car,4652.479444444444,0.8713723548316322,OnTrack,4937.669476781247,2267.2766565375473,7259.039432276834
2026-09-13 14:30:10.681,0 days 02:24:20.241000,3,31.508611111113623,0 days 00:01:19.738000,10432.833333333334,160.66666666666666,6,0.0,True,0,pos,4661.336268724639,0.8730311674973343,OnTrack,4952.0,2186.0,7259.0
2026-09-13 14:30:10.721,0 days 02:24:20.281000,3,31.041944444446926,0 days 00:01:19.778000,10529.0,158.0,5,0.0,True,0,car,4663.012777777778,0.8733451642938758,OnTrack,4954.950899114596,2169.962604733266,7258.998965796309
2026-09-13 14:30:10.901,0 days 02:24:20.461000,3,28.891944444447006,0 days 00:01:19.958000,10602.6875,145.625,5,0.0,True,0,pos,4669.9633700855065,0.8746469548894027,OnTrack,4969.0,2097.0,7259.0
2026-09-13 14:30:11.041,0 days 02:24:20.601000,3,27.219722222224846,0 days 00:01:20.098000,10660.0,136.0,5,0.0,True,0,car,4675.1016666666665,0.8756093169256488,OnTrack,4980.0506557295985,2044.7465617558598,7258.669752254147
2026-09-13 14:30:11.201,0 days 02:24:20.761000,3,25.353055555558317,0 days 00:01:20.258000,11102.285714285714,132.57142857142858,5,0.0,True,0,pos,4681.033141109999,0.8767202348598443,OnTrack,4993.0,1990.0,7258.0
2026-09-13 14:30:11.321,0 days 02:24:20.881000,3,23.95305555555842,0 days 00:01:20.378000,11434.0,130.0,3,0.0,True,0,car,4685.212777777778,0.8775030475275915,OnTrack,5003.172978139439,1951.9047452393227,7257.3839285858485
2026-09-13 14:30:11.421,0 days 02:24:20.981000,3,23.34194444444711,0 days 00:01:20.478000,11473.0625,121.875,3,0.0,True,0,pos,4688.359265047618,0.8780923595394999,OnTrack,5012.0,1922.0,7257.0
2026-09-13 14:30:11.641,0 days 02:24:21.201000,3,21.99750000000222,0 days 00:01:20.698000,11559.0,104.0,2,0.0,True,0,car,4694.457222222222,0.8792344583636532,OnTrack,5032.923160263653,1862.009053573409,7256.98424644326
2026-09-13 14:30:11.661,0 days 02:24:21.221000,3,21.93638888889113,0 days 00:01:20.718000,11540.318181818182,103.27272727272727,2,0.0,True,0,pos,4694.982291718284,0.8793327996994282,OnTrack,5035.0,1857.0,7257.0
2026-09-13 14:30:11.761,0 days 02:24:21.321000,3,21.63083333333568,0 days 00:01:20.818000,11446.90909090909,99.63636363636364,2,0.0,True,0,pos,4697.542487491688,0.8798123039823683,OnTrack,5046.0,1833.0,7257.0
2026-09-13 14:30:11.941,0 days 02:24:21.501000,3,21.08083333333587,0 days 00:01:20.998000,11278.772727272728,93.0909090909091,2,0.0,True,0,pos,4701.904622606199,0.8806292971560542,OnTrack,5069.0,1793.0,7256.0
2026-09-13 14:30:12.081,0 days 02:24:21.641000,3,20.65305555555824,0 days 00:01:21.138000,11148.0,88.0,1,0.0,True,0,car,4705.212777777778,0.8812488882786865,OnTrack,5087.066931585466,1766.7093937996517,7255.779708639858
2026-09-13 14:30:12.261,0 days 02:24:21.821000,3,20.253055555558433,0 days 00:01:21.318000,10285.125,85.1875,1,0.0,True,0,pos,4709.399933736273,0.8820331092497125,OnTrack,5119.0,1737.0,7256.0
2026-09-13 14:30:12.401,0 days 02:24:21.961000,3,19.941944444447472,0 days 00:01:21.458000,9614.0,83.0,1,0.0,True,0,car,4712.5905555555555,0.8826306873113128,OnTrack,5158.868790487706,1714.7456361833044,7255.978504114828
2026-09-13 14:30:12.481,0 days 02:24:22.041000,3,19.853055555558512,0 days 00:01:21.538000,9518.25,82.0,1,0.0,True,0,pos,4714.383178584308,0.8829664313309354,OnTrack,5181.0,1705.0,7256.0
2026-09-13 14:30:12.721,0 days 02:24:22.281000,3,19.586388888891634,0 days 00:01:21.778000,9231.0,79.0,1,0.0,False,0,car,4719.612777777778,0.8839458936194752,OnTrack,5225.429327716538,1696.379734199547,7256.535946615868
2026-09-13 14:30:12.921,0 days 02:24:22.481000,3,20.253055555558344,0 days 00:01:21.978000,9493.142857142857,76.14285714285714,1,5.714285714285714,False,0,pos,4723.782011613778,0.8847267579196619,OnTrack,5255.0,1703.0,7257.0
2026-09-13 14:30:13.001,0 days 02:24:22.561000,3,20.519722222225028,0 days 00:01:22.058000,9598.0,75.0,1,8.0,False,0,car,4725.446111111111,0.8850384305052112,OnTrack,5268.783237506916,1707.0263215060181,7257.076365950495
2026-09-13 14:30:13.241,0 days 02:24:22.801000,3,21.853055555558967,0 days 00:01:22.298000,9746.0,76.0,1,19.0,False,0,car,4730.512777777778,0.885987376828822,OnTrack,5315.36422230063,1723.8280309966742,7257.018169109619
2026-09-13 14:30:13.321,0 days 02:24:22.881000,3,22.608611111114442,0 days 00:01:22.378000,9965.0,76.2,1,21.0,False,0,pos,4732.223746950538,0.8863078277313815,OnTrack,5331.0,1731.0,7257.0
2026-09-13 14:30:13.481,0 days 02:24:23.041000,3,24.11972222222539,0 days 00:01:22.538000,10403.0,76.6,1,25.0,False,0,pos,4735.6733615007615,0.8869539130692714,OnTrack,5362.0,1748.0,7257.0
2026-09-13 14:30:13.581,0 days 02:24:23.141000,3,25.064166666669735,0 days 00:01:22.638000,10676.75,76.85,1,27.5,False,0,pos,4737.806078523631,0.8873533539860123,OnTrack,5382.0,1761.0,7257.0
2026-09-13 14:30:13.641,0 days 02:24:23.201000,3,25.63083333333634,0 days 00:01:22.698000,10841.0,77.0,1,29.0,False,0,car,4739.068333333334,0.8875897642612349,OnTrack,5394.236947769329,1769.022270234569,7256.999797453028
2026-09-13 14:30:13.841,0 days 02:24:23.401000,3,27.96416666666937,0 days 00:01:22.898000,11598.0,77.0,1,36.0,False,0,car,4743.346111111112,0.8883909579774415,OnTrack,5435.378190875607,1795.9911311622345,7256.999943688585
2026-09-13 14:30:13.901,0 days 02:24:23.461000,3,28.530833333335977,0 days 00:01:22.958000,11511.0,81.8,1,37.5,False,0,pos,4744.808326344593,0.8886648192478637,OnTrack,5447.0,1804.0,7257.0
2026-09-13 14:30:14.041,0 days 02:24:23.601000,3,29.853055555558058,0 days 00:01:23.098000,11308.0,93.0,1,41.0,False,0,car,4748.512777777779,0.8893586335048078,OnTrack,5472.439934989764,1822.4767714787167,7257.000023000455
2026-09-13 14:30:14.160,0 days 02:24:23.720000,3,30.910833902225026,0 days 00:01:23.217000,10474.999552,96.57000192,1,42.19000064,False,0,pos,4751.767162702927,0.8899681538884263,OnTrack,5504.0,1841.0,7257.0
2026-09-13 14:30:14.241,0 days 02:24:23.801000,3,31.63083333333634,0 days 00:01:23.298000,9908.0,99.0,2,43.0,False,0,car,4754.012777777779,0.890388739711359,OnTrack,5536.072930429499,1856.4788992438191,7256.999996952691
2026-09-13 14:30:14.340,0 days 02:24:23.900000,3,32.593333955558435,0 days 00:01:23.397000,10308.537758933333,100.65000106666666,2,45.88750186666667,False,0,pos,4756.777333656582,0.8909065190148343,OnTrack,5576.0,1874.0,7257.0
2026-09-13 14:30:14.481,0 days 02:24:24.041000,3,33.96416666666937,0 days 00:01:23.538000,10879.0,103.0,2,50.0,False,0,car,4760.879444444446,0.8916748117025683,OnTrack,5609.509834143883,1885.9846001608928,7257.000001127147
2026-09-13 14:30:14.660,0 days 02:24:24.220000,3,35.30666714666883,0 days 00:01:23.717000,11435.3918656,114.187504,2,53.729168,False,0,pos,4766.646840939868,0.892754999143582,OnTrack,5642.0,1891.0,7257.0
2026-09-13 14:30:14.721,0 days 02:24:24.281000,3,35.76416666666864,0 days 00:01:23.778000,11625.0,118.0,2,55.0,False,0,car,4768.746111111112,0.8931481757313325,OnTrack,5659.768759462356,1893.797870409542,7256.9999999125785
2026-09-13 14:30:14.820,0 days 02:24:24.380000,3,36.121666897779804,0 days 00:01:23.877000,11442.124881777778,122.67500302222223,2,59.9500032,False,0,pos,4772.291656850481,0.8938122282171024,OnTrack,5695.0,1899.0,7257.0
2026-09-13 14:30:15.020,0 days 02:24:24.580000,3,36.843889120002125,0 days 00:01:24.077000,11072.680437333333,132.11944746666666,2,69.9500032,False,0,pos,4779.883550382614,0.8952341294256344,OnTrack,5780.0,1909.0,7257.0
2026-09-13 14:30:15.081,0 days 02:24:24.641000,3,37.064166666668825,0 days 00:01:24.138000,10960.0,135.0,3,73.0,False,0,car,4782.246111111112,0.8956766182383218,OnTrack,5804.656442493586,1912.0484748257063,7256.99999948467
2026-09-13 14:30:15.281,0 days 02:24:24.841000,3,37.397500000002765,0 days 00:01:24.338000,11001.0,142.0,3,75.0,False,0,car,4790.135000000001,0.8971541443123648,OnTrack,5879.272695133078,1922.0993924612808,7256.9999980843295
2026-09-13 14:30:15.340,0 days 02:24:24.900000,3,37.381111093336116,0 days 00:01:24.397000,11177.0168576,143.7208352,3,76.4750016,False,0,pos,4792.534134672805,0.8976034831336026,OnTrack,5902.0,1925.0,7257.0
2026-09-13 14:30:15.501,0 days 02:24:25.061000,3,37.33638888889171,0 days 00:01:24.558000,11657.333333333334,148.41666666666666,3,80.5,False,0,pos,4799.229823954137,0.898857532421937,OnTrack,5967.0,1933.0,7257.0
2026-09-13 14:30:15.521,0 days 02:24:25.081000,3,37.33083333333616,0 days 00:01:24.578000,11717.0,149.0,3,81.0,False,0,car,4800.0683333333345,0.8990145785520754,OnTrack,5975.217974303746,1934.0993496154388,7256.999995404749
2026-09-13 14:30:15.641,0 days 02:24:25.201000,3,37.19750000000272,0 days 00:01:24.698000,11995.25,151.25,3,57.75,False,0,pos,4805.12428806019,0.8999615186146528,OnTrack,6025.0,1941.0,7257.0
2026-09-13 14:30:15.681,0 days 02:24:25.241000,3,37.15305555555824,0 days 00:01:24.738000,12088.0,152.0,3,50.0,False,0,car,4806.82388888889,0.9002798403168898,OnTrack,6041.841398751404,1943.1493123497453,7257.0000594997555
2026-09-13 14:30:15.821,0 days 02:24:25.381000,3,35.94750000000232,0 days 00:01:24.878000,11888.9375,152.0,3,28.5625,False,0,pos,4812.839748643812,0.9014065629480327,OnTrack,6101.0,1950.0,7257.0
2026-09-13 14:30:16.001,0 days 02:24:25.561000,3,34.397500000001855,0 days 00:01:25.058000,11633.0,152.0,3,1.0,True,0,car,4820.335000000002,0.9028103638465187,OnTrack,6173.919935587062,1957.9763598635207,7256.99693541499
2026-09-13 14:30:16.522,0 days 02:24:26.082000,3,32.66083333333518,0 days 00:01:25.579000,9710.0,125.0,3,0.0,True,0,car,4838.425277777779,0.9061985288314501,OnTrack,6364.176163602594,1972.0541556323867,7256.994482268832
2026-09-13 14:30:16.581,0 days 02:24:26.141000,3,32.46416645333519,0 days 00:01:25.638000,9647.8655576,124.6312496,3,0.0,True,0,pos,4840.4354406363655,0.9065750163290517,OnTrack,6384.0,1972.0,7257.0
2026-09-13 14:30:16.681,0 days 02:24:26.241000,3,32.130833120001874,0 days 00:01:25.738000,9542.5530576,124.0062496,3,0.0,True,0,pos,4843.877880898048,0.9072197579798228,OnTrack,6417.0,1971.0,7257.0
2026-09-13 14:30:16.842,0 days 02:24:26.402000,3,31.59416666666857,0 days 00:01:25.899000,9373.0,123.0,3,0.0,False,0,car,4849.358611111113,0.9082462551087155,OnTrack,6470.404766184608,1966.0706719159168,7256.915723417528
2026-09-13 14:30:16.881,0 days 02:24:26.441000,3,31.57249996444633,0 days 00:01:25.938000,9334.7311872,122.2687488,3,0.0,False,0,pos,4850.656342233465,0.9084893098148189,OnTrack,6483.0,1964.0,7257.0
2026-09-13 14:30:17.101,0 days 02:24:26.661000,3,31.45027774222401,0 days 00:01:26.158000,9118.8561872,118.1437488,3,0.0,False,0,pos,4857.795438488429,0.909826405698711,OnTrack,6550.0,1945.0,7258.0
2026-09-13 14:30:17.162,0 days 02:24:26.722000,3,31.41638888889065,0 days 00:01:26.219000,9059.0,117.0,3,0.0,False,0,car,4859.758611111112,0.9101940922992849,OnTrack,6567.462839966583,1937.5321638465075,7257.840808977426
2026-09-13 14:30:17.301,0 days 02:24:26.861000,3,31.60944448904985,0 days 00:01:26.358000,8873.168415846672,116.00358399917786,3,0.996416000822136,False,0,pos,4864.230506954027,0.9110316427834372,OnTrack,6605.0,1917.0,7257.0
2026-09-13 14:30:17.441,0 days 02:24:27.001000,3,31.80388888889047,0 days 00:01:26.498000,8686.0,115.0,3,2.0,False,0,car,4868.671111111113,0.9118633325839918,OnTrack,6638.456142183158,1891.5009842956724,7256.769255860293
2026-09-13 14:30:17.641,0 days 02:24:27.201000,3,32.5816666666683,0 days 00:01:26.698000,8686.0,111.66666666666667,3,2.0,False,0,pos,4874.83239434051,0.9130172918739777,OnTrack,6680.0,1846.0,7257.0
2026-09-13 14:30:17.681,0 days 02:24:27.241000,3,32.73722222222386,0 days 00:01:26.738000,8686.0,111.0,3,2.0,False,0,car,4876.071111111112,0.913249293661897,OnTrack,6687.6958190538135,1835.4898691766437,7257.00358451817
2026-09-13 14:30:17.721,0 days 02:24:27.281000,3,32.92611111111273,0 days 00:01:26.778000,8738.5,111.375,3,2.0,False,0,pos,4877.317298476098,0.9134826946326603,OnTrack,6695.0,1825.0,7257.0
2026-09-13 14:30:18.001,0 days 02:24:27.561000,3,34.24833333333481,0 days 00:01:27.058000,9106.0,114.0,3,2.0,False,0,pos,4886.2044444444455,0.9151471863091185,OnTrack,6738.0,1747.0,7257.0
2026-09-13 14:30:18.181,0 days 02:24:27.741000,3,35.34833333333518,0 days 00:01:27.238000,9395.8,114.9,3,35.3,False,0,pos,4891.960573737427,0.9162252634928297,OnTrack,6775.0,1656.0,7257.0
2026-09-13 14:30:18.201,0 days 02:24:27.761000,3,35.47055555555744,0 days 00:01:27.258000,9428.0,115.0,3,39.0,False,0,car,4892.593333333334,0.9163437743268295,OnTrack,6778.200623860537,1647.878836649462,7256.999955989107
2026-09-13 14:30:18.441,0 days 02:24:28.001000,3,38.13722222222441,0 days 00:01:27.498000,9428.0,115.0,3,39.0,False,0,car,4900.260000000001,0.9177796799480826,OnTrack,6796.18682331393,1599.147610513467,7256.999922768825
2026-09-13 14:30:18.581,0 days 02:24:28.141000,3,38.91500000000219,0 days 00:01:27.638000,10153.277777777777,122.77777777777777,3,46.388888888888886,False,0,pos,4905.323826352536,0.9187280943034724,OnTrack,6808.0,1561.0,7257.0
2026-09-13 14:30:18.801,0 days 02:24:28.361000,3,40.13722222222441,0 days 00:01:27.858000,11293.0,135.0,3,58.0,False,0,pos,4913.760000000001,0.9203081224550719,OnTrack,6840.0,1456.0,7257.0
2026-09-13 14:30:18.961,0 days 02:24:28.521000,3,41.78166666666857,0 days 00:01:28.018000,11293.0,135.0,3,60.0,False,0,pos,4919.648477649365,0.9214109874321168,OnTrack,6856.0,1396.0,7257.0
2026-09-13 14:30:19.041,0 days 02:24:28.601000,3,42.60388888889065,0 days 00:01:28.098000,11293.0,135.0,3,61.0,False,0,car,4922.760000000001,0.9219937507930647,OnTrack,6863.730325729598,1365.7595497636967,7256.999994684678
2026-09-13 14:30:19.201,0 days 02:24:28.761000,3,43.98166666666839,0 days 00:01:28.258000,10411.0,153.0,3,95.0,False,0,car,4929.560000000001,0.9232673366484371,OnTrack,6879.9199489311995,1301.1505943112008,7256.999985129933
2026-09-13 14:30:19.261,0 days 02:24:28.821000,3,44.46500000000178,0 days 00:01:28.318000,10557.1,155.7,3,96.5,False,0,pos,4932.209616588604,0.9237635887380554,OnTrack,6886.0,1276.0,7257.0
2026-09-13 14:30:19.401,0 days 02:24:28.961000,3,45.5927777777797,0 days 00:01:28.458000,10898.0,162.0,4,100.0,False,0,car,4938.560000000001,0.9249529649864299,OnTrack,6900.093550203139,1215.586203703399,7257.000077021393
2026-09-13 14:30:19.501,0 days 02:24:29.061000,3,46.25944444444667,0 days 00:01:28.558000,11195.0,166.5,4,100.0,False,0,pos,4943.261470516683,0.9258335129790028,OnTrack,6910.0,1171.0,7257.0
2026-09-13 14:30:19.601,0 days 02:24:29.161000,3,46.92611111111364,0 days 00:01:28.658000,11492.0,171.0,4,100.0,False,0,car,4948.060000000001,0.9267322393432001,OnTrack,6919.721232593356,1125.2503562974243,7256.999705053896
2026-09-13 14:30:19.701,0 days 02:24:29.261000,3,47.70388888889147,0 days 00:01:28.758000,11522.625,173.1875,4,100.0,False,0,pos,4952.913310127741,0.9276412256859097,OnTrack,6929.0,1078.0,7257.0
2026-09-13 14:30:19.781,0 days 02:24:29.341000,3,48.32611111111373,0 days 00:01:28.838000,11547.125,174.9375,4,100.0,False,0,pos,4956.836944074308,0.9283760910823812,OnTrack,6936.0,1039.0,7257.0
2026-09-13 14:30:19.921,0 days 02:24:29.481000,3,49.41500000000269,0 days 00:01:28.978000,11590.0,178.0,4,100.0,False,0,car,4963.882222222223,0.9296956155818443,OnTrack,6948.582293567869,970.0500368037234,7256.983626554242
2026-09-13 14:30:20.001,0 days 02:24:29.561000,3,49.90388888889174,0 days 00:01:29.058000,11145.2,182.4,4,100.0,False,0,pos,4968.024228753946,0.9304713804247355,OnTrack,6956.0,930.0,7257.0
2026-09-13 14:30:20.121,0 days 02:24:29.681000,3,50.63722222222532,0 days 00:01:29.178000,10478.0,189.0,5,100.0,False,0,car,4974.382222222223,0.9316621819761692,OnTrack,6967.33028310573,868.710246672285,7257.057629993567
2026-09-13 14:30:20.161,0 days 02:24:29.721000,3,50.815000000003124,0 days 00:01:29.218000,10568.875,190.25,5,100.0,False,0,pos,4976.535398917091,0.9320654548265666,OnTrack,6971.0,848.0,7257.0
2026-09-13 14:30:20.381,0 days 02:24:29.941000,3,51.792777777781055,0 days 00:01:29.438000,11068.6875,197.125,5,100.0,False,0,pos,4988.675698680675,0.9343392363058137,OnTrack,6990.0,731.0,7256.0
2026-09-13 14:30:20.441,0 days 02:24:30.001000,3,52.05944444444776,0 days 00:01:29.498000,11205.0,199.0,5,100.0,False,0,car,4992.071111111112,0.934975170018249,OnTrack,6995.306482116089,697.5208713276187,7255.879332099981
2026-09-13 14:30:20.640,0 days 02:24:30.200000,3,52.66750019555832,0 days 00:01:29.697000,11569.833450666667,206.4625024,5,100.0,False,0,pos,5003.556823064781,0.9371263524128187,OnTrack,7013.0,586.0,7256.0
2026-09-13 14:30:20.681,0 days 02:24:30.241000,3,52.79277777778043,0 days 00:01:29.738000,11645.0,208.0,5,100.0,False,0,car,5005.937777777779,0.9375722862723417,OnTrack,7016.404351170582,564.6166667291003,7256.021808102925
2026-09-13 14:30:20.881,0 days 02:24:30.441000,3,53.4594444444474,0 days 00:01:29.938000,11801.0,210.0,5,100.0,False,0,car,5017.604444444446,0.9397573600438139,OnTrack,7032.491656520476,464.9752898872367,7256.021965025328
2026-09-13 14:30:20.920,0 days 02:24:30.480000,3,53.426944391114034,0 days 00:01:29.977000,11844.457214171429,210.9750016,5,100.0,False,0,pos,5019.918482143788,0.9401907608795024,OnTrack,7036.0,444.0,7256.0
2026-09-13 14:30:21.100,0 days 02:24:30.660000,3,53.27694439111388,0 days 00:01:30.157000,12045.028642742856,215.4750016,5,100.0,False,0,pos,5030.777828020222,0.9422246298952113,OnTrack,7054.0,339.0,7256.0
2026-09-13 14:30:21.161,0 days 02:24:30.721000,3,53.22611111111382,0 days 00:01:30.218000,12113.0,217.0,5,100.0,False,0,car,5034.482222222224,0.9429184334332104,OnTrack,7060.262340976433,302.5490529203917,7256.254635365532
2026-09-13 14:30:21.320,0 days 02:24:30.880000,3,53.0052776888912,0 days 00:01:30.377000,12201.4437856,218.9875008,5,100.0,False,0,pos,5044.154676534301,0.9447300071094749,OnTrack,7077.0,207.0,7257.0
2026-09-13 14:30:21.321,0 days 02:24:30.881000,3,53.0038888888912,0 days 00:01:30.378000,12202.0,219.0,5,100.0,False,0,car,5044.215555555557,0.9447414092654101,OnTrack,7077.110134538261,206.39611304604983,7257.000008205108
2026-09-13 14:30:21.540,0 days 02:24:31.100000,3,50.93555495111364,0 days 00:01:30.597000,12297.812528,219.91250026666665,5,100.0,False,0,pos,5057.588295460565,0.9472460169699087,OnTrack,7102.0,75.0,7256.0
2026-09-13 14:30:21.561,0 days 02:24:31.121000,3,50.73722222222477,0 days 00:01:30.618000,12307.0,220.0,5,100.0,False,0,car,5058.882222222223,0.9474883591495463,OnTrack,7104.282057722533,62.88065398089052,7255.943892163147
2026-09-13 14:30:21.760,0 days 02:24:31.320000,3,47.4758322844474,0 days 00:01:30.817000,12307.0,222.98500096,5,100.0,False,0,pos,5071.2096083509505,0.9497971804153198,OnTrack,7126.0,-59.0,7256.0
2026-09-13 14:30:21.761,0 days 02:24:31.321000,3,47.4594444444474,0 days 00:01:30.818000,12307.0,223.0,5,100.0,False,0,car,5071.271111111112,0.9498086993925858,OnTrack,7126.124262012505,-59.75442585009761,7256.000359034761
2026-09-13 14:30:21.980,0 days 02:24:31.540000,3,43.44444327111416,0 days 00:01:31.037000,11868.999872,215.17856914285716,5,21.785691428571425,False,0,pos,5084.440573942956,0.9522752349198634,OnTrack,7155.0,-250.0,7256.0
2026-09-13 14:30:22.041,0 days 02:24:31.601000,3,42.32611111111419,0 days 00:01:31.098000,11747.0,213.0,5,0.0,True,0,car,5087.837777777779,0.9529115041480763,OnTrack,7161.022551303036,-296.7865080505438,7256.082217800096
2026-09-13 14:30:22.381,0 days 02:24:31.941000,3,38.45388888889248,0 days 00:01:31.438000,11210.555555555555,179.0,5,0.0,True,0,pos,5104.561060531092,0.9560436418495489,OnTrack,7177.0,-476.0,7257.0
2026-09-13 14:30:22.401,0 days 02:24:31.961000,3,38.22611111111473,0 days 00:01:31.458000,11179.0,177.0,5,0.0,True,0,car,5105.5377777777785,0.9562265732127956,OnTrack,7177.578907602676,-483.2084554861961,7257.028859827738
2026-09-13 14:30:22.561,0 days 02:24:32.121000,3,36.13722222222532,0 days 00:01:31.618000,11179.0,177.0,4,0.0,True,0,car,5113.404444444445,0.9576999372415597,OnTrack,7181.427810167492,-528.6759671738631,7257.101713578439
2026-09-13 14:30:22.761,0 days 02:24:32.321000,3,34.13722222222532,0 days 00:01:31.818000,11319.0,162.0,4,0.0,True,0,car,5122.404444444445,0.9593855655795525,OnTrack,7183.8942341971415,-582.3961254331866,7257.004642114095
2026-09-13 14:30:22.801,0 days 02:24:32.361000,3,33.90388884237064,0 days 00:01:31.858000,11329.841123656797,159.50778766510408,4,0.0,True,0,pos,5124.083859992367,0.9597001067394237,OnTrack,7184.0,-598.0,7257.0
2026-09-13 14:30:22.841,0 days 02:24:32.401000,3,33.670555462515956,0 days 00:01:31.898000,11340.682247313594,157.01557533020818,4,0.0,True,0,pos,5125.7244026707785,0.9600073673203591,OnTrack,7184.0,-615.0,7257.0
2026-09-13 14:30:23.021,0 days 02:24:32.581000,3,32.6205552531699,0 days 00:01:32.078000,11389.467303769183,145.80061982317653,4,0.0,True,0,pos,5132.733441980618,0.9613201045740006,OnTrack,7184.0,-687.0,7257.0
2026-09-13 14:30:23.082,0 days 02:24:32.642000,3,32.26472222222492,0 days 00:01:32.139000,11406.0,142.0,3,0.0,True,0,car,5135.066111111112,0.9617569949283917,OnTrack,7183.289450750849,-710.6677852930837,7256.99990483264
2026-09-13 14:30:23.241,0 days 02:24:32.801000,3,31.469721902224737,0 days 00:01:32.298000,10564.2934112,136.0374976,3,0.0,True,0,pos,5141.073521535785,0.9628821350672566,OnTrack,7179.0,-771.0,7257.0
2026-09-13 14:30:23.242,0 days 02:24:32.802000,3,31.464722222224736,0 days 00:01:32.299000,10559.0,136.0,3,0.0,True,0,car,5141.110555555557,0.9628890712442782,OnTrack,7178.9604069614425,-771.3684385530623,7257.000000477659
2026-09-13 14:30:23.581,0 days 02:24:33.141000,3,30.61722206222508,0 days 00:01:32.638000,9754.816514844444,127.5249984,3,0.0,True,0,pos,5153.091515702264,0.9651330096820173,OnTrack,7155.0,-888.0,7257.0
2026-09-13 14:30:23.602,0 days 02:24:33.162000,3,30.5647222222251,0 days 00:01:32.659000,9705.0,127.0,3,0.0,True,0,car,5153.810555555557,0.9652676801212237,OnTrack,7152.653480447754,-894.7111250426465,7257.000006841675
2026-09-13 14:30:23.641,0 days 02:24:33.201000,3,30.60805562666958,0 days 00:01:32.698000,9678.796832,126.2687488,3,0.0,True,0,pos,5155.141076881691,0.9655168761714056,OnTrack,7148.0,-907.0,7257.0
2026-09-13 14:30:23.841,0 days 02:24:33.401000,3,30.830277848891978,0 days 00:01:32.898000,9544.421832,122.5187488,3,0.0,True,0,pos,5161.871296097862,0.9667773926415922,OnTrack,7118.0,-966.0,7257.0
2026-09-13 14:30:23.922,0 days 02:24:33.482000,3,30.92027777778094,0 days 00:01:32.979000,9490.0,121.0,3,0.0,False,0,car,5164.566111111112,0.9672821100362571,OnTrack,7103.002989306729,-988.2350997480357,7257.001702294207
2026-09-13 14:30:24.081,0 days 02:24:33.641000,3,31.317777777780066,0 days 00:01:33.138000,9368.0,119.0,3,0.0,False,0,car,5169.821944444446,0.9682664857703054,OnTrack,7069.079726830349,-1028.5848357733028,7257.004172092821
2026-09-13 14:30:24.141,0 days 02:24:33.701000,3,31.467777777780157,0 days 00:01:33.198000,9368.0,119.0,3,0.0,False,0,pos,5171.804806099079,0.9686378599697909,OnTrack,7055.0,-1042.0,7257.0
2026-09-13 14:30:24.301,0 days 02:24:33.861000,3,31.8677777777804,0 days 00:01:33.358000,9368.0,119.0,3,0.0,False,0,pos,5177.094797132355,0.9696286331690593,OnTrack,7014.0,-1073.0,7257.0
2026-09-13 14:30:24.321,0 days 02:24:33.881000,3,31.91777777778043,0 days 00:01:33.378000,9368.0,119.0,3,0.0,False,0,car,5177.755277777779,0.9697523359349065,OnTrack,7008.461847695217,-1076.5403938184095,7257.010357078612
2026-09-13 14:30:24.481,0 days 02:24:34.041000,3,32.806666666669116,0 days 00:01:33.538000,9707.333333333334,119.66666666666667,3,21.333333333333332,False,0,pos,5183.041407434961,0.9707423859291787,OnTrack,6962.0,-1102.0,7257.0
2026-09-13 14:30:24.561,0 days 02:24:34.121000,3,33.25111111111346,0 days 00:01:33.618000,9877.0,120.0,3,32.0,False,0,car,5185.755277777779,0.9712506722353446,OnTrack,6939.191134981709,-1111.917040760273,7256.647426196676
2026-09-13 14:30:24.681,0 days 02:24:34.241000,3,34.117777777779914,0 days 00:01:33.738000,10061.90909090909,123.27272727272727,3,36.36363636363637,False,0,pos,5189.971621526138,0.972040359847006,OnTrack,6898.0,-1125.0,7256.0
2026-09-13 14:30:24.941,0 days 02:24:34.501000,3,35.99555555555724,0 days 00:01:33.998000,10462.545454545454,130.36363636363637,3,45.81818181818182,False,0,pos,5199.610737648695,0.9738456895458266,OnTrack,6755.0,-1155.0,7256.0
2026-09-13 14:30:25.001,0 days 02:24:34.561000,3,36.42888888889047,0 days 00:01:34.058000,10555.0,132.0,3,48.0,False,0,car,5201.888611111113,0.9742723171078947,OnTrack,6725.942944578432,-1160.760290978131,7256.038845746158
2026-09-13 14:30:25.201,0 days 02:24:34.761000,3,38.09555555555744,0 days 00:01:34.258000,11432.0,138.0,3,56.0,False,0,car,5209.555277777779,0.9757082227291478,OnTrack,6652.531906229366,-1175.4782992756845,7256.062243551391
2026-09-13 14:30:25.361,0 days 02:24:34.921000,3,39.651111111112186,0 days 00:01:34.418000,11572.0,138.0,3,56.0,False,0,car,5215.6886111111135,0.9768569472261505,OnTrack,6604.849470977887,-1184.911416626293,7256.018756439835
2026-09-13 14:30:25.481,0 days 02:24:35.041000,3,40.95111111111237,0 days 00:01:34.538000,11768.714285714286,144.42857142857142,3,64.57142857142857,False,0,pos,5220.666661630242,0.9777892964509286,OnTrack,6562.0,-1193.0,7256.0
2026-09-13 14:30:25.641,0 days 02:24:35.201000,3,42.684444444445944,0 days 00:01:34.698000,12031.0,153.0,3,76.0,False,0,car,5227.588611111113,0.979085722473052,OnTrack,6495.350850671286,-1205.1481022288815,7255.993715743168
2026-09-13 14:30:25.841,0 days 02:24:35.401000,3,45.12888888889074,0 days 00:01:34.898000,11863.5,155.0,3,85.0,False,0,pos,5236.041766079071,0.9806689310907671,OnTrack,6412.0,-1220.0,7256.0
2026-09-13 14:30:26.041,0 days 02:24:35.601000,3,47.57333333333554,0 days 00:01:35.098000,11696.0,157.0,4,94.0,False,0,car,5245.033055555557,0.9823529280170629,OnTrack,6348.49752438101,-1231.1911400856136,7256.000609571716
2026-09-13 14:30:26.181,0 days 02:24:35.741000,3,48.740000000002205,0 days 00:01:35.238000,11827.25,172.16666666666666,4,94.0,False,0,pos,5252.095774503433,0.983675719039487,OnTrack,6297.0,-1240.0,7256.0
2026-09-13 14:30:26.281,0 days 02:24:35.841000,3,49.57333333333554,0 days 00:01:35.338000,11921.0,183.0,4,94.0,False,0,car,5257.233055555557,0.9846378908752308,OnTrack,6249.602501440514,-1247.9604177784877,7255.999968252786
2026-09-13 14:30:26.341,0 days 02:24:35.901000,3,50.206666666668866,0 days 00:01:35.398000,11921.0,183.0,4,94.0,False,0,pos,5260.262548308989,0.9852052907457782,OnTrack,6219.0,-1253.0,7256.0
2026-09-13 14:30:26.441,0 days 02:24:36.001000,3,51.26222222222441,0 days 00:01:35.498000,11921.0,183.0,5,94.0,False,0,car,5265.366388888891,0.986161199447343,OnTrack,6166.767924680895,-1261.376454268176,7256.000011092497
2026-09-13 14:30:26.541,0 days 02:24:36.101000,3,51.623333333335495,0 days 00:01:35.598000,11921.0,189.25,5,94.0,False,0,pos,5270.797434530105,0.9871783910515388,OnTrack,6113.0,-1270.0,7256.0
2026-09-13 14:30:26.801,0 days 02:24:36.361000,3,52.56222222222432,0 days 00:01:35.858000,11921.0,205.5,5,94.0,False,0,pos,5286.088137372196,0.9900422179424784,OnTrack,5963.0,-1295.0,7256.0
2026-09-13 14:30:26.841,0 days 02:24:36.401000,3,52.70666666666875,0 days 00:01:35.898000,11921.0,208.0,5,94.0,False,0,car,5288.477500000002,0.9904897265374973,OnTrack,5937.326173434037,-1299.2334076814939,7256.000000208287
2026-09-13 14:30:26.941,0 days 02:24:36.501000,3,53.56777777777984,0 days 00:01:35.998000,11921.0,210.75,5,94.0,False,0,pos,5294.465748385154,0.9916112777789367,OnTrack,5872.0,-1310.0,7256.0
2026-09-13 14:30:27.121,0 days 02:24:36.681000,3,55.11777777777979,0 days 00:01:36.178000,11921.0,215.7,5,94.0,False,0,pos,5305.338525891541,0.9936476624319875,OnTrack,5765.0,-1328.0,7256.0
2026-09-13 14:30:27.241,0 days 02:24:36.801000,3,56.151111111113096,0 days 00:01:36.298000,11921.0,219.0,6,94.0,False,0,car,5312.810833333336,0.9950471661179966,OnTrack,5699.454637523901,-1338.4123040099244,7256.0000000093705
2026-09-13 14:30:27.340,0 days 02:24:36.900000,3,56.151111111113096,0 days 00:01:36.397000,11856.6499584,223.70250304,6,94.0,False,0,pos,5319.135675441014,0.9962317586835558,OnTrack,5639.0,-1348.0,7256.0
2026-09-13 14:30:27.623,0 days 02:24:37.183000,3,56.151111111113096,0 days 00:01:36.680000,11672.6999168,237.14500608,6,94.0,False,0,interpolation,5338.014485505713,0.9997676094871843,OnTrack,5394.1138990155505,-1388.9052888079384,7255.999999998839
