Date,SessionTime,DriverAhead,DistanceToDriverAhead,Time,RPM,Speed,nGear,Throttle,Brake,DRS,Source,Distance,RelativeDistance,Status,X,Y,Z
2026-09-13 14:34:32.424,0 days 02:28:41.984000,,1606.0138888888894,0 days 00:00:00,10843.71024384,240.37000448,5,100.0,False,0,interpolation,0.36008260534208797,6.74946495285995e-05,OnTrack,5468.075283776934,-1376.565453072602,7255.999999999998
2026-09-13 14:34:32.442,0 days 02:28:42.002000,,1606.0138888888894,0 days 00:00:00.018000,10878.0,241.0,6,100.0,False,0,car,1.5588888888888839,0.0002922014494691416,OnTrack,5456.3541171068,-1378.4691753653647,7255.999999999998
2026-09-13 14:34:32.521,0 days 02:28:42.081000,,1606.0138888888894,0 days 00:00:00.097000,11055.750144,241.0,6,100.0,False,0,pos,6.810198570758612,0.0012765181070516851,OnTrack,5398.0,-1388.0,7256.0
2026-09-13 14:34:32.642,0 days 02:28:42.202000,63,1606.0138888888894,0 days 00:00:00.218000,11328.0,241.0,6,100.0,False,0,car,14.947777777777773,0.002801843264225498,OnTrack,5288.292692514626,-1406.0601260984538,7256.000000000004
2026-09-13 14:34:32.721,0 days 02:28:42.281000,63,1604.280276373334,0 days 00:00:00.297000,11404.23506176,245.74000383999999,6,100.0,False,0,pos,20.44404828722983,0.0038320759004213307,OnTrack,5222.0,-1417.0,7256.0
2026-09-13 14:34:32.842,0 days 02:28:42.402000,63,1601.6250000000005,0 days 00:00:00.418000,11521.0,253.0,6,100.0,False,0,car,29.003333333333327,0.005436446497143995,OnTrack,5149.347591210258,-1428.9876113403957,7255.999999999977
2026-09-13 14:34:33.061,0 days 02:28:42.621000,63,1597.488335420045,0 days 00:00:00.637000,11451.93779417404,253.0,6,100.0,False,0,pos,44.37981070980433,0.008318646126096865,OnTrack,5027.0,-1449.0,7256.0
2026-09-13 14:34:33.083,0 days 02:28:42.643000,63,1597.0727777777784,0 days 00:00:00.659000,11445.0,253.0,6,100.0,False,0,car,45.94027777777777,0.008611143392810787,OnTrack,5007.076445394803,-1452.2399678041616,7256.000000000019
2026-09-13 14:34:33.281,0 days 02:28:42.841000,63,1593.332780195556,0 days 00:00:00.857000,10745.400452266667,258.7749962666667,6,100.0,False,0,pos,60.20283900256217,0.011284548208720947,OnTrack,4799.0,-1486.0,7256.0
2026-09-13 14:34:33.323,0 days 02:28:42.883000,63,1592.539444444445,0 days 00:00:00.899000,10597.0,260.0,7,100.0,False,0,car,63.27361111111111,0.011860140265026485,OnTrack,4766.566989225051,-1491.2478843802162,7255.99999999979
2026-09-13 14:34:33.523,0 days 02:28:43.083000,63,1588.761666666667,0 days 00:00:01.099000,10786.0,267.0,7,100.0,False,0,car,78.10694444444444,0.014640531819134148,OnTrack,4677.0975393728295,-1505.6578482586506,7255.999999998569
2026-09-13 14:34:33.601,0 days 02:28:43.161000,63,1587.2666691200004,0 days 00:00:01.177000,10839.949911466667,269.2749962666667,7,100.0,False,0,pos,83.99474176037077,0.015744153072808263,OnTrack,4638.0,-1512.0,7256.0
2026-09-13 14:34:33.763,0 days 02:28:43.323000,63,1584.161666666667,0 days 00:00:01.339000,10952.0,274.0,7,100.0,False,0,car,96.3736111111111,0.018064474676776843,OnTrack,4524.765609630771,-1530.4831695390371,7256.000000007855
2026-09-13 14:34:33.921,0 days 02:28:43.481000,63,1581.3527800533338,0 days 00:00:01.497000,11040.874928,275.9749984,7,100.0,False,0,pos,108.56194496396435,0.020349081901706128,OnTrack,4398.0,-1551.0,7256.0
2026-09-13 14:34:34.121,0 days 02:28:43.681000,63,1577.7972244977782,0 days 00:00:01.697000,11153.374928,278.4749984,7,100.0,False,0,pos,124.10420435574066,0.023262356064266493,OnTrack,4247.0,-1575.0,7256.0
2026-09-13 14:34:34.163,0 days 02:28:43.723000,63,1577.050555555556,0 days 00:00:01.739000,11177.0,279.0,7,100.0,False,0,car,127.37361111111112,0.02387518062131646,OnTrack,4215.029227155686,-1580.1628712851364,7256.000000042694
2026-09-13 14:34:34.281,0 days 02:28:43.841000,63,1575.0511113508887,0 days 00:00:01.857000,11250.527629373391,280.18592950602243,7,100.0,False,0,pos,136.56880033131966,0.02559874644915622,OnTrack,4124.0,-1595.0,7256.0
2026-09-13 14:34:34.362,0 days 02:28:43.922000,63,1573.6786111111119,0 days 00:00:01.938000,11301.0,281.0,7,100.0,False,0,car,142.90666666666667,0.026786729597236804,OnTrack,4060.8139469145876,-1605.2680356824624,7255.999999429919
2026-09-13 14:34:34.481,0 days 02:28:44.041000,63,1571.7944434311119,0 days 00:00:02.057000,11348.6000256,282.3222229333333,7,100.0,False,0,pos,152.27566750233692,0.02854287504401828,OnTrack,3970.0,-1620.0,7256.0
2026-09-13 14:34:34.722,0 days 02:28:44.282000,63,1567.9786111111118,0 days 00:00:02.298000,11445.0,285.0,7,100.0,False,0,car,171.40666666666667,0.032128830223668386,OnTrack,3794.5720538792316,-1648.5220258791583,7256.000008254024
2026-09-13 14:34:34.781,0 days 02:28:44.341000,63,1567.028054524445,0 days 00:00:02.357000,11443.8937488,285.7375008,7,100.0,False,0,pos,176.10525762521746,0.03300954410798488,OnTrack,3736.0,-1658.0,7256.0
2026-09-13 14:34:34.882,0 days 02:28:44.442000,63,1565.4008333333338,0 days 00:00:02.458000,11442.0,287.0,7,100.0,False,0,car,184.16222222222223,0.03451975869117071,OnTrack,3613.1345627660835,-1677.8296610200625,7255.9999708596815
2026-09-13 14:34:35.001,0 days 02:28:44.561000,63,1563.4836100800005,0 days 00:00:02.577000,11463.42001152,287.59500032,7,100.0,False,0,pos,193.67974161462163,0.036303742772160585,OnTrack,3469.0,-1701.0,7256.0
2026-09-13 14:34:35.082,0 days 02:28:44.642000,63,1562.1786111111116,0 days 00:00:02.658000,11478.0,288.0,7,100.0,False,0,car,200.1622222222222,0.037518832727062114,OnTrack,3397.923731014383,-1712.3351063899336,7256.0001219264395
2026-09-13 14:34:35.282,0 days 02:28:44.842000,63,1559.011944444445,0 days 00:00:02.858000,11496.0,288.0,7,100.0,False,0,car,216.16222222222223,0.04051790676295353,OnTrack,3304.730153461165,-1726.7187812179093,7256.000603301958
2026-09-13 14:34:35.421,0 days 02:28:44.981000,63,1556.579443324445,0 days 00:00:02.997000,11523.8000128,288.4964288,7,100.0,False,0,pos,227.30267393316572,0.04260609673010308,OnTrack,3234.0,-1737.0,7256.0
2026-09-13 14:34:35.562,0 days 02:28:45.122000,63,1554.111944444445,0 days 00:00:03.138000,11552.0,289.0,7,100.0,False,0,car,238.64,0.04473118924532042,OnTrack,3133.540298443297,-1751.3643659627373,7255.9985196000625
2026-09-13 14:34:35.641,0 days 02:28:45.201000,63,1552.114998382223,0 days 00:00:03.217000,11555.9500032,289.5642861714286,7,100.0,False,0,pos,245.01482987966057,0.04592610091877761,OnTrack,3059.0,-1762.0,7256.0
2026-09-13 14:34:35.841,0 days 02:28:45.401000,63,1547.0594428266672,0 days 00:00:03.417000,11565.9500032,290.9928576,7,100.0,False,0,pos,261.1925086032199,0.04895847943257884,OnTrack,2820.0,-1796.0,7256.0
2026-09-13 14:34:35.842,0 days 02:28:45.402000,63,1547.0341666666673,0 days 00:00:03.418000,11566.0,291.0,7,100.0,False,0,car,261.2733333333333,0.04897362939192515,OnTrack,2818.8576017091227,-1796.1602682410846,7255.999791954746
2026-09-13 14:34:36.042,0 days 02:28:45.602000,63,1540.9786111111118,0 days 00:00:03.618000,11629.0,291.0,7,100.0,False,0,car,277.43999999999994,0.05200394378235709,OnTrack,2621.1930704916626,-1823.2098402712045,7255.899647245903
2026-09-13 14:34:36.242,0 days 02:28:45.802000,63,1533.9230555555564,0 days 00:00:03.818000,11641.0,292.0,7,100.0,False,0,car,293.66222222222217,0.05504467162430256,OnTrack,2475.101174435866,-1842.6875634019625,7255.935356619472
2026-09-13 14:34:36.281,0 days 02:28:45.841000,63,1532.3847196977786,0 days 00:00:03.857000,11635.05249024,290.82999808,7,95.70999296,False,0,pos,296.8090019915678,0.05563451071823463,OnTrack,2451.0,-1846.0,7256.0
2026-09-13 14:34:36.641,0 days 02:28:46.201000,63,1518.1847196977785,0 days 00:00:04.217000,11580.15249024,280.02999808,7,56.10999296,False,0,pos,324.70246968333635,0.06086292163856955,OnTrack,2260.0,-1873.0,7257.0
2026-09-13 14:34:36.642,0 days 02:28:46.202000,63,1518.1452777777786,0 days 00:00:04.218000,11580.0,280.0,7,56.0,True,0,car,324.77333333333326,0.060876204471869186,OnTrack,2259.3390828057986,-1873.0884140551952,7257.000901307375
2026-09-13 14:34:36.781,0 days 02:28:46.341000,63,1513.8980536000008,0 days 00:00:04.357000,11408.33492096,262.27749184,7,56.0,True,0,pos,334.19141361239,0.06264154947392295,OnTrack,2154.0,-1887.0,7257.0
2026-09-13 14:34:37.042,0 days 02:28:46.602000,63,1505.9230555555564,0 days 00:00:04.618000,11086.0,229.0,7,56.0,True,0,car,350.2177777777777,0.06564556526505762,OnTrack,1894.4429758002104,-1922.6530308439908,7256.99809774234
2026-09-13 14:34:37.081,0 days 02:28:46.641000,63,1504.7963870400008,0 days 00:00:04.657000,11055.7749504,225.42499413333334,7,56.0,True,0,pos,352.53711858040356,0.0660803074389038,OnTrack,1863.0,-1927.0,7257.0
2026-09-13 14:34:37.282,0 days 02:28:46.842000,63,1498.989722222223,0 days 00:00:04.858000,10900.0,207.0,7,56.0,True,0,car,364.01777777777767,0.06823226662101395,OnTrack,1760.0743978309772,-1941.1467708999764,7257.003293163637
2026-09-13 14:34:37.541,0 days 02:28:47.101000,63,1493.5938875555564,0 days 00:00:05.117000,10532.690818327274,184.04317614545454,7,56.0,True,0,pos,376.62293711195827,0.07059500450085242,OnTrack,1690.0,-1951.0,7257.0
2026-09-13 14:34:37.722,0 days 02:28:47.282000,63,1489.8230555555565,0 days 00:00:05.298000,10276.0,168.0,4,56.0,True,0,car,384.551111111111,0.07208107830040794,OnTrack,1608.2749562010617,-1963.7853898160251,7256.999855942469
2026-09-13 14:34:37.741,0 days 02:28:47.301000,63,1489.5063878222231,0 days 00:00:05.317000,10301.242942171428,166.71070994285714,4,56.0,True,0,pos,385.36511702789517,0.07223365730103853,OnTrack,1596.0,-1966.0,7257.0
2026-09-13 14:34:37.921,0 days 02:28:47.481000,63,1486.5063878222231,0 days 00:00:05.497000,10540.385799314286,154.4964242285714,4,56.0,True,0,pos,392.89483699634366,0.07364504402947021,OnTrack,1463.0,-1992.0,7257.0
2026-09-13 14:34:38.002,0 days 02:28:47.562000,63,1485.1563888888898,0 days 00:00:05.578000,10648.0,149.0,3,56.0,True,0,car,396.13999999999993,0.0742533242861265,OnTrack,1435.0590009023927,-1997.905600571733,7256.994367102442
2026-09-13 14:34:38.162,0 days 02:28:47.722000,63,1482.8452777777788,0 days 00:00:05.738000,10366.0,138.0,3,56.0,True,0,car,402.27333333333326,0.07540296933321822,OnTrack,1423.5147538254764,-2002.680791862771,7256.994885662871
2026-09-13 14:34:38.181,0 days 02:28:47.741000,63,1482.591943591112,0 days 00:00:05.757000,10288.0997376,137.4656232,3,56.0,True,0,pos,402.98335235161323,0.07553605680838775,OnTrack,1420.0,-2004.0,7257.0
2026-09-13 14:34:38.401,0 days 02:28:47.961000,63,1479.658610257779,0 days 00:00:05.977000,9386.0997376,131.2781232,3,56.0,True,0,pos,410.94717117972226,0.07702881195050806,OnTrack,1347.0,-2031.0,7257.0
2026-09-13 14:34:38.482,0 days 02:28:48.042000,63,1478.5786111111122,0 days 00:00:06.058000,9054.0,129.0,3,56.0,True,0,car,413.7399999999999,0.07755230572560706,OnTrack,1321.5432623360384,-2042.9971848061198,7256.799717204172
2026-09-13 14:34:38.681,0 days 02:28:48.241000,63,1476.6991660622232,0 days 00:00:06.257000,8683.007023542857,120.47142582857143,3,56.0,True,0,pos,420.27122407289346,0.07877653225933232,OnTrack,1270.0,-2076.0,7256.0
2026-09-13 14:34:38.762,0 days 02:28:48.322000,63,1475.9341666666676,0 days 00:00:06.338000,8532.0,117.0,3,56.0,True,0,car,422.8399999999999,0.07925802908352031,OnTrack,1250.8458359062101,-2091.7052247812585,7255.734285563928
2026-09-13 14:34:38.961,0 days 02:28:48.521000,63,1474.7180551644453,0 days 00:00:06.537000,8365.3374464,113.2687488,3,56.0,True,0,pos,429.00105349915816,0.08041287005746178,OnTrack,1208.0,-2136.0,7255.0
2026-09-13 14:34:39.082,0 days 02:28:48.642000,63,1473.978611111112,0 days 00:00:06.658000,8264.0,111.0,3,56.0,False,0,car,432.7066666666666,0.08110745807232002,OnTrack,1185.3684908658565,-2166.7742345776255,7254.195874908051
2026-09-13 14:34:39.161,0 days 02:28:48.721000,63,1473.583610791112,0 days 00:00:06.737000,8264.0,110.5062496,3,56.0,False,0,pos,435.1277746424032,0.08156127570157759,OnTrack,1172.0,-2188.0,7254.0
2026-09-13 14:34:39.242,0 days 02:28:48.802000,63,1473.1786111111119,0 days 00:00:06.818000,8264.0,110.0,3,56.0,False,0,car,437.59555555555545,0.08202384180550905,OnTrack,1159.4435449096254,-2210.439517398957,7254.356181521562
2026-09-13 14:34:39.341,0 days 02:28:48.901000,63,1473.1511111097827,0 days 00:00:06.917000,8218.355137980727,109.07476631042015,3,40.579438507002514,False,0,pos,440.569031912027,0.08258119653907348,OnTrack,1146.0,-2238.0,7255.0
2026-09-13 14:34:39.561,0 days 02:28:49.121000,63,1473.090000035224,0 days 00:00:07.137000,8116.922176844057,107.01869277386601,3,6.311546231100075,False,0,pos,447.0771657056225,0.08380109498172846,OnTrack,1124.0,-2298.0,7255.0
2026-09-13 14:34:39.563,0 days 02:28:49.123000,63,1473.0894444444452,0 days 00:00:07.139000,8116.0,107.0,3,6.0,False,0,car,447.1363888888888,0.08381219590118201,OnTrack,1123.8257537308862,-2298.5793762195076,7254.998744812777
2026-09-13 14:34:39.721,0 days 02:28:49.281000,63,1473.177222151112,0 days 00:00:07.297000,8090.3250208,107.0,3,13.8999936,False,0,pos,451.8320461699373,0.08469235989074682,OnTrack,1111.0,-2346.0,7255.0
2026-09-13 14:34:39.723,0 days 02:28:49.283000,63,1473.1783333333342,0 days 00:00:07.299000,8090.0,107.0,3,14.0,False,0,car,451.89194444444433,0.08470358735073862,OnTrack,1110.850993310496,-2346.588443278951,7255.0007883179605
2026-09-13 14:34:39.921,0 days 02:28:49.481000,63,1473.4533331555565,0 days 00:00:07.497000,8048.2000270222225,108.0999992888889,3,14.549999644444444,False,0,pos,457.8913631438918,0.08582813115398574,OnTrack,1095.0,-2406.0,7255.0
2026-09-13 14:34:40.083,0 days 02:28:49.643000,63,1473.6783333333342,0 days 00:00:07.659000,8014.0,109.0,3,15.0,False,0,car,462.7919444444443,0.08674670653768964,OnTrack,1070.676938754059,-2471.6678928001893,7254.385842632455
2026-09-13 14:34:40.181,0 days 02:28:49.741000,63,1473.950555200001,0 days 00:00:07.757000,7932.450106514286,107.95000137142857,3,9.750006857142857,False,0,pos,465.7119660495747,0.08729404159895142,OnTrack,1056.0,-2507.0,7254.0
2026-09-13 14:34:40.363,0 days 02:28:49.923000,63,1474.4561111111123,0 days 00:00:07.939000,7781.0,106.0,3,0.0,False,0,car,471.0363888888888,0.0882920627422948,OnTrack,1037.0610850951957,-2545.319696452438,7253.673778937579
2026-09-13 14:34:40.541,0 days 02:28:50.101000,63,1475.3461104711123,0 days 00:00:08.117000,7847.255507911111,104.02222364444444,3,5.438884977777778,False,0,pos,476.10177682300963,0.08924152983197853,OnTrack,1016.0,-2571.0,7253.0
2026-09-13 14:34:40.661,0 days 02:28:50.221000,63,1475.9461104711122,0 days 00:00:08.237000,7891.922174577778,102.68889031111111,3,9.105551644444445,False,0,pos,479.4805286742574,0.08987485026640335,OnTrack,994.0,-2593.0,7252.0
2026-09-13 14:34:40.723,0 days 02:28:50.283000,63,1476.2561111111122,0 days 00:00:08.299000,7915.0,102.0,3,11.0,False,0,car,481.23638888888877,0.09020397244017558,OnTrack,981.8112842603183,-2603.475712135694,7251.573284409506
2026-09-13 14:34:40.923,0 days 02:28:50.483000,63,1477.53388888889,0 days 00:00:08.499000,7922.0,103.0,3,16.0,False,0,car,486.958611111111,0.0912765579460673,OnTrack,935.6016347446911,-2632.832015093248,7250.527553379184
2026-09-13 14:34:40.981,0 days 02:28:50.541000,63,1478.0655545953337,0 days 00:00:08.557000,8001.310921477447,103.60542688150723,3,20.359073546852027,False,0,pos,488.64471906327026,0.09159260560738174,OnTrack,916.0,-2642.0,7250.0
2026-09-13 14:34:41.221,0 days 02:28:50.781000,63,1480.2655554771711,0 days 00:00:08.797000,8329.4947691002,106.11064709236794,3,38.39665906504914,False,0,pos,495.76688960750386,0.09292760040478182,OnTrack,817.0,-2680.0,7247.0
2026-09-13 14:34:41.402,0 days 02:28:50.962000,63,1481.9247222222234,0 days 00:00:08.978000,8577.0,108.0,3,52.0,False,0,car,501.32861111111094,0.09397010131455226,OnTrack,784.0772304401657,-2688.844548042761,7246.312372553847
2026-09-13 14:34:41.521,0 days 02:28:51.081000,63,1482.9163894222231,0 days 00:00:09.097000,8681.125056,112.4625024,3,52.0,False,0,pos,505.08328275105924,0.09467388495384393,OnTrack,762.0,-2692.0,7246.0
2026-09-13 14:34:41.562,0 days 02:28:51.122000,63,1483.2580555555564,0 days 00:00:09.138000,8717.0,114.0,3,52.0,False,0,car,506.3952777777776,0.09491980809258455,OnTrack,750.8196534362775,-2693.752891125996,7245.804969565884
2026-09-13 14:34:41.701,0 days 02:28:51.261000,63,1484.725278453334,0 days 00:00:09.277000,9142.108529066667,116.89583466666667,3,59.52917013333333,False,0,pos,510.9156314072472,0.0957671127927839,OnTrack,705.0,-2701.0,7245.0
2026-09-13 14:34:41.802,0 days 02:28:51.362000,63,1485.7913888888897,0 days 00:00:09.378000,9451.0,119.0,3,65.0,False,0,car,514.328611111111,0.09640684896871404,OnTrack,674.373828459663,-2705.296758592721,7244.6186840529
2026-09-13 14:34:42.021,0 days 02:28:51.581000,63,1488.042222880001,0 days 00:00:09.597000,10046.13267392,126.66500224,3,72.11750208,False,0,pos,522.2300505863204,0.0978879115922308,OnTrack,598.0,-2714.0,7244.0
2026-09-13 14:34:42.201,0 days 02:28:51.761000,63,1489.892222880001,0 days 00:00:09.777000,10535.282673919999,132.96500224,3,77.96750208,False,0,pos,529.0679025612392,0.09916961311218377,OnTrack,503.0,-2724.0,7243.0
2026-09-13 14:34:42.202,0 days 02:28:51.762000,63,1489.902500000001,0 days 00:00:09.778000,10538.0,133.0,3,78.0,False,0,car,529.1063888888888,0.0991768270713082,OnTrack,502.5766733150174,-2724.042729197928,7242.994880764517
2026-09-13 14:34:42.362,0 days 02:28:51.922000,63,1491.5469444444457,0 days 00:00:09.938000,10939.0,141.0,3,84.0,False,0,car,535.3730555555554,0.10035146440203234,OnTrack,458.867303797383,-2727.995995226985,7242.3330241708645
2026-09-13 14:34:42.461,0 days 02:28:52.021000,63,1492.619445137779,0 days 00:00:10.037000,11242.187696,145.0218776,3,85.546876,False,0,pos,539.4475023609021,0.10111518737856585,OnTrack,434.0,-2729.0,7242.0
2026-09-13 14:34:42.682,0 days 02:28:52.242000,63,1495.0136111111124,0 days 00:00:10.258000,11919.0,154.0,3,89.0,False,0,car,549.0619444444443,0.10291733885496165,OnTrack,342.8662267425739,-2730.0343162679874,7241.314100259015
2026-09-13 14:34:42.821,0 days 02:28:52.381000,63,1496.2491672355568,0 days 00:00:10.397000,12002.4000384,159.9571456,3,89.0,False,0,pos,555.3749009675342,0.10410065285484356,OnTrack,282.0,-2729.0,7241.0
2026-09-13 14:34:42.962,0 days 02:28:52.522000,63,1497.5025000000012,0 days 00:00:10.538000,12087.0,166.0,3,89.0,False,0,car,561.9730555555554,0.10533742498670182,OnTrack,228.93550912090097,-2725.9664255885405,7240.824213173109
2026-09-13 14:34:43.061,0 days 02:28:52.621000,63,1498.2175004622234,0 days 00:00:10.637000,11789.00980736,170.45500288,3,94.44500352,False,0,pos,566.7172545291811,0.10622668773438329,OnTrack,174.0,-2717.0,7241.0
2026-09-13 14:34:43.162,0 days 02:28:52.722000,63,1498.9469444444455,0 days 00:00:10.738000,11485.0,175.0,4,100.0,False,0,car,571.6952777777776,0.10715977900156638,OnTrack,89.3755800495359,-2698.681827935127,7241.5646872652005
2026-09-13 14:34:43.221,0 days 02:28:52.781000,63,1499.274722577779,0 days 00:00:10.797000,11614.589426285715,177.9500032,4,100.0,False,0,pos,574.6883312760498,0.10772080331623525,OnTrack,41.0,-2687.0,7242.0
2026-09-13 14:34:43.442,0 days 02:28:53.002000,63,1500.502500000001,0 days 00:00:11.018000,12100.0,189.0,4,100.0,False,0,car,586.3952777777777,0.10991517827204163,OnTrack,-68.98282582849899,-2651.548493989793,7243.988905878698
2026-09-13 14:34:43.661,0 days 02:28:53.221000,63,1501.2325002133343,0 days 00:00:11.237000,11327.3403992,197.2125024,4,100.0,False,0,pos,598.5629042286366,0.11219590405749141,OnTrack,-135.0,-2617.0,7246.0
2026-09-13 14:34:43.762,0 days 02:28:53.322000,63,1501.5691666666678,0 days 00:00:11.338000,10971.0,201.0,5,100.0,False,0,car,604.2619444444442,0.11326414427878702,OnTrack,-173.61490563074955,-2597.1563097104386,7246.768850595116
2026-09-13 14:34:43.901,0 days 02:28:53.461000,63,1501.993889084446,0 days 00:00:11.477000,11163.8625888,204.4750016,5,100.0,False,0,pos,612.1598819181721,0.11474455047969648,OnTrack,-234.0,-2564.0,7248.0
2026-09-13 14:34:43.922,0 days 02:28:53.482000,63,1502.058055555557,0 days 00:00:11.498000,11193.0,205.0,5,100.0,False,0,car,613.3730555555553,0.11497195032700296,OnTrack,-243.69900502613837,-2558.1686912916066,7248.246812415432
2026-09-13 14:34:44.162,0 days 02:28:53.722000,63,1502.3247222222235,0 days 00:00:11.738000,11703.0,215.0,5,100.0,False,0,car,627.7063888888887,0.11765862081748901,OnTrack,-360.97529229114997,-2478.7918730283936,7251.753749454585
2026-09-13 14:34:44.181,0 days 02:28:53.741000,63,1502.3141666311124,0 days 00:00:11.757000,11671.921323885714,215.6785737142857,5,100.0,False,0,pos,628.8721536823197,0.11787713425023498,OnTrack,-370.0,-2472.0,7252.0
2026-09-13 14:34:44.361,0 days 02:28:53.921000,63,1502.2141666311124,0 days 00:00:11.937000,11377.492752457143,222.10714514285715,5,100.0,False,0,pos,640.1056598836421,0.11998276654901067,OnTrack,-454.0,-2402.0,7254.0
2026-09-13 14:34:44.442,0 days 02:28:54.002000,63,1502.169166666668,0 days 00:00:12.018000,11245.0,225.0,5,100.0,False,0,car,645.2063888888888,0.12093885804424527,OnTrack,-495.23169174328854,-2361.7049294529666,7254.951895840474
2026-09-13 14:34:44.602,0 days 02:28:54.162000,63,1502.0802777777794,0 days 00:00:12.178000,10589.0,228.0,6,100.0,False,0,car,655.3397222222221,0.12283827160030983,OnTrack,-581.6135694327252,-2267.800590154837,7256.968032162704
2026-09-13 14:34:44.701,0 days 02:28:54.261000,63,1501.6952775288903,0 days 00:00:12.277000,10707.8000768,231.18214491428571,6,100.0,False,0,pos,661.7520492199079,0.12404021181333516,OnTrack,-626.0,-2216.0,7258.0
2026-09-13 14:34:44.882,0 days 02:28:54.442000,63,1500.99138888889,0 days 00:00:12.458000,10925.0,237.0,6,100.0,False,0,car,673.7730555555554,0.12629345481249304,OnTrack,-683.5079126664181,-2141.2747959625362,7259.318664219351
2026-09-13 14:34:44.981,0 days 02:28:54.541000,63,1500.138888337779,0 days 00:00:12.557000,11048.00757952,239.72250176,6,100.0,False,0,pos,680.4857750395339,0.12755170123215695,OnTrack,-713.0,-2099.0,7260.0
2026-09-13 14:34:45.282,0 days 02:28:54.842000,63,1497.5469444444457,0 days 00:00:12.858000,11422.0,248.0,6,100.0,False,0,car,701.328611111111,0.13145852676319492,OnTrack,-822.2875333431932,-1934.0144719093944,7262.624624170632
2026-09-13 14:34:45.321,0 days 02:28:54.881000,63,1497.1461104533346,0 days 00:00:12.897000,11442.312533333334,248.81250133333333,6,100.0,False,0,pos,704.0471019784305,0.13196808647425656,OnTrack,-837.0,-1911.0,7263.0
2026-09-13 14:34:45.521,0 days 02:28:55.081000,63,1495.0905548977787,0 days 00:00:13.097000,11546.4792,252.979168,6,100.0,False,0,pos,718.1236401979238,0.13460662274233878,OnTrack,-911.0,-1793.0,7265.0
2026-09-13 14:34:45.522,0 days 02:28:55.082000,63,1495.0802777777787,0 days 00:00:13.098000,11547.0,253.0,6,100.0,False,0,car,718.1952777777776,0.13462005064269714,OnTrack,-911.3574379005934,-1792.428849538356,7265.010238972261
2026-09-13 14:34:45.701,0 days 02:28:55.261000,63,1492.345554577779,0 days 00:00:13.277000,11016.1529352,259.15312720000003,6,100.0,False,0,pos,731.2515414675265,0.13706734448255198,OnTrack,-979.0,-1684.0,7267.0
2026-09-13 14:34:45.842,0 days 02:28:55.402000,63,1490.1913888888903,0 days 00:00:13.418000,10598.0,264.0,7,100.0,False,0,car,741.6619444444442,0.13901869256200453,OnTrack,-1055.8463277016638,-1558.0384984744098,7269.15394682135
2026-09-13 14:34:45.901,0 days 02:28:55.461000,63,1489.2572212088903,0 days 00:00:13.477000,10695.718856,264.7375008,7,100.0,False,0,pos,746.0079721140537,0.139833321233454,OnTrack,-1085.0,-1510.0,7270.0
2026-09-13 14:34:46.002,0 days 02:28:55.562000,63,1487.6580555555572,0 days 00:00:13.578000,10863.0,266.0,7,100.0,False,0,car,753.4841666666664,0.14123467504407983,OnTrack,-1122.4895394276539,-1448.057902454914,7271.186091475118
2026-09-13 14:34:46.201,0 days 02:28:55.761000,63,1484.009723955445,0 days 00:00:13.777000,11050.439744977464,272.60580599039525,7,100.0,False,0,pos,768.5977507662674,0.14406759739797825,OnTrack,-1176.0,-1359.0,7273.0
2026-09-13 14:34:46.243,0 days 02:28:55.803000,63,1483.2397222222237,0 days 00:00:13.819000,11090.0,274.0,7,100.0,False,0,car,771.8269444444443,0.14467288433029607,OnTrack,-1190.4212460242666,-1334.9735980928904,7273.409062142053
2026-09-13 14:34:46.443,0 days 02:28:56.003000,63,1479.295277777779,0 days 00:00:14.019000,11185.0,279.0,7,100.0,False,0,car,787.3269444444443,0.14757823730256586,OnTrack,-1275.339324361129,-1193.4101606413897,7275.51830256202
2026-09-13 14:34:46.581,0 days 02:28:56.141000,63,1476.1902806577789,0 days 00:00:14.157000,11348.874848,281.2999978666667,7,100.0,False,0,pos,798.1398476535453,0.14960503088175478,OnTrack,-1334.0,-1095.0,7277.0
2026-09-13 14:34:46.683,0 days 02:28:56.243000,63,1473.895277777779,0 days 00:00:14.259000,11470.0,283.0,7,100.0,False,0,car,806.193611111111,0.1511146454365545,OnTrack,-1373.118205095662,-1028.8534065607407,7278.073565988064
2026-09-13 14:34:46.861,0 days 02:28:56.421000,63,1469.5936142044459,0 days 00:00:14.437000,11588.36991488,286.55999744,7,100.0,False,0,pos,820.3739912076098,0.15377264604695956,OnTrack,-1439.0,-918.0,7280.0
2026-09-13 14:34:46.883,0 days 02:28:56.443000,63,1469.061944444446,0 days 00:00:14.459000,11603.0,287.0,7,100.0,False,0,car,822.1380555555553,0.1541033060209324,OnTrack,-1447.7265875458288,-903.5793973889895,7280.25509746594
2026-09-13 14:34:47.083,0 days 02:28:56.643000,63,1463.6730555555564,0 days 00:00:14.659000,10623.0,291.0,7,100.0,False,0,car,838.304722222222,0.15713362041136433,OnTrack,-1532.2111973501148,-766.4538463366027,7282.757846976222
2026-09-13 14:34:47.101,0 days 02:28:56.661000,63,1463.1330593955565,0 days 00:00:14.677000,10627.7249664,291.3374976,7,100.0,False,0,pos,839.7739792087478,0.15740902106638568,OnTrack,-1540.0,-754.0,7283.0
2026-09-13 14:34:47.321,0 days 02:28:56.881000,63,1456.5330593955568,0 days 00:00:14.897000,10685.4749664,295.4624976,7,100.0,False,0,pos,857.9138370407129,0.1608091946062987,OnTrack,-1636.0,-602.0,7286.0
2026-09-13 14:34:47.403,0 days 02:28:56.963000,63,1454.073055555557,0 days 00:00:14.979000,10707.0,297.0,8,100.0,False,0,car,864.7047222222219,0.16208209257058515,OnTrack,-1671.9055206759128,-544.7897504693901,7286.9104069440245
2026-09-13 14:34:47.501,0 days 02:28:57.061000,63,1451.0786150222234,0 days 00:00:15.077000,10764.32992512,297.97999872,8,100.0,False,0,pos,872.8207137777872,0.16360337129244826,OnTrack,-1715.0,-476.0,7288.0
2026-09-13 14:34:47.603,0 days 02:28:57.163000,63,1447.9619444444456,0 days 00:00:15.179000,10824.0,299.0,8,100.0,False,0,car,881.3158333333331,0.1651957145731252,OnTrack,-1760.2706547784544,-404.0887413261676,7289.4062261556855
2026-09-13 14:34:47.841,0 days 02:28:57.401000,63,1440.425276644588,0 days 00:00:15.417000,10965.605756058441,304.11828033946176,8,100.0,False,0,pos,901.4710544653668,0.16897365209717097,OnTrack,-1867.0,-235.0,7293.0
2026-09-13 14:34:47.882,0 days 02:28:57.442000,63,1439.1269444444454,0 days 00:00:15.458000,10990.0,305.0,8,100.0,False,0,car,904.9533333333331,0.16962637785583667,OnTrack,-1885.4139601250754,-205.6753045475703,7293.487788258228
2026-09-13 14:34:48.021,0 days 02:28:57.581000,63,1434.8797202666676,0 days 00:00:15.597000,11019.5375136,305.57916693333334,8,100.0,False,0,pos,916.7426299318901,0.17183618868897133,OnTrack,-1948.0,-106.0,7295.0
2026-09-13 14:34:48.122,0 days 02:28:57.682000,63,1431.793611111112,0 days 00:00:15.698000,11041.0,306.0,8,100.0,False,0,car,925.3533333333331,0.17345019725159821,OnTrack,-1993.8663327901002,-33.64111333848333,7296.309486512779
2026-09-13 14:34:48.241,0 days 02:28:57.801000,63,1428.1905536177785,0 days 00:00:15.817000,11091.5750272,308.2312512,8,100.0,False,0,pos,935.5973873263711,0.17537036452364754,OnTrack,-2048.0,52.0,7298.0
2026-09-13 14:34:48.381,0 days 02:28:57.941000,63,1423.9516647288895,0 days 00:00:15.957000,11151.0750272,310.8562512,8,100.0,False,0,pos,947.7644292591381,0.17765098074578278,OnTrack,-2112.0,155.0,7300.0
2026-09-13 14:34:48.442,0 days 02:28:58.002000,63,1422.1047222222228,0 days 00:00:16.018000,11177.0,312.0,8,100.0,False,0,car,953.0866666666665,0.17864859224714333,OnTrack,-2141.3042053195654,202.21111325334056,7300.88618811479
2026-09-13 14:34:49.002,0 days 02:28:58.562000,63,1406.5491666666674,0 days 00:00:16.578000,11386.0,317.0,8,100.0,False,0,car,1002.3977777777775,0.18789157181053645,OnTrack,-2435.906712204139,675.6616901287451,7309.034490186345
2026-09-13 14:34:49.081,0 days 02:28:58.641000,63,1404.4863872177784,0 days 00:00:16.657000,11407.7250176,317.5642861714286,8,100.0,False,0,pos,1009.3854733955011,0.18920136034165067,OnTrack,-2472.0,734.0,7310.0
2026-09-13 14:34:49.282,0 days 02:28:58.842000,63,1399.2380555555562,0 days 00:00:16.858000,11463.0,319.0,8,100.0,False,0,car,1027.2088888888886,0.19254221925647083,OnTrack,-2553.4365930627814,866.3245035351263,7312.164361126052
2026-09-13 14:34:49.541,0 days 02:28:59.101000,63,1392.6191650311118,0 days 00:00:17.117000,11522.452287418182,320.76590952727275,8,100.0,False,0,pos,1050.358507789064,0.1968814330679894,OnTrack,-2649.0,1022.0,7315.0
2026-09-13 14:34:49.721,0 days 02:28:59.281000,63,1388.0191650311117,0 days 00:00:17.297000,11563.770469236364,321.99318225454545,8,100.0,False,0,pos,1066.4750191857372,0.19990234624792133,OnTrack,-2731.0,1160.0,7318.0
2026-09-13 14:34:49.722,0 days 02:28:59.282000,63,1387.9936111111117,0 days 00:00:17.298000,11564.0,322.0,8,100.0,False,0,car,1066.564444444444,0.1999191083086426,OnTrack,-2731.65752743439,1161.1813392125682,7318.025609671016
2026-09-13 14:34:49.881,0 days 02:28:59.441000,63,1383.9302761422227,0 days 00:00:17.457000,11558.0374976,322.0,8,100.0,False,0,pos,1080.7858908395012,0.20258480647340743,OnTrack,-2857.0,1395.0,7323.0
2026-09-13 14:34:49.882,0 days 02:28:59.442000,63,1383.9047222222227,0 days 00:00:17.458000,11558.0,322.0,8,100.0,False,0,car,1080.8755555555551,0.20260161341852326,OnTrack,-2857.710933486955,1396.370300832004,7323.0280424385965
2026-09-13 14:34:50.082,0 days 02:28:59.642000,63,1378.6269444444451,0 days 00:00:17.658000,11626.0,324.0,8,100.0,False,0,car,1098.8755555555554,0.20597557170890113,OnTrack,-2954.9821723615196,1597.5847783797606,7326.730274571228
2026-09-13 14:34:50.341,0 days 02:28:59.901000,63,1371.720276071112,0 days 00:00:17.917000,11658.375008,324.92500022857143,8,100.0,False,0,pos,1122.252717674285,0.21035743670534526,OnTrack,-3009.0,1742.0,7328.0
2026-09-13 14:34:50.362,0 days 02:28:59.922000,63,1371.1602777777787,0 days 00:00:17.938000,11661.0,325.0,8,100.0,False,0,car,1124.153333333333,0.210713692147549,OnTrack,-3013.499952882062,1753.9630244753046,7328.056287186276
2026-09-13 14:34:50.761,0 days 02:29:00.321000,63,1359.966109315556,0 days 00:00:18.337000,11724.84001024,326.99500032,8,100.0,False,0,pos,1160.3958125509769,0.21750705954867214,OnTrack,-3109.0,2013.0,7329.0
2026-09-13 14:34:50.762,0 days 02:29:00.322000,63,1359.938055555556,0 days 00:00:18.338000,11725.0,327.0,8,100.0,False,0,car,1160.4866666666665,0.21752408943738577,OnTrack,-3109.2833922134237,2013.8219842627288,7329.007306561064
2026-09-13 14:34:50.881,0 days 02:29:00.441000,63,1356.5663870755563,0 days 00:00:18.457000,11725.0,327.0,8,100.0,False,0,pos,1171.2956950597247,0.21955015671281292,OnTrack,-3144.0,2117.0,7330.0
2026-09-13 14:34:50.922,0 days 02:29:00.482000,63,1355.4047222222232,0 days 00:00:18.498000,11725.0,327.0,8,100.0,False,0,car,1175.0199999999998,0.22024824835332046,OnTrack,-3155.4929505991895,2152.613967922584,7330.259681118403
2026-09-13 14:34:51.041,0 days 02:29:00.601000,63,1352.0661093155563,0 days 00:00:18.617000,11695.84498432,327.0,8,100.0,False,0,pos,1185.8328021345421,0.22227502298687904,OnTrack,-3187.0,2255.0,7331.0
2026-09-13 14:34:51.122,0 days 02:29:00.682000,63,1349.7936111111119,0 days 00:00:18.698000,11676.0,327.0,8,100.0,False,0,car,1193.1866666666663,0.22365344699823883,OnTrack,-3207.441511493495,2325.4930222819426,7332.033220751322
2026-09-13 14:34:51.241,0 days 02:29:00.801000,63,1346.4880537777785,0 days 00:00:18.817000,11656.6624896,326.5041664,8,100.0,False,0,pos,1203.9718234919258,0.22567503973621716,OnTrack,-3236.0,2430.0,7334.0
2026-09-13 14:34:51.362,0 days 02:29:00.922000,63,1343.1269444444454,0 days 00:00:18.938000,11637.0,326.0,8,100.0,False,0,car,1214.9199999999994,0.22772718923032462,OnTrack,-3263.0988007101087,2536.6050544677537,7335.866556908886
2026-09-13 14:34:51.562,0 days 02:29:01.122000,63,1337.6825000000003,0 days 00:00:19.138000,11608.0,325.0,8,100.0,False,0,car,1232.9755555555553,0.23111156097221602,OnTrack,-3303.6759314702717,2712.8333113673093,7338.553906246301
2026-09-13 14:34:51.601,0 days 02:29:01.161000,63,1336.7074984000003,0 days 00:00:19.177000,11594.084068072727,324.73409047272725,8,100.0,False,0,pos,1236.4842433280598,0.23176923687212653,OnTrack,-3311.0,2747.0,7339.0
2026-09-13 14:34:51.762,0 days 02:29:01.322000,63,1332.6825000000006,0 days 00:00:19.338000,11536.636363636364,323.6363636363636,8,100.0,False,0,pos,1250.9197007103674,0.23447504971159497,OnTrack,-3339.0,2888.0,7341.0
2026-09-13 14:34:51.921,0 days 02:29:01.481000,63,1328.7074984000008,0 days 00:00:19.497000,11479.902249890909,322.5522722909091,8,100.0,False,0,pos,1265.1140161540145,0.2371356623931134,OnTrack,-3362.0,3030.0,7345.0
2026-09-13 14:34:52.002,0 days 02:29:01.562000,63,1326.6825000000008,0 days 00:00:19.578000,11451.0,322.0,8,100.0,False,0,car,1272.3311111111107,0.2384884500243878,OnTrack,-3371.856579253476,3101.53911469885,7346.820858258404
2026-09-13 14:34:52.121,0 days 02:29:01.681000,63,1323.8066651200006,0 days 00:00:19.697000,11403.3999744,320.5124992,8,100.0,False,0,pos,1282.915602698551,0.24047242964332552,OnTrack,-3384.0,3206.0,7349.0
2026-09-13 14:34:52.162,0 days 02:29:01.722000,63,1322.815833333334,0 days 00:00:19.738000,11387.0,320.0,8,100.0,False,0,car,1286.5533333333328,0.24115429361184682,OnTrack,-3387.5180238230546,3242.1623852104767,7349.650652107303
2026-09-13 14:34:52.301,0 days 02:29:01.861000,63,1319.6497207644454,0 days 00:00:19.877000,11323.75497088,318.60999936,8,100.0,False,0,pos,1298.8439515095354,0.2434580732279283,OnTrack,-3397.0,3365.0,7352.0
2026-09-13 14:34:52.362,0 days 02:29:01.922000,63,1318.2602777777788,0 days 00:00:19.938000,11296.0,318.0,8,100.0,False,0,car,1304.2199999999993,0.24446577119314356,OnTrack,-3400.055386895364,3418.612831403878,7353.563604187368
2026-09-13 14:34:52.481,0 days 02:29:02.041000,63,1315.7480542044452,0 days 00:00:20.057000,11266.9937344,316.5124992,8,100.0,False,0,pos,1314.6773238011258,0.2464259142116978,OnTrack,-3404.0,3523.0,7357.0
2026-09-13 14:34:52.522,0 days 02:29:02.082000,63,1314.8825000000008,0 days 00:00:20.098000,11257.0,316.0,8,100.0,False,0,car,1318.2644444444438,0.24709829173575937,OnTrack,-3404.696444841348,3559.099955012022,7357.989706777101
2026-09-13 14:34:52.683,0 days 02:29:02.243000,63,1311.707222222223,0 days 00:00:20.259000,11167.0,313.0,8,100.0,False,0,car,1332.2624999999996,0.2497221170463614,OnTrack,-3404.241056909961,3700.61128606768,7360.9839713731
2026-09-13 14:34:52.741,0 days 02:29:02.301000,63,1310.6438912355563,0 days 00:00:20.317000,11145.250048,312.42000128,8,100.0,False,0,pos,1337.2814179669224,0.2506628737065406,OnTrack,-3403.0,3750.0,7362.0
2026-09-13 14:34:52.883,0 days 02:29:02.443000,63,1308.0405555555567,0 days 00:00:20.459000,11092.0,311.0,8,100.0,False,0,car,1349.5402777777772,0.25296070046706354,OnTrack,-3397.7834690086506,3865.78497417496,7364.482548176811
2026-09-13 14:34:52.921,0 days 02:29:02.481000,63,1307.4388909155566,0 days 00:00:20.497000,11072.728636342857,310.32143085714284,8,86.42861714285715,False,0,pos,1352.8207489813467,0.25357559896782067,OnTrack,-3396.0,3895.0,7365.0
2026-09-13 14:34:53.163,0 days 02:29:02.723000,63,1303.6072222222233,0 days 00:00:20.739000,10950.0,306.0,8,0.0,True,0,car,1373.3402777777774,0.2574218230954521,OnTrack,-3376.1578073522214,4086.215743455618,7366.814124171729
2026-09-13 14:34:53.181,0 days 02:29:02.741000,63,1303.557222577779,0 days 00:00:20.757000,10888.841344,304.363648,8,0.0,True,0,pos,1374.7913900427493,0.25769382266526714,OnTrack,-3373.0,4106.0,7367.0
2026-09-13 14:34:53.401,0 days 02:29:02.961000,63,1302.9461114666678,0 days 00:00:20.977000,10141.341344,284.363648,8,0.0,True,0,pos,1391.5233000470698,0.260830087469319,OnTrack,-3322.0,4381.0,7370.0
2026-09-13 14:34:53.603,0 days 02:29:03.163000,63,1302.3850000000011,0 days 00:00:21.179000,9455.0,266.0,8,0.0,True,0,car,1405.8513888888883,0.2635157749211592,OnTrack,-3306.311525698979,4449.5984450282995,7370.963797201085
2026-09-13 14:34:53.661,0 days 02:29:03.221000,63,1302.5783329066676,0 days 00:00:21.237000,9484.57993472,260.2000128,8,0.0,True,0,pos,1409.8664384452304,0.2642683643509868,OnTrack,-3301.0,4466.0,7371.0
2026-09-13 14:34:53.803,0 days 02:29:03.363000,63,1303.0516666666672,0 days 00:00:21.379000,9557.0,246.0,8,0.0,True,0,car,1419.5180555555553,0.26607748399348313,OnTrack,-3278.2935599104085,4537.842521344869,7370.819671853989
2026-09-13 14:34:53.961,0 days 02:29:03.521000,63,1303.9733325866675,0 days 00:00:21.537000,9369.375152,236.125008,8,0.0,True,0,pos,1429.8815585898114,0.2680200410479156,OnTrack,-3238.0,4659.0,7371.0
2026-09-13 14:34:53.963,0 days 02:29:03.523000,63,1303.9850000000008,0 days 00:00:21.539000,9367.0,236.0,8,0.0,True,0,car,1430.0069444444441,0.26804354363923416,OnTrack,-3237.397115220981,4660.725295330932,7371.011025569146
2026-09-13 14:34:54.181,0 days 02:29:03.741000,63,1307.1944425600009,0 days 00:00:21.757000,10243.541152,211.4750144,8,0.0,True,0,pos,1442.7254140632829,0.27042752063986747,OnTrack,-3165.0,4859.0,7373.0
2026-09-13 14:34:54.203,0 days 02:29:03.763000,63,1307.5183333333343,0 days 00:00:21.779000,10332.0,209.0,8,0.0,True,0,car,1443.9402777777773,0.2706552372788229,OnTrack,-3158.60989445895,4875.9187753335755,7373.166612343123
2026-09-13 14:34:54.363,0 days 02:29:03.923000,63,1310.5850000000007,0 days 00:00:21.939000,11128.0,193.0,8,0.0,True,0,car,1452.518055555555,0.27226307419250917,OnTrack,-3121.0600850535475,4972.037836010393,7373.907214041665
2026-09-13 14:34:54.522,0 days 02:29:04.082000,63,1314.118333333334,0 days 00:00:22.098000,11421.0,183.0,7,0.0,True,0,car,1460.600555555555,0.27377807518595243,OnTrack,-3097.2990407730085,5026.814778407893,7373.965698746955
2026-09-13 14:34:54.681,0 days 02:29:04.241000,63,1318.711668515556,0 days 00:00:22.257000,11560.787556266667,167.0999936,7,0.0,True,0,pos,1467.7671580151252,0.27512139839608074,OnTrack,-3078.0,5069.0,7374.0
2026-09-13 14:34:54.762,0 days 02:29:04.322000,63,1321.0516666666672,0 days 00:00:22.338000,11632.0,159.0,5,0.0,True,0,car,1471.2005555555552,0.27576496173473053,OnTrack,-3069.4570384832336,5086.971313092533,7374.038897976333
2026-09-13 14:34:54.962,0 days 02:29:04.522000,63,1327.6627777777787,0 days 00:00:22.538000,10752.0,146.0,3,0.0,True,0,car,1479.3116666666663,0.27728532565570324,OnTrack,-3045.6147647566304,5135.953503405879,7374.632700844848
2026-09-13 14:34:55.001,0 days 02:29:04.561000,63,1329.1361135288898,0 days 00:00:22.577000,10913.293121828572,143.77142491428572,3,0.0,True,0,pos,1480.806131468633,0.277565451317274,OnTrack,-3038.0,5152.0,7375.0
2026-09-13 14:34:55.221,0 days 02:29:04.781000,63,1337.4472246400005,0 days 00:00:22.797000,11823.150264685715,131.19999634285713,3,0.0,True,0,pos,1488.7047454694966,0.27904598432786887,OnTrack,-2984.0,5268.0,7378.0
2026-09-13 14:34:55.242,0 days 02:29:04.802000,63,1338.240555555556,0 days 00:00:22.818000,11910.0,130.0,3,0.0,True,0,car,1489.4227777777774,0.2791805738311624,OnTrack,-2980.2916154671157,5276.250411553755,7378.174376611119
2026-09-13 14:34:55.442,0 days 02:29:05.002000,63,1346.4072222222228,0 days 00:00:23.018000,10830.0,119.0,2,0.0,True,0,car,1496.0338888888884,0.28041977456127026,OnTrack,-2964.79554410623,5315.421810508321,7378.279291799803
2026-09-13 14:34:55.561,0 days 02:29:05.121000,63,1351.365558222223,0 days 00:00:23.137000,10324.249728,116.7687488,2,0.0,True,0,pos,1499.888278274011,0.2811422495068413,OnTrack,-2960.0,5334.0,7378.0
2026-09-13 14:34:55.602,0 days 02:29:05.162000,63,1353.0738888888898,0 days 00:00:23.178000,10150.0,116.0,2,0.0,True,0,car,1501.189444444444,0.2813861428617242,OnTrack,-2957.835090695978,5342.535092664733,7377.945539949734
2026-09-13 14:34:55.921,0 days 02:29:05.481000,63,1367.3402806400006,0 days 00:00:23.497000,9568.8217584,107.0281232,2,0.0,True,0,pos,1510.6725910611037,0.28316368403651015,OnTrack,-2941.0,5437.0,7378.0
2026-09-13 14:34:55.922,0 days 02:29:05.482000,63,1367.3850000000007,0 days 00:00:23.498000,9567.0,107.0,2,0.0,False,0,car,1510.7005555555552,0.2831689257608374,OnTrack,-2940.994152486455,5437.3257146622345,7378.000182436913
2026-09-13 14:34:56.121,0 days 02:29:05.681000,63,1377.003336426667,0 days 00:00:23.697000,9058.839122285714,99.89285485714285,2,0.0,False,0,pos,1516.073772178107,0.284176092914707,OnTrack,-2947.0,5500.0,7378.0
2026-09-13 14:34:56.202,0 days 02:29:05.762000,63,1380.9183333333333,0 days 00:00:23.778000,8852.0,97.0,2,0.0,False,0,car,1518.2449999999997,0.2845830724763723,OnTrack,-2952.548366678926,5519.523844714511,7378.006246986096
2026-09-13 14:34:56.401,0 days 02:29:05.961000,63,1390.315558577778,0 days 00:00:23.977000,9235.785837714286,98.42142902857142,2,12.792861257142858,False,0,pos,1523.685162859824,0.28560278817536733,OnTrack,-2974.0,5560.0,7378.0
2026-09-13 14:34:56.482,0 days 02:29:06.042000,63,1394.1405555555557,0 days 00:00:24.058000,9392.0,99.0,2,18.0,False,0,car,1525.9449999999997,0.28602637685614507,OnTrack,-2986.5490214555407,5580.754876045229,7377.949639223866
2026-09-13 14:34:56.581,0 days 02:29:06.141000,63,1398.7605585422227,0 days 00:00:24.157000,9316.5124512,100.8562512,2,22.9500032,False,0,pos,1528.743324630441,0.2865509007775921,OnTrack,-3002.0,5608.0,7378.0
2026-09-13 14:34:56.642,0 days 02:29:06.202000,63,1401.6072222222228,0 days 00:00:24.218000,9270.0,102.0,2,26.0,False,0,car,1530.478333333333,0.28687611449964767,OnTrack,-3009.668600325804,5624.449556915715,7378.191779477752
2026-09-13 14:34:56.801,0 days 02:29:06.361000,63,1409.0272252088896,0 days 00:00:24.377000,9573.5907472,102.4968752,2,26.4968752,False,0,pos,1535.0165550838672,0.2877267684384692,OnTrack,-3023.0,5667.0,7379.0
2026-09-13 14:34:56.962,0 days 02:29:06.522000,63,1416.5405555555562,0 days 00:00:24.538000,9881.0,103.0,2,27.0,False,0,car,1539.6338888888886,0.2885922513090744,OnTrack,-3026.8586682931805,5712.00226807181,7379.635108324214
2026-09-13 14:34:57.021,0 days 02:29:06.581000,63,1419.2938918755563,0 days 00:00:24.597000,9877.0666624,103.32777813333334,2,29.458336,False,0,pos,1541.3311863657273,0.28891039635869764,OnTrack,-3026.0,5729.0,7380.0
2026-09-13 14:34:57.321,0 days 02:29:06.881000,63,1433.2938918755565,0 days 00:00:24.897000,9857.0666624,104.9944448,2,41.958336,False,0,pos,1550.1037495349626,0.29055474426051453,OnTrack,-3007.0,5815.0,7383.0
2026-09-13 14:34:57.322,0 days 02:29:06.882000,63,1433.3405555555564,0 days 00:00:24.898000,9857.0,105.0,2,42.0,False,0,car,1550.1338888888886,0.29056039364512815,OnTrack,-3006.9211917197263,5815.252696518284,7383.007055378194
2026-09-13 14:34:57.541,0 days 02:29:07.101000,63,1443.013058382223,0 days 00:00:25.117000,10491.55268544,109.92750144,2,57.87750464,False,0,pos,1556.903356837133,0.29182927711765183,OnTrack,-2988.0,5879.0,7384.0
2026-09-13 14:34:57.701,0 days 02:29:07.261000,63,1450.0797250488897,0 days 00:00:25.277000,10955.15268544,113.52750144,2,69.47750463999999,False,0,pos,1562.1003788244204,0.2928034179742787,OnTrack,-2971.0,5972.0,7385.0
2026-09-13 14:34:57.722,0 days 02:29:07.282000,63,1451.007222222223,0 days 00:00:25.298000,11016.0,114.0,2,71.0,False,0,car,1562.800555555555,0.29293466059020884,OnTrack,-2969.36775068208,5982.45751178908,7385.102415059602
2026-09-13 14:34:57.962,0 days 02:29:07.522000,63,1460.9405555555563,0 days 00:00:25.538000,9771.0,125.0,3,73.0,False,0,car,1571.1338888888886,0.29449667831723564,OnTrack,-2964.9243033888506,6045.276745088334,7385.465389474481
2026-09-13 14:34:58.161,0 days 02:29:07.721000,63,1468.5136135466676,0 days 00:00:25.737000,10248.10265344,131.46750208,3,73.0,False,0,pos,1578.6343932762297,0.29590258881499587,OnTrack,-2969.0,6084.0,7385.0
2026-09-13 14:34:58.362,0 days 02:29:07.922000,63,1476.1627777777787,0 days 00:00:25.938000,10730.0,138.0,3,73.0,False,0,pos,1586.4672222222218,0.2973707909349649,OnTrack,-2976.0,6159.0,7384.0
2026-09-13 14:34:58.522,0 days 02:29:08.082000,63,1482.1183333333342,0 days 00:00:26.098000,10914.0,141.0,3,75.0,False,0,car,1592.7338888888885,0.29854542826568903,OnTrack,-2998.609026333007,6258.799781651291,7382.594022531363
2026-09-13 14:34:58.601,0 days 02:29:08.161000,63,1484.6419464888897,0 days 00:00:26.177000,11062.783453866667,144.29166933333335,3,76.64583466666667,False,0,pos,1595.9951047806749,0.29915671750984485,OnTrack,-3009.0,6299.0,7382.0
2026-09-13 14:34:58.861,0 days 02:29:08.421000,63,1492.9475020444454,0 days 00:00:26.437000,11552.450120533333,155.12500266666666,3,82.06250133333333,False,0,pos,1607.6058989330434,0.3013330694647479,OnTrack,-3027.0,6357.0,7381.0
2026-09-13 14:34:59.002,0 days 02:29:08.562000,63,1497.4516666666677,0 days 00:00:26.578000,11818.0,161.0,3,85.0,False,0,car,1614.2005555555552,0.30256918593051,OnTrack,-3044.6813218207926,6415.992842323745,7380.187561707
2026-09-13 14:34:59.041,0 days 02:29:08.601000,63,1498.4483342878927,0 days 00:00:26.617000,11743.747259845288,162.80427219067522,3,87.08185252770218,False,0,pos,1616.0488397379786,0.3029156322494135,OnTrack,-3050.0,6434.0,7380.0
2026-09-13 14:34:59.283,0 days 02:29:08.843000,63,1504.6327777777785,0 days 00:00:26.859000,11283.0,174.0,4,100.0,False,0,car,1627.782222222222,0.30511496242201824,OnTrack,-3081.703553085972,6543.637618473713,7379.150299032126
2026-09-13 14:34:59.301,0 days 02:29:08.861000,63,1504.8877759644452,0 days 00:00:26.877000,11298.3561408,174.6187456,4,100.0,False,0,pos,1628.6770205413297,0.3052826853224055,OnTrack,-3084.0,6552.0,7379.0
2026-09-13 14:34:59.481,0 days 02:29:09.041000,63,1507.437775964445,0 days 00:00:27.057000,11451.9186408,180.8062456,4,100.0,False,0,pos,1637.805219854718,0.306993694419607,OnTrack,-3107.0,6638.0,7377.0
2026-09-13 14:34:59.603,0 days 02:29:09.163000,63,1509.1661111111118,0 days 00:00:27.179000,11556.0,185.0,4,100.0,False,0,car,1644.2266666666662,0.30819734407001775,OnTrack,-3123.763044172985,6697.264503409539,7376.755974793995
2026-09-13 14:34:59.801,0 days 02:29:09.361000,63,1508.836111324445,0 days 00:00:27.377000,11180.700242618183,192.19999534545454,4,100.0,False,0,pos,1655.1040525065698,0.3102362244106945,OnTrack,-3155.0,6796.0,7378.0
2026-09-13 14:35:00.021,0 days 02:29:09.581000,63,1508.469444657778,0 days 00:00:27.597000,10763.700242618183,200.19999534545454,4,100.0,False,0,pos,1667.5508145979709,0.3125692719743969,OnTrack,-3197.0,6908.0,7380.0
2026-09-13 14:35:00.043,0 days 02:29:09.603000,63,1508.432777777778,0 days 00:00:27.619000,10722.0,201.0,5,100.0,False,0,car,1668.793333333333,0.3128021723292927,OnTrack,-3201.128652659943,6918.071025682167,7380.285687095875
2026-09-13 14:35:00.203,0 days 02:29:09.763000,63,1507.4550000000004,0 days 00:00:27.779000,10852.0,204.0,5,100.0,False,0,car,1677.8599999999997,0.31450164761629784,OnTrack,-3237.27896758293,6996.801876693347,7382.736092975058
2026-09-13 14:35:00.221,0 days 02:29:09.781000,63,1507.215001706667,0 days 00:00:27.797000,10881.299791644444,204.4499968,5,100.0,False,0,pos,1678.89557875984,0.31469575870197014,OnTrack,-3244.0,7010.0,7383.0
2026-09-13 14:35:00.401,0 days 02:29:09.961000,63,1504.815001706667,0 days 00:00:27.977000,11174.299791644444,208.9499968,5,100.0,False,0,pos,1689.4779750627479,0.316679345576318,OnTrack,-3332.0,7175.0,7385.0
2026-09-13 14:35:00.563,0 days 02:29:10.123000,63,1502.6550000000004,0 days 00:00:28.139000,11438.0,213.0,5,100.0,False,0,car,1699.1599999999996,0.3184941649265783,OnTrack,-3368.058844801731,7237.750187166941,7384.567533621521
2026-09-13 14:35:00.761,0 days 02:29:10.321000,63,1499.4100020977783,0 days 00:00:28.337000,11586.499904,215.96999808,5,100.0,False,0,pos,1711.0389557801018,0.32072078166742873,OnTrack,-3397.0,7289.0,7384.0
2026-09-13 14:35:00.763,0 days 02:29:10.323000,63,1499.3772222222226,0 days 00:00:28.339000,11588.0,216.0,5,100.0,False,0,car,1711.1599999999996,0.3207434704534968,OnTrack,-3397.6074085722144,7290.178015199623,7384.015012145076
2026-09-13 14:35:01.001,0 days 02:29:10.561000,63,1494.4188915555558,0 days 00:00:28.577000,11661.6312104,219.718748,5,100.0,False,0,pos,1725.741591289981,0.3234766749434821,OnTrack,-3495.0,7485.0,7388.0
2026-09-13 14:35:01.083,0 days 02:29:10.643000,63,1492.7105555555559,0 days 00:00:28.659000,11687.0,221.0,5,100.0,False,0,car,1730.804444444444,0.32442566690867464,OnTrack,-3518.736415777162,7534.614185161682,7389.549839683082
2026-09-13 14:35:01.322,0 days 02:29:10.882000,63,1487.4658333333334,0 days 00:00:28.898000,11829.0,223.0,5,100.0,False,0,car,1745.6091666666664,0.32720069553525283,OnTrack,-3548.504981608126,7609.9855299983155,7394.689699492762
2026-09-13 14:35:01.441,0 days 02:29:11.001000,63,1484.6561095999998,0 days 00:00:29.017000,11903.37504,223.9916672,5,100.0,False,0,pos,1753.027330274412,0.32859117190212683,OnTrack,-3567.0,7669.0,7400.0
2026-09-13 14:35:01.562,0 days 02:29:11.122000,63,1481.7991666666662,0 days 00:00:29.138000,11979.0,225.0,5,100.0,False,0,car,1760.6091666666666,0.3300123274439011,OnTrack,-3594.070915006332,7757.040719295242,7407.784297224404
2026-09-13 14:35:01.641,0 days 02:29:11.201000,63,1479.889998453333,0 days 00:00:29.217000,11999.408349866666,225.43888924444445,5,100.0,False,0,pos,1765.5825278935718,0.33094454485182107,OnTrack,-3611.0,7815.0,7413.0
2026-09-13 14:35:01.801,0 days 02:29:11.361000,63,1476.0233317866664,0 days 00:00:29.377000,12040.7416832,226.32777813333334,5,100.0,False,0,pos,1775.6993256843537,0.3328408589506147,OnTrack,-3636.0,7912.0,7422.0
2026-09-13 14:35:01.922,0 days 02:29:11.482000,63,1473.0991666666666,0 days 00:00:29.498000,12072.0,227.0,5,100.0,False,0,car,1783.3091666666667,0.3342672637323221,OnTrack,-3652.844272411271,7983.030741230587,7427.9682288749555
2026-09-13 14:35:02.082,0 days 02:29:11.642000,63,1469.5436111111112,0 days 00:00:29.658000,11792.0,222.0,5,100.0,True,0,car,1793.1758333333332,0.3361166927211217,OnTrack,-3674.4436624289074,8076.219422389489,7435.166775210023
2026-09-13 14:35:02.101,0 days 02:29:11.661000,63,1469.2427767644444,0 days 00:00:29.677000,11695.85967616,220.00499328,5,90.499968,True,0,pos,1794.2968100644784,0.3363268109841977,OnTrack,-3677.0,8087.0,7436.0
2026-09-13 14:35:02.281,0 days 02:29:11.841000,63,1466.3927767644448,0 days 00:00:29.857000,10785.05967616,201.10499328,5,0.4999680000000045,True,0,pos,1804.2897638972836,0.33819991150806195,OnTrack,-3701.0,8186.0,7444.0
2026-09-13 14:35:02.282,0 days 02:29:11.842000,63,1466.3769444444447,0 days 00:00:29.858000,10780.0,201.0,5,0.0,True,0,car,1804.3424999999997,0.3382097964753376,OnTrack,-3701.1304688605123,8186.534112494974,7444.048707131474
2026-09-13 14:35:02.461,0 days 02:29:12.021000,63,1465.2830551644445,0 days 00:00:30.037000,10062.8809936,185.8968696,5,0.0,True,0,pos,1813.3163354516075,0.3398918712819175,OnTrack,-3724.0,8279.0,7453.0
2026-09-13 14:35:02.602,0 days 02:29:12.162000,63,1464.421388888889,0 days 00:00:30.178000,9498.0,174.0,5,0.0,True,0,car,1819.8091666666664,0.3411089013766993,OnTrack,-3741.9542659748736,8346.314639044773,7457.750303055127
2026-09-13 14:35:02.641,0 days 02:29:12.201000,63,1464.5513891022222,0 days 00:00:30.217000,9651.562752,170.8312448,5,0.0,True,0,pos,1821.5253824729577,0.34143059251823893,OnTrack,-3747.0,8364.0,7459.0
2026-09-13 14:35:02.901,0 days 02:29:12.461000,63,1465.418055768889,0 days 00:00:30.477000,10675.312752,149.7062448,5,0.0,True,0,pos,1832.1556988173902,0.3434231616271076,OnTrack,-3782.0,8471.0,7468.0
2026-09-13 14:35:02.922,0 days 02:29:12.482000,63,1465.4880555555555,0 days 00:00:30.498000,10758.0,148.0,4,0.0,True,0,car,1832.964722222222,0.3435748066950989,OnTrack,-3784.9477507925194,8478.745587433414,7468.612554795885
2026-09-13 14:35:03.061,0 days 02:29:12.621000,63,1466.993889582222,0 days 00:00:30.637000,10129.024710400001,137.5749952,4,0.0,True,0,pos,1838.1527247636795,0.34454725692761284,OnTrack,-3805.0,8527.0,7472.0
2026-09-13 14:35:03.122,0 days 02:29:12.682000,63,1467.6547222222218,0 days 00:00:30.698000,9853.0,133.0,3,0.0,True,0,car,1840.353611111111,0.34495979574639596,OnTrack,-3814.161325708179,8547.05407386315,7473.148669079531
2026-09-13 14:35:03.241,0 days 02:29:12.801000,63,1469.5058343288886,0 days 00:00:30.817000,9914.88003328,127.64499712,3,0.0,True,0,pos,1844.5297205753216,0.34574257458796814,OnTrack,-3833.0,8584.0,7475.0
2026-09-13 14:35:03.322,0 days 02:29:12.882000,63,1470.765833333333,0 days 00:00:30.898000,9957.0,124.0,3,0.0,True,0,car,1847.2424999999998,0.34625106373407144,OnTrack,-3846.9149280206057,8607.0278211101,7476.192247285273
2026-09-13 14:35:04.061,0 days 02:29:13.621000,63,1494.1675020266662,0 days 00:00:31.637000,8629.57113504,98.13499776,3,0.0,True,0,pos,1867.083685828564,0.34997013781280545,OnTrack,-3976.0,8791.0,7485.0
2026-09-13 14:35:04.122,0 days 02:29:13.682000,63,1496.0991666666662,0 days 00:00:31.698000,8520.0,96.0,2,0.0,True,0,car,1868.575833333333,0.35024982911526,OnTrack,-3980.6360380230017,8812.580050042892,7485.55398602114
2026-09-13 14:35:04.321,0 days 02:29:13.881000,63,1503.340557884444,0 days 00:00:31.897000,8155.403454171428,89.60356937142858,2,0.0,True,0,pos,1873.4144515714336,0.35115679001072736,OnTrack,-3987.0,8881.0,7487.0
2026-09-13 14:35:04.402,0 days 02:29:13.962000,63,1506.2880555555553,0 days 00:00:31.978000,8007.0,87.0,2,0.0,False,0,car,1875.3424999999997,0.35151818750960573,OnTrack,-3985.6313090283534,8898.65694391751,7487.291756158916
2026-09-13 14:35:04.681,0 days 02:29:14.241000,63,1517.2155580622223,0 days 00:00:32.257000,7599.4606208000005,83.0142848,2,0.9964288,False,0,pos,1881.7751632581642,0.3527239395945554,OnTrack,-3964.0,8931.0,7487.0
2026-09-13 14:35:04.682,0 days 02:29:14.242000,63,1517.2547222222222,0 days 00:00:32.258000,7598.0,83.0,2,1.0,False,0,car,1881.7980555555553,0.3527282305754758,OnTrack,-3963.878620220866,8931.144639071053,7486.995849733381
2026-09-13 14:35:04.901,0 days 02:29:14.461000,63,1526.0755581333335,0 days 00:00:32.477000,7896.0834204444445,83.0,2,13.775003733333333,False,0,pos,1886.8184724886635,0.3536692682050655,OnTrack,-3931.0,8968.0,7486.0
2026-09-13 14:35:04.982,0 days 02:29:14.542000,63,1529.3380658666667,0 days 00:00:32.558000,8006.333681777778,83.0,2,18.500014933333333,False,0,pos,1888.6951295224173,0.3540210327915782,OnTrack,-3917.0,8980.0,7486.0
2026-09-13 14:35:05.042,0 days 02:29:14.602000,63,1531.7547222222224,0 days 00:00:32.618000,8088.0,83.0,2,22.0,False,0,car,1890.0980555555552,0.35428400023159445,OnTrack,-3906.355227001849,8989.088047385249,7485.875381092819
2026-09-13 14:35:05.221,0 days 02:29:14.781000,63,1538.9644470222224,0 days 00:00:32.797000,8278.50721097143,84.91785782857143,2,30.31071725714286,False,0,pos,1894.348110113905,0.3550806394989113,OnTrack,-3874.0,9018.0,7485.0
2026-09-13 14:35:05.322,0 days 02:29:14.882000,63,1543.0325000000003,0 days 00:00:32.898000,8386.0,86.0,2,35.0,False,0,car,1896.786944444444,0.3555377797938213,OnTrack,-3856.03660004474,9035.055297114674,7484.655687234112
2026-09-13 14:35:05.501,0 days 02:29:15.061000,63,1550.2422248,0 days 00:00:33.077000,8716.25511808,88.68500096,2,42.16000256,False,0,pos,1901.1985444478244,0.3563646994830011,OnTrack,-3824.0,9066.0,7484.0
2026-09-13 14:35:05.522,0 days 02:29:15.082000,63,1551.0880555555555,0 days 00:00:33.098000,8755.0,89.0,2,43.0,False,0,car,1901.7313888888884,0.3564645769785238,OnTrack,-3820.1198343189717,9069.62950687223,7483.869249609639
2026-09-13 14:35:05.721,0 days 02:29:15.281000,63,1558.9375025244444,0 days 00:00:33.297000,9047.103665371429,93.9750016,2,47.9750016,False,0,pos,1906.9749645090558,0.35744744394712863,OnTrack,-3783.0,9103.0,7482.0
2026-09-13 14:35:05.802,0 days 02:29:15.362000,63,1562.1325000000002,0 days 00:00:33.378000,9166.0,96.0,2,50.0,False,0,car,1909.1980555555551,0.35786414486193985,OnTrack,-3768.7992464140607,9114.99903855998,7480.879915995127
2026-09-13 14:35:05.961,0 days 02:29:15.521000,63,1568.3599982515789,0 days 00:00:33.537000,9572.270348569726,99.9608529804848,2,50.0,False,0,pos,1913.6982922953591,0.35870767880954674,OnTrack,-3735.0,9148.0,7478.0
2026-09-13 14:35:06.083,0 days 02:29:15.643000,63,1573.1383333333333,0 days 00:00:33.659000,9884.0,103.0,2,50.0,False,0,car,1917.2377777777774,0.3593711274977177,OnTrack,-3693.8919560162603,9197.73671555298,7475.153870049226
2026-09-13 14:35:06.141,0 days 02:29:15.701000,63,1575.393883911111,0 days 00:00:33.717000,9980.7355008,103.8285696,2,49.7928576,False,0,pos,1918.9379788465405,0.3596898168027879,OnTrack,-3677.0,9219.0,7474.0
2026-09-13 14:35:06.363,0 days 02:29:15.923000,63,1584.0272222222222,0 days 00:00:33.939000,10351.0,107.0,2,49.0,False,0,car,1925.5599999999997,0.3609310625344418,OnTrack,-3652.996886019218,9252.748985350245,7472.027715528163
2026-09-13 14:35:06.481,0 days 02:29:16.041000,63,1588.5833283911113,0 days 00:00:34.057000,10336.250016,109.35999744,2,48.41000064,False,0,pos,1929.1665766504632,0.3616070869338704,OnTrack,-3646.0,9270.0,7471.0
2026-09-13 14:35:06.563,0 days 02:29:16.123000,63,1591.7494444444446,0 days 00:00:34.139000,10326.0,111.0,2,48.0,False,0,car,1931.7266666666665,0.36208695565244164,OnTrack,-3637.905733040498,9289.908802858,7469.869420284816
2026-09-13 14:35:06.741,0 days 02:29:16.301000,63,1598.62221728,0 days 00:00:34.317000,9878.573049018181,114.23636130909091,2,52.854541963636365,False,0,pos,1937.4728190624942,0.3631640266809793,OnTrack,-3617.0,9345.0,7467.0
2026-09-13 14:35:06.961,0 days 02:29:16.521000,63,1607.1166617244446,0 days 00:00:34.537000,9325.573049018181,118.23636130909091,2,58.854541963636365,False,0,pos,1944.8470509837928,0.3645462683990923,OnTrack,-3603.0,9414.0,7464.0
2026-09-13 14:35:07.003,0 days 02:29:16.563000,63,1608.7383333333335,0 days 00:00:34.579000,9220.0,119.0,3,60.0,False,0,car,1946.271111111111,0.36481319725867906,OnTrack,-3601.9941029532315,9433.66884981228,7462.896074948874
2026-09-13 14:35:07.201,0 days 02:29:16.761000,63,1616.2183284977777,0 days 00:00:34.777000,9674.40970624,122.46499776,3,64.45499712,False,0,pos,1953.0507697127807,0.36608399088895877,OnTrack,-3605.0,9545.0,7456.0
2026-09-13 14:35:07.403,0 days 02:29:16.963000,63,1623.8494444444443,0 days 00:00:34.979000,10138.0,126.0,3,69.0,False,0,car,1960.271111111111,0.367437387040084,OnTrack,-3622.6391361689207,9625.664043170427,7451.145722506826
2026-09-13 14:35:07.541,0 days 02:29:17.101000,63,1628.5261067733331,0 days 00:00:35.117000,10416.683074844444,131.36666168888888,3,70.91666488888889,False,0,pos,1965.4933226933877,0.36841624948798,OnTrack,-3637.0,9664.0,7449.0
2026-09-13 14:35:07.763,0 days 02:29:17.323000,63,1636.0494444444441,0 days 00:00:35.339000,10865.0,140.0,3,74.0,False,0,car,1974.271111111111,0.370061576821489,OnTrack,-3656.83028980987,9707.70970125361,7446.810691068537
2026-09-13 14:35:07.881,0 days 02:29:17.441000,63,1639.8188847999998,0 days 00:00:35.457000,11197.16963968,144.12999552,3,78.12999552,False,0,pos,1979.0448033137325,0.37095636784275265,OnTrack,-3672.0,9737.0,7445.0
2026-09-13 14:35:07.963,0 days 02:29:17.523000,63,1642.438333333333,0 days 00:00:35.539000,11428.0,147.0,3,81.0,False,0,car,1982.4377777777777,0.37159235419397524,OnTrack,-3686.116967111047,9763.87516154958,7443.133564595698
2026-09-13 14:35:08.081,0 days 02:29:17.641000,63,1645.912777361116,0 days 00:00:35.657000,11883.396930312616,152.33668277710098,3,85.74371802408976,False,0,pos,1987.4661280315795,0.3725348788620718,OnTrack,-3711.0,9812.0,7440.0
2026-09-13 14:35:08.162,0 days 02:29:17.722000,63,1648.2977777777776,0 days 00:00:35.738000,12196.0,156.0,3,89.0,False,0,car,1991.061111111111,0.37320873013790257,OnTrack,-3730.678347735865,9851.550947818214,7437.930714840629
2026-09-13 14:35:08.321,0 days 02:29:17.881000,63,1651.9636125866664,0 days 00:00:35.897000,11878.331122133333,163.28750293333334,3,92.64375146666667,False,0,pos,1998.534654684715,0.37460958704338376,OnTrack,-3771.0,9934.0,7434.0
2026-09-13 14:35:08.581,0 days 02:29:18.141000,63,1657.958057031111,0 days 00:00:36.157000,11358.8727888,175.2041696,3,98.6020848,False,0,pos,2011.6609987804452,0.3770700169036138,OnTrack,-3825.0,10043.0,7428.0
2026-09-13 14:35:08.642,0 days 02:29:18.202000,63,1659.3644444444442,0 days 00:00:36.218000,11237.0,178.0,4,100.0,False,0,car,2014.7944444444445,0.37765735662447486,OnTrack,-3837.8514908403113,10070.018822060272,7426.99219493502
2026-09-13 14:35:08.761,0 days 02:29:18.321000,63,1661.7775012977777,0 days 00:00:36.337000,11509.51014656,183.35500288,4,100.0,False,0,pos,2020.9514639306433,0.37881144145444584,OnTrack,-3863.0,10124.0,7425.0
2026-09-13 14:35:08.842,0 days 02:29:18.402000,63,1663.4199999999998,0 days 00:00:36.418000,11695.0,187.0,4,100.0,False,0,car,2025.1833333333332,0.37960467205750154,OnTrack,-3879.0365474059927,10158.747282708544,7422.948663920126
2026-09-13 14:35:08.941,0 days 02:29:18.501000,63,1665.3175012266665,0 days 00:00:36.517000,11633.12496,189.4750016,4,100.0,False,0,pos,2030.4079150143464,0.38058397876174666,OnTrack,-3899.0,10209.0,7420.0
2026-09-13 14:35:09.002,0 days 02:29:18.562000,63,1666.4866666666665,0 days 00:00:36.578000,11595.0,191.0,4,100.0,False,0,car,2033.6722222222222,0.38119584744876617,OnTrack,-3912.559698159494,10250.851955299237,7418.1810398047455
2026-09-13 14:35:09.241,0 days 02:29:18.801000,63,1670.4036121599997,0 days 00:00:36.817000,11195.338781866667,197.63889066666667,4,100.0,False,0,pos,2046.873558385852,0.3836703339817298,OnTrack,-3963.0,10440.0,7412.0
2026-09-13 14:35:09.362,0 days 02:29:18.922000,63,1672.3866666666663,0 days 00:00:36.938000,10993.0,201.0,5,100.0,False,0,car,2053.7722222222224,0.3849634342063548,OnTrack,-3973.090040195126,10487.469838509332,7410.531694842498
2026-09-13 14:35:09.561,0 days 02:29:19.121000,63,1675.0952786488886,0 days 00:00:37.137000,11172.1000576,209.95500288,5,100.0,False,0,pos,2065.3799707114536,0.38713921527568046,OnTrack,-3977.0,10543.0,7409.0
2026-09-13 14:35:09.562,0 days 02:29:19.122000,63,1675.1088888888885,0 days 00:00:37.138000,11173.0,210.0,5,100.0,False,0,car,2065.438888888889,0.38715025902419226,OnTrack,-3977.0367741956675,10543.481373311346,7408.987244169033
2026-09-13 14:35:09.762,0 days 02:29:19.322000,63,1677.6088888888885,0 days 00:00:37.338000,11338.0,214.0,5,100.0,False,0,car,2077.327777777778,0.38937873764808384,OnTrack,-3988.3214140199743,10681.43636047129,7405.37298815969
2026-09-13 14:35:09.881,0 days 02:29:19.441000,63,1678.9641673955555,0 days 00:00:37.457000,11531.97010432,216.38000128,5,100.0,False,0,pos,2084.5117233213746,0.3907253116827749,OnTrack,-3995.0,10768.0,7403.0
2026-09-13 14:35:09.962,0 days 02:29:19.522000,63,1679.8866666666668,0 days 00:00:37.538000,11664.0,218.0,5,100.0,False,0,car,2089.438888888889,0.39164887007802934,OnTrack,-3998.4032837564387,10818.339090352933,7401.524914881451
2026-09-13 14:35:10.122,0 days 02:29:19.682000,63,1681.6199999999994,0 days 00:00:37.698000,11782.0,221.0,5,100.0,False,0,car,2099.2611111111114,0.39348996830561833,OnTrack,-4002.5402764601054,10898.523547570296,7398.910295124724
2026-09-13 14:35:10.281,0 days 02:29:19.841000,63,1683.077500586666,0 days 00:00:37.857000,11885.8469168,223.9812512,5,100.0,False,0,pos,2109.2531955023765,0.39536290585951084,OnTrack,-4006.0,10977.0,7396.0
2026-09-13 14:35:10.442,0 days 02:29:20.002000,63,1684.5533333333328,0 days 00:00:38.018000,11991.0,227.0,5,100.0,False,0,car,2119.4388888888893,0.39727213389532584,OnTrack,-4009.6032124706685,11070.473877859988,7392.2612071407375
2026-09-13 14:35:10.481,0 days 02:29:20.041000,63,1684.6183334399996,0 days 00:00:38.057000,11946.962427733333,226.67499946666666,5,92.11873706666667,False,0,pos,2121.887802709919,0.39773116351137505,OnTrack,-4010.0,11102.0,7391.0
2026-09-13 14:35:10.701,0 days 02:29:20.261000,63,1684.9850001066666,0 days 00:00:38.277000,11698.545761066667,224.84166613333332,5,47.66040373333333,False,0,pos,2135.5680809951236,0.4002954239744329,OnTrack,-4008.0,11330.0,7382.0
2026-09-13 14:35:10.922,0 days 02:29:20.482000,63,1685.3533333333335,0 days 00:00:38.498000,11449.0,223.0,5,3.0,True,0,car,2149.1722222222224,0.4028454131453574,OnTrack,-4004.315631844529,11433.762386184491,7378.144120266864
2026-09-13 14:35:11.121,0 days 02:29:20.681000,63,1684.9663887644442,0 days 00:00:38.697000,11220.1499264,219.01999872,5,4.99000064,True,0,pos,2161.2794296850348,0.4051148138671618,OnTrack,-3999.0,11501.0,7375.0
2026-09-13 14:35:11.122,0 days 02:29:20.682000,63,1684.9644444444443,0 days 00:00:38.698000,11219.0,219.0,5,5.0,True,0,car,2161.3388888888894,0.40512595902681653,OnTrack,-3998.9653366917432,11501.525581449134,7374.973093466405
2026-09-13 14:35:11.221,0 days 02:29:20.781000,63,1684.4419441066664,0 days 00:00:38.797000,11104.2218008,215.2874976,5,6.546876,True,0,pos,2167.13715865502,0.40621279904611,OnTrack,-3995.0,11560.0,7372.0
2026-09-13 14:35:11.401,0 days 02:29:20.961000,63,1683.491944106666,0 days 00:00:38.977000,10895.5343008,208.5374976,5,9.359376,True,0,pos,2177.391040263412,0.40813480842728717,OnTrack,-3983.0,11664.0,7368.0
2026-09-13 14:35:11.442,0 days 02:29:21.002000,63,1683.275555555555,0 days 00:00:39.018000,10848.0,207.0,5,10.0,False,0,car,2179.7388888888895,0.4085748941680917,OnTrack,-3979.1948461052166,11688.431078566848,7367.262085314294
2026-09-13 14:35:11.582,0 days 02:29:21.142000,63,1682.264442595555,0 days 00:00:39.158000,10720.2497664,207.0,5,26.6250304,False,0,pos,2187.7946408796233,0.41008488145777855,OnTrack,-3962.0,11775.0,7365.0
2026-09-13 14:35:11.602,0 days 02:29:21.162000,63,1682.1199999999994,0 days 00:00:39.178000,10702.0,207.0,5,29.0,False,0,car,2188.9388888888893,0.41029936173872916,OnTrack,-3958.7786172361825,11787.591764306284,7364.690179671248
2026-09-13 14:35:11.802,0 days 02:29:21.362000,63,1679.786666666666,0 days 00:00:39.378000,10623.0,203.0,5,29.0,False,0,car,2200.216666666667,0.4124132923959721,OnTrack,-3915.4563929215515,11915.622360998033,7361.734255733623
2026-09-13 14:35:11.941,0 days 02:29:21.501000,63,1677.3541655466659,0 days 00:00:39.517000,10565.910688,200.517856,5,34.9571456,False,0,pos,2207.8895612104448,0.4138515160713706,OnTrack,-3874.0,11998.0,7360.0
2026-09-13 14:35:12.082,0 days 02:29:21.642000,63,1674.8866666666659,0 days 00:00:39.658000,10508.0,198.0,5,41.0,False,0,car,2215.6166666666672,0.41529990115551757,OnTrack,-3822.7332970944494,12071.286312008835,7358.598734629985
2026-09-13 14:35:12.341,0 days 02:29:21.901000,63,1669.706665386666,0 days 00:00:39.917000,10553.3250112,198.0,5,53.9500032,False,0,pos,2229.862081638259,0.4179700920412551,OnTrack,-3725.0,12174.0,7357.0
2026-09-13 14:35:12.362,0 days 02:29:21.922000,63,1669.286666666666,0 days 00:00:39.938000,10557.0,198.0,5,55.0,False,0,car,2231.0166666666673,0.4181865099150631,OnTrack,-3718.588469939269,12180.106566102762,7356.928713447404
2026-09-13 14:35:12.563,0 days 02:29:22.123000,63,1664.764166666666,0 days 00:00:40.139000,10535.0,198.0,5,55.0,False,0,car,2242.071666666667,0.42025868263173677,OnTrack,-3665.6549853138577,12225.321751524185,7356.503118753347
2026-09-13 14:35:12.641,0 days 02:29:22.201000,63,1662.792503235555,0 days 00:00:40.217000,10560.024958933333,198.32499946666667,5,53.700002133333335,False,0,pos,2246.38784383029,0.42106771606084475,OnTrack,-3639.0,12246.0,7356.0
2026-09-13 14:35:12.803,0 days 02:29:22.363000,63,1658.6974999999998,0 days 00:00:40.379000,10612.0,199.0,5,51.0,False,0,car,2255.3383333333336,0.42274541485316336,OnTrack,-3566.4185602481007,12300.80425116125,7354.177374662447
2026-09-13 14:35:12.821,0 days 02:29:22.381000,63,1658.2425032355552,0 days 00:00:40.397000,10585.400189155556,198.70000213333333,5,49.05001386666667,False,0,pos,2256.3222094410626,0.42292983468373985,OnTrack,-3558.0,12307.0,7354.0
2026-09-13 14:35:13.163,0 days 02:29:22.723000,63,1649.5974999999994,0 days 00:00:40.739000,10080.0,193.0,5,12.0,True,0,car,2274.638333333334,0.4263630479089574,OnTrack,-3404.6383228545724,12416.26671690628,7352.152252785856
2026-09-13 14:35:13.181,0 days 02:29:22.741000,63,1649.1425032355548,0 days 00:00:40.757000,10070.82006528,192.64000256,5,12.0,True,0,pos,2275.5891486523747,0.42654127075497383,OnTrack,-3397.0,12422.0,7352.0
2026-09-13 14:35:13.281,0 days 02:29:22.841000,63,1646.614725457777,0 days 00:00:40.857000,10019.82006528,190.64000256,5,12.0,True,0,pos,2280.8522540646,0.42752779842934663,OnTrack,-3356.0,12454.0,7351.0
2026-09-13 14:35:13.363,0 days 02:29:22.923000,63,1644.5419444444437,0 days 00:00:40.939000,9978.0,189.0,5,12.0,True,0,car,2285.138333333334,0.42833119024501115,OnTrack,-3326.3997687493447,12479.608160515183,7350.255702399095
2026-09-13 14:35:13.541,0 days 02:29:23.101000,63,1640.0919476444433,0 days 00:00:41.117000,9816.02011648,186.33000192,5,19.11999488,True,0,pos,2294.342510687236,0.4300564408277504,OnTrack,-3267.0,12549.0,7349.0
2026-09-13 14:35:13.563,0 days 02:29:23.123000,63,1639.5419444444433,0 days 00:00:41.139000,9796.0,186.0,5,20.0,False,0,car,2295.4716666666673,0.4302680922265244,OnTrack,-3258.7759795568204,12561.308271204387,7348.871310973255
2026-09-13 14:35:13.761,0 days 02:29:23.321000,63,1634.8669474666656,0 days 00:00:41.337000,9792.700002133333,184.35000106666666,5,30.449993244444443,False,0,pos,2305.5560004285303,0.43215832119867853,OnTrack,-3185.0,12690.0,7348.0
2026-09-13 14:35:13.923,0 days 02:29:23.483000,63,1631.0419444444433,0 days 00:00:41.499000,9790.0,183.0,5,39.0,False,0,car,2313.7716666666674,0.43369828315507525,OnTrack,-3155.969669085563,12754.976820821854,7347.769061645699
2026-09-13 14:35:14.123,0 days 02:29:23.683000,63,1626.4308333333324,0 days 00:00:41.699000,9836.0,183.0,5,57.0,False,0,car,2323.938333333334,0.4356039447820479,OnTrack,-3144.3644829193263,12816.923245767488,7347.147011969425
2026-09-13 14:35:14.141,0 days 02:29:23.701000,63,1626.0408361066657,0 days 00:00:41.717000,9845.4499328,183.07499946666667,5,57.824994133333334,False,0,pos,2324.8533493357995,0.4357754573280116,OnTrack,-3143.0,12825.0,7347.0
2026-09-13 14:35:14.241,0 days 02:29:23.801000,63,1623.8741694399992,0 days 00:00:41.817000,9897.9499328,183.49166613333333,5,62.40832746666667,False,0,pos,2329.9354888495504,0.43672806436941586,OnTrack,-3135.0,12876.0,7346.0
2026-09-13 14:35:14.363,0 days 02:29:23.923000,63,1621.2308333333326,0 days 00:00:41.939000,9962.0,184.0,5,68.0,False,0,car,2336.205000000001,0.43790323487623134,OnTrack,-3129.377506130701,12939.67607510236,7345.071711510604
2026-09-13 14:35:15.042,0 days 02:29:24.602000,63,1608.9711111111096,0 days 00:00:42.618000,10441.0,196.0,5,85.0,False,0,car,2373.1727777777787,0.4448325537823524,OnTrack,-3192.190572381107,13287.647179341799,7346.708656761353
2026-09-13 14:35:15.081,0 days 02:29:24.641000,63,1608.2669432888874,0 days 00:00:42.657000,10522.9001344,196.7312512,5,86.4625024,False,0,pos,2375.3230128464156,0.4452355984176906,OnTrack,-3200.0,13308.0,7347.0
2026-09-13 14:35:15.201,0 days 02:29:24.761000,63,1606.100276622221,0 days 00:00:42.777000,10774.9001344,198.9812512,5,90.9625024,False,0,pos,2381.961467951693,0.44647992456423236,OnTrack,-3226.0,13371.0,7348.0
2026-09-13 14:35:15.202,0 days 02:29:24.762000,63,1606.082222222221,0 days 00:00:42.778000,10777.0,199.0,5,91.0,False,0,car,2382.017222222223,0.4464903752633035,OnTrack,-3226.2150095214715,13371.526773659796,7348.00905706963
2026-09-13 14:35:15.401,0 days 02:29:24.961000,63,1603.0419434666649,0 days 00:00:42.977000,11090.4251008,203.9750016,5,99.95500288,False,0,pos,2393.292833130437,0.44860389975790577,OnTrack,-3267.0,13477.0,7350.0
2026-09-13 14:35:15.402,0 days 02:29:24.962000,63,1603.0266666666648,0 days 00:00:42.978000,11092.0,204.0,5,100.0,False,0,car,2393.3505555555566,0.44861471937205993,OnTrack,-3267.2007236551476,13477.53447291348,7350.0103526339635
2026-09-13 14:35:15.581,0 days 02:29:25.141000,63,1600.1427767466648,0 days 00:00:43.157000,11252.354224,209.9666688,5,100.0,False,0,pos,2403.8554451675373,0.45058377822738477,OnTrack,-3303.0,13574.0,7352.0
2026-09-13 14:35:15.642,0 days 02:29:25.202000,63,1599.159999999998,0 days 00:00:43.218000,11307.0,212.0,5,100.0,False,0,car,2407.4838888888903,0.45126390143709744,OnTrack,-3315.2246213546387,13607.195299195644,7352.870044172763
2026-09-13 14:35:15.881,0 days 02:29:25.441000,63,1596.1061102933315,0 days 00:00:43.457000,11617.7000832,216.979168,5,100.0,False,0,pos,2421.889295559613,0.45396408150726125,OnTrack,-3364.0,13740.0,7357.0
2026-09-13 14:35:15.882,0 days 02:29:25.442000,63,1596.0933333333314,0 days 00:00:43.458000,11619.0,217.0,5,100.0,False,0,car,2421.9505555555565,0.4539755642112158,OnTrack,-3364.2106383727414,13740.571996279374,7357.017194056454
2026-09-13 14:35:16.121,0 days 02:29:25.681000,63,1593.504165973331,0 days 00:00:43.697000,10958.490732218183,221.88863767272727,5,90.76590661818182,False,0,pos,2436.8662258133495,0.4567713891735949,OnTrack,-3415.0,13878.0,7361.0
2026-09-13 14:35:16.301,0 days 02:29:25.861000,63,1591.5541659733308,0 days 00:00:43.877000,10461.036186763637,225.57045585454546,5,83.81136116363636,False,0,pos,2448.2478553597343,0.45890478602726353,OnTrack,-3454.0,13983.0,7364.0
2026-09-13 14:35:16.322,0 days 02:29:25.882000,63,1591.326666666664,0 days 00:00:43.898000,10403.0,226.0,6,83.0,False,0,car,2449.5727777777793,0.459153132303734,OnTrack,-3460.085603402936,13999.405581481666,7364.361381202336
2026-09-13 14:35:16.481,0 days 02:29:26.041000,63,1589.8691660799977,0 days 00:00:44.057000,10413.33500416,226.79500032,6,71.86999552,False,0,pos,2459.592661598258,0.46103128064177457,OnTrack,-3512.0,14141.0,7367.0
2026-09-13 14:35:16.522,0 days 02:29:26.082000,63,1589.493333333331,0 days 00:00:44.098000,10416.0,227.0,6,69.0,False,0,car,2462.18388888889,0.46151698579730116,OnTrack,-3522.4122899089894,14170.787110647125,7367.539662418936
2026-09-13 14:35:16.701,0 days 02:29:26.261000,63,1588.299999573331,0 days 00:00:44.277000,10447.8222336,227.9944448,6,69.0,False,0,pos,2473.561832012906,0.46364969166011905,OnTrack,-3552.0,14272.0,7369.0
2026-09-13 14:35:16.861,0 days 02:29:26.421000,63,1587.2333329066644,0 days 00:00:44.437000,10476.266678044445,228.88333368888888,6,69.0,False,0,pos,2483.750924351222,0.4655595568026904,OnTrack,-3568.0,14371.0,7369.0
2026-09-13 14:35:16.882,0 days 02:29:26.442000,63,1587.093333333331,0 days 00:00:44.458000,10480.0,229.0,6,69.0,False,0,car,2485.08388888889,0.46580941051117075,OnTrack,-3569.30213092597,14384.203847674748,7368.961697885703
2026-09-13 14:35:17.082,0 days 02:29:26.642000,63,1586.093333333331,0 days 00:00:44.658000,10444.0,228.0,6,69.0,False,0,car,2497.750555555557,0.4681836774562515,OnTrack,-3571.742964329943,14509.56968569698,7368.32885465529
2026-09-13 14:35:17.141,0 days 02:29:26.701000,63,1585.847499733331,0 days 00:00:44.717000,10435.571419428572,228.2107145142857,6,68.78928548571429,False,0,pos,2501.4972520988367,0.4688859662264586,OnTrack,-3569.0,14547.0,7368.0
2026-09-13 14:35:17.261,0 days 02:29:26.821000,63,1585.347499733331,0 days 00:00:44.837000,10418.428562285715,228.63928594285716,6,68.36071405714286,False,0,pos,2509.1381135220117,0.47031818554558924,OnTrack,-3559.0,14623.0,7367.0
2026-09-13 14:35:17.362,0 days 02:29:26.922000,63,1584.9266666666645,0 days 00:00:44.938000,10404.0,229.0,6,68.0,False,0,car,2515.5616666666683,0.4715222300114834,OnTrack,-3547.974011970797,14681.891491372879,7365.3891286457465
2026-09-13 14:35:17.461,0 days 02:29:27.021000,63,1584.6516664888866,0 days 00:00:45.037000,10396.5749952,228.72499982222223,6,68.0,False,0,pos,2521.8421134991477,0.4726994503258014,OnTrack,-3529.0,14746.0,7363.0
2026-09-13 14:35:17.721,0 days 02:29:27.281000,63,1583.9294442666644,0 days 00:00:45.297000,10377.0749952,228.0027776,6,68.0,False,0,pos,2538.298314182664,0.47578403558826077,OnTrack,-3431.0,14964.0,7354.0
2026-09-13 14:35:17.722,0 days 02:29:27.282000,63,1583.9266666666645,0 days 00:00:45.298000,10377.0,228.0,6,68.0,False,0,car,2538.3616666666685,0.4757959105126287,OnTrack,-3430.655295695021,14964.671650846247,7353.969601998973
2026-09-13 14:35:18.122,0 days 02:29:27.682000,63,1582.0377777777758,0 days 00:00:45.698000,10494.0,229.0,6,79.0,False,0,car,2563.806111111113,0.4805652713058171,OnTrack,-3323.7181152735025,15108.307326963857,7345.481049453284
2026-09-13 14:35:18.142,0 days 02:29:27.702000,63,1581.9099983644423,0 days 00:00:45.718000,10502.285820342857,229.21428845714286,6,79.07142948571429,False,0,pos,2565.088510281538,0.48080564693429656,OnTrack,-3316.0,15116.0,7345.0
2026-09-13 14:35:18.321,0 days 02:29:27.881000,63,1580.7663884799972,0 days 00:00:45.897000,10576.442883657142,231.13214354285714,6,79.71071451428571,False,0,pos,2576.61550664393,0.48296629165318805,OnTrack,-3232.0,15196.0,7340.0
2026-09-13 14:35:18.402,0 days 02:29:27.962000,63,1580.2488888888856,0 days 00:00:45.978000,10610.0,232.0,6,80.0,False,0,car,2581.8505555555575,0.4839475603574058,OnTrack,-3191.12815021461,15228.847405237988,7337.45901526403
2026-09-13 14:35:18.481,0 days 02:29:28.041000,63,1579.7002773333302,0 days 00:00:46.057000,10633.261129955556,232.43888924444445,6,79.56111075555556,False,0,pos,2586.964433861423,0.48490611658552013,OnTrack,-3150.0,15258.0,7335.0
2026-09-13 14:35:18.762,0 days 02:29:28.322000,63,1577.748888888886,0 days 00:00:46.338000,10716.0,234.0,6,78.0,False,0,car,2605.2505555555576,0.488333706134897,OnTrack,-2989.786085032686,15344.640273150659,7327.500564460809
2026-09-13 14:35:18.821,0 days 02:29:28.381000,63,1577.3227776067035,0 days 00:00:46.397000,10737.836307699035,234.6298934913183,6,79.04982248553054,False,0,pos,2609.120291804489,0.4890590577292669,OnTrack,-2954.0,15359.0,7326.0
2026-09-13 14:35:18.981,0 days 02:29:28.541000,63,1576.1672228407085,0 days 00:00:46.557000,10797.053349088103,236.33807737754142,6,81.89679562923573,False,0,pos,2619.6610675835827,0.491034843164094,OnTrack,-2854.0,15391.0,7322.0
2026-09-13 14:35:19.043,0 days 02:29:28.603000,63,1575.7194444444417,0 days 00:00:46.619000,10820.0,237.0,6,83.0,False,0,car,2623.749722222224,0.4918012292871237,OnTrack,-2814.4096109114303,15400.89836282801,7320.612875219743
2026-09-13 14:35:19.161,0 days 02:29:28.721000,63,1574.9327786311082,0 days 00:00:46.737000,10883.4249312,237.49166613333333,6,85.9499968,False,0,pos,2631.531217523518,0.4932598093195314,OnTrack,-2738.0,15416.0,7318.0
2026-09-13 14:35:19.283,0 days 02:29:28.843000,63,1574.1194444444413,0 days 00:00:46.859000,10949.0,238.0,6,89.0,False,0,car,2639.616388888891,0.49477531103938277,OnTrack,-2657.756168438487,15426.490135681814,7314.763309254807
2026-09-13 14:35:19.361,0 days 02:29:28.921000,63,1573.5344454044416,0 days 00:00:46.937000,11009.4499008,239.29999786666667,6,90.29999786666667,False,0,pos,2644.82886432363,0.4957523485230733,OnTrack,-2606.0,15430.0,7313.0
2026-09-13 14:35:19.521,0 days 02:29:29.081000,63,1572.334445404442,0 days 00:00:47.097000,11133.4499008,241.96666453333333,6,92.96666453333333,False,0,pos,2655.6142688388295,0.4977739876885808,OnTrack,-2499.0,15429.0,7311.0
2026-09-13 14:35:19.523,0 days 02:29:29.083000,63,1572.319444444442,0 days 00:00:47.099000,11135.0,242.0,6,93.0,False,0,car,2655.749722222224,0.49779937735890656,OnTrack,-2497.6528108843318,15428.930204135471,7310.9832060580575
2026-09-13 14:35:19.723,0 days 02:29:29.283000,63,1570.8749999999977,0 days 00:00:47.299000,11250.0,245.0,6,90.0,False,0,car,2669.3608333333354,0.500350672979717,OnTrack,-2362.0211976258565,15415.109323926721,7310.025609462929
2026-09-13 14:35:19.781,0 days 02:29:29.341000,63,1570.4561120355531,0 days 00:00:47.357000,11288.56991488,245.57999872,6,90.28999936,False,0,pos,2673.3251341843416,0.5010937499642617,OnTrack,-2323.0,15408.0,7310.0
2026-09-13 14:35:19.923,0 days 02:29:29.483000,63,1569.4305555555525,0 days 00:00:47.499000,11383.0,247.0,6,91.0,False,0,car,2683.083055555558,0.5029227955035546,OnTrack,-2228.7946269112585,15384.45108118526,7310.100902563479
2026-09-13 14:35:19.941,0 days 02:29:29.501000,63,1569.3005564799969,0 days 00:00:47.517000,11391.035657142857,247.3214262857143,6,91.4499968,False,0,pos,2684.3293239244276,0.5031563986977314,OnTrack,-2217.0,15381.0,7310.0
2026-09-13 14:35:20.121,0 days 02:29:29.681000,63,1568.000556479997,0 days 00:00:47.697000,11471.3928,250.535712,6,95.9499968,False,0,pos,2696.9080639061604,0.5055141844779466,OnTrack,-2099.0,15340.0,7308.0
2026-09-13 14:35:20.203,0 days 02:29:29.763000,63,1567.4083333333301,0 days 00:00:47.779000,11508.0,252.0,6,98.0,False,0,car,2702.683055555558,0.5065966611975214,OnTrack,-2042.118219632234,15314.764167492942,7308.396430011655
2026-09-13 14:35:20.403,0 days 02:29:29.963000,63,1565.686111111108,0 days 00:00:47.979000,11715.0,255.0,6,96.0,False,0,car,2716.8497222222245,0.5092520913334669,OnTrack,-1896.1957698441286,15233.968088530131,7313.4648798488815
2026-09-13 14:35:20.481,0 days 02:29:30.041000,63,1564.862779128886,0 days 00:00:48.057000,11278.2007168,255.77999872,6,94.44000256,False,0,pos,2722.405321610719,0.5102934447009575,OnTrack,-1841.0,15195.0,7316.0
2026-09-13 14:35:20.603,0 days 02:29:30.163000,63,1563.574999999997,0 days 00:00:48.179000,10595.0,257.0,7,92.0,False,0,car,2731.1275000000023,0.5119283483724395,OnTrack,-1757.9502219166882,15125.640275506605,7320.28560447507
2026-09-13 14:35:20.821,0 days 02:29:30.381000,63,1560.8500015999966,0 days 00:00:48.397000,10372.328702171428,258.55714194285713,7,90.44285805714286,False,0,pos,2746.8009908036297,0.5148662208299984,OnTrack,-1632.0,14998.0,7328.0
2026-09-13 14:35:20.883,0 days 02:29:30.443000,63,1560.0749999999966,0 days 00:00:48.459000,10309.0,259.0,7,90.0,False,0,car,2751.271944444447,0.515704265891239,OnTrack,-1605.7277605339827,14968.34098244947,7329.892057533275
2026-09-13 14:35:21.123,0 days 02:29:30.683000,63,1557.00833333333,0 days 00:00:48.699000,10500.0,260.0,7,87.0,False,0,car,2768.60527777778,0.5189532627634545,OnTrack,-1539.832940099507,14876.539187394577,7336.238848767905
2026-09-13 14:35:21.261,0 days 02:29:30.821000,63,1555.1300017422193,0 days 00:00:48.837000,10482.750016,260.0,7,87.0,False,0,pos,2778.5606757569944,0.5208193237382313,OnTrack,-1502.0,14807.0,7341.0
2026-09-13 14:35:21.381,0 days 02:29:30.941000,63,1553.496668408886,0 days 00:00:48.957000,10467.750016,260.0,7,87.0,False,0,pos,2787.2240728011616,0.5224432093093426,OnTrack,-1464.0,14730.0,7346.0
2026-09-13 14:35:21.443,0 days 02:29:31.003000,63,1552.652777777775,0 days 00:00:49.019000,10460.0,260.0,7,87.0,False,0,car,2791.7163888888913,0.5232852585930756,OnTrack,-1445.9062436739362,14688.742554400322,7348.290614314804
2026-09-13 14:35:21.621,0 days 02:29:31.181000,63,1550.081667391058,0 days 00:00:49.197000,10498.519351334204,261.21640056844853,7,88.62186742459805,False,0,pos,2804.6767878041946,0.5257145833356807,OnTrack,-1403.0,14567.0,7354.0
2026-09-13 14:35:21.821,0 days 02:29:31.381000,63,1547.192777238691,0 days 00:00:49.397000,10541.799552495477,262.583143763015,7,90.44419168402005,False,0,pos,2819.3184019254254,0.5284590386328384,OnTrack,-1371.0,14424.0,7361.0
2026-09-13 14:35:21.882,0 days 02:29:31.442000,63,1546.3116666666638,0 days 00:00:49.458000,10555.0,263.0,7,91.0,False,0,car,2823.7877777777803,0.5292967879500533,OnTrack,-1363.9920714787795,14384.339944313426,7362.923118506074
2026-09-13 14:35:22.121,0 days 02:29:31.681000,63,1542.8594435199975,0 days 00:00:49.697000,10598.8166784,263.9958336,7,91.9958336,False,0,pos,2841.3143804591405,0.5325820116399942,OnTrack,-1355.0,14205.0,7371.0
2026-09-13 14:35:22.122,0 days 02:29:31.682000,63,1542.8449999999975,0 days 00:00:49.698000,10599.0,264.0,7,92.0,False,0,car,2841.3877777777807,0.5325957693895339,OnTrack,-1355.064718465723,14203.885429528897,7371.047169286117
2026-09-13 14:35:22.301,0 days 02:29:31.861000,63,1540.408610239997,0 days 00:00:49.877000,10691.696461714286,264.63928594285716,7,97.11428754285714,False,0,pos,2854.539651329369,0.5350609845452776,OnTrack,-1376.0,13985.0,7380.0
2026-09-13 14:35:22.402,0 days 02:29:31.962000,63,1539.0338888888855,0 days 00:00:49.978000,10744.0,265.0,7,100.0,False,0,car,2861.998888888892,0.5364591599010469,OnTrack,-1384.1403820615828,13925.215043180526,7382.038305359305
2026-09-13 14:35:22.561,0 days 02:29:32.121000,63,1536.9138880355522,0 days 00:00:50.137000,10753.275003733334,266.9875008,7,100.0,False,0,pos,2873.822728506156,0.5386754455510895,OnTrack,-1397.0,13883.0,7382.0
2026-09-13 14:35:22.642,0 days 02:29:32.202000,63,1535.8338888888857,0 days 00:00:50.218000,10758.0,268.0,7,100.0,False,0,car,2879.865555555559,0.5398081259077923,OnTrack,-1410.1581034487951,13838.225187031778,7382.097672310945
2026-09-13 14:35:22.802,0 days 02:29:32.362000,63,1533.789444444441,0 days 00:00:50.378000,10839.0,269.0,7,100.0,False,0,car,2891.821111111114,0.5420491006735,OnTrack,-1447.5799167548817,13713.107966888214,7382.291239174644
2026-09-13 14:35:22.861,0 days 02:29:32.421000,63,1533.0847214577743,0 days 00:00:50.437000,10851.127790933333,269.3277781333333,7,100.0,False,0,pos,2896.2422261099287,0.5428778038736647,OnTrack,-1463.0,13668.0,7382.0
2026-09-13 14:35:23.101,0 days 02:29:32.661000,63,1530.2180547911078,0 days 00:00:50.677000,10900.461124266667,270.6611114666667,7,100.0,False,0,pos,2914.3073159425785,0.5462639627407364,OnTrack,-1532.0,13501.0,7378.0
2026-09-13 14:35:23.162,0 days 02:29:32.722000,63,1529.4894444444412,0 days 00:00:50.738000,10913.0,271.0,7,100.0,False,0,car,2918.921111111114,0.5471287823217911,OnTrack,-1551.0208176831943,13459.176810373627,7375.9725587883995
2026-09-13 14:35:23.221,0 days 02:29:32.781000,63,1528.801110364441,0 days 00:00:50.797000,10930.7000192,271.7375008,7,100.0,False,0,pos,2923.3924282283865,0.5479668955138316,OnTrack,-1570.0,13419.0,7374.0
2026-09-13 14:35:23.322,0 days 02:29:32.882000,63,1527.622777777774,0 days 00:00:50.898000,10961.0,273.0,7,100.0,False,0,car,2931.0544444444477,0.5494030801323421,OnTrack,-1603.9799364436662,13351.754741011955,7371.474265742556
2026-09-13 14:35:23.381,0 days 02:29:32.941000,63,1526.9836104177741,0 days 00:00:50.957000,10960.40999936,273.0,7,100.0,False,0,pos,2935.524334890845,0.5502409259061589,OnTrack,-1626.0,13311.0,7370.0
2026-09-13 14:35:23.522,0 days 02:29:33.082000,63,1525.4561111111075,0 days 00:00:51.098000,10959.0,273.0,7,100.0,False,0,car,2946.221111111114,0.5522459523955308,OnTrack,-1687.7743620498002,13204.346177387362,7365.462739899881
2026-09-13 14:35:23.762,0 days 02:29:33.322000,63,1522.789444444441,0 days 00:00:51.338000,10963.0,276.0,7,100.0,False,0,car,2964.6211111111143,0.555694887536806,OnTrack,-1801.4105529112517,13023.563873816473,7355.759653040599
2026-09-13 14:35:23.781,0 days 02:29:33.341000,63,1522.5994438044409,0 days 00:00:51.357000,10965.18500736,276.0,7,100.0,False,0,pos,2966.07950364804,0.5559682517362831,OnTrack,-1809.0,13012.0,7355.0
2026-09-13 14:35:24.081,0 days 02:29:33.641000,63,1519.5994438044406,0 days 00:00:51.657000,10999.68500736,276.0,7,100.0,False,0,pos,2989.078947531082,0.5602793164231313,OnTrack,-1921.0,12857.0,7344.0
2026-09-13 14:35:24.162,0 days 02:29:33.722000,63,1518.7894444444405,0 days 00:00:51.738000,11009.0,276.0,7,100.0,False,0,car,2995.287777777781,0.5614431127722644,OnTrack,-1966.626078939667,12799.978978073463,7341.829869338771
2026-09-13 14:35:24.341,0 days 02:29:33.901000,63,1517.0988882844404,0 days 00:00:51.917000,11003.62999808,276.0,7,100.0,False,0,pos,3009.011452889798,0.5640155076288558,OnTrack,-2077.0,12666.0,7338.0
2026-09-13 14:35:24.362,0 days 02:29:33.922000,63,1516.9005555555514,0 days 00:00:51.938000,11003.0,276.0,7,100.0,False,0,car,3010.6211111111143,0.5643172253899937,OnTrack,-2087.5507610959144,12653.4550128315,7337.568349357085
2026-09-13 14:35:24.541,0 days 02:29:34.101000,63,1515.2597216355516,0 days 00:00:52.117000,11014.63500416,276.0,7,100.0,False,0,pos,3024.34224876684,0.5668891446203798,OnTrack,-2177.0,12550.0,7334.0
2026-09-13 14:35:24.562,0 days 02:29:34.122000,63,1515.0672222222183,0 days 00:00:52.138000,11016.0,276.0,7,100.0,False,0,car,3025.9544444444473,0.5671913380077229,OnTrack,-2192.767070588695,12531.965958281266,7333.601305596163
2026-09-13 14:35:24.722,0 days 02:29:34.282000,63,1513.6894444444404,0 days 00:00:52.298000,11029.333333333334,276.6666666666667,7,100.0,False,0,pos,3038.2617437626213,0.5694982443725405,OnTrack,-2339.0,12365.0,7331.0
2026-09-13 14:35:24.802,0 days 02:29:34.362000,63,1513.0005555555513,0 days 00:00:52.378000,11036.0,277.0,7,100.0,False,0,car,3044.421111111114,0.5706527692908143,OnTrack,-2398.9448461745383,12296.533603791879,7330.381947381827
2026-09-13 14:35:25.002,0 days 02:29:34.562000,63,1511.3338888888848,0 days 00:00:52.578000,11025.0,277.0,7,100.0,False,0,car,3059.810000000003,0.5735372953600572,OnTrack,-2495.6141880299388,12185.855432013292,7330.927514444055
2026-09-13 14:35:25.161,0 days 02:29:34.721000,63,1510.1413884088847,0 days 00:00:52.737000,11018.0437472,276.5031248,7,100.0,False,0,pos,3072.0079527640282,0.5758237055741582,OnTrack,-2561.0,12110.0,7332.0
2026-09-13 14:35:25.322,0 days 02:29:34.882000,63,1508.9338888888847,0 days 00:00:52.898000,11011.0,276.0,7,100.0,False,0,car,3084.3433333333364,0.5781358755484239,OnTrack,-2632.6194037834307,12025.886568394404,7333.112388063302
2026-09-13 14:35:25.643,0 days 02:29:35.203000,63,1505.634722222218,0 days 00:00:53.219000,11017.0,276.0,7,100.0,False,0,car,3108.953333333336,0.5827488262998793,OnTrack,-2788.027040689065,11839.047578870825,7335.804414468646
2026-09-13 14:35:25.661,0 days 02:29:35.221000,63,1505.3447242844404,0 days 00:00:53.237000,11006.9875712,275.6625024,7,88.75008,False,0,pos,3110.333700576064,0.5830075652722331,OnTrack,-2797.0,11828.0,7336.0
2026-09-13 14:35:25.803,0 days 02:29:35.363000,63,1503.0569444444413,0 days 00:00:53.379000,10928.0,273.0,7,0.0,True,0,car,3121.0866666666693,0.5850231241104303,OnTrack,-2868.638288859439,11738.807252230436,7337.72127910818
2026-09-13 14:35:26.001,0 days 02:29:35.561000,63,1499.921946471107,0 days 00:00:53.577000,10242.4254432,253.2000128,7,0.0,True,0,pos,3134.8576314614156,0.587604383045749,OnTrack,-2958.0,11625.0,7340.0
2026-09-13 14:35:26.043,0 days 02:29:35.603000,63,1499.2569444444403,0 days 00:00:53.619000,10097.0,249.0,7,0.0,True,0,car,3137.6866666666697,0.5881346634226677,OnTrack,-2972.856607932832,11605.649225648582,7340.339601519046
2026-09-13 14:35:26.203,0 days 02:29:35.763000,63,1496.323611111106,0 days 00:00:53.779000,9801.0,237.0,7,0.0,True,0,car,3148.2200000000034,0.5901090538296296,OnTrack,-3016.069539718271,11547.597689271826,7341.160369198504
2026-09-13 14:35:26.481,0 days 02:29:36.041000,63,1491.4586133511064,0 days 00:00:54.057000,10698.542443885714,207.21429942857142,7,0.0,True,0,pos,3164.2120308457947,0.5931066341103041,OnTrack,-3075.0,11454.0,7342.0
2026-09-13 14:35:26.483,0 days 02:29:36.043000,63,1491.4236111111063,0 days 00:00:54.059000,10705.0,207.0,7,0.0,True,0,car,3164.320000000003,0.5931268720782453,OnTrack,-3075.5190976030212,11453.104198185689,7342.009252377448
2026-09-13 14:35:26.643,0 days 02:29:36.203000,63,1489.068055555551,0 days 00:00:54.219000,10433.0,189.0,6,0.0,True,0,car,3172.720000000003,0.5947013859470883,OnTrack,-3120.125417891392,11373.839184622742,7342.889625355927
2026-09-13 14:35:26.661,0 days 02:29:36.221000,63,1488.7780576177731,0 days 00:00:54.237000,10473.424712533333,188.02500693333334,6,0.0,True,0,pos,3173.6363132682263,0.5948731416553051,OnTrack,-3125.0,11365.0,7343.0
2026-09-13 14:35:26.881,0 days 02:29:36.441000,63,1485.2336131733286,0 days 00:00:54.457000,10967.508045866667,176.10834026666666,6,0.0,True,0,pos,3184.3600602046477,0.596883223593086,OnTrack,-3178.0,11266.0,7344.0
2026-09-13 14:35:26.883,0 days 02:29:36.443000,63,1485.2013888888841,0 days 00:00:54.459000,10972.0,176.0,5,0.0,True,0,car,3184.4533333333366,0.5969007069067421,OnTrack,-3178.4295214623403,11265.161112935348,7343.996879896978
2026-09-13 14:35:27.121,0 days 02:29:36.681000,63,1481.366946506662,0 days 00:00:54.697000,10102.70546752,164.69500608,5,0.0,True,0,pos,3195.011724616928,0.5988797942292048,OnTrack,-3224.0,11170.0,7344.0
2026-09-13 14:35:27.161,0 days 02:29:36.721000,63,1480.7225020622175,0 days 00:00:54.737000,9956.60546752,162.79500608,5,0.0,True,0,pos,3196.716813971725,0.5991993998050077,OnTrack,-3231.0,11154.0,7345.0
2026-09-13 14:35:27.283,0 days 02:29:36.843000,63,1478.7569444444398,0 days 00:00:54.859000,9511.0,157.0,4,0.0,True,0,car,3201.897777777781,0.6001705306819848,OnTrack,-3252.0098060201053,11105.630658821245,7345.481963927162
2026-09-13 14:35:27.361,0 days 02:29:36.921000,63,1477.5002798399953,0 days 00:00:54.937000,9456.725089066667,155.0500032,4,0.0,True,0,pos,3205.1947461218465,0.60078852144185,OnTrack,-3265.0,11074.0,7345.0
2026-09-13 14:35:27.523,0 days 02:29:37.083000,63,1474.890277777773,0 days 00:00:55.099000,9344.0,151.0,4,0.0,True,0,car,3211.9644444444475,0.6020574480962331,OnTrack,-3290.509225603693,11004.543955338639,7344.765665776428
2026-09-13 14:35:27.683,0 days 02:29:37.243000,63,1472.3124999999945,0 days 00:00:55.259000,8881.0,146.0,4,0.0,True,0,car,3218.4533333333366,0.6032737392330113,OnTrack,-3311.1576277527297,10933.860607588489,7344.98927032192
2026-09-13 14:35:27.701,0 days 02:29:37.261000,63,1472.0225020016296,0 days 00:00:55.277000,8874.614842766105,145.72579079363638,4,0.705109387792168,True,0,pos,3219.167475710559,0.6034075995993524,OnTrack,-3313.0,10926.0,7345.0
2026-09-13 14:35:28.541,0 days 02:29:38.101000,63,1458.4891658408746,0 days 00:00:56.117000,8576.638719576316,132.92927016585406,4,33.61044814494673,True,0,pos,3249.8957443705913,0.6091673716434899,OnTrack,-3281.0,10591.0,7342.0
2026-09-13 14:35:28.602,0 days 02:29:38.162000,63,1457.5063888888835,0 days 00:00:56.178000,8555.0,132.0,4,36.0,False,0,car,3252.1500000000033,0.6095899141140169,OnTrack,-3268.1017713281817,10570.907517809444,7341.479973648678
2026-09-13 14:35:29.001,0 days 02:29:38.561000,63,1450.5238877688837,0 days 00:00:56.577000,8955.813700654546,137.44090996363636,4,64.11136814545455,False,0,pos,3267.3867210632316,0.6124459175223198,OnTrack,-3169.0,10466.0,7338.0
2026-09-13 14:35:29.042,0 days 02:29:38.602000,63,1449.8063888888837,0 days 00:00:56.618000,8997.0,138.0,4,67.0,False,0,car,3269.01666666667,0.612751437993519,OnTrack,-3161.662051571285,10459.639150358727,7337.818779130493
2026-09-13 14:35:29.261,0 days 02:29:38.821000,63,1445.73055436444,0 days 00:00:56.837000,9567.312666666667,146.2125024,4,74.30000213333334,False,0,pos,3277.9433708842275,0.6144246784213291,OnTrack,-3123.0,10429.0,7337.0
2026-09-13 14:35:29.282,0 days 02:29:38.842000,63,1445.339722222218,0 days 00:00:56.858000,9622.0,147.0,4,75.0,False,0,car,3278.81666666667,0.6145883708405024,OnTrack,-3117.286440634632,10424.32975630693,7336.839192457805
2026-09-13 14:35:29.461,0 days 02:29:39.021000,63,1441.9586099022179,0 days 00:00:57.037000,10027.7334784,151.4750016,4,81.7125024,False,0,pos,3286.3800608912793,0.6160060695431424,OnTrack,-3057.0,10375.0,7335.0
2026-09-13 14:35:29.522,0 days 02:29:39.082000,63,1440.8063888888846,0 days 00:00:57.098000,10166.0,153.0,4,84.0,False,0,car,3289.01666666667,0.6165002805383833,OnTrack,-3037.315133623937,10359.949575037392,7334.435291463854
2026-09-13 14:35:29.701,0 days 02:29:39.261000,63,1437.2761098488845,0 days 00:00:57.277000,10561.291808,158.9666688,4,87.729168,False,0,pos,3296.95411433569,0.6179880926143462,OnTrack,-2972.0,10313.0,7333.0
2026-09-13 14:35:29.762,0 days 02:29:39.322000,63,1436.073055555551,0 days 00:00:57.338000,10696.0,161.0,4,89.0,False,0,car,3299.7500000000036,0.6185121593707938,OnTrack,-2938.728433056984,10288.84656573,7332.498506342352
2026-09-13 14:35:29.961,0 days 02:29:39.521000,63,1431.9272208888844,0 days 00:00:57.537000,10955.69508352,171.94500352,4,89.0,False,0,pos,3309.256098239472,0.6202940026465826,OnTrack,-2820.0,10202.0,7331.0
2026-09-13 14:35:29.962,0 days 02:29:39.522000,63,1431.9063888888845,0 days 00:00:57.538000,10957.0,172.0,4,89.0,False,0,car,3309.305555555559,0.6203032730311178,OnTrack,-2819.5794724173484,10201.69173084063,7330.994472222745
2026-09-13 14:35:30.242,0 days 02:29:39.802000,63,1425.917499999995,0 days 00:00:57.818000,11629.0,185.0,4,100.0,False,0,car,3323.694444444448,0.6230003569731174,OnTrack,-2773.9179394085636,10167.865705983995,7330.228478877318
2026-09-13 14:35:30.341,0 days 02:29:39.901000,63,1423.937498719995,0 days 00:00:57.917000,11977.9752256,187.4750016,4,100.0,False,0,pos,3328.866864202262,0.6239698863355168,OnTrack,-2753.0,10152.0,7330.0
2026-09-13 14:35:30.402,0 days 02:29:39.962000,63,1422.7174999999947,0 days 00:00:57.978000,12193.0,189.0,4,100.0,False,0,car,3332.094444444448,0.6245748708419604,OnTrack,-2732.7272944970823,10136.668260008448,7329.818388241501
2026-09-13 14:35:30.601,0 days 02:29:40.161000,63,1418.7927765155505,0 days 00:00:58.177000,11775.0998656,196.96000256,4,100.0,False,0,pos,3342.9825371144634,0.6266157580936493,OnTrack,-2642.0,10068.0,7329.0
2026-09-13 14:35:30.602,0 days 02:29:40.162000,63,1418.7730555555504,0 days 00:00:58.178000,11773.0,197.0,4,100.0,False,0,car,3343.0388888888924,0.6266263207901223,OnTrack,-2641.5444175993216,10067.653644182888,7328.994952580453
2026-09-13 14:35:30.781,0 days 02:29:40.341000,63,1415.2924987555507,0 days 00:00:58.357000,11712.759593846155,203.19615606153846,4,95.8692292923077,False,0,pos,3353.40935424936,0.6285701828777904,OnTrack,-2562.0,10007.0,7328.0
2026-09-13 14:35:30.981,0 days 02:29:40.541000,63,1411.403609866662,0 days 00:00:58.557000,11645.451901538461,210.1192329846154,4,91.25384467692308,False,0,pos,3365.5304226018407,0.6308421817142397,OnTrack,-2470.0,9937.0,7327.0
2026-09-13 14:35:31.122,0 days 02:29:40.682000,63,1408.66194444444,0 days 00:00:58.698000,11598.0,215.0,5,88.0,False,0,car,3374.094444444448,0.6324474401861754,OnTrack,-2402.827363152098,9885.414988330172,7326.282036664199
2026-09-13 14:35:31.322,0 days 02:29:40.882000,63,1404.8286111111067,0 days 00:00:58.898000,11763.833333333334,218.33333333333334,5,83.0,False,0,pos,3386.238281718958,0.634723706877805,OnTrack,-2310.0,9811.0,7325.0
2026-09-13 14:35:31.362,0 days 02:29:40.922000,63,1404.06194444444,0 days 00:00:58.938000,11797.0,219.0,5,82.0,False,0,car,3388.694444444448,0.6351840952439263,OnTrack,-2292.7995589997213,9796.30533277985,7324.668163794109
2026-09-13 14:35:31.442,0 days 02:29:41.002000,63,1402.5063888888847,0 days 00:00:59.018000,11772.6,221.0,5,82.0,False,0,pos,3393.6479825844285,0.6361125969702646,OnTrack,-2256.0,9762.0,7324.0
2026-09-13 14:35:31.562,0 days 02:29:41.122000,63,1400.1730555555514,0 days 00:00:59.138000,11736.0,224.0,5,82.0,False,0,car,3401.1388888888923,0.6375167083829529,OnTrack,-2180.4633662851684,9678.834318937368,7323.275793298748
2026-09-13 14:35:31.641,0 days 02:29:41.201000,63,1398.2419428799958,0 days 00:00:59.217000,11415.8028656,224.2468752,5,81.5062496,False,0,pos,3406.072305332215,0.638441438455666,OnTrack,-2135.0,9625.0,7323.0
2026-09-13 14:35:31.882,0 days 02:29:41.442000,63,1392.3508333333293,0 days 00:00:59.458000,10439.0,225.0,6,80.0,False,0,car,3421.1388888888923,0.6412655509278172,OnTrack,-2075.0552628535656,9536.073736200864,7323.060545828379
2026-09-13 14:35:31.981,0 days 02:29:41.541000,63,1389.7933316799954,0 days 00:00:59.557000,10466.843768,225.6187504,6,80.6187504,False,0,pos,3427.345631748551,0.6424289560126833,OnTrack,-2059.0,9498.0,7323.0
2026-09-13 14:35:32.042,0 days 02:29:41.602000,63,1388.2174999999952,0 days 00:00:59.618000,10484.0,226.0,6,81.0,False,0,car,3431.183333333337,0.6431483029614602,OnTrack,-2047.0580021208216,9468.045667492128,7322.85373891379
2026-09-13 14:35:32.281,0 days 02:29:41.841000,63,1381.3130584242872,0 days 00:00:59.857000,10603.074683621568,228.55160036331932,6,83.55160036331932,False,0,pos,3446.3630673962793,0.6459936246052046,OnTrack,-1996.0,9319.0,7322.0
2026-09-13 14:35:32.323,0 days 02:29:41.883000,63,1380.0997222222172,0 days 00:00:59.899000,10624.0,229.0,6,84.0,False,0,car,3449.0580555555593,0.6464987789186751,OnTrack,-1989.5398938997616,9292.370426305246,7321.958684768969
2026-09-13 14:35:32.461,0 days 02:29:42.021000,63,1375.6913929777727,0 days 00:01:00.037000,10717.1499136,231.46428342857143,6,91.88570697142858,False,0,pos,3457.9747916397587,0.6481701508983637,OnTrack,-1974.0,9205.0,7322.0
2026-09-13 14:35:32.603,0 days 02:29:42.163000,63,1371.1552777777724,0 days 00:01:00.179000,10813.0,234.0,6,100.0,False,0,car,3467.2580555555596,0.6499102256345016,OnTrack,-1963.9516163956462,9112.28640422589,7321.980067125294
2026-09-13 14:35:32.661,0 days 02:29:42.221000,63,1369.1736154844393,0 days 00:01:00.237000,10847.316590933333,235.20833066666665,6,100.0,False,0,pos,3471.084060049493,0.6506273800556865,OnTrack,-1961.0,9074.0,7322.0
2026-09-13 14:35:32.843,0 days 02:29:42.403000,63,1362.955277777773,0 days 00:01:00.419000,10955.0,239.0,6,100.0,False,0,car,3483.1913888888926,0.6528968035285767,OnTrack,-1954.8371470739362,8953.329978080306,7322.122110783864
2026-09-13 14:35:32.881,0 days 02:29:42.441000,63,1361.5936156977732,0 days 00:01:00.457000,10987.2998912,239.3562488,6,100.0,False,0,pos,3485.7295645624426,0.6533725645761439,OnTrack,-1954.0,8928.0,7322.0
2026-09-13 14:35:33.121,0 days 02:29:42.681000,63,1352.9936156977735,0 days 00:01:00.697000,11191.2998912,241.6062488,6,100.0,False,0,pos,3501.8531424133316,0.6563948023072861,OnTrack,-1951.0,8767.0,7320.0
2026-09-13 14:35:33.163,0 days 02:29:42.723000,63,1351.4886111111068,0 days 00:01:00.739000,11227.0,242.0,6,100.0,False,0,car,3504.7025000000035,0.6569288919546085,OnTrack,-1950.5505898105216,8738.737634720277,7319.719241512592
2026-09-13 14:35:33.301,0 days 02:29:42.861000,63,1346.3519492088844,0 days 00:01:00.877000,11258.816637155556,244.29999786666667,6,100.0,False,0,pos,3514.1318397254618,0.6586963474512475,OnTrack,-1949.0,8647.0,7319.0
2026-09-13 14:35:33.461,0 days 02:29:43.021000,63,1340.3963936533287,0 days 00:01:01.037000,11295.705526044445,246.96666453333333,6,100.0,False,0,pos,3525.187172742808,0.6607685825894007,OnTrack,-1947.0,8545.0,7318.0
2026-09-13 14:35:33.523,0 days 02:29:43.083000,63,1338.0886111111063,0 days 00:01:01.099000,11310.0,248.0,6,100.0,False,0,car,3529.5025000000037,0.6615774567102403,OnTrack,-1945.9432025548933,8503.486443231359,7317.620883587144
2026-09-13 14:35:33.761,0 days 02:29:43.321000,63,1329.2958380622172,0 days 00:01:01.337000,11424.23993856,250.9749984,6,76.2000128,False,0,pos,3546.2236220243126,0.66471169939237,OnTrack,-1939.0,8335.0,7316.0
2026-09-13 14:35:33.923,0 days 02:29:43.483000,63,1323.310833333328,0 days 00:01:01.499000,11502.0,253.0,6,60.0,True,0,car,3557.613611111115,0.6668466631760772,OnTrack,-1929.6151329305724,8222.013095786695,7314.34100058997
2026-09-13 14:35:33.981,0 days 02:29:43.541000,63,1321.2647267377727,0 days 00:01:01.557000,11449.8001152,252.51666773333332,6,59.516667733333335,True,0,pos,3561.673466134365,0.6676076510379342,OnTrack,-1925.0,8182.0,7314.0
2026-09-13 14:35:34.161,0 days 02:29:43.721000,63,1314.9147267377732,0 days 00:01:01.737000,11287.8001152,251.01666773333332,6,58.016667733333335,True,0,pos,3574.208272082717,0.6699572017294744,OnTrack,-1906.0,8060.0,7314.0
2026-09-13 14:35:34.163,0 days 02:29:43.723000,63,1314.8441666666622,0 days 00:01:01.739000,11286.0,251.0,6,58.0,False,0,car,3574.346944444448,0.669983194771947,OnTrack,-1905.7507553402997,8058.688286916817,7313.996714138569
2026-09-13 14:35:34.361,0 days 02:29:43.921000,63,1308.6841706488842,0 days 00:01:01.937000,11255.06252,249.1437512,6,63.5687464,False,0,pos,3588.0085998875174,0.6725439645298597,OnTrack,-1873.0,7926.0,7313.0
2026-09-13 14:35:34.483,0 days 02:29:44.043000,63,1304.8886111111065,0 days 00:01:02.059000,11236.0,248.0,6,67.0,False,0,car,3596.3913888888924,0.6741152523325085,OnTrack,-1835.8859133035942,7821.714786876787,7312.356608471001
2026-09-13 14:35:34.561,0 days 02:29:44.121000,63,1302.61361484444,0 days 00:01:02.137000,11258.749962666667,247.67500053333333,6,67.9749984,False,0,pos,3601.7455501273266,0.6751188477046437,OnTrack,-1811.0,7759.0,7312.0
2026-09-13 14:35:34.723,0 days 02:29:44.283000,63,1297.888611111107,0 days 00:01:02.299000,11306.0,247.0,6,70.0,False,0,car,3612.858055555559,0.6772017993611134,OnTrack,-1768.0218066730747,7665.218018450124,7311.399545443158
2026-09-13 14:35:34.883,0 days 02:29:44.443000,63,1293.5774999999958,0 days 00:01:02.459000,11301.0,247.0,6,72.0,False,0,car,3623.835833333337,0.6792594973801833,OnTrack,-1726.870895288257,7595.119948528907,7311.040396199531
2026-09-13 14:35:34.921,0 days 02:29:44.481000,63,1292.6591690222572,0 days 00:01:02.497000,11301.635981632253,247.0,6,72.0,False,0,pos,3626.4441987503064,0.6797484149425675,OnTrack,-1715.0,7576.0,7311.0
2026-09-13 14:35:35.101,0 days 02:29:44.661000,63,1288.3091655276937,0 days 00:01:02.677000,11304.648536353636,247.0,6,72.0,False,0,pos,3638.7959348980958,0.6820636506412562,OnTrack,-1646.0,7473.0,7311.0
2026-09-13 14:35:35.122,0 days 02:29:44.682000,63,1287.8016666666626,0 days 00:01:02.698000,11305.0,247.0,6,72.0,False,0,car,3640.2338888888926,0.682333183796169,OnTrack,-1636.0937974603303,7459.934936329991,7311.00758548109
2026-09-13 14:35:35.401,0 days 02:29:44.961000,63,1281.8341652977736,0 days 00:01:02.977000,11276.1035648,246.0035712,6,80.9678592,False,0,pos,3659.2987352762334,0.6859067391585771,OnTrack,-1473.0,7280.0,7311.0
2026-09-13 14:35:35.402,0 days 02:29:44.962000,63,1281.8127777777736,0 days 00:01:02.978000,11276.0,246.0,6,81.0,False,0,car,3659.367222222226,0.6859195764974225,OnTrack,-1472.368751666092,7279.412411741261,7310.998594835776
2026-09-13 14:35:35.562,0 days 02:29:45.122000,63,1278.657222222219,0 days 00:01:03.138000,11279.0,247.0,6,91.0,False,0,car,3670.3450000000034,0.6879772745164925,OnTrack,-1369.280121031551,7193.635440162761,7310.608562419415
2026-09-13 14:35:35.781,0 days 02:29:45.341000,63,1275.4330546133297,0 days 00:01:03.357000,11273.027270981818,247.0,6,95.47954676363636,False,0,pos,3685.3625138395596,0.6907921892564833,OnTrack,-1243.0,7107.0,7310.0
2026-09-13 14:35:36.002,0 days 02:29:45.562000,63,1272.1794444444404,0 days 00:01:03.578000,11267.0,247.0,6,100.0,False,0,car,3700.5338888888928,0.6936359440689349,OnTrack,-1162.0344346108984,7060.195188983575,7309.963448715126
2026-09-13 14:35:36.121,0 days 02:29:45.681000,63,1270.6258324977737,0 days 00:01:03.697000,11285.3458432,247.4958336,6,100.0,False,0,pos,3708.7268033272894,0.6951716413795896,OnTrack,-1109.0,7036.0,7310.0
2026-09-13 14:35:36.242,0 days 02:29:45.802000,63,1269.0461111111072,0 days 00:01:03.818000,11304.0,248.0,6,100.0,False,0,car,3717.0672222222256,0.6967349872393559,OnTrack,-1035.011606991195,7004.8459456620485,7309.991044254971
2026-09-13 14:35:36.321,0 days 02:29:45.881000,63,1268.146388159996,0 days 00:01:03.897000,11314.27000832,248.0,6,100.0,False,0,pos,3722.513987309944,0.697755940473992,OnTrack,-982.0,6985.0,7310.0
2026-09-13 14:35:36.442,0 days 02:29:46.002000,63,1266.7683333333293,0 days 00:01:04.018000,11330.0,248.0,6,100.0,False,0,car,3730.8450000000034,0.6993175232147069,OnTrack,-900.4754845947697,6959.854969192229,7310.080566314399
2026-09-13 14:35:36.581,0 days 02:29:46.141000,63,1265.4169438222186,0 days 00:01:04.157000,11329.1312496,247.1312496,6,100.0,False,0,pos,3740.3798387201878,0.7011047536673392,OnTrack,-809.0,6938.0,7310.0
2026-09-13 14:35:36.602,0 days 02:29:46.162000,63,1265.2127777777741,0 days 00:01:04.178000,11329.0,247.0,6,100.0,False,0,car,3741.822777777781,0.7013752212337767,OnTrack,-795.6629515614259,6935.266430288627,7309.943040643431
2026-09-13 14:35:36.801,0 days 02:29:46.361000,63,1263.5544439111075,0 days 00:01:04.377000,11332.7312512,248.2437504,6,100.0,False,0,pos,3755.5620525919985,0.7039505401317326,OnTrack,-658.0,6916.0,7309.0
2026-09-13 14:35:36.922,0 days 02:29:46.482000,63,1262.5461111111076,0 days 00:01:04.498000,11335.0,249.0,6,100.0,False,0,car,3763.9561111111148,0.7055239403167599,OnTrack,-530.9321534641331,6908.6997260856115,7308.420735370894
2026-09-13 14:35:37.021,0 days 02:29:46.581000,63,1261.7486105955518,0 days 00:01:04.597000,11288.387469866666,249.41250026666665,6,99.58749973333333,False,0,pos,3770.839261916433,0.7068141327458446,OnTrack,-433.0,6905.0,7308.0
2026-09-13 14:35:37.162,0 days 02:29:46.722000,63,1260.6127777777738,0 days 00:01:04.738000,11222.0,250.0,6,99.0,False,0,car,3780.6227777777813,0.7086479757708135,OnTrack,-347.6439930362106,6903.210604271064,7307.503707368287
2026-09-13 14:35:37.341,0 days 02:29:46.901000,63,1259.618332977774,0 days 00:01:04.917000,11100.4291232,246.270832,6,25.162473599999995,False,0,pos,3792.8853625977963,0.7109465007549776,OnTrack,-274.0,6904.0,7307.0
2026-09-13 14:35:37.402,0 days 02:29:46.962000,63,1259.2794444444407,0 days 00:01:04.978000,11059.0,245.0,6,0.0,True,0,car,3796.9561111111143,0.7117095305157859,OnTrack,-240.05406450779336,6904.170094302538,7306.845716628512
2026-09-13 14:35:37.661,0 days 02:29:47.221000,63,1257.6247218133294,0 days 00:01:05.237000,10219.099792457142,229.27499611428573,6,0.0,True,0,pos,3813.4141299389607,0.7147944565750861,OnTrack,-66.0,6905.0,7306.0
2026-09-13 14:35:37.682,0 days 02:29:47.242000,63,1257.4905555555515,0 days 00:01:05.258000,10151.0,228.0,6,0.0,True,0,car,3814.689444444448,0.7150335042388989,OnTrack,-52.538735879658276,6905.170023405181,7305.881166674028
2026-09-13 14:35:37.842,0 days 02:29:47.402000,63,1256.5127777777739,0 days 00:01:05.418000,9915.0,216.57142857142858,6,0.0,True,0,pos,3824.114277929897,0.7168001150763246,OnTrack,44.0,6907.0,7305.0
2026-09-13 14:35:37.962,0 days 02:29:47.522000,63,1255.7794444444407,0 days 00:01:05.538000,9738.0,208.0,6,0.0,True,0,car,3830.867222222226,0.7180659013196337,OnTrack,112.21367597476464,6908.918748919304,7305.05883355585
2026-09-13 14:35:38.002,0 days 02:29:47.562000,63,1255.4683333333296,0 days 00:01:05.578000,9857.57142857143,205.57142857142858,6,0.0,True,0,pos,3833.0615614394196,0.7184772129303977,OnTrack,138.0,6910.0,7305.0
2026-09-13 14:35:38.242,0 days 02:29:47.802000,63,1253.6016666666628,0 days 00:01:05.818000,10575.0,191.0,6,0.0,True,0,car,3845.7227777777816,0.7208504582543467,OnTrack,321.7424149615763,6921.187341290346,7303.115268210858
2026-09-13 14:35:38.261,0 days 02:29:47.821000,63,1253.4749995733296,0 days 00:01:05.837000,10641.500224,190.14499712,6,0.0,True,0,pos,3846.700520078769,0.7210337283511395,OnTrack,333.0,6922.0,7303.0
2026-09-13 14:35:38.442,0 days 02:29:48.002000,63,1252.2683333333298,0 days 00:01:06.018000,11275.0,182.0,5,0.0,True,0,car,3855.833888888893,0.722745706429806,OnTrack,396.72067730849614,6927.7510262694,7302.673712217434
2026-09-13 14:35:38.601,0 days 02:29:48.161000,63,1251.2966662755516,0 days 00:01:06.177000,11241.60998656,174.0499968,5,0.0,True,0,pos,3863.4884101641933,0.7241804861806767,OnTrack,449.0,6943.0,7302.0
2026-09-13 14:35:38.642,0 days 02:29:48.202000,63,1251.0461111111072,0 days 00:01:06.218000,11233.0,172.0,4,0.0,True,0,car,3865.3894444444486,0.72453682009013,OnTrack,470.2049253524673,6950.25876624298,7301.559470371535
2026-09-13 14:35:38.843,0 days 02:29:48.403000,63,1249.873611111107,0 days 00:01:06.419000,12013.0,160.0,3,0.0,True,0,car,3874.3227777777815,0.7262113030935026,OnTrack,600.4192170348231,6998.294802838859,7298.4466083733005
2026-09-13 14:35:38.881,0 days 02:29:48.441000,63,1249.641389671107,0 days 00:01:06.457000,11871.6088096,159.0500032,3,0.0,True,0,pos,3875.986029661761,0.7265230665647769,OnTrack,620.0,7006.0,7298.0
2026-09-13 14:35:39.083,0 days 02:29:48.643000,63,1248.4069444444403,0 days 00:01:06.659000,11120.0,154.0,3,0.0,True,0,car,3884.5894444444484,0.7281357089331997,OnTrack,678.8012050056241,7032.759608520178,7296.973902121809
2026-09-13 14:35:39.261,0 days 02:29:48.821000,63,1248.0608335822178,0 days 00:01:06.837000,11518.71971328,137.09001216,3,0.0,True,0,pos,3891.309489370135,0.7293953284492403,OnTrack,716.0,7054.0,7296.0
2026-09-13 14:35:39.283,0 days 02:29:48.843000,63,1248.0180555555512,0 days 00:01:06.859000,11568.0,135.0,3,0.0,True,0,car,3892.089444444448,0.7295415248875237,OnTrack,722.4677462381239,7057.487810870318,7295.76181002997
2026-09-13 14:35:39.421,0 days 02:29:48.981000,63,1248.3247219377733,0 days 00:01:06.997000,11136.7504,128.72727854545454,3,0.0,True,0,pos,3896.751406141508,0.730415372905147,OnTrack,769.0,7082.0,7294.0
2026-09-13 14:35:39.701,0 days 02:29:49.261000,63,1248.9469441599956,0 days 00:01:07.277000,10261.7504,116.00000581818182,3,0.0,True,0,pos,3905.4572500862687,0.7320472148136004,OnTrack,854.0,7125.0,7292.0
2026-09-13 14:35:39.723,0 days 02:29:49.283000,63,1248.9958333333288,0 days 00:01:07.299000,10193.0,115.0,2,0.0,True,0,car,3906.145000000004,0.7321761281204423,OnTrack,859.8920043290889,7127.791469664545,7291.776172338047
2026-09-13 14:35:39.861,0 days 02:29:49.421000,63,1249.4558329066622,0 days 00:01:07.437000,9672.9129824,112.4125024,2,0.0,True,0,pos,3910.4566406187414,0.7329843112099265,OnTrack,900.0,7144.0,7290.0
2026-09-13 14:35:39.883,0 days 02:29:49.443000,63,1249.5291666666621,0 days 00:01:07.459000,9590.0,112.0,2,0.0,True,0,car,3911.1227777777817,0.7331091733760529,OnTrack,908.6819935213839,7146.616029176929,7289.680417014263
2026-09-13 14:35:40.043,0 days 02:29:49.603000,63,1250.4180555555508,0 days 00:01:07.619000,9443.0,104.0,2,0.0,True,0,car,3915.745000000004,0.7339755725419771,OnTrack,985.3729518615933,7164.586902755779,7287.24808960628
2026-09-13 14:35:40.061,0 days 02:29:49.621000,63,1250.5530545955507,0 days 00:01:07.637000,9419.6001664,103.64000256,2,0.0,True,0,pos,3916.2524512198142,0.7340706902780906,OnTrack,993.0,7166.0,7287.0
2026-09-13 14:35:40.243,0 days 02:29:49.803000,63,1251.9180555555508,0 days 00:01:07.819000,9183.0,100.0,2,0.0,False,0,car,3921.3005555555596,0.7350169176933283,OnTrack,1047.8650258773846,7171.221598826766,7284.94531509932
2026-09-13 14:35:40.523,0 days 02:29:50.083000,63,1254.5624999999955,0 days 00:01:08.099000,8942.0,97.0,2,0.0,False,0,car,3928.845000000004,0.7364310644088632,OnTrack,1088.9095593421353,7155.467860608053,7283.085261409778
2026-09-13 14:35:40.541,0 days 02:29:50.101000,63,1254.7624985777732,0 days 00:01:08.117000,8970.97979392,96.91000064,2,1.61998848,False,0,pos,3929.326320016186,0.7365212840565809,OnTrack,1092.0,7154.0,7283.0
2026-09-13 14:35:40.723,0 days 02:29:50.283000,63,1256.7847222222176,0 days 00:01:08.299000,9264.0,96.0,2,18.0,False,0,car,3934.1783333333374,0.7374307557541603,OnTrack,1127.0835946735338,7136.134692051245,7282.327490630355
2026-09-13 14:35:40.801,0 days 02:29:50.361000,63,1257.7813872533286,0 days 00:01:08.377000,9248.075026133334,96.0,2,23.199991466666667,False,0,pos,3936.245361004539,0.7378182038179208,OnTrack,1143.0,7126.0,7282.0
2026-09-13 14:35:40.963,0 days 02:29:50.523000,63,1259.8513888888842,0 days 00:01:08.539000,9215.0,96.0,2,34.0,False,0,car,3940.578333333337,0.7386303853685169,OnTrack,1176.2325673545372,7099.244214132314,7281.070038279033
2026-09-13 14:35:41.141,0 days 02:29:50.701000,63,1262.4719425599951,0 days 00:01:08.717000,9557.093504,99.3374976,2,40.1187456,False,0,pos,3945.565258923211,0.7395651453094866,OnTrack,1212.0,7064.0,7280.0
2026-09-13 14:35:41.283,0 days 02:29:50.843000,63,1264.562499999995,0 days 00:01:08.859000,9830.0,102.0,2,45.0,False,0,car,3949.6450000000036,0.740329860655522,OnTrack,1239.160410984388,7033.941664797425,7279.353693834123
2026-09-13 14:35:41.341,0 days 02:29:50.901000,63,1265.4486091555505,0 days 00:01:08.917000,9935.8497664,102.86999808,2,46.73999616,False,0,pos,3951.3214854019266,0.7406441046455506,OnTrack,1250.0,7021.0,7279.0
2026-09-13 14:35:41.461,0 days 02:29:51.021000,63,1267.2819424888835,0 days 00:01:09.037000,10154.8497664,104.66999808,2,50.33999616,False,0,pos,3954.8254847666176,0.7413009017403271,OnTrack,1272.0,6993.0,7278.0
2026-09-13 14:35:41.483,0 days 02:29:51.043000,63,1267.6180555555502,0 days 00:01:09.059000,10195.0,105.0,2,51.0,False,0,car,3955.478333333337,0.7414232730644408,OnTrack,1275.9374839887596,6987.784565274619,7277.803796432822
2026-09-13 14:35:41.701,0 days 02:29:51.261000,63,1271.4936088355505,0 days 00:01:09.277000,10571.958112,109.541664,2,60.083328,False,0,pos,3962.1260893096623,0.7426693425860369,OnTrack,1314.0,6935.0,7276.0
2026-09-13 14:35:41.723,0 days 02:29:51.283000,63,1271.884722222217,0 days 00:01:09.299000,10610.0,110.0,2,61.0,False,0,car,3962.8116666666706,0.7427978486642243,OnTrack,1317.9120718842444,6929.505377213069,7275.872919927555
2026-09-13 14:35:41.861,0 days 02:29:51.421000,63,1274.4913885651638,0 days 00:01:09.437000,9882.468709598294,113.4644347161986,2,67.3514636463641,False,0,pos,3967.1688473990384,0.7436145678894825,OnTrack,1343.0,6894.0,7275.0
2026-09-13 14:35:41.962,0 days 02:29:51.522000,63,1276.3991666666607,0 days 00:01:09.538000,9350.0,116.0,3,72.0,False,0,car,3970.5127777777816,0.7442413613130273,OnTrack,1361.996328164612,6866.285508562169,7273.444693843087
2026-09-13 14:35:42.061,0 days 02:29:51.621000,63,1278.2966678933274,0 days 00:01:09.637000,9690.9314704,121.2593784,3,74.4750016,False,0,pos,3973.977447561486,0.7448907863874802,OnTrack,1381.0,6838.0,7272.0
2026-09-13 14:35:42.281,0 days 02:29:51.841000,63,1282.5133345599943,0 days 00:01:09.857000,10448.5564704,132.9468784,3,79.9750016,False,0,pos,3982.295460986984,0.7464499325183931,OnTrack,1424.0,6773.0,7271.0
2026-09-13 14:35:42.282,0 days 02:29:51.842000,63,1282.5324999999943,0 days 00:01:09.858000,10452.0,133.0,3,80.0,False,0,car,3982.335000000004,0.7464573437951026,OnTrack,1424.1968525849907,6772.703166132453,7270.988032949041
2026-09-13 14:35:42.401,0 days 02:29:51.961000,63,1284.7472234133277,0 days 00:01:09.977000,10785.2001792,138.35500288,3,82.67750144,False,0,pos,3987.150488267465,0.7473599691596702,OnTrack,1449.0,6735.0,7269.0
2026-09-13 14:35:42.682,0 days 02:29:52.242000,63,1289.9769444444387,0 days 00:01:10.258000,11572.0,151.0,3,89.0,False,0,car,3999.1127777777815,0.7496022061521832,OnTrack,1537.1762821953496,6591.263289570707,7266.29378462529
2026-09-13 14:35:42.741,0 days 02:29:52.301000,63,1291.0422233777722,0 days 00:01:10.317000,11743.468936,152.843752,3,93.0562544,False,0,pos,4001.6506308910316,0.7500779067383617,OnTrack,1553.0,6565.0,7266.0
2026-09-13 14:35:42.842,0 days 02:29:52.402000,63,1292.8658333333278,0 days 00:01:10.418000,12037.0,156.0,3,100.0,False,0,car,4006.0461111111154,0.7509018049010696,OnTrack,1574.3937153000468,6529.2775712901885,7265.631549507308
2026-09-13 14:35:43.082,0 days 02:29:52.642000,63,1297.3991666666611,0 days 00:01:10.658000,10809.0,164.0,4,100.0,False,0,car,4016.9794444444483,0.7529511721589286,OnTrack,1605.438436646331,6475.98193414557,7265.210273678786
2026-09-13 14:35:43.161,0 days 02:29:52.721000,63,1298.9133345599946,0 days 00:01:10.737000,11024.5220496,166.2218768,4,100.0,False,0,pos,4020.6709609698487,0.7536431178692031,OnTrack,1618.0,6454.0,7265.0
2026-09-13 14:35:43.361,0 days 02:29:52.921000,63,1302.746667893328,0 days 00:01:10.937000,11570.1470496,171.8468768,4,100.0,False,0,pos,4030.2906398320706,0.7554462509385347,OnTrack,1666.0,6369.0,7264.0
2026-09-13 14:35:43.402,0 days 02:29:52.962000,63,1303.5324999999948,0 days 00:01:10.978000,11682.0,173.0,4,100.0,False,0,car,4032.3572222222256,0.7558336155378687,OnTrack,1682.6153156311084,6339.1921564165405,7263.594193503781
2026-09-13 14:35:43.541,0 days 02:29:53.101000,63,1305.7333343466612,0 days 00:01:11.117000,11878.916757333332,183.4250048,4,100.0,False,0,pos,4039.6268852387725,0.7571962566380316,OnTrack,1746.0,6225.0,7262.0
2026-09-13 14:35:43.642,0 days 02:29:53.202000,63,1307.3324999999945,0 days 00:01:11.218000,12022.0,191.0,4,100.0,False,0,car,4045.0905555555596,0.7582203786247657,OnTrack,1774.5721752790532,6173.376655985509,7261.337343201403
2026-09-13 14:35:43.921,0 days 02:29:53.481000,63,1311.9050010488832,0 days 00:01:11.497000,11092.92978688,198.67250176,4,100.0,False,0,pos,4060.691089025362,0.7611445758044744,OnTrack,1809.0,6111.0,7261.0
2026-09-13 14:35:44.042,0 days 02:29:53.602000,63,1313.8880555555497,0 days 00:01:11.618000,10690.0,202.0,5,100.0,False,0,car,4067.5350000000035,0.7624274130362243,OnTrack,1838.8400566095572,6057.563534375662,7260.7120487692555
2026-09-13 14:35:44.201,0 days 02:29:53.761000,63,1316.6263899911057,0 days 00:01:11.777000,10917.5688416,203.9875008,5,100.0,False,0,pos,4076.544459831398,0.7641161653523333,OnTrack,1885.0,5975.0,7260.0
2026-09-13 14:35:44.202,0 days 02:29:53.762000,63,1316.6436111111057,0 days 00:01:11.778000,10919.0,204.0,5,100.0,False,0,car,4076.6016666666706,0.7641268883232296,OnTrack,1885.2677379117044,5974.520628525814,7259.993823965421
2026-09-13 14:35:44.442,0 days 02:29:54.002000,63,1320.7769444444393,0 days 00:01:12.018000,10953.0,209.0,5,100.0,False,0,pos,4090.5350000000035,0.7667385819628183,OnTrack,1952.0,5855.0,7258.0
2026-09-13 14:35:44.662,0 days 02:29:54.222000,63,1325.2380607466616,0 days 00:01:12.238000,10941.44998656,209.0,5,60.94995456,False,0,pos,4103.363937015239,0.7691432652072233,OnTrack,2049.0,5682.0,7256.0
2026-09-13 14:35:44.842,0 days 02:29:54.402000,63,1328.8880555555506,0 days 00:01:12.418000,10932.0,209.0,5,29.0,True,0,car,4113.757222222226,0.7710914046954663,OnTrack,2088.8417360710796,5612.24818193606,7255.459735346014
2026-09-13 14:35:45.021,0 days 02:29:54.581000,63,1333.1144459555505,0 days 00:01:12.597000,10826.0916288,206.0166656,5,29.0,True,0,pos,4123.926606387894,0.7729975756962326,OnTrack,2119.0,5563.0,7255.0
2026-09-13 14:35:45.181,0 days 02:29:54.741000,63,1336.8922237333284,0 days 00:01:12.757000,10731.424962133333,203.34999893333332,5,29.0,True,0,pos,4132.888867539722,0.7746774809914404,OnTrack,2167.0,5487.0,7254.0
2026-09-13 14:35:45.202,0 days 02:29:54.762000,63,1337.3880555555506,0 days 00:01:12.778000,10719.0,203.0,5,29.0,True,0,car,4134.057222222226,0.7748964798785035,OnTrack,2173.7399962267996,5477.101394714356,7253.929947587137
2026-09-13 14:35:45.401,0 days 02:29:54.961000,63,1342.805275818549,0 days 00:01:12.977000,10538.412876700098,199.4590760137274,5,29.708184797254514,True,0,pos,4145.037111956248,0.7769545737671446,OnTrack,2239.0,5392.0,7254.0
2026-09-13 14:35:45.483,0 days 02:29:55.043000,63,1345.037499999995,0 days 00:01:13.059000,10464.0,198.0,5,30.0,False,0,car,4149.512222222226,0.7777933979550474,OnTrack,2267.0460894530006,5360.261621536632,7254.010657711539
2026-09-13 14:35:45.541,0 days 02:29:55.101000,63,1346.7291629333283,0 days 00:01:13.117000,10451.594471822222,197.35555697777778,5,33.54443662222222,False,0,pos,4152.659948038196,0.7783834143779713,OnTrack,2290.0,5338.0,7254.0
2026-09-13 14:35:45.841,0 days 02:29:55.401000,63,1355.4791629333283,0 days 00:01:13.417000,10387.427805155556,194.02222364444444,5,51.87776995555556,False,0,pos,4168.8043703743415,0.7814095592437711,OnTrack,2454.0,5228.0,7254.0
2026-09-13 14:35:45.843,0 days 02:29:55.403000,63,1355.537499999995,0 days 00:01:13.419000,10387.0,194.0,5,52.0,False,0,car,4168.912222222226,0.7814297752235657,OnTrack,2455.0185030219645,5227.462048014154,7254.001285422987
2026-09-13 14:35:46.083,0 days 02:29:55.643000,63,1362.8041666666613,0 days 00:01:13.659000,10514.0,195.0,5,68.0,False,0,car,4181.912222222227,0.7838665228777276,OnTrack,2555.8856034693254,5188.842118030497,7254.323728890909
2026-09-13 14:35:46.281,0 days 02:29:55.841000,63,1368.7991627911067,0 days 00:01:13.857000,10646.2356288,196.4142848,5,75.7785664,False,0,pos,4192.749837573542,0.785897948553422,OnTrack,2643.0,5177.0,7255.0
2026-09-13 14:35:46.363,0 days 02:29:55.923000,63,1371.2819444444403,0 days 00:01:13.939000,10701.0,197.0,5,79.0,False,0,car,4197.234444444448,0.786738552805154,OnTrack,2688.0433467794314,5173.2482714648895,7255.424038136851
2026-09-13 14:35:46.441,0 days 02:29:56.001000,63,1373.7086071288843,0 days 00:01:14.017000,10734.1499456,197.0,5,83.54999253333334,False,0,pos,4201.487031155804,0.7875356667046168,OnTrack,2733.0,5171.0,7256.0
2026-09-13 14:35:46.541,0 days 02:29:56.101000,63,1376.819718239995,0 days 00:01:14.117000,10776.6499456,197.0,5,89.38332586666667,False,0,pos,4206.941136291072,0.7885579957733796,OnTrack,2790.0,5171.0,7257.0
2026-09-13 14:35:46.603,0 days 02:29:56.163000,63,1378.7486111111057,0 days 00:01:14.179000,10803.0,197.0,5,93.0,False,0,car,4210.367777777782,0.7892002927429483,OnTrack,2825.2827830028527,5172.785547732749,7257.4479547778465
2026-09-13 14:35:46.741,0 days 02:29:56.301000,63,1382.8502739733278,0 days 00:01:14.317000,10856.12995072,201.13999616,5,97.82999552,False,0,pos,4218.130679261185,0.790655387510577,OnTrack,2904.0,5181.0,7258.0
2026-09-13 14:35:46.803,0 days 02:29:56.363000,63,1384.69305555555,0 days 00:01:14.379000,10880.0,203.0,5,100.0,False,0,car,4221.64555555556,0.7913142234001913,OnTrack,2939.5654175349146,5186.042489477574,7258.207746486326
2026-09-13 14:35:46.981,0 days 02:29:56.541000,63,1389.884718488884,0 days 00:01:14.557000,10981.45992704,204.77999872,5,100.0,False,0,pos,4231.7728516061725,0.7932125053151399,OnTrack,3042.0,5203.0,7259.0
2026-09-13 14:35:47.003,0 days 02:29:56.563000,63,1390.526388888884,0 days 00:01:14.579000,10994.0,205.0,5,100.0,False,0,car,4233.034444444449,0.7934489809604612,OnTrack,3054.6255318364565,5205.002879141667,7259.167660904507
2026-09-13 14:35:47.201,0 days 02:29:56.761000,63,1396.0813852977715,0 days 00:01:14.777000,11078.1499456,208.29999786666667,5,100.0,False,0,pos,4244.510595636838,0.7956000951525272,OnTrack,3168.0,5222.0,7261.0
2026-09-13 14:35:47.243,0 days 02:29:56.803000,63,1397.2597222222157,0 days 00:01:14.819000,11096.0,209.0,5,100.0,False,0,car,4246.967777777783,0.7960606746000501,OnTrack,3192.0858704873176,5225.584365770144,7261.254507607601
2026-09-13 14:35:47.403,0 days 02:29:56.963000,63,1401.1263888888816,0 days 00:01:14.979000,11233.0,212.0,5,93.0,False,0,car,4256.390000000006,0.7978267959767419,OnTrack,3284.1803887690794,5239.189350696101,7261.652501283673
2026-09-13 14:35:47.521,0 days 02:29:57.081000,63,1403.0602756799926,0 days 00:01:15.097000,11288.558273066667,212.98333226666668,5,81.2000128,False,0,pos,4263.393563617038,0.7991395588394017,OnTrack,3354.0,5247.0,7262.0
2026-09-13 14:35:47.643,0 days 02:29:57.203000,63,1405.059722222215,0 days 00:01:15.219000,11346.0,214.0,5,69.0,False,0,car,4270.656666666672,0.8005009703254117,OnTrack,3427.954059118162,5252.1918495798745,7262.670988992022
2026-09-13 14:35:47.701,0 days 02:29:57.261000,63,1405.5591655644373,0 days 00:01:15.277000,11345.6375008,214.0,5,66.4625056,False,0,pos,4274.108220358024,0.8011479368916128,OnTrack,3460.0,5254.0,7263.0
2026-09-13 14:35:47.803,0 days 02:29:57.363000,63,1406.4374999999927,0 days 00:01:15.379000,11345.0,214.0,5,62.0,False,0,car,4280.167777777784,0.802283753224525,OnTrack,3507.88541225154,5256.501916137332,7263.496513137337
2026-09-13 14:35:47.901,0 days 02:29:57.461000,63,1406.6008331199926,0 days 00:01:15.477000,11304.9833856,213.1833344,5,54.6500096,False,0,pos,4285.962368927859,0.8033699037161997,OnTrack,3578.0,5253.0,7264.0
2026-09-13 14:35:48.043,0 days 02:29:57.603000,63,1406.8374999999924,0 days 00:01:15.619000,11247.0,212.0,5,44.0,False,0,car,4294.301111111117,0.8049329352895624,OnTrack,3757.4102969912124,5232.426759753373,7264.9059633219085
2026-09-13 14:35:48.061,0 days 02:29:57.621000,63,1406.7225008177702,0 days 00:01:15.637000,11235.3000832,211.7750016,5,43.850001066666664,False,0,pos,4295.352267686156,0.8051299663140533,OnTrack,3777.0,5230.0,7265.0
2026-09-13 14:35:48.283,0 days 02:29:57.843000,63,1405.3041666666586,0 days 00:01:15.859000,11091.0,209.0,5,42.0,False,0,car,4308.234444444451,0.8075446289291511,OnTrack,3877.191301708483,5216.126050675678,7265.468232835447
2026-09-13 14:35:48.481,0 days 02:29:58.041000,63,1403.1041680888804,0 days 00:01:16.057000,11043.48003072,208.01000064,5,48.92999552,False,0,pos,4319.675022210646,0.8096890751625382,OnTrack,3935.0,5191.0,7265.0
2026-09-13 14:35:48.483,0 days 02:29:58.043000,63,1403.081944444436,0 days 00:01:16.059000,11043.0,208.0,5,49.0,False,0,car,4319.790000000006,0.8097106268439617,OnTrack,3936.2530578651804,5190.520766147628,7264.9918487288915
2026-09-13 14:35:48.681,0 days 02:29:58.241000,63,1400.1669435164172,0 days 00:01:16.257000,10956.43715837153,206.0100496177363,5,49.99497519113184,False,0,pos,4331.120018794636,0.811834349668533,OnTrack,4094.0,5131.0,7264.0
2026-09-13 14:35:48.682,0 days 02:29:58.242000,63,1400.1522222222138,0 days 00:01:16.258000,10956.0,206.0,5,50.0,False,0,car,4331.177222222228,0.8118450720006861,OnTrack,4094.639897239276,5130.741304570394,7263.995603030643
2026-09-13 14:35:48.962,0 days 02:29:58.522000,63,1395.5633333333253,0 days 00:01:16.538000,10974.0,206.0,5,56.0,False,0,car,4347.19944444445,0.8148483114171828,OnTrack,4185.915789823314,5079.508940888476,7263.077856127727
2026-09-13 14:35:48.981,0 days 02:29:58.541000,63,1395.1780542577696,0 days 00:01:16.557000,10983.3812816,205.8812496,5,57.9000064,False,0,pos,4348.281239838352,0.8150510854470577,OnTrack,4192.0,5075.0,7263.0
2026-09-13 14:35:49.122,0 days 02:29:58.682000,63,1392.3188888888808,0 days 00:01:16.698000,11053.0,205.0,5,72.0,False,0,car,4356.310555555561,0.8165561174653988,OnTrack,4249.428789268259,5032.214192350961,7262.282473149944
2026-09-13 14:35:49.321,0 days 02:29:58.881000,63,1387.675554062213,0 days 00:01:16.897000,11323.308420266667,208.31666773333333,5,80.29166933333333,False,0,pos,4367.8508499405,0.8187192547939247,OnTrack,4343.0,4953.0,7261.0
2026-09-13 14:35:49.362,0 days 02:29:58.922000,63,1386.7188888888795,0 days 00:01:16.938000,11379.0,209.0,5,82.0,False,0,car,4370.2438888888955,0.8191678111049878,OnTrack,4359.504499157307,4935.668792813981,7260.7247707541055
2026-09-13 14:35:49.501,0 days 02:29:59.061000,63,1383.2438872888795,0 days 00:01:17.077000,11462.4000384,210.7375008,5,87.2125024,False,0,pos,4378.382756181776,0.8206933777037155,OnTrack,4410.0,4874.0,7260.0
2026-09-13 14:35:49.522,0 days 02:29:59.082000,63,1382.7188888888795,0 days 00:01:17.098000,11475.0,211.0,5,88.0,False,0,car,4379.621666666673,0.8209256017204686,OnTrack,4417.358908787326,4864.178762711866,7259.9736469988975
2026-09-13 14:35:49.621,0 days 02:29:59.181000,63,1379.9413870933238,0 days 00:01:17.197000,11528.035748571428,212.76785828571428,5,92.24285988571428,False,0,pos,4385.505502114674,0.8220284803531906,OnTrack,4451.0,4816.0,7260.0
2026-09-13 14:35:49.802,0 days 02:29:59.362000,63,1374.8633333333237,0 days 00:01:17.378000,11625.0,216.0,5,100.0,False,0,car,4396.421666666673,0.8240746294581546,OnTrack,4504.588593136478,4720.314525796319,7259.198710709558
2026-09-13 14:35:49.841,0 days 02:29:59.401000,63,1373.639164657768,0 days 00:01:17.417000,11658.1500544,216.58500096,5,100.0,False,0,pos,4398.794272394472,0.8245193557228826,OnTrack,4515.0,4699.0,7259.0
2026-09-13 14:35:50.081,0 days 02:29:59.641000,63,1366.1058313244348,0 days 00:01:17.657000,11862.1500544,220.18500096,5,100.0,False,0,pos,4413.5504479453175,0.8272852846581075,OnTrack,4571.0,4564.0,7258.0
2026-09-13 14:35:50.202,0 days 02:29:59.762000,63,1362.307777777768,0 days 00:01:17.778000,11965.0,222.0,5,100.0,False,0,car,4421.08833333334,0.8286982019301539,OnTrack,4593.534620673262,4492.045098983915,7257.388688839917
2026-09-13 14:35:50.301,0 days 02:29:59.861000,63,1359.0352756622124,0 days 00:01:17.877000,11544.249728,223.65000106666668,5,100.0,False,0,pos,4427.303949670158,0.8298632702784544,OnTrack,4610.0,4432.0,7257.0
2026-09-13 14:35:50.562,0 days 02:30:00.122000,63,1350.4077777777675,0 days 00:01:18.138000,10435.0,228.0,6,100.0,False,0,car,4443.888333333341,0.8329718824312992,OnTrack,4648.622869568835,4271.546058627623,7256.983112686658
2026-09-13 14:35:50.601,0 days 02:30:00.161000,63,1349.0102754844343,0 days 00:01:18.177000,10447.025019733333,228.40625066666666,6,100.0,False,0,pos,4446.388951218649,0.8334406035671437,OnTrack,4654.0,4247.0,7257.0
2026-09-13 14:35:50.761,0 days 02:30:00.321000,63,1343.2769421511014,0 days 00:01:18.337000,10496.358353066667,230.07291733333332,6,100.0,False,0,pos,4456.708220553234,0.8353748693628141,OnTrack,4675.0,4147.0,7257.0
2026-09-13 14:35:51.002,0 days 02:30:00.562000,63,1334.6411111111017,0 days 00:01:18.578000,10570.666666666666,232.58333333333334,6,100.0,False,0,pos,4472.3574856161495,0.8383082008959999,OnTrack,4704.0,3996.0,7257.0
2026-09-13 14:35:51.042,0 days 02:30:00.602000,63,1333.2077777777686,0 days 00:01:18.618000,10583.0,233.0,6,100.0,False,0,car,4474.955000000006,0.8387950845176548,OnTrack,4710.094357825248,3956.318936993452,7257.000271910834
2026-09-13 14:35:51.182,0 days 02:30:00.742000,63,1327.996657137768,0 days 00:01:18.758000,10651.2501248,233.8750016,6,100.0,False,0,pos,4484.051644640754,0.8405001789398922,OnTrack,4732.0,3803.0,7257.0
2026-09-13 14:35:51.202,0 days 02:30:00.762000,63,1327.2522222222124,0 days 00:01:18.778000,10661.0,234.0,6,100.0,False,0,car,4485.355000000007,0.8407444826409843,OnTrack,4734.411287565402,3785.9215903826143,7256.999959400968
2026-09-13 14:35:51.402,0 days 02:30:00.962000,63,1319.5855555555463,0 days 00:01:18.978000,10762.0,236.0,6,100.0,False,0,car,4498.466111111117,0.843202057198173,OnTrack,4746.884473734544,3696.733477500369,7256.999933635163
2026-09-13 14:35:51.561,0 days 02:30:01.121000,63,1313.490553102213,0 days 00:01:19.137000,10813.313657018181,237.44545512727274,6,100.0,False,0,pos,4508.999097432697,0.8451763825605136,OnTrack,4755.0,3634.0,7257.0
2026-09-13 14:35:51.681,0 days 02:30:01.241000,63,1308.8905531022128,0 days 00:01:19.257000,10852.040929745455,238.53636421818183,6,100.0,False,0,pos,4517.009963542207,0.8466779563451405,OnTrack,4765.0,3556.0,7257.0
2026-09-13 14:35:51.842,0 days 02:30:01.402000,63,1302.7188888888795,0 days 00:01:19.418000,10904.0,240.0,6,100.0,False,0,car,4527.799444444451,0.8487003595973074,OnTrack,4779.083727120881,3450.533471301714,7257.000432725612
2026-09-13 14:35:51.921,0 days 02:30:01.481000,63,1299.866110042017,0 days 00:01:19.497000,10934.63266454088,240.53741516738387,6,100.0,False,0,pos,4533.108650786991,0.8496955285281265,OnTrack,4786.0,3397.0,7257.0
2026-09-13 14:35:52.141,0 days 02:30:01.701000,63,1291.9216690563771,0 days 00:01:19.717000,11019.938749849796,242.03401315525957,6,100.0,False,0,pos,4547.946244224946,0.8524767186053064,OnTrack,4805.0,3238.0,7257.0
2026-09-13 14:35:52.283,0 days 02:30:01.843000,63,1286.7938888888802,0 days 00:01:19.859000,11075.0,243.0,6,100.0,False,0,car,4557.56694444445,0.8542800431200196,OnTrack,4816.355956011284,3140.4808703784975,7257.015976104486
2026-09-13 14:35:52.421,0 days 02:30:01.981000,63,1281.8488934755467,0 days 00:01:19.997000,11100.0124768,244.7249984,6,100.0,False,0,pos,4566.953729086494,0.8560395220012982,OnTrack,4827.0,3050.0,7257.0
2026-09-13 14:35:52.443,0 days 02:30:02.003000,63,1281.0605555555467,0 days 00:01:20.019000,11104.0,245.0,6,100.0,False,0,car,4568.45583333334,0.856321079616668,OnTrack,4828.697619261094,3035.8103943518445,7256.990499860264
2026-09-13 14:35:52.641,0 days 02:30:02.201000,63,1274.5155597866576,0 days 00:01:20.217000,11158.899964509092,245.8999994181818,6,100.0,False,0,pos,4582.057672092702,0.8588706372081422,OnTrack,4845.0,2902.0,7257.0
2026-09-13 14:35:52.883,0 days 02:30:02.443000,63,1266.516111111102,0 days 00:01:20.459000,11226.0,247.0,6,100.0,False,0,car,4598.644722222229,0.8619797491691104,OnTrack,4871.92139557428,2686.5746067353034,7257.950893696076
2026-09-13 14:35:52.901,0 days 02:30:02.461000,63,1266.0161146666576,0 days 00:01:20.477000,11151.57052928,246.28000512,6,91.000064,False,0,pos,4599.864319740555,0.8622083531223261,OnTrack,4874.0,2671.0,7258.0
2026-09-13 14:35:53.083,0 days 02:30:02.643000,63,1260.9605555555463,0 days 00:01:20.659000,10399.0,239.0,6,0.0,True,0,car,4611.922500000007,0.8644685640808398,OnTrack,4894.703588404682,2527.3572688278214,7258.093004105043
2026-09-13 14:35:53.281,0 days 02:30:02.841000,63,1257.275557937769,0 days 00:01:20.857000,10024.78024192,214.250016,6,0.0,True,0,pos,4623.700414245067,0.8666762413814219,OnTrack,4913.0,2411.0,7258.0
2026-09-13 14:35:53.283,0 days 02:30:02.843000,63,1257.2383333333246,0 days 00:01:20.859000,10021.0,214.0,6,0.0,True,0,car,4623.811388888895,0.8666970427047311,OnTrack,4913.1417823903175,2410.101828005926,7258.001705257875
2026-09-13 14:35:53.483,0 days 02:30:03.043000,63,1255.4049999999916,0 days 00:01:21.059000,10021.0,188.0,6,0.0,True,0,car,4634.255833333339,0.8686547715892713,OnTrack,4922.965695241053,2348.309290710883,7258.440480658332
2026-09-13 14:35:53.643,0 days 02:30:03.203000,63,1254.5161111111029,0 days 00:01:21.219000,10369.0,179.0,6,0.0,True,0,car,4642.211388888894,0.8701459778460062,OnTrack,4931.524137332743,2299.6309292969763,7258.90116763808
2026-09-13 14:35:53.721,0 days 02:30:03.281000,63,1254.7977773155474,0 days 00:01:21.297000,10574.863947885715,173.42858057142857,6,0.0,True,0,pos,4645.885557041654,0.8708346717404087,OnTrack,4940.0,2253.0,7259.0
2026-09-13 14:35:53.881,0 days 02:30:03.441000,63,1255.375555093325,0 days 00:01:21.457000,10997.149662171429,162.00000914285715,6,0.0,True,0,pos,4652.889851065377,0.8721475715120525,OnTrack,4963.0,2128.0,7259.0
2026-09-13 14:35:53.923,0 days 02:30:03.483000,63,1255.5272222222138,0 days 00:01:21.499000,11108.0,159.0,5,0.0,True,0,car,4654.578055555561,0.8724640121529139,OnTrack,4967.493790477217,2103.9919848823315,7259.004918951506
2026-09-13 14:35:54.163,0 days 02:30:03.723000,63,1259.0605555555476,0 days 00:01:21.739000,11284.0,128.0,3,0.0,True,0,car,4663.111388888895,0.8740635183053894,OnTrack,4977.159631488516,2057.7752973827664,7259.1136510077595
2026-09-13 14:35:54.261,0 days 02:30:03.821000,63,1261.5105523555474,0 days 00:01:21.837000,10978.48539904,123.1000064,3,0.0,True,0,pos,4666.239447413087,0.8746498482493053,OnTrack,4981.0,2042.0,7259.0
2026-09-13 14:35:54.541,0 days 02:30:04.101000,63,1268.5105523555467,0 days 00:01:22.117000,10105.58539904,109.1000064,3,0.0,True,0,pos,4674.476333472103,0.8761937876940671,OnTrack,5002.0,1956.0,7258.0
2026-09-13 14:35:54.563,0 days 02:30:04.123000,63,1269.0605555555467,0 days 00:01:22.139000,10037.0,108.0,2,0.0,True,0,car,4675.111388888895,0.876312823832308,OnTrack,5004.149430533611,1948.3069389974357,7257.901060636593
2026-09-13 14:35:54.723,0 days 02:30:04.283000,63,1273.682777777769,0 days 00:01:22.299000,11098.0,102.0,1,0.0,True,0,car,4679.644722222229,0.8771625614758106,OnTrack,5021.5598312528855,1892.3052472637007,7257.158682225157
2026-09-13 14:35:54.761,0 days 02:30:04.321000,63,1275.065550897769,0 days 00:01:22.337000,10932.0672256,100.416672,1,0.0,True,0,pos,4680.657374718885,0.877352375213942,OnTrack,5026.0,1880.0,7257.0
2026-09-13 14:35:55.083,0 days 02:30:04.643000,63,1286.7827777777693,0 days 00:01:22.659000,9526.0,87.0,1,0.0,True,0,car,4688.3447222222285,0.8787933079828266,OnTrack,5065.339545950637,1798.5369397500392,7256.0908304081895
2026-09-13 14:35:55.161,0 days 02:30:04.721000,63,1289.9027751642107,0 days 00:01:22.737000,9305.707297505443,85.36820220374403,1,0.0,True,0,pos,4690.139407461124,0.8791297076017374,OnTrack,5073.0,1786.0,7256.0
2026-09-13 14:35:55.322,0 days 02:30:04.882000,63,1296.3427777777688,0 days 00:01:22.898000,8851.0,82.0,1,0.0,True,0,car,4693.7886111111175,0.8798137220966357,OnTrack,5085.220921200742,1769.3142302413983,7255.975846106623
2026-09-13 14:35:55.421,0 days 02:30:04.981000,63,1300.66028056888,0 days 00:01:22.997000,8705.593656,80.453124,1,0.0,True,0,pos,4695.9624836557305,0.8802211973907537,OnTrack,5095.0,1759.0,7256.0
2026-09-13 14:35:55.621,0 days 02:30:05.181000,63,1309.3825027911018,0 days 00:01:23.197000,8411.843656000001,77.328124,1,0.0,True,0,pos,4700.198557935598,0.8810152161649321,OnTrack,5126.0,1731.0,7256.0
2026-09-13 14:35:55.642,0 days 02:30:05.202000,63,1310.298333333324,0 days 00:01:23.218000,8381.0,77.0,1,0.0,False,0,car,4700.633055555562,0.8810966593231003,OnTrack,5129.6553754120205,1728.3896300742804,7255.989434900179
2026-09-13 14:35:55.941,0 days 02:30:05.501000,63,1324.5008363733239,0 days 00:01:23.517000,8662.2469352,73.2624992,1,10.2781272,False,0,pos,4706.691023612338,0.8822321777424337,OnTrack,5185.0,1704.0,7256.0
2026-09-13 14:35:55.962,0 days 02:30:05.522000,63,1325.498333333324,0 days 00:01:23.538000,8682.0,73.0,1,11.0,False,0,car,4707.121944444451,0.8823129504598786,OnTrack,5188.934412245046,1703.0690558770511,7256.07205969474
2026-09-13 14:35:56.161,0 days 02:30:05.721000,63,1335.2825031466573,0 days 00:01:23.737000,8948.1625856,74.99000064,1,16.970001919999998,False,0,pos,4711.288469753514,0.8830939328270219,OnTrack,5229.0,1700.0,7257.0
2026-09-13 14:35:56.362,0 days 02:30:05.922000,63,1345.1649999999909,0 days 00:01:23.938000,9217.0,77.0,1,23.0,False,0,car,4715.677500000007,0.8839166219929594,OnTrack,5282.497375418463,1709.8461857693549,7257.01182175317
2026-09-13 14:35:56.381,0 days 02:30:05.941000,63,1346.125558791102,0 days 00:01:23.957000,9249.062608,77.33250112,1,23.99750336,False,0,pos,4716.103254960981,0.8839964264085288,OnTrack,5287.0,1711.0,7257.0
2026-09-13 14:35:56.762,0 days 02:30:06.322000,63,1365.3872222222135,0 days 00:01:24.338000,9892.0,84.0,1,44.0,False,0,car,4725.01083333334,0.8856660818472294,OnTrack,5351.697740853725,1740.8333191336105,7256.994856663603
2026-09-13 14:35:56.821,0 days 02:30:06.381000,63,1368.3208365155465,0 days 00:01:24.397000,10050.71017216,85.4750016,1,46.9500032,False,0,pos,4726.44404532224,0.8859347261512194,OnTrack,5366.0,1750.0,7257.0
2026-09-13 14:35:56.962,0 days 02:30:06.522000,63,1375.331666666657,0 days 00:01:24.538000,10430.0,89.0,1,54.0,False,0,car,4729.955277777784,0.8865928790319318,OnTrack,5408.758341913152,1778.0131117157944,7257.000622057877
2026-09-13 14:35:57.001,0 days 02:30:06.561000,63,1377.3250032711014,0 days 00:01:24.577000,10472.737570133333,90.13750186666667,1,54.9750016,False,0,pos,4730.960611420022,0.8867813209084222,OnTrack,5421.0,1786.0,7257.0
2026-09-13 14:35:57.202,0 days 02:30:06.762000,63,1387.5983333333234,0 days 00:01:24.778000,10693.0,96.0,1,60.0,False,0,car,4736.355277777785,0.8877925086462886,OnTrack,5480.53121171392,1824.0275229273318,7256.999201899307
2026-09-13 14:35:57.362,0 days 02:30:06.922000,63,1395.5983333333234,0 days 00:01:24.938000,9997.0,102.0,1,63.0,False,0,car,4740.888611111118,0.888642246289791,OnTrack,5518.086504560987,1847.6260207236858,7256.999904198846
2026-09-13 14:35:57.401,0 days 02:30:06.961000,63,1397.41833631999,0 days 00:01:24.977000,10102.462673066666,103.7062528,1,63.893751466666664,False,0,pos,4742.074457729072,0.8888645239024446,OnTrack,5525.0,1852.0,7257.0
2026-09-13 14:35:57.702,0 days 02:30:07.262000,63,1411.4650119466564,0 days 00:01:25.278000,10916.417358933333,116.8750112,1,70.79167253333334,False,0,pos,4752.347379205655,0.8907901021570176,OnTrack,5576.0,1874.0,7257.0
2026-09-13 14:35:57.842,0 days 02:30:07.402000,63,1417.998333333323,0 days 00:01:25.418000,11295.0,123.0,2,74.0,False,0,car,4757.288611111118,0.8917162971765799,OnTrack,5643.359347939902,1887.7711910260832,7256.99997602492
2026-09-13 14:35:58.002,0 days 02:30:07.562000,63,1425.5983333333234,0 days 00:01:25.578000,10175.0,127.0,3,79.0,False,0,car,4762.9330555555625,0.8927743038503526,OnTrack,5743.639136752537,1905.1470045964031,7256.999995563754
2026-09-13 14:35:58.061,0 days 02:30:07.621000,63,1428.2533362133233,0 days 00:01:25.637000,10271.694549333333,129.29444693333335,3,80.14722346666667,False,0,pos,4765.115168084594,0.8931833236646783,OnTrack,5775.0,1910.0,7257.0
2026-09-13 14:35:58.362,0 days 02:30:07.922000,63,1441.7983333333232,0 days 00:01:25.938000,10765.0,141.0,3,86.0,False,0,car,4777.033055555563,0.8954172378444819,OnTrack,5886.884470765673,1922.8276494121465,7256.999999233479
2026-09-13 14:35:58.401,0 days 02:30:07.961000,63,1443.5533348151475,0 days 00:01:25.977000,10848.66397105609,141.97095517666642,3,86.80912931388868,False,0,pos,4778.60794760318,0.8957124389600658,OnTrack,5898.0,1924.0,7257.0
2026-09-13 14:35:58.603,0 days 02:30:08.163000,63,1452.6433333333225,0 days 00:01:26.179000,11282.0,147.0,3,91.0,False,0,car,4786.8738888888965,0.8972618245783279,OnTrack,5947.804998330222,1930.073050058719,7257.000014062387
2026-09-13 14:35:58.821,0 days 02:30:08.381000,63,1462.2716610133232,0 days 00:01:26.397000,11334.86496896,151.35999744,3,41.40502912,False,0,pos,4796.2233256872,0.8990143029003277,OnTrack,6030.0,1941.0,7257.0
2026-09-13 14:35:59.003,0 days 02:30:08.563000,63,1470.3099999999904,0 days 00:01:26.579000,11379.0,155.0,3,0.0,True,0,car,4804.096111111118,0.9004899945475165,OnTrack,6150.233612602079,1956.2880801698943,7256.999953922427
2026-09-13 14:35:59.061,0 days 02:30:08.621000,63,1473.000549617768,0 days 00:01:26.637000,11122.06056704,153.5500032,3,0.0,True,0,pos,4806.569555208851,0.9009536221708127,OnTrack,6181.0,1960.0,7257.0
2026-09-13 14:35:59.203,0 days 02:30:08.763000,63,1479.5877777777678,0 days 00:01:26.779000,10493.0,150.0,3,0.0,True,0,car,4812.429444444451,0.9020520122745432,OnTrack,6221.938895273151,1964.1722535786141,7257.000310123229
2026-09-13 14:35:59.361,0 days 02:30:08.921000,63,1487.6194379377685,0 days 00:01:26.937000,9804.7130576,135.187512,3,0.0,True,0,pos,4818.355738075143,0.903162849359348,OnTrack,6251.0,1966.0,7257.0
2026-09-13 14:35:59.363,0 days 02:30:08.923000,63,1487.721111111102,0 days 00:01:26.939000,9796.0,135.0,3,0.0,True,0,car,4818.429444444451,0.9031766650380025,OnTrack,6251.560666426425,1966.0442092392273,7256.999984330228
2026-09-13 14:35:59.563,0 days 02:30:09.123000,63,1498.2211111111,0 days 00:01:27.139000,9377.0,131.0,3,0.0,True,0,car,4825.70722222223,0.9045408271862727,OnTrack,6325.304641597864,1971.715701902454,7256.999370896651
2026-09-13 14:35:59.581,0 days 02:30:09.141000,63,1499.2361038933223,0 days 00:01:27.157000,9331.700322133333,130.25000533333332,3,0.0,True,0,pos,4826.33803570021,0.904659068206479,OnTrack,6332.0,1972.0,7257.0
2026-09-13 14:35:59.741,0 days 02:30:09.301000,63,1508.2583261155448,0 days 00:01:27.317000,8929.033655466666,123.58333866666666,3,0.0,True,0,pos,4831.738836744296,0.905671405843,OnTrack,6387.0,1972.0,7257.0
2026-09-13 14:35:59.803,0 days 02:30:09.363000,63,1511.7544444444338,0 days 00:01:27.379000,8773.0,121.0,3,0.0,True,0,car,4833.773888888896,0.9060528603460346,OnTrack,6407.692074689913,1971.296751341767,7256.98097222605
2026-09-13 14:35:59.941,0 days 02:30:09.501000,63,1519.7277703822117,0 days 00:01:27.517000,8561.687696,116.687504,3,0.0,True,0,pos,4838.229035540082,0.9068879425115133,OnTrack,6453.0,1968.0,7257.0
2026-09-13 14:35:59.963,0 days 02:30:09.523000,63,1520.9988888888784,0 days 00:01:27.539000,8528.0,116.0,3,0.0,False,0,car,4838.929444444451,0.9070192286464884,OnTrack,6460.0364770522165,1967.1255180901765,7257.032908985427
2026-09-13 14:36:00.243,0 days 02:30:09.803000,63,1537.721111111101,0 days 00:01:27.819000,8305.0,112.0,3,0.0,False,0,car,4847.640555555562,0.908652057843807,OnTrack,6544.440368845055,1947.0702966489619,7257.926320458679
2026-09-13 14:36:00.281,0 days 02:30:09.841000,63,1540.022214471101,0 days 00:01:27.857000,8261.5376464,111.5250016,3,1.1874959999999999,False,0,pos,4848.806308665043,0.9088705690864886,OnTrack,6555.0,1943.0,7258.0
2026-09-13 14:36:00.403,0 days 02:30:09.963000,63,1547.4099999999899,0 days 00:01:27.979000,8122.0,110.0,3,5.0,False,0,car,4852.529444444451,0.909568441576996,OnTrack,6587.360679600482,1927.6345239309528,7258.0623268433865
2026-09-13 14:36:00.441,0 days 02:30:10.001000,63,1549.73221439999,0 days 00:01:28.017000,8220.7996672,109.7625008,3,7.8499904,False,0,pos,4853.682395198509,0.9097845531189434,OnTrack,6597.0,1922.0,7258.0
2026-09-13 14:36:00.563,0 days 02:30:10.123000,63,1557.1877777777681,0 days 00:01:28.139000,8538.0,109.0,3,17.0,False,0,car,4857.373888888895,0.9104764945489742,OnTrack,6626.60634173326,1900.9454249519335,7257.4878847547225
2026-09-13 14:36:00.681,0 days 02:30:10.241000,63,1564.3988810666572,0 days 00:01:28.257000,8578.316622933333,109.49166613333334,3,25.8499904,False,0,pos,4860.961492314848,0.9111489625668399,OnTrack,6653.0,1877.0,7257.0
2026-09-13 14:36:00.803,0 days 02:30:10.363000,63,1571.854444444435,0 days 00:01:28.379000,8620.0,110.0,3,35.0,False,0,car,4864.707222222229,0.9118510701487578,OnTrack,6677.6712420913145,1849.263952665883,7256.95461200296
2026-09-13 14:36:00.881,0 days 02:30:10.441000,63,1576.5994366577686,0 days 00:01:28.457000,8661.274932266666,110.9749984,3,37.9249952,False,0,pos,4867.130026428582,0.9123052057230904,OnTrack,6692.0,1830.0,7257.0
2026-09-13 14:36:01.041,0 days 02:30:10.601000,63,1586.3327699911022,0 days 00:01:28.617000,8745.941598933334,112.9749984,3,43.9249952,False,0,pos,4872.176702987148,0.9132511655127367,OnTrack,6718.0,1787.0,7257.0
2026-09-13 14:36:01.043,0 days 02:30:10.603000,63,1586.4544444444355,0 days 00:01:28.619000,8747.0,113.0,3,44.0,False,0,car,4872.2405555555615,0.91326313417399,OnTrack,6718.302717799677,1786.4374321699165,7256.999860284395
2026-09-13 14:36:01.281,0 days 02:30:10.841000,63,1600.734436764435,0 days 00:01:28.857000,9273.5747168,116.96666453333333,3,56.891659733333334,False,0,pos,4879.974441266177,0.9147127901634436,OnTrack,6751.0,1717.0,7257.0
2026-09-13 14:36:01.283,0 days 02:30:10.843000,63,1600.854444444435,0 days 00:01:28.859000,9278.0,117.0,3,57.0,False,0,car,4880.040555555562,0.9147251827664871,OnTrack,6751.24886168393,1716.4219222261659,7257.000021849143
2026-09-13 14:36:01.481,0 days 02:30:11.041000,63,1612.514436906658,0 days 00:01:29.057000,9645.949762133334,121.12499733333334,3,61.9499968,False,0,pos,4886.704766082851,0.9159743365641189,OnTrack,6776.0,1654.0,7257.0
2026-09-13 14:36:01.523,0 days 02:30:11.083000,63,1614.9877777777692,0 days 00:01:29.099000,9724.0,122.0,3,63.0,False,0,car,4888.173888888895,0.9162497120680652,OnTrack,6782.474640637345,1635.752080879202,7256.999936714565
2026-09-13 14:36:01.701,0 days 02:30:11.261000,63,1624.7283263288803,0 days 00:01:29.277000,10108.722450618181,128.06817745454546,3,68.25908712727272,False,0,pos,4894.670187519366,0.9174673921025679,OnTrack,6812.0,1548.0,7257.0
2026-09-13 14:36:01.963,0 days 02:30:11.523000,63,1639.0655555555468,0 days 00:01:29.539000,10675.0,137.0,3,76.0,False,0,car,4904.918333333339,0.9193883263542376,OnTrack,6835.413455543625,1473.6913796338652,7257.000121222186
2026-09-13 14:36:02.161,0 days 02:30:11.721000,63,1649.185555977626,0 days 00:01:29.737000,11123.516147738712,145.51612938744387,3,80.96774214267559,False,0,pos,4913.07690543651,0.9209175864645229,OnTrack,6848.0,1427.0,7257.0
2026-09-13 14:36:02.242,0 days 02:30:11.802000,63,1653.325555555547,0 days 00:01:29.818000,11307.0,149.0,3,83.0,False,0,car,4916.465833333339,0.9215528143185786,OnTrack,6854.382909037223,1402.3097138969865,7256.999864997557
2026-09-13 14:36:02.402,0 days 02:30:11.962000,63,1661.2811111111023,0 days 00:01:29.978000,12004.0,153.0,3,100.0,False,0,car,4923.265833333339,0.9228274207838324,OnTrack,6869.012704994554,1344.625675312562,7256.999728004465
2026-09-13 14:36:02.461,0 days 02:30:12.021000,63,1663.8705583644357,0 days 00:01:30.037000,11793.730327466666,155.9500032,3,100.0,False,0,pos,4925.898320529531,0.9233208597838269,OnTrack,6875.0,1321.0,7257.0
2026-09-13 14:36:02.601,0 days 02:30:12.161000,63,1670.0150028088806,0 days 00:01:30.177000,11294.785883022223,162.9500032,3,100.0,False,0,pos,4932.466044308892,0.9245519279001765,OnTrack,6890.0,1261.0,7257.0
2026-09-13 14:36:02.762,0 days 02:30:12.322000,63,1677.0811111111034,0 days 00:01:30.338000,10721.0,171.0,3,100.0,False,0,car,4940.36583333334,0.9260326811596915,OnTrack,6905.91456782631,1189.5530648200775,7256.994657867502
2026-09-13 14:36:02.801,0 days 02:30:12.361000,63,1678.6086136177698,0 days 00:01:30.377000,10835.46518784,172.4625024,3,100.0,False,0,pos,4942.316776927678,0.9263983701771458,OnTrack,6910.0,1170.0,7257.0
2026-09-13 14:36:03.162,0 days 02:30:12.722000,63,1692.7477777777685,0 days 00:01:30.738000,11895.0,186.0,4,100.0,False,0,car,4961.032500000007,0.9299064851227179,OnTrack,6952.198099582251,953.8083189337433,7257.028206451104
2026-09-13 14:36:03.181,0 days 02:30:12.741000,63,1693.407502222213,0 days 00:01:30.757000,11848.8654696,186.593752,4,100.0,False,0,pos,4962.047116281206,0.9300966669568016,OnTrack,6954.0,944.0,7257.0
2026-09-13 14:36:03.482,0 days 02:30:13.042000,63,1703.8588888888798,0 days 00:01:31.058000,11118.0,196.0,4,100.0,False,0,car,4978.454722222229,0.9331721435173553,OnTrack,6974.933968045725,821.1195634804278,7256.134053749564
2026-09-13 14:36:03.561,0 days 02:30:13.121000,63,1706.2947241955465,0 days 00:01:31.137000,11001.145738666666,197.64583466666667,4,100.0,False,0,pos,4982.835519416135,0.9339932894624021,OnTrack,6981.0,785.0,7256.0
2026-09-13 14:36:03.722,0 days 02:30:13.282000,63,1711.2588888888795,0 days 00:01:31.298000,10763.0,201.0,5,100.0,False,0,car,4991.854722222229,0.9356838680224143,OnTrack,6995.859717515423,697.5791117288467,7255.986741933253
2026-09-13 14:36:03.781,0 days 02:30:13.341000,63,1712.6355570488793,0 days 00:01:31.357000,10848.5500928,202.4750016,5,100.0,False,0,pos,4995.1943320048085,0.9363098515842235,OnTrack,7001.0,665.0,7256.0
2026-09-13 14:36:03.882,0 days 02:30:13.442000,63,1714.9922222222121,0 days 00:01:31.458000,10995.0,205.0,5,100.0,False,0,car,5000.96583333334,0.9373916740706303,OnTrack,7009.130654626921,609.2795088737071,7255.999771426148
2026-09-13 14:36:03.901,0 days 02:30:13.461000,63,1715.2877787733232,0 days 00:01:31.477000,11011.557198628572,205.40714422857144,5,100.0,False,0,pos,5002.061547408668,0.9375970570477601,OnTrack,7011.0,597.0,7256.0
2026-09-13 14:36:04.061,0 days 02:30:13.621000,63,1717.7766676622118,0 days 00:01:31.637000,11150.985770057143,208.83571565714286,5,100.0,False,0,pos,5011.4110858430695,0.9393495544206464,OnTrack,7031.0,474.0,7256.0
2026-09-13 14:36:04.162,0 days 02:30:13.722000,63,1719.347777777767,0 days 00:01:31.738000,11239.0,211.0,5,100.0,False,0,car,5017.3769444444515,0.9404678076477218,OnTrack,7040.670741046143,414.3367349459579,7255.93796345362
2026-09-13 14:36:04.222,0 days 02:30:13.782000,63,1719.6477790577671,0 days 00:01:31.798000,11277.500164266667,211.6666695111111,5,100.0,False,0,pos,5020.933964685722,0.9411345430883926,OnTrack,7046.0,382.0,7256.0
2026-09-13 14:36:04.522,0 days 02:30:14.082000,63,1721.1477777777673,0 days 00:01:32.098000,11470.0,215.0,5,100.0,False,0,car,5038.8769444444515,0.9444978133834508,OnTrack,7077.279029011382,205.9469030557627,7257.506866927295
2026-09-13 14:36:04.601,0 days 02:30:14.161000,63,1721.2794445511004,0 days 00:01:32.177000,11523.889329371428,216.12857234285715,5,100.0,False,0,pos,5043.652846225845,0.9453930185728597,OnTrack,7086.0,159.0,7257.0
2026-09-13 14:36:04.681,0 days 02:30:14.241000,63,1721.4127778844336,0 days 00:01:32.257000,11578.460757942858,217.2714294857143,5,100.0,False,0,pos,5048.511631554923,0.9463037596307602,OnTrack,7095.0,111.0,7256.0
2026-09-13 14:36:04.802,0 days 02:30:14.362000,63,1721.6144444444335,0 days 00:01:32.378000,11661.0,219.0,5,100.0,False,0,car,5055.910277777785,0.9476905776174936,OnTrack,7110.712775584124,25.651117002630528,7255.764328289044
2026-09-13 14:36:05.001,0 days 02:30:14.561000,63,1720.1772229049957,0 days 00:01:32.577000,11381.078971157001,218.1742742512006,5,24.03323111045489,False,0,pos,5068.074785387346,0.949970718800696,OnTrack,7136.0,-117.0,7257.0
2026-09-13 14:36:05.043,0 days 02:30:14.603000,63,1719.8738888888784,0 days 00:01:32.619000,11322.0,218.0,5,8.0,True,0,car,5070.504166666674,0.950426087195578,OnTrack,7139.759596306272,-139.61387149384643,7256.967523143683
2026-09-13 14:36:05.261,0 days 02:30:14.821000,63,1718.7233340088783,0 days 00:01:32.837000,10454.0880096,196.8812624,5,2.5500032000000004,True,0,pos,5082.016650594125,0.9525840116727928,OnTrack,7153.0,-232.0,7256.0
2026-09-13 14:36:05.363,0 days 02:30:14.923000,63,1718.1849999999895,0 days 00:01:32.939000,10048.0,187.0,5,0.0,True,0,car,5087.126388888896,0.9535417918884208,OnTrack,7159.035778176681,-283.0124108257469,7256.246758289672
2026-09-13 14:36:05.521,0 days 02:30:15.081000,63,1717.0438898133223,0 days 00:01:33.097000,9382.4255392,177.125008,5,0.0,True,0,pos,5094.898319631319,0.9549985791195674,OnTrack,7168.0,-366.0,7257.0
2026-09-13 14:36:05.523,0 days 02:30:15.083000,63,1717.0294444444335,0 days 00:01:33.099000,9374.0,177.0,5,0.0,True,0,car,5094.993055555563,0.9550163366227341,OnTrack,7168.09990272837,-366.9645254863513,7257.004152758606
2026-09-13 14:36:05.681,0 days 02:30:15.241000,63,1715.9761119644336,0 days 00:01:33.257000,9962.5495232,163.1750112,5,0.0,True,0,pos,5102.149814801035,0.956357814799873,OnTrack,7175.0,-441.0,7257.0
2026-09-13 14:36:05.683,0 days 02:30:15.243000,63,1715.9627777777669,0 days 00:01:33.259000,9970.0,163.0,5,0.0,True,0,car,5102.2375000000075,0.9563742507000961,OnTrack,7175.078013291452,-442.04030157225156,7256.999015792497
2026-09-13 14:36:06.041,0 days 02:30:15.601000,63,1713.576111964434,0 days 00:01:33.617000,10814.283031466666,149.07778275555555,5,0.0,True,0,pos,5117.05896693111,0.9591524179905269,OnTrack,7185.0,-650.0,7257.0
2026-09-13 14:36:06.043,0 days 02:30:15.603000,63,1713.5627777777672,0 days 00:01:33.619000,10819.0,149.0,4,0.0,True,0,car,5117.137500000007,0.9591671383960199,OnTrack,7185.022817956046,-650.783718351692,7257.000162753314
2026-09-13 14:36:06.243,0 days 02:30:15.803000,63,1712.5072222222116,0 days 00:01:33.819000,10238.0,138.0,3,0.0,True,0,car,5124.804166666674,0.9606041947048846,OnTrack,7185.203030416419,-695.6815473995995,7257.00285384599
2026-09-13 14:36:06.381,0 days 02:30:15.941000,63,1711.740556266656,0 days 00:01:33.957000,9874.8878368,135.4125024,3,0.0,True,0,pos,5129.983965559107,0.9615751072279741,OnTrack,7183.0,-725.0,7257.0
2026-09-13 14:36:06.403,0 days 02:30:15.963000,63,1711.6183333333229,0 days 00:01:33.979000,9817.0,135.0,3,0.0,True,0,car,5130.804166666674,0.9617288474683439,OnTrack,7182.47874243402,-731.6400113399496,7256.9998100300845
2026-09-13 14:36:06.563,0 days 02:30:16.123000,63,1710.773888888879,0 days 00:01:34.139000,9681.0,133.0,3,0.0,True,0,car,5136.715277777785,0.9628368387093814,OnTrack,7176.916921723065,-791.3221809700815,7256.999979820477
2026-09-13 14:36:06.581,0 days 02:30:16.141000,63,1710.708889351101,0 days 00:01:34.157000,9647.07024128,132.64000256,3,0.0,True,0,pos,5137.371271969906,0.9629597996562119,OnTrack,7176.0,-798.0,7257.0
2026-09-13 14:36:06.761,0 days 02:30:16.321000,63,1710.0588893511008,0 days 00:01:34.337000,9307.77024128,129.04000256,3,0.0,True,0,pos,5143.811712588175,0.9641670095460837,OnTrack,7163.0,-860.0,7257.0
2026-09-13 14:36:06.763,0 days 02:30:16.323000,63,1710.0516666666563,0 days 00:01:34.339000,9304.0,129.0,3,0.0,False,0,car,5143.881944444452,0.9641801739546244,OnTrack,7162.812193314389,-860.6671268231969,7257.000010025612
2026-09-13 14:36:06.963,0 days 02:30:16.523000,63,1709.4405555555459,0 days 00:01:34.539000,9082.0,124.0,3,0.0,False,0,car,5150.77083333334,0.9654714419422998,OnTrack,7139.194150306637,-925.8858724641851,7257.001822148027
2026-09-13 14:36:07.041,0 days 02:30:16.601000,63,1709.288889137768,0 days 00:01:34.617000,9126.8499264,123.0250016,3,5.199991466666667,False,0,pos,5153.4092140659795,0.9659659856393032,OnTrack,7128.0,-949.0,7257.0
2026-09-13 14:36:07.203,0 days 02:30:16.763000,63,1708.9738888888787,0 days 00:01:34.779000,9220.0,121.0,3,16.0,False,0,car,5158.837500000007,0.9669834751020618,OnTrack,7100.646321376707,-992.3593614478508,7256.994512397199
2026-09-13 14:36:07.241,0 days 02:30:16.801000,63,1708.9211112888786,0 days 00:01:34.817000,9230.857106285714,121.0,3,19.257131885714287,False,0,pos,5160.107377456304,0.9672215036338085,OnTrack,7092.0,-1003.0,7257.0
2026-09-13 14:36:07.441,0 days 02:30:17.001000,63,1708.6433335111003,0 days 00:01:35.017000,9287.999963428572,121.0,3,36.399989028571426,False,0,pos,5166.812181677737,0.968478266399823,OnTrack,7031.0,-1062.0,7257.0
2026-09-13 14:36:07.483,0 days 02:30:17.043000,63,1708.5849999999891,0 days 00:01:35.059000,9300.0,121.0,3,40.0,False,0,car,5168.248611111118,0.9687475137884508,OnTrack,7016.739036768981,-1072.3951313796545,7256.937803939475
2026-09-13 14:36:07.801,0 days 02:30:17.361000,63,1707.5250004266559,0 days 00:01:35.377000,9708.983168711111,127.18333084444444,3,55.8999936,False,0,pos,5179.518825291616,0.9708600267089299,OnTrack,6901.0,-1124.0,7256.0
2026-09-13 14:36:07.843,0 days 02:30:17.403000,63,1707.3849999999893,0 days 00:01:35.419000,9763.0,128.0,3,58.0,False,0,car,5181.048611111119,0.9711467730171639,OnTrack,6884.988639324864,-1128.74722788941,7255.931947120934
2026-09-13 14:36:08.163,0 days 02:30:17.723000,63,1706.1405555555448,0 days 00:01:35.739000,10462.0,134.0,3,70.0,False,0,car,5192.95972222223,0.973379417021661,OnTrack,6763.172497906593,-1154.206493723411,7255.969405221091
2026-09-13 14:36:08.241,0 days 02:30:17.801000,63,1705.9455558755449,0 days 00:01:35.817000,10654.562184,135.4624976,3,72.9249952,False,0,pos,5195.919062625994,0.9739341220821793,OnTrack,6738.0,-1159.0,7256.0
2026-09-13 14:36:08.323,0 days 02:30:17.883000,63,1705.7405555555451,0 days 00:01:35.899000,10857.0,137.0,3,76.0,False,0,car,5199.048611111119,0.9745207313075418,OnTrack,6714.2617410153025,-1163.7081142927252,7256.018004282569
2026-09-13 14:36:08.523,0 days 02:30:18.083000,63,1705.4072222222112,0 days 00:01:36.099000,11380.0,140.0,3,80.0,False,0,car,5206.826388888897,0.9759786145194336,OnTrack,6664.916476142702,-1174.1752376780837,7256.008217909698
2026-09-13 14:36:08.661,0 days 02:30:18.221000,63,1704.9855559466555,0 days 00:01:36.237000,11783.156768914285,146.8999936,3,82.46428342857143,False,0,pos,5212.567131780806,0.9770546715790492,OnTrack,6619.0,-1183.0,7256.0
2026-09-13 14:36:08.741,0 days 02:30:18.301000,63,1704.741111502211,0 days 00:01:36.317000,12016.871054628571,150.8999936,3,83.89285485714285,False,0,pos,5216.044482291099,0.9777064735558689,OnTrack,6586.0,-1189.0,7256.0
2026-09-13 14:36:08.803,0 days 02:30:18.363000,63,1704.5516666666554,0 days 00:01:36.379000,12198.0,154.0,3,85.0,False,0,car,5218.804166666675,0.9782237546657467,OnTrack,6559.881242771701,-1193.8958867199794,7256.000150382055
2026-09-13 14:36:08.941,0 days 02:30:18.501000,63,1703.938333409491,0 days 00:01:36.517000,12296.158983625626,161.5062752184303,3,92.5062752184303,False,0,pos,5225.147665499765,0.9794127935811859,OnTrack,6501.0,-1205.0,7256.0
2026-09-13 14:36:09.042,0 days 02:30:18.602000,63,1703.4894444444326,0 days 00:01:36.618000,12368.0,167.0,3,98.0,False,0,car,5229.891111111119,0.9803019151170407,OnTrack,6456.4182411938455,-1212.664704720349,7255.999954035109
2026-09-13 14:36:09.202,0 days 02:30:18.762000,63,1702.8227777777656,0 days 00:01:36.778000,11248.0,172.0,3,100.0,False,0,car,5237.535555555564,0.9817348060453001,OnTrack,6382.156718630234,-1224.7432499090946,7255.99999358706
2026-09-13 14:36:09.241,0 days 02:30:18.801000,63,1702.6386108088766,0 days 00:01:36.817000,11349.5220416,173.828128,3,100.0,False,0,pos,5239.467818653297,0.9820969935507325,OnTrack,6363.0,-1228.0,7256.0
2026-09-13 14:36:09.481,0 days 02:30:19.041000,63,1701.5052774755427,0 days 00:01:37.057000,11974.2720416,185.078128,3,100.0,False,0,pos,5251.96719569729,0.9844399033730735,OnTrack,6244.0,-1249.0,7256.0
2026-09-13 14:36:09.522,0 days 02:30:19.082000,63,1701.3116666666538,0 days 00:01:37.098000,12081.0,187.0,4,100.0,False,0,car,5254.157777777787,0.9848505107381428,OnTrack,6227.313129881651,-1251.8043165910842,7255.999999291474
2026-09-13 14:36:09.721,0 days 02:30:19.281000,63,1700.3166663466538,0 days 00:01:37.297000,10938.407965866667,194.4625024,4,100.0,False,0,pos,5264.9544697559595,0.9868742656497212,OnTrack,6156.0,-1263.0,7256.0
2026-09-13 14:36:09.762,0 days 02:30:19.322000,63,1700.111666666654,0 days 00:01:37.338000,10703.0,196.0,4,100.0,False,0,car,5267.224444444453,0.9872997545341208,OnTrack,6138.894568322203,-1265.701292615442,7256.0000000941145
2026-09-13 14:36:09.901,0 days 02:30:19.461000,63,1699.4938886044315,0 days 00:01:37.477000,11002.622360177778,200.63333546666667,4,100.0,False,0,pos,5275.051774324742,0.9887669258975165,OnTrack,6057.0,-1279.0,7256.0
2026-09-13 14:36:10.101,0 days 02:30:19.661000,63,1698.6049997155426,0 days 00:01:37.677000,11433.73347128889,207.30000213333332,4,100.0,False,0,pos,5286.756015361513,0.9909607937352162,OnTrack,5842.0,-1315.0,7256.0
2026-09-13 14:36:10.122,0 days 02:30:19.682000,63,1698.5116666666536,0 days 00:01:37.698000,11479.0,208.0,5,100.0,False,0,car,5288.024444444453,0.9911985507807797,OnTrack,5826.021821067831,-1317.6732715002022,7256.000000002436
2026-09-13 14:36:10.421,0 days 02:30:19.981000,63,1696.4352773333198,0 days 00:01:37.997000,12061.1157496,225.7531288,5,100.0,False,0,pos,5306.840569469905,0.9947254852820246,OnTrack,5733.0,-1333.0,7256.0
2026-09-13 14:36:10.442,0 days 02:30:20.002000,63,1696.289444444431,0 days 00:01:38.018000,12102.0,227.0,5,100.0,False,0,car,5308.202222222231,0.9949807163704872,OnTrack,5721.499230963422,-1334.9152814367653,7255.999999999697
2026-09-13 14:36:10.621,0 days 02:30:20.181000,63,1696.289444444431,0 days 00:01:38.197000,11640.62733504,233.26500224,5,100.0,False,0,pos,5319.987614849694,0.9971897954349752,OnTrack,5589.0,-1357.0,7256.0
2026-09-13 14:36:10.802,0 days 02:30:20.362000,63,1696.289444444431,0 days 00:01:38.378000,11174.1,239.6,5,100.0,False,0,pos,5332.230268743449,0.9994845845239233,OnTrack,5473.0,-1376.0,7256.0
2026-09-13 14:36:10.820,0 days 02:30:20.380000,63,1696.289444444431,0 days 00:01:38.396000,11127.70467008,240.23000448,5,100.0,False,0,interpolation,5333.465677934099,0.9997161522506345,OnTrack,5461.62328454801,-1377.8670856239964,7255.999999999987
