Date,SessionTime,DriverAhead,DistanceToDriverAhead,Time,RPM,Speed,nGear,Throttle,Brake,DRS,Source,Distance,RelativeDistance,Status,X,Y,Z
2026-09-13 14:28:50.136,0 days 02:22:59.696000,,163.8163888888889,0 days 00:00:00,11860.355555555556,227.68888888888887,5,100.0,False,0,interpolation,0.6342018085338549,0.00011810649774365354,OnTrack,5423.086623922179,-1384.229390322309,7255.999999999999
2026-09-13 14:28:50.161,0 days 02:22:59.721000,,163.8163888888889,0 days 00:00:00.025000,11837.994501688889,229.2861070222222,5,100.0,False,0,pos,2.3022224571158487,0.00042873960272257126,OnTrack,5406.0,-1387.0,7256.0
2026-09-13 14:28:50.360,0 days 02:22:59.920000,,163.8163888888889,0 days 00:00:00.224000,11660.0,242.0,6,100.0,False,0,car,15.926666666666662,0.002966000404633302,OnTrack,5300.471962031084,-1403.72787133487,7256.000000000008
2026-09-13 14:28:50.601,0 days 02:23:00.161000,,163.8163888888889,0 days 00:00:00.465000,11785.0187168,254.0499968,6,100.0,False,0,pos,33.179014306854,0.006178880485106516,OnTrack,5172.0,-1425.0,7256.0
2026-09-13 14:28:50.680,0 days 02:23:00.240000,12,163.8163888888889,0 days 00:00:00.544000,11826.0,258.0,6,100.0,False,0,car,38.86,0.007236842343494148,OnTrack,5109.776108211446,-1435.8669966871546,7255.999999999998
2026-09-13 14:28:50.681,0 days 02:23:00.241000,12,163.82638825154433,0 days 00:00:00.545000,11826.0,258.0,6,100.0,False,0,pos,38.931721317521344,0.007250198902103764,OnTrack,5109.0,-1436.0,7256.0
2026-09-13 14:28:50.901,0 days 02:23:00.461000,12,166.02638883577686,0 days 00:00:00.765000,11826.0,258.0,6,100.0,False,0,pos,54.68207331647813,0.010183364477785393,OnTrack,4959.0,-1460.0,7256.0
2026-09-13 14:28:50.921,0 days 02:23:00.481000,12,166.2263888888889,0 days 00:00:00.785000,11826.0,258.0,6,100.0,False,0,car,56.13166666666667,0.010453320178698723,OnTrack,4946.74478144058,-1461.9335588242643,7255.9999999998845
2026-09-13 14:28:51.241,0 days 02:23:00.801000,12,168.98194444444448,0 days 00:00:01.105000,10860.0,267.0,7,100.0,False,0,pos,79.865,0.014873144975891924,OnTrack,4711.0,-1500.0,7256.0
2026-09-13 14:28:51.421,0 days 02:23:00.981000,12,170.18194444444447,0 days 00:00:01.285000,10923.0,270.15,7,100.0,False,0,pos,93.43868831933595,0.01740095358080089,OnTrack,4470.0,-1539.0,7256.0
2026-09-13 14:28:51.641,0 days 02:23:01.201000,12,171.64861111111114,0 days 00:00:01.505000,11000.0,274.0,7,100.0,False,0,car,110.30944444444444,0.020542770417984326,OnTrack,4385.979103049407,-1553.250240693233,7255.999999947476
2026-09-13 14:28:51.701,0 days 02:23:01.261000,12,171.9152777777778,0 days 00:00:01.565000,11061.0,275.6666666666667,7,100.0,False,0,pos,114.9912273777324,0.021414652172350425,OnTrack,4363.0,-1557.0,7256.0
2026-09-13 14:28:51.961,0 days 02:23:01.521000,12,173.07083333333335,0 days 00:00:01.825000,11325.333333333334,282.8888888888889,7,100.0,False,0,pos,135.5521986531336,0.025243692510723812,OnTrack,4154.0,-1590.0,7256.0
2026-09-13 14:28:52.001,0 days 02:23:01.561000,12,173.24861111111113,0 days 00:00:01.865000,11366.0,284.0,7,100.0,False,0,car,138.70944444444444,0.02583166188878293,OnTrack,4114.801638713834,-1596.301775351669,7255.999999652059
2026-09-13 14:28:52.201,0 days 02:23:01.761000,12,173.85972222222227,0 days 00:00:02.065000,11501.0,284.0,7,100.0,False,0,car,154.48722222222221,0.02876993492811549,OnTrack,3912.389208125975,-1629.37117877648,7255.999997614936
2026-09-13 14:28:52.281,0 days 02:23:01.841000,12,173.2819444444445,0 days 00:00:02.145000,11539.285714285714,286.0,7,100.0,False,0,pos,160.8950305963817,0.029963251937150843,OnTrack,3847.0,-1640.0,7256.0
2026-09-13 14:28:52.481,0 days 02:23:02.041000,12,171.83750000000006,0 days 00:00:02.345000,11635.0,291.0,7,100.0,False,0,car,177.12055555555557,0.03298490829510171,OnTrack,3736.616903860676,-1657.5113667999512,7256.000013884014
2026-09-13 14:28:52.581,0 days 02:23:02.141000,12,169.36527777777783,0 days 00:00:02.445000,11654.444444444445,291.55555555555554,7,100.0,False,0,pos,185.24522422438844,0.03449795374670927,OnTrack,3672.0,-1668.0,7256.0
2026-09-13 14:28:52.721,0 days 02:23:02.281000,12,165.90416666666673,0 days 00:00:02.585000,11681.666666666666,292.3333333333333,7,100.0,False,0,pos,196.62691314879868,0.03661754943246969,OnTrack,3551.0,-1688.0,7256.0
2026-09-13 14:28:52.841,0 days 02:23:02.401000,12,162.93750000000006,0 days 00:00:02.705000,11705.0,293.0,7,100.0,False,0,car,206.42055555555555,0.03844140548152421,OnTrack,3452.8961306366655,-1703.7108364322776,7256.000290557942
2026-09-13 14:28:52.941,0 days 02:23:02.501000,12,160.40972222222229,0 days 00:00:02.805000,11736.25,294.25,7,100.0,False,0,pos,214.61327862850948,0.03996712460769184,OnTrack,3374.0,-1716.0,7256.0
2026-09-13 14:28:53.001,0 days 02:23:02.561000,12,158.8930555555556,0 days 00:00:02.865000,11755.0,295.0,7,100.0,False,0,car,219.53166666666667,0.04088306899308225,OnTrack,3325.834314058161,-1723.4121951482803,7255.9993055904915
2026-09-13 14:28:53.161,0 days 02:23:02.721000,12,153.7375000000001,0 days 00:00:03.025000,11844.0,295.0,7,100.0,False,0,car,232.64277777777775,0.043324732504640286,OnTrack,3191.3159438255943,-1743.6790098870308,7255.997152484423
2026-09-13 14:28:53.241,0 days 02:23:02.801000,12,150.80416666666676,0 days 00:00:03.105000,11844.222222222223,295.44444444444446,7,100.0,False,0,pos,239.22096094646554,0.0445497781685214,OnTrack,3113.0,-1755.0,7256.0
2026-09-13 14:28:53.521,0 days 02:23:03.081000,12,140.53750000000014,0 days 00:00:03.385000,11845.0,297.0,7,100.0,False,0,pos,262.34277777777777,0.04885572112022898,OnTrack,2795.0,-1799.0,7256.0
2026-09-13 14:28:53.861,0 days 02:23:03.421000,12,125.70972222222235,0 days 00:00:03.725000,11895.15,297.0,7,94.9,False,0,pos,290.3998557702973,0.05408075071495317,OnTrack,2524.0,-1836.0,7256.0
2026-09-13 14:28:53.921,0 days 02:23:03.481000,12,123.09305555555568,0 days 00:00:03.785000,11904.0,297.0,7,94.0,False,0,car,295.34277777777777,0.05500126402643862,OnTrack,2494.801373768737,-1840.1161348435724,7256.157096783706
2026-09-13 14:28:54.081,0 days 02:23:03.641000,12,115.80416666666679,0 days 00:00:03.945000,11904.0,297.0,7,94.0,True,0,car,308.54277777777776,0.05745948118892248,OnTrack,2430.58612462446,-1849.420052267918,7256.793634834978
2026-09-13 14:28:54.161,0 days 02:23:03.721000,12,112.026388888889,0 days 00:00:04.025000,11636.0,297.0,7,56.4,True,0,pos,315.2190582519952,0.058702795374019234,OnTrack,2369.0,-1858.0,7257.0
2026-09-13 14:28:54.281,0 days 02:23:03.841000,12,106.35972222222233,0 days 00:00:04.145000,11234.0,297.0,7,0.0,True,0,car,325.04277777777776,0.0605322526420273,OnTrack,2224.7917891458023,-1877.7437659037084,7257.076104266093
2026-09-13 14:28:54.421,0 days 02:23:03.981000,12,101.10972222222233,0 days 00:00:04.285000,11234.0,276.5833333333333,7,0.0,True,0,pos,335.57751384761565,0.06249412150635406,OnTrack,2054.0,-1901.0,7257.0
2026-09-13 14:28:54.521,0 days 02:23:04.081000,12,97.35972222222233,0 days 00:00:04.385000,11234.0,262.0,7,0.0,True,0,car,342.50944444444445,0.0637850450489504,OnTrack,1987.8672103178315,-1910.0384296233456,7256.980030686517
2026-09-13 14:28:54.760,0 days 02:23:04.320000,12,90.78722046222231,0 days 00:00:04.624000,11020.8916096,230.79721386666665,7,0.0,True,0,pos,357.19858846201254,0.06652058337669152,OnTrack,1922.0,-1919.0,7257.0
2026-09-13 14:28:54.881,0 days 02:23:04.441000,12,87.4597222222223,0 days 00:00:04.745000,10913.0,215.0,7,0.0,True,0,car,364.00944444444445,0.06778895936663244,OnTrack,1851.7823647343541,-1928.3423876259637,7257.00100608863
2026-09-13 14:28:54.960,0 days 02:23:04.520000,12,85.68222078222232,0 days 00:00:04.824000,10662.6685472,204.6312416,7,0.0,True,0,pos,368.3195107727224,0.06859161686811856,OnTrack,1803.0,-1935.0,7257.0
2026-09-13 14:28:55.041,0 days 02:23:04.601000,12,83.85972222222233,0 days 00:00:04.905000,10406.0,194.0,5,0.0,True,0,car,372.63166666666666,0.06939466350643671,OnTrack,1758.4760078322345,-1941.3501640953677,7256.999495239635
2026-09-13 14:28:55.200,0 days 02:23:04.760000,12,80.6355542577779,0 days 00:00:05.064000,10333.882113828571,188.88928365714287,5,0.0,True,0,pos,380.8016715866206,0.0709161518633919,OnTrack,1681.0,-1953.0,7257.0
2026-09-13 14:28:55.321,0 days 02:23:04.881000,12,78.18194444444458,0 days 00:00:05.185000,10279.0,185.0,5,0.0,True,0,car,387.0205555555555,0.07207428575005337,OnTrack,1622.2546685218554,-1961.9594344667787,7257.001490251131
2026-09-13 14:28:55.400,0 days 02:23:04.960000,12,76.44833192888902,0 days 00:00:05.264000,10340.81755008,185.0,5,0.0,True,0,pos,391.17964254556995,0.07284882658483495,OnTrack,1585.0,-1968.0,7257.0
2026-09-13 14:28:55.721,0 days 02:23:05.281000,12,69.40416666666675,0 days 00:00:05.585000,10592.0,185.0,4,0.0,True,0,car,407.5761111111111,0.07590231752664861,OnTrack,1450.1046740259999,-1995.1983968608718,7256.994337978091
2026-09-13 14:28:55.740,0 days 02:23:05.300000,12,69.2088882311112,0 days 00:00:05.604000,10543.233169066667,181.437488,4,0.0,True,0,pos,408.4043788933773,0.0760565646537319,OnTrack,1443.0,-1997.0,7257.0
2026-09-13 14:28:55.900,0 days 02:23:05.460000,12,67.56444378666677,0 days 00:00:05.764000,10132.5665024,151.437488,4,0.0,True,0,pos,414.6887361282924,0.07722689153328097,OnTrack,1385.0,-2015.0,7257.0
2026-09-13 14:28:55.961,0 days 02:23:05.521000,12,66.93750000000011,0 days 00:00:05.825000,9976.0,140.0,3,0.0,True,0,car,416.90944444444443,0.07764045087385942,OnTrack,1361.0154213499115,-2025.5223742147684,7256.86860533838
2026-09-13 14:28:56.180,0 days 02:23:05.740000,12,65.59916649022571,0 days 00:00:06.044000,10556.706843475595,130.12029944937552,3,0.0,True,0,pos,424.4221531502541,0.0790395318948718,OnTrack,1276.0,-2073.0,7256.0
2026-09-13 14:28:56.360,0 days 02:23:05.920000,12,64.49916666666678,0 days 00:00:06.224000,11034.0,122.0,2,0.0,True,0,car,430.4311111111111,0.08015857156063107,OnTrack,1237.2750288949112,-2100.701013097491,7255.605347762428
2026-09-13 14:28:56.520,0 days 02:23:06.080000,12,63.565833333333444,0 days 00:00:06.384000,10816.0,122.0,2,0.0,True,0,car,435.8533333333333,0.08116834426710592,OnTrack,1217.2462847202455,-2123.7089027200795,7255.2619160824825
2026-09-13 14:28:56.581,0 days 02:23:06.141000,12,63.39638906666678,0 days 00:00:06.445000,10760.228629942858,121.12857234285714,2,0.0,True,0,pos,437.8926999199282,0.08154813259617895,OnTrack,1208.0,-2136.0,7255.0
2026-09-13 14:28:56.800,0 days 02:23:06.360000,12,62.78805555555567,0 days 00:00:06.664000,10560.0,118.0,2,0.0,True,0,car,445.03111111111104,0.08287750872519654,OnTrack,1170.1573698772631,-2191.7522396373615,7253.999168003117
2026-09-13 14:28:56.801,0 days 02:23:06.361000,12,62.78722227555567,0 days 00:00:06.665000,10560.0,117.968752,2,0.0,True,0,pos,445.063045032875,0.08288345573387423,OnTrack,1170.0,-2192.0,7254.0
2026-09-13 14:28:56.960,0 days 02:23:06.520000,12,62.65472222222235,0 days 00:00:06.824000,10560.0,113.0,2,0.0,True,0,car,450.0533333333333,0.08381279000250522,OnTrack,1147.395971364927,-2232.4923266275205,7254.835801635818
2026-09-13 14:28:57.001,0 days 02:23:06.561000,12,62.76861093333346,0 days 00:00:06.865000,10483.12512,112.2312512,2,0.640624,True,0,pos,451.3039872946999,0.08404569750494155,OnTrack,1141.0,-2249.0,7255.0
2026-09-13 14:28:57.161,0 days 02:23:06.721000,12,63.21305537777792,0 days 00:00:07.025000,10183.12512,109.2312512,2,3.140624,True,0,pos,456.04320424180224,0.08492827511373713,OnTrack,1114.0,-2336.0,7255.0
2026-09-13 14:28:57.280,0 days 02:23:06.840000,12,63.54361111111126,0 days 00:00:07.144000,9960.0,107.0,2,5.0,False,0,car,459.5644444444444,0.08558403065156767,OnTrack,1102.7726347603682,-2376.074000265864,7254.971498216304
2026-09-13 14:28:57.521,0 days 02:23:07.081000,12,64.54777777777792,0 days 00:00:07.385000,9979.0,108.0,2,7.0,False,0,pos,466.79444444444437,0.08693046323374631,OnTrack,1095.0,-2405.0,7255.0
2026-09-13 14:28:58.521,0 days 02:23:08.081000,12,84.547777777778,0 days 00:00:08.385000,9453.038461538461,98.38461538461539,2,6.038461538461538,False,0,pos,494.01012312861724,0.0919988002360251,OnTrack,943.0,-2628.0,7251.0
2026-09-13 14:28:58.561,0 days 02:23:08.121000,12,85.34777777777799,0 days 00:00:08.425000,9432.0,98.0,2,6.0,False,0,car,495.1055555555555,0.09220280105361911,OnTrack,933.1656649277712,-2633.7731346314104,7250.638481416109
2026-09-13 14:28:58.721,0 days 02:23:08.281000,12,88.90333333333353,0 days 00:00:08.585000,9620.0,100.0,2,21.0,False,0,car,499.54999999999995,0.09303048359990998,OnTrack,892.0812667055451,-2652.8581273412196,7249.154584322947
2026-09-13 14:28:58.741,0 days 02:23:08.301000,12,89.35333333333355,0 days 00:00:08.605000,9620.0,100.5,2,21.0,False,0,pos,500.11825825486125,0.09313630952376022,OnTrack,887.0,-2655.0,7249.0
2026-09-13 14:28:58.881,0 days 02:23:08.441000,12,92.50333333333367,0 days 00:00:08.745000,9620.0,104.0,2,21.0,False,0,car,504.1722222222221,0.09389127344805245,OnTrack,850.3302565906548,-2669.0401059805895,7248.122123102841
2026-09-13 14:28:58.901,0 days 02:23:08.461000,12,93.03111111111144,0 days 00:00:08.765000,9691.714285714286,104.14285714285714,2,21.642857142857142,False,0,pos,504.75770073195343,0.09400030627539238,OnTrack,844.0,-2671.0,7248.0
2026-09-13 14:28:59.161,0 days 02:23:08.721000,12,99.89222222222253,0 days 00:00:09.025000,10624.0,106.0,2,30.0,False,0,car,512.4166666666666,0.09542662457142202,OnTrack,736.3667611393764,-2695.1741237148112,7246.299046468446
2026-09-13 14:28:59.221,0 days 02:23:08.781000,12,101.54222222222249,0 days 00:00:09.085000,10624.0,106.0,2,30.0,False,0,pos,514.1603660096727,0.09575135121166364,OnTrack,716.0,-2699.0,7246.0
2026-09-13 14:28:59.321,0 days 02:23:08.881000,12,104.29222222222245,0 days 00:00:09.185000,10624.0,106.0,2,30.0,False,0,car,517.1277777777777,0.09630396807049034,OnTrack,690.9357975862201,-2703.264925153912,7245.6364959751745
2026-09-13 14:28:59.521,0 days 02:23:09.081000,12,109.57000000000025,0 days 00:00:09.385000,11250.42857142857,116.71428571428571,2,39.285714285714285,False,0,pos,523.7545739453625,0.09753806686378119,OnTrack,651.0,-2708.0,7245.0
2026-09-13 14:28:59.601,0 days 02:23:09.161000,12,111.68111111111136,0 days 00:00:09.465000,11501.0,121.0,2,43.0,False,0,car,526.5388888888888,0.09805658586226122,OnTrack,625.4791496651628,-2710.859764273946,7244.53919125824
2026-09-13 14:28:59.681,0 days 02:23:09.241000,12,113.63666666666697,0 days 00:00:09.545000,11785.4,123.8,2,47.0,False,0,pos,529.3558292277356,0.09858118064155261,OnTrack,597.0,-2714.0,7244.0
2026-09-13 14:28:59.801,0 days 02:23:09.361000,12,116.57000000000039,0 days 00:00:09.665000,12212.0,128.0,2,53.0,False,0,car,533.6499999999999,0.09938087793632659,OnTrack,554.5164952673277,-2718.5310512300607,7243.137998596675
2026-09-13 14:28:59.961,0 days 02:23:09.521000,12,120.79222222222268,0 days 00:00:09.825000,11232.0,131.0,2,55.0,False,0,car,539.4722222222221,0.10046514207196762,OnTrack,497.321473616288,-2724.1208779136123,7242.143969614459
2026-09-13 14:29:00.021,0 days 02:23:09.581000,12,122.47555555555599,0 days 00:00:09.885000,11169.9375,131.0,2,55.0,False,0,pos,541.612958481999,0.10086380833061422,OnTrack,475.0,-2726.0,7242.0
2026-09-13 14:29:00.181,0 days 02:23:09.741000,12,126.96444444444481,0 days 00:00:10.045000,11004.4375,131.0,2,55.0,False,0,pos,547.2435750900789,0.10191239002617093,OnTrack,413.0,-2730.0,7242.0
2026-09-13 14:29:00.281,0 days 02:23:09.841000,12,129.77000000000032,0 days 00:00:10.145000,10901.0,131.0,3,55.0,False,0,car,551.1166666666666,0.10263367034324969,OnTrack,372.5756291106717,-2730.652081640709,7241.531127356673
2026-09-13 14:29:00.381,0 days 02:23:09.941000,12,131.8811111111114,0 days 00:00:10.245000,11601.0,146.625,3,72.5,False,0,pos,555.3733875291532,0.10342639339476997,OnTrack,331.0,-2730.0,7241.0
2026-09-13 14:29:00.441,0 days 02:23:10.001000,12,133.14777777777806,0 days 00:00:10.305000,12021.0,156.0,3,83.0,False,0,car,558.05,0.10392485511546344,OnTrack,305.55442938089277,-2729.1332186837194,7240.859020240376
2026-09-13 14:29:00.681,0 days 02:23:10.241000,12,138.4811111111114,0 days 00:00:10.545000,12168.0,166.8,3,86.6,False,0,pos,569.355516979773,0.1060302654086779,OnTrack,200.0,-2721.0,7241.0
2026-09-13 14:29:00.841,0 days 02:23:10.401000,12,142.03666666666697,0 days 00:00:10.705000,12266.0,174.0,4,89.0,False,0,pos,577.3833333333333,0.1075252741918287,OnTrack,126.0,-2709.0,7241.0
2026-09-13 14:29:00.961,0 days 02:23:10.521000,12,144.23666666666696,0 days 00:00:10.825000,12113.545454545454,179.45454545454547,4,92.0,False,0,pos,583.6456118038649,0.10869148937459489,OnTrack,69.0,-2695.0,7242.0
2026-09-13 14:29:01.200,0 days 02:23:10.760000,12,148.6183345066669,0 days 00:00:11.064000,11809.906736872726,190.31818472727272,4,97.9750016,False,0,pos,596.6297884263823,0.11110951405748837,OnTrack,-42.0,-2658.0,7243.0
2026-09-13 14:29:01.281,0 days 02:23:10.841000,12,150.10333333333358,0 days 00:00:11.145000,11707.0,194.0,4,100.0,False,0,car,601.0944444444444,0.11194096057629044,OnTrack,-101.04996203287739,-2631.60539850497,7244.438583223103
2026-09-13 14:29:01.400,0 days 02:23:10.960000,12,152.41722346666694,0 days 00:00:11.264000,11068.56465664,198.16500224,4,100.0,False,0,pos,607.6972672292688,0.11317059484072187,OnTrack,-190.0,-2589.0,7247.0
2026-09-13 14:29:01.481,0 days 02:23:11.041000,12,153.9922222222225,0 days 00:00:11.345000,10634.0,201.0,4,100.0,False,0,car,612.2611111111112,0.11402051297384624,OnTrack,-230.47038372323019,-2568.3308921828407,7248.153115865756
2026-09-13 14:29:01.720,0 days 02:23:11.280000,12,158.30750115555574,0 days 00:00:11.584000,11299.2168448,208.9666688,4,100.0,False,0,pos,626.1356822275646,0.1166043545526772,OnTrack,-298.0,-2524.0,7250.0
2026-09-13 14:29:01.721,0 days 02:23:11.281000,12,158.32555555555575,0 days 00:00:11.585000,11302.0,209.0,5,100.0,False,0,car,626.1944444444446,0.1166152977564681,OnTrack,-298.3577511321531,-2523.7412672477385,7250.009862962555
2026-09-13 14:29:02.040,0 days 02:23:11.600000,12,164.5283345777779,0 days 00:00:11.904000,12007.7876416,215.9781264,5,100.0,False,0,pos,645.3319894794495,0.12017925545744211,OnTrack,-449.0,-2406.0,7254.0
2026-09-13 14:29:02.041,0 days 02:23:11.601000,12,164.54777777777792,0 days 00:00:11.905000,12010.0,216.0,5,100.0,False,0,car,645.3944444444445,0.12019088635644462,OnTrack,-449.49087007989255,-2405.560720587096,7254.011086621879
2026-09-13 14:29:02.240,0 days 02:23:11.800000,12,167.86444551111128,0 days 00:00:12.104000,11450.538456436363,224.59318458181818,5,100.0,False,0,pos,658.2077103286742,0.12257708257645086,OnTrack,-543.0,-2313.0,7256.0
2026-09-13 14:29:02.420,0 days 02:23:11.980000,12,170.86444551111128,0 days 00:00:12.284000,10944.493001890909,232.36591185454546,5,100.0,False,0,pos,670.1258125592271,0.1247965737467071,OnTrack,-618.0,-2226.0,7258.0
2026-09-13 14:29:02.481,0 days 02:23:12.041000,12,171.8811111111113,0 days 00:00:12.345000,10773.0,235.0,5,100.0,False,0,car,674.1166666666668,0.12553978481184933,OnTrack,-641.4845418775164,-2196.987988981464,7258.372361072189
2026-09-13 14:29:02.580,0 days 02:23:12.140000,12,173.5311121777779,0 days 00:00:12.444000,10942.78510976,235.0,5,100.0,False,0,pos,680.5397592228134,0.12673594817228434,OnTrack,-683.0,-2142.0,7259.0
2026-09-13 14:29:02.681,0 days 02:23:12.241000,12,175.21444444444455,0 days 00:00:12.545000,11116.0,235.0,6,100.0,False,0,car,687.1722222222223,0.12797110229157874,OnTrack,-739.5567387544373,-2059.978768700556,7260.517903139954
2026-09-13 14:29:02.820,0 days 02:23:12.380000,12,177.4538899200001,0 days 00:00:12.684000,11237.625056,243.687504,6,100.0,False,0,pos,696.6295513539268,0.1297323271993677,OnTrack,-819.0,-1940.0,7263.0
2026-09-13 14:29:02.841,0 days 02:23:12.401000,12,177.79222222222234,0 days 00:00:12.705000,11256.0,245.0,6,100.0,False,0,car,698.0611111111112,0.12999892452999134,OnTrack,-828.2832936304322,-1925.8659794362952,7263.272822675357
2026-09-13 14:29:03.000,0 days 02:23:12.560000,12,180.39805555555574,0 days 00:00:12.864000,11497.0,245.0,6,100.0,False,0,car,708.8819444444446,0.13201407287941389,OnTrack,-874.6907613043431,-1854.0348082152577,7264.432721998989
2026-09-13 14:29:03.301,0 days 02:23:12.861000,12,184.66222131555583,0 days 00:00:13.165000,11927.8061584,257.2281224,6,100.0,False,0,pos,730.4190120393229,0.1360248902423915,OnTrack,-943.0,-1741.0,7266.0
2026-09-13 14:29:03.320,0 days 02:23:12.880000,12,184.93138888888916,0 days 00:00:13.184000,11955.0,258.0,6,100.0,False,0,car,731.8152777777779,0.1362849148182747,OnTrack,-951.945237405541,-1726.4471735832162,7266.286073310335
2026-09-13 14:29:03.521,0 days 02:23:13.081000,12,187.3880547733335,0 days 00:00:13.385000,11137.1815104,264.9093728,6,100.0,False,0,pos,746.7921985502942,0.1390740454004081,OnTrack,-1062.0,-1548.0,7270.0
2026-09-13 14:29:03.640,0 days 02:23:13.200000,12,188.8425000000001,0 days 00:00:13.504000,10653.0,269.0,7,100.0,False,0,car,755.726388888889,0.14073784691731955,OnTrack,-1100.8243087553285,-1484.7037861294882,7271.319113545505
2026-09-13 14:29:03.800,0 days 02:23:13.360000,12,190.70916666666676,0 days 00:00:13.664000,10653.0,271.0,7,100.0,False,0,car,767.7708333333335,0.1429808666177678,OnTrack,-1133.8883164531878,-1429.6298083958568,7272.344507345404
2026-09-13 14:29:03.861,0 days 02:23:13.421000,12,191.3361105783316,0 days 00:00:13.725000,10745.545092694349,272.71027892042946,7,100.0,False,0,pos,772.4355835413415,0.14384957639201215,OnTrack,-1157.0,-1391.0,7273.0
2026-09-13 14:29:04.121,0 days 02:23:13.681000,12,194.00833333333355,0 days 00:00:13.985000,11140.0,280.0,7,100.0,False,0,pos,792.7375000000002,0.1476303733215567,OnTrack,-1304.0,-1145.0,7277.0
2026-09-13 14:29:04.521,0 days 02:23:14.081000,12,198.00833333333333,0 days 00:00:14.385000,11678.0,286.0,7,100.0,False,0,car,824.515277777778,0.1535483035275364,OnTrack,-1422.8617647269668,-944.7636451338024,7279.825416706714
2026-09-13 14:29:04.541,0 days 02:23:14.101000,12,198.18055555555554,0 days 00:00:14.405000,11685.625,286.875,7,100.0,False,0,pos,826.1319072454261,0.15384936612622957,OnTrack,-1430.0,-933.0,7280.0
2026-09-13 14:29:04.681,0 days 02:23:14.241000,12,199.38611111111106,0 days 00:00:14.545000,11739.0,293.0,7,100.0,False,0,car,837.5375000000003,0.1559734133881686,OnTrack,-1490.046072837621,-834.8024569381878,7281.515704677216
2026-09-13 14:29:04.801,0 days 02:23:14.361000,12,200.2527777777778,0 days 00:00:14.665000,11310.0,295.57142857142856,7,100.0,False,0,pos,847.443045335381,0.15781810895992582,OnTrack,-1545.0,-746.0,7283.0
2026-09-13 14:29:04.961,0 days 02:23:14.521000,12,201.40833333333342,0 days 00:00:14.825000,10738.0,299.0,7,100.0,False,0,pos,860.7930555555557,0.16030426231163553,OnTrack,-1611.0,-641.0,7285.0
2026-09-13 14:29:05.161,0 days 02:23:14.721000,12,202.74166666666656,0 days 00:00:15.025000,10908.0,303.0,8,100.0,False,0,pos,877.6263888888891,0.16343910995571218,OnTrack,-1700.0,-500.0,7288.0
2026-09-13 14:29:05.361,0 days 02:23:14.921000,12,203.85277777777762,0 days 00:00:15.225000,10969.666666666666,306.3333333333333,8,100.0,False,0,pos,894.6611936120125,0.16661147732919274,OnTrack,-1836.0,-285.0,7292.0
2026-09-13 14:29:05.401,0 days 02:23:14.961000,12,204.07499999999982,0 days 00:00:15.265000,10982.0,307.0,8,100.0,False,0,car,898.0930555555558,0.1672505880813816,OnTrack,-1856.6141715918443,-252.22501879179623,7292.57450230288
2026-09-13 14:29:05.761,0 days 02:23:15.321000,12,205.67500000000007,0 days 00:00:15.625000,11188.0,312.0,8,100.0,False,0,car,929.2930555555557,0.17306091955634345,OnTrack,-1969.4723723616505,-70.76117888611032,7295.609060715537
2026-09-13 14:29:05.781,0 days 02:23:15.341000,12,205.76944444444453,0 days 00:00:15.645000,11199.125,312.25,8,100.0,False,0,pos,931.0354110075618,0.173385395925682,OnTrack,-1982.0,-51.0,7296.0
2026-09-13 14:29:05.921,0 days 02:23:15.481000,12,206.43055555555577,0 days 00:00:15.785000,11277.0,314.0,8,100.0,False,0,car,943.2486111111112,0.17565984275169674,OnTrack,-2094.945603993033,126.42916075851518,7299.626360451557
2026-09-13 14:29:05.981,0 days 02:23:15.541000,12,206.713888888889,0 days 00:00:15.845000,11303.25,314.375,8,100.0,False,0,pos,948.4916410449907,0.17663624473403605,OnTrack,-2136.0,191.0,7301.0
2026-09-13 14:29:06.081,0 days 02:23:15.641000,12,207.18611111111102,0 days 00:00:15.945000,11347.0,315.0,8,100.0,False,0,car,957.2486111111112,0.17826704277251296,OnTrack,-2177.2238155727946,256.3101384018284,7302.501057912089
2026-09-13 14:29:06.281,0 days 02:23:15.841000,12,208.01944444444433,0 days 00:00:16.145000,11390.57142857143,316.42857142857144,8,100.0,False,0,pos,974.8600517804791,0.18154679623535436,OnTrack,-2220.0,326.0,7304.0
2026-09-13 14:29:06.361,0 days 02:23:15.921000,12,208.35277777777765,0 days 00:00:16.225000,11408.0,317.0,8,100.0,False,0,car,981.9041666666669,0.18285861169806153,OnTrack,-2258.3121515183066,387.5913885096343,7304.877962457788
2026-09-13 14:29:06.521,0 days 02:23:16.081000,12,209.01944444444428,0 days 00:00:16.385000,11537.0,317.0,8,100.0,False,0,car,995.9930555555558,0.18548236536980356,OnTrack,-2364.1715999411676,557.3045343907195,7307.049897215022
2026-09-13 14:29:06.601,0 days 02:23:16.161000,12,209.1749999999999,0 days 00:00:16.465000,11548.142857142857,318.7142857142857,8,100.0,False,0,pos,1003.1163569249153,0.18680892761826604,OnTrack,-2408.0,628.0,7308.0
2026-09-13 14:29:06.801,0 days 02:23:16.361000,12,209.56388888888898,0 days 00:00:16.665000,11576.0,323.0,8,100.0,False,0,car,1021.1152777777778,0.1901608409627126,OnTrack,-2475.723779222299,739.2705969413696,7309.770651335569
2026-09-13 14:29:06.921,0 days 02:23:16.481000,12,209.56388888888895,0 days 00:00:16.785000,11603.75,323.75,8,100.0,False,0,pos,1031.9330121602213,0.19217541219893342,OnTrack,-2515.0,804.0,7311.0
2026-09-13 14:29:07.121,0 days 02:23:16.681000,12,209.56388888888887,0 days 00:00:16.985000,11650.0,325.0,8,100.0,False,0,car,1050.0041666666666,0.1955407775136032,OnTrack,-2609.22018684546,957.2365368336534,7313.981704157123
2026-09-13 14:29:07.241,0 days 02:23:16.801000,12,209.397222222222,0 days 00:00:17.105000,11650.0,326.0,8,100.0,False,0,pos,1060.8965732032968,0.1975692548385347,OnTrack,-2671.0,1059.0,7316.0
2026-09-13 14:29:07.361,0 days 02:23:16.921000,12,209.23055555555516,0 days 00:00:17.225000,11650.0,327.0,8,100.0,False,0,car,1071.8041666666668,0.1996005604031599,OnTrack,-2730.4168730305564,1159.1178629648894,7318.014907805636
2026-09-13 14:29:07.421,0 days 02:23:16.981000,12,209.11388888888848,0 days 00:00:17.285000,11650.0,327.0,8,100.0,False,0,pos,1077.2550688610906,0.20061567413992915,OnTrack,-2759.0,1209.0,7319.0
2026-09-13 14:29:07.521,0 days 02:23:17.081000,12,208.91944444444403,0 days 00:00:17.385000,11650.0,327.0,8,100.0,False,0,car,1086.3375,0.202307082329531,OnTrack,-2804.7476012196,1292.2869575061677,7320.588957498713
2026-09-13 14:29:07.681,0 days 02:23:17.241000,12,208.6083333333329,0 days 00:00:17.545000,11670.888888888889,327.0,8,100.0,False,0,pos,1100.8702875434765,0.20501350261423595,OnTrack,-2877.0,1437.0,7323.0
2026-09-13 14:29:07.881,0 days 02:23:17.441000,12,208.21944444444398,0 days 00:00:17.745000,11697.0,327.0,8,100.0,False,0,car,1119.0375000000001,0.20839675666386603,OnTrack,-2975.466900055884,1664.9656720582752,7325.801728391974
2026-09-13 14:29:08.100,0 days 02:23:17.660000,12,206.6986106666662,0 days 00:00:17.964000,11676.924994133333,327.0,8,100.0,False,0,pos,1138.931058939702,0.212101505755416,OnTrack,-3062.0,1882.0,7328.0
2026-09-13 14:29:08.241,0 days 02:23:17.801000,12,205.71944444444398,0 days 00:00:18.105000,11664.0,327.0,8,100.0,False,0,car,1151.7375000000002,0.21448643099820106,OnTrack,-3086.664962992193,1947.408380939756,7328.573165761114
2026-09-13 14:29:08.380,0 days 02:23:17.940000,12,204.63833283555513,0 days 00:00:18.244000,11675.4178624,327.0,8,100.0,False,0,pos,1164.3598847036108,0.21683707968834418,OnTrack,-3108.0,2010.0,7329.0
2026-09-13 14:29:08.521,0 days 02:23:18.081000,12,203.5416666666663,0 days 00:00:18.385000,11687.0,327.0,8,100.0,False,0,car,1177.1708333333336,0.21922284436935052,OnTrack,-3145.634979248246,2122.349544034278,7329.83746427399
2026-09-13 14:29:08.540,0 days 02:23:18.100000,12,203.39388839111075,0 days 00:00:18.404000,11683.3187376,327.0,8,100.0,False,0,pos,1178.8984086316823,0.219544568251766,OnTrack,-3151.0,2139.0,7330.0
2026-09-13 14:29:08.681,0 days 02:23:18.241000,12,202.297222222222,0 days 00:00:18.545000,11656.0,327.0,8,100.0,False,0,car,1191.7041666666669,0.22192936629572166,OnTrack,-3189.8189030617436,2266.159280017327,7331.63764185226
2026-09-13 14:29:08.881,0 days 02:23:18.441000,12,199.57499999999982,0 days 00:00:18.745000,11573.0,324.0,8,100.0,False,0,car,1209.7041666666669,0.22528148060819964,OnTrack,-3239.765234279128,2445.2143117030973,7334.713618724742
2026-09-13 14:29:08.900,0 days 02:23:18.460000,12,199.21610990222203,0 days 00:00:18.764000,11565.58997504,324.0,8,100.0,False,0,pos,1211.4143201437428,0.22559996004970187,OnTrack,-3244.0,2461.0,7335.0
2026-09-13 14:29:09.040,0 days 02:23:18.600000,12,196.57166545777756,0 days 00:00:18.904000,11510.98997504,324.0,8,100.0,False,0,pos,1224.0248556798506,0.2279484020862907,OnTrack,-3273.0,2574.0,7337.0
2026-09-13 14:29:09.081,0 days 02:23:18.641000,12,195.797222222222,0 days 00:00:18.945000,11495.0,324.0,8,100.0,False,0,car,1227.7041666666669,0.2286335949206776,OnTrack,-3281.2810628773627,2609.1846593161176,7337.493466704633
2026-09-13 14:29:09.320,0 days 02:23:18.880000,12,190.22055406222196,0 days 00:00:19.184000,11441.9718608,321.0124992,8,100.0,False,0,pos,1248.9745075493695,0.23259474014868836,OnTrack,-3327.0,2827.0,7340.0
2026-09-13 14:29:09.401,0 days 02:23:18.961000,12,188.3305555555553,0 days 00:00:19.265000,11424.0,320.0,8,100.0,False,0,car,1256.1486111111114,0.23393076321693917,OnTrack,-3339.822495339072,2893.7587123767016,7341.186150612648
2026-09-13 14:29:09.500,0 days 02:23:19.060000,12,185.25055356444432,0 days 00:00:19.364000,11391.32997888,319.00999936,8,100.0,False,0,pos,1264.906835555343,0.23556179485646156,OnTrack,-3354.0,2975.0,7343.0
2026-09-13 14:29:09.601,0 days 02:23:19.161000,12,182.10833333333335,0 days 00:00:19.465000,11358.0,318.0,8,100.0,False,0,car,1273.815277777778,0.2372208013384453,OnTrack,-3367.578267337043,3066.0228908628574,7345.343710443775
2026-09-13 14:29:09.721,0 days 02:23:19.281000,12,177.60833453835377,0 days 00:00:19.585000,11358.0,316.49372425272657,8,100.0,False,0,pos,1284.3441411594724,0.23918157654043992,OnTrack,-3381.0,3175.0,7348.0
2026-09-13 14:29:09.781,0 days 02:23:19.341000,12,175.358335140864,0 days 00:00:19.645000,11358.0,315.74058637908985,8,100.0,False,0,pos,1289.5864997851509,0.24015785350601096,OnTrack,-3386.0,3227.0,7349.0
2026-09-13 14:29:09.840,0 days 02:23:19.400000,12,173.14583333333303,0 days 00:00:19.704000,11358.0,315.0,8,100.0,False,0,car,1294.727777777778,0.24111530636953957,OnTrack,-3390.6029112779242,3288.092095636797,7350.335023304442
2026-09-13 14:29:10.040,0 days 02:23:19.600000,12,164.9236111111111,0 days 00:00:19.904000,11110.0,312.0,8,100.0,False,0,car,1312.0611111111114,0.2443432683000739,OnTrack,-3403.519535933925,3542.5758363271734,7356.88614063447
2026-09-13 14:29:10.081,0 days 02:23:19.641000,12,163.2608359288888,0 days 00:00:19.945000,11106.339291428572,311.7071433142857,8,100.0,False,0,pos,1315.6002043057072,0.24500234857511827,OnTrack,-3405.0,3584.0,7358.0
2026-09-13 14:29:10.320,0 days 02:23:19.880000,12,153.56805555555525,0 days 00:00:20.184000,11085.0,310.0,8,100.0,False,0,car,1336.1722222222227,0.24883344611370187,OnTrack,-3404.8612284809665,3725.7515312936434,7361.923543107908
2026-09-13 14:29:10.421,0 days 02:23:19.981000,12,148.85472520888857,0 days 00:00:20.285000,11050.9125216,309.3687504,8,100.0,False,0,pos,1344.8629954124326,0.2504519164024465,OnTrack,-3402.0,3782.0,7363.0
2026-09-13 14:29:10.480,0 days 02:23:20.040000,12,146.10138888888855,0 days 00:00:20.344000,11031.0,309.0,8,100.0,False,0,car,1349.905555555556,0.25139098518174063,OnTrack,-3399.847624531372,3821.957967226014,7363.594627122062
2026-09-13 14:29:10.621,0 days 02:23:20.181000,12,139.6780570081456,0 days 00:00:20.485000,10924.121020611194,304.9857660323453,8,49.8220754043161,False,0,pos,1361.7837814180784,0.2536030502328855,OnTrack,-3393.0,3929.0,7365.0
2026-09-13 14:29:10.761,0 days 02:23:20.321000,12,133.30027777777764,0 days 00:00:20.625000,10818.0,301.0,8,0.0,True,0,car,1373.4002777777782,0.2557663737722298,OnTrack,-3383.190589094085,4028.480728592721,7366.578635233985
2026-09-13 14:29:10.901,0 days 02:23:20.461000,12,126.68916666666644,0 days 00:00:20.765000,10622.0,295.4,8,0.0,True,0,pos,1384.8835070017706,0.2579048791630748,OnTrack,-3369.0,4131.0,7368.0
2026-09-13 14:29:10.961,0 days 02:23:20.521000,12,123.85583333333307,0 days 00:00:20.825000,10538.0,293.0,8,0.0,True,0,car,1389.678055555556,0.2587977610980201,OnTrack,-3361.1678169323427,4179.363867734208,7368.452575114503
2026-09-13 14:29:11.041,0 days 02:23:20.601000,12,120.65583333333305,0 days 00:00:20.905000,10275.333333333334,287.22222222222223,8,0.0,True,0,pos,1395.9047696552996,0.2599573531787678,OnTrack,-3350.0,4244.0,7369.0
2026-09-13 14:29:11.301,0 days 02:23:20.861000,12,110.25583333333299,0 days 00:00:21.165000,9421.666666666666,268.44444444444446,8,0.0,True,0,pos,1414.9686754959407,0.26350759715766486,OnTrack,-3308.0,4439.0,7371.0
2026-09-13 14:29:11.321,0 days 02:23:20.881000,12,109.45583333333298,0 days 00:00:21.185000,9356.0,267.0,8,0.0,True,0,car,1416.378055555556,0.26377006399486247,OnTrack,-3302.663950789618,4457.591013684878,7371.12125570228
2026-09-13 14:29:11.481,0 days 02:23:21.041000,12,103.6336111111109,0 days 00:00:21.345000,10114.0,248.0,8,0.0,True,0,car,1427.4002777777782,0.2658227167096638,OnTrack,-3247.2623724266878,4629.837715567944,7371.824174348538
2026-09-13 14:29:11.581,0 days 02:23:21.141000,12,100.30027777777761,0 days 00:00:21.445000,10320.25,241.125,8,0.0,True,0,pos,1434.1014551831438,0.2670706674147183,OnTrack,-3218.0,4716.0,7372.0
2026-09-13 14:29:11.641,0 days 02:23:21.201000,12,98.30027777777764,0 days 00:00:21.505000,10444.0,237.0,8,0.0,True,0,car,1437.9336111111115,0.26778432434437316,OnTrack,-3206.020625778618,4750.63493222145,7372.0034307511905
2026-09-13 14:29:11.921,0 days 02:23:21.481000,12,92.07805555555544,0 days 00:00:21.785000,10517.5,203.75,8,0.0,True,0,pos,1453.5078241451095,0.27068468781197563,OnTrack,-3179.0,4822.0,7372.0
2026-09-13 14:29:11.961,0 days 02:23:21.521000,12,91.18916666666655,0 days 00:00:21.825000,10528.0,199.0,7,0.0,True,0,car,1455.6225000000004,0.27107850087861074,OnTrack,-3172.4511417601784,4839.685794336457,7372.243721999213
2026-09-13 14:29:12.061,0 days 02:23:21.621000,12,89.27249999999992,0 days 00:00:21.925000,10965.5,192.125,7,0.0,True,0,pos,1460.8946954166424,0.27206033430718335,OnTrack,-3152.0,4894.0,7373.0
2026-09-13 14:29:12.121,0 days 02:23:21.681000,12,88.12249999999995,0 days 00:00:21.985000,11228.0,188.0,5,0.0,True,0,car,1463.978055555556,0.2726345440656376,OnTrack,-3137.619847262567,4929.724774195365,7373.339254452319
2026-09-13 14:29:12.381,0 days 02:23:21.941000,12,84.58361111111104,0 days 00:00:22.245000,10319.857142857143,170.35714285714286,5,0.0,True,0,pos,1476.2468039657506,0.2749193355735267,OnTrack,-3072.0,5080.0,7374.0
2026-09-13 14:29:12.401,0 days 02:23:21.961000,12,84.31138888888881,0 days 00:00:22.265000,10250.0,169.0,4,0.0,True,0,car,1477.1225000000004,0.2750824151962928,OnTrack,-3068.479304440903,5087.782497475256,7374.040034593708
2026-09-13 14:29:12.681,0 days 02:23:22.241000,12,83.37805555555553,0 days 00:00:22.545000,10227.6,150.1,4,0.0,True,0,pos,1488.4372887462653,0.2771895521573494,OnTrack,-3037.0,5154.0,7375.0
2026-09-13 14:29:12.801,0 days 02:23:22.361000,12,82.97805555555556,0 days 00:00:22.665000,10218.0,142.0,3,0.0,True,0,car,1492.9002777777782,0.27802068823562537,OnTrack,-3019.3147025753487,5191.203076231564,7376.134655919235
2026-09-13 14:29:13.001,0 days 02:23:22.561000,12,83.6447222222223,0 days 00:00:22.865000,9444.0,127.0,3,0.0,True,0,pos,1499.9558333333337,0.2793346342778621,OnTrack,-2987.0,5261.0,7378.0
2026-09-13 14:29:13.161,0 days 02:23:22.721000,12,84.75583333333338,0 days 00:00:23.025000,8888.0,120.0,3,0.0,True,0,car,1505.289166666667,0.2803278533334111,OnTrack,-2968.3167298722483,5306.087481041442,7378.046185949989
2026-09-13 14:29:13.221,0 days 02:23:22.781000,12,85.27250000000004,0 days 00:00:23.085000,8836.4,119.1,3,0.0,True,0,pos,1507.2495282324762,0.28069292867021006,OnTrack,-2962.0,5328.0,7378.0
2026-09-13 14:29:13.361,0 days 02:23:22.921000,12,86.47805555555556,0 days 00:00:23.225000,8716.0,117.0,3,0.0,False,0,car,1511.789166666667,0.2815383390573615,OnTrack,-2947.558779455783,5398.082659287509,7378.08295003653
2026-09-13 14:29:13.461,0 days 02:23:23.021000,12,87.67250000000001,0 days 00:00:23.325000,8665.5,117.0,3,0.0,False,0,pos,1515.0486918244221,0.28214535577587224,OnTrack,-2940.0,5439.0,7378.0
2026-09-13 14:29:13.561,0 days 02:23:23.121000,12,88.86694444444447,0 days 00:00:23.425000,8615.0,117.0,3,0.0,False,0,car,1518.289166666667,0.2827488247813119,OnTrack,-2936.341476228667,5456.025208236259,7377.602606325451
2026-09-13 14:29:13.701,0 days 02:23:23.261000,12,90.96694444444455,0 days 00:00:23.565000,8615.0,115.25,3,2.3333333333333335,False,0,pos,1522.7342618399327,0.2835766285119025,OnTrack,-2941.0,5470.0,7377.0
2026-09-13 14:29:13.801,0 days 02:23:23.361000,12,92.46694444444461,0 days 00:00:23.665000,8615.0,114.0,3,4.0,False,0,car,1525.8891666666668,0.28416416193546923,OnTrack,-2954.323821471694,5501.174480221343,7376.986021069688
2026-09-13 14:29:14.061,0 days 02:23:23.621000,12,97.16138888888909,0 days 00:00:23.925000,8615.0,114.8125,3,4.0,False,0,pos,1534.1661606037585,0.2857055747044036,OnTrack,-3004.0,5613.0,7378.0
2026-09-13 14:29:14.121,0 days 02:23:23.681000,12,98.24472222222244,0 days 00:00:23.985000,8615.0,115.0,3,4.0,False,0,car,1536.111388888889,0.28606783179193823,OnTrack,-3010.2737892197697,5626.580704823786,7378.24050762131
2026-09-13 14:29:14.321,0 days 02:23:23.881000,12,102.07805555555554,0 days 00:00:24.185000,9007.142857142857,117.85714285714286,3,15.428571428571429,False,0,pos,1542.7101585697437,0.28729671125260153,OnTrack,-3020.0,5655.0,7379.0
2026-09-13 14:29:14.401,0 days 02:23:23.961000,12,103.61138888888877,0 days 00:00:24.265000,9164.0,119.0,3,20.0,False,0,car,1545.3669444444447,0.287791480694589,OnTrack,-3023.6329343317457,5676.983817395028,7379.297775993443
2026-09-13 14:29:14.540,0 days 02:23:24.100000,12,106.73889032888881,0 days 00:00:24.404000,9245.083370666667,119.57916693333334,3,14.7874976,False,0,pos,1549.9812079487333,0.2886507884020485,OnTrack,-3027.0,5726.0,7380.0
2026-09-13 14:29:14.641,0 days 02:23:24.201000,12,109.01138888888886,0 days 00:00:24.505000,9304.0,120.0,3,11.0,False,0,car,1553.3669444444447,0.2892813092779125,OnTrack,-3022.975722505915,5761.758669681492,7380.880884936682
2026-09-13 14:29:14.900,0 days 02:23:24.460000,12,115.05472371555543,0 days 00:00:24.764000,9453.644481422221,123.5972231111111,3,16.036112355555556,False,0,pos,1562.2831818123186,0.290941767438707,OnTrack,-2999.0,5844.0,7383.0
2026-09-13 14:29:14.940,0 days 02:23:24.500000,12,115.98805704888875,0 days 00:00:24.804000,9476.755592533333,124.15277866666666,3,16.813890133333334,False,0,pos,1563.694710784813,0.2912046344648834,OnTrack,-2996.0,5854.0,7383.0
2026-09-13 14:29:15.001,0 days 02:23:24.561000,12,117.41138888888872,0 days 00:00:24.865000,9512.0,125.0,3,18.0,False,0,car,1565.8669444444447,0.2916091664393556,OnTrack,-2991.062368861362,5871.930224973715,7383.198456105252
2026-09-13 14:29:15.161,0 days 02:23:24.721000,12,121.10027777777759,0 days 00:00:25.025000,9512.0,131.0,3,18.0,False,0,car,1571.689166666667,0.2926934305749966,OnTrack,-2976.8763720491697,5932.827022244063,7384.668973234148
2026-09-13 14:29:15.220,0 days 02:23:24.780000,12,122.3950014044442,0 days 00:00:25.084000,9725.219675733333,132.4750016,3,25.047229866666665,False,0,pos,1573.8967254528418,0.2931045410973728,OnTrack,-2973.0,5955.0,7385.0
2026-09-13 14:29:15.420,0 days 02:23:24.980000,12,126.78389029333289,0 days 00:00:25.284000,10447.99745351111,137.4750016,3,48.936118755555555,False,0,pos,1581.6375411428564,0.29454610215652577,OnTrack,-2967.0,6028.0,7385.0
2026-09-13 14:29:15.521,0 days 02:23:25.081000,12,129.00027777777723,0 days 00:00:25.385000,10813.0,140.0,3,61.0,False,0,car,1585.6891666666672,0.29530063059581285,OnTrack,-2967.5480367514247,6073.070110679073,7385.018537595915
2026-09-13 14:29:15.580,0 days 02:23:25.140000,12,130.1475012444439,0 days 00:00:25.444000,11053.916928,142.7041696,3,62.7208352,False,0,pos,1588.0991886966451,0.29574944555915045,OnTrack,-2969.0,6100.0,7385.0
2026-09-13 14:29:15.761,0 days 02:23:25.321000,12,133.66694444444397,0 days 00:00:25.625000,11793.0,151.0,3,68.0,False,0,car,1595.7558333333338,0.29717533156316167,OnTrack,-2978.7638671744,6177.130208460248,7384.5094482234235
2026-09-13 14:29:15.840,0 days 02:23:25.400000,12,134.98361217777722,0 days 00:00:25.704000,11654.749888,154.9500032,3,68.4937504,False,0,pos,1599.276183213324,0.29783092129747524,OnTrack,-2985.0,6209.0,7384.0
2026-09-13 14:29:16.040,0 days 02:23:25.600000,12,138.31694551111036,0 days 00:00:25.904000,11304.749888,164.9500032,3,69.7437504,False,0,pos,1608.6307769460584,0.29957301393852614,OnTrack,-3008.0,6297.0,7382.0
2026-09-13 14:29:16.081,0 days 02:23:25.641000,12,139.000277777777,0 days 00:00:25.945000,11233.0,167.0,3,70.0,False,0,car,1610.6002777777783,0.29993979126777315,OnTrack,-3015.657599949959,6322.9120289856,7381.611895965146
2026-09-13 14:29:16.241,0 days 02:23:25.801000,12,141.26694444444365,0 days 00:00:26.105000,11326.0,176.0,4,86.0,False,0,car,1618.4225000000006,0.30139651254924504,OnTrack,-3051.9918606785295,6441.914773225195,7380.3003114784315
2026-09-13 14:29:16.281,0 days 02:23:25.841000,12,141.78916645646336,0 days 00:00:26.145000,11326.0,177.006288903129,4,86.0,False,0,pos,1620.4021871429043,0.30176518686068704,OnTrack,-3059.0,6465.0,7380.0
2026-09-13 14:29:16.400,0 days 02:23:25.960000,12,143.3427777777772,0 days 00:00:26.264000,11326.0,180.0,4,86.0,False,0,car,1626.3725000000006,0.30287702970392283,OnTrack,-3072.080135781344,6509.275501564145,7379.154010378113
2026-09-13 14:29:16.581,0 days 02:23:26.141000,12,145.05222161777715,0 days 00:00:26.445000,11721.93736,186.2218728,4,93.9187472,False,0,pos,1635.8507388956505,0.30464214860721134,OnTrack,-3084.0,6554.0,7378.0
2026-09-13 14:29:16.720,0 days 02:23:26.280000,12,146.36499999999933,0 days 00:00:26.584000,12026.0,191.0,4,100.0,False,0,car,1643.3502777777785,0.30603877703075394,OnTrack,-3102.545445291734,6622.389482183681,7377.232220466115
2026-09-13 14:29:16.801,0 days 02:23:26.361000,12,146.61249980444376,0 days 00:00:26.665000,12074.5999616,193.83499776,4,100.0,False,0,pos,1647.772048695061,0.30686223711843846,OnTrack,-3115.0,6667.0,7377.0
2026-09-13 14:29:16.920,0 days 02:23:26.480000,12,146.9761111111104,0 days 00:00:26.784000,12146.0,198.0,4,100.0,False,0,car,1654.3502777777785,0.30808729133282386,OnTrack,-3133.4186884957494,6730.313800257344,7377.09769922281
2026-09-13 14:29:17.061,0 days 02:23:26.621000,12,146.89777781333248,0 days 00:00:26.925000,11197.07043072,202.22999808,4,100.0,False,0,pos,1662.3001085110072,0.3095677769651924,OnTrack,-3157.0,6804.0,7378.0
2026-09-13 14:29:17.120,0 days 02:23:26.680000,12,146.8649999999991,0 days 00:00:26.984000,10800.0,204.0,4,100.0,False,0,car,1665.683611111112,0.31019788182586555,OnTrack,-3168.019523857837,6835.186498074728,7378.671999838478
2026-09-13 14:29:17.281,0 days 02:23:26.841000,12,145.07611134716382,0 days 00:00:27.145000,11104.630665196526,208.6763479306484,4,100.0,False,0,pos,1675.091749622541,0.31194994603463977,OnTrack,-3202.0,6921.0,7381.0
2026-09-13 14:29:17.361,0 days 02:23:26.921000,12,144.1872222222214,0 days 00:00:27.225000,11256.0,211.0,4,100.0,False,0,car,1679.8088888888897,0.31282841214845536,OnTrack,-3221.425673395222,6963.681176490496,7382.057781181772
2026-09-13 14:29:17.441,0 days 02:23:27.001000,12,143.253888888888,0 days 00:00:27.305000,11319.5,212.0,4,100.0,False,0,pos,1684.531342789002,0.3137078679989322,OnTrack,-3242.0,7006.0,7383.0
2026-09-13 14:29:17.521,0 days 02:23:27.081000,12,142.32055555555462,0 days 00:00:27.385000,11383.0,213.0,5,100.0,False,0,car,1689.2755555555564,0.3145913759720549,OnTrack,-3263.153646625277,7047.593024510307,7383.804509550486
2026-09-13 14:29:17.781,0 days 02:23:27.341000,12,136.03722222222135,0 days 00:00:27.645000,11556.333333333334,216.25,5,100.0,False,0,pos,1704.9576181607194,0.317511824111385,OnTrack,-3336.0,7181.0,7385.0
2026-09-13 14:29:18.001,0 days 02:23:27.561000,12,130.7205555555547,0 days 00:00:27.865000,11703.0,219.0,5,100.0,False,0,pos,1718.4755555555562,0.3200292503011858,OnTrack,-3402.0,7299.0,7384.0
2026-09-13 14:29:18.021,0 days 02:23:27.581000,12,130.13722222222137,0 days 00:00:27.885000,11716.9,219.5,5,100.0,False,0,pos,1719.7131566438504,0.32025972698569743,OnTrack,-3408.0,7310.0,7384.0
2026-09-13 14:29:18.201,0 days 02:23:27.761000,12,124.88722222222123,0 days 00:00:28.065000,11842.0,224.0,5,100.0,False,0,car,1730.9200000000008,0.32234676143080027,OnTrack,-3459.7882407510942,7410.314303400409,7384.837768015644
2026-09-13 14:29:18.321,0 days 02:23:27.881000,12,120.98722222222129,0 days 00:00:28.185000,11842.0,225.2,5,100.0,False,0,pos,1738.466619079099,0.3237521575322372,OnTrack,-3491.0,7476.0,7387.0
2026-09-13 14:29:18.561,0 days 02:23:28.121000,12,113.18722222222144,0 days 00:00:28.425000,11842.0,227.6,5,100.0,False,0,pos,1753.7051211660134,0.3265900020292522,OnTrack,-3548.0,7616.0,7397.0
2026-09-13 14:29:18.601,0 days 02:23:28.161000,12,111.88722222222145,0 days 00:00:28.465000,11842.0,228.0,5,100.0,False,0,car,1756.253333333334,0.3270645519446581,OnTrack,-3558.927727716337,7648.127676288324,7399.6129275053545
2026-09-13 14:29:18.801,0 days 02:23:28.361000,12,104.88722222222142,0 days 00:00:28.665000,12021.375,228.625,5,89.375,False,0,pos,1769.0174234228828,0.32944159022659897,OnTrack,-3616.0,7834.0,7415.0
2026-09-13 14:29:18.921,0 days 02:23:28.481000,12,100.68722222222141,0 days 00:00:28.785000,12129.0,229.0,5,83.0,False,0,car,1776.6088888888896,0.3308553380066703,OnTrack,-3641.2362842586535,7927.561261260093,7422.817690764491
2026-09-13 14:29:19.161,0 days 02:23:28.721000,12,91.88722222222145,0 days 00:00:29.025000,11845.0,224.0,5,14.0,False,0,car,1791.5422222222228,0.33363635136220754,OnTrack,-3672.118894698958,8064.483626576963,7434.464010347813
2026-09-13 14:29:19.201,0 days 02:23:28.761000,12,90.36499999999921,0 days 00:00:29.065000,11761.666666666666,224.0,5,11.666666666666666,False,0,pos,1794.0164652665217,0.33409712611339326,OnTrack,-3676.0,8082.0,7436.0
2026-09-13 14:29:19.401,0 days 02:23:28.961000,12,82.75388888888801,0 days 00:00:29.265000,11345.0,224.0,5,0.0,True,0,car,1806.4755555555562,0.33641736471774486,OnTrack,-3690.967203546029,8148.1776708206135,7442.0581115300365
2026-09-13 14:29:19.561,0 days 02:23:29.121000,12,76.57611111111046,0 days 00:00:29.425000,10897.0,224.0,5,0.0,True,0,pos,1816.6400780262068,0.33831028923182116,OnTrack,-3708.0,8216.0,7448.0
2026-09-13 14:29:19.601,0 days 02:23:29.161000,12,75.03166666666607,0 days 00:00:29.465000,10785.0,224.0,5,0.0,True,0,car,1818.9200000000005,0.3387348758473593,OnTrack,-3714.1591143446813,8239.702878940388,7449.98856513123
2026-09-13 14:29:19.761,0 days 02:23:29.321000,12,70.89833333333263,0 days 00:00:29.625000,10225.0,176.0,5,0.0,True,0,car,1826.7422222222228,0.3401915971288312,OnTrack,-3744.188201874554,8352.714913655089,7459.223737117523
2026-09-13 14:29:19.821,0 days 02:23:29.381000,12,69.48166666666594,0 days 00:00:29.685000,10362.25,173.0,5,0.0,True,0,pos,1829.5698493243046,0.3407181820887889,OnTrack,-3754.0,8388.0,7462.0
2026-09-13 14:29:19.921,0 days 02:23:29.481000,12,67.1205555555548,0 days 00:00:29.785000,10591.0,168.0,5,0.0,True,0,car,1834.2088888888895,0.34158210380659987,OnTrack,-3766.935161419537,8431.605485266675,7465.244856811948
2026-09-13 14:29:20.121,0 days 02:23:29.681000,12,63.23166666666589,0 days 00:00:29.985000,11118.0,153.0,5,0.0,True,0,car,1842.7088888888895,0.3431650466763811,OnTrack,-3783.8683116899747,8476.351747009861,7467.845437259142
2026-09-13 14:29:20.201,0 days 02:23:29.761000,12,61.942777777776996,0 days 00:00:30.065000,10716.5,147.0,5,0.0,True,0,pos,1845.8736928480075,0.3437544236012448,OnTrack,-3792.0,8496.0,7469.0
2026-09-13 14:29:20.281,0 days 02:23:29.841000,12,60.653888888888105,0 days 00:00:30.145000,10315.0,141.0,5,0.0,True,0,car,1848.9755555555562,0.34433207906665125,OnTrack,-3801.501566841465,8518.873868414546,7470.417934628686
2026-09-13 14:29:20.421,0 days 02:23:29.981000,12,58.631666666665865,0 days 00:00:30.285000,10714.0,138.375,5,0.0,True,0,pos,1854.4018459228964,0.3453426093779858,OnTrack,-3827.0,8572.0,7474.0
2026-09-13 14:29:20.581,0 days 02:23:30.141000,12,56.32055555555473,0 days 00:00:30.445000,11170.0,135.375,5,0.0,True,0,pos,1860.294563117194,0.3464400016916741,OnTrack,-3876.0,8655.0,7480.0
2026-09-13 14:29:20.601,0 days 02:23:30.161000,12,56.03166666666584,0 days 00:00:30.465000,11227.0,135.0,3,0.0,True,0,car,1860.9755555555562,0.34656682194163657,OnTrack,-3881.142292070855,8663.265873619797,7480.571841246014
2026-09-13 14:29:20.761,0 days 02:23:30.321000,12,55.76499999999942,0 days 00:00:30.625000,10387.0,114.0,2,0.0,True,0,car,1866.0422222222228,0.34751038004440815,OnTrack,-3907.501261116807,8701.997168094122,7482.8272278903805
2026-09-13 14:29:20.980,0 days 02:23:30.540000,12,56.13000010666617,0 days 00:00:30.844000,9539.287252266666,105.7874976,2,0.0,True,0,pos,1872.4604741307494,0.34870564193794484,OnTrack,-3931.0,8729.0,7483.0
2026-09-13 14:29:21.001,0 days 02:23:30.561000,12,56.16499999999951,0 days 00:00:30.865000,9458.0,105.0,2,0.0,True,0,car,1873.0422222222228,0.34881398005481623,OnTrack,-3934.4401162328995,8733.450871197336,7483.084633525411
2026-09-13 14:29:21.140,0 days 02:23:30.700000,12,57.13027822222173,0 days 00:00:31.004000,8996.983121066667,99.98055324444445,2,0.0,True,0,pos,1876.7280095842782,0.3495003789753216,OnTrack,-3960.0,8768.0,7484.0
2026-09-13 14:29:21.320,0 days 02:23:30.880000,12,58.38027822222173,0 days 00:00:31.184000,8399.983121066667,93.48055324444445,2,0.0,True,0,pos,1881.220743713603,0.3503370544407143,OnTrack,-3984.0,8810.0,7486.0
2026-09-13 14:29:21.361,0 days 02:23:30.921000,12,58.66499999999951,0 days 00:00:31.225000,8264.0,92.0,2,0.0,True,0,car,1882.2422222222228,0.35052728292563834,OnTrack,-3986.5026999381525,8821.045288639283,7486.348529517028
2026-09-13 14:29:21.601,0 days 02:23:31.161000,12,60.73166666666589,0 days 00:00:31.465000,8017.0,89.0,2,0.0,False,0,car,1888.1755555555562,0.35163223912493663,OnTrack,-3978.8409310719394,8896.828655215322,7487.117751195711
2026-09-13 14:29:21.700,0 days 02:23:31.260000,12,61.77666734222143,0 days 00:00:31.564000,7915.5249344,87.23214171428572,2,0.0,False,0,pos,1890.5239611872985,0.35206957935436256,OnTrack,-3971.0,8921.0,7487.0
2026-09-13 14:29:21.881,0 days 02:23:31.441000,12,63.68722222222141,0 days 00:00:31.745000,7730.0,84.0,2,0.0,False,0,car,1894.7088888888895,0.3528489324679842,OnTrack,-3953.938075970045,8946.31993102156,7486.287585136413
2026-09-13 14:29:22.000,0 days 02:23:31.560000,12,65.24083416888799,0 days 00:00:31.864000,7810.92004352,84.0,2,2.38000128,False,0,pos,1897.4627364576215,0.3533617775707359,OnTrack,-3940.0,8959.0,7486.0
2026-09-13 14:29:22.240,0 days 02:23:31.800000,12,68.37416750222116,0 days 00:00:32.104000,7974.12004352,84.0,2,7.18000128,False,0,pos,1903.0679991796242,0.3544056376482705,OnTrack,-3898.0,8997.0,7486.0
2026-09-13 14:29:22.281,0 days 02:23:31.841000,12,68.90944444444335,0 days 00:00:32.145000,8002.0,84.0,2,8.0,False,0,car,1904.042222222223,0.35458706581519506,OnTrack,-3886.0382587300014,9007.898553733234,7485.684404445709
2026-09-13 14:29:22.420,0 days 02:23:31.980000,12,70.80138975999903,0 days 00:00:32.284000,8210.500096,86.08500096,2,9.39000064,False,0,pos,1907.3853854270938,0.35520965832786155,OnTrack,-3840.0,9050.0,7484.0
2026-09-13 14:29:22.481,0 days 02:23:32.041000,12,71.63166666666575,0 days 00:00:32.345000,8302.0,87.0,2,10.0,False,0,car,1908.8755555555563,0.35548717058428636,OnTrack,-3823.4331462346804,9065.237354439487,7483.285723946908
2026-09-13 14:29:22.641,0 days 02:23:32.201000,12,74.2094444444433,0 days 00:00:32.505000,8742.0,89.0,2,17.0,False,0,car,1912.831111111112,0.35622380805048526,OnTrack,-3793.0435580647513,9093.513629599798,7481.62082373005
2026-09-13 14:29:22.820,0 days 02:23:32.380000,12,77.49111228444355,0 days 00:00:32.684000,9038.0959392,89.0,2,23.712502399999998,False,0,pos,1917.20143261648,0.35703768678761155,OnTrack,-3768.0,9117.0,7480.0
2026-09-13 14:29:22.881,0 days 02:23:32.441000,12,78.60944444444362,0 days 00:00:32.745000,9139.0,89.0,2,26.0,False,0,car,1918.7644444444452,0.3573287642497835,OnTrack,-3759.793068786881,9124.659897346484,7479.490165917219
2026-09-13 14:29:23.200,0 days 02:23:32.760000,12,84.10333333333256,0 days 00:00:33.064000,9699.0,102.0,2,30.0,False,0,car,1927.8027777777786,0.35901196016798426,OnTrack,-3716.228928028678,9167.918377425214,7476.756986683519
2026-09-13 14:29:23.261,0 days 02:23:32.821000,12,85.6113874114601,0 days 00:00:33.125000,9766.358240198619,102.59609062122671,2,29.933767708752587,False,0,pos,1929.604006063428,0.3593474003411156,OnTrack,-3706.0,9180.0,7476.0
2026-09-13 14:29:23.461,0 days 02:23:33.021000,12,90.55583219949246,0 days 00:00:33.325000,9987.20516108266,104.55048815117398,2,29.716612427647334,False,0,pos,1935.5985629927698,0.36046375812332737,OnTrack,-3669.0,9229.0,7473.0
2026-09-13 14:29:23.981,0 days 02:23:33.541000,12,103.4113886483766,0 days 00:00:33.845000,10561.40715538117,109.6319217290369,2,29.152008696773677,False,0,pos,1951.7508112893884,0.36347176827298255,OnTrack,-3610.0,9374.0,7466.0
2026-09-13 14:29:24.121,0 days 02:23:33.681000,12,106.87249999999926,0 days 00:00:33.985000,10716.0,111.0,2,29.0,False,0,car,1956.2002777777786,0.3643003860673506,OnTrack,-3604.360410101481,9416.176695977465,7463.8023713749735
2026-09-13 14:29:24.281,0 days 02:23:33.841000,12,110.82805555555456,0 days 00:00:34.145000,10716.0,116.0,2,29.0,False,0,car,1961.3558333333342,0.365260497821048,OnTrack,-3602.207205233412,9465.942424507492,7461.064621825085
2026-09-13 14:29:24.341,0 days 02:23:33.901000,12,112.2947222222213,0 days 00:00:34.205000,10908.0,117.2,2,31.4,False,0,pos,1963.3395440302293,0.3656299214332079,OnTrack,-3602.0,9485.0,7460.0
2026-09-13 14:29:24.481,0 days 02:23:34.041000,12,115.7169444444437,0 days 00:00:34.345000,11356.0,120.0,2,37.0,False,0,car,1968.0225000000007,0.3665020216404843,OnTrack,-3603.30018559992,9530.937963855264,7457.402775731747
2026-09-13 14:29:24.501,0 days 02:23:34.061000,12,116.22249999999924,0 days 00:00:34.365000,11356.0,120.0,2,37.0,False,0,pos,1968.6848949455207,0.3666253785058949,OnTrack,-3604.0,9538.0,7457.0
2026-09-13 14:29:24.681,0 days 02:23:34.241000,12,120.77249999999913,0 days 00:00:34.545000,11356.0,120.0,2,37.0,False,0,car,1974.6891666666675,0.36774354545992055,OnTrack,-3617.4534220176333,9607.983274748716,7452.939352365075
2026-09-13 14:29:24.761,0 days 02:23:34.321000,12,122.5947222222213,0 days 00:00:34.625000,10908.0,124.8,2,41.0,False,0,pos,1977.546763290554,0.36827571160115496,OnTrack,-3626.0,9638.0,7451.0
2026-09-13 14:29:24.881,0 days 02:23:34.441000,12,125.32805555555456,0 days 00:00:34.745000,10236.0,132.0,2,47.0,False,0,car,1982.0225000000007,0.3691092216613005,OnTrack,-3640.6356892905787,9678.259333080541,7448.021322330871
2026-09-13 14:29:25.121,0 days 02:23:34.681000,12,130.46138888888777,0 days 00:00:34.985000,10020.0,140.0,3,47.0,False,0,car,1991.3558333333342,0.3708473550085113,OnTrack,-3677.5879166884615,9749.841973176633,7443.237225609681
2026-09-13 14:29:25.181,0 days 02:23:34.741000,12,131.54472222222108,0 days 00:00:35.045000,10020.0,143.25,3,47.0,False,0,pos,1993.817089454057,0.3713057112234529,OnTrack,-3689.0,9770.0,7443.0
2026-09-13 14:29:25.201,0 days 02:23:34.761000,12,131.9058333333322,0 days 00:00:35.065000,10020.0,144.33333333333334,3,47.0,False,0,pos,1994.6502709743577,0.37146087342895806,OnTrack,-3693.0,9777.0,7443.0
2026-09-13 14:29:25.361,0 days 02:23:34.921000,12,134.79472222222103,0 days 00:00:35.225000,10020.0,153.0,3,47.0,False,0,car,2001.5558333333342,0.37274688645224885,OnTrack,-3726.8439394633237,9841.6657598428,7439.826900477375
2026-09-13 14:29:25.561,0 days 02:23:35.121000,12,137.85027777777628,0 days 00:00:35.425000,10515.0,163.71428571428572,3,84.85714285714286,False,0,pos,2010.7964813351286,0.37446775914243696,OnTrack,-3781.0,9954.0,7432.0
2026-09-13 14:29:25.641,0 days 02:23:35.201000,12,139.0724999999984,0 days 00:00:35.505000,10713.0,168.0,3,100.0,False,0,car,2014.6225000000009,0.37518027313834396,OnTrack,-3809.1153965480344,10012.32294280266,7429.328217031495
2026-09-13 14:29:25.761,0 days 02:23:35.321000,12,140.57249999999848,0 days 00:00:35.625000,10713.0,172.28571428571428,3,100.0,False,0,pos,2020.4630179762137,0.37626794446614104,OnTrack,-3849.0,10095.0,7426.0
2026-09-13 14:29:25.921,0 days 02:23:35.481000,12,142.57249999999863,0 days 00:00:35.785000,10713.0,178.0,4,100.0,False,0,car,2028.466944444445,0.37775850427004,OnTrack,-3874.249677709077,10147.10120437414,7423.251289007333
2026-09-13 14:29:26.081,0 days 02:23:35.641000,12,143.86138888888763,0 days 00:00:35.945000,10713.0,187.0,4,100.0,False,0,pos,2036.7780555555564,0.37930627063160394,OnTrack,-3891.0,10188.0,7421.0
2026-09-13 14:29:26.241,0 days 02:23:35.801000,12,144.75027777777632,0 days 00:00:36.105000,11273.0,195.0,4,100.0,False,0,pos,2045.444722222223,0.3809202515968711,OnTrack,-3920.0,10267.0,7418.0
2026-09-13 14:29:26.421,0 days 02:23:35.981000,12,145.45027777777636,0 days 00:00:36.285000,10858.25,195.0,4,100.0,False,0,pos,2055.145024356578,0.38272672502020066,OnTrack,-3945.0,10355.0,7415.0
2026-09-13 14:29:26.481,0 days 02:23:36.041000,12,145.6836111111097,0 days 00:00:36.345000,10720.0,195.0,4,100.0,False,0,car,2058.444722222223,0.38334122304477186,OnTrack,-3952.084166673206,10388.332626657599,7413.953851377447
2026-09-13 14:29:26.681,0 days 02:23:36.241000,12,145.90583333333188,0 days 00:00:36.545000,11135.0,205.0,5,100.0,False,0,car,2069.833611111112,0.38546215956964225,OnTrack,-3972.3676226245407,10516.40630049416,7410.175432965405
2026-09-13 14:29:26.801,0 days 02:23:36.361000,12,145.77249999999862,0 days 00:00:36.665000,11279.75,208.0,5,100.0,False,0,pos,2076.8478078154026,0.38676840341203045,OnTrack,-3981.0,10588.0,7408.0
2026-09-13 14:29:27.001,0 days 02:23:36.561000,12,145.5502777777765,0 days 00:00:36.865000,11521.0,213.0,5,100.0,False,0,car,2088.7669444444455,0.3889880872168413,OnTrack,-3989.504238558191,10690.861995203299,7404.6754353414235
2026-09-13 14:29:27.041,0 days 02:23:36.601000,12,145.4502777777764,0 days 00:00:36.905000,11566.714285714286,214.0,5,100.0,False,0,pos,2091.1787536679662,0.38943723500668187,OnTrack,-3991.0,10713.0,7404.0
2026-09-13 14:29:27.281,0 days 02:23:36.841000,12,144.85027777777577,0 days 00:00:37.145000,11841.0,220.0,5,100.0,False,0,car,2105.878055555557,0.39217466502006115,OnTrack,-4000.5438176442694,10864.578675602494,7399.722760041967
2026-09-13 14:29:27.321,0 days 02:23:36.881000,12,144.68361111110912,0 days 00:00:37.185000,11843.714285714286,221.14285714285714,5,100.0,False,0,pos,2108.3772628100082,0.3926400888204776,OnTrack,-4002.0,10889.0,7399.0
2026-09-13 14:29:27.521,0 days 02:23:37.081000,12,143.85027777777591,0 days 00:00:37.385000,11857.285714285714,226.85714285714286,5,100.0,False,0,pos,2121.0592376214618,0.3950018348913641,OnTrack,-4008.0,11008.0,7395.0
2026-09-13 14:29:27.561,0 days 02:23:37.121000,12,143.68361111110926,0 days 00:00:37.425000,11860.0,228.0,5,100.0,False,0,car,2123.61138888889,0.3954771183797617,OnTrack,-4008.8361013571225,11036.422099086862,7393.895747880511
2026-09-13 14:29:27.800,0 days 02:23:37.360000,12,142.48861079110932,0 days 00:00:37.664000,11860.0,230.2406256,5,100.0,False,0,pos,2138.921381168792,0.39832827639339424,OnTrack,-4011.0,11225.0,7386.0
2026-09-13 14:29:27.881,0 days 02:23:37.441000,12,142.08361111110935,0 days 00:00:37.745000,11860.0,231.0,5,100.0,False,0,car,2144.144722222223,0.3993010117436254,OnTrack,-4010.6040981661536,11275.886236722225,7383.88220449179
2026-09-13 14:29:28.120,0 days 02:23:37.680000,12,140.49027735110928,0 days 00:00:37.984000,11767.055530666667,231.0,5,100.0,False,0,pos,2159.6384923751903,0.4021863944482923,OnTrack,-4006.0,11398.0,7379.0
2026-09-13 14:29:28.241,0 days 02:23:37.801000,12,139.68361111110926,0 days 00:00:38.105000,11720.0,231.0,5,100.0,False,0,car,2167.244722222223,0.40360289177797215,OnTrack,-4001.626276347688,11467.869715668778,7376.316507110909
2026-09-13 14:29:28.420,0 days 02:23:37.980000,12,139.28583319110928,0 days 00:00:38.284000,11285.9248448,219.0666624,5,25.41664,False,0,pos,2177.9965534010707,0.4056051899546368,OnTrack,-3993.0,11576.0,7372.0
2026-09-13 14:29:28.481,0 days 02:23:38.041000,12,139.15027777777595,0 days 00:00:38.345000,11138.0,215.0,5,0.0,True,0,car,2181.5780555555566,0.40627216798976024,OnTrack,-3989.6095909466626,11610.944235993147,7370.457764143442
2026-09-13 14:29:28.620,0 days 02:23:38.180000,12,138.802777617776,0 days 00:00:38.484000,11040.120788266666,210.94583146666668,5,0.0,True,0,pos,2189.640514707284,0.4077736282517755,OnTrack,-3977.0,11698.0,7367.0
2026-09-13 14:29:28.721,0 days 02:23:38.281000,12,138.55027777777605,0 days 00:00:38.585000,10969.0,208.0,5,0.0,False,0,car,2195.4447222222234,0.4088545375341877,OnTrack,-3957.7599587451414,11783.959744271135,7364.811094777481
2026-09-13 14:29:28.820,0 days 02:23:38.380000,12,138.41277768888716,0 days 00:00:38.684000,10858.174928355556,206.8999992888889,5,0.8250005333333333,False,0,pos,2201.110063775443,0.4099095860067224,OnTrack,-3934.0,11869.0,7363.0
2026-09-13 14:29:29.081,0 days 02:23:38.641000,12,138.05027777777605,0 days 00:00:38.945000,10566.0,204.0,5,3.0,False,0,car,2215.8447222222235,0.4126536004216628,OnTrack,-3865.819844253158,12011.20703679721,7360.025395272019
2026-09-13 14:29:29.240,0 days 02:23:38.800000,12,138.35944456888717,0 days 00:00:39.104000,10578.72000512,200.81999872,5,18.9000064,False,0,pos,2224.5704713585187,0.4142785842309333,OnTrack,-3828.0,12064.0,7359.0
2026-09-13 14:29:29.481,0 days 02:23:39.041000,12,138.82805555555387,0 days 00:00:39.345000,10598.0,196.0,5,43.0,False,0,car,2237.6225000000013,0.41670924489848804,OnTrack,-3782.151462762979,12121.47847647929,7358.043208831216
2026-09-13 14:29:29.641,0 days 02:23:39.201000,12,139.13916666666483,0 days 00:00:39.505000,10742.0,196.0,5,43.0,False,0,pos,2246.343300049519,0.4183333070463906,OnTrack,-3722.0,12176.0,7357.0
2026-09-13 14:29:29.681,0 days 02:23:39.241000,12,139.21694444444256,0 days 00:00:39.545000,10778.0,196.0,5,43.0,False,0,car,2248.5113888888905,0.4187370671369007,OnTrack,-3699.840688185189,12194.539486973074,7356.614631921791
2026-09-13 14:29:29.881,0 days 02:23:39.441000,12,140.21694444444256,0 days 00:00:39.745000,10778.0,196.0,5,62.0,False,0,car,2259.400277777779,0.42076488937531326,OnTrack,-3566.690620808491,12300.868650236716,7354.319952358764
2026-09-13 14:29:29.921,0 days 02:23:39.481000,12,140.3169444041909,0 days 00:00:39.785000,10786.80502790238,199.52201116095148,5,62.0,False,0,pos,2261.688403912046,0.4211910038399483,OnTrack,-3547.0,12316.0,7354.0
2026-09-13 14:29:30.040,0 days 02:23:39.600000,12,140.61444444444214,0 days 00:00:39.904000,10813.0,210.0,5,62.0,False,0,car,2268.6752777777797,0.4224921593891041,OnTrack,-3510.1291379476006,12342.687897541779,7353.471685767803
2026-09-13 14:29:30.181,0 days 02:23:39.741000,12,141.12361087999804,0 days 00:00:40.045000,10924.0374496,209.41250026666665,5,25.575016533333333,False,0,pos,2276.9127373390456,0.4240262097276473,OnTrack,-3475.0,12367.0,7353.0
2026-09-13 14:29:30.280,0 days 02:23:39.840000,12,141.48111111110939,0 days 00:00:40.144000,11002.0,209.0,5,0.0,False,0,car,2282.6086111111126,0.4250869441717259,OnTrack,-3430.661341240098,12400.561649117024,7352.267227445731
2026-09-13 14:29:30.521,0 days 02:23:40.081000,12,142.8869443912993,0 days 00:00:40.385000,10554.306066745865,202.13879029495578,5,0.0,False,0,pos,2296.0934574932735,0.4275982078694597,OnTrack,-3302.0,12507.0,7350.0
2026-09-13 14:29:30.561,0 days 02:23:40.121000,12,143.1202777777762,0 days 00:00:40.425000,10480.0,201.0,5,0.0,False,0,car,2298.297777777779,0.4280087152902918,OnTrack,-3288.4305044094863,12520.790714585113,7349.760823095328
2026-09-13 14:29:30.761,0 days 02:23:40.321000,12,145.34249999999844,0 days 00:00:40.625000,10480.0,198.22222222222223,5,0.5555555555555556,False,0,pos,2309.215030783443,0.4300418197376934,OnTrack,-3246.0,12579.0,7349.0
2026-09-13 14:29:30.921,0 days 02:23:40.481000,12,147.1202777777762,0 days 00:00:40.785000,10480.0,196.0,5,1.0,False,0,car,2317.897777777779,0.43165879531943446,OnTrack,-3209.002178481217,12636.725079347456,7348.269498981923
2026-09-13 14:29:31.141,0 days 02:23:40.701000,12,149.62583333333157,0 days 00:00:41.005000,10572.125,196.0,5,26.4375,False,0,pos,2329.8558953859465,0.43388573849635853,OnTrack,-3158.0,12763.0,7347.0
2026-09-13 14:29:31.241,0 days 02:23:40.801000,12,150.76472222222037,0 days 00:00:41.105000,10614.0,196.0,5,38.0,False,0,car,2335.3200000000015,0.4349033109008947,OnTrack,-3140.4036523827162,12850.031696793201,7346.349442260159
2026-09-13 14:29:31.301,0 days 02:23:40.861000,12,151.31472222222038,0 days 00:00:41.165000,10623.75,196.5625,5,41.0,False,0,pos,2338.61093863038,0.43551617770558243,OnTrack,-3132.0,12898.0,7346.0
2026-09-13 14:29:31.561,0 days 02:23:41.121000,12,153.69805555555376,0 days 00:00:41.425000,10666.0,199.0,5,54.0,False,0,car,2353.0088888888904,0.43819748743513226,OnTrack,-3117.4770394854904,13000.715640408593,7345.186009087115
2026-09-13 14:29:31.701,0 days 02:23:41.261000,12,154.70916666666488,0 days 00:00:41.565000,10666.0,200.75,5,54.0,False,0,pos,2360.891926948604,0.43966553436323086,OnTrack,-3130.0,13072.0,7345.0
2026-09-13 14:29:31.881,0 days 02:23:41.441000,12,156.0091666666649,0 days 00:00:41.745000,10666.0,203.0,5,54.0,False,0,car,2371.0533333333346,0.44155787857307316,OnTrack,-3166.954011828749,13222.75665579627,7344.957321899976
2026-09-13 14:29:31.901,0 days 02:23:41.461000,12,156.15361111110934,0 days 00:00:41.765000,10762.875,203.0,5,57.125,False,0,pos,2372.174470643254,0.4417666663743417,OnTrack,-3171.0,13237.0,7345.0
2026-09-13 14:29:32.041,0 days 02:23:41.601000,12,157.16472222222046,0 days 00:00:41.905000,11441.0,203.0,5,79.0,False,0,car,2380.075555555557,0.44323807414204364,OnTrack,-3195.1469354413307,13305.831621758634,7345.650274376079
2026-09-13 14:29:32.201,0 days 02:23:41.761000,12,157.6536111111095,0 days 00:00:42.065000,11514.0,214.0,5,85.0,False,0,pos,2389.586666666668,0.44500931479110606,OnTrack,-3220.0,13358.0,7347.0
2026-09-13 14:29:32.441,0 days 02:23:42.001000,12,158.25361111110942,0 days 00:00:42.305000,11654.0,215.0,5,90.0,False,0,car,2403.9200000000014,0.4476785910028941,OnTrack,-3267.009115022271,13475.798043073715,7350.002952624625
2026-09-13 14:29:32.541,0 days 02:23:42.101000,12,158.28138888888722,0 days 00:00:42.405000,11729.3125,217.5,5,93.125,False,0,pos,2410.0116922077086,0.4488130381493755,OnTrack,-3295.0,13551.0,7352.0
2026-09-13 14:29:32.741,0 days 02:23:42.301000,12,158.33694444444282,0 days 00:00:42.605000,11879.9375,222.5,5,99.375,False,0,pos,2422.4751818688073,0.4511340960425083,OnTrack,-3361.0,13732.0,7357.0
2026-09-13 14:29:32.761,0 days 02:23:42.321000,12,158.34249999999838,0 days 00:00:42.625000,11895.0,223.0,5,100.0,False,0,car,2423.7422222222235,0.4513700551593513,OnTrack,-3365.666348194001,13744.843016901134,7357.379046595558
2026-09-13 14:29:33.161,0 days 02:23:42.721000,12,157.23138888888732,0 days 00:00:43.025000,12011.363636363636,233.0,5,100.0,False,0,pos,2449.721465494483,0.4562081325593672,OnTrack,-3428.0,13913.0,7362.0
2026-09-13 14:29:33.201,0 days 02:23:42.761000,12,157.1202777777762,0 days 00:00:43.065000,12023.0,234.0,6,100.0,False,0,car,2452.3422222222234,0.45669619234473297,OnTrack,-3448.205713774521,13967.142313816694,7363.096711149264
2026-09-13 14:29:33.301,0 days 02:23:42.861000,12,156.7869444444429,0 days 00:00:43.165000,11671.125,234.625,6,87.5,False,0,pos,2458.8941678040055,0.4579163518202478,OnTrack,-3503.0,14114.0,7366.0
2026-09-13 14:29:33.521,0 days 02:23:43.081000,12,156.0536111111096,0 days 00:00:43.385000,10897.0,236.0,6,60.0,False,0,car,2473.320000000001,0.4606028539632258,OnTrack,-3540.7280145487284,14216.775758810003,7367.767307775316
2026-09-13 14:29:33.641,0 days 02:23:43.201000,12,155.786944444443,0 days 00:00:43.505000,10797.4,236.0,6,33.0,False,0,pos,2481.2043398828855,0.46207114332799576,OnTrack,-3547.0,14251.0,7368.0
2026-09-13 14:29:33.721,0 days 02:23:43.281000,12,155.60916666666526,0 days 00:00:43.585000,10731.0,236.0,6,15.0,False,0,car,2486.4311111111124,0.4630445174747839,OnTrack,-3555.1437980316273,14294.98657749142,7368.417238387922
2026-09-13 14:29:33.841,0 days 02:23:43.401000,12,155.7424999999986,0 days 00:00:43.705000,10639.333333333334,234.33333333333334,6,15.666666666666666,False,0,pos,2494.1879051453557,0.4644890541581801,OnTrack,-3568.0,14378.0,7369.0
2026-09-13 14:29:34.081,0 days 02:23:43.641000,12,156.00916666666535,0 days 00:00:43.945000,10456.0,231.0,6,17.0,False,0,car,2509.5311111111123,0.46734639750913065,OnTrack,-3570.0842808178368,14533.078844056494,7367.941537456147
2026-09-13 14:29:34.181,0 days 02:23:43.741000,12,156.2869444444432,0 days 00:00:44.045000,10444.125,230.6875,6,19.8125,False,0,pos,2515.9361406745275,0.4685391970242066,OnTrack,-3563.0,14596.0,7367.0
2026-09-13 14:29:34.400,0 days 02:23:43.960000,12,156.8952779555545,0 days 00:00:44.264000,10418.1187424,230.0031248,6,25.9718768,False,0,pos,2529.912332316082,0.4711419632484061,OnTrack,-3533.0,14733.0,7364.0
2026-09-13 14:29:34.401,0 days 02:23:43.961000,12,156.8980555555545,0 days 00:00:44.265000,10418.0,230.0,6,26.0,False,0,car,2529.9755555555566,0.4711537372220686,OnTrack,-3532.817273460241,14733.611164281721,7363.979208360843
2026-09-13 14:29:34.560,0 days 02:23:44.120000,12,157.78138924444318,0 days 00:00:44.424000,10350.4249728,227.34999893333332,6,26.0,False,0,pos,2539.96035988402,0.47301319308299833,OnTrack,-3500.0,14828.0,7360.0
2026-09-13 14:29:34.641,0 days 02:23:44.201000,12,158.23138888888752,0 days 00:00:44.505000,10316.0,226.0,6,26.0,False,0,car,2545.0422222222232,0.4739595810539946,OnTrack,-3483.1349877463053,14872.98727854463,7358.085347911357
2026-09-13 14:29:35.481,0 days 02:23:45.041000,12,164.53138888888816,0 days 00:00:45.345000,10374.0,229.0,6,53.0,False,0,car,2598.475555555556,0.4839103944667764,OnTrack,-3194.4140748707287,15246.35454889821,7339.718982384657
2026-09-13 14:29:35.620,0 days 02:23:45.180000,12,165.573889368888,0 days 00:00:45.484000,10457.4000384,229.0,6,57.633335466666665,False,0,pos,2607.298608555158,0.48555349903564954,OnTrack,-3058.0,15312.0,7332.0
2026-09-13 14:29:35.721,0 days 02:23:45.281000,12,166.3313888888879,0 days 00:00:45.585000,10518.0,229.0,6,61.0,False,0,car,2613.742222222223,0.48675348401328555,OnTrack,-2939.077126479842,15361.48802668979,7325.259591170415
2026-09-13 14:29:35.780,0 days 02:23:45.340000,12,166.7738893688878,0 days 00:00:45.644000,10572.5750592,229.9833344,6,61.0,False,0,pos,2617.5327545613723,0.4874593894413951,OnTrack,-2879.0,15385.0,7322.0
2026-09-13 14:29:35.961,0 days 02:23:45.521000,12,168.1313888888876,0 days 00:00:45.825000,10740.0,233.0,6,61.0,False,0,car,2629.2755555555564,0.4896462345125721,OnTrack,-2791.1334865015724,15413.336715165715,7318.599796097847
2026-09-13 14:29:36.141,0 days 02:23:45.701000,12,169.28138888888785,0 days 00:00:46.005000,10836.42857142857,235.57142857142858,6,70.64285714285714,False,0,pos,2641.1014402471938,0.49184855214215834,OnTrack,-2738.0,15416.0,7318.0
2026-09-13 14:29:36.241,0 days 02:23:45.801000,12,169.92027777777685,0 days 00:00:46.105000,10890.0,237.0,6,76.0,False,0,car,2647.7088888888893,0.4930790478733134,OnTrack,-2676.2206445622605,15423.574061663074,7315.837528119391
2026-09-13 14:29:36.321,0 days 02:23:45.881000,12,170.3647222222212,0 days 00:00:46.185000,10916.222222222223,237.66666666666666,6,76.22222222222223,False,0,pos,2653.0054708799566,0.4940654227788395,OnTrack,-2620.0,15429.0,7314.0
2026-09-13 14:29:36.601,0 days 02:23:46.161000,12,171.9202777777764,0 days 00:00:46.465000,11008.0,240.0,6,77.0,False,0,pos,2671.7088888888898,0.4975485336232841,OnTrack,-2433.0,15424.0,7311.0
2026-09-13 14:29:36.760,0 days 02:23:46.320000,12,172.93611111110977,0 days 00:00:46.624000,11195.0,245.0,6,72.0,False,0,car,2682.529722222223,0.4995636819727066,OnTrack,-2333.641633657029,15409.125020503776,7310.009434841004
2026-09-13 14:29:36.761,0 days 02:23:46.321000,12,172.9424995931439,0 days 00:00:46.625000,11195.999936318387,245.0,6,72.10447095863752,False,0,pos,2682.5977383666996,0.49957634852222765,OnTrack,-2333.0,15409.0,7310.0
2026-09-13 14:29:36.961,0 days 02:23:46.521000,12,174.22027777777657,0 days 00:00:46.825000,11396.0,245.0,6,93.0,False,0,pos,2696.2088888888898,0.5021111336597125,OnTrack,-2200.0,15376.0,7308.0
2026-09-13 14:29:37.141,0 days 02:23:46.701000,12,175.17027777777668,0 days 00:00:47.005000,11396.0,250.4,6,99.3,False,0,pos,2708.742477205843,0.5044452459254885,OnTrack,-2083.0,15334.0,7310.0
2026-09-13 14:29:37.161,0 days 02:23:46.721000,12,175.27583333333223,0 days 00:00:47.025000,11396.0,251.0,6,100.0,False,0,car,2710.153333333334,0.5047079876487001,OnTrack,-2069.941590067514,15328.300788599758,7310.312270981152
2026-09-13 14:29:37.361,0 days 02:23:46.921000,12,176.10916666666571,0 days 00:00:47.225000,11774.0,257.0,6,100.0,False,0,car,2724.431111111112,0.5073669178286595,OnTrack,-1938.8106391918056,15259.66924133453,7313.666296931287
2026-09-13 14:29:37.441,0 days 02:23:47.001000,12,176.35361111111007,0 days 00:00:47.305000,11774.0,258.2,6,100.0,False,0,pos,2730.1979141252655,0.5084408613242698,OnTrack,-1890.0,15229.0,7315.0
2026-09-13 14:29:37.561,0 days 02:23:47.121000,12,176.72027777777657,0 days 00:00:47.425000,11774.0,260.0,6,100.0,False,0,car,2738.8755555555563,0.5100568861041047,OnTrack,-1822.7611106720876,15181.011584053284,7316.956725041767
2026-09-13 14:29:37.641,0 days 02:23:47.201000,12,177.00916666666544,0 days 00:00:47.505000,11382.0,260.0,6,100.0,False,0,pos,2744.6586080705633,0.5111338557210695,OnTrack,-1780.0,15147.0,7319.0
2026-09-13 14:29:37.761,0 days 02:23:47.321000,12,177.44249999999874,0 days 00:00:47.625000,10794.0,260.0,6,100.0,False,0,car,2753.320000000001,0.5127468543795501,OnTrack,-1716.0938085620205,15090.844602713734,7323.974601632577
2026-09-13 14:29:37.821,0 days 02:23:47.381000,12,177.6758333333321,0 days 00:00:47.685000,10735.875,260.0,6,100.0,False,0,pos,2757.6391333304214,0.5135512004159057,OnTrack,-1679.0,15051.0,7327.0
2026-09-13 14:29:37.921,0 days 02:23:47.481000,12,178.064722222221,0 days 00:00:47.785000,10639.0,260.0,7,100.0,False,0,car,2764.8755555555563,0.5148988289999062,OnTrack,-1604.5997391467654,14958.219211084535,7332.535719011591
2026-09-13 14:29:38.021,0 days 02:23:47.581000,12,178.23138888888772,0 days 00:00:47.885000,10699.0,263.3333333333333,7,100.0,False,0,pos,2772.2594878170253,0.516273928167464,OnTrack,-1532.0,14858.0,7338.0
2026-09-13 14:29:38.161,0 days 02:23:47.721000,12,178.4647222222211,0 days 00:00:48.025000,10783.0,268.0,7,100.0,False,0,car,2782.742222222223,0.5182261128359956,OnTrack,-1462.8223359529889,14748.083553218028,7344.3738459875285
2026-09-13 14:29:38.481,0 days 02:23:48.041000,12,179.08694444444316,0 days 00:00:48.345000,10863.0,269.77777777777777,7,100.0,False,0,pos,2806.7326212243606,0.5226938106058356,OnTrack,-1400.0,14557.0,7356.0
2026-09-13 14:29:38.521,0 days 02:23:48.081000,12,179.16472222222092,0 days 00:00:48.385000,10873.0,270.0,7,100.0,False,0,car,2809.742222222223,0.5232542843047125,OnTrack,-1394.1862954840797,14527.668585139947,7357.576508912056
2026-09-13 14:29:38.841,0 days 02:23:48.401000,12,179.60916666666526,0 days 00:00:48.705000,10928.0,272.0,7,100.0,False,0,car,2833.920000000001,0.5277568773565349,OnTrack,-1358.5385160173744,14269.81593800605,7370.314154332918
2026-09-13 14:29:38.901,0 days 02:23:48.461000,12,179.67583333333198,0 days 00:00:48.765000,10957.25,272.375,7,100.0,False,0,pos,2838.4640708229576,0.5286031131811207,OnTrack,-1355.0,14235.0,7372.0
2026-09-13 14:29:39.001,0 days 02:23:48.561000,12,179.78694444444318,0 days 00:00:48.865000,11006.0,273.0,7,100.0,False,0,car,2846.0533333333346,0.530016450707909,OnTrack,-1351.6026726332732,14191.799911005663,7374.102856628332
2026-09-13 14:29:39.201,0 days 02:23:48.761000,12,179.9536111111097,0 days 00:00:49.065000,10993.5,274.6666666666667,7,100.0,False,0,pos,2861.331395365244,0.532861662397025,OnTrack,-1361.0,14098.0,7377.0
2026-09-13 14:29:39.241,0 days 02:23:48.801000,12,179.986944444443,0 days 00:00:49.105000,10991.0,275.0,7,100.0,False,0,car,2864.3866666666677,0.5334306412113587,OnTrack,-1367.136369364106,14062.656338387042,7377.698163051366
2026-09-13 14:29:39.481,0 days 02:23:49.041000,12,180.25361111110968,0 days 00:00:49.345000,11124.714285714286,275.0,7,100.0,False,0,pos,2882.699896322545,0.5368410878356457,OnTrack,-1423.0,13788.0,7382.0
2026-09-13 14:29:39.521,0 days 02:23:49.081000,12,180.29805555555413,0 days 00:00:49.385000,11147.0,275.0,7,100.0,False,0,car,2885.775555555557,0.5374138634653836,OnTrack,-1431.7078285397429,13752.02750002953,7382.439370699716
2026-09-13 14:29:39.961,0 days 02:23:49.521000,12,180.05361111110915,0 days 00:00:49.825000,11264.0,281.0,7,100.0,False,0,pos,2920.1200000000017,0.5438097803418462,OnTrack,-1517.0,13533.0,7379.0
2026-09-13 14:29:40.021,0 days 02:23:49.581000,12,179.90361111110929,0 days 00:00:49.885000,11291.0,281.0,7,100.0,False,0,pos,2924.8109507009326,0.5446833693964974,OnTrack,-1533.0,13497.0,7377.0
2026-09-13 14:29:40.241,0 days 02:23:49.801000,12,179.35361111110979,0 days 00:00:50.105000,11390.0,281.0,7,100.0,False,0,car,2941.9755555555566,0.5478799092632315,OnTrack,-1614.0017427020703,13335.27032286162,7371.099434124411
2026-09-13 14:29:40.281,0 days 02:23:49.841000,12,179.25361111110976,0 days 00:00:50.145000,11390.0,281.0,7,100.0,False,0,pos,2945.0910655547323,0.5484601062442818,OnTrack,-1629.0,13307.0,7370.0
2026-09-13 14:29:40.401,0 days 02:23:49.961000,12,178.9536111111097,0 days 00:00:50.265000,11390.0,281.0,7,100.0,False,0,car,2954.4644444444457,0.5502056972183088,OnTrack,-1671.0269778582804,13230.182295206674,7366.347090362411
2026-09-13 14:29:40.581,0 days 02:23:50.141000,12,177.65361111110937,0 days 00:00:50.445000,11426.9,285.5,7,100.0,False,0,pos,2968.7589149928604,0.5528677360691219,OnTrack,-1750.0,13102.0,7359.0
2026-09-13 14:29:40.601,0 days 02:23:50.161000,12,177.5091666666649,0 days 00:00:50.465000,11431.0,286.0,7,100.0,False,0,car,2970.353333333335,0.5531646623212987,OnTrack,-1762.364938595886,13083.280399551091,7357.958911772848
2026-09-13 14:29:40.781,0 days 02:23:50.341000,12,174.25916666666538,0 days 00:00:50.645000,11431.0,286.5625,7,100.0,False,0,pos,2984.7075282970754,0.5558378235647461,OnTrack,-1889.0,12899.0,7348.0
2026-09-13 14:29:40.921,0 days 02:23:50.481000,12,171.73138888888798,0 days 00:00:50.785000,11431.0,287.0,7,100.0,False,0,car,2995.8644444444453,0.5579155601370082,OnTrack,-1957.5030914383817,12806.932856217312,7343.541213891713
2026-09-13 14:29:41.140,0 days 02:23:50.700000,12,166.25638728888796,0 days 00:00:51.004000,11505.825021866667,287.0,7,100.0,False,0,pos,3013.315283048327,0.5611654049063868,OnTrack,-2037.0,12714.0,7340.0
2026-09-13 14:29:41.161,0 days 02:23:50.721000,12,165.73138888888798,0 days 00:00:51.025000,11513.0,287.0,7,100.0,False,0,car,3014.997777777779,0.5614787334987903,OnTrack,-2046.4124069514917,12702.970943359574,7339.563365131851
2026-09-13 14:29:41.360,0 days 02:23:50.920000,12,160.59055390222147,0 days 00:00:51.224000,11542.8500096,289.98500096,7,100.0,False,0,pos,3031.028254517562,0.5644640663051943,OnTrack,-2147.0,12585.0,7335.0
2026-09-13 14:29:41.361,0 days 02:23:50.921000,12,160.56472222222146,0 days 00:00:51.225000,11543.0,290.0,7,100.0,False,0,car,3031.1088888888903,0.5644790827290947,OnTrack,-2147.507280348009,12584.410076530747,7334.980010129178
2026-09-13 14:29:41.560,0 days 02:23:51.120000,12,153.93138675555485,0 days 00:00:51.424000,11537.572725527272,290.0,7,100.0,False,0,pos,3047.1432302067747,0.5674651352303635,OnTrack,-2253.0,12463.0,7332.0
2026-09-13 14:29:41.780,0 days 02:23:51.340000,12,146.5980534222216,0 days 00:00:51.644000,11531.572725527272,290.0,7,100.0,False,0,pos,3064.86103232492,0.5707646962340239,OnTrack,-2406.0,12288.0,7331.0
2026-09-13 14:29:41.801,0 days 02:23:51.361000,12,145.89805555555495,0 days 00:00:51.665000,11531.0,290.0,7,100.0,False,0,car,3066.5533333333346,0.5710798510357643,OnTrack,-2417.5972394798882,12274.762094054722,7330.959415523071
2026-09-13 14:29:42.121,0 days 02:23:51.681000,12,133.89805555555495,0 days 00:00:51.985000,11531.0,290.0,7,100.0,False,0,car,3092.3311111111125,0.5758804098042514,OnTrack,-2542.2296617175266,12131.448312877008,7331.566144335824
2026-09-13 14:29:42.160,0 days 02:23:51.720000,12,132.4463865066661,0 days 00:00:52.024000,11527.378565485715,289.86071405714284,7,100.0,False,0,pos,3095.461705082419,0.5764634158519053,OnTrack,-2569.0,12100.0,7332.0
2026-09-13 14:29:42.360,0 days 02:23:51.920000,12,125.00194206222181,0 days 00:00:52.224000,11508.807136914285,289.1464283428571,7,100.0,False,0,pos,3111.501710387148,0.5794505231493612,OnTrack,-2740.0,11898.0,7335.0
2026-09-13 14:29:42.401,0 days 02:23:51.961000,12,123.47583333333296,0 days 00:00:52.265000,11505.0,289.0,7,100.0,False,0,car,3114.80888888889,0.5800664142821174,OnTrack,-2762.1971548044107,11871.579976163313,7335.330922933272
2026-09-13 14:29:42.601,0 days 02:23:52.161000,12,115.4758333333325,0 days 00:00:52.465000,11472.0,289.0,7,100.0,False,0,car,3130.864444444446,0.5830564174805931,OnTrack,-2803.9302337845747,11820.077886802976,7335.683689728356
2026-09-13 14:29:42.641,0 days 02:23:52.201000,12,114.1758333333325,0 days 00:00:52.505000,11326.4,286.0,7,90.0,False,0,pos,3133.943292509165,0.5836297869619093,OnTrack,-2816.0,11805.0,7336.0
2026-09-13 14:29:42.841,0 days 02:23:52.401000,12,107.6758333333325,0 days 00:00:52.705000,10598.4,271.0,7,40.0,False,0,pos,3148.4916917488463,0.5863391145905192,OnTrack,-2913.0,11684.0,7339.0
2026-09-13 14:29:43.001,0 days 02:23:52.561000,12,102.4758333333325,0 days 00:00:52.865000,10016.0,259.0,7,0.0,False,0,car,3159.6422222222236,0.5884156619678265,OnTrack,-2989.2786974776113,11585.081840506691,7340.566700072552
2026-09-13 14:29:43.061,0 days 02:23:52.621000,12,100.6924999999992,0 days 00:00:52.925000,10119.5,256.5,7,0.0,False,0,pos,3163.7820372402575,0.5891866138107688,OnTrack,-3014.0,11551.0,7341.0
2026-09-13 14:29:43.241,0 days 02:23:52.801000,12,95.34249999999929,0 days 00:00:53.105000,10430.0,249.0,7,0.0,True,0,car,3176.242222222223,0.5915070562782228,OnTrack,-3072.8990396330682,11460.35136676675,7342.0941122344375
2026-09-13 14:29:43.421,0 days 02:23:52.981000,12,90.1924999999991,0 days 00:00:53.285000,10642.142857142857,249.0,7,0.0,True,0,pos,3189.158510188168,0.5939124381534854,OnTrack,-3129.0,11358.0,7343.0
2026-09-13 14:29:43.521,0 days 02:23:53.081000,12,87.33138888888789,0 days 00:00:53.385000,10760.0,249.0,6,0.0,True,0,car,3195.60888888889,0.5951136829736852,OnTrack,-3167.6430028941063,11283.508154482632,7343.473988677703
2026-09-13 14:29:43.641,0 days 02:23:53.201000,12,86.23138888888775,0 days 00:00:53.505000,11026.0,216.5,6,0.0,True,0,pos,3202.076745071511,0.5963181826003972,OnTrack,-3210.0,11200.0,7344.0
2026-09-13 14:29:43.761,0 days 02:23:53.321000,12,85.13138888888761,0 days 00:00:53.625000,11292.0,184.0,5,0.0,True,0,car,3207.8755555555567,0.597398086801448,OnTrack,-3233.805591438695,11151.736735894054,7344.459920066818
2026-09-13 14:29:43.981,0 days 02:23:53.541000,12,83.97027777777673,0 days 00:00:53.845000,10634.75,174.83333333333334,5,0.0,True,0,pos,3218.534156210107,0.5993830227906205,OnTrack,-3255.0,11100.0,7345.0
2026-09-13 14:29:44.001,0 days 02:23:53.561000,12,83.86472222222119,0 days 00:00:53.865000,10575.0,174.0,4,0.0,True,0,car,3219.4755555555566,0.5995583382472671,OnTrack,-3257.9288103503595,11092.455734337736,7345.017314317777
2026-09-13 14:29:44.181,0 days 02:23:53.741000,12,84.1147222222213,0 days 00:00:54.045000,10050.0,166.5,4,0.0,True,0,pos,3227.6828720481853,0.6010867750851548,OnTrack,-3289.0,11009.0,7345.0
2026-09-13 14:29:44.241,0 days 02:23:53.801000,12,84.19805555555467,0 days 00:00:54.105000,9875.0,164.0,4,0.0,True,0,car,3230.4088888888896,0.6015944373111426,OnTrack,-3297.6580617232166,10982.406585821851,7344.985292925783
2026-09-13 14:29:44.401,0 days 02:23:53.961000,12,84.42027777777685,0 days 00:00:54.265000,9634.0,164.0,4,0.0,True,0,car,3237.697777777779,0.6029518366870597,OnTrack,-3314.7306840800597,10918.363253626658,7344.971077460772
2026-09-13 14:29:44.481,0 days 02:23:54.041000,12,84.9313888888878,0 days 00:00:54.345000,9512.0,159.0,4,0.0,True,0,pos,3241.166803941488,0.6035978684789336,OnTrack,-3321.0,10888.0,7345.0
2026-09-13 14:29:44.561,0 days 02:23:54.121000,12,85.44249999999874,0 days 00:00:54.425000,9390.0,154.0,4,0.0,True,0,car,3244.5422222222232,0.6042264678083475,OnTrack,-3325.9774533992854,10858.290052499435,7345.057788199528
2026-09-13 14:29:44.661,0 days 02:23:54.221000,12,86.55361111110979,0 days 00:00:54.525000,9290.416666666666,151.91666666666666,4,0.0,True,0,pos,3248.7072995965023,0.6050021242238419,OnTrack,-3329.0,10815.0,7345.0
2026-09-13 14:29:44.801,0 days 02:23:54.361000,12,88.10916666666526,0 days 00:00:54.665000,9151.0,149.0,4,0.0,False,0,car,3254.4755555555566,0.6060763382993076,OnTrack,-3324.483995288176,10729.573945115693,7344.328459859812
2026-09-13 14:29:44.861,0 days 02:23:54.421000,12,88.9924999999986,0 days 00:00:54.725000,9086.92857142857,148.78571428571428,4,0.0,False,0,pos,3256.943005937041,0.6065358480625913,OnTrack,-3321.0,10696.0,7344.0
2026-09-13 14:29:45.081,0 days 02:23:54.641000,12,92.23138888888752,0 days 00:00:54.945000,8852.0,148.0,4,0.0,False,0,car,3265.9866666666676,0.6082200360942009,OnTrack,-3305.1550850125927,10625.27766348562,7343.114662199818
2026-09-13 14:29:45.281,0 days 02:23:54.841000,12,95.5091666666649,0 days 00:00:55.145000,8906.0,148.0,4,0.0,False,0,car,3274.2088888888898,0.6097512488048391,OnTrack,-3276.2453233056367,10582.108937504629,7342.141000617962
2026-09-13 14:29:45.301,0 days 02:23:54.861000,12,95.89249999999824,0 days 00:00:55.165000,8920.666666666666,147.77777777777777,4,1.722222222222222,False,0,pos,3275.01953625007,0.6099022145060492,OnTrack,-3272.0,10576.0,7342.0
2026-09-13 14:29:45.421,0 days 02:23:54.981000,12,98.19249999999826,0 days 00:00:55.285000,9008.666666666666,146.44444444444446,4,12.055555555555555,False,0,pos,3279.823440285522,0.6107968386989943,OnTrack,-3242.0,10535.0,7341.0
2026-09-13 14:29:45.621,0 days 02:23:55.181000,12,102.02583333333165,0 days 00:00:55.485000,9155.333333333334,144.22222222222223,4,29.27777777777778,False,0,pos,3287.7953045858103,0.6122814276111126,OnTrack,-3183.0,10478.0,7339.0
2026-09-13 14:29:45.641,0 days 02:23:55.201000,12,102.40916666666499,0 days 00:00:55.505000,9170.0,144.0,4,31.0,False,0,car,3288.60888888889,0.6124329402548214,OnTrack,-3176.646837754086,10472.601744642949,7338.8051703627825
2026-09-13 14:29:45.821,0 days 02:23:55.381000,12,105.60916666666508,0 days 00:00:55.685000,9170.0,148.5,4,31.0,False,0,pos,3296.053362704015,0.6138193139895186,OnTrack,-3117.0,10424.0,7337.0
2026-09-13 14:29:45.841,0 days 02:23:55.401000,12,105.96472222222064,0 days 00:00:55.705000,9170.0,149.0,4,31.0,False,0,car,3296.886666666667,0.6139744989972881,OnTrack,-3110.307835307646,10418.557903672845,7336.755706979249
2026-09-13 14:29:45.981,0 days 02:23:55.541000,12,108.37583333333168,0 days 00:00:55.845000,9660.0,150.75,4,31.0,False,0,pos,3302.7485608123307,0.6150661511786164,OnTrack,-3064.0,10381.0,7335.0
2026-09-13 14:29:46.001,0 days 02:23:55.561000,12,108.72027777777612,0 days 00:00:55.865000,9730.0,151.0,4,31.0,False,0,car,3303.5977777777784,0.6152242996421874,OnTrack,-3057.6043749902556,10375.945012656186,7334.817008639627
2026-09-13 14:29:46.141,0 days 02:23:55.701000,12,111.48138888888715,0 days 00:00:56.005000,10040.8,155.2,4,43.6,False,0,pos,3309.654823161075,0.6163522945600027,OnTrack,-3013.0,10342.0,7334.0
2026-09-13 14:29:46.201,0 days 02:23:55.761000,12,112.66472222222046,0 days 00:00:56.065000,10174.0,157.0,4,49.0,False,0,car,3312.3200000000006,0.6168486266392832,OnTrack,-2992.144677878526,10326.89673096284,7333.72055707044
2026-09-13 14:29:46.361,0 days 02:23:55.921000,12,115.59805555555386,0 days 00:00:56.225000,10634.0,164.0,4,64.0,False,0,pos,3319.60888888889,0.6182060260152002,OnTrack,-2933.0,10285.0,7333.0
2026-09-13 14:29:46.601,0 days 02:23:56.161000,12,119.86472222221983,0 days 00:00:56.465000,11078.0,168.0,4,74.0,False,0,car,3330.80888888889,0.6202917860318532,OnTrack,-2847.801853517082,10221.903409265597,7331.6688892194425
2026-09-13 14:29:46.721,0 days 02:23:56.281000,12,121.5980555555534,0 days 00:00:56.585000,11116.5,176.5,4,79.0,False,0,pos,3336.874304836573,0.6214213397879288,OnTrack,-2805.0,10190.0,7331.0
2026-09-13 14:29:46.841,0 days 02:23:56.401000,12,123.33138888888698,0 days 00:00:56.705000,11155.0,185.0,4,84.0,False,0,car,3343.142222222223,0.6225886050978103,OnTrack,-2761.167307791991,10157.707366116805,7330.379742131867
2026-09-13 14:29:46.921,0 days 02:23:56.481000,12,124.48694444444263,0 days 00:00:56.785000,11053.4,186.6,4,90.4,False,0,pos,3347.3399353145765,0.6233703392165076,OnTrack,-2732.0,10136.0,7330.0
2026-09-13 14:29:47.041,0 days 02:23:56.601000,12,126.22027777777612,0 days 00:00:56.905000,10901.0,189.0,4,100.0,False,0,car,3353.642222222223,0.6245440051134225,OnTrack,-2689.0191318289594,10103.211466183484,7329.488435285378
2026-09-13 14:29:47.161,0 days 02:23:56.721000,12,127.986944444443,0 days 00:00:57.025000,10788.5,189.0,4,100.0,False,0,pos,3359.925004507578,0.6257140386923626,OnTrack,-2643.0,10068.0,7329.0
2026-09-13 14:29:47.201,0 days 02:23:56.761000,12,128.57583333333196,0 days 00:00:57.065000,10751.0,189.0,4,100.0,False,0,car,3362.042222222223,0.6261083251259122,OnTrack,-2626.1045917156416,10055.24664834675,7328.831988389021
2026-09-13 14:29:47.381,0 days 02:23:56.941000,12,130.82583333333196,0 days 00:00:57.245000,11070.5,195.75,4,100.0,False,0,pos,3371.8290876443775,0.6279309191067954,OnTrack,-2544.0,9994.0,7328.0
2026-09-13 14:29:47.441,0 days 02:23:57.001000,12,131.57583333333196,0 days 00:00:57.305000,11177.0,198.0,5,100.0,False,0,car,3375.242222222223,0.628566542288396,OnTrack,-2516.8777416030116,9973.863109754951,7327.664797584198
2026-09-13 14:29:47.641,0 days 02:23:57.201000,12,133.52027777777585,0 days 00:00:57.505000,11633.0,215.0,5,89.0,False,0,car,3387.186666666668,0.6307909391315528,OnTrack,-2423.385741793799,9903.106370288828,7326.310003660151
2026-09-13 14:29:47.680,0 days 02:23:57.240000,12,133.88861171555365,0 days 00:00:57.544000,11619.2281024,215.8531264,5,85.4656192,False,0,pos,3389.5642203780412,0.6312337075662517,OnTrack,-2402.0,9886.0,7326.0
2026-09-13 14:29:47.920,0 days 02:23:57.480000,12,136.15527838222042,0 days 00:00:57.784000,11534.4781024,221.1031264,5,63.7156192,False,0,pos,3404.3748427856817,0.6339918686412161,OnTrack,-2258.0,9764.0,7324.0
2026-09-13 14:29:47.961,0 days 02:23:57.521000,12,136.5424999999982,0 days 00:00:57.825000,11520.0,222.0,5,60.0,False,0,car,3406.920000000001,0.6344658496370842,OnTrack,-2238.35755647047,9745.945404895983,7323.753739885592
2026-09-13 14:29:48.161,0 days 02:23:57.721000,12,138.32027777777648,0 days 00:00:58.025000,10220.0,224.0,5,44.0,False,0,car,3419.3644444444453,0.6367833607666986,OnTrack,-2172.3478944342546,9676.265827677431,7323.107626233527
2026-09-13 14:29:48.300,0 days 02:23:57.860000,12,139.55583390222097,0 days 00:00:58.164000,10220.0,224.0,5,41.21999872,False,0,pos,3428.0153496437442,0.6383944064963908,OnTrack,-2133.0,9622.0,7323.0
2026-09-13 14:29:48.361,0 days 02:23:57.921000,12,140.0980555555543,0 days 00:00:58.225000,10220.0,224.0,6,40.0,False,0,car,3431.80888888889,0.639100871896313,OnTrack,-2114.3236912515667,9593.409515202133,7323.013575780115
2026-09-13 14:29:48.500,0 days 02:23:58.060000,12,141.52666732444294,0 days 00:00:58.364000,10259.61501824,224.0,6,44.17000192,False,0,pos,3440.447677057087,0.6407096610885952,OnTrack,-2072.0,9523.0,7323.0
2026-09-13 14:29:48.561,0 days 02:23:58.121000,12,142.1536111111095,0 days 00:00:58.425000,10277.0,224.0,6,46.0,False,0,car,3444.2533333333345,0.6414183830259275,OnTrack,-2055.9890105610207,9493.809001312686,7322.843721867908
2026-09-13 14:29:48.780,0 days 02:23:58.340000,12,144.34361175110925,0 days 00:00:58.644000,10395.80753472,226.19000064,6,60.23500416,False,0,pos,3458.0417360196684,0.6439861775809869,OnTrack,-2006.0,9355.0,7322.0
2026-09-13 14:29:48.940,0 days 02:23:58.500000,12,145.94361175110907,0 days 00:00:58.804000,10482.60753472,227.79000064,6,70.63500416,False,0,pos,3468.240249966468,0.6458854322791575,OnTrack,-1969.0,9167.0,7322.0
2026-09-13 14:29:48.961,0 days 02:23:58.521000,12,146.15361111110906,0 days 00:00:58.825000,10494.0,228.0,6,72.0,False,0,car,3469.586666666668,0.6461361735397854,OnTrack,-1965.763034573641,9148.37851245139,7322.0046460869
2026-09-13 14:29:49.241,0 days 02:23:58.801000,12,148.56472222222055,0 days 00:00:59.105000,10843.0,233.0,6,96.0,False,0,car,3487.7088888888898,0.6495110491222863,OnTrack,-1959.2745233281903,9054.805594292264,7321.973855233146
2026-09-13 14:29:49.281,0 days 02:23:58.841000,12,148.8313888888872,0 days 00:00:59.145000,10863.125,233.625,6,96.5,False,0,pos,3490.3219879801477,0.6499976828369379,OnTrack,-1959.0,9037.0,7322.0
2026-09-13 14:29:49.441,0 days 02:23:59.001000,12,149.8980555555538,0 days 00:00:59.305000,10943.625,236.125,6,98.5,False,0,pos,3500.838674831738,0.6519561904211082,OnTrack,-1955.0,8932.0,7322.0
2026-09-13 14:29:49.561,0 days 02:23:59.121000,12,150.69805555555376,0 days 00:00:59.425000,11004.0,238.0,6,100.0,False,0,car,3508.8644444444453,0.6534508180426308,OnTrack,-1952.601541399092,8849.105474080303,7321.090901692485
2026-09-13 14:29:49.681,0 days 02:23:59.241000,12,151.16472222222018,0 days 00:00:59.545000,11099.7,241.0,6,100.0,False,0,pos,3517.0397282086537,0.6549732894712182,OnTrack,-1951.0,8772.0,7320.0
2026-09-13 14:29:49.941,0 days 02:23:59.501000,12,152.1758333333308,0 days 00:00:59.805000,11307.05,247.5,6,100.0,False,0,pos,3535.041523893581,0.6583257381915376,OnTrack,-1948.0,8613.0,7319.0
2026-09-13 14:29:49.961,0 days 02:23:59.521000,12,152.2536111111085,0 days 00:00:59.825000,11323.0,248.0,6,100.0,False,0,car,3536.4200000000014,0.6585824498296343,OnTrack,-1947.6185536279895,8596.515148098712,7318.8870280793135
2026-09-13 14:29:50.162,0 days 02:23:59.722000,12,152.97944444444192,0 days 00:01:00.026000,11323.0,248.0,6,100.0,False,0,car,3550.2666666666682,0.6611610948026034,OnTrack,-1942.2417894235234,8401.73300387824,7317.29317236414
2026-09-13 14:29:50.201,0 days 02:23:59.761000,12,153.05527788191296,0 days 00:01:00.065000,11359.552351450417,248.97908084242187,6,100.0,False,0,pos,3552.9882981356564,0.6616679403470748,OnTrack,-1941.0,8370.0,7317.0
2026-09-13 14:29:50.401,0 days 02:23:59.961000,12,153.44416666666484,0 days 00:01:00.265000,11547.0,254.0,6,100.0,False,0,car,3567.1294444444457,0.6643014258435492,OnTrack,-1933.8683099791588,8264.429259797445,7315.824085293109
2026-09-13 14:29:50.541,0 days 02:24:00.101000,12,153.59972222222012,0 days 00:01:00.405000,11647.625,255.75,6,100.0,False,0,pos,3577.082999972658,0.6661550622850028,OnTrack,-1927.0,8202.0,7315.0
2026-09-13 14:29:50.561,0 days 02:24:00.121000,12,153.6219444444423,0 days 00:01:00.425000,11662.0,256.0,6,100.0,False,0,car,3578.5072222222234,0.6664202931620539,OnTrack,-1925.8353677901694,8191.517660990499,7314.865406112025
2026-09-13 14:29:50.801,0 days 02:24:00.361000,12,153.75527777777552,0 days 00:01:00.665000,11747.0,257.0,6,100.0,False,0,car,3595.640555555557,0.6696110093780051,OnTrack,-1899.0829319192712,8025.926126591629,7313.118298171557
2026-09-13 14:29:50.821,0 days 02:24:00.381000,12,153.76083333333108,0 days 00:01:00.685000,11745.7,257.1,6,100.0,False,0,pos,3597.0715803456224,0.6698775070824656,OnTrack,-1894.0,8007.0,7313.0
2026-09-13 14:29:51.001,0 days 02:24:00.561000,12,153.81083333333117,0 days 00:01:00.865000,11734.0,258.0,6,100.0,False,0,car,3609.9738888888905,0.6722802855897932,OnTrack,-1827.5500796375018,7806.037304684862,7312.211670106432
2026-09-13 14:29:51.061,0 days 02:24:00.621000,12,153.81083333333117,0 days 00:01:00.925000,11739.7,258.3,6,99.7,False,0,pos,3614.285150344567,0.6730831656581492,OnTrack,-1807.0,7750.0,7312.0
2026-09-13 14:29:51.201,0 days 02:24:00.761000,12,153.81083333333117,0 days 00:01:01.065000,11753.0,259.0,6,99.0,False,0,car,3624.3627777777792,0.6749599078334099,OnTrack,-1773.4628674118926,7667.075877093944,7311.537495747834
2026-09-13 14:29:51.401,0 days 02:24:00.961000,12,153.81083333333117,0 days 00:01:01.265000,11743.0,259.0,6,99.0,False,0,car,3638.7516666666684,0.6776395300770266,OnTrack,-1739.1360360195802,7612.964337152018,7311.053386018305
2026-09-13 14:29:51.461,0 days 02:24:01.021000,12,153.84416666666436,0 days 00:01:01.325000,11728.375,257.875,6,79.875,False,0,pos,3643.026222745423,0.6784355745554201,OnTrack,-1721.0,7585.0,7311.0
2026-09-13 14:29:51.561,0 days 02:24:01.121000,12,153.89972222221968,0 days 00:01:01.425000,11704.0,256.0,6,48.0,False,0,car,3650.129444444446,0.6797583973955311,OnTrack,-1682.3055064618397,7525.266166843538,7310.998427311323
2026-09-13 14:29:51.581,0 days 02:24:01.141000,12,153.86638888888638,0 days 00:01:01.445000,11704.0,256.125,6,48.375,False,0,pos,3651.5541895466017,0.6800237256426739,OnTrack,-1674.0,7513.0,7311.0
2026-09-13 14:29:51.721,0 days 02:24:01.281000,12,153.63305555555326,0 days 00:01:01.585000,11704.0,257.0,6,51.0,False,0,car,3661.5516666666686,0.6818855415394987,OnTrack,-1613.937220729858,7431.839656388984,7310.981055041668
2026-09-13 14:29:51.801,0 days 02:24:01.361000,12,152.89972222222,0 days 00:01:01.665000,11701.111111111111,256.77777777777777,6,54.77777777777778,False,0,pos,3667.2540078312186,0.6829474803968497,OnTrack,-1579.0,7389.0,7311.0
2026-09-13 14:29:52.081,0 days 02:24:01.641000,12,150.33305555555353,0 days 00:01:01.945000,11691.0,256.0,6,68.0,False,0,pos,3687.1516666666685,0.686652993006134,OnTrack,-1432.0,7243.0,7311.0
2026-09-13 14:29:52.261,0 days 02:24:01.821000,12,147.6830555555535,0 days 00:01:02.125000,11677.5,256.0,6,88.57142857142857,False,0,pos,3699.9444154497583,0.6890353683556747,OnTrack,-1272.0,7124.0,7310.0
2026-09-13 14:29:52.361,0 days 02:24:01.921000,12,146.21083333333127,0 days 00:01:02.225000,11670.0,256.0,6,100.0,False,0,car,3707.0627777777795,0.6903610108135171,OnTrack,-1214.8448180171333,7084.294276439003,7309.757275292114
2026-09-13 14:29:52.601,0 days 02:24:02.161000,12,141.27749999999776,0 days 00:01:02.465000,11699.25,256.75,6,100.0,False,0,pos,3724.1923047815862,0.6935510181821527,OnTrack,-1123.0,7042.0,7310.0
2026-09-13 14:29:52.681,0 days 02:24:02.241000,12,139.63305555555326,0 days 00:01:02.545000,11709.0,257.0,6,100.0,False,0,car,3729.907222222224,0.6946152991014521,OnTrack,-1062.9935479731864,7019.69942982234,7310.051504328419
2026-09-13 14:29:52.841,0 days 02:24:02.401000,12,136.34416666666493,0 days 00:01:02.705000,11699.0,257.0,6,100.0,False,0,car,3741.329444444446,0.6967424432454196,OnTrack,-912.2870723488475,6966.19670687378,7310.050092927772
2026-09-13 14:29:52.901,0 days 02:24:02.461000,12,134.6441666666649,0 days 00:01:02.765000,11696.75,256.75,6,100.0,False,0,pos,3745.600194089945,0.69753777885718,OnTrack,-867.0,6951.0,7310.0
2026-09-13 14:29:53.081,0 days 02:24:02.641000,12,129.54416666666475,0 days 00:01:02.945000,11690.0,256.0,6,100.0,False,0,car,3758.3961111111125,0.6999207442231765,OnTrack,-783.1524071295373,6926.894637185305,7309.67793012514
2026-09-13 14:29:53.241,0 days 02:24:02.801000,12,124.29972222222023,0 days 00:01:03.105000,11687.0,257.0,6,100.0,False,0,car,3769.8183333333345,0.7020478883671439,OnTrack,-689.3196533740113,6918.28733921571,7309.097746994805
2026-09-13 14:29:53.261,0 days 02:24:02.821000,12,123.57194444444242,0 days 00:01:03.125000,11688.611111111111,257.0,6,100.0,False,0,pos,3771.2463278970254,0.7023138217568711,OnTrack,-670.0,6917.0,7309.0
2026-09-13 14:29:53.441,0 days 02:24:03.001000,12,117.02194444444224,0 days 00:01:03.305000,11703.111111111111,257.0,6,100.0,False,0,pos,3784.0891365002944,0.7047055196752842,OnTrack,-452.0,6905.0,7308.0
2026-09-13 14:29:53.601,0 days 02:24:03.161000,12,111.19972222221986,0 days 00:01:03.465000,11716.0,257.0,6,100.0,False,0,car,3795.518333333335,0.7068339626910709,OnTrack,-328.72245060044645,6901.04651368318,7307.498924073589
2026-09-13 14:29:53.901,0 days 02:24:03.461000,12,100.03305555555411,0 days 00:01:03.765000,11317.5625,256.0625,6,6.249999999999992,False,0,pos,3816.881827362102,0.7108124556965356,OnTrack,-190.0,6905.0,7307.0
2026-09-13 14:29:53.921,0 days 02:24:03.481000,12,99.28861111110973,0 days 00:01:03.785000,11291.0,256.0,6,0.0,True,0,car,3818.27388888889,0.7110716973280801,OnTrack,-174.22009787798578,6905.140768138033,7306.929637261741
2026-09-13 14:29:54.120,0 days 02:24:03.680000,12,91.88138650666448,0 days 00:01:03.984000,10955.187392,246.0499968,6,0.0,True,0,pos,3831.8180095936905,0.7135939995983296,OnTrack,10.0,6906.0,7306.0
2026-09-13 14:29:54.161,0 days 02:24:03.721000,12,90.35527777777543,0 days 00:01:04.025000,10886.0,244.0,6,0.0,True,0,car,3834.540555555557,0.7141010154475047,OnTrack,43.16328790114357,6906.372180663725,7305.783376790289
2026-09-13 14:29:54.520,0 days 02:24:04.080000,12,77.59083105777525,0 days 00:01:04.384000,10787.2749824,230.0388864,6,0.0,True,0,pos,3857.4784522843433,0.7183727072209884,OnTrack,245.0,6914.0,7304.0
2026-09-13 14:29:54.521,0 days 02:24:04.081000,12,77.55527777777525,0 days 00:01:04.385000,10787.0,230.0,6,0.0,True,0,car,3857.540555555557,0.71838427262456,OnTrack,245.47943801348796,6914.032797504394,7303.997030562239
2026-09-13 14:29:54.721,0 days 02:24:04.281000,12,71.11083333333181,0 days 00:01:04.585000,10717.0,216.0,6,0.0,True,0,car,3869.5405555555562,0.7206190154995451,OnTrack,337.9912339293059,6921.961577249685,7303.685464393102
2026-09-13 14:29:54.880,0 days 02:24:04.440000,12,67.70999863110937,0 days 00:01:04.744000,11216.359576,196.6218672,6,0.0,True,0,pos,3877.6190766304194,0.7221234669505843,OnTrack,412.0,6934.0,7303.0
2026-09-13 14:29:55.041,0 days 02:24:04.601000,12,64.26638888888692,0 days 00:01:04.905000,11722.0,177.0,4,0.0,True,0,car,3885.27388888889,0.7235490117134148,OnTrack,490.4747866762894,6954.07635702686,7301.392694996451
2026-09-13 14:29:55.080,0 days 02:24:04.640000,12,63.432220853331536,0 days 00:01:04.944000,11705.1812224,177.0,4,0.0,True,0,pos,3887.197477300289,0.7239072388381463,OnTrack,509.0,6960.0,7301.0
2026-09-13 14:29:55.201,0 days 02:24:04.761000,12,60.84416666666539,0 days 00:01:05.065000,11653.0,177.0,4,0.0,True,0,car,3893.140555555556,0.7250140098203496,OnTrack,564.0004150849879,6980.84347570694,7299.941811911506
2026-09-13 14:29:55.320,0 days 02:24:04.880000,12,59.455832586665124,0 days 00:01:05.184000,11529.1655584,166.2156192,4,0.0,True,0,pos,3898.410896267566,0.7259954978499252,OnTrack,614.0,7003.0,7299.0
2026-09-13 14:29:55.521,0 days 02:24:05.081000,12,57.11083333333136,0 days 00:01:05.385000,11320.0,148.0,3,0.0,True,0,car,3906.296111111112,0.7274639501573705,OnTrack,688.5224033250411,7039.631481899859,7297.215202510673
2026-09-13 14:29:55.540,0 days 02:24:05.100000,12,57.03694419555357,0 days 00:01:05.404000,11331.083370666667,146.5749952,3,0.0,True,0,pos,3907.0114739676465,0.7275971711612597,OnTrack,695.0,7043.0,7297.0
2026-09-13 14:29:55.761,0 days 02:24:05.321000,12,56.17749999999796,0 days 00:01:05.625000,11460.0,130.0,3,0.0,True,0,pos,3914.9627777777787,0.7290779311226377,OnTrack,770.0,7083.0,7294.0
2026-09-13 14:29:55.941,0 days 02:24:05.501000,12,56.7274999999984,0 days 00:01:05.805000,11204.625,122.125,3,0.0,True,0,pos,3920.8785067099366,0.730179608879428,OnTrack,846.0,7121.0,7292.0
2026-09-13 14:29:56.081,0 days 02:24:05.641000,12,57.15527777777652,0 days 00:01:05.945000,11006.0,116.0,2,0.0,True,0,car,3925.2738888888894,0.7309981546300325,OnTrack,882.4818426157174,7137.938906212029,7291.017249031687
2026-09-13 14:29:56.221,0 days 02:24:05.781000,12,58.166388888887504,0 days 00:01:06.085000,10402.25,112.5,2,0.0,True,0,pos,3929.5938979348048,0.7318026637496351,OnTrack,911.0,7148.0,7290.0
2026-09-13 14:29:56.321,0 days 02:24:05.881000,12,58.88861111110964,0 days 00:01:06.185000,9971.0,110.0,2,0.0,True,0,car,3932.607222222223,0.7323638308314124,OnTrack,937.2823013223156,7155.25025010033,7288.909063481604
2026-09-13 14:29:56.501,0 days 02:24:06.061000,12,60.438611111109594,0 days 00:01:06.365000,9420.2,105.5,2,0.0,True,0,pos,3937.86126336402,0.7333422834152883,OnTrack,990.0,7166.0,7287.0
2026-09-13 14:29:56.521,0 days 02:24:06.081000,12,60.61083333333181,0 days 00:01:06.385000,9359.0,105.0,2,0.0,True,0,car,3938.4405555555563,0.7334501641734191,OnTrack,995.476629580659,7166.730270770883,7286.887013952897
2026-09-13 14:29:56.741,0 days 02:24:06.301000,12,64.15527858505259,0 days 00:01:06.605000,9359.0,103.43416334443577,2,0.0,True,0,pos,3944.7790930342876,0.7346305809624544,OnTrack,1055.0,7165.0,7286.0
2026-09-13 14:29:56.802,0 days 02:24:06.362000,12,65.13805555555473,0 days 00:01:06.666000,9359.0,103.0,2,0.0,False,0,car,3946.480277777778,0.7349473901695002,OnTrack,1074.73535588558,7159.098975104031,7285.1621844282445
2026-09-13 14:29:56.981,0 days 02:24:06.541000,12,68.56888932855334,0 days 00:01:06.845000,9282.65231996506,98.50895999794466,2,0.0,False,0,pos,3951.2755178149378,0.7358404008784072,OnTrack,1133.0,7133.0,7282.0
2026-09-13 14:29:57.081,0 days 02:24:06.641000,12,70.48555555555458,0 days 00:01:06.945000,9240.0,96.0,2,0.0,False,0,car,3953.920277777778,0.736332930751991,OnTrack,1153.9843971837195,7120.116386017698,7281.260168595871
2026-09-13 14:29:57.281,0 days 02:24:06.841000,12,75.15222222222155,0 days 00:01:07.145000,9279.285714285714,96.71428571428571,2,15.714285714285714,False,0,pos,3959.278019500456,0.737330695347055,OnTrack,1182.0,7094.0,7281.0
2026-09-13 14:29:57.361,0 days 02:24:06.921000,12,77.01888888888834,0 days 00:01:07.225000,9295.0,97.0,2,22.0,False,0,car,3961.4647222222225,0.7377379218743197,OnTrack,1196.0224331933691,7080.0359611531685,7280.564101790515
2026-09-13 14:29:57.521,0 days 02:24:07.081000,12,80.57444444444354,0 days 00:01:07.385000,9659.0,101.0,2,25.0,False,0,car,3965.9536111111115,0.7385738812460736,OnTrack,1227.5746039930932,7047.32473474434,7279.278121309191
2026-09-13 14:29:57.561,0 days 02:24:07.121000,12,81.56333333333248,0 days 00:01:07.425000,9739.083333333334,101.91666666666667,2,25.333333333333332,False,0,pos,3967.1175356936324,0.7387906372600576,OnTrack,1235.0,7039.0,7279.0
2026-09-13 14:29:57.721,0 days 02:24:07.281000,12,85.51888888888823,0 days 00:01:07.585000,10059.416666666666,105.58333333333333,2,26.666666666666668,False,0,pos,3971.9623297501926,0.73969287634328,OnTrack,1265.0,7002.0,7278.0
2026-09-13 14:29:57.921,0 days 02:24:07.481000,12,90.46333333333291,0 days 00:01:07.785000,10459.833333333334,110.16666666666667,2,28.333333333333332,False,0,pos,3978.3185461713933,0.7408765854565419,OnTrack,1319.0,6929.0,7276.0
2026-09-13 14:29:58.001,0 days 02:24:07.561000,12,92.44111111111079,0 days 00:01:07.865000,10620.0,112.0,2,29.0,False,0,car,3980.8869444444445,0.7413548946016107,OnTrack,1335.492143371459,6905.977233655313,7275.198539488541
2026-09-13 14:29:58.161,0 days 02:24:07.721000,12,96.17444444444345,0 days 00:01:08.025000,10642.0,117.0,2,37.0,False,0,car,3986.0869444444447,0.7423232831807711,OnTrack,1354.8466775193488,6877.3467371520055,7273.722977356219
2026-09-13 14:29:58.321,0 days 02:24:07.881000,12,99.6855555555544,0 days 00:01:08.185000,10642.0,122.0,2,37.0,False,0,car,3991.5091666666667,0.743333055887246,OnTrack,1374.9778388164614,6846.543485806259,7272.339262961694
2026-09-13 14:29:58.361,0 days 02:24:07.921000,12,100.67444444444334,0 days 00:01:08.225000,10747.0,123.5,2,37.0,False,0,pos,3992.904142723841,0.7435928402876247,OnTrack,1382.0,6836.0,7272.0
2026-09-13 14:29:58.481,0 days 02:24:08.041000,12,103.64111111111015,0 days 00:01:08.345000,11062.0,128.0,2,37.0,False,0,car,3997.1980555555556,0.7443924895464983,OnTrack,1407.840973612844,6797.5471274536585,7270.998208643587
2026-09-13 14:29:58.601,0 days 02:24:08.161000,12,106.37444444444327,0 days 00:01:08.465000,11658.57142857143,131.42857142857142,2,47.714285714285715,False,0,pos,4001.6931695725625,0.7452296082149776,OnTrack,1434.0,6758.0,7270.0
2026-09-13 14:29:58.721,0 days 02:24:08.281000,12,109.10777777777639,0 days 00:01:08.585000,12255.142857142857,134.85714285714286,2,58.42857142857143,False,0,pos,4006.2760081494557,0.7460830637030542,OnTrack,1456.0,6723.0,7269.0
2026-09-13 14:29:58.761,0 days 02:24:08.321000,12,110.01888888888743,0 days 00:01:08.625000,12454.0,136.0,2,62.0,False,0,car,4007.7758333333336,0.7463623740066705,OnTrack,1465.3016202176495,6708.068490583741,7268.684650211916
2026-09-13 14:29:58.921,0 days 02:24:08.481000,12,113.61888888888825,0 days 00:01:08.785000,12454.0,136.0,3,62.0,False,0,car,4013.820277777778,0.7474880222696261,OnTrack,1514.2533284750084,6629.40904774019,7267.547662487381
2026-09-13 14:29:59.021,0 days 02:24:08.581000,12,115.00777777777701,0 days 00:01:08.885000,12323.583333333334,146.83333333333334,3,77.83333333333333,False,0,pos,4018.138408857631,0.748292181658289,OnTrack,1541.0,6586.0,7267.0
2026-09-13 14:29:59.161,0 days 02:24:08.721000,12,116.95222222222128,0 days 00:01:09.025000,12141.0,162.0,3,100.0,False,0,car,4024.620277777778,0.7494992908571129,OnTrack,1565.495328109845,6545.252996520024,7266.480716227335
2026-09-13 14:29:59.301,0 days 02:24:08.861000,12,118.62444444444364,0 days 00:01:09.165000,11715.3125,163.75,3,100.0,False,0,pos,4030.9746111430773,0.7506826492915616,OnTrack,1587.0,6508.0,7266.0
2026-09-13 14:29:59.481,0 days 02:24:09.041000,12,120.77444444444382,0 days 00:01:09.345000,11168.0,166.0,3,100.0,False,0,car,4039.375833333333,0.7522471969107984,OnTrack,1627.0657314908306,6437.721446681841,7265.105463226252
2026-09-13 14:29:59.501,0 days 02:24:09.061000,12,120.87444444444395,0 days 00:01:09.365000,11143.875,168.125,3,100.0,False,0,pos,4040.362440718023,0.7524309313960772,OnTrack,1632.0,6429.0,7265.0
2026-09-13 14:29:59.641,0 days 02:24:09.201000,12,121.57444444444491,0 days 00:01:09.505000,10975.0,183.0,4,100.0,False,0,car,4047.5091666666663,0.7537618559705107,OnTrack,1667.9057208011839,6365.114608072786,7264.2457798778505
2026-09-13 14:29:59.681,0 days 02:24:09.241000,12,121.6966666666671,0 days 00:01:09.545000,11073.57142857143,183.85714285714286,4,100.0,False,0,pos,4049.588952945862,0.7541491716012544,OnTrack,1678.0,6347.0,7264.0
2026-09-13 14:29:59.921,0 days 02:24:09.481000,12,122.43000000000029,0 days 00:01:09.785000,11665.0,189.0,4,100.0,False,0,car,4062.2091666666665,0.7564994159923678,OnTrack,1735.6966428536919,6242.441035538244,7262.249760046643
2026-09-13 14:29:59.961,0 days 02:24:09.521000,12,122.55222222222237,0 days 00:01:09.825000,11525.0,189.0,4,100.0,False,0,pos,4064.2977823795977,0.7568883759159556,OnTrack,1746.0,6224.0,7262.0
2026-09-13 14:30:00.121,0 days 02:24:09.681000,12,123.0411111111107,0 days 00:01:09.985000,10965.0,189.0,4,100.0,False,0,car,4072.7091666666665,0.7584548160079799,OnTrack,1790.441460594396,6145.45005064632,7261.236292788311
2026-09-13 14:30:00.181,0 days 02:24:09.741000,12,123.0411111111108,0 days 00:01:10.045000,10927.5,192.0,4,100.0,False,0,pos,4075.985953599705,0.7590650473622677,OnTrack,1807.0,6116.0,7261.0
2026-09-13 14:30:00.401,0 days 02:24:09.961000,12,123.04111111111115,0 days 00:01:10.265000,10790.0,203.0,4,100.0,False,0,car,4088.4980555555553,0.7613951582536782,OnTrack,1864.3317737080467,6012.1772684824,7260.181541503343
2026-09-13 14:30:00.441,0 days 02:24:10.001000,12,123.07444444444447,0 days 00:01:10.305000,10801.5,203.39285714285714,4,96.42857142857143,False,0,pos,4090.8099636776924,0.7618257016039754,OnTrack,1875.0,5993.0,7260.0
2026-09-13 14:30:00.621,0 days 02:24:10.181000,12,123.2244444444444,0 days 00:01:10.485000,10853.25,205.16071428571428,4,80.35714285714286,False,0,pos,4101.319253063008,0.7637828315685582,OnTrack,1925.0,5904.0,7259.0
2026-09-13 14:30:01.460,0 days 02:24:11.020000,12,123.92361116444411,0 days 00:01:11.324000,11094.4625184,213.40089348571428,4,5.446422857142854,False,0,pos,4151.487067411463,0.7731255120409579,OnTrack,2175.0,5475.0,7254.0
2026-09-13 14:30:01.521,0 days 02:24:11.081000,12,123.97444444444409,0 days 00:01:11.385000,11112.0,214.0,5,0.0,False,0,car,4155.075833333333,0.7737938427971154,OnTrack,2197.004072454245,5445.05969057901,7253.952296874216
2026-09-13 14:30:01.680,0 days 02:24:11.240000,12,124.41611128888843,0 days 00:01:11.544000,11120.9437536,210.0249984,5,0.0,False,0,pos,4164.351451461432,0.7755212279240196,OnTrack,2256.0,5372.0,7254.0
2026-09-13 14:30:01.681,0 days 02:24:11.241000,12,124.41888888888843,0 days 00:01:11.545000,11121.0,210.0,5,0.0,False,0,car,4164.409166666666,0.7755319761443261,OnTrack,2256.3669392813467,5371.590300469386,7254.00022244621
2026-09-13 14:30:01.860,0 days 02:24:11.420000,12,125.26416696888884,0 days 00:01:11.724000,10963.8155688,206.6437488,5,10.068753599999999,False,0,pos,4174.5952741032615,0.7774289203958066,OnTrack,2324.0,5307.0,7254.0
2026-09-13 14:30:02.001,0 days 02:24:11.561000,12,125.93000000000029,0 days 00:01:11.865000,10840.0,204.0,5,18.0,False,0,car,4182.5425,0.7789089209331927,OnTrack,2390.410806884129,5261.149424753654,7253.966491828308
2026-09-13 14:30:02.080,0 days 02:24:11.640000,12,126.28111139555577,0 days 00:01:11.944000,10825.97748864,204.0,5,19.58000128,False,0,pos,4187.006230999868,0.779740195187177,OnTrack,2430.0,5239.0,7254.0
2026-09-13 14:30:02.401,0 days 02:24:11.961000,12,127.70777777777766,0 days 00:01:12.265000,10769.0,204.0,5,26.0,False,0,pos,4205.2091666666665,0.7831301019192762,OnTrack,2595.0,5184.0,7255.0
2026-09-13 14:30:02.541,0 days 02:24:12.101000,12,128.29111111111152,0 days 00:01:12.405000,10909.0,204.58333333333334,5,43.5,False,0,pos,4213.16650061854,0.7846119848653452,OnTrack,2675.0,5174.0,7256.0
2026-09-13 14:30:02.641,0 days 02:24:12.201000,12,128.70777777777857,0 days 00:01:12.505000,11009.0,205.0,5,56.0,False,0,car,4218.875833333333,0.7856752257491205,OnTrack,2733.068088437382,5170.982466780766,7256.454140374671
2026-09-13 14:30:02.801,0 days 02:24:12.361000,12,128.9744444444441,0 days 00:01:12.665000,11009.0,207.0,5,56.0,False,0,car,4228.075833333333,0.7873885286199428,OnTrack,2826.3556740479444,5173.121896467665,7256.913945678839
2026-09-13 14:30:02.821,0 days 02:24:12.381000,12,128.98555555555532,0 days 00:01:12.685000,11022.3,207.1,5,57.4,False,0,pos,4229.229714159651,0.7876034141995424,OnTrack,2838.0,5174.0,7257.0
2026-09-13 14:30:02.981,0 days 02:24:12.541000,12,129.07444444444508,0 days 00:01:12.845000,11128.7,207.9,5,68.6,False,0,pos,4238.476691082874,0.7893254655157363,OnTrack,2937.0,5186.0,7258.0
2026-09-13 14:30:03.001,0 days 02:24:12.561000,12,129.0855555555563,0 days 00:01:12.865000,11142.0,208.0,5,70.0,False,0,car,4239.631388888888,0.7895405032402989,OnTrack,2951.985380217126,5188.148158538726,7258.177868690164
2026-09-13 14:30:03.161,0 days 02:24:12.721000,12,129.1744444444439,0 days 00:01:13.025000,11272.0,208.0,5,89.0,False,0,car,4248.8758333333335,0.7912620829365841,OnTrack,3095.3552788430425,5209.999153661476,7260.013471919646
2026-09-13 14:30:03.261,0 days 02:24:12.821000,12,129.1744444444439,0 days 00:01:13.125000,11292.895529041363,209.49253778866876,5,93.47761336600625,False,0,pos,4254.726688129331,0.792351679275578,OnTrack,3173.0,5222.0,7261.0
2026-09-13 14:30:03.362,0 days 02:24:12.922000,12,129.1744444444439,0 days 00:01:13.226000,11314.0,211.0,5,98.0,False,0,car,4260.656666666667,0.7934560107160054,OnTrack,3227.099203731775,5230.176863316625,7261.6299974364165
2026-09-13 14:30:03.522,0 days 02:24:13.082000,12,129.26333333333332,0 days 00:01:13.386000,11314.0,211.0,5,100.0,False,0,car,4270.0344444444445,0.7952024208886791,OnTrack,3275.0976669724932,5236.833589981522,7261.962870741698
2026-09-13 14:30:03.621,0 days 02:24:13.181000,12,129.2083333103937,0 days 00:01:13.485000,11402.0000367025,213.12903314602823,5,92.1935451312298,False,0,pos,4275.948415672539,0.7963037713107501,OnTrack,3315.0,5242.0,7262.0
2026-09-13 14:30:03.701,0 days 02:24:13.261000,12,129.16388887614394,0 days 00:01:13.565000,11473.11113150139,214.8494628589046,5,85.88530285068322,False,0,pos,4280.795099553826,0.7972063623333344,OnTrack,3357.0,5247.0,7262.0
2026-09-13 14:30:03.801,0 days 02:24:13.361000,12,129.10833333333176,0 days 00:01:13.665000,11562.0,217.0,5,78.0,False,0,car,4286.8519444444455,0.7983343199136848,OnTrack,3421.8074842506335,5251.166636615867,7262.269883106746
2026-09-13 14:30:04.041,0 days 02:24:13.601000,12,129.30833333333157,0 days 00:01:13.905000,11540.0,217.0,5,24.0,False,0,car,4301.318611111112,0.8010284266018615,OnTrack,3606.9554512821396,5250.396887820129,7263.791449136735
2026-09-13 14:30:04.081,0 days 02:24:13.641000,12,129.46388888888714,0 days 00:01:13.945000,11527.9,216.8,5,24.4,False,0,pos,4303.717611140969,0.801475188953846,OnTrack,3634.0,5249.0,7264.0
2026-09-13 14:30:04.441,0 days 02:24:14.001000,12,130.86388888888723,0 days 00:01:14.305000,11419.0,215.0,5,28.0,False,0,car,4325.207500000001,0.8054772202881749,OnTrack,3825.4682137986647,5220.0579357287215,7264.9536180743025
2026-09-13 14:30:04.501,0 days 02:24:14.061000,12,131.09722222222058,0 days 00:01:14.365000,11410.5,215.0,5,29.0,False,0,pos,4328.794468327646,0.8061452162809253,OnTrack,3859.0,5212.0,7265.0
2026-09-13 14:30:04.581,0 days 02:24:14.141000,12,131.4083333333317,0 days 00:01:14.445000,11399.166666666666,215.0,5,30.333333333333332,False,0,pos,4333.581596710513,0.8070367163680295,OnTrack,3906.0,5200.0,7265.0
2026-09-13 14:30:04.681,0 days 02:24:14.241000,12,131.79722222222063,0 days 00:01:14.545000,11385.0,215.0,5,32.0,False,0,car,4339.540833333334,0.808146496499963,OnTrack,3960.5121446674184,5185.231585174767,7264.70479929302
2026-09-13 14:30:04.821,0 days 02:24:14.381000,12,132.41944444444414,0 days 00:01:14.685000,11328.125,213.25,5,28.5,False,0,pos,4347.8251405122965,0.8096892712034943,OnTrack,4041.0,5155.0,7264.0
2026-09-13 14:30:04.841,0 days 02:24:14.401000,12,132.5083333333332,0 days 00:01:14.705000,11320.0,213.0,5,28.0,False,0,car,4349.007500000001,0.8099094603235624,OnTrack,4054.6525637982572,5148.465470644923,7263.910172951705
2026-09-13 14:30:05.101,0 days 02:24:14.661000,12,134.31388888888782,0 days 00:01:14.965000,11377.57142857143,213.0,5,38.214285714285715,False,0,pos,4364.391622088538,0.8127744234256675,OnTrack,4244.0,5039.0,7263.0
2026-09-13 14:30:05.121,0 days 02:24:14.681000,12,134.45277777777665,0 days 00:01:14.985000,11382.0,213.0,5,39.0,False,0,car,4365.574166666667,0.8129946470148616,OnTrack,4253.624971728605,5032.782227694254,7262.947090318478
2026-09-13 14:30:05.361,0 days 02:24:14.921000,12,136.31944444444434,0 days 00:01:15.225000,11384.0,213.0,5,41.0,False,0,car,4379.774166666667,0.8156390927502608,OnTrack,4313.164100581737,4982.662545797622,7262.25072088871
2026-09-13 14:30:05.401,0 days 02:24:14.961000,12,136.63055555555533,0 days 00:01:15.265000,11405.333333333334,213.33333333333334,5,42.666666666666664,False,0,pos,4382.155280037123,0.8160825240951907,OnTrack,4325.0,4970.0,7262.0
2026-09-13 14:30:05.601,0 days 02:24:15.161000,12,138.18611111111022,0 days 00:01:15.465000,11512.0,215.0,5,51.0,False,0,car,4394.107500000001,0.818308368962049,OnTrack,4407.208086825616,4877.869742034639,7260.165329436384
2026-09-13 14:30:05.621,0 days 02:24:15.181000,12,138.35277777777696,0 days 00:01:15.485000,11542.583333333334,215.0,5,52.166666666666664,False,0,pos,4395.300837957168,0.8185306025868181,OnTrack,4415.0,4868.0,7260.0
2026-09-13 14:30:05.781,0 days 02:24:15.341000,12,139.6861111111109,0 days 00:01:15.645000,11787.25,215.0,5,61.5,False,0,pos,4404.838452242641,0.8203067788842197,OnTrack,4469.0,4787.0,7259.0
2026-09-13 14:30:05.841,0 days 02:24:15.401000,12,140.18611111111113,0 days 00:01:15.705000,11879.0,215.0,5,65.0,False,0,car,4408.440833333334,0.8209776451738369,OnTrack,4488.737180875802,4750.567619409448,7258.739517733821
2026-09-13 14:30:06.101,0 days 02:24:15.661000,12,142.13611111110978,0 days 00:01:15.965000,12005.285714285714,219.64285714285714,5,78.92857142857143,False,0,pos,4424.311903761207,0.8239332919702603,OnTrack,4567.0,4575.0,7258.0
2026-09-13 14:30:06.121,0 days 02:24:15.681000,12,142.28611111110968,0 days 00:01:15.985000,12015.0,220.0,5,80.0,False,0,car,4425.551944444445,0.8241642229770568,OnTrack,4571.269591815526,4563.986253761958,7257.9367273994285
2026-09-13 14:30:06.361,0 days 02:24:15.921000,12,143.68611111111022,0 days 00:01:16.225000,11965.0,226.0,5,96.0,False,0,car,4440.618611111112,0.8269700668089828,OnTrack,4605.0065314116255,4454.460014438966,7257.118023782144
2026-09-13 14:30:06.421,0 days 02:24:15.981000,12,143.98611111110995,0 days 00:01:16.285000,11965.0,226.75,5,96.0,False,0,pos,4444.413042609866,0.8276766983720212,OnTrack,4614.0,4418.0,7257.0
2026-09-13 14:30:06.601,0 days 02:24:16.161000,12,144.88611111110913,0 days 00:01:16.465000,11965.0,229.0,5,96.0,False,0,car,4455.885277777779,0.829813156355492,OnTrack,4648.274983272117,4270.883902566135,7256.959438377537
2026-09-13 14:30:06.701,0 days 02:24:16.261000,12,145.0527777777761,0 days 00:01:16.565000,11965.0,231.5,5,96.0,False,0,pos,4462.367521850286,0.8310203354184044,OnTrack,4667.0,4185.0,7257.0
2026-09-13 14:30:06.801,0 days 02:24:16.361000,12,145.21944444444307,0 days 00:01:16.665000,11965.0,234.0,5,96.0,False,0,car,4468.885277777779,0.8322341278033928,OnTrack,4683.057905702003,4105.975251456351,7257.0178374032275
2026-09-13 14:30:07.001,0 days 02:24:16.561000,12,144.27499999999964,0 days 00:01:16.865000,10868.0,235.0,6,100.0,False,0,car,4481.940833333334,0.834665445283122,OnTrack,4707.916214727884,3968.231329295131,7257.004066082822
2026-09-13 14:30:07.061,0 days 02:24:16.621000,12,143.52499999999964,0 days 00:01:16.925000,10889.0,236.16666666666666,6,100.0,False,0,pos,4485.915932704303,0.8354057223661746,OnTrack,4714.0,3932.0,7257.0
2026-09-13 14:30:07.361,0 days 02:24:16.921000,12,139.77499999999964,0 days 00:01:17.225000,10994.0,242.0,6,100.0,False,0,car,4506.140833333334,0.8391721767476757,OnTrack,4735.812682305941,3784.6261329554322,7256.997062308596
2026-09-13 14:30:07.521,0 days 02:24:17.081000,12,136.21944444444307,0 days 00:01:17.385000,11064.0,243.0,6,100.0,False,0,car,4516.940833333335,0.8411834453351628,OnTrack,4746.428357706293,3701.9063690028725,7256.999646403609
2026-09-13 14:30:07.580,0 days 02:24:17.140000,12,134.77722065777672,0 days 00:01:17.444000,11064.0,243.0,6,100.0,False,0,pos,4520.917961831606,0.8419241002996969,OnTrack,4751.0,3666.0,7257.0
2026-09-13 14:30:07.720,0 days 02:24:17.280000,12,131.35499843555527,0 days 00:01:17.584000,11064.0,243.0,6,100.0,False,0,pos,4530.372970568968,0.8436848930837592,OnTrack,4763.0,3572.0,7257.0
2026-09-13 14:30:07.721,0 days 02:24:17.281000,12,131.3305555555553,0 days 00:01:17.585000,11064.0,243.0,6,100.0,False,0,car,4530.440833333334,0.8436975310695211,OnTrack,4763.087151182883,3571.33135013034,7257.000003262526
2026-09-13 14:30:07.921,0 days 02:24:17.481000,12,125.38611111111095,0 days 00:01:17.785000,11173.0,246.0,6,100.0,False,0,car,4544.107500000001,0.8462426548993656,OnTrack,4780.376080789363,3441.5916225315627,7257.000497670833
2026-09-13 14:30:07.940,0 days 02:24:17.500000,12,124.7158310755553,0 days 00:01:17.804000,11179.08002048,246.19000064,6,100.0,False,0,pos,4545.412958753332,0.8464857686199982,OnTrack,4782.0,3429.0,7257.0
2026-09-13 14:30:08.121,0 days 02:24:17.681000,12,118.33055555555438,0 days 00:01:17.985000,11237.0,248.0,6,100.0,False,0,car,4557.885277777779,0.8488084707928673,OnTrack,4797.371576685638,3303.7015336927752,7256.997227641381
2026-09-13 14:30:08.140,0 days 02:24:17.700000,12,117.63388654222115,0 days 00:01:18.004000,11241.5125152,248.0,6,100.0,False,0,pos,4559.194989663005,0.8490523765681833,OnTrack,4799.0,3290.0,7257.0
2026-09-13 14:30:08.281,0 days 02:24:17.841000,12,112.4638888888885,0 days 00:01:18.145000,11275.0,248.0,6,100.0,False,0,car,4568.907500000001,0.8508611235076686,OnTrack,4811.229735706137,3185.352190614801,7257.039881783959
2026-09-13 14:30:08.360,0 days 02:24:17.920000,12,109.30388632888838,0 days 00:01:18.224000,11309.891694933332,248.0,6,100.0,False,0,pos,4574.3391084051755,0.8518726441895997,OnTrack,4818.0,3127.0,7257.0
2026-09-13 14:30:08.521,0 days 02:24:18.081000,12,102.86388888888814,0 days 00:01:18.385000,11381.0,248.0,6,100.0,False,0,car,4585.440833333335,0.8539401025798706,OnTrack,4831.308634993143,3012.7223703764457,7256.703215169265
2026-09-13 14:30:08.620,0 days 02:24:18.180000,12,98.68388618666641,0 days 00:01:18.484000,11219.62989568,249.48500096,6,50.499968,False,0,pos,4592.348695241001,0.8552265438448322,OnTrack,4839.0,2947.0,7257.0
2026-09-13 14:30:08.721,0 days 02:24:18.281000,12,94.41944444444471,0 days 00:01:18.585000,11055.0,251.0,6,0.0,False,0,car,4599.385277777778,0.8565369565688581,OnTrack,4846.5081279965025,2883.378172410017,7257.884933389374
2026-09-13 14:30:08.740,0 days 02:24:18.300000,12,93.61721952000028,0 days 00:01:18.604000,11058.51501184,250.5249984,6,0.0,False,0,pos,4600.698812657028,0.8567815742948952,OnTrack,4848.0,2871.0,7258.0
2026-09-13 14:30:08.921,0 days 02:24:18.481000,12,85.97500000000036,0 days 00:01:18.785000,11092.0,246.0,6,0.0,True,0,car,4613.051944444445,0.8590820803987025,OnTrack,4864.1953777091285,2741.9559331117885,7257.49466062479
2026-09-13 14:30:09.021,0 days 02:24:18.581000,12,81.94722222222241,0 days 00:01:18.885000,10721.285714285714,242.42857142857142,6,0.0,True,0,pos,4619.755623739298,0.8603304970270657,OnTrack,4873.0,2676.0,7257.0
2026-09-13 14:30:09.201,0 days 02:24:18.761000,12,74.69722222222208,0 days 00:01:19.065000,10054.0,236.0,6,0.0,True,0,pos,4631.407500000001,0.8625004093148838,OnTrack,4889.0,2567.0,7257.0
2026-09-13 14:30:09.381,0 days 02:24:18.941000,12,68.64722222222161,0 days 00:01:19.245000,9530.875,218.5625,6,0.0,True,0,pos,4642.138135437792,0.8644987602389396,OnTrack,4916.0,2395.0,7258.0
2026-09-13 14:30:09.521,0 days 02:24:19.081000,12,63.9416666666657,0 days 00:01:19.385000,9124.0,205.0,6,0.0,True,0,car,4649.629722222224,0.8658939077546765,OnTrack,4932.739271302387,2294.4462941654265,7258.562362686115
2026-09-13 14:30:09.761,0 days 02:24:19.321000,12,58.20833333333212,0 days 00:01:19.625000,10104.0,164.0,6,0.0,True,0,pos,4660.563055555557,0.8679300068185519,OnTrack,4951.0,2194.0,7259.0
2026-09-13 14:30:10.002,0 days 02:24:19.562000,12,53.65611111110957,0 days 00:01:19.866000,10774.0,146.0,4,0.0,True,0,car,4670.336944444446,0.8697501841981639,OnTrack,4962.6782031758075,2128.033608821716,7259.274261781255
2026-09-13 14:30:10.162,0 days 02:24:19.722000,12,50.72277777777617,0 days 00:01:20.026000,10403.0,146.0,4,0.0,True,0,car,4676.825833333335,0.8709586007157485,OnTrack,4970.521086642703,2087.9585660470552,7259.194693101137
2026-09-13 14:30:10.241,0 days 02:24:19.801000,12,49.97666621191067,0 days 00:01:20.105000,10345.7930685807,138.57052838710402,4,0.0,True,0,pos,4679.647912830261,0.8714841525531147,OnTrack,4976.0,2063.0,7259.0
2026-09-13 14:30:10.461,0 days 02:24:20.021000,12,47.89888885099092,0 days 00:01:20.325000,10186.482755715058,117.880877365592,4,0.0,True,0,pos,4686.469381407064,0.8727545049113606,OnTrack,4995.0,1983.0,7258.0
2026-09-13 14:30:10.481,0 days 02:24:20.041000,12,47.70999999999822,0 days 00:01:20.345000,10172.0,116.0,2,0.0,True,0,car,4687.104722222224,0.8728728235246828,OnTrack,4996.568570712768,1976.7126478336413,7257.895148388798
2026-09-13 14:30:10.681,0 days 02:24:20.241000,12,46.26555555555357,0 days 00:01:20.545000,10595.333333333334,116.0,2,0.0,True,0,pos,4693.623253261723,0.8740867602576737,OnTrack,5011.0,1924.0,7257.0
2026-09-13 14:30:10.721,0 days 02:24:20.281000,12,45.97666666666464,0 days 00:01:20.585000,10680.0,116.0,2,0.0,True,0,car,4694.838055555558,0.8743129911552289,OnTrack,5014.383169454304,1913.405989714724,7256.947772945433
2026-09-13 14:30:10.901,0 days 02:24:20.461000,12,46.226666666664585,0 days 00:01:20.765000,11205.9375,103.0625,2,0.0,True,0,pos,4699.665805289459,0.8752120560985662,OnTrack,5032.0,1865.0,7257.0
2026-09-13 14:30:11.041,0 days 02:24:20.601000,12,46.421111111108985,0 days 00:01:20.905000,11615.0,93.0,1,0.0,True,0,car,4703.104722222224,0.8758524806913298,OnTrack,5047.006859517908,1831.7517982542383,7256.570009649374
2026-09-13 14:30:11.201,0 days 02:24:20.761000,12,47.39888888888657,0 days 00:01:21.065000,10815.0,90.14285714285714,1,0.0,True,0,pos,4707.049934986969,0.8765871920343561,OnTrack,5066.0,1798.0,7256.0
2026-09-13 14:30:11.321,0 days 02:24:20.881000,12,48.13222222221975,0 days 00:01:21.185000,10215.0,88.0,1,0.0,True,0,car,4709.949166666669,0.8771271118126178,OnTrack,5082.054466039869,1774.6737944383206,7255.946487550458
2026-09-13 14:30:11.421,0 days 02:24:20.981000,12,49.38222222222004,0 days 00:01:21.285000,9845.0,86.125,1,0.0,True,0,pos,4712.289834133128,0.8775630109745661,OnTrack,5097.0,1757.0,7256.0
2026-09-13 14:30:11.641,0 days 02:24:21.201000,12,52.13222222222066,0 days 00:01:21.505000,9031.0,82.0,1,0.0,False,0,car,4717.238055555557,0.8784845111885348,OnTrack,5135.317793080518,1725.3119811083948,7256.01119663889
2026-09-13 14:30:11.661,0 days 02:24:21.221000,12,52.48777777777621,0 days 00:01:21.525000,9023.5,81.77272727272727,1,0.0,False,0,pos,4717.6784233589115,0.8785665202561109,OnTrack,5139.0,1723.0,7256.0
2026-09-13 14:30:11.761,0 days 02:24:21.321000,12,54.26555555555396,0 days 00:01:21.625000,8986.0,80.63636363636364,1,0.0,False,0,pos,4719.857861369887,0.8789723938866528,OnTrack,5158.0,1713.0,7256.0
2026-09-13 14:30:11.941,0 days 02:24:21.501000,12,57.4655555555539,0 days 00:01:21.805000,8918.5,78.5909090909091,1,0.0,False,0,pos,4723.695756629992,0.8796871196439412,OnTrack,5197.0,1702.0,7257.0
2026-09-13 14:30:12.081,0 days 02:24:21.641000,12,59.95444444444274,0 days 00:01:21.945000,8866.0,77.0,1,0.0,False,0,car,4726.649166666669,0.8802371289803057,OnTrack,5225.0581105837455,1698.908191865428,7256.720205822119
2026-09-13 14:30:12.261,0 days 02:24:21.821000,12,63.55444444444254,0 days 00:01:22.125000,8911.0,75.875,1,4.5,False,0,pos,4730.419552995582,0.8809392826456793,OnTrack,5265.0,1705.0,7256.0
2026-09-13 14:30:12.401,0 days 02:24:21.961000,12,66.35444444444238,0 days 00:01:22.265000,8946.0,75.0,1,8.0,False,0,car,4733.315833333336,0.8814786527997421,OnTrack,5306.816041638191,1720.3993256052408,7256.603211748773
2026-09-13 14:30:12.481,0 days 02:24:22.041000,12,68.08777777777573,0 days 00:01:22.345000,8946.75,75.0,1,9.25,False,0,pos,4734.951725645957,0.8817833026905648,OnTrack,5329.0,1730.0,7257.0
2026-09-13 14:30:12.721,0 days 02:24:22.281000,12,73.28777777777577,0 days 00:01:22.585000,8949.0,75.0,1,13.0,False,0,car,4739.982500000003,0.8827201766191785,OnTrack,5370.820952122538,1752.4300762282203,7257.219724485305
2026-09-13 14:30:12.921,0 days 02:24:22.481000,12,76.12111111110946,0 days 00:01:22.785000,9789.714285714286,83.57142857142857,1,23.0,False,0,pos,4744.735364201461,0.8836052957366769,OnTrack,5399.0,1772.0,7257.0
2026-09-13 14:30:13.001,0 days 02:24:22.561000,12,77.25444444444292,0 days 00:01:22.865000,10126.0,87.0,1,27.0,False,0,car,4746.749166666669,0.8839803232959063,OnTrack,5413.285135825399,1781.8303269238615,7256.963841511038
2026-09-13 14:30:13.241,0 days 02:24:22.801000,12,79.38777777777523,0 days 00:01:23.105000,11117.0,96.0,1,37.0,False,0,car,4753.14916666667,0.8851721861625652,OnTrack,5464.800121683649,1816.5328094018441,7256.99139711422
2026-09-13 14:30:13.321,0 days 02:24:22.881000,12,79.60999999999748,0 days 00:01:23.185000,11294.2,99.0,1,38.4,False,0,pos,4755.461011893139,0.885602717799892,OnTrack,5483.0,1828.0,7257.0
2026-09-13 14:30:13.481,0 days 02:24:23.041000,12,80.05444444444201,0 days 00:01:23.345000,11648.6,105.0,1,41.2,False,0,pos,4760.370734694948,0.8865170484706832,OnTrack,5521.0,1850.0,7257.0
2026-09-13 14:30:13.581,0 days 02:24:23.141000,12,80.33222222221984,0 days 00:01:23.445000,11870.1,108.75,1,42.95,False,0,pos,4763.550640752664,0.8871092378378167,OnTrack,5548.0,1863.0,7257.0
2026-09-13 14:30:13.641,0 days 02:24:23.201000,12,80.49888888888654,0 days 00:01:23.505000,12003.0,111.0,1,44.0,False,0,car,4765.482500000003,0.8874690052285222,OnTrack,5564.740101262283,1869.8558677582273,7257.000095903896
2026-09-13 14:30:13.841,0 days 02:24:23.401000,12,80.33222222221957,0 days 00:01:23.705000,11970.0,119.0,2,44.0,False,0,car,4772.093611111114,0.88870018301613,OnTrack,5622.332057706985,1887.157973480134,7257.000026662855
2026-09-13 14:30:13.901,0 days 02:24:23.461000,12,80.09888888888608,0 days 00:01:23.765000,12012.0,121.4,2,50.0,False,0,pos,4774.168774419533,0.8890866377176234,OnTrack,5640.0,1891.0,7257.0
2026-09-13 14:30:14.041,0 days 02:24:23.601000,12,79.55444444444129,0 days 00:01:23.905000,12110.0,127.0,2,64.0,False,0,car,4779.14916666667,0.8900141290583667,OnTrack,5681.94790423485,1897.7416969166477,7256.999989109628
2026-09-13 14:30:14.160,0 days 02:24:23.720000,12,78.95944412444129,0 days 00:01:24.024000,12061.20997376,129.38000128,2,74.11500544,False,0,pos,4783.445250915318,0.8908141826971171,OnTrack,5734.0,1904.0,7257.0
2026-09-13 14:30:14.241,0 days 02:24:23.801000,12,78.55444444444129,0 days 00:01:24.105000,12028.0,131.0,2,81.0,False,0,car,4786.426944444448,0.8913694592279181,OnTrack,5785.15642928303,1909.8926724809035,7257.000001442586
2026-09-13 14:30:14.340,0 days 02:24:23.900000,12,77.81194396444121,0 days 00:01:24.204000,11591.1622176,133.88750186666667,2,88.83750506666667,False,0,pos,4790.157241095751,0.8920641470498415,OnTrack,5847.0,1917.0,7257.0
2026-09-13 14:30:14.481,0 days 02:24:24.041000,12,76.7544444444411,0 days 00:01:24.345000,10969.0,138.0,3,100.0,False,0,car,4795.626944444448,0.8930827620987402,OnTrack,5893.071129975608,1922.66033397847,7256.999999469877
2026-09-13 14:30:14.660,0 days 02:24:24.220000,12,75.21305500444183,0 days 00:01:24.524000,11100.2667136,143.2208352,3,100.0,False,0,pos,4802.81111711158,0.8944206603221184,OnTrack,5930.0,1928.0,7257.0
2026-09-13 14:30:14.721,0 days 02:24:24.281000,12,74.68777777777541,0 days 00:01:24.585000,11145.0,145.0,3,100.0,False,0,car,4805.293611111114,0.8948829716369227,OnTrack,5952.643208465738,1931.1396112677753,7257.000000033906
2026-09-13 14:30:14.820,0 days 02:24:24.380000,12,74.0277773511086,0 days 00:01:24.684000,11022.34992071111,145.82500053333334,3,72.7749824,False,0,pos,4809.343375251877,0.895637153433501,OnTrack,5996.0,1937.0,7257.0
2026-09-13 14:30:15.020,0 days 02:24:24.580000,12,72.69444401777496,0 days 00:01:24.884000,10774.572142933333,147.4916672,3,17.774982399999995,False,0,pos,4817.5814665601265,0.8971713214213834,OnTrack,6083.0,1948.0,7257.0
2026-09-13 14:30:15.081,0 days 02:24:24.641000,12,72.28777777777486,0 days 00:01:24.945000,10699.0,148.0,3,1.0,True,0,car,4820.093611111114,0.8976391545160712,OnTrack,6108.424102264992,1951.1652551804511,7257.0000000021055
2026-09-13 14:30:15.281,0 days 02:24:24.841000,12,70.95444444444092,0 days 00:01:25.145000,10699.0,148.0,3,0.0,True,0,car,4828.315833333337,0.8991703672267094,OnTrack,6187.611015264751,1960.694913106479,7257.000000000494
2026-09-13 14:30:15.340,0 days 02:24:24.900000,12,70.79055537777418,0 days 00:01:25.204000,10402.770512,148.0,3,0.0,True,0,pos,4830.734648503332,0.8996208197239639,OnTrack,6210.0,1963.0,7257.0
2026-09-13 14:30:15.501,0 days 02:24:25.061000,12,70.34333333332954,0 days 00:01:25.365000,9594.416666666666,148.0,3,0.0,True,0,pos,4837.351589349151,0.9008530831747468,OnTrack,6269.0,1968.0,7257.0
2026-09-13 14:30:15.521,0 days 02:24:25.081000,12,70.28777777777395,0 days 00:01:25.385000,9494.0,148.0,3,0.0,True,0,car,4838.1825000000035,0.9010078224794752,OnTrack,6276.10767805952,1968.5114765620847,7257.000000000013
2026-09-13 14:30:15.641,0 days 02:24:25.201000,12,70.18777777777404,0 days 00:01:25.505000,9494.0,148.0,3,0.0,True,0,pos,4843.178429300118,0.9019382072634221,OnTrack,6318.0,1971.0,7257.0
2026-09-13 14:30:15.681,0 days 02:24:25.241000,12,70.15444444444074,0 days 00:01:25.545000,9494.0,148.0,3,0.0,True,0,car,4844.760277777781,0.9022327926479856,OnTrack,6331.893747801668,1971.525327230511,7256.9999999999945
2026-09-13 14:30:15.821,0 days 02:24:25.381000,12,71.59333333332978,0 days 00:01:25.685000,9240.25,136.1875,3,0.0,True,0,pos,4849.767261255111,0.9031652360355802,OnTrack,6380.0,1972.0,7257.0
2026-09-13 14:30:16.001,0 days 02:24:25.561000,12,73.44333333332997,0 days 00:01:25.865000,8914.0,121.0,3,0.0,False,0,car,4855.515833333337,0.9042357844100095,OnTrack,6438.722467531708,1969.0827061825846,7257.00000000003
2026-09-13 14:30:16.522,0 days 02:24:26.082000,12,82.27138888888567,0 days 00:01:26.386000,8450.0,113.0,3,0.0,False,0,car,4871.869444444447,0.9072812940692457,OnTrack,6590.1310255449935,1926.3319884411446,7257.000000000047
2026-09-13 14:30:16.581,0 days 02:24:26.141000,12,83.30389000888556,0 days 00:01:26.445000,8436.5406104,112.6312496,3,0.7375008,False,0,pos,4873.689522817269,0.9076202446672106,OnTrack,6606.0,1916.0,7257.0
2026-09-13 14:30:16.681,0 days 02:24:26.241000,12,85.05389000888539,0 days 00:01:26.545000,8413.7281104,112.0062496,3,1.9875007999999998,False,0,pos,4876.7582910170795,0.9081917369896698,OnTrack,6632.0,1896.0,7257.0
2026-09-13 14:30:16.842,0 days 02:24:26.402000,12,87.87138888888512,0 days 00:01:26.706000,8377.0,111.0,3,4.0,False,0,car,4881.736111111114,0.9091187493220115,OnTrack,6667.370237061802,1860.9741049772529,7257.000000000727
2026-09-13 14:30:16.881,0 days 02:24:26.441000,12,88.81389043555193,0 days 00:01:26.745000,8411.125056,111.4875008,3,4.0,False,0,pos,4882.958294118381,0.9093463547192964,OnTrack,6675.0,1852.0,7257.0
2026-09-13 14:30:17.101,0 days 02:24:26.661000,12,94.13055710221938,0 days 00:01:26.965000,8603.625056,114.2375008,3,4.0,False,0,pos,4889.974294501612,0.9106529344582397,OnTrack,6713.0,1797.0,7257.0
2026-09-13 14:30:17.162,0 days 02:24:26.722000,12,95.6047222222196,0 days 00:01:27.026000,8657.0,115.0,3,4.0,False,0,car,4891.958333333336,0.9110224191784804,OnTrack,6722.3652038426335,1779.9370387446443,7257.000000013549
2026-09-13 14:30:17.301,0 days 02:24:26.861000,12,98.96388966499093,0 days 00:01:27.165000,8939.483936233075,117.49104000205534,3,15.458784009454565,False,0,pos,4896.543469750987,0.9118763025901622,OnTrack,6742.0,1739.0,7257.0
2026-09-13 14:30:17.441,0 days 02:24:27.001000,12,102.34722222221899,0 days 00:01:27.305000,9224.0,120.0,3,27.0,False,0,car,4901.258333333336,0.912754344906594,OnTrack,6759.400340227743,1697.5816217803156,7256.999999752531
2026-09-13 14:30:17.641,0 days 02:24:27.201000,12,107.29166666666349,0 days 00:01:27.505000,9536.5,124.16666666666667,3,37.0,False,0,pos,4908.178015979192,0.9140429875307595,OnTrack,6784.0,1632.0,7257.0
2026-09-13 14:30:17.681,0 days 02:24:27.241000,12,108.28055555555238,0 days 00:01:27.545000,9599.0,125.0,3,39.0,False,0,car,4909.591666666669,0.9143062496808894,OnTrack,6789.599622073747,1616.7969030119643,7257.000000324204
2026-09-13 14:30:17.721,0 days 02:24:27.281000,12,109.26944444444132,0 days 00:01:27.585000,9669.0,125.75,3,39.0,False,0,pos,4911.015835166944,0.9145714705482866,OnTrack,6795.0,1602.0,7257.0
2026-09-13 14:30:18.001,0 days 02:24:27.561000,12,116.19166666666388,0 days 00:01:27.865000,10159.0,131.0,3,39.0,False,0,pos,4921.236111111113,0.9164747779521714,OnTrack,6824.0,1512.0,7257.0
2026-09-13 14:30:18.181,0 days 02:24:27.741000,12,120.44166666666425,0 days 00:01:28.045000,11108.5,136.4,3,51.6,False,0,pos,4928.0438000538725,0.9177425641488336,OnTrack,6854.0,1405.0,7257.0
2026-09-13 14:30:18.201,0 days 02:24:27.761000,12,120.9138888888865,0 days 00:01:28.065000,11214.0,137.0,3,53.0,False,0,car,4928.847222222224,0.9178921843126945,OnTrack,6856.746507842982,1394.9931879013977,7256.999963960698
2026-09-13 14:30:18.441,0 days 02:24:28.001000,12,125.38055555555184,0 days 00:01:28.305000,11434.0,155.0,3,73.0,False,0,car,4939.180555555558,0.9198165462328208,OnTrack,6874.596524636068,1325.9186287360849,7256.999006373199
2026-09-13 14:30:18.581,0 days 02:24:28.141000,12,127.20833333332955,0 days 00:01:28.445000,11066.888888888889,155.0,3,83.5,False,0,pos,4945.154840354912,0.9209291287651946,OnTrack,6884.0,1285.0,7257.0
2026-09-13 14:30:18.801,0 days 02:24:28.361000,12,130.08055555555165,0 days 00:01:28.665000,10490.0,155.0,3,100.0,False,0,pos,4954.680555555558,0.9227030891130102,OnTrack,6906.0,1188.0,7257.0
2026-09-13 14:30:18.961,0 days 02:24:28.521000,12,130.21388888888487,0 days 00:01:28.825000,10903.333333333334,166.33333333333334,3,100.0,False,0,pos,4962.209496648529,0.9241051930683186,OnTrack,6921.0,1118.0,7257.0
2026-09-13 14:30:19.041,0 days 02:24:28.601000,12,130.28055555555147,0 days 00:01:28.905000,11110.0,172.0,4,100.0,False,0,car,4966.147222222225,0.9248385100824406,OnTrack,6928.626179548147,1079.5501376963282,7257.04506120599
2026-09-13 14:30:19.201,0 days 02:24:28.761000,12,129.5694444444407,0 days 00:01:29.065000,11719.0,184.0,4,100.0,False,0,car,4974.325000000003,0.9263614459676158,OnTrack,6944.275534095831,995.5353402062639,7257.116803116291
2026-09-13 14:30:19.261,0 days 02:24:28.821000,12,129.00277777777382,0 days 00:01:29.125000,11839.6,186.1,4,100.0,False,0,pos,4977.4730044345215,0.9269476943409878,OnTrack,6950.0,964.0,7257.0
2026-09-13 14:30:19.401,0 days 02:24:28.961000,12,127.68055555555111,0 days 00:01:29.265000,12121.0,191.0,4,100.0,False,0,car,4984.936111111114,0.9283375380468852,OnTrack,6962.93007322129,891.4099432028731,7256.371634278438
2026-09-13 14:30:19.501,0 days 02:24:29.061000,12,126.34722222221762,0 days 00:01:29.365000,11491.0,193.0,4,100.0,False,0,pos,4990.308697139071,0.9293380670757372,OnTrack,6972.0,839.0,7256.0
2026-09-13 14:30:19.601,0 days 02:24:29.161000,12,125.01388888888414,0 days 00:01:29.465000,10861.0,195.0,4,100.0,False,0,car,4995.769444444448,0.9303550142534693,OnTrack,6981.060042385216,785.2192825751281,7255.937692151635
2026-09-13 14:30:19.701,0 days 02:24:29.261000,12,123.06944444443985,0 days 00:01:29.565000,10848.1875,198.4375,4,100.0,False,0,pos,5001.375627628512,0.9313990457473401,OnTrack,6990.0,730.0,7256.0
2026-09-13 14:30:19.781,0 days 02:24:29.341000,12,121.51388888888442,0 days 00:01:29.645000,10837.9375,201.1875,4,100.0,False,0,pos,5005.963090986998,0.932253362501893,OnTrack,6997.0,685.0,7256.0
2026-09-13 14:30:19.921,0 days 02:24:29.481000,12,118.79166666666242,0 days 00:01:29.785000,10820.0,206.0,5,100.0,False,0,car,5014.080555555559,0.9337650663441877,OnTrack,7009.135846129936,608.4587494461845,7255.825928613275
2026-09-13 14:30:20.001,0 days 02:24:29.561000,12,117.03611111110658,0 days 00:01:29.865000,10938.0,208.0,5,100.0,False,0,pos,5018.750421368361,0.9346347287902125,OnTrack,7016.0,566.0,7256.0
2026-09-13 14:30:20.121,0 days 02:24:29.681000,12,114.40277777777283,0 days 00:01:29.985000,11115.0,211.0,5,100.0,False,0,car,5025.802777777782,0.93594807906003,OnTrack,7026.295685837453,503.2026216996451,7256.858995871181
2026-09-13 14:30:20.161,0 days 02:24:29.721000,12,113.40277777777283,0 days 00:01:30.025000,11132.5,211.5,5,100.0,False,0,pos,5028.167993429867,0.9363885497955552,OnTrack,7030.0,481.0,7257.0
2026-09-13 14:30:20.381,0 days 02:24:29.941000,12,107.90277777777283,0 days 00:01:30.245000,11228.75,214.25,5,100.0,False,0,pos,5041.3009376624805,0.9388342792581729,OnTrack,7053.0,346.0,7256.0
2026-09-13 14:30:20.441,0 days 02:24:30.001000,12,106.40277777777283,0 days 00:01:30.305000,11255.0,215.0,5,100.0,False,0,car,5044.913888888893,0.9395071140090807,OnTrack,7059.089058904925,310.2902818544372,7256.057862995268
2026-09-13 14:30:20.640,0 days 02:24:30.200000,12,101.1513871999953,0 days 00:01:30.504000,11620.6626176,218.31666773333333,5,100.0,False,0,pos,5056.996375212795,0.9417572181944514,OnTrack,7079.0,196.0,7257.0
2026-09-13 14:30:20.681,0 days 02:24:30.241000,12,100.0694444444398,0 days 00:01:30.545000,11696.0,219.0,5,100.0,False,0,car,5059.513888888892,0.942226051173646,OnTrack,7083.468945422343,171.8197098894849,7256.956655184283
2026-09-13 14:30:20.881,0 days 02:24:30.441000,12,94.62499999999454,0 days 00:01:30.745000,11816.0,222.0,5,100.0,False,0,car,5071.847222222226,0.9445228702396034,OnTrack,7106.638329922229,50.65307391823597,7255.964938021673
2026-09-13 14:30:20.920,0 days 02:24:30.480000,12,93.67166510221683,0 days 00:01:30.784000,11776.999936,220.88571245714286,5,99.0249984,False,0,pos,5074.20337071692,0.9449616524113471,OnTrack,7111.0,27.0,7256.0
2026-09-13 14:30:21.100,0 days 02:24:30.660000,12,89.27166510221713,0 days 00:01:30.964000,11596.999936,215.74285531428572,5,94.5249984,False,0,pos,5084.856698920719,0.9469456065195404,OnTrack,7130.0,-82.0,7257.0
2026-09-13 14:30:21.161,0 days 02:24:30.721000,12,87.78055555555056,0 days 00:01:31.025000,11536.0,214.0,5,93.0,True,0,car,5088.49166666667,0.9476225413754625,OnTrack,7136.190089641859,-119.54922206482841,7256.888246979756
2026-09-13 14:30:21.320,0 days 02:24:30.880000,12,83.98222069332849,0 days 00:01:31.184000,10982.4810272,214.0,5,0.5812127999999926,True,0,pos,5097.946014636327,0.9493832111056977,OnTrack,7151.0,-216.0,7256.0
2026-09-13 14:30:21.321,0 days 02:24:30.881000,12,83.95833333332848,0 days 00:01:31.185000,10979.0,214.0,5,0.0,True,0,car,5098.002777777781,0.949393782024525,OnTrack,7151.08071852197,-216.57513450027417,7255.999330048834
2026-09-13 14:30:21.540,0 days 02:24:31.100000,12,80.9166657777732,0 days 00:01:31.404000,10084.749738666667,188.44999253333333,5,0.0,True,0,pos,5109.389960534237,0.951514400818787,OnTrack,7165.0,-331.0,7257.0
2026-09-13 14:30:21.561,0 days 02:24:31.121000,12,80.62499999999545,0 days 00:01:31.425000,9999.0,186.0,5,0.0,True,0,car,5110.402777777781,0.9517030163286764,OnTrack,7166.007639446861,-340.58985978577175,7257.058894242543
2026-09-13 14:30:21.760,0 days 02:24:31.320000,12,79.07722172443889,0 days 00:01:31.624000,10400.98012928,164.10999296,5,0.0,True,0,pos,5119.470534721676,0.9533916917638822,OnTrack,7174.0,-431.0,7257.0
2026-09-13 14:30:21.761,0 days 02:24:31.321000,12,79.06944444443889,0 days 00:01:31.625000,10403.0,164.0,5,0.0,True,0,car,5119.513888888892,0.9533997655485726,OnTrack,7174.042037747807,-431.55795664508645,7256.9994427262545
2026-09-13 14:30:21.980,0 days 02:24:31.540000,12,79.55611125332781,0 days 00:01:31.844000,10850.385845028572,150.70356754285714,5,0.0,True,0,pos,5128.540241851659,0.95508073037946,OnTrack,7183.0,-574.0,7257.0
2026-09-13 14:30:22.041,0 days 02:24:31.601000,12,79.69166666666115,0 days 00:01:31.905000,10975.0,147.0,4,0.0,True,0,car,5130.947222222226,0.955528978898906,OnTrack,7184.213816364667,-609.5668144565512,7257.005899031256
2026-09-13 14:30:22.381,0 days 02:24:31.941000,12,82.80833333332713,0 days 00:01:32.245000,10221.333333333334,136.61111111111111,4,0.0,True,0,pos,5143.814177569298,0.9579251736309581,OnTrack,7181.0,-749.0,7257.0
2026-09-13 14:30:22.401,0 days 02:24:31.961000,12,82.99166666666042,0 days 00:01:32.265000,10177.0,136.0,3,0.0,True,0,car,5144.547222222226,0.9580616874905561,OnTrack,7180.633446600536,-754.6275639391491,7256.999607512855
2026-09-13 14:30:22.561,0 days 02:24:32.121000,12,84.90277777777283,0 days 00:01:32.425000,9526.0,130.0,3,0.0,True,0,car,5150.3250000000035,0.9591376748007341,OnTrack,7177.397957397068,-789.9690942031092,7256.998617300667
2026-09-13 14:30:22.761,0 days 02:24:32.321000,12,88.01388888888323,0 days 00:01:32.625000,9397.0,126.0,3,0.0,False,0,car,5157.3250000000035,0.9604412748111422,OnTrack,7169.624342215697,-831.1037942726833,7256.999937408309
2026-09-13 14:30:22.801,0 days 02:24:32.361000,12,88.8916668416698,0 days 00:01:32.665000,9344.78815158393,125.37694691627603,3,0.0,False,0,pos,5158.697254391857,0.9606968277882142,OnTrack,7167.0,-843.0,7257.0
2026-09-13 14:30:22.841,0 days 02:24:32.401000,12,89.76944479445636,0 days 00:01:32.705000,9292.576303167862,124.75389383255204,3,0.0,False,0,pos,5160.06048219515,0.9609506997565801,OnTrack,7164.0,-856.0,7257.0
2026-09-13 14:30:23.021,0 days 02:24:32.581000,12,93.71944558199591,0 days 00:01:32.885000,9057.622985295548,121.95015495579413,3,0.0,False,0,pos,5166.095319925556,0.9620745589748898,OnTrack,7145.0,-914.0,7257.0
2026-09-13 14:30:23.082,0 days 02:24:32.642000,12,95.05805555555071,0 days 00:01:32.946000,8978.0,121.0,3,0.0,False,0,car,5168.11416666667,0.9624505259224223,OnTrack,7136.73208802575,-932.3627173124227,7256.999929625041
2026-09-13 14:30:23.241,0 days 02:24:32.801000,12,98.67972367999488,0 days 00:01:33.105000,8978.0,118.0187488,3,0.0,False,0,pos,5173.325980717038,0.963421114615323,OnTrack,7111.0,-977.0,7257.0
2026-09-13 14:30:23.242,0 days 02:24:32.802000,12,98.70249999999487,0 days 00:01:33.106000,8978.0,118.0,3,0.0,False,0,car,5173.358611111114,0.9634271913270456,OnTrack,7110.819047118755,-977.269360382505,7257.000005195025
2026-09-13 14:30:23.581,0 days 02:24:33.141000,12,107.9308350755506,0 days 00:01:33.445000,9122.0750272,118.0,3,21.65833742222222,False,0,pos,5184.45240589986,0.9654931728987706,OnTrack,7036.0,-1058.0,7257.0
2026-09-13 14:30:23.602,0 days 02:24:33.162000,12,108.50249999999505,0 days 00:01:33.466000,9131.0,118.0,3,23.0,False,0,car,5185.158611111115,0.9656246884874479,OnTrack,7030.522963111109,-1061.926733077466,7256.999125480765
2026-09-13 14:30:23.641,0 days 02:24:33.201000,12,109.59666846221721,0 days 00:01:33.505000,9189.6219712,118.8531264,3,23.7312512,False,0,pos,5186.478715739809,0.9658705296885486,OnTrack,7020.0,-1069.0,7257.0
2026-09-13 14:30:23.841,0 days 02:24:33.401000,12,115.20777957332795,0 days 00:01:33.705000,9490.2469712,123.2281264,3,27.4812512,False,0,pos,5193.411438308588,0.9671616007189511,OnTrack,6958.0,-1104.0,7257.0
2026-09-13 14:30:23.922,0 days 02:24:33.482000,12,117.48027777777224,0 days 00:01:33.786000,9612.0,125.0,3,29.0,False,0,car,5196.269722222226,0.967693894853175,OnTrack,6932.17473291005,-1114.5879226796637,7256.791782535385
2026-09-13 14:30:24.081,0 days 02:24:33.641000,12,122.29444444444016,0 days 00:01:33.945000,9612.0,128.0,3,29.0,False,0,car,5201.923055555559,0.9687467070520569,OnTrack,6880.758127457369,-1129.2095603353087,7256.1297077130785
2026-09-13 14:30:24.141,0 days 02:24:33.701000,12,124.11111111110654,0 days 00:01:34.005000,9790.75,128.0,3,33.25,False,0,pos,5204.040270837298,0.9691409930325301,OnTrack,6860.0,-1134.0,7256.0
2026-09-13 14:30:24.301,0 days 02:24:33.861000,12,128.9555555555502,0 days 00:01:34.165000,10267.416666666666,128.0,3,44.583333333333336,False,0,pos,5209.721184518971,0.9701989414803239,OnTrack,6801.0,-1146.0,7256.0
2026-09-13 14:30:24.321,0 days 02:24:33.881000,12,129.56111111110567,0 days 00:01:34.185000,10327.0,128.0,3,46.0,False,0,car,5210.456388888892,0.9703358575409354,OnTrack,6793.456472564716,-1147.5511064402338,7256.004333162799
2026-09-13 14:30:24.481,0 days 02:24:34.041000,12,134.53888888888437,0 days 00:01:34.345000,10545.0,136.0,3,50.666666666666664,False,0,pos,5216.574826051969,0.9714752853622879,OnTrack,6734.0,-1160.0,7256.0
2026-09-13 14:30:24.561,0 days 02:24:34.121000,12,137.02777777777374,0 days 00:01:34.425000,10654.0,140.0,3,53.0,False,0,car,5219.7897222222255,0.9720739908881462,OnTrack,6707.151207184663,-1165.1896291171292,7255.998367058125
2026-09-13 14:30:24.681,0 days 02:24:34.241000,12,140.49444444444032,0 days 00:01:34.545000,10841.363636363636,144.9090909090909,3,56.27272727272727,False,0,pos,5224.804860269267,0.9730079528896207,OnTrack,6660.0,-1174.0,7256.0
2026-09-13 14:30:24.941,0 days 02:24:34.501000,12,148.0055555555512,0 days 00:01:34.805000,11247.318181818182,155.54545454545453,3,63.36363636363637,False,0,pos,5236.3542285829135,0.9751587752687458,OnTrack,6490.0,-1207.0,7256.0
2026-09-13 14:30:25.001,0 days 02:24:34.561000,12,149.7388888888845,0 days 00:01:34.865000,11341.0,158.0,3,65.0,False,0,car,5239.100833333337,0.97567027155178,OnTrack,6454.0729809103,-1213.7328409372387,7255.999895571107
2026-09-13 14:30:25.201,0 days 02:24:34.761000,12,155.1277777777741,0 days 00:01:35.065000,10987.0,168.0,3,65.0,False,0,car,5248.43416666667,0.9774084048989907,OnTrack,6357.9210892770925,-1230.5946836131461,7255.999832670862
2026-09-13 14:30:25.361,0 days 02:24:34.921000,12,159.39444444444052,0 days 00:01:35.225000,11267.0,173.0,4,100.0,False,0,car,5256.1230555555585,0.9788402957040739,OnTrack,6292.542182194498,-1241.0575351880034,7255.999949577124
2026-09-13 14:30:25.481,0 days 02:24:35.041000,12,162.22777777777395,0 days 00:01:35.345000,11543.42857142857,181.14285714285714,4,100.0,False,0,pos,5262.343022420178,0.9799986312568534,OnTrack,6237.0,-1250.0,7256.0
2026-09-13 14:30:25.641,0 days 02:24:35.201000,12,166.00555555555184,0 days 00:01:35.505000,11912.0,192.0,4,100.0,False,0,car,5271.056388888892,0.9816213090596112,OnTrack,6154.201515038608,-1263.3977447159355,7256.000016893948
2026-09-13 14:30:25.841,0 days 02:24:35.401000,12,170.50555555555138,0 days 00:01:35.705000,11478.5,196.5,4,100.0,False,0,pos,5282.074650561141,0.9836732242068432,OnTrack,6053.0,-1280.0,7256.0
2026-09-13 14:30:26.041,0 days 02:24:35.601000,12,175.00555555555093,0 days 00:01:35.905000,11045.0,201.0,5,100.0,False,0,car,5293.389722222226,0.9857804138547229,OnTrack,5975.6805707279955,-1293.148644033655,7255.99999836129
2026-09-13 14:30:26.181,0 days 02:24:35.741000,12,177.688888888885,0 days 00:01:36.045000,11045.0,208.0,5,100.0,False,0,pos,5301.584729462064,0.9873065583580298,OnTrack,5916.0,-1303.0,7256.0
2026-09-13 14:30:26.281,0 days 02:24:35.841000,12,179.6055555555522,0 days 00:01:36.145000,11045.0,213.0,5,100.0,False,0,car,5307.589722222226,0.9884248595901222,OnTrack,5863.068066237886,-1311.3984690035597,7256.00000008535
2026-09-13 14:30:26.341,0 days 02:24:35.901000,12,180.6222222222184,0 days 00:01:36.205000,11097.5,216.0,5,100.0,False,0,pos,5311.257253037825,0.9891078586200345,OnTrack,5828.0,-1317.0,7256.0
2026-09-13 14:30:26.441,0 days 02:24:36.001000,12,182.31666666666206,0 days 00:01:36.305000,11185.0,221.0,5,100.0,False,0,car,5317.411944444449,0.9902540380174252,OnTrack,5764.966694936003,-1327.2935697001426,7255.999999970156
2026-09-13 14:30:26.541,0 days 02:24:36.101000,12,184.26111111110686,0 days 00:01:36.405000,11090.0,221.0,5,100.0,False,0,pos,5323.500739784924,0.9913879456844561,OnTrack,5700.0,-1338.0,7256.0
2026-09-13 14:30:26.801,0 days 02:24:36.361000,12,189.31666666666334,0 days 00:01:36.665000,10843.0,221.0,5,100.0,False,0,pos,5339.4010599845615,0.9943490396241332,OnTrack,5535.0,-1365.0,7256.0
2026-09-13 14:30:26.841,0 days 02:24:36.401000,12,190.09444444444125,0 days 00:01:36.705000,10805.0,221.0,5,100.0,False,0,car,5341.967500000003,0.994826984085682,OnTrack,5508.053565397275,-1369.4323650790493,7255.99999999918
2026-09-13 14:30:26.896,0 days 02:24:36.456000,12,190.09444444444125,0 days 00:01:36.760000,10922.28763648,224.98750464,5,100.0,False,0,interpolation,5345.559234452405,0.9954958676670439,OnTrack,5469.998626384176,-1375.708637213672,7255.999999999132
